human_gene,macaque_gene
ENSG00000198888,ENSMFAG00000055554
ENSG00000198888,ENSMFAG00000050827
ENSG00000198763,ENSMFAG00000050431
ENSG00000198804,ENSMFAG00000060073
ENSG00000198712,ENSMFAG00000055785
ENSG00000228253,ENSMFAG00000048226
ENSG00000198899,ENSMFAG00000053176
ENSG00000198938,ENSMFAG00000060632
ENSG00000198840,ENSMFAG00000065538
ENSG00000212907,ENSMFAG00000049515
ENSG00000198886,ENSMFAG00000057489
ENSG00000198786,ENSMFAG00000053671
ENSG00000198695,ENSMFAG00000049782
ENSG00000198695,ENSMFAG00000046426
ENSG00000198695,ENSMFAG00000051125
ENSG00000198727,ENSMFAG00000062540
ENSG00000278457,ENSMFAG00000054113
ENSG00000278457,ENSMFAG00000005329
ENSG00000278625,ENSMFAG00000051610
ENSG00000278625,ENSMFAG00000055172
ENSG00000278625,ENSMFAG00000065822
ENSG00000278625,ENSMFAG00000056102
ENSG00000278294,ENSMFAG00000008274
ENSG00000274917,ENSMFAG00000059452
ENSG00000274917,ENSMFAG00000056818
ENSG00000274917,ENSMFAG00000063934
ENSG00000274917,ENSMFAG00000064774
ENSG00000274917,ENSMFAG00000057897
ENSG00000274917,ENSMFAG00000047490
ENSG00000274917,ENSMFAG00000062789
ENSG00000274917,ENSMFAG00000060438
ENSG00000274917,ENSMFAG00000060275
ENSG00000274917,ENSMFAG00000055149
ENSG00000274917,ENSMFAG00000061980
ENSG00000274917,ENSMFAG00000060588
ENSG00000274917,ENSMFAG00000057347
ENSG00000274917,ENSMFAG00000057231
ENSG00000274917,ENSMFAG00000065301
ENSG00000274917,ENSMFAG00000049788
ENSG00000273730,ENSMFAG00000059452
ENSG00000273730,ENSMFAG00000056818
ENSG00000273730,ENSMFAG00000063934
ENSG00000273730,ENSMFAG00000064774
ENSG00000273730,ENSMFAG00000057897
ENSG00000273730,ENSMFAG00000047490
ENSG00000273730,ENSMFAG00000062789
ENSG00000273730,ENSMFAG00000060438
ENSG00000273730,ENSMFAG00000060275
ENSG00000273730,ENSMFAG00000055149
ENSG00000273730,ENSMFAG00000061980
ENSG00000273730,ENSMFAG00000060588
ENSG00000273730,ENSMFAG00000057347
ENSG00000273730,ENSMFAG00000057231
ENSG00000273730,ENSMFAG00000065301
ENSG00000273730,ENSMFAG00000049788
ENSG00000277196,ENSMFAG00000036801
ENSG00000277196,ENSMFAG00000064359
ENSG00000277630,ENSMFAG00000061937
ENSG00000277630,ENSMFAG00000033345
ENSG00000277630,ENSMFAG00000063545
ENSG00000277630,ENSMFAG00000065529
ENSG00000277630,ENSMFAG00000001981
ENSG00000277630,ENSMFAG00000054294
ENSG00000278817,ENSMFAG00000042526
ENSG00000278817,ENSMFAG00000053543
ENSG00000276017,ENSMFAG00000003707
ENSG00000276017,ENSMFAG00000003497
ENSG00000278793,ENSMFAG00000049928
ENSG00000278793,ENSMFAG00000048130
ENSG00000278793,ENSMFAG00000057415
ENSG00000278793,ENSMFAG00000047809
ENSG00000278793,ENSMFAG00000059704
ENSG00000277428,ENSMFAG00000063736
ENSG00000277428,ENSMFAG00000050939
ENSG00000275987,ENSMFAG00000056017
ENSG00000275987,ENSMFAG00000054604
ENSG00000277856,ENSMFAG00000050529
ENSG00000277856,ENSMFAG00000064262
ENSG00000277856,ENSMFAG00000027149
ENSG00000274847,ENSMFAG00000045548
ENSG00000276711,ENSMFAG00000051996
ENSG00000276345,ENSMFAG00000034529
ENSG00000276700,ENSMFAG00000059452
ENSG00000276700,ENSMFAG00000056818
ENSG00000276700,ENSMFAG00000063934
ENSG00000276700,ENSMFAG00000064774
ENSG00000276700,ENSMFAG00000057897
ENSG00000276700,ENSMFAG00000047490
ENSG00000276700,ENSMFAG00000062789
ENSG00000276700,ENSMFAG00000060438
ENSG00000276700,ENSMFAG00000060275
ENSG00000276700,ENSMFAG00000055149
ENSG00000276700,ENSMFAG00000061980
ENSG00000276700,ENSMFAG00000060588
ENSG00000276700,ENSMFAG00000057347
ENSG00000276700,ENSMFAG00000057231
ENSG00000276700,ENSMFAG00000065301
ENSG00000276700,ENSMFAG00000049788
ENSG00000275757,ENSMFAG00000059452
ENSG00000275757,ENSMFAG00000056818
ENSG00000275757,ENSMFAG00000063934
ENSG00000275757,ENSMFAG00000064774
ENSG00000275757,ENSMFAG00000057897
ENSG00000275757,ENSMFAG00000047490
ENSG00000275757,ENSMFAG00000062789
ENSG00000275757,ENSMFAG00000060438
ENSG00000275757,ENSMFAG00000060275
ENSG00000275757,ENSMFAG00000055149
ENSG00000275757,ENSMFAG00000061980
ENSG00000275757,ENSMFAG00000060588
ENSG00000275757,ENSMFAG00000057347
ENSG00000275757,ENSMFAG00000057231
ENSG00000275757,ENSMFAG00000065301
ENSG00000275757,ENSMFAG00000049788
ENSG00000273554,ENSMFAG00000032070
ENSG00000277374,ENSMFAG00000018807
ENSG00000276932,ENSMFAG00000063736
ENSG00000276932,ENSMFAG00000050939
ENSG00000278633,ENSMFAG00000003707
ENSG00000278633,ENSMFAG00000003497
ENSG00000274202,ENSMFAG00000051996
ENSG00000252900,ENSMFAG00000038929
ENSG00000243980,ENSMFAG00000007510
ENSG00000169953,ENSMFAG00000052765
ENSG00000169953,ENSMFAG00000065739
ENSG00000169953,ENSMFAG00000048008
ENSG00000169953,ENSMFAG00000059356
ENSG00000252513,ENSMFAG00000054853
ENSG00000252166,ENSMFAG00000054853
ENSG00000172468,ENSMFAG00000052765
ENSG00000172468,ENSMFAG00000065739
ENSG00000172468,ENSMFAG00000048008
ENSG00000172468,ENSMFAG00000059356
ENSG00000182415,ENSMFAG00000048100
ENSG00000251996,ENSMFAG00000006617
ENSG00000251996,ENSMFAG00000065504
ENSG00000252155,ENSMFAG00000005111
ENSG00000252155,ENSMFAG00000053178
ENSG00000252155,ENSMFAG00000016308
ENSG00000205916,ENSMFAG00000061240
ENSG00000205916,ENSMFAG00000054407
ENSG00000129873,ENSMFAG00000048100
ENSG00000129824,ENSMFAG00000055171
ENSG00000154620,ENSMFAG00000048017
ENSG00000187191,ENSMFAG00000061240
ENSG00000187191,ENSMFAG00000054407
ENSG00000188120,ENSMFAG00000061240
ENSG00000188120,ENSMFAG00000054407
ENSG00000251925,ENSMFAG00000025294
ENSG00000092377,ENSMFAG00000050736
ENSG00000205944,ENSMFAG00000061240
ENSG00000205944,ENSMFAG00000054407
ENSG00000252625,ENSMFAG00000054853
ENSG00000251796,ENSMFAG00000025294
ENSG00000252948,ENSMFAG00000055333
ENSG00000280969,ENSMFAG00000048442
ENSG00000252681,ENSMFAG00000054853
ENSG00000252468,ENSMFAG00000009722
ENSG00000099715,ENSMFAG00000030468
ENSG00000251917,ENSMFAG00000055196
ENSG00000172352,ENSMFAG00000048100
ENSG00000252426,ENSMFAG00000055196
ENSG00000172288,ENSMFAG00000048100
ENSG00000242875,ENSMFAG00000057622
ENSG00000234414,ENSMFAG00000057622
ENSG00000233803,ENSMFAG00000055594
ENSG00000233803,ENSMFAG00000062404
ENSG00000233803,ENSMFAG00000059046
ENSG00000229549,ENSMFAG00000055594
ENSG00000229549,ENSMFAG00000062404
ENSG00000229549,ENSMFAG00000059046
ENSG00000228927,ENSMFAG00000055594
ENSG00000228927,ENSMFAG00000062404
ENSG00000228927,ENSMFAG00000059046
ENSG00000258992,ENSMFAG00000055594
ENSG00000258992,ENSMFAG00000062404
ENSG00000258992,ENSMFAG00000059046
ENSG00000238074,ENSMFAG00000055594
ENSG00000238074,ENSMFAG00000062404
ENSG00000238074,ENSMFAG00000059046
ENSG00000236424,ENSMFAG00000055594
ENSG00000236424,ENSMFAG00000062404
ENSG00000236424,ENSMFAG00000059046
ENSG00000168757,ENSMFAG00000055594
ENSG00000168757,ENSMFAG00000062404
ENSG00000168757,ENSMFAG00000059046
ENSG00000244395,ENSMFAG00000057622
ENSG00000242389,ENSMFAG00000057622
ENSG00000169800,ENSMFAG00000057622
ENSG00000226941,ENSMFAG00000057622
ENSG00000165246,ENSMFAG00000038021
ENSG00000067048,ENSMFAG00000060380
ENSG00000114374,ENSMFAG00000065535
ENSG00000183878,ENSMFAG00000063023
ENSG00000012817,ENSMFAG00000063076
ENSG00000067646,ENSMFAG00000052850
ENSG00000198692,ENSMFAG00000041029
ENSG00000198692,ENSMFAG00000052371
ENSG00000154646,ENSMFAG00000065300
ENSG00000154646,ENSMFAG00000044832
ENSG00000188694,ENSMFAG00000050451
ENSG00000154654,ENSMFAG00000041136
ENSG00000156284,ENSMFAG00000030251
ENSG00000159256,ENSMFAG00000042335
ENSG00000154645,ENSMFAG00000030235
ENSG00000277777,ENSMFAG00000063736
ENSG00000277777,ENSMFAG00000050939
ENSG00000277739,ENSMFAG00000059452
ENSG00000277739,ENSMFAG00000056818
ENSG00000277739,ENSMFAG00000063934
ENSG00000277739,ENSMFAG00000064774
ENSG00000277739,ENSMFAG00000057897
ENSG00000277739,ENSMFAG00000047490
ENSG00000277739,ENSMFAG00000062789
ENSG00000277739,ENSMFAG00000060438
ENSG00000277739,ENSMFAG00000060275
ENSG00000277739,ENSMFAG00000055149
ENSG00000277739,ENSMFAG00000061980
ENSG00000277739,ENSMFAG00000060588
ENSG00000277739,ENSMFAG00000057347
ENSG00000277739,ENSMFAG00000057231
ENSG00000277739,ENSMFAG00000065301
ENSG00000277739,ENSMFAG00000049788
ENSG00000274484,ENSMFAG00000063736
ENSG00000274484,ENSMFAG00000050939
ENSG00000275215,ENSMFAG00000059452
ENSG00000275215,ENSMFAG00000056818
ENSG00000275215,ENSMFAG00000063934
ENSG00000275215,ENSMFAG00000064774
ENSG00000275215,ENSMFAG00000057897
ENSG00000275215,ENSMFAG00000047490
ENSG00000275215,ENSMFAG00000062789
ENSG00000275215,ENSMFAG00000060438
ENSG00000275215,ENSMFAG00000060275
ENSG00000275215,ENSMFAG00000055149
ENSG00000275215,ENSMFAG00000061980
ENSG00000275215,ENSMFAG00000060588
ENSG00000275215,ENSMFAG00000057347
ENSG00000275215,ENSMFAG00000057231
ENSG00000275215,ENSMFAG00000065301
ENSG00000275215,ENSMFAG00000049788
ENSG00000276546,ENSMFAG00000063736
ENSG00000276546,ENSMFAG00000050939
ENSG00000278233,ENSMFAG00000059452
ENSG00000278233,ENSMFAG00000056818
ENSG00000278233,ENSMFAG00000063934
ENSG00000278233,ENSMFAG00000064774
ENSG00000278233,ENSMFAG00000057897
ENSG00000278233,ENSMFAG00000047490
ENSG00000278233,ENSMFAG00000062789
ENSG00000278233,ENSMFAG00000060438
ENSG00000278233,ENSMFAG00000060275
ENSG00000278233,ENSMFAG00000055149
ENSG00000278233,ENSMFAG00000061980
ENSG00000278233,ENSMFAG00000060588
ENSG00000278233,ENSMFAG00000057347
ENSG00000278233,ENSMFAG00000057231
ENSG00000278233,ENSMFAG00000065301
ENSG00000278233,ENSMFAG00000049788
ENSG00000252199,ENSMFAG00000021660
ENSG00000274046,ENSMFAG00000063736
ENSG00000274046,ENSMFAG00000050939
ENSG00000207476,ENSMFAG00000049928
ENSG00000207476,ENSMFAG00000048130
ENSG00000207476,ENSMFAG00000057415
ENSG00000207476,ENSMFAG00000047809
ENSG00000207476,ENSMFAG00000059704
ENSG00000264002,ENSMFAG00000018069
ENSG00000252462,ENSMFAG00000008883
ENSG00000200754,ENSMFAG00000023161
ENSG00000199962,ENSMFAG00000034864
ENSG00000251851,ENSMFAG00000035239
ENSG00000202339,ENSMFAG00000060092
ENSG00000207097,ENSMFAG00000061205
ENSG00000283300,ENSMFAG00000009587
ENSG00000200792,ENSMFAG00000049389
ENSG00000211590,ENSMFAG00000006507
ENSG00000200213,ENSMFAG00000036242
ENSG00000159228,ENSMFAG00000045053
ENSG00000159263,ENSMFAG00000002855
ENSG00000207416,ENSMFAG00000022328
ENSG00000160208,ENSMFAG00000039152
ENSG00000160216,ENSMFAG00000053688
ENSG00000199598,ENSMFAG00000034949
ENSG00000252606,ENSMFAG00000005936
ENSG00000207503,ENSMFAG00000012523
ENSG00000274391,ENSMFAG00000043402
ENSG00000223287,ENSMFAG00000056003
ENSG00000183036,ENSMFAG00000002748
ENSG00000171587,ENSMFAG00000033365
ENSG00000207147,ENSMFAG00000009255
ENSG00000183421,ENSMFAG00000044571
ENSG00000160181,ENSMFAG00000057433
ENSG00000160182,ENSMFAG00000030916
ENSG00000160185,ENSMFAG00000031488
ENSG00000252619,ENSMFAG00000012120
ENSG00000234289,ENSMFAG00000058831
ENSG00000142182,ENSMFAG00000046145
ENSG00000160226,ENSMFAG00000049270
ENSG00000266692,ENSMFAG00000005870
ENSG00000264452,ENSMFAG00000005847
ENSG00000188155,ENSMFAG00000053657
ENSG00000272804,ENSMFAG00000051280
ENSG00000221398,ENSMFAG00000021562
ENSG00000166351,ENSMFAG00000061937
ENSG00000166351,ENSMFAG00000033345
ENSG00000166351,ENSMFAG00000063545
ENSG00000166351,ENSMFAG00000065529
ENSG00000166351,ENSMFAG00000001981
ENSG00000166351,ENSMFAG00000054294
ENSG00000177398,ENSMFAG00000039195
ENSG00000182591,ENSMFAG00000060023
ENSG00000238390,ENSMFAG00000014656
ENSG00000233056,ENSMFAG00000020678
ENSG00000233056,ENSMFAG00000051929
ENSG00000188992,ENSMFAG00000002370
ENSG00000215454,ENSMFAG00000031679
ENSG00000183067,ENSMFAG00000033889
ENSG00000274790,ENSMFAG00000063736
ENSG00000274790,ENSMFAG00000050939
ENSG00000276902,ENSMFAG00000063736
ENSG00000276902,ENSMFAG00000050939
ENSG00000160294,ENSMFAG00000041104
ENSG00000204899,ENSMFAG00000044898
ENSG00000165837,ENSMFAG00000044485
ENSG00000150361,ENSMFAG00000045236
ENSG00000202239,ENSMFAG00000009315
ENSG00000284448,ENSMFAG00000009783
ENSG00000182670,ENSMFAG00000045889
ENSG00000150893,ENSMFAG00000002618
ENSG00000174015,ENSMFAG00000039854
ENSG00000152192,ENSMFAG00000064810
ENSG00000188811,ENSMFAG00000001573
ENSG00000102837,ENSMFAG00000045777
ENSG00000139734,ENSMFAG00000045809
ENSG00000197683,ENSMFAG00000062742
ENSG00000197683,ENSMFAG00000051583
ENSG00000182816,ENSMFAG00000050984
ENSG00000198390,ENSMFAG00000050984
ENSG00000201025,ENSMFAG00000019069
ENSG00000207638,ENSMFAG00000005634
ENSG00000199030,ENSMFAG00000040895
ENSG00000207863,ENSMFAG00000006263
ENSG00000239023,ENSMFAG00000013937
ENSG00000186971,ENSMFAG00000061177
ENSG00000207098,ENSMFAG00000017297
ENSG00000159140,ENSMFAG00000034427
ENSG00000118946,ENSMFAG00000044703
ENSG00000136141,ENSMFAG00000032767
ENSG00000184564,ENSMFAG00000040915
ENSG00000041515,ENSMFAG00000043164
ENSG00000180530,ENSMFAG00000026185
ENSG00000159200,ENSMFAG00000000212
ENSG00000153498,ENSMFAG00000023319
ENSG00000204442,ENSMFAG00000030954
ENSG00000185974,ENSMFAG00000039991
ENSG00000122042,ENSMFAG00000044955
ENSG00000171189,ENSMFAG00000039272
ENSG00000179813,ENSMFAG00000045377
ENSG00000276183,ENSMFAG00000061205
ENSG00000199196,ENSMFAG00000030227
ENSG00000252397,ENSMFAG00000012028
ENSG00000252795,ENSMFAG00000004675
ENSG00000212553,ENSMFAG00000011935
ENSG00000207458,ENSMFAG00000011539
ENSG00000244521,ENSMFAG00000013105
ENSG00000274357,ENSMFAG00000012907
ENSG00000241613,ENSMFAG00000021850
ENSG00000239003,ENSMFAG00000050921
ENSG00000206854,ENSMFAG00000056025
ENSG00000265745,ENSMFAG00000022005
ENSG00000212377,ENSMFAG00000063684
ENSG00000243671,ENSMFAG00000020522
ENSG00000206922,ENSMFAG00000062476
ENSG00000199282,ENSMFAG00000004623
ENSG00000251715,ENSMFAG00000035231
ENSG00000206697,ENSMFAG00000010920
ENSG00000201253,ENSMFAG00000007202
ENSG00000200267,ENSMFAG00000022382
ENSG00000207495,ENSMFAG00000008173
ENSG00000202398,ENSMFAG00000059024
ENSG00000206800,ENSMFAG00000009055
ENSG00000222486,ENSMFAG00000062579
ENSG00000200686,ENSMFAG00000013549
ENSG00000222791,ENSMFAG00000013987
ENSG00000200733,ENSMFAG00000005601
ENSG00000243366,ENSMFAG00000023371
ENSG00000252550,ENSMFAG00000025049
ENSG00000201847,ENSMFAG00000020818
ENSG00000200072,ENSMFAG00000004705
ENSG00000253094,ENSMFAG00000007572
ENSG00000207157,ENSMFAG00000014852
ENSG00000198553,ENSMFAG00000042387
ENSG00000283785,ENSMFAG00000010595
ENSG00000251972,ENSMFAG00000004968
ENSG00000206802,ENSMFAG00000053384
ENSG00000150510,ENSMFAG00000030099
ENSG00000288593,ENSMFAG00000057571
ENSG00000189167,ENSMFAG00000061082
ENSG00000212564,ENSMFAG00000014655
ENSG00000180138,ENSMFAG00000035822
ENSG00000243927,ENSMFAG00000054144
ENSG00000133111,ENSMFAG00000043454
ENSG00000240767,ENSMFAG00000023798
ENSG00000223336,ENSMFAG00000009631
ENSG00000252385,ENSMFAG00000053010
ENSG00000252385,ENSMFAG00000054568
ENSG00000252385,ENSMFAG00000051287
ENSG00000215475,ENSMFAG00000000091
ENSG00000159197,ENSMFAG00000053165
ENSG00000253051,ENSMFAG00000005726
ENSG00000199477,ENSMFAG00000005768
ENSG00000202151,ENSMFAG00000013302
ENSG00000207203,ENSMFAG00000047508
ENSG00000178235,ENSMFAG00000000028
ENSG00000244264,ENSMFAG00000014261
ENSG00000165572,ENSMFAG00000056684
ENSG00000120696,ENSMFAG00000002271
ENSG00000241406,ENSMFAG00000011013
ENSG00000206962,ENSMFAG00000063066
ENSG00000125249,ENSMFAG00000036715
ENSG00000160202,ENSMFAG00000036551
ENSG00000201821,ENSMFAG00000017903
ENSG00000199767,ENSMFAG00000004479
ENSG00000242381,ENSMFAG00000008585
ENSG00000180730,ENSMFAG00000061772
ENSG00000133105,ENSMFAG00000003580
ENSG00000073910,ENSMFAG00000040039
ENSG00000278732,ENSMFAG00000054707
ENSG00000278732,ENSMFAG00000062787
ENSG00000207325,ENSMFAG00000034838
ENSG00000253797,ENSMFAG00000033204
ENSG00000243900,ENSMFAG00000009581
ENSG00000206920,ENSMFAG00000014943
ENSG00000206920,ENSMFAG00000033826
ENSG00000242893,ENSMFAG00000012220
ENSG00000123171,ENSMFAG00000060546
ENSG00000125245,ENSMFAG00000013647
ENSG00000102524,ENSMFAG00000032565
ENSG00000132932,ENSMFAG00000037099
ENSG00000151835,ENSMFAG00000003244
ENSG00000231824,ENSMFAG00000031861
ENSG00000132874,ENSMFAG00000033369
ENSG00000102805,ENSMFAG00000044623
ENSG00000134489,ENSMFAG00000050624
ENSG00000253309,ENSMFAG00000030949
ENSG00000177511,ENSMFAG00000032690
ENSG00000139780,ENSMFAG00000056668
ENSG00000125255,ENSMFAG00000040253
ENSG00000199605,ENSMFAG00000062439
ENSG00000081138,ENSMFAG00000032853
ENSG00000201245,ENSMFAG00000011377
ENSG00000043355,ENSMFAG00000057731
ENSG00000139800,ENSMFAG00000057061
ENSG00000169840,ENSMFAG00000037158
ENSG00000166603,ENSMFAG00000023876
ENSG00000139515,ENSMFAG00000063371
ENSG00000172915,ENSMFAG00000033753
ENSG00000101542,ENSMFAG00000034335
ENSG00000141428,ENSMFAG00000040105
ENSG00000141424,ENSMFAG00000034536
ENSG00000252128,ENSMFAG00000030393
ENSG00000207518,ENSMFAG00000015754
ENSG00000102678,ENSMFAG00000036769
ENSG00000166573,ENSMFAG00000063435
ENSG00000244197,ENSMFAG00000017628
ENSG00000202347,ENSMFAG00000005113
ENSG00000153531,ENSMFAG00000034058
ENSG00000197971,ENSMFAG00000041988
ENSG00000197971,ENSMFAG00000052298
ENSG00000275014,ENSMFAG00000052803
ENSG00000275014,ENSMFAG00000053655
ENSG00000275014,ENSMFAG00000013021
ENSG00000275014,ENSMFAG00000049570
ENSG00000202478,ENSMFAG00000053010
ENSG00000202478,ENSMFAG00000054568
ENSG00000202478,ENSMFAG00000051287
ENSG00000132958,ENSMFAG00000043402
ENSG00000273964,ENSMFAG00000012027
ENSG00000202237,ENSMFAG00000015788
ENSG00000120659,ENSMFAG00000057769
ENSG00000253710,ENSMFAG00000059159
ENSG00000173988,ENSMFAG00000033245
ENSG00000280165,ENSMFAG00000001794
ENSG00000212293,ENSMFAG00000021848
ENSG00000207474,ENSMFAG00000011414
ENSG00000132972,ENSMFAG00000032388
ENSG00000102471,ENSMFAG00000003559
ENSG00000199272,ENSMFAG00000009069
ENSG00000243591,ENSMFAG00000016881
ENSG00000283532,ENSMFAG00000063224
ENSG00000199856,ENSMFAG00000020919
ENSG00000251994,ENSMFAG00000060422
ENSG00000212626,ENSMFAG00000011657
ENSG00000200883,ENSMFAG00000010700
ENSG00000207092,ENSMFAG00000050452
ENSG00000242216,ENSMFAG00000021975
ENSG00000207160,ENSMFAG00000012203
ENSG00000199204,ENSMFAG00000065211
ENSG00000212354,ENSMFAG00000004622
ENSG00000253038,ENSMFAG00000064124
ENSG00000206944,ENSMFAG00000050780
ENSG00000202240,ENSMFAG00000005197
ENSG00000206865,ENSMFAG00000047545
ENSG00000212539,ENSMFAG00000016260
ENSG00000206769,ENSMFAG00000011835
ENSG00000239398,ENSMFAG00000007694
ENSG00000202468,ENSMFAG00000007067
ENSG00000252555,ENSMFAG00000004113
ENSG00000238680,ENSMFAG00000033525
ENSG00000243549,ENSMFAG00000008402
ENSG00000239748,ENSMFAG00000007524
ENSG00000199392,ENSMFAG00000013465
ENSG00000199728,ENSMFAG00000005685
ENSG00000201723,ENSMFAG00000010141
ENSG00000201825,ENSMFAG00000033761
ENSG00000175065,ENSMFAG00000031939
ENSG00000207298,ENSMFAG00000005793
ENSG00000206617,ENSMFAG00000007901
ENSG00000186009,ENSMFAG00000036883
ENSG00000207240,ENSMFAG00000064415
ENSG00000266325,ENSMFAG00000049225
ENSG00000139737,ENSMFAG00000002894
ENSG00000202093,ENSMFAG00000007576
ENSG00000206602,ENSMFAG00000029017
ENSG00000271982,ENSMFAG00000006728
ENSG00000207154,ENSMFAG00000021870
ENSG00000176624,ENSMFAG00000056117
ENSG00000275900,ENSMFAG00000016374
ENSG00000119547,ENSMFAG00000032509
ENSG00000202159,ENSMFAG00000035046
ENSG00000284440,ENSMFAG00000021732
ENSG00000201598,ENSMFAG00000005386
ENSG00000199713,ENSMFAG00000016306
ENSG00000173482,ENSMFAG00000002650
ENSG00000133116,ENSMFAG00000035814
ENSG00000223024,ENSMFAG00000056003
ENSG00000276644,ENSMFAG00000032114
ENSG00000201155,ENSMFAG00000014260
ENSG00000083635,ENSMFAG00000033059
ENSG00000154856,ENSMFAG00000003938
ENSG00000265802,ENSMFAG00000013791
ENSG00000180332,ENSMFAG00000038976
ENSG00000151846,ENSMFAG00000051409
ENSG00000165566,ENSMFAG00000021323
ENSG00000120669,ENSMFAG00000031914
ENSG00000251886,ENSMFAG00000017269
ENSG00000252677,ENSMFAG00000014689
ENSG00000171791,ENSMFAG00000056444
ENSG00000181626,ENSMFAG00000042058
ENSG00000242715,ENSMFAG00000032877
ENSG00000200827,ENSMFAG00000008231
ENSG00000176194,ENSMFAG00000042507
ENSG00000199702,ENSMFAG00000004513
ENSG00000242707,ENSMFAG00000011222
ENSG00000207034,ENSMFAG00000016962
ENSG00000252258,ENSMFAG00000058527
ENSG00000251702,ENSMFAG00000005532
ENSG00000277794,ENSMFAG00000060683
ENSG00000134765,ENSMFAG00000035735
ENSG00000102794,ENSMFAG00000043445
ENSG00000251753,ENSMFAG00000006166
ENSG00000183098,ENSMFAG00000044647
ENSG00000134760,ENSMFAG00000033359
ENSG00000080166,ENSMFAG00000044784
ENSG00000207019,ENSMFAG00000037402
ENSG00000154611,ENSMFAG00000011562
ENSG00000252335,ENSMFAG00000015540
ENSG00000200211,ENSMFAG00000052556
ENSG00000185352,ENSMFAG00000000214
ENSG00000242614,ENSMFAG00000019629
ENSG00000131196,ENSMFAG00000021920
ENSG00000198033,ENSMFAG00000037704
ENSG00000179399,ENSMFAG00000035829
ENSG00000183463,ENSMFAG00000043442
ENSG00000205863,ENSMFAG00000002446
ENSG00000205863,ENSMFAG00000039133
ENSG00000139618,ENSMFAG00000041961
ENSG00000153487,ENSMFAG00000043968
ENSG00000275788,ENSMFAG00000057082
ENSG00000201242,ENSMFAG00000050490
ENSG00000122034,ENSMFAG00000044837
ENSG00000053747,ENSMFAG00000045256
ENSG00000283199,ENSMFAG00000041359
ENSG00000265885,ENSMFAG00000017600
ENSG00000226792,ENSMFAG00000018059
ENSG00000200526,ENSMFAG00000051511
ENSG00000207500,ENSMFAG00000052477
ENSG00000207051,ENSMFAG00000009526
ENSG00000252247,ENSMFAG00000015541
ENSG00000141404,ENSMFAG00000044213
ENSG00000141434,ENSMFAG00000045964
ENSG00000167210,ENSMFAG00000037181
ENSG00000197641,ENSMFAG00000049388
ENSG00000206073,ENSMFAG00000043466
ENSG00000206073,ENSMFAG00000044526
ENSG00000206072,ENSMFAG00000043383
ENSG00000178690,ENSMFAG00000034603
ENSG00000187773,ENSMFAG00000024091
ENSG00000243856,ENSMFAG00000060365
ENSG00000206043,ENSMFAG00000029634
ENSG00000166634,ENSMFAG00000045116
ENSG00000251937,ENSMFAG00000006753
ENSG00000141391,ENSMFAG00000042024
ENSG00000206418,ENSMFAG00000043551
ENSG00000206181,ENSMFAG00000031695
ENSG00000206181,ENSMFAG00000031677
ENSG00000141759,ENSMFAG00000045793
ENSG00000101546,ENSMFAG00000045009
ENSG00000178184,ENSMFAG00000062674
ENSG00000200752,ENSMFAG00000022704
ENSG00000238575,ENSMFAG00000005260
ENSG00000202224,ENSMFAG00000050040
ENSG00000200875,ENSMFAG00000015511
ENSG00000091157,ENSMFAG00000033483
ENSG00000177143,ENSMFAG00000055277
ENSG00000206687,ENSMFAG00000036492
ENSG00000206422,ENSMFAG00000028007
ENSG00000183206,ENSMFAG00000061937
ENSG00000183206,ENSMFAG00000033345
ENSG00000183206,ENSMFAG00000063545
ENSG00000183206,ENSMFAG00000065529
ENSG00000183206,ENSMFAG00000001981
ENSG00000183206,ENSMFAG00000054294
ENSG00000200132,ENSMFAG00000049928
ENSG00000200132,ENSMFAG00000048130
ENSG00000200132,ENSMFAG00000057415
ENSG00000200132,ENSMFAG00000047809
ENSG00000200132,ENSMFAG00000059704
ENSG00000200645,ENSMFAG00000047952
ENSG00000242651,ENSMFAG00000014301
ENSG00000168454,ENSMFAG00000044621
ENSG00000154864,ENSMFAG00000030895
ENSG00000166960,ENSMFAG00000043745
ENSG00000207233,ENSMFAG00000022900
ENSG00000174448,ENSMFAG00000046022
ENSG00000200750,ENSMFAG00000036218
ENSG00000199977,ENSMFAG00000012281
ENSG00000283927,ENSMFAG00000013543
ENSG00000284453,ENSMFAG00000006758
ENSG00000200637,ENSMFAG00000005744
ENSG00000134443,ENSMFAG00000003937
ENSG00000134438,ENSMFAG00000036531
ENSG00000166569,ENSMFAG00000039514
ENSG00000197046,ENSMFAG00000031829
ENSG00000252034,ENSMFAG00000008136
ENSG00000251939,ENSMFAG00000019155
ENSG00000141431,ENSMFAG00000032715
ENSG00000221887,ENSMFAG00000035574
ENSG00000251992,ENSMFAG00000018679
ENSG00000252139,ENSMFAG00000030036
ENSG00000201668,ENSMFAG00000060419
ENSG00000240663,ENSMFAG00000011011
ENSG00000201466,ENSMFAG00000012615
ENSG00000222018,ENSMFAG00000027330
ENSG00000243627,ENSMFAG00000063086
ENSG00000079101,ENSMFAG00000038811
ENSG00000242550,ENSMFAG00000035673
ENSG00000236396,ENSMFAG00000034282
ENSG00000179981,ENSMFAG00000037350
ENSG00000252097,ENSMFAG00000036223
ENSG00000130856,ENSMFAG00000044643
ENSG00000275631,ENSMFAG00000018807
ENSG00000283904,ENSMFAG00000005871
ENSG00000212329,ENSMFAG00000056003
ENSG00000180011,ENSMFAG00000063377
ENSG00000241223,ENSMFAG00000008733
ENSG00000207278,ENSMFAG00000063353
ENSG00000170579,ENSMFAG00000031490
ENSG00000205726,ENSMFAG00000044012
ENSG00000187323,ENSMFAG00000033415
ENSG00000171873,ENSMFAG00000003889
ENSG00000125903,ENSMFAG00000029355
ENSG00000199357,ENSMFAG00000014154
ENSG00000199366,ENSMFAG00000037417
ENSG00000178591,ENSMFAG00000055994
ENSG00000185982,ENSMFAG00000003500
ENSG00000067900,ENSMFAG00000003564
ENSG00000125788,ENSMFAG00000038448
ENSG00000132640,ENSMFAG00000043605
ENSG00000101230,ENSMFAG00000003715
ENSG00000241866,ENSMFAG00000023570
ENSG00000170369,ENSMFAG00000001311
ENSG00000170369,ENSMFAG00000032358
ENSG00000088782,ENSMFAG00000034512
ENSG00000215547,ENSMFAG00000029528
ENSG00000222087,ENSMFAG00000061205
ENSG00000201852,ENSMFAG00000006702
ENSG00000206827,ENSMFAG00000056255
ENSG00000242182,ENSMFAG00000017220
ENSG00000201816,ENSMFAG00000021970
ENSG00000101447,ENSMFAG00000001827
ENSG00000158445,ENSMFAG00000003724
ENSG00000124089,ENSMFAG00000062266
ENSG00000054803,ENSMFAG00000058053
ENSG00000141437,ENSMFAG00000020470
ENSG00000130701,ENSMFAG00000037646
ENSG00000222320,ENSMFAG00000007086
ENSG00000206863,ENSMFAG00000008279
ENSG00000273524,ENSMFAG00000004952
ENSG00000206766,ENSMFAG00000016473
ENSG00000212051,ENSMFAG00000011595
ENSG00000124225,ENSMFAG00000049340
ENSG00000101115,ENSMFAG00000027169
ENSG00000132631,ENSMFAG00000050245
ENSG00000179242,ENSMFAG00000042158
ENSG00000184402,ENSMFAG00000038339
ENSG00000196074,ENSMFAG00000000376
ENSG00000244294,ENSMFAG00000013304
ENSG00000212165,ENSMFAG00000011139
ENSG00000200494,ENSMFAG00000062373
ENSG00000240584,ENSMFAG00000016315
ENSG00000278525,ENSMFAG00000011143
ENSG00000207355,ENSMFAG00000047348
ENSG00000264879,ENSMFAG00000060800
ENSG00000283291,ENSMFAG00000008274
ENSG00000200231,ENSMFAG00000008114
ENSG00000283592,ENSMFAG00000050599
ENSG00000275305,ENSMFAG00000054113
ENSG00000275305,ENSMFAG00000005329
ENSG00000200325,ENSMFAG00000050599
ENSG00000199676,ENSMFAG00000049185
ENSG00000207053,ENSMFAG00000006333
ENSG00000206801,ENSMFAG00000006240
ENSG00000283433,ENSMFAG00000054113
ENSG00000283433,ENSMFAG00000005329
ENSG00000240474,ENSMFAG00000019564
ENSG00000275337,ENSMFAG00000008813
ENSG00000252467,ENSMFAG00000006313
ENSG00000252654,ENSMFAG00000011804
ENSG00000202186,ENSMFAG00000005800
ENSG00000207158,ENSMFAG00000054567
ENSG00000238777,ENSMFAG00000006520
ENSG00000199017,ENSMFAG00000006221
ENSG00000284508,ENSMFAG00000006970
ENSG00000201742,ENSMFAG00000006555
ENSG00000124232,ENSMFAG00000041142
ENSG00000124251,ENSMFAG00000043463
ENSG00000201984,ENSMFAG00000057922
ENSG00000212479,ENSMFAG00000011393
ENSG00000216031,ENSMFAG00000042717
ENSG00000101162,ENSMFAG00000038605
ENSG00000125975,ENSMFAG00000040638
ENSG00000160282,ENSMFAG00000039806
ENSG00000252549,ENSMFAG00000019735
ENSG00000197296,ENSMFAG00000044491
ENSG00000242509,ENSMFAG00000011644
ENSG00000241229,ENSMFAG00000009748
ENSG00000201021,ENSMFAG00000004634
ENSG00000206998,ENSMFAG00000060930
ENSG00000201372,ENSMFAG00000049177
ENSG00000099985,ENSMFAG00000044743
ENSG00000125879,ENSMFAG00000052842
ENSG00000101074,ENSMFAG00000038530
ENSG00000100365,ENSMFAG00000003343
ENSG00000207598,ENSMFAG00000036039
ENSG00000101197,ENSMFAG00000045233
ENSG00000101198,ENSMFAG00000003175
ENSG00000241945,ENSMFAG00000044448
ENSG00000222439,ENSMFAG00000058298
ENSG00000101204,ENSMFAG00000000312
ENSG00000100346,ENSMFAG00000046252
ENSG00000125863,ENSMFAG00000037991
ENSG00000260903,ENSMFAG00000002091
ENSG00000126003,ENSMFAG00000018533
ENSG00000125998,ENSMFAG00000038878
ENSG00000101405,ENSMFAG00000039947
ENSG00000160223,ENSMFAG00000040533
ENSG00000101200,ENSMFAG00000038251
ENSG00000263905,ENSMFAG00000004984
ENSG00000201294,ENSMFAG00000006391
ENSG00000201346,ENSMFAG00000016185
ENSG00000201770,ENSMFAG00000051679
ENSG00000212555,ENSMFAG00000054310
ENSG00000125850,ENSMFAG00000021726
ENSG00000159267,ENSMFAG00000031411
ENSG00000212232,ENSMFAG00000030037
ENSG00000252597,ENSMFAG00000064621
ENSG00000207282,ENSMFAG00000052268
ENSG00000266720,ENSMFAG00000014404
ENSG00000266720,ENSMFAG00000008333
ENSG00000252635,ENSMFAG00000021351
ENSG00000232838,ENSMFAG00000058214
ENSG00000159261,ENSMFAG00000029830
ENSG00000252103,ENSMFAG00000007361
ENSG00000125900,ENSMFAG00000030737
ENSG00000275222,ENSMFAG00000064419
ENSG00000275222,ENSMFAG00000061560
ENSG00000275222,ENSMFAG00000060297
ENSG00000275222,ENSMFAG00000052798
ENSG00000275222,ENSMFAG00000058727
ENSG00000275222,ENSMFAG00000055045
ENSG00000275222,ENSMFAG00000050635
ENSG00000275222,ENSMFAG00000065202
ENSG00000275222,ENSMFAG00000064759
ENSG00000275222,ENSMFAG00000064776
ENSG00000275222,ENSMFAG00000054699
ENSG00000275222,ENSMFAG00000053269
ENSG00000275222,ENSMFAG00000048123
ENSG00000275222,ENSMFAG00000050872
ENSG00000176177,ENSMFAG00000040666
ENSG00000160179,ENSMFAG00000035347
ENSG00000128342,ENSMFAG00000004963
ENSG00000100106,ENSMFAG00000028669
ENSG00000277051,ENSMFAG00000057672
ENSG00000149609,ENSMFAG00000038184
ENSG00000240639,ENSMFAG00000011215
ENSG00000212517,ENSMFAG00000021072
ENSG00000101292,ENSMFAG00000053526
ENSG00000125888,ENSMFAG00000034171
ENSG00000222612,ENSMFAG00000021595
ENSG00000198900,ENSMFAG00000042654
ENSG00000263989,ENSMFAG00000017744
ENSG00000171864,ENSMFAG00000053267
ENSG00000283527,ENSMFAG00000064289
ENSG00000188636,ENSMFAG00000029989
ENSG00000130943,ENSMFAG00000033036
ENSG00000212224,ENSMFAG00000009038
ENSG00000124107,ENSMFAG00000040605
ENSG00000101446,ENSMFAG00000042089
ENSG00000138944,ENSMFAG00000041410
ENSG00000142178,ENSMFAG00000032324
ENSG00000101448,ENSMFAG00000000643
ENSG00000276138,ENSMFAG00000061205
ENSG00000276871,ENSMFAG00000008274
ENSG00000278188,ENSMFAG00000061205
ENSG00000277248,ENSMFAG00000051996
ENSG00000200443,ENSMFAG00000038932
ENSG00000199797,ENSMFAG00000023703
ENSG00000209482,ENSMFAG00000025230
ENSG00000209480,ENSMFAG00000022250
ENSG00000263764,ENSMFAG00000013452
ENSG00000124116,ENSMFAG00000042167
ENSG00000159216,ENSMFAG00000032652
ENSG00000128276,ENSMFAG00000045276
ENSG00000128276,ENSMFAG00000039315
ENSG00000240647,ENSMFAG00000008573
ENSG00000196431,ENSMFAG00000039512
ENSG00000101470,ENSMFAG00000037927
ENSG00000160233,ENSMFAG00000028969
ENSG00000157617,ENSMFAG00000032505
ENSG00000101188,ENSMFAG00000030438
ENSG00000199024,ENSMFAG00000020468
ENSG00000186458,ENSMFAG00000064390
ENSG00000247315,ENSMFAG00000044780
ENSG00000206797,ENSMFAG00000023568
ENSG00000124098,ENSMFAG00000056763
ENSG00000133454,ENSMFAG00000002334
ENSG00000124103,ENSMFAG00000046392
ENSG00000124103,ENSMFAG00000035848
ENSG00000213714,ENSMFAG00000046392
ENSG00000213714,ENSMFAG00000035848
ENSG00000124201,ENSMFAG00000040759
ENSG00000160180,ENSMFAG00000045102
ENSG00000243646,ENSMFAG00000039570
ENSG00000209042,ENSMFAG00000018688
ENSG00000222365,ENSMFAG00000018730
ENSG00000212304,ENSMFAG00000018651
ENSG00000124217,ENSMFAG00000060225
ENSG00000101336,ENSMFAG00000035912
ENSG00000242220,ENSMFAG00000045781
ENSG00000185272,ENSMFAG00000039455
ENSG00000142185,ENSMFAG00000001773
ENSG00000184226,ENSMFAG00000042951
ENSG00000170373,ENSMFAG00000001311
ENSG00000170373,ENSMFAG00000032358
ENSG00000124257,ENSMFAG00000045854
ENSG00000168634,ENSMFAG00000001764
ENSG00000149651,ENSMFAG00000055751
ENSG00000238500,ENSMFAG00000054990
ENSG00000258713,ENSMFAG00000003999
ENSG00000198326,ENSMFAG00000034564
ENSG00000125878,ENSMFAG00000044282
ENSG00000149634,ENSMFAG00000043787
ENSG00000125508,ENSMFAG00000039048
ENSG00000124203,ENSMFAG00000040583
ENSG00000078699,ENSMFAG00000000820
ENSG00000243156,ENSMFAG00000039683
ENSG00000155304,ENSMFAG00000045279
ENSG00000198862,ENSMFAG00000043574
ENSG00000244376,ENSMFAG00000019820
ENSG00000239742,ENSMFAG00000009917
ENSG00000201501,ENSMFAG00000058534
ENSG00000125823,ENSMFAG00000057818
ENSG00000276525,ENSMFAG00000013247
ENSG00000158296,ENSMFAG00000037141
ENSG00000184787,ENSMFAG00000057431
ENSG00000100312,ENSMFAG00000034551
ENSG00000124091,ENSMFAG00000042446
ENSG00000124140,ENSMFAG00000040616
ENSG00000253007,ENSMFAG00000023230
ENSG00000075275,ENSMFAG00000034232
ENSG00000160218,ENSMFAG00000041704
ENSG00000188677,ENSMFAG00000033736
ENSG00000125363,ENSMFAG00000057015
ENSG00000125363,ENSMFAG00000035396
ENSG00000149474,ENSMFAG00000049867
ENSG00000177138,ENSMFAG00000030768
ENSG00000252928,ENSMFAG00000012832
ENSG00000276800,ENSMFAG00000054153
ENSG00000199865,ENSMFAG00000056187
ENSG00000200332,ENSMFAG00000064665
ENSG00000100138,ENSMFAG00000031096
ENSG00000183304,ENSMFAG00000003533
ENSG00000125780,ENSMFAG00000001294
ENSG00000166948,ENSMFAG00000028501
ENSG00000126010,ENSMFAG00000064412
ENSG00000207457,ENSMFAG00000054368
ENSG00000252603,ENSMFAG00000022827
ENSG00000266503,ENSMFAG00000008891
ENSG00000177324,ENSMFAG00000036840
ENSG00000236444,ENSMFAG00000045697
ENSG00000207305,ENSMFAG00000007191
ENSG00000284140,ENSMFAG00000035085
ENSG00000284464,ENSMFAG00000036238
ENSG00000274309,ENSMFAG00000030225
ENSG00000264346,ENSMFAG00000009102
ENSG00000199266,ENSMFAG00000054035
ENSG00000234409,ENSMFAG00000039335
ENSG00000281106,ENSMFAG00000019768
ENSG00000277965,ENSMFAG00000058183
ENSG00000101438,ENSMFAG00000004019
ENSG00000244296,ENSMFAG00000008734
ENSG00000149646,ENSMFAG00000044530
ENSG00000040608,ENSMFAG00000002996
ENSG00000157542,ENSMFAG00000040836
ENSG00000250878,ENSMFAG00000038241
ENSG00000149970,ENSMFAG00000037951
ENSG00000160214,ENSMFAG00000003202
ENSG00000184470,ENSMFAG00000039502
ENSG00000130699,ENSMFAG00000002330
ENSG00000215595,ENSMFAG00000031425
ENSG00000158901,ENSMFAG00000030907
ENSG00000284536,ENSMFAG00000008551
ENSG00000283815,ENSMFAG00000018397
ENSG00000284204,ENSMFAG00000007696
ENSG00000182035,ENSMFAG00000043148
ENSG00000283705,ENSMFAG00000016599
ENSG00000199788,ENSMFAG00000008571
ENSG00000275877,ENSMFAG00000008274
ENSG00000274385,ENSMFAG00000051610
ENSG00000274385,ENSMFAG00000055172
ENSG00000274385,ENSMFAG00000065822
ENSG00000274385,ENSMFAG00000056102
ENSG00000215251,ENSMFAG00000059621
ENSG00000172315,ENSMFAG00000042174
ENSG00000124237,ENSMFAG00000032352
ENSG00000124227,ENSMFAG00000003716
ENSG00000273555,ENSMFAG00000035122
ENSG00000167098,ENSMFAG00000035909
ENSG00000186191,ENSMFAG00000030797
ENSG00000131050,ENSMFAG00000032051
ENSG00000241837,ENSMFAG00000036539
ENSG00000131059,ENSMFAG00000002677
ENSG00000186190,ENSMFAG00000042929
ENSG00000102466,ENSMFAG00000045895
ENSG00000101444,ENSMFAG00000031669
ENSG00000101444,ENSMFAG00000030000
ENSG00000102554,ENSMFAG00000053753
ENSG00000201498,ENSMFAG00000009747
ENSG00000206582,ENSMFAG00000063865
ENSG00000102445,ENSMFAG00000030648
ENSG00000101003,ENSMFAG00000002736
ENSG00000157540,ENSMFAG00000035589
ENSG00000232388,ENSMFAG00000052911
ENSG00000243702,ENSMFAG00000007450
ENSG00000073150,ENSMFAG00000065187
ENSG00000088386,ENSMFAG00000006289
ENSG00000206813,ENSMFAG00000051930
ENSG00000207932,ENSMFAG00000035298
ENSG00000238498,ENSMFAG00000065227
ENSG00000100292,ENSMFAG00000042891
ENSG00000054796,ENSMFAG00000031364
ENSG00000166862,ENSMFAG00000034357
ENSG00000100191,ENSMFAG00000034150
ENSG00000100298,ENSMFAG00000031827
ENSG00000132819,ENSMFAG00000043808
ENSG00000204548,ENSMFAG00000002852
ENSG00000180424,ENSMFAG00000031230
ENSG00000180383,ENSMFAG00000030937
ENSG00000197183,ENSMFAG00000038591
ENSG00000185264,ENSMFAG00000037835
ENSG00000182957,ENSMFAG00000033090
ENSG00000124134,ENSMFAG00000053982
ENSG00000161180,ENSMFAG00000003943
ENSG00000169906,ENSMFAG00000032642
ENSG00000212102,ENSMFAG00000006533
ENSG00000182798,ENSMFAG00000064468
ENSG00000168703,ENSMFAG00000002898
ENSG00000124157,ENSMFAG00000003613
ENSG00000189132,ENSMFAG00000002398
ENSG00000215545,ENSMFAG00000018776
ENSG00000100023,ENSMFAG00000054474
ENSG00000131068,ENSMFAG00000051301
ENSG00000177689,ENSMFAG00000049899
ENSG00000212134,ENSMFAG00000005056
ENSG00000180483,ENSMFAG00000043509
ENSG00000102313,ENSMFAG00000044176
ENSG00000125813,ENSMFAG00000044435
ENSG00000102043,ENSMFAG00000031942
ENSG00000207380,ENSMFAG00000061096
ENSG00000263755,ENSMFAG00000007813
ENSG00000202380,ENSMFAG00000028511
ENSG00000175121,ENSMFAG00000043142
ENSG00000088881,ENSMFAG00000032117
ENSG00000008086,ENSMFAG00000030921
ENSG00000131044,ENSMFAG00000038358
ENSG00000160201,ENSMFAG00000032317
ENSG00000126218,ENSMFAG00000043700
ENSG00000125522,ENSMFAG00000063428
ENSG00000100027,ENSMFAG00000032433
ENSG00000132671,ENSMFAG00000017458
ENSG00000183798,ENSMFAG00000045816
ENSG00000207343,ENSMFAG00000013887
ENSG00000199805,ENSMFAG00000040247
ENSG00000255156,ENSMFAG00000005708
ENSG00000201916,ENSMFAG00000013853
ENSG00000130590,ENSMFAG00000035616
ENSG00000242876,ENSMFAG00000011134
ENSG00000200871,ENSMFAG00000063458
ENSG00000239127,ENSMFAG00000006377
ENSG00000100285,ENSMFAG00000043930
ENSG00000169508,ENSMFAG00000054379
ENSG00000101251,ENSMFAG00000040207
ENSG00000122025,ENSMFAG00000044854
ENSG00000100003,ENSMFAG00000034428
ENSG00000212247,ENSMFAG00000004619
ENSG00000172264,ENSMFAG00000044094
ENSG00000268994,ENSMFAG00000054792
ENSG00000268994,ENSMFAG00000051621
ENSG00000268994,ENSMFAG00000034324
ENSG00000102804,ENSMFAG00000003381
ENSG00000147081,ENSMFAG00000001429
ENSG00000199570,ENSMFAG00000016610
ENSG00000199803,ENSMFAG00000062149
ENSG00000201180,ENSMFAG00000058874
ENSG00000165621,ENSMFAG00000022364
ENSG00000185808,ENSMFAG00000040294
ENSG00000102221,ENSMFAG00000001112
ENSG00000185513,ENSMFAG00000032249
ENSG00000133115,ENSMFAG00000037302
ENSG00000132975,ENSMFAG00000033581
ENSG00000222915,ENSMFAG00000004727
ENSG00000189299,ENSMFAG00000047174
ENSG00000187601,ENSMFAG00000051520
ENSG00000156239,ENSMFAG00000032851
ENSG00000196468,ENSMFAG00000044477
ENSG00000100218,ENSMFAG00000044101
ENSG00000147183,ENSMFAG00000044441
ENSG00000283438,ENSMFAG00000012950
ENSG00000240160,ENSMFAG00000014694
ENSG00000156299,ENSMFAG00000002250
ENSG00000174225,ENSMFAG00000043660
ENSG00000100129,ENSMFAG00000040574
ENSG00000165288,ENSMFAG00000043437
ENSG00000170191,ENSMFAG00000036787
ENSG00000242236,ENSMFAG00000049689
ENSG00000242236,ENSMFAG00000062115
ENSG00000242236,ENSMFAG00000052801
ENSG00000053438,ENSMFAG00000065743
ENSG00000120675,ENSMFAG00000011195
ENSG00000201151,ENSMFAG00000018447
ENSG00000151778,ENSMFAG00000032491
ENSG00000201348,ENSMFAG00000062716
ENSG00000158813,ENSMFAG00000042139
ENSG00000118922,ENSMFAG00000002684
ENSG00000182621,ENSMFAG00000043247
ENSG00000165475,ENSMFAG00000034286
ENSG00000102760,ENSMFAG00000043030
ENSG00000207575,ENSMFAG00000062316
ENSG00000153779,ENSMFAG00000036400
ENSG00000100207,ENSMFAG00000003509
ENSG00000057593,ENSMFAG00000033443
ENSG00000170925,ENSMFAG00000041861
ENSG00000217442,ENSMFAG00000036358
ENSG00000186675,ENSMFAG00000022309
ENSG00000047597,ENSMFAG00000047895
ENSG00000047648,ENSMFAG00000037315
ENSG00000206140,ENSMFAG00000044383
ENSG00000184949,ENSMFAG00000000358
ENSG00000100249,ENSMFAG00000042862
ENSG00000154642,ENSMFAG00000051293
ENSG00000100034,ENSMFAG00000000642
ENSG00000136153,ENSMFAG00000008703
ENSG00000147082,ENSMFAG00000035605
ENSG00000211637,ENSMFAG00000030520
ENSG00000159079,ENSMFAG00000037088
ENSG00000211642,ENSMFAG00000026321
ENSG00000196767,ENSMFAG00000027128
ENSG00000211638,ENSMFAG00000013540
ENSG00000283594,ENSMFAG00000054792
ENSG00000283594,ENSMFAG00000051621
ENSG00000283594,ENSMFAG00000034324
ENSG00000211640,ENSMFAG00000024909
ENSG00000102055,ENSMFAG00000064193
ENSG00000183035,ENSMFAG00000044830
ENSG00000211641,ENSMFAG00000026332
ENSG00000211643,ENSMFAG00000012173
ENSG00000182463,ENSMFAG00000044946
ENSG00000211645,ENSMFAG00000054582
ENSG00000223350,ENSMFAG00000050755
ENSG00000211647,ENSMFAG00000025031
ENSG00000211647,ENSMFAG00000023368
ENSG00000211648,ENSMFAG00000065297
ENSG00000211651,ENSMFAG00000065297
ENSG00000206959,ENSMFAG00000056551
ENSG00000211652,ENSMFAG00000048218
ENSG00000211652,ENSMFAG00000064528
ENSG00000171940,ENSMFAG00000041447
ENSG00000226372,ENSMFAG00000037190
ENSG00000211653,ENSMFAG00000054582
ENSG00000186767,ENSMFAG00000017980
ENSG00000234965,ENSMFAG00000050220
ENSG00000238468,ENSMFAG00000053071
ENSG00000196090,ENSMFAG00000002480
ENSG00000102021,ENSMFAG00000042600
ENSG00000046774,ENSMFAG00000055842
ENSG00000100053,ENSMFAG00000037000
ENSG00000183434,ENSMFAG00000030891
ENSG00000073169,ENSMFAG00000000242
ENSG00000189252,ENSMFAG00000035745
ENSG00000100154,ENSMFAG00000003842
ENSG00000102239,ENSMFAG00000000136
ENSG00000125779,ENSMFAG00000044495
ENSG00000276950,ENSMFAG00000035502
ENSG00000276950,ENSMFAG00000033266
ENSG00000184675,ENSMFAG00000042356
ENSG00000141956,ENSMFAG00000042871
ENSG00000184459,ENSMFAG00000025303
ENSG00000203923,ENSMFAG00000031635
ENSG00000128165,ENSMFAG00000055878
ENSG00000171116,ENSMFAG00000002138
ENSG00000283990,ENSMFAG00000012119
ENSG00000251913,ENSMFAG00000004104
ENSG00000251913,ENSMFAG00000009626
ENSG00000200448,ENSMFAG00000011506
ENSG00000156009,ENSMFAG00000003115
ENSG00000184571,ENSMFAG00000003570
ENSG00000182195,ENSMFAG00000036681
ENSG00000243543,ENSMFAG00000001682
ENSG00000276031,ENSMFAG00000018033
ENSG00000183307,ENSMFAG00000064527
ENSG00000102195,ENSMFAG00000034411
ENSG00000252540,ENSMFAG00000004348
ENSG00000188263,ENSMFAG00000034453
ENSG00000166049,ENSMFAG00000041304
ENSG00000239547,ENSMFAG00000009840
ENSG00000128322,ENSMFAG00000052824
ENSG00000128322,ENSMFAG00000036748
ENSG00000128322,ENSMFAG00000055992
ENSG00000128322,ENSMFAG00000053004
ENSG00000101098,ENSMFAG00000052597
ENSG00000242348,ENSMFAG00000020389
ENSG00000101327,ENSMFAG00000059850
ENSG00000275004,ENSMFAG00000052433
ENSG00000169548,ENSMFAG00000061080
ENSG00000185010,ENSMFAG00000039948
ENSG00000185686,ENSMFAG00000002463
ENSG00000183631,ENSMFAG00000037202
ENSG00000235699,ENSMFAG00000032729
ENSG00000238833,ENSMFAG00000030005
ENSG00000155966,ENSMFAG00000044807
ENSG00000211660,ENSMFAG00000002634
ENSG00000211661,ENSMFAG00000062565
ENSG00000211663,ENSMFAG00000029556
ENSG00000211663,ENSMFAG00000025896
ENSG00000211663,ENSMFAG00000049020
ENSG00000211664,ENSMFAG00000002634
ENSG00000211666,ENSMFAG00000002634
ENSG00000101144,ENSMFAG00000032242
ENSG00000252859,ENSMFAG00000008152
ENSG00000241693,ENSMFAG00000008464
ENSG00000100036,ENSMFAG00000060065
ENSG00000128285,ENSMFAG00000045345
ENSG00000198547,ENSMFAG00000063893
ENSG00000198889,ENSMFAG00000056520
ENSG00000215529,ENSMFAG00000006242
ENSG00000241333,ENSMFAG00000057307
ENSG00000100201,ENSMFAG00000046051
ENSG00000142168,ENSMFAG00000041240
ENSG00000156920,ENSMFAG00000041488
ENSG00000149488,ENSMFAG00000044034
ENSG00000155961,ENSMFAG00000036188
ENSG00000221116,ENSMFAG00000015316
ENSG00000271798,ENSMFAG00000009097
ENSG00000212498,ENSMFAG00000023584
ENSG00000229686,ENSMFAG00000047383
ENSG00000226572,ENSMFAG00000064394
ENSG00000172216,ENSMFAG00000058174
ENSG00000204019,ENSMFAG00000052975
ENSG00000132965,ENSMFAG00000032586
ENSG00000156253,ENSMFAG00000034639
ENSG00000100079,ENSMFAG00000001312
ENSG00000207628,ENSMFAG00000006272
ENSG00000212214,ENSMFAG00000049589
ENSG00000207151,ENSMFAG00000009518
ENSG00000133101,ENSMFAG00000035978
ENSG00000201660,ENSMFAG00000006051
ENSG00000207332,ENSMFAG00000005111
ENSG00000207332,ENSMFAG00000053178
ENSG00000207332,ENSMFAG00000016308
ENSG00000239333,ENSMFAG00000008904
ENSG00000207025,ENSMFAG00000065027
ENSG00000206716,ENSMFAG00000058597
ENSG00000206639,ENSMFAG00000065505
ENSG00000273866,ENSMFAG00000053801
ENSG00000206733,ENSMFAG00000048478
ENSG00000207122,ENSMFAG00000061716
ENSG00000138892,ENSMFAG00000031806
ENSG00000264618,ENSMFAG00000008365
ENSG00000238730,ENSMFAG00000012164
ENSG00000212560,ENSMFAG00000059354
ENSG00000199226,ENSMFAG00000020394
ENSG00000277721,ENSMFAG00000049748
ENSG00000278838,ENSMFAG00000049034
ENSG00000200702,ENSMFAG00000054301
ENSG00000202495,ENSMFAG00000009819
ENSG00000207758,ENSMFAG00000007301
ENSG00000207768,ENSMFAG00000014597
ENSG00000207785,ENSMFAG00000013726
ENSG00000207970,ENSMFAG00000016545
ENSG00000272080,ENSMFAG00000013288
ENSG00000142149,ENSMFAG00000043007
ENSG00000244006,ENSMFAG00000013700
ENSG00000284567,ENSMFAG00000010580
ENSG00000212434,ENSMFAG00000011352
ENSG00000211991,ENSMFAG00000012122
ENSG00000273788,ENSMFAG00000049533
ENSG00000196588,ENSMFAG00000046410
ENSG00000239745,ENSMFAG00000013623
ENSG00000222440,ENSMFAG00000009722
ENSG00000212495,ENSMFAG00000005225
ENSG00000200422,ENSMFAG00000052959
ENSG00000252016,ENSMFAG00000015301
ENSG00000202410,ENSMFAG00000034934
ENSG00000199567,ENSMFAG00000035278
ENSG00000206826,ENSMFAG00000004821
ENSG00000212546,ENSMFAG00000006532
ENSG00000212623,ENSMFAG00000014410
ENSG00000222667,ENSMFAG00000037208
ENSG00000239008,ENSMFAG00000015328
ENSG00000184900,ENSMFAG00000009821
ENSG00000201443,ENSMFAG00000008651
ENSG00000222122,ENSMFAG00000033787
ENSG00000271907,ENSMFAG00000020393
ENSG00000212241,ENSMFAG00000010370
ENSG00000252441,ENSMFAG00000064352
ENSG00000207515,ENSMFAG00000038929
ENSG00000207363,ENSMFAG00000053468
ENSG00000242998,ENSMFAG00000023491
ENSG00000206752,ENSMFAG00000057329
ENSG00000207033,ENSMFAG00000036040
ENSG00000212321,ENSMFAG00000021102
ENSG00000207100,ENSMFAG00000030044
ENSG00000216060,ENSMFAG00000014556
ENSG00000132952,ENSMFAG00000032370
ENSG00000207866,ENSMFAG00000061621
ENSG00000207868,ENSMFAG00000061621
ENSG00000221081,ENSMFAG00000013149
ENSG00000239579,ENSMFAG00000013457
ENSG00000207867,ENSMFAG00000061621
ENSG00000222114,ENSMFAG00000007106
ENSG00000216064,ENSMFAG00000011478
ENSG00000202199,ENSMFAG00000013730
ENSG00000199424,ENSMFAG00000013094
ENSG00000278724,ENSMFAG00000060577
ENSG00000207871,ENSMFAG00000049981
ENSG00000207871,ENSMFAG00000056560
ENSG00000207871,ENSMFAG00000051068
ENSG00000207984,ENSMFAG00000049981
ENSG00000207984,ENSMFAG00000056560
ENSG00000207984,ENSMFAG00000051068
ENSG00000207731,ENSMFAG00000016572
ENSG00000207731,ENSMFAG00000009879
ENSG00000207969,ENSMFAG00000016572
ENSG00000207969,ENSMFAG00000009879
ENSG00000212014,ENSMFAG00000047838
ENSG00000212014,ENSMFAG00000060556
ENSG00000208000,ENSMFAG00000047838
ENSG00000208000,ENSMFAG00000060556
ENSG00000202051,ENSMFAG00000037455
ENSG00000266158,ENSMFAG00000052536
ENSG00000266158,ENSMFAG00000061270
ENSG00000221459,ENSMFAG00000021656
ENSG00000277605,ENSMFAG00000058221
ENSG00000173276,ENSMFAG00000000518
ENSG00000186810,ENSMFAG00000031295
ENSG00000215474,ENSMFAG00000063952
ENSG00000221190,ENSMFAG00000058757
ENSG00000221190,ENSMFAG00000048608
ENSG00000221603,ENSMFAG00000058757
ENSG00000221603,ENSMFAG00000048608
ENSG00000102076,ENSMFAG00000043960
ENSG00000242985,ENSMFAG00000008922
ENSG00000160188,ENSMFAG00000043304
ENSG00000136108,ENSMFAG00000036763
ENSG00000268221,ENSMFAG00000043960
ENSG00000207165,ENSMFAG00000028174
ENSG00000102178,ENSMFAG00000000884
ENSG00000264484,ENSMFAG00000008645
ENSG00000252491,ENSMFAG00000018387
ENSG00000160191,ENSMFAG00000036884
ENSG00000134757,ENSMFAG00000031707
ENSG00000184058,ENSMFAG00000045435
ENSG00000102743,ENSMFAG00000044042
ENSG00000005302,ENSMFAG00000031868
ENSG00000158270,ENSMFAG00000000357
ENSG00000123179,ENSMFAG00000042629
ENSG00000180957,ENSMFAG00000001730
ENSG00000046604,ENSMFAG00000014923
ENSG00000150459,ENSMFAG00000004917
ENSG00000088387,ENSMFAG00000042663
ENSG00000239249,ENSMFAG00000013569
ENSG00000099984,ENSMFAG00000055306
ENSG00000222698,ENSMFAG00000007565
ENSG00000212216,ENSMFAG00000049928
ENSG00000212216,ENSMFAG00000048130
ENSG00000212216,ENSMFAG00000057415
ENSG00000212216,ENSMFAG00000047809
ENSG00000212216,ENSMFAG00000059704
ENSG00000211670,ENSMFAG00000025871
ENSG00000278196,ENSMFAG00000002634
ENSG00000211672,ENSMFAG00000056661
ENSG00000254709,ENSMFAG00000063102
ENSG00000254709,ENSMFAG00000062312
ENSG00000166401,ENSMFAG00000033271
ENSG00000211675,ENSMFAG00000063102
ENSG00000211675,ENSMFAG00000062312
ENSG00000118271,ENSMFAG00000039111
ENSG00000134755,ENSMFAG00000045076
ENSG00000153495,ENSMFAG00000031161
ENSG00000134873,ENSMFAG00000018513
ENSG00000275319,ENSMFAG00000054153
ENSG00000150456,ENSMFAG00000042073
ENSG00000126231,ENSMFAG00000042310
ENSG00000159496,ENSMFAG00000042112
ENSG00000159496,ENSMFAG00000044418
ENSG00000159496,ENSMFAG00000042890
ENSG00000159496,ENSMFAG00000032005
ENSG00000128218,ENSMFAG00000037312
ENSG00000128408,ENSMFAG00000009562
ENSG00000241360,ENSMFAG00000036985
ENSG00000199783,ENSMFAG00000049151
ENSG00000128250,ENSMFAG00000045276
ENSG00000128250,ENSMFAG00000039315
ENSG00000251940,ENSMFAG00000017640
ENSG00000240186,ENSMFAG00000009708
ENSG00000198832,ENSMFAG00000038047
ENSG00000134871,ENSMFAG00000001737
ENSG00000206792,ENSMFAG00000013285
ENSG00000206795,ENSMFAG00000048820
ENSG00000199695,ENSMFAG00000006434
ENSG00000202019,ENSMFAG00000056435
ENSG00000215012,ENSMFAG00000033419
ENSG00000196664,ENSMFAG00000045577
ENSG00000204379,ENSMFAG00000052594
ENSG00000100167,ENSMFAG00000039306
ENSG00000187754,ENSMFAG00000044497
ENSG00000187754,ENSMFAG00000045384
ENSG00000187754,ENSMFAG00000055371
ENSG00000204363,ENSMFAG00000031635
ENSG00000201674,ENSMFAG00000063291
ENSG00000207220,ENSMFAG00000014230
ENSG00000212611,ENSMFAG00000014488
ENSG00000238764,ENSMFAG00000061161
ENSG00000184388,ENSMFAG00000062898
ENSG00000139832,ENSMFAG00000031176
ENSG00000139842,ENSMFAG00000043855
ENSG00000242251,ENSMFAG00000009483
ENSG00000185666,ENSMFAG00000032224
ENSG00000275520,ENSMFAG00000054792
ENSG00000275520,ENSMFAG00000051621
ENSG00000275520,ENSMFAG00000034324
ENSG00000283463,ENSMFAG00000056673
ENSG00000147117,ENSMFAG00000031278
ENSG00000130054,ENSMFAG00000044685
ENSG00000238426,ENSMFAG00000051963
ENSG00000189269,ENSMFAG00000059203
ENSG00000189269,ENSMFAG00000057352
ENSG00000189269,ENSMFAG00000054511
ENSG00000189269,ENSMFAG00000045792
ENSG00000189269,ENSMFAG00000065528
ENSG00000189269,ENSMFAG00000046589
ENSG00000189269,ENSMFAG00000047029
ENSG00000189269,ENSMFAG00000055969
ENSG00000264573,ENSMFAG00000009314
ENSG00000212207,ENSMFAG00000047487
ENSG00000242559,ENSMFAG00000063181
ENSG00000251807,ENSMFAG00000004196
ENSG00000200906,ENSMFAG00000016047
ENSG00000263410,ENSMFAG00000062366
ENSG00000130638,ENSMFAG00000030950
ENSG00000268009,ENSMFAG00000035694
ENSG00000188064,ENSMFAG00000043981
ENSG00000202469,ENSMFAG00000057698
ENSG00000207202,ENSMFAG00000015968
ENSG00000165195,ENSMFAG00000046118
ENSG00000078043,ENSMFAG00000031982
ENSG00000073146,ENSMFAG00000035651
ENSG00000102755,ENSMFAG00000035718
ENSG00000207408,ENSMFAG00000049799
ENSG00000244335,ENSMFAG00000023001
ENSG00000202024,ENSMFAG00000005375
ENSG00000206075,ENSMFAG00000045261
ENSG00000212605,ENSMFAG00000013088
ENSG00000133477,ENSMFAG00000002020
ENSG00000101746,ENSMFAG00000031845
ENSG00000212569,ENSMFAG00000011065
ENSG00000271886,ENSMFAG00000013578
ENSG00000208012,ENSMFAG00000012563
ENSG00000199885,ENSMFAG00000057598
ENSG00000050030,ENSMFAG00000001576
ENSG00000242065,ENSMFAG00000023999
ENSG00000206841,ENSMFAG00000062928
ENSG00000189037,ENSMFAG00000048626
ENSG00000239080,ENSMFAG00000047985
ENSG00000275113,ENSMFAG00000056772
ENSG00000152217,ENSMFAG00000052144
ENSG00000068985,ENSMFAG00000041660
ENSG00000165370,ENSMFAG00000030844
ENSG00000102001,ENSMFAG00000036714
ENSG00000141665,ENSMFAG00000031818
ENSG00000123191,ENSMFAG00000001355
ENSG00000172361,ENSMFAG00000038983
ENSG00000134504,ENSMFAG00000036987
ENSG00000172404,ENSMFAG00000051541
ENSG00000273979,ENSMFAG00000009420
ENSG00000200683,ENSMFAG00000063968
ENSG00000199248,ENSMFAG00000050774
ENSG00000206052,ENSMFAG00000037397
ENSG00000169575,ENSMFAG00000002578
ENSG00000206069,ENSMFAG00000042211
ENSG00000100304,ENSMFAG00000041466
ENSG00000166396,ENSMFAG00000035961
ENSG00000185133,ENSMFAG00000032773
ENSG00000198795,ENSMFAG00000044636
ENSG00000201517,ENSMFAG00000016828
ENSG00000188021,ENSMFAG00000041060
ENSG00000085224,ENSMFAG00000031719
ENSG00000166562,ENSMFAG00000037029
ENSG00000226742,ENSMFAG00000001811
ENSG00000166140,ENSMFAG00000043261
ENSG00000171885,ENSMFAG00000041146
ENSG00000185053,ENSMFAG00000035466
ENSG00000159167,ENSMFAG00000060775
ENSG00000156687,ENSMFAG00000039158
ENSG00000167306,ENSMFAG00000007943
ENSG00000188277,ENSMFAG00000018717
ENSG00000182256,ENSMFAG00000046358
ENSG00000166450,ENSMFAG00000038722
ENSG00000198445,ENSMFAG00000048391
ENSG00000101842,ENSMFAG00000028316
ENSG00000000005,ENSMFAG00000002133
ENSG00000185634,ENSMFAG00000038568
ENSG00000172967,ENSMFAG00000048309
ENSG00000092964,ENSMFAG00000005287
ENSG00000202231,ENSMFAG00000004595
ENSG00000222303,ENSMFAG00000014496
ENSG00000147256,ENSMFAG00000042270
ENSG00000215568,ENSMFAG00000041078
ENSG00000241198,ENSMFAG00000007701
ENSG00000150477,ENSMFAG00000003614
ENSG00000269405,ENSMFAG00000044902
ENSG00000269405,ENSMFAG00000064808
ENSG00000075673,ENSMFAG00000009943
ENSG00000200620,ENSMFAG00000009629
ENSG00000200566,ENSMFAG00000022817
ENSG00000234068,ENSMFAG00000038401
ENSG00000234068,ENSMFAG00000058880
ENSG00000173141,ENSMFAG00000062501
ENSG00000243011,ENSMFAG00000014787
ENSG00000102786,ENSMFAG00000002101
ENSG00000147454,ENSMFAG00000027746
ENSG00000102230,ENSMFAG00000002678
ENSG00000177669,ENSMFAG00000039870
ENSG00000221890,ENSMFAG00000000252
ENSG00000147459,ENSMFAG00000001732
ENSG00000168502,ENSMFAG00000044143
ENSG00000240439,ENSMFAG00000007689
ENSG00000182484,ENSMFAG00000000920
ENSG00000171989,ENSMFAG00000049071
ENSG00000103657,ENSMFAG00000042846
ENSG00000101577,ENSMFAG00000038540
ENSG00000158639,ENSMFAG00000038401
ENSG00000158639,ENSMFAG00000058880
ENSG00000102387,ENSMFAG00000046005
ENSG00000104660,ENSMFAG00000032781
ENSG00000120498,ENSMFAG00000037625
ENSG00000188342,ENSMFAG00000015620
ENSG00000120907,ENSMFAG00000030813
ENSG00000188779,ENSMFAG00000001347
ENSG00000167034,ENSMFAG00000047611
ENSG00000136159,ENSMFAG00000042118
ENSG00000197705,ENSMFAG00000043081
ENSG00000152520,ENSMFAG00000025538
ENSG00000129028,ENSMFAG00000035940
ENSG00000171956,ENSMFAG00000013645
ENSG00000134779,ENSMFAG00000003229
ENSG00000137880,ENSMFAG00000000386
ENSG00000266828,ENSMFAG00000065761
ENSG00000266828,ENSMFAG00000055996
ENSG00000266828,ENSMFAG00000055669
ENSG00000197892,ENSMFAG00000038520
ENSG00000085185,ENSMFAG00000032757
ENSG00000183324,ENSMFAG00000003031
ENSG00000207146,ENSMFAG00000011340
ENSG00000133124,ENSMFAG00000034206
ENSG00000167139,ENSMFAG00000035270
ENSG00000186866,ENSMFAG00000003616
ENSG00000122122,ENSMFAG00000030935
ENSG00000169018,ENSMFAG00000064469
ENSG00000133083,ENSMFAG00000030114
ENSG00000138622,ENSMFAG00000003272
ENSG00000251954,ENSMFAG00000014316
ENSG00000251707,ENSMFAG00000012021
ENSG00000269096,ENSMFAG00000035558
ENSG00000278289,ENSMFAG00000035558
ENSG00000104679,ENSMFAG00000032894
ENSG00000271449,ENSMFAG00000035558
ENSG00000278085,ENSMFAG00000035558
ENSG00000005812,ENSMFAG00000044754
ENSG00000270946,ENSMFAG00000035558
ENSG00000207633,ENSMFAG00000006045
ENSG00000203933,ENSMFAG00000042811
ENSG00000183287,ENSMFAG00000045721
ENSG00000241248,ENSMFAG00000014229
ENSG00000208013,ENSMFAG00000012600
ENSG00000206622,ENSMFAG00000005701
ENSG00000125352,ENSMFAG00000018472
ENSG00000132446,ENSMFAG00000017212
ENSG00000252903,ENSMFAG00000005323
ENSG00000265170,ENSMFAG00000064419
ENSG00000265170,ENSMFAG00000061560
ENSG00000265170,ENSMFAG00000060297
ENSG00000265170,ENSMFAG00000052798
ENSG00000265170,ENSMFAG00000058727
ENSG00000265170,ENSMFAG00000055045
ENSG00000265170,ENSMFAG00000050635
ENSG00000265170,ENSMFAG00000065202
ENSG00000265170,ENSMFAG00000064759
ENSG00000265170,ENSMFAG00000064776
ENSG00000265170,ENSMFAG00000054699
ENSG00000265170,ENSMFAG00000053269
ENSG00000265170,ENSMFAG00000048123
ENSG00000265170,ENSMFAG00000050872
ENSG00000152193,ENSMFAG00000034310
ENSG00000189369,ENSMFAG00000036045
ENSG00000166342,ENSMFAG00000032084
ENSG00000188266,ENSMFAG00000041819
ENSG00000252377,ENSMFAG00000013703
ENSG00000252145,ENSMFAG00000014625
ENSG00000136110,ENSMFAG00000043190
ENSG00000206646,ENSMFAG00000047773
ENSG00000206747,ENSMFAG00000058274
ENSG00000283697,ENSMFAG00000056673
ENSG00000160213,ENSMFAG00000061351
ENSG00000176774,ENSMFAG00000057172
ENSG00000091656,ENSMFAG00000034757
ENSG00000160221,ENSMFAG00000046334
ENSG00000166173,ENSMFAG00000035507
ENSG00000206936,ENSMFAG00000017588
ENSG00000101654,ENSMFAG00000042388
ENSG00000069667,ENSMFAG00000043163
ENSG00000164749,ENSMFAG00000033031
ENSG00000268738,ENSMFAG00000002138
ENSG00000224107,ENSMFAG00000048705
ENSG00000169551,ENSMFAG00000031424
ENSG00000102780,ENSMFAG00000038026
ENSG00000238210,ENSMFAG00000048705
ENSG00000185658,ENSMFAG00000039942
ENSG00000156103,ENSMFAG00000040046
ENSG00000252294,ENSMFAG00000054795
ENSG00000101890,ENSMFAG00000045516
ENSG00000252069,ENSMFAG00000005161
ENSG00000205667,ENSMFAG00000033934
ENSG00000147613,ENSMFAG00000045416
ENSG00000239228,ENSMFAG00000007510
ENSG00000202304,ENSMFAG00000035093
ENSG00000102078,ENSMFAG00000032347
ENSG00000176225,ENSMFAG00000043259
ENSG00000176566,ENSMFAG00000025336
ENSG00000140443,ENSMFAG00000002967
ENSG00000164893,ENSMFAG00000038420
ENSG00000185015,ENSMFAG00000058414
ENSG00000126217,ENSMFAG00000031140
ENSG00000184672,ENSMFAG00000001707
ENSG00000103995,ENSMFAG00000040377
ENSG00000164794,ENSMFAG00000037130
ENSG00000147262,ENSMFAG00000016138
ENSG00000147432,ENSMFAG00000033169
ENSG00000102174,ENSMFAG00000045722
ENSG00000180543,ENSMFAG00000030843
ENSG00000211829,ENSMFAG00000060322
ENSG00000156486,ENSMFAG00000030529
ENSG00000160209,ENSMFAG00000042485
ENSG00000256590,ENSMFAG00000009822
ENSG00000019549,ENSMFAG00000065685
ENSG00000184302,ENSMFAG00000038361
ENSG00000100625,ENSMFAG00000041852
ENSG00000102287,ENSMFAG00000063734
ENSG00000200790,ENSMFAG00000049928
ENSG00000200790,ENSMFAG00000048130
ENSG00000200790,ENSMFAG00000057415
ENSG00000200790,ENSMFAG00000047809
ENSG00000200790,ENSMFAG00000059704
ENSG00000212424,ENSMFAG00000062074
ENSG00000212424,ENSMFAG00000047243
ENSG00000238819,ENSMFAG00000006398
ENSG00000200605,ENSMFAG00000058486
ENSG00000265942,ENSMFAG00000013557
ENSG00000200120,ENSMFAG00000063723
ENSG00000243338,ENSMFAG00000009488
ENSG00000151838,ENSMFAG00000043449
ENSG00000241175,ENSMFAG00000018784
ENSG00000239703,ENSMFAG00000009939
ENSG00000200318,ENSMFAG00000049198
ENSG00000200318,ENSMFAG00000020749
ENSG00000200070,ENSMFAG00000062705
ENSG00000199512,ENSMFAG00000007845
ENSG00000206625,ENSMFAG00000053420
ENSG00000200216,ENSMFAG00000009014
ENSG00000278604,ENSMFAG00000048357
ENSG00000278604,ENSMFAG00000059562
ENSG00000278604,ENSMFAG00000058437
ENSG00000278604,ENSMFAG00000063706
ENSG00000278604,ENSMFAG00000061341
ENSG00000278604,ENSMFAG00000063169
ENSG00000278604,ENSMFAG00000049465
ENSG00000278604,ENSMFAG00000052671
ENSG00000278604,ENSMFAG00000055294
ENSG00000278604,ENSMFAG00000049804
ENSG00000278604,ENSMFAG00000051539
ENSG00000278604,ENSMFAG00000049826
ENSG00000278604,ENSMFAG00000051960
ENSG00000278604,ENSMFAG00000057986
ENSG00000278604,ENSMFAG00000004477
ENSG00000278604,ENSMFAG00000048560
ENSG00000278604,ENSMFAG00000047903
ENSG00000278604,ENSMFAG00000064277
ENSG00000278604,ENSMFAG00000048920
ENSG00000278604,ENSMFAG00000048963
ENSG00000278604,ENSMFAG00000057676
ENSG00000278604,ENSMFAG00000053325
ENSG00000278604,ENSMFAG00000055680
ENSG00000278604,ENSMFAG00000059705
ENSG00000278604,ENSMFAG00000053480
ENSG00000278604,ENSMFAG00000051739
ENSG00000278604,ENSMFAG00000054491
ENSG00000278604,ENSMFAG00000059264
ENSG00000278604,ENSMFAG00000056270
ENSG00000278604,ENSMFAG00000052332
ENSG00000278604,ENSMFAG00000060729
ENSG00000278604,ENSMFAG00000050781
ENSG00000278604,ENSMFAG00000063376
ENSG00000278604,ENSMFAG00000049403
ENSG00000278604,ENSMFAG00000061279
ENSG00000278604,ENSMFAG00000052458
ENSG00000278604,ENSMFAG00000057191
ENSG00000278604,ENSMFAG00000048614
ENSG00000278604,ENSMFAG00000054573
ENSG00000278604,ENSMFAG00000048997
ENSG00000278604,ENSMFAG00000060902
ENSG00000278604,ENSMFAG00000064347
ENSG00000278604,ENSMFAG00000063300
ENSG00000278604,ENSMFAG00000064387
ENSG00000278604,ENSMFAG00000063037
ENSG00000278604,ENSMFAG00000062525
ENSG00000278604,ENSMFAG00000053243
ENSG00000278604,ENSMFAG00000051213
ENSG00000278604,ENSMFAG00000064247
ENSG00000278604,ENSMFAG00000061570
ENSG00000278604,ENSMFAG00000054551
ENSG00000278604,ENSMFAG00000065118
ENSG00000278604,ENSMFAG00000062971
ENSG00000278604,ENSMFAG00000057931
ENSG00000278604,ENSMFAG00000065311
ENSG00000278604,ENSMFAG00000058544
ENSG00000278604,ENSMFAG00000059320
ENSG00000278604,ENSMFAG00000058376
ENSG00000278604,ENSMFAG00000054817
ENSG00000278604,ENSMFAG00000047648
ENSG00000278604,ENSMFAG00000054247
ENSG00000278604,ENSMFAG00000053282
ENSG00000278604,ENSMFAG00000060250
ENSG00000278604,ENSMFAG00000065506
ENSG00000278604,ENSMFAG00000005057
ENSG00000278604,ENSMFAG00000052747
ENSG00000278604,ENSMFAG00000049880
ENSG00000278604,ENSMFAG00000056776
ENSG00000278604,ENSMFAG00000048040
ENSG00000278604,ENSMFAG00000049395
ENSG00000278604,ENSMFAG00000051569
ENSG00000278604,ENSMFAG00000050275
ENSG00000278604,ENSMFAG00000060922
ENSG00000278604,ENSMFAG00000065274
ENSG00000278604,ENSMFAG00000054893
ENSG00000278604,ENSMFAG00000047332
ENSG00000278604,ENSMFAG00000052927
ENSG00000278604,ENSMFAG00000060727
ENSG00000278604,ENSMFAG00000065759
ENSG00000222139,ENSMFAG00000037435
ENSG00000212374,ENSMFAG00000024420
ENSG00000207150,ENSMFAG00000015327
ENSG00000222076,ENSMFAG00000021640
ENSG00000200991,ENSMFAG00000004792
ENSG00000207245,ENSMFAG00000011843
ENSG00000104490,ENSMFAG00000036726
ENSG00000201831,ENSMFAG00000063554
ENSG00000199970,ENSMFAG00000049143
ENSG00000199970,ENSMFAG00000058016
ENSG00000200680,ENSMFAG00000057248
ENSG00000200812,ENSMFAG00000052972
ENSG00000278089,ENSMFAG00000061991
ENSG00000199782,ENSMFAG00000057375
ENSG00000201943,ENSMFAG00000064326
ENSG00000201943,ENSMFAG00000061430
ENSG00000201943,ENSMFAG00000064539
ENSG00000201943,ENSMFAG00000062937
ENSG00000201943,ENSMFAG00000062231
ENSG00000201943,ENSMFAG00000051988
ENSG00000201943,ENSMFAG00000058809
ENSG00000201943,ENSMFAG00000050641
ENSG00000200486,ENSMFAG00000062011
ENSG00000200486,ENSMFAG00000053191
ENSG00000199453,ENSMFAG00000053238
ENSG00000100731,ENSMFAG00000033279
ENSG00000273835,ENSMFAG00000054816
ENSG00000201679,ENSMFAG00000049643
ENSG00000201679,ENSMFAG00000061448
ENSG00000201679,ENSMFAG00000062895
ENSG00000201679,ENSMFAG00000062557
ENSG00000200163,ENSMFAG00000009969
ENSG00000199968,ENSMFAG00000054139
ENSG00000284363,ENSMFAG00000006778
ENSG00000283751,ENSMFAG00000007737
ENSG00000201326,ENSMFAG00000054657
ENSG00000147234,ENSMFAG00000059875
ENSG00000201331,ENSMFAG00000009886
ENSG00000200398,ENSMFAG00000050958
ENSG00000199489,ENSMFAG00000063035
ENSG00000201300,ENSMFAG00000009928
ENSG00000200801,ENSMFAG00000047201
ENSG00000199704,ENSMFAG00000065044
ENSG00000200987,ENSMFAG00000062590
ENSG00000202188,ENSMFAG00000053161
ENSG00000199311,ENSMFAG00000054452
ENSG00000202499,ENSMFAG00000055046
ENSG00000202373,ENSMFAG00000048903
ENSG00000212380,ENSMFAG00000010046
ENSG00000276844,ENSMFAG00000010015
ENSG00000201634,ENSMFAG00000010082
ENSG00000176890,ENSMFAG00000039357
ENSG00000239169,ENSMFAG00000061858
ENSG00000207484,ENSMFAG00000055054
ENSG00000272337,ENSMFAG00000034792
ENSG00000242866,ENSMFAG00000045628
ENSG00000126950,ENSMFAG00000044929
ENSG00000171478,ENSMFAG00000039745
ENSG00000130052,ENSMFAG00000046242
ENSG00000155087,ENSMFAG00000033541
ENSG00000166347,ENSMFAG00000030228
ENSG00000198798,ENSMFAG00000065034
ENSG00000215113,ENSMFAG00000031405
ENSG00000166160,ENSMFAG00000043960
ENSG00000183778,ENSMFAG00000000800
ENSG00000179600,ENSMFAG00000049495
ENSG00000225396,ENSMFAG00000054792
ENSG00000225396,ENSMFAG00000051621
ENSG00000225396,ENSMFAG00000034324
ENSG00000182674,ENSMFAG00000039161
ENSG00000123165,ENSMFAG00000014519
ENSG00000215115,ENSMFAG00000031405
ENSG00000140015,ENSMFAG00000037862
ENSG00000205038,ENSMFAG00000035938
ENSG00000168234,ENSMFAG00000023934
ENSG00000126016,ENSMFAG00000032269
ENSG00000222398,ENSMFAG00000040476
ENSG00000155313,ENSMFAG00000039436
ENSG00000165480,ENSMFAG00000034383
ENSG00000201136,ENSMFAG00000008823
ENSG00000206589,ENSMFAG00000047247
ENSG00000128886,ENSMFAG00000043418
ENSG00000204279,ENSMFAG00000032335
ENSG00000165389,ENSMFAG00000048755
ENSG00000269791,ENSMFAG00000035694
ENSG00000151812,ENSMFAG00000001572
ENSG00000101574,ENSMFAG00000046183
ENSG00000221792,ENSMFAG00000010690
ENSG00000238311,ENSMFAG00000050640
ENSG00000083642,ENSMFAG00000037386
ENSG00000283249,ENSMFAG00000007167
ENSG00000201084,ENSMFAG00000010674
ENSG00000206127,ENSMFAG00000031279
ENSG00000206127,ENSMFAG00000045338
ENSG00000206127,ENSMFAG00000053567
ENSG00000206127,ENSMFAG00000031744
ENSG00000167656,ENSMFAG00000049230
ENSG00000167656,ENSMFAG00000052369
ENSG00000124343,ENSMFAG00000030168
ENSG00000176435,ENSMFAG00000057409
ENSG00000042832,ENSMFAG00000033080
ENSG00000154839,ENSMFAG00000000025
ENSG00000182732,ENSMFAG00000033074
ENSG00000242066,ENSMFAG00000048859
ENSG00000125820,ENSMFAG00000044462
ENSG00000278422,ENSMFAG00000053615
ENSG00000278785,ENSMFAG00000053615
ENSG00000233917,ENSMFAG00000061937
ENSG00000233917,ENSMFAG00000033345
ENSG00000233917,ENSMFAG00000063545
ENSG00000233917,ENSMFAG00000065529
ENSG00000233917,ENSMFAG00000001981
ENSG00000233917,ENSMFAG00000054294
ENSG00000166845,ENSMFAG00000038588
ENSG00000123569,ENSMFAG00000059421
ENSG00000123569,ENSMFAG00000008477
ENSG00000123569,ENSMFAG00000059068
ENSG00000102290,ENSMFAG00000030468
ENSG00000120158,ENSMFAG00000037906
ENSG00000173548,ENSMFAG00000002189
ENSG00000166762,ENSMFAG00000055204
ENSG00000166762,ENSMFAG00000037924
ENSG00000166762,ENSMFAG00000044589
ENSG00000199490,ENSMFAG00000011258
ENSG00000124216,ENSMFAG00000048456
ENSG00000183837,ENSMFAG00000043249
ENSG00000101981,ENSMFAG00000045107
ENSG00000183354,ENSMFAG00000041756
ENSG00000152240,ENSMFAG00000043557
ENSG00000238485,ENSMFAG00000063694
ENSG00000252719,ENSMFAG00000004778
ENSG00000206849,ENSMFAG00000008756
ENSG00000221705,ENSMFAG00000048115
ENSG00000221705,ENSMFAG00000056731
ENSG00000221475,ENSMFAG00000048115
ENSG00000221475,ENSMFAG00000056731
ENSG00000182405,ENSMFAG00000012556
ENSG00000206765,ENSMFAG00000014327
ENSG00000207091,ENSMFAG00000035088
ENSG00000153714,ENSMFAG00000040734
ENSG00000239151,ENSMFAG00000047643
ENSG00000176988,ENSMFAG00000036881
ENSG00000284329,ENSMFAG00000021571
ENSG00000124260,ENSMFAG00000057463
ENSG00000104499,ENSMFAG00000055937
ENSG00000104499,ENSMFAG00000001480
ENSG00000196092,ENSMFAG00000044193
ENSG00000125810,ENSMFAG00000043644
ENSG00000140199,ENSMFAG00000014792
ENSG00000171402,ENSMFAG00000047961
ENSG00000197353,ENSMFAG00000056724
ENSG00000165694,ENSMFAG00000036359
ENSG00000126233,ENSMFAG00000042555
ENSG00000126233,ENSMFAG00000059192
ENSG00000120685,ENSMFAG00000003151
ENSG00000101825,ENSMFAG00000031111
ENSG00000227488,ENSMFAG00000056772
ENSG00000216649,ENSMFAG00000056772
ENSG00000164796,ENSMFAG00000032839
ENSG00000215269,ENSMFAG00000056772
ENSG00000101773,ENSMFAG00000032138
ENSG00000224902,ENSMFAG00000056772
ENSG00000205777,ENSMFAG00000056772
ENSG00000215274,ENSMFAG00000056772
ENSG00000224659,ENSMFAG00000056772
ENSG00000132964,ENSMFAG00000003010
ENSG00000160194,ENSMFAG00000044552
ENSG00000268089,ENSMFAG00000041143
ENSG00000198883,ENSMFAG00000050915
ENSG00000180509,ENSMFAG00000060638
ENSG00000201407,ENSMFAG00000006461
ENSG00000188158,ENSMFAG00000033586
ENSG00000216001,ENSMFAG00000013821
ENSG00000199132,ENSMFAG00000009389
ENSG00000207755,ENSMFAG00000007496
ENSG00000207784,ENSMFAG00000013777
ENSG00000284231,ENSMFAG00000004133
ENSG00000199920,ENSMFAG00000007161
ENSG00000157538,ENSMFAG00000041827
ENSG00000184083,ENSMFAG00000036765
ENSG00000269556,ENSMFAG00000040133
ENSG00000126733,ENSMFAG00000004743
ENSG00000205476,ENSMFAG00000031571
ENSG00000172164,ENSMFAG00000031454
ENSG00000123594,ENSMFAG00000038080
ENSG00000123594,ENSMFAG00000051120
ENSG00000141401,ENSMFAG00000030616
ENSG00000102606,ENSMFAG00000003018
ENSG00000185515,ENSMFAG00000031106
ENSG00000142197,ENSMFAG00000002007
ENSG00000170961,ENSMFAG00000051883
ENSG00000242079,ENSMFAG00000018548
ENSG00000206661,ENSMFAG00000014725
ENSG00000264092,ENSMFAG00000057167
ENSG00000264092,ENSMFAG00000056995
ENSG00000207027,ENSMFAG00000007887
ENSG00000252264,ENSMFAG00000012212
ENSG00000206950,ENSMFAG00000005921
ENSG00000199127,ENSMFAG00000050381
ENSG00000211956,ENSMFAG00000055588
ENSG00000211956,ENSMFAG00000060737
ENSG00000211956,ENSMFAG00000061194
ENSG00000211956,ENSMFAG00000058729
ENSG00000211956,ENSMFAG00000049601
ENSG00000240189,ENSMFAG00000014343
ENSG00000239175,ENSMFAG00000006188
ENSG00000252505,ENSMFAG00000028809
ENSG00000263794,ENSMFAG00000008372
ENSG00000252735,ENSMFAG00000049862
ENSG00000238936,ENSMFAG00000007814
ENSG00000252710,ENSMFAG00000050056
ENSG00000239039,ENSMFAG00000015350
ENSG00000185448,ENSMFAG00000053366
ENSG00000252627,ENSMFAG00000019016
ENSG00000206852,ENSMFAG00000053620
ENSG00000252693,ENSMFAG00000004876
ENSG00000202265,ENSMFAG00000060061
ENSG00000282419,ENSMFAG00000053656
ENSG00000239580,ENSMFAG00000009453
ENSG00000211947,ENSMFAG00000041165
ENSG00000252210,ENSMFAG00000012093
ENSG00000212473,ENSMFAG00000005822
ENSG00000183862,ENSMFAG00000001182
ENSG00000206853,ENSMFAG00000009312
ENSG00000282639,ENSMFAG00000061943
ENSG00000277740,ENSMFAG00000020428
ENSG00000207816,ENSMFAG00000021673
ENSG00000243532,ENSMFAG00000013331
ENSG00000252594,ENSMFAG00000004416
ENSG00000252091,ENSMFAG00000006159
ENSG00000275128,ENSMFAG00000010147
ENSG00000241821,ENSMFAG00000011257
ENSG00000118276,ENSMFAG00000033017
ENSG00000211957,ENSMFAG00000049196
ENSG00000211957,ENSMFAG00000061275
ENSG00000206649,ENSMFAG00000006076
ENSG00000211943,ENSMFAG00000048883
ENSG00000185960,ENSMFAG00000051859
ENSG00000222231,ENSMFAG00000009479
ENSG00000207036,ENSMFAG00000065258
ENSG00000206701,ENSMFAG00000056076
ENSG00000202112,ENSMFAG00000058144
ENSG00000284288,ENSMFAG00000053622
ENSG00000242315,ENSMFAG00000016746
ENSG00000207215,ENSMFAG00000016063
ENSG00000140104,ENSMFAG00000033689
ENSG00000241550,ENSMFAG00000019323
ENSG00000207067,ENSMFAG00000009692
ENSG00000202310,ENSMFAG00000013159
ENSG00000199667,ENSMFAG00000010101
ENSG00000212414,ENSMFAG00000006414
ENSG00000221387,ENSMFAG00000022612
ENSG00000202399,ENSMFAG00000022673
ENSG00000252558,ENSMFAG00000064174
ENSG00000252593,ENSMFAG00000014977
ENSG00000206719,ENSMFAG00000013907
ENSG00000275041,ENSMFAG00000064797
ENSG00000204116,ENSMFAG00000011399
ENSG00000206776,ENSMFAG00000052250
ENSG00000239115,ENSMFAG00000058515
ENSG00000244033,ENSMFAG00000017353
ENSG00000240151,ENSMFAG00000018480
ENSG00000252158,ENSMFAG00000035125
ENSG00000222795,ENSMFAG00000020691
ENSG00000197506,ENSMFAG00000003710
ENSG00000238372,ENSMFAG00000053155
ENSG00000222146,ENSMFAG00000021082
ENSG00000206695,ENSMFAG00000024270
ENSG00000207258,ENSMFAG00000011261
ENSG00000207110,ENSMFAG00000014364
ENSG00000222501,ENSMFAG00000048281
ENSG00000211950,ENSMFAG00000063575
ENSG00000104415,ENSMFAG00000033614
ENSG00000153339,ENSMFAG00000039323
ENSG00000211951,ENSMFAG00000050822
ENSG00000211951,ENSMFAG00000056747
ENSG00000107165,ENSMFAG00000046179
ENSG00000207417,ENSMFAG00000012762
ENSG00000165496,ENSMFAG00000053210
ENSG00000283188,ENSMFAG00000060051
ENSG00000211942,ENSMFAG00000045830
ENSG00000206685,ENSMFAG00000051370
ENSG00000201659,ENSMFAG00000004723
ENSG00000211944,ENSMFAG00000049196
ENSG00000211944,ENSMFAG00000061275
ENSG00000283274,ENSMFAG00000008274
ENSG00000241964,ENSMFAG00000021417
ENSG00000206906,ENSMFAG00000061205
ENSG00000137558,ENSMFAG00000031904
ENSG00000278746,ENSMFAG00000013660
ENSG00000212270,ENSMFAG00000006256
ENSG00000251858,ENSMFAG00000005597
ENSG00000253003,ENSMFAG00000020300
ENSG00000207004,ENSMFAG00000060318
ENSG00000201376,ENSMFAG00000014695
ENSG00000201820,ENSMFAG00000034932
ENSG00000165240,ENSMFAG00000037371
ENSG00000243700,ENSMFAG00000014738
ENSG00000156049,ENSMFAG00000043028
ENSG00000207444,ENSMFAG00000018479
ENSG00000242330,ENSMFAG00000022672
ENSG00000206588,ENSMFAG00000060808
ENSG00000206588,ENSMFAG00000048199
ENSG00000199739,ENSMFAG00000014631
ENSG00000276782,ENSMFAG00000011966
ENSG00000200860,ENSMFAG00000010766
ENSG00000201351,ENSMFAG00000064511
ENSG00000252644,ENSMFAG00000024135
ENSG00000221102,ENSMFAG00000021628
ENSG00000252655,ENSMFAG00000006721
ENSG00000200298,ENSMFAG00000006386
ENSG00000241757,ENSMFAG00000017390
ENSG00000222276,ENSMFAG00000009362
ENSG00000272439,ENSMFAG00000058282
ENSG00000175894,ENSMFAG00000001348
ENSG00000261678,ENSMFAG00000035496
ENSG00000284310,ENSMFAG00000012474
ENSG00000147804,ENSMFAG00000031715
ENSG00000211871,ENSMFAG00000052354
ENSG00000198785,ENSMFAG00000044847
ENSG00000160256,ENSMFAG00000037615
ENSG00000212302,ENSMFAG00000021835
ENSG00000199716,ENSMFAG00000022128
ENSG00000222028,ENSMFAG00000010271
ENSG00000259431,ENSMFAG00000043354
ENSG00000155833,ENSMFAG00000031246
ENSG00000238854,ENSMFAG00000015521
ENSG00000240905,ENSMFAG00000021539
ENSG00000241997,ENSMFAG00000014859
ENSG00000131668,ENSMFAG00000050575
ENSG00000238650,ENSMFAG00000051557
ENSG00000172680,ENSMFAG00000012716
ENSG00000225091,ENSMFAG00000040721
ENSG00000201512,ENSMFAG00000052087
ENSG00000200354,ENSMFAG00000048090
ENSG00000221093,ENSMFAG00000035017
ENSG00000212335,ENSMFAG00000058071
ENSG00000100721,ENSMFAG00000054054
ENSG00000154639,ENSMFAG00000035429
ENSG00000104419,ENSMFAG00000044300
ENSG00000197969,ENSMFAG00000001206
ENSG00000199440,ENSMFAG00000061651
ENSG00000186814,ENSMFAG00000032605
ENSG00000201573,ENSMFAG00000010996
ENSG00000243103,ENSMFAG00000022813
ENSG00000252945,ENSMFAG00000005896
ENSG00000206924,ENSMFAG00000022640
ENSG00000177426,ENSMFAG00000003221
ENSG00000258806,ENSMFAG00000059181
ENSG00000102738,ENSMFAG00000003515
ENSG00000222489,ENSMFAG00000005417
ENSG00000238344,ENSMFAG00000029939
ENSG00000185271,ENSMFAG00000042662
ENSG00000102104,ENSMFAG00000003687
ENSG00000223731,ENSMFAG00000023565
ENSG00000223731,ENSMFAG00000031941
ENSG00000206723,ENSMFAG00000047619
ENSG00000171433,ENSMFAG00000042609
ENSG00000187682,ENSMFAG00000018924
ENSG00000199461,ENSMFAG00000048604
ENSG00000199461,ENSMFAG00000052086
ENSG00000223309,ENSMFAG00000035001
ENSG00000221750,ENSMFAG00000021473
ENSG00000160310,ENSMFAG00000003831
ENSG00000223611,ENSMFAG00000023565
ENSG00000223611,ENSMFAG00000031941
ENSG00000181562,ENSMFAG00000053241
ENSG00000181552,ENSMFAG00000062707
ENSG00000212584,ENSMFAG00000047549
ENSG00000196440,ENSMFAG00000000480
ENSG00000169385,ENSMFAG00000050506
ENSG00000133121,ENSMFAG00000044541
ENSG00000243817,ENSMFAG00000008600
ENSG00000165794,ENSMFAG00000046045
ENSG00000169933,ENSMFAG00000035360
ENSG00000179636,ENSMFAG00000001424
ENSG00000252170,ENSMFAG00000048138
ENSG00000206150,ENSMFAG00000055569
ENSG00000164151,ENSMFAG00000037172
ENSG00000221533,ENSMFAG00000058757
ENSG00000221533,ENSMFAG00000048608
ENSG00000165799,ENSMFAG00000062938
ENSG00000173431,ENSMFAG00000002235
ENSG00000169327,ENSMFAG00000040284
ENSG00000075336,ENSMFAG00000031508
ENSG00000224440,ENSMFAG00000032729
ENSG00000171489,ENSMFAG00000039745
ENSG00000273696,ENSMFAG00000035558
ENSG00000199436,ENSMFAG00000053791
ENSG00000199436,ENSMFAG00000008249
ENSG00000252469,ENSMFAG00000011978
ENSG00000196976,ENSMFAG00000004038
ENSG00000206663,ENSMFAG00000062556
ENSG00000201184,ENSMFAG00000056066
ENSG00000201882,ENSMFAG00000017531
ENSG00000201592,ENSMFAG00000012386
ENSG00000202275,ENSMFAG00000010742
ENSG00000134588,ENSMFAG00000060266
ENSG00000207164,ENSMFAG00000062027
ENSG00000185736,ENSMFAG00000040865
ENSG00000272533,ENSMFAG00000015757
ENSG00000258986,ENSMFAG00000039506
ENSG00000184210,ENSMFAG00000034189
ENSG00000145555,ENSMFAG00000044958
ENSG00000145555,ENSMFAG00000051530
ENSG00000080986,ENSMFAG00000001170
ENSG00000242657,ENSMFAG00000019495
ENSG00000204195,ENSMFAG00000030435
ENSG00000176244,ENSMFAG00000043001
ENSG00000176244,ENSMFAG00000055041
ENSG00000222990,ENSMFAG00000058790
ENSG00000120500,ENSMFAG00000001019
ENSG00000200653,ENSMFAG00000017735
ENSG00000207342,ENSMFAG00000054914
ENSG00000107611,ENSMFAG00000030948
ENSG00000202490,ENSMFAG00000012175
ENSG00000206822,ENSMFAG00000022736
ENSG00000200693,ENSMFAG00000020896
ENSG00000151849,ENSMFAG00000036617
ENSG00000202182,ENSMFAG00000058992
ENSG00000211574,ENSMFAG00000015915
ENSG00000199151,ENSMFAG00000033522
ENSG00000208001,ENSMFAG00000013933
ENSG00000207569,ENSMFAG00000018690
ENSG00000207608,ENSMFAG00000005000
ENSG00000272458,ENSMFAG00000006037
ENSG00000207942,ENSMFAG00000013218
ENSG00000275662,ENSMFAG00000010489
ENSG00000199005,ENSMFAG00000013518
ENSG00000201700,ENSMFAG00000061125
ENSG00000201672,ENSMFAG00000052016
ENSG00000272474,ENSMFAG00000029986
ENSG00000200215,ENSMFAG00000052109
ENSG00000200632,ENSMFAG00000030343
ENSG00000200367,ENSMFAG00000000032
ENSG00000201950,ENSMFAG00000058750
ENSG00000199575,ENSMFAG00000054531
ENSG00000147127,ENSMFAG00000000762
ENSG00000201839,ENSMFAG00000060627
ENSG00000200832,ENSMFAG00000058028
ENSG00000199798,ENSMFAG00000029805
ENSG00000200150,ENSMFAG00000030279
ENSG00000199390,ENSMFAG00000004087
ENSG00000201240,ENSMFAG00000062645
ENSG00000200279,ENSMFAG00000058563
ENSG00000200608,ENSMFAG00000059535
ENSG00000202270,ENSMFAG00000063289
ENSG00000201247,ENSMFAG00000030431
ENSG00000199593,ENSMFAG00000059702
ENSG00000201557,ENSMFAG00000029445
ENSG00000199914,ENSMFAG00000010667
ENSG00000201569,ENSMFAG00000055387
ENSG00000202142,ENSMFAG00000065678
ENSG00000199942,ENSMFAG00000053205
ENSG00000201036,ENSMFAG00000029172
ENSG00000201710,ENSMFAG00000030236
ENSG00000202048,ENSMFAG00000061743
ENSG00000272344,ENSMFAG00000038199
ENSG00000200406,ENSMFAG00000010711
ENSG00000201899,ENSMFAG00000010711
ENSG00000200612,ENSMFAG00000012111
ENSG00000200413,ENSMFAG00000065785
ENSG00000200636,ENSMFAG00000008017
ENSG00000200480,ENSMFAG00000064293
ENSG00000201689,ENSMFAG00000063433
ENSG00000201318,ENSMFAG00000053024
ENSG00000200089,ENSMFAG00000050811
ENSG00000222095,ENSMFAG00000036048
ENSG00000222185,ENSMFAG00000012274
ENSG00000199069,ENSMFAG00000020247
ENSG00000201377,ENSMFAG00000023590
ENSG00000200431,ENSMFAG00000005322
ENSG00000072315,ENSMFAG00000003102
ENSG00000283561,ENSMFAG00000049577
ENSG00000207934,ENSMFAG00000022154
ENSG00000221525,ENSMFAG00000051735
ENSG00000221525,ENSMFAG00000062258
ENSG00000221614,ENSMFAG00000051735
ENSG00000221614,ENSMFAG00000062258
ENSG00000199020,ENSMFAG00000010657
ENSG00000207754,ENSMFAG00000007669
ENSG00000202560,ENSMFAG00000006154
ENSG00000207587,ENSMFAG00000013085
ENSG00000207742,ENSMFAG00000058330
ENSG00000208004,ENSMFAG00000021764
ENSG00000207978,ENSMFAG00000058740
ENSG00000207961,ENSMFAG00000017702
ENSG00000216179,ENSMFAG00000009340
ENSG00000199107,ENSMFAG00000033571
ENSG00000199012,ENSMFAG00000017782
ENSG00000199025,ENSMFAG00000015637
ENSG00000199092,ENSMFAG00000008584
ENSG00000207959,ENSMFAG00000017906
ENSG00000277754,ENSMFAG00000020585
ENSG00000200436,ENSMFAG00000014658
ENSG00000282815,ENSMFAG00000050285
ENSG00000243978,ENSMFAG00000042372
ENSG00000212516,ENSMFAG00000049928
ENSG00000212516,ENSMFAG00000048130
ENSG00000212516,ENSMFAG00000057415
ENSG00000212516,ENSMFAG00000047809
ENSG00000212516,ENSMFAG00000059704
ENSG00000165309,ENSMFAG00000039311
ENSG00000266420,ENSMFAG00000019709
ENSG00000252147,ENSMFAG00000021853
ENSG00000176294,ENSMFAG00000015854
ENSG00000119541,ENSMFAG00000042282
ENSG00000238941,ENSMFAG00000047302
ENSG00000284386,ENSMFAG00000017740
ENSG00000207516,ENSMFAG00000013522
ENSG00000104164,ENSMFAG00000034141
ENSG00000202144,ENSMFAG00000052754
ENSG00000147168,ENSMFAG00000043570
ENSG00000100987,ENSMFAG00000043885
ENSG00000139908,ENSMFAG00000035821
ENSG00000200731,ENSMFAG00000014049
ENSG00000101935,ENSMFAG00000057591
ENSG00000277771,ENSMFAG00000062551
ENSG00000188877,ENSMFAG00000047882
ENSG00000196943,ENSMFAG00000043789
ENSG00000198681,ENSMFAG00000000436
ENSG00000278803,ENSMFAG00000060170
ENSG00000278803,ENSMFAG00000053528
ENSG00000183918,ENSMFAG00000057383
ENSG00000202414,ENSMFAG00000012533
ENSG00000198010,ENSMFAG00000034180
ENSG00000200419,ENSMFAG00000065110
ENSG00000208839,ENSMFAG00000020430
ENSG00000170236,ENSMFAG00000043824
ENSG00000276158,ENSMFAG00000057520
ENSG00000175354,ENSMFAG00000044539
ENSG00000199001,ENSMFAG00000008804
ENSG00000199705,ENSMFAG00000048768
ENSG00000101916,ENSMFAG00000002437
ENSG00000187268,ENSMFAG00000031851
ENSG00000204740,ENSMFAG00000041109
ENSG00000283290,ENSMFAG00000014338
ENSG00000136944,ENSMFAG00000045773
ENSG00000101353,ENSMFAG00000041031
ENSG00000092439,ENSMFAG00000031753
ENSG00000252178,ENSMFAG00000059541
ENSG00000214814,ENSMFAG00000022397
ENSG00000183580,ENSMFAG00000000432
ENSG00000148488,ENSMFAG00000001392
ENSG00000268940,ENSMFAG00000035558
ENSG00000100968,ENSMFAG00000000183
ENSG00000263761,ENSMFAG00000032108
ENSG00000228836,ENSMFAG00000035558
ENSG00000186583,ENSMFAG00000041423
ENSG00000047644,ENSMFAG00000040661
ENSG00000185775,ENSMFAG00000030681
ENSG00000185775,ENSMFAG00000002532
ENSG00000168267,ENSMFAG00000031191
ENSG00000087460,ENSMFAG00000056056
ENSG00000113100,ENSMFAG00000001139
ENSG00000151023,ENSMFAG00000003027
ENSG00000139835,ENSMFAG00000039147
ENSG00000165443,ENSMFAG00000038572
ENSG00000151388,ENSMFAG00000042081
ENSG00000196739,ENSMFAG00000040376
ENSG00000268235,ENSMFAG00000035995
ENSG00000268235,ENSMFAG00000034649
ENSG00000265203,ENSMFAG00000038867
ENSG00000215029,ENSMFAG00000035995
ENSG00000215029,ENSMFAG00000034649
ENSG00000175073,ENSMFAG00000031366
ENSG00000102145,ENSMFAG00000031953
ENSG00000243027,ENSMFAG00000014982
ENSG00000165757,ENSMFAG00000001494
ENSG00000156206,ENSMFAG00000039949
ENSG00000107984,ENSMFAG00000062136
ENSG00000254341,ENSMFAG00000017069
ENSG00000174417,ENSMFAG00000031071
ENSG00000204025,ENSMFAG00000047357
ENSG00000207037,ENSMFAG00000060906
ENSG00000212388,ENSMFAG00000014346
ENSG00000120533,ENSMFAG00000044548
ENSG00000184923,ENSMFAG00000065379
ENSG00000184923,ENSMFAG00000037467
ENSG00000184923,ENSMFAG00000048063
ENSG00000184923,ENSMFAG00000059873
ENSG00000184984,ENSMFAG00000012509
ENSG00000134049,ENSMFAG00000060309
ENSG00000152932,ENSMFAG00000002574
ENSG00000132963,ENSMFAG00000025369
ENSG00000199156,ENSMFAG00000052034
ENSG00000101977,ENSMFAG00000003056
ENSG00000171451,ENSMFAG00000036044
ENSG00000107789,ENSMFAG00000000189
ENSG00000176014,ENSMFAG00000040002
ENSG00000213949,ENSMFAG00000034671
ENSG00000182771,ENSMFAG00000038022
ENSG00000065150,ENSMFAG00000002597
ENSG00000202001,ENSMFAG00000023956
ENSG00000169427,ENSMFAG00000060542
ENSG00000135070,ENSMFAG00000038304
ENSG00000159495,ENSMFAG00000038051
ENSG00000186350,ENSMFAG00000044609
ENSG00000169495,ENSMFAG00000041865
ENSG00000187553,ENSMFAG00000059589
ENSG00000207199,ENSMFAG00000005631
ENSG00000222488,ENSMFAG00000004400
ENSG00000238966,ENSMFAG00000010577
ENSG00000104371,ENSMFAG00000034088
ENSG00000197361,ENSMFAG00000000573
ENSG00000138190,ENSMFAG00000000962
ENSG00000166821,ENSMFAG00000055282
ENSG00000183665,ENSMFAG00000042869
ENSG00000133863,ENSMFAG00000032809
ENSG00000038427,ENSMFAG00000032675
ENSG00000130559,ENSMFAG00000001245
ENSG00000185942,ENSMFAG00000002073
ENSG00000088756,ENSMFAG00000003744
ENSG00000203499,ENSMFAG00000058039
ENSG00000158815,ENSMFAG00000032610
ENSG00000168487,ENSMFAG00000040256
ENSG00000137877,ENSMFAG00000040126
ENSG00000122870,ENSMFAG00000036177
ENSG00000148344,ENSMFAG00000038160
ENSG00000182752,ENSMFAG00000041618
ENSG00000107447,ENSMFAG00000034600
ENSG00000199065,ENSMFAG00000034736
ENSG00000222581,ENSMFAG00000010170
ENSG00000240613,ENSMFAG00000008167
ENSG00000251733,ENSMFAG00000007863
ENSG00000252943,ENSMFAG00000035108
ENSG00000201118,ENSMFAG00000013249
ENSG00000243115,ENSMFAG00000014628
ENSG00000206957,ENSMFAG00000013316
ENSG00000272113,ENSMFAG00000057712
ENSG00000200502,ENSMFAG00000050990
ENSG00000206784,ENSMFAG00000005203
ENSG00000238845,ENSMFAG00000023042
ENSG00000277049,ENSMFAG00000054113
ENSG00000277049,ENSMFAG00000005329
ENSG00000276094,ENSMFAG00000021660
ENSG00000276562,ENSMFAG00000018069
ENSG00000273717,ENSMFAG00000020994
ENSG00000206804,ENSMFAG00000061205
ENSG00000200041,ENSMFAG00000063062
ENSG00000274852,ENSMFAG00000020994
ENSG00000206590,ENSMFAG00000057429
ENSG00000212421,ENSMFAG00000028993
ENSG00000188095,ENSMFAG00000037257
ENSG00000212316,ENSMFAG00000006174
ENSG00000153391,ENSMFAG00000016439
ENSG00000202308,ENSMFAG00000010044
ENSG00000189326,ENSMFAG00000003443
ENSG00000238882,ENSMFAG00000007247
ENSG00000244104,ENSMFAG00000017525
ENSG00000222558,ENSMFAG00000006668
ENSG00000206923,ENSMFAG00000034743
ENSG00000207401,ENSMFAG00000064504
ENSG00000274755,ENSMFAG00000064339
ENSG00000199313,ENSMFAG00000054939
ENSG00000241246,ENSMFAG00000014950
ENSG00000207726,ENSMFAG00000010232
ENSG00000207595,ENSMFAG00000012677
ENSG00000269433,ENSMFAG00000043960
ENSG00000207737,ENSMFAG00000009072
ENSG00000252985,ENSMFAG00000011225
ENSG00000243845,ENSMFAG00000019841
ENSG00000177613,ENSMFAG00000042009
ENSG00000201302,ENSMFAG00000015274
ENSG00000200788,ENSMFAG00000050127
ENSG00000160401,ENSMFAG00000027410
ENSG00000130449,ENSMFAG00000044175
ENSG00000232030,ENSMFAG00000036878
ENSG00000203837,ENSMFAG00000030751
ENSG00000212420,ENSMFAG00000006200
ENSG00000269437,ENSMFAG00000044902
ENSG00000269437,ENSMFAG00000064808
ENSG00000252645,ENSMFAG00000063166
ENSG00000136807,ENSMFAG00000033992
ENSG00000252995,ENSMFAG00000007884
ENSG00000120563,ENSMFAG00000043891
ENSG00000120563,ENSMFAG00000029276
ENSG00000152223,ENSMFAG00000042030
ENSG00000278057,ENSMFAG00000059786
ENSG00000278057,ENSMFAG00000039596
ENSG00000140379,ENSMFAG00000042767
ENSG00000164190,ENSMFAG00000041940
ENSG00000204172,ENSMFAG00000036510
ENSG00000268988,ENSMFAG00000043556
ENSG00000287585,ENSMFAG00000053111
ENSG00000169297,ENSMFAG00000032278
ENSG00000095596,ENSMFAG00000041244
ENSG00000103710,ENSMFAG00000040074
ENSG00000238709,ENSMFAG00000055075
ENSG00000222736,ENSMFAG00000021040
ENSG00000185972,ENSMFAG00000033331
ENSG00000201467,ENSMFAG00000021796
ENSG00000207081,ENSMFAG00000037232
ENSG00000222760,ENSMFAG00000006935
ENSG00000184785,ENSMFAG00000030287
ENSG00000120051,ENSMFAG00000035977
ENSG00000090470,ENSMFAG00000031997
ENSG00000156313,ENSMFAG00000024781
ENSG00000133112,ENSMFAG00000031828
ENSG00000133112,ENSMFAG00000031958
ENSG00000284185,ENSMFAG00000018189
ENSG00000187791,ENSMFAG00000000796
ENSG00000201709,ENSMFAG00000020023
ENSG00000206903,ENSMFAG00000004928
ENSG00000196932,ENSMFAG00000035704
ENSG00000134042,ENSMFAG00000050667
ENSG00000206616,ENSMFAG00000061045
ENSG00000207395,ENSMFAG00000058960
ENSG00000200106,ENSMFAG00000020054
ENSG00000207119,ENSMFAG00000015992
ENSG00000239183,ENSMFAG00000019915
ENSG00000206995,ENSMFAG00000048494
ENSG00000165118,ENSMFAG00000041147
ENSG00000138152,ENSMFAG00000002237
ENSG00000252614,ENSMFAG00000012017
ENSG00000284179,ENSMFAG00000040444
ENSG00000159884,ENSMFAG00000039469
ENSG00000140479,ENSMFAG00000032907
ENSG00000225899,ENSMFAG00000051429
ENSG00000225899,ENSMFAG00000049078
ENSG00000225899,ENSMFAG00000024482
ENSG00000229544,ENSMFAG00000061403
ENSG00000243136,ENSMFAG00000022954
ENSG00000215183,ENSMFAG00000038299
ENSG00000204930,ENSMFAG00000002144
ENSG00000120008,ENSMFAG00000031615
ENSG00000278889,ENSMFAG00000058439
ENSG00000125247,ENSMFAG00000044014
ENSG00000171843,ENSMFAG00000036142
ENSG00000134061,ENSMFAG00000044511
ENSG00000186479,ENSMFAG00000045140
ENSG00000272602,ENSMFAG00000041771
ENSG00000049759,ENSMFAG00000032021
ENSG00000152669,ENSMFAG00000031385
ENSG00000222202,ENSMFAG00000017420
ENSG00000207609,ENSMFAG00000009257
ENSG00000202189,ENSMFAG00000022869
ENSG00000274841,ENSMFAG00000052078
ENSG00000211668,ENSMFAG00000002634
ENSG00000200785,ENSMFAG00000053947
ENSG00000200785,ENSMFAG00000060524
ENSG00000202172,ENSMFAG00000014445
ENSG00000274475,ENSMFAG00000013828
ENSG00000206699,ENSMFAG00000054164
ENSG00000207804,ENSMFAG00000040677
ENSG00000129472,ENSMFAG00000027114
ENSG00000243254,ENSMFAG00000011032
ENSG00000126970,ENSMFAG00000031983
ENSG00000215612,ENSMFAG00000034271
ENSG00000170289,ENSMFAG00000032006
ENSG00000155269,ENSMFAG00000010719
ENSG00000200570,ENSMFAG00000024200
ENSG00000201074,ENSMFAG00000012218
ENSG00000186766,ENSMFAG00000057445
ENSG00000154478,ENSMFAG00000056569
ENSG00000196900,ENSMFAG00000042605
ENSG00000198947,ENSMFAG00000045175
ENSG00000140090,ENSMFAG00000037870
ENSG00000164379,ENSMFAG00000062586
ENSG00000164199,ENSMFAG00000032687
ENSG00000243738,ENSMFAG00000014383
ENSG00000145990,ENSMFAG00000003241
ENSG00000136897,ENSMFAG00000060242
ENSG00000251892,ENSMFAG00000013732
ENSG00000185737,ENSMFAG00000039411
ENSG00000240306,ENSMFAG00000010633
ENSG00000112183,ENSMFAG00000034396
ENSG00000120160,ENSMFAG00000043911
ENSG00000201627,ENSMFAG00000013976
ENSG00000164830,ENSMFAG00000003232
ENSG00000165091,ENSMFAG00000042108
ENSG00000163288,ENSMFAG00000031591
ENSG00000151025,ENSMFAG00000042015
ENSG00000137273,ENSMFAG00000036369
ENSG00000170370,ENSMFAG00000062794
ENSG00000137177,ENSMFAG00000032997
ENSG00000196860,ENSMFAG00000036395
ENSG00000212156,ENSMFAG00000006210
ENSG00000207124,ENSMFAG00000037215
ENSG00000252998,ENSMFAG00000007306
ENSG00000252832,ENSMFAG00000060431
ENSG00000200545,ENSMFAG00000011087
ENSG00000201390,ENSMFAG00000065651
ENSG00000276027,ENSMFAG00000004704
ENSG00000252049,ENSMFAG00000004840
ENSG00000206842,ENSMFAG00000059253
ENSG00000212411,ENSMFAG00000009766
ENSG00000222092,ENSMFAG00000004282
ENSG00000251711,ENSMFAG00000020133
ENSG00000239731,ENSMFAG00000011189
ENSG00000252482,ENSMFAG00000057847
ENSG00000244356,ENSMFAG00000008767
ENSG00000206660,ENSMFAG00000010841
ENSG00000274458,ENSMFAG00000053840
ENSG00000222314,ENSMFAG00000053121
ENSG00000252132,ENSMFAG00000005171
ENSG00000251783,ENSMFAG00000005171
ENSG00000201196,ENSMFAG00000010792
ENSG00000238707,ENSMFAG00000011536
ENSG00000199446,ENSMFAG00000035183
ENSG00000221063,ENSMFAG00000037446
ENSG00000201881,ENSMFAG00000023357
ENSG00000272536,ENSMFAG00000008115
ENSG00000223064,ENSMFAG00000016640
ENSG00000100578,ENSMFAG00000041990
ENSG00000200774,ENSMFAG00000005817
ENSG00000199104,ENSMFAG00000034741
ENSG00000212324,ENSMFAG00000007009
ENSG00000199881,ENSMFAG00000034846
ENSG00000201412,ENSMFAG00000033788
ENSG00000181778,ENSMFAG00000062896
ENSG00000277308,ENSMFAG00000020924
ENSG00000222238,ENSMFAG00000052611
ENSG00000207068,ENSMFAG00000057675
ENSG00000222051,ENSMFAG00000005737
ENSG00000136895,ENSMFAG00000002870
ENSG00000200217,ENSMFAG00000004463
ENSG00000208033,ENSMFAG00000053434
ENSG00000222997,ENSMFAG00000009657
ENSG00000202569,ENSMFAG00000011747
ENSG00000172766,ENSMFAG00000043606
ENSG00000156269,ENSMFAG00000000164
ENSG00000222305,ENSMFAG00000016696
ENSG00000201604,ENSMFAG00000011800
ENSG00000168152,ENSMFAG00000029274
ENSG00000288603,ENSMFAG00000030101
ENSG00000240940,ENSMFAG00000011601
ENSG00000196475,ENSMFAG00000013321
ENSG00000283891,ENSMFAG00000017202
ENSG00000200407,ENSMFAG00000006028
ENSG00000203805,ENSMFAG00000037481
ENSG00000058335,ENSMFAG00000005368
ENSG00000074211,ENSMFAG00000000990
ENSG00000273566,ENSMFAG00000047257
ENSG00000180592,ENSMFAG00000032803
ENSG00000207347,ENSMFAG00000048810
ENSG00000214285,ENSMFAG00000050665
ENSG00000185532,ENSMFAG00000042225
ENSG00000145794,ENSMFAG00000042999
ENSG00000198824,ENSMFAG00000045724
ENSG00000133119,ENSMFAG00000041839
ENSG00000223027,ENSMFAG00000004714
ENSG00000206605,ENSMFAG00000051962
ENSG00000251839,ENSMFAG00000023640
ENSG00000207287,ENSMFAG00000005418
ENSG00000187122,ENSMFAG00000045033
ENSG00000154734,ENSMFAG00000039719
ENSG00000169836,ENSMFAG00000061984
ENSG00000185863,ENSMFAG00000037356
ENSG00000153064,ENSMFAG00000041462
ENSG00000187713,ENSMFAG00000060923
ENSG00000198569,ENSMFAG00000040546
ENSG00000176269,ENSMFAG00000060991
ENSG00000180053,ENSMFAG00000040141
ENSG00000180190,ENSMFAG00000050830
ENSG00000147650,ENSMFAG00000004646
ENSG00000179455,ENSMFAG00000043430
ENSG00000188163,ENSMFAG00000033692
ENSG00000005810,ENSMFAG00000031053
ENSG00000171016,ENSMFAG00000033302
ENSG00000188986,ENSMFAG00000057397
ENSG00000188986,ENSMFAG00000001437
ENSG00000125910,ENSMFAG00000049861
ENSG00000069966,ENSMFAG00000003513
ENSG00000105428,ENSMFAG00000050092
ENSG00000198435,ENSMFAG00000054684
ENSG00000198435,ENSMFAG00000064583
ENSG00000198435,ENSMFAG00000065429
ENSG00000060558,ENSMFAG00000056599
ENSG00000252847,ENSMFAG00000048026
ENSG00000201938,ENSMFAG00000013792
ENSG00000148156,ENSMFAG00000006984
ENSG00000187003,ENSMFAG00000006946
ENSG00000199331,ENSMFAG00000059680
ENSG00000207698,ENSMFAG00000012867
ENSG00000185437,ENSMFAG00000031582
ENSG00000188710,ENSMFAG00000056880
ENSG00000130711,ENSMFAG00000040322
ENSG00000088256,ENSMFAG00000049282
ENSG00000164953,ENSMFAG00000002808
ENSG00000242281,ENSMFAG00000012044
ENSG00000120699,ENSMFAG00000027794
ENSG00000278825,ENSMFAG00000020994
ENSG00000204849,ENSMFAG00000030681
ENSG00000204849,ENSMFAG00000002532
ENSG00000249222,ENSMFAG00000027811
ENSG00000164318,ENSMFAG00000001590
ENSG00000277774,ENSMFAG00000018069
ENSG00000252724,ENSMFAG00000021660
ENSG00000212441,ENSMFAG00000051610
ENSG00000212441,ENSMFAG00000055172
ENSG00000212441,ENSMFAG00000065822
ENSG00000212441,ENSMFAG00000056102
ENSG00000178372,ENSMFAG00000049878
ENSG00000136867,ENSMFAG00000047286
ENSG00000160994,ENSMFAG00000039156
ENSG00000178363,ENSMFAG00000008251
ENSG00000240577,ENSMFAG00000021097
ENSG00000127529,ENSMFAG00000034243
ENSG00000169783,ENSMFAG00000010325
ENSG00000212447,ENSMFAG00000059206
ENSG00000212447,ENSMFAG00000064588
ENSG00000095464,ENSMFAG00000045757
ENSG00000222351,ENSMFAG00000011130
ENSG00000207000,ENSMFAG00000051114
ENSG00000100146,ENSMFAG00000030971
ENSG00000199161,ENSMFAG00000014892
ENSG00000280496,ENSMFAG00000015136
ENSG00000281808,ENSMFAG00000005898
ENSG00000108231,ENSMFAG00000037131
ENSG00000177984,ENSMFAG00000031073
ENSG00000157766,ENSMFAG00000019208
ENSG00000244752,ENSMFAG00000032777
ENSG00000213213,ENSMFAG00000007280
ENSG00000198551,ENSMFAG00000044907
ENSG00000236699,ENSMFAG00000041172
ENSG00000242259,ENSMFAG00000040161
ENSG00000105141,ENSMFAG00000045231
ENSG00000124875,ENSMFAG00000044943
ENSG00000099901,ENSMFAG00000045937
ENSG00000165300,ENSMFAG00000040496
ENSG00000174599,ENSMFAG00000029724
ENSG00000165059,ENSMFAG00000030376
ENSG00000120686,ENSMFAG00000004000
ENSG00000276581,ENSMFAG00000030681
ENSG00000276581,ENSMFAG00000002532
ENSG00000129595,ENSMFAG00000000281
ENSG00000163116,ENSMFAG00000003718
ENSG00000070601,ENSMFAG00000002068
ENSG00000187522,ENSMFAG00000044126
ENSG00000172403,ENSMFAG00000037699
ENSG00000241588,ENSMFAG00000050929
ENSG00000100228,ENSMFAG00000003128
ENSG00000251819,ENSMFAG00000005111
ENSG00000251819,ENSMFAG00000053178
ENSG00000251819,ENSMFAG00000016308
ENSG00000200095,ENSMFAG00000018816
ENSG00000212306,ENSMFAG00000009914
ENSG00000251745,ENSMFAG00000011846
ENSG00000200026,ENSMFAG00000016081
ENSG00000252582,ENSMFAG00000005617
ENSG00000164304,ENSMFAG00000002983
ENSG00000252622,ENSMFAG00000005356
ENSG00000154227,ENSMFAG00000043799
ENSG00000102699,ENSMFAG00000058500
ENSG00000113369,ENSMFAG00000031762
ENSG00000235284,ENSMFAG00000057027
ENSG00000231587,ENSMFAG00000061304
ENSG00000201216,ENSMFAG00000036270
ENSG00000215262,ENSMFAG00000014847
ENSG00000207563,ENSMFAG00000015990
ENSG00000207864,ENSMFAG00000006060
ENSG00000207617,ENSMFAG00000014382
ENSG00000171195,ENSMFAG00000054048
ENSG00000235376,ENSMFAG00000001492
ENSG00000197134,ENSMFAG00000065754
ENSG00000283867,ENSMFAG00000007177
ENSG00000206631,ENSMFAG00000058465
ENSG00000196350,ENSMFAG00000044588
ENSG00000138653,ENSMFAG00000002158
ENSG00000167487,ENSMFAG00000062634
ENSG00000145839,ENSMFAG00000051579
ENSG00000276544,ENSMFAG00000015820
ENSG00000276430,ENSMFAG00000041417
ENSG00000276430,ENSMFAG00000043901
ENSG00000100385,ENSMFAG00000048720
ENSG00000201548,ENSMFAG00000013494
ENSG00000188152,ENSMFAG00000035391
ENSG00000182333,ENSMFAG00000035985
ENSG00000184838,ENSMFAG00000003359
ENSG00000132549,ENSMFAG00000034665
ENSG00000163114,ENSMFAG00000028491
ENSG00000145826,ENSMFAG00000032677
ENSG00000230054,ENSMFAG00000035868
ENSG00000230601,ENSMFAG00000036582
ENSG00000200677,ENSMFAG00000011911
ENSG00000241869,ENSMFAG00000011117
ENSG00000151012,ENSMFAG00000037696
ENSG00000131711,ENSMFAG00000044363
ENSG00000181634,ENSMFAG00000000937
ENSG00000100592,ENSMFAG00000030743
ENSG00000100024,ENSMFAG00000045510
ENSG00000147869,ENSMFAG00000037928
ENSG00000199814,ENSMFAG00000013597
ENSG00000103723,ENSMFAG00000002685
ENSG00000173239,ENSMFAG00000001039
ENSG00000204020,ENSMFAG00000044901
ENSG00000200834,ENSMFAG00000062871
ENSG00000200834,ENSMFAG00000055953
ENSG00000238300,ENSMFAG00000015347
ENSG00000238300,ENSMFAG00000064894
ENSG00000238300,ENSMFAG00000047756
ENSG00000238886,ENSMFAG00000058614
ENSG00000238886,ENSMFAG00000053679
ENSG00000238886,ENSMFAG00000056280
ENSG00000238886,ENSMFAG00000054055
ENSG00000200887,ENSMFAG00000007165
ENSG00000239180,ENSMFAG00000012866
ENSG00000272232,ENSMFAG00000024026
ENSG00000239625,ENSMFAG00000051916
ENSG00000170950,ENSMFAG00000007944
ENSG00000186881,ENSMFAG00000055974
ENSG00000239744,ENSMFAG00000019420
ENSG00000145283,ENSMFAG00000003336
ENSG00000148136,ENSMFAG00000060994
ENSG00000206855,ENSMFAG00000050170
ENSG00000186943,ENSMFAG00000051711
ENSG00000165868,ENSMFAG00000034502
ENSG00000136839,ENSMFAG00000061784
ENSG00000170927,ENSMFAG00000031421
ENSG00000141959,ENSMFAG00000037062
ENSG00000165029,ENSMFAG00000002145
ENSG00000138639,ENSMFAG00000032831
ENSG00000164512,ENSMFAG00000031576
ENSG00000133937,ENSMFAG00000055121
ENSG00000126249,ENSMFAG00000041802
ENSG00000255569,ENSMFAG00000026947
ENSG00000255582,ENSMFAG00000026518
ENSG00000211776,ENSMFAG00000028804
ENSG00000211777,ENSMFAG00000028832
ENSG00000211778,ENSMFAG00000057951
ENSG00000211779,ENSMFAG00000053530
ENSG00000165409,ENSMFAG00000036626
ENSG00000207327,ENSMFAG00000047208
ENSG00000164219,ENSMFAG00000046396
ENSG00000166317,ENSMFAG00000044178
ENSG00000124449,ENSMFAG00000023642
ENSG00000196968,ENSMFAG00000034437
ENSG00000138650,ENSMFAG00000046322
ENSG00000172586,ENSMFAG00000041879
ENSG00000214655,ENSMFAG00000041406
ENSG00000203989,ENSMFAG00000032534
ENSG00000146006,ENSMFAG00000039611
ENSG00000126261,ENSMFAG00000036932
ENSG00000131721,ENSMFAG00000032534
ENSG00000239577,ENSMFAG00000049245
ENSG00000239577,ENSMFAG00000051538
ENSG00000186871,ENSMFAG00000045509
ENSG00000186367,ENSMFAG00000038413
ENSG00000139514,ENSMFAG00000043457
ENSG00000238926,ENSMFAG00000009378
ENSG00000222796,ENSMFAG00000004552
ENSG00000100012,ENSMFAG00000043655
ENSG00000169302,ENSMFAG00000006335
ENSG00000170153,ENSMFAG00000041541
ENSG00000154079,ENSMFAG00000044658
ENSG00000221303,ENSMFAG00000005384
ENSG00000254656,ENSMFAG00000030724
ENSG00000199755,ENSMFAG00000014972
ENSG00000156127,ENSMFAG00000031172
ENSG00000151962,ENSMFAG00000043485
ENSG00000244307,ENSMFAG00000065431
ENSG00000203972,ENSMFAG00000000593
ENSG00000155858,ENSMFAG00000034084
ENSG00000201529,ENSMFAG00000051020
ENSG00000182197,ENSMFAG00000002066
ENSG00000156535,ENSMFAG00000044576
ENSG00000139988,ENSMFAG00000001102
ENSG00000214360,ENSMFAG00000043157
ENSG00000100351,ENSMFAG00000059094
ENSG00000205359,ENSMFAG00000039771
ENSG00000241542,ENSMFAG00000023474
ENSG00000260230,ENSMFAG00000013386
ENSG00000239820,ENSMFAG00000016015
ENSG00000238540,ENSMFAG00000056808
ENSG00000136327,ENSMFAG00000057996
ENSG00000174038,ENSMFAG00000044201
ENSG00000198807,ENSMFAG00000004012
ENSG00000177710,ENSMFAG00000034282
ENSG00000145451,ENSMFAG00000034554
ENSG00000199368,ENSMFAG00000059775
ENSG00000272398,ENSMFAG00000047409
ENSG00000272398,ENSMFAG00000051116
ENSG00000272398,ENSMFAG00000064133
ENSG00000102572,ENSMFAG00000001501
ENSG00000226430,ENSMFAG00000047397
ENSG00000226430,ENSMFAG00000057907
ENSG00000226430,ENSMFAG00000060523
ENSG00000226430,ENSMFAG00000054353
ENSG00000226430,ENSMFAG00000065626
ENSG00000226430,ENSMFAG00000052015
ENSG00000226430,ENSMFAG00000064487
ENSG00000226430,ENSMFAG00000051928
ENSG00000226430,ENSMFAG00000047323
ENSG00000226430,ENSMFAG00000047547
ENSG00000188508,ENSMFAG00000033686
ENSG00000241568,ENSMFAG00000012108
ENSG00000265733,ENSMFAG00000030101
ENSG00000263639,ENSMFAG00000034337
ENSG00000100554,ENSMFAG00000036334
ENSG00000155875,ENSMFAG00000000158
ENSG00000214897,ENSMFAG00000036391
ENSG00000280704,ENSMFAG00000064535
ENSG00000164756,ENSMFAG00000047830
ENSG00000155876,ENSMFAG00000030433
ENSG00000182489,ENSMFAG00000001920
ENSG00000176635,ENSMFAG00000041766
ENSG00000182077,ENSMFAG00000035376
ENSG00000172724,ENSMFAG00000041422
ENSG00000207800,ENSMFAG00000004959
ENSG00000101958,ENSMFAG00000041989
ENSG00000264313,ENSMFAG00000054723
ENSG00000008196,ENSMFAG00000046210
ENSG00000205108,ENSMFAG00000043117
ENSG00000170835,ENSMFAG00000042247
ENSG00000198728,ENSMFAG00000041257
ENSG00000082293,ENSMFAG00000031633
ENSG00000046653,ENSMFAG00000034628
ENSG00000167751,ENSMFAG00000042178
ENSG00000168556,ENSMFAG00000032816
ENSG00000100344,ENSMFAG00000036392
ENSG00000145779,ENSMFAG00000042688
ENSG00000182552,ENSMFAG00000000543
ENSG00000205883,ENSMFAG00000040194
ENSG00000164935,ENSMFAG00000041648
ENSG00000119915,ENSMFAG00000036362
ENSG00000183775,ENSMFAG00000031599
ENSG00000252252,ENSMFAG00000004746
ENSG00000202297,ENSMFAG00000010953
ENSG00000221878,ENSMFAG00000053750
ENSG00000221878,ENSMFAG00000061203
ENSG00000221878,ENSMFAG00000046378
ENSG00000221878,ENSMFAG00000043957
ENSG00000232216,ENSMFAG00000050529
ENSG00000232216,ENSMFAG00000064262
ENSG00000232216,ENSMFAG00000027149
ENSG00000131203,ENSMFAG00000001509
ENSG00000099284,ENSMFAG00000035957
ENSG00000128311,ENSMFAG00000038470
ENSG00000164123,ENSMFAG00000001809
ENSG00000145819,ENSMFAG00000002069
ENSG00000118402,ENSMFAG00000036147
ENSG00000211962,ENSMFAG00000056416
ENSG00000211964,ENSMFAG00000065404
ENSG00000211964,ENSMFAG00000047461
ENSG00000211964,ENSMFAG00000052988
ENSG00000206611,ENSMFAG00000012668
ENSG00000200831,ENSMFAG00000007481
ENSG00000199744,ENSMFAG00000007572
ENSG00000023516,ENSMFAG00000003034
ENSG00000252542,ENSMFAG00000007706
ENSG00000038295,ENSMFAG00000001125
ENSG00000198870,ENSMFAG00000041753
ENSG00000063127,ENSMFAG00000017537
ENSG00000211967,ENSMFAG00000061943
ENSG00000100055,ENSMFAG00000001277
ENSG00000211968,ENSMFAG00000063904
ENSG00000211968,ENSMFAG00000064695
ENSG00000211968,ENSMFAG00000003739
ENSG00000211968,ENSMFAG00000047678
ENSG00000252721,ENSMFAG00000057820
ENSG00000252721,ENSMFAG00000058618
ENSG00000111879,ENSMFAG00000033715
ENSG00000200554,ENSMFAG00000013748
ENSG00000092009,ENSMFAG00000002723
ENSG00000274510,ENSMFAG00000048303
ENSG00000274510,ENSMFAG00000065519
ENSG00000122728,ENSMFAG00000044417
ENSG00000238558,ENSMFAG00000011937
ENSG00000238406,ENSMFAG00000006826
ENSG00000148734,ENSMFAG00000043253
ENSG00000168263,ENSMFAG00000055892
ENSG00000021645,ENSMFAG00000031358
ENSG00000120616,ENSMFAG00000038306
ENSG00000203286,ENSMFAG00000059780
ENSG00000203286,ENSMFAG00000054613
ENSG00000203286,ENSMFAG00000056397
ENSG00000121741,ENSMFAG00000031877
ENSG00000253117,ENSMFAG00000037084
ENSG00000275068,ENSMFAG00000051610
ENSG00000275068,ENSMFAG00000055172
ENSG00000275068,ENSMFAG00000065822
ENSG00000275068,ENSMFAG00000056102
ENSG00000184709,ENSMFAG00000059441
ENSG00000160469,ENSMFAG00000003553
ENSG00000160360,ENSMFAG00000040736
ENSG00000283956,ENSMFAG00000016147
ENSG00000205002,ENSMFAG00000036725
ENSG00000240116,ENSMFAG00000013895
ENSG00000132297,ENSMFAG00000003855
ENSG00000206768,ENSMFAG00000064409
ENSG00000227051,ENSMFAG00000061618
ENSG00000213563,ENSMFAG00000057634
ENSG00000168594,ENSMFAG00000038871
ENSG00000275154,ENSMFAG00000021030
ENSG00000244509,ENSMFAG00000048585
ENSG00000165821,ENSMFAG00000002687
ENSG00000183117,ENSMFAG00000065406
ENSG00000200941,ENSMFAG00000010838
ENSG00000128340,ENSMFAG00000000606
ENSG00000010438,ENSMFAG00000000779
ENSG00000214562,ENSMFAG00000065379
ENSG00000214562,ENSMFAG00000037467
ENSG00000214562,ENSMFAG00000048063
ENSG00000214562,ENSMFAG00000059873
ENSG00000092200,ENSMFAG00000004014
ENSG00000119950,ENSMFAG00000030475
ENSG00000150628,ENSMFAG00000033699
ENSG00000137094,ENSMFAG00000032427
ENSG00000183072,ENSMFAG00000034569
ENSG00000185758,ENSMFAG00000008066
ENSG00000129128,ENSMFAG00000001302
ENSG00000184108,ENSMFAG00000033726
ENSG00000104901,ENSMFAG00000033720
ENSG00000226650,ENSMFAG00000004610
ENSG00000167104,ENSMFAG00000036761
ENSG00000136834,ENSMFAG00000043292
ENSG00000239590,ENSMFAG00000043044
ENSG00000277904,ENSMFAG00000011120
ENSG00000252661,ENSMFAG00000010440
ENSG00000241172,ENSMFAG00000047199
ENSG00000241172,ENSMFAG00000059542
ENSG00000252973,ENSMFAG00000015410
ENSG00000165202,ENSMFAG00000058086
ENSG00000201894,ENSMFAG00000049786
ENSG00000200179,ENSMFAG00000008948
ENSG00000099953,ENSMFAG00000036374
ENSG00000239948,ENSMFAG00000008704
ENSG00000107249,ENSMFAG00000030908
ENSG00000113742,ENSMFAG00000003075
ENSG00000182393,ENSMFAG00000040173
ENSG00000125861,ENSMFAG00000040842
ENSG00000212027,ENSMFAG00000011421
ENSG00000265727,ENSMFAG00000023298
ENSG00000207820,ENSMFAG00000009304
ENSG00000199168,ENSMFAG00000006079
ENSG00000187969,ENSMFAG00000039978
ENSG00000241983,ENSMFAG00000014657
ENSG00000176401,ENSMFAG00000053959
ENSG00000101812,ENSMFAG00000041473
ENSG00000176396,ENSMFAG00000049664
ENSG00000101974,ENSMFAG00000043019
ENSG00000204851,ENSMFAG00000035539
ENSG00000197380,ENSMFAG00000030779
ENSG00000164120,ENSMFAG00000041220
ENSG00000187772,ENSMFAG00000065717
ENSG00000243560,ENSMFAG00000005067
ENSG00000130545,ENSMFAG00000040330
ENSG00000164434,ENSMFAG00000045709
ENSG00000099995,ENSMFAG00000031979
ENSG00000200208,ENSMFAG00000049789
ENSG00000222640,ENSMFAG00000021318
ENSG00000252263,ENSMFAG00000013808
ENSG00000134007,ENSMFAG00000056245
ENSG00000125815,ENSMFAG00000033001
ENSG00000240837,ENSMFAG00000023023
ENSG00000130957,ENSMFAG00000025800
ENSG00000199285,ENSMFAG00000009423
ENSG00000170604,ENSMFAG00000061076
ENSG00000188425,ENSMFAG00000017215
ENSG00000008438,ENSMFAG00000032464
ENSG00000119616,ENSMFAG00000043357
ENSG00000222426,ENSMFAG00000009975
ENSG00000207032,ENSMFAG00000005791
ENSG00000112837,ENSMFAG00000039688
ENSG00000188624,ENSMFAG00000003659
ENSG00000206907,ENSMFAG00000004213
ENSG00000165181,ENSMFAG00000039780
ENSG00000101435,ENSMFAG00000045303
ENSG00000173335,ENSMFAG00000051852
ENSG00000173335,ENSMFAG00000002225
ENSG00000104941,ENSMFAG00000029233
ENSG00000101441,ENSMFAG00000001311
ENSG00000101441,ENSMFAG00000032358
ENSG00000151005,ENSMFAG00000040704
ENSG00000123500,ENSMFAG00000038014
ENSG00000277864,ENSMFAG00000010104
ENSG00000174145,ENSMFAG00000003920
ENSG00000278818,ENSMFAG00000016245
ENSG00000126775,ENSMFAG00000045831
ENSG00000184983,ENSMFAG00000039783
ENSG00000252931,ENSMFAG00000005928
ENSG00000250479,ENSMFAG00000040582
ENSG00000188107,ENSMFAG00000032080
ENSG00000185149,ENSMFAG00000017146
ENSG00000200206,ENSMFAG00000019107
ENSG00000200742,ENSMFAG00000009258
ENSG00000273540,ENSMFAG00000040080
ENSG00000072121,ENSMFAG00000036640
ENSG00000100170,ENSMFAG00000042201
ENSG00000064313,ENSMFAG00000003672
ENSG00000127452,ENSMFAG00000042424
ENSG00000212282,ENSMFAG00000008485
ENSG00000206780,ENSMFAG00000029958
ENSG00000243005,ENSMFAG00000012714
ENSG00000239001,ENSMFAG00000055399
ENSG00000164325,ENSMFAG00000002335
ENSG00000243548,ENSMFAG00000060121
ENSG00000222206,ENSMFAG00000012942
ENSG00000238694,ENSMFAG00000061633
ENSG00000206665,ENSMFAG00000036258
ENSG00000200720,ENSMFAG00000004774
ENSG00000201026,ENSMFAG00000005650
ENSG00000252243,ENSMFAG00000004255
ENSG00000199773,ENSMFAG00000014392
ENSG00000252913,ENSMFAG00000006477
ENSG00000239112,ENSMFAG00000020222
ENSG00000216077,ENSMFAG00000005908
ENSG00000212305,ENSMFAG00000008616
ENSG00000201775,ENSMFAG00000034734
ENSG00000202269,ENSMFAG00000015895
ENSG00000252890,ENSMFAG00000005561
ENSG00000252104,ENSMFAG00000040893
ENSG00000201436,ENSMFAG00000049439
ENSG00000206629,ENSMFAG00000042738
ENSG00000276764,ENSMFAG00000007777
ENSG00000223188,ENSMFAG00000014880
ENSG00000241552,ENSMFAG00000009880
ENSG00000201676,ENSMFAG00000058425
ENSG00000212278,ENSMFAG00000020122
ENSG00000212278,ENSMFAG00000020215
ENSG00000277455,ENSMFAG00000051615
ENSG00000277455,ENSMFAG00000050549
ENSG00000264169,ENSMFAG00000023831
ENSG00000252083,ENSMFAG00000004933
ENSG00000200108,ENSMFAG00000052670
ENSG00000200600,ENSMFAG00000052461
ENSG00000136870,ENSMFAG00000045567
ENSG00000222560,ENSMFAG00000017626
ENSG00000201016,ENSMFAG00000005740
ENSG00000200622,ENSMFAG00000063665
ENSG00000199911,ENSMFAG00000008038
ENSG00000199529,ENSMFAG00000007539
ENSG00000199731,ENSMFAG00000004263
ENSG00000252470,ENSMFAG00000008580
ENSG00000207052,ENSMFAG00000054584
ENSG00000207956,ENSMFAG00000018154
ENSG00000223004,ENSMFAG00000064590
ENSG00000252460,ENSMFAG00000018748
ENSG00000252373,ENSMFAG00000009764
ENSG00000275994,ENSMFAG00000004637
ENSG00000251887,ENSMFAG00000055618
ENSG00000243227,ENSMFAG00000013928
ENSG00000252117,ENSMFAG00000054234
ENSG00000252117,ENSMFAG00000059351
ENSG00000252867,ENSMFAG00000037406
ENSG00000252867,ENSMFAG00000059596
ENSG00000252867,ENSMFAG00000062499
ENSG00000252475,ENSMFAG00000054234
ENSG00000252475,ENSMFAG00000059351
ENSG00000201368,ENSMFAG00000011260
ENSG00000252288,ENSMFAG00000064238
ENSG00000252288,ENSMFAG00000054704
ENSG00000212550,ENSMFAG00000062074
ENSG00000212550,ENSMFAG00000047243
ENSG00000238441,ENSMFAG00000012406
ENSG00000200237,ENSMFAG00000055377
ENSG00000252183,ENSMFAG00000037447
ENSG00000199552,ENSMFAG00000061839
ENSG00000201752,ENSMFAG00000006382
ENSG00000199361,ENSMFAG00000014157
ENSG00000212359,ENSMFAG00000008332
ENSG00000207060,ENSMFAG00000054719
ENSG00000200553,ENSMFAG00000047997
ENSG00000206606,ENSMFAG00000004801
ENSG00000222960,ENSMFAG00000038203
ENSG00000207148,ENSMFAG00000056163
ENSG00000207627,ENSMFAG00000006383
ENSG00000221803,ENSMFAG00000021414
ENSG00000240637,ENSMFAG00000019685
ENSG00000241230,ENSMFAG00000016507
ENSG00000165338,ENSMFAG00000012546
ENSG00000283432,ENSMFAG00000035027
ENSG00000178935,ENSMFAG00000032350
ENSG00000185838,ENSMFAG00000045528
ENSG00000239168,ENSMFAG00000006671
ENSG00000207121,ENSMFAG00000008410
ENSG00000207293,ENSMFAG00000053109
ENSG00000253032,ENSMFAG00000004914
ENSG00000167014,ENSMFAG00000046371
ENSG00000240014,ENSMFAG00000023717
ENSG00000207439,ENSMFAG00000014854
ENSG00000242547,ENSMFAG00000013616
ENSG00000201869,ENSMFAG00000005092
ENSG00000274535,ENSMFAG00000004554
ENSG00000212215,ENSMFAG00000033810
ENSG00000199634,ENSMFAG00000007182
ENSG00000238913,ENSMFAG00000055236
ENSG00000206711,ENSMFAG00000023395
ENSG00000202157,ENSMFAG00000017948
ENSG00000265684,ENSMFAG00000024133
ENSG00000171133,ENSMFAG00000014044
ENSG00000206744,ENSMFAG00000038955
ENSG00000200521,ENSMFAG00000057648
ENSG00000124313,ENSMFAG00000037994
ENSG00000240772,ENSMFAG00000016480
ENSG00000252861,ENSMFAG00000018732
ENSG00000207013,ENSMFAG00000009353
ENSG00000201433,ENSMFAG00000014101
ENSG00000251739,ENSMFAG00000014696
ENSG00000277506,ENSMFAG00000064416
ENSG00000252157,ENSMFAG00000006965
ENSG00000201516,ENSMFAG00000009388
ENSG00000207077,ENSMFAG00000019064
ENSG00000244512,ENSMFAG00000017905
ENSG00000222582,ENSMFAG00000040478
ENSG00000199378,ENSMFAG00000012611
ENSG00000201085,ENSMFAG00000014295
ENSG00000199643,ENSMFAG00000007112
ENSG00000202215,ENSMFAG00000018807
ENSG00000207404,ENSMFAG00000011726
ENSG00000212191,ENSMFAG00000007746
ENSG00000212457,ENSMFAG00000040236
ENSG00000200269,ENSMFAG00000014026
ENSG00000283498,ENSMFAG00000053924
ENSG00000283498,ENSMFAG00000053777
ENSG00000283498,ENSMFAG00000064564
ENSG00000283498,ENSMFAG00000063931
ENSG00000283498,ENSMFAG00000065418
ENSG00000283498,ENSMFAG00000049909
ENSG00000276047,ENSMFAG00000008131
ENSG00000243333,ENSMFAG00000053513
ENSG00000238363,ENSMFAG00000006999
ENSG00000252185,ENSMFAG00000047591
ENSG00000207177,ENSMFAG00000009525
ENSG00000212588,ENSMFAG00000014627
ENSG00000223179,ENSMFAG00000061851
ENSG00000206786,ENSMFAG00000034882
ENSG00000212490,ENSMFAG00000034709
ENSG00000199901,ENSMFAG00000049959
ENSG00000178997,ENSMFAG00000034670
ENSG00000252514,ENSMFAG00000055465
ENSG00000128045,ENSMFAG00000037233
ENSG00000119138,ENSMFAG00000035395
ENSG00000222973,ENSMFAG00000009842
ENSG00000263432,ENSMFAG00000011777
ENSG00000202082,ENSMFAG00000057932
ENSG00000264615,ENSMFAG00000059179
ENSG00000264615,ENSMFAG00000061375
ENSG00000264615,ENSMFAG00000056150
ENSG00000222609,ENSMFAG00000006891
ENSG00000238904,ENSMFAG00000064143
ENSG00000239390,ENSMFAG00000010842
ENSG00000173480,ENSMFAG00000044928
ENSG00000252266,ENSMFAG00000036214
ENSG00000221043,ENSMFAG00000020622
ENSG00000222213,ENSMFAG00000022608
ENSG00000252068,ENSMFAG00000015591
ENSG00000241963,ENSMFAG00000018445
ENSG00000241037,ENSMFAG00000008766
ENSG00000199047,ENSMFAG00000017663
ENSG00000206819,ENSMFAG00000014492
ENSG00000242928,ENSMFAG00000014349
ENSG00000164113,ENSMFAG00000003813
ENSG00000212529,ENSMFAG00000004724
ENSG00000222626,ENSMFAG00000021724
ENSG00000199219,ENSMFAG00000018700
ENSG00000201277,ENSMFAG00000050798
ENSG00000206845,ENSMFAG00000005644
ENSG00000200555,ENSMFAG00000006053
ENSG00000198995,ENSMFAG00000012727
ENSG00000206686,ENSMFAG00000049860
ENSG00000206686,ENSMFAG00000061477
ENSG00000273940,ENSMFAG00000018069
ENSG00000152454,ENSMFAG00000032589
ENSG00000238749,ENSMFAG00000050599
ENSG00000275904,ENSMFAG00000050599
ENSG00000274098,ENSMFAG00000018069
ENSG00000278010,ENSMFAG00000021660
ENSG00000199409,ENSMFAG00000053988
ENSG00000199540,ENSMFAG00000056243
ENSG00000199540,ENSMFAG00000051460
ENSG00000278551,ENSMFAG00000051610
ENSG00000278551,ENSMFAG00000055172
ENSG00000278551,ENSMFAG00000065822
ENSG00000278551,ENSMFAG00000056102
ENSG00000171855,ENSMFAG00000029241
ENSG00000185115,ENSMFAG00000058292
ENSG00000177047,ENSMFAG00000048122
ENSG00000146383,ENSMFAG00000030698
ENSG00000137080,ENSMFAG00000055488
ENSG00000137080,ENSMFAG00000061198
ENSG00000137080,ENSMFAG00000050022
ENSG00000137080,ENSMFAG00000063486
ENSG00000221125,ENSMFAG00000020550
ENSG00000276729,ENSMFAG00000062144
ENSG00000140279,ENSMFAG00000029863
ENSG00000066230,ENSMFAG00000003512
ENSG00000100427,ENSMFAG00000024753
ENSG00000148357,ENSMFAG00000036140
ENSG00000142511,ENSMFAG00000003821
ENSG00000173626,ENSMFAG00000055248
ENSG00000221381,ENSMFAG00000065553
ENSG00000221241,ENSMFAG00000055494
ENSG00000220988,ENSMFAG00000058610
ENSG00000200294,ENSMFAG00000006518
ENSG00000200170,ENSMFAG00000011563
ENSG00000202513,ENSMFAG00000040466
ENSG00000160396,ENSMFAG00000043018
ENSG00000146378,ENSMFAG00000044568
ENSG00000200218,ENSMFAG00000049549
ENSG00000277510,ENSMFAG00000060155
ENSG00000238446,ENSMFAG00000011623
ENSG00000170848,ENSMFAG00000053750
ENSG00000170848,ENSMFAG00000061203
ENSG00000170848,ENSMFAG00000046378
ENSG00000170848,ENSMFAG00000043957
ENSG00000112378,ENSMFAG00000054526
ENSG00000201050,ENSMFAG00000055332
ENSG00000212332,ENSMFAG00000007079
ENSG00000155918,ENSMFAG00000039565
ENSG00000156395,ENSMFAG00000044111
ENSG00000179751,ENSMFAG00000032892
ENSG00000176979,ENSMFAG00000056784
ENSG00000187912,ENSMFAG00000043558
ENSG00000212511,ENSMFAG00000011425
ENSG00000187689,ENSMFAG00000036874
ENSG00000138135,ENSMFAG00000058457
ENSG00000112038,ENSMFAG00000002542
ENSG00000168828,ENSMFAG00000058117
ENSG00000177992,ENSMFAG00000065680
ENSG00000177992,ENSMFAG00000043884
ENSG00000119917,ENSMFAG00000045508
ENSG00000274350,ENSMFAG00000048357
ENSG00000274350,ENSMFAG00000059562
ENSG00000274350,ENSMFAG00000058437
ENSG00000274350,ENSMFAG00000063706
ENSG00000274350,ENSMFAG00000061341
ENSG00000274350,ENSMFAG00000063169
ENSG00000274350,ENSMFAG00000049465
ENSG00000274350,ENSMFAG00000052671
ENSG00000274350,ENSMFAG00000055294
ENSG00000274350,ENSMFAG00000049804
ENSG00000274350,ENSMFAG00000051539
ENSG00000274350,ENSMFAG00000049826
ENSG00000274350,ENSMFAG00000051960
ENSG00000274350,ENSMFAG00000057986
ENSG00000274350,ENSMFAG00000004477
ENSG00000274350,ENSMFAG00000048560
ENSG00000274350,ENSMFAG00000047903
ENSG00000274350,ENSMFAG00000064277
ENSG00000274350,ENSMFAG00000048920
ENSG00000274350,ENSMFAG00000048963
ENSG00000274350,ENSMFAG00000057676
ENSG00000274350,ENSMFAG00000053325
ENSG00000274350,ENSMFAG00000055680
ENSG00000274350,ENSMFAG00000059705
ENSG00000274350,ENSMFAG00000053480
ENSG00000274350,ENSMFAG00000051739
ENSG00000274350,ENSMFAG00000054491
ENSG00000274350,ENSMFAG00000059264
ENSG00000274350,ENSMFAG00000056270
ENSG00000274350,ENSMFAG00000052332
ENSG00000274350,ENSMFAG00000060729
ENSG00000274350,ENSMFAG00000050781
ENSG00000274350,ENSMFAG00000063376
ENSG00000274350,ENSMFAG00000049403
ENSG00000274350,ENSMFAG00000061279
ENSG00000274350,ENSMFAG00000052458
ENSG00000274350,ENSMFAG00000057191
ENSG00000274350,ENSMFAG00000048614
ENSG00000274350,ENSMFAG00000054573
ENSG00000274350,ENSMFAG00000048997
ENSG00000274350,ENSMFAG00000060902
ENSG00000274350,ENSMFAG00000064347
ENSG00000274350,ENSMFAG00000063300
ENSG00000274350,ENSMFAG00000064387
ENSG00000274350,ENSMFAG00000063037
ENSG00000274350,ENSMFAG00000062525
ENSG00000274350,ENSMFAG00000053243
ENSG00000274350,ENSMFAG00000051213
ENSG00000274350,ENSMFAG00000064247
ENSG00000274350,ENSMFAG00000061570
ENSG00000274350,ENSMFAG00000054551
ENSG00000274350,ENSMFAG00000065118
ENSG00000274350,ENSMFAG00000062971
ENSG00000274350,ENSMFAG00000057931
ENSG00000274350,ENSMFAG00000065311
ENSG00000274350,ENSMFAG00000058544
ENSG00000274350,ENSMFAG00000059320
ENSG00000274350,ENSMFAG00000058376
ENSG00000274350,ENSMFAG00000054817
ENSG00000274350,ENSMFAG00000047648
ENSG00000274350,ENSMFAG00000054247
ENSG00000274350,ENSMFAG00000053282
ENSG00000274350,ENSMFAG00000060250
ENSG00000274350,ENSMFAG00000065506
ENSG00000274350,ENSMFAG00000005057
ENSG00000274350,ENSMFAG00000052747
ENSG00000274350,ENSMFAG00000049880
ENSG00000274350,ENSMFAG00000056776
ENSG00000274350,ENSMFAG00000048040
ENSG00000274350,ENSMFAG00000049395
ENSG00000274350,ENSMFAG00000051569
ENSG00000274350,ENSMFAG00000050275
ENSG00000274350,ENSMFAG00000060922
ENSG00000274350,ENSMFAG00000065274
ENSG00000274350,ENSMFAG00000054893
ENSG00000274350,ENSMFAG00000047332
ENSG00000274350,ENSMFAG00000052927
ENSG00000274350,ENSMFAG00000060727
ENSG00000274350,ENSMFAG00000065759
ENSG00000164972,ENSMFAG00000046012
ENSG00000169594,ENSMFAG00000000765
ENSG00000196421,ENSMFAG00000055670
ENSG00000238523,ENSMFAG00000053492
ENSG00000101871,ENSMFAG00000037182
ENSG00000243782,ENSMFAG00000023932
ENSG00000227268,ENSMFAG00000001967
ENSG00000130950,ENSMFAG00000035391
ENSG00000200891,ENSMFAG00000061052
ENSG00000203883,ENSMFAG00000061230
ENSG00000150347,ENSMFAG00000036687
ENSG00000207766,ENSMFAG00000062829
ENSG00000169856,ENSMFAG00000005880
ENSG00000132464,ENSMFAG00000030956
ENSG00000244677,ENSMFAG00000014555
ENSG00000188869,ENSMFAG00000034546
ENSG00000243546,ENSMFAG00000012565
ENSG00000165124,ENSMFAG00000043533
ENSG00000168348,ENSMFAG00000009696
ENSG00000173976,ENSMFAG00000065615
ENSG00000180205,ENSMFAG00000036538
ENSG00000166343,ENSMFAG00000001614
ENSG00000132467,ENSMFAG00000013579
ENSG00000180305,ENSMFAG00000045953
ENSG00000207448,ENSMFAG00000007229
ENSG00000207058,ENSMFAG00000009212
ENSG00000283313,ENSMFAG00000033506
ENSG00000180083,ENSMFAG00000040005
ENSG00000231396,ENSMFAG00000047397
ENSG00000231396,ENSMFAG00000057907
ENSG00000231396,ENSMFAG00000060523
ENSG00000231396,ENSMFAG00000054353
ENSG00000231396,ENSMFAG00000065626
ENSG00000231396,ENSMFAG00000052015
ENSG00000231396,ENSMFAG00000064487
ENSG00000231396,ENSMFAG00000051928
ENSG00000231396,ENSMFAG00000047323
ENSG00000231396,ENSMFAG00000047547
ENSG00000200959,ENSMFAG00000014446
ENSG00000233136,ENSMFAG00000047397
ENSG00000233136,ENSMFAG00000057907
ENSG00000233136,ENSMFAG00000060523
ENSG00000233136,ENSMFAG00000054353
ENSG00000233136,ENSMFAG00000065626
ENSG00000233136,ENSMFAG00000052015
ENSG00000233136,ENSMFAG00000064487
ENSG00000233136,ENSMFAG00000051928
ENSG00000233136,ENSMFAG00000047323
ENSG00000233136,ENSMFAG00000047547
ENSG00000227551,ENSMFAG00000047397
ENSG00000227551,ENSMFAG00000057907
ENSG00000227551,ENSMFAG00000060523
ENSG00000227551,ENSMFAG00000054353
ENSG00000227551,ENSMFAG00000065626
ENSG00000227551,ENSMFAG00000052015
ENSG00000227551,ENSMFAG00000064487
ENSG00000227551,ENSMFAG00000051928
ENSG00000227551,ENSMFAG00000047323
ENSG00000227551,ENSMFAG00000047547
ENSG00000122026,ENSMFAG00000053340
ENSG00000122026,ENSMFAG00000048795
ENSG00000122026,ENSMFAG00000047841
ENSG00000140009,ENSMFAG00000036698
ENSG00000105085,ENSMFAG00000047757
ENSG00000232399,ENSMFAG00000047397
ENSG00000232399,ENSMFAG00000057907
ENSG00000232399,ENSMFAG00000060523
ENSG00000232399,ENSMFAG00000054353
ENSG00000232399,ENSMFAG00000065626
ENSG00000232399,ENSMFAG00000052015
ENSG00000232399,ENSMFAG00000064487
ENSG00000232399,ENSMFAG00000051928
ENSG00000232399,ENSMFAG00000047323
ENSG00000232399,ENSMFAG00000047547
ENSG00000249104,ENSMFAG00000047397
ENSG00000249104,ENSMFAG00000057907
ENSG00000249104,ENSMFAG00000060523
ENSG00000249104,ENSMFAG00000054353
ENSG00000249104,ENSMFAG00000065626
ENSG00000249104,ENSMFAG00000052015
ENSG00000249104,ENSMFAG00000064487
ENSG00000249104,ENSMFAG00000051928
ENSG00000249104,ENSMFAG00000047323
ENSG00000249104,ENSMFAG00000047547
ENSG00000250844,ENSMFAG00000047397
ENSG00000250844,ENSMFAG00000057907
ENSG00000250844,ENSMFAG00000060523
ENSG00000250844,ENSMFAG00000054353
ENSG00000250844,ENSMFAG00000065626
ENSG00000250844,ENSMFAG00000052015
ENSG00000250844,ENSMFAG00000064487
ENSG00000250844,ENSMFAG00000051928
ENSG00000250844,ENSMFAG00000047323
ENSG00000250844,ENSMFAG00000047547
ENSG00000250913,ENSMFAG00000047397
ENSG00000250913,ENSMFAG00000057907
ENSG00000250913,ENSMFAG00000060523
ENSG00000250913,ENSMFAG00000054353
ENSG00000250913,ENSMFAG00000065626
ENSG00000250913,ENSMFAG00000052015
ENSG00000250913,ENSMFAG00000064487
ENSG00000250913,ENSMFAG00000051928
ENSG00000250913,ENSMFAG00000047323
ENSG00000250913,ENSMFAG00000047547
ENSG00000227140,ENSMFAG00000047397
ENSG00000227140,ENSMFAG00000057907
ENSG00000227140,ENSMFAG00000060523
ENSG00000227140,ENSMFAG00000054353
ENSG00000227140,ENSMFAG00000065626
ENSG00000227140,ENSMFAG00000052015
ENSG00000227140,ENSMFAG00000064487
ENSG00000227140,ENSMFAG00000051928
ENSG00000227140,ENSMFAG00000047323
ENSG00000227140,ENSMFAG00000047547
ENSG00000235780,ENSMFAG00000047397
ENSG00000235780,ENSMFAG00000057907
ENSG00000235780,ENSMFAG00000060523
ENSG00000235780,ENSMFAG00000054353
ENSG00000235780,ENSMFAG00000065626
ENSG00000235780,ENSMFAG00000052015
ENSG00000235780,ENSMFAG00000064487
ENSG00000235780,ENSMFAG00000051928
ENSG00000235780,ENSMFAG00000047323
ENSG00000235780,ENSMFAG00000047547
ENSG00000231051,ENSMFAG00000047397
ENSG00000231051,ENSMFAG00000057907
ENSG00000231051,ENSMFAG00000060523
ENSG00000231051,ENSMFAG00000054353
ENSG00000231051,ENSMFAG00000065626
ENSG00000231051,ENSMFAG00000052015
ENSG00000231051,ENSMFAG00000064487
ENSG00000231051,ENSMFAG00000051928
ENSG00000231051,ENSMFAG00000047323
ENSG00000231051,ENSMFAG00000047547
ENSG00000231637,ENSMFAG00000047397
ENSG00000231637,ENSMFAG00000057907
ENSG00000231637,ENSMFAG00000060523
ENSG00000231637,ENSMFAG00000054353
ENSG00000231637,ENSMFAG00000065626
ENSG00000231637,ENSMFAG00000052015
ENSG00000231637,ENSMFAG00000064487
ENSG00000231637,ENSMFAG00000051928
ENSG00000231637,ENSMFAG00000047323
ENSG00000231637,ENSMFAG00000047547
ENSG00000228856,ENSMFAG00000047397
ENSG00000228856,ENSMFAG00000057907
ENSG00000228856,ENSMFAG00000060523
ENSG00000228856,ENSMFAG00000054353
ENSG00000228856,ENSMFAG00000065626
ENSG00000228856,ENSMFAG00000052015
ENSG00000228856,ENSMFAG00000064487
ENSG00000228856,ENSMFAG00000051928
ENSG00000228856,ENSMFAG00000047323
ENSG00000228856,ENSMFAG00000047547
ENSG00000250745,ENSMFAG00000047397
ENSG00000250745,ENSMFAG00000057907
ENSG00000250745,ENSMFAG00000060523
ENSG00000250745,ENSMFAG00000054353
ENSG00000250745,ENSMFAG00000065626
ENSG00000250745,ENSMFAG00000052015
ENSG00000250745,ENSMFAG00000064487
ENSG00000250745,ENSMFAG00000051928
ENSG00000250745,ENSMFAG00000047323
ENSG00000250745,ENSMFAG00000047547
ENSG00000200378,ENSMFAG00000010214
ENSG00000249811,ENSMFAG00000047397
ENSG00000249811,ENSMFAG00000057907
ENSG00000249811,ENSMFAG00000060523
ENSG00000249811,ENSMFAG00000054353
ENSG00000249811,ENSMFAG00000065626
ENSG00000249811,ENSMFAG00000052015
ENSG00000249811,ENSMFAG00000064487
ENSG00000249811,ENSMFAG00000051928
ENSG00000249811,ENSMFAG00000047323
ENSG00000249811,ENSMFAG00000047547
ENSG00000274660,ENSMFAG00000059891
ENSG00000274660,ENSMFAG00000059519
ENSG00000274660,ENSMFAG00000064189
ENSG00000274660,ENSMFAG00000053031
ENSG00000274660,ENSMFAG00000059187
ENSG00000274660,ENSMFAG00000056953
ENSG00000274660,ENSMFAG00000048079
ENSG00000274660,ENSMFAG00000051613
ENSG00000274660,ENSMFAG00000049039
ENSG00000274660,ENSMFAG00000050456
ENSG00000274660,ENSMFAG00000049029
ENSG00000274660,ENSMFAG00000059977
ENSG00000274660,ENSMFAG00000064620
ENSG00000274660,ENSMFAG00000061627
ENSG00000274660,ENSMFAG00000058172
ENSG00000274660,ENSMFAG00000051580
ENSG00000274660,ENSMFAG00000055817
ENSG00000274660,ENSMFAG00000054781
ENSG00000274660,ENSMFAG00000047476
ENSG00000274660,ENSMFAG00000059781
ENSG00000274660,ENSMFAG00000053602
ENSG00000274660,ENSMFAG00000065186
ENSG00000274660,ENSMFAG00000008290
ENSG00000274660,ENSMFAG00000062491
ENSG00000274660,ENSMFAG00000061868
ENSG00000274660,ENSMFAG00000056581
ENSG00000274660,ENSMFAG00000059092
ENSG00000274660,ENSMFAG00000060541
ENSG00000274660,ENSMFAG00000060442
ENSG00000274660,ENSMFAG00000055777
ENSG00000274660,ENSMFAG00000054975
ENSG00000274660,ENSMFAG00000062987
ENSG00000274660,ENSMFAG00000061695
ENSG00000274660,ENSMFAG00000048420
ENSG00000274660,ENSMFAG00000061981
ENSG00000274660,ENSMFAG00000048345
ENSG00000274660,ENSMFAG00000061823
ENSG00000274660,ENSMFAG00000061987
ENSG00000274660,ENSMFAG00000050950
ENSG00000274660,ENSMFAG00000051088
ENSG00000274660,ENSMFAG00000061642
ENSG00000274660,ENSMFAG00000063474
ENSG00000274660,ENSMFAG00000060935
ENSG00000274660,ENSMFAG00000062626
ENSG00000274660,ENSMFAG00000053291
ENSG00000274660,ENSMFAG00000062965
ENSG00000274660,ENSMFAG00000059584
ENSG00000274660,ENSMFAG00000064297
ENSG00000274660,ENSMFAG00000055951
ENSG00000248933,ENSMFAG00000047397
ENSG00000248933,ENSMFAG00000057907
ENSG00000248933,ENSMFAG00000060523
ENSG00000248933,ENSMFAG00000054353
ENSG00000248933,ENSMFAG00000065626
ENSG00000248933,ENSMFAG00000052015
ENSG00000248933,ENSMFAG00000064487
ENSG00000248933,ENSMFAG00000051928
ENSG00000248933,ENSMFAG00000047323
ENSG00000248933,ENSMFAG00000047547
ENSG00000251842,ENSMFAG00000050941
ENSG00000207714,ENSMFAG00000010799
ENSG00000232264,ENSMFAG00000047397
ENSG00000232264,ENSMFAG00000057907
ENSG00000232264,ENSMFAG00000060523
ENSG00000232264,ENSMFAG00000054353
ENSG00000232264,ENSMFAG00000065626
ENSG00000232264,ENSMFAG00000052015
ENSG00000232264,ENSMFAG00000064487
ENSG00000232264,ENSMFAG00000051928
ENSG00000232264,ENSMFAG00000047323
ENSG00000232264,ENSMFAG00000047547
ENSG00000183709,ENSMFAG00000061225
ENSG00000183709,ENSMFAG00000051454
ENSG00000230430,ENSMFAG00000047397
ENSG00000230430,ENSMFAG00000057907
ENSG00000230430,ENSMFAG00000060523
ENSG00000230430,ENSMFAG00000054353
ENSG00000230430,ENSMFAG00000065626
ENSG00000230430,ENSMFAG00000052015
ENSG00000230430,ENSMFAG00000064487
ENSG00000230430,ENSMFAG00000051928
ENSG00000230430,ENSMFAG00000047323
ENSG00000230430,ENSMFAG00000047547
ENSG00000229579,ENSMFAG00000047397
ENSG00000229579,ENSMFAG00000057907
ENSG00000229579,ENSMFAG00000060523
ENSG00000229579,ENSMFAG00000054353
ENSG00000229579,ENSMFAG00000065626
ENSG00000229579,ENSMFAG00000052015
ENSG00000229579,ENSMFAG00000064487
ENSG00000229579,ENSMFAG00000051928
ENSG00000229579,ENSMFAG00000047323
ENSG00000229579,ENSMFAG00000047547
ENSG00000107815,ENSMFAG00000032824
ENSG00000248920,ENSMFAG00000047397
ENSG00000248920,ENSMFAG00000057907
ENSG00000248920,ENSMFAG00000060523
ENSG00000248920,ENSMFAG00000054353
ENSG00000248920,ENSMFAG00000065626
ENSG00000248920,ENSMFAG00000052015
ENSG00000248920,ENSMFAG00000064487
ENSG00000248920,ENSMFAG00000051928
ENSG00000248920,ENSMFAG00000047323
ENSG00000248920,ENSMFAG00000047547
ENSG00000069018,ENSMFAG00000001536
ENSG00000250298,ENSMFAG00000007005
ENSG00000030304,ENSMFAG00000030822
ENSG00000182264,ENSMFAG00000016667
ENSG00000202542,ENSMFAG00000013587
ENSG00000199784,ENSMFAG00000004497
ENSG00000170917,ENSMFAG00000044387
ENSG00000272469,ENSMFAG00000008108
ENSG00000212526,ENSMFAG00000014915
ENSG00000175606,ENSMFAG00000062169
ENSG00000207702,ENSMFAG00000064788
ENSG00000187806,ENSMFAG00000037341
ENSG00000119922,ENSMFAG00000044215
ENSG00000105550,ENSMFAG00000031896
ENSG00000222666,ENSMFAG00000061353
ENSG00000252030,ENSMFAG00000033500
ENSG00000201786,ENSMFAG00000051167
ENSG00000243883,ENSMFAG00000011781
ENSG00000276376,ENSMFAG00000057759
ENSG00000207483,ENSMFAG00000055014
ENSG00000201001,ENSMFAG00000035210
ENSG00000109471,ENSMFAG00000035827
ENSG00000196391,ENSMFAG00000000515
ENSG00000212348,ENSMFAG00000019774
ENSG00000212485,ENSMFAG00000007060
ENSG00000070748,ENSMFAG00000045379
ENSG00000178125,ENSMFAG00000001342
ENSG00000183476,ENSMFAG00000001416
ENSG00000120697,ENSMFAG00000019220
ENSG00000184716,ENSMFAG00000034158
ENSG00000137101,ENSMFAG00000032921
ENSG00000172733,ENSMFAG00000033747
ENSG00000197818,ENSMFAG00000002040
ENSG00000196711,ENSMFAG00000044072
ENSG00000252898,ENSMFAG00000016154
ENSG00000164107,ENSMFAG00000046008
ENSG00000215218,ENSMFAG00000050565
ENSG00000180061,ENSMFAG00000032979
ENSG00000133466,ENSMFAG00000047558
ENSG00000221461,ENSMFAG00000016032
ENSG00000118579,ENSMFAG00000058102
ENSG00000145863,ENSMFAG00000038886
ENSG00000168612,ENSMFAG00000044865
ENSG00000222607,ENSMFAG00000061293
ENSG00000205186,ENSMFAG00000034591
ENSG00000206641,ENSMFAG00000064097
ENSG00000252503,ENSMFAG00000022353
ENSG00000240723,ENSMFAG00000007793
ENSG00000276396,ENSMFAG00000018580
ENSG00000265892,ENSMFAG00000007874
ENSG00000207384,ENSMFAG00000016989
ENSG00000206722,ENSMFAG00000005168
ENSG00000200520,ENSMFAG00000052407
ENSG00000236543,ENSMFAG00000041629
ENSG00000207009,ENSMFAG00000022766
ENSG00000148386,ENSMFAG00000045861
ENSG00000185386,ENSMFAG00000002644
ENSG00000201297,ENSMFAG00000005984
ENSG00000164695,ENSMFAG00000026066
ENSG00000137766,ENSMFAG00000003096
ENSG00000132664,ENSMFAG00000002227
ENSG00000240545,ENSMFAG00000008803
ENSG00000265894,ENSMFAG00000017839
ENSG00000278226,ENSMFAG00000048667
ENSG00000160471,ENSMFAG00000002832
ENSG00000106689,ENSMFAG00000028670
ENSG00000222790,ENSMFAG00000020911
ENSG00000047315,ENSMFAG00000042250
ENSG00000136122,ENSMFAG00000045514
ENSG00000147536,ENSMFAG00000002972
ENSG00000107099,ENSMFAG00000008069
ENSG00000180043,ENSMFAG00000044642
ENSG00000101457,ENSMFAG00000044013
ENSG00000139914,ENSMFAG00000035783
ENSG00000095752,ENSMFAG00000029706
ENSG00000165762,ENSMFAG00000015734
ENSG00000177971,ENSMFAG00000008867
ENSG00000176253,ENSMFAG00000013050
ENSG00000155249,ENSMFAG00000062818
ENSG00000147533,ENSMFAG00000032651
ENSG00000239471,ENSMFAG00000009708
ENSG00000179954,ENSMFAG00000031455
ENSG00000007350,ENSMFAG00000031072
ENSG00000252712,ENSMFAG00000021629
ENSG00000156265,ENSMFAG00000035512
ENSG00000223271,ENSMFAG00000006884
ENSG00000131495,ENSMFAG00000049634
ENSG00000187714,ENSMFAG00000008697
ENSG00000253626,ENSMFAG00000038518
ENSG00000174446,ENSMFAG00000046383
ENSG00000180440,ENSMFAG00000040245
ENSG00000188816,ENSMFAG00000041320
ENSG00000139687,ENSMFAG00000004544
ENSG00000256453,ENSMFAG00000003284
ENSG00000174373,ENSMFAG00000043770
ENSG00000065809,ENSMFAG00000036972
ENSG00000199574,ENSMFAG00000011946
ENSG00000202529,ENSMFAG00000011980
ENSG00000199673,ENSMFAG00000014521
ENSG00000200623,ENSMFAG00000005890
ENSG00000261794,ENSMFAG00000031279
ENSG00000261794,ENSMFAG00000045338
ENSG00000261794,ENSMFAG00000053567
ENSG00000261794,ENSMFAG00000031744
ENSG00000185792,ENSMFAG00000031822
ENSG00000112706,ENSMFAG00000033339
ENSG00000188467,ENSMFAG00000033428
ENSG00000229292,ENSMFAG00000038706
ENSG00000100336,ENSMFAG00000031976
ENSG00000239367,ENSMFAG00000020782
ENSG00000126550,ENSMFAG00000003233
ENSG00000204131,ENSMFAG00000033144
ENSG00000186212,ENSMFAG00000053078
ENSG00000169306,ENSMFAG00000046382
ENSG00000201641,ENSMFAG00000011000
ENSG00000222592,ENSMFAG00000059201
ENSG00000074803,ENSMFAG00000031713
ENSG00000238797,ENSMFAG00000012771
ENSG00000177300,ENSMFAG00000012673
ENSG00000125534,ENSMFAG00000039551
ENSG00000196159,ENSMFAG00000000729
ENSG00000201666,ENSMFAG00000019020
ENSG00000147206,ENSMFAG00000045598
ENSG00000112029,ENSMFAG00000042214
ENSG00000118491,ENSMFAG00000003825
ENSG00000124256,ENSMFAG00000030920
ENSG00000154719,ENSMFAG00000032925
ENSG00000102763,ENSMFAG00000036408
ENSG00000206839,ENSMFAG00000005110
ENSG00000099937,ENSMFAG00000031107
ENSG00000239040,ENSMFAG00000007875
ENSG00000238585,ENSMFAG00000010887
ENSG00000222765,ENSMFAG00000021297
ENSG00000198028,ENSMFAG00000032192
ENSG00000240966,ENSMFAG00000009394
ENSG00000171408,ENSMFAG00000032923
ENSG00000207182,ENSMFAG00000013796
ENSG00000151615,ENSMFAG00000041516
ENSG00000130540,ENSMFAG00000037741
ENSG00000267710,ENSMFAG00000043238
ENSG00000189108,ENSMFAG00000036584
ENSG00000223569,ENSMFAG00000047397
ENSG00000223569,ENSMFAG00000057907
ENSG00000223569,ENSMFAG00000060523
ENSG00000223569,ENSMFAG00000054353
ENSG00000223569,ENSMFAG00000065626
ENSG00000223569,ENSMFAG00000052015
ENSG00000223569,ENSMFAG00000064487
ENSG00000223569,ENSMFAG00000051928
ENSG00000223569,ENSMFAG00000047323
ENSG00000223569,ENSMFAG00000047547
ENSG00000207171,ENSMFAG00000009177
ENSG00000242175,ENSMFAG00000020055
ENSG00000251906,ENSMFAG00000011232
ENSG00000171222,ENSMFAG00000058122
ENSG00000138684,ENSMFAG00000047192
ENSG00000268629,ENSMFAG00000002552
ENSG00000154059,ENSMFAG00000003606
ENSG00000154059,ENSMFAG00000052772
ENSG00000125787,ENSMFAG00000065333
ENSG00000080573,ENSMFAG00000043985
ENSG00000206864,ENSMFAG00000048531
ENSG00000276380,ENSMFAG00000028408
ENSG00000102096,ENSMFAG00000032689
ENSG00000130338,ENSMFAG00000002792
ENSG00000078898,ENSMFAG00000040564
ENSG00000102393,ENSMFAG00000032541
ENSG00000185818,ENSMFAG00000059887
ENSG00000222644,ENSMFAG00000058226
ENSG00000093072,ENSMFAG00000039427
ENSG00000235608,ENSMFAG00000002277
ENSG00000207807,ENSMFAG00000040419
ENSG00000200469,ENSMFAG00000006823
ENSG00000207480,ENSMFAG00000038205
ENSG00000145337,ENSMFAG00000002664
ENSG00000137449,ENSMFAG00000006541
ENSG00000101222,ENSMFAG00000003795
ENSG00000146416,ENSMFAG00000015355
ENSG00000243232,ENSMFAG00000043753
ENSG00000177910,ENSMFAG00000030681
ENSG00000177910,ENSMFAG00000002532
ENSG00000101342,ENSMFAG00000038882
ENSG00000204071,ENSMFAG00000028504
ENSG00000081913,ENSMFAG00000010807
ENSG00000080511,ENSMFAG00000042121
ENSG00000252725,ENSMFAG00000022273
ENSG00000214654,ENSMFAG00000062661
ENSG00000205929,ENSMFAG00000036953
ENSG00000171815,ENSMFAG00000021230
ENSG00000177076,ENSMFAG00000003867
ENSG00000164438,ENSMFAG00000048247
ENSG00000158856,ENSMFAG00000036684
ENSG00000142207,ENSMFAG00000034391
ENSG00000265740,ENSMFAG00000049173
ENSG00000206909,ENSMFAG00000029733
ENSG00000168269,ENSMFAG00000013114
ENSG00000177468,ENSMFAG00000027435
ENSG00000120215,ENSMFAG00000057459
ENSG00000164488,ENSMFAG00000054920
ENSG00000207317,ENSMFAG00000034802
ENSG00000124205,ENSMFAG00000039249
ENSG00000156384,ENSMFAG00000033346
ENSG00000209645,ENSMFAG00000010764
ENSG00000196376,ENSMFAG00000043289
ENSG00000238531,ENSMFAG00000027773
ENSG00000060069,ENSMFAG00000031816
ENSG00000176055,ENSMFAG00000001314
ENSG00000267534,ENSMFAG00000030545
ENSG00000107831,ENSMFAG00000003751
ENSG00000242493,ENSMFAG00000012144
ENSG00000251880,ENSMFAG00000013798
ENSG00000243439,ENSMFAG00000018520
ENSG00000240936,ENSMFAG00000018290
ENSG00000201483,ENSMFAG00000010956
ENSG00000206960,ENSMFAG00000064906
ENSG00000201367,ENSMFAG00000051415
ENSG00000201519,ENSMFAG00000015726
ENSG00000168944,ENSMFAG00000000165
ENSG00000242989,ENSMFAG00000012599
ENSG00000251830,ENSMFAG00000006480
ENSG00000200681,ENSMFAG00000051804
ENSG00000152439,ENSMFAG00000002205
ENSG00000199715,ENSMFAG00000064533
ENSG00000200957,ENSMFAG00000024447
ENSG00000212240,ENSMFAG00000006508
ENSG00000239953,ENSMFAG00000018824
ENSG00000212468,ENSMFAG00000034753
ENSG00000212532,ENSMFAG00000011514
ENSG00000252457,ENSMFAG00000011760
ENSG00000283329,ENSMFAG00000060866
ENSG00000240641,ENSMFAG00000023060
ENSG00000212229,ENSMFAG00000007774
ENSG00000102468,ENSMFAG00000060544
ENSG00000207581,ENSMFAG00000013677
ENSG00000238949,ENSMFAG00000012801
ENSG00000238697,ENSMFAG00000006442
ENSG00000119508,ENSMFAG00000001918
ENSG00000206886,ENSMFAG00000014878
ENSG00000252137,ENSMFAG00000015468
ENSG00000171649,ENSMFAG00000000509
ENSG00000201015,ENSMFAG00000055254
ENSG00000223044,ENSMFAG00000038910
ENSG00000222652,ENSMFAG00000060665
ENSG00000243124,ENSMFAG00000007825
ENSG00000240961,ENSMFAG00000011426
ENSG00000136147,ENSMFAG00000044828
ENSG00000202283,ENSMFAG00000035324
ENSG00000263479,ENSMFAG00000013370
ENSG00000200492,ENSMFAG00000011457
ENSG00000242560,ENSMFAG00000013141
ENSG00000221455,ENSMFAG00000011499
ENSG00000238386,ENSMFAG00000024241
ENSG00000252125,ENSMFAG00000005143
ENSG00000252125,ENSMFAG00000065244
ENSG00000238367,ENSMFAG00000011197
ENSG00000212147,ENSMFAG00000035216
ENSG00000200522,ENSMFAG00000006829
ENSG00000201386,ENSMFAG00000005629
ENSG00000206857,ENSMFAG00000049794
ENSG00000252498,ENSMFAG00000016190
ENSG00000200040,ENSMFAG00000060378
ENSG00000252944,ENSMFAG00000037431
ENSG00000207044,ENSMFAG00000052258
ENSG00000201613,ENSMFAG00000054284
ENSG00000202438,ENSMFAG00000058520
ENSG00000251882,ENSMFAG00000013994
ENSG00000206754,ENSMFAG00000057522
ENSG00000283409,ENSMFAG00000060980
ENSG00000222649,ENSMFAG00000013385
ENSG00000221500,ENSMFAG00000056209
ENSG00000200732,ENSMFAG00000015476
ENSG00000200534,ENSMFAG00000014035
ENSG00000200572,ENSMFAG00000012026
ENSG00000200176,ENSMFAG00000014605
ENSG00000284499,ENSMFAG00000014856
ENSG00000284538,ENSMFAG00000011069
ENSG00000238789,ENSMFAG00000012761
ENSG00000284107,ENSMFAG00000021918
ENSG00000284043,ENSMFAG00000011263
ENSG00000199246,ENSMFAG00000052886
ENSG00000222659,ENSMFAG00000010066
ENSG00000019186,ENSMFAG00000046397
ENSG00000238616,ENSMFAG00000057481
ENSG00000188100,ENSMFAG00000041417
ENSG00000188100,ENSMFAG00000043901
ENSG00000238594,ENSMFAG00000053436
ENSG00000212295,ENSMFAG00000036283
ENSG00000234828,ENSMFAG00000045917
ENSG00000202343,ENSMFAG00000009711
ENSG00000171804,ENSMFAG00000000398
ENSG00000207292,ENSMFAG00000050769
ENSG00000135355,ENSMFAG00000035012
ENSG00000106852,ENSMFAG00000044342
ENSG00000273946,ENSMFAG00000015820
ENSG00000119913,ENSMFAG00000036424
ENSG00000118412,ENSMFAG00000036833
ENSG00000171405,ENSMFAG00000038567
ENSG00000189184,ENSMFAG00000042004
ENSG00000181433,ENSMFAG00000043241
ENSG00000277136,ENSMFAG00000052518
ENSG00000252205,ENSMFAG00000024247
ENSG00000204978,ENSMFAG00000054258
ENSG00000207957,ENSMFAG00000060927
ENSG00000211583,ENSMFAG00000007107
ENSG00000207818,ENSMFAG00000061436
ENSG00000206796,ENSMFAG00000059297
ENSG00000206796,ENSMFAG00000048005
ENSG00000206796,ENSMFAG00000059484
ENSG00000206796,ENSMFAG00000050808
ENSG00000206796,ENSMFAG00000059581
ENSG00000244402,ENSMFAG00000064950
ENSG00000244402,ENSMFAG00000049821
ENSG00000252621,ENSMFAG00000064149
ENSG00000156574,ENSMFAG00000041504
ENSG00000105492,ENSMFAG00000002986
ENSG00000153684,ENSMFAG00000031279
ENSG00000153684,ENSMFAG00000045338
ENSG00000153684,ENSMFAG00000053567
ENSG00000153684,ENSMFAG00000031744
ENSG00000154721,ENSMFAG00000042681
ENSG00000201119,ENSMFAG00000047982
ENSG00000201119,ENSMFAG00000055811
ENSG00000201119,ENSMFAG00000047673
ENSG00000202508,ENSMFAG00000006081
ENSG00000198997,ENSMFAG00000015886
ENSG00000256394,ENSMFAG00000044162
ENSG00000028839,ENSMFAG00000040137
ENSG00000207453,ENSMFAG00000006388
ENSG00000183230,ENSMFAG00000036669
ENSG00000283599,ENSMFAG00000000394
ENSG00000272197,ENSMFAG00000019390
ENSG00000263940,ENSMFAG00000051427
ENSG00000263940,ENSMFAG00000050282
ENSG00000263940,ENSMFAG00000053113
ENSG00000277039,ENSMFAG00000062910
ENSG00000100100,ENSMFAG00000036079
ENSG00000009694,ENSMFAG00000002688
ENSG00000082516,ENSMFAG00000032027
ENSG00000212160,ENSMFAG00000018673
ENSG00000124209,ENSMFAG00000044247
ENSG00000128731,ENSMFAG00000063611
ENSG00000128731,ENSMFAG00000041087
ENSG00000128731,ENSMFAG00000050049
ENSG00000199894,ENSMFAG00000012356
ENSG00000200963,ENSMFAG00000057525
ENSG00000199335,ENSMFAG00000060223
ENSG00000188981,ENSMFAG00000030979
ENSG00000141655,ENSMFAG00000035682
ENSG00000120440,ENSMFAG00000041604
ENSG00000173085,ENSMFAG00000033468
ENSG00000167077,ENSMFAG00000035767
ENSG00000120658,ENSMFAG00000025611
ENSG00000101421,ENSMFAG00000040050
ENSG00000212520,ENSMFAG00000004264
ENSG00000160193,ENSMFAG00000045992
ENSG00000239942,ENSMFAG00000008868
ENSG00000008197,ENSMFAG00000040653
ENSG00000266467,ENSMFAG00000008077
ENSG00000172650,ENSMFAG00000036510
ENSG00000207550,ENSMFAG00000012251
ENSG00000198972,ENSMFAG00000013751
ENSG00000208008,ENSMFAG00000013179
ENSG00000171049,ENSMFAG00000048717
ENSG00000168994,ENSMFAG00000044456
ENSG00000104967,ENSMFAG00000043672
ENSG00000077984,ENSMFAG00000003193
ENSG00000241162,ENSMFAG00000023444
ENSG00000160349,ENSMFAG00000000306
ENSG00000160349,ENSMFAG00000058803
ENSG00000186105,ENSMFAG00000003302
ENSG00000109511,ENSMFAG00000002951
ENSG00000101096,ENSMFAG00000044962
ENSG00000096996,ENSMFAG00000041911
ENSG00000196670,ENSMFAG00000033634
ENSG00000189090,ENSMFAG00000041417
ENSG00000189090,ENSMFAG00000043901
ENSG00000112425,ENSMFAG00000064938
ENSG00000112425,ENSMFAG00000036673
ENSG00000148848,ENSMFAG00000039461
ENSG00000238606,ENSMFAG00000054900
ENSG00000276723,ENSMFAG00000050599
ENSG00000169057,ENSMFAG00000033178
ENSG00000112983,ENSMFAG00000039211
ENSG00000181404,ENSMFAG00000000920
ENSG00000244034,ENSMFAG00000012749
ENSG00000239545,ENSMFAG00000014093
ENSG00000163394,ENSMFAG00000003530
ENSG00000175854,ENSMFAG00000031210
ENSG00000175854,ENSMFAG00000023811
ENSG00000091164,ENSMFAG00000042132
ENSG00000278135,ENSMFAG00000059845
ENSG00000196553,ENSMFAG00000002591
ENSG00000205301,ENSMFAG00000036899
ENSG00000201330,ENSMFAG00000004649
ENSG00000100097,ENSMFAG00000030003
ENSG00000273820,ENSMFAG00000035150
ENSG00000201048,ENSMFAG00000014786
ENSG00000201341,ENSMFAG00000037414
ENSG00000234829,ENSMFAG00000055488
ENSG00000234829,ENSMFAG00000061198
ENSG00000234829,ENSMFAG00000050022
ENSG00000234829,ENSMFAG00000063486
ENSG00000242102,ENSMFAG00000008662
ENSG00000228083,ENSMFAG00000048461
ENSG00000268902,ENSMFAG00000043166
ENSG00000268902,ENSMFAG00000043347
ENSG00000111837,ENSMFAG00000041542
ENSG00000180245,ENSMFAG00000006731
ENSG00000120242,ENSMFAG00000053442
ENSG00000197535,ENSMFAG00000044339
ENSG00000197919,ENSMFAG00000049642
ENSG00000197919,ENSMFAG00000047167
ENSG00000184735,ENSMFAG00000063689
ENSG00000199177,ENSMFAG00000017080
ENSG00000264379,ENSMFAG00000004520
ENSG00000252065,ENSMFAG00000011052
ENSG00000175489,ENSMFAG00000034355
ENSG00000212518,ENSMFAG00000008801
ENSG00000252686,ENSMFAG00000024294
ENSG00000186732,ENSMFAG00000033422
ENSG00000222810,ENSMFAG00000021534
ENSG00000275030,ENSMFAG00000051610
ENSG00000275030,ENSMFAG00000055172
ENSG00000275030,ENSMFAG00000065822
ENSG00000275030,ENSMFAG00000056102
ENSG00000184394,ENSMFAG00000057395
ENSG00000221977,ENSMFAG00000022387
ENSG00000252486,ENSMFAG00000017201
ENSG00000207952,ENSMFAG00000051061
ENSG00000176198,ENSMFAG00000048675
ENSG00000260691,ENSMFAG00000054275
ENSG00000260691,ENSMFAG00000000679
ENSG00000260691,ENSMFAG00000064825
ENSG00000260691,ENSMFAG00000058952
ENSG00000224960,ENSMFAG00000052280
ENSG00000130385,ENSMFAG00000000610
ENSG00000105341,ENSMFAG00000002485
ENSG00000138813,ENSMFAG00000037946
ENSG00000207440,ENSMFAG00000024137
ENSG00000199291,ENSMFAG00000050334
ENSG00000204271,ENSMFAG00000036843
ENSG00000206751,ENSMFAG00000013456
ENSG00000205683,ENSMFAG00000033308
ENSG00000099974,ENSMFAG00000043954
ENSG00000159958,ENSMFAG00000048896
ENSG00000100253,ENSMFAG00000033234
ENSG00000138823,ENSMFAG00000003116
ENSG00000238551,ENSMFAG00000051610
ENSG00000238551,ENSMFAG00000055172
ENSG00000238551,ENSMFAG00000065822
ENSG00000238551,ENSMFAG00000056102
ENSG00000237136,ENSMFAG00000062382
ENSG00000201444,ENSMFAG00000036464
ENSG00000101680,ENSMFAG00000007292
ENSG00000202536,ENSMFAG00000050752
ENSG00000239279,ENSMFAG00000022065
ENSG00000206820,ENSMFAG00000062561
ENSG00000271817,ENSMFAG00000021231
ENSG00000206703,ENSMFAG00000059052
ENSG00000204021,ENSMFAG00000044740
ENSG00000202000,ENSMFAG00000013697
ENSG00000201707,ENSMFAG00000004385
ENSG00000124827,ENSMFAG00000001713
ENSG00000101280,ENSMFAG00000041964
ENSG00000199326,ENSMFAG00000019191
ENSG00000213096,ENSMFAG00000003947
ENSG00000198879,ENSMFAG00000042671
ENSG00000200024,ENSMFAG00000060425
ENSG00000222691,ENSMFAG00000008553
ENSG00000207392,ENSMFAG00000006088
ENSG00000241144,ENSMFAG00000014231
ENSG00000206910,ENSMFAG00000023665
ENSG00000223443,ENSMFAG00000047397
ENSG00000223443,ENSMFAG00000057907
ENSG00000223443,ENSMFAG00000060523
ENSG00000223443,ENSMFAG00000054353
ENSG00000223443,ENSMFAG00000065626
ENSG00000223443,ENSMFAG00000052015
ENSG00000223443,ENSMFAG00000064487
ENSG00000223443,ENSMFAG00000051928
ENSG00000223443,ENSMFAG00000047323
ENSG00000223443,ENSMFAG00000047547
ENSG00000165553,ENSMFAG00000061162
ENSG00000171695,ENSMFAG00000064944
ENSG00000212407,ENSMFAG00000014535
ENSG00000169397,ENSMFAG00000055348
ENSG00000169397,ENSMFAG00000059196
ENSG00000104055,ENSMFAG00000041459
ENSG00000261587,ENSMFAG00000061728
ENSG00000200049,ENSMFAG00000022469
ENSG00000211783,ENSMFAG00000053190
ENSG00000211784,ENSMFAG00000018221
ENSG00000211785,ENSMFAG00000049711
ENSG00000124733,ENSMFAG00000027007
ENSG00000211786,ENSMFAG00000065086
ENSG00000211786,ENSMFAG00000060499
ENSG00000252489,ENSMFAG00000014195
ENSG00000211787,ENSMFAG00000051476
ENSG00000211788,ENSMFAG00000053076
ENSG00000211789,ENSMFAG00000018283
ENSG00000182585,ENSMFAG00000033022
ENSG00000211790,ENSMFAG00000065086
ENSG00000211790,ENSMFAG00000060499
ENSG00000211792,ENSMFAG00000061738
ENSG00000215187,ENSMFAG00000002888
ENSG00000211793,ENSMFAG00000048728
ENSG00000196433,ENSMFAG00000047572
ENSG00000211794,ENSMFAG00000018524
ENSG00000211795,ENSMFAG00000065261
ENSG00000211796,ENSMFAG00000005493
ENSG00000240625,ENSMFAG00000063174
ENSG00000211797,ENSMFAG00000005530
ENSG00000211799,ENSMFAG00000050033
ENSG00000266180,ENSMFAG00000013613
ENSG00000207450,ENSMFAG00000009150
ENSG00000222522,ENSMFAG00000018953
ENSG00000206190,ENSMFAG00000041606
ENSG00000100065,ENSMFAG00000044580
ENSG00000207138,ENSMFAG00000059412
ENSG00000183255,ENSMFAG00000033191
ENSG00000211802,ENSMFAG00000050743
ENSG00000211802,ENSMFAG00000000524
ENSG00000211804,ENSMFAG00000051029
ENSG00000211804,ENSMFAG00000057465
ENSG00000199411,ENSMFAG00000061951
ENSG00000211805,ENSMFAG00000050698
ENSG00000203909,ENSMFAG00000045714
ENSG00000107014,ENSMFAG00000060189
ENSG00000123908,ENSMFAG00000015384
ENSG00000203908,ENSMFAG00000041622
ENSG00000211808,ENSMFAG00000051703
ENSG00000211810,ENSMFAG00000005761
ENSG00000259092,ENSMFAG00000006603
ENSG00000112599,ENSMFAG00000031539
ENSG00000211813,ENSMFAG00000018603
ENSG00000211815,ENSMFAG00000009345
ENSG00000120217,ENSMFAG00000044358
ENSG00000211816,ENSMFAG00000009501
ENSG00000112297,ENSMFAG00000038353
ENSG00000211818,ENSMFAG00000057785
ENSG00000211820,ENSMFAG00000009672
ENSG00000206862,ENSMFAG00000006227
ENSG00000211896,ENSMFAG00000035321
ENSG00000211896,ENSMFAG00000060234
ENSG00000138755,ENSMFAG00000039917
ENSG00000175809,ENSMFAG00000061234
ENSG00000201826,ENSMFAG00000055396
ENSG00000211897,ENSMFAG00000035321
ENSG00000211897,ENSMFAG00000060234
ENSG00000169245,ENSMFAG00000064155
ENSG00000211899,ENSMFAG00000054250
ENSG00000169248,ENSMFAG00000045313
ENSG00000205758,ENSMFAG00000046076
ENSG00000221400,ENSMFAG00000011061
ENSG00000252532,ENSMFAG00000012873
ENSG00000207499,ENSMFAG00000055820
ENSG00000147896,ENSMFAG00000052624
ENSG00000200314,ENSMFAG00000033572
ENSG00000200295,ENSMFAG00000014858
ENSG00000202285,ENSMFAG00000015181
ENSG00000212587,ENSMFAG00000004895
ENSG00000166220,ENSMFAG00000039238
ENSG00000199360,ENSMFAG00000008667
ENSG00000200594,ENSMFAG00000057461
ENSG00000150401,ENSMFAG00000016446
ENSG00000215966,ENSMFAG00000010445
ENSG00000215939,ENSMFAG00000014922
ENSG00000074771,ENSMFAG00000032154
ENSG00000107807,ENSMFAG00000045878
ENSG00000118804,ENSMFAG00000053353
ENSG00000148082,ENSMFAG00000041328
ENSG00000204544,ENSMFAG00000002226
ENSG00000212368,ENSMFAG00000009473
ENSG00000199857,ENSMFAG00000004830
ENSG00000254324,ENSMFAG00000006095
ENSG00000222895,ENSMFAG00000007775
ENSG00000185933,ENSMFAG00000032380
ENSG00000105467,ENSMFAG00000034386
ENSG00000204542,ENSMFAG00000032861
ENSG00000199169,ENSMFAG00000015700
ENSG00000199145,ENSMFAG00000035111
ENSG00000183128,ENSMFAG00000009610
ENSG00000207927,ENSMFAG00000004163
ENSG00000199102,ENSMFAG00000005206
ENSG00000128944,ENSMFAG00000040597
ENSG00000284463,ENSMFAG00000006825
ENSG00000215343,ENSMFAG00000039693
ENSG00000215343,ENSMFAG00000058999
ENSG00000215343,ENSMFAG00000059886
ENSG00000215343,ENSMFAG00000065655
ENSG00000215343,ENSMFAG00000062325
ENSG00000215343,ENSMFAG00000053137
ENSG00000211933,ENSMFAG00000057507
ENSG00000102683,ENSMFAG00000036886
ENSG00000180801,ENSMFAG00000020823
ENSG00000222503,ENSMFAG00000040897
ENSG00000078579,ENSMFAG00000042973
ENSG00000182324,ENSMFAG00000045491
ENSG00000122375,ENSMFAG00000045517
ENSG00000152592,ENSMFAG00000002413
ENSG00000211937,ENSMFAG00000057385
ENSG00000211937,ENSMFAG00000063899
ENSG00000240235,ENSMFAG00000020588
ENSG00000204539,ENSMFAG00000002361
ENSG00000207399,ENSMFAG00000060710
ENSG00000204246,ENSMFAG00000052214
ENSG00000204538,ENSMFAG00000053880
ENSG00000088002,ENSMFAG00000042452
ENSG00000223648,ENSMFAG00000061943
ENSG00000201292,ENSMFAG00000012035
ENSG00000176381,ENSMFAG00000059048
ENSG00000211972,ENSMFAG00000061943
ENSG00000252133,ENSMFAG00000021660
ENSG00000275230,ENSMFAG00000018069
ENSG00000196344,ENSMFAG00000039572
ENSG00000211973,ENSMFAG00000059185
ENSG00000211973,ENSMFAG00000054894
ENSG00000211973,ENSMFAG00000050313
ENSG00000075073,ENSMFAG00000045771
ENSG00000211974,ENSMFAG00000065020
ENSG00000107282,ENSMFAG00000031379
ENSG00000177202,ENSMFAG00000063798
ENSG00000281990,ENSMFAG00000050523
ENSG00000207359,ENSMFAG00000019958
ENSG00000280411,ENSMFAG00000059185
ENSG00000280411,ENSMFAG00000054894
ENSG00000280411,ENSMFAG00000050313
ENSG00000200525,ENSMFAG00000063073
ENSG00000274576,ENSMFAG00000065020
ENSG00000207369,ENSMFAG00000062168
ENSG00000211976,ENSMFAG00000052376
ENSG00000206678,ENSMFAG00000054772
ENSG00000183049,ENSMFAG00000039982
ENSG00000211979,ENSMFAG00000059400
ENSG00000211979,ENSMFAG00000025094
ENSG00000119608,ENSMFAG00000032039
ENSG00000223215,ENSMFAG00000014245
ENSG00000241032,ENSMFAG00000060848
ENSG00000169154,ENSMFAG00000003470
ENSG00000161609,ENSMFAG00000008806
ENSG00000100156,ENSMFAG00000059787
ENSG00000136827,ENSMFAG00000038660
ENSG00000136352,ENSMFAG00000046342
ENSG00000171988,ENSMFAG00000000341
ENSG00000188778,ENSMFAG00000039383
ENSG00000198796,ENSMFAG00000041202
ENSG00000197386,ENSMFAG00000036776
ENSG00000243801,ENSMFAG00000020491
ENSG00000273899,ENSMFAG00000006832
ENSG00000239472,ENSMFAG00000012328
ENSG00000200818,ENSMFAG00000052381
ENSG00000132970,ENSMFAG00000006706
ENSG00000253437,ENSMFAG00000013380
ENSG00000254172,ENSMFAG00000058782
ENSG00000158079,ENSMFAG00000001618
ENSG00000120903,ENSMFAG00000003637
ENSG00000201724,ENSMFAG00000004368
ENSG00000096264,ENSMFAG00000038609
ENSG00000222937,ENSMFAG00000009418
ENSG00000206989,ENSMFAG00000009380
ENSG00000238745,ENSMFAG00000007571
ENSG00000251493,ENSMFAG00000049955
ENSG00000188626,ENSMFAG00000031279
ENSG00000188626,ENSMFAG00000045338
ENSG00000188626,ENSMFAG00000053567
ENSG00000188626,ENSMFAG00000031744
ENSG00000203618,ENSMFAG00000061209
ENSG00000211890,ENSMFAG00000063051
ENSG00000145888,ENSMFAG00000033181
ENSG00000124610,ENSMFAG00000063622
ENSG00000099960,ENSMFAG00000038240
ENSG00000286522,ENSMFAG00000053566
ENSG00000168298,ENSMFAG00000030033
ENSG00000274290,ENSMFAG00000057373
ENSG00000207073,ENSMFAG00000060445
ENSG00000211891,ENSMFAG00000051850
ENSG00000138606,ENSMFAG00000045114
ENSG00000204516,ENSMFAG00000031024
ENSG00000101751,ENSMFAG00000011788
ENSG00000126467,ENSMFAG00000046167
ENSG00000211892,ENSMFAG00000035321
ENSG00000211892,ENSMFAG00000060234
ENSG00000199165,ENSMFAG00000010986
ENSG00000199072,ENSMFAG00000011910
ENSG00000199133,ENSMFAG00000011029
ENSG00000211893,ENSMFAG00000035321
ENSG00000211893,ENSMFAG00000060234
ENSG00000136848,ENSMFAG00000042287
ENSG00000177692,ENSMFAG00000030067
ENSG00000197077,ENSMFAG00000044139
ENSG00000167619,ENSMFAG00000037390
ENSG00000222862,ENSMFAG00000058973
ENSG00000182362,ENSMFAG00000014564
ENSG00000171320,ENSMFAG00000044655
ENSG00000201680,ENSMFAG00000022093
ENSG00000204511,ENSMFAG00000045858
ENSG00000071246,ENSMFAG00000032260
ENSG00000138347,ENSMFAG00000001619
ENSG00000261649,ENSMFAG00000064393
ENSG00000201623,ENSMFAG00000004286
ENSG00000182631,ENSMFAG00000028692
ENSG00000164175,ENSMFAG00000003969
ENSG00000201785,ENSMFAG00000028263
ENSG00000265236,ENSMFAG00000021582
ENSG00000227507,ENSMFAG00000001447
ENSG00000278570,ENSMFAG00000035959
ENSG00000276040,ENSMFAG00000030681
ENSG00000276040,ENSMFAG00000002532
ENSG00000100368,ENSMFAG00000044262
ENSG00000200816,ENSMFAG00000015855
ENSG00000204444,ENSMFAG00000043119
ENSG00000100565,ENSMFAG00000046151
ENSG00000268964,ENSMFAG00000059287
ENSG00000268964,ENSMFAG00000042517
ENSG00000243959,ENSMFAG00000064003
ENSG00000207420,ENSMFAG00000048678
ENSG00000201223,ENSMFAG00000005534
ENSG00000169252,ENSMFAG00000021322
ENSG00000164266,ENSMFAG00000033647
ENSG00000188385,ENSMFAG00000032603
ENSG00000275969,ENSMFAG00000030681
ENSG00000275969,ENSMFAG00000002532
ENSG00000206682,ENSMFAG00000021889
ENSG00000202242,ENSMFAG00000010661
ENSG00000199765,ENSMFAG00000055003
ENSG00000241291,ENSMFAG00000021832
ENSG00000180776,ENSMFAG00000042047
ENSG00000172568,ENSMFAG00000009168
ENSG00000233816,ENSMFAG00000049642
ENSG00000233816,ENSMFAG00000047167
ENSG00000174450,ENSMFAG00000064393
ENSG00000207361,ENSMFAG00000065434
ENSG00000136869,ENSMFAG00000042896
ENSG00000207201,ENSMFAG00000051993
ENSG00000207201,ENSMFAG00000051524
ENSG00000204424,ENSMFAG00000042838
ENSG00000069206,ENSMFAG00000045244
ENSG00000172548,ENSMFAG00000029978
ENSG00000183629,ENSMFAG00000031279
ENSG00000183629,ENSMFAG00000045338
ENSG00000183629,ENSMFAG00000053567
ENSG00000183629,ENSMFAG00000031744
ENSG00000184304,ENSMFAG00000039957
ENSG00000207711,ENSMFAG00000011184
ENSG00000187616,ENSMFAG00000033845
ENSG00000283455,ENSMFAG00000051728
ENSG00000207706,ENSMFAG00000053826
ENSG00000207722,ENSMFAG00000054188
ENSG00000207862,ENSMFAG00000053091
ENSG00000207738,ENSMFAG00000051764
ENSG00000283289,ENSMFAG00000058153
ENSG00000207734,ENSMFAG00000063125
ENSG00000102595,ENSMFAG00000043763
ENSG00000204421,ENSMFAG00000062054
ENSG00000207987,ENSMFAG00000062585
ENSG00000207987,ENSMFAG00000065447
ENSG00000207987,ENSMFAG00000048144
ENSG00000207987,ENSMFAG00000054443
ENSG00000252734,ENSMFAG00000017593
ENSG00000207634,ENSMFAG00000061781
ENSG00000283685,ENSMFAG00000050435
ENSG00000207767,ENSMFAG00000050248
ENSG00000207620,ENSMFAG00000050248
ENSG00000284362,ENSMFAG00000065715
ENSG00000129911,ENSMFAG00000051795
ENSG00000050767,ENSMFAG00000040567
ENSG00000230453,ENSMFAG00000031138
ENSG00000204410,ENSMFAG00000033904
ENSG00000243488,ENSMFAG00000022114
ENSG00000128185,ENSMFAG00000042526
ENSG00000128185,ENSMFAG00000053543
ENSG00000243066,ENSMFAG00000022114
ENSG00000196628,ENSMFAG00000036909
ENSG00000105429,ENSMFAG00000043792
ENSG00000211448,ENSMFAG00000032410
ENSG00000200075,ENSMFAG00000002523
ENSG00000242341,ENSMFAG00000013998
ENSG00000253043,ENSMFAG00000064284
ENSG00000200304,ENSMFAG00000057002
ENSG00000156304,ENSMFAG00000037668
ENSG00000204659,ENSMFAG00000042944
ENSG00000212342,ENSMFAG00000021208
ENSG00000087303,ENSMFAG00000036323
ENSG00000179041,ENSMFAG00000042747
ENSG00000238529,ENSMFAG00000051610
ENSG00000238529,ENSMFAG00000055172
ENSG00000238529,ENSMFAG00000065822
ENSG00000238529,ENSMFAG00000056102
ENSG00000185963,ENSMFAG00000040610
ENSG00000159556,ENSMFAG00000032654
ENSG00000120738,ENSMFAG00000027911
ENSG00000248713,ENSMFAG00000025522
ENSG00000100362,ENSMFAG00000043667
ENSG00000156234,ENSMFAG00000032774
ENSG00000252774,ENSMFAG00000023851
ENSG00000187720,ENSMFAG00000004078
ENSG00000165023,ENSMFAG00000060966
ENSG00000199468,ENSMFAG00000064389
ENSG00000231989,ENSMFAG00000029793
ENSG00000206770,ENSMFAG00000048983
ENSG00000283682,ENSMFAG00000014144
ENSG00000252580,ENSMFAG00000005438
ENSG00000212521,ENSMFAG00000034710
ENSG00000184349,ENSMFAG00000000459
ENSG00000095383,ENSMFAG00000041832
ENSG00000239708,ENSMFAG00000013165
ENSG00000138688,ENSMFAG00000030541
ENSG00000204928,ENSMFAG00000030536
ENSG00000136367,ENSMFAG00000024524
ENSG00000219438,ENSMFAG00000052901
ENSG00000206949,ENSMFAG00000060047
ENSG00000223327,ENSMFAG00000021405
ENSG00000243424,ENSMFAG00000011371
ENSG00000164684,ENSMFAG00000035658
ENSG00000240849,ENSMFAG00000044984
ENSG00000243951,ENSMFAG00000014089
ENSG00000015133,ENSMFAG00000063547
ENSG00000015133,ENSMFAG00000046363
ENSG00000266477,ENSMFAG00000023966
ENSG00000212260,ENSMFAG00000004420
ENSG00000211137,ENSMFAG00000009101
ENSG00000166823,ENSMFAG00000045799
ENSG00000155096,ENSMFAG00000040038
ENSG00000201370,ENSMFAG00000038938
ENSG00000188501,ENSMFAG00000000458
ENSG00000207206,ENSMFAG00000061002
ENSG00000200969,ENSMFAG00000015681
ENSG00000228570,ENSMFAG00000065379
ENSG00000228570,ENSMFAG00000037467
ENSG00000228570,ENSMFAG00000048063
ENSG00000228570,ENSMFAG00000059873
ENSG00000113739,ENSMFAG00000048596
ENSG00000198739,ENSMFAG00000002037
ENSG00000105427,ENSMFAG00000035661
ENSG00000165632,ENSMFAG00000041323
ENSG00000278331,ENSMFAG00000061205
ENSG00000166523,ENSMFAG00000044330
ENSG00000251960,ENSMFAG00000053765
ENSG00000174788,ENSMFAG00000039571
ENSG00000177721,ENSMFAG00000050931
ENSG00000177721,ENSMFAG00000063173
ENSG00000169777,ENSMFAG00000041270
ENSG00000120210,ENSMFAG00000027620
ENSG00000172795,ENSMFAG00000039717
ENSG00000122877,ENSMFAG00000043070
ENSG00000120211,ENSMFAG00000050840
ENSG00000128283,ENSMFAG00000031899
ENSG00000139880,ENSMFAG00000002248
ENSG00000138835,ENSMFAG00000046372
ENSG00000101413,ENSMFAG00000033175
ENSG00000170324,ENSMFAG00000026102
ENSG00000104921,ENSMFAG00000046023
ENSG00000177693,ENSMFAG00000056105
ENSG00000278222,ENSMFAG00000055695
ENSG00000166535,ENSMFAG00000045869
ENSG00000159337,ENSMFAG00000003996
ENSG00000092068,ENSMFAG00000001018
ENSG00000199398,ENSMFAG00000062838
ENSG00000087510,ENSMFAG00000004040
ENSG00000100410,ENSMFAG00000003129
ENSG00000185372,ENSMFAG00000041872
ENSG00000251724,ENSMFAG00000014090
ENSG00000188089,ENSMFAG00000045495
ENSG00000039139,ENSMFAG00000001076
ENSG00000132792,ENSMFAG00000045863
ENSG00000070010,ENSMFAG00000040923
ENSG00000103642,ENSMFAG00000001322
ENSG00000183496,ENSMFAG00000058165
ENSG00000196268,ENSMFAG00000034400
ENSG00000090659,ENSMFAG00000046257
ENSG00000128965,ENSMFAG00000043687
ENSG00000253054,ENSMFAG00000012581
ENSG00000164326,ENSMFAG00000035639
ENSG00000240847,ENSMFAG00000013771
ENSG00000243365,ENSMFAG00000010970
ENSG00000125246,ENSMFAG00000036639
ENSG00000221164,ENSMFAG00000021514
ENSG00000199201,ENSMFAG00000057884
ENSG00000140391,ENSMFAG00000031959
ENSG00000200356,ENSMFAG00000013830
ENSG00000207473,ENSMFAG00000047716
ENSG00000156042,ENSMFAG00000042575
ENSG00000252743,ENSMFAG00000063348
ENSG00000204396,ENSMFAG00000039665
ENSG00000154153,ENSMFAG00000015961
ENSG00000188991,ENSMFAG00000000423
ENSG00000176153,ENSMFAG00000039586
ENSG00000205846,ENSMFAG00000063094
ENSG00000176230,ENSMFAG00000012628
ENSG00000207023,ENSMFAG00000034005
ENSG00000271986,ENSMFAG00000014748
ENSG00000156050,ENSMFAG00000038086
ENSG00000201658,ENSMFAG00000052542
ENSG00000201658,ENSMFAG00000059032
ENSG00000206848,ENSMFAG00000014889
ENSG00000112619,ENSMFAG00000037918
ENSG00000124659,ENSMFAG00000003179
ENSG00000201807,ENSMFAG00000009563
ENSG00000182747,ENSMFAG00000036990
ENSG00000200789,ENSMFAG00000026797
ENSG00000188373,ENSMFAG00000043609
ENSG00000207247,ENSMFAG00000009978
ENSG00000110975,ENSMFAG00000034558
ENSG00000239910,ENSMFAG00000023254
ENSG00000204033,ENSMFAG00000000819
ENSG00000119614,ENSMFAG00000050163
ENSG00000178115,ENSMFAG00000031279
ENSG00000178115,ENSMFAG00000045338
ENSG00000178115,ENSMFAG00000053567
ENSG00000178115,ENSMFAG00000031744
ENSG00000148604,ENSMFAG00000043610
ENSG00000252474,ENSMFAG00000051024
ENSG00000278771,ENSMFAG00000058690
ENSG00000274012,ENSMFAG00000048186
ENSG00000120314,ENSMFAG00000001095
ENSG00000165410,ENSMFAG00000001352
ENSG00000171262,ENSMFAG00000016144
ENSG00000125967,ENSMFAG00000035873
ENSG00000139668,ENSMFAG00000042459
ENSG00000257987,ENSMFAG00000041881
ENSG00000180116,ENSMFAG00000033372
ENSG00000174339,ENSMFAG00000030133
ENSG00000173250,ENSMFAG00000030501
ENSG00000179938,ENSMFAG00000031279
ENSG00000179938,ENSMFAG00000045338
ENSG00000179938,ENSMFAG00000053567
ENSG00000179938,ENSMFAG00000031744
ENSG00000100372,ENSMFAG00000042964
ENSG00000201823,ENSMFAG00000023687
ENSG00000201754,ENSMFAG00000038982
ENSG00000204366,ENSMFAG00000010877
ENSG00000163982,ENSMFAG00000044512
ENSG00000251726,ENSMFAG00000055233
ENSG00000175548,ENSMFAG00000056607
ENSG00000204435,ENSMFAG00000030371
ENSG00000198723,ENSMFAG00000001714
ENSG00000261247,ENSMFAG00000031279
ENSG00000261247,ENSMFAG00000045338
ENSG00000261247,ENSMFAG00000053567
ENSG00000261247,ENSMFAG00000031744
ENSG00000148602,ENSMFAG00000000369
ENSG00000230549,ENSMFAG00000047397
ENSG00000230549,ENSMFAG00000057907
ENSG00000230549,ENSMFAG00000060523
ENSG00000230549,ENSMFAG00000054353
ENSG00000230549,ENSMFAG00000065626
ENSG00000230549,ENSMFAG00000052015
ENSG00000230549,ENSMFAG00000064487
ENSG00000230549,ENSMFAG00000051928
ENSG00000230549,ENSMFAG00000047323
ENSG00000230549,ENSMFAG00000047547
ENSG00000163993,ENSMFAG00000042181
ENSG00000169488,ENSMFAG00000031401
ENSG00000196383,ENSMFAG00000000182
ENSG00000170871,ENSMFAG00000034581
ENSG00000240233,ENSMFAG00000014995
ENSG00000236125,ENSMFAG00000047397
ENSG00000236125,ENSMFAG00000057907
ENSG00000236125,ENSMFAG00000060523
ENSG00000236125,ENSMFAG00000054353
ENSG00000236125,ENSMFAG00000065626
ENSG00000236125,ENSMFAG00000052015
ENSG00000236125,ENSMFAG00000064487
ENSG00000236125,ENSMFAG00000051928
ENSG00000236125,ENSMFAG00000047323
ENSG00000236125,ENSMFAG00000047547
ENSG00000215372,ENSMFAG00000039693
ENSG00000215372,ENSMFAG00000058999
ENSG00000215372,ENSMFAG00000059886
ENSG00000215372,ENSMFAG00000065655
ENSG00000215372,ENSMFAG00000062325
ENSG00000215372,ENSMFAG00000053137
ENSG00000238783,ENSMFAG00000010674
ENSG00000240470,ENSMFAG00000013462
ENSG00000213471,ENSMFAG00000000742
ENSG00000177243,ENSMFAG00000065382
ENSG00000185652,ENSMFAG00000029473
ENSG00000205669,ENSMFAG00000031617
ENSG00000177023,ENSMFAG00000059245
ENSG00000177023,ENSMFAG00000055496
ENSG00000032444,ENSMFAG00000001000
ENSG00000032444,ENSMFAG00000053330
ENSG00000187082,ENSMFAG00000000123
ENSG00000187082,ENSMFAG00000049919
ENSG00000187082,ENSMFAG00000049572
ENSG00000251907,ENSMFAG00000022324
ENSG00000176903,ENSMFAG00000007972
ENSG00000198129,ENSMFAG00000050518
ENSG00000198129,ENSMFAG00000055242
ENSG00000163749,ENSMFAG00000040081
ENSG00000253767,ENSMFAG00000033704
ENSG00000255251,ENSMFAG00000055234
ENSG00000185069,ENSMFAG00000000993
ENSG00000223300,ENSMFAG00000064428
ENSG00000200097,ENSMFAG00000005615
ENSG00000223313,ENSMFAG00000004954
ENSG00000274186,ENSMFAG00000015820
ENSG00000100583,ENSMFAG00000037857
ENSG00000107957,ENSMFAG00000044985
ENSG00000137812,ENSMFAG00000045223
ENSG00000255378,ENSMFAG00000055234
ENSG00000253846,ENSMFAG00000057255
ENSG00000165555,ENSMFAG00000045091
ENSG00000130368,ENSMFAG00000004332
ENSG00000186572,ENSMFAG00000050518
ENSG00000186572,ENSMFAG00000055242
ENSG00000197081,ENSMFAG00000034342
ENSG00000186562,ENSMFAG00000030679
ENSG00000186562,ENSMFAG00000056365
ENSG00000175664,ENSMFAG00000035671
ENSG00000139610,ENSMFAG00000044458
ENSG00000186579,ENSMFAG00000000123
ENSG00000186579,ENSMFAG00000049919
ENSG00000186579,ENSMFAG00000049572
ENSG00000207208,ENSMFAG00000014749
ENSG00000252746,ENSMFAG00000033538
ENSG00000207046,ENSMFAG00000005259
ENSG00000176782,ENSMFAG00000059245
ENSG00000176782,ENSMFAG00000055496
ENSG00000176797,ENSMFAG00000001126
ENSG00000200484,ENSMFAG00000005865
ENSG00000139793,ENSMFAG00000041491
ENSG00000212589,ENSMFAG00000034892
ENSG00000182521,ENSMFAG00000031288
ENSG00000180346,ENSMFAG00000023556
ENSG00000212226,ENSMFAG00000014893
ENSG00000145384,ENSMFAG00000038050
ENSG00000148735,ENSMFAG00000001676
ENSG00000165966,ENSMFAG00000037115
ENSG00000215356,ENSMFAG00000039693
ENSG00000215356,ENSMFAG00000058999
ENSG00000215356,ENSMFAG00000059886
ENSG00000215356,ENSMFAG00000065655
ENSG00000215356,ENSMFAG00000062325
ENSG00000215356,ENSMFAG00000053137
ENSG00000201186,ENSMFAG00000008221
ENSG00000237038,ENSMFAG00000047397
ENSG00000237038,ENSMFAG00000057907
ENSG00000237038,ENSMFAG00000060523
ENSG00000237038,ENSMFAG00000054353
ENSG00000237038,ENSMFAG00000065626
ENSG00000237038,ENSMFAG00000052015
ENSG00000237038,ENSMFAG00000064487
ENSG00000237038,ENSMFAG00000051928
ENSG00000237038,ENSMFAG00000047323
ENSG00000237038,ENSMFAG00000047547
ENSG00000188517,ENSMFAG00000031895
ENSG00000225327,ENSMFAG00000047397
ENSG00000225327,ENSMFAG00000057907
ENSG00000225327,ENSMFAG00000060523
ENSG00000225327,ENSMFAG00000054353
ENSG00000225327,ENSMFAG00000065626
ENSG00000225327,ENSMFAG00000052015
ENSG00000225327,ENSMFAG00000064487
ENSG00000225327,ENSMFAG00000051928
ENSG00000225327,ENSMFAG00000047323
ENSG00000225327,ENSMFAG00000047547
ENSG00000133958,ENSMFAG00000042508
ENSG00000283555,ENSMFAG00000053306
ENSG00000285765,ENSMFAG00000062329
ENSG00000285765,ENSMFAG00000057761
ENSG00000285765,ENSMFAG00000047283
ENSG00000285687,ENSMFAG00000062329
ENSG00000285687,ENSMFAG00000057761
ENSG00000285687,ENSMFAG00000047283
ENSG00000285975,ENSMFAG00000062329
ENSG00000285975,ENSMFAG00000057761
ENSG00000285975,ENSMFAG00000047283
ENSG00000112539,ENSMFAG00000031329
ENSG00000285937,ENSMFAG00000062329
ENSG00000285937,ENSMFAG00000057761
ENSG00000285937,ENSMFAG00000047283
ENSG00000285607,ENSMFAG00000062329
ENSG00000285607,ENSMFAG00000057761
ENSG00000285607,ENSMFAG00000047283
ENSG00000173451,ENSMFAG00000056975
ENSG00000285720,ENSMFAG00000062329
ENSG00000285720,ENSMFAG00000057761
ENSG00000285720,ENSMFAG00000047283
ENSG00000126882,ENSMFAG00000038474
ENSG00000285913,ENSMFAG00000062329
ENSG00000285913,ENSMFAG00000057761
ENSG00000285913,ENSMFAG00000047283
ENSG00000206681,ENSMFAG00000051623
ENSG00000266128,ENSMFAG00000018614
ENSG00000285814,ENSMFAG00000062329
ENSG00000285814,ENSMFAG00000057761
ENSG00000285814,ENSMFAG00000047283
ENSG00000240853,ENSMFAG00000011400
ENSG00000100216,ENSMFAG00000044855
ENSG00000285620,ENSMFAG00000062329
ENSG00000285620,ENSMFAG00000057761
ENSG00000285620,ENSMFAG00000047283
ENSG00000265814,ENSMFAG00000051657
ENSG00000265814,ENSMFAG00000051338
ENSG00000265814,ENSMFAG00000055180
ENSG00000216101,ENSMFAG00000011622
ENSG00000096006,ENSMFAG00000037975
ENSG00000274701,ENSMFAG00000014903
ENSG00000199701,ENSMFAG00000011023
ENSG00000274568,ENSMFAG00000055695
ENSG00000178287,ENSMFAG00000039484
ENSG00000178287,ENSMFAG00000065113
ENSG00000100393,ENSMFAG00000039593
ENSG00000182950,ENSMFAG00000047812
ENSG00000238840,ENSMFAG00000015981
ENSG00000251922,ENSMFAG00000054398
ENSG00000067064,ENSMFAG00000026656
ENSG00000241807,ENSMFAG00000048859
ENSG00000157578,ENSMFAG00000008201
ENSG00000266308,ENSMFAG00000048711
ENSG00000261739,ENSMFAG00000031279
ENSG00000261739,ENSMFAG00000045338
ENSG00000261739,ENSMFAG00000053567
ENSG00000261739,ENSMFAG00000031744
ENSG00000242020,ENSMFAG00000019528
ENSG00000133639,ENSMFAG00000030219
ENSG00000238380,ENSMFAG00000011515
ENSG00000151033,ENSMFAG00000043891
ENSG00000151033,ENSMFAG00000029276
ENSG00000178522,ENSMFAG00000038007
ENSG00000206676,ENSMFAG00000007551
ENSG00000274216,ENSMFAG00000048935
ENSG00000182117,ENSMFAG00000057750
ENSG00000223047,ENSMFAG00000013563
ENSG00000222909,ENSMFAG00000006271
ENSG00000133640,ENSMFAG00000044599
ENSG00000176571,ENSMFAG00000031603
ENSG00000183706,ENSMFAG00000051827
ENSG00000276713,ENSMFAG00000005025
ENSG00000164241,ENSMFAG00000009790
ENSG00000249931,ENSMFAG00000031279
ENSG00000249931,ENSMFAG00000045338
ENSG00000249931,ENSMFAG00000053567
ENSG00000249931,ENSMFAG00000031744
ENSG00000132793,ENSMFAG00000038975
ENSG00000226807,ENSMFAG00000031443
ENSG00000242912,ENSMFAG00000009287
ENSG00000272296,ENSMFAG00000029114
ENSG00000264549,ENSMFAG00000015699
ENSG00000222533,ENSMFAG00000053121
ENSG00000255833,ENSMFAG00000054694
ENSG00000153233,ENSMFAG00000032342
ENSG00000113722,ENSMFAG00000053823
ENSG00000213760,ENSMFAG00000032573
ENSG00000197191,ENSMFAG00000040805
ENSG00000134343,ENSMFAG00000032443
ENSG00000145743,ENSMFAG00000042858
ENSG00000109684,ENSMFAG00000046379
ENSG00000137075,ENSMFAG00000003440
ENSG00000182175,ENSMFAG00000031750
ENSG00000204977,ENSMFAG00000042055
ENSG00000204420,ENSMFAG00000036544
ENSG00000147434,ENSMFAG00000025645
ENSG00000185305,ENSMFAG00000028679
ENSG00000242719,ENSMFAG00000008277
ENSG00000202514,ENSMFAG00000011090
ENSG00000238884,ENSMFAG00000062608
ENSG00000131773,ENSMFAG00000041845
ENSG00000136143,ENSMFAG00000043471
ENSG00000184508,ENSMFAG00000054349
ENSG00000249948,ENSMFAG00000003358
ENSG00000159259,ENSMFAG00000040980
ENSG00000145734,ENSMFAG00000041440
ENSG00000183032,ENSMFAG00000044432
ENSG00000089101,ENSMFAG00000040250
ENSG00000187821,ENSMFAG00000039500
ENSG00000099949,ENSMFAG00000002308
ENSG00000200142,ENSMFAG00000004433
ENSG00000152595,ENSMFAG00000042632
ENSG00000277578,ENSMFAG00000055101
ENSG00000202229,ENSMFAG00000035299
ENSG00000252347,ENSMFAG00000014318
ENSG00000092096,ENSMFAG00000039582
ENSG00000276891,ENSMFAG00000055695
ENSG00000276955,ENSMFAG00000055695
ENSG00000164093,ENSMFAG00000002699
ENSG00000170743,ENSMFAG00000040372
ENSG00000199652,ENSMFAG00000027883
ENSG00000200191,ENSMFAG00000016054
ENSG00000206724,ENSMFAG00000005666
ENSG00000165066,ENSMFAG00000039180
ENSG00000112782,ENSMFAG00000005042
ENSG00000274705,ENSMFAG00000011866
ENSG00000207101,ENSMFAG00000057872
ENSG00000240927,ENSMFAG00000050929
ENSG00000241834,ENSMFAG00000016820
ENSG00000184140,ENSMFAG00000056063
ENSG00000182854,ENSMFAG00000050806
ENSG00000239035,ENSMFAG00000060801
ENSG00000252984,ENSMFAG00000033804
ENSG00000254598,ENSMFAG00000039007
ENSG00000183161,ENSMFAG00000055596
ENSG00000199157,ENSMFAG00000005169
ENSG00000215991,ENSMFAG00000014457
ENSG00000092067,ENSMFAG00000065070
ENSG00000201431,ENSMFAG00000014672
ENSG00000173875,ENSMFAG00000036181
ENSG00000139865,ENSMFAG00000038734
ENSG00000172901,ENSMFAG00000044364
ENSG00000029534,ENSMFAG00000045115
ENSG00000107187,ENSMFAG00000042900
ENSG00000109851,ENSMFAG00000032640
ENSG00000187398,ENSMFAG00000042111
ENSG00000183578,ENSMFAG00000046411
ENSG00000109272,ENSMFAG00000003796
ENSG00000186399,ENSMFAG00000031279
ENSG00000186399,ENSMFAG00000045338
ENSG00000186399,ENSMFAG00000053567
ENSG00000186399,ENSMFAG00000031744
ENSG00000171223,ENSMFAG00000052456
ENSG00000165661,ENSMFAG00000000173
ENSG00000163737,ENSMFAG00000055984
ENSG00000223284,ENSMFAG00000006316
ENSG00000163735,ENSMFAG00000002889
ENSG00000142444,ENSMFAG00000032190
ENSG00000244194,ENSMFAG00000014520
ENSG00000243968,ENSMFAG00000021341
ENSG00000163734,ENSMFAG00000065742
ENSG00000266770,ENSMFAG00000052098
ENSG00000258817,ENSMFAG00000060337
ENSG00000258817,ENSMFAG00000053738
ENSG00000284387,ENSMFAG00000057569
ENSG00000207808,ENSMFAG00000034830
ENSG00000159433,ENSMFAG00000040647
ENSG00000207980,ENSMFAG00000015800
ENSG00000207613,ENSMFAG00000007490
ENSG00000171136,ENSMFAG00000000848
ENSG00000260220,ENSMFAG00000043161
ENSG00000250673,ENSMFAG00000035931
ENSG00000188032,ENSMFAG00000042255
ENSG00000175920,ENSMFAG00000045592
ENSG00000240803,ENSMFAG00000016547
ENSG00000240803,ENSMFAG00000052031
ENSG00000130283,ENSMFAG00000064570
ENSG00000239043,ENSMFAG00000017832
ENSG00000135222,ENSMFAG00000040612
ENSG00000205030,ENSMFAG00000063088
ENSG00000182545,ENSMFAG00000051767
ENSG00000182545,ENSMFAG00000052769
ENSG00000288701,ENSMFAG00000002662
ENSG00000258436,ENSMFAG00000023010
ENSG00000277582,ENSMFAG00000053615
ENSG00000198168,ENSMFAG00000058984
ENSG00000078269,ENSMFAG00000040552
ENSG00000251891,ENSMFAG00000055439
ENSG00000172717,ENSMFAG00000043597
ENSG00000197540,ENSMFAG00000063121
ENSG00000203411,ENSMFAG00000050960
ENSG00000186113,ENSMFAG00000048347
ENSG00000181617,ENSMFAG00000057683
ENSG00000277295,ENSMFAG00000048357
ENSG00000277295,ENSMFAG00000059562
ENSG00000277295,ENSMFAG00000058437
ENSG00000277295,ENSMFAG00000063706
ENSG00000277295,ENSMFAG00000061341
ENSG00000277295,ENSMFAG00000063169
ENSG00000277295,ENSMFAG00000049465
ENSG00000277295,ENSMFAG00000052671
ENSG00000277295,ENSMFAG00000055294
ENSG00000277295,ENSMFAG00000049804
ENSG00000277295,ENSMFAG00000051539
ENSG00000277295,ENSMFAG00000049826
ENSG00000277295,ENSMFAG00000051960
ENSG00000277295,ENSMFAG00000057986
ENSG00000277295,ENSMFAG00000004477
ENSG00000277295,ENSMFAG00000048560
ENSG00000277295,ENSMFAG00000047903
ENSG00000277295,ENSMFAG00000064277
ENSG00000277295,ENSMFAG00000048920
ENSG00000277295,ENSMFAG00000048963
ENSG00000277295,ENSMFAG00000057676
ENSG00000277295,ENSMFAG00000053325
ENSG00000277295,ENSMFAG00000055680
ENSG00000277295,ENSMFAG00000059705
ENSG00000277295,ENSMFAG00000053480
ENSG00000277295,ENSMFAG00000051739
ENSG00000277295,ENSMFAG00000054491
ENSG00000277295,ENSMFAG00000059264
ENSG00000277295,ENSMFAG00000056270
ENSG00000277295,ENSMFAG00000052332
ENSG00000277295,ENSMFAG00000060729
ENSG00000277295,ENSMFAG00000050781
ENSG00000277295,ENSMFAG00000063376
ENSG00000277295,ENSMFAG00000049403
ENSG00000277295,ENSMFAG00000061279
ENSG00000277295,ENSMFAG00000052458
ENSG00000277295,ENSMFAG00000057191
ENSG00000277295,ENSMFAG00000048614
ENSG00000277295,ENSMFAG00000054573
ENSG00000277295,ENSMFAG00000048997
ENSG00000277295,ENSMFAG00000060902
ENSG00000277295,ENSMFAG00000064347
ENSG00000277295,ENSMFAG00000063300
ENSG00000277295,ENSMFAG00000064387
ENSG00000277295,ENSMFAG00000063037
ENSG00000277295,ENSMFAG00000062525
ENSG00000277295,ENSMFAG00000053243
ENSG00000277295,ENSMFAG00000051213
ENSG00000277295,ENSMFAG00000064247
ENSG00000277295,ENSMFAG00000061570
ENSG00000277295,ENSMFAG00000054551
ENSG00000277295,ENSMFAG00000065118
ENSG00000277295,ENSMFAG00000062971
ENSG00000277295,ENSMFAG00000057931
ENSG00000277295,ENSMFAG00000065311
ENSG00000277295,ENSMFAG00000058544
ENSG00000277295,ENSMFAG00000059320
ENSG00000277295,ENSMFAG00000058376
ENSG00000277295,ENSMFAG00000054817
ENSG00000277295,ENSMFAG00000047648
ENSG00000277295,ENSMFAG00000054247
ENSG00000277295,ENSMFAG00000053282
ENSG00000277295,ENSMFAG00000060250
ENSG00000277295,ENSMFAG00000065506
ENSG00000277295,ENSMFAG00000005057
ENSG00000277295,ENSMFAG00000052747
ENSG00000277295,ENSMFAG00000049880
ENSG00000277295,ENSMFAG00000056776
ENSG00000277295,ENSMFAG00000048040
ENSG00000277295,ENSMFAG00000049395
ENSG00000277295,ENSMFAG00000051569
ENSG00000277295,ENSMFAG00000050275
ENSG00000277295,ENSMFAG00000060922
ENSG00000277295,ENSMFAG00000065274
ENSG00000277295,ENSMFAG00000054893
ENSG00000277295,ENSMFAG00000047332
ENSG00000277295,ENSMFAG00000052927
ENSG00000277295,ENSMFAG00000060727
ENSG00000277295,ENSMFAG00000065759
ENSG00000275992,ENSMFAG00000048357
ENSG00000275992,ENSMFAG00000059562
ENSG00000275992,ENSMFAG00000058437
ENSG00000275992,ENSMFAG00000063706
ENSG00000275992,ENSMFAG00000061341
ENSG00000275992,ENSMFAG00000063169
ENSG00000275992,ENSMFAG00000049465
ENSG00000275992,ENSMFAG00000052671
ENSG00000275992,ENSMFAG00000055294
ENSG00000275992,ENSMFAG00000049804
ENSG00000275992,ENSMFAG00000051539
ENSG00000275992,ENSMFAG00000049826
ENSG00000275992,ENSMFAG00000051960
ENSG00000275992,ENSMFAG00000057986
ENSG00000275992,ENSMFAG00000004477
ENSG00000275992,ENSMFAG00000048560
ENSG00000275992,ENSMFAG00000047903
ENSG00000275992,ENSMFAG00000064277
ENSG00000275992,ENSMFAG00000048920
ENSG00000275992,ENSMFAG00000048963
ENSG00000275992,ENSMFAG00000057676
ENSG00000275992,ENSMFAG00000053325
ENSG00000275992,ENSMFAG00000055680
ENSG00000275992,ENSMFAG00000059705
ENSG00000275992,ENSMFAG00000053480
ENSG00000275992,ENSMFAG00000051739
ENSG00000275992,ENSMFAG00000054491
ENSG00000275992,ENSMFAG00000059264
ENSG00000275992,ENSMFAG00000056270
ENSG00000275992,ENSMFAG00000052332
ENSG00000275992,ENSMFAG00000060729
ENSG00000275992,ENSMFAG00000050781
ENSG00000275992,ENSMFAG00000063376
ENSG00000275992,ENSMFAG00000049403
ENSG00000275992,ENSMFAG00000061279
ENSG00000275992,ENSMFAG00000052458
ENSG00000275992,ENSMFAG00000057191
ENSG00000275992,ENSMFAG00000048614
ENSG00000275992,ENSMFAG00000054573
ENSG00000275992,ENSMFAG00000048997
ENSG00000275992,ENSMFAG00000060902
ENSG00000275992,ENSMFAG00000064347
ENSG00000275992,ENSMFAG00000063300
ENSG00000275992,ENSMFAG00000064387
ENSG00000275992,ENSMFAG00000063037
ENSG00000275992,ENSMFAG00000062525
ENSG00000275992,ENSMFAG00000053243
ENSG00000275992,ENSMFAG00000051213
ENSG00000275992,ENSMFAG00000064247
ENSG00000275992,ENSMFAG00000061570
ENSG00000275992,ENSMFAG00000054551
ENSG00000275992,ENSMFAG00000065118
ENSG00000275992,ENSMFAG00000062971
ENSG00000275992,ENSMFAG00000057931
ENSG00000275992,ENSMFAG00000065311
ENSG00000275992,ENSMFAG00000058544
ENSG00000275992,ENSMFAG00000059320
ENSG00000275992,ENSMFAG00000058376
ENSG00000275992,ENSMFAG00000054817
ENSG00000275992,ENSMFAG00000047648
ENSG00000275992,ENSMFAG00000054247
ENSG00000275992,ENSMFAG00000053282
ENSG00000275992,ENSMFAG00000060250
ENSG00000275992,ENSMFAG00000065506
ENSG00000275992,ENSMFAG00000005057
ENSG00000275992,ENSMFAG00000052747
ENSG00000275992,ENSMFAG00000049880
ENSG00000275992,ENSMFAG00000056776
ENSG00000275992,ENSMFAG00000048040
ENSG00000275992,ENSMFAG00000049395
ENSG00000275992,ENSMFAG00000051569
ENSG00000275992,ENSMFAG00000050275
ENSG00000275992,ENSMFAG00000060922
ENSG00000275992,ENSMFAG00000065274
ENSG00000275992,ENSMFAG00000054893
ENSG00000275992,ENSMFAG00000047332
ENSG00000275992,ENSMFAG00000052927
ENSG00000275992,ENSMFAG00000060727
ENSG00000275992,ENSMFAG00000065759
ENSG00000284343,ENSMFAG00000005751
ENSG00000186509,ENSMFAG00000043572
ENSG00000100360,ENSMFAG00000045204
ENSG00000172000,ENSMFAG00000039163
ENSG00000186146,ENSMFAG00000032591
ENSG00000174137,ENSMFAG00000052796
ENSG00000131504,ENSMFAG00000042488
ENSG00000090382,ENSMFAG00000054766
ENSG00000172772,ENSMFAG00000054068
ENSG00000238364,ENSMFAG00000006797
ENSG00000129355,ENSMFAG00000032475
ENSG00000221840,ENSMFAG00000050249
ENSG00000145416,ENSMFAG00000045943
ENSG00000225997,ENSMFAG00000062061
ENSG00000207752,ENSMFAG00000007823
ENSG00000067798,ENSMFAG00000044289
ENSG00000150244,ENSMFAG00000033612
ENSG00000105723,ENSMFAG00000001497
ENSG00000133106,ENSMFAG00000040540
ENSG00000187612,ENSMFAG00000061494
ENSG00000156256,ENSMFAG00000044627
ENSG00000200506,ENSMFAG00000049307
ENSG00000199836,ENSMFAG00000014120
ENSG00000227729,ENSMFAG00000035352
ENSG00000242894,ENSMFAG00000023423
ENSG00000283165,ENSMFAG00000006737
ENSG00000178403,ENSMFAG00000026432
ENSG00000179841,ENSMFAG00000058708
ENSG00000176884,ENSMFAG00000030914
ENSG00000198805,ENSMFAG00000000419
ENSG00000198805,ENSMFAG00000024766
ENSG00000133256,ENSMFAG00000039102
ENSG00000064205,ENSMFAG00000036685
ENSG00000200648,ENSMFAG00000010534
ENSG00000124900,ENSMFAG00000044028
ENSG00000124900,ENSMFAG00000033361
ENSG00000089012,ENSMFAG00000040668
ENSG00000152207,ENSMFAG00000055024
ENSG00000010030,ENSMFAG00000036120
ENSG00000100297,ENSMFAG00000037992
ENSG00000136114,ENSMFAG00000042000
ENSG00000176971,ENSMFAG00000056675
ENSG00000069020,ENSMFAG00000033959
ENSG00000241487,ENSMFAG00000018092
ENSG00000101343,ENSMFAG00000039893
ENSG00000241226,ENSMFAG00000055867
ENSG00000207773,ENSMFAG00000014412
ENSG00000279395,ENSMFAG00000063088
ENSG00000011478,ENSMFAG00000009032
ENSG00000169550,ENSMFAG00000037974
ENSG00000185896,ENSMFAG00000031309
ENSG00000197961,ENSMFAG00000032217
ENSG00000185198,ENSMFAG00000031218
ENSG00000212330,ENSMFAG00000050475
ENSG00000239224,ENSMFAG00000020569
ENSG00000202459,ENSMFAG00000053572
ENSG00000151322,ENSMFAG00000043431
ENSG00000021300,ENSMFAG00000041061
ENSG00000251878,ENSMFAG00000016745
ENSG00000238721,ENSMFAG00000012359
ENSG00000134460,ENSMFAG00000031840
ENSG00000181541,ENSMFAG00000015102
ENSG00000124882,ENSMFAG00000052508
ENSG00000180316,ENSMFAG00000040598
ENSG00000200974,ENSMFAG00000008221
ENSG00000212387,ENSMFAG00000010331
ENSG00000249581,ENSMFAG00000031177
ENSG00000127870,ENSMFAG00000030171
ENSG00000130997,ENSMFAG00000032512
ENSG00000238366,ENSMFAG00000034918
ENSG00000283337,ENSMFAG00000006734
ENSG00000198246,ENSMFAG00000000250
ENSG00000278348,ENSMFAG00000053337
ENSG00000140481,ENSMFAG00000034039
ENSG00000283788,ENSMFAG00000020698
ENSG00000284276,ENSMFAG00000006343
ENSG00000159733,ENSMFAG00000062429
ENSG00000180318,ENSMFAG00000030471
ENSG00000172538,ENSMFAG00000003550
ENSG00000138623,ENSMFAG00000034040
ENSG00000165383,ENSMFAG00000030931
ENSG00000187021,ENSMFAG00000039844
ENSG00000167768,ENSMFAG00000001078
ENSG00000201012,ENSMFAG00000040907
ENSG00000238628,ENSMFAG00000054741
ENSG00000207131,ENSMFAG00000049736
ENSG00000240997,ENSMFAG00000015149
ENSG00000118434,ENSMFAG00000046308
ENSG00000171310,ENSMFAG00000040754
ENSG00000101160,ENSMFAG00000001397
ENSG00000222145,ENSMFAG00000006536
ENSG00000199289,ENSMFAG00000022418
ENSG00000276903,ENSMFAG00000052994
ENSG00000184357,ENSMFAG00000005286
ENSG00000274641,ENSMFAG00000058622
ENSG00000238610,ENSMFAG00000006317
ENSG00000168131,ENSMFAG00000055531
ENSG00000139287,ENSMFAG00000035804
ENSG00000175471,ENSMFAG00000039485
ENSG00000204619,ENSMFAG00000001673
ENSG00000276168,ENSMFAG00000049379
ENSG00000252919,ENSMFAG00000048566
ENSG00000168282,ENSMFAG00000043906
ENSG00000165506,ENSMFAG00000045239
ENSG00000212279,ENSMFAG00000006363
ENSG00000182253,ENSMFAG00000037324
ENSG00000239247,ENSMFAG00000019230
ENSG00000121390,ENSMFAG00000032728
ENSG00000252228,ENSMFAG00000035205
ENSG00000204613,ENSMFAG00000039062
ENSG00000189182,ENSMFAG00000044745
ENSG00000206870,ENSMFAG00000015802
ENSG00000182107,ENSMFAG00000050713
ENSG00000188269,ENSMFAG00000058125
ENSG00000152208,ENSMFAG00000043573
ENSG00000187676,ENSMFAG00000041822
ENSG00000176406,ENSMFAG00000031123
ENSG00000123178,ENSMFAG00000041859
ENSG00000184436,ENSMFAG00000002469
ENSG00000212612,ENSMFAG00000049928
ENSG00000212612,ENSMFAG00000048130
ENSG00000212612,ENSMFAG00000057415
ENSG00000212612,ENSMFAG00000047809
ENSG00000212612,ENSMFAG00000059704
ENSG00000173575,ENSMFAG00000033343
ENSG00000258102,ENSMFAG00000002790
ENSG00000178934,ENSMFAG00000039064
ENSG00000178934,ENSMFAG00000044549
ENSG00000199082,ENSMFAG00000005406
ENSG00000182308,ENSMFAG00000004908
ENSG00000197119,ENSMFAG00000058088
ENSG00000165972,ENSMFAG00000035780
ENSG00000188848,ENSMFAG00000031463
ENSG00000204304,ENSMFAG00000045367
ENSG00000100302,ENSMFAG00000048205
ENSG00000198542,ENSMFAG00000040769
ENSG00000101323,ENSMFAG00000031518
ENSG00000215203,ENSMFAG00000037806
ENSG00000243446,ENSMFAG00000019790
ENSG00000274686,ENSMFAG00000050223
ENSG00000186895,ENSMFAG00000036070
ENSG00000188199,ENSMFAG00000065379
ENSG00000188199,ENSMFAG00000037467
ENSG00000188199,ENSMFAG00000048063
ENSG00000188199,ENSMFAG00000059873
ENSG00000239464,ENSMFAG00000014449
ENSG00000187051,ENSMFAG00000032799
ENSG00000184305,ENSMFAG00000032924
ENSG00000201988,ENSMFAG00000008668
ENSG00000137285,ENSMFAG00000003772
ENSG00000054793,ENSMFAG00000001634
ENSG00000200935,ENSMFAG00000009621
ENSG00000175535,ENSMFAG00000002362
ENSG00000137266,ENSMFAG00000034156
ENSG00000243976,ENSMFAG00000015200
ENSG00000140107,ENSMFAG00000059614
ENSG00000214414,ENSMFAG00000043172
ENSG00000139133,ENSMFAG00000056607
ENSG00000176956,ENSMFAG00000036176
ENSG00000130948,ENSMFAG00000033598
ENSG00000100139,ENSMFAG00000040539
ENSG00000266200,ENSMFAG00000000722
ENSG00000258597,ENSMFAG00000000838
ENSG00000214279,ENSMFAG00000060639
ENSG00000100811,ENSMFAG00000000108
ENSG00000250374,ENSMFAG00000030081
ENSG00000077498,ENSMFAG00000045366
ENSG00000212458,ENSMFAG00000023908
ENSG00000136040,ENSMFAG00000039287
ENSG00000204022,ENSMFAG00000037866
ENSG00000120875,ENSMFAG00000003869
ENSG00000101076,ENSMFAG00000035660
ENSG00000118113,ENSMFAG00000032735
ENSG00000119919,ENSMFAG00000044388
ENSG00000290292,ENSMFAG00000032119
ENSG00000164683,ENSMFAG00000039491
ENSG00000202190,ENSMFAG00000065287
ENSG00000223107,ENSMFAG00000009405
ENSG00000148826,ENSMFAG00000045566
ENSG00000139946,ENSMFAG00000040947
ENSG00000244754,ENSMFAG00000007968
ENSG00000171811,ENSMFAG00000055922
ENSG00000171811,ENSMFAG00000054849
ENSG00000221060,ENSMFAG00000021693
ENSG00000222727,ENSMFAG00000020611
ENSG00000200331,ENSMFAG00000047204
ENSG00000206714,ENSMFAG00000055551
ENSG00000188818,ENSMFAG00000053545
ENSG00000188818,ENSMFAG00000039221
ENSG00000186352,ENSMFAG00000033324
ENSG00000077616,ENSMFAG00000034412
ENSG00000165244,ENSMFAG00000056608
ENSG00000100387,ENSMFAG00000000587
ENSG00000207231,ENSMFAG00000006087
ENSG00000176281,ENSMFAG00000051665
ENSG00000168491,ENSMFAG00000038835
ENSG00000166090,ENSMFAG00000002200
ENSG00000230246,ENSMFAG00000030681
ENSG00000230246,ENSMFAG00000002532
ENSG00000122711,ENSMFAG00000038354
ENSG00000133962,ENSMFAG00000033281
ENSG00000107262,ENSMFAG00000044782
ENSG00000113205,ENSMFAG00000003623
ENSG00000221332,ENSMFAG00000020705
ENSG00000081818,ENSMFAG00000003385
ENSG00000201291,ENSMFAG00000013858
ENSG00000007866,ENSMFAG00000032267
ENSG00000188051,ENSMFAG00000032087
ENSG00000272674,ENSMFAG00000026752
ENSG00000120324,ENSMFAG00000055499
ENSG00000130383,ENSMFAG00000038995
ENSG00000111785,ENSMFAG00000002768
ENSG00000164816,ENSMFAG00000000362
ENSG00000164816,ENSMFAG00000033218
ENSG00000164816,ENSMFAG00000036101
ENSG00000164816,ENSMFAG00000064932
ENSG00000164816,ENSMFAG00000052668
ENSG00000164816,ENSMFAG00000000322
ENSG00000164816,ENSMFAG00000055367
ENSG00000164816,ENSMFAG00000003666
ENSG00000164816,ENSMFAG00000038048
ENSG00000164816,ENSMFAG00000061697
ENSG00000167769,ENSMFAG00000043465
ENSG00000120327,ENSMFAG00000005051
ENSG00000082556,ENSMFAG00000041857
ENSG00000128268,ENSMFAG00000014328
ENSG00000178913,ENSMFAG00000032998
ENSG00000181240,ENSMFAG00000063742
ENSG00000131951,ENSMFAG00000041739
ENSG00000120329,ENSMFAG00000027395
ENSG00000078795,ENSMFAG00000034545
ENSG00000151474,ENSMFAG00000000050
ENSG00000207497,ENSMFAG00000010238
ENSG00000100225,ENSMFAG00000037085
ENSG00000207075,ENSMFAG00000050330
ENSG00000136997,ENSMFAG00000034186
ENSG00000112041,ENSMFAG00000002441
ENSG00000200999,ENSMFAG00000019175
ENSG00000130377,ENSMFAG00000033353
ENSG00000109689,ENSMFAG00000034185
ENSG00000102580,ENSMFAG00000034424
ENSG00000137675,ENSMFAG00000043441
ENSG00000283710,ENSMFAG00000012302
ENSG00000164933,ENSMFAG00000039281
ENSG00000136811,ENSMFAG00000001606
ENSG00000165895,ENSMFAG00000000533
ENSG00000168350,ENSMFAG00000043618
ENSG00000164220,ENSMFAG00000045908
ENSG00000100664,ENSMFAG00000033053
ENSG00000188596,ENSMFAG00000037916
ENSG00000278100,ENSMFAG00000049156
ENSG00000185019,ENSMFAG00000041627
ENSG00000181104,ENSMFAG00000044734
ENSG00000199212,ENSMFAG00000021296
ENSG00000244107,ENSMFAG00000016915
ENSG00000164736,ENSMFAG00000056293
ENSG00000216937,ENSMFAG00000043277
ENSG00000164251,ENSMFAG00000037697
ENSG00000264391,ENSMFAG00000020406
ENSG00000104237,ENSMFAG00000038067
ENSG00000206741,ENSMFAG00000053895
ENSG00000240972,ENSMFAG00000003050
ENSG00000212402,ENSMFAG00000029312
ENSG00000145642,ENSMFAG00000042775
ENSG00000124215,ENSMFAG00000034675
ENSG00000153015,ENSMFAG00000027257
ENSG00000100162,ENSMFAG00000042414
ENSG00000181333,ENSMFAG00000046086
ENSG00000134874,ENSMFAG00000030556
ENSG00000212579,ENSMFAG00000005036
ENSG00000146267,ENSMFAG00000041545
ENSG00000184156,ENSMFAG00000000975
ENSG00000274603,ENSMFAG00000011378
ENSG00000153291,ENSMFAG00000031954
ENSG00000100985,ENSMFAG00000031160
ENSG00000111049,ENSMFAG00000042044
ENSG00000180113,ENSMFAG00000059477
ENSG00000049192,ENSMFAG00000030204
ENSG00000166206,ENSMFAG00000033421
ENSG00000124177,ENSMFAG00000032830
ENSG00000180573,ENSMFAG00000048666
ENSG00000255501,ENSMFAG00000037895
ENSG00000100075,ENSMFAG00000035928
ENSG00000196866,ENSMFAG00000059624
ENSG00000124575,ENSMFAG00000049725
ENSG00000274618,ENSMFAG00000055044
ENSG00000278588,ENSMFAG00000057892
ENSG00000104756,ENSMFAG00000000476
ENSG00000275132,ENSMFAG00000060301
ENSG00000165617,ENSMFAG00000057175
ENSG00000203734,ENSMFAG00000037282
ENSG00000203734,ENSMFAG00000062647
ENSG00000177103,ENSMFAG00000031788
ENSG00000105258,ENSMFAG00000039443
ENSG00000182240,ENSMFAG00000032329
ENSG00000151136,ENSMFAG00000030643
ENSG00000207198,ENSMFAG00000064823
ENSG00000175857,ENSMFAG00000060891
ENSG00000276240,ENSMFAG00000028794
ENSG00000139915,ENSMFAG00000032319
ENSG00000101236,ENSMFAG00000062635
ENSG00000075702,ENSMFAG00000045599
ENSG00000170846,ENSMFAG00000064380
ENSG00000222924,ENSMFAG00000008863
ENSG00000061492,ENSMFAG00000045242
ENSG00000171209,ENSMFAG00000032472
ENSG00000156011,ENSMFAG00000001770
ENSG00000229924,ENSMFAG00000062329
ENSG00000229924,ENSMFAG00000057761
ENSG00000229924,ENSMFAG00000047283
ENSG00000229894,ENSMFAG00000052925
ENSG00000204701,ENSMFAG00000013199
ENSG00000183090,ENSMFAG00000038207
ENSG00000204657,ENSMFAG00000033095
ENSG00000212460,ENSMFAG00000018637
ENSG00000203907,ENSMFAG00000044288
ENSG00000199880,ENSMFAG00000016458
ENSG00000207336,ENSMFAG00000008550
ENSG00000199645,ENSMFAG00000010210
ENSG00000184481,ENSMFAG00000043151
ENSG00000268223,ENSMFAG00000062567
ENSG00000199332,ENSMFAG00000022093
ENSG00000165995,ENSMFAG00000031605
ENSG00000145975,ENSMFAG00000044867
ENSG00000222985,ENSMFAG00000009803
ENSG00000197465,ENSMFAG00000003962
ENSG00000178172,ENSMFAG00000034416
ENSG00000182185,ENSMFAG00000043482
ENSG00000196476,ENSMFAG00000034139
ENSG00000122824,ENSMFAG00000043929
ENSG00000140521,ENSMFAG00000042476
ENSG00000214510,ENSMFAG00000001756
ENSG00000252431,ENSMFAG00000054879
ENSG00000252487,ENSMFAG00000004555
ENSG00000170180,ENSMFAG00000003962
ENSG00000207422,ENSMFAG00000011673
ENSG00000215440,ENSMFAG00000041186
ENSG00000173612,ENSMFAG00000037810
ENSG00000196368,ENSMFAG00000039087
ENSG00000196800,ENSMFAG00000033113
ENSG00000165556,ENSMFAG00000051158
ENSG00000145777,ENSMFAG00000002132
ENSG00000224109,ENSMFAG00000008670
ENSG00000283093,ENSMFAG00000008670
ENSG00000223591,ENSMFAG00000008670
ENSG00000126216,ENSMFAG00000033216
ENSG00000077935,ENSMFAG00000034275
ENSG00000244748,ENSMFAG00000014592
ENSG00000151952,ENSMFAG00000001610
ENSG00000156273,ENSMFAG00000041148
ENSG00000185002,ENSMFAG00000000913
ENSG00000171495,ENSMFAG00000045823
ENSG00000180658,ENSMFAG00000065719
ENSG00000135111,ENSMFAG00000039129
ENSG00000236761,ENSMFAG00000041741
ENSG00000236761,ENSMFAG00000039934
ENSG00000236761,ENSMFAG00000009700
ENSG00000105617,ENSMFAG00000037143
ENSG00000261652,ENSMFAG00000043286
ENSG00000188655,ENSMFAG00000058184
ENSG00000188655,ENSMFAG00000064462
ENSG00000232653,ENSMFAG00000031279
ENSG00000232653,ENSMFAG00000045338
ENSG00000232653,ENSMFAG00000053567
ENSG00000232653,ENSMFAG00000031744
ENSG00000183530,ENSMFAG00000042505
ENSG00000264703,ENSMFAG00000060027
ENSG00000124812,ENSMFAG00000035443
ENSG00000201157,ENSMFAG00000015678
ENSG00000166111,ENSMFAG00000033712
ENSG00000206579,ENSMFAG00000039071
ENSG00000125870,ENSMFAG00000031283
ENSG00000199405,ENSMFAG00000050174
ENSG00000129003,ENSMFAG00000001003
ENSG00000164871,ENSMFAG00000039484
ENSG00000164871,ENSMFAG00000065113
ENSG00000157551,ENSMFAG00000018546
ENSG00000177684,ENSMFAG00000039532
ENSG00000227059,ENSMFAG00000042576
ENSG00000214642,ENSMFAG00000052987
ENSG00000091664,ENSMFAG00000040379
ENSG00000237521,ENSMFAG00000053134
ENSG00000203970,ENSMFAG00000045112
ENSG00000094661,ENSMFAG00000049100
ENSG00000186723,ENSMFAG00000054868
ENSG00000180872,ENSMFAG00000035902
ENSG00000244694,ENSMFAG00000035367
ENSG00000176165,ENSMFAG00000000544
ENSG00000135298,ENSMFAG00000003819
ENSG00000139351,ENSMFAG00000037508
ENSG00000182652,ENSMFAG00000017541
ENSG00000293569,ENSMFAG00000064441
ENSG00000139910,ENSMFAG00000035425
ENSG00000149256,ENSMFAG00000058364
ENSG00000253065,ENSMFAG00000004865
ENSG00000196466,ENSMFAG00000020521
ENSG00000145934,ENSMFAG00000002835
ENSG00000277604,ENSMFAG00000010438
ENSG00000252057,ENSMFAG00000011939
ENSG00000180855,ENSMFAG00000020521
ENSG00000280236,ENSMFAG00000061906
ENSG00000212273,ENSMFAG00000004784
ENSG00000276193,ENSMFAG00000059740
ENSG00000233050,ENSMFAG00000042515
ENSG00000243729,ENSMFAG00000064385
ENSG00000112462,ENSMFAG00000009074
ENSG00000147724,ENSMFAG00000045015
ENSG00000135002,ENSMFAG00000044343
ENSG00000235863,ENSMFAG00000041942
ENSG00000227057,ENSMFAG00000000475
ENSG00000154127,ENSMFAG00000032807
ENSG00000126583,ENSMFAG00000042553
ENSG00000283475,ENSMFAG00000053924
ENSG00000283475,ENSMFAG00000053777
ENSG00000283475,ENSMFAG00000064564
ENSG00000283475,ENSMFAG00000063931
ENSG00000283475,ENSMFAG00000065418
ENSG00000283475,ENSMFAG00000049909
ENSG00000199551,ENSMFAG00000034935
ENSG00000206662,ENSMFAG00000005697
ENSG00000200105,ENSMFAG00000062139
ENSG00000240481,ENSMFAG00000023112
ENSG00000201624,ENSMFAG00000047250
ENSG00000253016,ENSMFAG00000047250
ENSG00000207026,ENSMFAG00000052436
ENSG00000199571,ENSMFAG00000004406
ENSG00000238669,ENSMFAG00000061356
ENSG00000212475,ENSMFAG00000005489
ENSG00000212599,ENSMFAG00000015105
ENSG00000202471,ENSMFAG00000005455
ENSG00000252607,ENSMFAG00000063797
ENSG00000200814,ENSMFAG00000053950
ENSG00000252660,ENSMFAG00000054296
ENSG00000200296,ENSMFAG00000006062
ENSG00000266185,ENSMFAG00000013754
ENSG00000207136,ENSMFAG00000048009
ENSG00000212461,ENSMFAG00000020264
ENSG00000200183,ENSMFAG00000007923
ENSG00000200428,ENSMFAG00000014031
ENSG00000188312,ENSMFAG00000001741
ENSG00000206650,ENSMFAG00000019688
ENSG00000252770,ENSMFAG00000055560
ENSG00000199172,ENSMFAG00000015943
ENSG00000202470,ENSMFAG00000050086
ENSG00000183844,ENSMFAG00000033710
ENSG00000212535,ENSMFAG00000052781
ENSG00000266099,ENSMFAG00000010256
ENSG00000207414,ENSMFAG00000057660
ENSG00000200011,ENSMFAG00000054991
ENSG00000277062,ENSMFAG00000017478
ENSG00000244091,ENSMFAG00000008866
ENSG00000204300,ENSMFAG00000045976
ENSG00000201435,ENSMFAG00000020659
ENSG00000202249,ENSMFAG00000013451
ENSG00000199895,ENSMFAG00000034783
ENSG00000201296,ENSMFAG00000017651
ENSG00000206614,ENSMFAG00000006098
ENSG00000244391,ENSMFAG00000008198
ENSG00000204767,ENSMFAG00000043426
ENSG00000222544,ENSMFAG00000006129
ENSG00000222255,ENSMFAG00000057838
ENSG00000199933,ENSMFAG00000009360
ENSG00000222932,ENSMFAG00000054313
ENSG00000222579,ENSMFAG00000055718
ENSG00000264978,ENSMFAG00000013271
ENSG00000222890,ENSMFAG00000005272
ENSG00000199506,ENSMFAG00000061657
ENSG00000200897,ENSMFAG00000019250
ENSG00000132356,ENSMFAG00000036296
ENSG00000252459,ENSMFAG00000055771
ENSG00000201042,ENSMFAG00000015794
ENSG00000200665,ENSMFAG00000014163
ENSG00000149571,ENSMFAG00000043359
ENSG00000124243,ENSMFAG00000015516
ENSG00000124243,ENSMFAG00000044405
ENSG00000272215,ENSMFAG00000006467
ENSG00000240205,ENSMFAG00000010745
ENSG00000283378,ENSMFAG00000005812
ENSG00000200112,ENSMFAG00000064187
ENSG00000244112,ENSMFAG00000007763
ENSG00000276522,ENSMFAG00000020994
ENSG00000238933,ENSMFAG00000050599
ENSG00000252521,ENSMFAG00000015204
ENSG00000252521,ENSMFAG00000015372
ENSG00000125492,ENSMFAG00000001005
ENSG00000204695,ENSMFAG00000006638
ENSG00000207582,ENSMFAG00000013458
ENSG00000199153,ENSMFAG00000016375
ENSG00000207329,ENSMFAG00000005749
ENSG00000180071,ENSMFAG00000063142
ENSG00000147697,ENSMFAG00000001675
ENSG00000197283,ENSMFAG00000041047
ENSG00000151062,ENSMFAG00000008215
ENSG00000152969,ENSMFAG00000036205
ENSG00000056487,ENSMFAG00000041339
ENSG00000125901,ENSMFAG00000029490
ENSG00000212993,ENSMFAG00000004232
ENSG00000105605,ENSMFAG00000000801
ENSG00000129480,ENSMFAG00000044459
ENSG00000200630,ENSMFAG00000038973
ENSG00000174306,ENSMFAG00000038640
ENSG00000212567,ENSMFAG00000055660
ENSG00000212296,ENSMFAG00000061366
ENSG00000164743,ENSMFAG00000038458
ENSG00000214943,ENSMFAG00000038012
ENSG00000253098,ENSMFAG00000023991
ENSG00000223087,ENSMFAG00000015566
ENSG00000099954,ENSMFAG00000033120
ENSG00000154143,ENSMFAG00000060960
ENSG00000164825,ENSMFAG00000038486
ENSG00000164822,ENSMFAG00000046139
ENSG00000207407,ENSMFAG00000029332
ENSG00000252519,ENSMFAG00000052462
ENSG00000207252,ENSMFAG00000010472
ENSG00000243505,ENSMFAG00000022190
ENSG00000189068,ENSMFAG00000032078
ENSG00000212551,ENSMFAG00000011314
ENSG00000185920,ENSMFAG00000031893
ENSG00000201591,ENSMFAG00000005580
ENSG00000189139,ENSMFAG00000040613
ENSG00000200146,ENSMFAG00000004866
ENSG00000206816,ENSMFAG00000051830
ENSG00000211997,ENSMFAG00000010709
ENSG00000238880,ENSMFAG00000014146
ENSG00000206690,ENSMFAG00000009216
ENSG00000242165,ENSMFAG00000017559
ENSG00000206911,ENSMFAG00000062539
ENSG00000206034,ENSMFAG00000057300
ENSG00000206034,ENSMFAG00000056170
ENSG00000206034,ENSMFAG00000058286
ENSG00000206034,ENSMFAG00000050301
ENSG00000206034,ENSMFAG00000063826
ENSG00000206034,ENSMFAG00000048609
ENSG00000278640,ENSMFAG00000018005
ENSG00000215371,ENSMFAG00000044109
ENSG00000186599,ENSMFAG00000030679
ENSG00000186599,ENSMFAG00000056365
ENSG00000207366,ENSMFAG00000035276
ENSG00000199709,ENSMFAG00000017443
ENSG00000222844,ENSMFAG00000024389
ENSG00000242673,ENSMFAG00000019462
ENSG00000222297,ENSMFAG00000034953
ENSG00000100865,ENSMFAG00000038439
ENSG00000199090,ENSMFAG00000035211
ENSG00000206941,ENSMFAG00000019624
ENSG00000207445,ENSMFAG00000029316
ENSG00000263616,ENSMFAG00000007898
ENSG00000253958,ENSMFAG00000048993
ENSG00000263993,ENSMFAG00000009039
ENSG00000147324,ENSMFAG00000035654
ENSG00000199362,ENSMFAG00000062820
ENSG00000198911,ENSMFAG00000043421
ENSG00000166928,ENSMFAG00000039641
ENSG00000025772,ENSMFAG00000042107
ENSG00000207244,ENSMFAG00000030553
ENSG00000239078,ENSMFAG00000060176
ENSG00000197334,ENSMFAG00000057577
ENSG00000173281,ENSMFAG00000042746
ENSG00000207415,ENSMFAG00000024363
ENSG00000201815,ENSMFAG00000013307
ENSG00000284321,ENSMFAG00000012645
ENSG00000252458,ENSMFAG00000021483
ENSG00000221601,ENSMFAG00000013678
ENSG00000113302,ENSMFAG00000036061
ENSG00000222761,ENSMFAG00000052990
ENSG00000211895,ENSMFAG00000063051
ENSG00000207128,ENSMFAG00000050260
ENSG00000253649,ENSMFAG00000042199
ENSG00000184647,ENSMFAG00000021723
ENSG00000166930,ENSMFAG00000043268
ENSG00000212249,ENSMFAG00000016335
ENSG00000252408,ENSMFAG00000005570
ENSG00000280894,ENSMFAG00000023158
ENSG00000145850,ENSMFAG00000044327
ENSG00000183397,ENSMFAG00000036699
ENSG00000171060,ENSMFAG00000045489
ENSG00000263490,ENSMFAG00000063482
ENSG00000196757,ENSMFAG00000034497
ENSG00000124092,ENSMFAG00000037641
ENSG00000252369,ENSMFAG00000048565
ENSG00000137709,ENSMFAG00000041578
ENSG00000171056,ENSMFAG00000047350
ENSG00000170613,ENSMFAG00000034384
ENSG00000171044,ENSMFAG00000001089
ENSG00000252481,ENSMFAG00000014779
ENSG00000207600,ENSMFAG00000038968
ENSG00000254866,ENSMFAG00000057300
ENSG00000254866,ENSMFAG00000056170
ENSG00000254866,ENSMFAG00000058286
ENSG00000254866,ENSMFAG00000050301
ENSG00000254866,ENSMFAG00000063826
ENSG00000254866,ENSMFAG00000048609
ENSG00000146066,ENSMFAG00000034686
ENSG00000175325,ENSMFAG00000048111
ENSG00000199444,ENSMFAG00000050672
ENSG00000244234,ENSMFAG00000018167
ENSG00000147036,ENSMFAG00000038488
ENSG00000252108,ENSMFAG00000062156
ENSG00000211445,ENSMFAG00000061550
ENSG00000219435,ENSMFAG00000002264
ENSG00000186334,ENSMFAG00000003733
ENSG00000300293,ENSMFAG00000016940
ENSG00000117877,ENSMFAG00000006908
ENSG00000310562,ENSMFAG00000037640
ENSG00000168065,ENSMFAG00000057775
ENSG00000170929,ENSMFAG00000056405
ENSG00000207870,ENSMFAG00000005619
ENSG00000207870,ENSMFAG00000047414
ENSG00000207725,ENSMFAG00000051083
ENSG00000243871,ENSMFAG00000015759
ENSG00000166963,ENSMFAG00000001708
ENSG00000174667,ENSMFAG00000061840
ENSG00000174667,ENSMFAG00000044718
ENSG00000186335,ENSMFAG00000046152
ENSG00000109705,ENSMFAG00000061419
ENSG00000284256,ENSMFAG00000033521
ENSG00000212347,ENSMFAG00000006395
ENSG00000104221,ENSMFAG00000044757
ENSG00000147202,ENSMFAG00000044794
ENSG00000168412,ENSMFAG00000039096
ENSG00000168229,ENSMFAG00000031583
ENSG00000263595,ENSMFAG00000009190
ENSG00000197891,ENSMFAG00000001521
ENSG00000207155,ENSMFAG00000051253
ENSG00000207385,ENSMFAG00000050502
ENSG00000164418,ENSMFAG00000040349
ENSG00000125384,ENSMFAG00000001288
ENSG00000277531,ENSMFAG00000029984
ENSG00000283567,ENSMFAG00000030392
ENSG00000159248,ENSMFAG00000036155
ENSG00000244544,ENSMFAG00000011869
ENSG00000223802,ENSMFAG00000044990
ENSG00000145248,ENSMFAG00000001804
ENSG00000166073,ENSMFAG00000039488
ENSG00000182223,ENSMFAG00000051405
ENSG00000207426,ENSMFAG00000056928
ENSG00000265260,ENSMFAG00000021464
ENSG00000145700,ENSMFAG00000044070
ENSG00000241652,ENSMFAG00000023279
ENSG00000223225,ENSMFAG00000053121
ENSG00000199859,ENSMFAG00000057718
ENSG00000223208,ENSMFAG00000053121
ENSG00000221245,ENSMFAG00000009290
ENSG00000214367,ENSMFAG00000034116
ENSG00000200305,ENSMFAG00000012728
ENSG00000275072,ENSMFAG00000004848
ENSG00000255192,ENSMFAG00000033399
ENSG00000200427,ENSMFAG00000004745
ENSG00000202103,ENSMFAG00000024265
ENSG00000214013,ENSMFAG00000042444
ENSG00000205076,ENSMFAG00000039064
ENSG00000205076,ENSMFAG00000044549
ENSG00000124788,ENSMFAG00000032779
ENSG00000142235,ENSMFAG00000053931
ENSG00000122012,ENSMFAG00000036123
ENSG00000154723,ENSMFAG00000044695
ENSG00000202440,ENSMFAG00000004434
ENSG00000283926,ENSMFAG00000011942
ENSG00000149735,ENSMFAG00000040663
ENSG00000176907,ENSMFAG00000007134
ENSG00000233132,ENSMFAG00000062329
ENSG00000233132,ENSMFAG00000057761
ENSG00000233132,ENSMFAG00000047283
ENSG00000230045,ENSMFAG00000062329
ENSG00000230045,ENSMFAG00000057761
ENSG00000230045,ENSMFAG00000047283
ENSG00000223885,ENSMFAG00000062329
ENSG00000223885,ENSMFAG00000057761
ENSG00000223885,ENSMFAG00000047283
ENSG00000215373,ENSMFAG00000062329
ENSG00000215373,ENSMFAG00000057761
ENSG00000215373,ENSMFAG00000047283
ENSG00000233115,ENSMFAG00000062329
ENSG00000233115,ENSMFAG00000057761
ENSG00000233115,ENSMFAG00000047283
ENSG00000254229,ENSMFAG00000062329
ENSG00000254229,ENSMFAG00000057761
ENSG00000254229,ENSMFAG00000047283
ENSG00000233295,ENSMFAG00000062329
ENSG00000233295,ENSMFAG00000057761
ENSG00000233295,ENSMFAG00000047283
ENSG00000168062,ENSMFAG00000039278
ENSG00000215354,ENSMFAG00000062329
ENSG00000215354,ENSMFAG00000057761
ENSG00000215354,ENSMFAG00000047283
ENSG00000253602,ENSMFAG00000004781
ENSG00000181790,ENSMFAG00000032171
ENSG00000201980,ENSMFAG00000015696
ENSG00000204519,ENSMFAG00000038243
ENSG00000205496,ENSMFAG00000000786
ENSG00000207371,ENSMFAG00000012293
ENSG00000112576,ENSMFAG00000039022
ENSG00000164040,ENSMFAG00000039950
ENSG00000179909,ENSMFAG00000045479
ENSG00000145703,ENSMFAG00000032362
ENSG00000152443,ENSMFAG00000061246
ENSG00000206613,ENSMFAG00000008526
ENSG00000201176,ENSMFAG00000008323
ENSG00000154553,ENSMFAG00000000203
ENSG00000213022,ENSMFAG00000033130
ENSG00000167759,ENSMFAG00000000268
ENSG00000167759,ENSMFAG00000042780
ENSG00000200528,ENSMFAG00000015085
ENSG00000175520,ENSMFAG00000023673
ENSG00000276353,ENSMFAG00000060537
ENSG00000205884,ENSMFAG00000000191
ENSG00000175518,ENSMFAG00000035890
ENSG00000205882,ENSMFAG00000061211
ENSG00000187747,ENSMFAG00000050893
ENSG00000166159,ENSMFAG00000045784
ENSG00000184350,ENSMFAG00000056396
ENSG00000185989,ENSMFAG00000000503
ENSG00000110042,ENSMFAG00000041572
ENSG00000142549,ENSMFAG00000036756
ENSG00000139187,ENSMFAG00000003591
ENSG00000206875,ENSMFAG00000062476
ENSG00000204618,ENSMFAG00000040191
ENSG00000160318,ENSMFAG00000039792
ENSG00000174749,ENSMFAG00000000675
ENSG00000163623,ENSMFAG00000055735
ENSG00000204702,ENSMFAG00000031410
ENSG00000154764,ENSMFAG00000044809
ENSG00000163625,ENSMFAG00000036405
ENSG00000262874,ENSMFAG00000040645
ENSG00000283429,ENSMFAG00000053924
ENSG00000283429,ENSMFAG00000053777
ENSG00000283429,ENSMFAG00000064564
ENSG00000283429,ENSMFAG00000063931
ENSG00000283429,ENSMFAG00000065418
ENSG00000283429,ENSMFAG00000049909
ENSG00000263999,ENSMFAG00000018240
ENSG00000199220,ENSMFAG00000013892
ENSG00000201198,ENSMFAG00000006297
ENSG00000263944,ENSMFAG00000007731
ENSG00000179213,ENSMFAG00000000200
ENSG00000102128,ENSMFAG00000056234
ENSG00000204700,ENSMFAG00000031410
ENSG00000186416,ENSMFAG00000031196
ENSG00000177225,ENSMFAG00000021199
ENSG00000139266,ENSMFAG00000057711
ENSG00000134121,ENSMFAG00000040804
ENSG00000123427,ENSMFAG00000040212
ENSG00000241058,ENSMFAG00000045602
ENSG00000248385,ENSMFAG00000045044
ENSG00000207492,ENSMFAG00000056578
ENSG00000100403,ENSMFAG00000037965
ENSG00000165805,ENSMFAG00000039647
ENSG00000135577,ENSMFAG00000003897
ENSG00000124557,ENSMFAG00000002197
ENSG00000239466,ENSMFAG00000015920
ENSG00000252062,ENSMFAG00000034993
ENSG00000136100,ENSMFAG00000042233
ENSG00000155085,ENSMFAG00000039019
ENSG00000101057,ENSMFAG00000032458
ENSG00000150275,ENSMFAG00000041043
ENSG00000204671,ENSMFAG00000040210
ENSG00000188959,ENSMFAG00000048389
ENSG00000269404,ENSMFAG00000065718
ENSG00000204193,ENSMFAG00000031905
ENSG00000176383,ENSMFAG00000032438
ENSG00000072832,ENSMFAG00000000318
ENSG00000212443,ENSMFAG00000014540
ENSG00000166130,ENSMFAG00000045834
ENSG00000168619,ENSMFAG00000035678
ENSG00000206658,ENSMFAG00000056939
ENSG00000199785,ENSMFAG00000047677
ENSG00000137040,ENSMFAG00000000871
ENSG00000212597,ENSMFAG00000057452
ENSG00000206847,ENSMFAG00000013496
ENSG00000146950,ENSMFAG00000031091
ENSG00000280094,ENSMFAG00000049737
ENSG00000149300,ENSMFAG00000064854
ENSG00000200345,ENSMFAG00000033827
ENSG00000161671,ENSMFAG00000000496
ENSG00000238444,ENSMFAG00000050863
ENSG00000150779,ENSMFAG00000051190
ENSG00000135643,ENSMFAG00000059465
ENSG00000146399,ENSMFAG00000030250
ENSG00000146360,ENSMFAG00000002164
ENSG00000092529,ENSMFAG00000008163
ENSG00000207309,ENSMFAG00000007435
ENSG00000243373,ENSMFAG00000009151
ENSG00000185760,ENSMFAG00000036978
ENSG00000166148,ENSMFAG00000065763
ENSG00000133858,ENSMFAG00000039403
ENSG00000223256,ENSMFAG00000053121
ENSG00000234469,ENSMFAG00000049824
ENSG00000241174,ENSMFAG00000010800
ENSG00000188771,ENSMFAG00000044792
ENSG00000221716,ENSMFAG00000021589
ENSG00000238961,ENSMFAG00000004214
ENSG00000184788,ENSMFAG00000042054
ENSG00000222561,ENSMFAG00000051787
ENSG00000159055,ENSMFAG00000033702
ENSG00000185608,ENSMFAG00000032018
ENSG00000083067,ENSMFAG00000037990
ENSG00000113231,ENSMFAG00000041903
ENSG00000160298,ENSMFAG00000041495
ENSG00000075218,ENSMFAG00000033240
ENSG00000152467,ENSMFAG00000031193
ENSG00000198788,ENSMFAG00000049123
ENSG00000177191,ENSMFAG00000026005
ENSG00000174898,ENSMFAG00000045623
ENSG00000212123,ENSMFAG00000031910
ENSG00000241413,ENSMFAG00000023214
ENSG00000104755,ENSMFAG00000029770
ENSG00000202034,ENSMFAG00000047701
ENSG00000131379,ENSMFAG00000029993
ENSG00000199179,ENSMFAG00000018728
ENSG00000207428,ENSMFAG00000055479
ENSG00000284010,ENSMFAG00000013146
ENSG00000206775,ENSMFAG00000018601
ENSG00000202407,ENSMFAG00000055854
ENSG00000139151,ENSMFAG00000001065
ENSG00000276368,ENSMFAG00000055447
ENSG00000197238,ENSMFAG00000060595
ENSG00000147231,ENSMFAG00000031623
ENSG00000198092,ENSMFAG00000001358
ENSG00000278828,ENSMFAG00000054950
ENSG00000008441,ENSMFAG00000038849
ENSG00000185873,ENSMFAG00000025901
ENSG00000112541,ENSMFAG00000046132
ENSG00000196119,ENSMFAG00000019193
ENSG00000099958,ENSMFAG00000033655
ENSG00000152402,ENSMFAG00000034683
ENSG00000087128,ENSMFAG00000044534
ENSG00000102245,ENSMFAG00000041794
ENSG00000200350,ENSMFAG00000005023
ENSG00000138685,ENSMFAG00000001237
ENSG00000160285,ENSMFAG00000034060
ENSG00000120662,ENSMFAG00000037972
ENSG00000252796,ENSMFAG00000012421
ENSG00000202089,ENSMFAG00000006074
ENSG00000243260,ENSMFAG00000023085
ENSG00000169635,ENSMFAG00000052756
ENSG00000176340,ENSMFAG00000001343
ENSG00000212510,ENSMFAG00000013324
ENSG00000202279,ENSMFAG00000057382
ENSG00000206979,ENSMFAG00000015397
ENSG00000207012,ENSMFAG00000065294
ENSG00000173011,ENSMFAG00000002501
ENSG00000196569,ENSMFAG00000039270
ENSG00000163576,ENSMFAG00000027825
ENSG00000100142,ENSMFAG00000033687
ENSG00000130700,ENSMFAG00000041967
ENSG00000177938,ENSMFAG00000025207
ENSG00000207008,ENSMFAG00000015721
ENSG00000083782,ENSMFAG00000033919
ENSG00000120251,ENSMFAG00000042771
ENSG00000252568,ENSMFAG00000047288
ENSG00000234776,ENSMFAG00000056527
ENSG00000222601,ENSMFAG00000013542
ENSG00000171456,ENSMFAG00000029400
ENSG00000077458,ENSMFAG00000042981
ENSG00000169884,ENSMFAG00000043880
ENSG00000183977,ENSMFAG00000036979
ENSG00000200303,ENSMFAG00000054141
ENSG00000181418,ENSMFAG00000025897
ENSG00000128228,ENSMFAG00000033377
ENSG00000139549,ENSMFAG00000051486
ENSG00000164941,ENSMFAG00000036370
ENSG00000225366,ENSMFAG00000002520
ENSG00000090776,ENSMFAG00000043144
ENSG00000274017,ENSMFAG00000050224
ENSG00000244532,ENSMFAG00000013787
ENSG00000157152,ENSMFAG00000041997
ENSG00000238795,ENSMFAG00000012059
ENSG00000284194,ENSMFAG00000055882
ENSG00000243420,ENSMFAG00000014723
ENSG00000118972,ENSMFAG00000047299
ENSG00000065923,ENSMFAG00000044322
ENSG00000100221,ENSMFAG00000038103
ENSG00000175573,ENSMFAG00000035547
ENSG00000175550,ENSMFAG00000035458
ENSG00000111644,ENSMFAG00000005997
ENSG00000198300,ENSMFAG00000062745
ENSG00000183628,ENSMFAG00000042526
ENSG00000183628,ENSMFAG00000053543
ENSG00000076770,ENSMFAG00000034599
ENSG00000171540,ENSMFAG00000056050
ENSG00000172348,ENSMFAG00000036451
ENSG00000175315,ENSMFAG00000002342
ENSG00000133710,ENSMFAG00000030759
ENSG00000175294,ENSMFAG00000000565
ENSG00000112761,ENSMFAG00000038144
ENSG00000093009,ENSMFAG00000045935
ENSG00000170426,ENSMFAG00000034208
ENSG00000174871,ENSMFAG00000036848
ENSG00000125812,ENSMFAG00000042408
ENSG00000172940,ENSMFAG00000035918
ENSG00000222635,ENSMFAG00000006785
ENSG00000206897,ENSMFAG00000015556
ENSG00000111358,ENSMFAG00000035951
ENSG00000179292,ENSMFAG00000065011
ENSG00000276918,ENSMFAG00000050280
ENSG00000088832,ENSMFAG00000042021
ENSG00000202317,ENSMFAG00000013127
ENSG00000175115,ENSMFAG00000001271
ENSG00000172179,ENSMFAG00000000707
ENSG00000204669,ENSMFAG00000057044
ENSG00000222465,ENSMFAG00000021557
ENSG00000204531,ENSMFAG00000004232
ENSG00000198963,ENSMFAG00000046226
ENSG00000144724,ENSMFAG00000044130
ENSG00000125831,ENSMFAG00000038093
ENSG00000131067,ENSMFAG00000046311
ENSG00000119121,ENSMFAG00000042901
ENSG00000239211,ENSMFAG00000014558
ENSG00000284108,ENSMFAG00000040428
ENSG00000129152,ENSMFAG00000039430
ENSG00000283434,ENSMFAG00000053253
ENSG00000160886,ENSMFAG00000061014
ENSG00000129159,ENSMFAG00000002367
ENSG00000170881,ENSMFAG00000039167
ENSG00000147509,ENSMFAG00000031333
ENSG00000163376,ENSMFAG00000003507
ENSG00000238724,ENSMFAG00000050083
ENSG00000272075,ENSMFAG00000021648
ENSG00000087053,ENSMFAG00000040303
ENSG00000121440,ENSMFAG00000000986
ENSG00000207020,ENSMFAG00000049006
ENSG00000153347,ENSMFAG00000045306
ENSG00000169083,ENSMFAG00000042543
ENSG00000212259,ENSMFAG00000060887
ENSG00000222267,ENSMFAG00000015519
ENSG00000061337,ENSMFAG00000010460
ENSG00000152670,ENSMFAG00000040186
ENSG00000238901,ENSMFAG00000064830
ENSG00000152137,ENSMFAG00000007246
ENSG00000242170,ENSMFAG00000009560
ENSG00000173334,ENSMFAG00000002866
ENSG00000242114,ENSMFAG00000033640
ENSG00000174236,ENSMFAG00000062839
ENSG00000081148,ENSMFAG00000032185
ENSG00000252585,ENSMFAG00000009019
ENSG00000183908,ENSMFAG00000044251
ENSG00000101605,ENSMFAG00000041420
ENSG00000240533,ENSMFAG00000018345
ENSG00000202318,ENSMFAG00000004847
ENSG00000156575,ENSMFAG00000039521
ENSG00000238457,ENSMFAG00000014196
ENSG00000201909,ENSMFAG00000047744
ENSG00000149599,ENSMFAG00000003502
ENSG00000139330,ENSMFAG00000041597
ENSG00000160183,ENSMFAG00000003673
ENSG00000171365,ENSMFAG00000031675
ENSG00000173486,ENSMFAG00000002773
ENSG00000123066,ENSMFAG00000035438
ENSG00000131100,ENSMFAG00000032946
ENSG00000138472,ENSMFAG00000030464
ENSG00000102543,ENSMFAG00000032976
ENSG00000251923,ENSMFAG00000034807
ENSG00000250821,ENSMFAG00000056471
ENSG00000202358,ENSMFAG00000015394
ENSG00000138675,ENSMFAG00000034249
ENSG00000252758,ENSMFAG00000036246
ENSG00000201616,ENSMFAG00000029453
ENSG00000249992,ENSMFAG00000050477
ENSG00000249693,ENSMFAG00000041767
ENSG00000172938,ENSMFAG00000065051
ENSG00000184276,ENSMFAG00000044109
ENSG00000225805,ENSMFAG00000032591
ENSG00000128040,ENSMFAG00000042202
ENSG00000170837,ENSMFAG00000053255
ENSG00000125821,ENSMFAG00000044812
ENSG00000125821,ENSMFAG00000034375
ENSG00000110031,ENSMFAG00000040604
ENSG00000132938,ENSMFAG00000032200
ENSG00000206530,ENSMFAG00000033023
ENSG00000177098,ENSMFAG00000064668
ENSG00000174473,ENSMFAG00000003378
ENSG00000101442,ENSMFAG00000001911
ENSG00000139508,ENSMFAG00000030072
ENSG00000198759,ENSMFAG00000041779
ENSG00000179058,ENSMFAG00000033035
ENSG00000239856,ENSMFAG00000021765
ENSG00000149201,ENSMFAG00000003801
ENSG00000114487,ENSMFAG00000003460
ENSG00000124212,ENSMFAG00000033233
ENSG00000236637,ENSMFAG00000055488
ENSG00000236637,ENSMFAG00000061198
ENSG00000236637,ENSMFAG00000050022
ENSG00000236637,ENSMFAG00000063486
ENSG00000214042,ENSMFAG00000055488
ENSG00000214042,ENSMFAG00000061198
ENSG00000214042,ENSMFAG00000050022
ENSG00000214042,ENSMFAG00000063486
ENSG00000186803,ENSMFAG00000055488
ENSG00000186803,ENSMFAG00000061198
ENSG00000186803,ENSMFAG00000050022
ENSG00000186803,ENSMFAG00000063486
ENSG00000198642,ENSMFAG00000061614
ENSG00000136929,ENSMFAG00000031373
ENSG00000181965,ENSMFAG00000018711
ENSG00000102452,ENSMFAG00000039517
ENSG00000250361,ENSMFAG00000003962
ENSG00000100219,ENSMFAG00000035326
ENSG00000011083,ENSMFAG00000039840
ENSG00000199483,ENSMFAG00000005420
ENSG00000101166,ENSMFAG00000039743
ENSG00000124334,ENSMFAG00000000235
ENSG00000099889,ENSMFAG00000038042
ENSG00000113262,ENSMFAG00000002639
ENSG00000137720,ENSMFAG00000000736
ENSG00000088356,ENSMFAG00000001948
ENSG00000102271,ENSMFAG00000039559
ENSG00000252904,ENSMFAG00000053664
ENSG00000163519,ENSMFAG00000002057
ENSG00000223547,ENSMFAG00000063322
ENSG00000205838,ENSMFAG00000001932
ENSG00000152229,ENSMFAG00000037150
ENSG00000237247,ENSMFAG00000036004
ENSG00000201439,ENSMFAG00000056879
ENSG00000201439,ENSMFAG00000051137
ENSG00000179817,ENSMFAG00000056317
ENSG00000205718,ENSMFAG00000036004
ENSG00000205693,ENSMFAG00000034623
ENSG00000230522,ENSMFAG00000036004
ENSG00000088305,ENSMFAG00000040834
ENSG00000139445,ENSMFAG00000031528
ENSG00000160321,ENSMFAG00000037193
ENSG00000160321,ENSMFAG00000042521
ENSG00000170819,ENSMFAG00000038407
ENSG00000149133,ENSMFAG00000059860
ENSG00000181761,ENSMFAG00000064926
ENSG00000142515,ENSMFAG00000039853
ENSG00000173610,ENSMFAG00000001202
ENSG00000114125,ENSMFAG00000051836
ENSG00000184445,ENSMFAG00000045398
ENSG00000180475,ENSMFAG00000056268
ENSG00000175745,ENSMFAG00000042083
ENSG00000163421,ENSMFAG00000003820
ENSG00000128309,ENSMFAG00000051065
ENSG00000141449,ENSMFAG00000037135
ENSG00000165169,ENSMFAG00000038542
ENSG00000197826,ENSMFAG00000036519
ENSG00000176200,ENSMFAG00000063468
ENSG00000172199,ENSMFAG00000058906
ENSG00000168875,ENSMFAG00000029238
ENSG00000178338,ENSMFAG00000029623
ENSG00000152977,ENSMFAG00000042766
ENSG00000150269,ENSMFAG00000065412
ENSG00000182168,ENSMFAG00000026235
ENSG00000070031,ENSMFAG00000054245
ENSG00000206624,ENSMFAG00000013905
ENSG00000069696,ENSMFAG00000060183
ENSG00000187823,ENSMFAG00000064863
ENSG00000123728,ENSMFAG00000032245
ENSG00000163590,ENSMFAG00000041769
ENSG00000100084,ENSMFAG00000030575
ENSG00000169393,ENSMFAG00000035166
ENSG00000252769,ENSMFAG00000020336
ENSG00000236981,ENSMFAG00000051527
ENSG00000208009,ENSMFAG00000012991
ENSG00000252361,ENSMFAG00000006754
ENSG00000277194,ENSMFAG00000005452
ENSG00000277194,ENSMFAG00000005484
ENSG00000277846,ENSMFAG00000014451
ENSG00000274544,ENSMFAG00000030819
ENSG00000163630,ENSMFAG00000039535
ENSG00000275996,ENSMFAG00000035320
ENSG00000276788,ENSMFAG00000018552
ENSG00000136144,ENSMFAG00000045129
ENSG00000174358,ENSMFAG00000031540
ENSG00000166793,ENSMFAG00000029685
ENSG00000154640,ENSMFAG00000002010
ENSG00000252548,ENSMFAG00000013287
ENSG00000198099,ENSMFAG00000003884
ENSG00000164363,ENSMFAG00000029794
ENSG00000186462,ENSMFAG00000003271
ENSG00000198088,ENSMFAG00000033608
ENSG00000132205,ENSMFAG00000037105
ENSG00000206913,ENSMFAG00000009524
ENSG00000175505,ENSMFAG00000039712
ENSG00000133135,ENSMFAG00000003335
ENSG00000141639,ENSMFAG00000036294
ENSG00000207732,ENSMFAG00000009644
ENSG00000185774,ENSMFAG00000042661
ENSG00000182782,ENSMFAG00000036514
ENSG00000255398,ENSMFAG00000036514
ENSG00000206858,ENSMFAG00000049299
ENSG00000238622,ENSMFAG00000019715
ENSG00000196917,ENSMFAG00000028540
ENSG00000206914,ENSMFAG00000053594
ENSG00000160460,ENSMFAG00000034571
ENSG00000243279,ENSMFAG00000059455
ENSG00000131808,ENSMFAG00000039808
ENSG00000090402,ENSMFAG00000039069
ENSG00000157625,ENSMFAG00000036775
ENSG00000185261,ENSMFAG00000037289
ENSG00000112077,ENSMFAG00000042670
ENSG00000167612,ENSMFAG00000043847
ENSG00000240654,ENSMFAG00000002446
ENSG00000240654,ENSMFAG00000039133
ENSG00000197632,ENSMFAG00000035794
ENSG00000205864,ENSMFAG00000039972
ENSG00000038382,ENSMFAG00000035974
ENSG00000038382,ENSMFAG00000062808
ENSG00000206992,ENSMFAG00000060075
ENSG00000161835,ENSMFAG00000041403
ENSG00000139826,ENSMFAG00000049251
ENSG00000201733,ENSMFAG00000015004
ENSG00000032742,ENSMFAG00000042564
ENSG00000124479,ENSMFAG00000000487
ENSG00000265559,ENSMFAG00000008046
ENSG00000200376,ENSMFAG00000019821
ENSG00000175536,ENSMFAG00000038446
ENSG00000214827,ENSMFAG00000052287
ENSG00000101138,ENSMFAG00000003531
ENSG00000136011,ENSMFAG00000034494
ENSG00000142188,ENSMFAG00000057725
ENSG00000186907,ENSMFAG00000038644
ENSG00000197261,ENSMFAG00000063757
ENSG00000156587,ENSMFAG00000002288
ENSG00000273802,ENSMFAG00000053830
ENSG00000185130,ENSMFAG00000051455
ENSG00000277224,ENSMFAG00000053830
ENSG00000273983,ENSMFAG00000057666
ENSG00000156140,ENSMFAG00000043434
ENSG00000135569,ENSMFAG00000030700
ENSG00000166974,ENSMFAG00000000599
ENSG00000120279,ENSMFAG00000055463
ENSG00000244355,ENSMFAG00000053234
ENSG00000242818,ENSMFAG00000007801
ENSG00000149575,ENSMFAG00000042952
ENSG00000102385,ENSMFAG00000001071
ENSG00000189134,ENSMFAG00000049741
ENSG00000222800,ENSMFAG00000009920
ENSG00000274997,ENSMFAG00000058395
ENSG00000212594,ENSMFAG00000016243
ENSG00000158553,ENSMFAG00000060411
ENSG00000206671,ENSMFAG00000004432
ENSG00000137413,ENSMFAG00000037574
ENSG00000180425,ENSMFAG00000056584
ENSG00000111412,ENSMFAG00000055297
ENSG00000221639,ENSMFAG00000035105
ENSG00000081051,ENSMFAG00000001250
ENSG00000109927,ENSMFAG00000035833
ENSG00000144962,ENSMFAG00000035575
ENSG00000201382,ENSMFAG00000037464
ENSG00000213967,ENSMFAG00000032109
ENSG00000155307,ENSMFAG00000042889
ENSG00000133138,ENSMFAG00000040068
ENSG00000188171,ENSMFAG00000061876
ENSG00000201579,ENSMFAG00000050702
ENSG00000207031,ENSMFAG00000005509
ENSG00000252671,ENSMFAG00000014214
ENSG00000213973,ENSMFAG00000044588
ENSG00000170374,ENSMFAG00000048583
ENSG00000204869,ENSMFAG00000001824
ENSG00000120451,ENSMFAG00000003849
ENSG00000156194,ENSMFAG00000045101
ENSG00000241785,ENSMFAG00000007899
ENSG00000207381,ENSMFAG00000063108
ENSG00000199122,ENSMFAG00000008944
ENSG00000264028,ENSMFAG00000054716
ENSG00000239002,ENSMFAG00000017400
ENSG00000182315,ENSMFAG00000036004
ENSG00000177694,ENSMFAG00000000195
ENSG00000176695,ENSMFAG00000056105
ENSG00000057149,ENSMFAG00000043466
ENSG00000057149,ENSMFAG00000044526
ENSG00000101132,ENSMFAG00000002174
ENSG00000199886,ENSMFAG00000038220
ENSG00000207142,ENSMFAG00000051589
ENSG00000111725,ENSMFAG00000002388
ENSG00000163995,ENSMFAG00000033256
ENSG00000203872,ENSMFAG00000045620
ENSG00000269526,ENSMFAG00000059287
ENSG00000269526,ENSMFAG00000042517
ENSG00000182566,ENSMFAG00000036659
ENSG00000204149,ENSMFAG00000036510
ENSG00000156261,ENSMFAG00000035602
ENSG00000169562,ENSMFAG00000063942
ENSG00000075043,ENSMFAG00000042590
ENSG00000187556,ENSMFAG00000040009
ENSG00000206715,ENSMFAG00000058284
ENSG00000164520,ENSMFAG00000001578
ENSG00000164520,ENSMFAG00000042568
ENSG00000103994,ENSMFAG00000031499
ENSG00000175544,ENSMFAG00000038440
ENSG00000278250,ENSMFAG00000055271
ENSG00000130270,ENSMFAG00000030115
ENSG00000135119,ENSMFAG00000033209
ENSG00000085276,ENSMFAG00000033167
ENSG00000204979,ENSMFAG00000042213
ENSG00000206881,ENSMFAG00000007811
ENSG00000171444,ENSMFAG00000033351
ENSG00000112137,ENSMFAG00000039842
ENSG00000139190,ENSMFAG00000035441
ENSG00000166670,ENSMFAG00000031795
ENSG00000197467,ENSMFAG00000038649
ENSG00000168675,ENSMFAG00000000907
ENSG00000178222,ENSMFAG00000002719
ENSG00000178026,ENSMFAG00000037291
ENSG00000205927,ENSMFAG00000048902
ENSG00000212298,ENSMFAG00000007028
ENSG00000238440,ENSMFAG00000063262
ENSG00000197110,ENSMFAG00000061225
ENSG00000197110,ENSMFAG00000051454
ENSG00000222610,ENSMFAG00000004235
ENSG00000200351,ENSMFAG00000005116
ENSG00000160190,ENSMFAG00000036570
ENSG00000111404,ENSMFAG00000025692
ENSG00000215193,ENSMFAG00000000218
ENSG00000204536,ENSMFAG00000046171
ENSG00000113712,ENSMFAG00000030995
ENSG00000104177,ENSMFAG00000046361
ENSG00000147138,ENSMFAG00000048513
ENSG00000102243,ENSMFAG00000035875
ENSG00000130167,ENSMFAG00000046046
ENSG00000181215,ENSMFAG00000038554
ENSG00000223037,ENSMFAG00000009282
ENSG00000248771,ENSMFAG00000031722
ENSG00000182518,ENSMFAG00000052840
ENSG00000134640,ENSMFAG00000038271
ENSG00000159873,ENSMFAG00000053874
ENSG00000139220,ENSMFAG00000031204
ENSG00000196611,ENSMFAG00000035922
ENSG00000102032,ENSMFAG00000044051
ENSG00000088247,ENSMFAG00000057421
ENSG00000088247,ENSMFAG00000000292
ENSG00000171053,ENSMFAG00000000989
ENSG00000196844,ENSMFAG00000003094
ENSG00000183864,ENSMFAG00000019801
ENSG00000017797,ENSMFAG00000063445
ENSG00000017797,ENSMFAG00000030310
ENSG00000236027,ENSMFAG00000052555
ENSG00000133103,ENSMFAG00000030834
ENSG00000237353,ENSMFAG00000045027
ENSG00000205138,ENSMFAG00000015193
ENSG00000184117,ENSMFAG00000051751
ENSG00000101856,ENSMFAG00000043849
ENSG00000130477,ENSMFAG00000002929
ENSG00000207312,ENSMFAG00000005883
ENSG00000242976,ENSMFAG00000063509
ENSG00000238387,ENSMFAG00000059290
ENSG00000155511,ENSMFAG00000043353
ENSG00000222094,ENSMFAG00000020993
ENSG00000184507,ENSMFAG00000040518
ENSG00000199862,ENSMFAG00000054458
ENSG00000241392,ENSMFAG00000018069
ENSG00000252014,ENSMFAG00000021660
ENSG00000134160,ENSMFAG00000003445
ENSG00000201264,ENSMFAG00000007561
ENSG00000208797,ENSMFAG00000029739
ENSG00000207153,ENSMFAG00000006239
ENSG00000189099,ENSMFAG00000041886
ENSG00000201279,ENSMFAG00000013590
ENSG00000150630,ENSMFAG00000003745
ENSG00000102100,ENSMFAG00000046212
ENSG00000175040,ENSMFAG00000029983
ENSG00000251934,ENSMFAG00000036227
ENSG00000238304,ENSMFAG00000011993
ENSG00000100092,ENSMFAG00000042826
ENSG00000175077,ENSMFAG00000056809
ENSG00000187079,ENSMFAG00000031197
ENSG00000130513,ENSMFAG00000050470
ENSG00000163736,ENSMFAG00000031461
ENSG00000121853,ENSMFAG00000049961
ENSG00000252275,ENSMFAG00000014233
ENSG00000124466,ENSMFAG00000049368
ENSG00000174948,ENSMFAG00000030860
ENSG00000109220,ENSMFAG00000035340
ENSG00000118156,ENSMFAG00000008705
ENSG00000180613,ENSMFAG00000038491
ENSG00000158258,ENSMFAG00000044664
ENSG00000160305,ENSMFAG00000034305
ENSG00000207221,ENSMFAG00000029199
ENSG00000222225,ENSMFAG00000053121
ENSG00000188076,ENSMFAG00000033650
ENSG00000188076,ENSMFAG00000065671
ENSG00000134440,ENSMFAG00000032255
ENSG00000276588,ENSMFAG00000052955
ENSG00000174885,ENSMFAG00000035345
ENSG00000136514,ENSMFAG00000037745
ENSG00000268480,ENSMFAG00000065017
ENSG00000204694,ENSMFAG00000058692
ENSG00000179846,ENSMFAG00000024767
ENSG00000153303,ENSMFAG00000002385
ENSG00000254415,ENSMFAG00000000210
ENSG00000138246,ENSMFAG00000032546
ENSG00000206013,ENSMFAG00000044560
ENSG00000243562,ENSMFAG00000020116
ENSG00000102753,ENSMFAG00000043025
ENSG00000167749,ENSMFAG00000002473
ENSG00000171204,ENSMFAG00000047697
ENSG00000171204,ENSMFAG00000062113
ENSG00000171204,ENSMFAG00000037137
ENSG00000145879,ENSMFAG00000053265
ENSG00000204909,ENSMFAG00000044805
ENSG00000274799,ENSMFAG00000053052
ENSG00000274799,ENSMFAG00000061801
ENSG00000230561,ENSMFAG00000041916
ENSG00000147027,ENSMFAG00000000603
ENSG00000080709,ENSMFAG00000034607
ENSG00000251192,ENSMFAG00000003360
ENSG00000179071,ENSMFAG00000015719
ENSG00000252494,ENSMFAG00000006631
ENSG00000099977,ENSMFAG00000064309
ENSG00000176463,ENSMFAG00000034393
ENSG00000151364,ENSMFAG00000030889
ENSG00000155890,ENSMFAG00000014452
ENSG00000172738,ENSMFAG00000032959
ENSG00000145757,ENSMFAG00000028795
ENSG00000238269,ENSMFAG00000038401
ENSG00000238269,ENSMFAG00000058880
ENSG00000196839,ENSMFAG00000039614
ENSG00000196839,ENSMFAG00000042071
ENSG00000122121,ENSMFAG00000040935
ENSG00000199308,ENSMFAG00000015742
ENSG00000199308,ENSMFAG00000063354
ENSG00000166341,ENSMFAG00000043464
ENSG00000166897,ENSMFAG00000026860
ENSG00000284447,ENSMFAG00000015015
ENSG00000249662,ENSMFAG00000020824
ENSG00000249662,ENSMFAG00000048030
ENSG00000249662,ENSMFAG00000064842
ENSG00000249662,ENSMFAG00000048587
ENSG00000249662,ENSMFAG00000035474
ENSG00000186431,ENSMFAG00000044434
ENSG00000186431,ENSMFAG00000054621
ENSG00000186431,ENSMFAG00000044829
ENSG00000125304,ENSMFAG00000044415
ENSG00000268799,ENSMFAG00000061865
ENSG00000163638,ENSMFAG00000036382
ENSG00000112303,ENSMFAG00000043542
ENSG00000269466,ENSMFAG00000061865
ENSG00000099991,ENSMFAG00000045334
ENSG00000239197,ENSMFAG00000005157
ENSG00000152377,ENSMFAG00000039910
ENSG00000255346,ENSMFAG00000000728
ENSG00000254550,ENSMFAG00000049511
ENSG00000216009,ENSMFAG00000014141
ENSG00000200235,ENSMFAG00000009496
ENSG00000204967,ENSMFAG00000054472
ENSG00000202276,ENSMFAG00000065115
ENSG00000176029,ENSMFAG00000037709
ENSG00000223080,ENSMFAG00000011509
ENSG00000223080,ENSMFAG00000011692
ENSG00000223080,ENSMFAG00000014088
ENSG00000223080,ENSMFAG00000059322
ENSG00000223080,ENSMFAG00000014239
ENSG00000223080,ENSMFAG00000011652
ENSG00000223080,ENSMFAG00000009541
ENSG00000184347,ENSMFAG00000000721
ENSG00000123572,ENSMFAG00000037295
ENSG00000201998,ENSMFAG00000010660
ENSG00000229859,ENSMFAG00000053582
ENSG00000229859,ENSMFAG00000048263
ENSG00000229859,ENSMFAG00000056355
ENSG00000158578,ENSMFAG00000003452
ENSG00000213822,ENSMFAG00000032097
ENSG00000105672,ENSMFAG00000042076
ENSG00000207695,ENSMFAG00000006566
ENSG00000235711,ENSMFAG00000007725
ENSG00000256713,ENSMFAG00000053582
ENSG00000256713,ENSMFAG00000048263
ENSG00000256713,ENSMFAG00000056355
ENSG00000198838,ENSMFAG00000036819
ENSG00000101624,ENSMFAG00000045482
ENSG00000202119,ENSMFAG00000014454
ENSG00000180660,ENSMFAG00000040502
ENSG00000157343,ENSMFAG00000038125
ENSG00000175066,ENSMFAG00000039065
ENSG00000136104,ENSMFAG00000038464
ENSG00000105668,ENSMFAG00000037616
ENSG00000207739,ENSMFAG00000009035
ENSG00000202345,ENSMFAG00000012985
ENSG00000185662,ENSMFAG00000039057
ENSG00000207507,ENSMFAG00000062725
ENSG00000172232,ENSMFAG00000003681
ENSG00000204140,ENSMFAG00000039538
ENSG00000062096,ENSMFAG00000038297
ENSG00000197753,ENSMFAG00000003905
ENSG00000112679,ENSMFAG00000034531
ENSG00000178297,ENSMFAG00000038356
ENSG00000149480,ENSMFAG00000041694
ENSG00000204382,ENSMFAG00000052594
ENSG00000174013,ENSMFAG00000043065
ENSG00000181896,ENSMFAG00000042473
ENSG00000134265,ENSMFAG00000046030
ENSG00000212370,ENSMFAG00000061178
ENSG00000200051,ENSMFAG00000021513
ENSG00000182132,ENSMFAG00000036449
ENSG00000163961,ENSMFAG00000046142
ENSG00000100341,ENSMFAG00000036380
ENSG00000149489,ENSMFAG00000002310
ENSG00000158290,ENSMFAG00000042209
ENSG00000180611,ENSMFAG00000032253
ENSG00000105708,ENSMFAG00000042563
ENSG00000125741,ENSMFAG00000045575
ENSG00000185085,ENSMFAG00000031212
ENSG00000205835,ENSMFAG00000031832
ENSG00000284544,ENSMFAG00000009333
ENSG00000128271,ENSMFAG00000031796
ENSG00000105639,ENSMFAG00000034366
ENSG00000278615,ENSMFAG00000003562
ENSG00000206597,ENSMFAG00000020956
ENSG00000206597,ENSMFAG00000020936
ENSG00000244501,ENSMFAG00000016157
ENSG00000182836,ENSMFAG00000040869
ENSG00000207163,ENSMFAG00000051142
ENSG00000263988,ENSMFAG00000021500
ENSG00000244169,ENSMFAG00000010068
ENSG00000173261,ENSMFAG00000041173
ENSG00000079841,ENSMFAG00000038905
ENSG00000281863,ENSMFAG00000015100
ENSG00000241082,ENSMFAG00000012647
ENSG00000201545,ENSMFAG00000017864
ENSG00000120471,ENSMFAG00000031216
ENSG00000276147,ENSMFAG00000011342
ENSG00000281710,ENSMFAG00000021129
ENSG00000207099,ENSMFAG00000034735
ENSG00000206807,ENSMFAG00000011092
ENSG00000212442,ENSMFAG00000050499
ENSG00000207625,ENSMFAG00000006476
ENSG00000199514,ENSMFAG00000005182
ENSG00000202268,ENSMFAG00000011213
ENSG00000212340,ENSMFAG00000004435
ENSG00000239250,ENSMFAG00000008930
ENSG00000206939,ENSMFAG00000008407
ENSG00000212598,ENSMFAG00000021260
ENSG00000240964,ENSMFAG00000021172
ENSG00000252008,ENSMFAG00000034733
ENSG00000141384,ENSMFAG00000031932
ENSG00000251773,ENSMFAG00000006469
ENSG00000252889,ENSMFAG00000004130
ENSG00000201065,ENSMFAG00000017346
ENSG00000201922,ENSMFAG00000012775
ENSG00000201426,ENSMFAG00000050556
ENSG00000221633,ENSMFAG00000060454
ENSG00000212344,ENSMFAG00000049488
ENSG00000277635,ENSMFAG00000052549
ENSG00000200571,ENSMFAG00000005068
ENSG00000165325,ENSMFAG00000032572
ENSG00000271922,ENSMFAG00000063788
ENSG00000200483,ENSMFAG00000004575
ENSG00000201398,ENSMFAG00000016426
ENSG00000272096,ENSMFAG00000014051
ENSG00000206604,ENSMFAG00000006407
ENSG00000251804,ENSMFAG00000007150
ENSG00000202125,ENSMFAG00000010668
ENSG00000252581,ENSMFAG00000005093
ENSG00000238924,ENSMFAG00000012109
ENSG00000207963,ENSMFAG00000017223
ENSG00000252082,ENSMFAG00000008802
ENSG00000239093,ENSMFAG00000023957
ENSG00000199986,ENSMFAG00000061564
ENSG00000199488,ENSMFAG00000014321
ENSG00000216058,ENSMFAG00000006192
ENSG00000200355,ENSMFAG00000021314
ENSG00000277118,ENSMFAG00000011807
ENSG00000166979,ENSMFAG00000034125
ENSG00000253092,ENSMFAG00000014773
ENSG00000207370,ENSMFAG00000054742
ENSG00000199792,ENSMFAG00000004829
ENSG00000187848,ENSMFAG00000031037
ENSG00000207166,ENSMFAG00000009132
ENSG00000199363,ENSMFAG00000004335
ENSG00000201452,ENSMFAG00000006916
ENSG00000105641,ENSMFAG00000000036
ENSG00000201810,ENSMFAG00000015860
ENSG00000212489,ENSMFAG00000047502
ENSG00000243398,ENSMFAG00000016689
ENSG00000201642,ENSMFAG00000014699
ENSG00000019995,ENSMFAG00000031080
ENSG00000201031,ENSMFAG00000004131
ENSG00000158470,ENSMFAG00000037307
ENSG00000277250,ENSMFAG00000053914
ENSG00000207130,ENSMFAG00000004835
ENSG00000119938,ENSMFAG00000000348
ENSG00000152778,ENSMFAG00000040940
ENSG00000201554,ENSMFAG00000010902
ENSG00000179826,ENSMFAG00000052090
ENSG00000081154,ENSMFAG00000061253
ENSG00000176495,ENSMFAG00000035196
ENSG00000265319,ENSMFAG00000048924
ENSG00000189430,ENSMFAG00000044133
ENSG00000172487,ENSMFAG00000030651
ENSG00000154493,ENSMFAG00000041837
ENSG00000181518,ENSMFAG00000007207
ENSG00000174982,ENSMFAG00000029620
ENSG00000252348,ENSMFAG00000051742
ENSG00000201511,ENSMFAG00000056924
ENSG00000201121,ENSMFAG00000040475
ENSG00000244462,ENSMFAG00000032583
ENSG00000181767,ENSMFAG00000064926
ENSG00000172742,ENSMFAG00000065827
ENSG00000253087,ENSMFAG00000005842
ENSG00000181009,ENSMFAG00000046223
ENSG00000163705,ENSMFAG00000038232
ENSG00000171944,ENSMFAG00000030182
ENSG00000196341,ENSMFAG00000037205
ENSG00000182070,ENSMFAG00000029299
ENSG00000199321,ENSMFAG00000015917
ENSG00000101282,ENSMFAG00000034095
ENSG00000172324,ENSMFAG00000030348
ENSG00000182634,ENSMFAG00000054147
ENSG00000148680,ENSMFAG00000001114
ENSG00000172365,ENSMFAG00000002156
ENSG00000174937,ENSMFAG00000063362
ENSG00000264534,ENSMFAG00000053622
ENSG00000197125,ENSMFAG00000058709
ENSG00000199032,ENSMFAG00000011810
ENSG00000207605,ENSMFAG00000011109
ENSG00000188817,ENSMFAG00000041510
ENSG00000196954,ENSMFAG00000000204
ENSG00000124159,ENSMFAG00000042342
ENSG00000160439,ENSMFAG00000032822
ENSG00000163634,ENSMFAG00000032653
ENSG00000176105,ENSMFAG00000003203
ENSG00000127743,ENSMFAG00000030082
ENSG00000252611,ENSMFAG00000006226
ENSG00000284182,ENSMFAG00000010917
ENSG00000276365,ENSMFAG00000012734
ENSG00000145860,ENSMFAG00000002232
ENSG00000156113,ENSMFAG00000035904
ENSG00000240045,ENSMFAG00000039645
ENSG00000280502,ENSMFAG00000021560
ENSG00000124440,ENSMFAG00000025583
ENSG00000172367,ENSMFAG00000037313
ENSG00000181744,ENSMFAG00000037253
ENSG00000244232,ENSMFAG00000017667
ENSG00000207002,ENSMFAG00000016520
ENSG00000221120,ENSMFAG00000012751
ENSG00000160200,ENSMFAG00000038794
ENSG00000022277,ENSMFAG00000002272
ENSG00000222249,ENSMFAG00000006597
ENSG00000252119,ENSMFAG00000019467
ENSG00000167791,ENSMFAG00000003212
ENSG00000163888,ENSMFAG00000062559
ENSG00000285891,ENSMFAG00000055801
ENSG00000212158,ENSMFAG00000025582
ENSG00000201965,ENSMFAG00000007921
ENSG00000206708,ENSMFAG00000047343
ENSG00000188573,ENSMFAG00000036422
ENSG00000181585,ENSMFAG00000002874
ENSG00000207261,ENSMFAG00000006429
ENSG00000139372,ENSMFAG00000000086
ENSG00000283706,ENSMFAG00000042197
ENSG00000113448,ENSMFAG00000041776
ENSG00000207512,ENSMFAG00000010828
ENSG00000170782,ENSMFAG00000045005
ENSG00000199796,ENSMFAG00000004755
ENSG00000169515,ENSMFAG00000041847
ENSG00000174914,ENSMFAG00000055730
ENSG00000254466,ENSMFAG00000065270
ENSG00000188211,ENSMFAG00000043862
ENSG00000180532,ENSMFAG00000003481
ENSG00000239096,ENSMFAG00000059081
ENSG00000172061,ENSMFAG00000026569
ENSG00000141965,ENSMFAG00000063251
ENSG00000252053,ENSMFAG00000006093
ENSG00000154832,ENSMFAG00000040503
ENSG00000188162,ENSMFAG00000001197
ENSG00000171124,ENSMFAG00000003882
ENSG00000166147,ENSMFAG00000041075
ENSG00000207283,ENSMFAG00000060074
ENSG00000134109,ENSMFAG00000038359
ENSG00000139304,ENSMFAG00000044210
ENSG00000240626,ENSMFAG00000018898
ENSG00000166359,ENSMFAG00000063532
ENSG00000166359,ENSMFAG00000014467
ENSG00000265180,ENSMFAG00000011516
ENSG00000241227,ENSMFAG00000007836
ENSG00000199469,ENSMFAG00000022551
ENSG00000241665,ENSMFAG00000022933
ENSG00000168356,ENSMFAG00000041137
ENSG00000149657,ENSMFAG00000041479
ENSG00000165899,ENSMFAG00000031786
ENSG00000077713,ENSMFAG00000041936
ENSG00000184698,ENSMFAG00000041329
ENSG00000099998,ENSMFAG00000001878
ENSG00000187918,ENSMFAG00000029933
ENSG00000181963,ENSMFAG00000042711
ENSG00000076944,ENSMFAG00000044292
ENSG00000196778,ENSMFAG00000055260
ENSG00000170935,ENSMFAG00000056391
ENSG00000182791,ENSMFAG00000031584
ENSG00000147246,ENSMFAG00000064910
ENSG00000199325,ENSMFAG00000007663
ENSG00000239553,ENSMFAG00000022707
ENSG00000199260,ENSMFAG00000005640
ENSG00000197790,ENSMFAG00000057619
ENSG00000196396,ENSMFAG00000033177
ENSG00000155008,ENSMFAG00000042547
ENSG00000255012,ENSMFAG00000056262
ENSG00000176925,ENSMFAG00000029884
ENSG00000284609,ENSMFAG00000053164
ENSG00000284680,ENSMFAG00000053164
ENSG00000172320,ENSMFAG00000030196
ENSG00000089127,ENSMFAG00000015570
ENSG00000183087,ENSMFAG00000043611
ENSG00000176893,ENSMFAG00000053260
ENSG00000184194,ENSMFAG00000030201
ENSG00000172987,ENSMFAG00000036760
ENSG00000180974,ENSMFAG00000063216
ENSG00000181698,ENSMFAG00000064004
ENSG00000156504,ENSMFAG00000002198
ENSG00000197428,ENSMFAG00000036158
ENSG00000180785,ENSMFAG00000060276
ENSG00000188124,ENSMFAG00000056698
ENSG00000234560,ENSMFAG00000052457
ENSG00000205497,ENSMFAG00000000786
ENSG00000241233,ENSMFAG00000039972
ENSG00000101104,ENSMFAG00000040365
ENSG00000023839,ENSMFAG00000042907
ENSG00000177558,ENSMFAG00000034358
ENSG00000167822,ENSMFAG00000058758
ENSG00000187068,ENSMFAG00000063392
ENSG00000200817,ENSMFAG00000006506
ENSG00000201957,ENSMFAG00000023766
ENSG00000167332,ENSMFAG00000014303
ENSG00000252894,ENSMFAG00000013355
ENSG00000170956,ENSMFAG00000046367
ENSG00000201550,ENSMFAG00000058390
ENSG00000254737,ENSMFAG00000051527
ENSG00000163347,ENSMFAG00000062691
ENSG00000179119,ENSMFAG00000044194
ENSG00000187105,ENSMFAG00000043816
ENSG00000174963,ENSMFAG00000037880
ENSG00000205126,ENSMFAG00000041332
ENSG00000273111,ENSMFAG00000039631
ENSG00000142025,ENSMFAG00000045593
ENSG00000214558,ENSMFAG00000003997
ENSG00000052850,ENSMFAG00000002075
ENSG00000171657,ENSMFAG00000023715
ENSG00000200983,ENSMFAG00000035036
ENSG00000212607,ENSMFAG00000035047
ENSG00000212464,ENSMFAG00000021171
ENSG00000207362,ENSMFAG00000005846
ENSG00000149968,ENSMFAG00000037925
ENSG00000107593,ENSMFAG00000030987
ENSG00000158352,ENSMFAG00000042129
ENSG00000178033,ENSMFAG00000052041
ENSG00000164451,ENSMFAG00000033309
ENSG00000105369,ENSMFAG00000001013
ENSG00000088836,ENSMFAG00000044132
ENSG00000111832,ENSMFAG00000042598
ENSG00000111335,ENSMFAG00000000924
ENSG00000202601,ENSMFAG00000009416
ENSG00000202017,ENSMFAG00000014228
ENSG00000202357,ENSMFAG00000011174
ENSG00000244080,ENSMFAG00000007585
ENSG00000105392,ENSMFAG00000039279
ENSG00000199990,ENSMFAG00000037226
ENSG00000262406,ENSMFAG00000037971
ENSG00000202515,ENSMFAG00000036015
ENSG00000251369,ENSMFAG00000036005
ENSG00000158571,ENSMFAG00000031227
ENSG00000148655,ENSMFAG00000032903
ENSG00000019505,ENSMFAG00000056606
ENSG00000120708,ENSMFAG00000039509
ENSG00000177595,ENSMFAG00000031250
ENSG00000086544,ENSMFAG00000002124
ENSG00000111834,ENSMFAG00000038872
ENSG00000265486,ENSMFAG00000008321
ENSG00000201954,ENSMFAG00000040488
ENSG00000201945,ENSMFAG00000014751
ENSG00000181915,ENSMFAG00000013749
ENSG00000145020,ENSMFAG00000003688
ENSG00000253063,ENSMFAG00000018207
ENSG00000107854,ENSMFAG00000001030
ENSG00000201563,ENSMFAG00000010761
ENSG00000238420,ENSMFAG00000004132
ENSG00000204498,ENSMFAG00000038447
ENSG00000111237,ENSMFAG00000002612
ENSG00000105613,ENSMFAG00000041128
ENSG00000202335,ENSMFAG00000004855
ENSG00000151164,ENSMFAG00000042879
ENSG00000151553,ENSMFAG00000045717
ENSG00000048649,ENSMFAG00000001930
ENSG00000083097,ENSMFAG00000031960
ENSG00000184497,ENSMFAG00000002078
ENSG00000131944,ENSMFAG00000054473
ENSG00000207452,ENSMFAG00000009421
ENSG00000200462,ENSMFAG00000050382
ENSG00000230178,ENSMFAG00000060991
ENSG00000120322,ENSMFAG00000052129
ENSG00000284234,ENSMFAG00000020824
ENSG00000284234,ENSMFAG00000048030
ENSG00000284234,ENSMFAG00000064842
ENSG00000284234,ENSMFAG00000048587
ENSG00000284234,ENSMFAG00000035474
ENSG00000284439,ENSMFAG00000020824
ENSG00000284439,ENSMFAG00000048030
ENSG00000284439,ENSMFAG00000064842
ENSG00000284439,ENSMFAG00000048587
ENSG00000284439,ENSMFAG00000035474
ENSG00000284465,ENSMFAG00000020824
ENSG00000284465,ENSMFAG00000048030
ENSG00000284465,ENSMFAG00000064842
ENSG00000284465,ENSMFAG00000048587
ENSG00000284465,ENSMFAG00000035474
ENSG00000283967,ENSMFAG00000020824
ENSG00000283967,ENSMFAG00000048030
ENSG00000283967,ENSMFAG00000064842
ENSG00000283967,ENSMFAG00000048587
ENSG00000283967,ENSMFAG00000035474
ENSG00000283776,ENSMFAG00000020824
ENSG00000283776,ENSMFAG00000048030
ENSG00000283776,ENSMFAG00000064842
ENSG00000283776,ENSMFAG00000048587
ENSG00000283776,ENSMFAG00000035474
ENSG00000284283,ENSMFAG00000020824
ENSG00000284283,ENSMFAG00000048030
ENSG00000284283,ENSMFAG00000064842
ENSG00000284283,ENSMFAG00000048587
ENSG00000284283,ENSMFAG00000035474
ENSG00000284042,ENSMFAG00000020824
ENSG00000284042,ENSMFAG00000048030
ENSG00000284042,ENSMFAG00000064842
ENSG00000284042,ENSMFAG00000048587
ENSG00000284042,ENSMFAG00000035474
ENSG00000284356,ENSMFAG00000020824
ENSG00000284356,ENSMFAG00000048030
ENSG00000284356,ENSMFAG00000064842
ENSG00000284356,ENSMFAG00000048587
ENSG00000284356,ENSMFAG00000035474
ENSG00000108018,ENSMFAG00000042566
ENSG00000101109,ENSMFAG00000030410
ENSG00000283988,ENSMFAG00000020824
ENSG00000283988,ENSMFAG00000048030
ENSG00000283988,ENSMFAG00000064842
ENSG00000283988,ENSMFAG00000048587
ENSG00000283988,ENSMFAG00000035474
ENSG00000284373,ENSMFAG00000020824
ENSG00000284373,ENSMFAG00000048030
ENSG00000284373,ENSMFAG00000064842
ENSG00000284373,ENSMFAG00000048587
ENSG00000284373,ENSMFAG00000035474
ENSG00000250782,ENSMFAG00000020824
ENSG00000250782,ENSMFAG00000048030
ENSG00000250782,ENSMFAG00000064842
ENSG00000250782,ENSMFAG00000048587
ENSG00000250782,ENSMFAG00000035474
ENSG00000251545,ENSMFAG00000052995
ENSG00000183378,ENSMFAG00000038410
ENSG00000206698,ENSMFAG00000065264
ENSG00000206698,ENSMFAG00000029273
ENSG00000105650,ENSMFAG00000041375
ENSG00000164509,ENSMFAG00000031804
ENSG00000171014,ENSMFAG00000054371
ENSG00000150261,ENSMFAG00000025715
ENSG00000172154,ENSMFAG00000036605
ENSG00000172459,ENSMFAG00000050442
ENSG00000172459,ENSMFAG00000052107
ENSG00000255298,ENSMFAG00000055358
ENSG00000148426,ENSMFAG00000030660
ENSG00000229183,ENSMFAG00000053582
ENSG00000229183,ENSMFAG00000048263
ENSG00000229183,ENSMFAG00000056355
ENSG00000134884,ENSMFAG00000033482
ENSG00000263537,ENSMFAG00000060800
ENSG00000186298,ENSMFAG00000050377
ENSG00000272507,ENSMFAG00000006732
ENSG00000252438,ENSMFAG00000021695
ENSG00000107562,ENSMFAG00000052957
ENSG00000139517,ENSMFAG00000045245
ENSG00000100105,ENSMFAG00000040968
ENSG00000178645,ENSMFAG00000044447
ENSG00000207438,ENSMFAG00000023134
ENSG00000186513,ENSMFAG00000063089
ENSG00000195401,ENSMFAG00000015242
ENSG00000283551,ENSMFAG00000063075
ENSG00000274742,ENSMFAG00000048854
ENSG00000107859,ENSMFAG00000045143
ENSG00000181074,ENSMFAG00000040722
ENSG00000207468,ENSMFAG00000027199
ENSG00000222588,ENSMFAG00000028710
ENSG00000176900,ENSMFAG00000042787
ENSG00000242853,ENSMFAG00000021932
ENSG00000201023,ENSMFAG00000051868
ENSG00000254834,ENSMFAG00000056262
ENSG00000181499,ENSMFAG00000056304
ENSG00000221931,ENSMFAG00000065461
ENSG00000170953,ENSMFAG00000062748
ENSG00000100348,ENSMFAG00000034407
ENSG00000280090,ENSMFAG00000054594
ENSG00000132801,ENSMFAG00000037551
ENSG00000089116,ENSMFAG00000036692
ENSG00000196099,ENSMFAG00000052226
ENSG00000125966,ENSMFAG00000043972
ENSG00000126226,ENSMFAG00000003946
ENSG00000165182,ENSMFAG00000042561
ENSG00000172377,ENSMFAG00000051377
ENSG00000286135,ENSMFAG00000049536
ENSG00000167800,ENSMFAG00000007056
ENSG00000079393,ENSMFAG00000029353
ENSG00000204296,ENSMFAG00000033140
ENSG00000139645,ENSMFAG00000037030
ENSG00000234465,ENSMFAG00000030734
ENSG00000198283,ENSMFAG00000029977
ENSG00000165376,ENSMFAG00000030508
ENSG00000080839,ENSMFAG00000030714
ENSG00000166949,ENSMFAG00000001781
ENSG00000128789,ENSMFAG00000001185
ENSG00000128789,ENSMFAG00000004539
ENSG00000078589,ENSMFAG00000065797
ENSG00000186714,ENSMFAG00000043757
ENSG00000181191,ENSMFAG00000047349
ENSG00000130748,ENSMFAG00000001653
ENSG00000165186,ENSMFAG00000056214
ENSG00000110944,ENSMFAG00000000058
ENSG00000172464,ENSMFAG00000048285
ENSG00000166884,ENSMFAG00000048685
ENSG00000164061,ENSMFAG00000042413
ENSG00000170638,ENSMFAG00000038729
ENSG00000201243,ENSMFAG00000055921
ENSG00000102048,ENSMFAG00000032962
ENSG00000137727,ENSMFAG00000036507
ENSG00000183559,ENSMFAG00000041530
ENSG00000111711,ENSMFAG00000045290
ENSG00000099341,ENSMFAG00000032204
ENSG00000176020,ENSMFAG00000029250
ENSG00000207505,ENSMFAG00000035090
ENSG00000238942,ENSMFAG00000011567
ENSG00000238942,ENSMFAG00000049591
ENSG00000200418,ENSMFAG00000004343
ENSG00000221420,ENSMFAG00000014728
ENSG00000200320,ENSMFAG00000023256
ENSG00000263776,ENSMFAG00000030572
ENSG00000166947,ENSMFAG00000043159
ENSG00000203795,ENSMFAG00000060945
ENSG00000206260,ENSMFAG00000064336
ENSG00000119965,ENSMFAG00000062466
ENSG00000147113,ENSMFAG00000035756
ENSG00000134548,ENSMFAG00000031485
ENSG00000206721,ENSMFAG00000059295
ENSG00000196132,ENSMFAG00000041891
ENSG00000179988,ENSMFAG00000036565
ENSG00000104856,ENSMFAG00000032344
ENSG00000049768,ENSMFAG00000003327
ENSG00000251774,ENSMFAG00000022675
ENSG00000274514,ENSMFAG00000064940
ENSG00000222598,ENSMFAG00000009668
ENSG00000164244,ENSMFAG00000044127
ENSG00000207467,ENSMFAG00000012246
ENSG00000172602,ENSMFAG00000052114
ENSG00000199812,ENSMFAG00000008271
ENSG00000207779,ENSMFAG00000014176
ENSG00000198987,ENSMFAG00000015053
ENSG00000238427,ENSMFAG00000012025
ENSG00000179674,ENSMFAG00000028826
ENSG00000171862,ENSMFAG00000003544
ENSG00000207084,ENSMFAG00000035002
ENSG00000083937,ENSMFAG00000033665
ENSG00000111328,ENSMFAG00000030853
ENSG00000170684,ENSMFAG00000040337
ENSG00000088812,ENSMFAG00000036611
ENSG00000276002,ENSMFAG00000057259
ENSG00000206674,ENSMFAG00000007950
ENSG00000065060,ENSMFAG00000000555
ENSG00000206925,ENSMFAG00000013729
ENSG00000114251,ENSMFAG00000041614
ENSG00000170959,ENSMFAG00000040936
ENSG00000130158,ENSMFAG00000024613
ENSG00000130158,ENSMFAG00000060640
ENSG00000154237,ENSMFAG00000023538
ENSG00000101557,ENSMFAG00000001226
ENSG00000206717,ENSMFAG00000004515
ENSG00000244308,ENSMFAG00000010659
ENSG00000244139,ENSMFAG00000010172
ENSG00000184992,ENSMFAG00000041745
ENSG00000124678,ENSMFAG00000003878
ENSG00000283740,ENSMFAG00000020824
ENSG00000283740,ENSMFAG00000048030
ENSG00000283740,ENSMFAG00000064842
ENSG00000283740,ENSMFAG00000048587
ENSG00000283740,ENSMFAG00000035474
ENSG00000249156,ENSMFAG00000020824
ENSG00000249156,ENSMFAG00000048030
ENSG00000249156,ENSMFAG00000064842
ENSG00000249156,ENSMFAG00000048587
ENSG00000249156,ENSMFAG00000035474
ENSG00000176087,ENSMFAG00000041351
ENSG00000170549,ENSMFAG00000001989
ENSG00000074590,ENSMFAG00000000816
ENSG00000244326,ENSMFAG00000013706
ENSG00000182667,ENSMFAG00000044135
ENSG00000113595,ENSMFAG00000000263
ENSG00000252416,ENSMFAG00000048476
ENSG00000179615,ENSMFAG00000056876
ENSG00000179695,ENSMFAG00000028782
ENSG00000178217,ENSMFAG00000003299
ENSG00000214700,ENSMFAG00000039958
ENSG00000111490,ENSMFAG00000046028
ENSG00000101350,ENSMFAG00000034183
ENSG00000199466,ENSMFAG00000056131
ENSG00000207494,ENSMFAG00000009423
ENSG00000184719,ENSMFAG00000034629
ENSG00000120688,ENSMFAG00000034268
ENSG00000278522,ENSMFAG00000061937
ENSG00000278522,ENSMFAG00000033345
ENSG00000278522,ENSMFAG00000063545
ENSG00000278522,ENSMFAG00000065529
ENSG00000278522,ENSMFAG00000001981
ENSG00000278522,ENSMFAG00000054294
ENSG00000125864,ENSMFAG00000035524
ENSG00000015285,ENSMFAG00000034169
ENSG00000151379,ENSMFAG00000007491
ENSG00000113597,ENSMFAG00000042886
ENSG00000022840,ENSMFAG00000041159
ENSG00000099617,ENSMFAG00000036658
ENSG00000134278,ENSMFAG00000001815
ENSG00000164086,ENSMFAG00000041079
ENSG00000275174,ENSMFAG00000049928
ENSG00000275174,ENSMFAG00000048130
ENSG00000275174,ENSMFAG00000057415
ENSG00000275174,ENSMFAG00000047809
ENSG00000275174,ENSMFAG00000059704
ENSG00000177291,ENSMFAG00000031831
ENSG00000068650,ENSMFAG00000032147
ENSG00000178795,ENSMFAG00000003264
ENSG00000208002,ENSMFAG00000013903
ENSG00000199150,ENSMFAG00000013403
ENSG00000207926,ENSMFAG00000004266
ENSG00000163930,ENSMFAG00000037249
ENSG00000279408,ENSMFAG00000051827
ENSG00000153896,ENSMFAG00000043723
ENSG00000101000,ENSMFAG00000003141
ENSG00000143869,ENSMFAG00000049809
ENSG00000272034,ENSMFAG00000005294
ENSG00000201586,ENSMFAG00000005813
ENSG00000124172,ENSMFAG00000049506
ENSG00000185650,ENSMFAG00000050302
ENSG00000118096,ENSMFAG00000044763
ENSG00000171126,ENSMFAG00000060305
ENSG00000170820,ENSMFAG00000029660
ENSG00000125971,ENSMFAG00000033935
ENSG00000200849,ENSMFAG00000049669
ENSG00000099968,ENSMFAG00000042022
ENSG00000124181,ENSMFAG00000000283
ENSG00000171574,ENSMFAG00000063396
ENSG00000123561,ENSMFAG00000046317
ENSG00000113555,ENSMFAG00000036923
ENSG00000166224,ENSMFAG00000000706
ENSG00000180697,ENSMFAG00000032848
ENSG00000206958,ENSMFAG00000014912
ENSG00000133110,ENSMFAG00000045597
ENSG00000086717,ENSMFAG00000032152
ENSG00000175161,ENSMFAG00000002627
ENSG00000265272,ENSMFAG00000050032
ENSG00000206743,ENSMFAG00000063068
ENSG00000187783,ENSMFAG00000041197
ENSG00000222743,ENSMFAG00000008268
ENSG00000276956,ENSMFAG00000057545
ENSG00000123374,ENSMFAG00000044700
ENSG00000185823,ENSMFAG00000062702
ENSG00000161643,ENSMFAG00000036627
ENSG00000161643,ENSMFAG00000047263
ENSG00000273173,ENSMFAG00000051999
ENSG00000243130,ENSMFAG00000053750
ENSG00000243130,ENSMFAG00000061203
ENSG00000243130,ENSMFAG00000046378
ENSG00000243130,ENSMFAG00000043957
ENSG00000207071,ENSMFAG00000047952
ENSG00000199487,ENSMFAG00000054252
ENSG00000201393,ENSMFAG00000028202
ENSG00000027075,ENSMFAG00000030025
ENSG00000115464,ENSMFAG00000043581
ENSG00000207275,ENSMFAG00000008932
ENSG00000206814,ENSMFAG00000013328
ENSG00000252908,ENSMFAG00000011962
ENSG00000207185,ENSMFAG00000035259
ENSG00000075290,ENSMFAG00000035598
ENSG00000276314,ENSMFAG00000011158
ENSG00000242221,ENSMFAG00000053750
ENSG00000242221,ENSMFAG00000061203
ENSG00000242221,ENSMFAG00000046378
ENSG00000242221,ENSMFAG00000043957
ENSG00000214872,ENSMFAG00000044730
ENSG00000276610,ENSMFAG00000021219
ENSG00000239014,ENSMFAG00000015404
ENSG00000207063,ENSMFAG00000059990
ENSG00000207001,ENSMFAG00000063631
ENSG00000207014,ENSMFAG00000061881
ENSG00000275529,ENSMFAG00000056738
ENSG00000112972,ENSMFAG00000035333
ENSG00000207442,ENSMFAG00000055209
ENSG00000207133,ENSMFAG00000061435
ENSG00000207093,ENSMFAG00000064716
ENSG00000167346,ENSMFAG00000041205
ENSG00000206727,ENSMFAG00000051198
ENSG00000200661,ENSMFAG00000011688
ENSG00000206609,ENSMFAG00000057292
ENSG00000207197,ENSMFAG00000009250
ENSG00000221826,ENSMFAG00000053750
ENSG00000221826,ENSMFAG00000061203
ENSG00000221826,ENSMFAG00000046378
ENSG00000221826,ENSMFAG00000043957
ENSG00000207137,ENSMFAG00000011301
ENSG00000206621,ENSMFAG00000049139
ENSG00000207174,ENSMFAG00000057730
ENSG00000207263,ENSMFAG00000064414
ENSG00000136750,ENSMFAG00000042664
ENSG00000206656,ENSMFAG00000048834
ENSG00000206688,ENSMFAG00000060381
ENSG00000207460,ENSMFAG00000048166
ENSG00000207460,ENSMFAG00000055036
ENSG00000278715,ENSMFAG00000060119
ENSG00000278715,ENSMFAG00000048788
ENSG00000278715,ENSMFAG00000060820
ENSG00000278715,ENSMFAG00000061374
ENSG00000278715,ENSMFAG00000050501
ENSG00000278715,ENSMFAG00000053320
ENSG00000277785,ENSMFAG00000048166
ENSG00000277785,ENSMFAG00000055036
ENSG00000275127,ENSMFAG00000056441
ENSG00000207375,ENSMFAG00000063278
ENSG00000207279,ENSMFAG00000062704
ENSG00000252326,ENSMFAG00000057178
ENSG00000251815,ENSMFAG00000058844
ENSG00000251896,ENSMFAG00000062055
ENSG00000176922,ENSMFAG00000058653
ENSG00000124467,ENSMFAG00000053750
ENSG00000124467,ENSMFAG00000061203
ENSG00000124467,ENSMFAG00000046378
ENSG00000124467,ENSMFAG00000043957
ENSG00000202081,ENSMFAG00000004857
ENSG00000201410,ENSMFAG00000037457
ENSG00000241461,ENSMFAG00000011675
ENSG00000236980,ENSMFAG00000053517
ENSG00000163646,ENSMFAG00000045355
ENSG00000173338,ENSMFAG00000000661
ENSG00000231924,ENSMFAG00000053750
ENSG00000231924,ENSMFAG00000061203
ENSG00000231924,ENSMFAG00000046378
ENSG00000231924,ENSMFAG00000043957
ENSG00000173401,ENSMFAG00000031259
ENSG00000232810,ENSMFAG00000040286
ENSG00000151882,ENSMFAG00000038784
ENSG00000036473,ENSMFAG00000040619
ENSG00000238490,ENSMFAG00000061123
ENSG00000239356,ENSMFAG00000011463
ENSG00000214787,ENSMFAG00000033206
ENSG00000139278,ENSMFAG00000003978
ENSG00000206974,ENSMFAG00000055815
ENSG00000200799,ENSMFAG00000011641
ENSG00000081087,ENSMFAG00000002698
ENSG00000241587,ENSMFAG00000023845
ENSG00000239122,ENSMFAG00000060652
ENSG00000174695,ENSMFAG00000064295
ENSG00000252174,ENSMFAG00000024049
ENSG00000088726,ENSMFAG00000039365
ENSG00000179626,ENSMFAG00000052186
ENSG00000283703,ENSMFAG00000038033
ENSG00000223156,ENSMFAG00000063400
ENSG00000165985,ENSMFAG00000030290
ENSG00000238835,ENSMFAG00000005242
ENSG00000184702,ENSMFAG00000038117
ENSG00000105443,ENSMFAG00000043432
ENSG00000122862,ENSMFAG00000040348
ENSG00000072657,ENSMFAG00000044278
ENSG00000165923,ENSMFAG00000043435
ENSG00000165194,ENSMFAG00000033159
ENSG00000239808,ENSMFAG00000007574
ENSG00000252881,ENSMFAG00000042695
ENSG00000135346,ENSMFAG00000037707
ENSG00000049860,ENSMFAG00000003959
ENSG00000258469,ENSMFAG00000031625
ENSG00000207604,ENSMFAG00000011259
ENSG00000199080,ENSMFAG00000020747
ENSG00000112115,ENSMFAG00000059281
ENSG00000269313,ENSMFAG00000035726
ENSG00000112116,ENSMFAG00000044851
ENSG00000213626,ENSMFAG00000065560
ENSG00000187857,ENSMFAG00000059604
ENSG00000203733,ENSMFAG00000000363
ENSG00000177627,ENSMFAG00000031362
ENSG00000131264,ENSMFAG00000053268
ENSG00000072133,ENSMFAG00000045848
ENSG00000204428,ENSMFAG00000056482
ENSG00000167531,ENSMFAG00000003340
ENSG00000237988,ENSMFAG00000063052
ENSG00000146243,ENSMFAG00000033220
ENSG00000123307,ENSMFAG00000030073
ENSG00000221611,ENSMFAG00000005072
ENSG00000119866,ENSMFAG00000016402
ENSG00000207496,ENSMFAG00000009497
ENSG00000181929,ENSMFAG00000040023
ENSG00000156564,ENSMFAG00000042060
ENSG00000075643,ENSMFAG00000031865
ENSG00000125885,ENSMFAG00000044476
ENSG00000252767,ENSMFAG00000005716
ENSG00000188315,ENSMFAG00000053457
ENSG00000205593,ENSMFAG00000033956
ENSG00000283372,ENSMFAG00000005391
ENSG00000199546,ENSMFAG00000005756
ENSG00000207286,ENSMFAG00000059271
ENSG00000207490,ENSMFAG00000015364
ENSG00000112159,ENSMFAG00000041968
ENSG00000221059,ENSMFAG00000052993
ENSG00000222361,ENSMFAG00000038919
ENSG00000086570,ENSMFAG00000039681
ENSG00000177947,ENSMFAG00000037642
ENSG00000177947,ENSMFAG00000051005
ENSG00000073282,ENSMFAG00000035702
ENSG00000206781,ENSMFAG00000057917
ENSG00000206781,ENSMFAG00000056300
ENSG00000207223,ENSMFAG00000049693
ENSG00000207162,ENSMFAG00000063662
ENSG00000180304,ENSMFAG00000000861
ENSG00000166800,ENSMFAG00000050157
ENSG00000120149,ENSMFAG00000056450
ENSG00000268606,ENSMFAG00000051249
ENSG00000145491,ENSMFAG00000000471
ENSG00000110171,ENSMFAG00000019633
ENSG00000006659,ENSMFAG00000045881
ENSG00000238554,ENSMFAG00000023534
ENSG00000124772,ENSMFAG00000039268
ENSG00000150636,ENSMFAG00000037114
ENSG00000105205,ENSMFAG00000044266
ENSG00000145908,ENSMFAG00000041051
ENSG00000245848,ENSMFAG00000059502
ENSG00000198597,ENSMFAG00000042864
ENSG00000250138,ENSMFAG00000003707
ENSG00000250138,ENSMFAG00000003497
ENSG00000251158,ENSMFAG00000003707
ENSG00000251158,ENSMFAG00000003497
ENSG00000205572,ENSMFAG00000048215
ENSG00000089195,ENSMFAG00000044360
ENSG00000115353,ENSMFAG00000043621
ENSG00000130598,ENSMFAG00000039833
ENSG00000186951,ENSMFAG00000031738
ENSG00000241391,ENSMFAG00000009179
ENSG00000177688,ENSMFAG00000053484
ENSG00000200688,ENSMFAG00000015068
ENSG00000200135,ENSMFAG00000012694
ENSG00000178199,ENSMFAG00000034693
ENSG00000293691,ENSMFAG00000003707
ENSG00000293691,ENSMFAG00000003497
ENSG00000293689,ENSMFAG00000003707
ENSG00000293689,ENSMFAG00000003497
ENSG00000157884,ENSMFAG00000036825
ENSG00000206669,ENSMFAG00000004882
ENSG00000215156,ENSMFAG00000003707
ENSG00000215156,ENSMFAG00000003497
ENSG00000173064,ENSMFAG00000002306
ENSG00000233974,ENSMFAG00000003707
ENSG00000233974,ENSMFAG00000003497
ENSG00000273957,ENSMFAG00000003707
ENSG00000273957,ENSMFAG00000003497
ENSG00000174132,ENSMFAG00000032676
ENSG00000157554,ENSMFAG00000031991
ENSG00000252244,ENSMFAG00000013872
ENSG00000181693,ENSMFAG00000055635
ENSG00000048545,ENSMFAG00000035647
ENSG00000134571,ENSMFAG00000041621
ENSG00000206356,ENSMFAG00000003707
ENSG00000206356,ENSMFAG00000003497
ENSG00000169067,ENSMFAG00000016475
ENSG00000149346,ENSMFAG00000056917
ENSG00000146047,ENSMFAG00000051470
ENSG00000112164,ENSMFAG00000038906
ENSG00000147381,ENSMFAG00000052143
ENSG00000168461,ENSMFAG00000038727
ENSG00000088766,ENSMFAG00000032394
ENSG00000115423,ENSMFAG00000038507
ENSG00000112167,ENSMFAG00000045847
ENSG00000156453,ENSMFAG00000035695
ENSG00000189001,ENSMFAG00000001196
ENSG00000212561,ENSMFAG00000045692
ENSG00000263556,ENSMFAG00000021799
ENSG00000237611,ENSMFAG00000063237
ENSG00000105679,ENSMFAG00000037754
ENSG00000184530,ENSMFAG00000032271
ENSG00000214338,ENSMFAG00000043575
ENSG00000111241,ENSMFAG00000061143
ENSG00000175197,ENSMFAG00000045278
ENSG00000198646,ENSMFAG00000015862
ENSG00000146216,ENSMFAG00000034632
ENSG00000105675,ENSMFAG00000038036
ENSG00000149972,ENSMFAG00000045865
ENSG00000167315,ENSMFAG00000040240
ENSG00000184731,ENSMFAG00000048754
ENSG00000181234,ENSMFAG00000034398
ENSG00000181704,ENSMFAG00000040579
ENSG00000256660,ENSMFAG00000001448
ENSG00000171094,ENSMFAG00000032798
ENSG00000170262,ENSMFAG00000000802
ENSG00000221345,ENSMFAG00000016304
ENSG00000252641,ENSMFAG00000004673
ENSG00000242120,ENSMFAG00000042217
ENSG00000163684,ENSMFAG00000054440
ENSG00000160255,ENSMFAG00000036141
ENSG00000273777,ENSMFAG00000044764
ENSG00000139364,ENSMFAG00000006929
ENSG00000100109,ENSMFAG00000043406
ENSG00000265123,ENSMFAG00000018687
ENSG00000114757,ENSMFAG00000036976
ENSG00000198774,ENSMFAG00000039584
ENSG00000173275,ENSMFAG00000033980
ENSG00000213892,ENSMFAG00000040382
ENSG00000253027,ENSMFAG00000014610
ENSG00000139132,ENSMFAG00000032033
ENSG00000267673,ENSMFAG00000043889
ENSG00000068323,ENSMFAG00000000673
ENSG00000166833,ENSMFAG00000001739
ENSG00000167468,ENSMFAG00000036778
ENSG00000152818,ENSMFAG00000033914
ENSG00000132953,ENSMFAG00000030414
ENSG00000198910,ENSMFAG00000030653
ENSG00000088451,ENSMFAG00000003252
ENSG00000104804,ENSMFAG00000000586
ENSG00000173557,ENSMFAG00000042764
ENSG00000125538,ENSMFAG00000043064
ENSG00000104960,ENSMFAG00000003953
ENSG00000215421,ENSMFAG00000031607
ENSG00000187498,ENSMFAG00000003528
ENSG00000172985,ENSMFAG00000039435
ENSG00000170417,ENSMFAG00000036897
ENSG00000141458,ENSMFAG00000039623
ENSG00000101182,ENSMFAG00000000723
ENSG00000100426,ENSMFAG00000029961
ENSG00000100104,ENSMFAG00000035520
ENSG00000199899,ENSMFAG00000011591
ENSG00000201208,ENSMFAG00000014174
ENSG00000100276,ENSMFAG00000036387
ENSG00000186442,ENSMFAG00000001094
ENSG00000183066,ENSMFAG00000034650
ENSG00000101412,ENSMFAG00000042416
ENSG00000144227,ENSMFAG00000039309
ENSG00000167634,ENSMFAG00000003765
ENSG00000170477,ENSMFAG00000000980
ENSG00000185640,ENSMFAG00000007357
ENSG00000125877,ENSMFAG00000047949
ENSG00000255154,ENSMFAG00000003971
ENSG00000100281,ENSMFAG00000045206
ENSG00000226479,ENSMFAG00000016061
ENSG00000170423,ENSMFAG00000042246
ENSG00000213139,ENSMFAG00000037258
ENSG00000197706,ENSMFAG00000054196
ENSG00000246705,ENSMFAG00000060261
ENSG00000139055,ENSMFAG00000000450
ENSG00000091181,ENSMFAG00000006030
ENSG00000175398,ENSMFAG00000030027
ENSG00000119715,ENSMFAG00000000926
ENSG00000187994,ENSMFAG00000044323
ENSG00000167548,ENSMFAG00000038689
ENSG00000167548,ENSMFAG00000052907
ENSG00000262484,ENSMFAG00000009500
ENSG00000100347,ENSMFAG00000037322
ENSG00000105204,ENSMFAG00000040358
ENSG00000168702,ENSMFAG00000036929
ENSG00000054654,ENSMFAG00000038668
ENSG00000205177,ENSMFAG00000032872
ENSG00000279000,ENSMFAG00000055744
ENSG00000176742,ENSMFAG00000029284
ENSG00000141452,ENSMFAG00000040371
ENSG00000172457,ENSMFAG00000018318
ENSG00000188486,ENSMFAG00000061491
ENSG00000220201,ENSMFAG00000059142
ENSG00000101474,ENSMFAG00000033103
ENSG00000134817,ENSMFAG00000030255
ENSG00000149305,ENSMFAG00000002022
ENSG00000162989,ENSMFAG00000043008
ENSG00000090372,ENSMFAG00000035843
ENSG00000131174,ENSMFAG00000002971
ENSG00000120694,ENSMFAG00000018638
ENSG00000188419,ENSMFAG00000042140
ENSG00000101180,ENSMFAG00000040768
ENSG00000251727,ENSMFAG00000020123
ENSG00000178694,ENSMFAG00000037638
ENSG00000159086,ENSMFAG00000002885
ENSG00000174456,ENSMFAG00000030466
ENSG00000101191,ENSMFAG00000000130
ENSG00000173432,ENSMFAG00000025977
ENSG00000173432,ENSMFAG00000044536
ENSG00000125084,ENSMFAG00000034644
ENSG00000169379,ENSMFAG00000044585
ENSG00000170439,ENSMFAG00000041138
ENSG00000089250,ENSMFAG00000000922
ENSG00000182902,ENSMFAG00000039209
ENSG00000102309,ENSMFAG00000043832
ENSG00000110777,ENSMFAG00000042921
ENSG00000152214,ENSMFAG00000044648
ENSG00000253099,ENSMFAG00000040456
ENSG00000207562,ENSMFAG00000016072
ENSG00000137707,ENSMFAG00000036753
ENSG00000177576,ENSMFAG00000030546
ENSG00000151117,ENSMFAG00000060167
ENSG00000086758,ENSMFAG00000036347
ENSG00000179057,ENSMFAG00000000462
ENSG00000141644,ENSMFAG00000026335
ENSG00000188039,ENSMFAG00000003774
ENSG00000155957,ENSMFAG00000030463
ENSG00000183695,ENSMFAG00000053055
ENSG00000101473,ENSMFAG00000031839
ENSG00000170255,ENSMFAG00000061091
ENSG00000172489,ENSMFAG00000040938
ENSG00000183560,ENSMFAG00000030684
ENSG00000166337,ENSMFAG00000051101
ENSG00000176009,ENSMFAG00000051105
ENSG00000280021,ENSMFAG00000055623
ENSG00000150750,ENSMFAG00000034174
ENSG00000214290,ENSMFAG00000043291
ENSG00000154727,ENSMFAG00000041587
ENSG00000240203,ENSMFAG00000017309
ENSG00000180432,ENSMFAG00000039176
ENSG00000173456,ENSMFAG00000030008
ENSG00000173389,ENSMFAG00000039453
ENSG00000223953,ENSMFAG00000048016
ENSG00000184345,ENSMFAG00000030412
ENSG00000205330,ENSMFAG00000054015
ENSG00000235718,ENSMFAG00000011642
ENSG00000241789,ENSMFAG00000011360
ENSG00000088325,ENSMFAG00000044400
ENSG00000215009,ENSMFAG00000032770
ENSG00000214681,ENSMFAG00000033403
ENSG00000216135,ENSMFAG00000016890
ENSG00000197808,ENSMFAG00000001612
ENSG00000185313,ENSMFAG00000002008
ENSG00000076555,ENSMFAG00000060717
ENSG00000076555,ENSMFAG00000041953
ENSG00000181786,ENSMFAG00000051542
ENSG00000184635,ENSMFAG00000035382
ENSG00000075388,ENSMFAG00000052634
ENSG00000201535,ENSMFAG00000048398
ENSG00000160683,ENSMFAG00000038828
ENSG00000163083,ENSMFAG00000043042
ENSG00000110375,ENSMFAG00000003839
ENSG00000197124,ENSMFAG00000037779
ENSG00000144331,ENSMFAG00000043013
ENSG00000201162,ENSMFAG00000058792
ENSG00000144597,ENSMFAG00000036590
ENSG00000239726,ENSMFAG00000017144
ENSG00000176302,ENSMFAG00000041313
ENSG00000241064,ENSMFAG00000020236
ENSG00000263740,ENSMFAG00000022349
ENSG00000238902,ENSMFAG00000051240
ENSG00000200184,ENSMFAG00000013595
ENSG00000213689,ENSMFAG00000041577
ENSG00000145040,ENSMFAG00000054643
ENSG00000182261,ENSMFAG00000041274
ENSG00000284251,ENSMFAG00000012769
ENSG00000183396,ENSMFAG00000041206
ENSG00000188042,ENSMFAG00000045232
ENSG00000166840,ENSMFAG00000003595
ENSG00000183762,ENSMFAG00000035109
ENSG00000008300,ENSMFAG00000045461
ENSG00000138400,ENSMFAG00000035811
ENSG00000142453,ENSMFAG00000036898
ENSG00000174032,ENSMFAG00000035809
ENSG00000184792,ENSMFAG00000044544
ENSG00000255274,ENSMFAG00000000547
ENSG00000242441,ENSMFAG00000003441
ENSG00000239821,ENSMFAG00000056857
ENSG00000182310,ENSMFAG00000030685
ENSG00000184271,ENSMFAG00000044336
ENSG00000204595,ENSMFAG00000042442
ENSG00000130173,ENSMFAG00000041570
ENSG00000130173,ENSMFAG00000064496
ENSG00000130312,ENSMFAG00000044117
ENSG00000197837,ENSMFAG00000051323
ENSG00000179088,ENSMFAG00000045014
ENSG00000007372,ENSMFAG00000019311
ENSG00000152749,ENSMFAG00000043992
ENSG00000163012,ENSMFAG00000001939
ENSG00000132950,ENSMFAG00000054215
ENSG00000125207,ENSMFAG00000042638
ENSG00000138434,ENSMFAG00000035906
ENSG00000099338,ENSMFAG00000046059
ENSG00000136111,ENSMFAG00000045534
ENSG00000200616,ENSMFAG00000022843
ENSG00000163964,ENSMFAG00000040098
ENSG00000112280,ENSMFAG00000031890
ENSG00000222438,ENSMFAG00000017775
ENSG00000206850,ENSMFAG00000053644
ENSG00000252393,ENSMFAG00000035068
ENSG00000188735,ENSMFAG00000003634
ENSG00000197763,ENSMFAG00000001280
ENSG00000159131,ENSMFAG00000037958
ENSG00000125740,ENSMFAG00000038029
ENSG00000165487,ENSMFAG00000042651
ENSG00000139725,ENSMFAG00000032227
ENSG00000151320,ENSMFAG00000040818
ENSG00000130055,ENSMFAG00000037742
ENSG00000239732,ENSMFAG00000036170
ENSG00000180044,ENSMFAG00000063065
ENSG00000100196,ENSMFAG00000042286
ENSG00000232382,ENSMFAG00000034033
ENSG00000198398,ENSMFAG00000001349
ENSG00000118997,ENSMFAG00000037848
ENSG00000231213,ENSMFAG00000031251
ENSG00000133114,ENSMFAG00000033152
ENSG00000100425,ENSMFAG00000030538
ENSG00000130032,ENSMFAG00000040208
ENSG00000144852,ENSMFAG00000041037
ENSG00000173674,ENSMFAG00000060557
ENSG00000207789,ENSMFAG00000013429
ENSG00000100603,ENSMFAG00000039000
ENSG00000150403,ENSMFAG00000040684
ENSG00000114854,ENSMFAG00000034519
ENSG00000256162,ENSMFAG00000003909
ENSG00000204469,ENSMFAG00000000720
ENSG00000175497,ENSMFAG00000004071
ENSG00000114841,ENSMFAG00000038690
ENSG00000135407,ENSMFAG00000030854
ENSG00000212345,ENSMFAG00000006296
ENSG00000069493,ENSMFAG00000045824
ENSG00000244482,ENSMFAG00000040912
ENSG00000100324,ENSMFAG00000032126
ENSG00000185100,ENSMFAG00000039464
ENSG00000244732,ENSMFAG00000011070
ENSG00000152822,ENSMFAG00000039075
ENSG00000114646,ENSMFAG00000000124
ENSG00000147164,ENSMFAG00000033920
ENSG00000174453,ENSMFAG00000004450
ENSG00000110848,ENSMFAG00000060873
ENSG00000187860,ENSMFAG00000002009
ENSG00000221585,ENSMFAG00000007004
ENSG00000199591,ENSMFAG00000062572
ENSG00000265078,ENSMFAG00000013596
ENSG00000198732,ENSMFAG00000036642
ENSG00000253056,ENSMFAG00000013327
ENSG00000164047,ENSMFAG00000032837
ENSG00000102053,ENSMFAG00000042237
ENSG00000125266,ENSMFAG00000034043
ENSG00000150045,ENSMFAG00000012038
ENSG00000199476,ENSMFAG00000034822
ENSG00000100364,ENSMFAG00000041430
ENSG00000164049,ENSMFAG00000037485
ENSG00000120690,ENSMFAG00000040587
ENSG00000147123,ENSMFAG00000017855
ENSG00000147123,ENSMFAG00000000409
ENSG00000144452,ENSMFAG00000041527
ENSG00000147174,ENSMFAG00000046224
ENSG00000170777,ENSMFAG00000034371
ENSG00000264530,ENSMFAG00000060313
ENSG00000171777,ENSMFAG00000040225
ENSG00000256797,ENSMFAG00000001959
ENSG00000112309,ENSMFAG00000064443
ENSG00000029993,ENSMFAG00000053564
ENSG00000277483,ENSMFAG00000060859
ENSG00000114554,ENSMFAG00000037368
ENSG00000172322,ENSMFAG00000039803
ENSG00000112715,ENSMFAG00000043991
ENSG00000100029,ENSMFAG00000044708
ENSG00000251787,ENSMFAG00000019957
ENSG00000251761,ENSMFAG00000034880
ENSG00000232535,ENSMFAG00000060508
ENSG00000231192,ENSMFAG00000047351
ENSG00000236032,ENSMFAG00000053144
ENSG00000180182,ENSMFAG00000000690
ENSG00000230301,ENSMFAG00000053901
ENSG00000170054,ENSMFAG00000039680
ENSG00000283473,ENSMFAG00000040811
ENSG00000163825,ENSMFAG00000031236
ENSG00000274967,ENSMFAG00000005138
ENSG00000207109,ENSMFAG00000005529
ENSG00000212608,ENSMFAG00000030360
ENSG00000200388,ENSMFAG00000004934
ENSG00000201228,ENSMFAG00000059586
ENSG00000252390,ENSMFAG00000013120
ENSG00000088448,ENSMFAG00000042265
ENSG00000160145,ENSMFAG00000043685
ENSG00000111291,ENSMFAG00000002909
ENSG00000010219,ENSMFAG00000003032
ENSG00000135916,ENSMFAG00000014731
ENSG00000185347,ENSMFAG00000043836
ENSG00000139505,ENSMFAG00000032748
ENSG00000151079,ENSMFAG00000050690
ENSG00000111262,ENSMFAG00000027484
ENSG00000199740,ENSMFAG00000023989
ENSG00000272028,ENSMFAG00000005038
ENSG00000199903,ENSMFAG00000051494
ENSG00000199824,ENSMFAG00000004591
ENSG00000243075,ENSMFAG00000013734
ENSG00000186452,ENSMFAG00000015375
ENSG00000182329,ENSMFAG00000043184
ENSG00000214511,ENSMFAG00000004051
ENSG00000064835,ENSMFAG00000031190
ENSG00000111732,ENSMFAG00000064606
ENSG00000175198,ENSMFAG00000020427
ENSG00000188559,ENSMFAG00000039275
ENSG00000275074,ENSMFAG00000001150
ENSG00000221823,ENSMFAG00000031560
ENSG00000208037,ENSMFAG00000010235
ENSG00000186103,ENSMFAG00000002211
ENSG00000184898,ENSMFAG00000031648
ENSG00000053524,ENSMFAG00000036484
ENSG00000153820,ENSMFAG00000045447
ENSG00000150676,ENSMFAG00000002840
ENSG00000100307,ENSMFAG00000034255
ENSG00000238808,ENSMFAG00000012958
ENSG00000033327,ENSMFAG00000003506
ENSG00000196227,ENSMFAG00000030015
ENSG00000047634,ENSMFAG00000038986
ENSG00000140057,ENSMFAG00000039655
ENSG00000089818,ENSMFAG00000031784
ENSG00000185917,ENSMFAG00000017853
ENSG00000168918,ENSMFAG00000032897
ENSG00000252033,ENSMFAG00000022031
ENSG00000167037,ENSMFAG00000020092
ENSG00000167910,ENSMFAG00000041863
ENSG00000124126,ENSMFAG00000000258
ENSG00000163515,ENSMFAG00000048833
ENSG00000144671,ENSMFAG00000034664
ENSG00000254647,ENSMFAG00000000997
ENSG00000170044,ENSMFAG00000033639
ENSG00000207308,ENSMFAG00000058935
ENSG00000204361,ENSMFAG00000038999
ENSG00000100601,ENSMFAG00000001551
ENSG00000181544,ENSMFAG00000037836
ENSG00000168061,ENSMFAG00000000880
ENSG00000168060,ENSMFAG00000035435
ENSG00000165898,ENSMFAG00000049400
ENSG00000104833,ENSMFAG00000059050
ENSG00000100558,ENSMFAG00000000370
ENSG00000150995,ENSMFAG00000044748
ENSG00000237261,ENSMFAG00000053367
ENSG00000251704,ENSMFAG00000004760
ENSG00000266059,ENSMFAG00000010937
ENSG00000203952,ENSMFAG00000055909
ENSG00000200763,ENSMFAG00000060896
ENSG00000207170,ENSMFAG00000049883
ENSG00000238503,ENSMFAG00000011867
ENSG00000205704,ENSMFAG00000064531
ENSG00000207183,ENSMFAG00000017649
ENSG00000207218,ENSMFAG00000057156
ENSG00000207255,ENSMFAG00000035138
ENSG00000180964,ENSMFAG00000019988
ENSG00000239396,ENSMFAG00000007859
ENSG00000100453,ENSMFAG00000043077
ENSG00000273913,ENSMFAG00000050515
ENSG00000273913,ENSMFAG00000052104
ENSG00000278764,ENSMFAG00000054709
ENSG00000221300,ENSMFAG00000008514
ENSG00000207411,ENSMFAG00000012576
ENSG00000251889,ENSMFAG00000007313
ENSG00000242158,ENSMFAG00000063454
ENSG00000212175,ENSMFAG00000021132
ENSG00000200807,ENSMFAG00000023469
ENSG00000239189,ENSMFAG00000048430
ENSG00000111729,ENSMFAG00000036426
ENSG00000238493,ENSMFAG00000040432
ENSG00000241625,ENSMFAG00000007458
ENSG00000100116,ENSMFAG00000000506
ENSG00000283636,ENSMFAG00000011727
ENSG00000202227,ENSMFAG00000013515
ENSG00000239958,ENSMFAG00000020345
ENSG00000264071,ENSMFAG00000053576
ENSG00000264071,ENSMFAG00000057955
ENSG00000221638,ENSMFAG00000064991
ENSG00000238410,ENSMFAG00000005208
ENSG00000202423,ENSMFAG00000058787
ENSG00000242118,ENSMFAG00000023546
ENSG00000200048,ENSMFAG00000037407
ENSG00000201311,ENSMFAG00000059716
ENSG00000127528,ENSMFAG00000053753
ENSG00000200701,ENSMFAG00000051333
ENSG00000199295,ENSMFAG00000006075
ENSG00000238619,ENSMFAG00000051326
ENSG00000222724,ENSMFAG00000010106
ENSG00000212283,ENSMFAG00000012213
ENSG00000206726,ENSMFAG00000055807
ENSG00000243029,ENSMFAG00000008857
ENSG00000239185,ENSMFAG00000012063
ENSG00000202046,ENSMFAG00000005040
ENSG00000206963,ENSMFAG00000050844
ENSG00000240106,ENSMFAG00000007578
ENSG00000243510,ENSMFAG00000024045
ENSG00000251900,ENSMFAG00000059700
ENSG00000222394,ENSMFAG00000054639
ENSG00000293570,ENSMFAG00000047825
ENSG00000223573,ENSMFAG00000032284
ENSG00000252688,ENSMFAG00000040409
ENSG00000206718,ENSMFAG00000062300
ENSG00000147400,ENSMFAG00000044996
ENSG00000223197,ENSMFAG00000038920
ENSG00000244372,ENSMFAG00000012261
ENSG00000139899,ENSMFAG00000055338
ENSG00000238570,ENSMFAG00000062824
ENSG00000200902,ENSMFAG00000015254
ENSG00000241074,ENSMFAG00000014487
ENSG00000239041,ENSMFAG00000053352
ENSG00000201813,ENSMFAG00000061513
ENSG00000146670,ENSMFAG00000045080
ENSG00000199626,ENSMFAG00000050123
ENSG00000252517,ENSMFAG00000005478
ENSG00000252130,ENSMFAG00000004150
ENSG00000118492,ENSMFAG00000035662
ENSG00000280636,ENSMFAG00000015056
ENSG00000202216,ENSMFAG00000027019
ENSG00000207319,ENSMFAG00000011753
ENSG00000199348,ENSMFAG00000023929
ENSG00000276123,ENSMFAG00000007981
ENSG00000243125,ENSMFAG00000013594
ENSG00000200281,ENSMFAG00000056549
ENSG00000199791,ENSMFAG00000036463
ENSG00000077721,ENSMFAG00000000307
ENSG00000196946,ENSMFAG00000039693
ENSG00000196946,ENSMFAG00000058999
ENSG00000196946,ENSMFAG00000059886
ENSG00000196946,ENSMFAG00000065655
ENSG00000196946,ENSMFAG00000062325
ENSG00000196946,ENSMFAG00000053137
ENSG00000100445,ENSMFAG00000035471
ENSG00000243650,ENSMFAG00000008508
ENSG00000201044,ENSMFAG00000014126
ENSG00000202341,ENSMFAG00000006696
ENSG00000202016,ENSMFAG00000019923
ENSG00000162976,ENSMFAG00000034193
ENSG00000101311,ENSMFAG00000002752
ENSG00000167767,ENSMFAG00000001336
ENSG00000222477,ENSMFAG00000058870
ENSG00000222477,ENSMFAG00000021262
ENSG00000189253,ENSMFAG00000052743
ENSG00000189253,ENSMFAG00000054922
ENSG00000189253,ENSMFAG00000052719
ENSG00000189253,ENSMFAG00000041752
ENSG00000070985,ENSMFAG00000042635
ENSG00000207267,ENSMFAG00000034727
ENSG00000200822,ENSMFAG00000053552
ENSG00000197381,ENSMFAG00000011312
ENSG00000205426,ENSMFAG00000042827
ENSG00000207402,ENSMFAG00000047418
ENSG00000207821,ENSMFAG00000009215
ENSG00000266875,ENSMFAG00000022032
ENSG00000206598,ENSMFAG00000048445
ENSG00000207403,ENSMFAG00000049885
ENSG00000167604,ENSMFAG00000036666
ENSG00000241791,ENSMFAG00000012358
ENSG00000164485,ENSMFAG00000030047
ENSG00000198125,ENSMFAG00000042315
ENSG00000135443,ENSMFAG00000037800
ENSG00000169188,ENSMFAG00000002486
ENSG00000168477,ENSMFAG00000053747
ENSG00000168477,ENSMFAG00000059643
ENSG00000168477,ENSMFAG00000002351
ENSG00000066427,ENSMFAG00000033033
ENSG00000066427,ENSMFAG00000043964
ENSG00000124194,ENSMFAG00000031122
ENSG00000161849,ENSMFAG00000034594
ENSG00000161850,ENSMFAG00000033703
ENSG00000222329,ENSMFAG00000053121
ENSG00000196632,ENSMFAG00000031003
ENSG00000170454,ENSMFAG00000031608
ENSG00000093000,ENSMFAG00000035770
ENSG00000182931,ENSMFAG00000034127
ENSG00000223417,ENSMFAG00000033612
ENSG00000233802,ENSMFAG00000033612
ENSG00000186081,ENSMFAG00000037676
ENSG00000241635,ENSMFAG00000042349
ENSG00000081665,ENSMFAG00000039702
ENSG00000153157,ENSMFAG00000045676
ENSG00000123485,ENSMFAG00000000886
ENSG00000204450,ENSMFAG00000052743
ENSG00000204450,ENSMFAG00000054922
ENSG00000204450,ENSMFAG00000052719
ENSG00000204450,ENSMFAG00000041752
ENSG00000139648,ENSMFAG00000035546
ENSG00000170484,ENSMFAG00000031685
ENSG00000179532,ENSMFAG00000036429
ENSG00000124721,ENSMFAG00000036549
ENSG00000186471,ENSMFAG00000000582
ENSG00000281516,ENSMFAG00000006330
ENSG00000212199,ENSMFAG00000049928
ENSG00000212199,ENSMFAG00000048130
ENSG00000212199,ENSMFAG00000057415
ENSG00000212199,ENSMFAG00000047809
ENSG00000212199,ENSMFAG00000059704
ENSG00000253078,ENSMFAG00000033569
ENSG00000115274,ENSMFAG00000036904
ENSG00000186049,ENSMFAG00000044971
ENSG00000128335,ENSMFAG00000063310
ENSG00000147145,ENSMFAG00000025015
ENSG00000133107,ENSMFAG00000032156
ENSG00000198431,ENSMFAG00000043513
ENSG00000115297,ENSMFAG00000062580
ENSG00000175352,ENSMFAG00000003004
ENSG00000134597,ENSMFAG00000041017
ENSG00000241604,ENSMFAG00000009354
ENSG00000121297,ENSMFAG00000033604
ENSG00000152254,ENSMFAG00000002062
ENSG00000100122,ENSMFAG00000042821
ENSG00000101443,ENSMFAG00000030693
ENSG00000126251,ENSMFAG00000056645
ENSG00000126262,ENSMFAG00000022604
ENSG00000160199,ENSMFAG00000039213
ENSG00000241943,ENSMFAG00000011290
ENSG00000134627,ENSMFAG00000042631
ENSG00000267041,ENSMFAG00000055734
ENSG00000156925,ENSMFAG00000027018
ENSG00000081479,ENSMFAG00000045364
ENSG00000126768,ENSMFAG00000000862
ENSG00000149639,ENSMFAG00000032873
ENSG00000249861,ENSMFAG00000018557
ENSG00000100350,ENSMFAG00000046365
ENSG00000204710,ENSMFAG00000043469
ENSG00000204710,ENSMFAG00000063513
ENSG00000243313,ENSMFAG00000053453
ENSG00000200597,ENSMFAG00000029156
ENSG00000200706,ENSMFAG00000065851
ENSG00000199938,ENSMFAG00000015090
ENSG00000244297,ENSMFAG00000009107
ENSG00000212586,ENSMFAG00000049940
ENSG00000112499,ENSMFAG00000031849
ENSG00000268182,ENSMFAG00000054978
ENSG00000125995,ENSMFAG00000045983
ENSG00000185345,ENSMFAG00000002107
ENSG00000201687,ENSMFAG00000020058
ENSG00000110400,ENSMFAG00000045996
ENSG00000199217,ENSMFAG00000008619
ENSG00000112530,ENSMFAG00000039741
ENSG00000182208,ENSMFAG00000033274
ENSG00000101203,ENSMFAG00000001425
ENSG00000102390,ENSMFAG00000039912
ENSG00000187950,ENSMFAG00000001329
ENSG00000186280,ENSMFAG00000024894
ENSG00000149212,ENSMFAG00000040069
ENSG00000165349,ENSMFAG00000002533
ENSG00000132002,ENSMFAG00000042314
ENSG00000121377,ENSMFAG00000051492
ENSG00000121314,ENSMFAG00000048464
ENSG00000121381,ENSMFAG00000064798
ENSG00000212128,ENSMFAG00000058356
ENSG00000199566,ENSMFAG00000016961
ENSG00000135436,ENSMFAG00000000731
ENSG00000205784,ENSMFAG00000044169
ENSG00000124818,ENSMFAG00000000172
ENSG00000133460,ENSMFAG00000044873
ENSG00000166349,ENSMFAG00000011988
ENSG00000105198,ENSMFAG00000043707
ENSG00000170396,ENSMFAG00000042172
ENSG00000175097,ENSMFAG00000029426
ENSG00000199237,ENSMFAG00000005576
ENSG00000254126,ENSMFAG00000000257
ENSG00000105402,ENSMFAG00000000053
ENSG00000123364,ENSMFAG00000062591
ENSG00000213995,ENSMFAG00000031500
ENSG00000173653,ENSMFAG00000001894
ENSG00000123407,ENSMFAG00000002263
ENSG00000200340,ENSMFAG00000053810
ENSG00000200926,ENSMFAG00000034755
ENSG00000173214,ENSMFAG00000041427
ENSG00000208772,ENSMFAG00000014589
ENSG00000123388,ENSMFAG00000039005
ENSG00000200241,ENSMFAG00000013659
ENSG00000132313,ENSMFAG00000002964
ENSG00000197757,ENSMFAG00000033368
ENSG00000202537,ENSMFAG00000016008
ENSG00000207924,ENSMFAG00000004428
ENSG00000180806,ENSMFAG00000042260
ENSG00000183305,ENSMFAG00000051249
ENSG00000009413,ENSMFAG00000040266
ENSG00000037965,ENSMFAG00000002443
ENSG00000251971,ENSMFAG00000006142
ENSG00000178752,ENSMFAG00000003420
ENSG00000174527,ENSMFAG00000046050
ENSG00000239099,ENSMFAG00000065449
ENSG00000173237,ENSMFAG00000030057
ENSG00000159082,ENSMFAG00000018883
ENSG00000137700,ENSMFAG00000034499
ENSG00000277986,ENSMFAG00000021156
ENSG00000284378,ENSMFAG00000053924
ENSG00000284378,ENSMFAG00000053777
ENSG00000284378,ENSMFAG00000064564
ENSG00000284378,ENSMFAG00000063931
ENSG00000284378,ENSMFAG00000065418
ENSG00000284378,ENSMFAG00000049909
ENSG00000238370,ENSMFAG00000011590
ENSG00000207626,ENSMFAG00000064721
ENSG00000125798,ENSMFAG00000047214
ENSG00000053702,ENSMFAG00000031538
ENSG00000163283,ENSMFAG00000045144
ENSG00000163283,ENSMFAG00000035415
ENSG00000134901,ENSMFAG00000045152
ENSG00000124145,ENSMFAG00000051697
ENSG00000283297,ENSMFAG00000042369
ENSG00000079435,ENSMFAG00000030784
ENSG00000252996,ENSMFAG00000040693
ENSG00000197905,ENSMFAG00000001395
ENSG00000141977,ENSMFAG00000034250
ENSG00000163286,ENSMFAG00000045144
ENSG00000163286,ENSMFAG00000035415
ENSG00000101224,ENSMFAG00000001545
ENSG00000268916,ENSMFAG00000043166
ENSG00000268916,ENSMFAG00000043347
ENSG00000080561,ENSMFAG00000038116
ENSG00000163295,ENSMFAG00000043456
ENSG00000275901,ENSMFAG00000063874
ENSG00000275901,ENSMFAG00000050814
ENSG00000252962,ENSMFAG00000015899
ENSG00000182141,ENSMFAG00000042298
ENSG00000136167,ENSMFAG00000036326
ENSG00000237412,ENSMFAG00000032418
ENSG00000095932,ENSMFAG00000037612
ENSG00000196811,ENSMFAG00000039032
ENSG00000222338,ENSMFAG00000005021
ENSG00000165935,ENSMFAG00000003560
ENSG00000172519,ENSMFAG00000054868
ENSG00000284723,ENSMFAG00000043587
ENSG00000239316,ENSMFAG00000018650
ENSG00000011201,ENSMFAG00000032686
ENSG00000198678,ENSMFAG00000060517
ENSG00000121318,ENSMFAG00000051503
ENSG00000239108,ENSMFAG00000061205
ENSG00000260286,ENSMFAG00000000821
ENSG00000265093,ENSMFAG00000008254
ENSG00000240993,ENSMFAG00000019868
ENSG00000243854,ENSMFAG00000023748
ENSG00000200247,ENSMFAG00000064420
ENSG00000135316,ENSMFAG00000036355
ENSG00000277668,ENSMFAG00000056561
ENSG00000277668,ENSMFAG00000057237
ENSG00000251757,ENSMFAG00000049928
ENSG00000251757,ENSMFAG00000048130
ENSG00000251757,ENSMFAG00000057415
ENSG00000251757,ENSMFAG00000047809
ENSG00000251757,ENSMFAG00000059704
ENSG00000173302,ENSMFAG00000055394
ENSG00000214891,ENSMFAG00000052743
ENSG00000214891,ENSMFAG00000054922
ENSG00000214891,ENSMFAG00000052719
ENSG00000214891,ENSMFAG00000041752
ENSG00000208892,ENSMFAG00000005912
ENSG00000272412,ENSMFAG00000008213
ENSG00000111537,ENSMFAG00000053200
ENSG00000110719,ENSMFAG00000030577
ENSG00000159128,ENSMFAG00000001717
ENSG00000165474,ENSMFAG00000064221
ENSG00000156709,ENSMFAG00000000275
ENSG00000111536,ENSMFAG00000033040
ENSG00000163331,ENSMFAG00000029280
ENSG00000152213,ENSMFAG00000051612
ENSG00000127318,ENSMFAG00000037736
ENSG00000174405,ENSMFAG00000037235
ENSG00000178882,ENSMFAG00000053949
ENSG00000083535,ENSMFAG00000039458
ENSG00000185339,ENSMFAG00000046209
ENSG00000172789,ENSMFAG00000058266
ENSG00000202146,ENSMFAG00000050599
ENSG00000142192,ENSMFAG00000002479
ENSG00000196876,ENSMFAG00000005480
ENSG00000149177,ENSMFAG00000003968
ENSG00000136698,ENSMFAG00000044484
ENSG00000134899,ENSMFAG00000002409
ENSG00000114124,ENSMFAG00000001701
ENSG00000188729,ENSMFAG00000054957
ENSG00000175619,ENSMFAG00000059771
ENSG00000201574,ENSMFAG00000018871
ENSG00000172208,ENSMFAG00000038224
ENSG00000206885,ENSMFAG00000022120
ENSG00000207280,ENSMFAG00000007015
ENSG00000202400,ENSMFAG00000014934
ENSG00000223198,ENSMFAG00000064516
ENSG00000207088,ENSMFAG00000009497
ENSG00000163914,ENSMFAG00000004044
ENSG00000171596,ENSMFAG00000038670
ENSG00000166405,ENSMFAG00000004004
ENSG00000185176,ENSMFAG00000036051
ENSG00000239437,ENSMFAG00000008413
ENSG00000174946,ENSMFAG00000030882
ENSG00000238813,ENSMFAG00000065120
ENSG00000138271,ENSMFAG00000003685
ENSG00000163497,ENSMFAG00000000657
ENSG00000242014,ENSMFAG00000024182
ENSG00000181631,ENSMFAG00000043480
ENSG00000198973,ENSMFAG00000011607
ENSG00000163501,ENSMFAG00000059126
ENSG00000171703,ENSMFAG00000039288
ENSG00000173769,ENSMFAG00000040339
ENSG00000240317,ENSMFAG00000008831
ENSG00000132746,ENSMFAG00000044295
ENSG00000207647,ENSMFAG00000011972
ENSG00000119147,ENSMFAG00000036757
ENSG00000083520,ENSMFAG00000027055
ENSG00000183570,ENSMFAG00000034574
ENSG00000278234,ENSMFAG00000049426
ENSG00000199075,ENSMFAG00000004405
ENSG00000249020,ENSMFAG00000007785
ENSG00000100077,ENSMFAG00000042105
ENSG00000202379,ENSMFAG00000014933
ENSG00000144821,ENSMFAG00000040806
ENSG00000197674,ENSMFAG00000062036
ENSG00000197309,ENSMFAG00000025203
ENSG00000181958,ENSMFAG00000001406
ENSG00000201113,ENSMFAG00000061434
ENSG00000186886,ENSMFAG00000059721
ENSG00000167355,ENSMFAG00000062919
ENSG00000238782,ENSMFAG00000012058
ENSG00000222344,ENSMFAG00000037452
ENSG00000206725,ENSMFAG00000047533
ENSG00000115009,ENSMFAG00000044412
ENSG00000110395,ENSMFAG00000040139
ENSG00000201584,ENSMFAG00000012289
ENSG00000232125,ENSMFAG00000044098
ENSG00000222627,ENSMFAG00000009771
ENSG00000120645,ENSMFAG00000030095
ENSG00000243544,ENSMFAG00000019748
ENSG00000168779,ENSMFAG00000029366
ENSG00000100258,ENSMFAG00000031482
ENSG00000206964,ENSMFAG00000005958
ENSG00000142611,ENSMFAG00000036508
ENSG00000200003,ENSMFAG00000006237
ENSG00000222467,ENSMFAG00000013078
ENSG00000110066,ENSMFAG00000030851
ENSG00000187527,ENSMFAG00000040211
ENSG00000073614,ENSMFAG00000001863
ENSG00000212389,ENSMFAG00000005603
ENSG00000204406,ENSMFAG00000035493
ENSG00000169855,ENSMFAG00000037016
ENSG00000111886,ENSMFAG00000043423
ENSG00000182508,ENSMFAG00000003226
ENSG00000134900,ENSMFAG00000043518
ENSG00000188580,ENSMFAG00000034602
ENSG00000198171,ENSMFAG00000037803
ENSG00000198908,ENSMFAG00000030578
ENSG00000146373,ENSMFAG00000007187
ENSG00000126903,ENSMFAG00000035989
ENSG00000149527,ENSMFAG00000040083
ENSG00000183395,ENSMFAG00000002836
ENSG00000111907,ENSMFAG00000040169
ENSG00000212181,ENSMFAG00000023829
ENSG00000264554,ENSMFAG00000023393
ENSG00000199077,ENSMFAG00000033556
ENSG00000187479,ENSMFAG00000030397
ENSG00000176915,ENSMFAG00000041129
ENSG00000204403,ENSMFAG00000019805
ENSG00000163632,ENSMFAG00000014502
ENSG00000269586,ENSMFAG00000035558
ENSG00000233412,ENSMFAG00000047351
ENSG00000183486,ENSMFAG00000046255
ENSG00000136161,ENSMFAG00000042366
ENSG00000196220,ENSMFAG00000033455
ENSG00000169446,ENSMFAG00000000269
ENSG00000071909,ENSMFAG00000002186
ENSG00000149600,ENSMFAG00000041599
ENSG00000152266,ENSMFAG00000032854
ENSG00000197172,ENSMFAG00000028057
ENSG00000197172,ENSMFAG00000055689
ENSG00000142606,ENSMFAG00000041432
ENSG00000188130,ENSMFAG00000034798
ENSG00000200685,ENSMFAG00000015182
ENSG00000242999,ENSMFAG00000008970
ENSG00000200152,ENSMFAG00000056664
ENSG00000135547,ENSMFAG00000032107
ENSG00000222663,ENSMFAG00000005337
ENSG00000120458,ENSMFAG00000043111
ENSG00000101460,ENSMFAG00000035423
ENSG00000160224,ENSMFAG00000001488
ENSG00000154134,ENSMFAG00000043395
ENSG00000252823,ENSMFAG00000004535
ENSG00000183662,ENSMFAG00000034201
ENSG00000113811,ENSMFAG00000061850
ENSG00000090889,ENSMFAG00000037167
ENSG00000154781,ENSMFAG00000042348
ENSG00000184012,ENSMFAG00000044952
ENSG00000101150,ENSMFAG00000032949
ENSG00000048707,ENSMFAG00000044460
ENSG00000111796,ENSMFAG00000050480
ENSG00000135406,ENSMFAG00000050077
ENSG00000242638,ENSMFAG00000009781
ENSG00000266780,ENSMFAG00000007222
ENSG00000197980,ENSMFAG00000032575
ENSG00000252659,ENSMFAG00000009556
ENSG00000170890,ENSMFAG00000052529
ENSG00000174844,ENSMFAG00000031056
ENSG00000139154,ENSMFAG00000032231
ENSG00000252652,ENSMFAG00000056642
ENSG00000211568,ENSMFAG00000013611
ENSG00000206808,ENSMFAG00000005285
ENSG00000201867,ENSMFAG00000059365
ENSG00000207971,ENSMFAG00000016481
ENSG00000198975,ENSMFAG00000016986
ENSG00000207994,ENSMFAG00000014651
ENSG00000199944,ENSMFAG00000005283
ENSG00000110076,ENSMFAG00000037048
ENSG00000173531,ENSMFAG00000003952
ENSG00000144395,ENSMFAG00000034579
ENSG00000077942,ENSMFAG00000040388
ENSG00000131018,ENSMFAG00000037479
ENSG00000200885,ENSMFAG00000018845
ENSG00000139289,ENSMFAG00000001119
ENSG00000102796,ENSMFAG00000001189
ENSG00000177875,ENSMFAG00000058649
ENSG00000187166,ENSMFAG00000053048
ENSG00000198176,ENSMFAG00000035619
ENSG00000185046,ENSMFAG00000032660
ENSG00000206760,ENSMFAG00000015596
ENSG00000202363,ENSMFAG00000015641
ENSG00000178084,ENSMFAG00000042002
ENSG00000207351,ENSMFAG00000062945
ENSG00000186038,ENSMFAG00000001496
ENSG00000187944,ENSMFAG00000035721
ENSG00000180251,ENSMFAG00000044816
ENSG00000125775,ENSMFAG00000031687
ENSG00000158411,ENSMFAG00000000680
ENSG00000240302,ENSMFAG00000009818
ENSG00000178074,ENSMFAG00000032268
ENSG00000201160,ENSMFAG00000055566
ENSG00000144015,ENSMFAG00000051720
ENSG00000144015,ENSMFAG00000048989
ENSG00000187033,ENSMFAG00000044546
ENSG00000202434,ENSMFAG00000019274
ENSG00000197921,ENSMFAG00000044681
ENSG00000188306,ENSMFAG00000033658
ENSG00000214686,ENSMFAG00000035127
ENSG00000189337,ENSMFAG00000050473
ENSG00000252807,ENSMFAG00000024118
ENSG00000171552,ENSMFAG00000044741
ENSG00000115263,ENSMFAG00000041524
ENSG00000114503,ENSMFAG00000001109
ENSG00000201102,ENSMFAG00000006029
ENSG00000284252,ENSMFAG00000007222
ENSG00000177485,ENSMFAG00000026263
ENSG00000238295,ENSMFAG00000051546
ENSG00000196659,ENSMFAG00000057741
ENSG00000197557,ENSMFAG00000053112
ENSG00000159147,ENSMFAG00000048383
ENSG00000159147,ENSMFAG00000028965
ENSG00000177673,ENSMFAG00000043090
ENSG00000147257,ENSMFAG00000044116
ENSG00000164483,ENSMFAG00000038071
ENSG00000239202,ENSMFAG00000008375
ENSG00000276366,ENSMFAG00000020996
ENSG00000163602,ENSMFAG00000049247
ENSG00000206384,ENSMFAG00000034470
ENSG00000130940,ENSMFAG00000037101
ENSG00000136158,ENSMFAG00000038994
ENSG00000125970,ENSMFAG00000033131
ENSG00000134317,ENSMFAG00000032356
ENSG00000128298,ENSMFAG00000056144
ENSG00000130177,ENSMFAG00000042134
ENSG00000054938,ENSMFAG00000042027
ENSG00000100271,ENSMFAG00000031274
ENSG00000163873,ENSMFAG00000002477
ENSG00000241939,ENSMFAG00000019952
ENSG00000251811,ENSMFAG00000017141
ENSG00000144560,ENSMFAG00000009745
ENSG00000117215,ENSMFAG00000055268
ENSG00000212558,ENSMFAG00000010083
ENSG00000206647,ENSMFAG00000009516
ENSG00000264030,ENSMFAG00000060728
ENSG00000206898,ENSMFAG00000009001
ENSG00000206633,ENSMFAG00000012750
ENSG00000072195,ENSMFAG00000037480
ENSG00000152936,ENSMFAG00000030035
ENSG00000147162,ENSMFAG00000001803
ENSG00000096696,ENSMFAG00000031913
ENSG00000276747,ENSMFAG00000002560
ENSG00000159339,ENSMFAG00000030906
ENSG00000166435,ENSMFAG00000002984
ENSG00000117000,ENSMFAG00000001299
ENSG00000173638,ENSMFAG00000041513
ENSG00000116544,ENSMFAG00000038442
ENSG00000147119,ENSMFAG00000057067
ENSG00000171872,ENSMFAG00000041380
ENSG00000156500,ENSMFAG00000003602
ENSG00000123999,ENSMFAG00000002594
ENSG00000163877,ENSMFAG00000040288
ENSG00000206973,ENSMFAG00000054629
ENSG00000238735,ENSMFAG00000057995
ENSG00000143878,ENSMFAG00000030406
ENSG00000200829,ENSMFAG00000012332
ENSG00000283039,ENSMFAG00000053753
ENSG00000244404,ENSMFAG00000014323
ENSG00000201088,ENSMFAG00000065781
ENSG00000202177,ENSMFAG00000057799
ENSG00000217236,ENSMFAG00000035384
ENSG00000174173,ENSMFAG00000042887
ENSG00000154027,ENSMFAG00000043368
ENSG00000115474,ENSMFAG00000052661
ENSG00000138435,ENSMFAG00000042992
ENSG00000139546,ENSMFAG00000013567
ENSG00000264706,ENSMFAG00000020695
ENSG00000114013,ENSMFAG00000001459
ENSG00000166707,ENSMFAG00000045388
ENSG00000205560,ENSMFAG00000023471
ENSG00000116675,ENSMFAG00000044659
ENSG00000102098,ENSMFAG00000042495
ENSG00000134905,ENSMFAG00000033427
ENSG00000166436,ENSMFAG00000002122
ENSG00000121552,ENSMFAG00000044624
ENSG00000165953,ENSMFAG00000061257
ENSG00000010704,ENSMFAG00000000799
ENSG00000114023,ENSMFAG00000031641
ENSG00000213625,ENSMFAG00000033874
ENSG00000207295,ENSMFAG00000015294
ENSG00000207295,ENSMFAG00000051966
ENSG00000206985,ENSMFAG00000049332
ENSG00000157601,ENSMFAG00000044214
ENSG00000065911,ENSMFAG00000044926
ENSG00000100557,ENSMFAG00000044693
ENSG00000110680,ENSMFAG00000041791
ENSG00000134602,ENSMFAG00000039094
ENSG00000131233,ENSMFAG00000028859
ENSG00000163840,ENSMFAG00000031102
ENSG00000207331,ENSMFAG00000005144
ENSG00000172260,ENSMFAG00000034696
ENSG00000207251,ENSMFAG00000058301
ENSG00000201033,ENSMFAG00000030059
ENSG00000110321,ENSMFAG00000036500
ENSG00000151276,ENSMFAG00000032287
ENSG00000182183,ENSMFAG00000044482
ENSG00000201241,ENSMFAG00000061205
ENSG00000067334,ENSMFAG00000025743
ENSG00000067334,ENSMFAG00000003472
ENSG00000126746,ENSMFAG00000037538
ENSG00000171502,ENSMFAG00000003536
ENSG00000166428,ENSMFAG00000045718
ENSG00000127863,ENSMFAG00000008116
ENSG00000207393,ENSMFAG00000054324
ENSG00000244236,ENSMFAG00000065299
ENSG00000207016,ENSMFAG00000006534
ENSG00000100599,ENSMFAG00000023107
ENSG00000115155,ENSMFAG00000043966
ENSG00000151067,ENSMFAG00000039845
ENSG00000207931,ENSMFAG00000035065
ENSG00000207419,ENSMFAG00000012394
ENSG00000235272,ENSMFAG00000039932
ENSG00000244476,ENSMFAG00000024472
ENSG00000251608,ENSMFAG00000061906
ENSG00000116157,ENSMFAG00000041996
ENSG00000198225,ENSMFAG00000042021
ENSG00000196787,ENSMFAG00000055364
ENSG00000140022,ENSMFAG00000039552
ENSG00000206601,ENSMFAG00000008191
ENSG00000237388,ENSMFAG00000027292
ENSG00000238987,ENSMFAG00000013662
ENSG00000139684,ENSMFAG00000035557
ENSG00000201309,ENSMFAG00000059549
ENSG00000212221,ENSMFAG00000014374
ENSG00000174016,ENSMFAG00000059694
ENSG00000165861,ENSMFAG00000037270
ENSG00000150672,ENSMFAG00000043394
ENSG00000101901,ENSMFAG00000043742
ENSG00000244618,ENSMFAG00000011313
ENSG00000114656,ENSMFAG00000043199
ENSG00000263426,ENSMFAG00000014981
ENSG00000204704,ENSMFAG00000017613
ENSG00000204703,ENSMFAG00000051063
ENSG00000071994,ENSMFAG00000064388
ENSG00000071994,ENSMFAG00000032658
ENSG00000205989,ENSMFAG00000057300
ENSG00000205989,ENSMFAG00000056170
ENSG00000205989,ENSMFAG00000058286
ENSG00000205989,ENSMFAG00000050301
ENSG00000205989,ENSMFAG00000063826
ENSG00000205989,ENSMFAG00000048609
ENSG00000230031,ENSMFAG00000061937
ENSG00000230031,ENSMFAG00000033345
ENSG00000230031,ENSMFAG00000063545
ENSG00000230031,ENSMFAG00000065529
ENSG00000230031,ENSMFAG00000001981
ENSG00000230031,ENSMFAG00000054294
ENSG00000143032,ENSMFAG00000051984
ENSG00000169605,ENSMFAG00000032957
ENSG00000160791,ENSMFAG00000002809
ENSG00000179407,ENSMFAG00000030291
ENSG00000238489,ENSMFAG00000049928
ENSG00000238489,ENSMFAG00000048130
ENSG00000238489,ENSMFAG00000057415
ENSG00000238489,ENSMFAG00000047809
ENSG00000238489,ENSMFAG00000059704
ENSG00000171121,ENSMFAG00000000185
ENSG00000199460,ENSMFAG00000007320
ENSG00000172016,ENSMFAG00000033949
ENSG00000196152,ENSMFAG00000033187
ENSG00000198162,ENSMFAG00000042171
ENSG00000222356,ENSMFAG00000034778
ENSG00000182447,ENSMFAG00000039320
ENSG00000160284,ENSMFAG00000031624
ENSG00000222327,ENSMFAG00000015116
ENSG00000200261,ENSMFAG00000007685
ENSG00000242256,ENSMFAG00000011898
ENSG00000243911,ENSMFAG00000012980
ENSG00000173947,ENSMFAG00000038084
ENSG00000201761,ENSMFAG00000061650
ENSG00000125843,ENSMFAG00000042735
ENSG00000183185,ENSMFAG00000029970
ENSG00000124602,ENSMFAG00000032643
ENSG00000134253,ENSMFAG00000039230
ENSG00000066032,ENSMFAG00000003995
ENSG00000157557,ENSMFAG00000055774
ENSG00000179388,ENSMFAG00000065520
ENSG00000112212,ENSMFAG00000001664
ENSG00000125977,ENSMFAG00000037155
ENSG00000133104,ENSMFAG00000033182
ENSG00000186666,ENSMFAG00000038249
ENSG00000135312,ENSMFAG00000042700
ENSG00000269964,ENSMFAG00000009582
ENSG00000167580,ENSMFAG00000042087
ENSG00000293642,ENSMFAG00000050402
ENSG00000199306,ENSMFAG00000065314
ENSG00000201622,ENSMFAG00000059389
ENSG00000212297,ENSMFAG00000057820
ENSG00000212297,ENSMFAG00000058618
ENSG00000202313,ENSMFAG00000052947
ENSG00000222792,ENSMFAG00000053121
ENSG00000240869,ENSMFAG00000020549
ENSG00000171435,ENSMFAG00000042933
ENSG00000222431,ENSMFAG00000022741
ENSG00000201683,ENSMFAG00000010636
ENSG00000243059,ENSMFAG00000009708
ENSG00000271841,ENSMFAG00000012986
ENSG00000201182,ENSMFAG00000011773
ENSG00000198765,ENSMFAG00000043913
ENSG00000199520,ENSMFAG00000012146
ENSG00000165943,ENSMFAG00000050773
ENSG00000205442,ENSMFAG00000031898
ENSG00000206891,ENSMFAG00000047233
ENSG00000206891,ENSMFAG00000052560
ENSG00000206891,ENSMFAG00000057578
ENSG00000206891,ENSMFAG00000047839
ENSG00000212327,ENSMFAG00000063120
ENSG00000180998,ENSMFAG00000033940
ENSG00000283389,ENSMFAG00000064454
ENSG00000239082,ENSMFAG00000011477
ENSG00000179476,ENSMFAG00000032623
ENSG00000172752,ENSMFAG00000001186
ENSG00000212404,ENSMFAG00000023727
ENSG00000100580,ENSMFAG00000065637
ENSG00000134321,ENSMFAG00000055130
ENSG00000066455,ENSMFAG00000001742
ENSG00000134200,ENSMFAG00000000330
ENSG00000123610,ENSMFAG00000000925
ENSG00000155761,ENSMFAG00000043409
ENSG00000088367,ENSMFAG00000039873
ENSG00000125356,ENSMFAG00000039738
ENSG00000251908,ENSMFAG00000006595
ENSG00000233381,ENSMFAG00000029324
ENSG00000242113,ENSMFAG00000024072
ENSG00000185222,ENSMFAG00000030549
ENSG00000214305,ENSMFAG00000051313
ENSG00000101850,ENSMFAG00000001522
ENSG00000047617,ENSMFAG00000045036
ENSG00000156466,ENSMFAG00000039122
ENSG00000201570,ENSMFAG00000006974
ENSG00000265327,ENSMFAG00000014253
ENSG00000202517,ENSMFAG00000016944
ENSG00000204388,ENSMFAG00000039068
ENSG00000188846,ENSMFAG00000055324
ENSG00000199732,ENSMFAG00000059524
ENSG00000274206,ENSMFAG00000059149
ENSG00000274206,ENSMFAG00000053449
ENSG00000274206,ENSMFAG00000058786
ENSG00000274206,ENSMFAG00000051763
ENSG00000274206,ENSMFAG00000058670
ENSG00000274206,ENSMFAG00000056509
ENSG00000274206,ENSMFAG00000058883
ENSG00000274206,ENSMFAG00000059750
ENSG00000274206,ENSMFAG00000054013
ENSG00000274206,ENSMFAG00000056860
ENSG00000274206,ENSMFAG00000058152
ENSG00000274206,ENSMFAG00000053804
ENSG00000274206,ENSMFAG00000057918
ENSG00000274206,ENSMFAG00000049416
ENSG00000274206,ENSMFAG00000054315
ENSG00000274206,ENSMFAG00000059666
ENSG00000274206,ENSMFAG00000054293
ENSG00000274206,ENSMFAG00000052762
ENSG00000274206,ENSMFAG00000059057
ENSG00000274206,ENSMFAG00000064439
ENSG00000274206,ENSMFAG00000064365
ENSG00000274206,ENSMFAG00000065103
ENSG00000274206,ENSMFAG00000049017
ENSG00000274206,ENSMFAG00000062836
ENSG00000274206,ENSMFAG00000059208
ENSG00000274206,ENSMFAG00000054367
ENSG00000274206,ENSMFAG00000056196
ENSG00000274206,ENSMFAG00000062663
ENSG00000274206,ENSMFAG00000057365
ENSG00000274206,ENSMFAG00000064905
ENSG00000274206,ENSMFAG00000057014
ENSG00000274206,ENSMFAG00000063783
ENSG00000274206,ENSMFAG00000063451
ENSG00000274206,ENSMFAG00000061109
ENSG00000274206,ENSMFAG00000063429
ENSG00000274206,ENSMFAG00000063179
ENSG00000274206,ENSMFAG00000048613
ENSG00000274206,ENSMFAG00000062874
ENSG00000274206,ENSMFAG00000061421
ENSG00000274206,ENSMFAG00000058353
ENSG00000274206,ENSMFAG00000065778
ENSG00000274206,ENSMFAG00000060981
ENSG00000274206,ENSMFAG00000063650
ENSG00000274206,ENSMFAG00000050782
ENSG00000274206,ENSMFAG00000056167
ENSG00000274206,ENSMFAG00000062569
ENSG00000274206,ENSMFAG00000058739
ENSG00000274206,ENSMFAG00000047334
ENSG00000112195,ENSMFAG00000049428
ENSG00000263723,ENSMFAG00000059342
ENSG00000124003,ENSMFAG00000036112
ENSG00000202095,ENSMFAG00000005531
ENSG00000252297,ENSMFAG00000050887
ENSG00000278374,ENSMFAG00000009456
ENSG00000242028,ENSMFAG00000057677
ENSG00000206869,ENSMFAG00000014654
ENSG00000155749,ENSMFAG00000003322
ENSG00000175946,ENSMFAG00000036573
ENSG00000124731,ENSMFAG00000043690
ENSG00000214107,ENSMFAG00000040112
ENSG00000199906,ENSMFAG00000005124
ENSG00000057294,ENSMFAG00000045800
ENSG00000206745,ENSMFAG00000004711
ENSG00000168939,ENSMFAG00000014963
ENSG00000212145,ENSMFAG00000015931
ENSG00000187837,ENSMFAG00000065801
ENSG00000157093,ENSMFAG00000041826
ENSG00000007944,ENSMFAG00000033425
ENSG00000056277,ENSMFAG00000042147
ENSG00000199286,ENSMFAG00000060583
ENSG00000143185,ENSMFAG00000062392
ENSG00000143185,ENSMFAG00000045925
ENSG00000251831,ENSMFAG00000004907
ENSG00000150527,ENSMFAG00000043624
ENSG00000080224,ENSMFAG00000000192
ENSG00000222972,ENSMFAG00000008366
ENSG00000285657,ENSMFAG00000062329
ENSG00000285657,ENSMFAG00000057761
ENSG00000285657,ENSMFAG00000047283
ENSG00000173093,ENSMFAG00000014379
ENSG00000285950,ENSMFAG00000062329
ENSG00000285950,ENSMFAG00000057761
ENSG00000285950,ENSMFAG00000047283
ENSG00000138395,ENSMFAG00000002188
ENSG00000067992,ENSMFAG00000043413
ENSG00000047410,ENSMFAG00000032525
ENSG00000102030,ENSMFAG00000044161
ENSG00000273079,ENSMFAG00000007024
ENSG00000080200,ENSMFAG00000046104
ENSG00000164440,ENSMFAG00000049682
ENSG00000164440,ENSMFAG00000040730
ENSG00000164440,ENSMFAG00000056028
ENSG00000197938,ENSMFAG00000007212
ENSG00000052749,ENSMFAG00000041558
ENSG00000202137,ENSMFAG00000009788
ENSG00000212184,ENSMFAG00000007657
ENSG00000206732,ENSMFAG00000055321
ENSG00000115137,ENSMFAG00000061704
ENSG00000157103,ENSMFAG00000007438
ENSG00000207365,ENSMFAG00000012624
ENSG00000201502,ENSMFAG00000057451
ENSG00000207069,ENSMFAG00000055587
ENSG00000276653,ENSMFAG00000048118
ENSG00000134216,ENSMFAG00000003339
ENSG00000199584,ENSMFAG00000059426
ENSG00000201470,ENSMFAG00000053087
ENSG00000200390,ENSMFAG00000036231
ENSG00000231292,ENSMFAG00000055732
ENSG00000231292,ENSMFAG00000050340
ENSG00000231292,ENSMFAG00000061658
ENSG00000231292,ENSMFAG00000050284
ENSG00000252223,ENSMFAG00000049928
ENSG00000252223,ENSMFAG00000048130
ENSG00000252223,ENSMFAG00000057415
ENSG00000252223,ENSMFAG00000047809
ENSG00000252223,ENSMFAG00000059704
ENSG00000177483,ENSMFAG00000002416
ENSG00000110723,ENSMFAG00000018860
ENSG00000135413,ENSMFAG00000063533
ENSG00000172943,ENSMFAG00000036532
ENSG00000161634,ENSMFAG00000040810
ENSG00000222126,ENSMFAG00000040464
ENSG00000232948,ENSMFAG00000042515
ENSG00000169139,ENSMFAG00000030364
ENSG00000169139,ENSMFAG00000022828
ENSG00000168280,ENSMFAG00000038774
ENSG00000172551,ENSMFAG00000051719
ENSG00000179919,ENSMFAG00000036855
ENSG00000134882,ENSMFAG00000033588
ENSG00000175215,ENSMFAG00000043750
ENSG00000277494,ENSMFAG00000062976
ENSG00000121039,ENSMFAG00000031473
ENSG00000172689,ENSMFAG00000050089
ENSG00000207387,ENSMFAG00000055480
ENSG00000183715,ENSMFAG00000037095
ENSG00000104361,ENSMFAG00000027246
ENSG00000143184,ENSMFAG00000062392
ENSG00000143184,ENSMFAG00000045925
ENSG00000179104,ENSMFAG00000038030
ENSG00000179397,ENSMFAG00000033487
ENSG00000165416,ENSMFAG00000035801
ENSG00000252220,ENSMFAG00000005270
ENSG00000104228,ENSMFAG00000035683
ENSG00000221148,ENSMFAG00000035066
ENSG00000199245,ENSMFAG00000022928
ENSG00000252850,ENSMFAG00000018900
ENSG00000212135,ENSMFAG00000015277
ENSG00000276669,ENSMFAG00000062065
ENSG00000174804,ENSMFAG00000034431
ENSG00000060749,ENSMFAG00000042029
ENSG00000046889,ENSMFAG00000031374
ENSG00000251834,ENSMFAG00000014197
ENSG00000200615,ENSMFAG00000048850
ENSG00000186197,ENSMFAG00000038481
ENSG00000207270,ENSMFAG00000017862
ENSG00000214782,ENSMFAG00000030452
ENSG00000274209,ENSMFAG00000002818
ENSG00000274209,ENSMFAG00000029370
ENSG00000102781,ENSMFAG00000053013
ENSG00000111339,ENSMFAG00000045038
ENSG00000176204,ENSMFAG00000001899
ENSG00000174576,ENSMFAG00000002394
ENSG00000162761,ENSMFAG00000041101
ENSG00000163046,ENSMFAG00000042894
ENSG00000199905,ENSMFAG00000053613
ENSG00000136826,ENSMFAG00000035870
ENSG00000223265,ENSMFAG00000014351
ENSG00000123104,ENSMFAG00000035688
ENSG00000003137,ENSMFAG00000039784
ENSG00000284018,ENSMFAG00000049256
ENSG00000099204,ENSMFAG00000046222
ENSG00000143199,ENSMFAG00000032699
ENSG00000284306,ENSMFAG00000049256
ENSG00000147586,ENSMFAG00000057020
ENSG00000283873,ENSMFAG00000049256
ENSG00000284546,ENSMFAG00000049256
ENSG00000284438,ENSMFAG00000049256
ENSG00000204612,ENSMFAG00000017898
ENSG00000212466,ENSMFAG00000004994
ENSG00000137674,ENSMFAG00000035397
ENSG00000120235,ENSMFAG00000017071
ENSG00000100014,ENSMFAG00000031971
ENSG00000149294,ENSMFAG00000044864
ENSG00000252759,ENSMFAG00000011354
ENSG00000201499,ENSMFAG00000019386
ENSG00000252916,ENSMFAG00000037231
ENSG00000252148,ENSMFAG00000047781
ENSG00000273975,ENSMFAG00000058956
ENSG00000136573,ENSMFAG00000034616
ENSG00000007908,ENSMFAG00000001279
ENSG00000201788,ENSMFAG00000064697
ENSG00000185610,ENSMFAG00000039639
ENSG00000134897,ENSMFAG00000002409
ENSG00000198930,ENSMFAG00000043166
ENSG00000198930,ENSMFAG00000043347
ENSG00000201701,ENSMFAG00000018105
ENSG00000252398,ENSMFAG00000035123
ENSG00000163606,ENSMFAG00000038452
ENSG00000178719,ENSMFAG00000032191
ENSG00000147059,ENSMFAG00000000052
ENSG00000147059,ENSMFAG00000051241
ENSG00000111405,ENSMFAG00000045723
ENSG00000238829,ENSMFAG00000006195
ENSG00000200924,ENSMFAG00000006362
ENSG00000264047,ENSMFAG00000053052
ENSG00000264047,ENSMFAG00000061801
ENSG00000252599,ENSMFAG00000033518
ENSG00000223658,ENSMFAG00000030612
ENSG00000123131,ENSMFAG00000036346
ENSG00000202059,ENSMFAG00000029444
ENSG00000116574,ENSMFAG00000061700
ENSG00000115232,ENSMFAG00000038317
ENSG00000116132,ENSMFAG00000050061
ENSG00000151577,ENSMFAG00000037060
ENSG00000221491,ENSMFAG00000009592
ENSG00000206612,ENSMFAG00000009639
ENSG00000207313,ENSMFAG00000009675
ENSG00000238998,ENSMFAG00000012089
ENSG00000202368,ENSMFAG00000053851
ENSG00000038945,ENSMFAG00000031529
ENSG00000202412,ENSMFAG00000050882
ENSG00000202412,ENSMFAG00000059461
ENSG00000202412,ENSMFAG00000052409
ENSG00000213809,ENSMFAG00000032496
ENSG00000170893,ENSMFAG00000042203
ENSG00000252255,ENSMFAG00000049949
ENSG00000134940,ENSMFAG00000036664
ENSG00000006757,ENSMFAG00000034240
ENSG00000131871,ENSMFAG00000001376
ENSG00000143355,ENSMFAG00000037285
ENSG00000144935,ENSMFAG00000001111
ENSG00000204007,ENSMFAG00000040988
ENSG00000221023,ENSMFAG00000022544
ENSG00000212133,ENSMFAG00000005699
ENSG00000252395,ENSMFAG00000052422
ENSG00000214336,ENSMFAG00000042368
ENSG00000100528,ENSMFAG00000042370
ENSG00000172073,ENSMFAG00000041796
ENSG00000211592,ENSMFAG00000030705
ENSG00000211598,ENSMFAG00000051684
ENSG00000236362,ENSMFAG00000056772
ENSG00000263669,ENSMFAG00000047424
ENSG00000169564,ENSMFAG00000055458
ENSG00000099139,ENSMFAG00000039542
ENSG00000125676,ENSMFAG00000042215
ENSG00000178053,ENSMFAG00000032723
ENSG00000237651,ENSMFAG00000034596
ENSG00000100078,ENSMFAG00000030936
ENSG00000100652,ENSMFAG00000033423
ENSG00000104321,ENSMFAG00000045263
ENSG00000152104,ENSMFAG00000001580
ENSG00000150907,ENSMFAG00000044565
ENSG00000251980,ENSMFAG00000006260
ENSG00000128714,ENSMFAG00000033237
ENSG00000099956,ENSMFAG00000040790
ENSG00000170178,ENSMFAG00000051547
ENSG00000151773,ENSMFAG00000032197
ENSG00000197887,ENSMFAG00000051905
ENSG00000128713,ENSMFAG00000043724
ENSG00000280204,ENSMFAG00000051905
ENSG00000128710,ENSMFAG00000031117
ENSG00000100448,ENSMFAG00000033638
ENSG00000171561,ENSMFAG00000015937
ENSG00000128709,ENSMFAG00000000099
ENSG00000120693,ENSMFAG00000045013
ENSG00000175879,ENSMFAG00000065214
ENSG00000100665,ENSMFAG00000018859
ENSG00000207744,ENSMFAG00000008618
ENSG00000205810,ENSMFAG00000039052
ENSG00000170166,ENSMFAG00000052240
ENSG00000185189,ENSMFAG00000002873
ENSG00000150681,ENSMFAG00000059808
ENSG00000144218,ENSMFAG00000031640
ENSG00000127081,ENSMFAG00000042882
ENSG00000092969,ENSMFAG00000054210
ENSG00000135114,ENSMFAG00000043280
ENSG00000160131,ENSMFAG00000002244
ENSG00000149289,ENSMFAG00000042068
ENSG00000162669,ENSMFAG00000003649
ENSG00000153707,ENSMFAG00000031323
ENSG00000274274,ENSMFAG00000056772
ENSG00000011677,ENSMFAG00000003816
ENSG00000147604,ENSMFAG00000028725
ENSG00000279051,ENSMFAG00000062005
ENSG00000174851,ENSMFAG00000032511
ENSG00000077274,ENSMFAG00000045171
ENSG00000079257,ENSMFAG00000038453
ENSG00000083544,ENSMFAG00000007606
ENSG00000179363,ENSMFAG00000037008
ENSG00000130193,ENSMFAG00000057966
ENSG00000010932,ENSMFAG00000045636
ENSG00000067840,ENSMFAG00000031705
ENSG00000166126,ENSMFAG00000058841
ENSG00000104369,ENSMFAG00000000513
ENSG00000242811,ENSMFAG00000009517
ENSG00000111012,ENSMFAG00000001508
ENSG00000138231,ENSMFAG00000043642
ENSG00000170500,ENSMFAG00000041273
ENSG00000169583,ENSMFAG00000063525
ENSG00000100234,ENSMFAG00000061913
ENSG00000241343,ENSMFAG00000045819
ENSG00000179630,ENSMFAG00000032425
ENSG00000196405,ENSMFAG00000001300
ENSG00000006071,ENSMFAG00000035952
ENSG00000116183,ENSMFAG00000040580
ENSG00000125046,ENSMFAG00000035455
ENSG00000086062,ENSMFAG00000003205
ENSG00000138381,ENSMFAG00000039228
ENSG00000205809,ENSMFAG00000039052
ENSG00000100429,ENSMFAG00000033885
ENSG00000134444,ENSMFAG00000044668
ENSG00000188676,ENSMFAG00000041471
ENSG00000123454,ENSMFAG00000041482
ENSG00000102119,ENSMFAG00000045316
ENSG00000164823,ENSMFAG00000024999
ENSG00000286053,ENSMFAG00000049774
ENSG00000173728,ENSMFAG00000037345
ENSG00000151687,ENSMFAG00000000427
ENSG00000173530,ENSMFAG00000065248
ENSG00000095303,ENSMFAG00000046283
ENSG00000157060,ENSMFAG00000031875
ENSG00000102384,ENSMFAG00000004043
ENSG00000147488,ENSMFAG00000000316
ENSG00000207654,ENSMFAG00000010969
ENSG00000115850,ENSMFAG00000043296
ENSG00000182533,ENSMFAG00000037376
ENSG00000136098,ENSMFAG00000035919
ENSG00000244357,ENSMFAG00000010012
ENSG00000201635,ENSMFAG00000011882
ENSG00000157014,ENSMFAG00000044226
ENSG00000212391,ENSMFAG00000011720
ENSG00000168955,ENSMFAG00000034425
ENSG00000089022,ENSMFAG00000037746
ENSG00000284092,ENSMFAG00000048081
ENSG00000199872,ENSMFAG00000034962
ENSG00000221867,ENSMFAG00000028057
ENSG00000221867,ENSMFAG00000055689
ENSG00000176040,ENSMFAG00000043039
ENSG00000151748,ENSMFAG00000032466
ENSG00000116903,ENSMFAG00000039846
ENSG00000102302,ENSMFAG00000035269
ENSG00000081052,ENSMFAG00000000619
ENSG00000101367,ENSMFAG00000007474
ENSG00000170099,ENSMFAG00000039765
ENSG00000200060,ENSMFAG00000013461
ENSG00000273499,ENSMFAG00000063879
ENSG00000199594,ENSMFAG00000014272
ENSG00000201324,ENSMFAG00000056064
ENSG00000252953,ENSMFAG00000016783
ENSG00000168811,ENSMFAG00000032832
ENSG00000253148,ENSMFAG00000060899
ENSG00000119689,ENSMFAG00000030177
ENSG00000266610,ENSMFAG00000021369
ENSG00000042781,ENSMFAG00000043973
ENSG00000188011,ENSMFAG00000062887
ENSG00000206790,ENSMFAG00000065401
ENSG00000012174,ENSMFAG00000042182
ENSG00000173950,ENSMFAG00000044564
ENSG00000136531,ENSMFAG00000033946
ENSG00000244314,ENSMFAG00000021141
ENSG00000207368,ENSMFAG00000053570
ENSG00000265882,ENSMFAG00000050440
ENSG00000265882,ENSMFAG00000052256
ENSG00000144771,ENSMFAG00000003896
ENSG00000237671,ENSMFAG00000056772
ENSG00000106780,ENSMFAG00000049040
ENSG00000136152,ENSMFAG00000033101
ENSG00000130150,ENSMFAG00000003767
ENSG00000025293,ENSMFAG00000044861
ENSG00000136932,ENSMFAG00000045298
ENSG00000201314,ENSMFAG00000012181
ENSG00000174579,ENSMFAG00000030982
ENSG00000122133,ENSMFAG00000042306
ENSG00000035687,ENSMFAG00000032956
ENSG00000163508,ENSMFAG00000002012
ENSG00000214717,ENSMFAG00000024784
ENSG00000173706,ENSMFAG00000002554
ENSG00000197416,ENSMFAG00000045988
ENSG00000180287,ENSMFAG00000038798
ENSG00000102007,ENSMFAG00000002955
ENSG00000133742,ENSMFAG00000005965
ENSG00000212493,ENSMFAG00000020548
ENSG00000238862,ENSMFAG00000006558
ENSG00000212452,ENSMFAG00000036033
ENSG00000126012,ENSMFAG00000039777
ENSG00000101638,ENSMFAG00000035970
ENSG00000070159,ENSMFAG00000035170
ENSG00000198842,ENSMFAG00000005792
ENSG00000176542,ENSMFAG00000032462
ENSG00000150637,ENSMFAG00000042682
ENSG00000136146,ENSMFAG00000036744
ENSG00000240747,ENSMFAG00000038691
ENSG00000198756,ENSMFAG00000000787
ENSG00000184261,ENSMFAG00000060684
ENSG00000157326,ENSMFAG00000000988
ENSG00000202429,ENSMFAG00000005304
ENSG00000172071,ENSMFAG00000031720
ENSG00000233276,ENSMFAG00000035887
ENSG00000169429,ENSMFAG00000001622
ENSG00000119318,ENSMFAG00000031929
ENSG00000183780,ENSMFAG00000045604
ENSG00000089048,ENSMFAG00000036841
ENSG00000118939,ENSMFAG00000002583
ENSG00000154080,ENSMFAG00000037917
ENSG00000143194,ENSMFAG00000040593
ENSG00000201343,ENSMFAG00000004712
ENSG00000200882,ENSMFAG00000014155
ENSG00000205649,ENSMFAG00000003233
ENSG00000128791,ENSMFAG00000034284
ENSG00000119403,ENSMFAG00000033849
ENSG00000145113,ENSMFAG00000001838
ENSG00000243137,ENSMFAG00000053750
ENSG00000243137,ENSMFAG00000061203
ENSG00000243137,ENSMFAG00000046378
ENSG00000243137,ENSMFAG00000043957
ENSG00000119537,ENSMFAG00000042704
ENSG00000152484,ENSMFAG00000031734
ENSG00000109794,ENSMFAG00000046381
ENSG00000152767,ENSMFAG00000040631
ENSG00000104765,ENSMFAG00000003324
ENSG00000101294,ENSMFAG00000038606
ENSG00000198718,ENSMFAG00000041007
ENSG00000183668,ENSMFAG00000053750
ENSG00000183668,ENSMFAG00000061203
ENSG00000183668,ENSMFAG00000046378
ENSG00000183668,ENSMFAG00000043957
ENSG00000185420,ENSMFAG00000045761
ENSG00000188452,ENSMFAG00000031604
ENSG00000106927,ENSMFAG00000041195
ENSG00000100916,ENSMFAG00000037936
ENSG00000137561,ENSMFAG00000035514
ENSG00000184979,ENSMFAG00000002467
ENSG00000256053,ENSMFAG00000040670
ENSG00000143341,ENSMFAG00000037495
ENSG00000186230,ENSMFAG00000036734
ENSG00000162992,ENSMFAG00000034877
ENSG00000147592,ENSMFAG00000033253
ENSG00000152242,ENSMFAG00000042249
ENSG00000213889,ENSMFAG00000040939
ENSG00000260596,ENSMFAG00000048593
ENSG00000172845,ENSMFAG00000001253
ENSG00000104671,ENSMFAG00000041261
ENSG00000116703,ENSMFAG00000001382
ENSG00000101665,ENSMFAG00000042998
ENSG00000071575,ENSMFAG00000042686
ENSG00000243267,ENSMFAG00000008617
ENSG00000252151,ENSMFAG00000015626
ENSG00000139974,ENSMFAG00000000901
ENSG00000252969,ENSMFAG00000017129
ENSG00000284357,ENSMFAG00000005907
ENSG00000207941,ENSMFAG00000021207
ENSG00000199963,ENSMFAG00000011275
ENSG00000207466,ENSMFAG00000054892
ENSG00000154736,ENSMFAG00000000566
ENSG00000206779,ENSMFAG00000022230
ENSG00000200796,ENSMFAG00000049168
ENSG00000252018,ENSMFAG00000034747
ENSG00000206627,ENSMFAG00000019822
ENSG00000200171,ENSMFAG00000014639
ENSG00000207194,ENSMFAG00000053769
ENSG00000102057,ENSMFAG00000032065
ENSG00000238653,ENSMFAG00000054705
ENSG00000212624,ENSMFAG00000034972
ENSG00000207065,ENSMFAG00000005055
ENSG00000200575,ENSMFAG00000006633
ENSG00000212360,ENSMFAG00000051563
ENSG00000222624,ENSMFAG00000021467
ENSG00000138794,ENSMFAG00000034038
ENSG00000223152,ENSMFAG00000059888
ENSG00000239640,ENSMFAG00000008723
ENSG00000252338,ENSMFAG00000008492
ENSG00000239319,ENSMFAG00000008524
ENSG00000251767,ENSMFAG00000011881
ENSG00000199666,ENSMFAG00000020663
ENSG00000134490,ENSMFAG00000031030
ENSG00000242482,ENSMFAG00000022242
ENSG00000206817,ENSMFAG00000048212
ENSG00000206817,ENSMFAG00000060837
ENSG00000264963,ENSMFAG00000061687
ENSG00000198974,ENSMFAG00000011650
ENSG00000207962,ENSMFAG00000017252
ENSG00000167700,ENSMFAG00000032935
ENSG00000202259,ENSMFAG00000059343
ENSG00000142166,ENSMFAG00000043614
ENSG00000212459,ENSMFAG00000014417
ENSG00000211575,ENSMFAG00000012796
ENSG00000099999,ENSMFAG00000036853
ENSG00000202254,ENSMFAG00000004346
ENSG00000201491,ENSMFAG00000006857
ENSG00000166681,ENSMFAG00000003149
ENSG00000200800,ENSMFAG00000014007
ENSG00000200536,ENSMFAG00000018455
ENSG00000212266,ENSMFAG00000004822
ENSG00000277141,ENSMFAG00000020955
ENSG00000238761,ENSMFAG00000061568
ENSG00000252717,ENSMFAG00000004496
ENSG00000199849,ENSMFAG00000008322
ENSG00000251813,ENSMFAG00000040714
ENSG00000207108,ENSMFAG00000035314
ENSG00000202491,ENSMFAG00000007374
ENSG00000201596,ENSMFAG00000005899
ENSG00000273629,ENSMFAG00000011805
ENSG00000201493,ENSMFAG00000029401
ENSG00000200139,ENSMFAG00000004383
ENSG00000147853,ENSMFAG00000041698
ENSG00000253025,ENSMFAG00000062931
ENSG00000253025,ENSMFAG00000051038
ENSG00000253025,ENSMFAG00000058337
ENSG00000201544,ENSMFAG00000021884
ENSG00000202498,ENSMFAG00000009322
ENSG00000252906,ENSMFAG00000005378
ENSG00000202329,ENSMFAG00000057139
ENSG00000242794,ENSMFAG00000010045
ENSG00000252860,ENSMFAG00000042697
ENSG00000207181,ENSMFAG00000023775
ENSG00000207149,ENSMFAG00000004329
ENSG00000284485,ENSMFAG00000006695
ENSG00000239494,ENSMFAG00000014775
ENSG00000199442,ENSMFAG00000047544
ENSG00000239690,ENSMFAG00000008004
ENSG00000202184,ENSMFAG00000005001
ENSG00000241395,ENSMFAG00000022325
ENSG00000200495,ENSMFAG00000011984
ENSG00000212187,ENSMFAG00000034942
ENSG00000212610,ENSMFAG00000016087
ENSG00000200085,ENSMFAG00000056969
ENSG00000202025,ENSMFAG00000007615
ENSG00000206990,ENSMFAG00000034008
ENSG00000132541,ENSMFAG00000028633
ENSG00000132541,ENSMFAG00000060028
ENSG00000183114,ENSMFAG00000053106
ENSG00000100379,ENSMFAG00000003026
ENSG00000238754,ENSMFAG00000005319
ENSG00000276735,ENSMFAG00000048711
ENSG00000240692,ENSMFAG00000014150
ENSG00000244389,ENSMFAG00000017448
ENSG00000126756,ENSMFAG00000002442
ENSG00000278636,ENSMFAG00000047750
ENSG00000101276,ENSMFAG00000042037
ENSG00000132703,ENSMFAG00000057662
ENSG00000106804,ENSMFAG00000033951
ENSG00000239855,ENSMFAG00000057808
ENSG00000239855,ENSMFAG00000056119
ENSG00000239855,ENSMFAG00000054845
ENSG00000239855,ENSMFAG00000054305
ENSG00000198730,ENSMFAG00000045504
ENSG00000132693,ENSMFAG00000041764
ENSG00000240671,ENSMFAG00000056770
ENSG00000240671,ENSMFAG00000064836
ENSG00000212161,ENSMFAG00000021183
ENSG00000243284,ENSMFAG00000003273
ENSG00000180694,ENSMFAG00000032042
ENSG00000125510,ENSMFAG00000001971
ENSG00000187533,ENSMFAG00000045284
ENSG00000167393,ENSMFAG00000063870
ENSG00000211611,ENSMFAG00000058944
ENSG00000100354,ENSMFAG00000003862
ENSG00000213085,ENSMFAG00000041889
ENSG00000241294,ENSMFAG00000060554
ENSG00000241294,ENSMFAG00000063828
ENSG00000241294,ENSMFAG00000051636
ENSG00000244575,ENSMFAG00000002356
ENSG00000147676,ENSMFAG00000059893
ENSG00000244116,ENSMFAG00000064934
ENSG00000244116,ENSMFAG00000050316
ENSG00000243238,ENSMFAG00000050810
ENSG00000242076,ENSMFAG00000047765
ENSG00000042317,ENSMFAG00000034414
ENSG00000188909,ENSMFAG00000049055
ENSG00000125872,ENSMFAG00000034464
ENSG00000145309,ENSMFAG00000053305
ENSG00000242371,ENSMFAG00000052666
ENSG00000168078,ENSMFAG00000001680
ENSG00000273962,ENSMFAG00000047682
ENSG00000207118,ENSMFAG00000005223
ENSG00000202252,ENSMFAG00000005139
ENSG00000251546,ENSMFAG00000052666
ENSG00000200496,ENSMFAG00000016115
ENSG00000160207,ENSMFAG00000041607
ENSG00000148943,ENSMFAG00000065010
ENSG00000171199,ENSMFAG00000034306
ENSG00000124151,ENSMFAG00000037078
ENSG00000239975,ENSMFAG00000047765
ENSG00000162723,ENSMFAG00000044181
ENSG00000239571,ENSMFAG00000050810
ENSG00000243264,ENSMFAG00000063656
ENSG00000243264,ENSMFAG00000061713
ENSG00000243264,ENSMFAG00000052052
ENSG00000243264,ENSMFAG00000056513
ENSG00000243264,ENSMFAG00000057272
ENSG00000243264,ENSMFAG00000059474
ENSG00000243264,ENSMFAG00000027449
ENSG00000242534,ENSMFAG00000064934
ENSG00000242534,ENSMFAG00000050316
ENSG00000205097,ENSMFAG00000051429
ENSG00000205097,ENSMFAG00000049078
ENSG00000205097,ENSMFAG00000024482
ENSG00000169760,ENSMFAG00000036767
ENSG00000211623,ENSMFAG00000058187
ENSG00000241566,ENSMFAG00000060554
ENSG00000241566,ENSMFAG00000063828
ENSG00000241566,ENSMFAG00000051636
ENSG00000225523,ENSMFAG00000058944
ENSG00000211626,ENSMFAG00000011337
ENSG00000147130,ENSMFAG00000043632
ENSG00000244692,ENSMFAG00000008073
ENSG00000095794,ENSMFAG00000044046
ENSG00000211633,ENSMFAG00000011358
ENSG00000239819,ENSMFAG00000056770
ENSG00000239819,ENSMFAG00000064836
ENSG00000249242,ENSMFAG00000047550
ENSG00000172046,ENSMFAG00000040355
ENSG00000155052,ENSMFAG00000042003
ENSG00000221040,ENSMFAG00000052603
ENSG00000212385,ENSMFAG00000058716
ENSG00000200547,ENSMFAG00000011957
ENSG00000243364,ENSMFAG00000042861
ENSG00000120913,ENSMFAG00000032463
ENSG00000202027,ENSMFAG00000065136
ENSG00000145284,ENSMFAG00000036661
ENSG00000134508,ENSMFAG00000062683
ENSG00000143627,ENSMFAG00000034196
ENSG00000144426,ENSMFAG00000032529
ENSG00000196576,ENSMFAG00000035984
ENSG00000136160,ENSMFAG00000001921
ENSG00000109163,ENSMFAG00000034593
ENSG00000223263,ENSMFAG00000017950
ENSG00000202374,ENSMFAG00000015405
ENSG00000207504,ENSMFAG00000048368
ENSG00000197721,ENSMFAG00000000324
ENSG00000153802,ENSMFAG00000035772
ENSG00000119457,ENSMFAG00000043389
ENSG00000244617,ENSMFAG00000027875
ENSG00000201746,ENSMFAG00000036276
ENSG00000199562,ENSMFAG00000059109
ENSG00000264501,ENSMFAG00000009261
ENSG00000141441,ENSMFAG00000039588
ENSG00000187054,ENSMFAG00000039434
ENSG00000136155,ENSMFAG00000030524
ENSG00000116127,ENSMFAG00000063588
ENSG00000116127,ENSMFAG00000038592
ENSG00000165501,ENSMFAG00000036709
ENSG00000141627,ENSMFAG00000031987
ENSG00000175279,ENSMFAG00000055564
ENSG00000103599,ENSMFAG00000001124
ENSG00000221643,ENSMFAG00000009210
ENSG00000240750,ENSMFAG00000016403
ENSG00000158156,ENSMFAG00000037317
ENSG00000148158,ENSMFAG00000063439
ENSG00000235194,ENSMFAG00000041616
ENSG00000165271,ENSMFAG00000040117
ENSG00000092295,ENSMFAG00000030591
ENSG00000202079,ENSMFAG00000057384
ENSG00000169224,ENSMFAG00000056090
ENSG00000152049,ENSMFAG00000052682
ENSG00000154040,ENSMFAG00000007440
ENSG00000130561,ENSMFAG00000045450
ENSG00000014257,ENSMFAG00000037154
ENSG00000239153,ENSMFAG00000007507
ENSG00000137098,ENSMFAG00000031141
ENSG00000129467,ENSMFAG00000040628
ENSG00000189227,ENSMFAG00000053739
ENSG00000188659,ENSMFAG00000034513
ENSG00000105339,ENSMFAG00000034459
ENSG00000229972,ENSMFAG00000043782
ENSG00000218336,ENSMFAG00000056147
ENSG00000218336,ENSMFAG00000001427
ENSG00000184384,ENSMFAG00000031735
ENSG00000144802,ENSMFAG00000036738
ENSG00000201013,ENSMFAG00000022871
ENSG00000251977,ENSMFAG00000008933
ENSG00000252254,ENSMFAG00000054820
ENSG00000202041,ENSMFAG00000016854
ENSG00000106952,ENSMFAG00000032731
ENSG00000201388,ENSMFAG00000028228
ENSG00000242436,ENSMFAG00000007655
ENSG00000207475,ENSMFAG00000008783
ENSG00000280466,ENSMFAG00000006372
ENSG00000281394,ENSMFAG00000006372
ENSG00000167286,ENSMFAG00000045644
ENSG00000178031,ENSMFAG00000042640
ENSG00000252236,ENSMFAG00000015904
ENSG00000213965,ENSMFAG00000042477
ENSG00000183091,ENSMFAG00000000188
ENSG00000173809,ENSMFAG00000044756
ENSG00000181649,ENSMFAG00000040835
ENSG00000252343,ENSMFAG00000058685
ENSG00000242252,ENSMFAG00000056045
ENSG00000167995,ENSMFAG00000033154
ENSG00000254726,ENSMFAG00000000628
ENSG00000162763,ENSMFAG00000002493
ENSG00000147614,ENSMFAG00000035571
ENSG00000168275,ENSMFAG00000034136
ENSG00000070190,ENSMFAG00000003925
ENSG00000175787,ENSMFAG00000000435
ENSG00000188611,ENSMFAG00000034694
ENSG00000241563,ENSMFAG00000035608
ENSG00000116678,ENSMFAG00000001122
ENSG00000168515,ENSMFAG00000032054
ENSG00000124939,ENSMFAG00000002274
ENSG00000074657,ENSMFAG00000026367
ENSG00000145414,ENSMFAG00000040952
ENSG00000124935,ENSMFAG00000032089
ENSG00000173273,ENSMFAG00000029976
ENSG00000180549,ENSMFAG00000031638
ENSG00000100918,ENSMFAG00000044083
ENSG00000183337,ENSMFAG00000042404
ENSG00000176909,ENSMFAG00000045502
ENSG00000197745,ENSMFAG00000000615
ENSG00000122741,ENSMFAG00000045646
ENSG00000274792,ENSMFAG00000051827
ENSG00000276760,ENSMFAG00000061937
ENSG00000276760,ENSMFAG00000033345
ENSG00000276760,ENSMFAG00000063545
ENSG00000276760,ENSMFAG00000065529
ENSG00000276760,ENSMFAG00000001981
ENSG00000276760,ENSMFAG00000054294
ENSG00000223015,ENSMFAG00000004449
ENSG00000053501,ENSMFAG00000039292
ENSG00000165970,ENSMFAG00000040202
ENSG00000277927,ENSMFAG00000049928
ENSG00000277927,ENSMFAG00000048130
ENSG00000277927,ENSMFAG00000057415
ENSG00000277927,ENSMFAG00000047809
ENSG00000277927,ENSMFAG00000059704
ENSG00000164100,ENSMFAG00000034323
ENSG00000212392,ENSMFAG00000004654
ENSG00000202428,ENSMFAG00000065346
ENSG00000206815,ENSMFAG00000006690
ENSG00000163810,ENSMFAG00000040342
ENSG00000122735,ENSMFAG00000042932
ENSG00000107736,ENSMFAG00000003044
ENSG00000142731,ENSMFAG00000003312
ENSG00000107341,ENSMFAG00000032942
ENSG00000214274,ENSMFAG00000047441
ENSG00000214274,ENSMFAG00000062278
ENSG00000244038,ENSMFAG00000046185
ENSG00000157654,ENSMFAG00000004557
ENSG00000158786,ENSMFAG00000047525
ENSG00000139874,ENSMFAG00000009385
ENSG00000157087,ENSMFAG00000034151
ENSG00000126790,ENSMFAG00000037589
ENSG00000120949,ENSMFAG00000041782
ENSG00000087299,ENSMFAG00000044149
ENSG00000271819,ENSMFAG00000048947
ENSG00000204882,ENSMFAG00000051571
ENSG00000156804,ENSMFAG00000036166
ENSG00000079557,ENSMFAG00000041935
ENSG00000201135,ENSMFAG00000034763
ENSG00000200591,ENSMFAG00000055150
ENSG00000088899,ENSMFAG00000041543
ENSG00000162521,ENSMFAG00000039274
ENSG00000104412,ENSMFAG00000045969
ENSG00000100626,ENSMFAG00000037392
ENSG00000175764,ENSMFAG00000030346
ENSG00000164932,ENSMFAG00000044699
ENSG00000148219,ENSMFAG00000044594
ENSG00000100593,ENSMFAG00000039426
ENSG00000184374,ENSMFAG00000065700
ENSG00000169744,ENSMFAG00000038875
ENSG00000278497,ENSMFAG00000055695
ENSG00000131864,ENSMFAG00000041910
ENSG00000029364,ENSMFAG00000030713
ENSG00000123119,ENSMFAG00000033460
ENSG00000206921,ENSMFAG00000056426
ENSG00000277762,ENSMFAG00000013728
ENSG00000099899,ENSMFAG00000038705
ENSG00000141946,ENSMFAG00000032470
ENSG00000115275,ENSMFAG00000042316
ENSG00000206756,ENSMFAG00000049623
ENSG00000121634,ENSMFAG00000040959
ENSG00000184634,ENSMFAG00000032161
ENSG00000206791,ENSMFAG00000022669
ENSG00000238382,ENSMFAG00000004310
ENSG00000082212,ENSMFAG00000004061
ENSG00000207190,ENSMFAG00000065313
ENSG00000200508,ENSMFAG00000065773
ENSG00000188800,ENSMFAG00000038683
ENSG00000258873,ENSMFAG00000043183
ENSG00000078747,ENSMFAG00000041734
ENSG00000182504,ENSMFAG00000045770
ENSG00000134028,ENSMFAG00000007172
ENSG00000127423,ENSMFAG00000041647
ENSG00000148123,ENSMFAG00000036301
ENSG00000207302,ENSMFAG00000014813
ENSG00000252066,ENSMFAG00000054012
ENSG00000199385,ENSMFAG00000022577
ENSG00000248905,ENSMFAG00000036844
ENSG00000126106,ENSMFAG00000036823
ENSG00000204524,ENSMFAG00000042092
ENSG00000212534,ENSMFAG00000021059
ENSG00000212309,ENSMFAG00000062685
ENSG00000264294,ENSMFAG00000049194
ENSG00000271852,ENSMFAG00000028866
ENSG00000168564,ENSMFAG00000046173
ENSG00000200913,ENSMFAG00000006503
ENSG00000238317,ENSMFAG00000006419
ENSG00000202031,ENSMFAG00000061616
ENSG00000281859,ENSMFAG00000062018
ENSG00000131845,ENSMFAG00000034292
ENSG00000202444,ENSMFAG00000010211
ENSG00000202444,ENSMFAG00000016239
ENSG00000242696,ENSMFAG00000015789
ENSG00000011114,ENSMFAG00000040615
ENSG00000204217,ENSMFAG00000032075
ENSG00000173662,ENSMFAG00000046256
ENSG00000109586,ENSMFAG00000041069
ENSG00000148053,ENSMFAG00000045094
ENSG00000156006,ENSMFAG00000050025
ENSG00000156471,ENSMFAG00000034149
ENSG00000070886,ENSMFAG00000037600
ENSG00000212415,ENSMFAG00000006340
ENSG00000170509,ENSMFAG00000040860
ENSG00000188649,ENSMFAG00000038060
ENSG00000140067,ENSMFAG00000032209
ENSG00000138439,ENSMFAG00000045349
ENSG00000207095,ENSMFAG00000007988
ENSG00000223062,ENSMFAG00000048117
ENSG00000252947,ENSMFAG00000020608
ENSG00000273981,ENSMFAG00000055695
ENSG00000277234,ENSMFAG00000056017
ENSG00000277234,ENSMFAG00000054604
ENSG00000207005,ENSMFAG00000065166
ENSG00000159363,ENSMFAG00000035826
ENSG00000165527,ENSMFAG00000001534
ENSG00000252507,ENSMFAG00000023830
ENSG00000206731,ENSMFAG00000006488
ENSG00000232119,ENSMFAG00000062761
ENSG00000275961,ENSMFAG00000007537
ENSG00000274286,ENSMFAG00000035322
ENSG00000200610,ENSMFAG00000005083
ENSG00000200361,ENSMFAG00000011083
ENSG00000234616,ENSMFAG00000004225
ENSG00000184945,ENSMFAG00000036051
ENSG00000152953,ENSMFAG00000046080
ENSG00000252626,ENSMFAG00000006647
ENSG00000138483,ENSMFAG00000061606
ENSG00000163092,ENSMFAG00000000943
ENSG00000120057,ENSMFAG00000037089
ENSG00000114279,ENSMFAG00000036517
ENSG00000100417,ENSMFAG00000034090
ENSG00000172466,ENSMFAG00000030811
ENSG00000213397,ENSMFAG00000041248
ENSG00000254093,ENSMFAG00000030022
ENSG00000148704,ENSMFAG00000044674
ENSG00000186795,ENSMFAG00000045802
ENSG00000173578,ENSMFAG00000006941
ENSG00000101187,ENSMFAG00000041624
ENSG00000155792,ENSMFAG00000040290
ENSG00000196277,ENSMFAG00000027785
ENSG00000137077,ENSMFAG00000000335
ENSG00000122490,ENSMFAG00000013643
ENSG00000138756,ENSMFAG00000044445
ENSG00000175018,ENSMFAG00000000897
ENSG00000142623,ENSMFAG00000046258
ENSG00000213921,ENSMFAG00000045496
ENSG00000189064,ENSMFAG00000056772
ENSG00000176771,ENSMFAG00000035593
ENSG00000100288,ENSMFAG00000043916
ENSG00000134962,ENSMFAG00000003644
ENSG00000104904,ENSMFAG00000006874
ENSG00000142619,ENSMFAG00000042527
ENSG00000091879,ENSMFAG00000044644
ENSG00000206113,ENSMFAG00000034253
ENSG00000174460,ENSMFAG00000030157
ENSG00000147378,ENSMFAG00000039967
ENSG00000199459,ENSMFAG00000022952
ENSG00000164344,ENSMFAG00000045445
ENSG00000203880,ENSMFAG00000064777
ENSG00000126953,ENSMFAG00000000557
ENSG00000154485,ENSMFAG00000001603
ENSG00000222399,ENSMFAG00000053121
ENSG00000148290,ENSMFAG00000032426
ENSG00000143512,ENSMFAG00000036732
ENSG00000114784,ENSMFAG00000037264
ENSG00000150656,ENSMFAG00000036771
ENSG00000222629,ENSMFAG00000051996
ENSG00000180155,ENSMFAG00000051056
ENSG00000239148,ENSMFAG00000015981
ENSG00000239142,ENSMFAG00000015840
ENSG00000264006,ENSMFAG00000064972
ENSG00000199536,ENSMFAG00000056574
ENSG00000200118,ENSMFAG00000063928
ENSG00000013293,ENSMFAG00000032560
ENSG00000283136,ENSMFAG00000015571
ENSG00000203857,ENSMFAG00000045839
ENSG00000178473,ENSMFAG00000047462
ENSG00000252768,ENSMFAG00000006450
ENSG00000178462,ENSMFAG00000042394
ENSG00000114026,ENSMFAG00000041077
ENSG00000233198,ENSMFAG00000001161
ENSG00000134249,ENSMFAG00000036625
ENSG00000027644,ENSMFAG00000038864
ENSG00000144229,ENSMFAG00000031342
ENSG00000147874,ENSMFAG00000000635
ENSG00000109452,ENSMFAG00000004754
ENSG00000005022,ENSMFAG00000042853
ENSG00000241992,ENSMFAG00000015942
ENSG00000266075,ENSMFAG00000018210
ENSG00000178980,ENSMFAG00000057852
ENSG00000144451,ENSMFAG00000036303
ENSG00000091482,ENSMFAG00000040826
ENSG00000071991,ENSMFAG00000009175
ENSG00000200220,ENSMFAG00000060206
ENSG00000207209,ENSMFAG00000055778
ENSG00000207080,ENSMFAG00000005887
ENSG00000244568,ENSMFAG00000012085
ENSG00000198924,ENSMFAG00000040983
ENSG00000068354,ENSMFAG00000045738
ENSG00000132669,ENSMFAG00000002995
ENSG00000143125,ENSMFAG00000029321
ENSG00000143105,ENSMFAG00000016078
ENSG00000199710,ENSMFAG00000014940
ENSG00000176231,ENSMFAG00000018623
ENSG00000244066,ENSMFAG00000020841
ENSG00000207134,ENSMFAG00000065071
ENSG00000077327,ENSMFAG00000001145
ENSG00000207144,ENSMFAG00000062326
ENSG00000172346,ENSMFAG00000060068
ENSG00000171303,ENSMFAG00000060076
ENSG00000120896,ENSMFAG00000030516
ENSG00000207349,ENSMFAG00000051806
ENSG00000252826,ENSMFAG00000028863
ENSG00000252105,ENSMFAG00000061602
ENSG00000284146,ENSMFAG00000014006
ENSG00000063601,ENSMFAG00000045168
ENSG00000100867,ENSMFAG00000036594
ENSG00000170677,ENSMFAG00000036046
ENSG00000179915,ENSMFAG00000038443
ENSG00000133488,ENSMFAG00000036440
ENSG00000144711,ENSMFAG00000043873
ENSG00000116396,ENSMFAG00000002458
ENSG00000101439,ENSMFAG00000062094
ENSG00000207357,ENSMFAG00000052487
ENSG00000141380,ENSMFAG00000035986
ENSG00000213221,ENSMFAG00000045519
ENSG00000174125,ENSMFAG00000029809
ENSG00000064687,ENSMFAG00000003292
ENSG00000171700,ENSMFAG00000032913
ENSG00000164946,ENSMFAG00000002956
ENSG00000215915,ENSMFAG00000055638
ENSG00000199672,ENSMFAG00000024161
ENSG00000138115,ENSMFAG00000034299
ENSG00000178828,ENSMFAG00000030210
ENSG00000089723,ENSMFAG00000044022
ENSG00000188784,ENSMFAG00000063267
ENSG00000159788,ENSMFAG00000039419
ENSG00000242688,ENSMFAG00000009977
ENSG00000177186,ENSMFAG00000058331
ENSG00000162456,ENSMFAG00000045471
ENSG00000080823,ENSMFAG00000002346
ENSG00000239560,ENSMFAG00000009013
ENSG00000196539,ENSMFAG00000061771
ENSG00000203661,ENSMFAG00000031836
ENSG00000183310,ENSMFAG00000061771
ENSG00000201602,ENSMFAG00000057806
ENSG00000201602,ENSMFAG00000059941
ENSG00000187223,ENSMFAG00000054616
ENSG00000251287,ENSMFAG00000032954
ENSG00000159455,ENSMFAG00000054616
ENSG00000100994,ENSMFAG00000033575
ENSG00000148204,ENSMFAG00000042297
ENSG00000204501,ENSMFAG00000037280
ENSG00000204501,ENSMFAG00000003419
ENSG00000189283,ENSMFAG00000040773
ENSG00000166069,ENSMFAG00000045218
ENSG00000204481,ENSMFAG00000032967
ENSG00000196236,ENSMFAG00000040751
ENSG00000204479,ENSMFAG00000064937
ENSG00000204479,ENSMFAG00000051805
ENSG00000212211,ENSMFAG00000011291
ENSG00000206728,ENSMFAG00000011022
ENSG00000252562,ENSMFAG00000020276
ENSG00000212269,ENSMFAG00000006630
ENSG00000126878,ENSMFAG00000000641
ENSG00000238912,ENSMFAG00000064463
ENSG00000206531,ENSMFAG00000002937
ENSG00000158481,ENSMFAG00000031800
ENSG00000207379,ENSMFAG00000048488
ENSG00000162892,ENSMFAG00000035168
ENSG00000129007,ENSMFAG00000036145
ENSG00000196459,ENSMFAG00000031757
ENSG00000223247,ENSMFAG00000053641
ENSG00000223247,ENSMFAG00000051205
ENSG00000223247,ENSMFAG00000054996
ENSG00000223247,ENSMFAG00000052963
ENSG00000223247,ENSMFAG00000051073
ENSG00000223247,ENSMFAG00000064259
ENSG00000223247,ENSMFAG00000061308
ENSG00000223247,ENSMFAG00000064561
ENSG00000223247,ENSMFAG00000052817
ENSG00000223247,ENSMFAG00000063449
ENSG00000223247,ENSMFAG00000052626
ENSG00000223247,ENSMFAG00000058635
ENSG00000223247,ENSMFAG00000057796
ENSG00000223247,ENSMFAG00000060370
ENSG00000223247,ENSMFAG00000058871
ENSG00000223247,ENSMFAG00000058860
ENSG00000223247,ENSMFAG00000051085
ENSG00000223247,ENSMFAG00000049260
ENSG00000223247,ENSMFAG00000052228
ENSG00000223247,ENSMFAG00000051307
ENSG00000223247,ENSMFAG00000055971
ENSG00000223247,ENSMFAG00000054083
ENSG00000223247,ENSMFAG00000050785
ENSG00000223247,ENSMFAG00000052592
ENSG00000223247,ENSMFAG00000055298
ENSG00000223247,ENSMFAG00000057816
ENSG00000223247,ENSMFAG00000061622
ENSG00000223247,ENSMFAG00000050514
ENSG00000223247,ENSMFAG00000056271
ENSG00000223247,ENSMFAG00000050692
ENSG00000223247,ENSMFAG00000059574
ENSG00000223247,ENSMFAG00000048757
ENSG00000223247,ENSMFAG00000057444
ENSG00000223247,ENSMFAG00000050767
ENSG00000223247,ENSMFAG00000050202
ENSG00000223247,ENSMFAG00000048472
ENSG00000223247,ENSMFAG00000054649
ENSG00000223247,ENSMFAG00000048185
ENSG00000223247,ENSMFAG00000047726
ENSG00000223247,ENSMFAG00000049447
ENSG00000223247,ENSMFAG00000062185
ENSG00000223247,ENSMFAG00000059905
ENSG00000223247,ENSMFAG00000051954
ENSG00000223247,ENSMFAG00000051413
ENSG00000223247,ENSMFAG00000063227
ENSG00000223247,ENSMFAG00000056089
ENSG00000252937,ENSMFAG00000004880
ENSG00000173705,ENSMFAG00000033317
ENSG00000166664,ENSMFAG00000001387
ENSG00000148584,ENSMFAG00000035948
ENSG00000119125,ENSMFAG00000033432
ENSG00000099840,ENSMFAG00000044044
ENSG00000100031,ENSMFAG00000029063
ENSG00000252700,ENSMFAG00000047819
ENSG00000145050,ENSMFAG00000044353
ENSG00000170873,ENSMFAG00000045642
ENSG00000259956,ENSMFAG00000029773
ENSG00000172771,ENSMFAG00000040136
ENSG00000168843,ENSMFAG00000044416
ENSG00000162897,ENSMFAG00000000945
ENSG00000104154,ENSMFAG00000034326
ENSG00000239105,ENSMFAG00000006413
ENSG00000207651,ENSMFAG00000011710
ENSG00000004961,ENSMFAG00000030584
ENSG00000157005,ENSMFAG00000043924
ENSG00000169442,ENSMFAG00000041646
ENSG00000113916,ENSMFAG00000001360
ENSG00000126785,ENSMFAG00000041538
ENSG00000196547,ENSMFAG00000035650
ENSG00000241745,ENSMFAG00000023178
ENSG00000144130,ENSMFAG00000024760
ENSG00000125484,ENSMFAG00000041984
ENSG00000164099,ENSMFAG00000031132
ENSG00000206887,ENSMFAG00000054663
ENSG00000201457,ENSMFAG00000027888
ENSG00000119636,ENSMFAG00000037820
ENSG00000252413,ENSMFAG00000013593
ENSG00000239137,ENSMFAG00000015918
ENSG00000086712,ENSMFAG00000035865
ENSG00000165028,ENSMFAG00000033171
ENSG00000277452,ENSMFAG00000063143
ENSG00000274963,ENSMFAG00000062311
ENSG00000310576,ENSMFAG00000043438
ENSG00000143452,ENSMFAG00000000795
ENSG00000174500,ENSMFAG00000050670
ENSG00000148143,ENSMFAG00000037841
ENSG00000121410,ENSMFAG00000039186
ENSG00000131979,ENSMFAG00000000353
ENSG00000200884,ENSMFAG00000049982
ENSG00000186376,ENSMFAG00000000746
ENSG00000072182,ENSMFAG00000045990
ENSG00000172139,ENSMFAG00000037571
ENSG00000106948,ENSMFAG00000046161
ENSG00000138068,ENSMFAG00000034517
ENSG00000206931,ENSMFAG00000058454
ENSG00000143384,ENSMFAG00000042545
ENSG00000222449,ENSMFAG00000004603
ENSG00000182512,ENSMFAG00000045170
ENSG00000151014,ENSMFAG00000002713
ENSG00000119714,ENSMFAG00000004536
ENSG00000169752,ENSMFAG00000036333
ENSG00000177034,ENSMFAG00000003503
ENSG00000005059,ENSMFAG00000031082
ENSG00000140030,ENSMFAG00000029637
ENSG00000163794,ENSMFAG00000050637
ENSG00000140025,ENSMFAG00000044369
ENSG00000171234,ENSMFAG00000050937
ENSG00000169432,ENSMFAG00000034634
ENSG00000164007,ENSMFAG00000019445
ENSG00000101752,ENSMFAG00000044890
ENSG00000087495,ENSMFAG00000034633
ENSG00000206774,ENSMFAG00000016581
ENSG00000239106,ENSMFAG00000048744
ENSG00000116539,ENSMFAG00000004660
ENSG00000095370,ENSMFAG00000000671
ENSG00000239388,ENSMFAG00000036861
ENSG00000004468,ENSMFAG00000034115
ENSG00000169891,ENSMFAG00000002922
ENSG00000179873,ENSMFAG00000033012
ENSG00000175785,ENSMFAG00000060238
ENSG00000169282,ENSMFAG00000032077
ENSG00000129038,ENSMFAG00000045513
ENSG00000089902,ENSMFAG00000038028
ENSG00000036565,ENSMFAG00000029619
ENSG00000154655,ENSMFAG00000041924
ENSG00000186417,ENSMFAG00000041483
ENSG00000173597,ENSMFAG00000042376
ENSG00000139890,ENSMFAG00000032788
ENSG00000139921,ENSMFAG00000042769
ENSG00000159871,ENSMFAG00000042979
ENSG00000100941,ENSMFAG00000003712
ENSG00000157890,ENSMFAG00000038247
ENSG00000050730,ENSMFAG00000044869
ENSG00000167637,ENSMFAG00000033922
ENSG00000155755,ENSMFAG00000039637
ENSG00000100982,ENSMFAG00000039034
ENSG00000092203,ENSMFAG00000044922
ENSG00000154330,ENSMFAG00000045131
ENSG00000124333,ENSMFAG00000031038
ENSG00000160505,ENSMFAG00000042923
ENSG00000170006,ENSMFAG00000003415
ENSG00000277617,ENSMFAG00000063874
ENSG00000277617,ENSMFAG00000050814
ENSG00000206651,ENSMFAG00000005238
ENSG00000151623,ENSMFAG00000033681
ENSG00000206704,ENSMFAG00000010064
ENSG00000177917,ENSMFAG00000046021
ENSG00000206560,ENSMFAG00000045739
ENSG00000054179,ENSMFAG00000043619
ENSG00000276642,ENSMFAG00000013565
ENSG00000173572,ENSMFAG00000001862
ENSG00000243872,ENSMFAG00000023663
ENSG00000162817,ENSMFAG00000065552
ENSG00000201028,ENSMFAG00000004551
ENSG00000197852,ENSMFAG00000038293
ENSG00000100632,ENSMFAG00000042874
ENSG00000179709,ENSMFAG00000040791
ENSG00000228486,ENSMFAG00000042666
ENSG00000171487,ENSMFAG00000038459
ENSG00000096872,ENSMFAG00000001877
ENSG00000141622,ENSMFAG00000000616
ENSG00000102362,ENSMFAG00000033002
ENSG00000186517,ENSMFAG00000000715
ENSG00000151458,ENSMFAG00000001438
ENSG00000129518,ENSMFAG00000002843
ENSG00000198026,ENSMFAG00000035432
ENSG00000178127,ENSMFAG00000030299
ENSG00000137473,ENSMFAG00000046354
ENSG00000165516,ENSMFAG00000035256
ENSG00000161281,ENSMFAG00000037973
ENSG00000206654,ENSMFAG00000051288
ENSG00000092345,ENSMFAG00000002406
ENSG00000238365,ENSMFAG00000055779
ENSG00000187980,ENSMFAG00000045153
ENSG00000136859,ENSMFAG00000038065
ENSG00000174123,ENSMFAG00000029645
ENSG00000172888,ENSMFAG00000045772
ENSG00000201806,ENSMFAG00000007023
ENSG00000200175,ENSMFAG00000004628
ENSG00000196912,ENSMFAG00000056329
ENSG00000196912,ENSMFAG00000043601
ENSG00000196912,ENSMFAG00000057165
ENSG00000196912,ENSMFAG00000054815
ENSG00000196912,ENSMFAG00000057158
ENSG00000196912,ENSMFAG00000043123
ENSG00000196912,ENSMFAG00000050783
ENSG00000196912,ENSMFAG00000052463
ENSG00000107159,ENSMFAG00000044908
ENSG00000138767,ENSMFAG00000044296
ENSG00000101417,ENSMFAG00000039376
ENSG00000069399,ENSMFAG00000061427
ENSG00000231861,ENSMFAG00000061660
ENSG00000172476,ENSMFAG00000061827
ENSG00000198160,ENSMFAG00000043942
ENSG00000154165,ENSMFAG00000014483
ENSG00000275108,ENSMFAG00000013497
ENSG00000165775,ENSMFAG00000038031
ENSG00000124193,ENSMFAG00000036925
ENSG00000136872,ENSMFAG00000031432
ENSG00000125089,ENSMFAG00000049979
ENSG00000293268,ENSMFAG00000056370
ENSG00000293268,ENSMFAG00000030465
ENSG00000293268,ENSMFAG00000052714
ENSG00000293268,ENSMFAG00000055040
ENSG00000293268,ENSMFAG00000026088
ENSG00000293268,ENSMFAG00000054291
ENSG00000176601,ENSMFAG00000043568
ENSG00000167088,ENSMFAG00000042080
ENSG00000214021,ENSMFAG00000033928
ENSG00000174837,ENSMFAG00000039564
ENSG00000126773,ENSMFAG00000032543
ENSG00000101361,ENSMFAG00000041293
ENSG00000186812,ENSMFAG00000038856
ENSG00000137563,ENSMFAG00000020821
ENSG00000102547,ENSMFAG00000031142
ENSG00000104689,ENSMFAG00000029610
ENSG00000187790,ENSMFAG00000000383
ENSG00000102010,ENSMFAG00000031423
ENSG00000154889,ENSMFAG00000041925
ENSG00000168453,ENSMFAG00000040324
ENSG00000151790,ENSMFAG00000031955
ENSG00000148300,ENSMFAG00000042425
ENSG00000208308,ENSMFAG00000004958
ENSG00000179270,ENSMFAG00000003210
ENSG00000058673,ENSMFAG00000003997
ENSG00000180745,ENSMFAG00000003701
ENSG00000207047,ENSMFAG00000010705
ENSG00000207406,ENSMFAG00000013481
ENSG00000183671,ENSMFAG00000013528
ENSG00000183423,ENSMFAG00000033675
ENSG00000108176,ENSMFAG00000041356
ENSG00000196589,ENSMFAG00000036004
ENSG00000121895,ENSMFAG00000043228
ENSG00000126945,ENSMFAG00000042514
ENSG00000197405,ENSMFAG00000064601
ENSG00000201737,ENSMFAG00000019949
ENSG00000163464,ENSMFAG00000047431
ENSG00000136169,ENSMFAG00000032631
ENSG00000101391,ENSMFAG00000040526
ENSG00000156026,ENSMFAG00000035611
ENSG00000136881,ENSMFAG00000000947
ENSG00000199121,ENSMFAG00000010059
ENSG00000120519,ENSMFAG00000005395
ENSG00000238357,ENSMFAG00000006687
ENSG00000214050,ENSMFAG00000043613
ENSG00000105323,ENSMFAG00000034257
ENSG00000239143,ENSMFAG00000047506
ENSG00000239143,ENSMFAG00000054798
ENSG00000102081,ENSMFAG00000000241
ENSG00000183722,ENSMFAG00000039258
ENSG00000140287,ENSMFAG00000000845
ENSG00000214216,ENSMFAG00000045301
ENSG00000169507,ENSMFAG00000003277
ENSG00000148057,ENSMFAG00000025314
ENSG00000122033,ENSMFAG00000045045
ENSG00000128815,ENSMFAG00000003522
ENSG00000059769,ENSMFAG00000037632
ENSG00000151967,ENSMFAG00000002886
ENSG00000169499,ENSMFAG00000042373
ENSG00000064218,ENSMFAG00000045391
ENSG00000136936,ENSMFAG00000001886
ENSG00000244384,ENSMFAG00000007656
ENSG00000207456,ENSMFAG00000061705
ENSG00000119737,ENSMFAG00000064656
ENSG00000079150,ENSMFAG00000034329
ENSG00000152990,ENSMFAG00000030955
ENSG00000136883,ENSMFAG00000037359
ENSG00000140577,ENSMFAG00000043264
ENSG00000157110,ENSMFAG00000036911
ENSG00000133216,ENSMFAG00000003479
ENSG00000138315,ENSMFAG00000032910
ENSG00000137142,ENSMFAG00000038740
ENSG00000106993,ENSMFAG00000000879
ENSG00000214842,ENSMFAG00000002803
ENSG00000169062,ENSMFAG00000045016
ENSG00000185038,ENSMFAG00000045490
ENSG00000148516,ENSMFAG00000042570
ENSG00000174840,ENSMFAG00000030966
ENSG00000164168,ENSMFAG00000039107
ENSG00000119523,ENSMFAG00000002997
ENSG00000119661,ENSMFAG00000035392
ENSG00000256977,ENSMFAG00000000196
ENSG00000201288,ENSMFAG00000053889
ENSG00000239620,ENSMFAG00000056785
ENSG00000176256,ENSMFAG00000009241
ENSG00000138758,ENSMFAG00000042066
ENSG00000162972,ENSMFAG00000045074
ENSG00000276645,ENSMFAG00000011995
ENSG00000031823,ENSMFAG00000031395
ENSG00000106819,ENSMFAG00000033118
ENSG00000116525,ENSMFAG00000030374
ENSG00000213920,ENSMFAG00000043643
ENSG00000166128,ENSMFAG00000054576
ENSG00000206788,ENSMFAG00000061339
ENSG00000223096,ENSMFAG00000005778
ENSG00000197168,ENSMFAG00000033386
ENSG00000274764,ENSMFAG00000037280
ENSG00000274764,ENSMFAG00000003419
ENSG00000128655,ENSMFAG00000042268
ENSG00000275774,ENSMFAG00000060787
ENSG00000169413,ENSMFAG00000005448
ENSG00000179412,ENSMFAG00000060787
ENSG00000213516,ENSMFAG00000049273
ENSG00000206199,ENSMFAG00000042057
ENSG00000160323,ENSMFAG00000000040
ENSG00000213231,ENSMFAG00000001761
ENSG00000202385,ENSMFAG00000013421
ENSG00000107643,ENSMFAG00000038064
ENSG00000251854,ENSMFAG00000040909
ENSG00000126709,ENSMFAG00000034666
ENSG00000198843,ENSMFAG00000037920
ENSG00000100522,ENSMFAG00000062287
ENSG00000104131,ENSMFAG00000031049
ENSG00000196616,ENSMFAG00000001617
ENSG00000122035,ENSMFAG00000044628
ENSG00000121742,ENSMFAG00000013419
ENSG00000277058,ENSMFAG00000060787
ENSG00000284443,ENSMFAG00000011279
ENSG00000163645,ENSMFAG00000032044
ENSG00000104140,ENSMFAG00000000850
ENSG00000073756,ENSMFAG00000029066
ENSG00000256061,ENSMFAG00000042616
ENSG00000125257,ENSMFAG00000042513
ENSG00000179008,ENSMFAG00000040949
ENSG00000214237,ENSMFAG00000038421
ENSG00000172955,ENSMFAG00000003019
ENSG00000186073,ENSMFAG00000000782
ENSG00000201800,ENSMFAG00000005956
ENSG00000200288,ENSMFAG00000004738
ENSG00000199858,ENSMFAG00000004845
ENSG00000181449,ENSMFAG00000027781
ENSG00000240502,ENSMFAG00000018172
ENSG00000186118,ENSMFAG00000039763
ENSG00000199839,ENSMFAG00000054580
ENSG00000197953,ENSMFAG00000042922
ENSG00000116035,ENSMFAG00000038576
ENSG00000159658,ENSMFAG00000038571
ENSG00000159658,ENSMFAG00000000071
ENSG00000201217,ENSMFAG00000050898
ENSG00000169860,ENSMFAG00000005982
ENSG00000200162,ENSMFAG00000059944
ENSG00000163145,ENSMFAG00000025264
ENSG00000185267,ENSMFAG00000045468
ENSG00000241159,ENSMFAG00000023587
ENSG00000200550,ENSMFAG00000007501
ENSG00000162881,ENSMFAG00000030424
ENSG00000165828,ENSMFAG00000045796
ENSG00000174796,ENSMFAG00000045214
ENSG00000197102,ENSMFAG00000035908
ENSG00000277446,ENSMFAG00000014376
ENSG00000239053,ENSMFAG00000012287
ENSG00000238962,ENSMFAG00000006889
ENSG00000243991,ENSMFAG00000013062
ENSG00000242201,ENSMFAG00000016089
ENSG00000242121,ENSMFAG00000004195
ENSG00000252452,ENSMFAG00000004247
ENSG00000182600,ENSMFAG00000051238
ENSG00000241347,ENSMFAG00000059278
ENSG00000241347,ENSMFAG00000061006
ENSG00000241347,ENSMFAG00000058321
ENSG00000171772,ENSMFAG00000032521
ENSG00000170385,ENSMFAG00000039946
ENSG00000173253,ENSMFAG00000040812
ENSG00000206620,ENSMFAG00000021604
ENSG00000207241,ENSMFAG00000021644
ENSG00000201487,ENSMFAG00000021561
ENSG00000057468,ENSMFAG00000038806
ENSG00000252414,ENSMFAG00000005277
ENSG00000034677,ENSMFAG00000044073
ENSG00000182606,ENSMFAG00000033301
ENSG00000140464,ENSMFAG00000002332
ENSG00000124120,ENSMFAG00000036596
ENSG00000150471,ENSMFAG00000039672
ENSG00000207303,ENSMFAG00000058440
ENSG00000207139,ENSMFAG00000064338
ENSG00000265201,ENSMFAG00000006097
ENSG00000167157,ENSMFAG00000061112
ENSG00000144010,ENSMFAG00000051720
ENSG00000144010,ENSMFAG00000048989
ENSG00000166272,ENSMFAG00000042677
ENSG00000186638,ENSMFAG00000041854
ENSG00000206970,ENSMFAG00000056782
ENSG00000117020,ENSMFAG00000033261
ENSG00000247626,ENSMFAG00000012275
ENSG00000121966,ENSMFAG00000037063
ENSG00000150201,ENSMFAG00000001031
ENSG00000083307,ENSMFAG00000032722
ENSG00000165072,ENSMFAG00000035807
ENSG00000251905,ENSMFAG00000012659
ENSG00000178904,ENSMFAG00000043628
ENSG00000197177,ENSMFAG00000059950
ENSG00000207225,ENSMFAG00000052068
ENSG00000207161,ENSMFAG00000006025
ENSG00000147647,ENSMFAG00000037174
ENSG00000256671,ENSMFAG00000000196
ENSG00000155886,ENSMFAG00000031682
ENSG00000187908,ENSMFAG00000003903
ENSG00000163599,ENSMFAG00000004047
ENSG00000130706,ENSMFAG00000042099
ENSG00000185565,ENSMFAG00000037703
ENSG00000131269,ENSMFAG00000041203
ENSG00000243359,ENSMFAG00000010883
ENSG00000136688,ENSMFAG00000042196
ENSG00000206889,ENSMFAG00000048990
ENSG00000105518,ENSMFAG00000035635
ENSG00000155158,ENSMFAG00000002246
ENSG00000136694,ENSMFAG00000031039
ENSG00000134086,ENSMFAG00000061328
ENSG00000136697,ENSMFAG00000050256
ENSG00000136689,ENSMFAG00000031381
ENSG00000198912,ENSMFAG00000043364
ENSG00000102802,ENSMFAG00000035649
ENSG00000105370,ENSMFAG00000032134
ENSG00000134775,ENSMFAG00000041697
ENSG00000181467,ENSMFAG00000006078
ENSG00000188243,ENSMFAG00000045742
ENSG00000189306,ENSMFAG00000058776
ENSG00000265813,ENSMFAG00000016181
ENSG00000206595,ENSMFAG00000056005
ENSG00000252032,ENSMFAG00000014739
ENSG00000207323,ENSMFAG00000004573
ENSG00000183813,ENSMFAG00000016035
ENSG00000239794,ENSMFAG00000014942
ENSG00000156876,ENSMFAG00000039091
ENSG00000136695,ENSMFAG00000056041
ENSG00000170266,ENSMFAG00000005291
ENSG00000164983,ENSMFAG00000059304
ENSG00000197857,ENSMFAG00000043810
ENSG00000137076,ENSMFAG00000043244
ENSG00000172379,ENSMFAG00000001849
ENSG00000207750,ENSMFAG00000053503
ENSG00000102710,ENSMFAG00000031911
ENSG00000114993,ENSMFAG00000045464
ENSG00000147588,ENSMFAG00000044728
ENSG00000164089,ENSMFAG00000031575
ENSG00000137948,ENSMFAG00000044939
ENSG00000183172,ENSMFAG00000044573
ENSG00000181007,ENSMFAG00000022094
ENSG00000174429,ENSMFAG00000057764
ENSG00000131116,ENSMFAG00000034659
ENSG00000124164,ENSMFAG00000034610
ENSG00000100439,ENSMFAG00000001529
ENSG00000188167,ENSMFAG00000061512
ENSG00000275090,ENSMFAG00000056086
ENSG00000163958,ENSMFAG00000001569
ENSG00000155090,ENSMFAG00000036189
ENSG00000254505,ENSMFAG00000003053
ENSG00000254505,ENSMFAG00000056799
ENSG00000115267,ENSMFAG00000003848
ENSG00000149654,ENSMFAG00000039782
ENSG00000222335,ENSMFAG00000006782
ENSG00000169136,ENSMFAG00000047390
ENSG00000188282,ENSMFAG00000032847
ENSG00000145107,ENSMFAG00000001963
ENSG00000197275,ENSMFAG00000031629
ENSG00000100523,ENSMFAG00000036353
ENSG00000212146,ENSMFAG00000055896
ENSG00000101335,ENSMFAG00000000687
ENSG00000204335,ENSMFAG00000053753
ENSG00000198466,ENSMFAG00000044928
ENSG00000222509,ENSMFAG00000047458
ENSG00000204334,ENSMFAG00000045253
ENSG00000169926,ENSMFAG00000043427
ENSG00000131941,ENSMFAG00000043323
ENSG00000100151,ENSMFAG00000003832
ENSG00000188647,ENSMFAG00000039090
ENSG00000103569,ENSMFAG00000039733
ENSG00000147394,ENSMFAG00000036826
ENSG00000109458,ENSMFAG00000044011
ENSG00000125520,ENSMFAG00000039964
ENSG00000251718,ENSMFAG00000054005
ENSG00000155827,ENSMFAG00000041595
ENSG00000239899,ENSMFAG00000054674
ENSG00000169618,ENSMFAG00000043932
ENSG00000163219,ENSMFAG00000001418
ENSG00000130303,ENSMFAG00000002669
ENSG00000140505,ENSMFAG00000001260
ENSG00000025800,ENSMFAG00000000429
ENSG00000140396,ENSMFAG00000017985
ENSG00000167754,ENSMFAG00000004023
ENSG00000029559,ENSMFAG00000029098
ENSG00000173320,ENSMFAG00000044376
ENSG00000206680,ENSMFAG00000005961
ENSG00000207523,ENSMFAG00000020467
ENSG00000207022,ENSMFAG00000009694
ENSG00000101017,ENSMFAG00000032922
ENSG00000252121,ENSMFAG00000065036
ENSG00000239710,ENSMFAG00000008260
ENSG00000138379,ENSMFAG00000027935
ENSG00000140522,ENSMFAG00000036414
ENSG00000178177,ENSMFAG00000043664
ENSG00000252752,ENSMFAG00000005989
ENSG00000251837,ENSMFAG00000004236
ENSG00000251914,ENSMFAG00000048241
ENSG00000129566,ENSMFAG00000001130
ENSG00000165238,ENSMFAG00000031335
ENSG00000125630,ENSMFAG00000032912
ENSG00000117298,ENSMFAG00000043294
ENSG00000140280,ENSMFAG00000001285
ENSG00000164070,ENSMFAG00000003170
ENSG00000166716,ENSMFAG00000033727
ENSG00000101384,ENSMFAG00000033249
ENSG00000136371,ENSMFAG00000033383
ENSG00000138867,ENSMFAG00000034092
ENSG00000138162,ENSMFAG00000037369
ENSG00000105374,ENSMFAG00000035342
ENSG00000128917,ENSMFAG00000036797
ENSG00000167654,ENSMFAG00000002982
ENSG00000145147,ENSMFAG00000000096
ENSG00000206592,ENSMFAG00000004791
ENSG00000207391,ENSMFAG00000051383
ENSG00000277818,ENSMFAG00000023900
ENSG00000081014,ENSMFAG00000045764
ENSG00000178395,ENSMFAG00000045104
ENSG00000206835,ENSMFAG00000051052
ENSG00000162620,ENSMFAG00000042954
ENSG00000158497,ENSMFAG00000004056
ENSG00000015475,ENSMFAG00000045106
ENSG00000198003,ENSMFAG00000039037
ENSG00000187024,ENSMFAG00000001700
ENSG00000207383,ENSMFAG00000059139
ENSG00000125611,ENSMFAG00000044931
ENSG00000162621,ENSMFAG00000038246
ENSG00000178965,ENSMFAG00000036577
ENSG00000134046,ENSMFAG00000030736
ENSG00000240183,ENSMFAG00000008688
ENSG00000165275,ENSMFAG00000032455
ENSG00000199687,ENSMFAG00000030505
ENSG00000204577,ENSMFAG00000040912
ENSG00000101333,ENSMFAG00000034037
ENSG00000129474,ENSMFAG00000055086
ENSG00000101596,ENSMFAG00000038628
ENSG00000163803,ENSMFAG00000036595
ENSG00000161010,ENSMFAG00000040511
ENSG00000053770,ENSMFAG00000036074
ENSG00000243708,ENSMFAG00000035750
ENSG00000137801,ENSMFAG00000033011
ENSG00000180008,ENSMFAG00000056239
ENSG00000201321,ENSMFAG00000050933
ENSG00000201321,ENSMFAG00000053772
ENSG00000202257,ENSMFAG00000051156
ENSG00000202257,ENSMFAG00000063593
ENSG00000202257,ENSMFAG00000058334
ENSG00000104435,ENSMFAG00000003646
ENSG00000196642,ENSMFAG00000043136
ENSG00000079134,ENSMFAG00000041520
ENSG00000080824,ENSMFAG00000037140
ENSG00000140368,ENSMFAG00000041249
ENSG00000252202,ENSMFAG00000010663
ENSG00000178860,ENSMFAG00000049214
ENSG00000100422,ENSMFAG00000045987
ENSG00000155897,ENSMFAG00000000140
ENSG00000147065,ENSMFAG00000003717
ENSG00000164106,ENSMFAG00000038499
ENSG00000151612,ENSMFAG00000038497
ENSG00000163806,ENSMFAG00000037499
ENSG00000188921,ENSMFAG00000059691
ENSG00000157303,ENSMFAG00000043593
ENSG00000169490,ENSMFAG00000038805
ENSG00000131089,ENSMFAG00000001080
ENSG00000264994,ENSMFAG00000007969
ENSG00000265145,ENSMFAG00000008003
ENSG00000222224,ENSMFAG00000011398
ENSG00000265706,ENSMFAG00000007932
ENSG00000188493,ENSMFAG00000003269
ENSG00000239605,ENSMFAG00000028787
ENSG00000100376,ENSMFAG00000032639
ENSG00000177182,ENSMFAG00000035625
ENSG00000148408,ENSMFAG00000006760
ENSG00000148408,ENSMFAG00000049975
ENSG00000134030,ENSMFAG00000037903
ENSG00000135905,ENSMFAG00000037782
ENSG00000160007,ENSMFAG00000041192
ENSG00000147596,ENSMFAG00000044991
ENSG00000103769,ENSMFAG00000000699
ENSG00000100483,ENSMFAG00000033945
ENSG00000147601,ENSMFAG00000000674
ENSG00000119705,ENSMFAG00000042960
ENSG00000171766,ENSMFAG00000003046
ENSG00000088926,ENSMFAG00000041711
ENSG00000176853,ENSMFAG00000000206
ENSG00000175985,ENSMFAG00000001248
ENSG00000172590,ENSMFAG00000000620
ENSG00000243811,ENSMFAG00000048585
ENSG00000183963,ENSMFAG00000040512
ENSG00000206866,ENSMFAG00000004533
ENSG00000160161,ENSMFAG00000064577
ENSG00000238719,ENSMFAG00000061506
ENSG00000205639,ENSMFAG00000031201
ENSG00000177943,ENSMFAG00000000794
ENSG00000023608,ENSMFAG00000043540
ENSG00000161016,ENSMFAG00000032554
ENSG00000103740,ENSMFAG00000034157
ENSG00000163026,ENSMFAG00000031254
ENSG00000197408,ENSMFAG00000037028
ENSG00000222940,ENSMFAG00000004790
ENSG00000119782,ENSMFAG00000003240
ENSG00000170270,ENSMFAG00000039722
ENSG00000177994,ENSMFAG00000002665
ENSG00000104881,ENSMFAG00000056756
ENSG00000092201,ENSMFAG00000035729
ENSG00000092201,ENSMFAG00000058859
ENSG00000080644,ENSMFAG00000002440
ENSG00000109265,ENSMFAG00000001807
ENSG00000289731,ENSMFAG00000054562
ENSG00000214595,ENSMFAG00000044453
ENSG00000165060,ENSMFAG00000041923
ENSG00000101670,ENSMFAG00000038227
ENSG00000155629,ENSMFAG00000046259
ENSG00000185442,ENSMFAG00000002626
ENSG00000275229,ENSMFAG00000061602
ENSG00000184260,ENSMFAG00000005216
ENSG00000184270,ENSMFAG00000054389
ENSG00000176101,ENSMFAG00000003411
ENSG00000201032,ENSMFAG00000005995
ENSG00000170088,ENSMFAG00000039396
ENSG00000156795,ENSMFAG00000045125
ENSG00000196990,ENSMFAG00000042458
ENSG00000116852,ENSMFAG00000039907
ENSG00000134146,ENSMFAG00000002826
ENSG00000200086,ENSMFAG00000034004
ENSG00000200086,ENSMFAG00000059193
ENSG00000200563,ENSMFAG00000004589
ENSG00000144233,ENSMFAG00000044626
ENSG00000168884,ENSMFAG00000003617
ENSG00000078142,ENSMFAG00000003777
ENSG00000186130,ENSMFAG00000009223
ENSG00000138604,ENSMFAG00000045812
ENSG00000108242,ENSMFAG00000058429
ENSG00000156052,ENSMFAG00000003921
ENSG00000145242,ENSMFAG00000002837
ENSG00000183741,ENSMFAG00000062247
ENSG00000213996,ENSMFAG00000006917
ENSG00000177108,ENSMFAG00000061033
ENSG00000241524,ENSMFAG00000019169
ENSG00000201076,ENSMFAG00000007289
ENSG00000157734,ENSMFAG00000042949
ENSG00000165997,ENSMFAG00000059466
ENSG00000134330,ENSMFAG00000039055
ENSG00000027001,ENSMFAG00000002942
ENSG00000008735,ENSMFAG00000001692
ENSG00000100697,ENSMFAG00000002987
ENSG00000165650,ENSMFAG00000037170
ENSG00000089289,ENSMFAG00000037720
ENSG00000089289,ENSMFAG00000027071
ENSG00000071894,ENSMFAG00000064354
ENSG00000165115,ENSMFAG00000041308
ENSG00000167173,ENSMFAG00000043358
ENSG00000188993,ENSMFAG00000035332
ENSG00000188293,ENSMFAG00000057751
ENSG00000151468,ENSMFAG00000033481
ENSG00000035720,ENSMFAG00000000570
ENSG00000083807,ENSMFAG00000029058
ENSG00000167216,ENSMFAG00000029779
ENSG00000201910,ENSMFAG00000014203
ENSG00000137441,ENSMFAG00000053131
ENSG00000166035,ENSMFAG00000034000
ENSG00000151150,ENSMFAG00000033458
ENSG00000151150,ENSMFAG00000047239
ENSG00000196782,ENSMFAG00000044421
ENSG00000179222,ENSMFAG00000039711
ENSG00000168916,ENSMFAG00000043739
ENSG00000163395,ENSMFAG00000045449
ENSG00000109158,ENSMFAG00000032339
ENSG00000200034,ENSMFAG00000007049
ENSG00000130203,ENSMFAG00000042185
ENSG00000264676,ENSMFAG00000058887
ENSG00000207049,ENSMFAG00000056172
ENSG00000168505,ENSMFAG00000031863
ENSG00000200745,ENSMFAG00000030542
ENSG00000137054,ENSMFAG00000045465
ENSG00000197057,ENSMFAG00000003247
ENSG00000157985,ENSMFAG00000050981
ENSG00000157985,ENSMFAG00000038629
ENSG00000199959,ENSMFAG00000009552
ENSG00000203943,ENSMFAG00000058168
ENSG00000166479,ENSMFAG00000003421
ENSG00000074266,ENSMFAG00000045418
ENSG00000109189,ENSMFAG00000041158
ENSG00000185340,ENSMFAG00000038791
ENSG00000139746,ENSMFAG00000044633
ENSG00000223306,ENSMFAG00000035079
ENSG00000143768,ENSMFAG00000039504
ENSG00000130518,ENSMFAG00000042967
ENSG00000148308,ENSMFAG00000041901
ENSG00000254858,ENSMFAG00000041586
ENSG00000165782,ENSMFAG00000039203
ENSG00000163293,ENSMFAG00000003735
ENSG00000141433,ENSMFAG00000050015
ENSG00000063322,ENSMFAG00000044241
ENSG00000187010,ENSMFAG00000042317
ENSG00000109193,ENSMFAG00000046267
ENSG00000237440,ENSMFAG00000061876
ENSG00000141642,ENSMFAG00000004789
ENSG00000171951,ENSMFAG00000060822
ENSG00000169271,ENSMFAG00000030683
ENSG00000105609,ENSMFAG00000043859
ENSG00000164283,ENSMFAG00000045186
ENSG00000153563,ENSMFAG00000028439
ENSG00000129493,ENSMFAG00000031414
ENSG00000185721,ENSMFAG00000038637
ENSG00000113088,ENSMFAG00000033984
ENSG00000101745,ENSMFAG00000034700
ENSG00000207229,ENSMFAG00000013033
ENSG00000145649,ENSMFAG00000057990
ENSG00000164287,ENSMFAG00000043474
ENSG00000184937,ENSMFAG00000030746
ENSG00000198983,ENSMFAG00000007557
ENSG00000207728,ENSMFAG00000010118
ENSG00000234602,ENSMFAG00000063476
ENSG00000137809,ENSMFAG00000001090
ENSG00000171564,ENSMFAG00000045146
ENSG00000185013,ENSMFAG00000002988
ENSG00000085415,ENSMFAG00000005165
ENSG00000233757,ENSMFAG00000042935
ENSG00000187833,ENSMFAG00000033227
ENSG00000173699,ENSMFAG00000027180
ENSG00000133980,ENSMFAG00000011666
ENSG00000100836,ENSMFAG00000031355
ENSG00000171817,ENSMFAG00000039415
ENSG00000238698,ENSMFAG00000023843
ENSG00000206951,ENSMFAG00000056525
ENSG00000169758,ENSMFAG00000027682
ENSG00000056050,ENSMFAG00000038736
ENSG00000115760,ENSMFAG00000008985
ENSG00000183955,ENSMFAG00000002095
ENSG00000145476,ENSMFAG00000040590
ENSG00000198538,ENSMFAG00000053638
ENSG00000100280,ENSMFAG00000039960
ENSG00000265681,ENSMFAG00000042744
ENSG00000127666,ENSMFAG00000036705
ENSG00000161270,ENSMFAG00000042644
ENSG00000179331,ENSMFAG00000043510
ENSG00000200855,ENSMFAG00000034780
ENSG00000155275,ENSMFAG00000025459
ENSG00000168209,ENSMFAG00000033307
ENSG00000100804,ENSMFAG00000040803
ENSG00000151224,ENSMFAG00000038544
ENSG00000139597,ENSMFAG00000002717
ENSG00000207578,ENSMFAG00000013896
ENSG00000206997,ENSMFAG00000005316
ENSG00000164294,ENSMFAG00000049212
ENSG00000124406,ENSMFAG00000038620
ENSG00000164902,ENSMFAG00000049514
ENSG00000113494,ENSMFAG00000039749
ENSG00000077420,ENSMFAG00000044592
ENSG00000136156,ENSMFAG00000036817
ENSG00000258289,ENSMFAG00000065222
ENSG00000136930,ENSMFAG00000002588
ENSG00000212140,ENSMFAG00000051610
ENSG00000212140,ENSMFAG00000055172
ENSG00000212140,ENSMFAG00000065822
ENSG00000212140,ENSMFAG00000056102
ENSG00000189377,ENSMFAG00000050563
ENSG00000151327,ENSMFAG00000062033
ENSG00000202160,ENSMFAG00000015677
ENSG00000238371,ENSMFAG00000058418
ENSG00000243541,ENSMFAG00000019605
ENSG00000105697,ENSMFAG00000034420
ENSG00000212581,ENSMFAG00000016155
ENSG00000188738,ENSMFAG00000045058
ENSG00000152782,ENSMFAG00000032016
ENSG00000102531,ENSMFAG00000032790
ENSG00000178229,ENSMFAG00000044239
ENSG00000128881,ENSMFAG00000001520
ENSG00000165807,ENSMFAG00000000284
ENSG00000197487,ENSMFAG00000036569
ENSG00000144410,ENSMFAG00000062349
ENSG00000138193,ENSMFAG00000020572
ENSG00000182307,ENSMFAG00000031328
ENSG00000100220,ENSMFAG00000034419
ENSG00000167644,ENSMFAG00000042648
ENSG00000183733,ENSMFAG00000043252
ENSG00000165233,ENSMFAG00000036852
ENSG00000081181,ENSMFAG00000000946
ENSG00000152672,ENSMFAG00000002173
ENSG00000197647,ENSMFAG00000039684
ENSG00000116031,ENSMFAG00000002023
ENSG00000137821,ENSMFAG00000035613
ENSG00000139977,ENSMFAG00000038073
ENSG00000196597,ENSMFAG00000003714
ENSG00000144043,ENSMFAG00000041883
ENSG00000205744,ENSMFAG00000031978
ENSG00000100568,ENSMFAG00000032953
ENSG00000202141,ENSMFAG00000048423
ENSG00000221498,ENSMFAG00000016493
ENSG00000228623,ENSMFAG00000008648
ENSG00000162999,ENSMFAG00000034205
ENSG00000044459,ENSMFAG00000038531
ENSG00000081041,ENSMFAG00000044905
ENSG00000275588,ENSMFAG00000051894
ENSG00000199964,ENSMFAG00000015140
ENSG00000252892,ENSMFAG00000011173
ENSG00000272025,ENSMFAG00000021984
ENSG00000259916,ENSMFAG00000031174
ENSG00000171557,ENSMFAG00000002159
ENSG00000157227,ENSMFAG00000038289
ENSG00000207087,ENSMFAG00000062826
ENSG00000252934,ENSMFAG00000012524
ENSG00000178021,ENSMFAG00000054972
ENSG00000119650,ENSMFAG00000033645
ENSG00000165689,ENSMFAG00000040249
ENSG00000100284,ENSMFAG00000002824
ENSG00000196199,ENSMFAG00000033341
ENSG00000041353,ENSMFAG00000002806
ENSG00000079308,ENSMFAG00000041004
ENSG00000099812,ENSMFAG00000020327
ENSG00000135077,ENSMFAG00000036143
ENSG00000109819,ENSMFAG00000000534
ENSG00000067082,ENSMFAG00000040602
ENSG00000184990,ENSMFAG00000036228
ENSG00000154845,ENSMFAG00000041605
ENSG00000164307,ENSMFAG00000043440
ENSG00000139496,ENSMFAG00000042591
ENSG00000199840,ENSMFAG00000013052
ENSG00000266160,ENSMFAG00000011746
ENSG00000151532,ENSMFAG00000048356
ENSG00000185681,ENSMFAG00000035428
ENSG00000126814,ENSMFAG00000002940
ENSG00000140285,ENSMFAG00000064609
ENSG00000133985,ENSMFAG00000052601
ENSG00000119383,ENSMFAG00000036348
ENSG00000152455,ENSMFAG00000031495
ENSG00000166091,ENSMFAG00000030275
ENSG00000246922,ENSMFAG00000042428
ENSG00000166923,ENSMFAG00000065206
ENSG00000101199,ENSMFAG00000045918
ENSG00000120054,ENSMFAG00000007369
ENSG00000187758,ENSMFAG00000039788
ENSG00000251750,ENSMFAG00000005760
ENSG00000172349,ENSMFAG00000032017
ENSG00000184007,ENSMFAG00000038041
ENSG00000165471,ENSMFAG00000032115
ENSG00000100211,ENSMFAG00000041976
ENSG00000100526,ENSMFAG00000045970
ENSG00000166275,ENSMFAG00000044610
ENSG00000105248,ENSMFAG00000059349
ENSG00000152785,ENSMFAG00000062109
ENSG00000165476,ENSMFAG00000030436
ENSG00000173083,ENSMFAG00000030543
ENSG00000214212,ENSMFAG00000003956
ENSG00000121753,ENSMFAG00000028460
ENSG00000168621,ENSMFAG00000047234
ENSG00000145545,ENSMFAG00000002749
ENSG00000166704,ENSMFAG00000034544
ENSG00000197563,ENSMFAG00000043496
ENSG00000145604,ENSMFAG00000030476
ENSG00000179284,ENSMFAG00000033697
ENSG00000014919,ENSMFAG00000044256
ENSG00000255974,ENSMFAG00000043489
ENSG00000255974,ENSMFAG00000037343
ENSG00000255974,ENSMFAG00000032459
ENSG00000255974,ENSMFAG00000042150
ENSG00000181090,ENSMFAG00000030770
ENSG00000265190,ENSMFAG00000001776
ENSG00000161179,ENSMFAG00000041506
ENSG00000134830,ENSMFAG00000064310
ENSG00000197838,ENSMFAG00000043489
ENSG00000197838,ENSMFAG00000037343
ENSG00000197838,ENSMFAG00000032459
ENSG00000197838,ENSMFAG00000042150
ENSG00000138109,ENSMFAG00000005983
ENSG00000100320,ENSMFAG00000031994
ENSG00000178343,ENSMFAG00000030992
ENSG00000184178,ENSMFAG00000042186
ENSG00000153902,ENSMFAG00000042528
ENSG00000198498,ENSMFAG00000043577
ENSG00000198498,ENSMFAG00000025537
ENSG00000198498,ENSMFAG00000039409
ENSG00000089094,ENSMFAG00000037613
ENSG00000089094,ENSMFAG00000058549
ENSG00000188917,ENSMFAG00000045550
ENSG00000138593,ENSMFAG00000001802
ENSG00000121207,ENSMFAG00000029235
ENSG00000125375,ENSMFAG00000042085
ENSG00000162745,ENSMFAG00000040313
ENSG00000187862,ENSMFAG00000036161
ENSG00000070808,ENSMFAG00000004062
ENSG00000129451,ENSMFAG00000044030
ENSG00000162891,ENSMFAG00000031534
ENSG00000152804,ENSMFAG00000055118
ENSG00000198589,ENSMFAG00000003797
ENSG00000175874,ENSMFAG00000043737
ENSG00000129521,ENSMFAG00000036942
ENSG00000137976,ENSMFAG00000039951
ENSG00000198128,ENSMFAG00000048986
ENSG00000099804,ENSMFAG00000062474
ENSG00000171180,ENSMFAG00000021769
ENSG00000204505,ENSMFAG00000037280
ENSG00000204505,ENSMFAG00000003419
ENSG00000177151,ENSMFAG00000056659
ENSG00000177151,ENSMFAG00000055467
ENSG00000180708,ENSMFAG00000043334
ENSG00000162775,ENSMFAG00000029929
ENSG00000092140,ENSMFAG00000033929
ENSG00000104147,ENSMFAG00000041896
ENSG00000179023,ENSMFAG00000038781
ENSG00000173171,ENSMFAG00000043641
ENSG00000188375,ENSMFAG00000061100
ENSG00000238788,ENSMFAG00000047483
ENSG00000148702,ENSMFAG00000037647
ENSG00000252421,ENSMFAG00000047413
ENSG00000200250,ENSMFAG00000004734
ENSG00000137818,ENSMFAG00000000366
ENSG00000170075,ENSMFAG00000045614
ENSG00000159409,ENSMFAG00000040182
ENSG00000130649,ENSMFAG00000044389
ENSG00000174442,ENSMFAG00000036529
ENSG00000158169,ENSMFAG00000034968
ENSG00000178796,ENSMFAG00000042291
ENSG00000119596,ENSMFAG00000034471
ENSG00000143436,ENSMFAG00000000874
ENSG00000075891,ENSMFAG00000041514
ENSG00000115956,ENSMFAG00000054603
ENSG00000143450,ENSMFAG00000000682
ENSG00000128203,ENSMFAG00000034309
ENSG00000100442,ENSMFAG00000058869
ENSG00000100442,ENSMFAG00000000044
ENSG00000100412,ENSMFAG00000043571
ENSG00000213171,ENSMFAG00000029272
ENSG00000181577,ENSMFAG00000059266
ENSG00000080189,ENSMFAG00000042038
ENSG00000186226,ENSMFAG00000013553
ENSG00000186226,ENSMFAG00000056854
ENSG00000186226,ENSMFAG00000058045
ENSG00000186226,ENSMFAG00000055625
ENSG00000116819,ENSMFAG00000036191
ENSG00000054690,ENSMFAG00000038266
ENSG00000182389,ENSMFAG00000044631
ENSG00000186603,ENSMFAG00000059276
ENSG00000107742,ENSMFAG00000038445
ENSG00000037749,ENSMFAG00000002609
ENSG00000154429,ENSMFAG00000033596
ENSG00000184216,ENSMFAG00000042818
ENSG00000125485,ENSMFAG00000036342
ENSG00000274266,ENSMFAG00000012239
ENSG00000200087,ENSMFAG00000012208
ENSG00000221539,ENSMFAG00000030141
ENSG00000278274,ENSMFAG00000004284
ENSG00000273544,ENSMFAG00000004500
ENSG00000273544,ENSMFAG00000004531
ENSG00000280498,ENSMFAG00000021821
ENSG00000188060,ENSMFAG00000060532
ENSG00000164327,ENSMFAG00000032530
ENSG00000277758,ENSMFAG00000003742
ENSG00000243480,ENSMFAG00000037558
ENSG00000138311,ENSMFAG00000044758
ENSG00000277075,ENSMFAG00000063381
ENSG00000240374,ENSMFAG00000007954
ENSG00000151151,ENSMFAG00000049732
ENSG00000242764,ENSMFAG00000021596
ENSG00000223001,ENSMFAG00000009521
ENSG00000201317,ENSMFAG00000024424
ENSG00000146278,ENSMFAG00000046306
ENSG00000187701,ENSMFAG00000049847
ENSG00000100911,ENSMFAG00000039077
ENSG00000203757,ENSMFAG00000060908
ENSG00000264017,ENSMFAG00000009614
ENSG00000152766,ENSMFAG00000042098
ENSG00000154548,ENSMFAG00000048779
ENSG00000148730,ENSMFAG00000000143
ENSG00000197591,ENSMFAG00000044331
ENSG00000162722,ENSMFAG00000061989
ENSG00000107560,ENSMFAG00000000822
ENSG00000238243,ENSMFAG00000020196
ENSG00000279263,ENSMFAG00000048986
ENSG00000197532,ENSMFAG00000020370
ENSG00000198794,ENSMFAG00000000526
ENSG00000198104,ENSMFAG00000054769
ENSG00000266524,ENSMFAG00000038179
ENSG00000162727,ENSMFAG00000058331
ENSG00000119414,ENSMFAG00000030045
ENSG00000198601,ENSMFAG00000058331
ENSG00000198704,ENSMFAG00000002596
ENSG00000198482,ENSMFAG00000007422
ENSG00000183888,ENSMFAG00000045613
ENSG00000224586,ENSMFAG00000004017
ENSG00000177462,ENSMFAG00000064050
ENSG00000177462,ENSMFAG00000063001
ENSG00000162438,ENSMFAG00000054269
ENSG00000119446,ENSMFAG00000000443
ENSG00000105610,ENSMFAG00000044883
ENSG00000170608,ENSMFAG00000040557
ENSG00000133678,ENSMFAG00000033371
ENSG00000169214,ENSMFAG00000054925
ENSG00000153230,ENSMFAG00000060769
ENSG00000228336,ENSMFAG00000062981
ENSG00000170906,ENSMFAG00000051369
ENSG00000170906,ENSMFAG00000056454
ENSG00000177201,ENSMFAG00000064050
ENSG00000177201,ENSMFAG00000063001
ENSG00000177212,ENSMFAG00000064050
ENSG00000177212,ENSMFAG00000063001
ENSG00000242769,ENSMFAG00000008841
ENSG00000201900,ENSMFAG00000010586
ENSG00000182783,ENSMFAG00000031836
ENSG00000048828,ENSMFAG00000043116
ENSG00000186092,ENSMFAG00000056105
ENSG00000222623,ENSMFAG00000053121
ENSG00000188558,ENSMFAG00000037335
ENSG00000196240,ENSMFAG00000056659
ENSG00000196240,ENSMFAG00000055467
ENSG00000197437,ENSMFAG00000026603
ENSG00000221888,ENSMFAG00000041946
ENSG00000228198,ENSMFAG00000058331
ENSG00000137203,ENSMFAG00000039760
ENSG00000184022,ENSMFAG00000061455
ENSG00000197403,ENSMFAG00000064922
ENSG00000198967,ENSMFAG00000052036
ENSG00000163554,ENSMFAG00000029972
ENSG00000196605,ENSMFAG00000060041
ENSG00000095585,ENSMFAG00000043139
ENSG00000145354,ENSMFAG00000033046
ENSG00000167748,ENSMFAG00000002606
ENSG00000207721,ENSMFAG00000010471
ENSG00000132463,ENSMFAG00000037346
ENSG00000054277,ENSMFAG00000042077
ENSG00000021488,ENSMFAG00000002286
ENSG00000131080,ENSMFAG00000000072
ENSG00000116128,ENSMFAG00000043762
ENSG00000189376,ENSMFAG00000003918
ENSG00000169684,ENSMFAG00000039718
ENSG00000196289,ENSMFAG00000060731
ENSG00000100612,ENSMFAG00000031332
ENSG00000162843,ENSMFAG00000032673
ENSG00000269743,ENSMFAG00000054864
ENSG00000117899,ENSMFAG00000060179
ENSG00000101938,ENSMFAG00000036630
ENSG00000003987,ENSMFAG00000006049
ENSG00000172345,ENSMFAG00000031346
ENSG00000173258,ENSMFAG00000031397
ENSG00000185842,ENSMFAG00000036618
ENSG00000163069,ENSMFAG00000061360
ENSG00000119718,ENSMFAG00000043749
ENSG00000159459,ENSMFAG00000046369
ENSG00000113269,ENSMFAG00000019863
ENSG00000138771,ENSMFAG00000002770
ENSG00000107338,ENSMFAG00000014991
ENSG00000104356,ENSMFAG00000000347
ENSG00000152433,ENSMFAG00000037583
ENSG00000177125,ENSMFAG00000014178
ENSG00000088808,ENSMFAG00000000305
ENSG00000127080,ENSMFAG00000003738
ENSG00000125652,ENSMFAG00000045978
ENSG00000174607,ENSMFAG00000035714
ENSG00000111701,ENSMFAG00000000277
ENSG00000102158,ENSMFAG00000031612
ENSG00000179046,ENSMFAG00000037189
ENSG00000184344,ENSMFAG00000038386
ENSG00000164171,ENSMFAG00000031678
ENSG00000198178,ENSMFAG00000031601
ENSG00000126883,ENSMFAG00000042823
ENSG00000197928,ENSMFAG00000045486
ENSG00000277586,ENSMFAG00000031550
ENSG00000104447,ENSMFAG00000036446
ENSG00000119655,ENSMFAG00000035734
ENSG00000205857,ENSMFAG00000043195
ENSG00000109775,ENSMFAG00000041642
ENSG00000250799,ENSMFAG00000045422
ENSG00000100413,ENSMFAG00000001153
ENSG00000078596,ENSMFAG00000037997
ENSG00000201663,ENSMFAG00000050558
ENSG00000276045,ENSMFAG00000036297
ENSG00000143479,ENSMFAG00000041236
ENSG00000213341,ENSMFAG00000000426
ENSG00000120337,ENSMFAG00000065788
ENSG00000212916,ENSMFAG00000035487
ENSG00000119283,ENSMFAG00000035817
ENSG00000006432,ENSMFAG00000002562
ENSG00000157593,ENSMFAG00000037986
ENSG00000253250,ENSMFAG00000051204
ENSG00000182287,ENSMFAG00000001506
ENSG00000196944,ENSMFAG00000031836
ENSG00000172410,ENSMFAG00000003313
ENSG00000197241,ENSMFAG00000046320
ENSG00000105472,ENSMFAG00000038820
ENSG00000169989,ENSMFAG00000007745
ENSG00000248329,ENSMFAG00000031660
ENSG00000206652,ENSMFAG00000059556
ENSG00000206652,ENSMFAG00000059386
ENSG00000277344,ENSMFAG00000056017
ENSG00000277344,ENSMFAG00000054604
ENSG00000169717,ENSMFAG00000008800
ENSG00000178233,ENSMFAG00000037645
ENSG00000054611,ENSMFAG00000041343
ENSG00000187942,ENSMFAG00000043285
ENSG00000166912,ENSMFAG00000038584
ENSG00000164162,ENSMFAG00000001142
ENSG00000142798,ENSMFAG00000030725
ENSG00000104413,ENSMFAG00000031577
ENSG00000207076,ENSMFAG00000058436
ENSG00000101146,ENSMFAG00000043344
ENSG00000119973,ENSMFAG00000030136
ENSG00000095539,ENSMFAG00000038405
ENSG00000133997,ENSMFAG00000032743
ENSG00000198034,ENSMFAG00000035715
ENSG00000155545,ENSMFAG00000042794
ENSG00000219073,ENSMFAG00000008347
ENSG00000273610,ENSMFAG00000008153
ENSG00000142789,ENSMFAG00000008347
ENSG00000204653,ENSMFAG00000040099
ENSG00000278124,ENSMFAG00000008153
ENSG00000128915,ENSMFAG00000036919
ENSG00000221479,ENSMFAG00000014204
ENSG00000207586,ENSMFAG00000013275
ENSG00000206899,ENSMFAG00000058522
ENSG00000252692,ENSMFAG00000015940
ENSG00000198049,ENSMFAG00000040573
ENSG00000155850,ENSMFAG00000042946
ENSG00000153253,ENSMFAG00000045084
ENSG00000134551,ENSMFAG00000061423
ENSG00000134551,ENSMFAG00000049082
ENSG00000231887,ENSMFAG00000061423
ENSG00000231887,ENSMFAG00000049082
ENSG00000152061,ENSMFAG00000034332
ENSG00000094755,ENSMFAG00000003571
ENSG00000173928,ENSMFAG00000040323
ENSG00000171236,ENSMFAG00000041654
ENSG00000225830,ENSMFAG00000035553
ENSG00000197870,ENSMFAG00000050303
ENSG00000197870,ENSMFAG00000041751
ENSG00000197870,ENSMFAG00000061629
ENSG00000197870,ENSMFAG00000056236
ENSG00000197870,ENSMFAG00000064117
ENSG00000105717,ENSMFAG00000031948
ENSG00000102316,ENSMFAG00000038463
ENSG00000198604,ENSMFAG00000043129
ENSG00000130584,ENSMFAG00000042680
ENSG00000101193,ENSMFAG00000064422
ENSG00000151655,ENSMFAG00000045946
ENSG00000251747,ENSMFAG00000023866
ENSG00000175766,ENSMFAG00000031726
ENSG00000180884,ENSMFAG00000036857
ENSG00000141446,ENSMFAG00000037398
ENSG00000105698,ENSMFAG00000038362
ENSG00000113263,ENSMFAG00000000719
ENSG00000118705,ENSMFAG00000030858
ENSG00000137078,ENSMFAG00000033286
ENSG00000132466,ENSMFAG00000033592
ENSG00000164967,ENSMFAG00000014400
ENSG00000164967,ENSMFAG00000029077
ENSG00000167130,ENSMFAG00000038391
ENSG00000186897,ENSMFAG00000002196
ENSG00000170214,ENSMFAG00000045077
ENSG00000164841,ENSMFAG00000030150
ENSG00000123213,ENSMFAG00000031704
ENSG00000183785,ENSMFAG00000001466
ENSG00000155099,ENSMFAG00000044582
ENSG00000151743,ENSMFAG00000003235
ENSG00000166377,ENSMFAG00000035856
ENSG00000198826,ENSMFAG00000032131
ENSG00000116748,ENSMFAG00000038085
ENSG00000071859,ENSMFAG00000021581
ENSG00000099917,ENSMFAG00000037245
ENSG00000104327,ENSMFAG00000000695
ENSG00000142039,ENSMFAG00000002660
ENSG00000250803,ENSMFAG00000061686
ENSG00000100888,ENSMFAG00000035402
ENSG00000148200,ENSMFAG00000045408
ENSG00000164176,ENSMFAG00000039875
ENSG00000177414,ENSMFAG00000024825
ENSG00000167615,ENSMFAG00000031963
ENSG00000212167,ENSMFAG00000015604
ENSG00000199827,ENSMFAG00000005750
ENSG00000179528,ENSMFAG00000043381
ENSG00000197084,ENSMFAG00000054708
ENSG00000196172,ENSMFAG00000040354
ENSG00000115596,ENSMFAG00000056385
ENSG00000115596,ENSMFAG00000048149
ENSG00000122584,ENSMFAG00000032515
ENSG00000143536,ENSMFAG00000039664
ENSG00000080031,ENSMFAG00000057671
ENSG00000080031,ENSMFAG00000045778
ENSG00000186207,ENSMFAG00000030064
ENSG00000218823,ENSMFAG00000031074
ENSG00000123384,ENSMFAG00000039927
ENSG00000237524,ENSMFAG00000000535
ENSG00000171812,ENSMFAG00000048490
ENSG00000168672,ENSMFAG00000033576
ENSG00000264592,ENSMFAG00000056929
ENSG00000164181,ENSMFAG00000037893
ENSG00000181085,ENSMFAG00000040120
ENSG00000263841,ENSMFAG00000022290
ENSG00000201448,ENSMFAG00000012350
ENSG00000151360,ENSMFAG00000000829
ENSG00000135823,ENSMFAG00000032791
ENSG00000122691,ENSMFAG00000045982
ENSG00000178171,ENSMFAG00000056157
ENSG00000212410,ENSMFAG00000019885
ENSG00000140263,ENSMFAG00000022177
ENSG00000243723,ENSMFAG00000010898
ENSG00000132326,ENSMFAG00000042522
ENSG00000145824,ENSMFAG00000049393
ENSG00000179869,ENSMFAG00000002061
ENSG00000120370,ENSMFAG00000001853
ENSG00000010671,ENSMFAG00000043126
ENSG00000164300,ENSMFAG00000046004
ENSG00000155621,ENSMFAG00000000507
ENSG00000206935,ENSMFAG00000059448
ENSG00000252578,ENSMFAG00000012237
ENSG00000196734,ENSMFAG00000054708
ENSG00000163206,ENSMFAG00000029184
ENSG00000310560,ENSMFAG00000029287
ENSG00000163207,ENSMFAG00000061652
ENSG00000163209,ENSMFAG00000057524
ENSG00000120159,ENSMFAG00000036918
ENSG00000202099,ENSMFAG00000005583
ENSG00000179639,ENSMFAG00000059830
ENSG00000214866,ENSMFAG00000042487
ENSG00000120129,ENSMFAG00000044045
ENSG00000252238,ENSMFAG00000005475
ENSG00000207192,ENSMFAG00000014408
ENSG00000235453,ENSMFAG00000040652
ENSG00000182379,ENSMFAG00000042434
ENSG00000170776,ENSMFAG00000030975
ENSG00000152380,ENSMFAG00000042443
ENSG00000188133,ENSMFAG00000024179
ENSG00000163435,ENSMFAG00000037333
ENSG00000118257,ENSMFAG00000038385
ENSG00000167112,ENSMFAG00000000881
ENSG00000112996,ENSMFAG00000037068
ENSG00000104408,ENSMFAG00000035456
ENSG00000148297,ENSMFAG00000042665
ENSG00000131183,ENSMFAG00000031573
ENSG00000165660,ENSMFAG00000035172
ENSG00000117036,ENSMFAG00000001609
ENSG00000148450,ENSMFAG00000031998
ENSG00000142698,ENSMFAG00000000568
ENSG00000249915,ENSMFAG00000060093
ENSG00000109519,ENSMFAG00000059933
ENSG00000197933,ENSMFAG00000040067
ENSG00000148396,ENSMFAG00000031567
ENSG00000187258,ENSMFAG00000040833
ENSG00000121904,ENSMFAG00000043403
ENSG00000198610,ENSMFAG00000034543
ENSG00000182013,ENSMFAG00000006014
ENSG00000213999,ENSMFAG00000032755
ENSG00000180219,ENSMFAG00000044311
ENSG00000251991,ENSMFAG00000012555
ENSG00000212496,ENSMFAG00000014591
ENSG00000185958,ENSMFAG00000031313
ENSG00000255855,ENSMFAG00000059067
ENSG00000164197,ENSMFAG00000038517
ENSG00000163743,ENSMFAG00000036832
ENSG00000135517,ENSMFAG00000030328
ENSG00000176422,ENSMFAG00000003483
ENSG00000104903,ENSMFAG00000032986
ENSG00000268154,ENSMFAG00000061833
ENSG00000125851,ENSMFAG00000037979
ENSG00000163348,ENSMFAG00000045066
ENSG00000241644,ENSMFAG00000035609
ENSG00000165355,ENSMFAG00000063446
ENSG00000165355,ENSMFAG00000065701
ENSG00000126461,ENSMFAG00000048188
ENSG00000163354,ENSMFAG00000043497
ENSG00000048740,ENSMFAG00000033084
ENSG00000255690,ENSMFAG00000028905
ENSG00000136274,ENSMFAG00000034360
ENSG00000106803,ENSMFAG00000002167
ENSG00000166268,ENSMFAG00000002455
ENSG00000163357,ENSMFAG00000032205
ENSG00000178665,ENSMFAG00000038594
ENSG00000137106,ENSMFAG00000033340
ENSG00000196646,ENSMFAG00000042768
ENSG00000198752,ENSMFAG00000044066
ENSG00000244588,ENSMFAG00000032243
ENSG00000141664,ENSMFAG00000033238
ENSG00000168685,ENSMFAG00000040996
ENSG00000252485,ENSMFAG00000036274
ENSG00000207386,ENSMFAG00000059892
ENSG00000142528,ENSMFAG00000002877
ENSG00000116117,ENSMFAG00000043904
ENSG00000182348,ENSMFAG00000044325
ENSG00000140564,ENSMFAG00000042842
ENSG00000238302,ENSMFAG00000006439
ENSG00000047230,ENSMFAG00000009688
ENSG00000201789,ENSMFAG00000004329
ENSG00000227868,ENSMFAG00000041849
ENSG00000130783,ENSMFAG00000043307
ENSG00000101220,ENSMFAG00000025079
ENSG00000206700,ENSMFAG00000060721
ENSG00000186094,ENSMFAG00000032630
ENSG00000104951,ENSMFAG00000001696
ENSG00000177150,ENSMFAG00000057893
ENSG00000196636,ENSMFAG00000030531
ENSG00000183323,ENSMFAG00000039708
ENSG00000204006,ENSMFAG00000000049
ENSG00000185483,ENSMFAG00000041091
ENSG00000226174,ENSMFAG00000059095
ENSG00000164645,ENSMFAG00000064455
ENSG00000072042,ENSMFAG00000038564
ENSG00000167193,ENSMFAG00000000502
ENSG00000197653,ENSMFAG00000002950
ENSG00000113196,ENSMFAG00000000456
ENSG00000074695,ENSMFAG00000044600
ENSG00000148400,ENSMFAG00000000688
ENSG00000178568,ENSMFAG00000042352
ENSG00000019991,ENSMFAG00000034472
ENSG00000175414,ENSMFAG00000033979
ENSG00000167693,ENSMFAG00000041118
ENSG00000170482,ENSMFAG00000042397
ENSG00000165105,ENSMFAG00000046414
ENSG00000099308,ENSMFAG00000040625
ENSG00000184611,ENSMFAG00000030695
ENSG00000075151,ENSMFAG00000033446
ENSG00000143919,ENSMFAG00000003584
ENSG00000266919,ENSMFAG00000013929
ENSG00000131055,ENSMFAG00000040527
ENSG00000141469,ENSMFAG00000032229
ENSG00000213463,ENSMFAG00000001417
ENSG00000123453,ENSMFAG00000038559
ENSG00000278540,ENSMFAG00000045655
ENSG00000101181,ENSMFAG00000045680
ENSG00000138083,ENSMFAG00000059333
ENSG00000100577,ENSMFAG00000036081
ENSG00000115896,ENSMFAG00000038838
ENSG00000152939,ENSMFAG00000044604
ENSG00000183840,ENSMFAG00000041717
ENSG00000101425,ENSMFAG00000035752
ENSG00000104332,ENSMFAG00000035564
ENSG00000168081,ENSMFAG00000044801
ENSG00000011304,ENSMFAG00000038325
ENSG00000146433,ENSMFAG00000003593
ENSG00000147669,ENSMFAG00000053611
ENSG00000084674,ENSMFAG00000037483
ENSG00000169223,ENSMFAG00000044466
ENSG00000242265,ENSMFAG00000045560
ENSG00000124171,ENSMFAG00000007135
ENSG00000212172,ENSMFAG00000036491
ENSG00000167244,ENSMFAG00000044613
ENSG00000174799,ENSMFAG00000032993
ENSG00000113600,ENSMFAG00000039299
ENSG00000172728,ENSMFAG00000000813
ENSG00000088930,ENSMFAG00000038122
ENSG00000174197,ENSMFAG00000037653
ENSG00000159307,ENSMFAG00000026094
ENSG00000239964,ENSMFAG00000019993
ENSG00000165084,ENSMFAG00000045715
ENSG00000204389,ENSMFAG00000039068
ENSG00000182111,ENSMFAG00000038812
ENSG00000146856,ENSMFAG00000029365
ENSG00000178401,ENSMFAG00000026632
ENSG00000179240,ENSMFAG00000042788
ENSG00000164037,ENSMFAG00000042668
ENSG00000168631,ENSMFAG00000036057
ENSG00000166710,ENSMFAG00000034244
ENSG00000110900,ENSMFAG00000040296
ENSG00000182400,ENSMFAG00000001450
ENSG00000275714,ENSMFAG00000056246
ENSG00000167220,ENSMFAG00000012951
ENSG00000199603,ENSMFAG00000005355
ENSG00000165609,ENSMFAG00000045740
ENSG00000252756,ENSMFAG00000011928
ENSG00000168658,ENSMFAG00000042363
ENSG00000140471,ENSMFAG00000044048
ENSG00000106013,ENSMFAG00000039109
ENSG00000025770,ENSMFAG00000033329
ENSG00000125952,ENSMFAG00000037306
ENSG00000134014,ENSMFAG00000000785
ENSG00000164270,ENSMFAG00000043212
ENSG00000111077,ENSMFAG00000032151
ENSG00000240733,ENSMFAG00000023524
ENSG00000167011,ENSMFAG00000051311
ENSG00000134812,ENSMFAG00000039724
ENSG00000184408,ENSMFAG00000046158
ENSG00000134827,ENSMFAG00000038672
ENSG00000184903,ENSMFAG00000039313
ENSG00000284873,ENSMFAG00000060448
ENSG00000181827,ENSMFAG00000033176
ENSG00000285010,ENSMFAG00000047003
ENSG00000255393,ENSMFAG00000046430
ENSG00000105880,ENSMFAG00000035900
ENSG00000204176,ENSMFAG00000003742
ENSG00000149516,ENSMFAG00000039811
ENSG00000112245,ENSMFAG00000046284
ENSG00000112245,ENSMFAG00000011968
ENSG00000163257,ENSMFAG00000029339
ENSG00000165076,ENSMFAG00000033856
ENSG00000170891,ENSMFAG00000002991
ENSG00000166133,ENSMFAG00000045062
ENSG00000204174,ENSMFAG00000030803
ENSG00000196177,ENSMFAG00000034302
ENSG00000163319,ENSMFAG00000003991
ENSG00000179361,ENSMFAG00000033841
ENSG00000112964,ENSMFAG00000034540
ENSG00000006377,ENSMFAG00000048863
ENSG00000211450,ENSMFAG00000035484
ENSG00000143970,ENSMFAG00000039252
ENSG00000155463,ENSMFAG00000015207
ENSG00000156970,ENSMFAG00000032047
ENSG00000236279,ENSMFAG00000064966
ENSG00000101608,ENSMFAG00000036992
ENSG00000121898,ENSMFAG00000002567
ENSG00000155016,ENSMFAG00000003841
ENSG00000127362,ENSMFAG00000063716
ENSG00000164713,ENSMFAG00000060874
ENSG00000083857,ENSMFAG00000034451
ENSG00000101266,ENSMFAG00000039007
ENSG00000227471,ENSMFAG00000050141
ENSG00000072401,ENSMFAG00000045061
ENSG00000222536,ENSMFAG00000021374
ENSG00000212378,ENSMFAG00000021755
ENSG00000214513,ENSMFAG00000054075
ENSG00000127366,ENSMFAG00000057048
ENSG00000163013,ENSMFAG00000042911
ENSG00000205978,ENSMFAG00000042133
ENSG00000101972,ENSMFAG00000030658
ENSG00000129562,ENSMFAG00000029604
ENSG00000104714,ENSMFAG00000045194
ENSG00000165730,ENSMFAG00000033672
ENSG00000145423,ENSMFAG00000038655
ENSG00000164898,ENSMFAG00000062411
ENSG00000156966,ENSMFAG00000033039
ENSG00000066739,ENSMFAG00000031354
ENSG00000158623,ENSMFAG00000001121
ENSG00000164134,ENSMFAG00000041929
ENSG00000149124,ENSMFAG00000020795
ENSG00000131471,ENSMFAG00000048619
ENSG00000213390,ENSMFAG00000002183
ENSG00000276200,ENSMFAG00000022150
ENSG00000153094,ENSMFAG00000039143
ENSG00000112238,ENSMFAG00000064719
ENSG00000076554,ENSMFAG00000031459
ENSG00000199303,ENSMFAG00000015182
ENSG00000176563,ENSMFAG00000040185
ENSG00000185127,ENSMFAG00000052899
ENSG00000287363,ENSMFAG00000003087
ENSG00000108848,ENSMFAG00000031780
ENSG00000262543,ENSMFAG00000045439
ENSG00000182898,ENSMFAG00000065203
ENSG00000135540,ENSMFAG00000034365
ENSG00000215853,ENSMFAG00000054571
ENSG00000197915,ENSMFAG00000047345
ENSG00000241188,ENSMFAG00000008655
ENSG00000175793,ENSMFAG00000017885
ENSG00000215018,ENSMFAG00000000186
ENSG00000104059,ENSMFAG00000001681
ENSG00000131910,ENSMFAG00000042880
ENSG00000165588,ENSMFAG00000033859
ENSG00000158246,ENSMFAG00000003756
ENSG00000141385,ENSMFAG00000043221
ENSG00000188782,ENSMFAG00000037726
ENSG00000167614,ENSMFAG00000031208
ENSG00000196260,ENSMFAG00000058402
ENSG00000136888,ENSMFAG00000037281
ENSG00000185585,ENSMFAG00000002383
ENSG00000283734,ENSMFAG00000006359
ENSG00000144355,ENSMFAG00000039931
ENSG00000128463,ENSMFAG00000038451
ENSG00000099194,ENSMFAG00000053691
ENSG00000099194,ENSMFAG00000040755
ENSG00000255151,ENSMFAG00000043715
ENSG00000255151,ENSMFAG00000002880
ENSG00000131914,ENSMFAG00000048773
ENSG00000158615,ENSMFAG00000039142
ENSG00000206895,ENSMFAG00000054158
ENSG00000212422,ENSMFAG00000011111
ENSG00000201218,ENSMFAG00000011689
ENSG00000201747,ENSMFAG00000009136
ENSG00000278569,ENSMFAG00000016647
ENSG00000195024,ENSMFAG00000029411
ENSG00000200753,ENSMFAG00000018526
ENSG00000243633,ENSMFAG00000013422
ENSG00000143006,ENSMFAG00000040855
ENSG00000212264,ENSMFAG00000007717
ENSG00000283237,ENSMFAG00000048581
ENSG00000202431,ENSMFAG00000006612
ENSG00000242653,ENSMFAG00000013852
ENSG00000201566,ENSMFAG00000056557
ENSG00000252983,ENSMFAG00000006649
ENSG00000223258,ENSMFAG00000008143
ENSG00000206838,ENSMFAG00000006907
ENSG00000201772,ENSMFAG00000006865
ENSG00000200656,ENSMFAG00000006879
ENSG00000277184,ENSMFAG00000004545
ENSG00000242650,ENSMFAG00000058327
ENSG00000242650,ENSMFAG00000061325
ENSG00000222355,ENSMFAG00000034856
ENSG00000113073,ENSMFAG00000033873
ENSG00000206603,ENSMFAG00000004373
ENSG00000200471,ENSMFAG00000063507
ENSG00000187922,ENSMFAG00000000089
ENSG00000223330,ENSMFAG00000053121
ENSG00000239007,ENSMFAG00000013020
ENSG00000201003,ENSMFAG00000007847
ENSG00000253028,ENSMFAG00000006040
ENSG00000206634,ENSMFAG00000004446
ENSG00000206785,ENSMFAG00000059566
ENSG00000200670,ENSMFAG00000014544
ENSG00000201560,ENSMFAG00000063573
ENSG00000252126,ENSMFAG00000011132
ENSG00000206818,ENSMFAG00000058715
ENSG00000200397,ENSMFAG00000060347
ENSG00000182901,ENSMFAG00000031055
ENSG00000206763,ENSMFAG00000005293
ENSG00000201607,ENSMFAG00000053199
ENSG00000207045,ENSMFAG00000004155
ENSG00000207115,ENSMFAG00000049157
ENSG00000277946,ENSMFAG00000008460
ENSG00000277946,ENSMFAG00000051660
ENSG00000252872,ENSMFAG00000012706
ENSG00000207094,ENSMFAG00000030139
ENSG00000065621,ENSMFAG00000050681
ENSG00000244318,ENSMFAG00000013396
ENSG00000252824,ENSMFAG00000023880
ENSG00000199224,ENSMFAG00000055919
ENSG00000202377,ENSMFAG00000023142
ENSG00000252023,ENSMFAG00000010011
ENSG00000182979,ENSMFAG00000031186
ENSG00000144406,ENSMFAG00000038823
ENSG00000213167,ENSMFAG00000056047
ENSG00000284135,ENSMFAG00000050906
ENSG00000284135,ENSMFAG00000056116
ENSG00000284135,ENSMFAG00000054318
ENSG00000201465,ENSMFAG00000009491
ENSG00000199971,ENSMFAG00000015694
ENSG00000206705,ENSMFAG00000061979
ENSG00000252332,ENSMFAG00000052435
ENSG00000199764,ENSMFAG00000007776
ENSG00000199283,ENSMFAG00000008305
ENSG00000223212,ENSMFAG00000005404
ENSG00000252188,ENSMFAG00000056474
ENSG00000251728,ENSMFAG00000009934
ENSG00000252523,ENSMFAG00000065057
ENSG00000252523,ENSMFAG00000050909
ENSG00000252523,ENSMFAG00000051456
ENSG00000252523,ENSMFAG00000062114
ENSG00000168303,ENSMFAG00000045608
ENSG00000166794,ENSMFAG00000000853
ENSG00000199273,ENSMFAG00000010835
ENSG00000167118,ENSMFAG00000035214
ENSG00000131480,ENSMFAG00000038881
ENSG00000154415,ENSMFAG00000053780
ENSG00000148798,ENSMFAG00000040504
ENSG00000203756,ENSMFAG00000040154
ENSG00000183978,ENSMFAG00000045541
ENSG00000186862,ENSMFAG00000037794
ENSG00000169330,ENSMFAG00000000425
ENSG00000186642,ENSMFAG00000044960
ENSG00000272230,ENSMFAG00000015014
ENSG00000095981,ENSMFAG00000002849
ENSG00000164778,ENSMFAG00000049184
ENSG00000166192,ENSMFAG00000004993
ENSG00000242855,ENSMFAG00000022439
ENSG00000257138,ENSMFAG00000059261
ENSG00000132294,ENSMFAG00000041531
ENSG00000207214,ENSMFAG00000054537
ENSG00000170775,ENSMFAG00000036183
ENSG00000107036,ENSMFAG00000032768
ENSG00000188822,ENSMFAG00000009512
ENSG00000033030,ENSMFAG00000045203
ENSG00000171954,ENSMFAG00000043198
ENSG00000104112,ENSMFAG00000031824
ENSG00000158055,ENSMFAG00000042460
ENSG00000164104,ENSMFAG00000031652
ENSG00000164104,ENSMFAG00000002605
ENSG00000165813,ENSMFAG00000031702
ENSG00000207547,ENSMFAG00000036032
ENSG00000208036,ENSMFAG00000010324
ENSG00000164627,ENSMFAG00000040076
ENSG00000164500,ENSMFAG00000045999
ENSG00000180901,ENSMFAG00000040581
ENSG00000127364,ENSMFAG00000061404
ENSG00000139354,ENSMFAG00000003398
ENSG00000187260,ENSMFAG00000000892
ENSG00000148606,ENSMFAG00000032218
ENSG00000141570,ENSMFAG00000048487
ENSG00000125726,ENSMFAG00000041094
ENSG00000244710,ENSMFAG00000017878
ENSG00000252444,ENSMFAG00000014198
ENSG00000125735,ENSMFAG00000003750
ENSG00000006652,ENSMFAG00000045385
ENSG00000141179,ENSMFAG00000000618
ENSG00000041357,ENSMFAG00000002125
ENSG00000139722,ENSMFAG00000040044
ENSG00000083817,ENSMFAG00000002577
ENSG00000138760,ENSMFAG00000039184
ENSG00000120802,ENSMFAG00000037885
ENSG00000267467,ENSMFAG00000044777
ENSG00000251039,ENSMFAG00000047682
ENSG00000136696,ENSMFAG00000031320
ENSG00000223638,ENSMFAG00000038706
ENSG00000196361,ENSMFAG00000003692
ENSG00000170634,ENSMFAG00000045208
ENSG00000197959,ENSMFAG00000035372
ENSG00000223191,ENSMFAG00000014938
ENSG00000206730,ENSMFAG00000052260
ENSG00000207132,ENSMFAG00000047211
ENSG00000201255,ENSMFAG00000053311
ENSG00000222679,ENSMFAG00000034020
ENSG00000252039,ENSMFAG00000005069
ENSG00000201340,ENSMFAG00000023015
ENSG00000115844,ENSMFAG00000045147
ENSG00000252685,ENSMFAG00000054764
ENSG00000238759,ENSMFAG00000012640
ENSG00000212149,ENSMFAG00000004969
ENSG00000180089,ENSMFAG00000051229
ENSG00000180089,ENSMFAG00000053857
ENSG00000187664,ENSMFAG00000029816
ENSG00000138180,ENSMFAG00000041263
ENSG00000104728,ENSMFAG00000016956
ENSG00000144583,ENSMFAG00000045960
ENSG00000207180,ENSMFAG00000050848
ENSG00000185869,ENSMFAG00000030846
ENSG00000213551,ENSMFAG00000050309
ENSG00000278685,ENSMFAG00000028789
ENSG00000213015,ENSMFAG00000051292
ENSG00000173068,ENSMFAG00000036895
ENSG00000165512,ENSMFAG00000060698
ENSG00000139144,ENSMFAG00000016489
ENSG00000144285,ENSMFAG00000031169
ENSG00000124469,ENSMFAG00000000741
ENSG00000212545,ENSMFAG00000033815
ENSG00000148688,ENSMFAG00000031109
ENSG00000212482,ENSMFAG00000035063
ENSG00000252480,ENSMFAG00000053121
ENSG00000208014,ENSMFAG00000012401
ENSG00000207656,ENSMFAG00000010802
ENSG00000106536,ENSMFAG00000035869
ENSG00000119900,ENSMFAG00000031290
ENSG00000199094,ENSMFAG00000006138
ENSG00000207827,ENSMFAG00000009008
ENSG00000271321,ENSMFAG00000041741
ENSG00000271321,ENSMFAG00000039934
ENSG00000271321,ENSMFAG00000009700
ENSG00000200394,ENSMFAG00000015832
ENSG00000212568,ENSMFAG00000060233
ENSG00000137038,ENSMFAG00000044806
ENSG00000106560,ENSMFAG00000041785
ENSG00000097007,ENSMFAG00000000271
ENSG00000275982,ENSMFAG00000023759
ENSG00000252349,ENSMFAG00000005542
ENSG00000109685,ENSMFAG00000031384
ENSG00000242889,ENSMFAG00000014420
ENSG00000238447,ENSMFAG00000012364
ENSG00000166329,ENSMFAG00000011417
ENSG00000283844,ENSMFAG00000020383
ENSG00000208024,ENSMFAG00000012003
ENSG00000206684,ENSMFAG00000065662
ENSG00000180999,ENSMFAG00000000294
ENSG00000171931,ENSMFAG00000039127
ENSG00000063180,ENSMFAG00000003432
ENSG00000252073,ENSMFAG00000034820
ENSG00000252282,ENSMFAG00000059171
ENSG00000251754,ENSMFAG00000005303
ENSG00000201354,ENSMFAG00000016879
ENSG00000201170,ENSMFAG00000008832
ENSG00000240173,ENSMFAG00000009040
ENSG00000271932,ENSMFAG00000048491
ENSG00000158516,ENSMFAG00000042924
ENSG00000075035,ENSMFAG00000042790
ENSG00000198691,ENSMFAG00000032139
ENSG00000204152,ENSMFAG00000036559
ENSG00000148296,ENSMFAG00000047763
ENSG00000172673,ENSMFAG00000043072
ENSG00000119946,ENSMFAG00000046376
ENSG00000201489,ENSMFAG00000009604
ENSG00000100532,ENSMFAG00000043781
ENSG00000241484,ENSMFAG00000031694
ENSG00000209582,ENSMFAG00000023954
ENSG00000238917,ENSMFAG00000015176
ENSG00000277985,ENSMFAG00000030013
ENSG00000146476,ENSMFAG00000035717
ENSG00000146476,ENSMFAG00000035719
ENSG00000128510,ENSMFAG00000033972
ENSG00000095397,ENSMFAG00000003622
ENSG00000108947,ENSMFAG00000052831
ENSG00000112333,ENSMFAG00000001910
ENSG00000105352,ENSMFAG00000048741
ENSG00000105352,ENSMFAG00000040142
ENSG00000110427,ENSMFAG00000037738
ENSG00000252283,ENSMFAG00000004121
ENSG00000013523,ENSMFAG00000045195
ENSG00000109084,ENSMFAG00000031646
ENSG00000105398,ENSMFAG00000046325
ENSG00000120549,ENSMFAG00000030609
ENSG00000119632,ENSMFAG00000063409
ENSG00000185591,ENSMFAG00000045267
ENSG00000101639,ENSMFAG00000001833
ENSG00000105514,ENSMFAG00000002065
ENSG00000283824,ENSMFAG00000008488
ENSG00000133983,ENSMFAG00000035724
ENSG00000252922,ENSMFAG00000006589
ENSG00000132915,ENSMFAG00000039234
ENSG00000252483,ENSMFAG00000008557
ENSG00000105227,ENSMFAG00000044290
ENSG00000117523,ENSMFAG00000000519
ENSG00000185294,ENSMFAG00000064503
ENSG00000204610,ENSMFAG00000035011
ENSG00000238723,ENSMFAG00000056577
ENSG00000076067,ENSMFAG00000002049
ENSG00000121104,ENSMFAG00000039391
ENSG00000126787,ENSMFAG00000035988
ENSG00000197446,ENSMFAG00000048408
ENSG00000119401,ENSMFAG00000012352
ENSG00000061455,ENSMFAG00000002537
ENSG00000174498,ENSMFAG00000041666
ENSG00000146477,ENSMFAG00000002893
ENSG00000054148,ENSMFAG00000000240
ENSG00000111911,ENSMFAG00000040969
ENSG00000212168,ENSMFAG00000021734
ENSG00000071539,ENSMFAG00000003891
ENSG00000115165,ENSMFAG00000043861
ENSG00000199492,ENSMFAG00000006504
ENSG00000064195,ENSMFAG00000032276
ENSG00000171903,ENSMFAG00000054713
ENSG00000171903,ENSMFAG00000039188
ENSG00000224877,ENSMFAG00000045199
ENSG00000132849,ENSMFAG00000044826
ENSG00000244187,ENSMFAG00000030006
ENSG00000207021,ENSMFAG00000047798
ENSG00000240505,ENSMFAG00000052118
ENSG00000104613,ENSMFAG00000039216
ENSG00000148411,ENSMFAG00000052501
ENSG00000158985,ENSMFAG00000050400
ENSG00000200377,ENSMFAG00000018371
ENSG00000177519,ENSMFAG00000023756
ENSG00000044574,ENSMFAG00000039748
ENSG00000206859,ENSMFAG00000063958
ENSG00000243370,ENSMFAG00000015884
ENSG00000179598,ENSMFAG00000061597
ENSG00000170091,ENSMFAG00000033258
ENSG00000272036,ENSMFAG00000035049
ENSG00000251919,ENSMFAG00000006872
ENSG00000201741,ENSMFAG00000052241
ENSG00000141026,ENSMFAG00000002302
ENSG00000176894,ENSMFAG00000001706
ENSG00000202522,ENSMFAG00000065849
ENSG00000068079,ENSMFAG00000041153
ENSG00000090061,ENSMFAG00000031730
ENSG00000165323,ENSMFAG00000035883
ENSG00000211599,ENSMFAG00000011926
ENSG00000243466,ENSMFAG00000050879
ENSG00000243466,ENSMFAG00000056481
ENSG00000212182,ENSMFAG00000016112
ENSG00000164185,ENSMFAG00000056098
ENSG00000139292,ENSMFAG00000037729
ENSG00000120278,ENSMFAG00000043598
ENSG00000182575,ENSMFAG00000041457
ENSG00000167740,ENSMFAG00000041671
ENSG00000244399,ENSMFAG00000059592
ENSG00000244399,ENSMFAG00000049089
ENSG00000136943,ENSMFAG00000035644
ENSG00000199936,ENSMFAG00000050626
ENSG00000199936,ENSMFAG00000054981
ENSG00000276281,ENSMFAG00000061396
ENSG00000173930,ENSMFAG00000046265
ENSG00000284701,ENSMFAG00000002875
ENSG00000124490,ENSMFAG00000037005
ENSG00000240202,ENSMFAG00000013200
ENSG00000104133,ENSMFAG00000001008
ENSG00000104133,ENSMFAG00000055129
ENSG00000166004,ENSMFAG00000041174
ENSG00000132357,ENSMFAG00000036194
ENSG00000169992,ENSMFAG00000042656
ENSG00000104290,ENSMFAG00000044555
ENSG00000105767,ENSMFAG00000030356
ENSG00000207249,ENSMFAG00000034990
ENSG00000181323,ENSMFAG00000041099
ENSG00000182177,ENSMFAG00000042948
ENSG00000264192,ENSMFAG00000013939
ENSG00000242699,ENSMFAG00000013975
ENSG00000252804,ENSMFAG00000010653
ENSG00000182318,ENSMFAG00000038510
ENSG00000170175,ENSMFAG00000042053
ENSG00000199875,ENSMFAG00000035263
ENSG00000275146,ENSMFAG00000012420
ENSG00000273885,ENSMFAG00000022526
ENSG00000207112,ENSMFAG00000006181
ENSG00000206799,ENSMFAG00000047402
ENSG00000206799,ENSMFAG00000012577
ENSG00000206799,ENSMFAG00000012553
ENSG00000202314,ENSMFAG00000028420
ENSG00000207304,ENSMFAG00000034774
ENSG00000239195,ENSMFAG00000015491
ENSG00000207145,ENSMFAG00000008669
ENSG00000210825,ENSMFAG00000004988
ENSG00000099860,ENSMFAG00000042254
ENSG00000283654,ENSMFAG00000039515
ENSG00000261667,ENSMFAG00000062319
ENSG00000147684,ENSMFAG00000003181
ENSG00000207548,ENSMFAG00000040908
ENSG00000207798,ENSMFAG00000005178
ENSG00000211520,ENSMFAG00000015718
ENSG00000166368,ENSMFAG00000045007
ENSG00000178358,ENSMFAG00000052806
ENSG00000200101,ENSMFAG00000007989
ENSG00000171105,ENSMFAG00000041609
ENSG00000133835,ENSMFAG00000039507
ENSG00000066629,ENSMFAG00000043375
ENSG00000124713,ENSMFAG00000045063
ENSG00000130227,ENSMFAG00000030886
ENSG00000252835,ENSMFAG00000016641
ENSG00000206901,ENSMFAG00000006559
ENSG00000132518,ENSMFAG00000031931
ENSG00000221843,ENSMFAG00000042822
ENSG00000149534,ENSMFAG00000003024
ENSG00000200779,ENSMFAG00000007330
ENSG00000051620,ENSMFAG00000041106
ENSG00000179477,ENSMFAG00000001379
ENSG00000251956,ENSMFAG00000049928
ENSG00000251956,ENSMFAG00000048130
ENSG00000251956,ENSMFAG00000057415
ENSG00000251956,ENSMFAG00000047809
ENSG00000251956,ENSMFAG00000059704
ENSG00000146374,ENSMFAG00000031116
ENSG00000161798,ENSMFAG00000032827
ENSG00000249481,ENSMFAG00000003881
ENSG00000163462,ENSMFAG00000038997
ENSG00000128052,ENSMFAG00000043201
ENSG00000179111,ENSMFAG00000034203
ENSG00000148303,ENSMFAG00000047324
ENSG00000148303,ENSMFAG00000036880
ENSG00000148303,ENSMFAG00000004864
ENSG00000148303,ENSMFAG00000049923
ENSG00000148303,ENSMFAG00000052602
ENSG00000123360,ENSMFAG00000033293
ENSG00000199043,ENSMFAG00000017022
ENSG00000276213,ENSMFAG00000019141
ENSG00000212206,ENSMFAG00000005673
ENSG00000184650,ENSMFAG00000002083
ENSG00000160870,ENSMFAG00000053006
ENSG00000088053,ENSMFAG00000042036
ENSG00000124787,ENSMFAG00000043100
ENSG00000252363,ENSMFAG00000047483
ENSG00000185156,ENSMFAG00000050661
ENSG00000166596,ENSMFAG00000037033
ENSG00000176402,ENSMFAG00000044817
ENSG00000174469,ENSMFAG00000046348
ENSG00000110104,ENSMFAG00000036759
ENSG00000108021,ENSMFAG00000000468
ENSG00000149506,ENSMFAG00000046156
ENSG00000164142,ENSMFAG00000035212
ENSG00000142303,ENSMFAG00000040772
ENSG00000112294,ENSMFAG00000044209
ENSG00000166118,ENSMFAG00000002338
ENSG00000165623,ENSMFAG00000043336
ENSG00000185499,ENSMFAG00000026183
ENSG00000107175,ENSMFAG00000044871
ENSG00000080854,ENSMFAG00000000967
ENSG00000125871,ENSMFAG00000002938
ENSG00000200222,ENSMFAG00000016340
ENSG00000151651,ENSMFAG00000043182
ENSG00000006788,ENSMFAG00000001638
ENSG00000154447,ENSMFAG00000026776
ENSG00000207318,ENSMFAG00000051367
ENSG00000242266,ENSMFAG00000021069
ENSG00000199370,ENSMFAG00000021206
ENSG00000243374,ENSMFAG00000010287
ENSG00000251798,ENSMFAG00000004313
ENSG00000160345,ENSMFAG00000042970
ENSG00000164164,ENSMFAG00000045984
ENSG00000177951,ENSMFAG00000056294
ENSG00000136816,ENSMFAG00000046247
ENSG00000170027,ENSMFAG00000038574
ENSG00000088882,ENSMFAG00000003356
ENSG00000179271,ENSMFAG00000048260
ENSG00000188372,ENSMFAG00000037043
ENSG00000137133,ENSMFAG00000034091
ENSG00000154065,ENSMFAG00000032971
ENSG00000171243,ENSMFAG00000006229
ENSG00000205858,ENSMFAG00000001797
ENSG00000264424,ENSMFAG00000043626
ENSG00000220948,ENSMFAG00000044028
ENSG00000220948,ENSMFAG00000033361
ENSG00000169925,ENSMFAG00000040205
ENSG00000134909,ENSMFAG00000039342
ENSG00000125869,ENSMFAG00000046105
ENSG00000082014,ENSMFAG00000032295
ENSG00000188820,ENSMFAG00000041853
ENSG00000112494,ENSMFAG00000035470
ENSG00000207242,ENSMFAG00000006170
ENSG00000188803,ENSMFAG00000031872
ENSG00000070501,ENSMFAG00000030793
ENSG00000074842,ENSMFAG00000000405
ENSG00000124214,ENSMFAG00000040931
ENSG00000134759,ENSMFAG00000001408
ENSG00000146112,ENSMFAG00000002399
ENSG00000203780,ENSMFAG00000032085
ENSG00000007174,ENSMFAG00000002607
ENSG00000124564,ENSMFAG00000045154
ENSG00000011275,ENSMFAG00000033988
ENSG00000171840,ENSMFAG00000007179
ENSG00000148803,ENSMFAG00000061970
ENSG00000100644,ENSMFAG00000032083
ENSG00000130244,ENSMFAG00000031808
ENSG00000123096,ENSMFAG00000045387
ENSG00000238297,ENSMFAG00000016158
ENSG00000127399,ENSMFAG00000052396
ENSG00000179256,ENSMFAG00000038961
ENSG00000070061,ENSMFAG00000043210
ENSG00000238906,ENSMFAG00000007407
ENSG00000106080,ENSMFAG00000045864
ENSG00000198855,ENSMFAG00000037681
ENSG00000095777,ENSMFAG00000040667
ENSG00000043039,ENSMFAG00000037907
ENSG00000165215,ENSMFAG00000027523
ENSG00000123338,ENSMFAG00000001155
ENSG00000175877,ENSMFAG00000045782
ENSG00000150961,ENSMFAG00000038796
ENSG00000174165,ENSMFAG00000033910
ENSG00000238750,ENSMFAG00000023678
ENSG00000238590,ENSMFAG00000013374
ENSG00000168876,ENSMFAG00000038557
ENSG00000132286,ENSMFAG00000035385
ENSG00000104312,ENSMFAG00000020312
ENSG00000169220,ENSMFAG00000038737
ENSG00000198851,ENSMFAG00000040556
ENSG00000198814,ENSMFAG00000038992
ENSG00000164620,ENSMFAG00000033304
ENSG00000157240,ENSMFAG00000032384
ENSG00000201009,ENSMFAG00000006454
ENSG00000211717,ENSMFAG00000030243
ENSG00000211720,ENSMFAG00000051785
ENSG00000129596,ENSMFAG00000032046
ENSG00000137699,ENSMFAG00000032457
ENSG00000211725,ENSMFAG00000052811
ENSG00000253188,ENSMFAG00000054024
ENSG00000253188,ENSMFAG00000056309
ENSG00000253188,ENSMFAG00000059795
ENSG00000104341,ENSMFAG00000042049
ENSG00000211727,ENSMFAG00000056010
ENSG00000211727,ENSMFAG00000060104
ENSG00000211728,ENSMFAG00000048173
ENSG00000211728,ENSMFAG00000048259
ENSG00000167779,ENSMFAG00000000085
ENSG00000253291,ENSMFAG00000056010
ENSG00000253291,ENSMFAG00000060104
ENSG00000211731,ENSMFAG00000052811
ENSG00000276405,ENSMFAG00000060031
ENSG00000166278,ENSMFAG00000002495
ENSG00000278318,ENSMFAG00000001281
ENSG00000275791,ENSMFAG00000030276
ENSG00000274752,ENSMFAG00000060177
ENSG00000276953,ENSMFAG00000060177
ENSG00000201933,ENSMFAG00000005022
ENSG00000185344,ENSMFAG00000039847
ENSG00000266297,ENSMFAG00000011566
ENSG00000062370,ENSMFAG00000035923
ENSG00000251852,ENSMFAG00000054844
ENSG00000207741,ENSMFAG00000008900
ENSG00000153976,ENSMFAG00000062338
ENSG00000146676,ENSMFAG00000002908
ENSG00000223510,ENSMFAG00000062978
ENSG00000223510,ENSMFAG00000053758
ENSG00000223510,ENSMFAG00000042913
ENSG00000196865,ENSMFAG00000038268
ENSG00000127951,ENSMFAG00000037714
ENSG00000125430,ENSMFAG00000059170
ENSG00000104427,ENSMFAG00000044759
ENSG00000186567,ENSMFAG00000028788
ENSG00000161544,ENSMFAG00000003294
ENSG00000131187,ENSMFAG00000032594
ENSG00000211751,ENSMFAG00000049950
ENSG00000211751,ENSMFAG00000057101
ENSG00000211751,ENSMFAG00000057985
ENSG00000198791,ENSMFAG00000037908
ENSG00000214140,ENSMFAG00000028934
ENSG00000171311,ENSMFAG00000001493
ENSG00000237254,ENSMFAG00000051412
ENSG00000237254,ENSMFAG00000065367
ENSG00000216588,ENSMFAG00000003377
ENSG00000165125,ENSMFAG00000039755
ENSG00000165125,ENSMFAG00000060464
ENSG00000151883,ENSMFAG00000002798
ENSG00000105464,ENSMFAG00000031618
ENSG00000274091,ENSMFAG00000030706
ENSG00000278261,ENSMFAG00000005974
ENSG00000199735,ENSMFAG00000015137
ENSG00000212418,ENSMFAG00000058318
ENSG00000198056,ENSMFAG00000036445
ENSG00000105619,ENSMFAG00000031792
ENSG00000254535,ENSMFAG00000047191
ENSG00000089057,ENSMFAG00000002700
ENSG00000174780,ENSMFAG00000031065
ENSG00000127412,ENSMFAG00000050982
ENSG00000127412,ENSMFAG00000042765
ENSG00000118094,ENSMFAG00000043633
ENSG00000161847,ENSMFAG00000037977
ENSG00000222808,ENSMFAG00000017833
ENSG00000200651,ENSMFAG00000051091
ENSG00000161692,ENSMFAG00000041272
ENSG00000159763,ENSMFAG00000035634
ENSG00000165131,ENSMFAG00000059319
ENSG00000165131,ENSMFAG00000032025
ENSG00000207338,ENSMFAG00000011896
ENSG00000170807,ENSMFAG00000001768
ENSG00000111728,ENSMFAG00000042675
ENSG00000130427,ENSMFAG00000044414
ENSG00000105738,ENSMFAG00000037792
ENSG00000252980,ENSMFAG00000040470
ENSG00000182459,ENSMFAG00000051146
ENSG00000167325,ENSMFAG00000034349
ENSG00000182180,ENSMFAG00000042542
ENSG00000125409,ENSMFAG00000041688
ENSG00000146839,ENSMFAG00000039018
ENSG00000170473,ENSMFAG00000003048
ENSG00000107443,ENSMFAG00000037933
ENSG00000257108,ENSMFAG00000050511
ENSG00000180263,ENSMFAG00000038155
ENSG00000200437,ENSMFAG00000060514
ENSG00000239888,ENSMFAG00000009070
ENSG00000158301,ENSMFAG00000030449
ENSG00000100504,ENSMFAG00000006403
ENSG00000265411,ENSMFAG00000011691
ENSG00000265411,ENSMFAG00000013964
ENSG00000265411,ENSMFAG00000012393
ENSG00000265315,ENSMFAG00000011691
ENSG00000265315,ENSMFAG00000013964
ENSG00000265315,ENSMFAG00000012393
ENSG00000221540,ENSMFAG00000005798
ENSG00000185298,ENSMFAG00000036416
ENSG00000071553,ENSMFAG00000003619
ENSG00000148834,ENSMFAG00000033599
ENSG00000186765,ENSMFAG00000053754
ENSG00000104897,ENSMFAG00000002638
ENSG00000138735,ENSMFAG00000041058
ENSG00000132471,ENSMFAG00000031565
ENSG00000147133,ENSMFAG00000001749
ENSG00000166987,ENSMFAG00000002085
ENSG00000107949,ENSMFAG00000036436
ENSG00000180720,ENSMFAG00000021204
ENSG00000118137,ENSMFAG00000042160
ENSG00000223189,ENSMFAG00000053121
ENSG00000116329,ENSMFAG00000034678
ENSG00000244218,ENSMFAG00000016954
ENSG00000129680,ENSMFAG00000000334
ENSG00000167535,ENSMFAG00000041712
ENSG00000128524,ENSMFAG00000049671
ENSG00000147419,ENSMFAG00000035835
ENSG00000122254,ENSMFAG00000000041
ENSG00000283683,ENSMFAG00000039392
ENSG00000272899,ENSMFAG00000038017
ENSG00000265763,ENSMFAG00000037619
ENSG00000130254,ENSMFAG00000039706
ENSG00000177535,ENSMFAG00000029820
ENSG00000130720,ENSMFAG00000003220
ENSG00000188340,ENSMFAG00000064046
ENSG00000161055,ENSMFAG00000040059
ENSG00000203814,ENSMFAG00000003396
ENSG00000170419,ENSMFAG00000038380
ENSG00000270276,ENSMFAG00000047801
ENSG00000169032,ENSMFAG00000036522
ENSG00000138182,ENSMFAG00000039355
ENSG00000184678,ENSMFAG00000060844
ENSG00000113361,ENSMFAG00000001830
ENSG00000175143,ENSMFAG00000047840
ENSG00000142224,ENSMFAG00000036818
ENSG00000149328,ENSMFAG00000044876
ENSG00000147854,ENSMFAG00000033273
ENSG00000127804,ENSMFAG00000038724
ENSG00000187180,ENSMFAG00000054616
ENSG00000196242,ENSMFAG00000056705
ENSG00000158525,ENSMFAG00000045025
ENSG00000156968,ENSMFAG00000038161
ENSG00000152684,ENSMFAG00000000651
ENSG00000081277,ENSMFAG00000003596
ENSG00000138750,ENSMFAG00000031205
ENSG00000152611,ENSMFAG00000002782
ENSG00000122299,ENSMFAG00000031501
ENSG00000239884,ENSMFAG00000007730
ENSG00000212469,ENSMFAG00000035126
ENSG00000166959,ENSMFAG00000002193
ENSG00000128191,ENSMFAG00000033708
ENSG00000101247,ENSMFAG00000044840
ENSG00000136450,ENSMFAG00000040003
ENSG00000138658,ENSMFAG00000038639
ENSG00000082196,ENSMFAG00000047380
ENSG00000105193,ENSMFAG00000001184
ENSG00000121053,ENSMFAG00000045806
ENSG00000214753,ENSMFAG00000041014
ENSG00000172497,ENSMFAG00000000202
ENSG00000123130,ENSMFAG00000041858
ENSG00000167716,ENSMFAG00000038622
ENSG00000198060,ENSMFAG00000041550
ENSG00000242574,ENSMFAG00000004018
ENSG00000086159,ENSMFAG00000003316
ENSG00000107833,ENSMFAG00000041878
ENSG00000197901,ENSMFAG00000003484
ENSG00000087245,ENSMFAG00000037156
ENSG00000156735,ENSMFAG00000032088
ENSG00000139117,ENSMFAG00000041185
ENSG00000200942,ENSMFAG00000062731
ENSG00000024862,ENSMFAG00000032668
ENSG00000101190,ENSMFAG00000002692
ENSG00000252750,ENSMFAG00000014116
ENSG00000170458,ENSMFAG00000025943
ENSG00000148291,ENSMFAG00000031802
ENSG00000014164,ENSMFAG00000036060
ENSG00000221740,ENSMFAG00000010152
ENSG00000168016,ENSMFAG00000001558
ENSG00000201796,ENSMFAG00000005897
ENSG00000207597,ENSMFAG00000012478
ENSG00000199646,ENSMFAG00000056883
ENSG00000146063,ENSMFAG00000045108
ENSG00000206843,ENSMFAG00000051294
ENSG00000184599,ENSMFAG00000064876
ENSG00000252003,ENSMFAG00000006613
ENSG00000170471,ENSMFAG00000039697
ENSG00000173581,ENSMFAG00000032895
ENSG00000140575,ENSMFAG00000044182
ENSG00000173868,ENSMFAG00000041672
ENSG00000138175,ENSMFAG00000057536
ENSG00000183807,ENSMFAG00000050195
ENSG00000189056,ENSMFAG00000033948
ENSG00000225921,ENSMFAG00000017762
ENSG00000197780,ENSMFAG00000036679
ENSG00000221673,ENSMFAG00000058393
ENSG00000222370,ENSMFAG00000006573
ENSG00000182896,ENSMFAG00000028065
ENSG00000178567,ENSMFAG00000025920
ENSG00000172172,ENSMFAG00000009755
ENSG00000243173,ENSMFAG00000020271
ENSG00000206645,ENSMFAG00000052106
ENSG00000164691,ENSMFAG00000032965
ENSG00000082515,ENSMFAG00000001423
ENSG00000189180,ENSMFAG00000002680
ENSG00000238423,ENSMFAG00000004474
ENSG00000238578,ENSMFAG00000017927
ENSG00000179934,ENSMFAG00000056610
ENSG00000238649,ENSMFAG00000004451
ENSG00000238597,ENSMFAG00000005408
ENSG00000160606,ENSMFAG00000037103
ENSG00000169439,ENSMFAG00000041222
ENSG00000202388,ENSMFAG00000023248
ENSG00000134539,ENSMFAG00000001286
ENSG00000127603,ENSMFAG00000036050
ENSG00000133812,ENSMFAG00000044936
ENSG00000172986,ENSMFAG00000044294
ENSG00000164182,ENSMFAG00000003670
ENSG00000100714,ENSMFAG00000036930
ENSG00000276890,ENSMFAG00000060326
ENSG00000238959,ENSMFAG00000012125
ENSG00000145781,ENSMFAG00000002934
ENSG00000186919,ENSMFAG00000002475
ENSG00000173175,ENSMFAG00000003197
ENSG00000157869,ENSMFAG00000037037
ENSG00000102970,ENSMFAG00000062105
ENSG00000105185,ENSMFAG00000044379
ENSG00000120137,ENSMFAG00000031110
ENSG00000182687,ENSMFAG00000041508
ENSG00000252212,ENSMFAG00000017753
ENSG00000211514,ENSMFAG00000011397
ENSG00000207996,ENSMFAG00000014582
ENSG00000068489,ENSMFAG00000000572
ENSG00000168928,ENSMFAG00000036811
ENSG00000168928,ENSMFAG00000022948
ENSG00000065328,ENSMFAG00000031145
ENSG00000082074,ENSMFAG00000038840
ENSG00000111713,ENSMFAG00000002312
ENSG00000171724,ENSMFAG00000034237
ENSG00000147654,ENSMFAG00000000766
ENSG00000178573,ENSMFAG00000064321
ENSG00000207235,ENSMFAG00000011571
ENSG00000185924,ENSMFAG00000042091
ENSG00000108963,ENSMFAG00000046413
ENSG00000168925,ENSMFAG00000036811
ENSG00000168925,ENSMFAG00000022948
ENSG00000213886,ENSMFAG00000036615
ENSG00000196684,ENSMFAG00000039402
ENSG00000137265,ENSMFAG00000045100
ENSG00000038002,ENSMFAG00000003729
ENSG00000179304,ENSMFAG00000030091
ENSG00000176692,ENSMFAG00000063598
ENSG00000205078,ENSMFAG00000031480
ENSG00000103111,ENSMFAG00000039703
ENSG00000075539,ENSMFAG00000034687
ENSG00000198721,ENSMFAG00000039175
ENSG00000105171,ENSMFAG00000029606
ENSG00000165682,ENSMFAG00000034215
ENSG00000128617,ENSMFAG00000036697
ENSG00000133134,ENSMFAG00000039332
ENSG00000277265,ENSMFAG00000008460
ENSG00000277265,ENSMFAG00000051660
ENSG00000122543,ENSMFAG00000047484
ENSG00000179941,ENSMFAG00000033883
ENSG00000184939,ENSMFAG00000026158
ENSG00000267200,ENSMFAG00000010410
ENSG00000267195,ENSMFAG00000018523
ENSG00000184515,ENSMFAG00000033250
ENSG00000265777,ENSMFAG00000060800
ENSG00000145708,ENSMFAG00000041775
ENSG00000172969,ENSMFAG00000051429
ENSG00000172969,ENSMFAG00000049078
ENSG00000172969,ENSMFAG00000024482
ENSG00000236398,ENSMFAG00000061425
ENSG00000151490,ENSMFAG00000034143
ENSG00000221937,ENSMFAG00000030123
ENSG00000077264,ENSMFAG00000036634
ENSG00000239419,ENSMFAG00000062013
ENSG00000240322,ENSMFAG00000049241
ENSG00000206734,ENSMFAG00000061106
ENSG00000239823,ENSMFAG00000010254
ENSG00000185899,ENSMFAG00000001115
ENSG00000284368,ENSMFAG00000006255
ENSG00000221855,ENSMFAG00000057331
ENSG00000171316,ENSMFAG00000041825
ENSG00000186834,ENSMFAG00000030480
ENSG00000271079,ENSMFAG00000041741
ENSG00000271079,ENSMFAG00000039934
ENSG00000271079,ENSMFAG00000009700
ENSG00000252037,ENSMFAG00000065057
ENSG00000252037,ENSMFAG00000050909
ENSG00000252037,ENSMFAG00000051456
ENSG00000252037,ENSMFAG00000062114
ENSG00000283528,ENSMFAG00000038110
ENSG00000202023,ENSMFAG00000020061
ENSG00000206777,ENSMFAG00000056605
ENSG00000206713,ENSMFAG00000050769
ENSG00000106682,ENSMFAG00000031975
ENSG00000223217,ENSMFAG00000011707
ENSG00000178150,ENSMFAG00000044862
ENSG00000137745,ENSMFAG00000001049
ENSG00000145692,ENSMFAG00000030260
ENSG00000207127,ENSMFAG00000010805
ENSG00000241156,ENSMFAG00000005120
ENSG00000181222,ENSMFAG00000007042
ENSG00000169126,ENSMFAG00000038877
ENSG00000167741,ENSMFAG00000047923
ENSG00000189143,ENSMFAG00000024997
ENSG00000140948,ENSMFAG00000044504
ENSG00000258083,ENSMFAG00000042777
ENSG00000213215,ENSMFAG00000057425
ENSG00000160877,ENSMFAG00000036952
ENSG00000161905,ENSMFAG00000045049
ENSG00000240720,ENSMFAG00000032600
ENSG00000146776,ENSMFAG00000033602
ENSG00000160229,ENSMFAG00000061876
ENSG00000129167,ENSMFAG00000065213
ENSG00000038274,ENSMFAG00000035818
ENSG00000168476,ENSMFAG00000036428
ENSG00000130255,ENSMFAG00000034345
ENSG00000154118,ENSMFAG00000042205
ENSG00000182853,ENSMFAG00000001718
ENSG00000134569,ENSMFAG00000003482
ENSG00000166143,ENSMFAG00000063935
ENSG00000108556,ENSMFAG00000000833
ENSG00000055609,ENSMFAG00000046075
ENSG00000158480,ENSMFAG00000041088
ENSG00000006210,ENSMFAG00000056311
ENSG00000108786,ENSMFAG00000030629
ENSG00000100490,ENSMFAG00000003833
ENSG00000101464,ENSMFAG00000042795
ENSG00000140836,ENSMFAG00000034225
ENSG00000167680,ENSMFAG00000031298
ENSG00000068120,ENSMFAG00000003964
ENSG00000184277,ENSMFAG00000021961
ENSG00000063978,ENSMFAG00000050616
ENSG00000186468,ENSMFAG00000046092
ENSG00000109846,ENSMFAG00000034267
ENSG00000140873,ENSMFAG00000003786
ENSG00000070193,ENSMFAG00000003698
ENSG00000131470,ENSMFAG00000044078
ENSG00000172201,ENSMFAG00000055287
ENSG00000175449,ENSMFAG00000037560
ENSG00000163424,ENSMFAG00000047751
ENSG00000095787,ENSMFAG00000001983
ENSG00000124568,ENSMFAG00000037547
ENSG00000101310,ENSMFAG00000041652
ENSG00000103241,ENSMFAG00000039933
ENSG00000275342,ENSMFAG00000035675
ENSG00000207310,ENSMFAG00000061408
ENSG00000183793,ENSMFAG00000034521
ENSG00000176928,ENSMFAG00000005546
ENSG00000147687,ENSMFAG00000037399
ENSG00000133800,ENSMFAG00000031520
ENSG00000145808,ENSMFAG00000043585
ENSG00000166426,ENSMFAG00000060740
ENSG00000238685,ENSMFAG00000019433
ENSG00000207167,ENSMFAG00000004788
ENSG00000200062,ENSMFAG00000017772
ENSG00000275808,ENSMFAG00000062142
ENSG00000252101,ENSMFAG00000006882
ENSG00000199949,ENSMFAG00000012380
ENSG00000200204,ENSMFAG00000010362
ENSG00000087842,ENSMFAG00000032499
ENSG00000140451,ENSMFAG00000042218
ENSG00000170448,ENSMFAG00000039913
ENSG00000180210,ENSMFAG00000031977
ENSG00000238898,ENSMFAG00000030708
ENSG00000238658,ENSMFAG00000005728
ENSG00000167981,ENSMFAG00000052188
ENSG00000238704,ENSMFAG00000024506
ENSG00000089558,ENSMFAG00000003215
ENSG00000215131,ENSMFAG00000042292
ENSG00000161610,ENSMFAG00000052935
ENSG00000212186,ENSMFAG00000006006
ENSG00000252971,ENSMFAG00000006858
ENSG00000276577,ENSMFAG00000008557
ENSG00000184544,ENSMFAG00000044197
ENSG00000164284,ENSMFAG00000044538
ENSG00000108684,ENSMFAG00000007668
ENSG00000256087,ENSMFAG00000045586
ENSG00000206755,ENSMFAG00000022931
ENSG00000281991,ENSMFAG00000041623
ENSG00000113719,ENSMFAG00000037788
ENSG00000175938,ENSMFAG00000037299
ENSG00000064545,ENSMFAG00000043553
ENSG00000146250,ENSMFAG00000030491
ENSG00000103510,ENSMFAG00000030391
ENSG00000198670,ENSMFAG00000064690
ENSG00000198670,ENSMFAG00000063217
ENSG00000137135,ENSMFAG00000046013
ENSG00000184361,ENSMFAG00000044892
ENSG00000167916,ENSMFAG00000039579
ENSG00000100345,ENSMFAG00000035156
ENSG00000204897,ENSMFAG00000037286
ENSG00000171446,ENSMFAG00000039079
ENSG00000212450,ENSMFAG00000053121
ENSG00000112697,ENSMFAG00000036109
ENSG00000146678,ENSMFAG00000048847
ENSG00000173908,ENSMFAG00000040928
ENSG00000068400,ENSMFAG00000002305
ENSG00000186395,ENSMFAG00000038850
ENSG00000103490,ENSMFAG00000033296
ENSG00000176018,ENSMFAG00000034572
ENSG00000187242,ENSMFAG00000003650
ENSG00000103310,ENSMFAG00000034578
ENSG00000252821,ENSMFAG00000035306
ENSG00000241420,ENSMFAG00000008047
ENSG00000164610,ENSMFAG00000001526
ENSG00000108244,ENSMFAG00000038526
ENSG00000205085,ENSMFAG00000045927
ENSG00000091010,ENSMFAG00000037381
ENSG00000177556,ENSMFAG00000050498
ENSG00000222357,ENSMFAG00000021425
ENSG00000187416,ENSMFAG00000001357
ENSG00000175311,ENSMFAG00000042236
ENSG00000145782,ENSMFAG00000060418
ENSG00000254469,ENSMFAG00000049163
ENSG00000221813,ENSMFAG00000007946
ENSG00000135437,ENSMFAG00000002032
ENSG00000109133,ENSMFAG00000043209
ENSG00000146618,ENSMFAG00000019773
ENSG00000200869,ENSMFAG00000010267
ENSG00000212189,ENSMFAG00000008303
ENSG00000252138,ENSMFAG00000004999
ENSG00000102891,ENSMFAG00000056797
ENSG00000212807,ENSMFAG00000059684
ENSG00000243896,ENSMFAG00000065719
ENSG00000169715,ENSMFAG00000032548
ENSG00000221970,ENSMFAG00000059684
ENSG00000221933,ENSMFAG00000060020
ENSG00000157613,ENSMFAG00000031047
ENSG00000221858,ENSMFAG00000060754
ENSG00000133874,ENSMFAG00000025156
ENSG00000221938,ENSMFAG00000060315
ENSG00000111011,ENSMFAG00000036398
ENSG00000007314,ENSMFAG00000035414
ENSG00000137204,ENSMFAG00000000127
ENSG00000184863,ENSMFAG00000030258
ENSG00000090932,ENSMFAG00000046282
ENSG00000207248,ENSMFAG00000058241
ENSG00000207042,ENSMFAG00000056683
ENSG00000078295,ENSMFAG00000001655
ENSG00000152234,ENSMFAG00000001649
ENSG00000200652,ENSMFAG00000024342
ENSG00000200138,ENSMFAG00000014175
ENSG00000275591,ENSMFAG00000036702
ENSG00000165699,ENSMFAG00000007299
ENSG00000224383,ENSMFAG00000038365
ENSG00000185728,ENSMFAG00000043451
ENSG00000063244,ENSMFAG00000038383
ENSG00000197272,ENSMFAG00000033566
ENSG00000170788,ENSMFAG00000036906
ENSG00000178607,ENSMFAG00000040147
ENSG00000164690,ENSMFAG00000064015
ENSG00000177455,ENSMFAG00000003219
ENSG00000183060,ENSMFAG00000063244
ENSG00000207061,ENSMFAG00000051774
ENSG00000038219,ENSMFAG00000036973
ENSG00000130675,ENSMFAG00000043162
ENSG00000199753,ENSMFAG00000023712
ENSG00000277887,ENSMFAG00000053504
ENSG00000277887,ENSMFAG00000007651
ENSG00000221044,ENSMFAG00000021175
ENSG00000161664,ENSMFAG00000032286
ENSG00000106633,ENSMFAG00000043774
ENSG00000150783,ENSMFAG00000002760
ENSG00000138161,ENSMFAG00000033660
ENSG00000131931,ENSMFAG00000031016
ENSG00000074410,ENSMFAG00000040970
ENSG00000183979,ENSMFAG00000061505
ENSG00000184451,ENSMFAG00000000870
ENSG00000160973,ENSMFAG00000040568
ENSG00000135426,ENSMFAG00000040218
ENSG00000108797,ENSMFAG00000046099
ENSG00000176171,ENSMFAG00000036887
ENSG00000146352,ENSMFAG00000003285
ENSG00000147548,ENSMFAG00000034989
ENSG00000169682,ENSMFAG00000001593
ENSG00000111860,ENSMFAG00000000904
ENSG00000196305,ENSMFAG00000033748
ENSG00000169740,ENSMFAG00000032618
ENSG00000129455,ENSMFAG00000007242
ENSG00000167695,ENSMFAG00000000080
ENSG00000138166,ENSMFAG00000002031
ENSG00000109270,ENSMFAG00000051523
ENSG00000179409,ENSMFAG00000037363
ENSG00000170279,ENSMFAG00000050537
ENSG00000184381,ENSMFAG00000046328
ENSG00000251712,ENSMFAG00000050162
ENSG00000275586,ENSMFAG00000051421
ENSG00000239468,ENSMFAG00000012166
ENSG00000250719,ENSMFAG00000036616
ENSG00000252316,ENSMFAG00000034878
ENSG00000171357,ENSMFAG00000036741
ENSG00000202354,ENSMFAG00000012901
ENSG00000201098,ENSMFAG00000013160
ENSG00000107937,ENSMFAG00000046251
ENSG00000202528,ENSMFAG00000017526
ENSG00000203685,ENSMFAG00000035398
ENSG00000284844,ENSMFAG00000046386
ENSG00000121690,ENSMFAG00000030758
ENSG00000274656,ENSMFAG00000017026
ENSG00000276178,ENSMFAG00000059190
ENSG00000244682,ENSMFAG00000052135
ENSG00000244682,ENSMFAG00000059325
ENSG00000244682,ENSMFAG00000038066
ENSG00000109654,ENSMFAG00000033003
ENSG00000253084,ENSMFAG00000020097
ENSG00000252328,ENSMFAG00000040239
ENSG00000073598,ENSMFAG00000000308
ENSG00000275930,ENSMFAG00000059190
ENSG00000164631,ENSMFAG00000006390
ENSG00000175387,ENSMFAG00000045652
ENSG00000118520,ENSMFAG00000045543
ENSG00000137815,ENSMFAG00000039115
ENSG00000273516,ENSMFAG00000061602
ENSG00000263353,ENSMFAG00000058017
ENSG00000200254,ENSMFAG00000064823
ENSG00000288867,ENSMFAG00000058017
ENSG00000289549,ENSMFAG00000058017
ENSG00000271567,ENSMFAG00000058017
ENSG00000279782,ENSMFAG00000058017
ENSG00000236334,ENSMFAG00000058017
ENSG00000169876,ENSMFAG00000052734
ENSG00000270339,ENSMFAG00000058017
ENSG00000162413,ENSMFAG00000044736
ENSG00000158104,ENSMFAG00000046346
ENSG00000141252,ENSMFAG00000002507
ENSG00000199471,ENSMFAG00000023682
ENSG00000160472,ENSMFAG00000031628
ENSG00000105991,ENSMFAG00000034381
ENSG00000127481,ENSMFAG00000035375
ENSG00000180357,ENSMFAG00000002867
ENSG00000278129,ENSMFAG00000001075
ENSG00000105996,ENSMFAG00000040635
ENSG00000106004,ENSMFAG00000061184
ENSG00000142396,ENSMFAG00000053793
ENSG00000252172,ENSMFAG00000013653
ENSG00000106006,ENSMFAG00000030075
ENSG00000168070,ENSMFAG00000001100
ENSG00000122592,ENSMFAG00000058004
ENSG00000244632,ENSMFAG00000021731
ENSG00000252449,ENSMFAG00000040448
ENSG00000078399,ENSMFAG00000041407
ENSG00000140374,ENSMFAG00000018597
ENSG00000185008,ENSMFAG00000000082
ENSG00000283745,ENSMFAG00000013812
ENSG00000184232,ENSMFAG00000032739
ENSG00000005073,ENSMFAG00000044467
ENSG00000178982,ENSMFAG00000033962
ENSG00000106031,ENSMFAG00000039716
ENSG00000106038,ENSMFAG00000056940
ENSG00000077800,ENSMFAG00000002859
ENSG00000164296,ENSMFAG00000028440
ENSG00000157111,ENSMFAG00000032334
ENSG00000145247,ENSMFAG00000000259
ENSG00000102886,ENSMFAG00000031264
ENSG00000166016,ENSMFAG00000001208
ENSG00000131013,ENSMFAG00000032721
ENSG00000072786,ENSMFAG00000033923
ENSG00000118514,ENSMFAG00000037548
ENSG00000206709,ENSMFAG00000004703
ENSG00000180269,ENSMFAG00000047503
ENSG00000110169,ENSMFAG00000041337
ENSG00000274070,ENSMFAG00000064546
ENSG00000205268,ENSMFAG00000034489
ENSG00000155719,ENSMFAG00000034212
ENSG00000277127,ENSMFAG00000065760
ENSG00000202035,ENSMFAG00000059190
ENSG00000004846,ENSMFAG00000020450
ENSG00000122882,ENSMFAG00000039372
ENSG00000226979,ENSMFAG00000031696
ENSG00000163440,ENSMFAG00000001261
ENSG00000111875,ENSMFAG00000035748
ENSG00000197894,ENSMFAG00000044468
ENSG00000119698,ENSMFAG00000031167
ENSG00000112514,ENSMFAG00000044039
ENSG00000169131,ENSMFAG00000013407
ENSG00000211454,ENSMFAG00000059587
ENSG00000211454,ENSMFAG00000056177
ENSG00000175691,ENSMFAG00000045401
ENSG00000240490,ENSMFAG00000008434
ENSG00000128346,ENSMFAG00000039078
ENSG00000116731,ENSMFAG00000037989
ENSG00000105131,ENSMFAG00000001020
ENSG00000184220,ENSMFAG00000045006
ENSG00000149596,ENSMFAG00000002372
ENSG00000285480,ENSMFAG00000055679
ENSG00000175643,ENSMFAG00000031874
ENSG00000032219,ENSMFAG00000037044
ENSG00000185022,ENSMFAG00000000319
ENSG00000178279,ENSMFAG00000036693
ENSG00000168386,ENSMFAG00000036755
ENSG00000212228,ENSMFAG00000011611
ENSG00000147535,ENSMFAG00000003982
ENSG00000122304,ENSMFAG00000039200
ENSG00000112818,ENSMFAG00000034108
ENSG00000169314,ENSMFAG00000033915
ENSG00000199668,ENSMFAG00000047694
ENSG00000274505,ENSMFAG00000063459
ENSG00000124222,ENSMFAG00000034376
ENSG00000170379,ENSMFAG00000038110
ENSG00000188672,ENSMFAG00000042317
ENSG00000172007,ENSMFAG00000003290
ENSG00000167601,ENSMFAG00000039691
ENSG00000148600,ENSMFAG00000001885
ENSG00000154917,ENSMFAG00000057696
ENSG00000157404,ENSMFAG00000041033
ENSG00000200153,ENSMFAG00000055570
ENSG00000221514,ENSMFAG00000023596
ENSG00000221066,ENSMFAG00000023577
ENSG00000252122,ENSMFAG00000053664
ENSG00000106304,ENSMFAG00000033680
ENSG00000034713,ENSMFAG00000041724
ENSG00000184661,ENSMFAG00000044937
ENSG00000282757,ENSMFAG00000037666
ENSG00000240199,ENSMFAG00000015983
ENSG00000146282,ENSMFAG00000039420
ENSG00000283755,ENSMFAG00000045285
ENSG00000266439,ENSMFAG00000021697
ENSG00000114349,ENSMFAG00000032223
ENSG00000199482,ENSMFAG00000054208
ENSG00000148942,ENSMFAG00000037034
ENSG00000197123,ENSMFAG00000002994
ENSG00000130656,ENSMFAG00000061634
ENSG00000130656,ENSMFAG00000064413
ENSG00000130656,ENSMFAG00000044915
ENSG00000234444,ENSMFAG00000039859
ENSG00000206177,ENSMFAG00000042497
ENSG00000206177,ENSMFAG00000050270
ENSG00000148331,ENSMFAG00000007597
ENSG00000207243,ENSMFAG00000052029
ENSG00000207243,ENSMFAG00000007371
ENSG00000167780,ENSMFAG00000033078
ENSG00000202336,ENSMFAG00000036253
ENSG00000182810,ENSMFAG00000032978
ENSG00000164600,ENSMFAG00000025612
ENSG00000242616,ENSMFAG00000039837
ENSG00000201165,ENSMFAG00000063573
ENSG00000207344,ENSMFAG00000004446
ENSG00000207062,ENSMFAG00000059566
ENSG00000072736,ENSMFAG00000043795
ENSG00000252590,ENSMFAG00000012209
ENSG00000200847,ENSMFAG00000053281
ENSG00000164808,ENSMFAG00000043945
ENSG00000109956,ENSMFAG00000040335
ENSG00000140006,ENSMFAG00000021342
ENSG00000165629,ENSMFAG00000030332
ENSG00000114547,ENSMFAG00000041234
ENSG00000114547,ENSMFAG00000040261
ENSG00000204711,ENSMFAG00000034619
ENSG00000132911,ENSMFAG00000043345
ENSG00000157379,ENSMFAG00000034466
ENSG00000168228,ENSMFAG00000033636
ENSG00000009954,ENSMFAG00000030535
ENSG00000131732,ENSMFAG00000001943
ENSG00000204640,ENSMFAG00000035510
ENSG00000200432,ENSMFAG00000065141
ENSG00000186660,ENSMFAG00000043036
ENSG00000272020,ENSMFAG00000030092
ENSG00000100359,ENSMFAG00000032498
ENSG00000136720,ENSMFAG00000051499
ENSG00000152034,ENSMFAG00000040175
ENSG00000107223,ENSMFAG00000058559
ENSG00000187605,ENSMFAG00000043352
ENSG00000101782,ENSMFAG00000035617
ENSG00000036828,ENSMFAG00000039832
ENSG00000095970,ENSMFAG00000031820
ENSG00000132823,ENSMFAG00000000578
ENSG00000169918,ENSMFAG00000037629
ENSG00000006606,ENSMFAG00000031524
ENSG00000011332,ENSMFAG00000042304
ENSG00000096654,ENSMFAG00000045374
ENSG00000169020,ENSMFAG00000052778
ENSG00000135587,ENSMFAG00000033236
ENSG00000166797,ENSMFAG00000035924
ENSG00000201643,ENSMFAG00000023757
ENSG00000101407,ENSMFAG00000030342
ENSG00000130717,ENSMFAG00000005947
ENSG00000207117,ENSMFAG00000008306
ENSG00000199251,ENSMFAG00000056980
ENSG00000183801,ENSMFAG00000045531
ENSG00000200764,ENSMFAG00000051009
ENSG00000112337,ENSMFAG00000002772
ENSG00000135973,ENSMFAG00000016339
ENSG00000164105,ENSMFAG00000037966
ENSG00000158683,ENSMFAG00000031282
ENSG00000178562,ENSMFAG00000003864
ENSG00000078140,ENSMFAG00000030518
ENSG00000204397,ENSMFAG00000001158
ENSG00000175455,ENSMFAG00000031262
ENSG00000166961,ENSMFAG00000036056
ENSG00000187446,ENSMFAG00000063219
ENSG00000154252,ENSMFAG00000049116
ENSG00000132563,ENSMFAG00000042585
ENSG00000139547,ENSMFAG00000045675
ENSG00000139547,ENSMFAG00000052881
ENSG00000197122,ENSMFAG00000032120
ENSG00000139344,ENSMFAG00000046264
ENSG00000178988,ENSMFAG00000056896
ENSG00000084092,ENSMFAG00000035534
ENSG00000104093,ENSMFAG00000035773
ENSG00000166171,ENSMFAG00000036058
ENSG00000164114,ENSMFAG00000038148
ENSG00000165478,ENSMFAG00000000658
ENSG00000166183,ENSMFAG00000032841
ENSG00000135083,ENSMFAG00000002131
ENSG00000146425,ENSMFAG00000033424
ENSG00000206538,ENSMFAG00000003253
ENSG00000149577,ENSMFAG00000032882
ENSG00000146038,ENSMFAG00000001295
ENSG00000141425,ENSMFAG00000000125
ENSG00000164651,ENSMFAG00000055927
ENSG00000121594,ENSMFAG00000032987
ENSG00000092421,ENSMFAG00000041392
ENSG00000128512,ENSMFAG00000044248
ENSG00000204301,ENSMFAG00000033054
ENSG00000101189,ENSMFAG00000058768
ENSG00000093217,ENSMFAG00000001309
ENSG00000125875,ENSMFAG00000012722
ENSG00000150867,ENSMFAG00000003288
ENSG00000081923,ENSMFAG00000036154
ENSG00000205208,ENSMFAG00000051841
ENSG00000196526,ENSMFAG00000039822
ENSG00000151746,ENSMFAG00000035359
ENSG00000172167,ENSMFAG00000030284
ENSG00000095564,ENSMFAG00000044979
ENSG00000172493,ENSMFAG00000037700
ENSG00000112282,ENSMFAG00000008281
ENSG00000110243,ENSMFAG00000038810
ENSG00000147570,ENSMFAG00000001799
ENSG00000105750,ENSMFAG00000040852
ENSG00000110934,ENSMFAG00000046291
ENSG00000136868,ENSMFAG00000041084
ENSG00000101216,ENSMFAG00000053299
ENSG00000177042,ENSMFAG00000045314
ENSG00000164924,ENSMFAG00000001740
ENSG00000119522,ENSMFAG00000031585
ENSG00000132275,ENSMFAG00000046084
ENSG00000088827,ENSMFAG00000041387
ENSG00000125755,ENSMFAG00000038558
ENSG00000166323,ENSMFAG00000042308
ENSG00000109381,ENSMFAG00000042627
ENSG00000170558,ENSMFAG00000004661
ENSG00000006059,ENSMFAG00000022725
ENSG00000176371,ENSMFAG00000037318
ENSG00000125826,ENSMFAG00000042138
ENSG00000131738,ENSMFAG00000036674
ENSG00000153006,ENSMFAG00000057642
ENSG00000198408,ENSMFAG00000032188
ENSG00000101843,ENSMFAG00000038788
ENSG00000149021,ENSMFAG00000043963
ENSG00000164366,ENSMFAG00000033953
ENSG00000014138,ENSMFAG00000031551
ENSG00000145536,ENSMFAG00000000579
ENSG00000188229,ENSMFAG00000021762
ENSG00000108417,ENSMFAG00000062223
ENSG00000252222,ENSMFAG00000059541
ENSG00000010610,ENSMFAG00000041228
ENSG00000141337,ENSMFAG00000018643
ENSG00000162704,ENSMFAG00000036678
ENSG00000114771,ENSMFAG00000031479
ENSG00000157483,ENSMFAG00000032366
ENSG00000173627,ENSMFAG00000049493
ENSG00000188566,ENSMFAG00000039422
ENSG00000165359,ENSMFAG00000031012
ENSG00000204614,ENSMFAG00000047681
ENSG00000201850,ENSMFAG00000034943
ENSG00000212445,ENSMFAG00000011687
ENSG00000162641,ENSMFAG00000043987
ENSG00000164663,ENSMFAG00000040586
ENSG00000252026,ENSMFAG00000014402
ENSG00000222177,ENSMFAG00000007336
ENSG00000199263,ENSMFAG00000063659
ENSG00000201164,ENSMFAG00000006951
ENSG00000112486,ENSMFAG00000062524
ENSG00000202332,ENSMFAG00000058403
ENSG00000175182,ENSMFAG00000028860
ENSG00000255713,ENSMFAG00000052698
ENSG00000197226,ENSMFAG00000000062
ENSG00000130363,ENSMFAG00000041726
ENSG00000176108,ENSMFAG00000003684
ENSG00000080546,ENSMFAG00000031220
ENSG00000164163,ENSMFAG00000038310
ENSG00000175104,ENSMFAG00000040017
ENSG00000205899,ENSMFAG00000065543
ENSG00000184588,ENSMFAG00000000162
ENSG00000184811,ENSMFAG00000065706
ENSG00000036672,ENSMFAG00000038340
ENSG00000073464,ENSMFAG00000041385
ENSG00000121060,ENSMFAG00000040872
ENSG00000149925,ENSMFAG00000031476
ENSG00000149925,ENSMFAG00000044694
ENSG00000114200,ENSMFAG00000031933
ENSG00000120805,ENSMFAG00000035725
ENSG00000112299,ENSMFAG00000044253
ENSG00000050393,ENSMFAG00000052482
ENSG00000197958,ENSMFAG00000029464
ENSG00000197958,ENSMFAG00000000909
ENSG00000197958,ENSMFAG00000058953
ENSG00000197958,ENSMFAG00000051140
ENSG00000197958,ENSMFAG00000049174
ENSG00000197958,ENSMFAG00000033495
ENSG00000141579,ENSMFAG00000003154
ENSG00000172939,ENSMFAG00000041036
ENSG00000134758,ENSMFAG00000040383
ENSG00000176845,ENSMFAG00000061249
ENSG00000155465,ENSMFAG00000045060
ENSG00000139178,ENSMFAG00000000168
ENSG00000110442,ENSMFAG00000060407
ENSG00000183826,ENSMFAG00000042789
ENSG00000146555,ENSMFAG00000032698
ENSG00000206824,ENSMFAG00000060437
ENSG00000172421,ENSMFAG00000037432
ENSG00000104738,ENSMFAG00000035531
ENSG00000197629,ENSMFAG00000007829
ENSG00000175213,ENSMFAG00000036575
ENSG00000132872,ENSMFAG00000043237
ENSG00000149218,ENSMFAG00000055848
ENSG00000116455,ENSMFAG00000030055
ENSG00000112394,ENSMFAG00000037297
ENSG00000251981,ENSMFAG00000006262
ENSG00000141447,ENSMFAG00000003468
ENSG00000135423,ENSMFAG00000045451
ENSG00000118507,ENSMFAG00000044065
ENSG00000011028,ENSMFAG00000039508
ENSG00000121933,ENSMFAG00000002528
ENSG00000100330,ENSMFAG00000003908
ENSG00000106003,ENSMFAG00000039730
ENSG00000148153,ENSMFAG00000043846
ENSG00000200360,ENSMFAG00000051399
ENSG00000131378,ENSMFAG00000043580
ENSG00000204060,ENSMFAG00000032820
ENSG00000196284,ENSMFAG00000020326
ENSG00000088876,ENSMFAG00000033379
ENSG00000151365,ENSMFAG00000060688
ENSG00000153936,ENSMFAG00000041676
ENSG00000117971,ENSMFAG00000044105
ENSG00000188523,ENSMFAG00000001992
ENSG00000010404,ENSMFAG00000037097
ENSG00000204472,ENSMFAG00000038139
ENSG00000164744,ENSMFAG00000031387
ENSG00000174903,ENSMFAG00000040560
ENSG00000165684,ENSMFAG00000003913
ENSG00000199697,ENSMFAG00000006147
ENSG00000004939,ENSMFAG00000036520
ENSG00000162040,ENSMFAG00000054823
ENSG00000265535,ENSMFAG00000023145
ENSG00000181218,ENSMFAG00000048092
ENSG00000196890,ENSMFAG00000049429
ENSG00000168159,ENSMFAG00000035159
ENSG00000164338,ENSMFAG00000031908
ENSG00000153060,ENSMFAG00000045530
ENSG00000107554,ENSMFAG00000002036
ENSG00000137968,ENSMFAG00000038111
ENSG00000086102,ENSMFAG00000038715
ENSG00000124813,ENSMFAG00000036650
ENSG00000196914,ENSMFAG00000001538
ENSG00000083896,ENSMFAG00000031927
ENSG00000196683,ENSMFAG00000035836
ENSG00000103356,ENSMFAG00000045825
ENSG00000042062,ENSMFAG00000034413
ENSG00000253293,ENSMFAG00000000953
ENSG00000074621,ENSMFAG00000000105
ENSG00000261115,ENSMFAG00000043984
ENSG00000275896,ENSMFAG00000057615
ENSG00000105877,ENSMFAG00000044423
ENSG00000036530,ENSMFAG00000002756
ENSG00000101331,ENSMFAG00000029757
ENSG00000163900,ENSMFAG00000037943
ENSG00000095587,ENSMFAG00000002794
ENSG00000086619,ENSMFAG00000045389
ENSG00000239702,ENSMFAG00000009230
ENSG00000114744,ENSMFAG00000064614
ENSG00000240589,ENSMFAG00000008399
ENSG00000277341,ENSMFAG00000063386
ENSG00000277341,ENSMFAG00000057418
ENSG00000277341,ENSMFAG00000054535
ENSG00000277341,ENSMFAG00000051373
ENSG00000277341,ENSMFAG00000056637
ENSG00000277341,ENSMFAG00000060680
ENSG00000284565,ENSMFAG00000006020
ENSG00000283819,ENSMFAG00000007126
ENSG00000205923,ENSMFAG00000039556
ENSG00000182040,ENSMFAG00000033616
ENSG00000284184,ENSMFAG00000013844
ENSG00000283736,ENSMFAG00000014158
ENSG00000252545,ENSMFAG00000005047
ENSG00000184166,ENSMFAG00000032236
ENSG00000200084,ENSMFAG00000005985
ENSG00000146233,ENSMFAG00000021727
ENSG00000150281,ENSMFAG00000064623
ENSG00000202361,ENSMFAG00000035080
ENSG00000155714,ENSMFAG00000038132
ENSG00000180016,ENSMFAG00000053060
ENSG00000127780,ENSMFAG00000057317
ENSG00000141255,ENSMFAG00000033957
ENSG00000140807,ENSMFAG00000044696
ENSG00000203786,ENSMFAG00000065755
ENSG00000135824,ENSMFAG00000035700
ENSG00000172175,ENSMFAG00000042329
ENSG00000186265,ENSMFAG00000003080
ENSG00000180815,ENSMFAG00000058383
ENSG00000180815,ENSMFAG00000000869
ENSG00000174227,ENSMFAG00000033335
ENSG00000140534,ENSMFAG00000031426
ENSG00000204147,ENSMFAG00000034694
ENSG00000145088,ENSMFAG00000046362
ENSG00000153292,ENSMFAG00000022221
ENSG00000206833,ENSMFAG00000058198
ENSG00000252569,ENSMFAG00000007142
ENSG00000124226,ENSMFAG00000001669
ENSG00000174640,ENSMFAG00000043043
ENSG00000145919,ENSMFAG00000003066
ENSG00000196693,ENSMFAG00000040878
ENSG00000100813,ENSMFAG00000044437
ENSG00000273829,ENSMFAG00000055821
ENSG00000273829,ENSMFAG00000064973
ENSG00000252526,ENSMFAG00000019519
ENSG00000207649,ENSMFAG00000011774
ENSG00000102931,ENSMFAG00000002659
ENSG00000107882,ENSMFAG00000038634
ENSG00000173678,ENSMFAG00000042064
ENSG00000125149,ENSMFAG00000031327
ENSG00000131725,ENSMFAG00000001942
ENSG00000186193,ENSMFAG00000063821
ENSG00000219200,ENSMFAG00000057972
ENSG00000170092,ENSMFAG00000042064
ENSG00000198901,ENSMFAG00000040819
ENSG00000262461,ENSMFAG00000042064
ENSG00000275976,ENSMFAG00000042064
ENSG00000215906,ENSMFAG00000032421
ENSG00000286038,ENSMFAG00000042064
ENSG00000101400,ENSMFAG00000039231
ENSG00000286014,ENSMFAG00000042064
ENSG00000185040,ENSMFAG00000042064
ENSG00000163564,ENSMFAG00000000883
ENSG00000186645,ENSMFAG00000042064
ENSG00000284112,ENSMFAG00000033811
ENSG00000165283,ENSMFAG00000039141
ENSG00000136206,ENSMFAG00000042064
ENSG00000284027,ENSMFAG00000006193
ENSG00000174327,ENSMFAG00000009701
ENSG00000199053,ENSMFAG00000005957
ENSG00000040633,ENSMFAG00000032158
ENSG00000161911,ENSMFAG00000000750
ENSG00000164532,ENSMFAG00000046090
ENSG00000146232,ENSMFAG00000037930
ENSG00000184203,ENSMFAG00000029793
ENSG00000080845,ENSMFAG00000032148
ENSG00000111816,ENSMFAG00000000665
ENSG00000164900,ENSMFAG00000036695
ENSG00000264582,ENSMFAG00000009279
ENSG00000168701,ENSMFAG00000042618
ENSG00000283876,ENSMFAG00000011028
ENSG00000154438,ENSMFAG00000033937
ENSG00000202251,ENSMFAG00000006462
ENSG00000129646,ENSMFAG00000051556
ENSG00000112293,ENSMFAG00000045533
ENSG00000202078,ENSMFAG00000059600
ENSG00000171786,ENSMFAG00000064079
ENSG00000201608,ENSMFAG00000006998
ENSG00000188368,ENSMFAG00000036917
ENSG00000137975,ENSMFAG00000001996
ENSG00000132164,ENSMFAG00000034176
ENSG00000138336,ENSMFAG00000044392
ENSG00000187840,ENSMFAG00000000356
ENSG00000161652,ENSMFAG00000007395
ENSG00000168676,ENSMFAG00000019930
ENSG00000136982,ENSMFAG00000003521
ENSG00000270806,ENSMFAG00000055962
ENSG00000252515,ENSMFAG00000004329
ENSG00000177144,ENSMFAG00000059302
ENSG00000168792,ENSMFAG00000033088
ENSG00000079462,ENSMFAG00000031090
ENSG00000079462,ENSMFAG00000031148
ENSG00000222858,ENSMFAG00000005123
ENSG00000151657,ENSMFAG00000002686
ENSG00000198081,ENSMFAG00000031970
ENSG00000031081,ENSMFAG00000041247
ENSG00000186409,ENSMFAG00000038143
ENSG00000077063,ENSMFAG00000039255
ENSG00000183475,ENSMFAG00000032871
ENSG00000133872,ENSMFAG00000046215
ENSG00000108387,ENSMFAG00000038431
ENSG00000109670,ENSMFAG00000045981
ENSG00000159708,ENSMFAG00000002905
ENSG00000099624,ENSMFAG00000039140
ENSG00000153283,ENSMFAG00000001986
ENSG00000197457,ENSMFAG00000044092
ENSG00000176641,ENSMFAG00000033578
ENSG00000166831,ENSMFAG00000045343
ENSG00000125845,ENSMFAG00000044057
ENSG00000148843,ENSMFAG00000044058
ENSG00000088854,ENSMFAG00000037080
ENSG00000145832,ENSMFAG00000037816
ENSG00000104381,ENSMFAG00000052390
ENSG00000142273,ENSMFAG00000033278
ENSG00000132199,ENSMFAG00000031046
ENSG00000140284,ENSMFAG00000038376
ENSG00000239194,ENSMFAG00000013974
ENSG00000033100,ENSMFAG00000045967
ENSG00000131828,ENSMFAG00000043170
ENSG00000206706,ENSMFAG00000013081
ENSG00000139131,ENSMFAG00000032763
ENSG00000157653,ENSMFAG00000032550
ENSG00000213380,ENSMFAG00000041024
ENSG00000087448,ENSMFAG00000037607
ENSG00000135248,ENSMFAG00000000842
ENSG00000022567,ENSMFAG00000042422
ENSG00000013288,ENSMFAG00000034516
ENSG00000112877,ENSMFAG00000032507
ENSG00000009765,ENSMFAG00000031023
ENSG00000179520,ENSMFAG00000002114
ENSG00000206778,ENSMFAG00000047259
ENSG00000199787,ENSMFAG00000065298
ENSG00000179918,ENSMFAG00000045673
ENSG00000177494,ENSMFAG00000062900
ENSG00000251706,ENSMFAG00000011428
ENSG00000169957,ENSMFAG00000000769
ENSG00000163818,ENSMFAG00000003826
ENSG00000260097,ENSMFAG00000042064
ENSG00000162510,ENSMFAG00000031992
ENSG00000196935,ENSMFAG00000042942
ENSG00000113368,ENSMFAG00000033746
ENSG00000157456,ENSMFAG00000042779
ENSG00000156860,ENSMFAG00000002731
ENSG00000188186,ENSMFAG00000041345
ENSG00000077348,ENSMFAG00000045851
ENSG00000137574,ENSMFAG00000029838
ENSG00000204252,ENSMFAG00000058905
ENSG00000148154,ENSMFAG00000045961
ENSG00000252074,ENSMFAG00000022302
ENSG00000240863,ENSMFAG00000022860
ENSG00000103023,ENSMFAG00000045884
ENSG00000289604,ENSMFAG00000041741
ENSG00000289604,ENSMFAG00000039934
ENSG00000289604,ENSMFAG00000009700
ENSG00000105640,ENSMFAG00000064451
ENSG00000135253,ENSMFAG00000035427
ENSG00000204713,ENSMFAG00000034098
ENSG00000171428,ENSMFAG00000044503
ENSG00000179958,ENSMFAG00000002505
ENSG00000125818,ENSMFAG00000002683
ENSG00000234511,ENSMFAG00000043189
ENSG00000128266,ENSMFAG00000045950
ENSG00000072501,ENSMFAG00000003859
ENSG00000166152,ENSMFAG00000001439
ENSG00000100290,ENSMFAG00000041806
ENSG00000111052,ENSMFAG00000040160
ENSG00000153140,ENSMFAG00000036901
ENSG00000186652,ENSMFAG00000042008
ENSG00000137547,ENSMFAG00000000491
ENSG00000146857,ENSMFAG00000031256
ENSG00000102935,ENSMFAG00000045032
ENSG00000125962,ENSMFAG00000030606
ENSG00000275572,ENSMFAG00000032493
ENSG00000288784,ENSMFAG00000041741
ENSG00000288784,ENSMFAG00000039934
ENSG00000288784,ENSMFAG00000009700
ENSG00000163947,ENSMFAG00000029926
ENSG00000218305,ENSMFAG00000001266
ENSG00000252643,ENSMFAG00000059282
ENSG00000116985,ENSMFAG00000002753
ENSG00000116985,ENSMFAG00000041908
ENSG00000242101,ENSMFAG00000014027
ENSG00000205307,ENSMFAG00000042005
ENSG00000158423,ENSMFAG00000002670
ENSG00000240065,ENSMFAG00000038128
ENSG00000111331,ENSMFAG00000039534
ENSG00000108106,ENSMFAG00000001052
ENSG00000198754,ENSMFAG00000031586
ENSG00000131737,ENSMFAG00000038441
ENSG00000283267,ENSMFAG00000030670
ENSG00000131051,ENSMFAG00000042593
ENSG00000185522,ENSMFAG00000033590
ENSG00000100242,ENSMFAG00000021939
ENSG00000166803,ENSMFAG00000064955
ENSG00000043514,ENSMFAG00000001316
ENSG00000161243,ENSMFAG00000038590
ENSG00000230358,ENSMFAG00000042064
ENSG00000197279,ENSMFAG00000045252
ENSG00000121281,ENSMFAG00000037814
ENSG00000134986,ENSMFAG00000062127
ENSG00000066777,ENSMFAG00000030778
ENSG00000156639,ENSMFAG00000031438
ENSG00000176619,ENSMFAG00000044219
ENSG00000263558,ENSMFAG00000053227
ENSG00000153982,ENSMFAG00000036599
ENSG00000172922,ENSMFAG00000038096
ENSG00000186787,ENSMFAG00000000052
ENSG00000186787,ENSMFAG00000051241
ENSG00000137601,ENSMFAG00000043975
ENSG00000137876,ENSMFAG00000051300
ENSG00000111863,ENSMFAG00000038393
ENSG00000101811,ENSMFAG00000043888
ENSG00000223614,ENSMFAG00000037962
ENSG00000164619,ENSMFAG00000040626
ENSG00000175155,ENSMFAG00000058561
ENSG00000110693,ENSMFAG00000026936
ENSG00000172594,ENSMFAG00000043472
ENSG00000200889,ENSMFAG00000021115
ENSG00000109805,ENSMFAG00000000798
ENSG00000161955,ENSMFAG00000039025
ENSG00000084112,ENSMFAG00000002904
ENSG00000168813,ENSMFAG00000031054
ENSG00000165959,ENSMFAG00000042801
ENSG00000112379,ENSMFAG00000040356
ENSG00000136379,ENSMFAG00000053092
ENSG00000179151,ENSMFAG00000043074
ENSG00000222870,ENSMFAG00000004353
ENSG00000275878,ENSMFAG00000017026
ENSG00000206623,ENSMFAG00000057845
ENSG00000121274,ENSMFAG00000002315
ENSG00000205238,ENSMFAG00000042064
ENSG00000105245,ENSMFAG00000024673
ENSG00000184616,ENSMFAG00000042064
ENSG00000072506,ENSMFAG00000033364
ENSG00000121351,ENSMFAG00000041436
ENSG00000204345,ENSMFAG00000000921
ENSG00000211695,ENSMFAG00000030318
ENSG00000148840,ENSMFAG00000038589
ENSG00000196859,ENSMFAG00000033201
ENSG00000147439,ENSMFAG00000042420
ENSG00000131969,ENSMFAG00000035570
ENSG00000139428,ENSMFAG00000036377
ENSG00000137434,ENSMFAG00000059982
ENSG00000217555,ENSMFAG00000032896
ENSG00000146221,ENSMFAG00000033042
ENSG00000212590,ENSMFAG00000034961
ENSG00000196584,ENSMFAG00000045621
ENSG00000169239,ENSMFAG00000038720
ENSG00000221852,ENSMFAG00000046213
ENSG00000221880,ENSMFAG00000036831
ENSG00000165097,ENSMFAG00000037161
ENSG00000244328,ENSMFAG00000014161
ENSG00000202222,ENSMFAG00000006562
ENSG00000188581,ENSMFAG00000036831
ENSG00000207356,ENSMFAG00000047437
ENSG00000212724,ENSMFAG00000051497
ENSG00000114541,ENSMFAG00000040109
ENSG00000213417,ENSMFAG00000051497
ENSG00000200815,ENSMFAG00000058763
ENSG00000206999,ENSMFAG00000064988
ENSG00000275743,ENSMFAG00000054186
ENSG00000212721,ENSMFAG00000028572
ENSG00000276819,ENSMFAG00000065709
ENSG00000275243,ENSMFAG00000011353
ENSG00000213416,ENSMFAG00000000596
ENSG00000252682,ENSMFAG00000062795
ENSG00000276557,ENSMFAG00000062427
ENSG00000158402,ENSMFAG00000035542
ENSG00000211746,ENSMFAG00000018942
ENSG00000163518,ENSMFAG00000002568
ENSG00000125354,ENSMFAG00000003084
ENSG00000172146,ENSMFAG00000029960
ENSG00000211749,ENSMFAG00000060792
ENSG00000211750,ENSMFAG00000012497
ENSG00000282499,ENSMFAG00000030395
ENSG00000204889,ENSMFAG00000044976
ENSG00000211752,ENSMFAG00000058835
ENSG00000211753,ENSMFAG00000024503
ENSG00000232869,ENSMFAG00000065833
ENSG00000153879,ENSMFAG00000054581
ENSG00000105879,ENSMFAG00000045966
ENSG00000140932,ENSMFAG00000038509
ENSG00000141194,ENSMFAG00000027046
ENSG00000087302,ENSMFAG00000035582
ENSG00000174917,ENSMFAG00000034498
ENSG00000183723,ENSMFAG00000043754
ENSG00000207729,ENSMFAG00000062867
ENSG00000239887,ENSMFAG00000042773
ENSG00000104067,ENSMFAG00000037125
ENSG00000240021,ENSMFAG00000046254
ENSG00000130816,ENSMFAG00000023786
ENSG00000146469,ENSMFAG00000040930
ENSG00000104549,ENSMFAG00000043907
ENSG00000166548,ENSMFAG00000035489
ENSG00000114638,ENSMFAG00000001715
ENSG00000109674,ENSMFAG00000002547
ENSG00000240877,ENSMFAG00000059123
ENSG00000240877,ENSMFAG00000014697
ENSG00000065357,ENSMFAG00000042903
ENSG00000201990,ENSMFAG00000057455
ENSG00000207217,ENSMFAG00000048450
ENSG00000157999,ENSMFAG00000045423
ENSG00000266794,ENSMFAG00000009391
ENSG00000204314,ENSMFAG00000032011
ENSG00000205413,ENSMFAG00000002163
ENSG00000136634,ENSMFAG00000002918
ENSG00000236320,ENSMFAG00000037905
ENSG00000233822,ENSMFAG00000040066
ENSG00000170522,ENSMFAG00000064437
ENSG00000175003,ENSMFAG00000033700
ENSG00000207297,ENSMFAG00000029348
ENSG00000266274,ENSMFAG00000064898
ENSG00000284032,ENSMFAG00000011892
ENSG00000283797,ENSMFAG00000008324
ENSG00000199627,ENSMFAG00000005186
ENSG00000135175,ENSMFAG00000047484
ENSG00000154258,ENSMFAG00000042813
ENSG00000135744,ENSMFAG00000008235
ENSG00000200857,ENSMFAG00000006276
ENSG00000158321,ENSMFAG00000035871
ENSG00000165138,ENSMFAG00000031706
ENSG00000264384,ENSMFAG00000007738
ENSG00000215938,ENSMFAG00000011508
ENSG00000179059,ENSMFAG00000064952
ENSG00000201129,ENSMFAG00000007881
ENSG00000263529,ENSMFAG00000012014
ENSG00000278702,ENSMFAG00000064088
ENSG00000188761,ENSMFAG00000035381
ENSG00000139985,ENSMFAG00000025676
ENSG00000139985,ENSMFAG00000040622
ENSG00000151240,ENSMFAG00000043149
ENSG00000177873,ENSMFAG00000042383
ENSG00000056291,ENSMFAG00000042560
ENSG00000100897,ENSMFAG00000015999
ENSG00000170791,ENSMFAG00000040366
ENSG00000203963,ENSMFAG00000044140
ENSG00000135047,ENSMFAG00000045668
ENSG00000145386,ENSMFAG00000037740
ENSG00000252352,ENSMFAG00000049763
ENSG00000145192,ENSMFAG00000003344
ENSG00000154263,ENSMFAG00000003350
ENSG00000252433,ENSMFAG00000005639
ENSG00000119906,ENSMFAG00000042449
ENSG00000188984,ENSMFAG00000038244
ENSG00000138738,ENSMFAG00000045845
ENSG00000157330,ENSMFAG00000041405
ENSG00000110108,ENSMFAG00000000546
ENSG00000116726,ENSMFAG00000031578
ENSG00000116721,ENSMFAG00000032967
ENSG00000111799,ENSMFAG00000034460
ENSG00000239810,ENSMFAG00000037280
ENSG00000239810,ENSMFAG00000003419
ENSG00000149050,ENSMFAG00000054022
ENSG00000179172,ENSMFAG00000060787
ENSG00000120952,ENSMFAG00000032967
ENSG00000167904,ENSMFAG00000019904
ENSG00000243073,ENSMFAG00000037280
ENSG00000243073,ENSMFAG00000003419
ENSG00000148965,ENSMFAG00000038106
ENSG00000136938,ENSMFAG00000032850
ENSG00000207434,ENSMFAG00000057329
ENSG00000232423,ENSMFAG00000037280
ENSG00000232423,ENSMFAG00000003419
ENSG00000144596,ENSMFAG00000035973
ENSG00000279169,ENSMFAG00000032967
ENSG00000150787,ENSMFAG00000035549
ENSG00000207511,ENSMFAG00000057329
ENSG00000133313,ENSMFAG00000045912
ENSG00000237700,ENSMFAG00000064937
ENSG00000237700,ENSMFAG00000051805
ENSG00000270601,ENSMFAG00000037280
ENSG00000270601,ENSMFAG00000003419
ENSG00000127084,ENSMFAG00000002491
ENSG00000162594,ENSMFAG00000003679
ENSG00000165197,ENSMFAG00000036854
ENSG00000147403,ENSMFAG00000032977
ENSG00000005483,ENSMFAG00000045390
ENSG00000162300,ENSMFAG00000052237
ENSG00000114737,ENSMFAG00000001455
ENSG00000174292,ENSMFAG00000031134
ENSG00000174611,ENSMFAG00000040026
ENSG00000204478,ENSMFAG00000037490
ENSG00000196233,ENSMFAG00000039632
ENSG00000143669,ENSMFAG00000044431
ENSG00000113240,ENSMFAG00000040140
ENSG00000121211,ENSMFAG00000037778
ENSG00000158077,ENSMFAG00000030173
ENSG00000156170,ENSMFAG00000001562
ENSG00000169903,ENSMFAG00000062270
ENSG00000254470,ENSMFAG00000031665
ENSG00000110195,ENSMFAG00000030646
ENSG00000171360,ENSMFAG00000065364
ENSG00000151465,ENSMFAG00000036128
ENSG00000206527,ENSMFAG00000037506
ENSG00000108759,ENSMFAG00000041780
ENSG00000223125,ENSMFAG00000065616
ENSG00000126337,ENSMFAG00000038005
ENSG00000163701,ENSMFAG00000034533
ENSG00000136986,ENSMFAG00000044615
ENSG00000099364,ENSMFAG00000002999
ENSG00000250317,ENSMFAG00000033269
ENSG00000139572,ENSMFAG00000030281
ENSG00000155962,ENSMFAG00000032659
ENSG00000153147,ENSMFAG00000043649
ENSG00000196387,ENSMFAG00000000564
ENSG00000171403,ENSMFAG00000044683
ENSG00000136383,ENSMFAG00000035796
ENSG00000136383,ENSMFAG00000063095
ENSG00000188153,ENSMFAG00000031556
ENSG00000089505,ENSMFAG00000039438
ENSG00000186832,ENSMFAG00000039227
ENSG00000185088,ENSMFAG00000055707
ENSG00000015153,ENSMFAG00000035590
ENSG00000197079,ENSMFAG00000000514
ENSG00000137871,ENSMFAG00000036502
ENSG00000173894,ENSMFAG00000048785
ENSG00000164346,ENSMFAG00000038283
ENSG00000252857,ENSMFAG00000035306
ENSG00000275853,ENSMFAG00000060155
ENSG00000206729,ENSMFAG00000049516
ENSG00000154997,ENSMFAG00000033685
ENSG00000126861,ENSMFAG00000029409
ENSG00000136026,ENSMFAG00000036560
ENSG00000201133,ENSMFAG00000023728
ENSG00000239595,ENSMFAG00000014023
ENSG00000264862,ENSMFAG00000009143
ENSG00000207614,ENSMFAG00000007199
ENSG00000164611,ENSMFAG00000036180
ENSG00000283978,ENSMFAG00000014917
ENSG00000276202,ENSMFAG00000050793
ENSG00000276202,ENSMFAG00000052493
ENSG00000206618,ENSMFAG00000051578
ENSG00000147679,ENSMFAG00000003374
ENSG00000278770,ENSMFAG00000011691
ENSG00000278770,ENSMFAG00000013964
ENSG00000278770,ENSMFAG00000012393
ENSG00000141371,ENSMFAG00000001841
ENSG00000135094,ENSMFAG00000041743
ENSG00000252040,ENSMFAG00000064709
ENSG00000252640,ENSMFAG00000005284
ENSG00000129295,ENSMFAG00000040429
ENSG00000200013,ENSMFAG00000006257
ENSG00000239932,ENSMFAG00000010760
ENSG00000252534,ENSMFAG00000048307
ENSG00000264322,ENSMFAG00000021894
ENSG00000169340,ENSMFAG00000042439
ENSG00000252383,ENSMFAG00000014526
ENSG00000199674,ENSMFAG00000040903
ENSG00000239221,ENSMFAG00000012564
ENSG00000264128,ENSMFAG00000023335
ENSG00000108474,ENSMFAG00000016246
ENSG00000238832,ENSMFAG00000005176
ENSG00000086289,ENSMFAG00000001101
ENSG00000204480,ENSMFAG00000042798
ENSG00000167194,ENSMFAG00000034119
ENSG00000059915,ENSMFAG00000000282
ENSG00000177272,ENSMFAG00000007623
ENSG00000200556,ENSMFAG00000034858
ENSG00000207493,ENSMFAG00000021266
ENSG00000206952,ENSMFAG00000023193
ENSG00000215817,ENSMFAG00000003997
ENSG00000281910,ENSMFAG00000017889
ENSG00000187140,ENSMFAG00000052856
ENSG00000011454,ENSMFAG00000043446
ENSG00000200424,ENSMFAG00000048851
ENSG00000086288,ENSMFAG00000024520
ENSG00000244003,ENSMFAG00000011443
ENSG00000258947,ENSMFAG00000033629
ENSG00000151418,ENSMFAG00000038612
ENSG00000207975,ENSMFAG00000016170
ENSG00000207759,ENSMFAG00000007250
ENSG00000206635,ENSMFAG00000064444
ENSG00000206980,ENSMFAG00000059974
ENSG00000201134,ENSMFAG00000048764
ENSG00000221355,ENSMFAG00000006456
ENSG00000212157,ENSMFAG00000053121
ENSG00000187688,ENSMFAG00000030978
ENSG00000116741,ENSMFAG00000033433
ENSG00000072952,ENSMFAG00000035351
ENSG00000147481,ENSMFAG00000034236
ENSG00000124701,ENSMFAG00000044645
ENSG00000176092,ENSMFAG00000039671
ENSG00000204052,ENSMFAG00000033631
ENSG00000085514,ENSMFAG00000000650
ENSG00000112246,ENSMFAG00000002878
ENSG00000277108,ENSMFAG00000023518
ENSG00000277370,ENSMFAG00000023545
ENSG00000277512,ENSMFAG00000007855
ENSG00000212725,ENSMFAG00000051497
ENSG00000204880,ENSMFAG00000028572
ENSG00000204887,ENSMFAG00000001642
ENSG00000112799,ENSMFAG00000031478
ENSG00000178502,ENSMFAG00000002946
ENSG00000173786,ENSMFAG00000000621
ENSG00000265354,ENSMFAG00000036559
ENSG00000187045,ENSMFAG00000035751
ENSG00000126838,ENSMFAG00000036700
ENSG00000145321,ENSMFAG00000032395
ENSG00000137274,ENSMFAG00000041437
ENSG00000076604,ENSMFAG00000036809
ENSG00000116717,ENSMFAG00000043026
ENSG00000164362,ENSMFAG00000033142
ENSG00000283128,ENSMFAG00000040636
ENSG00000238778,ENSMFAG00000024298
ENSG00000146910,ENSMFAG00000040636
ENSG00000095574,ENSMFAG00000046268
ENSG00000196482,ENSMFAG00000004706
ENSG00000199158,ENSMFAG00000021877
ENSG00000207691,ENSMFAG00000007318
ENSG00000199516,ENSMFAG00000047311
ENSG00000005889,ENSMFAG00000031301
ENSG00000196367,ENSMFAG00000039475
ENSG00000197045,ENSMFAG00000036199
ENSG00000204414,ENSMFAG00000034224
ENSG00000204414,ENSMFAG00000060708
ENSG00000107902,ENSMFAG00000039017
ENSG00000197299,ENSMFAG00000042982
ENSG00000124596,ENSMFAG00000039928
ENSG00000105404,ENSMFAG00000030347
ENSG00000205730,ENSMFAG00000015632
ENSG00000174238,ENSMFAG00000045283
ENSG00000126856,ENSMFAG00000003001
ENSG00000154328,ENSMFAG00000027135
ENSG00000119953,ENSMFAG00000048709
ENSG00000119953,ENSMFAG00000002433
ENSG00000176973,ENSMFAG00000062467
ENSG00000128016,ENSMFAG00000000900
ENSG00000151366,ENSMFAG00000030802
ENSG00000200893,ENSMFAG00000006667
ENSG00000182809,ENSMFAG00000035907
ENSG00000152503,ENSMFAG00000045553
ENSG00000243954,ENSMFAG00000007970
ENSG00000238417,ENSMFAG00000019921
ENSG00000099875,ENSMFAG00000037079
ENSG00000252887,ENSMFAG00000005598
ENSG00000172613,ENSMFAG00000041314
ENSG00000111664,ENSMFAG00000029449
ENSG00000199301,ENSMFAG00000008529
ENSG00000263666,ENSMFAG00000014973
ENSG00000223224,ENSMFAG00000014557
ENSG00000173848,ENSMFAG00000038831
ENSG00000238645,ENSMFAG00000050356
ENSG00000106714,ENSMFAG00000005812
ENSG00000166509,ENSMFAG00000050540
ENSG00000063015,ENSMFAG00000038743
ENSG00000164209,ENSMFAG00000046208
ENSG00000008513,ENSMFAG00000036457
ENSG00000175595,ENSMFAG00000043059
ENSG00000186451,ENSMFAG00000059494
ENSG00000019102,ENSMFAG00000046060
ENSG00000170293,ENSMFAG00000031079
ENSG00000129354,ENSMFAG00000002157
ENSG00000160716,ENSMFAG00000048751
ENSG00000137673,ENSMFAG00000037818
ENSG00000205269,ENSMFAG00000040300
ENSG00000131016,ENSMFAG00000039897
ENSG00000164332,ENSMFAG00000045929
ENSG00000203783,ENSMFAG00000012240
ENSG00000176945,ENSMFAG00000033975
ENSG00000201541,ENSMFAG00000030189
ENSG00000239081,ENSMFAG00000065414
ENSG00000159527,ENSMFAG00000040293
ENSG00000165731,ENSMFAG00000033445
ENSG00000118526,ENSMFAG00000060473
ENSG00000150977,ENSMFAG00000034620
ENSG00000112796,ENSMFAG00000035447
ENSG00000114021,ENSMFAG00000038586
ENSG00000166595,ENSMFAG00000001820
ENSG00000163218,ENSMFAG00000002961
ENSG00000110871,ENSMFAG00000038162
ENSG00000207321,ENSMFAG00000064812
ENSG00000164694,ENSMFAG00000000932
ENSG00000163221,ENSMFAG00000033114
ENSG00000184330,ENSMFAG00000033466
ENSG00000184330,ENSMFAG00000060953
ENSG00000265918,ENSMFAG00000008706
ENSG00000204628,ENSMFAG00000043231
ENSG00000186891,ENSMFAG00000038779
ENSG00000132744,ENSMFAG00000046339
ENSG00000144820,ENSMFAG00000000681
ENSG00000240771,ENSMFAG00000043848
ENSG00000159648,ENSMFAG00000040561
ENSG00000023902,ENSMFAG00000034638
ENSG00000171100,ENSMFAG00000039374
ENSG00000197774,ENSMFAG00000026250
ENSG00000177352,ENSMFAG00000056130
ENSG00000167523,ENSMFAG00000043387
ENSG00000230873,ENSMFAG00000039098
ENSG00000178075,ENSMFAG00000032955
ENSG00000266187,ENSMFAG00000009247
ENSG00000222222,ENSMFAG00000021747
ENSG00000159208,ENSMFAG00000042429
ENSG00000185559,ENSMFAG00000035336
ENSG00000146285,ENSMFAG00000000713
ENSG00000162148,ENSMFAG00000043367
ENSG00000168418,ENSMFAG00000044144
ENSG00000079313,ENSMFAG00000000498
ENSG00000180616,ENSMFAG00000030140
ENSG00000230657,ENSMFAG00000050303
ENSG00000230657,ENSMFAG00000041751
ENSG00000230657,ENSMFAG00000061629
ENSG00000230657,ENSMFAG00000056236
ENSG00000230657,ENSMFAG00000064117
ENSG00000212657,ENSMFAG00000055186
ENSG00000187997,ENSMFAG00000032914
ENSG00000119471,ENSMFAG00000039178
ENSG00000108064,ENSMFAG00000037328
ENSG00000214978,ENSMFAG00000038596
ENSG00000135100,ENSMFAG00000042762
ENSG00000183914,ENSMFAG00000003133
ENSG00000171217,ENSMFAG00000024948
ENSG00000133731,ENSMFAG00000031108
ENSG00000188994,ENSMFAG00000045756
ENSG00000119599,ENSMFAG00000037267
ENSG00000177200,ENSMFAG00000041354
ENSG00000277678,ENSMFAG00000061602
ENSG00000270384,ENSMFAG00000022669
ENSG00000270722,ENSMFAG00000014142
ENSG00000152661,ENSMFAG00000038903
ENSG00000105426,ENSMFAG00000047403
ENSG00000197977,ENSMFAG00000041046
ENSG00000148773,ENSMFAG00000037072
ENSG00000187726,ENSMFAG00000035964
ENSG00000111962,ENSMFAG00000036448
ENSG00000112659,ENSMFAG00000001906
ENSG00000183318,ENSMFAG00000040732
ENSG00000013725,ENSMFAG00000033693
ENSG00000275489,ENSMFAG00000032835
ENSG00000136485,ENSMFAG00000041397
ENSG00000141971,ENSMFAG00000056814
ENSG00000107731,ENSMFAG00000043834
ENSG00000165716,ENSMFAG00000045811
ENSG00000047457,ENSMFAG00000044692
ENSG00000165724,ENSMFAG00000039528
ENSG00000259224,ENSMFAG00000034282
ENSG00000257008,ENSMFAG00000000361
ENSG00000176769,ENSMFAG00000043079
ENSG00000164729,ENSMFAG00000034282
ENSG00000229571,ENSMFAG00000037280
ENSG00000229571,ENSMFAG00000003419
ENSG00000176927,ENSMFAG00000015172
ENSG00000148356,ENSMFAG00000027428
ENSG00000049245,ENSMFAG00000048362
ENSG00000108091,ENSMFAG00000045197
ENSG00000049247,ENSMFAG00000046025
ENSG00000235162,ENSMFAG00000049727
ENSG00000198633,ENSMFAG00000053536
ENSG00000165863,ENSMFAG00000031805
ENSG00000200344,ENSMFAG00000012557
ENSG00000175262,ENSMFAG00000045174
ENSG00000284981,ENSMFAG00000045321
ENSG00000183828,ENSMFAG00000034083
ENSG00000228049,ENSMFAG00000039168
ENSG00000171206,ENSMFAG00000046181
ENSG00000122545,ENSMFAG00000045134
ENSG00000212257,ENSMFAG00000017312
ENSG00000199135,ENSMFAG00000012995
ENSG00000157895,ENSMFAG00000039888
ENSG00000230667,ENSMFAG00000045055
ENSG00000163545,ENSMFAG00000038432
ENSG00000170921,ENSMFAG00000032802
ENSG00000105327,ENSMFAG00000033464
ENSG00000170348,ENSMFAG00000031081
ENSG00000186007,ENSMFAG00000036675
ENSG00000135702,ENSMFAG00000064157
ENSG00000259803,ENSMFAG00000031390
ENSG00000214113,ENSMFAG00000002120
ENSG00000255524,ENSMFAG00000034521
ENSG00000241973,ENSMFAG00000001389
ENSG00000132821,ENSMFAG00000031475
ENSG00000199059,ENSMFAG00000018368
ENSG00000119686,ENSMFAG00000039606
ENSG00000280789,ENSMFAG00000057632
ENSG00000143469,ENSMFAG00000036849
ENSG00000197586,ENSMFAG00000000133
ENSG00000164741,ENSMFAG00000041985
ENSG00000138834,ENSMFAG00000037276
ENSG00000129204,ENSMFAG00000042248
ENSG00000066468,ENSMFAG00000045752
ENSG00000183273,ENSMFAG00000003228
ENSG00000174886,ENSMFAG00000017334
ENSG00000174886,ENSMFAG00000003802
ENSG00000163815,ENSMFAG00000036856
ENSG00000122126,ENSMFAG00000033457
ENSG00000137770,ENSMFAG00000038614
ENSG00000114019,ENSMFAG00000036610
ENSG00000105699,ENSMFAG00000038671
ENSG00000175336,ENSMFAG00000036691
ENSG00000058729,ENSMFAG00000033056
ENSG00000207082,ENSMFAG00000033817
ENSG00000118513,ENSMFAG00000036535
ENSG00000276359,ENSMFAG00000020016
ENSG00000201987,ENSMFAG00000054135
ENSG00000134769,ENSMFAG00000031040
ENSG00000110436,ENSMFAG00000043293
ENSG00000201270,ENSMFAG00000005458
ENSG00000143816,ENSMFAG00000062558
ENSG00000185630,ENSMFAG00000002296
ENSG00000111554,ENSMFAG00000044312
ENSG00000123643,ENSMFAG00000010715
ENSG00000140093,ENSMFAG00000040771
ENSG00000144848,ENSMFAG00000034247
ENSG00000198918,ENSMFAG00000036866
ENSG00000156298,ENSMFAG00000002802
ENSG00000171246,ENSMFAG00000040743
ENSG00000252098,ENSMFAG00000057393
ENSG00000187080,ENSMFAG00000002322
ENSG00000180433,ENSMFAG00000050577
ENSG00000162746,ENSMFAG00000040289
ENSG00000108688,ENSMFAG00000031903
ENSG00000172156,ENSMFAG00000060137
ENSG00000108700,ENSMFAG00000041874
ENSG00000121270,ENSMFAG00000030745
ENSG00000181374,ENSMFAG00000002834
ENSG00000185888,ENSMFAG00000045626
ENSG00000108702,ENSMFAG00000036643
ENSG00000198965,ENSMFAG00000039039
ENSG00000196071,ENSMFAG00000056720
ENSG00000196071,ENSMFAG00000052136
ENSG00000100764,ENSMFAG00000003028
ENSG00000108691,ENSMFAG00000053406
ENSG00000279804,ENSMFAG00000042798
ENSG00000188585,ENSMFAG00000040960
ENSG00000189375,ENSMFAG00000036785
ENSG00000189375,ENSMFAG00000055579
ENSG00000215912,ENSMFAG00000030925
ENSG00000104635,ENSMFAG00000003405
ENSG00000144837,ENSMFAG00000044493
ENSG00000125355,ENSMFAG00000036306
ENSG00000161929,ENSMFAG00000063582
ENSG00000137802,ENSMFAG00000042257
ENSG00000136010,ENSMFAG00000040964
ENSG00000133398,ENSMFAG00000036824
ENSG00000212195,ENSMFAG00000020843
ENSG00000199426,ENSMFAG00000037241
ENSG00000206917,ENSMFAG00000013620
ENSG00000092330,ENSMFAG00000032214
ENSG00000276601,ENSMFAG00000060037
ENSG00000251865,ENSMFAG00000036481
ENSG00000108255,ENSMFAG00000002646
ENSG00000157219,ENSMFAG00000046388
ENSG00000113734,ENSMFAG00000037018
ENSG00000132613,ENSMFAG00000003097
ENSG00000130226,ENSMFAG00000000652
ENSG00000179152,ENSMFAG00000034051
ENSG00000179002,ENSMFAG00000033633
ENSG00000186827,ENSMFAG00000036331
ENSG00000180096,ENSMFAG00000031504
ENSG00000111424,ENSMFAG00000040856
ENSG00000165525,ENSMFAG00000005357
ENSG00000105649,ENSMFAG00000030826
ENSG00000146007,ENSMFAG00000037329
ENSG00000125744,ENSMFAG00000002551
ENSG00000207056,ENSMFAG00000029340
ENSG00000178852,ENSMFAG00000040945
ENSG00000162779,ENSMFAG00000042963
ENSG00000170561,ENSMFAG00000064595
ENSG00000207525,ENSMFAG00000012906
ENSG00000196436,ENSMFAG00000034521
ENSG00000169258,ENSMFAG00000052966
ENSG00000140798,ENSMFAG00000039229
ENSG00000084444,ENSMFAG00000000118
ENSG00000274529,ENSMFAG00000060033
ENSG00000153922,ENSMFAG00000031226
ENSG00000111727,ENSMFAG00000036071
ENSG00000275504,ENSMFAG00000014173
ENSG00000202497,ENSMFAG00000037427
ENSG00000165934,ENSMFAG00000041212
ENSG00000200164,ENSMFAG00000050392
ENSG00000286140,ENSMFAG00000042156
ENSG00000207405,ENSMFAG00000016878
ENSG00000179580,ENSMFAG00000035160
ENSG00000251875,ENSMFAG00000019724
ENSG00000277613,ENSMFAG00000053121
ENSG00000049883,ENSMFAG00000031516
ENSG00000268320,ENSMFAG00000033650
ENSG00000268320,ENSMFAG00000065671
ENSG00000188629,ENSMFAG00000037498
ENSG00000171819,ENSMFAG00000046176
ENSG00000265386,ENSMFAG00000014059
ENSG00000221656,ENSMFAG00000012638
ENSG00000174109,ENSMFAG00000059912
ENSG00000178878,ENSMFAG00000055903
ENSG00000197599,ENSMFAG00000000761
ENSG00000198182,ENSMFAG00000039020
ENSG00000207451,ENSMFAG00000059167
ENSG00000120942,ENSMFAG00000001791
ENSG00000177602,ENSMFAG00000050121
ENSG00000110799,ENSMFAG00000039466
ENSG00000243870,ENSMFAG00000020169
ENSG00000200063,ENSMFAG00000022955
ENSG00000103152,ENSMFAG00000058255
ENSG00000103152,ENSMFAG00000045056
ENSG00000101940,ENSMFAG00000038642
ENSG00000265753,ENSMFAG00000009436
ENSG00000252840,ENSMFAG00000004517
ENSG00000207606,ENSMFAG00000010851
ENSG00000091513,ENSMFAG00000031779
ENSG00000252446,ENSMFAG00000008557
ENSG00000183647,ENSMFAG00000039116
ENSG00000243905,ENSMFAG00000008265
ENSG00000252802,ENSMFAG00000049833
ENSG00000284733,ENSMFAG00000060991
ENSG00000158955,ENSMFAG00000040531
ENSG00000232258,ENSMFAG00000014072
ENSG00000105058,ENSMFAG00000002882
ENSG00000242565,ENSMFAG00000009068
ENSG00000199565,ENSMFAG00000059473
ENSG00000207039,ENSMFAG00000059158
ENSG00000140945,ENSMFAG00000003153
ENSG00000286137,ENSMFAG00000042064
ENSG00000108433,ENSMFAG00000003171
ENSG00000179603,ENSMFAG00000000810
ENSG00000100373,ENSMFAG00000038134
ENSG00000166503,ENSMFAG00000063380
ENSG00000284662,ENSMFAG00000060991
ENSG00000223181,ENSMFAG00000053121
ENSG00000105143,ENSMFAG00000003076
ENSG00000212230,ENSMFAG00000053121
ENSG00000200975,ENSMFAG00000011961
ENSG00000221083,ENSMFAG00000009148
ENSG00000100227,ENSMFAG00000044670
ENSG00000222511,ENSMFAG00000015139
ENSG00000201725,ENSMFAG00000064683
ENSG00000174485,ENSMFAG00000030601
ENSG00000131686,ENSMFAG00000001059
ENSG00000165502,ENSMFAG00000007166
ENSG00000263360,ENSMFAG00000063930
ENSG00000159761,ENSMFAG00000044426
ENSG00000100441,ENSMFAG00000001200
ENSG00000198156,ENSMFAG00000034521
ENSG00000057704,ENSMFAG00000000142
ENSG00000163581,ENSMFAG00000038078
ENSG00000207692,ENSMFAG00000007290
ENSG00000168286,ENSMFAG00000048024
ENSG00000157680,ENSMFAG00000002635
ENSG00000102218,ENSMFAG00000039362
ENSG00000265141,ENSMFAG00000018373
ENSG00000188038,ENSMFAG00000049916
ENSG00000065526,ENSMFAG00000041974
ENSG00000173391,ENSMFAG00000044863
ENSG00000159792,ENSMFAG00000034697
ENSG00000082458,ENSMFAG00000036638
ENSG00000141086,ENSMFAG00000041954
ENSG00000145723,ENSMFAG00000033277
ENSG00000105220,ENSMFAG00000044513
ENSG00000105220,ENSMFAG00000036975
ENSG00000162923,ENSMFAG00000036710
ENSG00000129315,ENSMFAG00000042457
ENSG00000213398,ENSMFAG00000002764
ENSG00000119638,ENSMFAG00000037572
ENSG00000106436,ENSMFAG00000040942
ENSG00000164045,ENSMFAG00000044959
ENSG00000164291,ENSMFAG00000035630
ENSG00000263201,ENSMFAG00000061219
ENSG00000179588,ENSMFAG00000036335
ENSG00000182774,ENSMFAG00000057825
ENSG00000187510,ENSMFAG00000034199
ENSG00000099910,ENSMFAG00000000285
ENSG00000200456,ENSMFAG00000033554
ENSG00000124391,ENSMFAG00000036423
ENSG00000202039,ENSMFAG00000035187
ENSG00000082213,ENSMFAG00000031021
ENSG00000179562,ENSMFAG00000038295
ENSG00000185669,ENSMFAG00000063008
ENSG00000139269,ENSMFAG00000035874
ENSG00000106328,ENSMFAG00000036958
ENSG00000139263,ENSMFAG00000045511
ENSG00000242430,ENSMFAG00000050032
ENSG00000238964,ENSMFAG00000006725
ENSG00000069764,ENSMFAG00000037183
ENSG00000185274,ENSMFAG00000044553
ENSG00000202408,ENSMFAG00000030252
ENSG00000224712,ENSMFAG00000034521
ENSG00000252135,ENSMFAG00000028863
ENSG00000166200,ENSMFAG00000003309
ENSG00000166200,ENSMFAG00000003660
ENSG00000272262,ENSMFAG00000055333
ENSG00000273841,ENSMFAG00000043011
ENSG00000253042,ENSMFAG00000025294
ENSG00000155093,ENSMFAG00000055786
ENSG00000079482,ENSMFAG00000041327
ENSG00000143322,ENSMFAG00000036564
ENSG00000014216,ENSMFAG00000051718
ENSG00000125037,ENSMFAG00000001896
ENSG00000100124,ENSMFAG00000042331
ENSG00000207960,ENSMFAG00000017863
ENSG00000242110,ENSMFAG00000032307
ENSG00000089060,ENSMFAG00000037941
ENSG00000163956,ENSMFAG00000045907
ENSG00000187391,ENSMFAG00000000960
ENSG00000121579,ENSMFAG00000041301
ENSG00000277198,ENSMFAG00000011691
ENSG00000277198,ENSMFAG00000013964
ENSG00000277198,ENSMFAG00000012393
ENSG00000100711,ENSMFAG00000043178
ENSG00000239886,ENSMFAG00000055231
ENSG00000239886,ENSMFAG00000058858
ENSG00000239886,ENSMFAG00000062021
ENSG00000204873,ENSMFAG00000055231
ENSG00000204873,ENSMFAG00000058858
ENSG00000204873,ENSMFAG00000062021
ENSG00000187272,ENSMFAG00000055231
ENSG00000187272,ENSMFAG00000058858
ENSG00000187272,ENSMFAG00000062021
ENSG00000241595,ENSMFAG00000055231
ENSG00000241595,ENSMFAG00000058858
ENSG00000241595,ENSMFAG00000062021
ENSG00000129993,ENSMFAG00000003781
ENSG00000212658,ENSMFAG00000057334
ENSG00000035499,ENSMFAG00000032556
ENSG00000175175,ENSMFAG00000034316
ENSG00000200560,ENSMFAG00000059531
ENSG00000213218,ENSMFAG00000034224
ENSG00000213218,ENSMFAG00000060708
ENSG00000145029,ENSMFAG00000044679
ENSG00000147160,ENSMFAG00000003948
ENSG00000069509,ENSMFAG00000043582
ENSG00000188766,ENSMFAG00000031637
ENSG00000100083,ENSMFAG00000044315
ENSG00000169946,ENSMFAG00000045726
ENSG00000163528,ENSMFAG00000065147
ENSG00000163528,ENSMFAG00000044351
ENSG00000197724,ENSMFAG00000001396
ENSG00000102038,ENSMFAG00000002117
ENSG00000201371,ENSMFAG00000012055
ENSG00000212382,ENSMFAG00000057859
ENSG00000207266,ENSMFAG00000008049
ENSG00000127554,ENSMFAG00000039787
ENSG00000111700,ENSMFAG00000037163
ENSG00000105219,ENSMFAG00000044483
ENSG00000140153,ENSMFAG00000028407
ENSG00000178057,ENSMFAG00000046307
ENSG00000222767,ENSMFAG00000009693
ENSG00000167600,ENSMFAG00000044440
ENSG00000252311,ENSMFAG00000005832
ENSG00000127184,ENSMFAG00000035190
ENSG00000079459,ENSMFAG00000003248
ENSG00000169246,ENSMFAG00000034521
ENSG00000159692,ENSMFAG00000000176
ENSG00000116260,ENSMFAG00000039984
ENSG00000170345,ENSMFAG00000014606
ENSG00000113905,ENSMFAG00000032718
ENSG00000212659,ENSMFAG00000055231
ENSG00000212659,ENSMFAG00000058858
ENSG00000212659,ENSMFAG00000062021
ENSG00000112984,ENSMFAG00000039764
ENSG00000180386,ENSMFAG00000055231
ENSG00000180386,ENSMFAG00000058858
ENSG00000180386,ENSMFAG00000062021
ENSG00000201075,ENSMFAG00000059459
ENSG00000207639,ENSMFAG00000005584
ENSG00000199130,ENSMFAG00000009339
ENSG00000227500,ENSMFAG00000047177
ENSG00000277029,ENSMFAG00000063386
ENSG00000277029,ENSMFAG00000057418
ENSG00000277029,ENSMFAG00000054535
ENSG00000277029,ENSMFAG00000051373
ENSG00000277029,ENSMFAG00000056637
ENSG00000277029,ENSMFAG00000060680
ENSG00000139767,ENSMFAG00000041271
ENSG00000119681,ENSMFAG00000039527
ENSG00000167004,ENSMFAG00000001972
ENSG00000136488,ENSMFAG00000034224
ENSG00000136488,ENSMFAG00000060708
ENSG00000137752,ENSMFAG00000001158
ENSG00000259303,ENSMFAG00000050822
ENSG00000259303,ENSMFAG00000056747
ENSG00000150048,ENSMFAG00000053761
ENSG00000101194,ENSMFAG00000044450
ENSG00000148343,ENSMFAG00000034348
ENSG00000109101,ENSMFAG00000041725
ENSG00000163946,ENSMFAG00000002108
ENSG00000048462,ENSMFAG00000006954
ENSG00000130035,ENSMFAG00000036964
ENSG00000136237,ENSMFAG00000002425
ENSG00000158486,ENSMFAG00000041674
ENSG00000201239,ENSMFAG00000012836
ENSG00000141564,ENSMFAG00000000138
ENSG00000089327,ENSMFAG00000044836
ENSG00000089041,ENSMFAG00000032645
ENSG00000137642,ENSMFAG00000031352
ENSG00000197576,ENSMFAG00000038265
ENSG00000088320,ENSMFAG00000042556
ENSG00000101489,ENSMFAG00000042983
ENSG00000170615,ENSMFAG00000002624
ENSG00000179454,ENSMFAG00000033166
ENSG00000114853,ENSMFAG00000058230
ENSG00000213347,ENSMFAG00000033170
ENSG00000207173,ENSMFAG00000035112
ENSG00000254206,ENSMFAG00000034521
ENSG00000101452,ENSMFAG00000031593
ENSG00000238482,ENSMFAG00000051974
ENSG00000100605,ENSMFAG00000040735
ENSG00000251692,ENSMFAG00000031460
ENSG00000113790,ENSMFAG00000064074
ENSG00000180185,ENSMFAG00000037024
ENSG00000215148,ENSMFAG00000041310
ENSG00000181847,ENSMFAG00000053321
ENSG00000151006,ENSMFAG00000002496
ENSG00000106991,ENSMFAG00000034473
ENSG00000205022,ENSMFAG00000002924
ENSG00000151923,ENSMFAG00000002789
ENSG00000173702,ENSMFAG00000038825
ENSG00000158748,ENSMFAG00000032215
ENSG00000020633,ENSMFAG00000031725
ENSG00000138613,ENSMFAG00000050606
ENSG00000202300,ENSMFAG00000033492
ENSG00000005381,ENSMFAG00000030407
ENSG00000181019,ENSMFAG00000002412
ENSG00000273768,ENSMFAG00000050120
ENSG00000274408,ENSMFAG00000064199
ENSG00000163885,ENSMFAG00000042548
ENSG00000005379,ENSMFAG00000032128
ENSG00000159388,ENSMFAG00000025652
ENSG00000116254,ENSMFAG00000033993
ENSG00000140519,ENSMFAG00000003348
ENSG00000068796,ENSMFAG00000001362
ENSG00000012983,ENSMFAG00000001082
ENSG00000004399,ENSMFAG00000000589
ENSG00000166546,ENSMFAG00000031444
ENSG00000138160,ENSMFAG00000036607
ENSG00000198959,ENSMFAG00000042017
ENSG00000175318,ENSMFAG00000034562
ENSG00000061273,ENSMFAG00000044177
ENSG00000224578,ENSMFAG00000043804
ENSG00000196497,ENSMFAG00000000743
ENSG00000207607,ENSMFAG00000010731
ENSG00000184056,ENSMFAG00000033165
ENSG00000149243,ENSMFAG00000031078
ENSG00000178104,ENSMFAG00000047720
ENSG00000284353,ENSMFAG00000015527
ENSG00000264399,ENSMFAG00000004326
ENSG00000213246,ENSMFAG00000003856
ENSG00000170525,ENSMFAG00000035497
ENSG00000168004,ENSMFAG00000039225
ENSG00000130684,ENSMFAG00000031149
ENSG00000130684,ENSMFAG00000056900
ENSG00000130684,ENSMFAG00000056555
ENSG00000130684,ENSMFAG00000061895
ENSG00000163884,ENSMFAG00000002550
ENSG00000007952,ENSMFAG00000043343
ENSG00000185614,ENSMFAG00000036646
ENSG00000197584,ENSMFAG00000037847
ENSG00000100206,ENSMFAG00000045466
ENSG00000162139,ENSMFAG00000034589
ENSG00000091592,ENSMFAG00000059959
ENSG00000125868,ENSMFAG00000001053
ENSG00000180914,ENSMFAG00000037530
ENSG00000172818,ENSMFAG00000056656
ENSG00000149295,ENSMFAG00000043416
ENSG00000179021,ENSMFAG00000045545
ENSG00000203896,ENSMFAG00000038089
ENSG00000144741,ENSMFAG00000000714
ENSG00000167461,ENSMFAG00000035674
ENSG00000170965,ENSMFAG00000051206
ENSG00000109756,ENSMFAG00000043639
ENSG00000101290,ENSMFAG00000000273
ENSG00000101558,ENSMFAG00000041702
ENSG00000110172,ENSMFAG00000035565
ENSG00000230268,ENSMFAG00000049256
ENSG00000213265,ENSMFAG00000043607
ENSG00000266265,ENSMFAG00000053753
ENSG00000039600,ENSMFAG00000029536
ENSG00000183166,ENSMFAG00000032381
ENSG00000157514,ENSMFAG00000045786
ENSG00000178460,ENSMFAG00000046262
ENSG00000242372,ENSMFAG00000031657
ENSG00000008226,ENSMFAG00000043783
ENSG00000200059,ENSMFAG00000013081
ENSG00000206630,ENSMFAG00000063973
ENSG00000117152,ENSMFAG00000048267
ENSG00000007264,ENSMFAG00000030470
ENSG00000100095,ENSMFAG00000035056
ENSG00000141646,ENSMFAG00000037003
ENSG00000185742,ENSMFAG00000040157
ENSG00000205678,ENSMFAG00000038646
ENSG00000182685,ENSMFAG00000039405
ENSG00000172425,ENSMFAG00000031481
ENSG00000172575,ENSMFAG00000030248
ENSG00000184207,ENSMFAG00000045182
ENSG00000157211,ENSMFAG00000030597
ENSG00000165259,ENSMFAG00000003281
ENSG00000167968,ENSMFAG00000032371
ENSG00000126500,ENSMFAG00000025476
ENSG00000143552,ENSMFAG00000036694
ENSG00000187049,ENSMFAG00000043498
ENSG00000110047,ENSMFAG00000032608
ENSG00000106479,ENSMFAG00000045923
ENSG00000141429,ENSMFAG00000002844
ENSG00000156162,ENSMFAG00000001092
ENSG00000127377,ENSMFAG00000049054
ENSG00000205937,ENSMFAG00000044121
ENSG00000205937,ENSMFAG00000042142
ENSG00000198183,ENSMFAG00000041209
ENSG00000241959,ENSMFAG00000008307
ENSG00000212303,ENSMFAG00000008212
ENSG00000164707,ENSMFAG00000000951
ENSG00000121236,ENSMFAG00000045179
ENSG00000225526,ENSMFAG00000031892
ENSG00000113889,ENSMFAG00000041180
ENSG00000187017,ENSMFAG00000039134
ENSG00000198090,ENSMFAG00000002460
ENSG00000266826,ENSMFAG00000052575
ENSG00000170464,ENSMFAG00000033878
ENSG00000212722,ENSMFAG00000028572
ENSG00000214518,ENSMFAG00000051497
ENSG00000198954,ENSMFAG00000044367
ENSG00000186393,ENSMFAG00000001350
ENSG00000110887,ENSMFAG00000000854
ENSG00000008324,ENSMFAG00000047385
ENSG00000138668,ENSMFAG00000031674
ENSG00000090512,ENSMFAG00000045631
ENSG00000198216,ENSMFAG00000039476
ENSG00000165695,ENSMFAG00000032283
ENSG00000171858,ENSMFAG00000002515
ENSG00000109943,ENSMFAG00000039012
ENSG00000078061,ENSMFAG00000031035
ENSG00000189320,ENSMFAG00000060779
ENSG00000165672,ENSMFAG00000039826
ENSG00000275616,ENSMFAG00000053257
ENSG00000275616,ENSMFAG00000063277
ENSG00000275616,ENSMFAG00000054200
ENSG00000275616,ENSMFAG00000053173
ENSG00000275616,ENSMFAG00000062989
ENSG00000275616,ENSMFAG00000050106
ENSG00000275616,ENSMFAG00000062766
ENSG00000275616,ENSMFAG00000065392
ENSG00000275616,ENSMFAG00000048542
ENSG00000275616,ENSMFAG00000058130
ENSG00000275616,ENSMFAG00000060633
ENSG00000275616,ENSMFAG00000057462
ENSG00000275616,ENSMFAG00000064884
ENSG00000275616,ENSMFAG00000054509
ENSG00000275616,ENSMFAG00000065077
ENSG00000275616,ENSMFAG00000063721
ENSG00000275616,ENSMFAG00000050629
ENSG00000275616,ENSMFAG00000063444
ENSG00000275616,ENSMFAG00000064702
ENSG00000275616,ENSMFAG00000049308
ENSG00000275616,ENSMFAG00000064638
ENSG00000275616,ENSMFAG00000065081
ENSG00000275616,ENSMFAG00000059033
ENSG00000275616,ENSMFAG00000056955
ENSG00000275616,ENSMFAG00000053686
ENSG00000275616,ENSMFAG00000065555
ENSG00000273709,ENSMFAG00000053257
ENSG00000273709,ENSMFAG00000063277
ENSG00000273709,ENSMFAG00000054200
ENSG00000273709,ENSMFAG00000053173
ENSG00000273709,ENSMFAG00000062989
ENSG00000273709,ENSMFAG00000050106
ENSG00000273709,ENSMFAG00000062766
ENSG00000273709,ENSMFAG00000065392
ENSG00000273709,ENSMFAG00000048542
ENSG00000273709,ENSMFAG00000058130
ENSG00000273709,ENSMFAG00000060633
ENSG00000273709,ENSMFAG00000057462
ENSG00000273709,ENSMFAG00000064884
ENSG00000273709,ENSMFAG00000054509
ENSG00000273709,ENSMFAG00000065077
ENSG00000273709,ENSMFAG00000063721
ENSG00000273709,ENSMFAG00000050629
ENSG00000273709,ENSMFAG00000063444
ENSG00000273709,ENSMFAG00000064702
ENSG00000273709,ENSMFAG00000049308
ENSG00000273709,ENSMFAG00000064638
ENSG00000273709,ENSMFAG00000065081
ENSG00000273709,ENSMFAG00000059033
ENSG00000273709,ENSMFAG00000056955
ENSG00000273709,ENSMFAG00000053686
ENSG00000273709,ENSMFAG00000065555
ENSG00000274432,ENSMFAG00000053257
ENSG00000274432,ENSMFAG00000063277
ENSG00000274432,ENSMFAG00000054200
ENSG00000274432,ENSMFAG00000053173
ENSG00000274432,ENSMFAG00000062989
ENSG00000274432,ENSMFAG00000050106
ENSG00000274432,ENSMFAG00000062766
ENSG00000274432,ENSMFAG00000065392
ENSG00000274432,ENSMFAG00000048542
ENSG00000274432,ENSMFAG00000058130
ENSG00000274432,ENSMFAG00000060633
ENSG00000274432,ENSMFAG00000057462
ENSG00000274432,ENSMFAG00000064884
ENSG00000274432,ENSMFAG00000054509
ENSG00000274432,ENSMFAG00000065077
ENSG00000274432,ENSMFAG00000063721
ENSG00000274432,ENSMFAG00000050629
ENSG00000274432,ENSMFAG00000063444
ENSG00000274432,ENSMFAG00000064702
ENSG00000274432,ENSMFAG00000049308
ENSG00000274432,ENSMFAG00000064638
ENSG00000274432,ENSMFAG00000065081
ENSG00000274432,ENSMFAG00000059033
ENSG00000274432,ENSMFAG00000056955
ENSG00000274432,ENSMFAG00000053686
ENSG00000274432,ENSMFAG00000065555
ENSG00000278048,ENSMFAG00000053257
ENSG00000278048,ENSMFAG00000063277
ENSG00000278048,ENSMFAG00000054200
ENSG00000278048,ENSMFAG00000053173
ENSG00000278048,ENSMFAG00000062989
ENSG00000278048,ENSMFAG00000050106
ENSG00000278048,ENSMFAG00000062766
ENSG00000278048,ENSMFAG00000065392
ENSG00000278048,ENSMFAG00000048542
ENSG00000278048,ENSMFAG00000058130
ENSG00000278048,ENSMFAG00000060633
ENSG00000278048,ENSMFAG00000057462
ENSG00000278048,ENSMFAG00000064884
ENSG00000278048,ENSMFAG00000054509
ENSG00000278048,ENSMFAG00000065077
ENSG00000278048,ENSMFAG00000063721
ENSG00000278048,ENSMFAG00000050629
ENSG00000278048,ENSMFAG00000063444
ENSG00000278048,ENSMFAG00000064702
ENSG00000278048,ENSMFAG00000049308
ENSG00000278048,ENSMFAG00000064638
ENSG00000278048,ENSMFAG00000065081
ENSG00000278048,ENSMFAG00000059033
ENSG00000278048,ENSMFAG00000056955
ENSG00000278048,ENSMFAG00000053686
ENSG00000278048,ENSMFAG00000065555
ENSG00000276596,ENSMFAG00000053257
ENSG00000276596,ENSMFAG00000063277
ENSG00000276596,ENSMFAG00000054200
ENSG00000276596,ENSMFAG00000053173
ENSG00000276596,ENSMFAG00000062989
ENSG00000276596,ENSMFAG00000050106
ENSG00000276596,ENSMFAG00000062766
ENSG00000276596,ENSMFAG00000065392
ENSG00000276596,ENSMFAG00000048542
ENSG00000276596,ENSMFAG00000058130
ENSG00000276596,ENSMFAG00000060633
ENSG00000276596,ENSMFAG00000057462
ENSG00000276596,ENSMFAG00000064884
ENSG00000276596,ENSMFAG00000054509
ENSG00000276596,ENSMFAG00000065077
ENSG00000276596,ENSMFAG00000063721
ENSG00000276596,ENSMFAG00000050629
ENSG00000276596,ENSMFAG00000063444
ENSG00000276596,ENSMFAG00000064702
ENSG00000276596,ENSMFAG00000049308
ENSG00000276596,ENSMFAG00000064638
ENSG00000276596,ENSMFAG00000065081
ENSG00000276596,ENSMFAG00000059033
ENSG00000276596,ENSMFAG00000056955
ENSG00000276596,ENSMFAG00000053686
ENSG00000276596,ENSMFAG00000065555
ENSG00000199700,ENSMFAG00000063156
ENSG00000277903,ENSMFAG00000053257
ENSG00000277903,ENSMFAG00000063277
ENSG00000277903,ENSMFAG00000054200
ENSG00000277903,ENSMFAG00000053173
ENSG00000277903,ENSMFAG00000062989
ENSG00000277903,ENSMFAG00000050106
ENSG00000277903,ENSMFAG00000062766
ENSG00000277903,ENSMFAG00000065392
ENSG00000277903,ENSMFAG00000048542
ENSG00000277903,ENSMFAG00000058130
ENSG00000277903,ENSMFAG00000060633
ENSG00000277903,ENSMFAG00000057462
ENSG00000277903,ENSMFAG00000064884
ENSG00000277903,ENSMFAG00000054509
ENSG00000277903,ENSMFAG00000065077
ENSG00000277903,ENSMFAG00000063721
ENSG00000277903,ENSMFAG00000050629
ENSG00000277903,ENSMFAG00000063444
ENSG00000277903,ENSMFAG00000064702
ENSG00000277903,ENSMFAG00000049308
ENSG00000277903,ENSMFAG00000064638
ENSG00000277903,ENSMFAG00000065081
ENSG00000277903,ENSMFAG00000059033
ENSG00000277903,ENSMFAG00000056955
ENSG00000277903,ENSMFAG00000053686
ENSG00000277903,ENSMFAG00000065555
ENSG00000171617,ENSMFAG00000030568
ENSG00000278774,ENSMFAG00000053257
ENSG00000278774,ENSMFAG00000063277
ENSG00000278774,ENSMFAG00000054200
ENSG00000278774,ENSMFAG00000053173
ENSG00000278774,ENSMFAG00000062989
ENSG00000278774,ENSMFAG00000050106
ENSG00000278774,ENSMFAG00000062766
ENSG00000278774,ENSMFAG00000065392
ENSG00000278774,ENSMFAG00000048542
ENSG00000278774,ENSMFAG00000058130
ENSG00000278774,ENSMFAG00000060633
ENSG00000278774,ENSMFAG00000057462
ENSG00000278774,ENSMFAG00000064884
ENSG00000278774,ENSMFAG00000054509
ENSG00000278774,ENSMFAG00000065077
ENSG00000278774,ENSMFAG00000063721
ENSG00000278774,ENSMFAG00000050629
ENSG00000278774,ENSMFAG00000063444
ENSG00000278774,ENSMFAG00000064702
ENSG00000278774,ENSMFAG00000049308
ENSG00000278774,ENSMFAG00000064638
ENSG00000278774,ENSMFAG00000065081
ENSG00000278774,ENSMFAG00000059033
ENSG00000278774,ENSMFAG00000056955
ENSG00000278774,ENSMFAG00000053686
ENSG00000278774,ENSMFAG00000065555
ENSG00000274862,ENSMFAG00000053257
ENSG00000274862,ENSMFAG00000063277
ENSG00000274862,ENSMFAG00000054200
ENSG00000274862,ENSMFAG00000053173
ENSG00000274862,ENSMFAG00000062989
ENSG00000274862,ENSMFAG00000050106
ENSG00000274862,ENSMFAG00000062766
ENSG00000274862,ENSMFAG00000065392
ENSG00000274862,ENSMFAG00000048542
ENSG00000274862,ENSMFAG00000058130
ENSG00000274862,ENSMFAG00000060633
ENSG00000274862,ENSMFAG00000057462
ENSG00000274862,ENSMFAG00000064884
ENSG00000274862,ENSMFAG00000054509
ENSG00000274862,ENSMFAG00000065077
ENSG00000274862,ENSMFAG00000063721
ENSG00000274862,ENSMFAG00000050629
ENSG00000274862,ENSMFAG00000063444
ENSG00000274862,ENSMFAG00000064702
ENSG00000274862,ENSMFAG00000049308
ENSG00000274862,ENSMFAG00000064638
ENSG00000274862,ENSMFAG00000065081
ENSG00000274862,ENSMFAG00000059033
ENSG00000274862,ENSMFAG00000056955
ENSG00000274862,ENSMFAG00000053686
ENSG00000274862,ENSMFAG00000065555
ENSG00000274062,ENSMFAG00000053257
ENSG00000274062,ENSMFAG00000063277
ENSG00000274062,ENSMFAG00000054200
ENSG00000274062,ENSMFAG00000053173
ENSG00000274062,ENSMFAG00000062989
ENSG00000274062,ENSMFAG00000050106
ENSG00000274062,ENSMFAG00000062766
ENSG00000274062,ENSMFAG00000065392
ENSG00000274062,ENSMFAG00000048542
ENSG00000274062,ENSMFAG00000058130
ENSG00000274062,ENSMFAG00000060633
ENSG00000274062,ENSMFAG00000057462
ENSG00000274062,ENSMFAG00000064884
ENSG00000274062,ENSMFAG00000054509
ENSG00000274062,ENSMFAG00000065077
ENSG00000274062,ENSMFAG00000063721
ENSG00000274062,ENSMFAG00000050629
ENSG00000274062,ENSMFAG00000063444
ENSG00000274062,ENSMFAG00000064702
ENSG00000274062,ENSMFAG00000049308
ENSG00000274062,ENSMFAG00000064638
ENSG00000274062,ENSMFAG00000065081
ENSG00000274062,ENSMFAG00000059033
ENSG00000274062,ENSMFAG00000056955
ENSG00000274062,ENSMFAG00000053686
ENSG00000274062,ENSMFAG00000065555
ENSG00000274452,ENSMFAG00000064900
ENSG00000274452,ENSMFAG00000049640
ENSG00000274452,ENSMFAG00000054660
ENSG00000274452,ENSMFAG00000048057
ENSG00000274452,ENSMFAG00000062697
ENSG00000274452,ENSMFAG00000053858
ENSG00000274452,ENSMFAG00000052702
ENSG00000274452,ENSMFAG00000054202
ENSG00000274452,ENSMFAG00000065030
ENSG00000274452,ENSMFAG00000058309
ENSG00000274452,ENSMFAG00000054865
ENSG00000165120,ENSMFAG00000031766
ENSG00000275219,ENSMFAG00000053257
ENSG00000275219,ENSMFAG00000063277
ENSG00000275219,ENSMFAG00000054200
ENSG00000275219,ENSMFAG00000053173
ENSG00000275219,ENSMFAG00000062989
ENSG00000275219,ENSMFAG00000050106
ENSG00000275219,ENSMFAG00000062766
ENSG00000275219,ENSMFAG00000065392
ENSG00000275219,ENSMFAG00000048542
ENSG00000275219,ENSMFAG00000058130
ENSG00000275219,ENSMFAG00000060633
ENSG00000275219,ENSMFAG00000057462
ENSG00000275219,ENSMFAG00000064884
ENSG00000275219,ENSMFAG00000054509
ENSG00000275219,ENSMFAG00000065077
ENSG00000275219,ENSMFAG00000063721
ENSG00000275219,ENSMFAG00000050629
ENSG00000275219,ENSMFAG00000063444
ENSG00000275219,ENSMFAG00000064702
ENSG00000275219,ENSMFAG00000049308
ENSG00000275219,ENSMFAG00000064638
ENSG00000275219,ENSMFAG00000065081
ENSG00000275219,ENSMFAG00000059033
ENSG00000275219,ENSMFAG00000056955
ENSG00000275219,ENSMFAG00000053686
ENSG00000275219,ENSMFAG00000065555
ENSG00000278591,ENSMFAG00000053257
ENSG00000278591,ENSMFAG00000063277
ENSG00000278591,ENSMFAG00000054200
ENSG00000278591,ENSMFAG00000053173
ENSG00000278591,ENSMFAG00000062989
ENSG00000278591,ENSMFAG00000050106
ENSG00000278591,ENSMFAG00000062766
ENSG00000278591,ENSMFAG00000065392
ENSG00000278591,ENSMFAG00000048542
ENSG00000278591,ENSMFAG00000058130
ENSG00000278591,ENSMFAG00000060633
ENSG00000278591,ENSMFAG00000057462
ENSG00000278591,ENSMFAG00000064884
ENSG00000278591,ENSMFAG00000054509
ENSG00000278591,ENSMFAG00000065077
ENSG00000278591,ENSMFAG00000063721
ENSG00000278591,ENSMFAG00000050629
ENSG00000278591,ENSMFAG00000063444
ENSG00000278591,ENSMFAG00000064702
ENSG00000278591,ENSMFAG00000049308
ENSG00000278591,ENSMFAG00000064638
ENSG00000278591,ENSMFAG00000065081
ENSG00000278591,ENSMFAG00000059033
ENSG00000278591,ENSMFAG00000056955
ENSG00000278591,ENSMFAG00000053686
ENSG00000278591,ENSMFAG00000065555
ENSG00000204983,ENSMFAG00000065438
ENSG00000153930,ENSMFAG00000032096
ENSG00000148358,ENSMFAG00000045947
ENSG00000048392,ENSMFAG00000043659
ENSG00000196335,ENSMFAG00000002623
ENSG00000172239,ENSMFAG00000043517
ENSG00000125991,ENSMFAG00000037850
ENSG00000053918,ENSMFAG00000044043
ENSG00000260458,ENSMFAG00000030169
ENSG00000082701,ENSMFAG00000002620
ENSG00000068438,ENSMFAG00000003467
ENSG00000166439,ENSMFAG00000031265
ENSG00000110344,ENSMFAG00000041947
ENSG00000158201,ENSMFAG00000045155
ENSG00000179930,ENSMFAG00000057266
ENSG00000206764,ENSMFAG00000006517
ENSG00000122432,ENSMFAG00000038889
ENSG00000182645,ENSMFAG00000039541
ENSG00000156150,ENSMFAG00000000542
ENSG00000198513,ENSMFAG00000000528
ENSG00000154007,ENSMFAG00000044899
ENSG00000100296,ENSMFAG00000001276
ENSG00000184005,ENSMFAG00000038282
ENSG00000199921,ENSMFAG00000040493
ENSG00000119969,ENSMFAG00000044053
ENSG00000141668,ENSMFAG00000033106
ENSG00000136940,ENSMFAG00000049180
ENSG00000166510,ENSMFAG00000032372
ENSG00000151233,ENSMFAG00000034181
ENSG00000119707,ENSMFAG00000040040
ENSG00000155868,ENSMFAG00000029781
ENSG00000123219,ENSMFAG00000037278
ENSG00000111341,ENSMFAG00000003266
ENSG00000171045,ENSMFAG00000044811
ENSG00000069424,ENSMFAG00000035522
ENSG00000102265,ENSMFAG00000038764
ENSG00000213462,ENSMFAG00000051941
ENSG00000163751,ENSMFAG00000003955
ENSG00000013583,ENSMFAG00000031854
ENSG00000183283,ENSMFAG00000001009
ENSG00000146834,ENSMFAG00000003007
ENSG00000176485,ENSMFAG00000032359
ENSG00000168032,ENSMFAG00000004057
ENSG00000284346,ENSMFAG00000013337
ENSG00000201034,ENSMFAG00000010548
ENSG00000102144,ENSMFAG00000031271
ENSG00000102144,ENSMFAG00000030850
ENSG00000105270,ENSMFAG00000044096
ENSG00000078328,ENSMFAG00000036447
ENSG00000138615,ENSMFAG00000039594
ENSG00000162236,ENSMFAG00000003488
ENSG00000184828,ENSMFAG00000031667
ENSG00000197992,ENSMFAG00000004005
ENSG00000006283,ENSMFAG00000055574
ENSG00000125351,ENSMFAG00000045414
ENSG00000017427,ENSMFAG00000030766
ENSG00000188582,ENSMFAG00000034764
ENSG00000263155,ENSMFAG00000035568
ENSG00000164951,ENSMFAG00000030624
ENSG00000173200,ENSMFAG00000026206
ENSG00000183760,ENSMFAG00000042916
ENSG00000104691,ENSMFAG00000038759
ENSG00000211694,ENSMFAG00000030135
ENSG00000241756,ENSMFAG00000011171
ENSG00000207168,ENSMFAG00000057263
ENSG00000171759,ENSMFAG00000036729
ENSG00000200189,ENSMFAG00000047372
ENSG00000130402,ENSMFAG00000033669
ENSG00000252423,ENSMFAG00000014281
ENSG00000244392,ENSMFAG00000018403
ENSG00000214415,ENSMFAG00000001103
ENSG00000101346,ENSMFAG00000046316
ENSG00000068308,ENSMFAG00000039347
ENSG00000239075,ENSMFAG00000035307
ENSG00000163959,ENSMFAG00000001755
ENSG00000105829,ENSMFAG00000031881
ENSG00000164172,ENSMFAG00000037730
ENSG00000087589,ENSMFAG00000045759
ENSG00000162344,ENSMFAG00000043051
ENSG00000082397,ENSMFAG00000032905
ENSG00000181804,ENSMFAG00000002921
ENSG00000125898,ENSMFAG00000060881
ENSG00000153790,ENSMFAG00000043369
ENSG00000072518,ENSMFAG00000032452
ENSG00000100934,ENSMFAG00000035158
ENSG00000124191,ENSMFAG00000036799
ENSG00000105954,ENSMFAG00000033164
ENSG00000104643,ENSMFAG00000031184
ENSG00000202233,ENSMFAG00000011517
ENSG00000127249,ENSMFAG00000033333
ENSG00000201432,ENSMFAG00000011648
ENSG00000101966,ENSMFAG00000036172
ENSG00000106211,ENSMFAG00000051972
ENSG00000123560,ENSMFAG00000036633
ENSG00000178397,ENSMFAG00000039457
ENSG00000214300,ENSMFAG00000042064
ENSG00000154319,ENSMFAG00000036511
ENSG00000221989,ENSMFAG00000056903
ENSG00000124155,ENSMFAG00000043460
ENSG00000111653,ENSMFAG00000001174
ENSG00000106404,ENSMFAG00000039638
ENSG00000186918,ENSMFAG00000036920
ENSG00000241224,ENSMFAG00000044276
ENSG00000186329,ENSMFAG00000001516
ENSG00000183597,ENSMFAG00000004021
ENSG00000128581,ENSMFAG00000044026
ENSG00000114383,ENSMFAG00000035779
ENSG00000156463,ENSMFAG00000042350
ENSG00000170860,ENSMFAG00000063615
ENSG00000163633,ENSMFAG00000049033
ENSG00000163687,ENSMFAG00000042137
ENSG00000072201,ENSMFAG00000000338
ENSG00000235631,ENSMFAG00000041426
ENSG00000099219,ENSMFAG00000008006
ENSG00000128519,ENSMFAG00000064959
ENSG00000213145,ENSMFAG00000039395
ENSG00000101844,ENSMFAG00000039546
ENSG00000114378,ENSMFAG00000003015
ENSG00000070814,ENSMFAG00000041830
ENSG00000151617,ENSMFAG00000033903
ENSG00000171314,ENSMFAG00000003367
ENSG00000164938,ENSMFAG00000059313
ENSG00000119703,ENSMFAG00000013902
ENSG00000148835,ENSMFAG00000031468
ENSG00000123124,ENSMFAG00000045719
ENSG00000047365,ENSMFAG00000041357
ENSG00000154473,ENSMFAG00000044849
ENSG00000174564,ENSMFAG00000045437
ENSG00000111087,ENSMFAG00000032745
ENSG00000156411,ENSMFAG00000045832
ENSG00000129437,ENSMFAG00000038438
ENSG00000174004,ENSMFAG00000036922
ENSG00000163659,ENSMFAG00000040611
ENSG00000104047,ENSMFAG00000058237
ENSG00000142449,ENSMFAG00000035371
ENSG00000158113,ENSMFAG00000038285
ENSG00000121797,ENSMFAG00000037173
ENSG00000174206,ENSMFAG00000000249
ENSG00000196116,ENSMFAG00000003187
ENSG00000227345,ENSMFAG00000043537
ENSG00000111276,ENSMFAG00000032299
ENSG00000022976,ENSMFAG00000045906
ENSG00000157017,ENSMFAG00000043669
ENSG00000165675,ENSMFAG00000003196
ENSG00000047621,ENSMFAG00000004013
ENSG00000163312,ENSMFAG00000040731
ENSG00000173546,ENSMFAG00000031446
ENSG00000241697,ENSMFAG00000007545
ENSG00000186575,ENSMFAG00000003803
ENSG00000174444,ENSMFAG00000036412
ENSG00000111199,ENSMFAG00000032093
ENSG00000089737,ENSMFAG00000033695
ENSG00000177707,ENSMFAG00000001084
ENSG00000103495,ENSMFAG00000040127
ENSG00000118785,ENSMFAG00000038158
ENSG00000166136,ENSMFAG00000020533
ENSG00000166136,ENSMFAG00000024716
ENSG00000166136,ENSMFAG00000002209
ENSG00000166136,ENSMFAG00000040760
ENSG00000122707,ENSMFAG00000043543
ENSG00000071794,ENSMFAG00000033863
ENSG00000149798,ENSMFAG00000025261
ENSG00000175470,ENSMFAG00000001365
ENSG00000172350,ENSMFAG00000046033
ENSG00000208017,ENSMFAG00000012156
ENSG00000100784,ENSMFAG00000041703
ENSG00000180938,ENSMFAG00000031662
ENSG00000261236,ENSMFAG00000031321
ENSG00000148841,ENSMFAG00000057374
ENSG00000214940,ENSMFAG00000034521
ENSG00000137460,ENSMFAG00000040830
ENSG00000136877,ENSMFAG00000030927
ENSG00000183346,ENSMFAG00000031452
ENSG00000143442,ENSMFAG00000043596
ENSG00000107874,ENSMFAG00000035328
ENSG00000163683,ENSMFAG00000045159
ENSG00000173457,ENSMFAG00000028668
ENSG00000206927,ENSMFAG00000013081
ENSG00000134917,ENSMFAG00000038449
ENSG00000207425,ENSMFAG00000013081
ENSG00000157045,ENSMFAG00000036951
ENSG00000163704,ENSMFAG00000037735
ENSG00000229474,ENSMFAG00000003565
ENSG00000170142,ENSMFAG00000046106
ENSG00000214756,ENSMFAG00000032323
ENSG00000127511,ENSMFAG00000001377
ENSG00000131831,ENSMFAG00000001310
ENSG00000207294,ENSMFAG00000013081
ENSG00000197136,ENSMFAG00000044368
ENSG00000140307,ENSMFAG00000034656
ENSG00000100949,ENSMFAG00000004938
ENSG00000066422,ENSMFAG00000031897
ENSG00000196993,ENSMFAG00000034521
ENSG00000222359,ENSMFAG00000053121
ENSG00000199474,ENSMFAG00000006519
ENSG00000237515,ENSMFAG00000038079
ENSG00000094631,ENSMFAG00000044074
ENSG00000186153,ENSMFAG00000037127
ENSG00000114315,ENSMFAG00000050733
ENSG00000164056,ENSMFAG00000006273
ENSG00000174748,ENSMFAG00000043886
ENSG00000199448,ENSMFAG00000007116
ENSG00000109572,ENSMFAG00000039959
ENSG00000155330,ENSMFAG00000061258
ENSG00000110092,ENSMFAG00000039013
ENSG00000233932,ENSMFAG00000065829
ENSG00000012504,ENSMFAG00000002236
ENSG00000177606,ENSMFAG00000050244
ENSG00000171735,ENSMFAG00000035577
ENSG00000034053,ENSMFAG00000040758
ENSG00000168569,ENSMFAG00000030143
ENSG00000173465,ENSMFAG00000042498
ENSG00000166164,ENSMFAG00000035566
ENSG00000179241,ENSMFAG00000043269
ENSG00000257365,ENSMFAG00000046245
ENSG00000205090,ENSMFAG00000001305
ENSG00000144730,ENSMFAG00000034448
ENSG00000105137,ENSMFAG00000037133
ENSG00000203995,ENSMFAG00000046237
ENSG00000186174,ENSMFAG00000045922
ENSG00000123933,ENSMFAG00000053887
ENSG00000070718,ENSMFAG00000045662
ENSG00000155252,ENSMFAG00000003191
ENSG00000137692,ENSMFAG00000033871
ENSG00000162383,ENSMFAG00000041399
ENSG00000181826,ENSMFAG00000029954
ENSG00000168826,ENSMFAG00000043670
ENSG00000129535,ENSMFAG00000044677
ENSG00000167978,ENSMFAG00000003406
ENSG00000084207,ENSMFAG00000032564
ENSG00000077150,ENSMFAG00000031139
ENSG00000072110,ENSMFAG00000003078
ENSG00000197265,ENSMFAG00000031671
ENSG00000177051,ENSMFAG00000004080
ENSG00000240038,ENSMFAG00000037558
ENSG00000145216,ENSMFAG00000034699
ENSG00000007047,ENSMFAG00000062481
ENSG00000010322,ENSMFAG00000029268
ENSG00000175329,ENSMFAG00000002513
ENSG00000110237,ENSMFAG00000053348
ENSG00000110237,ENSMFAG00000036527
ENSG00000186716,ENSMFAG00000044501
ENSG00000143321,ENSMFAG00000033983
ENSG00000085644,ENSMFAG00000032481
ENSG00000188859,ENSMFAG00000032771
ENSG00000177238,ENSMFAG00000035762
ENSG00000102924,ENSMFAG00000003677
ENSG00000162341,ENSMFAG00000045821
ENSG00000197020,ENSMFAG00000037086
ENSG00000249961,ENSMFAG00000025461
ENSG00000094975,ENSMFAG00000046345
ENSG00000178538,ENSMFAG00000033479
ENSG00000130045,ENSMFAG00000045135
ENSG00000077312,ENSMFAG00000041710
ENSG00000095321,ENSMFAG00000002439
ENSG00000147526,ENSMFAG00000031600
ENSG00000168748,ENSMFAG00000042876
ENSG00000111530,ENSMFAG00000044406
ENSG00000120742,ENSMFAG00000054680
ENSG00000153789,ENSMFAG00000040673
ENSG00000204231,ENSMFAG00000003583
ENSG00000066926,ENSMFAG00000016324
ENSG00000157423,ENSMFAG00000002730
ENSG00000105246,ENSMFAG00000038770
ENSG00000099957,ENSMFAG00000042492
ENSG00000105722,ENSMFAG00000035885
ENSG00000185633,ENSMFAG00000055308
ENSG00000252552,ENSMFAG00000040713
ENSG00000206659,ENSMFAG00000021295
ENSG00000159173,ENSMFAG00000037331
ENSG00000083814,ENSMFAG00000040513
ENSG00000166046,ENSMFAG00000042033
ENSG00000105642,ENSMFAG00000040924
ENSG00000136854,ENSMFAG00000003958
ENSG00000206637,ENSMFAG00000057583
ENSG00000213079,ENSMFAG00000032738
ENSG00000162771,ENSMFAG00000001230
ENSG00000123685,ENSMFAG00000031859
ENSG00000143756,ENSMFAG00000000604
ENSG00000211584,ENSMFAG00000038766
ENSG00000243660,ENSMFAG00000038768
ENSG00000144554,ENSMFAG00000032527
ENSG00000111679,ENSMFAG00000033356
ENSG00000076924,ENSMFAG00000029553
ENSG00000137500,ENSMFAG00000034340
ENSG00000170113,ENSMFAG00000048936
ENSG00000236104,ENSMFAG00000011344
ENSG00000198951,ENSMFAG00000002492
ENSG00000198185,ENSMFAG00000037488
ENSG00000130396,ENSMFAG00000044776
ENSG00000138346,ENSMFAG00000036094
ENSG00000196557,ENSMFAG00000049126
ENSG00000092445,ENSMFAG00000003863
ENSG00000162946,ENSMFAG00000042435
ENSG00000167074,ENSMFAG00000033476
ENSG00000172461,ENSMFAG00000006659
ENSG00000100353,ENSMFAG00000000481
ENSG00000112306,ENSMFAG00000042652
ENSG00000111231,ENSMFAG00000003083
ENSG00000113441,ENSMFAG00000038731
ENSG00000150768,ENSMFAG00000039105
ENSG00000272325,ENSMFAG00000042647
ENSG00000105261,ENSMFAG00000038638
ENSG00000183150,ENSMFAG00000012704
ENSG00000262919,ENSMFAG00000044349
ENSG00000104889,ENSMFAG00000002011
ENSG00000091844,ENSMFAG00000039353
ENSG00000253251,ENSMFAG00000050976
ENSG00000077147,ENSMFAG00000002926
ENSG00000186687,ENSMFAG00000040390
ENSG00000124802,ENSMFAG00000000745
ENSG00000237289,ENSMFAG00000027932
ENSG00000182544,ENSMFAG00000045867
ENSG00000111707,ENSMFAG00000031069
ENSG00000105176,ENSMFAG00000044813
ENSG00000168246,ENSMFAG00000052150
ENSG00000100814,ENSMFAG00000037728
ENSG00000146414,ENSMFAG00000039704
ENSG00000163626,ENSMFAG00000035677
ENSG00000072571,ENSMFAG00000035690
ENSG00000005893,ENSMFAG00000026553
ENSG00000109171,ENSMFAG00000042290
ENSG00000140416,ENSMFAG00000030943
ENSG00000125656,ENSMFAG00000063171
ENSG00000157168,ENSMFAG00000002201
ENSG00000101213,ENSMFAG00000042934
ENSG00000138663,ENSMFAG00000045246
ENSG00000218891,ENSMFAG00000055885
ENSG00000237452,ENSMFAG00000038095
ENSG00000166913,ENSMFAG00000043236
ENSG00000104883,ENSMFAG00000032881
ENSG00000111445,ENSMFAG00000044172
ENSG00000121653,ENSMFAG00000045393
ENSG00000124783,ENSMFAG00000039497
ENSG00000172062,ENSMFAG00000031523
ENSG00000172062,ENSMFAG00000008812
ENSG00000167670,ENSMFAG00000035792
ENSG00000173681,ENSMFAG00000003230
ENSG00000165698,ENSMFAG00000033110
ENSG00000114391,ENSMFAG00000031125
ENSG00000162105,ENSMFAG00000031467
ENSG00000148225,ENSMFAG00000038602
ENSG00000116176,ENSMFAG00000035519
ENSG00000131043,ENSMFAG00000030564
ENSG00000188958,ENSMFAG00000037124
ENSG00000095917,ENSMFAG00000043887
ENSG00000138772,ENSMFAG00000003067
ENSG00000138119,ENSMFAG00000036842
ENSG00000198937,ENSMFAG00000053946
ENSG00000131023,ENSMFAG00000040176
ENSG00000105281,ENSMFAG00000044927
ENSG00000171135,ENSMFAG00000038434
ENSG00000075188,ENSMFAG00000000710
ENSG00000163530,ENSMFAG00000008966
ENSG00000163530,ENSMFAG00000044566
ENSG00000005513,ENSMFAG00000063189
ENSG00000126759,ENSMFAG00000032256
ENSG00000066117,ENSMFAG00000000413
ENSG00000088826,ENSMFAG00000031692
ENSG00000064666,ENSMFAG00000032695
ENSG00000112812,ENSMFAG00000004036
ENSG00000003096,ENSMFAG00000043732
ENSG00000135052,ENSMFAG00000043796
ENSG00000172780,ENSMFAG00000040013
ENSG00000167962,ENSMFAG00000001763
ENSG00000100629,ENSMFAG00000002498
ENSG00000171530,ENSMFAG00000034059
ENSG00000160097,ENSMFAG00000033251
ENSG00000221963,ENSMFAG00000048917
ENSG00000099994,ENSMFAG00000010252
ENSG00000168273,ENSMFAG00000045064
ENSG00000123892,ENSMFAG00000044903
ENSG00000284214,ENSMFAG00000012010
ENSG00000284203,ENSMFAG00000013373
ENSG00000144827,ENSMFAG00000038045
ENSG00000160818,ENSMFAG00000030965
ENSG00000134056,ENSMFAG00000049166
ENSG00000134056,ENSMFAG00000057169
ENSG00000262152,ENSMFAG00000003184
ENSG00000166507,ENSMFAG00000036636
ENSG00000164258,ENSMFAG00000033089
ENSG00000254999,ENSMFAG00000062122
ENSG00000177189,ENSMFAG00000045085
ENSG00000111843,ENSMFAG00000044254
ENSG00000133422,ENSMFAG00000043532
ENSG00000213593,ENSMFAG00000003159
ENSG00000132182,ENSMFAG00000044461
ENSG00000150756,ENSMFAG00000044629
ENSG00000162039,ENSMFAG00000000726
ENSG00000116990,ENSMFAG00000029625
ENSG00000112218,ENSMFAG00000007033
ENSG00000125945,ENSMFAG00000035532
ENSG00000123552,ENSMFAG00000038745
ENSG00000134058,ENSMFAG00000001451
ENSG00000186086,ENSMFAG00000033657
ENSG00000186086,ENSMFAG00000030772
ENSG00000186086,ENSMFAG00000034290
ENSG00000186086,ENSMFAG00000043232
ENSG00000135441,ENSMFAG00000057152
ENSG00000131142,ENSMFAG00000034081
ENSG00000061656,ENSMFAG00000033014
ENSG00000089154,ENSMFAG00000003588
ENSG00000090013,ENSMFAG00000040130
ENSG00000233024,ENSMFAG00000034521
ENSG00000165304,ENSMFAG00000039640
ENSG00000138769,ENSMFAG00000043830
ENSG00000009830,ENSMFAG00000043819
ENSG00000167992,ENSMFAG00000050422
ENSG00000167992,ENSMFAG00000037169
ENSG00000108039,ENSMFAG00000030034
ENSG00000131069,ENSMFAG00000037662
ENSG00000166473,ENSMFAG00000044240
ENSG00000109758,ENSMFAG00000002414
ENSG00000280267,ENSMFAG00000037280
ENSG00000280267,ENSMFAG00000003419
ENSG00000211452,ENSMFAG00000034074
ENSG00000140157,ENSMFAG00000000201
ENSG00000128274,ENSMFAG00000030432
ENSG00000173545,ENSMFAG00000058196
ENSG00000204287,ENSMFAG00000032157
ENSG00000266210,ENSMFAG00000056974
ENSG00000162592,ENSMFAG00000039059
ENSG00000169398,ENSMFAG00000001164
ENSG00000113194,ENSMFAG00000046297
ENSG00000241128,ENSMFAG00000052980
ENSG00000118518,ENSMFAG00000041368
ENSG00000159398,ENSMFAG00000032808
ENSG00000159398,ENSMFAG00000003402
ENSG00000213186,ENSMFAG00000045911
ENSG00000022267,ENSMFAG00000036971
ENSG00000143258,ENSMFAG00000036783
ENSG00000118420,ENSMFAG00000034654
ENSG00000119574,ENSMFAG00000062089
ENSG00000119574,ENSMFAG00000042776
ENSG00000182944,ENSMFAG00000038861
ENSG00000182247,ENSMFAG00000039050
ENSG00000145494,ENSMFAG00000032708
ENSG00000174951,ENSMFAG00000064726
ENSG00000196104,ENSMFAG00000039387
ENSG00000161021,ENSMFAG00000044212
ENSG00000075945,ENSMFAG00000030675
ENSG00000163808,ENSMFAG00000039831
ENSG00000137331,ENSMFAG00000035656
ENSG00000171421,ENSMFAG00000049680
ENSG00000167645,ENSMFAG00000034102
ENSG00000112304,ENSMFAG00000035886
ENSG00000113319,ENSMFAG00000003054
ENSG00000134954,ENSMFAG00000002137
ENSG00000146215,ENSMFAG00000030762
ENSG00000133943,ENSMFAG00000031233
ENSG00000243051,ENSMFAG00000019261
ENSG00000137338,ENSMFAG00000042494
ENSG00000252357,ENSMFAG00000016775
ENSG00000135835,ENSMFAG00000033722
ENSG00000081248,ENSMFAG00000037274
ENSG00000164430,ENSMFAG00000046319
ENSG00000113119,ENSMFAG00000034339
ENSG00000135503,ENSMFAG00000031949
ENSG00000275909,ENSMFAG00000065174
ENSG00000118523,ENSMFAG00000033594
ENSG00000156603,ENSMFAG00000034262
ENSG00000222170,ENSMFAG00000008021
ENSG00000143337,ENSMFAG00000031398
ENSG00000170903,ENSMFAG00000034061
ENSG00000055208,ENSMFAG00000036867
ENSG00000177508,ENSMFAG00000032048
ENSG00000166689,ENSMFAG00000000110
ENSG00000112365,ENSMFAG00000000893
ENSG00000239555,ENSMFAG00000014003
ENSG00000115268,ENSMFAG00000034057
ENSG00000113068,ENSMFAG00000044428
ENSG00000076716,ENSMFAG00000034110
ENSG00000124614,ENSMFAG00000008570
ENSG00000136014,ENSMFAG00000002328
ENSG00000164180,ENSMFAG00000005470
ENSG00000164180,ENSMFAG00000043023
ENSG00000116745,ENSMFAG00000043407
ENSG00000121406,ENSMFAG00000037822
ENSG00000261210,ENSMFAG00000060696
ENSG00000130208,ENSMFAG00000038912
ENSG00000116147,ENSMFAG00000038286
ENSG00000222750,ENSMFAG00000007366
ENSG00000152219,ENSMFAG00000001165
ENSG00000183943,ENSMFAG00000052639
ENSG00000175868,ENSMFAG00000054288
ENSG00000099330,ENSMFAG00000044199
ENSG00000198626,ENSMFAG00000039417
ENSG00000263968,ENSMFAG00000009219
ENSG00000110107,ENSMFAG00000036743
ENSG00000068366,ENSMFAG00000036623
ENSG00000214435,ENSMFAG00000039839
ENSG00000167522,ENSMFAG00000040263
ENSG00000151552,ENSMFAG00000039731
ENSG00000099795,ENSMFAG00000043529
ENSG00000163807,ENSMFAG00000058857
ENSG00000165816,ENSMFAG00000022092
ENSG00000168394,ENSMFAG00000041369
ENSG00000105447,ENSMFAG00000030565
ENSG00000041802,ENSMFAG00000039903
ENSG00000113273,ENSMFAG00000038907
ENSG00000165526,ENSMFAG00000039513
ENSG00000060982,ENSMFAG00000003944
ENSG00000078403,ENSMFAG00000031775
ENSG00000181381,ENSMFAG00000045327
ENSG00000170234,ENSMFAG00000027720
ENSG00000105677,ENSMFAG00000038699
ENSG00000197345,ENSMFAG00000043823
ENSG00000086589,ENSMFAG00000004034
ENSG00000163377,ENSMFAG00000020992
ENSG00000119812,ENSMFAG00000031093
ENSG00000114353,ENSMFAG00000032665
ENSG00000150667,ENSMFAG00000031510
ENSG00000124920,ENSMFAG00000039452
ENSG00000217128,ENSMFAG00000040948
ENSG00000207187,ENSMFAG00000016823
ENSG00000112578,ENSMFAG00000033214
ENSG00000069974,ENSMFAG00000003317
ENSG00000105371,ENSMFAG00000003379
ENSG00000257446,ENSMFAG00000003518
ENSG00000055211,ENSMFAG00000060091
ENSG00000228716,ENSMFAG00000045536
ENSG00000138821,ENSMFAG00000031938
ENSG00000127445,ENSMFAG00000039816
ENSG00000008018,ENSMFAG00000039343
ENSG00000008018,ENSMFAG00000051191
ENSG00000124767,ENSMFAG00000046082
ENSG00000183454,ENSMFAG00000037083
ENSG00000126259,ENSMFAG00000032870
ENSG00000127334,ENSMFAG00000032759
ENSG00000196814,ENSMFAG00000034269
ENSG00000163666,ENSMFAG00000003900
ENSG00000137404,ENSMFAG00000061761
ENSG00000162753,ENSMFAG00000043508
ENSG00000111206,ENSMFAG00000030561
ENSG00000114902,ENSMFAG00000040738
ENSG00000239149,ENSMFAG00000022178
ENSG00000188770,ENSMFAG00000045413
ENSG00000064655,ENSMFAG00000039522
ENSG00000214160,ENSMFAG00000001621
ENSG00000123240,ENSMFAG00000045578
ENSG00000120156,ENSMFAG00000045003
ENSG00000283899,ENSMFAG00000013904
ENSG00000198818,ENSMFAG00000039956
ENSG00000264613,ENSMFAG00000019912
ENSG00000198841,ENSMFAG00000036728
ENSG00000131503,ENSMFAG00000041567
ENSG00000201944,ENSMFAG00000035315
ENSG00000162877,ENSMFAG00000039759
ENSG00000127418,ENSMFAG00000002925
ENSG00000204308,ENSMFAG00000033282
ENSG00000140265,ENSMFAG00000000216
ENSG00000076201,ENSMFAG00000058311
ENSG00000164458,ENSMFAG00000030026
ENSG00000140367,ENSMFAG00000006846
ENSG00000149554,ENSMFAG00000000771
ENSG00000164066,ENSMFAG00000000529
ENSG00000198960,ENSMFAG00000025121
ENSG00000206762,ENSMFAG00000064579
ENSG00000275213,ENSMFAG00000055545
ENSG00000275213,ENSMFAG00000049310
ENSG00000124535,ENSMFAG00000001313
ENSG00000154545,ENSMFAG00000040747
ENSG00000197594,ENSMFAG00000036178
ENSG00000105662,ENSMFAG00000045375
ENSG00000143315,ENSMFAG00000055275
ENSG00000132681,ENSMFAG00000031296
ENSG00000133169,ENSMFAG00000023283
ENSG00000124228,ENSMFAG00000045749
ENSG00000110851,ENSMFAG00000041862
ENSG00000186792,ENSMFAG00000043615
ENSG00000147003,ENSMFAG00000045948
ENSG00000239984,ENSMFAG00000009110
ENSG00000197021,ENSMFAG00000047287
ENSG00000197021,ENSMFAG00000062619
ENSG00000207502,ENSMFAG00000004916
ENSG00000243477,ENSMFAG00000038112
ENSG00000188295,ENSMFAG00000058251
ENSG00000188295,ENSMFAG00000049522
ENSG00000188295,ENSMFAG00000056862
ENSG00000188295,ENSMFAG00000058083
ENSG00000188295,ENSMFAG00000053179
ENSG00000188295,ENSMFAG00000056643
ENSG00000188295,ENSMFAG00000064276
ENSG00000188295,ENSMFAG00000048334
ENSG00000188295,ENSMFAG00000064904
ENSG00000188295,ENSMFAG00000003888
ENSG00000188295,ENSMFAG00000047981
ENSG00000165671,ENSMFAG00000032625
ENSG00000212366,ENSMFAG00000049873
ENSG00000163631,ENSMFAG00000000097
ENSG00000200033,ENSMFAG00000033786
ENSG00000112658,ENSMFAG00000043125
ENSG00000112367,ENSMFAG00000031930
ENSG00000206559,ENSMFAG00000043324
ENSG00000194297,ENSMFAG00000030021
ENSG00000184752,ENSMFAG00000037509
ENSG00000145681,ENSMFAG00000047220
ENSG00000177192,ENSMFAG00000041194
ENSG00000172020,ENSMFAG00000041003
ENSG00000164265,ENSMFAG00000043130
ENSG00000160124,ENSMFAG00000028753
ENSG00000199879,ENSMFAG00000030252
ENSG00000176444,ENSMFAG00000050341
ENSG00000104973,ENSMFAG00000034435
ENSG00000084463,ENSMFAG00000035880
ENSG00000184840,ENSMFAG00000062432
ENSG00000075914,ENSMFAG00000038326
ENSG00000137842,ENSMFAG00000044596
ENSG00000239504,ENSMFAG00000009444
ENSG00000252371,ENSMFAG00000005936
ENSG00000113732,ENSMFAG00000045429
ENSG00000196998,ENSMFAG00000032970
ENSG00000060762,ENSMFAG00000003954
ENSG00000136918,ENSMFAG00000038461
ENSG00000202427,ENSMFAG00000019238
ENSG00000135333,ENSMFAG00000033589
ENSG00000110987,ENSMFAG00000045274
ENSG00000136942,ENSMFAG00000044075
ENSG00000135446,ENSMFAG00000043769
ENSG00000284202,ENSMFAG00000018004
ENSG00000114346,ENSMFAG00000041285
ENSG00000252162,ENSMFAG00000061988
ENSG00000272051,ENSMFAG00000051107
ENSG00000196743,ENSMFAG00000032758
ENSG00000092607,ENSMFAG00000044269
ENSG00000165152,ENSMFAG00000063135
ENSG00000140525,ENSMFAG00000035758
ENSG00000129625,ENSMFAG00000032842
ENSG00000165140,ENSMFAG00000033213
ENSG00000206880,ENSMFAG00000004419
ENSG00000143178,ENSMFAG00000038069
ENSG00000124782,ENSMFAG00000000389
ENSG00000242860,ENSMFAG00000016579
ENSG00000200174,ENSMFAG00000007796
ENSG00000201153,ENSMFAG00000004561
ENSG00000167550,ENSMFAG00000035227
ENSG00000251720,ENSMFAG00000055193
ENSG00000113657,ENSMFAG00000045205
ENSG00000244256,ENSMFAG00000008963
ENSG00000222986,ENSMFAG00000053389
ENSG00000100979,ENSMFAG00000036798
ENSG00000180667,ENSMFAG00000030569
ENSG00000136875,ENSMFAG00000039397
ENSG00000205323,ENSMFAG00000045270
ENSG00000156467,ENSMFAG00000022204
ENSG00000104814,ENSMFAG00000034374
ENSG00000113083,ENSMFAG00000054298
ENSG00000064199,ENSMFAG00000031344
ENSG00000104368,ENSMFAG00000041986
ENSG00000169372,ENSMFAG00000043923
ENSG00000166402,ENSMFAG00000031850
ENSG00000146083,ENSMFAG00000003408
ENSG00000204856,ENSMFAG00000033950
ENSG00000184465,ENSMFAG00000031361
ENSG00000222009,ENSMFAG00000033183
ENSG00000175582,ENSMFAG00000041027
ENSG00000107362,ENSMFAG00000001017
ENSG00000232113,ENSMFAG00000065567
ENSG00000212144,ENSMFAG00000016193
ENSG00000138829,ENSMFAG00000041645
ENSG00000139116,ENSMFAG00000017477
ENSG00000139116,ENSMFAG00000057256
ENSG00000187144,ENSMFAG00000035419
ENSG00000130703,ENSMFAG00000030160
ENSG00000073754,ENSMFAG00000037129
ENSG00000197498,ENSMFAG00000053628
ENSG00000106772,ENSMFAG00000046406
ENSG00000206640,ENSMFAG00000008325
ENSG00000105364,ENSMFAG00000003526
ENSG00000242247,ENSMFAG00000043297
ENSG00000252407,ENSMFAG00000023722
ENSG00000122188,ENSMFAG00000046296
ENSG00000175390,ENSMFAG00000042607
ENSG00000187239,ENSMFAG00000042440
ENSG00000162398,ENSMFAG00000034660
ENSG00000180628,ENSMFAG00000036587
ENSG00000153989,ENSMFAG00000051605
ENSG00000143001,ENSMFAG00000045765
ENSG00000166483,ENSMFAG00000034468
ENSG00000096080,ENSMFAG00000038311
ENSG00000124562,ENSMFAG00000030525
ENSG00000162191,ENSMFAG00000045415
ENSG00000100099,ENSMFAG00000000717
ENSG00000025156,ENSMFAG00000032811
ENSG00000166169,ENSMFAG00000043080
ENSG00000115286,ENSMFAG00000002461
ENSG00000104497,ENSMFAG00000044735
ENSG00000124688,ENSMFAG00000038892
ENSG00000112149,ENSMFAG00000030839
ENSG00000159685,ENSMFAG00000006791
ENSG00000013392,ENSMFAG00000056949
ENSG00000131019,ENSMFAG00000002019
ENSG00000172869,ENSMFAG00000040275
ENSG00000204385,ENSMFAG00000041119
ENSG00000175305,ENSMFAG00000036525
ENSG00000169981,ENSMFAG00000041661
ENSG00000139182,ENSMFAG00000042634
ENSG00000204291,ENSMFAG00000038680
ENSG00000114739,ENSMFAG00000041141
ENSG00000172932,ENSMFAG00000061318
ENSG00000101158,ENSMFAG00000002141
ENSG00000126264,ENSMFAG00000037963
ENSG00000163507,ENSMFAG00000039772
ENSG00000095951,ENSMFAG00000032343
ENSG00000149054,ENSMFAG00000037634
ENSG00000132561,ENSMFAG00000042275
ENSG00000123545,ENSMFAG00000030804
ENSG00000163832,ENSMFAG00000042895
ENSG00000187987,ENSMFAG00000059329
ENSG00000162337,ENSMFAG00000036113
ENSG00000228727,ENSMFAG00000054453
ENSG00000237649,ENSMFAG00000036107
ENSG00000165891,ENSMFAG00000000355
ENSG00000130812,ENSMFAG00000038494
ENSG00000213799,ENSMFAG00000065563
ENSG00000185219,ENSMFAG00000043177
ENSG00000169567,ENSMFAG00000036310
ENSG00000105676,ENSMFAG00000000505
ENSG00000275655,ENSMFAG00000007537
ENSG00000135976,ENSMFAG00000056329
ENSG00000135976,ENSMFAG00000043601
ENSG00000135976,ENSMFAG00000057165
ENSG00000135976,ENSMFAG00000054815
ENSG00000135976,ENSMFAG00000057158
ENSG00000135976,ENSMFAG00000043123
ENSG00000135976,ENSMFAG00000050783
ENSG00000135976,ENSMFAG00000052463
ENSG00000198015,ENSMFAG00000032330
ENSG00000049167,ENSMFAG00000037556
ENSG00000129810,ENSMFAG00000000824
ENSG00000204228,ENSMFAG00000037332
ENSG00000197694,ENSMFAG00000044099
ENSG00000186104,ENSMFAG00000002337
ENSG00000164626,ENSMFAG00000043138
ENSG00000100226,ENSMFAG00000037252
ENSG00000071655,ENSMFAG00000044264
ENSG00000064601,ENSMFAG00000045769
ENSG00000165669,ENSMFAG00000031620
ENSG00000149548,ENSMFAG00000038419
ENSG00000205571,ENSMFAG00000031523
ENSG00000205571,ENSMFAG00000008812
ENSG00000127328,ENSMFAG00000032638
ENSG00000128272,ENSMFAG00000000392
ENSG00000158042,ENSMFAG00000062298
ENSG00000105556,ENSMFAG00000001210
ENSG00000177666,ENSMFAG00000045142
ENSG00000100150,ENSMFAG00000031441
ENSG00000011132,ENSMFAG00000044015
ENSG00000232040,ENSMFAG00000045200
ENSG00000114686,ENSMFAG00000003455
ENSG00000156172,ENSMFAG00000044442
ENSG00000112651,ENSMFAG00000037938
ENSG00000145912,ENSMFAG00000032376
ENSG00000168495,ENSMFAG00000029141
ENSG00000164309,ENSMFAG00000000649
ENSG00000169826,ENSMFAG00000019827
ENSG00000149782,ENSMFAG00000044872
ENSG00000037474,ENSMFAG00000045240
ENSG00000107779,ENSMFAG00000040345
ENSG00000135535,ENSMFAG00000033671
ENSG00000121871,ENSMFAG00000030149
ENSG00000034239,ENSMFAG00000044408
ENSG00000114742,ENSMFAG00000041723
ENSG00000123416,ENSMFAG00000035643
ENSG00000104388,ENSMFAG00000037805
ENSG00000112559,ENSMFAG00000004961
ENSG00000063176,ENSMFAG00000036114
ENSG00000184047,ENSMFAG00000002957
ENSG00000100890,ENSMFAG00000001453
ENSG00000172426,ENSMFAG00000003254
ENSG00000065518,ENSMFAG00000038344
ENSG00000179142,ENSMFAG00000030325
ENSG00000083123,ENSMFAG00000040052
ENSG00000175895,ENSMFAG00000050051
ENSG00000120889,ENSMFAG00000002092
ENSG00000185875,ENSMFAG00000064275
ENSG00000232112,ENSMFAG00000006665
ENSG00000146263,ENSMFAG00000003651
ENSG00000122863,ENSMFAG00000063998
ENSG00000171720,ENSMFAG00000002489
ENSG00000101019,ENSMFAG00000034648
ENSG00000114529,ENSMFAG00000037777
ENSG00000107537,ENSMFAG00000042378
ENSG00000131981,ENSMFAG00000055901
ENSG00000142065,ENSMFAG00000037861
ENSG00000139324,ENSMFAG00000046285
ENSG00000073111,ENSMFAG00000021368
ENSG00000123810,ENSMFAG00000031118
ENSG00000269058,ENSMFAG00000049437
ENSG00000203760,ENSMFAG00000002060
ENSG00000149503,ENSMFAG00000031558
ENSG00000204248,ENSMFAG00000017491
ENSG00000130332,ENSMFAG00000044572
ENSG00000079102,ENSMFAG00000032522
ENSG00000105254,ENSMFAG00000041556
ENSG00000196793,ENSMFAG00000054693
ENSG00000090615,ENSMFAG00000015229
ENSG00000163918,ENSMFAG00000030286
ENSG00000028277,ENSMFAG00000030322
ENSG00000078124,ENSMFAG00000041221
ENSG00000082068,ENSMFAG00000030910
ENSG00000198873,ENSMFAG00000000421
ENSG00000129515,ENSMFAG00000040770
ENSG00000136603,ENSMFAG00000029995
ENSG00000182899,ENSMFAG00000050543
ENSG00000151704,ENSMFAG00000044793
ENSG00000008083,ENSMFAG00000036879
ENSG00000149451,ENSMFAG00000043134
ENSG00000107518,ENSMFAG00000003582
ENSG00000091009,ENSMFAG00000042337
ENSG00000168014,ENSMFAG00000027579
ENSG00000112249,ENSMFAG00000002081
ENSG00000204175,ENSMFAG00000034903
ENSG00000092199,ENSMFAG00000000371
ENSG00000205981,ENSMFAG00000034041
ENSG00000008853,ENSMFAG00000036619
ENSG00000161217,ENSMFAG00000045428
ENSG00000155542,ENSMFAG00000036063
ENSG00000122376,ENSMFAG00000003942
ENSG00000122376,ENSMFAG00000000157
ENSG00000018869,ENSMFAG00000002728
ENSG00000166902,ENSMFAG00000002379
ENSG00000064651,ENSMFAG00000001384
ENSG00000166398,ENSMFAG00000045350
ENSG00000110422,ENSMFAG00000045654
ENSG00000186106,ENSMFAG00000043665
ENSG00000144566,ENSMFAG00000018867
ENSG00000144566,ENSMFAG00000002326
ENSG00000167664,ENSMFAG00000031969
ENSG00000123353,ENSMFAG00000061489
ENSG00000186020,ENSMFAG00000039375
ENSG00000257218,ENSMFAG00000034197
ENSG00000130234,ENSMFAG00000039194
ENSG00000204954,ENSMFAG00000053075
ENSG00000160799,ENSMFAG00000002976
ENSG00000125651,ENSMFAG00000003355
ENSG00000206047,ENSMFAG00000043176
ENSG00000104687,ENSMFAG00000003439
ENSG00000115592,ENSMFAG00000044297
ENSG00000115592,ENSMFAG00000061914
ENSG00000111678,ENSMFAG00000054549
ENSG00000171467,ENSMFAG00000019122
ENSG00000130985,ENSMFAG00000001128
ENSG00000163673,ENSMFAG00000043493
ENSG00000127311,ENSMFAG00000034045
ENSG00000146242,ENSMFAG00000010683
ENSG00000213465,ENSMFAG00000041098
ENSG00000114395,ENSMFAG00000036934
ENSG00000112081,ENSMFAG00000057460
ENSG00000146021,ENSMFAG00000034488
ENSG00000144681,ENSMFAG00000054211
ENSG00000149100,ENSMFAG00000040767
ENSG00000121749,ENSMFAG00000000077
ENSG00000101463,ENSMFAG00000052498
ENSG00000161249,ENSMFAG00000045312
ENSG00000214736,ENSMFAG00000028918
ENSG00000216921,ENSMFAG00000030747
ENSG00000164237,ENSMFAG00000001594
ENSG00000101349,ENSMFAG00000046069
ENSG00000040341,ENSMFAG00000044834
ENSG00000047579,ENSMFAG00000042536
ENSG00000164048,ENSMFAG00000001588
ENSG00000101049,ENSMFAG00000032486
ENSG00000171202,ENSMFAG00000000919
ENSG00000153551,ENSMFAG00000031701
ENSG00000171368,ENSMFAG00000003548
ENSG00000165424,ENSMFAG00000063832
ENSG00000110002,ENSMFAG00000034402
ENSG00000148459,ENSMFAG00000042603
ENSG00000146109,ENSMFAG00000038140
ENSG00000188338,ENSMFAG00000042657
ENSG00000096433,ENSMFAG00000039709
ENSG00000167941,ENSMFAG00000064747
ENSG00000231256,ENSMFAG00000056032
ENSG00000197043,ENSMFAG00000037015
ENSG00000188716,ENSMFAG00000040257
ENSG00000148672,ENSMFAG00000043717
ENSG00000148672,ENSMFAG00000003051
ENSG00000101134,ENSMFAG00000032194
ENSG00000175106,ENSMFAG00000036095
ENSG00000175106,ENSMFAG00000062090
ENSG00000125772,ENSMFAG00000002777
ENSG00000241370,ENSMFAG00000055462
ENSG00000278023,ENSMFAG00000032968
ENSG00000214694,ENSMFAG00000041349
ENSG00000150990,ENSMFAG00000037879
ENSG00000166411,ENSMFAG00000035335
ENSG00000173567,ENSMFAG00000040027
ENSG00000197903,ENSMFAG00000058831
ENSG00000066379,ENSMFAG00000039802
ENSG00000088298,ENSMFAG00000002746
ENSG00000139233,ENSMFAG00000002721
ENSG00000137210,ENSMFAG00000034379
ENSG00000137210,ENSMFAG00000045047
ENSG00000137210,ENSMFAG00000017901
ENSG00000275722,ENSMFAG00000044524
ENSG00000165714,ENSMFAG00000033117
ENSG00000134107,ENSMFAG00000040134
ENSG00000166863,ENSMFAG00000035535
ENSG00000275718,ENSMFAG00000033315
ENSG00000163064,ENSMFAG00000039390
ENSG00000144119,ENSMFAG00000034573
ENSG00000264833,ENSMFAG00000021389
ENSG00000276014,ENSMFAG00000022477
ENSG00000221955,ENSMFAG00000036324
ENSG00000101363,ENSMFAG00000029454
ENSG00000286095,ENSMFAG00000039243
ENSG00000104142,ENSMFAG00000001262
ENSG00000121621,ENSMFAG00000002311
ENSG00000020256,ENSMFAG00000034598
ENSG00000140463,ENSMFAG00000039973
ENSG00000265889,ENSMFAG00000061106
ENSG00000170004,ENSMFAG00000020113
ENSG00000050438,ENSMFAG00000043127
ENSG00000196072,ENSMFAG00000041054
ENSG00000112276,ENSMFAG00000045432
ENSG00000149658,ENSMFAG00000042868
ENSG00000182698,ENSMFAG00000059836
ENSG00000064787,ENSMFAG00000033646
ENSG00000108100,ENSMFAG00000045751
ENSG00000110700,ENSMFAG00000026839
ENSG00000115488,ENSMFAG00000036521
ENSG00000035664,ENSMFAG00000028166
ENSG00000035664,ENSMFAG00000028991
ENSG00000213676,ENSMFAG00000041028
ENSG00000132740,ENSMFAG00000043909
ENSG00000153815,ENSMFAG00000035465
ENSG00000166145,ENSMFAG00000052722
ENSG00000166145,ENSMFAG00000034636
ENSG00000173230,ENSMFAG00000031026
ENSG00000155846,ENSMFAG00000042269
ENSG00000253064,ENSMFAG00000006101
ENSG00000202205,ENSMFAG00000007189
ENSG00000171823,ENSMFAG00000003113
ENSG00000127337,ENSMFAG00000041089
ENSG00000277399,ENSMFAG00000002774
ENSG00000202382,ENSMFAG00000064956
ENSG00000278590,ENSMFAG00000050132
ENSG00000278590,ENSMFAG00000061569
ENSG00000274211,ENSMFAG00000044702
ENSG00000122861,ENSMFAG00000038650
ENSG00000277363,ENSMFAG00000031842
ENSG00000120800,ENSMFAG00000037766
ENSG00000174501,ENSMFAG00000056329
ENSG00000174501,ENSMFAG00000043601
ENSG00000174501,ENSMFAG00000057165
ENSG00000174501,ENSMFAG00000054815
ENSG00000174501,ENSMFAG00000057158
ENSG00000174501,ENSMFAG00000043123
ENSG00000174501,ENSMFAG00000050783
ENSG00000174501,ENSMFAG00000052463
ENSG00000125999,ENSMFAG00000036542
ENSG00000243716,ENSMFAG00000034521
ENSG00000164934,ENSMFAG00000008982
ENSG00000164934,ENSMFAG00000043378
ENSG00000201178,ENSMFAG00000006156
ENSG00000141316,ENSMFAG00000001727
ENSG00000244623,ENSMFAG00000036704
ENSG00000186188,ENSMFAG00000042176
ENSG00000199711,ENSMFAG00000063697
ENSG00000138138,ENSMFAG00000033944
ENSG00000266714,ENSMFAG00000039726
ENSG00000166908,ENSMFAG00000040121
ENSG00000204256,ENSMFAG00000037520
ENSG00000180354,ENSMFAG00000037983
ENSG00000137713,ENSMFAG00000046304
ENSG00000129465,ENSMFAG00000034552
ENSG00000249751,ENSMFAG00000045474
ENSG00000104723,ENSMFAG00000039566
ENSG00000272393,ENSMFAG00000050154
ENSG00000137767,ENSMFAG00000039151
ENSG00000170653,ENSMFAG00000002429
ENSG00000100462,ENSMFAG00000001324
ENSG00000101004,ENSMFAG00000036364
ENSG00000075234,ENSMFAG00000030939
ENSG00000073067,ENSMFAG00000032364
ENSG00000172667,ENSMFAG00000021292
ENSG00000183111,ENSMFAG00000040761
ENSG00000199023,ENSMFAG00000011108
ENSG00000170312,ENSMFAG00000039345
ENSG00000164853,ENSMFAG00000060920
ENSG00000120094,ENSMFAG00000052359
ENSG00000173917,ENSMFAG00000034146
ENSG00000170364,ENSMFAG00000059741
ENSG00000170364,ENSMFAG00000062941
ENSG00000170364,ENSMFAG00000029288
ENSG00000182742,ENSMFAG00000041000
ENSG00000284038,ENSMFAG00000014237
ENSG00000120075,ENSMFAG00000042418
ENSG00000260027,ENSMFAG00000039298
ENSG00000170689,ENSMFAG00000062545
ENSG00000164091,ENSMFAG00000065212
ENSG00000198780,ENSMFAG00000001548
ENSG00000210741,ENSMFAG00000014357
ENSG00000170425,ENSMFAG00000008111
ENSG00000129245,ENSMFAG00000043282
ENSG00000163577,ENSMFAG00000032595
ENSG00000020181,ENSMFAG00000042939
ENSG00000101210,ENSMFAG00000041810
ENSG00000171466,ENSMFAG00000031616
ENSG00000176681,ENSMFAG00000054362
ENSG00000135097,ENSMFAG00000001798
ENSG00000175193,ENSMFAG00000036652
ENSG00000100380,ENSMFAG00000035348
ENSG00000100380,ENSMFAG00000045985
ENSG00000180822,ENSMFAG00000039884
ENSG00000107719,ENSMFAG00000039573
ENSG00000124275,ENSMFAG00000036712
ENSG00000187240,ENSMFAG00000039001
ENSG00000204267,ENSMFAG00000037139
ENSG00000197019,ENSMFAG00000030367
ENSG00000204946,ENSMFAG00000045369
ENSG00000088038,ENSMFAG00000040073
ENSG00000139637,ENSMFAG00000031782
ENSG00000165119,ENSMFAG00000042755
ENSG00000168754,ENSMFAG00000001533
ENSG00000164733,ENSMFAG00000014829
ENSG00000100983,ENSMFAG00000042365
ENSG00000163938,ENSMFAG00000000613
ENSG00000185306,ENSMFAG00000036689
ENSG00000111266,ENSMFAG00000037347
ENSG00000175792,ENSMFAG00000003301
ENSG00000119688,ENSMFAG00000031273
ENSG00000182446,ENSMFAG00000033200
ENSG00000189007,ENSMFAG00000003480
ENSG00000172469,ENSMFAG00000035666
ENSG00000120832,ENSMFAG00000029443
ENSG00000204520,ENSMFAG00000031024
ENSG00000257093,ENSMFAG00000002632
ENSG00000139318,ENSMFAG00000038546
ENSG00000071677,ENSMFAG00000043339
ENSG00000213654,ENSMFAG00000044173
ENSG00000215021,ENSMFAG00000042277
ENSG00000152582,ENSMFAG00000036146
ENSG00000212153,ENSMFAG00000023216
ENSG00000200121,ENSMFAG00000036041
ENSG00000204576,ENSMFAG00000045525
ENSG00000166922,ENSMFAG00000032414
ENSG00000166922,ENSMFAG00000003158
ENSG00000244610,ENSMFAG00000063805
ENSG00000152430,ENSMFAG00000030962
ENSG00000238083,ENSMFAG00000054362
ENSG00000009844,ENSMFAG00000032780
ENSG00000107954,ENSMFAG00000001140
ENSG00000284753,ENSMFAG00000061218
ENSG00000010292,ENSMFAG00000036998
ENSG00000173821,ENSMFAG00000002289
ENSG00000165678,ENSMFAG00000043812
ENSG00000079974,ENSMFAG00000044775
ENSG00000157020,ENSMFAG00000037200
ENSG00000134824,ENSMFAG00000042844
ENSG00000168216,ENSMFAG00000028262
ENSG00000157470,ENSMFAG00000044204
ENSG00000168172,ENSMFAG00000035527
ENSG00000101161,ENSMFAG00000037542
ENSG00000105737,ENSMFAG00000039157
ENSG00000146067,ENSMFAG00000052305
ENSG00000182325,ENSMFAG00000043248
ENSG00000198105,ENSMFAG00000000364
ENSG00000104044,ENSMFAG00000030481
ENSG00000089123,ENSMFAG00000036407
ENSG00000251763,ENSMFAG00000057924
ENSG00000251763,ENSMFAG00000062015
ENSG00000252279,ENSMFAG00000015343
ENSG00000252279,ENSMFAG00000058582
ENSG00000252729,ENSMFAG00000034861
ENSG00000252729,ENSMFAG00000065707
ENSG00000185829,ENSMFAG00000048163
ENSG00000180104,ENSMFAG00000029713
ENSG00000169021,ENSMFAG00000010688
ENSG00000169021,ENSMFAG00000060436
ENSG00000181378,ENSMFAG00000045713
ENSG00000100902,ENSMFAG00000043654
ENSG00000100902,ENSMFAG00000026595
ENSG00000170017,ENSMFAG00000045444
ENSG00000196700,ENSMFAG00000003486
ENSG00000178301,ENSMFAG00000001663
ENSG00000142319,ENSMFAG00000003977
ENSG00000136738,ENSMFAG00000045137
ENSG00000181026,ENSMFAG00000001458
ENSG00000101337,ENSMFAG00000038035
ENSG00000204475,ENSMFAG00000040516
ENSG00000284690,ENSMFAG00000004042
ENSG00000197728,ENSMFAG00000028033
ENSG00000130299,ENSMFAG00000004345
ENSG00000171634,ENSMFAG00000041639
ENSG00000169410,ENSMFAG00000040965
ENSG00000163814,ENSMFAG00000044280
ENSG00000144481,ENSMFAG00000043208
ENSG00000120438,ENSMFAG00000003456
ENSG00000120438,ENSMFAG00000037385
ENSG00000165905,ENSMFAG00000002253
ENSG00000175697,ENSMFAG00000000407
ENSG00000186314,ENSMFAG00000032007
ENSG00000008952,ENSMFAG00000017749
ENSG00000197893,ENSMFAG00000001231
ENSG00000175416,ENSMFAG00000001544
ENSG00000064726,ENSMFAG00000000809
ENSG00000197860,ENSMFAG00000043797
ENSG00000013275,ENSMFAG00000034580
ENSG00000165795,ENSMFAG00000032399
ENSG00000118058,ENSMFAG00000052163
ENSG00000048544,ENSMFAG00000046129
ENSG00000144840,ENSMFAG00000031923
ENSG00000200888,ENSMFAG00000065009
ENSG00000113645,ENSMFAG00000039601
ENSG00000124444,ENSMFAG00000065199
ENSG00000089063,ENSMFAG00000058913
ENSG00000184502,ENSMFAG00000054356
ENSG00000185798,ENSMFAG00000040985
ENSG00000182199,ENSMFAG00000002112
ENSG00000239542,ENSMFAG00000021310
ENSG00000156232,ENSMFAG00000001026
ENSG00000165046,ENSMFAG00000043712
ENSG00000141527,ENSMFAG00000034440
ENSG00000067141,ENSMFAG00000014361
ENSG00000189298,ENSMFAG00000040669
ENSG00000196507,ENSMFAG00000028504
ENSG00000251868,ENSMFAG00000011719
ENSG00000146386,ENSMFAG00000058499
ENSG00000146386,ENSMFAG00000061856
ENSG00000146386,ENSMFAG00000046040
ENSG00000146386,ENSMFAG00000059773
ENSG00000051341,ENSMFAG00000001627
ENSG00000149313,ENSMFAG00000046243
ENSG00000160117,ENSMFAG00000045052
ENSG00000143889,ENSMFAG00000036807
ENSG00000102181,ENSMFAG00000043583
ENSG00000172409,ENSMFAG00000046074
ENSG00000164442,ENSMFAG00000059082
ENSG00000133401,ENSMFAG00000001834
ENSG00000180834,ENSMFAG00000064027
ENSG00000066651,ENSMFAG00000039916
ENSG00000110492,ENSMFAG00000000818
ENSG00000158863,ENSMFAG00000041716
ENSG00000065485,ENSMFAG00000030776
ENSG00000108733,ENSMFAG00000039486
ENSG00000244044,ENSMFAG00000022219
ENSG00000108924,ENSMFAG00000032996
ENSG00000188010,ENSMFAG00000010260
ENSG00000200107,ENSMFAG00000005690
ENSG00000120306,ENSMFAG00000030823
ENSG00000178404,ENSMFAG00000038853
ENSG00000264540,ENSMFAG00000048454
ENSG00000118482,ENSMFAG00000046395
ENSG00000154767,ENSMFAG00000031847
ENSG00000158122,ENSMFAG00000053521
ENSG00000212190,ENSMFAG00000017825
ENSG00000212246,ENSMFAG00000014086
ENSG00000064300,ENSMFAG00000044019
ENSG00000170445,ENSMFAG00000002630
ENSG00000118231,ENSMFAG00000052291
ENSG00000163254,ENSMFAG00000047676
ENSG00000154957,ENSMFAG00000035864
ENSG00000044446,ENSMFAG00000044106
ENSG00000182187,ENSMFAG00000052040
ENSG00000130653,ENSMFAG00000034327
ENSG00000101152,ENSMFAG00000001665
ENSG00000147571,ENSMFAG00000036285
ENSG00000110025,ENSMFAG00000041800
ENSG00000185803,ENSMFAG00000046166
ENSG00000155115,ENSMFAG00000001340
ENSG00000144407,ENSMFAG00000000697
ENSG00000167525,ENSMFAG00000038426
ENSG00000145022,ENSMFAG00000003146
ENSG00000090339,ENSMFAG00000026825
ENSG00000132639,ENSMFAG00000001652
ENSG00000044524,ENSMFAG00000031166
ENSG00000154217,ENSMFAG00000032619
ENSG00000166896,ENSMFAG00000031681
ENSG00000124493,ENSMFAG00000043495
ENSG00000172817,ENSMFAG00000013431
ENSG00000131351,ENSMFAG00000033583
ENSG00000065361,ENSMFAG00000040171
ENSG00000180090,ENSMFAG00000030570
ENSG00000107130,ENSMFAG00000037355
ENSG00000141376,ENSMFAG00000041899
ENSG00000135903,ENSMFAG00000032244
ENSG00000166105,ENSMFAG00000000783
ENSG00000039537,ENSMFAG00000036931
ENSG00000119333,ENSMFAG00000042393
ENSG00000186448,ENSMFAG00000037591
ENSG00000164751,ENSMFAG00000036908
ENSG00000104885,ENSMFAG00000049331
ENSG00000147274,ENSMFAG00000032479
ENSG00000107021,ENSMFAG00000033076
ENSG00000156959,ENSMFAG00000033316
ENSG00000085872,ENSMFAG00000033267
ENSG00000132661,ENSMFAG00000065310
ENSG00000176623,ENSMFAG00000044540
ENSG00000175928,ENSMFAG00000020302
ENSG00000149633,ENSMFAG00000043256
ENSG00000186318,ENSMFAG00000031386
ENSG00000283428,ENSMFAG00000039663
ENSG00000144893,ENSMFAG00000044786
ENSG00000059804,ENSMFAG00000045551
ENSG00000006756,ENSMFAG00000053815
ENSG00000196781,ENSMFAG00000042116
ENSG00000025039,ENSMFAG00000038149
ENSG00000251973,ENSMFAG00000049928
ENSG00000251973,ENSMFAG00000048130
ENSG00000251973,ENSMFAG00000057415
ENSG00000251973,ENSMFAG00000047809
ENSG00000251973,ENSMFAG00000059704
ENSG00000274711,ENSMFAG00000056561
ENSG00000274711,ENSMFAG00000057237
ENSG00000152093,ENSMFAG00000044484
ENSG00000173198,ENSMFAG00000053095
ENSG00000181472,ENSMFAG00000031487
ENSG00000240542,ENSMFAG00000034680
ENSG00000271303,ENSMFAG00000055717
ENSG00000180340,ENSMFAG00000037380
ENSG00000103187,ENSMFAG00000063714
ENSG00000140365,ENSMFAG00000032886
ENSG00000101040,ENSMFAG00000033429
ENSG00000123595,ENSMFAG00000023380
ENSG00000112742,ENSMFAG00000032875
ENSG00000101892,ENSMFAG00000040089
ENSG00000168589,ENSMFAG00000029001
ENSG00000136504,ENSMFAG00000036338
ENSG00000174243,ENSMFAG00000038666
ENSG00000222300,ENSMFAG00000021687
ENSG00000202029,ENSMFAG00000053757
ENSG00000152580,ENSMFAG00000002055
ENSG00000172748,ENSMFAG00000051545
ENSG00000130827,ENSMFAG00000040837
ENSG00000113845,ENSMFAG00000037047
ENSG00000103257,ENSMFAG00000041887
ENSG00000252779,ENSMFAG00000004186
ENSG00000158428,ENSMFAG00000046057
ENSG00000284209,ENSMFAG00000049007
ENSG00000166881,ENSMFAG00000001688
ENSG00000145016,ENSMFAG00000001615
ENSG00000084731,ENSMFAG00000002881
ENSG00000130822,ENSMFAG00000039202
ENSG00000075089,ENSMFAG00000040575
ENSG00000248712,ENSMFAG00000002514
ENSG00000198258,ENSMFAG00000001146
ENSG00000173193,ENSMFAG00000038097
ENSG00000076043,ENSMFAG00000041155
ENSG00000154188,ENSMFAG00000041761
ENSG00000144035,ENSMFAG00000052664
ENSG00000147316,ENSMFAG00000043546
ENSG00000144191,ENSMFAG00000003258
ENSG00000146411,ENSMFAG00000002658
ENSG00000113966,ENSMFAG00000035901
ENSG00000130876,ENSMFAG00000041307
ENSG00000130876,ENSMFAG00000047429
ENSG00000204392,ENSMFAG00000001016
ENSG00000186998,ENSMFAG00000028913
ENSG00000214447,ENSMFAG00000006235
ENSG00000115317,ENSMFAG00000035578
ENSG00000137845,ENSMFAG00000003773
ENSG00000133243,ENSMFAG00000003638
ENSG00000213918,ENSMFAG00000030938
ENSG00000204632,ENSMFAG00000055336
ENSG00000204632,ENSMFAG00000045172
ENSG00000133636,ENSMFAG00000024858
ENSG00000091317,ENSMFAG00000003973
ENSG00000242398,ENSMFAG00000012793
ENSG00000207123,ENSMFAG00000038957
ENSG00000111665,ENSMFAG00000042353
ENSG00000284862,ENSMFAG00000002267
ENSG00000112031,ENSMFAG00000039727
ENSG00000108946,ENSMFAG00000033068
ENSG00000108946,ENSMFAG00000031285
ENSG00000065989,ENSMFAG00000004722
ENSG00000278224,ENSMFAG00000034421
ENSG00000146376,ENSMFAG00000002561
ENSG00000179796,ENSMFAG00000011678
ENSG00000188343,ENSMFAG00000032627
ENSG00000175575,ENSMFAG00000032917
ENSG00000188827,ENSMFAG00000043878
ENSG00000173166,ENSMFAG00000003148
ENSG00000144649,ENSMFAG00000031483
ENSG00000122966,ENSMFAG00000002139
ENSG00000183921,ENSMFAG00000001916
ENSG00000144736,ENSMFAG00000039148
ENSG00000111913,ENSMFAG00000045840
ENSG00000223572,ENSMFAG00000027932
ENSG00000069849,ENSMFAG00000040649
ENSG00000161914,ENSMFAG00000041927
ENSG00000147576,ENSMFAG00000030923
ENSG00000091542,ENSMFAG00000001517
ENSG00000271503,ENSMFAG00000031627
ENSG00000141837,ENSMFAG00000040043
ENSG00000145721,ENSMFAG00000047651
ENSG00000183773,ENSMFAG00000009725
ENSG00000113593,ENSMFAG00000038527
ENSG00000070087,ENSMFAG00000044084
ENSG00000198083,ENSMFAG00000055231
ENSG00000198083,ENSMFAG00000058858
ENSG00000198083,ENSMFAG00000062021
ENSG00000129221,ENSMFAG00000031819
ENSG00000118557,ENSMFAG00000033406
ENSG00000273749,ENSMFAG00000038397
ENSG00000114933,ENSMFAG00000001629
ENSG00000175054,ENSMFAG00000001151
ENSG00000196358,ENSMFAG00000045866
ENSG00000049618,ENSMFAG00000035788
ENSG00000118322,ENSMFAG00000045373
ENSG00000127588,ENSMFAG00000001969
ENSG00000132031,ENSMFAG00000043379
ENSG00000149483,ENSMFAG00000046357
ENSG00000205832,ENSMFAG00000035504
ENSG00000263955,ENSMFAG00000063874
ENSG00000263955,ENSMFAG00000050814
ENSG00000278700,ENSMFAG00000016057
ENSG00000276096,ENSMFAG00000057167
ENSG00000276096,ENSMFAG00000056995
ENSG00000140623,ENSMFAG00000043961
ENSG00000152127,ENSMFAG00000002058
ENSG00000131669,ENSMFAG00000041566
ENSG00000249437,ENSMFAG00000039341
ENSG00000150316,ENSMFAG00000044052
ENSG00000130988,ENSMFAG00000040199
ENSG00000168481,ENSMFAG00000031993
ENSG00000177239,ENSMFAG00000042595
ENSG00000167470,ENSMFAG00000043242
ENSG00000175538,ENSMFAG00000028410
ENSG00000105173,ENSMFAG00000041278
ENSG00000183309,ENSMFAG00000054876
ENSG00000173825,ENSMFAG00000023252
ENSG00000165490,ENSMFAG00000030789
ENSG00000168484,ENSMFAG00000003047
ENSG00000274860,ENSMFAG00000053099
ENSG00000198920,ENSMFAG00000039868
ENSG00000113327,ENSMFAG00000036513
ENSG00000084710,ENSMFAG00000035813
ENSG00000121570,ENSMFAG00000036320
ENSG00000129675,ENSMFAG00000040848
ENSG00000183401,ENSMFAG00000059475
ENSG00000108590,ENSMFAG00000000088
ENSG00000182985,ENSMFAG00000040148
ENSG00000283516,ENSMFAG00000037349
ENSG00000134996,ENSMFAG00000065664
ENSG00000042980,ENSMFAG00000039137
ENSG00000111906,ENSMFAG00000000882
ENSG00000140943,ENSMFAG00000032326
ENSG00000141068,ENSMFAG00000030004
ENSG00000139219,ENSMFAG00000031247
ENSG00000181788,ENSMFAG00000039692
ENSG00000144559,ENSMFAG00000033931
ENSG00000256771,ENSMFAG00000061876
ENSG00000112242,ENSMFAG00000003628
ENSG00000130821,ENSMFAG00000032070
ENSG00000159961,ENSMFAG00000061048
ENSG00000170954,ENSMFAG00000040786
ENSG00000262165,ENSMFAG00000002553
ENSG00000141298,ENSMFAG00000033235
ENSG00000112357,ENSMFAG00000036835
ENSG00000197579,ENSMFAG00000000541
ENSG00000119321,ENSMFAG00000029994
ENSG00000071967,ENSMFAG00000032778
ENSG00000109881,ENSMFAG00000031912
ENSG00000158373,ENSMFAG00000064358
ENSG00000116017,ENSMFAG00000045609
ENSG00000058262,ENSMFAG00000043634
ENSG00000137337,ENSMFAG00000034367
ENSG00000135625,ENSMFAG00000051388
ENSG00000234719,ENSMFAG00000034521
ENSG00000120280,ENSMFAG00000030515
ENSG00000131620,ENSMFAG00000000653
ENSG00000017483,ENSMFAG00000000065
ENSG00000252657,ENSMFAG00000024901
ENSG00000204262,ENSMFAG00000045841
ENSG00000239129,ENSMFAG00000061753
ENSG00000207011,ENSMFAG00000013056
ENSG00000147408,ENSMFAG00000045019
ENSG00000179148,ENSMFAG00000042832
ENSG00000006194,ENSMFAG00000031121
ENSG00000176293,ENSMFAG00000001985
ENSG00000207090,ENSMFAG00000057651
ENSG00000002745,ENSMFAG00000031359
ENSG00000212219,ENSMFAG00000004301
ENSG00000205045,ENSMFAG00000050765
ENSG00000106648,ENSMFAG00000044831
ENSG00000263882,ENSMFAG00000051346
ENSG00000182557,ENSMFAG00000029607
ENSG00000132003,ENSMFAG00000041230
ENSG00000021776,ENSMFAG00000030453
ENSG00000170085,ENSMFAG00000043578
ENSG00000139323,ENSMFAG00000043490
ENSG00000124635,ENSMFAG00000064013
ENSG00000137267,ENSMFAG00000003772
ENSG00000105278,ENSMFAG00000031215
ENSG00000123505,ENSMFAG00000031017
ENSG00000132535,ENSMFAG00000032206
ENSG00000091972,ENSMFAG00000000111
ENSG00000147852,ENSMFAG00000032374
ENSG00000284191,ENSMFAG00000004198
ENSG00000164889,ENSMFAG00000002821
ENSG00000126267,ENSMFAG00000039862
ENSG00000172531,ENSMFAG00000001854
ENSG00000113810,ENSMFAG00000003430
ENSG00000102172,ENSMFAG00000039117
ENSG00000182541,ENSMFAG00000042552
ENSG00000104957,ENSMFAG00000038616
ENSG00000112855,ENSMFAG00000003090
ENSG00000204568,ENSMFAG00000003966
ENSG00000101945,ENSMFAG00000042131
ENSG00000213901,ENSMFAG00000043251
ENSG00000136928,ENSMFAG00000042106
ENSG00000101883,ENSMFAG00000037491
ENSG00000060237,ENSMFAG00000038865
ENSG00000147044,ENSMFAG00000058195
ENSG00000147044,ENSMFAG00000035536
ENSG00000103254,ENSMFAG00000042579
ENSG00000073734,ENSMFAG00000037604
ENSG00000231500,ENSMFAG00000032199
ENSG00000185947,ENSMFAG00000024474
ENSG00000054965,ENSMFAG00000037330
ENSG00000176387,ENSMFAG00000041126
ENSG00000128918,ENSMFAG00000037327
ENSG00000076650,ENSMFAG00000034418
ENSG00000205643,ENSMFAG00000030588
ENSG00000196230,ENSMFAG00000044340
ENSG00000124074,ENSMFAG00000031412
ENSG00000198363,ENSMFAG00000031456
ENSG00000107290,ENSMFAG00000039742
ENSG00000171174,ENSMFAG00000042165
ENSG00000175581,ENSMFAG00000003172
ENSG00000166188,ENSMFAG00000052672
ENSG00000140961,ENSMFAG00000000406
ENSG00000177663,ENSMFAG00000034481
ENSG00000116016,ENSMFAG00000004035
ENSG00000183617,ENSMFAG00000003311
ENSG00000206947,ENSMFAG00000006032
ENSG00000167625,ENSMFAG00000044402
ENSG00000284797,ENSMFAG00000049148
ENSG00000199846,ENSMFAG00000030562
ENSG00000240204,ENSMFAG00000039339
ENSG00000006007,ENSMFAG00000031962
ENSG00000167555,ENSMFAG00000033276
ENSG00000091128,ENSMFAG00000003166
ENSG00000274252,ENSMFAG00000029063
ENSG00000149260,ENSMFAG00000043060
ENSG00000104129,ENSMFAG00000032241
ENSG00000099992,ENSMFAG00000036982
ENSG00000103199,ENSMFAG00000032711
ENSG00000131507,ENSMFAG00000039431
ENSG00000105287,ENSMFAG00000045883
ENSG00000082146,ENSMFAG00000040280
ENSG00000157335,ENSMFAG00000006545
ENSG00000164221,ENSMFAG00000030969
ENSG00000136522,ENSMFAG00000053669
ENSG00000136522,ENSMFAG00000039679
ENSG00000177683,ENSMFAG00000051674
ENSG00000204220,ENSMFAG00000041216
ENSG00000183960,ENSMFAG00000035903
ENSG00000240718,ENSMFAG00000007930
ENSG00000074603,ENSMFAG00000043661
ENSG00000005108,ENSMFAG00000042978
ENSG00000112695,ENSMFAG00000046193
ENSG00000169570,ENSMFAG00000043561
ENSG00000134453,ENSMFAG00000035521
ENSG00000163960,ENSMFAG00000037092
ENSG00000028310,ENSMFAG00000040715
ENSG00000132254,ENSMFAG00000025246
ENSG00000184786,ENSMFAG00000000092
ENSG00000226690,ENSMFAG00000036671
ENSG00000079931,ENSMFAG00000037185
ENSG00000145087,ENSMFAG00000002402
ENSG00000183579,ENSMFAG00000059357
ENSG00000176946,ENSMFAG00000042330
ENSG00000167371,ENSMFAG00000032833
ENSG00000167552,ENSMFAG00000056211
ENSG00000241657,ENSMFAG00000060410
ENSG00000211772,ENSMFAG00000049950
ENSG00000211772,ENSMFAG00000057101
ENSG00000211772,ENSMFAG00000057985
ENSG00000225781,ENSMFAG00000029609
ENSG00000277947,ENSMFAG00000009220
ENSG00000281000,ENSMFAG00000051777
ENSG00000281000,ENSMFAG00000059438
ENSG00000135144,ENSMFAG00000003369
ENSG00000187266,ENSMFAG00000038076
ENSG00000146197,ENSMFAG00000035997
ENSG00000100401,ENSMFAG00000040386
ENSG00000123243,ENSMFAG00000038573
ENSG00000196408,ENSMFAG00000037791
ENSG00000115607,ENSMFAG00000043038
ENSG00000139112,ENSMFAG00000037621
ENSG00000124789,ENSMFAG00000045732
ENSG00000186300,ENSMFAG00000044275
ENSG00000235118,ENSMFAG00000031105
ENSG00000115468,ENSMFAG00000053244
ENSG00000079432,ENSMFAG00000042927
ENSG00000110218,ENSMFAG00000002464
ENSG00000163689,ENSMFAG00000002952
ENSG00000089234,ENSMFAG00000036173
ENSG00000081189,ENSMFAG00000044479
ENSG00000047578,ENSMFAG00000040082
ENSG00000144152,ENSMFAG00000015043
ENSG00000236287,ENSMFAG00000039310
ENSG00000106853,ENSMFAG00000036279
ENSG00000150873,ENSMFAG00000032471
ENSG00000175348,ENSMFAG00000044858
ENSG00000122367,ENSMFAG00000026973
ENSG00000084734,ENSMFAG00000000607
ENSG00000169344,ENSMFAG00000045632
ENSG00000183340,ENSMFAG00000030353
ENSG00000163635,ENSMFAG00000037665
ENSG00000276070,ENSMFAG00000047776
ENSG00000276070,ENSMFAG00000028229
ENSG00000276070,ENSMFAG00000032719
ENSG00000276070,ENSMFAG00000033846
ENSG00000167272,ENSMFAG00000045933
ENSG00000168066,ENSMFAG00000033122
ENSG00000177294,ENSMFAG00000035935
ENSG00000167858,ENSMFAG00000041601
ENSG00000094916,ENSMFAG00000003762
ENSG00000130725,ENSMFAG00000048600
ENSG00000163607,ENSMFAG00000045745
ENSG00000107771,ENSMFAG00000042163
ENSG00000188886,ENSMFAG00000054984
ENSG00000065802,ENSMFAG00000038837
ENSG00000114115,ENSMFAG00000031658
ENSG00000187775,ENSMFAG00000002118
ENSG00000115946,ENSMFAG00000043544
ENSG00000135457,ENSMFAG00000002003
ENSG00000164087,ENSMFAG00000001970
ENSG00000107829,ENSMFAG00000044810
ENSG00000112561,ENSMFAG00000040195
ENSG00000115107,ENSMFAG00000002842
ENSG00000137033,ENSMFAG00000036876
ENSG00000148677,ENSMFAG00000003868
ENSG00000163235,ENSMFAG00000044940
ENSG00000199293,ENSMFAG00000010380
ENSG00000103546,ENSMFAG00000002998
ENSG00000204952,ENSMFAG00000037526
ENSG00000136527,ENSMFAG00000042624
ENSG00000183621,ENSMFAG00000042685
ENSG00000110721,ENSMFAG00000032927
ENSG00000162944,ENSMFAG00000003082
ENSG00000133773,ENSMFAG00000034303
ENSG00000148187,ENSMFAG00000044303
ENSG00000213337,ENSMFAG00000001711
ENSG00000089639,ENSMFAG00000046087
ENSG00000111319,ENSMFAG00000035743
ENSG00000131368,ENSMFAG00000035383
ENSG00000115350,ENSMFAG00000038541
ENSG00000176809,ENSMFAG00000054362
ENSG00000116096,ENSMFAG00000041573
ENSG00000177054,ENSMFAG00000044093
ENSG00000180644,ENSMFAG00000033010
ENSG00000169031,ENSMFAG00000040617
ENSG00000120049,ENSMFAG00000046056
ENSG00000264840,ENSMFAG00000011691
ENSG00000264840,ENSMFAG00000013964
ENSG00000264840,ENSMFAG00000012393
ENSG00000140675,ENSMFAG00000002366
ENSG00000075429,ENSMFAG00000002102
ENSG00000107020,ENSMFAG00000000751
ENSG00000145041,ENSMFAG00000036421
ENSG00000065413,ENSMFAG00000032694
ENSG00000188536,ENSMFAG00000003180
ENSG00000136866,ENSMFAG00000000885
ENSG00000174939,ENSMFAG00000042406
ENSG00000166471,ENSMFAG00000003002
ENSG00000086065,ENSMFAG00000045456
ENSG00000187244,ENSMFAG00000001855
ENSG00000263815,ENSMFAG00000018731
ENSG00000274180,ENSMFAG00000052071
ENSG00000114302,ENSMFAG00000045665
ENSG00000178662,ENSMFAG00000036441
ENSG00000167553,ENSMFAG00000042144
ENSG00000118690,ENSMFAG00000000238
ENSG00000166925,ENSMFAG00000040847
ENSG00000187624,ENSMFAG00000016416
ENSG00000122733,ENSMFAG00000032045
ENSG00000076248,ENSMFAG00000039615
ENSG00000183688,ENSMFAG00000057680
ENSG00000167311,ENSMFAG00000038891
ENSG00000140262,ENSMFAG00000031115
ENSG00000116039,ENSMFAG00000042374
ENSG00000106789,ENSMFAG00000026563
ENSG00000178789,ENSMFAG00000043746
ENSG00000099783,ENSMFAG00000037617
ENSG00000167850,ENSMFAG00000057201
ENSG00000110318,ENSMFAG00000030828
ENSG00000112511,ENSMFAG00000040302
ENSG00000159184,ENSMFAG00000039799
ENSG00000170703,ENSMFAG00000035518
ENSG00000114127,ENSMFAG00000032599
ENSG00000107077,ENSMFAG00000003778
ENSG00000166340,ENSMFAG00000033375
ENSG00000244514,ENSMFAG00000013511
ENSG00000212565,ENSMFAG00000015707
ENSG00000200903,ENSMFAG00000008273
ENSG00000238804,ENSMFAG00000007351
ENSG00000159224,ENSMFAG00000045846
ENSG00000090975,ENSMFAG00000065561
ENSG00000255851,ENSMFAG00000054909
ENSG00000252636,ENSMFAG00000035110
ENSG00000156531,ENSMFAG00000003705
ENSG00000171132,ENSMFAG00000003236
ENSG00000271605,ENSMFAG00000037510
ENSG00000140937,ENSMFAG00000040729
ENSG00000131094,ENSMFAG00000062088
ENSG00000207947,ENSMFAG00000020432
ENSG00000207306,ENSMFAG00000053287
ENSG00000200538,ENSMFAG00000060768
ENSG00000206805,ENSMFAG00000064887
ENSG00000115041,ENSMFAG00000042264
ENSG00000106128,ENSMFAG00000031512
ENSG00000111666,ENSMFAG00000045187
ENSG00000166869,ENSMFAG00000045880
ENSG00000180035,ENSMFAG00000033648
ENSG00000171659,ENSMFAG00000031644
ENSG00000137154,ENSMFAG00000044377
ENSG00000167984,ENSMFAG00000044885
ENSG00000099203,ENSMFAG00000045362
ENSG00000089472,ENSMFAG00000039996
ENSG00000148468,ENSMFAG00000003475
ENSG00000189042,ENSMFAG00000000930
ENSG00000257335,ENSMFAG00000000048
ENSG00000155066,ENSMFAG00000043216
ENSG00000170627,ENSMFAG00000041178
ENSG00000171798,ENSMFAG00000042149
ENSG00000184857,ENSMFAG00000030183
ENSG00000135482,ENSMFAG00000027256
ENSG00000179115,ENSMFAG00000030595
ENSG00000111775,ENSMFAG00000064730
ENSG00000139719,ENSMFAG00000019477
ENSG00000187186,ENSMFAG00000003428
ENSG00000135018,ENSMFAG00000038703
ENSG00000257743,ENSMFAG00000040766
ENSG00000065613,ENSMFAG00000007328
ENSG00000258223,ENSMFAG00000040057
ENSG00000165494,ENSMFAG00000034679
ENSG00000004809,ENSMFAG00000031557
ENSG00000140749,ENSMFAG00000000207
ENSG00000226660,ENSMFAG00000058032
ENSG00000226660,ENSMFAG00000056428
ENSG00000226660,ENSMFAG00000059294
ENSG00000237702,ENSMFAG00000048982
ENSG00000211710,ENSMFAG00000055769
ENSG00000007402,ENSMFAG00000001656
ENSG00000211734,ENSMFAG00000050485
ENSG00000211706,ENSMFAG00000054963
ENSG00000211706,ENSMFAG00000061327
ENSG00000211745,ENSMFAG00000054752
ENSG00000120265,ENSMFAG00000040746
ENSG00000282939,ENSMFAG00000059469
ENSG00000185716,ENSMFAG00000039549
ENSG00000211714,ENSMFAG00000062372
ENSG00000211716,ENSMFAG00000030144
ENSG00000186472,ENSMFAG00000000141
ENSG00000171984,ENSMFAG00000064833
ENSG00000005001,ENSMFAG00000034056
ENSG00000078804,ENSMFAG00000057837
ENSG00000149196,ENSMFAG00000035626
ENSG00000160326,ENSMFAG00000035331
ENSG00000085721,ENSMFAG00000037314
ENSG00000137393,ENSMFAG00000044225
ENSG00000157259,ENSMFAG00000062009
ENSG00000111676,ENSMFAG00000001982
ENSG00000169169,ENSMFAG00000039271
ENSG00000242950,ENSMFAG00000065565
ENSG00000258366,ENSMFAG00000043680
ENSG00000127993,ENSMFAG00000029561
ENSG00000204394,ENSMFAG00000001032
ENSG00000233436,ENSMFAG00000030539
ENSG00000109917,ENSMFAG00000030506
ENSG00000164556,ENSMFAG00000032517
ENSG00000153443,ENSMFAG00000043893
ENSG00000135636,ENSMFAG00000032232
ENSG00000206172,ENSMFAG00000003180
ENSG00000165282,ENSMFAG00000002858
ENSG00000185664,ENSMFAG00000041480
ENSG00000166828,ENSMFAG00000037247
ENSG00000148634,ENSMFAG00000041959
ENSG00000059145,ENSMFAG00000064676
ENSG00000141096,ENSMFAG00000037108
ENSG00000174775,ENSMFAG00000039003
ENSG00000107104,ENSMFAG00000036947
ENSG00000111249,ENSMFAG00000045750
ENSG00000006116,ENSMFAG00000038460
ENSG00000168040,ENSMFAG00000041718
ENSG00000175267,ENSMFAG00000033453
ENSG00000166387,ENSMFAG00000039977
ENSG00000135541,ENSMFAG00000033411
ENSG00000120860,ENSMFAG00000016561
ENSG00000182087,ENSMFAG00000038333
ENSG00000111704,ENSMFAG00000033399
ENSG00000144746,ENSMFAG00000001584
ENSG00000100030,ENSMFAG00000002042
ENSG00000139044,ENSMFAG00000001510
ENSG00000085274,ENSMFAG00000034575
ENSG00000066813,ENSMFAG00000043617
ENSG00000111696,ENSMFAG00000039210
ENSG00000166813,ENSMFAG00000044171
ENSG00000139168,ENSMFAG00000039789
ENSG00000100335,ENSMFAG00000040624
ENSG00000189190,ENSMFAG00000030933
ENSG00000144834,ENSMFAG00000001611
ENSG00000139209,ENSMFAG00000000933
ENSG00000063241,ENSMFAG00000009165
ENSG00000100416,ENSMFAG00000039767
ENSG00000273520,ENSMFAG00000042064
ENSG00000164082,ENSMFAG00000045888
ENSG00000113360,ENSMFAG00000003055
ENSG00000089597,ENSMFAG00000045211
ENSG00000162244,ENSMFAG00000029018
ENSG00000162244,ENSMFAG00000030357
ENSG00000162244,ENSMFAG00000063290
ENSG00000162244,ENSMFAG00000033540
ENSG00000162244,ENSMFAG00000030460
ENSG00000274570,ENSMFAG00000042064
ENSG00000130751,ENSMFAG00000018045
ENSG00000229937,ENSMFAG00000039072
ENSG00000106410,ENSMFAG00000045293
ENSG00000102978,ENSMFAG00000016861
ENSG00000224940,ENSMFAG00000046010
ENSG00000163872,ENSMFAG00000045323
ENSG00000090447,ENSMFAG00000033942
ENSG00000128607,ENSMFAG00000041650
ENSG00000185052,ENSMFAG00000037051
ENSG00000140450,ENSMFAG00000045997
ENSG00000088970,ENSMFAG00000036086
ENSG00000100299,ENSMFAG00000041434
ENSG00000091138,ENSMFAG00000041395
ENSG00000177889,ENSMFAG00000000379
ENSG00000261609,ENSMFAG00000033724
ENSG00000104064,ENSMFAG00000004070
ENSG00000187569,ENSMFAG00000061354
ENSG00000187569,ENSMFAG00000035407
ENSG00000181894,ENSMFAG00000026995
ENSG00000111229,ENSMFAG00000041561
ENSG00000004779,ENSMFAG00000014550
ENSG00000004779,ENSMFAG00000038322
ENSG00000102904,ENSMFAG00000035364
ENSG00000168734,ENSMFAG00000003009
ENSG00000156697,ENSMFAG00000053640
ENSG00000156697,ENSMFAG00000032552
ENSG00000136051,ENSMFAG00000044577
ENSG00000177096,ENSMFAG00000057151
ENSG00000100197,ENSMFAG00000042506
ENSG00000104805,ENSMFAG00000003135
ENSG00000197885,ENSMFAG00000002166
ENSG00000268350,ENSMFAG00000030091
ENSG00000013375,ENSMFAG00000035703
ENSG00000237172,ENSMFAG00000051218
ENSG00000079112,ENSMFAG00000000602
ENSG00000134398,ENSMFAG00000038350
ENSG00000157600,ENSMFAG00000031419
ENSG00000106125,ENSMFAG00000013399
ENSG00000175166,ENSMFAG00000037802
ENSG00000101888,ENSMFAG00000004105
ENSG00000146540,ENSMFAG00000031113
ENSG00000196338,ENSMFAG00000002421
ENSG00000173157,ENSMFAG00000043872
ENSG00000069482,ENSMFAG00000001933
ENSG00000127083,ENSMFAG00000042588
ENSG00000148335,ENSMFAG00000058034
ENSG00000164542,ENSMFAG00000029368
ENSG00000177156,ENSMFAG00000003033
ENSG00000125814,ENSMFAG00000012865
ENSG00000260916,ENSMFAG00000031325
ENSG00000123575,ENSMFAG00000000454
ENSG00000133606,ENSMFAG00000000737
ENSG00000123349,ENSMFAG00000003143
ENSG00000002586,ENSMFAG00000000608
ENSG00000136878,ENSMFAG00000001850
ENSG00000110711,ENSMFAG00000034062
ENSG00000187792,ENSMFAG00000063848
ENSG00000124198,ENSMFAG00000001750
ENSG00000145949,ENSMFAG00000057340
ENSG00000149761,ENSMFAG00000000939
ENSG00000184471,ENSMFAG00000042628
ENSG00000140750,ENSMFAG00000039049
ENSG00000127720,ENSMFAG00000036420
ENSG00000107864,ENSMFAG00000025613
ENSG00000047346,ENSMFAG00000042817
ENSG00000198833,ENSMFAG00000046333
ENSG00000009950,ENSMFAG00000032074
ENSG00000083312,ENSMFAG00000003636
ENSG00000110046,ENSMFAG00000002767
ENSG00000122335,ENSMFAG00000042904
ENSG00000151131,ENSMFAG00000039029
ENSG00000164920,ENSMFAG00000030128
ENSG00000100246,ENSMFAG00000051185
ENSG00000111615,ENSMFAG00000000042
ENSG00000101365,ENSMFAG00000031070
ENSG00000100147,ENSMFAG00000031727
ENSG00000070756,ENSMFAG00000044845
ENSG00000133433,ENSMFAG00000055306
ENSG00000166348,ENSMFAG00000001363
ENSG00000138964,ENSMFAG00000031242
ENSG00000204209,ENSMFAG00000038728
ENSG00000166743,ENSMFAG00000002831
ENSG00000137494,ENSMFAG00000017987
ENSG00000111252,ENSMFAG00000052483
ENSG00000125848,ENSMFAG00000029772
ENSG00000069943,ENSMFAG00000038174
ENSG00000103089,ENSMFAG00000026134
ENSG00000109861,ENSMFAG00000031718
ENSG00000169347,ENSMFAG00000041038
ENSG00000078246,ENSMFAG00000040272
ENSG00000123496,ENSMFAG00000003923
ENSG00000162951,ENSMFAG00000023385
ENSG00000068305,ENSMFAG00000041738
ENSG00000182568,ENSMFAG00000042093
ENSG00000172005,ENSMFAG00000025747
ENSG00000056998,ENSMFAG00000042152
ENSG00000239306,ENSMFAG00000003827
ENSG00000072080,ENSMFAG00000044433
ENSG00000183495,ENSMFAG00000060196
ENSG00000183495,ENSMFAG00000062600
ENSG00000167797,ENSMFAG00000033158
ENSG00000197321,ENSMFAG00000049898
ENSG00000197321,ENSMFAG00000000835
ENSG00000137513,ENSMFAG00000033477
ENSG00000130164,ENSMFAG00000042102
ENSG00000131634,ENSMFAG00000032333
ENSG00000140839,ENSMFAG00000006545
ENSG00000153046,ENSMFAG00000042478
ENSG00000123411,ENSMFAG00000002625
ENSG00000107242,ENSMFAG00000038711
ENSG00000172478,ENSMFAG00000041210
ENSG00000188730,ENSMFAG00000051675
ENSG00000167208,ENSMFAG00000033996
ENSG00000093010,ENSMFAG00000030334
ENSG00000002746,ENSMFAG00000003543
ENSG00000086696,ENSMFAG00000002586
ENSG00000133704,ENSMFAG00000012472
ENSG00000127824,ENSMFAG00000007541
ENSG00000065491,ENSMFAG00000000523
ENSG00000079950,ENSMFAG00000003709
ENSG00000135697,ENSMFAG00000035655
ENSG00000136541,ENSMFAG00000045944
ENSG00000048471,ENSMFAG00000001788
ENSG00000154359,ENSMFAG00000033742
ENSG00000059728,ENSMFAG00000043046
ENSG00000214456,ENSMFAG00000000248
ENSG00000106305,ENSMFAG00000045123
ENSG00000132155,ENSMFAG00000038061
ENSG00000125846,ENSMFAG00000002522
ENSG00000196812,ENSMFAG00000032598
ENSG00000149485,ENSMFAG00000037025
ENSG00000261701,ENSMFAG00000002142
ENSG00000261701,ENSMFAG00000003873
ENSG00000120437,ENSMFAG00000035657
ENSG00000120437,ENSMFAG00000003287
ENSG00000160868,ENSMFAG00000047569
ENSG00000070371,ENSMFAG00000032523
ENSG00000179776,ENSMFAG00000038308
ENSG00000128645,ENSMFAG00000046035
ENSG00000076108,ENSMFAG00000029840
ENSG00000104626,ENSMFAG00000032602
ENSG00000275111,ENSMFAG00000039940
ENSG00000198521,ENSMFAG00000060864
ENSG00000111846,ENSMFAG00000033469
ENSG00000254521,ENSMFAG00000045010
ENSG00000136574,ENSMFAG00000057755
ENSG00000178385,ENSMFAG00000033450
ENSG00000135631,ENSMFAG00000026056
ENSG00000126456,ENSMFAG00000033004
ENSG00000176953,ENSMFAG00000028824
ENSG00000122756,ENSMFAG00000037710
ENSG00000153214,ENSMFAG00000000849
ENSG00000120256,ENSMFAG00000058722
ENSG00000198650,ENSMFAG00000040591
ENSG00000118496,ENSMFAG00000042612
ENSG00000204310,ENSMFAG00000042426
ENSG00000030066,ENSMFAG00000032004
ENSG00000102034,ENSMFAG00000000961
ENSG00000182551,ENSMFAG00000040320
ENSG00000221886,ENSMFAG00000017692
ENSG00000103005,ENSMFAG00000003926
ENSG00000158941,ENSMFAG00000044671
ENSG00000158125,ENSMFAG00000002614
ENSG00000067829,ENSMFAG00000036641
ENSG00000187546,ENSMFAG00000041157
ENSG00000102870,ENSMFAG00000038348
ENSG00000162073,ENSMFAG00000046043
ENSG00000164188,ENSMFAG00000014218
ENSG00000159618,ENSMFAG00000044983
ENSG00000128590,ENSMFAG00000054701
ENSG00000099769,ENSMFAG00000042039
ENSG00000015520,ENSMFAG00000043097
ENSG00000166619,ENSMFAG00000050109
ENSG00000130707,ENSMFAG00000003315
ENSG00000118985,ENSMFAG00000041149
ENSG00000065615,ENSMFAG00000036090
ENSG00000111752,ENSMFAG00000007626
ENSG00000182263,ENSMFAG00000039869
ENSG00000070915,ENSMFAG00000045325
ENSG00000125835,ENSMFAG00000042411
ENSG00000086200,ENSMFAG00000035631
ENSG00000115112,ENSMFAG00000013698
ENSG00000147099,ENSMFAG00000003160
ENSG00000146205,ENSMFAG00000001859
ENSG00000106617,ENSMFAG00000000670
ENSG00000080007,ENSMFAG00000043087
ENSG00000090924,ENSMFAG00000045412
ENSG00000185033,ENSMFAG00000034089
ENSG00000226124,ENSMFAG00000038094
ENSG00000125895,ENSMFAG00000037644
ENSG00000241404,ENSMFAG00000062553
ENSG00000197114,ENSMFAG00000001467
ENSG00000197635,ENSMFAG00000041945
ENSG00000113504,ENSMFAG00000027549
ENSG00000291237,ENSMFAG00000046278
ENSG00000100033,ENSMFAG00000036801
ENSG00000100033,ENSMFAG00000064359
ENSG00000163106,ENSMFAG00000044963
ENSG00000205129,ENSMFAG00000003574
ENSG00000086189,ENSMFAG00000033475
ENSG00000204381,ENSMFAG00000032480
ENSG00000067167,ENSMFAG00000002631
ENSG00000168874,ENSMFAG00000031235
ENSG00000213780,ENSMFAG00000022244
ENSG00000157703,ENSMFAG00000040251
ENSG00000138768,ENSMFAG00000037889
ENSG00000168906,ENSMFAG00000002027
ENSG00000149308,ENSMFAG00000034204
ENSG00000180479,ENSMFAG00000032919
ENSG00000160862,ENSMFAG00000001547
ENSG00000118046,ENSMFAG00000043693
ENSG00000164985,ENSMFAG00000045606
ENSG00000144228,ENSMFAG00000033909
ENSG00000189233,ENSMFAG00000043857
ENSG00000172890,ENSMFAG00000040085
ENSG00000167065,ENSMFAG00000053589
ENSG00000133661,ENSMFAG00000045610
ENSG00000160111,ENSMFAG00000039543
ENSG00000103381,ENSMFAG00000037094
ENSG00000104205,ENSMFAG00000037162
ENSG00000106331,ENSMFAG00000040823
ENSG00000116001,ENSMFAG00000045951
ENSG00000132465,ENSMFAG00000065046
ENSG00000169118,ENSMFAG00000002355
ENSG00000177058,ENSMFAG00000042280
ENSG00000262246,ENSMFAG00000031015
ENSG00000133424,ENSMFAG00000043989
ENSG00000184343,ENSMFAG00000035943
ENSG00000226887,ENSMFAG00000047188
ENSG00000135341,ENSMFAG00000035469
ENSG00000062598,ENSMFAG00000042943
ENSG00000214128,ENSMFAG00000052877
ENSG00000089351,ENSMFAG00000033196
ENSG00000122574,ENSMFAG00000036122
ENSG00000138757,ENSMFAG00000044717
ENSG00000114455,ENSMFAG00000035665
ENSG00000026025,ENSMFAG00000003332
ENSG00000005486,ENSMFAG00000003041
ENSG00000189057,ENSMFAG00000036696
ENSG00000139651,ENSMFAG00000051716
ENSG00000152578,ENSMFAG00000001913
ENSG00000175600,ENSMFAG00000043400
ENSG00000129317,ENSMFAG00000041689
ENSG00000067177,ENSMFAG00000038543
ENSG00000143921,ENSMFAG00000045442
ENSG00000021461,ENSMFAG00000039406
ENSG00000130635,ENSMFAG00000035998
ENSG00000090612,ENSMFAG00000039263
ENSG00000107796,ENSMFAG00000000205
ENSG00000100263,ENSMFAG00000043705
ENSG00000132749,ENSMFAG00000032724
ENSG00000138075,ENSMFAG00000003442
ENSG00000099625,ENSMFAG00000040214
ENSG00000166736,ENSMFAG00000044451
ENSG00000187672,ENSMFAG00000043152
ENSG00000124762,ENSMFAG00000001604
ENSG00000100243,ENSMFAG00000031130
ENSG00000169967,ENSMFAG00000037837
ENSG00000126254,ENSMFAG00000002758
ENSG00000103365,ENSMFAG00000032387
ENSG00000111145,ENSMFAG00000044277
ENSG00000177084,ENSMFAG00000039401
ENSG00000109743,ENSMFAG00000043527
ENSG00000206535,ENSMFAG00000001678
ENSG00000177453,ENSMFAG00000000337
ENSG00000124664,ENSMFAG00000031435
ENSG00000166012,ENSMFAG00000039236
ENSG00000198961,ENSMFAG00000039247
ENSG00000131263,ENSMFAG00000063132
ENSG00000083099,ENSMFAG00000055976
ENSG00000138629,ENSMFAG00000039325
ENSG00000138629,ENSMFAG00000040725
ENSG00000090238,ENSMFAG00000003117
ENSG00000176248,ENSMFAG00000039218
ENSG00000105887,ENSMFAG00000042511
ENSG00000166228,ENSMFAG00000000150
ENSG00000071889,ENSMFAG00000041814
ENSG00000074317,ENSMFAG00000033893
ENSG00000135549,ENSMFAG00000033587
ENSG00000071243,ENSMFAG00000044425
ENSG00000172671,ENSMFAG00000037929
ENSG00000277893,ENSMFAG00000000955
ENSG00000243147,ENSMFAG00000002856
ENSG00000284190,ENSMFAG00000007699
ENSG00000201524,ENSMFAG00000008850
ENSG00000157315,ENSMFAG00000032234
ENSG00000164023,ENSMFAG00000041579
ENSG00000174990,ENSMFAG00000054520
ENSG00000198331,ENSMFAG00000010478
ENSG00000128683,ENSMFAG00000045590
ENSG00000196437,ENSMFAG00000003603
ENSG00000110060,ENSMFAG00000041002
ENSG00000106636,ENSMFAG00000036001
ENSG00000153066,ENSMFAG00000041632
ENSG00000138796,ENSMFAG00000033488
ENSG00000083838,ENSMFAG00000020536
ENSG00000100239,ENSMFAG00000002797
ENSG00000122696,ENSMFAG00000049216
ENSG00000207839,ENSMFAG00000008299
ENSG00000171953,ENSMFAG00000037964
ENSG00000205213,ENSMFAG00000034294
ENSG00000136931,ENSMFAG00000044244
ENSG00000086548,ENSMFAG00000046367
ENSG00000169228,ENSMFAG00000045651
ENSG00000178409,ENSMFAG00000043850
ENSG00000105438,ENSMFAG00000000858
ENSG00000139291,ENSMFAG00000033955
ENSG00000075975,ENSMFAG00000035845
ENSG00000183549,ENSMFAG00000003399
ENSG00000173467,ENSMFAG00000035722
ENSG00000099256,ENSMFAG00000039843
ENSG00000168300,ENSMFAG00000005557
ENSG00000124571,ENSMFAG00000038120
ENSG00000171827,ENSMFAG00000043350
ENSG00000123395,ENSMFAG00000032136
ENSG00000163513,ENSMFAG00000003965
ENSG00000136937,ENSMFAG00000030994
ENSG00000151893,ENSMFAG00000056962
ENSG00000129933,ENSMFAG00000041829
ENSG00000115718,ENSMFAG00000044923
ENSG00000102241,ENSMFAG00000044705
ENSG00000197150,ENSMFAG00000037503
ENSG00000166266,ENSMFAG00000038493
ENSG00000111261,ENSMFAG00000031449
ENSG00000138669,ENSMFAG00000037961
ENSG00000155970,ENSMFAG00000044429
ENSG00000101246,ENSMFAG00000001321
ENSG00000111110,ENSMFAG00000001240
ENSG00000136518,ENSMFAG00000030153
ENSG00000131446,ENSMFAG00000050835
ENSG00000084453,ENSMFAG00000039081
ENSG00000179262,ENSMFAG00000003404
ENSG00000183044,ENSMFAG00000032053
ENSG00000137492,ENSMFAG00000033682
ENSG00000215301,ENSMFAG00000034876
ENSG00000149016,ENSMFAG00000000912
ENSG00000113492,ENSMFAG00000001767
ENSG00000133884,ENSMFAG00000000560
ENSG00000118564,ENSMFAG00000043321
ENSG00000160959,ENSMFAG00000035815
ENSG00000238793,ENSMFAG00000030496
ENSG00000126368,ENSMFAG00000038118
ENSG00000124795,ENSMFAG00000043279
ENSG00000198682,ENSMFAG00000041464
ENSG00000108352,ENSMFAG00000001426
ENSG00000165643,ENSMFAG00000045081
ENSG00000121680,ENSMFAG00000002349
ENSG00000154582,ENSMFAG00000038428
ENSG00000137944,ENSMFAG00000026682
ENSG00000166448,ENSMFAG00000040311
ENSG00000183153,ENSMFAG00000012354
ENSG00000162738,ENSMFAG00000033897
ENSG00000107581,ENSMFAG00000032082
ENSG00000166924,ENSMFAG00000039580
ENSG00000204370,ENSMFAG00000043016
ENSG00000243509,ENSMFAG00000034289
ENSG00000173889,ENSMFAG00000034130
ENSG00000122679,ENSMFAG00000045498
ENSG00000118702,ENSMFAG00000044486
ENSG00000183747,ENSMFAG00000043617
ENSG00000197496,ENSMFAG00000034385
ENSG00000164746,ENSMFAG00000033047
ENSG00000146054,ENSMFAG00000035461
ENSG00000277168,ENSMFAG00000057827
ENSG00000154930,ENSMFAG00000003063
ENSG00000171219,ENSMFAG00000046402
ENSG00000160993,ENSMFAG00000001499
ENSG00000064490,ENSMFAG00000003753
ENSG00000173452,ENSMFAG00000049094
ENSG00000112319,ENSMFAG00000037522
ENSG00000136830,ENSMFAG00000003870
ENSG00000106258,ENSMFAG00000062917
ENSG00000173992,ENSMFAG00000037624
ENSG00000059691,ENSMFAG00000045472
ENSG00000185418,ENSMFAG00000001902
ENSG00000165449,ENSMFAG00000032423
ENSG00000155926,ENSMFAG00000003417
ENSG00000168439,ENSMFAG00000045746
ENSG00000103449,ENSMFAG00000003298
ENSG00000166847,ENSMFAG00000064024
ENSG00000106336,ENSMFAG00000034514
ENSG00000113303,ENSMFAG00000000902
ENSG00000196678,ENSMFAG00000033081
ENSG00000061936,ENSMFAG00000037352
ENSG00000124253,ENSMFAG00000043755
ENSG00000163746,ENSMFAG00000040596
ENSG00000136925,ENSMFAG00000002863
ENSG00000115085,ENSMFAG00000038123
ENSG00000122787,ENSMFAG00000045333
ENSG00000138698,ENSMFAG00000000128
ENSG00000086475,ENSMFAG00000001994
ENSG00000135049,ENSMFAG00000039578
ENSG00000103591,ENSMFAG00000040550
ENSG00000114098,ENSMFAG00000036859
ENSG00000156475,ENSMFAG00000002611
ENSG00000144579,ENSMFAG00000032883
ENSG00000186480,ENSMFAG00000038429
ENSG00000155980,ENSMFAG00000038846
ENSG00000125571,ENSMFAG00000044707
ENSG00000004948,ENSMFAG00000002796
ENSG00000103044,ENSMFAG00000032682
ENSG00000203791,ENSMFAG00000002265
ENSG00000137868,ENSMFAG00000038239
ENSG00000135898,ENSMFAG00000025923
ENSG00000111224,ENSMFAG00000002647
ENSG00000133247,ENSMFAG00000040317
ENSG00000103460,ENSMFAG00000032933
ENSG00000213699,ENSMFAG00000029510
ENSG00000152463,ENSMFAG00000058997
ENSG00000196562,ENSMFAG00000035867
ENSG00000197140,ENSMFAG00000043270
ENSG00000173621,ENSMFAG00000051907
ENSG00000149136,ENSMFAG00000040630
ENSG00000007001,ENSMFAG00000003209
ENSG00000149930,ENSMFAG00000030440
ENSG00000111196,ENSMFAG00000002151
ENSG00000146453,ENSMFAG00000041296
ENSG00000144231,ENSMFAG00000031937
ENSG00000197889,ENSMFAG00000030458
ENSG00000072422,ENSMFAG00000041306
ENSG00000116106,ENSMFAG00000037109
ENSG00000180347,ENSMFAG00000000805
ENSG00000137193,ENSMFAG00000036745
ENSG00000198502,ENSMFAG00000000676
ENSG00000160410,ENSMFAG00000041593
ENSG00000055147,ENSMFAG00000043590
ENSG00000088833,ENSMFAG00000043986
ENSG00000091137,ENSMFAG00000041539
ENSG00000131149,ENSMFAG00000041181
ENSG00000070018,ENSMFAG00000036458
ENSG00000146192,ENSMFAG00000031103
ENSG00000107872,ENSMFAG00000033584
ENSG00000170145,ENSMFAG00000045653
ENSG00000164597,ENSMFAG00000041233
ENSG00000108010,ENSMFAG00000001366
ENSG00000166889,ENSMFAG00000040851
ENSG00000147606,ENSMFAG00000000973
ENSG00000112592,ENSMFAG00000031133
ENSG00000186487,ENSMFAG00000052770
ENSG00000186487,ENSMFAG00000000137
ENSG00000247746,ENSMFAG00000033473
ENSG00000122705,ENSMFAG00000034266
ENSG00000083750,ENSMFAG00000041833
ENSG00000196209,ENSMFAG00000042221
ENSG00000135205,ENSMFAG00000000331
ENSG00000166788,ENSMFAG00000037334
ENSG00000101306,ENSMFAG00000043314
ENSG00000152457,ENSMFAG00000000598
ENSG00000198931,ENSMFAG00000003499
ENSG00000147140,ENSMFAG00000041557
ENSG00000112214,ENSMFAG00000038694
ENSG00000160563,ENSMFAG00000003320
ENSG00000106397,ENSMFAG00000033241
ENSG00000118515,ENSMFAG00000037310
ENSG00000139574,ENSMFAG00000007389
ENSG00000172296,ENSMFAG00000044897
ENSG00000133703,ENSMFAG00000047411
ENSG00000132623,ENSMFAG00000002941
ENSG00000166783,ENSMFAG00000001485
ENSG00000105419,ENSMFAG00000034069
ENSG00000198707,ENSMFAG00000038682
ENSG00000165185,ENSMFAG00000042169
ENSG00000089091,ENSMFAG00000041179
ENSG00000169692,ENSMFAG00000034214
ENSG00000188175,ENSMFAG00000002249
ENSG00000122687,ENSMFAG00000052552
ENSG00000166796,ENSMFAG00000003940
ENSG00000170381,ENSMFAG00000032909
ENSG00000050748,ENSMFAG00000042461
ENSG00000198467,ENSMFAG00000002090
ENSG00000151611,ENSMFAG00000032212
ENSG00000177082,ENSMFAG00000003880
ENSG00000104343,ENSMFAG00000000629
ENSG00000105971,ENSMFAG00000048330
ENSG00000173262,ENSMFAG00000049621
ENSG00000152954,ENSMFAG00000036989
ENSG00000164122,ENSMFAG00000000562
ENSG00000168566,ENSMFAG00000045216
ENSG00000181016,ENSMFAG00000046136
ENSG00000005421,ENSMFAG00000035691
ENSG00000189325,ENSMFAG00000046079
ENSG00000145220,ENSMFAG00000032542
ENSG00000089199,ENSMFAG00000033610
ENSG00000130382,ENSMFAG00000039501
ENSG00000178105,ENSMFAG00000045808
ENSG00000136404,ENSMFAG00000036327
ENSG00000023330,ENSMFAG00000034496
ENSG00000184162,ENSMFAG00000042311
ENSG00000065029,ENSMFAG00000036518
ENSG00000185467,ENSMFAG00000031709
ENSG00000036448,ENSMFAG00000033265
ENSG00000164073,ENSMFAG00000035668
ENSG00000005075,ENSMFAG00000039168
ENSG00000184434,ENSMFAG00000034288
ENSG00000166848,ENSMFAG00000034117
ENSG00000124207,ENSMFAG00000034230
ENSG00000008282,ENSMFAG00000042096
ENSG00000113013,ENSMFAG00000045132
ENSG00000167123,ENSMFAG00000001783
ENSG00000051180,ENSMFAG00000044559
ENSG00000105357,ENSMFAG00000059913
ENSG00000105357,ENSMFAG00000041729
ENSG00000161992,ENSMFAG00000042806
ENSG00000170759,ENSMFAG00000003386
ENSG00000069188,ENSMFAG00000043895
ENSG00000167395,ENSMFAG00000031195
ENSG00000088992,ENSMFAG00000046337
ENSG00000205277,ENSMFAG00000057318
ENSG00000172366,ENSMFAG00000037517
ENSG00000175782,ENSMFAG00000004066
ENSG00000157741,ENSMFAG00000037061
ENSG00000149179,ENSMFAG00000038437
ENSG00000062038,ENSMFAG00000038880
ENSG00000168952,ENSMFAG00000037535
ENSG00000118308,ENSMFAG00000041885
ENSG00000105855,ENSMFAG00000000217
ENSG00000225180,ENSMFAG00000030454
ENSG00000150551,ENSMFAG00000033924
ENSG00000010282,ENSMFAG00000002497
ENSG00000115977,ENSMFAG00000032641
ENSG00000131652,ENSMFAG00000049692
ENSG00000196313,ENSMFAG00000038324
ENSG00000129009,ENSMFAG00000019008
ENSG00000182054,ENSMFAG00000038291
ENSG00000054967,ENSMFAG00000032863
ENSG00000146648,ENSMFAG00000034444
ENSG00000119509,ENSMFAG00000041344
ENSG00000115159,ENSMFAG00000031606
ENSG00000126778,ENSMFAG00000048802
ENSG00000275006,ENSMFAG00000061106
ENSG00000092098,ENSMFAG00000002711
ENSG00000274284,ENSMFAG00000061106
ENSG00000214819,ENSMFAG00000062978
ENSG00000214819,ENSMFAG00000053758
ENSG00000214819,ENSMFAG00000042913
ENSG00000149532,ENSMFAG00000001401
ENSG00000188013,ENSMFAG00000034069
ENSG00000244005,ENSMFAG00000045105
ENSG00000205502,ENSMFAG00000034175
ENSG00000205502,ENSMFAG00000053675
ENSG00000140323,ENSMFAG00000031712
ENSG00000153774,ENSMFAG00000031867
ENSG00000148120,ENSMFAG00000003845
ENSG00000128951,ENSMFAG00000037325
ENSG00000170540,ENSMFAG00000038755
ENSG00000003056,ENSMFAG00000003259
ENSG00000125733,ENSMFAG00000039732
ENSG00000120915,ENSMFAG00000036427
ENSG00000100647,ENSMFAG00000057018
ENSG00000131876,ENSMFAG00000021023
ENSG00000154556,ENSMFAG00000003770
ENSG00000198417,ENSMFAG00000003105
ENSG00000165832,ENSMFAG00000062394
ENSG00000143942,ENSMFAG00000040381
ENSG00000241106,ENSMFAG00000003652
ENSG00000134987,ENSMFAG00000001782
ENSG00000106771,ENSMFAG00000026452
ENSG00000162066,ENSMFAG00000002099
ENSG00000169604,ENSMFAG00000044025
ENSG00000090060,ENSMFAG00000001792
ENSG00000148824,ENSMFAG00000042851
ENSG00000087586,ENSMFAG00000001851
ENSG00000204599,ENSMFAG00000046182
ENSG00000173156,ENSMFAG00000041325
ENSG00000182158,ENSMFAG00000035831
ENSG00000241631,ENSMFAG00000016547
ENSG00000241631,ENSMFAG00000052031
ENSG00000139644,ENSMFAG00000018634
ENSG00000137841,ENSMFAG00000053192
ENSG00000163714,ENSMFAG00000031084
ENSG00000130962,ENSMFAG00000031879
ENSG00000172301,ENSMFAG00000030359
ENSG00000203772,ENSMFAG00000029744
ENSG00000053371,ENSMFAG00000041603
ENSG00000113761,ENSMFAG00000003577
ENSG00000107614,ENSMFAG00000042379
ENSG00000181291,ENSMFAG00000002538
ENSG00000105825,ENSMFAG00000035861
ENSG00000137726,ENSMFAG00000039113
ENSG00000101928,ENSMFAG00000062687
ENSG00000101928,ENSMFAG00000039595
ENSG00000173762,ENSMFAG00000035707
ENSG00000277149,ENSMFAG00000035457
ENSG00000153975,ENSMFAG00000001086
ENSG00000102349,ENSMFAG00000046239
ENSG00000178952,ENSMFAG00000033739
ENSG00000112234,ENSMFAG00000046148
ENSG00000105852,ENSMFAG00000038783
ENSG00000126895,ENSMFAG00000043716
ENSG00000213923,ENSMFAG00000003325
ENSG00000101997,ENSMFAG00000003539
ENSG00000270379,ENSMFAG00000001762
ENSG00000175426,ENSMFAG00000032984
ENSG00000150540,ENSMFAG00000040453
ENSG00000150540,ENSMFAG00000035962
ENSG00000095203,ENSMFAG00000039720
ENSG00000091106,ENSMFAG00000038409
ENSG00000029363,ENSMFAG00000039754
ENSG00000148737,ENSMFAG00000043191
ENSG00000169994,ENSMFAG00000062671
ENSG00000106236,ENSMFAG00000039583
ENSG00000120784,ENSMFAG00000041187
ENSG00000169045,ENSMFAG00000028267
ENSG00000042813,ENSMFAG00000042535
ENSG00000196428,ENSMFAG00000056419
ENSG00000137806,ENSMFAG00000041431
ENSG00000172382,ENSMFAG00000032776
ENSG00000172382,ENSMFAG00000063488
ENSG00000127507,ENSMFAG00000038126
ENSG00000106511,ENSMFAG00000038329
ENSG00000099365,ENSMFAG00000032411
ENSG00000157927,ENSMFAG00000000208
ENSG00000172534,ENSMFAG00000035763
ENSG00000275385,ENSMFAG00000036319
ENSG00000104218,ENSMFAG00000046172
ENSG00000278757,ENSMFAG00000053121
ENSG00000277632,ENSMFAG00000053936
ENSG00000277632,ENSMFAG00000062468
ENSG00000277632,ENSMFAG00000000159
ENSG00000277632,ENSMFAG00000051168
ENSG00000173611,ENSMFAG00000002648
ENSG00000132170,ENSMFAG00000034317
ENSG00000275302,ENSMFAG00000047776
ENSG00000275302,ENSMFAG00000028229
ENSG00000275302,ENSMFAG00000032719
ENSG00000275302,ENSMFAG00000033846
ENSG00000206692,ENSMFAG00000016925
ENSG00000075618,ENSMFAG00000001015
ENSG00000103671,ENSMFAG00000036568
ENSG00000276085,ENSMFAG00000053936
ENSG00000276085,ENSMFAG00000062468
ENSG00000276085,ENSMFAG00000000159
ENSG00000276085,ENSMFAG00000051168
ENSG00000118960,ENSMFAG00000005189
ENSG00000122591,ENSMFAG00000027679
ENSG00000198783,ENSMFAG00000025776
ENSG00000183648,ENSMFAG00000039061
ENSG00000064393,ENSMFAG00000001456
ENSG00000163600,ENSMFAG00000053159
ENSG00000125618,ENSMFAG00000000442
ENSG00000137103,ENSMFAG00000002135
ENSG00000186198,ENSMFAG00000003137
ENSG00000146674,ENSMFAG00000048572
ENSG00000182858,ENSMFAG00000040634
ENSG00000140299,ENSMFAG00000033391
ENSG00000151332,ENSMFAG00000043899
ENSG00000012211,ENSMFAG00000037781
ENSG00000119411,ENSMFAG00000002569
ENSG00000243566,ENSMFAG00000001010
ENSG00000171448,ENSMFAG00000009076
ENSG00000196712,ENSMFAG00000033978
ENSG00000106683,ENSMFAG00000042014
ENSG00000012232,ENSMFAG00000045572
ENSG00000156345,ENSMFAG00000043443
ENSG00000176732,ENSMFAG00000026171
ENSG00000102401,ENSMFAG00000038645
ENSG00000140459,ENSMFAG00000036496
ENSG00000244486,ENSMFAG00000045605
ENSG00000126214,ENSMFAG00000030493
ENSG00000198286,ENSMFAG00000036800
ENSG00000106571,ENSMFAG00000057391
ENSG00000134138,ENSMFAG00000024718
ENSG00000162980,ENSMFAG00000056377
ENSG00000198042,ENSMFAG00000031257
ENSG00000133142,ENSMFAG00000046347
ENSG00000107281,ENSMFAG00000003246
ENSG00000105664,ENSMFAG00000004008
ENSG00000196228,ENSMFAG00000039825
ENSG00000184164,ENSMFAG00000042023
ENSG00000135929,ENSMFAG00000036102
ENSG00000155097,ENSMFAG00000045088
ENSG00000006625,ENSMFAG00000033057
ENSG00000070047,ENSMFAG00000003939
ENSG00000056972,ENSMFAG00000002710
ENSG00000147118,ENSMFAG00000036192
ENSG00000164877,ENSMFAG00000031555
ENSG00000106809,ENSMFAG00000042592
ENSG00000158526,ENSMFAG00000001364
ENSG00000158526,ENSMFAG00000055935
ENSG00000182916,ENSMFAG00000061882
ENSG00000135999,ENSMFAG00000002751
ENSG00000197859,ENSMFAG00000001650
ENSG00000130544,ENSMFAG00000039721
ENSG00000152056,ENSMFAG00000039450
ENSG00000153310,ENSMFAG00000042222
ENSG00000106278,ENSMFAG00000032576
ENSG00000123405,ENSMFAG00000044203
ENSG00000153086,ENSMFAG00000001001
ENSG00000171453,ENSMFAG00000046295
ENSG00000268104,ENSMFAG00000035389
ENSG00000182050,ENSMFAG00000044473
ENSG00000074219,ENSMFAG00000035667
ENSG00000162063,ENSMFAG00000039462
ENSG00000068394,ENSMFAG00000035346
ENSG00000140600,ENSMFAG00000002733
ENSG00000178445,ENSMFAG00000039599
ENSG00000176896,ENSMFAG00000046343
ENSG00000138079,ENSMFAG00000030088
ENSG00000147100,ENSMFAG00000034044
ENSG00000006327,ENSMFAG00000038242
ENSG00000113141,ENSMFAG00000040961
ENSG00000089050,ENSMFAG00000058087
ENSG00000140382,ENSMFAG00000037384
ENSG00000175556,ENSMFAG00000043034
ENSG00000241322,ENSMFAG00000039127
ENSG00000060491,ENSMFAG00000037888
ENSG00000197006,ENSMFAG00000035996
ENSG00000170367,ENSMFAG00000042493
ENSG00000197565,ENSMFAG00000032821
ENSG00000140718,ENSMFAG00000033026
ENSG00000215305,ENSMFAG00000033888
ENSG00000137161,ENSMFAG00000030669
ENSG00000108813,ENSMFAG00000013144
ENSG00000164674,ENSMFAG00000001875
ENSG00000163121,ENSMFAG00000040926
ENSG00000204822,ENSMFAG00000055310
ENSG00000106537,ENSMFAG00000003639
ENSG00000123612,ENSMFAG00000042281
ENSG00000152583,ENSMFAG00000031337
ENSG00000137824,ENSMFAG00000032137
ENSG00000164329,ENSMFAG00000039561
ENSG00000080802,ENSMFAG00000046349
ENSG00000233232,ENSMFAG00000034521
ENSG00000092820,ENSMFAG00000002822
ENSG00000131153,ENSMFAG00000002508
ENSG00000168795,ENSMFAG00000026468
ENSG00000166446,ENSMFAG00000039809
ENSG00000115568,ENSMFAG00000043994
ENSG00000100038,ENSMFAG00000036588
ENSG00000103363,ENSMFAG00000024597
ENSG00000141744,ENSMFAG00000002771
ENSG00000111254,ENSMFAG00000043224
ENSG00000115616,ENSMFAG00000045336
ENSG00000161395,ENSMFAG00000045434
ENSG00000160963,ENSMFAG00000038331
ENSG00000096384,ENSMFAG00000038525
ENSG00000141101,ENSMFAG00000030131
ENSG00000140526,ENSMFAG00000034068
ENSG00000166532,ENSMFAG00000030512
ENSG00000172482,ENSMFAG00000041893
ENSG00000161405,ENSMFAG00000043940
ENSG00000103202,ENSMFAG00000031790
ENSG00000157119,ENSMFAG00000046404
ENSG00000171757,ENSMFAG00000002615
ENSG00000180176,ENSMFAG00000042448
ENSG00000139613,ENSMFAG00000031029
ENSG00000272391,ENSMFAG00000038324
ENSG00000164970,ENSMFAG00000043404
ENSG00000132635,ENSMFAG00000032941
ENSG00000166822,ENSMFAG00000051686
ENSG00000012171,ENSMFAG00000043386
ENSG00000080503,ENSMFAG00000058821
ENSG00000205084,ENSMFAG00000041367
ENSG00000165801,ENSMFAG00000023588
ENSG00000106638,ENSMFAG00000063804
ENSG00000140955,ENSMFAG00000044274
ENSG00000122386,ENSMFAG00000031163
ENSG00000102409,ENSMFAG00000019410
ENSG00000186075,ENSMFAG00000002549
ENSG00000164588,ENSMFAG00000031844
ENSG00000189157,ENSMFAG00000041213
ENSG00000188997,ENSMFAG00000060342
ENSG00000077279,ENSMFAG00000003173
ENSG00000171867,ENSMFAG00000033814
ENSG00000115602,ENSMFAG00000007059
ENSG00000204913,ENSMFAG00000002649
ENSG00000174136,ENSMFAG00000002204
ENSG00000100321,ENSMFAG00000034609
ENSG00000167914,ENSMFAG00000008821
ENSG00000138600,ENSMFAG00000036983
ENSG00000173327,ENSMFAG00000000415
ENSG00000132824,ENSMFAG00000045198
ENSG00000166676,ENSMFAG00000040781
ENSG00000128610,ENSMFAG00000034053
ENSG00000121897,ENSMFAG00000040861
ENSG00000179761,ENSMFAG00000027393
ENSG00000196262,ENSMFAG00000026040
ENSG00000196262,ENSMFAG00000045696
ENSG00000183569,ENSMFAG00000020523
ENSG00000183569,ENSMFAG00000033348
ENSG00000144550,ENSMFAG00000035676
ENSG00000178602,ENSMFAG00000038320
ENSG00000170276,ENSMFAG00000003898
ENSG00000155666,ENSMFAG00000045292
ENSG00000175334,ENSMFAG00000049457
ENSG00000115598,ENSMFAG00000046248
ENSG00000155622,ENSMFAG00000050221
ENSG00000147041,ENSMFAG00000031961
ENSG00000120725,ENSMFAG00000035604
ENSG00000105821,ENSMFAG00000044726
ENSG00000132646,ENSMFAG00000036845
ENSG00000144369,ENSMFAG00000045341
ENSG00000270765,ENSMFAG00000046155
ENSG00000151092,ENSMFAG00000046244
ENSG00000035141,ENSMFAG00000065624
ENSG00000035141,ENSMFAG00000042972
ENSG00000035141,ENSMFAG00000058742
ENSG00000198844,ENSMFAG00000041846
ENSG00000166851,ENSMFAG00000046112
ENSG00000186297,ENSMFAG00000000781
ENSG00000134575,ENSMFAG00000000393
ENSG00000144354,ENSMFAG00000033844
ENSG00000125965,ENSMFAG00000037058
ENSG00000129988,ENSMFAG00000033400
ENSG00000183690,ENSMFAG00000032590
ENSG00000005700,ENSMFAG00000034378
ENSG00000288859,ENSMFAG00000065787
ENSG00000121075,ENSMFAG00000048469
ENSG00000128534,ENSMFAG00000047892
ENSG00000164167,ENSMFAG00000033073
ENSG00000069535,ENSMFAG00000040990
ENSG00000161057,ENSMFAG00000042533
ENSG00000015532,ENSMFAG00000043415
ENSG00000166068,ENSMFAG00000051558
ENSG00000169116,ENSMFAG00000042667
ENSG00000126602,ENSMFAG00000041269
ENSG00000143631,ENSMFAG00000052909
ENSG00000143520,ENSMFAG00000037107
ENSG00000163945,ENSMFAG00000045124
ENSG00000125834,ENSMFAG00000017416
ENSG00000153993,ENSMFAG00000044893
ENSG00000166734,ENSMFAG00000030145
ENSG00000101307,ENSMFAG00000041667
ENSG00000101307,ENSMFAG00000042179
ENSG00000186684,ENSMFAG00000041958
ENSG00000123700,ENSMFAG00000010019
ENSG00000100060,ENSMFAG00000000147
ENSG00000154760,ENSMFAG00000000114
ENSG00000071462,ENSMFAG00000036962
ENSG00000155438,ENSMFAG00000031270
ENSG00000170571,ENSMFAG00000003525
ENSG00000235568,ENSMFAG00000065792
ENSG00000123636,ENSMFAG00000037367
ENSG00000239900,ENSMFAG00000039307
ENSG00000101911,ENSMFAG00000031505
ENSG00000131899,ENSMFAG00000033656
ENSG00000047188,ENSMFAG00000033417
ENSG00000169851,ENSMFAG00000040327
ENSG00000084093,ENSMFAG00000038786
ENSG00000149435,ENSMFAG00000029063
ENSG00000101846,ENSMFAG00000003615
ENSG00000150433,ENSMFAG00000035993
ENSG00000101255,ENSMFAG00000040519
ENSG00000130021,ENSMFAG00000045887
ENSG00000198276,ENSMFAG00000001463
ENSG00000164675,ENSMFAG00000038536
ENSG00000171155,ENSMFAG00000002256
ENSG00000131171,ENSMFAG00000031027
ENSG00000164109,ENSMFAG00000043866
ENSG00000164109,ENSMFAG00000025170
ENSG00000164109,ENSMFAG00000029945
ENSG00000123570,ENSMFAG00000010320
ENSG00000187243,ENSMFAG00000040747
ENSG00000011426,ENSMFAG00000045618
ENSG00000114480,ENSMFAG00000042659
ENSG00000116996,ENSMFAG00000000954
ENSG00000053254,ENSMFAG00000062520
ENSG00000115109,ENSMFAG00000000388
ENSG00000214944,ENSMFAG00000043970
ENSG00000089169,ENSMFAG00000042100
ENSG00000167851,ENSMFAG00000032843
ENSG00000132622,ENSMFAG00000042113
ENSG00000178467,ENSMFAG00000037567
ENSG00000168803,ENSMFAG00000026391
ENSG00000253005,ENSMFAG00000006981
ENSG00000126215,ENSMFAG00000045469
ENSG00000038532,ENSMFAG00000001961
ENSG00000167874,ENSMFAG00000002896
ENSG00000203879,ENSMFAG00000037198
ENSG00000100395,ENSMFAG00000037650
ENSG00000180336,ENSMFAG00000030785
ENSG00000137764,ENSMFAG00000030100
ENSG00000106070,ENSMFAG00000002619
ENSG00000214193,ENSMFAG00000036528
ENSG00000151093,ENSMFAG00000044675
ENSG00000129214,ENSMFAG00000000521
ENSG00000150764,ENSMFAG00000043024
ENSG00000022556,ENSMFAG00000029871
ENSG00000163754,ENSMFAG00000039971
ENSG00000129696,ENSMFAG00000039160
ENSG00000151650,ENSMFAG00000000934
ENSG00000238316,ENSMFAG00000061495
ENSG00000122958,ENSMFAG00000042937
ENSG00000100997,ENSMFAG00000002681
ENSG00000117713,ENSMFAG00000032392
ENSG00000158669,ENSMFAG00000003498
ENSG00000178295,ENSMFAG00000002080
ENSG00000148484,ENSMFAG00000031371
ENSG00000142082,ENSMFAG00000041754
ENSG00000170100,ENSMFAG00000032442
ENSG00000169249,ENSMFAG00000039674
ENSG00000095015,ENSMFAG00000014401
ENSG00000156853,ENSMFAG00000033034
ENSG00000075240,ENSMFAG00000045635
ENSG00000168101,ENSMFAG00000037944
ENSG00000138092,ENSMFAG00000031589
ENSG00000182179,ENSMFAG00000043227
ENSG00000148908,ENSMFAG00000035933
ENSG00000152556,ENSMFAG00000037825
ENSG00000140830,ENSMFAG00000043897
ENSG00000069998,ENSMFAG00000044272
ENSG00000164591,ENSMFAG00000035709
ENSG00000126947,ENSMFAG00000025048
ENSG00000133315,ENSMFAG00000000889
ENSG00000107798,ENSMFAG00000035936
ENSG00000101265,ENSMFAG00000042354
ENSG00000104894,ENSMFAG00000032972
ENSG00000140632,ENSMFAG00000032460
ENSG00000158552,ENSMFAG00000032980
ENSG00000152620,ENSMFAG00000039756
ENSG00000112667,ENSMFAG00000038043
ENSG00000148935,ENSMFAG00000039283
ENSG00000215712,ENSMFAG00000001188
ENSG00000000419,ENSMFAG00000036839
ENSG00000137171,ENSMFAG00000038153
ENSG00000158887,ENSMFAG00000001759
ENSG00000102575,ENSMFAG00000045308
ENSG00000166508,ENSMFAG00000043988
ENSG00000164466,ENSMFAG00000040820
ENSG00000161973,ENSMFAG00000031484
ENSG00000172465,ENSMFAG00000027598
ENSG00000196419,ENSMFAG00000003352
ENSG00000177370,ENSMFAG00000031269
ENSG00000215704,ENSMFAG00000034080
ENSG00000187824,ENSMFAG00000041492
ENSG00000157502,ENSMFAG00000057275
ENSG00000132670,ENSMFAG00000033743
ENSG00000269190,ENSMFAG00000004221
ENSG00000168490,ENSMFAG00000044768
ENSG00000196924,ENSMFAG00000035790
ENSG00000108381,ENSMFAG00000000304
ENSG00000075340,ENSMFAG00000037883
ENSG00000149716,ENSMFAG00000063304
ENSG00000215695,ENSMFAG00000040011
ENSG00000287839,ENSMFAG00000052093
ENSG00000287839,ENSMFAG00000064787
ENSG00000126353,ENSMFAG00000032012
ENSG00000169641,ENSMFAG00000038318
ENSG00000164930,ENSMFAG00000001388
ENSG00000162430,ENSMFAG00000036435
ENSG00000173818,ENSMFAG00000044601
ENSG00000145868,ENSMFAG00000045852
ENSG00000153814,ENSMFAG00000034641
ENSG00000229833,ENSMFAG00000039399
ENSG00000177963,ENSMFAG00000033454
ENSG00000183291,ENSMFAG00000064219
ENSG00000130724,ENSMFAG00000040822
ENSG00000213420,ENSMFAG00000038373
ENSG00000147813,ENSMFAG00000040150
ENSG00000146904,ENSMFAG00000035468
ENSG00000090054,ENSMFAG00000029180
ENSG00000166197,ENSMFAG00000044654
ENSG00000183336,ENSMFAG00000046351
ENSG00000103540,ENSMFAG00000036768
ENSG00000161267,ENSMFAG00000039410
ENSG00000157212,ENSMFAG00000035337
ENSG00000198198,ENSMFAG00000002743
ENSG00000080815,ENSMFAG00000000113
ENSG00000153822,ENSMFAG00000037585
ENSG00000161277,ENSMFAG00000030838
ENSG00000140332,ENSMFAG00000003282
ENSG00000198464,ENSMFAG00000009459
ENSG00000185105,ENSMFAG00000053362
ENSG00000267221,ENSMFAG00000052896
ENSG00000006047,ENSMFAG00000039921
ENSG00000164742,ENSMFAG00000038024
ENSG00000164742,ENSMFAG00000061282
ENSG00000188033,ENSMFAG00000031592
ENSG00000007080,ENSMFAG00000042756
ENSG00000151640,ENSMFAG00000033070
ENSG00000006740,ENSMFAG00000033484
ENSG00000106346,ENSMFAG00000049363
ENSG00000127585,ENSMFAG00000003280
ENSG00000176386,ENSMFAG00000007504
ENSG00000181029,ENSMFAG00000004048
ENSG00000140990,ENSMFAG00000000484
ENSG00000123143,ENSMFAG00000003990
ENSG00000074319,ENSMFAG00000032321
ENSG00000084774,ENSMFAG00000036356
ENSG00000167964,ENSMFAG00000045162
ENSG00000158220,ENSMFAG00000038263
ENSG00000105939,ENSMFAG00000001484
ENSG00000160293,ENSMFAG00000004024
ENSG00000099250,ENSMFAG00000032756
ENSG00000106330,ENSMFAG00000044802
ENSG00000126603,ENSMFAG00000041657
ENSG00000140835,ENSMFAG00000062514
ENSG00000205362,ENSMFAG00000037022
ENSG00000205362,ENSMFAG00000031989
ENSG00000260734,ENSMFAG00000030917
ENSG00000196353,ENSMFAG00000031703
ENSG00000158792,ENSMFAG00000041067
ENSG00000169900,ENSMFAG00000030032
ENSG00000135362,ENSMFAG00000059336
ENSG00000155561,ENSMFAG00000037733
ENSG00000258839,ENSMFAG00000037098
ENSG00000241852,ENSMFAG00000040671
ENSG00000135740,ENSMFAG00000030400
ENSG00000145901,ENSMFAG00000030366
ENSG00000141854,ENSMFAG00000030676
ENSG00000091947,ENSMFAG00000033408
ENSG00000105671,ENSMFAG00000044697
ENSG00000202609,ENSMFAG00000009243
ENSG00000136710,ENSMFAG00000055687
ENSG00000283575,ENSMFAG00000055410
ENSG00000007237,ENSMFAG00000003917
ENSG00000054983,ENSMFAG00000002667
ENSG00000115425,ENSMFAG00000003448
ENSG00000198064,ENSMFAG00000034521
ENSG00000103061,ENSMFAG00000041312
ENSG00000115457,ENSMFAG00000040045
ENSG00000104219,ENSMFAG00000036891
ENSG00000131126,ENSMFAG00000036434
ENSG00000155368,ENSMFAG00000059794
ENSG00000162062,ENSMFAG00000034669
ENSG00000265961,ENSMFAG00000060467
ENSG00000015592,ENSMFAG00000032113
ENSG00000106992,ENSMFAG00000032155
ENSG00000198663,ENSMFAG00000042966
ENSG00000142484,ENSMFAG00000038141
ENSG00000144791,ENSMFAG00000030180
ENSG00000163453,ENSMFAG00000032578
ENSG00000276293,ENSMFAG00000035417
ENSG00000232070,ENSMFAG00000000773
ENSG00000138039,ENSMFAG00000032456
ENSG00000160953,ENSMFAG00000039690
ENSG00000172113,ENSMFAG00000039246
ENSG00000138785,ENSMFAG00000042815
ENSG00000167513,ENSMFAG00000030941
ENSG00000213424,ENSMFAG00000035858
ENSG00000134001,ENSMFAG00000058639
ENSG00000115661,ENSMFAG00000037581
ENSG00000174996,ENSMFAG00000044640
ENSG00000141505,ENSMFAG00000035586
ENSG00000103067,ENSMFAG00000002813
ENSG00000106591,ENSMFAG00000041218
ENSG00000155660,ENSMFAG00000037988
ENSG00000147789,ENSMFAG00000034192
ENSG00000100596,ENSMFAG00000040259
ENSG00000025708,ENSMFAG00000045728
ENSG00000165192,ENSMFAG00000042619
ENSG00000105053,ENSMFAG00000003806
ENSG00000106688,ENSMFAG00000038163
ENSG00000127124,ENSMFAG00000041340
ENSG00000179542,ENSMFAG00000029666
ENSG00000215277,ENSMFAG00000041507
ENSG00000185883,ENSMFAG00000044125
ENSG00000198689,ENSMFAG00000041408
ENSG00000044012,ENSMFAG00000038173
ENSG00000153162,ENSMFAG00000045794
ENSG00000075213,ENSMFAG00000043549
ENSG00000145014,ENSMFAG00000029965
ENSG00000003249,ENSMFAG00000038151
ENSG00000198876,ENSMFAG00000036190
ENSG00000135821,ENSMFAG00000040506
ENSG00000085511,ENSMFAG00000036572
ENSG00000151445,ENSMFAG00000004659
ENSG00000107679,ENSMFAG00000041484
ENSG00000056586,ENSMFAG00000035621
ENSG00000176476,ENSMFAG00000038040
ENSG00000137573,ENSMFAG00000043436
ENSG00000203730,ENSMFAG00000052904
ENSG00000179010,ENSMFAG00000011252
ENSG00000179010,ENSMFAG00000048112
ENSG00000121446,ENSMFAG00000005623
ENSG00000140876,ENSMFAG00000000905
ENSG00000181220,ENSMFAG00000056987
ENSG00000213185,ENSMFAG00000061971
ENSG00000157426,ENSMFAG00000033449
ENSG00000154978,ENSMFAG00000041219
ENSG00000182156,ENSMFAG00000001566
ENSG00000152404,ENSMFAG00000038804
ENSG00000095485,ENSMFAG00000031202
ENSG00000095485,ENSMFAG00000065242
ENSG00000039068,ENSMFAG00000032434
ENSG00000185262,ENSMFAG00000056614
ENSG00000115963,ENSMFAG00000045221
ENSG00000198829,ENSMFAG00000064553
ENSG00000183684,ENSMFAG00000001394
ENSG00000183833,ENSMFAG00000024362
ENSG00000131724,ENSMFAG00000045803
ENSG00000141551,ENSMFAG00000041414
ENSG00000137817,ENSMFAG00000000225
ENSG00000119986,ENSMFAG00000043548
ENSG00000089006,ENSMFAG00000039729
ENSG00000276839,ENSMFAG00000064419
ENSG00000276839,ENSMFAG00000061560
ENSG00000276839,ENSMFAG00000060297
ENSG00000276839,ENSMFAG00000052798
ENSG00000276839,ENSMFAG00000058727
ENSG00000276839,ENSMFAG00000055045
ENSG00000276839,ENSMFAG00000050635
ENSG00000276839,ENSMFAG00000065202
ENSG00000276839,ENSMFAG00000064759
ENSG00000276839,ENSMFAG00000064776
ENSG00000276839,ENSMFAG00000054699
ENSG00000276839,ENSMFAG00000053269
ENSG00000276839,ENSMFAG00000048123
ENSG00000276839,ENSMFAG00000050872
ENSG00000136231,ENSMFAG00000002935
ENSG00000075407,ENSMFAG00000056547
ENSG00000075407,ENSMFAG00000039253
ENSG00000075407,ENSMFAG00000049304
ENSG00000207237,ENSMFAG00000058990
ENSG00000158022,ENSMFAG00000031920
ENSG00000165702,ENSMFAG00000043346
ENSG00000128242,ENSMFAG00000030355
ENSG00000282872,ENSMFAG00000023073
ENSG00000168758,ENSMFAG00000045666
ENSG00000142684,ENSMFAG00000044001
ENSG00000168306,ENSMFAG00000033938
ENSG00000241127,ENSMFAG00000030308
ENSG00000107672,ENSMFAG00000000251
ENSG00000080608,ENSMFAG00000001430
ENSG00000189043,ENSMFAG00000043193
ENSG00000183317,ENSMFAG00000039103
ENSG00000183317,ENSMFAG00000050459
ENSG00000183317,ENSMFAG00000041787
ENSG00000184517,ENSMFAG00000001812
ENSG00000102125,ENSMFAG00000028691
ENSG00000167419,ENSMFAG00000037685
ENSG00000164548,ENSMFAG00000043211
ENSG00000149922,ENSMFAG00000001085
ENSG00000101052,ENSMFAG00000044608
ENSG00000118181,ENSMFAG00000002215
ENSG00000197982,ENSMFAG00000003611
ENSG00000222282,ENSMFAG00000005872
ENSG00000260456,ENSMFAG00000044620
ENSG00000125378,ENSMFAG00000040789
ENSG00000033122,ENSMFAG00000031304
ENSG00000177354,ENSMFAG00000061102
ENSG00000080603,ENSMFAG00000032884
ENSG00000264230,ENSMFAG00000001776
ENSG00000101347,ENSMFAG00000036597
ENSG00000129158,ENSMFAG00000000777
ENSG00000118900,ENSMFAG00000036657
ENSG00000128567,ENSMFAG00000035169
ENSG00000139926,ENSMFAG00000039658
ENSG00000127527,ENSMFAG00000000444
ENSG00000186976,ENSMFAG00000036892
ENSG00000189195,ENSMFAG00000003189
ENSG00000131095,ENSMFAG00000042945
ENSG00000109625,ENSMFAG00000045903
ENSG00000184489,ENSMFAG00000045266
ENSG00000160679,ENSMFAG00000045452
ENSG00000148541,ENSMFAG00000044652
ENSG00000170537,ENSMFAG00000045638
ENSG00000090530,ENSMFAG00000036104
ENSG00000239264,ENSMFAG00000036977
ENSG00000134207,ENSMFAG00000041208
ENSG00000100266,ENSMFAG00000041486
ENSG00000146955,ENSMFAG00000003529
ENSG00000077684,ENSMFAG00000038238
ENSG00000122557,ENSMFAG00000045309
ENSG00000137168,ENSMFAG00000046250
ENSG00000046647,ENSMFAG00000000059
ENSG00000111961,ENSMFAG00000040522
ENSG00000007545,ENSMFAG00000002985
ENSG00000175634,ENSMFAG00000031507
ENSG00000013563,ENSMFAG00000038787
ENSG00000213123,ENSMFAG00000033045
ENSG00000055957,ENSMFAG00000038345
ENSG00000120029,ENSMFAG00000044833
ENSG00000106299,ENSMFAG00000043459
ENSG00000014123,ENSMFAG00000038476
ENSG00000125841,ENSMFAG00000035222
ENSG00000125686,ENSMFAG00000045900
ENSG00000122390,ENSMFAG00000038482
ENSG00000112335,ENSMFAG00000039300
ENSG00000103966,ENSMFAG00000047811
ENSG00000283526,ENSMFAG00000058024
ENSG00000133740,ENSMFAG00000056123
ENSG00000148218,ENSMFAG00000039612
ENSG00000100991,ENSMFAG00000036701
ENSG00000137312,ENSMFAG00000002025
ENSG00000137869,ENSMFAG00000038412
ENSG00000119682,ENSMFAG00000034133
ENSG00000182612,ENSMFAG00000030900
ENSG00000132554,ENSMFAG00000000941
ENSG00000173714,ENSMFAG00000041670
ENSG00000089682,ENSMFAG00000041338
ENSG00000177030,ENSMFAG00000001308
ENSG00000106144,ENSMFAG00000042207
ENSG00000167880,ENSMFAG00000039301
ENSG00000102312,ENSMFAG00000035976
ENSG00000157992,ENSMFAG00000001722
ENSG00000155256,ENSMFAG00000031815
ENSG00000164897,ENSMFAG00000045212
ENSG00000206053,ENSMFAG00000033861
ENSG00000018189,ENSMFAG00000039421
ENSG00000136381,ENSMFAG00000039630
ENSG00000102103,ENSMFAG00000029786
ENSG00000220205,ENSMFAG00000031462
ENSG00000158050,ENSMFAG00000044384
ENSG00000149262,ENSMFAG00000020209
ENSG00000063761,ENSMFAG00000003597
ENSG00000176731,ENSMFAG00000034450
ENSG00000176731,ENSMFAG00000053429
ENSG00000153574,ENSMFAG00000030952
ENSG00000126562,ENSMFAG00000000864
ENSG00000106268,ENSMFAG00000039575
ENSG00000186260,ENSMFAG00000003274
ENSG00000114956,ENSMFAG00000044799
ENSG00000243437,ENSMFAG00000011319
ENSG00000151466,ENSMFAG00000037478
ENSG00000167524,ENSMFAG00000034550
ENSG00000166415,ENSMFAG00000046332
ENSG00000128602,ENSMFAG00000045402
ENSG00000172794,ENSMFAG00000038600
ENSG00000081320,ENSMFAG00000031131
ENSG00000131323,ENSMFAG00000045167
ENSG00000000003,ENSMFAG00000038827
ENSG00000170264,ENSMFAG00000028707
ENSG00000104517,ENSMFAG00000044216
ENSG00000163823,ENSMFAG00000051272
ENSG00000173267,ENSMFAG00000034096
ENSG00000122585,ENSMFAG00000043708
ENSG00000085265,ENSMFAG00000002778
ENSG00000196549,ENSMFAG00000039633
ENSG00000070761,ENSMFAG00000007227
ENSG00000127914,ENSMFAG00000028102
ENSG00000185477,ENSMFAG00000049179
ENSG00000138376,ENSMFAG00000032566
ENSG00000171307,ENSMFAG00000041608
ENSG00000138795,ENSMFAG00000037201
ENSG00000169877,ENSMFAG00000044875
ENSG00000081386,ENSMFAG00000012154
ENSG00000184254,ENSMFAG00000041683
ENSG00000086504,ENSMFAG00000006698
ENSG00000121058,ENSMFAG00000032397
ENSG00000166432,ENSMFAG00000061745
ENSG00000252501,ENSMFAG00000005373
ENSG00000100600,ENSMFAG00000044255
ENSG00000196427,ENSMFAG00000033657
ENSG00000196427,ENSMFAG00000030772
ENSG00000196427,ENSMFAG00000034290
ENSG00000196427,ENSMFAG00000043232
ENSG00000184640,ENSMFAG00000035508
ENSG00000025423,ENSMFAG00000040118
ENSG00000133131,ENSMFAG00000001390
ENSG00000140297,ENSMFAG00000038485
ENSG00000109182,ENSMFAG00000000295
ENSG00000154269,ENSMFAG00000040950
ENSG00000106367,ENSMFAG00000030473
ENSG00000125827,ENSMFAG00000043422
ENSG00000103855,ENSMFAG00000040825
ENSG00000127580,ENSMFAG00000031351
ENSG00000198157,ENSMFAG00000043155
ENSG00000143845,ENSMFAG00000000571
ENSG00000125844,ENSMFAG00000008658
ENSG00000104866,ENSMFAG00000032067
ENSG00000184924,ENSMFAG00000040267
ENSG00000127928,ENSMFAG00000052651
ENSG00000148399,ENSMFAG00000002348
ENSG00000145996,ENSMFAG00000035642
ENSG00000086991,ENSMFAG00000002005
ENSG00000118640,ENSMFAG00000034493
ENSG00000157933,ENSMFAG00000032222
ENSG00000115163,ENSMFAG00000045875
ENSG00000221923,ENSMFAG00000043663
ENSG00000143839,ENSMFAG00000000992
ENSG00000106266,ENSMFAG00000029647
ENSG00000177981,ENSMFAG00000002179
ENSG00000130202,ENSMFAG00000002540
ENSG00000103489,ENSMFAG00000042088
ENSG00000124370,ENSMFAG00000038402
ENSG00000124370,ENSMFAG00000045829
ENSG00000136856,ENSMFAG00000000131
ENSG00000112118,ENSMFAG00000001888
ENSG00000163864,ENSMFAG00000044228
ENSG00000116824,ENSMFAG00000036150
ENSG00000164252,ENSMFAG00000038062
ENSG00000196503,ENSMFAG00000039451
ENSG00000197779,ENSMFAG00000042362
ENSG00000087274,ENSMFAG00000040609
ENSG00000177301,ENSMFAG00000000561
ENSG00000103154,ENSMFAG00000041548
ENSG00000147251,ENSMFAG00000000236
ENSG00000115392,ENSMFAG00000042101
ENSG00000103502,ENSMFAG00000004028
ENSG00000049541,ENSMFAG00000038578
ENSG00000163909,ENSMFAG00000045585
ENSG00000198574,ENSMFAG00000040797
ENSG00000126934,ENSMFAG00000039192
ENSG00000156869,ENSMFAG00000036089
ENSG00000214029,ENSMFAG00000037006
ENSG00000113649,ENSMFAG00000044853
ENSG00000120798,ENSMFAG00000035305
ENSG00000144668,ENSMFAG00000040607
ENSG00000162460,ENSMFAG00000044352
ENSG00000140538,ENSMFAG00000044160
ENSG00000116191,ENSMFAG00000001541
ENSG00000141985,ENSMFAG00000044037
ENSG00000124102,ENSMFAG00000045404
ENSG00000101126,ENSMFAG00000042512
ENSG00000184144,ENSMFAG00000038396
ENSG00000127564,ENSMFAG00000039317
ENSG00000129534,ENSMFAG00000043146
ENSG00000181523,ENSMFAG00000024178
ENSG00000188706,ENSMFAG00000003427
ENSG00000149679,ENSMFAG00000016607
ENSG00000176024,ENSMFAG00000007100
ENSG00000112531,ENSMFAG00000044069
ENSG00000161958,ENSMFAG00000003329
ENSG00000088888,ENSMFAG00000046041
ENSG00000135046,ENSMFAG00000042357
ENSG00000156469,ENSMFAG00000042157
ENSG00000131746,ENSMFAG00000001585
ENSG00000170854,ENSMFAG00000041662
ENSG00000125968,ENSMFAG00000050354
ENSG00000071537,ENSMFAG00000036099
ENSG00000108375,ENSMFAG00000044879
ENSG00000124160,ENSMFAG00000043623
ENSG00000100311,ENSMFAG00000031697
ENSG00000105696,ENSMFAG00000045477
ENSG00000172171,ENSMFAG00000001938
ENSG00000149926,ENSMFAG00000064979
ENSG00000100028,ENSMFAG00000033628
ENSG00000005884,ENSMFAG00000043382
ENSG00000109832,ENSMFAG00000040048
ENSG00000169592,ENSMFAG00000037830
ENSG00000183891,ENSMFAG00000040343
ENSG00000100300,ENSMFAG00000033600
ENSG00000243667,ENSMFAG00000042360
ENSG00000175221,ENSMFAG00000002300
ENSG00000167588,ENSMFAG00000031489
ENSG00000127022,ENSMFAG00000031934
ENSG00000185985,ENSMFAG00000030304
ENSG00000001629,ENSMFAG00000040224
ENSG00000157131,ENSMFAG00000036139
ENSG00000229453,ENSMFAG00000040367
ENSG00000147255,ENSMFAG00000033363
ENSG00000158234,ENSMFAG00000038121
ENSG00000153107,ENSMFAG00000037630
ENSG00000042088,ENSMFAG00000000067
ENSG00000090020,ENSMFAG00000037876
ENSG00000120253,ENSMFAG00000043069
ENSG00000120253,ENSMFAG00000008983
ENSG00000106341,ENSMFAG00000002182
ENSG00000100294,ENSMFAG00000034251
ENSG00000188026,ENSMFAG00000041844
ENSG00000050344,ENSMFAG00000031568
ENSG00000144891,ENSMFAG00000041746
ENSG00000149564,ENSMFAG00000000739
ENSG00000198089,ENSMFAG00000039398
ENSG00000103316,ENSMFAG00000000877
ENSG00000159251,ENSMFAG00000039604
ENSG00000114126,ENSMFAG00000040035
ENSG00000089220,ENSMFAG00000032635
ENSG00000110048,ENSMFAG00000043591
ENSG00000107317,ENSMFAG00000003811
ENSG00000249853,ENSMFAG00000061930
ENSG00000105926,ENSMFAG00000024129
ENSG00000139567,ENSMFAG00000039766
ENSG00000143851,ENSMFAG00000039305
ENSG00000130347,ENSMFAG00000045409
ENSG00000127586,ENSMFAG00000033447
ENSG00000151729,ENSMFAG00000032688
ENSG00000197798,ENSMFAG00000003040
ENSG00000158691,ENSMFAG00000046122
ENSG00000062524,ENSMFAG00000043219
ENSG00000110876,ENSMFAG00000030190
ENSG00000137411,ENSMFAG00000042367
ENSG00000061794,ENSMFAG00000030289
ENSG00000061794,ENSMFAG00000060921
ENSG00000145287,ENSMFAG00000001332
ENSG00000122884,ENSMFAG00000030507
ENSG00000130811,ENSMFAG00000003465
ENSG00000114904,ENSMFAG00000003641
ENSG00000125398,ENSMFAG00000039651
ENSG00000275023,ENSMFAG00000039477
ENSG00000197620,ENSMFAG00000047287
ENSG00000197620,ENSMFAG00000062619
ENSG00000164032,ENSMFAG00000002478
ENSG00000164032,ENSMFAG00000001222
ENSG00000271601,ENSMFAG00000031809
ENSG00000091583,ENSMFAG00000032782
ENSG00000091583,ENSMFAG00000044321
ENSG00000165156,ENSMFAG00000023007
ENSG00000183513,ENSMFAG00000002795
ENSG00000123080,ENSMFAG00000024172
ENSG00000163795,ENSMFAG00000040801
ENSG00000145365,ENSMFAG00000029908
ENSG00000273045,ENSMFAG00000039660
ENSG00000205309,ENSMFAG00000035563
ENSG00000121851,ENSMFAG00000001219
ENSG00000164117,ENSMFAG00000034344
ENSG00000104522,ENSMFAG00000045210
ENSG00000108798,ENSMFAG00000062119
ENSG00000198919,ENSMFAG00000046238
ENSG00000196247,ENSMFAG00000031156
ENSG00000272031,ENSMFAG00000050371
ENSG00000143162,ENSMFAG00000045348
ENSG00000103888,ENSMFAG00000031330
ENSG00000028203,ENSMFAG00000039266
ENSG00000079616,ENSMFAG00000034567
ENSG00000198492,ENSMFAG00000026128
ENSG00000196235,ENSMFAG00000038707
ENSG00000205436,ENSMFAG00000002426
ENSG00000143153,ENSMFAG00000039661
ENSG00000170779,ENSMFAG00000051104
ENSG00000100485,ENSMFAG00000000174
ENSG00000174080,ENSMFAG00000033862
ENSG00000126545,ENSMFAG00000034216
ENSG00000136754,ENSMFAG00000031700
ENSG00000162365,ENSMFAG00000042796
ENSG00000162365,ENSMFAG00000032544
ENSG00000070366,ENSMFAG00000003394
ENSG00000147364,ENSMFAG00000045462
ENSG00000122643,ENSMFAG00000046405
ENSG00000050555,ENSMFAG00000042402
ENSG00000113407,ENSMFAG00000043658
ENSG00000166233,ENSMFAG00000037344
ENSG00000171488,ENSMFAG00000031732
ENSG00000134258,ENSMFAG00000037561
ENSG00000101882,ENSMFAG00000003304
ENSG00000161996,ENSMFAG00000038635
ENSG00000117069,ENSMFAG00000041884
ENSG00000165055,ENSMFAG00000007048
ENSG00000178605,ENSMFAG00000062073
ENSG00000178605,ENSMFAG00000041568
ENSG00000166750,ENSMFAG00000034231
ENSG00000129187,ENSMFAG00000034653
ENSG00000184313,ENSMFAG00000038001
ENSG00000130958,ENSMFAG00000000700
ENSG00000185055,ENSMFAG00000039155
ENSG00000094841,ENSMFAG00000049237
ENSG00000169047,ENSMFAG00000039993
ENSG00000293137,ENSMFAG00000050196
ENSG00000075292,ENSMFAG00000034359
ENSG00000100614,ENSMFAG00000001498
ENSG00000069869,ENSMFAG00000035679
ENSG00000169100,ENSMFAG00000043450
ENSG00000135185,ENSMFAG00000004736
ENSG00000063438,ENSMFAG00000050747
ENSG00000123297,ENSMFAG00000036132
ENSG00000129353,ENSMFAG00000035994
ENSG00000106443,ENSMFAG00000002668
ENSG00000167182,ENSMFAG00000038712
ENSG00000182934,ENSMFAG00000032606
ENSG00000182872,ENSMFAG00000032405
ENSG00000164078,ENSMFAG00000045229
ENSG00000196150,ENSMFAG00000055672
ENSG00000019582,ENSMFAG00000042836
ENSG00000183615,ENSMFAG00000036350
ENSG00000107295,ENSMFAG00000043791
ENSG00000116661,ENSMFAG00000030052
ENSG00000120068,ENSMFAG00000033418
ENSG00000109466,ENSMFAG00000041292
ENSG00000132141,ENSMFAG00000038145
ENSG00000130714,ENSMFAG00000038316
ENSG00000122644,ENSMFAG00000051485
ENSG00000198742,ENSMFAG00000033436
ENSG00000110841,ENSMFAG00000036882
ENSG00000205765,ENSMFAG00000053017
ENSG00000055044,ENSMFAG00000036935
ENSG00000189367,ENSMFAG00000045872
ENSG00000103260,ENSMFAG00000030206
ENSG00000166199,ENSMFAG00000031334
ENSG00000145916,ENSMFAG00000044663
ENSG00000162367,ENSMFAG00000047639
ENSG00000166482,ENSMFAG00000040986
ENSG00000267795,ENSMFAG00000036739
ENSG00000091831,ENSMFAG00000033966
ENSG00000221983,ENSMFAG00000049103
ENSG00000143365,ENSMFAG00000000807
ENSG00000169955,ENSMFAG00000001946
ENSG00000167186,ENSMFAG00000065327
ENSG00000163322,ENSMFAG00000000267
ENSG00000082996,ENSMFAG00000002735
ENSG00000170786,ENSMFAG00000002079
ENSG00000120899,ENSMFAG00000003719
ENSG00000149273,ENSMFAG00000046006
ENSG00000103035,ENSMFAG00000038857
ENSG00000161921,ENSMFAG00000031064
ENSG00000089916,ENSMFAG00000039835
ENSG00000161920,ENSMFAG00000044987
ENSG00000112473,ENSMFAG00000038848
ENSG00000155011,ENSMFAG00000032422
ENSG00000167131,ENSMFAG00000001556
ENSG00000167005,ENSMFAG00000048376
ENSG00000132321,ENSMFAG00000046217
ENSG00000006453,ENSMFAG00000037269
ENSG00000127419,ENSMFAG00000041960
ENSG00000162409,ENSMFAG00000031683
ENSG00000006695,ENSMFAG00000042405
ENSG00000196586,ENSMFAG00000038795
ENSG00000132603,ENSMFAG00000046374
ENSG00000152315,ENSMFAG00000044500
ENSG00000072415,ENSMFAG00000007215
ENSG00000009724,ENSMFAG00000025849
ENSG00000122257,ENSMFAG00000038627
ENSG00000020577,ENSMFAG00000041636
ENSG00000007171,ENSMFAG00000032615
ENSG00000122512,ENSMFAG00000046359
ENSG00000116690,ENSMFAG00000045020
ENSG00000188760,ENSMFAG00000037512
ENSG00000123989,ENSMFAG00000041505
ENSG00000196136,ENSMFAG00000045243
ENSG00000131943,ENSMFAG00000037046
ENSG00000211460,ENSMFAG00000044217
ENSG00000183856,ENSMFAG00000035349
ENSG00000176454,ENSMFAG00000032383
ENSG00000186469,ENSMFAG00000053414
ENSG00000189362,ENSMFAG00000030968
ENSG00000169203,ENSMFAG00000034521
ENSG00000138741,ENSMFAG00000000600
ENSG00000123815,ENSMFAG00000038490
ENSG00000119402,ENSMFAG00000039416
ENSG00000168887,ENSMFAG00000063159
ENSG00000168124,ENSMFAG00000052944
ENSG00000086848,ENSMFAG00000042463
ENSG00000151929,ENSMFAG00000035851
ENSG00000125107,ENSMFAG00000035888
ENSG00000140543,ENSMFAG00000043815
ENSG00000171863,ENSMFAG00000030404
ENSG00000171863,ENSMFAG00000042581
ENSG00000171863,ENSMFAG00000040854
ENSG00000204179,ENSMFAG00000032692
ENSG00000066185,ENSMFAG00000002741
ENSG00000139990,ENSMFAG00000003413
ENSG00000163534,ENSMFAG00000038388
ENSG00000154262,ENSMFAG00000003737
ENSG00000140398,ENSMFAG00000046009
ENSG00000147050,ENSMFAG00000045817
ENSG00000145388,ENSMFAG00000045633
ENSG00000154529,ENSMFAG00000005812
ENSG00000196923,ENSMFAG00000039384
ENSG00000143514,ENSMFAG00000003807
ENSG00000183576,ENSMFAG00000003763
ENSG00000164342,ENSMFAG00000046274
ENSG00000197619,ENSMFAG00000060964
ENSG00000118816,ENSMFAG00000036157
ENSG00000149591,ENSMFAG00000036871
ENSG00000163053,ENSMFAG00000038643
ENSG00000085449,ENSMFAG00000046048
ENSG00000105483,ENSMFAG00000001671
ENSG00000105483,ENSMFAG00000030997
ENSG00000158315,ENSMFAG00000033099
ENSG00000131482,ENSMFAG00000000344
ENSG00000142599,ENSMFAG00000043983
ENSG00000180979,ENSMFAG00000043133
ENSG00000172059,ENSMFAG00000039490
ENSG00000176658,ENSMFAG00000033021
ENSG00000178750,ENSMFAG00000007249
ENSG00000168769,ENSMFAG00000043744
ENSG00000134152,ENSMFAG00000038142
ENSG00000107105,ENSMFAG00000039694
ENSG00000143882,ENSMFAG00000032936
ENSG00000101951,ENSMFAG00000039425
ENSG00000168297,ENSMFAG00000031688
ENSG00000204356,ENSMFAG00000036108
ENSG00000106077,ENSMFAG00000041965
ENSG00000189221,ENSMFAG00000041722
ENSG00000109339,ENSMFAG00000001537
ENSG00000189186,ENSMFAG00000052683
ENSG00000120509,ENSMFAG00000038177
ENSG00000163535,ENSMFAG00000041855
ENSG00000162728,ENSMFAG00000030757
ENSG00000100852,ENSMFAG00000000350
ENSG00000105974,ENSMFAG00000046330
ENSG00000116882,ENSMFAG00000002851
ENSG00000088205,ENSMFAG00000043075
ENSG00000138134,ENSMFAG00000033260
ENSG00000062582,ENSMFAG00000003446
ENSG00000087884,ENSMFAG00000034422
ENSG00000004059,ENSMFAG00000019772
ENSG00000151413,ENSMFAG00000038751
ENSG00000106701,ENSMFAG00000000831
ENSG00000046651,ENSMFAG00000042608
ENSG00000069956,ENSMFAG00000037559
ENSG00000168591,ENSMFAG00000043169
ENSG00000166166,ENSMFAG00000063054
ENSG00000167094,ENSMFAG00000042412
ENSG00000152779,ENSMFAG00000002755
ENSG00000106477,ENSMFAG00000002202
ENSG00000028528,ENSMFAG00000040273
ENSG00000144120,ENSMFAG00000049249
ENSG00000275152,ENSMFAG00000002269
ENSG00000137073,ENSMFAG00000060778
ENSG00000137073,ENSMFAG00000057210
ENSG00000137073,ENSMFAG00000051607
ENSG00000127774,ENSMFAG00000056015
ENSG00000174326,ENSMFAG00000045121
ENSG00000172954,ENSMFAG00000042586
ENSG00000181192,ENSMFAG00000032814
ENSG00000165457,ENSMFAG00000002506
ENSG00000165379,ENSMFAG00000039677
ENSG00000184708,ENSMFAG00000037813
ENSG00000175866,ENSMFAG00000043088
ENSG00000178096,ENSMFAG00000048940
ENSG00000117501,ENSMFAG00000004437
ENSG00000204438,ENSMFAG00000037562
ENSG00000013619,ENSMFAG00000000232
ENSG00000173212,ENSMFAG00000042466
ENSG00000102054,ENSMFAG00000034492
ENSG00000143473,ENSMFAG00000000121
ENSG00000129460,ENSMFAG00000033387
ENSG00000113391,ENSMFAG00000001171
ENSG00000102858,ENSMFAG00000031206
ENSG00000082258,ENSMFAG00000042791
ENSG00000075131,ENSMFAG00000031924
ENSG00000146576,ENSMFAG00000037040
ENSG00000198315,ENSMFAG00000002333
ENSG00000110713,ENSMFAG00000045069
ENSG00000092020,ENSMFAG00000033038
ENSG00000187257,ENSMFAG00000038157
ENSG00000156017,ENSMFAG00000055475
ENSG00000105695,ENSMFAG00000043926
ENSG00000231925,ENSMFAG00000000942
ENSG00000106355,ENSMFAG00000038508
ENSG00000128849,ENSMFAG00000036711
ENSG00000264717,ENSMFAG00000030803
ENSG00000113070,ENSMFAG00000043747
ENSG00000196873,ENSMFAG00000044635
ENSG00000169230,ENSMFAG00000003703
ENSG00000174502,ENSMFAG00000034099
ENSG00000269335,ENSMFAG00000032230
ENSG00000048052,ENSMFAG00000008589
ENSG00000133935,ENSMFAG00000000605
ENSG00000050628,ENSMFAG00000040520
ENSG00000140044,ENSMFAG00000033637
ENSG00000241878,ENSMFAG00000001274
ENSG00000171916,ENSMFAG00000043507
ENSG00000171916,ENSMFAG00000065551
ENSG00000134452,ENSMFAG00000035795
ENSG00000159445,ENSMFAG00000032182
ENSG00000087301,ENSMFAG00000001964
ENSG00000065609,ENSMFAG00000045148
ENSG00000167565,ENSMFAG00000034796
ENSG00000144644,ENSMFAG00000034178
ENSG00000026751,ENSMFAG00000005215
ENSG00000184845,ENSMFAG00000015744
ENSG00000113430,ENSMFAG00000044841
ENSG00000161202,ENSMFAG00000035356
ENSG00000132581,ENSMFAG00000037309
ENSG00000197566,ENSMFAG00000049072
ENSG00000074696,ENSMFAG00000032102
ENSG00000092094,ENSMFAG00000045591
ENSG00000113552,ENSMFAG00000032994
ENSG00000126860,ENSMFAG00000003552
ENSG00000160211,ENSMFAG00000043207
ENSG00000134532,ENSMFAG00000033855
ENSG00000168411,ENSMFAG00000043003
ENSG00000065325,ENSMFAG00000038487
ENSG00000169679,ENSMFAG00000002933
ENSG00000137941,ENSMFAG00000042407
ENSG00000185070,ENSMFAG00000017989
ENSG00000100823,ENSMFAG00000002565
ENSG00000161940,ENSMFAG00000042774
ENSG00000103037,ENSMFAG00000003198
ENSG00000115255,ENSMFAG00000046016
ENSG00000170298,ENSMFAG00000043507
ENSG00000170298,ENSMFAG00000065551
ENSG00000198146,ENSMFAG00000030007
ENSG00000147573,ENSMFAG00000004059
ENSG00000175265,ENSMFAG00000050734
ENSG00000175265,ENSMFAG00000058401
ENSG00000141519,ENSMFAG00000032264
ENSG00000167515,ENSMFAG00000030382
ENSG00000076356,ENSMFAG00000003249
ENSG00000124299,ENSMFAG00000034452
ENSG00000134982,ENSMFAG00000041277
ENSG00000163527,ENSMFAG00000041705
ENSG00000154975,ENSMFAG00000021148
ENSG00000106399,ENSMFAG00000030842
ENSG00000106399,ENSMFAG00000042056
ENSG00000113140,ENSMFAG00000038613
ENSG00000159403,ENSMFAG00000040641
ENSG00000159403,ENSMFAG00000035975
ENSG00000106624,ENSMFAG00000046276
ENSG00000165078,ENSMFAG00000039794
ENSG00000165168,ENSMFAG00000040813
ENSG00000102383,ENSMFAG00000041334
ENSG00000170323,ENSMFAG00000038597
ENSG00000183655,ENSMFAG00000016945
ENSG00000104365,ENSMFAG00000039739
ENSG00000147124,ENSMFAG00000023099
ENSG00000140598,ENSMFAG00000031099
ENSG00000140598,ENSMFAG00000032657
ENSG00000102934,ENSMFAG00000032545
ENSG00000167723,ENSMFAG00000041934
ENSG00000131381,ENSMFAG00000052478
ENSG00000153406,ENSMFAG00000030193
ENSG00000102003,ENSMFAG00000037682
ENSG00000168907,ENSMFAG00000038504
ENSG00000153904,ENSMFAG00000037521
ENSG00000136824,ENSMFAG00000035914
ENSG00000122145,ENSMFAG00000000575
ENSG00000179902,ENSMFAG00000030402
ENSG00000185825,ENSMFAG00000039860
ENSG00000107669,ENSMFAG00000043722
ENSG00000143614,ENSMFAG00000042345
ENSG00000135250,ENSMFAG00000045529
ENSG00000196470,ENSMFAG00000045157
ENSG00000118971,ENSMFAG00000040946
ENSG00000074071,ENSMFAG00000046146
ENSG00000187164,ENSMFAG00000042541
ENSG00000110931,ENSMFAG00000045272
ENSG00000171241,ENSMFAG00000036653
ENSG00000163492,ENSMFAG00000000963
ENSG00000118855,ENSMFAG00000041451
ENSG00000075142,ENSMFAG00000001735
ENSG00000163485,ENSMFAG00000035176
ENSG00000115368,ENSMFAG00000039326
ENSG00000140465,ENSMFAG00000035791
ENSG00000132688,ENSMFAG00000025686
ENSG00000161011,ENSMFAG00000032992
ENSG00000143110,ENSMFAG00000034319
ENSG00000188603,ENSMFAG00000039969
ENSG00000189319,ENSMFAG00000030017
ENSG00000273706,ENSMFAG00000001746
ENSG00000155659,ENSMFAG00000001866
ENSG00000198892,ENSMFAG00000061611
ENSG00000055950,ENSMFAG00000036954
ENSG00000133027,ENSMFAG00000045924
ENSG00000204611,ENSMFAG00000038818
ENSG00000020129,ENSMFAG00000038902
ENSG00000126804,ENSMFAG00000036968
ENSG00000104936,ENSMFAG00000037913
ENSG00000138592,ENSMFAG00000033355
ENSG00000204161,ENSMFAG00000002242
ENSG00000089775,ENSMFAG00000036916
ENSG00000023318,ENSMFAG00000036437
ENSG00000114520,ENSMFAG00000040321
ENSG00000169895,ENSMFAG00000031838
ENSG00000164916,ENSMFAG00000041125
ENSG00000143183,ENSMFAG00000002927
ENSG00000152284,ENSMFAG00000043006
ENSG00000152284,ENSMFAG00000057476
ENSG00000188725,ENSMFAG00000051035
ENSG00000095627,ENSMFAG00000043487
ENSG00000106028,ENSMFAG00000032819
ENSG00000185024,ENSMFAG00000001381
ENSG00000169733,ENSMFAG00000038569
ENSG00000113721,ENSMFAG00000001633
ENSG00000011422,ENSMFAG00000044138
ENSG00000157399,ENSMFAG00000038813
ENSG00000107371,ENSMFAG00000001758
ENSG00000151892,ENSMFAG00000001953
ENSG00000068784,ENSMFAG00000042026
ENSG00000084073,ENSMFAG00000044167
ENSG00000135063,ENSMFAG00000032849
ENSG00000104524,ENSMFAG00000030365
ENSG00000133028,ENSMFAG00000002459
ENSG00000089820,ENSMFAG00000038733
ENSG00000163491,ENSMFAG00000039437
ENSG00000162961,ENSMFAG00000045079
ENSG00000163431,ENSMFAG00000039790
ENSG00000047249,ENSMFAG00000032985
ENSG00000185862,ENSMFAG00000053252
ENSG00000177807,ENSMFAG00000052965
ENSG00000171431,ENSMFAG00000003933
ENSG00000106785,ENSMFAG00000040114
ENSG00000180787,ENSMFAG00000047727
ENSG00000049089,ENSMFAG00000028569
ENSG00000131477,ENSMFAG00000039009
ENSG00000107821,ENSMFAG00000063924
ENSG00000151665,ENSMFAG00000043629
ENSG00000130165,ENSMFAG00000043998
ENSG00000174944,ENSMFAG00000030384
ENSG00000107551,ENSMFAG00000031803
ENSG00000095380,ENSMFAG00000030217
ENSG00000088538,ENSMFAG00000033625
ENSG00000167799,ENSMFAG00000051463
ENSG00000110756,ENSMFAG00000044104
ENSG00000119878,ENSMFAG00000037609
ENSG00000229314,ENSMFAG00000038844
ENSG00000130204,ENSMFAG00000002407
ENSG00000166529,ENSMFAG00000042653
ENSG00000169599,ENSMFAG00000033270
ENSG00000170681,ENSMFAG00000057234
ENSG00000275410,ENSMFAG00000030603
ENSG00000137070,ENSMFAG00000044283
ENSG00000115129,ENSMFAG00000030253
ENSG00000066923,ENSMFAG00000036085
ENSG00000138496,ENSMFAG00000030796
ENSG00000183347,ENSMFAG00000032176
ENSG00000168894,ENSMFAG00000047260
ENSG00000132359,ENSMFAG00000002321
ENSG00000106733,ENSMFAG00000002149
ENSG00000120341,ENSMFAG00000040538
ENSG00000184887,ENSMFAG00000031060
ENSG00000160951,ENSMFAG00000059444
ENSG00000122085,ENSMFAG00000026775
ENSG00000130734,ENSMFAG00000036604
ENSG00000133961,ENSMFAG00000046300
ENSG00000172244,ENSMFAG00000044319
ENSG00000165507,ENSMFAG00000061462
ENSG00000165568,ENSMFAG00000032263
ENSG00000172428,ENSMFAG00000000784
ENSG00000157510,ENSMFAG00000044334
ENSG00000023171,ENSMFAG00000023822
ENSG00000067445,ENSMFAG00000000246
ENSG00000197713,ENSMFAG00000001492
ENSG00000276409,ENSMFAG00000000804
ENSG00000108306,ENSMFAG00000033430
ENSG00000147996,ENSMFAG00000044635
ENSG00000151575,ENSMFAG00000037934
ENSG00000129990,ENSMFAG00000002989
ENSG00000146700,ENSMFAG00000031343
ENSG00000148481,ENSMFAG00000039849
ENSG00000153044,ENSMFAG00000003204
ENSG00000138587,ENSMFAG00000027011
ENSG00000122783,ENSMFAG00000003713
ENSG00000012822,ENSMFAG00000002103
ENSG00000253304,ENSMFAG00000038738
ENSG00000166819,ENSMFAG00000034321
ENSG00000171992,ENSMFAG00000031848
ENSG00000180098,ENSMFAG00000043751
ENSG00000166167,ENSMFAG00000005295
ENSG00000132846,ENSMFAG00000065084
ENSG00000159784,ENSMFAG00000039319
ENSG00000113594,ENSMFAG00000036647
ENSG00000073861,ENSMFAG00000042504
ENSG00000161653,ENSMFAG00000033737
ENSG00000169251,ENSMFAG00000040934
ENSG00000138614,ENSMFAG00000031689
ENSG00000128011,ENSMFAG00000059464
ENSG00000125648,ENSMFAG00000039503
ENSG00000183742,ENSMFAG00000031393
ENSG00000276231,ENSMFAG00000000836
ENSG00000134193,ENSMFAG00000005388
ENSG00000168333,ENSMFAG00000044803
ENSG00000127989,ENSMFAG00000038723
ENSG00000115540,ENSMFAG00000035530
ENSG00000134183,ENSMFAG00000039529
ENSG00000131015,ENSMFAG00000039565
ENSG00000050327,ENSMFAG00000043922
ENSG00000062725,ENSMFAG00000031643
ENSG00000221914,ENSMFAG00000045160
ENSG00000198478,ENSMFAG00000064741
ENSG00000134248,ENSMFAG00000042380
ENSG00000112339,ENSMFAG00000003766
ENSG00000148671,ENSMFAG00000000477
ENSG00000162772,ENSMFAG00000033392
ENSG00000156521,ENSMFAG00000040775
ENSG00000062194,ENSMFAG00000000066
ENSG00000156510,ENSMFAG00000044430
ENSG00000141040,ENSMFAG00000059146
ENSG00000213413,ENSMFAG00000041336
ENSG00000185518,ENSMFAG00000033913
ENSG00000142677,ENSMFAG00000000068
ENSG00000179133,ENSMFAG00000033328
ENSG00000057757,ENSMFAG00000002599
ENSG00000158457,ENSMFAG00000038610
ENSG00000260314,ENSMFAG00000036299
ENSG00000115128,ENSMFAG00000038178
ENSG00000197106,ENSMFAG00000044649
ENSG00000161647,ENSMFAG00000038172
ENSG00000042429,ENSMFAG00000003118
ENSG00000185674,ENSMFAG00000031272
ENSG00000106605,ENSMFAG00000036162
ENSG00000170631,ENSMFAG00000035418
ENSG00000159374,ENSMFAG00000033744
ENSG00000122224,ENSMFAG00000051575
ENSG00000122224,ENSMFAG00000042399
ENSG00000169612,ENSMFAG00000039932
ENSG00000035681,ENSMFAG00000003576
ENSG00000159322,ENSMFAG00000039757
ENSG00000159322,ENSMFAG00000062379
ENSG00000128482,ENSMFAG00000042863
ENSG00000132394,ENSMFAG00000042128
ENSG00000186591,ENSMFAG00000059963
ENSG00000105409,ENSMFAG00000000209
ENSG00000185787,ENSMFAG00000065200
ENSG00000138448,ENSMFAG00000003635
ENSG00000180638,ENSMFAG00000038845
ENSG00000143603,ENSMFAG00000040110
ENSG00000087365,ENSMFAG00000003064
ENSG00000147155,ENSMFAG00000037811
ENSG00000099282,ENSMFAG00000043589
ENSG00000169255,ENSMFAG00000059346
ENSG00000106123,ENSMFAG00000039585
ENSG00000106123,ENSMFAG00000063789
ENSG00000118729,ENSMFAG00000042482
ENSG00000198223,ENSMFAG00000004652
ENSG00000117601,ENSMFAG00000031906
ENSG00000005102,ENSMFAG00000036302
ENSG00000184831,ENSMFAG00000000489
ENSG00000109089,ENSMFAG00000041166
ENSG00000141560,ENSMFAG00000063540
ENSG00000157911,ENSMFAG00000035362
ENSG00000165061,ENSMFAG00000043475
ENSG00000198298,ENSMFAG00000031517
ENSG00000167363,ENSMFAG00000063540
ENSG00000013588,ENSMFAG00000033480
ENSG00000117560,ENSMFAG00000053742
ENSG00000180879,ENSMFAG00000041921
ENSG00000152465,ENSMFAG00000039555
ENSG00000010818,ENSMFAG00000001298
ENSG00000021852,ENSMFAG00000037279
ENSG00000139218,ENSMFAG00000036690
ENSG00000155189,ENSMFAG00000034052
ENSG00000049249,ENSMFAG00000036504
ENSG00000134389,ENSMFAG00000033730
ENSG00000137571,ENSMFAG00000037298
ENSG00000155906,ENSMFAG00000034583
ENSG00000147383,ENSMFAG00000008105
ENSG00000185860,ENSMFAG00000002602
ENSG00000171051,ENSMFAG00000050900
ENSG00000005007,ENSMFAG00000065281
ENSG00000005007,ENSMFAG00000037748
ENSG00000124523,ENSMFAG00000000178
ENSG00000139180,ENSMFAG00000043122
ENSG00000198915,ENSMFAG00000044017
ENSG00000164754,ENSMFAG00000032636
ENSG00000136449,ENSMFAG00000045294
ENSG00000105929,ENSMFAG00000044669
ENSG00000105376,ENSMFAG00000002910
ENSG00000130956,ENSMFAG00000034124
ENSG00000162426,ENSMFAG00000037500
ENSG00000095637,ENSMFAG00000030641
ENSG00000105388,ENSMFAG00000046367
ENSG00000127129,ENSMFAG00000036352
ENSG00000131469,ENSMFAG00000037912
ENSG00000117362,ENSMFAG00000034137
ENSG00000137857,ENSMFAG00000043773
ENSG00000174547,ENSMFAG00000042321
ENSG00000139537,ENSMFAG00000000659
ENSG00000112640,ENSMFAG00000040153
ENSG00000101955,ENSMFAG00000032104
ENSG00000196363,ENSMFAG00000039367
ENSG00000239672,ENSMFAG00000058207
ENSG00000174437,ENSMFAG00000030226
ENSG00000066382,ENSMFAG00000045441
ENSG00000119778,ENSMFAG00000045919
ENSG00000187037,ENSMFAG00000061539
ENSG00000102024,ENSMFAG00000031185
ENSG00000162391,ENSMFAG00000035370
ENSG00000071564,ENSMFAG00000032612
ENSG00000188404,ENSMFAG00000042617
ENSG00000240247,ENSMFAG00000043176
ENSG00000146918,ENSMFAG00000040814
ENSG00000178966,ENSMFAG00000013223
ENSG00000147416,ENSMFAG00000033694
ENSG00000154146,ENSMFAG00000041687
ENSG00000108298,ENSMFAG00000035226
ENSG00000143653,ENSMFAG00000044986
ENSG00000137760,ENSMFAG00000003178
ENSG00000135900,ENSMFAG00000042793
ENSG00000119862,ENSMFAG00000031922
ENSG00000153012,ENSMFAG00000036970
ENSG00000135439,ENSMFAG00000000465
ENSG00000135972,ENSMFAG00000039793
ENSG00000150627,ENSMFAG00000043874
ENSG00000157106,ENSMFAG00000043062
ENSG00000147642,ENSMFAG00000037775
ENSG00000177105,ENSMFAG00000006033
ENSG00000184557,ENSMFAG00000004354
ENSG00000142102,ENSMFAG00000041070
ENSG00000186665,ENSMFAG00000033777
ENSG00000139631,ENSMFAG00000031711
ENSG00000182150,ENSMFAG00000043281
ENSG00000174231,ENSMFAG00000039995
ENSG00000113758,ENSMFAG00000036940
ENSG00000100767,ENSMFAG00000021512
ENSG00000080345,ENSMFAG00000032233
ENSG00000140557,ENSMFAG00000001328
ENSG00000138802,ENSMFAG00000038799
ENSG00000130595,ENSMFAG00000038686
ENSG00000068001,ENSMFAG00000000759
ENSG00000147872,ENSMFAG00000041970
ENSG00000114248,ENSMFAG00000003366
ENSG00000111801,ENSMFAG00000002690
ENSG00000073578,ENSMFAG00000010720
ENSG00000069329,ENSMFAG00000049538
ENSG00000121542,ENSMFAG00000038056
ENSG00000117090,ENSMFAG00000035353
ENSG00000269113,ENSMFAG00000003902
ENSG00000187735,ENSMFAG00000041675
ENSG00000137965,ENSMFAG00000037846
ENSG00000165548,ENSMFAG00000003447
ENSG00000181885,ENSMFAG00000041154
ENSG00000163539,ENSMFAG00000001444
ENSG00000117174,ENSMFAG00000001461
ENSG00000215126,ENSMFAG00000044635
ENSG00000131848,ENSMFAG00000044815
ENSG00000140254,ENSMFAG00000033232
ENSG00000162551,ENSMFAG00000039118
ENSG00000141034,ENSMFAG00000036720
ENSG00000100889,ENSMFAG00000003328
ENSG00000107263,ENSMFAG00000038154
ENSG00000137200,ENSMFAG00000002390
ENSG00000121005,ENSMFAG00000003081
ENSG00000165704,ENSMFAG00000042557
ENSG00000174652,ENSMFAG00000032036
ENSG00000256525,ENSMFAG00000002805
ENSG00000140848,ENSMFAG00000004072
ENSG00000143340,ENSMFAG00000037711
ENSG00000154511,ENSMFAG00000000290
ENSG00000114978,ENSMFAG00000064324
ENSG00000184368,ENSMFAG00000055804
ENSG00000143195,ENSMFAG00000002585
ENSG00000258315,ENSMFAG00000031742
ENSG00000152944,ENSMFAG00000041759
ENSG00000135317,ENSMFAG00000010669
ENSG00000143971,ENSMFAG00000039723
ENSG00000158987,ENSMFAG00000033294
ENSG00000196505,ENSMFAG00000045882
ENSG00000198393,ENSMFAG00000041196
ENSG00000213762,ENSMFAG00000004631
ENSG00000177303,ENSMFAG00000037054
ENSG00000198554,ENSMFAG00000032915
ENSG00000104825,ENSMFAG00000036991
ENSG00000198522,ENSMFAG00000035863
ENSG00000075415,ENSMFAG00000000145
ENSG00000187954,ENSMFAG00000034263
ENSG00000128585,ENSMFAG00000039710
ENSG00000023287,ENSMFAG00000001661
ENSG00000183508,ENSMFAG00000063452
ENSG00000188786,ENSMFAG00000002419
ENSG00000012124,ENSMFAG00000003950
ENSG00000184860,ENSMFAG00000040108
ENSG00000196581,ENSMFAG00000053605
ENSG00000189067,ENSMFAG00000044496
ENSG00000106686,ENSMFAG00000032285
ENSG00000072694,ENSMFAG00000052135
ENSG00000072694,ENSMFAG00000059325
ENSG00000072694,ENSMFAG00000038066
ENSG00000102226,ENSMFAG00000043917
ENSG00000002726,ENSMFAG00000044518
ENSG00000168434,ENSMFAG00000033971
ENSG00000104213,ENSMFAG00000032939
ENSG00000136874,ENSMFAG00000042208
ENSG00000104267,ENSMFAG00000027151
ENSG00000198265,ENSMFAG00000045166
ENSG00000106665,ENSMFAG00000030296
ENSG00000121022,ENSMFAG00000037786
ENSG00000101849,ENSMFAG00000005183
ENSG00000134247,ENSMFAG00000038301
ENSG00000198856,ENSMFAG00000034553
ENSG00000162642,ENSMFAG00000051304
ENSG00000178537,ENSMFAG00000037674
ENSG00000162676,ENSMFAG00000045801
ENSG00000239779,ENSMFAG00000015518
ENSG00000092036,ENSMFAG00000042332
ENSG00000138780,ENSMFAG00000000581
ENSG00000104432,ENSMFAG00000002965
ENSG00000122140,ENSMFAG00000001860
ENSG00000080572,ENSMFAG00000033661
ENSG00000163428,ENSMFAG00000003454
ENSG00000196465,ENSMFAG00000043999
ENSG00000117425,ENSMFAG00000035339
ENSG00000080819,ENSMFAG00000046380
ENSG00000160446,ENSMFAG00000002386
ENSG00000129422,ENSMFAG00000043092
ENSG00000147166,ENSMFAG00000037969
ENSG00000007306,ENSMFAG00000035749
ENSG00000134686,ENSMFAG00000035555
ENSG00000134419,ENSMFAG00000039736
ENSG00000198399,ENSMFAG00000041820
ENSG00000078725,ENSMFAG00000003931
ENSG00000172995,ENSMFAG00000041762
ENSG00000147010,ENSMFAG00000002962
ENSG00000198000,ENSMFAG00000034500
ENSG00000151247,ENSMFAG00000041112
ENSG00000181264,ENSMFAG00000062098
ENSG00000142959,ENSMFAG00000024339
ENSG00000197888,ENSMFAG00000056775
ENSG00000148925,ENSMFAG00000000120
ENSG00000136250,ENSMFAG00000044010
ENSG00000151725,ENSMFAG00000043328
ENSG00000162687,ENSMFAG00000030817
ENSG00000133687,ENSMFAG00000033192
ENSG00000167447,ENSMFAG00000024874
ENSG00000173826,ENSMFAG00000000684
ENSG00000090863,ENSMFAG00000020124
ENSG00000161558,ENSMFAG00000000160
ENSG00000113658,ENSMFAG00000039447
ENSG00000071127,ENSMFAG00000003069
ENSG00000125731,ENSMFAG00000002801
ENSG00000146530,ENSMFAG00000040971
ENSG00000112685,ENSMFAG00000045215
ENSG00000104324,ENSMFAG00000003103
ENSG00000109103,ENSMFAG00000041737
ENSG00000183160,ENSMFAG00000063201
ENSG00000177706,ENSMFAG00000042977
ENSG00000186185,ENSMFAG00000003134
ENSG00000139714,ENSMFAG00000045300
ENSG00000145736,ENSMFAG00000035400
ENSG00000105072,ENSMFAG00000035820
ENSG00000033170,ENSMFAG00000042802
ENSG00000168067,ENSMFAG00000033749
ENSG00000162931,ENSMFAG00000001716
ENSG00000185122,ENSMFAG00000030733
ENSG00000049130,ENSMFAG00000054618
ENSG00000151726,ENSMFAG00000033716
ENSG00000146729,ENSMFAG00000044760
ENSG00000185324,ENSMFAG00000039303
ENSG00000161654,ENSMFAG00000031376
ENSG00000170498,ENSMFAG00000046289
ENSG00000203985,ENSMFAG00000042062
ENSG00000124459,ENSMFAG00000050265
ENSG00000108592,ENSMFAG00000003764
ENSG00000139620,ENSMFAG00000039042
ENSG00000181036,ENSMFAG00000039265
ENSG00000086061,ENSMFAG00000032081
ENSG00000141756,ENSMFAG00000044293
ENSG00000118733,ENSMFAG00000032568
ENSG00000106113,ENSMFAG00000046108
ENSG00000130038,ENSMFAG00000036067
ENSG00000018510,ENSMFAG00000038904
ENSG00000158008,ENSMFAG00000031631
ENSG00000103375,ENSMFAG00000038519
ENSG00000137145,ENSMFAG00000030981
ENSG00000136999,ENSMFAG00000028128
ENSG00000140274,ENSMFAG00000032593
ENSG00000239839,ENSMFAG00000043176
ENSG00000158869,ENSMFAG00000043727
ENSG00000172840,ENSMFAG00000028076
ENSG00000174226,ENSMFAG00000042840
ENSG00000166946,ENSMFAG00000031199
ENSG00000197147,ENSMFAG00000026599
ENSG00000111716,ENSMFAG00000032247
ENSG00000162086,ENSMFAG00000042242
ENSG00000196449,ENSMFAG00000003487
ENSG00000134365,ENSMFAG00000035708
ENSG00000125675,ENSMFAG00000011695
ENSG00000106034,ENSMFAG00000031588
ENSG00000104763,ENSMFAG00000039553
ENSG00000090565,ENSMFAG00000034645
ENSG00000160678,ENSMFAG00000041335
ENSG00000160838,ENSMFAG00000036097
ENSG00000122223,ENSMFAG00000045814
ENSG00000136935,ENSMFAG00000031129
ENSG00000166037,ENSMFAG00000003768
ENSG00000134594,ENSMFAG00000002604
ENSG00000197937,ENSMFAG00000000482
ENSG00000123562,ENSMFAG00000044438
ENSG00000123562,ENSMFAG00000043729
ENSG00000115539,ENSMFAG00000026576
ENSG00000115539,ENSMFAG00000002115
ENSG00000141562,ENSMFAG00000003174
ENSG00000105894,ENSMFAG00000045099
ENSG00000126777,ENSMFAG00000043226
ENSG00000121417,ENSMFAG00000003375
ENSG00000096088,ENSMFAG00000038363
ENSG00000121152,ENSMFAG00000045004
ENSG00000130787,ENSMFAG00000046309
ENSG00000172775,ENSMFAG00000001258
ENSG00000128989,ENSMFAG00000049942
ENSG00000112033,ENSMFAG00000036921
ENSG00000104823,ENSMFAG00000043091
ENSG00000146802,ENSMFAG00000022462
ENSG00000113328,ENSMFAG00000035711
ENSG00000128829,ENSMFAG00000035646
ENSG00000163378,ENSMFAG00000041998
ENSG00000006459,ENSMFAG00000002056
ENSG00000107186,ENSMFAG00000032679
ENSG00000134363,ENSMFAG00000030825
ENSG00000010072,ENSMFAG00000002589
ENSG00000135387,ENSMFAG00000038273
ENSG00000090674,ENSMFAG00000001725
ENSG00000170296,ENSMFAG00000003346
ENSG00000170296,ENSMFAG00000042760
ENSG00000177879,ENSMFAG00000003364
ENSG00000143382,ENSMFAG00000002869
ENSG00000122507,ENSMFAG00000045258
ENSG00000157500,ENSMFAG00000000686
ENSG00000076382,ENSMFAG00000040650
ENSG00000168938,ENSMFAG00000033147
ENSG00000181751,ENSMFAG00000030345
ENSG00000110955,ENSMFAG00000042914
ENSG00000113643,ENSMFAG00000030272
ENSG00000146426,ENSMFAG00000000660
ENSG00000105221,ENSMFAG00000003243
ENSG00000162695,ENSMFAG00000043538
ENSG00000067221,ENSMFAG00000041162
ENSG00000158089,ENSMFAG00000002970
ENSG00000134240,ENSMFAG00000043696
ENSG00000127325,ENSMFAG00000041620
ENSG00000174669,ENSMFAG00000039334
ENSG00000163785,ENSMFAG00000044870
ENSG00000109066,ENSMFAG00000043806
ENSG00000196660,ENSMFAG00000051013
ENSG00000136425,ENSMFAG00000036567
ENSG00000213047,ENSMFAG00000040708
ENSG00000135404,ENSMFAG00000045733
ENSG00000057019,ENSMFAG00000045647
ENSG00000129255,ENSMFAG00000041864
ENSG00000181991,ENSMFAG00000001006
ENSG00000034510,ENSMFAG00000041894
ENSG00000151715,ENSMFAG00000036201
ENSG00000140320,ENSMFAG00000031150
ENSG00000084693,ENSMFAG00000000522
ENSG00000113249,ENSMFAG00000039778
ENSG00000144713,ENSMFAG00000011451
ENSG00000197217,ENSMFAG00000037815
ENSG00000085382,ENSMFAG00000039999
ENSG00000187678,ENSMFAG00000033414
ENSG00000157823,ENSMFAG00000057910
ENSG00000020922,ENSMFAG00000039328
ENSG00000113648,ENSMFAG00000003059
ENSG00000103196,ENSMFAG00000012467
ENSG00000115738,ENSMFAG00000000039
ENSG00000170275,ENSMFAG00000017424
ENSG00000152253,ENSMFAG00000035541
ENSG00000141480,ENSMFAG00000001220
ENSG00000114790,ENSMFAG00000031011
ENSG00000162396,ENSMFAG00000064410
ENSG00000181754,ENSMFAG00000030580
ENSG00000052723,ENSMFAG00000059908
ENSG00000140395,ENSMFAG00000036343
ENSG00000186063,ENSMFAG00000033247
ENSG00000186063,ENSMFAG00000002217
ENSG00000167701,ENSMFAG00000041987
ENSG00000180772,ENSMFAG00000008335
ENSG00000184867,ENSMFAG00000032990
ENSG00000185278,ENSMFAG00000000705
ENSG00000103197,ENSMFAG00000032166
ENSG00000158109,ENSMFAG00000037093
ENSG00000198821,ENSMFAG00000000076
ENSG00000157150,ENSMFAG00000052548
ENSG00000115364,ENSMFAG00000043946
ENSG00000091527,ENSMFAG00000043287
ENSG00000140403,ENSMFAG00000031045
ENSG00000134323,ENSMFAG00000032784
ENSG00000168438,ENSMFAG00000002327
ENSG00000064225,ENSMFAG00000040058
ENSG00000158874,ENSMFAG00000031068
ENSG00000115687,ENSMFAG00000037737
ENSG00000105963,ENSMFAG00000030586
ENSG00000181195,ENSMFAG00000031729
ENSG00000072818,ENSMFAG00000039943
ENSG00000170619,ENSMFAG00000029028
ENSG00000064995,ENSMFAG00000035760
ENSG00000163239,ENSMFAG00000037009
ENSG00000164944,ENSMFAG00000041706
ENSG00000137185,ENSMFAG00000037128
ENSG00000162702,ENSMFAG00000001954
ENSG00000265491,ENSMFAG00000042451
ENSG00000147862,ENSMFAG00000037052
ENSG00000140326,ENSMFAG00000045780
ENSG00000026652,ENSMFAG00000041781
ENSG00000131042,ENSMFAG00000003194
ENSG00000116833,ENSMFAG00000036373
ENSG00000149292,ENSMFAG00000001067
ENSG00000108839,ENSMFAG00000039492
ENSG00000112053,ENSMFAG00000031229
ENSG00000261787,ENSMFAG00000038608
ENSG00000131459,ENSMFAG00000045396
ENSG00000205189,ENSMFAG00000032056
ENSG00000141349,ENSMFAG00000001134
ENSG00000111203,ENSMFAG00000002177
ENSG00000173698,ENSMFAG00000001073
ENSG00000170315,ENSMFAG00000041207
ENSG00000142875,ENSMFAG00000044118
ENSG00000132424,ENSMFAG00000001373
ENSG00000137860,ENSMFAG00000019210
ENSG00000124570,ENSMFAG00000043844
ENSG00000069431,ENSMFAG00000041870
ENSG00000106462,ENSMFAG00000040192
ENSG00000163249,ENSMFAG00000001361
ENSG00000113048,ENSMFAG00000030039
ENSG00000275835,ENSMFAG00000031884
ENSG00000147457,ENSMFAG00000031228
ENSG00000123609,ENSMFAG00000045501
ENSG00000179832,ENSMFAG00000032393
ENSG00000182628,ENSMFAG00000040585
ENSG00000198612,ENSMFAG00000043944
ENSG00000074370,ENSMFAG00000001154
ENSG00000130803,ENSMFAG00000036858
ENSG00000198722,ENSMFAG00000003353
ENSG00000173715,ENSMFAG00000033611
ENSG00000137819,ENSMFAG00000040350
ENSG00000164855,ENSMFAG00000039277
ENSG00000143252,ENSMFAG00000042114
ENSG00000144045,ENSMFAG00000001892
ENSG00000103876,ENSMFAG00000034154
ENSG00000196345,ENSMFAG00000042274
ENSG00000130844,ENSMFAG00000034353
ENSG00000131730,ENSMFAG00000000490
ENSG00000135930,ENSMFAG00000002558
ENSG00000135930,ENSMFAG00000056494
ENSG00000121931,ENSMFAG00000045855
ENSG00000162482,ENSMFAG00000061763
ENSG00000162482,ENSMFAG00000057915
ENSG00000186088,ENSMFAG00000007311
ENSG00000174099,ENSMFAG00000031622
ENSG00000143278,ENSMFAG00000038280
ENSG00000138641,ENSMFAG00000031659
ENSG00000132855,ENSMFAG00000007083
ENSG00000136068,ENSMFAG00000003065
ENSG00000164867,ENSMFAG00000001883
ENSG00000163739,ENSMFAG00000035439
ENSG00000073331,ENSMFAG00000035373
ENSG00000171385,ENSMFAG00000002047
ENSG00000198369,ENSMFAG00000031151
ENSG00000176783,ENSMFAG00000033376
ENSG00000173598,ENSMFAG00000059302
ENSG00000068654,ENSMFAG00000046097
ENSG00000108344,ENSMFAG00000038256
ENSG00000007933,ENSMFAG00000039471
ENSG00000048342,ENSMFAG00000035103
ENSG00000179912,ENSMFAG00000036385
ENSG00000203710,ENSMFAG00000003599
ENSG00000169371,ENSMFAG00000003706
ENSG00000133574,ENSMFAG00000001041
ENSG00000110514,ENSMFAG00000039619
ENSG00000171848,ENSMFAG00000040783
ENSG00000128563,ENSMFAG00000018168
ENSG00000064692,ENSMFAG00000033060
ENSG00000228696,ENSMFAG00000048163
ENSG00000091136,ENSMFAG00000002104
ENSG00000108830,ENSMFAG00000047485
ENSG00000181690,ENSMFAG00000030888
ENSG00000181610,ENSMFAG00000031639
ENSG00000133739,ENSMFAG00000025835
ENSG00000185527,ENSMFAG00000049013
ENSG00000160551,ENSMFAG00000041025
ENSG00000213512,ENSMFAG00000044465
ENSG00000152894,ENSMFAG00000038674
ENSG00000143061,ENSMFAG00000000910
ENSG00000148110,ENSMFAG00000040881
ENSG00000109680,ENSMFAG00000000286
ENSG00000153317,ENSMFAG00000044993
ENSG00000171763,ENSMFAG00000003414
ENSG00000181284,ENSMFAG00000032693
ENSG00000176083,ENSMFAG00000002715
ENSG00000183011,ENSMFAG00000037580
ENSG00000166920,ENSMFAG00000030902
ENSG00000196730,ENSMFAG00000037117
ENSG00000121101,ENSMFAG00000032431
ENSG00000121316,ENSMFAG00000037858
ENSG00000124383,ENSMFAG00000039444
ENSG00000085831,ENSMFAG00000037823
ENSG00000153561,ENSMFAG00000065825
ENSG00000111481,ENSMFAG00000045686
ENSG00000021574,ENSMFAG00000041582
ENSG00000068745,ENSMFAG00000031559
ENSG00000092531,ENSMFAG00000039867
ENSG00000104537,ENSMFAG00000008314
ENSG00000155959,ENSMFAG00000032032
ENSG00000171566,ENSMFAG00000001816
ENSG00000170577,ENSMFAG00000056852
ENSG00000171227,ENSMFAG00000028075
ENSG00000089685,ENSMFAG00000030129
ENSG00000089685,ENSMFAG00000040328
ENSG00000115825,ENSMFAG00000037186
ENSG00000175727,ENSMFAG00000030662
ENSG00000154589,ENSMFAG00000002255
ENSG00000164211,ENSMFAG00000030560
ENSG00000136960,ENSMFAG00000002827
ENSG00000109016,ENSMFAG00000027901
ENSG00000182492,ENSMFAG00000001443
ENSG00000131096,ENSMFAG00000000034
ENSG00000131096,ENSMFAG00000063042
ENSG00000141027,ENSMFAG00000034439
ENSG00000119231,ENSMFAG00000002045
ENSG00000115282,ENSMFAG00000045499
ENSG00000154162,ENSMFAG00000030271
ENSG00000089248,ENSMFAG00000007433
ENSG00000089248,ENSMFAG00000052177
ENSG00000204178,ENSMFAG00000035460
ENSG00000198055,ENSMFAG00000037374
ENSG00000138674,ENSMFAG00000001213
ENSG00000131370,ENSMFAG00000062882
ENSG00000161638,ENSMFAG00000036877
ENSG00000058404,ENSMFAG00000003145
ENSG00000124486,ENSMFAG00000025475
ENSG00000131747,ENSMFAG00000002270
ENSG00000116299,ENSMFAG00000064328
ENSG00000116299,ENSMFAG00000029951
ENSG00000130475,ENSMFAG00000041892
ENSG00000183571,ENSMFAG00000001624
ENSG00000162971,ENSMFAG00000004016
ENSG00000103942,ENSMFAG00000044641
ENSG00000151353,ENSMFAG00000060951
ENSG00000089225,ENSMFAG00000044723
ENSG00000135924,ENSMFAG00000041287
ENSG00000167178,ENSMFAG00000014180
ENSG00000156802,ENSMFAG00000017322
ENSG00000130741,ENSMFAG00000031284
ENSG00000120727,ENSMFAG00000032588
ENSG00000140470,ENSMFAG00000005645
ENSG00000114867,ENSMFAG00000034331
ENSG00000167302,ENSMFAG00000045078
ENSG00000116030,ENSMFAG00000045335
ENSG00000116030,ENSMFAG00000025867
ENSG00000116030,ENSMFAG00000037648
ENSG00000116030,ENSMFAG00000038258
ENSG00000116030,ENSMFAG00000030831
ENSG00000187325,ENSMFAG00000045420
ENSG00000185551,ENSMFAG00000019290
ENSG00000001497,ENSMFAG00000039204
ENSG00000186628,ENSMFAG00000041651
ENSG00000090104,ENSMFAG00000036716
ENSG00000136045,ENSMFAG00000036367
ENSG00000204815,ENSMFAG00000003792
ENSG00000066583,ENSMFAG00000043883
ENSG00000169242,ENSMFAG00000041110
ENSG00000167105,ENSMFAG00000040318
ENSG00000113578,ENSMFAG00000031417
ENSG00000104611,ENSMFAG00000007156
ENSG00000162777,ENSMFAG00000036546
ENSG00000169764,ENSMFAG00000035944
ENSG00000108849,ENSMFAG00000038237
ENSG00000214967,ENSMFAG00000034521
ENSG00000109083,ENSMFAG00000032862
ENSG00000103353,ENSMFAG00000044320
ENSG00000116704,ENSMFAG00000025789
ENSG00000135424,ENSMFAG00000022956
ENSG00000174010,ENSMFAG00000063807
ENSG00000116218,ENSMFAG00000034904
ENSG00000101868,ENSMFAG00000001338
ENSG00000103319,ENSMFAG00000003604
ENSG00000117091,ENSMFAG00000042043
ENSG00000166887,ENSMFAG00000037364
ENSG00000178307,ENSMFAG00000033019
ENSG00000188910,ENSMFAG00000033734
ENSG00000185722,ENSMFAG00000030993
ENSG00000158485,ENSMFAG00000031349
ENSG00000112186,ENSMFAG00000041795
ENSG00000075391,ENSMFAG00000032705
ENSG00000055163,ENSMFAG00000036175
ENSG00000141084,ENSMFAG00000035893
ENSG00000143167,ENSMFAG00000001951
ENSG00000148384,ENSMFAG00000002592
ENSG00000072310,ENSMFAG00000028608
ENSG00000197816,ENSMFAG00000032879
ENSG00000147180,ENSMFAG00000037179
ENSG00000006555,ENSMFAG00000053593
ENSG00000144580,ENSMFAG00000036064
ENSG00000106868,ENSMFAG00000035744
ENSG00000162595,ENSMFAG00000059613
ENSG00000119280,ENSMFAG00000039985
ENSG00000198734,ENSMFAG00000045747
ENSG00000091651,ENSMFAG00000005502
ENSG00000165591,ENSMFAG00000037881
ENSG00000128656,ENSMFAG00000002404
ENSG00000050820,ENSMFAG00000035344
ENSG00000182220,ENSMFAG00000038545
ENSG00000143257,ENSMFAG00000044667
ENSG00000103852,ENSMFAG00000031232
ENSG00000167863,ENSMFAG00000033691
ENSG00000167863,ENSMFAG00000051743
ENSG00000221829,ENSMFAG00000042847
ENSG00000144567,ENSMFAG00000001474
ENSG00000178188,ENSMFAG00000001662
ENSG00000120071,ENSMFAG00000030723
ENSG00000147475,ENSMFAG00000030735
ENSG00000181315,ENSMFAG00000017291
ENSG00000119777,ENSMFAG00000031179
ENSG00000119777,ENSMFAG00000045975
ENSG00000153721,ENSMFAG00000033880
ENSG00000168096,ENSMFAG00000033670
ENSG00000161298,ENSMFAG00000043559
ENSG00000086666,ENSMFAG00000045344
ENSG00000112062,ENSMFAG00000037865
ENSG00000160445,ENSMFAG00000040364
ENSG00000179950,ENSMFAG00000043373
ENSG00000138085,ENSMFAG00000021083
ENSG00000095906,ENSMFAG00000037059
ENSG00000173065,ENSMFAG00000002313
ENSG00000074047,ENSMFAG00000003477
ENSG00000135486,ENSMFAG00000031324
ENSG00000099866,ENSMFAG00000035953
ENSG00000119888,ENSMFAG00000003661
ENSG00000007038,ENSMFAG00000044877
ENSG00000288920,ENSMFAG00000001626
ENSG00000172432,ENSMFAG00000037532
ENSG00000130479,ENSMFAG00000039483
ENSG00000129636,ENSMFAG00000038548
ENSG00000124491,ENSMFAG00000001306
ENSG00000187595,ENSMFAG00000044338
ENSG00000187210,ENSMFAG00000023079
ENSG00000213977,ENSMFAG00000036540
ENSG00000007312,ENSMFAG00000046403
ENSG00000112699,ENSMFAG00000031316
ENSG00000106723,ENSMFAG00000002525
ENSG00000169683,ENSMFAG00000046218
ENSG00000111817,ENSMFAG00000033289
ENSG00000116857,ENSMFAG00000041944
ENSG00000162076,ENSMFAG00000032680
ENSG00000115944,ENSMFAG00000044316
ENSG00000196705,ENSMFAG00000033840
ENSG00000197062,ENSMFAG00000045743
ENSG00000171928,ENSMFAG00000036095
ENSG00000171928,ENSMFAG00000062090
ENSG00000169217,ENSMFAG00000038725
ENSG00000011485,ENSMFAG00000034179
ENSG00000224389,ENSMFAG00000003345
ENSG00000183808,ENSMFAG00000045430
ENSG00000169896,ENSMFAG00000031182
ENSG00000176390,ENSMFAG00000044393
ENSG00000189181,ENSMFAG00000057661
ENSG00000165071,ENSMFAG00000046077
ENSG00000176978,ENSMFAG00000042206
ENSG00000115355,ENSMFAG00000037041
ENSG00000136463,ENSMFAG00000033066
ENSG00000116981,ENSMFAG00000056414
ENSG00000177459,ENSMFAG00000002519
ENSG00000139053,ENSMFAG00000039015
ENSG00000075461,ENSMFAG00000043089
ENSG00000203724,ENSMFAG00000058672
ENSG00000188522,ENSMFAG00000044301
ENSG00000133878,ENSMFAG00000041680
ENSG00000134716,ENSMFAG00000003319
ENSG00000087995,ENSMFAG00000007048
ENSG00000087470,ENSMFAG00000006058
ENSG00000179526,ENSMFAG00000038852
ENSG00000169862,ENSMFAG00000044186
ENSG00000108468,ENSMFAG00000036790
ENSG00000214046,ENSMFAG00000045938
ENSG00000119487,ENSMFAG00000032616
ENSG00000117834,ENSMFAG00000035463
ENSG00000167258,ENSMFAG00000042301
ENSG00000103269,ENSMFAG00000032567
ENSG00000164929,ENSMFAG00000033705
ENSG00000179632,ENSMFAG00000030112
ENSG00000175832,ENSMFAG00000042484
ENSG00000040199,ENSMFAG00000037146
ENSG00000050130,ENSMFAG00000001385
ENSG00000006015,ENSMFAG00000044115
ENSG00000126266,ENSMFAG00000014904
ENSG00000198816,ENSMFAG00000048715
ENSG00000183019,ENSMFAG00000035681
ENSG00000167671,ENSMFAG00000058448
ENSG00000197249,ENSMFAG00000042928
ENSG00000183010,ENSMFAG00000040932
ENSG00000104450,ENSMFAG00000027456
ENSG00000156885,ENSMFAG00000042019
ENSG00000119392,ENSMFAG00000036995
ENSG00000103175,ENSMFAG00000059724
ENSG00000131849,ENSMFAG00000060691
ENSG00000196214,ENSMFAG00000001530
ENSG00000267680,ENSMFAG00000056011
ENSG00000078070,ENSMFAG00000000043
ENSG00000158106,ENSMFAG00000032737
ENSG00000130520,ENSMFAG00000031194
ENSG00000122203,ENSMFAG00000045804
ENSG00000142208,ENSMFAG00000031655
ENSG00000141002,ENSMFAG00000041200
ENSG00000130517,ENSMFAG00000009200
ENSG00000130726,ENSMFAG00000046170
ENSG00000177570,ENSMFAG00000043380
ENSG00000187955,ENSMFAG00000043483
ENSG00000105819,ENSMFAG00000040307
ENSG00000188931,ENSMFAG00000000103
ENSG00000124532,ENSMFAG00000038058
ENSG00000222046,ENSMFAG00000045797
ENSG00000198898,ENSMFAG00000041237
ENSG00000187607,ENSMFAG00000037564
ENSG00000116337,ENSMFAG00000040571
ENSG00000131844,ENSMFAG00000001283
ENSG00000034693,ENSMFAG00000041371
ENSG00000113387,ENSMFAG00000062564
ENSG00000170832,ENSMFAG00000042248
ENSG00000204386,ENSMFAG00000046189
ENSG00000159840,ENSMFAG00000044249
ENSG00000116138,ENSMFAG00000036417
ENSG00000111885,ENSMFAG00000039714
ENSG00000204569,ENSMFAG00000035544
ENSG00000196123,ENSMFAG00000038714
ENSG00000164764,ENSMFAG00000046053
ENSG00000213024,ENSMFAG00000060788
ENSG00000136492,ENSMFAG00000044136
ENSG00000160932,ENSMFAG00000061137
ENSG00000160932,ENSMFAG00000044454
ENSG00000103018,ENSMFAG00000034432
ENSG00000012223,ENSMFAG00000035473
ENSG00000116815,ENSMFAG00000042899
ENSG00000140939,ENSMFAG00000043853
ENSG00000138594,ENSMFAG00000045173
ENSG00000164649,ENSMFAG00000001391
ENSG00000182768,ENSMFAG00000045785
ENSG00000134153,ENSMFAG00000038054
ENSG00000113108,ENSMFAG00000001205
ENSG00000160882,ENSMFAG00000030325
ENSG00000178741,ENSMFAG00000029870
ENSG00000011007,ENSMFAG00000032306
ENSG00000118432,ENSMFAG00000040164
ENSG00000264522,ENSMFAG00000001415
ENSG00000103742,ENSMFAG00000031165
ENSG00000135338,ENSMFAG00000000256
ENSG00000278845,ENSMFAG00000043718
ENSG00000123136,ENSMFAG00000044174
ENSG00000111897,ENSMFAG00000043662
ENSG00000167889,ENSMFAG00000038105
ENSG00000143595,ENSMFAG00000004122
ENSG00000140563,ENSMFAG00000043978
ENSG00000186231,ENSMFAG00000041275
ENSG00000162747,ENSMFAG00000043175
ENSG00000162747,ENSMFAG00000053018
ENSG00000117650,ENSMFAG00000041966
ENSG00000132361,ENSMFAG00000044980
ENSG00000197714,ENSMFAG00000036439
ENSG00000213339,ENSMFAG00000044529
ENSG00000112769,ENSMFAG00000037073
ENSG00000106069,ENSMFAG00000033189
ENSG00000277462,ENSMFAG00000037311
ENSG00000139174,ENSMFAG00000023175
ENSG00000114446,ENSMFAG00000034173
ENSG00000143297,ENSMFAG00000001856
ENSG00000166938,ENSMFAG00000035628
ENSG00000104313,ENSMFAG00000030151
ENSG00000145569,ENSMFAG00000037715
ENSG00000131373,ENSMFAG00000034241
ENSG00000103522,ENSMFAG00000001191
ENSG00000160271,ENSMFAG00000043674
ENSG00000213523,ENSMFAG00000007347
ENSG00000112941,ENSMFAG00000038658
ENSG00000187048,ENSMFAG00000042796
ENSG00000187048,ENSMFAG00000032544
ENSG00000170222,ENSMFAG00000042103
ENSG00000100938,ENSMFAG00000030869
ENSG00000129195,ENSMFAG00000040994
ENSG00000059122,ENSMFAG00000035776
ENSG00000172009,ENSMFAG00000036742
ENSG00000004799,ENSMFAG00000035180
ENSG00000110717,ENSMFAG00000035405
ENSG00000073417,ENSMFAG00000043620
ENSG00000116062,ENSMFAG00000041012
ENSG00000169750,ENSMFAG00000007057
ENSG00000145882,ENSMFAG00000039773
ENSG00000146809,ENSMFAG00000042819
ENSG00000164253,ENSMFAG00000002206
ENSG00000166860,ENSMFAG00000012946
ENSG00000172375,ENSMFAG00000016924
ENSG00000132478,ENSMFAG00000037148
ENSG00000175203,ENSMFAG00000001581
ENSG00000077238,ENSMFAG00000032930
ENSG00000159217,ENSMFAG00000001613
ENSG00000128536,ENSMFAG00000063987
ENSG00000166484,ENSMFAG00000041807
ENSG00000161677,ENSMFAG00000044859
ENSG00000157764,ENSMFAG00000001069
ENSG00000115073,ENSMFAG00000028601
ENSG00000147443,ENSMFAG00000026923
ENSG00000162366,ENSMFAG00000002324
ENSG00000105612,ENSMFAG00000003665
ENSG00000111364,ENSMFAG00000038165
ENSG00000152760,ENSMFAG00000044785
ENSG00000120318,ENSMFAG00000002504
ENSG00000164758,ENSMFAG00000032092
ENSG00000176994,ENSMFAG00000036336
ENSG00000197841,ENSMFAG00000042050
ENSG00000140488,ENSMFAG00000002682
ENSG00000141580,ENSMFAG00000032561
ENSG00000004455,ENSMFAG00000045877
ENSG00000156831,ENSMFAG00000042438
ENSG00000026297,ENSMFAG00000039774
ENSG00000142347,ENSMFAG00000050770
ENSG00000144339,ENSMFAG00000031535
ENSG00000157782,ENSMFAG00000031052
ENSG00000169155,ENSMFAG00000030607
ENSG00000169375,ENSMFAG00000041042
ENSG00000173227,ENSMFAG00000042095
ENSG00000187609,ENSMFAG00000037569
ENSG00000177181,ENSMFAG00000044165
ENSG00000122971,ENSMFAG00000001168
ENSG00000127074,ENSMFAG00000033037
ENSG00000169607,ENSMFAG00000028477
ENSG00000179091,ENSMFAG00000038514
ENSG00000171722,ENSMFAG00000039214
ENSG00000143753,ENSMFAG00000039054
ENSG00000134115,ENSMFAG00000001088
ENSG00000162490,ENSMFAG00000002703
ENSG00000115652,ENSMFAG00000001172
ENSG00000126067,ENSMFAG00000002319
ENSG00000172269,ENSMFAG00000033397
ENSG00000117868,ENSMFAG00000033330
ENSG00000064102,ENSMFAG00000041404
ENSG00000179029,ENSMFAG00000033067
ENSG00000234745,ENSMFAG00000063617
ENSG00000234745,ENSMFAG00000050531
ENSG00000234745,ENSMFAG00000065768
ENSG00000234745,ENSMFAG00000048562
ENSG00000234745,ENSMFAG00000051006
ENSG00000234745,ENSMFAG00000059779
ENSG00000162104,ENSMFAG00000054277
ENSG00000136448,ENSMFAG00000043205
ENSG00000198169,ENSMFAG00000010896
ENSG00000092978,ENSMFAG00000000617
ENSG00000197603,ENSMFAG00000036182
ENSG00000221818,ENSMFAG00000036796
ENSG00000104886,ENSMFAG00000034618
ENSG00000188610,ENSMFAG00000043825
ENSG00000166582,ENSMFAG00000000377
ENSG00000131791,ENSMFAG00000040178
ENSG00000108984,ENSMFAG00000040095
ENSG00000165219,ENSMFAG00000003434
ENSG00000105618,ENSMFAG00000001108
ENSG00000182372,ENSMFAG00000043425
ENSG00000134186,ENSMFAG00000007154
ENSG00000077235,ENSMFAG00000043052
ENSG00000128609,ENSMFAG00000047182
ENSG00000162144,ENSMFAG00000045492
ENSG00000115306,ENSMFAG00000003466
ENSG00000143228,ENSMFAG00000012290
ENSG00000152495,ENSMFAG00000036872
ENSG00000172809,ENSMFAG00000039785
ENSG00000164961,ENSMFAG00000031164
ENSG00000213782,ENSMFAG00000042577
ENSG00000077092,ENSMFAG00000046169
ENSG00000108826,ENSMFAG00000031691
ENSG00000108826,ENSMFAG00000008788
ENSG00000154124,ENSMFAG00000037873
ENSG00000186566,ENSMFAG00000039126
ENSG00000015479,ENSMFAG00000000634
ENSG00000158560,ENSMFAG00000000094
ENSG00000178498,ENSMFAG00000042770
ENSG00000141295,ENSMFAG00000030335
ENSG00000137872,ENSMFAG00000046214
ENSG00000127220,ENSMFAG00000028796
ENSG00000162384,ENSMFAG00000034166
ENSG00000150782,ENSMFAG00000040966
ENSG00000158716,ENSMFAG00000043752
ENSG00000197863,ENSMFAG00000001525
ENSG00000120063,ENSMFAG00000001747
ENSG00000175707,ENSMFAG00000042338
ENSG00000179094,ENSMFAG00000043997
ENSG00000171067,ENSMFAG00000036404
ENSG00000196517,ENSMFAG00000000702
ENSG00000197111,ENSMFAG00000044356
ENSG00000197111,ENSMFAG00000042984
ENSG00000174738,ENSMFAG00000038893
ENSG00000137522,ENSMFAG00000043086
ENSG00000196378,ENSMFAG00000042028
ENSG00000131966,ENSMFAG00000012469
ENSG00000135604,ENSMFAG00000009017
ENSG00000124574,ENSMFAG00000036554
ENSG00000144648,ENSMFAG00000012586
ENSG00000144040,ENSMFAG00000000876
ENSG00000114544,ENSMFAG00000003568
ENSG00000175463,ENSMFAG00000045050
ENSG00000175893,ENSMFAG00000038466
ENSG00000171462,ENSMFAG00000000134
ENSG00000171723,ENSMFAG00000036313
ENSG00000104325,ENSMFAG00000032034
ENSG00000167085,ENSMFAG00000032353
ENSG00000167085,ENSMFAG00000042554
ENSG00000159387,ENSMFAG00000046096
ENSG00000198729,ENSMFAG00000001889
ENSG00000172159,ENSMFAG00000042216
ENSG00000137207,ENSMFAG00000032170
ENSG00000135372,ENSMFAG00000041013
ENSG00000103494,ENSMFAG00000043106
ENSG00000127831,ENSMFAG00000043203
ENSG00000148019,ENSMFAG00000023050
ENSG00000189266,ENSMFAG00000041681
ENSG00000117481,ENSMFAG00000036603
ENSG00000135801,ENSMFAG00000037566
ENSG00000135749,ENSMFAG00000034561
ENSG00000141934,ENSMFAG00000044337
ENSG00000003989,ENSMFAG00000030671
ENSG00000273611,ENSMFAG00000001234
ENSG00000021355,ENSMFAG00000001421
ENSG00000044090,ENSMFAG00000046269
ENSG00000083845,ENSMFAG00000002766
ENSG00000163728,ENSMFAG00000046249
ENSG00000108523,ENSMFAG00000039590
ENSG00000089486,ENSMFAG00000030551
ENSG00000163125,ENSMFAG00000002559
ENSG00000137100,ENSMFAG00000003182
ENSG00000145979,ENSMFAG00000040608
ENSG00000147905,ENSMFAG00000006899
ENSG00000105499,ENSMFAG00000045458
ENSG00000198837,ENSMFAG00000037492
ENSG00000149231,ENSMFAG00000036325
ENSG00000156973,ENSMFAG00000036966
ENSG00000108518,ENSMFAG00000045520
ENSG00000127948,ENSMFAG00000045209
ENSG00000119711,ENSMFAG00000039673
ENSG00000185000,ENSMFAG00000003899
ENSG00000071082,ENSMFAG00000049717
ENSG00000108370,ENSMFAG00000035462
ENSG00000075420,ENSMFAG00000033083
ENSG00000182885,ENSMFAG00000030742
ENSG00000115816,ENSMFAG00000042567
ENSG00000160688,ENSMFAG00000027670
ENSG00000167965,ENSMFAG00000045584
ENSG00000129538,ENSMFAG00000055711
ENSG00000187187,ENSMFAG00000043709
ENSG00000165113,ENSMFAG00000002304
ENSG00000074276,ENSMFAG00000044762
ENSG00000125691,ENSMFAG00000065358
ENSG00000100479,ENSMFAG00000002595
ENSG00000169016,ENSMFAG00000044687
ENSG00000149573,ENSMFAG00000037859
ENSG00000259494,ENSMFAG00000037394
ENSG00000143622,ENSMFAG00000054543
ENSG00000180921,ENSMFAG00000031846
ENSG00000064763,ENSMFAG00000032325
ENSG00000137804,ENSMFAG00000039976
ENSG00000126653,ENSMFAG00000055182
ENSG00000077782,ENSMFAG00000034537
ENSG00000160325,ENSMFAG00000038988
ENSG00000105393,ENSMFAG00000044771
ENSG00000170421,ENSMFAG00000040972
ENSG00000170421,ENSMFAG00000036902
ENSG00000170421,ENSMFAG00000053800
ENSG00000170421,ENSMFAG00000042123
ENSG00000097046,ENSMFAG00000000474
ENSG00000097046,ENSMFAG00000033052
ENSG00000100906,ENSMFAG00000017605
ENSG00000107372,ENSMFAG00000037978
ENSG00000197324,ENSMFAG00000040578
ENSG00000177697,ENSMFAG00000003612
ENSG00000151693,ENSMFAG00000037845
ENSG00000108465,ENSMFAG00000046364
ENSG00000100650,ENSMFAG00000002393
ENSG00000122729,ENSMFAG00000001702
ENSG00000173207,ENSMFAG00000064732
ENSG00000189127,ENSMFAG00000028493
ENSG00000163472,ENSMFAG00000002046
ENSG00000156218,ENSMFAG00000002541
ENSG00000084070,ENSMFAG00000044100
ENSG00000197822,ENSMFAG00000034647
ENSG00000181982,ENSMFAG00000042580
ENSG00000164022,ENSMFAG00000044822
ENSG00000115942,ENSMFAG00000040620
ENSG00000162736,ENSMFAG00000003392
ENSG00000109118,ENSMFAG00000036394
ENSG00000137807,ENSMFAG00000041684
ENSG00000113749,ENSMFAG00000032099
ENSG00000155506,ENSMFAG00000031651
ENSG00000140105,ENSMFAG00000031367
ENSG00000111057,ENSMFAG00000030362
ENSG00000111057,ENSMFAG00000005730
ENSG00000111057,ENSMFAG00000043037
ENSG00000111057,ENSMFAG00000050053
ENSG00000108379,ENSMFAG00000030050
ENSG00000138798,ENSMFAG00000003730
ENSG00000277791,ENSMFAG00000038360
ENSG00000037280,ENSMFAG00000033698
ENSG00000068097,ENSMFAG00000060965
ENSG00000068097,ENSMFAG00000029679
ENSG00000111142,ENSMFAG00000039915
ENSG00000105849,ENSMFAG00000045328
ENSG00000003147,ENSMFAG00000046093
ENSG00000161091,ENSMFAG00000039649
ENSG00000117016,ENSMFAG00000036770
ENSG00000162994,ENSMFAG00000039539
ENSG00000114120,ENSMFAG00000031013
ENSG00000143222,ENSMFAG00000033451
ENSG00000105325,ENSMFAG00000003458
ENSG00000171490,ENSMFAG00000037288
ENSG00000145246,ENSMFAG00000032751
ENSG00000142867,ENSMFAG00000040544
ENSG00000168393,ENSMFAG00000040279
ENSG00000163568,ENSMFAG00000031835
ENSG00000120647,ENSMFAG00000045459
ENSG00000142784,ENSMFAG00000040733
ENSG00000073536,ENSMFAG00000037776
ENSG00000004534,ENSMFAG00000046650
ENSG00000164187,ENSMFAG00000003540
ENSG00000157827,ENSMFAG00000000995
ENSG00000063854,ENSMFAG00000004030
ENSG00000149182,ENSMFAG00000030043
ENSG00000107738,ENSMFAG00000031339
ENSG00000168785,ENSMFAG00000002966
ENSG00000178776,ENSMFAG00000001550
ENSG00000153071,ENSMFAG00000000151
ENSG00000132382,ENSMFAG00000041860
ENSG00000156398,ENSMFAG00000045149
ENSG00000066279,ENSMFAG00000044554
ENSG00000167114,ENSMFAG00000032514
ENSG00000139155,ENSMFAG00000032248
ENSG00000163644,ENSMFAG00000030885
ENSG00000182511,ENSMFAG00000045460
ENSG00000196460,ENSMFAG00000034469
ENSG00000172116,ENSMFAG00000000257
ENSG00000174808,ENSMFAG00000041065
ENSG00000062485,ENSMFAG00000002143
ENSG00000109610,ENSMFAG00000020365
ENSG00000103342,ENSMFAG00000037675
ENSG00000002587,ENSMFAG00000034637
ENSG00000100461,ENSMFAG00000037595
ENSG00000171509,ENSMFAG00000045017
ENSG00000197142,ENSMFAG00000001207
ENSG00000163170,ENSMFAG00000031144
ENSG00000183155,ENSMFAG00000037667
ENSG00000179456,ENSMFAG00000051027
ENSG00000097096,ENSMFAG00000001689
ENSG00000152128,ENSMFAG00000004027
ENSG00000132330,ENSMFAG00000040528
ENSG00000117450,ENSMFAG00000062110
ENSG00000124588,ENSMFAG00000035954
ENSG00000095261,ENSMFAG00000003663
ENSG00000171606,ENSMFAG00000034673
ENSG00000011258,ENSMFAG00000042808
ENSG00000136861,ENSMFAG00000039120
ENSG00000148950,ENSMFAG00000030415
ENSG00000189280,ENSMFAG00000004700
ENSG00000007968,ENSMFAG00000032163
ENSG00000120333,ENSMFAG00000048388
ENSG00000120333,ENSMFAG00000044095
ENSG00000117597,ENSMFAG00000001353
ENSG00000145817,ENSMFAG00000001553
ENSG00000091073,ENSMFAG00000037159
ENSG00000162882,ENSMFAG00000000346
ENSG00000172803,ENSMFAG00000003675
ENSG00000178999,ENSMFAG00000038167
ENSG00000163558,ENSMFAG00000042910
ENSG00000215217,ENSMFAG00000036254
ENSG00000103184,ENSMFAG00000002127
ENSG00000152092,ENSMFAG00000003043
ENSG00000150712,ENSMFAG00000037827
ENSG00000160593,ENSMFAG00000033179
ENSG00000256043,ENSMFAG00000037582
ENSG00000172554,ENSMFAG00000002742
ENSG00000105223,ENSMFAG00000031315
ENSG00000157350,ENSMFAG00000033155
ENSG00000135472,ENSMFAG00000043955
ENSG00000164303,ENSMFAG00000038701
ENSG00000152784,ENSMFAG00000062412
ENSG00000196591,ENSMFAG00000040542
ENSG00000213639,ENSMFAG00000043156
ENSG00000070182,ENSMFAG00000038472
ENSG00000150967,ENSMFAG00000002483
ENSG00000169019,ENSMFAG00000041161
ENSG00000177842,ENSMFAG00000055415
ENSG00000103245,ENSMFAG00000041114
ENSG00000163950,ENSMFAG00000030130
ENSG00000084072,ENSMFAG00000002082
ENSG00000145198,ENSMFAG00000033707
ENSG00000113456,ENSMFAG00000012657
ENSG00000126351,ENSMFAG00000032035
ENSG00000198208,ENSMFAG00000037597
ENSG00000138709,ENSMFAG00000002218
ENSG00000031003,ENSMFAG00000000289
ENSG00000103194,ENSMFAG00000003073
ENSG00000086827,ENSMFAG00000005588
ENSG00000116754,ENSMFAG00000043405
ENSG00000070495,ENSMFAG00000039650
ENSG00000040933,ENSMFAG00000032305
ENSG00000164484,ENSMFAG00000030288
ENSG00000146072,ENSMFAG00000043845
ENSG00000167862,ENSMFAG00000023313
ENSG00000167862,ENSMFAG00000019961
ENSG00000149452,ENSMFAG00000030409
ENSG00000112130,ENSMFAG00000045899
ENSG00000107819,ENSMFAG00000035501
ENSG00000176208,ENSMFAG00000039082
ENSG00000091262,ENSMFAG00000001420
ENSG00000090376,ENSMFAG00000039051
ENSG00000136521,ENSMFAG00000042220
ENSG00000183605,ENSMFAG00000043135
ENSG00000149091,ENSMFAG00000032211
ENSG00000131475,ENSMFAG00000062659
ENSG00000157107,ENSMFAG00000030926
ENSG00000096063,ENSMFAG00000033486
ENSG00000010278,ENSMFAG00000034485
ENSG00000198133,ENSMFAG00000048154
ENSG00000204237,ENSMFAG00000043539
ENSG00000197157,ENSMFAG00000038114
ENSG00000161960,ENSMFAG00000031996
ENSG00000205659,ENSMFAG00000062510
ENSG00000196372,ENSMFAG00000000727
ENSG00000114491,ENSMFAG00000002273
ENSG00000139971,ENSMFAG00000038183
ENSG00000122952,ENSMFAG00000002436
ENSG00000164331,ENSMFAG00000043204
ENSG00000100591,ENSMFAG00000039530
ENSG00000196418,ENSMFAG00000041032
ENSG00000158458,ENSMFAG00000036960
ENSG00000109618,ENSMFAG00000003516
ENSG00000100796,ENSMFAG00000037442
ENSG00000186501,ENSMFAG00000003393
ENSG00000144847,ENSMFAG00000029911
ENSG00000168575,ENSMFAG00000000865
ENSG00000111726,ENSMFAG00000032764
ENSG00000087008,ENSMFAG00000037622
ENSG00000165983,ENSMFAG00000045890
ENSG00000143674,ENSMFAG00000014791
ENSG00000048140,ENSMFAG00000040265
ENSG00000144843,ENSMFAG00000039321
ENSG00000178691,ENSMFAG00000040091
ENSG00000008405,ENSMFAG00000041111
ENSG00000114654,ENSMFAG00000046117
ENSG00000143545,ENSMFAG00000041018
ENSG00000146410,ENSMFAG00000038742
ENSG00000120053,ENSMFAG00000030230
ENSG00000154310,ENSMFAG00000039273
ENSG00000197935,ENSMFAG00000041393
ENSG00000171160,ENSMFAG00000000472
ENSG00000118600,ENSMFAG00000046131
ENSG00000128923,ENSMFAG00000033162
ENSG00000108423,ENSMFAG00000045455
ENSG00000145495,ENSMFAG00000002411
ENSG00000112110,ENSMFAG00000043173
ENSG00000112110,ENSMFAG00000017689
ENSG00000075826,ENSMFAG00000043520
ENSG00000203778,ENSMFAG00000045226
ENSG00000084110,ENSMFAG00000037303
ENSG00000179627,ENSMFAG00000029822
ENSG00000186910,ENSMFAG00000045424
ENSG00000196110,ENSMFAG00000003916
ENSG00000132718,ENSMFAG00000039413
ENSG00000166170,ENSMFAG00000046271
ENSG00000181392,ENSMFAG00000040369
ENSG00000176473,ENSMFAG00000032769
ENSG00000116761,ENSMFAG00000040329
ENSG00000175445,ENSMFAG00000041424
ENSG00000181350,ENSMFAG00000056783
ENSG00000172057,ENSMFAG00000028235
ENSG00000128891,ENSMFAG00000032377
ENSG00000154518,ENSMFAG00000056189
ENSG00000197555,ENSMFAG00000038037
ENSG00000132680,ENSMFAG00000003201
ENSG00000188283,ENSMFAG00000039340
ENSG00000167702,ENSMFAG00000002476
ENSG00000124641,ENSMFAG00000057486
ENSG00000166454,ENSMFAG00000035738
ENSG00000187514,ENSMFAG00000055240
ENSG00000187514,ENSMFAG00000049240
ENSG00000187514,ENSMFAG00000060328
ENSG00000108256,ENSMFAG00000040845
ENSG00000170852,ENSMFAG00000045193
ENSG00000166557,ENSMFAG00000037809
ENSG00000213066,ENSMFAG00000040151
ENSG00000283632,ENSMFAG00000028171
ENSG00000129925,ENSMFAG00000001752
ENSG00000108510,ENSMFAG00000013972
ENSG00000169857,ENSMFAG00000037922
ENSG00000176209,ENSMFAG00000002359
ENSG00000254004,ENSMFAG00000056037
ENSG00000140400,ENSMFAG00000000969
ENSG00000158825,ENSMFAG00000000090
ENSG00000107625,ENSMFAG00000044067
ENSG00000123146,ENSMFAG00000000614
ENSG00000122515,ENSMFAG00000003941
ENSG00000132692,ENSMFAG00000000828
ENSG00000056097,ENSMFAG00000042691
ENSG00000125319,ENSMFAG00000001047
ENSG00000165392,ENSMFAG00000043428
ENSG00000096093,ENSMFAG00000036082
ENSG00000166558,ENSMFAG00000002345
ENSG00000010539,ENSMFAG00000043461
ENSG00000110203,ENSMFAG00000043902
ENSG00000067182,ENSMFAG00000042238
ENSG00000056558,ENSMFAG00000031255
ENSG00000165458,ENSMFAG00000037937
ENSG00000108578,ENSMFAG00000001589
ENSG00000169914,ENSMFAG00000049989
ENSG00000197223,ENSMFAG00000028681
ENSG00000197223,ENSMFAG00000034261
ENSG00000162813,ENSMFAG00000003970
ENSG00000119397,ENSMFAG00000001166
ENSG00000250305,ENSMFAG00000048564
ENSG00000138316,ENSMFAG00000002509
ENSG00000157856,ENSMFAG00000043768
ENSG00000103549,ENSMFAG00000032834
ENSG00000108854,ENSMFAG00000045822
ENSG00000147677,ENSMFAG00000004699
ENSG00000144535,ENSMFAG00000030972
ENSG00000113532,ENSMFAG00000033174
ENSG00000096968,ENSMFAG00000003627
ENSG00000146223,ENSMFAG00000053469
ENSG00000065675,ENSMFAG00000038416
ENSG00000112851,ENSMFAG00000032301
ENSG00000170734,ENSMFAG00000045603
ENSG00000164761,ENSMFAG00000040874
ENSG00000123159,ENSMFAG00000042501
ENSG00000266967,ENSMFAG00000034389
ENSG00000142627,ENSMFAG00000045141
ENSG00000198846,ENSMFAG00000017703
ENSG00000146085,ENSMFAG00000046407
ENSG00000240682,ENSMFAG00000061497
ENSG00000147421,ENSMFAG00000035548
ENSG00000173852,ENSMFAG00000041115
ENSG00000139146,ENSMFAG00000003695
ENSG00000143303,ENSMFAG00000044021
ENSG00000163060,ENSMFAG00000045548
ENSG00000169676,ENSMFAG00000011075
ENSG00000170322,ENSMFAG00000033711
ENSG00000109606,ENSMFAG00000003532
ENSG00000187736,ENSMFAG00000037501
ENSG00000123358,ENSMFAG00000045297
ENSG00000128594,ENSMFAG00000040001
ENSG00000144747,ENSMFAG00000037002
ENSG00000141506,ENSMFAG00000045616
ENSG00000196735,ENSMFAG00000002949
ENSG00000143494,ENSMFAG00000041909
ENSG00000105707,ENSMFAG00000041182
ENSG00000112320,ENSMFAG00000031853
ENSG00000204128,ENSMFAG00000003270
ENSG00000138640,ENSMFAG00000033016
ENSG00000144485,ENSMFAG00000031261
ENSG00000082269,ENSMFAG00000002013
ENSG00000015413,ENSMFAG00000031442
ENSG00000143353,ENSMFAG00000003062
ENSG00000078687,ENSMFAG00000043943
ENSG00000185414,ENSMFAG00000001729
ENSG00000107164,ENSMFAG00000038309
ENSG00000146587,ENSMFAG00000062799
ENSG00000163412,ENSMFAG00000039909
ENSG00000108179,ENSMFAG00000041215
ENSG00000163499,ENSMFAG00000030380
ENSG00000146966,ENSMFAG00000043828
ENSG00000182010,ENSMFAG00000039047
ENSG00000078900,ENSMFAG00000043807
ENSG00000250506,ENSMFAG00000032132
ENSG00000183020,ENSMFAG00000031260
ENSG00000068697,ENSMFAG00000036772
ENSG00000141367,ENSMFAG00000040097
ENSG00000182923,ENSMFAG00000037546
ENSG00000165322,ENSMFAG00000003462
ENSG00000153446,ENSMFAG00000032488
ENSG00000166225,ENSMFAG00000035837
ENSG00000144182,ENSMFAG00000008385
ENSG00000136950,ENSMFAG00000033396
ENSG00000162004,ENSMFAG00000039493
ENSG00000164976,ENSMFAG00000038404
ENSG00000125482,ENSMFAG00000039898
ENSG00000106635,ENSMFAG00000038630
ENSG00000149357,ENSMFAG00000040752
ENSG00000115486,ENSMFAG00000045991
ENSG00000171503,ENSMFAG00000014894
ENSG00000187135,ENSMFAG00000048636
ENSG00000174891,ENSMFAG00000006023
ENSG00000174562,ENSMFAG00000043311
ENSG00000119326,ENSMFAG00000017883
ENSG00000162222,ENSMFAG00000036997
ENSG00000104760,ENSMFAG00000000718
ENSG00000055118,ENSMFAG00000036134
ENSG00000090581,ENSMFAG00000031980
ENSG00000149582,ENSMFAG00000041848
ENSG00000130287,ENSMFAG00000043588
ENSG00000119328,ENSMFAG00000036713
ENSG00000171097,ENSMFAG00000001847
ENSG00000125753,ENSMFAG00000036820
ENSG00000141741,ENSMFAG00000045165
ENSG00000175906,ENSMFAG00000029966
ENSG00000108960,ENSMFAG00000000970
ENSG00000117616,ENSMFAG00000003728
ENSG00000184500,ENSMFAG00000043290
ENSG00000133619,ENSMFAG00000036727
ENSG00000167881,ENSMFAG00000036758
ENSG00000111271,ENSMFAG00000022844
ENSG00000174606,ENSMFAG00000039813
ENSG00000167646,ENSMFAG00000043604
ENSG00000171497,ENSMFAG00000053824
ENSG00000171497,ENSMFAG00000002633
ENSG00000099385,ENSMFAG00000032311
ENSG00000112739,ENSMFAG00000018980
ENSG00000168646,ENSMFAG00000000055
ENSG00000117600,ENSMFAG00000045185
ENSG00000137628,ENSMFAG00000016136
ENSG00000147437,ENSMFAG00000052417
ENSG00000173436,ENSMFAG00000037518
ENSG00000078668,ENSMFAG00000041877
ENSG00000197943,ENSMFAG00000042565
ENSG00000076984,ENSMFAG00000031756
ENSG00000131238,ENSMFAG00000029038
ENSG00000074356,ENSMFAG00000024176
ENSG00000111981,ENSMFAG00000065712
ENSG00000111981,ENSMFAG00000044948
ENSG00000198373,ENSMFAG00000039657
ENSG00000031691,ENSMFAG00000045783
ENSG00000170390,ENSMFAG00000001654
ENSG00000204390,ENSMFAG00000000455
ENSG00000154914,ENSMFAG00000038797
ENSG00000111802,ENSMFAG00000045296
ENSG00000133816,ENSMFAG00000003872
ENSG00000099622,ENSMFAG00000034048
ENSG00000084754,ENSMFAG00000039817
ENSG00000130768,ENSMFAG00000044059
ENSG00000078081,ENSMFAG00000042658
ENSG00000106052,ENSMFAG00000034182
ENSG00000094804,ENSMFAG00000044270
ENSG00000164919,ENSMFAG00000050069
ENSG00000134668,ENSMFAG00000030849
ENSG00000119723,ENSMFAG00000046089
ENSG00000075711,ENSMFAG00000042848
ENSG00000132405,ENSMFAG00000034270
ENSG00000197442,ENSMFAG00000040944
ENSG00000107485,ENSMFAG00000042633
ENSG00000178685,ENSMFAG00000044942
ENSG00000159182,ENSMFAG00000039547
ENSG00000082641,ENSMFAG00000035583
ENSG00000087253,ENSMFAG00000032289
ENSG00000156671,ENSMFAG00000033013
ENSG00000162755,ENSMFAG00000032354
ENSG00000167110,ENSMFAG00000044527
ENSG00000116898,ENSMFAG00000038082
ENSG00000205220,ENSMFAG00000036794
ENSG00000156502,ENSMFAG00000003566
ENSG00000065559,ENSMFAG00000046326
ENSG00000124496,ENSMFAG00000045736
ENSG00000188352,ENSMFAG00000040075
ENSG00000165914,ENSMFAG00000000808
ENSG00000188215,ENSMFAG00000047955
ENSG00000112902,ENSMFAG00000038895
ENSG00000151806,ENSMFAG00000029386
ENSG00000007376,ENSMFAG00000003961
ENSG00000060718,ENSMFAG00000002722
ENSG00000129244,ENSMFAG00000039656
ENSG00000189120,ENSMFAG00000030247
ENSG00000161956,ENSMFAG00000039010
ENSG00000110906,ENSMFAG00000001368
ENSG00000109321,ENSMFAG00000039089
ENSG00000163629,ENSMFAG00000001116
ENSG00000140691,ENSMFAG00000043898
ENSG00000277161,ENSMFAG00000036468
ENSG00000171861,ENSMFAG00000045382
ENSG00000130643,ENSMFAG00000034695
ENSG00000170456,ENSMFAG00000044002
ENSG00000167653,ENSMFAG00000061175
ENSG00000100842,ENSMFAG00000037287
ENSG00000156675,ENSMFAG00000059688
ENSG00000169738,ENSMFAG00000030901
ENSG00000163596,ENSMFAG00000046002
ENSG00000100815,ENSMFAG00000042831
ENSG00000152422,ENSMFAG00000013259
ENSG00000197748,ENSMFAG00000043638
ENSG00000171914,ENSMFAG00000003975
ENSG00000132912,ENSMFAG00000037111
ENSG00000135336,ENSMFAG00000041907
ENSG00000168615,ENSMFAG00000039520
ENSG00000165752,ENSMFAG00000004135
ENSG00000165646,ENSMFAG00000031383
ENSG00000104695,ENSMFAG00000038369
ENSG00000136003,ENSMFAG00000045386
ENSG00000155508,ENSMFAG00000002829
ENSG00000120885,ENSMFAG00000041649
ENSG00000196792,ENSMFAG00000030208
ENSG00000177675,ENSMFAG00000043061
ENSG00000172638,ENSMFAG00000033077
ENSG00000107438,ENSMFAG00000030298
ENSG00000009335,ENSMFAG00000001035
ENSG00000182022,ENSMFAG00000032966
ENSG00000135108,ENSMFAG00000031531
ENSG00000033800,ENSMFAG00000038832
ENSG00000198252,ENSMFAG00000038341
ENSG00000104969,ENSMFAG00000034409
ENSG00000197930,ENSMFAG00000000867
ENSG00000011021,ENSMFAG00000001048
ENSG00000165633,ENSMFAG00000041628
ENSG00000159199,ENSMFAG00000037178
ENSG00000159199,ENSMFAG00000030001
ENSG00000133641,ENSMFAG00000032876
ENSG00000119977,ENSMFAG00000001575
ENSG00000100478,ENSMFAG00000031569
ENSG00000140259,ENSMFAG00000041549
ENSG00000115138,ENSMFAG00000000551
ENSG00000166986,ENSMFAG00000010123
ENSG00000132432,ENSMFAG00000039470
ENSG00000157064,ENSMFAG00000043841
ENSG00000119844,ENSMFAG00000041331
ENSG00000185215,ENSMFAG00000040536
ENSG00000182952,ENSMFAG00000054163
ENSG00000198933,ENSMFAG00000001252
ENSG00000143256,ENSMFAG00000035670
ENSG00000166839,ENSMFAG00000041562
ENSG00000146409,ENSMFAG00000040844
ENSG00000135750,ENSMFAG00000041435
ENSG00000213203,ENSMFAG00000055567
ENSG00000166741,ENSMFAG00000036328
ENSG00000100473,ENSMFAG00000043586
ENSG00000179546,ENSMFAG00000029390
ENSG00000136286,ENSMFAG00000042307
ENSG00000277258,ENSMFAG00000038330
ENSG00000169071,ENSMFAG00000031014
ENSG00000145982,ENSMFAG00000043484
ENSG00000162782,ENSMFAG00000045587
ENSG00000198018,ENSMFAG00000038377
ENSG00000149257,ENSMFAG00000043814
ENSG00000108175,ENSMFAG00000043959
ENSG00000159899,ENSMFAG00000038876
ENSG00000115484,ENSMFAG00000031348
ENSG00000092470,ENSMFAG00000045762
ENSG00000160014,ENSMFAG00000036156
ENSG00000183814,ENSMFAG00000001110
ENSG00000070610,ENSMFAG00000045671
ENSG00000178826,ENSMFAG00000042061
ENSG00000156711,ENSMFAG00000045766
ENSG00000119699,ENSMFAG00000024879
ENSG00000175344,ENSMFAG00000001387
ENSG00000277972,ENSMFAG00000045774
ENSG00000150054,ENSMFAG00000044798
ENSG00000125434,ENSMFAG00000044399
ENSG00000004866,ENSMFAG00000008568
ENSG00000125912,ENSMFAG00000061107
ENSG00000108961,ENSMFAG00000043650
ENSG00000100567,ENSMFAG00000048586
ENSG00000100567,ENSMFAG00000002833
ENSG00000142507,ENSMFAG00000045002
ENSG00000134825,ENSMFAG00000035478
ENSG00000129235,ENSMFAG00000029520
ENSG00000135318,ENSMFAG00000033027
ENSG00000108651,ENSMFAG00000038842
ENSG00000110013,ENSMFAG00000003476
ENSG00000138303,ENSMFAG00000042558
ENSG00000085733,ENSMFAG00000022887
ENSG00000169598,ENSMFAG00000001539
ENSG00000086598,ENSMFAG00000039002
ENSG00000283071,ENSMFAG00000038146
ENSG00000165949,ENSMFAG00000002816
ENSG00000158816,ENSMFAG00000031936
ENSG00000111669,ENSMFAG00000032800
ENSG00000111669,ENSMFAG00000003871
ENSG00000115935,ENSMFAG00000034165
ENSG00000120526,ENSMFAG00000043118
ENSG00000039560,ENSMFAG00000043837
ENSG00000100503,ENSMFAG00000042051
ENSG00000197768,ENSMFAG00000042849
ENSG00000162385,ENSMFAG00000032145
ENSG00000189433,ENSMFAG00000004579
ENSG00000166295,ENSMFAG00000034172
ENSG00000143190,ENSMFAG00000002865
ENSG00000108528,ENSMFAG00000038676
ENSG00000125730,ENSMFAG00000044731
ENSG00000107185,ENSMFAG00000042193
ENSG00000103707,ENSMFAG00000000627
ENSG00000122986,ENSMFAG00000035491
ENSG00000164031,ENSMFAG00000037104
ENSG00000164975,ENSMFAG00000039519
ENSG00000099290,ENSMFAG00000001297
ENSG00000047662,ENSMFAG00000002820
ENSG00000140545,ENSMFAG00000037952
ENSG00000179387,ENSMFAG00000046408
ENSG00000106976,ENSMFAG00000030581
ENSG00000132024,ENSMFAG00000043969
ENSG00000013810,ENSMFAG00000043154
ENSG00000112624,ENSMFAG00000001446
ENSG00000123329,ENSMFAG00000039577
ENSG00000155975,ENSMFAG00000003278
ENSG00000001167,ENSMFAG00000045942
ENSG00000109919,ENSMFAG00000036915
ENSG00000197747,ENSMFAG00000044914
ENSG00000117399,ENSMFAG00000001542
ENSG00000157450,ENSMFAG00000031221
ENSG00000172336,ENSMFAG00000027783
ENSG00000005469,ENSMFAG00000036023
ENSG00000163762,ENSMFAG00000060529
ENSG00000083168,ENSMFAG00000040843
ENSG00000185909,ENSMFAG00000044788
ENSG00000114573,ENSMFAG00000049217
ENSG00000114573,ENSMFAG00000000045
ENSG00000048028,ENSMFAG00000042145
ENSG00000016402,ENSMFAG00000030911
ENSG00000168936,ENSMFAG00000000493
ENSG00000183520,ENSMFAG00000030442
ENSG00000183783,ENSMFAG00000049846
ENSG00000136205,ENSMFAG00000039404
ENSG00000109323,ENSMFAG00000036571
ENSG00000143376,ENSMFAG00000030490
ENSG00000134291,ENSMFAG00000036419
ENSG00000024422,ENSMFAG00000045476
ENSG00000025796,ENSMFAG00000034177
ENSG00000129484,ENSMFAG00000013069
ENSG00000171119,ENSMFAG00000038415
ENSG00000105251,ENSMFAG00000033388
ENSG00000145730,ENSMFAG00000033664
ENSG00000179564,ENSMFAG00000051178
ENSG00000176095,ENSMFAG00000040757
ENSG00000198242,ENSMFAG00000023169
ENSG00000198242,ENSMFAG00000032173
ENSG00000197858,ENSMFAG00000024125
ENSG00000161551,ENSMFAG00000002696
ENSG00000258484,ENSMFAG00000043000
ENSG00000168781,ENSMFAG00000061097
ENSG00000168374,ENSMFAG00000045515
ENSG00000173812,ENSMFAG00000046072
ENSG00000073050,ENSMFAG00000040166
ENSG00000214706,ENSMFAG00000032389
ENSG00000155393,ENSMFAG00000002184
ENSG00000139625,ENSMFAG00000043896
ENSG00000198517,ENSMFAG00000045790
ENSG00000162735,ENSMFAG00000041851
ENSG00000176438,ENSMFAG00000040198
ENSG00000128833,ENSMFAG00000033683
ENSG00000091127,ENSMFAG00000046201
ENSG00000112139,ENSMFAG00000042141
ENSG00000139083,ENSMFAG00000000725
ENSG00000103275,ENSMFAG00000044410
ENSG00000148175,ENSMFAG00000034207
ENSG00000123415,ENSMFAG00000038455
ENSG00000155111,ENSMFAG00000042294
ENSG00000145431,ENSMFAG00000032235
ENSG00000161509,ENSMFAG00000045163
ENSG00000116698,ENSMFAG00000031653
ENSG00000197646,ENSMFAG00000042841
ENSG00000231274,ENSMFAG00000063518
ENSG00000070269,ENSMFAG00000040523
ENSG00000076928,ENSMFAG00000032261
ENSG00000076242,ENSMFAG00000000774
ENSG00000147894,ENSMFAG00000001152
ENSG00000111859,ENSMFAG00000042994
ENSG00000158604,ENSMFAG00000035764
ENSG00000087116,ENSMFAG00000002799
ENSG00000120088,ENSMFAG00000038802
ENSG00000128578,ENSMFAG00000041411
ENSG00000137831,ENSMFAG00000035966
ENSG00000181513,ENSMFAG00000045120
ENSG00000254087,ENSMFAG00000043272
ENSG00000135074,ENSMFAG00000034190
ENSG00000128513,ENSMFAG00000001359
ENSG00000125337,ENSMFAG00000028175
ENSG00000139973,ENSMFAG00000042502
ENSG00000119630,ENSMFAG00000044494
ENSG00000093144,ENSMFAG00000029749
ENSG00000165688,ENSMFAG00000001884
ENSG00000137502,ENSMFAG00000063424
ENSG00000134851,ENSMFAG00000034541
ENSG00000213928,ENSMFAG00000001203
ENSG00000104518,ENSMFAG00000002466
ENSG00000157765,ENSMFAG00000020407
ENSG00000134287,ENSMFAG00000036847
ENSG00000152942,ENSMFAG00000031075
ENSG00000138617,ENSMFAG00000051640
ENSG00000213614,ENSMFAG00000034142
ENSG00000108599,ENSMFAG00000043260
ENSG00000109911,ENSMFAG00000001333
ENSG00000167566,ENSMFAG00000031813
ENSG00000136319,ENSMFAG00000001282
ENSG00000145391,ENSMFAG00000002176
ENSG00000135537,ENSMFAG00000041493
ENSG00000111450,ENSMFAG00000044704
ENSG00000167632,ENSMFAG00000044625
ENSG00000137440,ENSMFAG00000056719
ENSG00000183092,ENSMFAG00000044895
ENSG00000135605,ENSMFAG00000001846
ENSG00000122641,ENSMFAG00000054517
ENSG00000092054,ENSMFAG00000000163
ENSG00000164414,ENSMFAG00000001045
ENSG00000146963,ENSMFAG00000041131
ENSG00000198917,ENSMFAG00000016739
ENSG00000161542,ENSMFAG00000039106
ENSG00000159713,ENSMFAG00000030980
ENSG00000138722,ENSMFAG00000001909
ENSG00000204852,ENSMFAG00000046273
ENSG00000042445,ENSMFAG00000001631
ENSG00000074935,ENSMFAG00000043188
ENSG00000164144,ENSMFAG00000003342
ENSG00000103174,ENSMFAG00000021013
ENSG00000110330,ENSMFAG00000033018
ENSG00000213588,ENSMFAG00000025074
ENSG00000108469,ENSMFAG00000044550
ENSG00000204525,ENSMFAG00000063617
ENSG00000204525,ENSMFAG00000050531
ENSG00000204525,ENSMFAG00000065768
ENSG00000204525,ENSMFAG00000048562
ENSG00000204525,ENSMFAG00000051006
ENSG00000204525,ENSMFAG00000059779
ENSG00000164535,ENSMFAG00000040592
ENSG00000172977,ENSMFAG00000001136
ENSG00000065135,ENSMFAG00000037770
ENSG00000151692,ENSMFAG00000040034
ENSG00000164879,ENSMFAG00000000412
ENSG00000147485,ENSMFAG00000037176
ENSG00000157429,ENSMFAG00000040094
ENSG00000010310,ENSMFAG00000043015
ENSG00000133056,ENSMFAG00000003126
ENSG00000115694,ENSMFAG00000044279
ENSG00000065833,ENSMFAG00000038582
ENSG00000104299,ENSMFAG00000043511
ENSG00000177685,ENSMFAG00000040336
ENSG00000164077,ENSMFAG00000043315
ENSG00000137822,ENSMFAG00000033642
ENSG00000167757,ENSMFAG00000032540
ENSG00000196453,ENSMFAG00000050489
ENSG00000004864,ENSMFAG00000037896
ENSG00000096060,ENSMFAG00000030158
ENSG00000166106,ENSMFAG00000009495
ENSG00000243678,ENSMFAG00000007607
ENSG00000164050,ENSMFAG00000035774
ENSG00000198074,ENSMFAG00000002396
ENSG00000198074,ENSMFAG00000045359
ENSG00000143751,ENSMFAG00000031291
ENSG00000170242,ENSMFAG00000043486
ENSG00000132698,ENSMFAG00000000115
ENSG00000103145,ENSMFAG00000037663
ENSG00000196369,ENSMFAG00000003779
ENSG00000142530,ENSMFAG00000037017
ENSG00000134020,ENSMFAG00000036169
ENSG00000090266,ENSMFAG00000048116
ENSG00000143333,ENSMFAG00000062737
ENSG00000105135,ENSMFAG00000030909
ENSG00000240694,ENSMFAG00000000029
ENSG00000089280,ENSMFAG00000031794
ENSG00000104043,ENSMFAG00000034721
ENSG00000120910,ENSMFAG00000007036
ENSG00000122778,ENSMFAG00000046305
ENSG00000108846,ENSMFAG00000040341
ENSG00000068078,ENSMFAG00000032292
ENSG00000243414,ENSMFAG00000019091
ENSG00000113163,ENSMFAG00000030820
ENSG00000204580,ENSMFAG00000033051
ENSG00000128928,ENSMFAG00000045329
ENSG00000091732,ENSMFAG00000030176
ENSG00000159023,ENSMFAG00000046344
ENSG00000169299,ENSMFAG00000033991
ENSG00000135974,ENSMFAG00000003155
ENSG00000123268,ENSMFAG00000000109
ENSG00000127990,ENSMFAG00000000448
ENSG00000118160,ENSMFAG00000037527
ENSG00000067369,ENSMFAG00000002945
ENSG00000162869,ENSMFAG00000032105
ENSG00000105373,ENSMFAG00000045103
ENSG00000137575,ENSMFAG00000037999
ENSG00000145428,ENSMFAG00000000433
ENSG00000198598,ENSMFAG00000031345
ENSG00000067715,ENSMFAG00000003495
ENSG00000002549,ENSMFAG00000000500
ENSG00000109205,ENSMFAG00000044753
ENSG00000167414,ENSMFAG00000044510
ENSG00000037757,ENSMFAG00000044250
ENSG00000177542,ENSMFAG00000039130
ENSG00000138642,ENSMFAG00000040004
ENSG00000174938,ENSMFAG00000043800
ENSG00000197329,ENSMFAG00000045683
ENSG00000100678,ENSMFAG00000034168
ENSG00000140612,ENSMFAG00000036341
ENSG00000109445,ENSMFAG00000030809
ENSG00000164292,ENSMFAG00000043608
ENSG00000144455,ENSMFAG00000040853
ENSG00000173221,ENSMFAG00000039086
ENSG00000113396,ENSMFAG00000041201
ENSG00000120925,ENSMFAG00000050861
ENSG00000215252,ENSMFAG00000050734
ENSG00000215252,ENSMFAG00000058401
ENSG00000119725,ENSMFAG00000000428
ENSG00000118762,ENSMFAG00000043652
ENSG00000139697,ENSMFAG00000031429
ENSG00000145907,ENSMFAG00000036965
ENSG00000130294,ENSMFAG00000038236
ENSG00000144677,ENSMFAG00000054847
ENSG00000160948,ENSMFAG00000040271
ENSG00000109424,ENSMFAG00000043786
ENSG00000169627,ENSMFAG00000046351
ENSG00000198121,ENSMFAG00000002071
ENSG00000198121,ENSMFAG00000034461
ENSG00000168310,ENSMFAG00000039751
ENSG00000013364,ENSMFAG00000032090
ENSG00000111647,ENSMFAG00000010028
ENSG00000144824,ENSMFAG00000037196
ENSG00000102879,ENSMFAG00000030805
ENSG00000079999,ENSMFAG00000054809
ENSG00000164347,ENSMFAG00000039713
ENSG00000151470,ENSMFAG00000001060
ENSG00000064115,ENSMFAG00000041364
ENSG00000172889,ENSMFAG00000043021
ENSG00000064607,ENSMFAG00000040352
ENSG00000176273,ENSMFAG00000039807
ENSG00000164035,ENSMFAG00000044968
ENSG00000165996,ENSMFAG00000040973
ENSG00000134463,ENSMFAG00000041388
ENSG00000173588,ENSMFAG00000001500
ENSG00000107929,ENSMFAG00000001766
ENSG00000167377,ENSMFAG00000028694
ENSG00000276043,ENSMFAG00000037780
ENSG00000187486,ENSMFAG00000010384
ENSG00000148700,ENSMFAG00000031457
ENSG00000103534,ENSMFAG00000045588
ENSG00000173933,ENSMFAG00000052468
ENSG00000076513,ENSMFAG00000036762
ENSG00000109501,ENSMFAG00000040639
ENSG00000134013,ENSMFAG00000041868
ENSG00000205302,ENSMFAG00000029999
ENSG00000072954,ENSMFAG00000035712
ENSG00000129151,ENSMFAG00000044005
ENSG00000139970,ENSMFAG00000031365
ENSG00000078674,ENSMFAG00000030579
ENSG00000125746,ENSMFAG00000001217
ENSG00000204323,ENSMFAG00000034483
ENSG00000137825,ENSMFAG00000039864
ENSG00000163291,ENSMFAG00000000708
ENSG00000273559,ENSMFAG00000002357
ENSG00000012963,ENSMFAG00000018470
ENSG00000052795,ENSMFAG00000039076
ENSG00000151500,ENSMFAG00000039498
ENSG00000130921,ENSMFAG00000052414
ENSG00000188878,ENSMFAG00000000793
ENSG00000173040,ENSMFAG00000037744
ENSG00000123064,ENSMFAG00000043636
ENSG00000100884,ENSMFAG00000045189
ENSG00000151422,ENSMFAG00000042431
ENSG00000149131,ENSMFAG00000033907
ENSG00000022355,ENSMFAG00000045791
ENSG00000125445,ENSMFAG00000042971
ENSG00000154001,ENSMFAG00000039011
ENSG00000040531,ENSMFAG00000041055
ENSG00000140350,ENSMFAG00000043083
ENSG00000010319,ENSMFAG00000031594
ENSG00000104946,ENSMFAG00000038826
ENSG00000131165,ENSMFAG00000038083
ENSG00000041880,ENSMFAG00000032908
ENSG00000138696,ENSMFAG00000037039
ENSG00000132612,ENSMFAG00000001733
ENSG00000110628,ENSMFAG00000038599
ENSG00000180209,ENSMFAG00000039997
ENSG00000105778,ENSMFAG00000030881
ENSG00000170876,ENSMFAG00000047872
ENSG00000186710,ENSMFAG00000032424
ENSG00000104964,ENSMFAG00000057458
ENSG00000170545,ENSMFAG00000053555
ENSG00000119139,ENSMFAG00000001435
ENSG00000131473,ENSMFAG00000001561
ENSG00000151304,ENSMFAG00000031263
ENSG00000090905,ENSMFAG00000003824
ENSG00000109472,ENSMFAG00000037970
ENSG00000171792,ENSMFAG00000037722
ENSG00000234284,ENSMFAG00000039136
ENSG00000163071,ENSMFAG00000043327
ENSG00000185432,ENSMFAG00000031547
ENSG00000198690,ENSMFAG00000032666
ENSG00000166598,ENSMFAG00000036813
ENSG00000113356,ENSMFAG00000057504
ENSG00000196653,ENSMFAG00000039482
ENSG00000170365,ENSMFAG00000037774
ENSG00000136261,ENSMFAG00000002705
ENSG00000145194,ENSMFAG00000045351
ENSG00000162493,ENSMFAG00000001482
ENSG00000105726,ENSMFAG00000045331
ENSG00000100749,ENSMFAG00000040460
ENSG00000205629,ENSMFAG00000041023
ENSG00000214114,ENSMFAG00000062200
ENSG00000214114,ENSMFAG00000021300
ENSG00000164074,ENSMFAG00000039882
ENSG00000129744,ENSMFAG00000003890
ENSG00000204624,ENSMFAG00000003111
ENSG00000137496,ENSMFAG00000007235
ENSG00000221866,ENSMFAG00000041659
ENSG00000159625,ENSMFAG00000038450
ENSG00000059378,ENSMFAG00000034646
ENSG00000092850,ENSMFAG00000003542
ENSG00000168924,ENSMFAG00000039886
ENSG00000144659,ENSMFAG00000003708
ENSG00000164949,ENSMFAG00000028496
ENSG00000188549,ENSMFAG00000043689
ENSG00000165006,ENSMFAG00000032310
ENSG00000161642,ENSMFAG00000042192
ENSG00000164054,ENSMFAG00000033208
ENSG00000100564,ENSMFAG00000034082
ENSG00000173517,ENSMFAG00000042540
ENSG00000185475,ENSMFAG00000037362
ENSG00000143590,ENSMFAG00000042326
ENSG00000176148,ENSMFAG00000036174
ENSG00000106524,ENSMFAG00000002401
ENSG00000100908,ENSMFAG00000042583
ENSG00000130770,ENSMFAG00000037657
ENSG00000184428,ENSMFAG00000035550
ENSG00000145439,ENSMFAG00000002570
ENSG00000131873,ENSMFAG00000041311
ENSG00000163467,ENSMFAG00000036557
ENSG00000166262,ENSMFAG00000035254
ENSG00000105607,ENSMFAG00000003761
ENSG00000138764,ENSMFAG00000003008
ENSG00000092010,ENSMFAG00000043002
ENSG00000007392,ENSMFAG00000003743
ENSG00000117592,ENSMFAG00000030455
ENSG00000163380,ENSMFAG00000044328
ENSG00000134339,ENSMFAG00000025977
ENSG00000134339,ENSMFAG00000044536
ENSG00000157036,ENSMFAG00000040794
ENSG00000050426,ENSMFAG00000035824
ENSG00000132906,ENSMFAG00000044632
ENSG00000090487,ENSMFAG00000034518
ENSG00000170185,ENSMFAG00000031506
ENSG00000165917,ENSMFAG00000037957
ENSG00000263001,ENSMFAG00000031566
ENSG00000163463,ENSMFAG00000037724
ENSG00000109534,ENSMFAG00000024592
ENSG00000149187,ENSMFAG00000003505
ENSG00000162623,ENSMFAG00000003496
ENSG00000169122,ENSMFAG00000038229
ENSG00000239998,ENSMFAG00000044522
ENSG00000163932,ENSMFAG00000000466
ENSG00000179364,ENSMFAG00000001091
ENSG00000066827,ENSMFAG00000041283
ENSG00000143119,ENSMFAG00000002919
ENSG00000103479,ENSMFAG00000039132
ENSG00000153130,ENSMFAG00000001579
ENSG00000106829,ENSMFAG00000031817
ENSG00000188906,ENSMFAG00000035387
ENSG00000109787,ENSMFAG00000040858
ENSG00000198301,ENSMFAG00000038793
ENSG00000086015,ENSMFAG00000032736
ENSG00000175084,ENSMFAG00000036498
ENSG00000164308,ENSMFAG00000031043
ENSG00000137509,ENSMFAG00000031062
ENSG00000104320,ENSMFAG00000030845
ENSG00000166971,ENSMFAG00000044514
ENSG00000145526,ENSMFAG00000030294
ENSG00000172399,ENSMFAG00000000291
ENSG00000134461,ENSMFAG00000042322
ENSG00000134853,ENSMFAG00000046187
ENSG00000081791,ENSMFAG00000040008
ENSG00000174672,ENSMFAG00000045568
ENSG00000147955,ENSMFAG00000044103
ENSG00000253313,ENSMFAG00000003586
ENSG00000156958,ENSMFAG00000000451
ENSG00000148248,ENSMFAG00000045368
ENSG00000143379,ENSMFAG00000042328
ENSG00000176049,ENSMFAG00000041768
ENSG00000197016,ENSMFAG00000063265
ENSG00000105011,ENSMFAG00000044347
ENSG00000105127,ENSMFAG00000042432
ENSG00000122692,ENSMFAG00000042584
ENSG00000135686,ENSMFAG00000045556
ENSG00000003393,ENSMFAG00000039968
ENSG00000166747,ENSMFAG00000037769
ENSG00000189050,ENSMFAG00000045024
ENSG00000152795,ENSMFAG00000052836
ENSG00000141753,ENSMFAG00000043180
ENSG00000141497,ENSMFAG00000038901
ENSG00000145623,ENSMFAG00000014306
ENSG00000175376,ENSMFAG00000038170
ENSG00000165819,ENSMFAG00000043302
ENSG00000178764,ENSMFAG00000043785
ENSG00000185436,ENSMFAG00000050914
ENSG00000166855,ENSMFAG00000032196
ENSG00000185158,ENSMFAG00000063390
ENSG00000185158,ENSMFAG00000031751
ENSG00000221947,ENSMFAG00000040868
ENSG00000117322,ENSMFAG00000030680
ENSG00000204001,ENSMFAG00000039801
ENSG00000165092,ENSMFAG00000038785
ENSG00000085788,ENSMFAG00000032613
ENSG00000197746,ENSMFAG00000031057
ENSG00000178950,ENSMFAG00000043306
ENSG00000144712,ENSMFAG00000044298
ENSG00000166326,ENSMFAG00000045833
ENSG00000170624,ENSMFAG00000032111
ENSG00000165792,ENSMFAG00000043736
ENSG00000140386,ENSMFAG00000030020
ENSG00000168010,ENSMFAG00000041534
ENSG00000167815,ENSMFAG00000051695
ENSG00000167815,ENSMFAG00000031614
ENSG00000105656,ENSMFAG00000044774
ENSG00000132530,ENSMFAG00000059411
ENSG00000163608,ENSMFAG00000000372
ENSG00000138131,ENSMFAG00000036533
ENSG00000076641,ENSMFAG00000057813
ENSG00000129991,ENSMFAG00000042843
ENSG00000116649,ENSMFAG00000033887
ENSG00000142655,ENSMFAG00000032533
ENSG00000168077,ENSMFAG00000026741
ENSG00000172731,ENSMFAG00000041994
ENSG00000171747,ENSMFAG00000000473
ENSG00000126822,ENSMFAG00000035789
ENSG00000173890,ENSMFAG00000028035
ENSG00000006025,ENSMFAG00000001330
ENSG00000116288,ENSMFAG00000042042
ENSG00000165886,ENSMFAG00000044920
ENSG00000065308,ENSMFAG00000042433
ENSG00000107863,ENSMFAG00000041144
ENSG00000104472,ENSMFAG00000029360
ENSG00000215114,ENSMFAG00000014095
ENSG00000120733,ENSMFAG00000042919
ENSG00000087074,ENSMFAG00000041869
ENSG00000158636,ENSMFAG00000041695
ENSG00000092208,ENSMFAG00000014362
ENSG00000047936,ENSMFAG00000001072
ENSG00000140511,ENSMFAG00000039242
ENSG00000196867,ENSMFAG00000038897
ENSG00000197181,ENSMFAG00000038537
ENSG00000140527,ENSMFAG00000035737
ENSG00000142002,ENSMFAG00000040299
ENSG00000121577,ENSMFAG00000039734
ENSG00000099377,ENSMFAG00000016219
ENSG00000145012,ENSMFAG00000041519
ENSG00000161970,ENSMFAG00000037250
ENSG00000146039,ENSMFAG00000036410
ENSG00000242498,ENSMFAG00000045494
ENSG00000128739,ENSMFAG00000042235
ENSG00000174021,ENSMFAG00000002373
ENSG00000136305,ENSMFAG00000032983
ENSG00000162650,ENSMFAG00000041449
ENSG00000204642,ENSMFAG00000040925
ENSG00000169174,ENSMFAG00000000310
ENSG00000060339,ENSMFAG00000035410
ENSG00000143149,ENSMFAG00000033280
ENSG00000132842,ENSMFAG00000040032
ENSG00000140043,ENSMFAG00000045904
ENSG00000072958,ENSMFAG00000035693
ENSG00000119899,ENSMFAG00000044818
ENSG00000168079,ENSMFAG00000019218
ENSG00000189091,ENSMFAG00000045487
ENSG00000060688,ENSMFAG00000031418
ENSG00000118418,ENSMFAG00000032893
ENSG00000076351,ENSMFAG00000039525
ENSG00000085719,ENSMFAG00000031433
ENSG00000054116,ENSMFAG00000038169
ENSG00000175931,ENSMFAG00000027020
ENSG00000112763,ENSMFAG00000001563
ENSG00000158186,ENSMFAG00000040143
ENSG00000134215,ENSMFAG00000030983
ENSG00000067225,ENSMFAG00000062872
ENSG00000067225,ENSMFAG00000044507
ENSG00000067225,ENSMFAG00000049120
ENSG00000167107,ENSMFAG00000042230
ENSG00000188747,ENSMFAG00000030739
ENSG00000082805,ENSMFAG00000032999
ENSG00000122194,ENSMFAG00000050264
ENSG00000187288,ENSMFAG00000031714
ENSG00000249115,ENSMFAG00000001988
ENSG00000143373,ENSMFAG00000034438
ENSG00000255587,ENSMFAG00000000117
ENSG00000188001,ENSMFAG00000056922
ENSG00000135334,ENSMFAG00000023644
ENSG00000027697,ENSMFAG00000003984
ENSG00000156414,ENSMFAG00000001293
ENSG00000164904,ENSMFAG00000035623
ENSG00000164904,ENSMFAG00000045191
ENSG00000134250,ENSMFAG00000001144
ENSG00000138380,ENSMFAG00000042636
ENSG00000147912,ENSMFAG00000002374
ENSG00000185697,ENSMFAG00000043365
ENSG00000196961,ENSMFAG00000042161
ENSG00000164053,ENSMFAG00000040873
ENSG00000100744,ENSMFAG00000039414
ENSG00000188833,ENSMFAG00000002502
ENSG00000166181,ENSMFAG00000037679
ENSG00000100604,ENSMFAG00000032473
ENSG00000135469,ENSMFAG00000027584
ENSG00000183831,ENSMFAG00000003535
ENSG00000116161,ENSMFAG00000000624
ENSG00000116161,ENSMFAG00000054907
ENSG00000167772,ENSMFAG00000003517
ENSG00000189046,ENSMFAG00000003561
ENSG00000163297,ENSMFAG00000045998
ENSG00000100883,ENSMFAG00000044371
ENSG00000105397,ENSMFAG00000044770
ENSG00000187796,ENSMFAG00000040508
ENSG00000118200,ENSMFAG00000041258
ENSG00000168546,ENSMFAG00000023628
ENSG00000161800,ENSMFAG00000022656
ENSG00000186470,ENSMFAG00000041509
ENSG00000103248,ENSMFAG00000044698
ENSG00000183624,ENSMFAG00000032291
ENSG00000143742,ENSMFAG00000002641
ENSG00000165269,ENSMFAG00000031174
ENSG00000171714,ENSMFAG00000001354
ENSG00000147655,ENSMFAG00000031789
ENSG00000181773,ENSMFAG00000026566
ENSG00000067533,ENSMFAG00000046095
ENSG00000143633,ENSMFAG00000004049
ENSG00000066855,ENSMFAG00000042646
ENSG00000132600,ENSMFAG00000000563
ENSG00000063660,ENSMFAG00000032000
ENSG00000136457,ENSMFAG00000031869
ENSG00000090432,ENSMFAG00000034509
ENSG00000166263,ENSMFAG00000001400
ENSG00000203667,ENSMFAG00000039162
ENSG00000100519,ENSMFAG00000056103
ENSG00000105711,ENSMFAG00000032441
ENSG00000162408,ENSMFAG00000001587
ENSG00000178586,ENSMFAG00000054218
ENSG00000118961,ENSMFAG00000036499
ENSG00000010361,ENSMFAG00000003351
ENSG00000106692,ENSMFAG00000035942
ENSG00000151576,ENSMFAG00000039762
ENSG00000162585,ENSMFAG00000003372
ENSG00000113272,ENSMFAG00000041928
ENSG00000108654,ENSMFAG00000026858
ENSG00000175356,ENSMFAG00000034308
ENSG00000156030,ENSMFAG00000034140
ENSG00000153832,ENSMFAG00000048023
ENSG00000115290,ENSMFAG00000031856
ENSG00000140859,ENSMFAG00000000179
ENSG00000107951,ENSMFAG00000036179
ENSG00000168398,ENSMFAG00000025374
ENSG00000155903,ENSMFAG00000030557
ENSG00000155903,ENSMFAG00000049814
ENSG00000215788,ENSMFAG00000037801
ENSG00000113282,ENSMFAG00000039041
ENSG00000197616,ENSMFAG00000000323
ENSG00000104375,ENSMFAG00000000855
ENSG00000164039,ENSMFAG00000036890
ENSG00000107897,ENSMFAG00000042324
ENSG00000076003,ENSMFAG00000041102
ENSG00000274349,ENSMFAG00000030164
ENSG00000167641,ENSMFAG00000040188
ENSG00000160408,ENSMFAG00000053975
ENSG00000145191,ENSMFAG00000045589
ENSG00000137218,ENSMFAG00000037819
ENSG00000057663,ENSMFAG00000041362
ENSG00000105559,ENSMFAG00000040559
ENSG00000171533,ENSMFAG00000064715
ENSG00000121989,ENSMFAG00000003464
ENSG00000138686,ENSMFAG00000042678
ENSG00000070081,ENSMFAG00000038074
ENSG00000136813,ENSMFAG00000042124
ENSG00000051596,ENSMFAG00000034476
ENSG00000047056,ENSMFAG00000030644
ENSG00000120820,ENSMFAG00000045735
ENSG00000117118,ENSMFAG00000001840
ENSG00000117118,ENSMFAG00000039070
ENSG00000198515,ENSMFAG00000033706
ENSG00000239382,ENSMFAG00000042361
ENSG00000145725,ENSMFAG00000031770
ENSG00000103811,ENSMFAG00000042803
ENSG00000230062,ENSMFAG00000046275
ENSG00000136021,ENSMFAG00000028879
ENSG00000068615,ENSMFAG00000038270
ENSG00000112406,ENSMFAG00000060263
ENSG00000072858,ENSMFAG00000031280
ENSG00000137166,ENSMFAG00000033620
ENSG00000157796,ENSMFAG00000001104
ENSG00000011260,ENSMFAG00000034325
ENSG00000081870,ENSMFAG00000000391
ENSG00000181135,ENSMFAG00000042318
ENSG00000169813,ENSMFAG00000021184
ENSG00000187147,ENSMFAG00000040181
ENSG00000134294,ENSMFAG00000037266
ENSG00000163466,ENSMFAG00000030106
ENSG00000171017,ENSMFAG00000038156
ENSG00000118849,ENSMFAG00000023184
ENSG00000204590,ENSMFAG00000001167
ENSG00000114113,ENSMFAG00000039548
ENSG00000070731,ENSMFAG00000045563
ENSG00000073803,ENSMFAG00000043040
ENSG00000165637,ENSMFAG00000038869
ENSG00000197702,ENSMFAG00000042761
ENSG00000103507,ENSMFAG00000003444
ENSG00000198700,ENSMFAG00000035917
ENSG00000136444,ENSMFAG00000035805
ENSG00000157693,ENSMFAG00000041867
ENSG00000179335,ENSMFAG00000045503
ENSG00000108828,ENSMFAG00000003023
ENSG00000120162,ENSMFAG00000041346
ENSG00000198471,ENSMFAG00000043246
ENSG00000100505,ENSMFAG00000032650
ENSG00000187109,ENSMFAG00000001457
ENSG00000165495,ENSMFAG00000046199
ENSG00000181458,ENSMFAG00000004074
ENSG00000180537,ENSMFAG00000015266
ENSG00000154945,ENSMFAG00000003914
ENSG00000104442,ENSMFAG00000020573
ENSG00000204315,ENSMFAG00000006509
ENSG00000124613,ENSMFAG00000063022
ENSG00000136828,ENSMFAG00000035476
ENSG00000178425,ENSMFAG00000038038
ENSG00000100628,ENSMFAG00000042110
ENSG00000178038,ENSMFAG00000034134
ENSG00000164125,ENSMFAG00000030947
ENSG00000124785,ENSMFAG00000062211
ENSG00000204427,ENSMFAG00000000198
ENSG00000144136,ENSMFAG00000006822
ENSG00000109814,ENSMFAG00000038896
ENSG00000110697,ENSMFAG00000046144
ENSG00000129691,ENSMFAG00000001965
ENSG00000108509,ENSMFAG00000031758
ENSG00000119431,ENSMFAG00000028807
ENSG00000144026,ENSMFAG00000034668
ENSG00000160539,ENSMFAG00000042509
ENSG00000140455,ENSMFAG00000016075
ENSG00000157657,ENSMFAG00000000894
ENSG00000185303,ENSMFAG00000039235
ENSG00000185303,ENSMFAG00000051159
ENSG00000119685,ENSMFAG00000029801
ENSG00000115556,ENSMFAG00000031094
ENSG00000167491,ENSMFAG00000002152
ENSG00000167491,ENSMFAG00000003085
ENSG00000173376,ENSMFAG00000003473
ENSG00000171729,ENSMFAG00000031613
ENSG00000164609,ENSMFAG00000002001
ENSG00000163624,ENSMFAG00000002059
ENSG00000116586,ENSMFAG00000018166
ENSG00000142405,ENSMFAG00000044474
ENSG00000143772,ENSMFAG00000035876
ENSG00000166257,ENSMFAG00000001774
ENSG00000168488,ENSMFAG00000030590
ENSG00000041982,ENSMFAG00000001848
ENSG00000174371,ENSMFAG00000023098
ENSG00000143954,ENSMFAG00000034401
ENSG00000182578,ENSMFAG00000034429
ENSG00000071205,ENSMFAG00000039963
ENSG00000165912,ENSMFAG00000039377
ENSG00000011600,ENSMFAG00000039856
ENSG00000114948,ENSMFAG00000030094
ENSG00000140092,ENSMFAG00000044170
ENSG00000042286,ENSMFAG00000004041
ENSG00000179604,ENSMFAG00000056650
ENSG00000017260,ENSMFAG00000039173
ENSG00000153294,ENSMFAG00000022646
ENSG00000135778,ENSMFAG00000037305
ENSG00000141543,ENSMFAG00000043778
ENSG00000156642,ENSMFAG00000037091
ENSG00000161896,ENSMFAG00000036096
ENSG00000160094,ENSMFAG00000045133
ENSG00000134057,ENSMFAG00000041544
ENSG00000143320,ENSMFAG00000036656
ENSG00000148690,ENSMFAG00000045302
ENSG00000132507,ENSMFAG00000038518
ENSG00000168175,ENSMFAG00000044107
ENSG00000168653,ENSMFAG00000027526
ENSG00000112078,ENSMFAG00000033116
ENSG00000178974,ENSMFAG00000009535
ENSG00000104081,ENSMFAG00000055720
ENSG00000075413,ENSMFAG00000001291
ENSG00000175592,ENSMFAG00000045562
ENSG00000142945,ENSMFAG00000043842
ENSG00000196531,ENSMFAG00000004178
ENSG00000166250,ENSMFAG00000042143
ENSG00000103496,ENSMFAG00000045192
ENSG00000166825,ENSMFAG00000031450
ENSG00000198939,ENSMFAG00000014508
ENSG00000160613,ENSMFAG00000044470
ENSG00000120709,ENSMFAG00000001667
ENSG00000163040,ENSMFAG00000045380
ENSG00000187626,ENSMFAG00000030212
ENSG00000165806,ENSMFAG00000045136
ENSG00000109738,ENSMFAG00000001940
ENSG00000204592,ENSMFAG00000035330
ENSG00000204592,ENSMFAG00000060286
ENSG00000167618,ENSMFAG00000041384
ENSG00000132837,ENSMFAG00000024245
ENSG00000089356,ENSMFAG00000003734
ENSG00000186648,ENSMFAG00000040957
ENSG00000158805,ENSMFAG00000037319
ENSG00000151834,ENSMFAG00000034210
ENSG00000137776,ENSMFAG00000033354
ENSG00000159921,ENSMFAG00000039922
ENSG00000096717,ENSMFAG00000046160
ENSG00000188488,ENSMFAG00000038025
ENSG00000164576,ENSMFAG00000059801
ENSG00000130349,ENSMFAG00000026508
ENSG00000130349,ENSMFAG00000034144
ENSG00000132514,ENSMFAG00000043516
ENSG00000161013,ENSMFAG00000029205
ENSG00000005194,ENSMFAG00000002168
ENSG00000005194,ENSMFAG00000000222
ENSG00000112773,ENSMFAG00000063328
ENSG00000170915,ENSMFAG00000004629
ENSG00000153234,ENSMFAG00000036654
ENSG00000183137,ENSMFAG00000038962
ENSG00000138286,ENSMFAG00000003987
ENSG00000139998,ENSMFAG00000045048
ENSG00000107147,ENSMFAG00000043740
ENSG00000107147,ENSMFAG00000048033
ENSG00000179051,ENSMFAG00000036601
ENSG00000109184,ENSMFAG00000003049
ENSG00000108669,ENSMFAG00000037544
ENSG00000081177,ENSMFAG00000041413
ENSG00000151376,ENSMFAG00000037695
ENSG00000122378,ENSMFAG00000043331
ENSG00000147465,ENSMFAG00000031135
ENSG00000129292,ENSMFAG00000036945
ENSG00000135373,ENSMFAG00000029447
ENSG00000167117,ENSMFAG00000049218
ENSG00000073712,ENSMFAG00000038626
ENSG00000152076,ENSMFAG00000045380
ENSG00000134516,ENSMFAG00000000447
ENSG00000103160,ENSMFAG00000041105
ENSG00000168610,ENSMFAG00000040992
ENSG00000119285,ENSMFAG00000044672
ENSG00000237489,ENSMFAG00000031525
ENSG00000103932,ENSMFAG00000042240
ENSG00000148795,ENSMFAG00000002033
ENSG00000155744,ENSMFAG00000032144
ENSG00000156219,ENSMFAG00000040258
ENSG00000112419,ENSMFAG00000015323
ENSG00000104331,ENSMFAG00000034283
ENSG00000163362,ENSMFAG00000000317
ENSG00000138207,ENSMFAG00000042546
ENSG00000104529,ENSMFAG00000034313
ENSG00000104529,ENSMFAG00000060571
ENSG00000104529,ENSMFAG00000031120
ENSG00000128000,ENSMFAG00000001434
ENSG00000128000,ENSMFAG00000054261
ENSG00000142252,ENSMFAG00000051374
ENSG00000156110,ENSMFAG00000043831
ENSG00000092051,ENSMFAG00000038059
ENSG00000092051,ENSMFAG00000051924
ENSG00000143398,ENSMFAG00000031399
ENSG00000179218,ENSMFAG00000040740
ENSG00000166669,ENSMFAG00000031957
ENSG00000183208,ENSMFAG00000023109
ENSG00000129170,ENSMFAG00000020396
ENSG00000070367,ENSMFAG00000037256
ENSG00000137814,ENSMFAG00000043734
ENSG00000121361,ENSMFAG00000034423
ENSG00000107959,ENSMFAG00000003109
ENSG00000187474,ENSMFAG00000030727
ENSG00000172572,ENSMFAG00000035768
ENSG00000064547,ENSMFAG00000040780
ENSG00000185043,ENSMFAG00000002360
ENSG00000213694,ENSMFAG00000004814
ENSG00000198925,ENSMFAG00000037064
ENSG00000119314,ENSMFAG00000041265
ENSG00000091039,ENSMFAG00000036321
ENSG00000205363,ENSMFAG00000043049
ENSG00000168661,ENSMFAG00000041169
ENSG00000114062,ENSMFAG00000037265
ENSG00000113384,ENSMFAG00000045311
ENSG00000100433,ENSMFAG00000042642
ENSG00000040275,ENSMFAG00000026820
ENSG00000167608,ENSMFAG00000046120
ENSG00000179044,ENSMFAG00000002581
ENSG00000119684,ENSMFAG00000043843
ENSG00000163281,ENSMFAG00000034449
ENSG00000112562,ENSMFAG00000003901
ENSG00000159674,ENSMFAG00000050124
ENSG00000107758,ENSMFAG00000032663
ENSG00000138777,ENSMFAG00000040113
ENSG00000146070,ENSMFAG00000000129
ENSG00000080298,ENSMFAG00000000237
ENSG00000145675,ENSMFAG00000045395
ENSG00000112312,ENSMFAG00000031787
ENSG00000156858,ENSMFAG00000037718
ENSG00000151338,ENSMFAG00000034576
ENSG00000173218,ENSMFAG00000000860
ENSG00000188227,ENSMFAG00000043630
ENSG00000169181,ENSMFAG00000034217
ENSG00000165030,ENSMFAG00000009757
ENSG00000165406,ENSMFAG00000002860
ENSG00000148090,ENSMFAG00000003934
ENSG00000143033,ENSMFAG00000037684
ENSG00000005206,ENSMFAG00000039923
ENSG00000051108,ENSMFAG00000034370
ENSG00000164465,ENSMFAG00000033065
ENSG00000092108,ENSMFAG00000039675
ENSG00000173599,ENSMFAG00000044252
ENSG00000135679,ENSMFAG00000042359
ENSG00000062650,ENSMFAG00000036863
ENSG00000197070,ENSMFAG00000058483
ENSG00000135299,ENSMFAG00000034278
ENSG00000171476,ENSMFAG00000006576
ENSG00000165929,ENSMFAG00000001087
ENSG00000137124,ENSMFAG00000018664
ENSG00000128908,ENSMFAG00000044488
ENSG00000165280,ENSMFAG00000029974
ENSG00000072840,ENSMFAG00000035895
ENSG00000157349,ENSMFAG00000030922
ENSG00000116584,ENSMFAG00000034906
ENSG00000160867,ENSMFAG00000065820
ENSG00000105321,ENSMFAG00000002381
ENSG00000075884,ENSMFAG00000016740
ENSG00000198948,ENSMFAG00000065805
ENSG00000164169,ENSMFAG00000033194
ENSG00000079805,ENSMFAG00000045986
ENSG00000169814,ENSMFAG00000033539
ENSG00000145241,ENSMFAG00000017348
ENSG00000115750,ENSMFAG00000041401
ENSG00000258818,ENSMFAG00000023531
ENSG00000198894,ENSMFAG00000035500
ENSG00000168497,ENSMFAG00000044151
ENSG00000171224,ENSMFAG00000032357
ENSG00000144224,ENSMFAG00000002817
ENSG00000196663,ENSMFAG00000033854
ENSG00000165887,ENSMFAG00000039302
ENSG00000091490,ENSMFAG00000002093
ENSG00000168904,ENSMFAG00000033850
ENSG00000188690,ENSMFAG00000043500
ENSG00000162402,ENSMFAG00000004054
ENSG00000154175,ENSMFAG00000043185
ENSG00000197776,ENSMFAG00000003879
ENSG00000166965,ENSMFAG00000044068
ENSG00000165521,ENSMFAG00000034011
ENSG00000177868,ENSMFAG00000056796
ENSG00000115677,ENSMFAG00000033641
ENSG00000166589,ENSMFAG00000036946
ENSG00000197614,ENSMFAG00000064192
ENSG00000188807,ENSMFAG00000046272
ENSG00000138778,ENSMFAG00000039560
ENSG00000104980,ENSMFAG00000037515
ENSG00000107201,ENSMFAG00000045674
ENSG00000185880,ENSMFAG00000033970
ENSG00000116954,ENSMFAG00000032228
ENSG00000231852,ENSMFAG00000063910
ENSG00000231852,ENSMFAG00000002347
ENSG00000100802,ENSMFAG00000001383
ENSG00000197587,ENSMFAG00000058375
ENSG00000116874,ENSMFAG00000001270
ENSG00000137693,ENSMFAG00000037027
ENSG00000010165,ENSMFAG00000045158
ENSG00000128973,ENSMFAG00000042975
ENSG00000181035,ENSMFAG00000039473
ENSG00000142494,ENSMFAG00000002968
ENSG00000185988,ENSMFAG00000002051
ENSG00000174718,ENSMFAG00000041866
ENSG00000164978,ENSMFAG00000037340
ENSG00000118193,ENSMFAG00000045576
ENSG00000118369,ENSMFAG00000001255
ENSG00000171425,ENSMFAG00000030060
ENSG00000117906,ENSMFAG00000030940
ENSG00000163874,ENSMFAG00000032647
ENSG00000136891,ENSMFAG00000003262
ENSG00000133265,ENSMFAG00000044603
ENSG00000004139,ENSMFAG00000000906
ENSG00000240563,ENSMFAG00000031887
ENSG00000010295,ENSMFAG00000045145
ENSG00000156136,ENSMFAG00000041551
ENSG00000173020,ENSMFAG00000002282
ENSG00000140553,ENSMFAG00000042926
ENSG00000162624,ENSMFAG00000040799
ENSG00000167900,ENSMFAG00000005352
ENSG00000165533,ENSMFAG00000002219
ENSG00000096395,ENSMFAG00000032195
ENSG00000160075,ENSMFAG00000039373
ENSG00000164118,ENSMFAG00000003438
ENSG00000112305,ENSMFAG00000032465
ENSG00000129347,ENSMFAG00000046360
ENSG00000116251,ENSMFAG00000028034
ENSG00000116251,ENSMFAG00000059767
ENSG00000116251,ENSMFAG00000051687
ENSG00000179593,ENSMFAG00000002960
ENSG00000123352,ENSMFAG00000042319
ENSG00000177674,ENSMFAG00000041232
ENSG00000012779,ENSMFAG00000021649
ENSG00000137074,ENSMFAG00000043141
ENSG00000065882,ENSMFAG00000002697
ENSG00000105355,ENSMFAG00000038754
ENSG00000030582,ENSMFAG00000038260
ENSG00000204463,ENSMFAG00000000146
ENSG00000167207,ENSMFAG00000037753
ENSG00000187097,ENSMFAG00000001083
ENSG00000117751,ENSMFAG00000001557
ENSG00000090857,ENSMFAG00000044314
ENSG00000174915,ENSMFAG00000000791
ENSG00000106603,ENSMFAG00000039026
ENSG00000132485,ENSMFAG00000035175
ENSG00000132485,ENSMFAG00000003326
ENSG00000105497,ENSMFAG00000047889
ENSG00000070423,ENSMFAG00000001372
ENSG00000168000,ENSMFAG00000031001
ENSG00000167202,ENSMFAG00000031378
ENSG00000138279,ENSMFAG00000043677
ENSG00000127329,ENSMFAG00000001175
ENSG00000141012,ENSMFAG00000041824
ENSG00000121454,ENSMFAG00000040765
ENSG00000177469,ENSMFAG00000052768
ENSG00000196365,ENSMFAG00000043447
ENSG00000087157,ENSMFAG00000033111
ENSG00000110768,ENSMFAG00000032995
ENSG00000066933,ENSMFAG00000023157
ENSG00000119514,ENSMFAG00000037688
ENSG00000197562,ENSMFAG00000038800
ENSG00000167280,ENSMFAG00000002759
ENSG00000106012,ENSMFAG00000034441
ENSG00000122481,ENSMFAG00000013715
ENSG00000165272,ENSMFAG00000043420
ENSG00000137055,ENSMFAG00000039014
ENSG00000143543,ENSMFAG00000042455
ENSG00000090861,ENSMFAG00000002309
ENSG00000163682,ENSMFAG00000062892
ENSG00000163682,ENSMFAG00000052786
ENSG00000163682,ENSMFAG00000031293
ENSG00000267060,ENSMFAG00000057903
ENSG00000131188,ENSMFAG00000004546
ENSG00000089335,ENSMFAG00000064263
ENSG00000265241,ENSMFAG00000045376
ENSG00000145780,ENSMFAG00000046066
ENSG00000204764,ENSMFAG00000034347
ENSG00000162188,ENSMFAG00000039354
ENSG00000083290,ENSMFAG00000037593
ENSG00000166477,ENSMFAG00000032135
ENSG00000116771,ENSMFAG00000055350
ENSG00000184545,ENSMFAG00000002727
ENSG00000117419,ENSMFAG00000044436
ENSG00000182919,ENSMFAG00000039634
ENSG00000182718,ENSMFAG00000030479
ENSG00000100722,ENSMFAG00000032254
ENSG00000162601,ENSMFAG00000002666
ENSG00000136436,ENSMFAG00000000840
ENSG00000143858,ENSMFAG00000042825
ENSG00000127946,ENSMFAG00000038127
ENSG00000273274,ENSMFAG00000037573
ENSG00000196754,ENSMFAG00000003648
ENSG00000135040,ENSMFAG00000041931
ENSG00000213281,ENSMFAG00000036827
ENSG00000187094,ENSMFAG00000002130
ENSG00000138326,ENSMFAG00000003368
ENSG00000138326,ENSMFAG00000046303
ENSG00000164076,ENSMFAG00000030868
ENSG00000145332,ENSMFAG00000041071
ENSG00000154380,ENSMFAG00000019058
ENSG00000067248,ENSMFAG00000003740
ENSG00000002016,ENSMFAG00000000966
ENSG00000203867,ENSMFAG00000036795
ENSG00000099821,ENSMFAG00000031466
ENSG00000065618,ENSMFAG00000038498
ENSG00000105928,ENSMFAG00000045660
ENSG00000010256,ENSMFAG00000041533
ENSG00000196550,ENSMFAG00000043825
ENSG00000105792,ENSMFAG00000034046
ENSG00000145715,ENSMFAG00000037698
ENSG00000169435,ENSMFAG00000036430
ENSG00000103043,ENSMFAG00000040036
ENSG00000012048,ENSMFAG00000043956
ENSG00000166888,ENSMFAG00000036764
ENSG00000158092,ENSMFAG00000044882
ENSG00000132406,ENSMFAG00000043258
ENSG00000197993,ENSMFAG00000042436
ENSG00000197993,ENSMFAG00000049022
ENSG00000163349,ENSMFAG00000001201
ENSG00000138670,ENSMFAG00000045661
ENSG00000140740,ENSMFAG00000003072
ENSG00000140740,ENSMFAG00000039986
ENSG00000114698,ENSMFAG00000003167
ENSG00000150760,ENSMFAG00000045941
ENSG00000219545,ENSMFAG00000052878
ENSG00000172262,ENSMFAG00000046336
ENSG00000106366,ENSMFAG00000041064
ENSG00000145244,ENSMFAG00000036209
ENSG00000198668,ENSMFAG00000050332
ENSG00000165209,ENSMFAG00000001745
ENSG00000222011,ENSMFAG00000042786
ENSG00000166333,ENSMFAG00000034446
ENSG00000183379,ENSMFAG00000039919
ENSG00000164543,ENSMFAG00000043073
ENSG00000092148,ENSMFAG00000038044
ENSG00000134480,ENSMFAG00000008721
ENSG00000128591,ENSMFAG00000001934
ENSG00000018408,ENSMFAG00000031777
ENSG00000151208,ENSMFAG00000032038
ENSG00000268500,ENSMFAG00000000210
ENSG00000178700,ENSMFAG00000054542
ENSG00000264364,ENSMFAG00000045478
ENSG00000131389,ENSMFAG00000038570
ENSG00000151292,ENSMFAG00000031684
ENSG00000072778,ENSMFAG00000040305
ENSG00000117154,ENSMFAG00000040850
ENSG00000159593,ENSMFAG00000030456
ENSG00000266094,ENSMFAG00000042279
ENSG00000116221,ENSMFAG00000046281
ENSG00000059377,ENSMFAG00000016846
ENSG00000162636,ENSMFAG00000039642
ENSG00000070214,ENSMFAG00000044299
ENSG00000188916,ENSMFAG00000036937
ENSG00000110324,ENSMFAG00000037844
ENSG00000163827,ENSMFAG00000042385
ENSG00000148814,ENSMFAG00000044506
ENSG00000167766,ENSMFAG00000032186
ENSG00000065717,ENSMFAG00000033930
ENSG00000008118,ENSMFAG00000002653
ENSG00000110446,ENSMFAG00000038208
ENSG00000169714,ENSMFAG00000030262
ENSG00000167323,ENSMFAG00000033963
ENSG00000123737,ENSMFAG00000038292
ENSG00000263513,ENSMFAG00000043825
ENSG00000092847,ENSMFAG00000002846
ENSG00000108001,ENSMFAG00000041034
ENSG00000106631,ENSMFAG00000038137
ENSG00000266412,ENSMFAG00000041525
ENSG00000110651,ENSMFAG00000007233
ENSG00000165025,ENSMFAG00000033243
ENSG00000146826,ENSMFAG00000031413
ENSG00000104953,ENSMFAG00000003537
ENSG00000248333,ENSMFAG00000044220
ENSG00000134077,ENSMFAG00000044884
ENSG00000105976,ENSMFAG00000028602
ENSG00000151498,ENSMFAG00000038809
ENSG00000066044,ENSMFAG00000040787
ENSG00000146013,ENSMFAG00000043925
ENSG00000144468,ENSMFAG00000030915
ENSG00000106384,ENSMFAG00000033603
ENSG00000105701,ENSMFAG00000034676
ENSG00000174628,ENSMFAG00000033259
ENSG00000075624,ENSMFAG00000031981
ENSG00000186952,ENSMFAG00000001672
ENSG00000166455,ENSMFAG00000041497
ENSG00000150455,ENSMFAG00000042234
ENSG00000186889,ENSMFAG00000063543
ENSG00000169951,ENSMFAG00000003192
ENSG00000145911,ENSMFAG00000060893
ENSG00000167113,ENSMFAG00000039955
ENSG00000214711,ENSMFAG00000035929
ENSG00000070770,ENSMFAG00000043132
ENSG00000166033,ENSMFAG00000044439
ENSG00000013016,ENSMFAG00000033132
ENSG00000145936,ENSMFAG00000002422
ENSG00000198643,ENSMFAG00000063776
ENSG00000175309,ENSMFAG00000004010
ENSG00000080493,ENSMFAG00000000956
ENSG00000137656,ENSMFAG00000036204
ENSG00000134318,ENSMFAG00000043366
ENSG00000107140,ENSMFAG00000034790
ENSG00000166123,ENSMFAG00000033087
ENSG00000110435,ENSMFAG00000042807
ENSG00000023041,ENSMFAG00000041749
ENSG00000141750,ENSMFAG00000045995
ENSG00000106823,ENSMFAG00000034111
ENSG00000105989,ENSMFAG00000044147
ENSG00000111596,ENSMFAG00000034373
ENSG00000171298,ENSMFAG00000043192
ENSG00000005020,ENSMFAG00000041066
ENSG00000241186,ENSMFAG00000002520
ENSG00000206077,ENSMFAG00000053545
ENSG00000206077,ENSMFAG00000039221
ENSG00000183474,ENSMFAG00000035400
ENSG00000198853,ENSMFAG00000003074
ENSG00000161714,ENSMFAG00000044688
ENSG00000163618,ENSMFAG00000037884
ENSG00000167081,ENSMFAG00000027078
ENSG00000160695,ENSMFAG00000036620
ENSG00000135698,ENSMFAG00000002729
ENSG00000181045,ENSMFAG00000032450
ENSG00000095713,ENSMFAG00000007568
ENSG00000115970,ENSMFAG00000015722
ENSG00000103047,ENSMFAG00000041170
ENSG00000130558,ENSMFAG00000000981
ENSG00000001626,ENSMFAG00000000170
ENSG00000172663,ENSMFAG00000030408
ENSG00000106799,ENSMFAG00000044981
ENSG00000134470,ENSMFAG00000045254
ENSG00000189144,ENSMFAG00000000199
ENSG00000157368,ENSMFAG00000004902
ENSG00000127663,ENSMFAG00000002814
ENSG00000186635,ENSMFAG00000039424
ENSG00000196155,ENSMFAG00000014752
ENSG00000164989,ENSMFAG00000007272
ENSG00000103647,ENSMFAG00000030894
ENSG00000166886,ENSMFAG00000036629
ENSG00000173726,ENSMFAG00000003478
ENSG00000136378,ENSMFAG00000042737
ENSG00000081803,ENSMFAG00000040292
ENSG00000024526,ENSMFAG00000036197
ENSG00000135048,ENSMFAG00000036873
ENSG00000175970,ENSMFAG00000039526
ENSG00000184209,ENSMFAG00000008986
ENSG00000198087,ENSMFAG00000042539
ENSG00000085365,ENSMFAG00000037897
ENSG00000061987,ENSMFAG00000037361
ENSG00000243449,ENSMFAG00000001046
ENSG00000152642,ENSMFAG00000032829
ENSG00000168214,ENSMFAG00000001779
ENSG00000155265,ENSMFAG00000002194
ENSG00000107816,ENSMFAG00000048904
ENSG00000152492,ENSMFAG00000034097
ENSG00000143107,ENSMFAG00000003323
ENSG00000039123,ENSMFAG00000031610
ENSG00000103404,ENSMFAG00000036053
ENSG00000160803,ENSMFAG00000031866
ENSG00000103550,ENSMFAG00000040796
ENSG00000071626,ENSMFAG00000000789
ENSG00000005238,ENSMFAG00000043531
ENSG00000168038,ENSMFAG00000029259
ENSG00000148572,ENSMFAG00000031882
ENSG00000085999,ENSMFAG00000031241
ENSG00000166816,ENSMFAG00000029402
ENSG00000148498,ENSMFAG00000002675
ENSG00000127415,ENSMFAG00000032030
ENSG00000127241,ENSMFAG00000040221
ENSG00000108342,ENSMFAG00000001645
ENSG00000087237,ENSMFAG00000046128
ENSG00000182473,ENSMFAG00000000583
ENSG00000175130,ENSMFAG00000019212
ENSG00000137463,ENSMFAG00000044238
ENSG00000138646,ENSMFAG00000045729
ENSG00000172340,ENSMFAG00000041500
ENSG00000179820,ENSMFAG00000030028
ENSG00000116205,ENSMFAG00000032500
ENSG00000153266,ENSMFAG00000039881
ENSG00000083223,ENSMFAG00000000971
ENSG00000142751,ENSMFAG00000036999
ENSG00000170271,ENSMFAG00000031322
ENSG00000181555,ENSMFAG00000001601
ENSG00000142937,ENSMFAG00000018632
ENSG00000142937,ENSMFAG00000038063
ENSG00000124302,ENSMFAG00000031076
ENSG00000116209,ENSMFAG00000033134
ENSG00000174521,ENSMFAG00000035633
ENSG00000196620,ENSMFAG00000056775
ENSG00000198453,ENSMFAG00000062095
ENSG00000151718,ENSMFAG00000033741
ENSG00000094880,ENSMFAG00000002420
ENSG00000132423,ENSMFAG00000034338
ENSG00000103021,ENSMFAG00000030602
ENSG00000185250,ENSMFAG00000041361
ENSG00000131037,ENSMFAG00000000977
ENSG00000178773,ENSMFAG00000038027
ENSG00000136933,ENSMFAG00000042018
ENSG00000067113,ENSMFAG00000030691
ENSG00000090097,ENSMFAG00000001431
ENSG00000130305,ENSMFAG00000037773
ENSG00000013561,ENSMFAG00000039262
ENSG00000253831,ENSMFAG00000036344
ENSG00000137486,ENSMFAG00000042650
ENSG00000102981,ENSMFAG00000030985
ENSG00000029639,ENSMFAG00000031968
ENSG00000143786,ENSMFAG00000039040
ENSG00000197355,ENSMFAG00000031392
ENSG00000125166,ENSMFAG00000000866
ENSG00000111880,ENSMFAG00000030988
ENSG00000146842,ENSMFAG00000046068
ENSG00000183439,ENSMFAG00000026475
ENSG00000176261,ENSMFAG00000033163
ENSG00000134852,ENSMFAG00000043377
ENSG00000119408,ENSMFAG00000043882
ENSG00000121289,ENSMFAG00000001684
ENSG00000163481,ENSMFAG00000000075
ENSG00000105854,ENSMFAG00000001162
ENSG00000146463,ENSMFAG00000032709
ENSG00000124541,ENSMFAG00000003547
ENSG00000153048,ENSMFAG00000049096
ENSG00000198755,ENSMFAG00000040600
ENSG00000176531,ENSMFAG00000033373
ENSG00000146122,ENSMFAG00000036168
ENSG00000171522,ENSMFAG00000040505
ENSG00000141905,ENSMFAG00000000744
ENSG00000120868,ENSMFAG00000039197
ENSG00000119729,ENSMFAG00000054514
ENSG00000079215,ENSMFAG00000024693
ENSG00000138081,ENSMFAG00000030637
ENSG00000196937,ENSMFAG00000043181
ENSG00000148180,ENSMFAG00000045940
ENSG00000175567,ENSMFAG00000003662
ENSG00000108424,ENSMFAG00000030197
ENSG00000116774,ENSMFAG00000041763
ENSG00000137942,ENSMFAG00000007905
ENSG00000204947,ENSMFAG00000053652
ENSG00000006715,ENSMFAG00000041501
ENSG00000143771,ENSMFAG00000003700
ENSG00000014824,ENSMFAG00000003491
ENSG00000104983,ENSMFAG00000035042
ENSG00000166444,ENSMFAG00000044657
ENSG00000115211,ENSMFAG00000044359
ENSG00000159377,ENSMFAG00000033442
ENSG00000113312,ENSMFAG00000040270
ENSG00000153786,ENSMFAG00000042544
ENSG00000243649,ENSMFAG00000059371
ENSG00000127125,ENSMFAG00000040979
ENSG00000132763,ENSMFAG00000045813
ENSG00000161640,ENSMFAG00000036627
ENSG00000161640,ENSMFAG00000047263
ENSG00000112874,ENSMFAG00000034456
ENSG00000149923,ENSMFAG00000041016
ENSG00000143748,ENSMFAG00000003164
ENSG00000141569,ENSMFAG00000051824
ENSG00000112981,ENSMFAG00000038119
ENSG00000126247,ENSMFAG00000036042
ENSG00000126247,ENSMFAG00000007624
ENSG00000145506,ENSMFAG00000046329
ENSG00000180329,ENSMFAG00000059939
ENSG00000109790,ENSMFAG00000042012
ENSG00000141698,ENSMFAG00000001374
ENSG00000128050,ENSMFAG00000033255
ENSG00000198624,ENSMFAG00000029997
ENSG00000124615,ENSMFAG00000030647
ENSG00000164587,ENSMFAG00000039531
ENSG00000122566,ENSMFAG00000002536
ENSG00000160961,ENSMFAG00000035483
ENSG00000103056,ENSMFAG00000002454
ENSG00000126561,ENSMFAG00000020904
ENSG00000143106,ENSMFAG00000000081
ENSG00000169247,ENSMFAG00000001106
ENSG00000135314,ENSMFAG00000037484
ENSG00000038210,ENSMFAG00000033102
ENSG00000204227,ENSMFAG00000002610
ENSG00000163586,ENSMFAG00000032378
ENSG00000122406,ENSMFAG00000003915
ENSG00000122406,ENSMFAG00000033619
ENSG00000168743,ENSMFAG00000045955
ENSG00000112343,ENSMFAG00000038661
ENSG00000168830,ENSMFAG00000030866
ENSG00000178226,ENSMFAG00000045915
ENSG00000171604,ENSMFAG00000042243
ENSG00000204351,ENSMFAG00000034235
ENSG00000111670,ENSMFAG00000038457
ENSG00000126453,ENSMFAG00000042931
ENSG00000053372,ENSMFAG00000033225
ENSG00000168385,ENSMFAG00000039700
ENSG00000103429,ENSMFAG00000039965
ENSG00000154122,ENSMFAG00000038859
ENSG00000123094,ENSMFAG00000001620
ENSG00000084636,ENSMFAG00000042878
ENSG00000150753,ENSMFAG00000045954
ENSG00000140968,ENSMFAG00000031542
ENSG00000205403,ENSMFAG00000032258
ENSG00000023697,ENSMFAG00000000908
ENSG00000052802,ENSMFAG00000045090
ENSG00000105290,ENSMFAG00000038687
ENSG00000214941,ENSMFAG00000045902
ENSG00000257017,ENSMFAG00000002142
ENSG00000257017,ENSMFAG00000003873
ENSG00000163738,ENSMFAG00000036503
ENSG00000135473,ENSMFAG00000002293
ENSG00000163703,ENSMFAG00000001014
ENSG00000168818,ENSMFAG00000043473
ENSG00000161513,ENSMFAG00000045117
ENSG00000153132,ENSMFAG00000044499
ENSG00000134690,ENSMFAG00000001570
ENSG00000168824,ENSMFAG00000043521
ENSG00000164330,ENSMFAG00000034539
ENSG00000198793,ENSMFAG00000039920
ENSG00000203722,ENSMFAG00000042333
ENSG00000010017,ENSMFAG00000032796
ENSG00000181163,ENSMFAG00000043579
ENSG00000145331,ENSMFAG00000006620
ENSG00000112237,ENSMFAG00000030903
ENSG00000138678,ENSMFAG00000056266
ENSG00000104907,ENSMFAG00000033143
ENSG00000169762,ENSMFAG00000033652
ENSG00000005844,ENSMFAG00000003265
ENSG00000087266,ENSMFAG00000040599
ENSG00000106415,ENSMFAG00000038435
ENSG00000166024,ENSMFAG00000036084
ENSG00000042753,ENSMFAG00000022670
ENSG00000144895,ENSMFAG00000045972
ENSG00000127526,ENSMFAG00000034490
ENSG00000197253,ENSMFAG00000043035
ENSG00000135454,ENSMFAG00000034688
ENSG00000132589,ENSMFAG00000039682
ENSG00000197050,ENSMFAG00000001822
ENSG00000157954,ENSMFAG00000044800
ENSG00000103355,ENSMFAG00000002503
ENSG00000177551,ENSMFAG00000057471
ENSG00000077152,ENSMFAG00000042839
ENSG00000140854,ENSMFAG00000043372
ENSG00000089876,ENSMFAG00000045315
ENSG00000266028,ENSMFAG00000003779
ENSG00000142556,ENSMFAG00000032624
ENSG00000114631,ENSMFAG00000003876
ENSG00000110888,ENSMFAG00000025167
ENSG00000163520,ENSMFAG00000003835
ENSG00000176920,ENSMFAG00000065065
ENSG00000122359,ENSMFAG00000045443
ENSG00000138814,ENSMFAG00000003655
ENSG00000197256,ENSMFAG00000048880
ENSG00000127980,ENSMFAG00000045505
ENSG00000086205,ENSMFAG00000044622
ENSG00000171962,ENSMFAG00000030717
ENSG00000081019,ENSMFAG00000000754
ENSG00000186439,ENSMFAG00000000095
ENSG00000163285,ENSMFAG00000030419
ENSG00000142669,ENSMFAG00000031063
ENSG00000164116,ENSMFAG00000032061
ENSG00000117724,ENSMFAG00000038702
ENSG00000117614,ENSMFAG00000041831
ENSG00000266472,ENSMFAG00000042375
ENSG00000104892,ENSMFAG00000041224
ENSG00000121578,ENSMFAG00000003907
ENSG00000164008,ENSMFAG00000034667
ENSG00000169221,ENSMFAG00000053026
ENSG00000117500,ENSMFAG00000039021
ENSG00000117697,ENSMFAG00000042309
ENSG00000224470,ENSMFAG00000029752
ENSG00000167977,ENSMFAG00000054420
ENSG00000235109,ENSMFAG00000001436
ENSG00000185220,ENSMFAG00000044637
ENSG00000170889,ENSMFAG00000033649
ENSG00000117748,ENSMFAG00000022522
ENSG00000005189,ENSMFAG00000036613
ENSG00000110367,ENSMFAG00000042472
ENSG00000161682,ENSMFAG00000061181
ENSG00000143476,ENSMFAG00000045273
ENSG00000239697,ENSMFAG00000002034
ENSG00000164494,ENSMFAG00000031137
ENSG00000112992,ENSMFAG00000045905
ENSG00000111877,ENSMFAG00000002788
ENSG00000002834,ENSMFAG00000040277
ENSG00000105568,ENSMFAG00000000132
ENSG00000198556,ENSMFAG00000041302
ENSG00000135315,ENSMFAG00000031492
ENSG00000108953,ENSMFAG00000039687
ENSG00000134369,ENSMFAG00000029861
ENSG00000103313,ENSMFAG00000041452
ENSG00000166526,ENSMFAG00000031300
ENSG00000073969,ENSMFAG00000032937
ENSG00000001561,ENSMFAG00000044542
ENSG00000204371,ENSMFAG00000032125
ENSG00000149090,ENSMFAG00000042856
ENSG00000160796,ENSMFAG00000000234
ENSG00000060566,ENSMFAG00000040065
ENSG00000159720,ENSMFAG00000000689
ENSG00000162851,ENSMFAG00000000959
ENSG00000145335,ENSMFAG00000041402
ENSG00000215784,ENSMFAG00000043825
ENSG00000149541,ENSMFAG00000037575
ENSG00000197785,ENSMFAG00000040177
ENSG00000197785,ENSMFAG00000037339
ENSG00000059573,ENSMFAG00000001272
ENSG00000129757,ENSMFAG00000037524
ENSG00000093167,ENSMFAG00000032193
ENSG00000105519,ENSMFAG00000044715
ENSG00000110075,ENSMFAG00000036974
ENSG00000103148,ENSMFAG00000059670
ENSG00000103148,ENSMFAG00000042289
ENSG00000108602,ENSMFAG00000043076
ENSG00000092621,ENSMFAG00000032226
ENSG00000151694,ENSMFAG00000039177
ENSG00000104835,ENSMFAG00000035652
ENSG00000171345,ENSMFAG00000003391
ENSG00000168538,ENSMFAG00000039616
ENSG00000182173,ENSMFAG00000000712
ENSG00000155026,ENSMFAG00000030711
ENSG00000176788,ENSMFAG00000062744
ENSG00000178175,ENSMFAG00000001780
ENSG00000122008,ENSMFAG00000043179
ENSG00000184922,ENSMFAG00000033275
ENSG00000143158,ENSMFAG00000046294
ENSG00000106392,ENSMFAG00000031532
ENSG00000179134,ENSMFAG00000035753
ENSG00000168283,ENSMFAG00000038107
ENSG00000156076,ENSMFAG00000038475
ENSG00000115446,ENSMFAG00000037959
ENSG00000145293,ENSMFAG00000032318
ENSG00000145293,ENSMFAG00000000230
ENSG00000145293,ENSMFAG00000062369
ENSG00000157216,ENSMFAG00000031124
ENSG00000128059,ENSMFAG00000041933
ENSG00000141232,ENSMFAG00000025713
ENSG00000170667,ENSMFAG00000031907
ENSG00000127314,ENSMFAG00000046085
ENSG00000127314,ENSMFAG00000016864
ENSG00000188895,ENSMFAG00000032609
ENSG00000215375,ENSMFAG00000043067
ENSG00000138002,ENSMFAG00000041565
ENSG00000099785,ENSMFAG00000064335
ENSG00000145864,ENSMFAG00000033709
ENSG00000105967,ENSMFAG00000035684
ENSG00000177302,ENSMFAG00000044142
ENSG00000189409,ENSMFAG00000039418
ENSG00000170502,ENSMFAG00000002084
ENSG00000170430,ENSMFAG00000051214
ENSG00000135269,ENSMFAG00000005909
ENSG00000164463,ENSMFAG00000036600
ENSG00000177954,ENSMFAG00000036388
ENSG00000103091,ENSMFAG00000036379
ENSG00000112039,ENSMFAG00000029851
ENSG00000180817,ENSMFAG00000043098
ENSG00000137960,ENSMFAG00000059582
ENSG00000270647,ENSMFAG00000041941
ENSG00000169026,ENSMFAG00000044152
ENSG00000112290,ENSMFAG00000002297
ENSG00000146592,ENSMFAG00000037539
ENSG00000105063,ENSMFAG00000001991
ENSG00000162512,ENSMFAG00000045826
ENSG00000058453,ENSMFAG00000036747
ENSG00000132434,ENSMFAG00000045262
ENSG00000109180,ENSMFAG00000043928
ENSG00000254852,ENSMFAG00000034521
ENSG00000067057,ENSMFAG00000043758
ENSG00000029725,ENSMFAG00000037357
ENSG00000131653,ENSMFAG00000045280
ENSG00000173041,ENSMFAG00000002261
ENSG00000160991,ENSMFAG00000052103
ENSG00000169919,ENSMFAG00000048686
ENSG00000169919,ENSMFAG00000039768
ENSG00000117505,ENSMFAG00000036672
ENSG00000064703,ENSMFAG00000031755
ENSG00000170162,ENSMFAG00000039023
ENSG00000198563,ENSMFAG00000034233
ENSG00000145687,ENSMFAG00000044245
ENSG00000000460,ENSMFAG00000039080
ENSG00000095739,ENSMFAG00000037543
ENSG00000115170,ENSMFAG00000042305
ENSG00000175395,ENSMFAG00000031253
ENSG00000175395,ENSMFAG00000043027
ENSG00000197430,ENSMFAG00000043114
ENSG00000133193,ENSMFAG00000042824
ENSG00000154678,ENSMFAG00000046067
ENSG00000167720,ENSMFAG00000042683
ENSG00000078114,ENSMFAG00000042804
ENSG00000166685,ENSMFAG00000018901
ENSG00000185361,ENSMFAG00000060730
ENSG00000142512,ENSMFAG00000003757
ENSG00000158717,ENSMFAG00000039545
ENSG00000142694,ENSMFAG00000053220
ENSG00000167721,ENSMFAG00000021330
ENSG00000167967,ENSMFAG00000038250
ENSG00000008128,ENSMFAG00000044220
ENSG00000157800,ENSMFAG00000038757
ENSG00000139192,ENSMFAG00000035334
ENSG00000119979,ENSMFAG00000055072
ENSG00000167543,ENSMFAG00000040828
ENSG00000139531,ENSMFAG00000039926
ENSG00000148832,ENSMFAG00000043355
ENSG00000055483,ENSMFAG00000003093
ENSG00000074582,ENSMFAG00000044997
ENSG00000198964,ENSMFAG00000002389
ENSG00000171806,ENSMFAG00000022253
ENSG00000162814,ENSMFAG00000030832
ENSG00000007516,ENSMFAG00000001912
ENSG00000134744,ENSMFAG00000011842
ENSG00000048540,ENSMFAG00000029171
ENSG00000030110,ENSMFAG00000029410
ENSG00000126522,ENSMFAG00000046143
ENSG00000157637,ENSMFAG00000040675
ENSG00000204936,ENSMFAG00000052509
ENSG00000204936,ENSMFAG00000042985
ENSG00000137309,ENSMFAG00000059689
ENSG00000136770,ENSMFAG00000004029
ENSG00000119559,ENSMFAG00000027143
ENSG00000111684,ENSMFAG00000038298
ENSG00000117602,ENSMFAG00000032259
ENSG00000107521,ENSMFAG00000036329
ENSG00000131508,ENSMFAG00000003689
ENSG00000132773,ENSMFAG00000042312
ENSG00000174130,ENSMFAG00000002517
ENSG00000178163,ENSMFAG00000030181
ENSG00000234127,ENSMFAG00000029818
ENSG00000092853,ENSMFAG00000021652
ENSG00000145358,ENSMFAG00000046154
ENSG00000044115,ENSMFAG00000041124
ENSG00000044115,ENSMFAG00000047568
ENSG00000150625,ENSMFAG00000030986
ENSG00000130300,ENSMFAG00000040183
ENSG00000142546,ENSMFAG00000031153
ENSG00000052126,ENSMFAG00000043356
ENSG00000108384,ENSMFAG00000002129
ENSG00000082898,ENSMFAG00000038679
ENSG00000122852,ENSMFAG00000039235
ENSG00000122852,ENSMFAG00000051159
ENSG00000109320,ENSMFAG00000036555
ENSG00000272514,ENSMFAG00000035889
ENSG00000143842,ENSMFAG00000032765
ENSG00000204655,ENSMFAG00000037244
ENSG00000168961,ENSMFAG00000043507
ENSG00000168961,ENSMFAG00000065551
ENSG00000141968,ENSMFAG00000039752
ENSG00000215845,ENSMFAG00000040041
ENSG00000117245,ENSMFAG00000043993
ENSG00000060140,ENSMFAG00000031360
ENSG00000164306,ENSMFAG00000000469
ENSG00000115504,ENSMFAG00000043351
ENSG00000135837,ENSMFAG00000037570
ENSG00000104859,ENSMFAG00000032121
ENSG00000146350,ENSMFAG00000038607
ENSG00000001460,ENSMFAG00000038760
ENSG00000159479,ENSMFAG00000042006
ENSG00000008294,ENSMFAG00000035882
ENSG00000247077,ENSMFAG00000003060
ENSG00000162377,ENSMFAG00000050200
ENSG00000122550,ENSMFAG00000038387
ENSG00000117519,ENSMFAG00000043860
ENSG00000060138,ENSMFAG00000039369
ENSG00000126458,ENSMFAG00000029942
ENSG00000221988,ENSMFAG00000018625
ENSG00000137462,ENSMFAG00000012822
ENSG00000105136,ENSMFAG00000035378
ENSG00000090316,ENSMFAG00000001193
ENSG00000079156,ENSMFAG00000003510
ENSG00000130731,ENSMFAG00000031552
ENSG00000198822,ENSMFAG00000002229
ENSG00000130176,ENSMFAG00000044196
ENSG00000164815,ENSMFAG00000002616
ENSG00000162694,ENSMFAG00000001251
ENSG00000172081,ENSMFAG00000003334
ENSG00000185864,ENSMFAG00000034521
ENSG00000060656,ENSMFAG00000001608
ENSG00000187151,ENSMFAG00000036602
ENSG00000007520,ENSMFAG00000031171
ENSG00000148985,ENSMFAG00000036676
ENSG00000125505,ENSMFAG00000057091
ENSG00000139540,ENSMFAG00000044988
ENSG00000166592,ENSMFAG00000032485
ENSG00000091129,ENSMFAG00000043417
ENSG00000040731,ENSMFAG00000001810
ENSG00000109686,ENSMFAG00000032402
ENSG00000118689,ENSMFAG00000033615
ENSG00000137364,ENSMFAG00000032943
ENSG00000167460,ENSMFAG00000001012
ENSG00000167460,ENSMFAG00000059252
ENSG00000027847,ENSMFAG00000040618
ENSG00000076685,ENSMFAG00000035950
ENSG00000133302,ENSMFAG00000028903
ENSG00000047932,ENSMFAG00000032714
ENSG00000121380,ENSMFAG00000001577
ENSG00000107745,ENSMFAG00000000891
ENSG00000185049,ENSMFAG00000035742
ENSG00000156427,ENSMFAG00000064381
ENSG00000113389,ENSMFAG00000043552
ENSG00000142459,ENSMFAG00000045931
ENSG00000204644,ENSMFAG00000033585
ENSG00000102977,ENSMFAG00000038023
ENSG00000135525,ENSMFAG00000042781
ENSG00000143155,ENSMFAG00000045557
ENSG00000139437,ENSMFAG00000035910
ENSG00000158555,ENSMFAG00000043053
ENSG00000197712,ENSMFAG00000001528
ENSG00000124279,ENSMFAG00000040312
ENSG00000163344,ENSMFAG00000032448
ENSG00000049656,ENSMFAG00000039815
ENSG00000143179,ENSMFAG00000032681
ENSG00000138744,ENSMFAG00000041803
ENSG00000111344,ENSMFAG00000016595
ENSG00000196502,ENSMFAG00000045870
ENSG00000103042,ENSMFAG00000045340
ENSG00000145362,ENSMFAG00000032015
ENSG00000269858,ENSMFAG00000046019
ENSG00000097021,ENSMFAG00000041552
ENSG00000138172,ENSMFAG00000002974
ENSG00000196263,ENSMFAG00000053089
ENSG00000198825,ENSMFAG00000042323
ENSG00000141338,ENSMFAG00000046401
ENSG00000167969,ENSMFAG00000001454
ENSG00000168724,ENSMFAG00000001345
ENSG00000185800,ENSMFAG00000033696
ENSG00000143368,ENSMFAG00000042395
ENSG00000164506,ENSMFAG00000001785
ENSG00000186973,ENSMFAG00000032517
ENSG00000135773,ENSMFAG00000042957
ENSG00000179965,ENSMFAG00000036200
ENSG00000099246,ENSMFAG00000006430
ENSG00000102908,ENSMFAG00000037197
ENSG00000158793,ENSMFAG00000037273
ENSG00000152409,ENSMFAG00000044839
ENSG00000180233,ENSMFAG00000007926
ENSG00000214960,ENSMFAG00000041254
ENSG00000119927,ENSMFAG00000032340
ENSG00000133597,ENSMFAG00000007386
ENSG00000079387,ENSMFAG00000046298
ENSG00000079387,ENSMFAG00000001564
ENSG00000110497,ENSMFAG00000002000
ENSG00000142973,ENSMFAG00000031207
ENSG00000039319,ENSMFAG00000039223
ENSG00000272047,ENSMFAG00000037102
ENSG00000105851,ENSMFAG00000033319
ENSG00000167775,ENSMFAG00000013824
ENSG00000111371,ENSMFAG00000009753
ENSG00000146833,ENSMFAG00000037036
ENSG00000135164,ENSMFAG00000001957
ENSG00000105202,ENSMFAG00000043908
ENSG00000159461,ENSMFAG00000042034
ENSG00000024048,ENSMFAG00000041378
ENSG00000185009,ENSMFAG00000045360
ENSG00000152078,ENSMFAG00000037599
ENSG00000144476,ENSMFAG00000029542
ENSG00000173838,ENSMFAG00000037996
ENSG00000137261,ENSMFAG00000041252
ENSG00000082438,ENSMFAG00000041468
ENSG00000181830,ENSMFAG00000052749
ENSG00000016082,ENSMFAG00000035949
ENSG00000204219,ENSMFAG00000044184
ENSG00000110200,ENSMFAG00000050519
ENSG00000172006,ENSMFAG00000045795
ENSG00000067365,ENSMFAG00000027750
ENSG00000213316,ENSMFAG00000043066
ENSG00000130159,ENSMFAG00000036660
ENSG00000148660,ENSMFAG00000029191
ENSG00000133030,ENSMFAG00000037689
ENSG00000112701,ENSMFAG00000041950
ENSG00000113300,ENSMFAG00000030867
ENSG00000196118,ENSMFAG00000035701
ENSG00000170231,ENSMFAG00000002028
ENSG00000064270,ENSMFAG00000041363
ENSG00000055070,ENSMFAG00000000197
ENSG00000166292,ENSMFAG00000049474
ENSG00000104998,ENSMFAG00000038013
ENSG00000117114,ENSMFAG00000035421
ENSG00000214530,ENSMFAG00000018716
ENSG00000115507,ENSMFAG00000031554
ENSG00000168883,ENSMFAG00000041090
ENSG00000119396,ENSMFAG00000047714
ENSG00000162069,ENSMFAG00000001950
ENSG00000112893,ENSMFAG00000045111
ENSG00000154920,ENSMFAG00000040987
ENSG00000179889,ENSMFAG00000037365
ENSG00000075223,ENSMFAG00000000365
ENSG00000096401,ENSMFAG00000000812
ENSG00000105538,ENSMFAG00000002655
ENSG00000124507,ENSMFAG00000036381
ENSG00000215041,ENSMFAG00000026826
ENSG00000146247,ENSMFAG00000039797
ENSG00000170340,ENSMFAG00000029481
ENSG00000160584,ENSMFAG00000041223
ENSG00000138032,ENSMFAG00000000709
ENSG00000269825,ENSMFAG00000003749
ENSG00000105771,ENSMFAG00000040840
ENSG00000135480,ENSMFAG00000032813
ENSG00000120729,ENSMFAG00000001192
ENSG00000130024,ENSMFAG00000044678
ENSG00000049540,ENSMFAG00000046693
ENSG00000145740,ENSMFAG00000036926
ENSG00000105401,ENSMFAG00000037601
ENSG00000092871,ENSMFAG00000036080
ENSG00000198001,ENSMFAG00000032703
ENSG00000124608,ENSMFAG00000037353
ENSG00000115318,ENSMFAG00000039237
ENSG00000105229,ENSMFAG00000046119
ENSG00000113558,ENSMFAG00000052365
ENSG00000124702,ENSMFAG00000039386
ENSG00000108788,ENSMFAG00000045041
ENSG00000099337,ENSMFAG00000032940
ENSG00000198858,ENSMFAG00000044131
ENSG00000135392,ENSMFAG00000040360
ENSG00000043462,ENSMFAG00000040627
ENSG00000184185,ENSMFAG00000030169
ENSG00000132470,ENSMFAG00000001695
ENSG00000130669,ENSMFAG00000026283
ENSG00000173926,ENSMFAG00000046331
ENSG00000113318,ENSMFAG00000043794
ENSG00000162949,ENSMFAG00000004701
ENSG00000167986,ENSMFAG00000042035
ENSG00000140992,ENSMFAG00000030857
ENSG00000132429,ENSMFAG00000040532
ENSG00000204305,ENSMFAG00000038314
ENSG00000115325,ENSMFAG00000042078
ENSG00000082153,ENSMFAG00000020809
ENSG00000198677,ENSMFAG00000040876
ENSG00000103126,ENSMFAG00000002216
ENSG00000148444,ENSMFAG00000043982
ENSG00000182326,ENSMFAG00000044978
ENSG00000108219,ENSMFAG00000045856
ENSG00000102897,ENSMFAG00000003508
ENSG00000251247,ENSMFAG00000064152
ENSG00000104774,ENSMFAG00000042986
ENSG00000168807,ENSMFAG00000044911
ENSG00000103121,ENSMFAG00000030783
ENSG00000144214,ENSMFAG00000031984
ENSG00000184182,ENSMFAG00000064025
ENSG00000150394,ENSMFAG00000031066
ENSG00000197948,ENSMFAG00000033954
ENSG00000001036,ENSMFAG00000044682
ENSG00000116641,ENSMFAG00000032390
ENSG00000139436,ENSMFAG00000038129
ENSG00000198945,ENSMFAG00000036330
ENSG00000149932,ENSMFAG00000000244
ENSG00000170074,ENSMFAG00000054562
ENSG00000166451,ENSMFAG00000032373
ENSG00000138308,ENSMFAG00000035830
ENSG00000164574,ENSMFAG00000035971
ENSG00000107862,ENSMFAG00000002812
ENSG00000130511,ENSMFAG00000041433
ENSG00000102984,ENSMFAG00000029323
ENSG00000152348,ENSMFAG00000031807
ENSG00000137288,ENSMFAG00000039620
ENSG00000111845,ENSMFAG00000049083
ENSG00000112584,ENSMFAG00000036537
ENSG00000105186,ENSMFAG00000030329
ENSG00000146005,ENSMFAG00000035669
ENSG00000113161,ENSMFAG00000036118
ENSG00000140983,ENSMFAG00000045952
ENSG00000143867,ENSMFAG00000039189
ENSG00000187123,ENSMFAG00000002977
ENSG00000198719,ENSMFAG00000002701
ENSG00000003756,ENSMFAG00000031609
ENSG00000184281,ENSMFAG00000038372
ENSG00000095002,ENSMFAG00000001635
ENSG00000108559,ENSMFAG00000036967
ENSG00000010810,ENSMFAG00000000074
ENSG00000149476,ENSMFAG00000032712
ENSG00000140678,ENSMFAG00000032646
ENSG00000176102,ENSMFAG00000029516
ENSG00000152910,ENSMFAG00000001819
ENSG00000151572,ENSMFAG00000036524
ENSG00000214026,ENSMFAG00000034529
ENSG00000187550,ENSMFAG00000044159
ENSG00000180448,ENSMFAG00000037188
ENSG00000095139,ENSMFAG00000029358
ENSG00000129250,ENSMFAG00000038587
ENSG00000310517,ENSMFAG00000033350
ENSG00000102967,ENSMFAG00000043915
ENSG00000144647,ENSMFAG00000014340
ENSG00000067955,ENSMFAG00000001241
ENSG00000181322,ENSMFAG00000032445
ENSG00000172456,ENSMFAG00000037904
ENSG00000156599,ENSMFAG00000031545
ENSG00000156873,ENSMFAG00000004011
ENSG00000055955,ENSMFAG00000038477
ENSG00000213023,ENSMFAG00000045001
ENSG00000002330,ENSMFAG00000035492
ENSG00000143951,ENSMFAG00000033390
ENSG00000070404,ENSMFAG00000039093
ENSG00000166394,ENSMFAG00000031626
ENSG00000065427,ENSMFAG00000040024
ENSG00000035403,ENSMFAG00000047574
ENSG00000104915,ENSMFAG00000039740
ENSG00000072210,ENSMFAG00000032076
ENSG00000011243,ENSMFAG00000045237
ENSG00000103222,ENSMFAG00000039441
ENSG00000173264,ENSMFAG00000041235
ENSG00000119943,ENSMFAG00000034078
ENSG00000112308,ENSMFAG00000039257
ENSG00000065548,ENSMFAG00000001625
ENSG00000156650,ENSMFAG00000032437
ENSG00000154133,ENSMFAG00000049192
ENSG00000154133,ENSMFAG00000041428
ENSG00000172137,ENSMFAG00000045637
ENSG00000162545,ENSMFAG00000041772
ENSG00000163032,ENSMFAG00000063922
ENSG00000164002,ENSMFAG00000008984
ENSG00000185761,ENSMFAG00000036443
ENSG00000074706,ENSMFAG00000045011
ENSG00000138792,ENSMFAG00000043564
ENSG00000169696,ENSMFAG00000032150
ENSG00000099260,ENSMFAG00000001331
ENSG00000169180,ENSMFAG00000045067
ENSG00000162419,ENSMFAG00000031717
ENSG00000172292,ENSMFAG00000046177
ENSG00000110583,ENSMFAG00000034118
ENSG00000144115,ENSMFAG00000012127
ENSG00000099834,ENSMFAG00000028350
ENSG00000250510,ENSMFAG00000037690
ENSG00000087338,ENSMFAG00000003922
ENSG00000169213,ENSMFAG00000056941
ENSG00000057657,ENSMFAG00000037637
ENSG00000109736,ENSMFAG00000038471
ENSG00000134245,ENSMFAG00000002295
ENSG00000189079,ENSMFAG00000038693
ENSG00000071242,ENSMFAG00000032453
ENSG00000196388,ENSMFAG00000041330
ENSG00000103343,ENSMFAG00000025850
ENSG00000144290,ENSMFAG00000034426
ENSG00000110925,ENSMFAG00000061964
ENSG00000103051,ENSMFAG00000032596
ENSG00000123342,ENSMFAG00000002663
ENSG00000141510,ENSMFAG00000038506
ENSG00000109667,ENSMFAG00000042334
ENSG00000023734,ENSMFAG00000000987
ENSG00000035928,ENSMFAG00000041957
ENSG00000079246,ENSMFAG00000039293
ENSG00000006712,ENSMFAG00000046024
ENSG00000166856,ENSMFAG00000064680
ENSG00000170515,ENSMFAG00000042571
ENSG00000137198,ENSMFAG00000036837
ENSG00000166575,ENSMFAG00000016730
ENSG00000107938,ENSMFAG00000003945
ENSG00000230989,ENSMFAG00000000302
ENSG00000156508,ENSMFAG00000045026
ENSG00000140853,ENSMFAG00000032845
ENSG00000099817,ENSMFAG00000002884
ENSG00000144909,ENSMFAG00000044778
ENSG00000164128,ENSMFAG00000001038
ENSG00000125388,ENSMFAG00000000327
ENSG00000165810,ENSMFAG00000008203
ENSG00000165810,ENSMFAG00000060950
ENSG00000050405,ENSMFAG00000002376
ENSG00000154813,ENSMFAG00000043479
ENSG00000163811,ENSMFAG00000031243
ENSG00000154814,ENSMFAG00000043666
ENSG00000173145,ENSMFAG00000032429
ENSG00000169519,ENSMFAG00000043868
ENSG00000145685,ENSMFAG00000036894
ENSG00000176714,ENSMFAG00000039489
ENSG00000090661,ENSMFAG00000044404
ENSG00000166900,ENSMFAG00000033872
ENSG00000198203,ENSMFAG00000021588
ENSG00000177791,ENSMFAG00000046315
ENSG00000170584,ENSMFAG00000052748
ENSG00000113569,ENSMFAG00000040363
ENSG00000108055,ENSMFAG00000003098
ENSG00000145348,ENSMFAG00000034054
ENSG00000111652,ENSMFAG00000038467
ENSG00000157077,ENSMFAG00000040167
ENSG00000163904,ENSMFAG00000002841
ENSG00000135722,ENSMFAG00000001028
ENSG00000186187,ENSMFAG00000039290
ENSG00000170144,ENSMFAG00000000823
ENSG00000168002,ENSMFAG00000033674
ENSG00000103544,ENSMFAG00000002864
ENSG00000118473,ENSMFAG00000045356
ENSG00000121691,ENSMFAG00000000437
ENSG00000197771,ENSMFAG00000000064
ENSG00000161904,ENSMFAG00000001775
ENSG00000155287,ENSMFAG00000003371
ENSG00000124784,ENSMFAG00000029990
ENSG00000163898,ENSMFAG00000002524
ENSG00000150093,ENSMFAG00000034612
ENSG00000164129,ENSMFAG00000030111
ENSG00000198561,ENSMFAG00000031493
ENSG00000109255,ENSMFAG00000040660
ENSG00000113460,ENSMFAG00000033107
ENSG00000189058,ENSMFAG00000002871
ENSG00000137275,ENSMFAG00000037119
ENSG00000163781,ENSMFAG00000001441
ENSG00000276023,ENSMFAG00000010455
ENSG00000137216,ENSMFAG00000041643
ENSG00000087206,ENSMFAG00000038747
ENSG00000033178,ENSMFAG00000001344
ENSG00000083457,ENSMFAG00000035926
ENSG00000122912,ENSMFAG00000059947
ENSG00000108187,ENSMFAG00000035594
ENSG00000113296,ENSMFAG00000033394
ENSG00000011376,ENSMFAG00000003225
ENSG00000123095,ENSMFAG00000051510
ENSG00000111642,ENSMFAG00000003188
ENSG00000151876,ENSMFAG00000043560
ENSG00000108774,ENSMFAG00000039627
ENSG00000165733,ENSMFAG00000037771
ENSG00000165733,ENSMFAG00000063854
ENSG00000028137,ENSMFAG00000043313
ENSG00000164136,ENSMFAG00000043515
ENSG00000113763,ENSMFAG00000043584
ENSG00000196911,ENSMFAG00000038991
ENSG00000105509,ENSMFAG00000044509
ENSG00000152413,ENSMFAG00000001337
ENSG00000142227,ENSMFAG00000032947
ENSG00000112759,ENSMFAG00000038090
ENSG00000117153,ENSMFAG00000031203
ENSG00000133706,ENSMFAG00000038685
ENSG00000196357,ENSMFAG00000050344
ENSG00000141568,ENSMFAG00000044739
ENSG00000165630,ENSMFAG00000000540
ENSG00000125459,ENSMFAG00000031664
ENSG00000119203,ENSMFAG00000001339
ENSG00000070526,ENSMFAG00000041499
ENSG00000103512,ENSMFAG00000044866
ENSG00000065000,ENSMFAG00000033202
ENSG00000109762,ENSMFAG00000037789
ENSG00000243989,ENSMFAG00000065828
ENSG00000134242,ENSMFAG00000041733
ENSG00000141485,ENSMFAG00000043319
ENSG00000175029,ENSMFAG00000045892
ENSG00000034152,ENSMFAG00000037919
ENSG00000135736,ENSMFAG00000031763
ENSG00000164323,ENSMFAG00000007379
ENSG00000109475,ENSMFAG00000020561
ENSG00000109475,ENSMFAG00000017869
ENSG00000183889,ENSMFAG00000034521
ENSG00000140694,ENSMFAG00000044852
ENSG00000129116,ENSMFAG00000001632
ENSG00000176155,ENSMFAG00000036159
ENSG00000142583,ENSMFAG00000031999
ENSG00000181396,ENSMFAG00000040871
ENSG00000164161,ENSMFAG00000040378
ENSG00000154222,ENSMFAG00000030523
ENSG00000167642,ENSMFAG00000044848
ENSG00000163110,ENSMFAG00000030301
ENSG00000005961,ENSMFAG00000039636
ENSG00000160883,ENSMFAG00000000149
ENSG00000198740,ENSMFAG00000039085
ENSG00000167635,ENSMFAG00000063538
ENSG00000091640,ENSMFAG00000032008
ENSG00000162873,ENSMFAG00000037118
ENSG00000099864,ENSMFAG00000033092
ENSG00000113716,ENSMFAG00000041979
ENSG00000174282,ENSMFAG00000000576
ENSG00000141076,ENSMFAG00000044575
ENSG00000008382,ENSMFAG00000033303
ENSG00000270885,ENSMFAG00000059499
ENSG00000123977,ENSMFAG00000030165
ENSG00000169660,ENSMFAG00000041634
ENSG00000144674,ENSMFAG00000043322
ENSG00000184584,ENSMFAG00000001679
ENSG00000116750,ENSMFAG00000038349
ENSG00000109107,ENSMFAG00000031336
ENSG00000132026,ENSMFAG00000038313
ENSG00000118307,ENSMFAG00000032055
ENSG00000136717,ENSMFAG00000031946
ENSG00000245680,ENSMFAG00000045271
ENSG00000145425,ENSMFAG00000048501
ENSG00000065054,ENSMFAG00000044443
ENSG00000111321,ENSMFAG00000043569
ENSG00000137414,ENSMFAG00000047739
ENSG00000039650,ENSMFAG00000039622
ENSG00000079691,ENSMFAG00000040204
ENSG00000156096,ENSMFAG00000000958
ENSG00000156096,ENSMFAG00000001869
ENSG00000114423,ENSMFAG00000031044
ENSG00000167508,ENSMFAG00000000591
ENSG00000170801,ENSMFAG00000033668
ENSG00000174705,ENSMFAG00000040954
ENSG00000175087,ENSMFAG00000056115
ENSG00000170382,ENSMFAG00000010454
ENSG00000151229,ENSMFAG00000048331
ENSG00000178927,ENSMFAG00000037540
ENSG00000165606,ENSMFAG00000031409
ENSG00000145920,ENSMFAG00000037899
ENSG00000121940,ENSMFAG00000000255
ENSG00000148719,ENSMFAG00000043414
ENSG00000174720,ENSMFAG00000036506
ENSG00000135655,ENSMFAG00000000078
ENSG00000103066,ENSMFAG00000040172
ENSG00000077943,ENSMFAG00000032706
ENSG00000113580,ENSMFAG00000039004
ENSG00000180992,ENSMFAG00000041809
ENSG00000096746,ENSMFAG00000039598
ENSG00000103274,ENSMFAG00000000452
ENSG00000244731,ENSMFAG00000003345
ENSG00000189308,ENSMFAG00000031061
ENSG00000108666,ENSMFAG00000048628
ENSG00000108666,ENSMFAG00000000431
ENSG00000162729,ENSMFAG00000036621
ENSG00000175662,ENSMFAG00000002679
ENSG00000114812,ENSMFAG00000044690
ENSG00000197444,ENSMFAG00000031768
ENSG00000172236,ENSMFAG00000043035
ENSG00000256870,ENSMFAG00000031305
ENSG00000174876,ENSMFAG00000037558
ENSG00000140941,ENSMFAG00000002790
ENSG00000088986,ENSMFAG00000030961
ENSG00000183751,ENSMFAG00000030302
ENSG00000104884,ENSMFAG00000037898
ENSG00000109576,ENSMFAG00000042881
ENSG00000198673,ENSMFAG00000039199
ENSG00000068383,ENSMFAG00000003838
ENSG00000143207,ENSMFAG00000035358
ENSG00000111671,ENSMFAG00000036312
ENSG00000112936,ENSMFAG00000003261
ENSG00000111786,ENSMFAG00000039423
ENSG00000111046,ENSMFAG00000033881
ENSG00000164024,ENSMFAG00000041798
ENSG00000196458,ENSMFAG00000003678
ENSG00000157388,ENSMFAG00000039352
ENSG00000155324,ENSMFAG00000044063
ENSG00000170442,ENSMFAG00000032667
ENSG00000118596,ENSMFAG00000002564
ENSG00000163138,ENSMFAG00000029845
ENSG00000138111,ENSMFAG00000041523
ENSG00000088682,ENSMFAG00000014434
ENSG00000088682,ENSMFAG00000045196
ENSG00000135452,ENSMFAG00000030163
ENSG00000169718,ENSMFAG00000001187
ENSG00000107890,ENSMFAG00000033906
ENSG00000134531,ENSMFAG00000043316
ENSG00000184602,ENSMFAG00000065509
ENSG00000185897,ENSMFAG00000056645
ENSG00000158865,ENSMFAG00000044773
ENSG00000123106,ENSMFAG00000045497
ENSG00000188321,ENSMFAG00000033248
ENSG00000119929,ENSMFAG00000031857
ENSG00000172661,ENSMFAG00000001297
ENSG00000069248,ENSMFAG00000044341
ENSG00000108309,ENSMFAG00000039008
ENSG00000145632,ENSMFAG00000001077
ENSG00000076344,ENSMFAG00000034218
ENSG00000204681,ENSMFAG00000040724
ENSG00000092841,ENSMFAG00000033843
ENSG00000131462,ENSMFAG00000002868
ENSG00000167100,ENSMFAG00000045601
ENSG00000120705,ENSMFAG00000039900
ENSG00000114054,ENSMFAG00000000457
ENSG00000162896,ENSMFAG00000038611
ENSG00000173918,ENSMFAG00000065157
ENSG00000213793,ENSMFAG00000063010
ENSG00000178187,ENSMFAG00000043337
ENSG00000111361,ENSMFAG00000000483
ENSG00000083720,ENSMFAG00000003998
ENSG00000083720,ENSMFAG00000038539
ENSG00000171475,ENSMFAG00000039043
ENSG00000004478,ENSMFAG00000000504
ENSG00000267508,ENSMFAG00000002959
ENSG00000166246,ENSMFAG00000000387
ENSG00000171517,ENSMFAG00000038099
ENSG00000142230,ENSMFAG00000046126
ENSG00000102974,ENSMFAG00000001212
ENSG00000121957,ENSMFAG00000041461
ENSG00000004975,ENSMFAG00000040838
ENSG00000151948,ENSMFAG00000033456
ENSG00000105647,ENSMFAG00000034445
ENSG00000153914,ENSMFAG00000039823
ENSG00000164111,ENSMFAG00000045853
ENSG00000135597,ENSMFAG00000059637
ENSG00000135597,ENSMFAG00000038624
ENSG00000139197,ENSMFAG00000037602
ENSG00000102900,ENSMFAG00000042559
ENSG00000181481,ENSMFAG00000002510
ENSG00000105255,ENSMFAG00000041951
ENSG00000134255,ENSMFAG00000044191
ENSG00000261371,ENSMFAG00000036717
ENSG00000130307,ENSMFAG00000037623
ENSG00000168314,ENSMFAG00000041121
ENSG00000188783,ENSMFAG00000040633
ENSG00000105197,ENSMFAG00000044967
ENSG00000105197,ENSMFAG00000032482
ENSG00000130695,ENSMFAG00000045288
ENSG00000073711,ENSMFAG00000022133
ENSG00000205531,ENSMFAG00000002601
ENSG00000178028,ENSMFAG00000030571
ENSG00000205423,ENSMFAG00000001901
ENSG00000198189,ENSMFAG00000038343
ENSG00000144635,ENSMFAG00000031574
ENSG00000144635,ENSMFAG00000055756
ENSG00000145214,ENSMFAG00000001042
ENSG00000169189,ENSMFAG00000041758
ENSG00000169905,ENSMFAG00000042897
ENSG00000167380,ENSMFAG00000029891
ENSG00000163788,ENSMFAG00000041226
ENSG00000090989,ENSMFAG00000040087
ENSG00000140743,ENSMFAG00000036442
ENSG00000184307,ENSMFAG00000040621
ENSG00000196154,ENSMFAG00000063124
ENSG00000185164,ENSMFAG00000044866
ENSG00000183625,ENSMFAG00000037157
ENSG00000185621,ENSMFAG00000031579
ENSG00000180875,ENSMFAG00000052821
ENSG00000131781,ENSMFAG00000002744
ENSG00000105669,ENSMFAG00000038870
ENSG00000173757,ENSMFAG00000032361
ENSG00000196455,ENSMFAG00000030574
ENSG00000132334,ENSMFAG00000003527
ENSG00000131759,ENSMFAG00000032189
ENSG00000103034,ENSMFAG00000044755
ENSG00000186625,ENSMFAG00000044145
ENSG00000156990,ENSMFAG00000032407
ENSG00000117155,ENSMFAG00000036072
ENSG00000058063,ENSMFAG00000035388
ENSG00000120254,ENSMFAG00000031281
ENSG00000109436,ENSMFAG00000046063
ENSG00000166135,ENSMFAG00000043376
ENSG00000204344,ENSMFAG00000038817
ENSG00000138801,ENSMFAG00000032785
ENSG00000153933,ENSMFAG00000042785
ENSG00000130640,ENSMFAG00000036721
ENSG00000164530,ENSMFAG00000043273
ENSG00000186446,ENSMFAG00000058338
ENSG00000170310,ENSMFAG00000032279
ENSG00000064999,ENSMFAG00000003052
ENSG00000244607,ENSMFAG00000042613
ENSG00000068028,ENSMFAG00000032634
ENSG00000125386,ENSMFAG00000045259
ENSG00000128805,ENSMFAG00000000983
ENSG00000176974,ENSMFAG00000034627
ENSG00000132153,ENSMFAG00000033894
ENSG00000184743,ENSMFAG00000035680
ENSG00000137710,ENSMFAG00000031656
ENSG00000204130,ENSMFAG00000008200
ENSG00000110880,ENSMFAG00000044006
ENSG00000204348,ENSMFAG00000042173
ENSG00000186204,ENSMFAG00000045394
ENSG00000198546,ENSMFAG00000044733
ENSG00000124786,ENSMFAG00000000520
ENSG00000150051,ENSMFAG00000048058
ENSG00000134802,ENSMFAG00000033094
ENSG00000051382,ENSMFAG00000002622
ENSG00000136758,ENSMFAG00000041596
ENSG00000142046,ENSMFAG00000032068
ENSG00000186867,ENSMFAG00000039454
ENSG00000138660,ENSMFAG00000064871
ENSG00000086967,ENSMFAG00000001470
ENSG00000121892,ENSMFAG00000043276
ENSG00000161813,ENSMFAG00000043681
ENSG00000111850,ENSMFAG00000000775
ENSG00000133393,ENSMFAG00000000648
ENSG00000112414,ENSMFAG00000001233
ENSG00000120539,ENSMFAG00000031733
ENSG00000126457,ENSMFAG00000043429
ENSG00000140688,ENSMFAG00000032375
ENSG00000154822,ENSMFAG00000000647
ENSG00000172765,ENSMFAG00000045092
ENSG00000188316,ENSMFAG00000038492
ENSG00000133665,ENSMFAG00000031434
ENSG00000166780,ENSMFAG00000005809
ENSG00000151461,ENSMFAG00000043865
ENSG00000168447,ENSMFAG00000037482
ENSG00000204560,ENSMFAG00000003575
ENSG00000121879,ENSMFAG00000045156
ENSG00000160654,ENSMFAG00000040063
ENSG00000162129,ENSMFAG00000039603
ENSG00000241935,ENSMFAG00000061572
ENSG00000079689,ENSMFAG00000000166
ENSG00000107651,ENSMFAG00000042549
ENSG00000204564,ENSMFAG00000000438
ENSG00000105329,ENSMFAG00000040753
ENSG00000164051,ENSMFAG00000035841
ENSG00000237441,ENSMFAG00000039597
ENSG00000198093,ENSMFAG00000045470
ENSG00000205609,ENSMFAG00000041930
ENSG00000113924,ENSMFAG00000041993
ENSG00000274523,ENSMFAG00000021544
ENSG00000181852,ENSMFAG00000001215
ENSG00000089847,ENSMFAG00000038641
ENSG00000187535,ENSMFAG00000038575
ENSG00000121064,ENSMFAG00000040982
ENSG00000156515,ENSMFAG00000036059
ENSG00000172725,ENSMFAG00000037995
ENSG00000145390,ENSMFAG00000045201
ENSG00000146535,ENSMFAG00000046194
ENSG00000167674,ENSMFAG00000000309
ENSG00000110958,ENSMFAG00000031266
ENSG00000110958,ENSMFAG00000053036
ENSG00000164638,ENSMFAG00000039217
ENSG00000163975,ENSMFAG00000038521
ENSG00000158006,ENSMFAG00000037812
ENSG00000154274,ENSMFAG00000035785
ENSG00000196704,ENSMFAG00000038772
ENSG00000164038,ENSMFAG00000046399
ENSG00000081800,ENSMFAG00000030904
ENSG00000164068,ENSMFAG00000028385
ENSG00000157570,ENSMFAG00000054272
ENSG00000100726,ENSMFAG00000037116
ENSG00000239857,ENSMFAG00000042875
ENSG00000167528,ENSMFAG00000042792
ENSG00000135324,ENSMFAG00000038052
ENSG00000117266,ENSMFAG00000003017
ENSG00000112182,ENSMFAG00000040061
ENSG00000163072,ENSMFAG00000031990
ENSG00000108604,ENSMFAG00000038469
ENSG00000108604,ENSMFAG00000056288
ENSG00000139579,ENSMFAG00000000354
ENSG00000174945,ENSMFAG00000045552
ENSG00000163104,ENSMFAG00000042606
ENSG00000096070,ENSMFAG00000000567
ENSG00000096070,ENSMFAG00000059871
ENSG00000162174,ENSMFAG00000036351
ENSG00000167676,ENSMFAG00000000239
ENSG00000171115,ENSMFAG00000002026
ENSG00000174586,ENSMFAG00000002465
ENSG00000106105,ENSMFAG00000038863
ENSG00000018236,ENSMFAG00000035494
ENSG00000109944,ENSMFAG00000036541
ENSG00000131115,ENSMFAG00000036737
ENSG00000108094,ENSMFAG00000044478
ENSG00000170962,ENSMFAG00000035368
ENSG00000106302,ENSMFAG00000042410
ENSG00000076053,ENSMFAG00000000965
ENSG00000053900,ENSMFAG00000037891
ENSG00000069122,ENSMFAG00000037042
ENSG00000170892,ENSMFAG00000044825
ENSG00000175274,ENSMFAG00000035363
ENSG00000136243,ENSMFAG00000002902
ENSG00000115241,ENSMFAG00000035526
ENSG00000204842,ENSMFAG00000000374
ENSG00000108823,ENSMFAG00000029765
ENSG00000186522,ENSMFAG00000044989
ENSG00000006747,ENSMFAG00000028723
ENSG00000171208,ENSMFAG00000000612
ENSG00000172893,ENSMFAG00000003021
ENSG00000179144,ENSMFAG00000036396
ENSG00000158769,ENSMFAG00000046174
ENSG00000164647,ENSMFAG00000035452
ENSG00000102921,ENSMFAG00000025909
ENSG00000128595,ENSMFAG00000033268
ENSG00000133195,ENSMFAG00000031162
ENSG00000075399,ENSMFAG00000032869
ENSG00000135899,ENSMFAG00000034455
ENSG00000121486,ENSMFAG00000037592
ENSG00000073670,ENSMFAG00000035588
ENSG00000172197,ENSMFAG00000002593
ENSG00000248098,ENSMFAG00000041490
ENSG00000102878,ENSMFAG00000032308
ENSG00000079819,ENSMFAG00000025691
ENSG00000082512,ENSMFAG00000040124
ENSG00000127884,ENSMFAG00000042550
ENSG00000184619,ENSMFAG00000061139
ENSG00000007062,ENSMFAG00000043852
ENSG00000154240,ENSMFAG00000038512
ENSG00000068831,ENSMFAG00000019272
ENSG00000168395,ENSMFAG00000035525
ENSG00000188234,ENSMFAG00000036510
ENSG00000186474,ENSMFAG00000039970
ENSG00000156374,ENSMFAG00000001835
ENSG00000106348,ENSMFAG00000035403
ENSG00000173846,ENSMFAG00000039359
ENSG00000103064,ENSMFAG00000038675
ENSG00000187699,ENSMFAG00000055553
ENSG00000167658,ENSMFAG00000040276
ENSG00000167658,ENSMFAG00000040640
ENSG00000156931,ENSMFAG00000044357
ENSG00000120594,ENSMFAG00000045260
ENSG00000003402,ENSMFAG00000042284
ENSG00000187134,ENSMFAG00000003114
ENSG00000197471,ENSMFAG00000042820
ENSG00000140993,ENSMFAG00000013017
ENSG00000168404,ENSMFAG00000042010
ENSG00000160049,ENSMFAG00000033729
ENSG00000108511,ENSMFAG00000002294
ENSG00000107960,ENSMFAG00000041817
ENSG00000272636,ENSMFAG00000048901
ENSG00000154099,ENSMFAG00000039701
ENSG00000124422,ENSMFAG00000000538
ENSG00000159166,ENSMFAG00000044742
ENSG00000197343,ENSMFAG00000037712
ENSG00000198046,ENSMFAG00000037010
ENSG00000133392,ENSMFAG00000036773
ENSG00000117625,ENSMFAG00000000464
ENSG00000060971,ENSMFAG00000044207
ENSG00000126460,ENSMFAG00000034285
ENSG00000155229,ENSMFAG00000044772
ENSG00000221909,ENSMFAG00000030317
ENSG00000168090,ENSMFAG00000041812
ENSG00000154096,ENSMFAG00000041030
ENSG00000013441,ENSMFAG00000030719
ENSG00000131408,ENSMFAG00000000532
ENSG00000173120,ENSMFAG00000031721
ENSG00000158715,ENSMFAG00000045958
ENSG00000172819,ENSMFAG00000016523
ENSG00000118263,ENSMFAG00000039083
ENSG00000136193,ENSMFAG00000037021
ENSG00000198860,ENSMFAG00000037321
ENSG00000180871,ENSMFAG00000054938
ENSG00000106100,ENSMFAG00000034463
ENSG00000114982,ENSMFAG00000036793
ENSG00000074201,ENSMFAG00000043186
ENSG00000121481,ENSMFAG00000036583
ENSG00000163430,ENSMFAG00000036133
ENSG00000159346,ENSMFAG00000007141
ENSG00000141219,ENSMFAG00000046042
ENSG00000163902,ENSMFAG00000003642
ENSG00000166527,ENSMFAG00000041454
ENSG00000106049,ENSMFAG00000035636
ENSG00000275700,ENSMFAG00000003108
ENSG00000164124,ENSMFAG00000036003
ENSG00000197063,ENSMFAG00000050292
ENSG00000168389,ENSMFAG00000003330
ENSG00000168256,ENSMFAG00000031841
ENSG00000197461,ENSMFAG00000044686
ENSG00000135506,ENSMFAG00000033882
ENSG00000169402,ENSMFAG00000030711
ENSG00000197013,ENSMFAG00000041253
ENSG00000108107,ENSMFAG00000043131
ENSG00000204278,ENSMFAG00000052430
ENSG00000144021,ENSMFAG00000031754
ENSG00000073792,ENSMFAG00000039540
ENSG00000159640,ENSMFAG00000041823
ENSG00000144320,ENSMFAG00000002105
ENSG00000136280,ENSMFAG00000001936
ENSG00000160013,ENSMFAG00000002915
ENSG00000131400,ENSMFAG00000042537
ENSG00000085871,ENSMFAG00000046340
ENSG00000243943,ENSMFAG00000032585
ENSG00000198077,ENSMFAG00000043489
ENSG00000198077,ENSMFAG00000037343
ENSG00000198077,ENSMFAG00000032459
ENSG00000198077,ENSMFAG00000042150
ENSG00000185519,ENSMFAG00000003119
ENSG00000181031,ENSMFAG00000064361
ENSG00000224420,ENSMFAG00000029240
ENSG00000143367,ENSMFAG00000034076
ENSG00000099331,ENSMFAG00000046135
ENSG00000138031,ENSMFAG00000038483
ENSG00000073849,ENSMFAG00000062040
ENSG00000107968,ENSMFAG00000035171
ENSG00000214102,ENSMFAG00000038833
ENSG00000105997,ENSMFAG00000053957
ENSG00000119912,ENSMFAG00000001464
ENSG00000156928,ENSMFAG00000043713
ENSG00000087085,ENSMFAG00000037867
ENSG00000110660,ENSMFAG00000041696
ENSG00000196511,ENSMFAG00000035720
ENSG00000182704,ENSMFAG00000024120
ENSG00000160352,ENSMFAG00000033982
ENSG00000157353,ENSMFAG00000036078
ENSG00000110786,ENSMFAG00000034300
ENSG00000158796,ENSMFAG00000040064
ENSG00000234906,ENSMFAG00000024498
ENSG00000107566,ENSMFAG00000042046
ENSG00000128626,ENSMFAG00000044563
ENSG00000165732,ENSMFAG00000044838
ENSG00000105486,ENSMFAG00000010948
ENSG00000106400,ENSMFAG00000034086
ENSG00000145375,ENSMFAG00000043145
ENSG00000169313,ENSMFAG00000036474
ENSG00000163617,ENSMFAG00000034408
ENSG00000023228,ENSMFAG00000039201
ENSG00000106565,ENSMFAG00000044472
ENSG00000061918,ENSMFAG00000043875
ENSG00000272573,ENSMFAG00000038131
ENSG00000166579,ENSMFAG00000038556
ENSG00000176142,ENSMFAG00000046062
ENSG00000150773,ENSMFAG00000014227
ENSG00000197769,ENSMFAG00000062303
ENSG00000197769,ENSMFAG00000039495
ENSG00000187098,ENSMFAG00000038478
ENSG00000132256,ENSMFAG00000044304
ENSG00000103168,ENSMFAG00000003245
ENSG00000029153,ENSMFAG00000002262
ENSG00000109099,ENSMFAG00000045679
ENSG00000065154,ENSMFAG00000038400
ENSG00000065154,ENSMFAG00000055347
ENSG00000121210,ENSMFAG00000002070
ENSG00000143850,ENSMFAG00000042643
ENSG00000133794,ENSMFAG00000034184
ENSG00000138107,ENSMFAG00000041926
ENSG00000135127,ENSMFAG00000003401
ENSG00000166321,ENSMFAG00000037900
ENSG00000105983,ENSMFAG00000031812
ENSG00000108679,ENSMFAG00000031173
ENSG00000151491,ENSMFAG00000001399
ENSG00000057608,ENSMFAG00000030976
ENSG00000111912,ENSMFAG00000044102
ENSG00000204920,ENSMFAG00000038456
ENSG00000159714,ENSMFAG00000037894
ENSG00000187091,ENSMFAG00000042898
ENSG00000137221,ENSMFAG00000030989
ENSG00000164305,ENSMFAG00000036969
ENSG00000169727,ENSMFAG00000035839
ENSG00000118162,ENSMFAG00000039746
ENSG00000015171,ENSMFAG00000000418
ENSG00000077009,ENSMFAG00000033332
ENSG00000128604,ENSMFAG00000043616
ENSG00000152082,ENSMFAG00000004020
ENSG00000132016,ENSMFAG00000036981
ENSG00000197756,ENSMFAG00000043631
ENSG00000114166,ENSMFAG00000035980
ENSG00000130755,ENSMFAG00000036870
ENSG00000138061,ENSMFAG00000031004
ENSG00000143390,ENSMFAG00000033452
ENSG00000184378,ENSMFAG00000039587
ENSG00000162267,ENSMFAG00000038762
ENSG00000152518,ENSMFAG00000063384
ENSG00000115289,ENSMFAG00000003993
ENSG00000006611,ENSMFAG00000000184
ENSG00000185163,ENSMFAG00000031189
ENSG00000012061,ENSMFAG00000001814
ENSG00000135297,ENSMFAG00000042481
ENSG00000105993,ENSMFAG00000036682
ENSG00000171103,ENSMFAG00000039558
ENSG00000111737,ENSMFAG00000038261
ENSG00000114268,ENSMFAG00000001535
ENSG00000135945,ENSMFAG00000043534
ENSG00000184574,ENSMFAG00000064722
ENSG00000132274,ENSMFAG00000032674
ENSG00000198040,ENSMFAG00000033974
ENSG00000211455,ENSMFAG00000030945
ENSG00000167770,ENSMFAG00000033654
ENSG00000143393,ENSMFAG00000004350
ENSG00000120457,ENSMFAG00000041999
ENSG00000166025,ENSMFAG00000032749
ENSG00000177575,ENSMFAG00000030782
ENSG00000121073,ENSMFAG00000025107
ENSG00000076706,ENSMFAG00000041611
ENSG00000168028,ENSMFAG00000001626
ENSG00000136490,ENSMFAG00000063413
ENSG00000002933,ENSMFAG00000001658
ENSG00000066405,ENSMFAG00000041655
ENSG00000198863,ENSMFAG00000004015
ENSG00000053328,ENSMFAG00000002281
ENSG00000143952,ENSMFAG00000042525
ENSG00000167080,ENSMFAG00000003631
ENSG00000186340,ENSMFAG00000038327
ENSG00000110844,ENSMFAG00000035637
ENSG00000072864,ENSMFAG00000000424
ENSG00000152952,ENSMFAG00000038516
ENSG00000090006,ENSMFAG00000031222
ENSG00000151503,ENSMFAG00000039895
ENSG00000085377,ENSMFAG00000038505
ENSG00000241468,ENSMFAG00000036062
ENSG00000241468,ENSMFAG00000058281
ENSG00000241468,ENSMFAG00000013019
ENSG00000103227,ENSMFAG00000031494
ENSG00000143164,ENSMFAG00000043317
ENSG00000114209,ENSMFAG00000045071
ENSG00000114209,ENSMFAG00000007500
ENSG00000105875,ENSMFAG00000003112
ENSG00000141013,ENSMFAG00000029755
ENSG00000008394,ENSMFAG00000033109
ENSG00000115295,ENSMFAG00000044119
ENSG00000124780,ENSMFAG00000046219
ENSG00000052344,ENSMFAG00000032014
ENSG00000118407,ENSMFAG00000001452
ENSG00000124587,ENSMFAG00000034586
ENSG00000162009,ENSMFAG00000042162
ENSG00000146755,ENSMFAG00000030567
ENSG00000124067,ENSMFAG00000038855
ENSG00000137507,ENSMFAG00000039295
ENSG00000111731,ENSMFAG00000038900
ENSG00000135218,ENSMFAG00000044200
ENSG00000133316,ENSMFAG00000034162
ENSG00000125458,ENSMFAG00000030011
ENSG00000130810,ENSMFAG00000042854
ENSG00000170542,ENSMFAG00000042251
ENSG00000196535,ENSMFAG00000036928
ENSG00000189164,ENSMFAG00000000061
ENSG00000151502,ENSMFAG00000038681
ENSG00000213722,ENSMFAG00000035624
ENSG00000125734,ENSMFAG00000038700
ENSG00000167771,ENSMFAG00000039149
ENSG00000182272,ENSMFAG00000039389
ENSG00000112079,ENSMFAG00000000825
ENSG00000137757,ENSMFAG00000063780
ENSG00000204257,ENSMFAG00000042109
ENSG00000135596,ENSMFAG00000042065
ENSG00000151348,ENSMFAG00000043519
ENSG00000090520,ENSMFAG00000036164
ENSG00000070950,ENSMFAG00000028864
ENSG00000198440,ENSMFAG00000025865
ENSG00000079263,ENSMFAG00000046412
ENSG00000104783,ENSMFAG00000038433
ENSG00000103415,ENSMFAG00000030777
ENSG00000181092,ENSMFAG00000000511
ENSG00000168026,ENSMFAG00000045979
ENSG00000104853,ENSMFAG00000030269
ENSG00000109072,ENSMFAG00000033337
ENSG00000110328,ENSMFAG00000041231
ENSG00000144959,ENSMFAG00000043084
ENSG00000087111,ENSMFAG00000043947
ENSG00000114770,ENSMFAG00000038091
ENSG00000050165,ENSMFAG00000043096
ENSG00000108771,ENSMFAG00000034530
ENSG00000168288,ENSMFAG00000001801
ENSG00000161031,ENSMFAG00000024296
ENSG00000185615,ENSMFAG00000003199
ENSG00000155592,ENSMFAG00000037378
ENSG00000184009,ENSMFAG00000030086
ENSG00000105643,ENSMFAG00000003817
ENSG00000162065,ENSMFAG00000041890
ENSG00000140682,ENSMFAG00000041546
ENSG00000182749,ENSMFAG00000029286
ENSG00000272886,ENSMFAG00000040374
ENSG00000162889,ENSMFAG00000033489
ENSG00000172243,ENSMFAG00000031774
ENSG00000162227,ENSMFAG00000030912
ENSG00000168917,ENSMFAG00000016006
ENSG00000130762,ENSMFAG00000046261
ENSG00000156976,ENSMFAG00000044567
ENSG00000239305,ENSMFAG00000044056
ENSG00000170581,ENSMFAG00000037100
ENSG00000006607,ENSMFAG00000044112
ENSG00000110429,ENSMFAG00000044515
ENSG00000116478,ENSMFAG00000001093
ENSG00000116478,ENSMFAG00000005442
ENSG00000162032,ENSMFAG00000031888
ENSG00000141030,ENSMFAG00000001157
ENSG00000197580,ENSMFAG00000037360
ENSG00000175048,ENSMFAG00000041727
ENSG00000117143,ENSMFAG00000042529
ENSG00000135521,ENSMFAG00000041256
ENSG00000114745,ENSMFAG00000000701
ENSG00000161999,ENSMFAG00000042974
ENSG00000137409,ENSMFAG00000058882
ENSG00000126749,ENSMFAG00000037142
ENSG00000137310,ENSMFAG00000037749
ENSG00000174233,ENSMFAG00000039058
ENSG00000112655,ENSMFAG00000044413
ENSG00000084090,ENSMFAG00000045448
ENSG00000073921,ENSMFAG00000002978
ENSG00000198520,ENSMFAG00000040974
ENSG00000135476,ENSMFAG00000031428
ENSG00000103266,ENSMFAG00000031388
ENSG00000181856,ENSMFAG00000030627
ENSG00000176597,ENSMFAG00000011168
ENSG00000058668,ENSMFAG00000010073
ENSG00000162924,ENSMFAG00000038696
ENSG00000114331,ENSMFAG00000039260
ENSG00000139163,ENSMFAG00000056470
ENSG00000058600,ENSMFAG00000035515
ENSG00000139405,ENSMFAG00000043305
ENSG00000055332,ENSMFAG00000030576
ENSG00000004142,ENSMFAG00000033246
ENSG00000070961,ENSMFAG00000045257
ENSG00000087903,ENSMFAG00000036589
ENSG00000186532,ENSMFAG00000032240
ENSG00000143457,ENSMFAG00000042364
ENSG00000171790,ENSMFAG00000041721
ENSG00000167281,ENSMFAG00000002247
ENSG00000163913,ENSMFAG00000030257
ENSG00000077549,ENSMFAG00000037255
ENSG00000177990,ENSMFAG00000034063
ENSG00000177990,ENSMFAG00000034279
ENSG00000170049,ENSMFAG00000040577
ENSG00000133317,ENSMFAG00000041888
ENSG00000031698,ENSMFAG00000049041
ENSG00000031698,ENSMFAG00000043301
ENSG00000109079,ENSMFAG00000033389
ENSG00000120262,ENSMFAG00000034314
ENSG00000163541,ENSMFAG00000043267
ENSG00000180917,ENSMFAG00000001058
ENSG00000109906,ENSMFAG00000008415
ENSG00000154174,ENSMFAG00000039250
ENSG00000197912,ENSMFAG00000001315
ENSG00000204574,ENSMFAG00000001346
ENSG00000196510,ENSMFAG00000030528
ENSG00000105705,ENSMFAG00000031157
ENSG00000109111,ENSMFAG00000040784
ENSG00000071282,ENSMFAG00000033976
ENSG00000187231,ENSMFAG00000013388
ENSG00000133321,ENSMFAG00000035178
ENSG00000075239,ENSMFAG00000044957
ENSG00000077097,ENSMFAG00000043890
ENSG00000186283,ENSMFAG00000041376
ENSG00000011523,ENSMFAG00000041409
ENSG00000153956,ENSMFAG00000045083
ENSG00000110057,ENSMFAG00000043671
ENSG00000163328,ENSMFAG00000035341
ENSG00000135678,ENSMFAG00000040543
ENSG00000178078,ENSMFAG00000030521
ENSG00000172830,ENSMFAG00000002317
ENSG00000130340,ENSMFAG00000036869
ENSG00000085465,ENSMFAG00000034315
ENSG00000265808,ENSMFAG00000043165
ENSG00000130023,ENSMFAG00000040535
ENSG00000111144,ENSMFAG00000000948
ENSG00000198797,ENSMFAG00000036550
ENSG00000197024,ENSMFAG00000032929
ENSG00000091140,ENSMFAG00000002432
ENSG00000143643,ENSMFAG00000038133
ENSG00000241553,ENSMFAG00000038887
ENSG00000131097,ENSMFAG00000045678
ENSG00000019485,ENSMFAG00000045073
ENSG00000124839,ENSMFAG00000036950
ENSG00000172543,ENSMFAG00000002290
ENSG00000141127,ENSMFAG00000038101
ENSG00000171148,ENSMFAG00000044750
ENSG00000250067,ENSMFAG00000011503
ENSG00000146457,ENSMFAG00000035453
ENSG00000110675,ENSMFAG00000039699
ENSG00000138035,ENSMFAG00000001927
ENSG00000256269,ENSMFAG00000032079
ENSG00000063046,ENSMFAG00000037195
ENSG00000063046,ENSMFAG00000050305
ENSG00000063046,ENSMFAG00000044995
ENSG00000257103,ENSMFAG00000006057
ENSG00000078401,ENSMFAG00000038328
ENSG00000105889,ENSMFAG00000035452
ENSG00000182580,ENSMFAG00000037014
ENSG00000166501,ENSMFAG00000031022
ENSG00000118503,ENSMFAG00000000326
ENSG00000183696,ENSMFAG00000003183
ENSG00000163636,ENSMFAG00000040782
ENSG00000118495,ENSMFAG00000041193
ENSG00000077463,ENSMFAG00000001546
ENSG00000142794,ENSMFAG00000052922
ENSG00000142794,ENSMFAG00000034507
ENSG00000142794,ENSMFAG00000046003
ENSG00000160808,ENSMFAG00000033860
ENSG00000131148,ENSMFAG00000034372
ENSG00000135763,ENSMFAG00000039905
ENSG00000139626,ENSMFAG00000044578
ENSG00000167191,ENSMFAG00000043980
ENSG00000187608,ENSMFAG00000041386
ENSG00000152904,ENSMFAG00000033173
ENSG00000130005,ENSMFAG00000041341
ENSG00000159164,ENSMFAG00000034474
ENSG00000039523,ENSMFAG00000045065
ENSG00000163681,ENSMFAG00000038300
ENSG00000105655,ENSMFAG00000044263
ENSG00000116711,ENSMFAG00000043784
ENSG00000139160,ENSMFAG00000039974
ENSG00000175224,ENSMFAG00000038288
ENSG00000157837,ENSMFAG00000037069
ENSG00000006451,ENSMFAG00000001704
ENSG00000069702,ENSMFAG00000002239
ENSG00000173208,ENSMFAG00000002050
ENSG00000115204,ENSMFAG00000003139
ENSG00000151135,ENSMFAG00000041360
ENSG00000171130,ENSMFAG00000045573
ENSG00000106018,ENSMFAG00000040359
ENSG00000102189,ENSMFAG00000000038
ENSG00000106327,ENSMFAG00000000760
ENSG00000135093,ENSMFAG00000040319
ENSG00000141294,ENSMFAG00000031915
ENSG00000133026,ENSMFAG00000039316
ENSG00000119185,ENSMFAG00000045554
ENSG00000263528,ENSMFAG00000042587
ENSG00000242173,ENSMFAG00000038549
ENSG00000151148,ENSMFAG00000032022
ENSG00000176715,ENSMFAG00000044180
ENSG00000214097,ENSMFAG00000000378
ENSG00000119227,ENSMFAG00000041828
ENSG00000168334,ENSMFAG00000047665
ENSG00000144655,ENSMFAG00000001132
ENSG00000157322,ENSMFAG00000006545
ENSG00000154743,ENSMFAG00000038583
ENSG00000134202,ENSMFAG00000035350
ENSG00000140650,ENSMFAG00000031650
ENSG00000153558,ENSMFAG00000032187
ENSG00000163531,ENSMFAG00000033112
ENSG00000065457,ENSMFAG00000026786
ENSG00000163512,ENSMFAG00000032889
ENSG00000115665,ENSMFAG00000037536
ENSG00000125124,ENSMFAG00000032963
ENSG00000136240,ENSMFAG00000038055
ENSG00000171551,ENSMFAG00000034405
ENSG00000166006,ENSMFAG00000032844
ENSG00000162458,ENSMFAG00000044716
ENSG00000105856,ENSMFAG00000030375
ENSG00000138495,ENSMFAG00000039368
ENSG00000163935,ENSMFAG00000002793
ENSG00000115808,ENSMFAG00000002106
ENSG00000182196,ENSMFAG00000034524
ENSG00000163719,ENSMFAG00000038577
ENSG00000105379,ENSMFAG00000000979
ENSG00000115419,ENSMFAG00000044211
ENSG00000234545,ENSMFAG00000046323
ENSG00000234545,ENSMFAG00000000112
ENSG00000234545,ENSMFAG00000003699
ENSG00000136630,ENSMFAG00000002500
ENSG00000117010,ENSMFAG00000000321
ENSG00000072062,ENSMFAG00000004590
ENSG00000084676,ENSMFAG00000046147
ENSG00000173039,ENSMFAG00000033297
ENSG00000129351,ENSMFAG00000039557
ENSG00000153207,ENSMFAG00000045763
ENSG00000011638,ENSMFAG00000031143
ENSG00000074660,ENSMFAG00000032062
ENSG00000078487,ENSMFAG00000044114
ENSG00000087263,ENSMFAG00000013084
ENSG00000163536,ENSMFAG00000032238
ENSG00000141699,ENSMFAG00000031382
ENSG00000122180,ENSMFAG00000043657
ENSG00000108587,ENSMFAG00000038581
ENSG00000132604,ENSMFAG00000044110
ENSG00000157445,ENSMFAG00000032351
ENSG00000188037,ENSMFAG00000038692
ENSG00000256223,ENSMFAG00000041167
ENSG00000005187,ENSMFAG00000029841
ENSG00000163093,ENSMFAG00000040347
ENSG00000254772,ENSMFAG00000007224
ENSG00000138468,ENSMFAG00000003222
ENSG00000105866,ENSMFAG00000002740
ENSG00000129657,ENSMFAG00000001823
ENSG00000089163,ENSMFAG00000038370
ENSG00000105793,ENSMFAG00000020045
ENSG00000169991,ENSMFAG00000003216
ENSG00000196208,ENSMFAG00000050503
ENSG00000196208,ENSMFAG00000044386
ENSG00000176871,ENSMFAG00000036105
ENSG00000176871,ENSMFAG00000003453
ENSG00000009780,ENSMFAG00000051312
ENSG00000051825,ENSMFAG00000046071
ENSG00000180423,ENSMFAG00000002487
ENSG00000164692,ENSMFAG00000045512
ENSG00000137478,ENSMFAG00000004075
ENSG00000008869,ENSMFAG00000032444
ENSG00000114450,ENSMFAG00000041470
ENSG00000058272,ENSMFAG00000034239
ENSG00000114767,ENSMFAG00000000887
ENSG00000130309,ENSMFAG00000034050
ENSG00000154144,ENSMFAG00000036896
ENSG00000105700,ENSMFAG00000044925
ENSG00000196639,ENSMFAG00000030336
ENSG00000182983,ENSMFAG00000056978
ENSG00000115762,ENSMFAG00000057758
ENSG00000115762,ENSMFAG00000046098
ENSG00000102890,ENSMFAG00000038390
ENSG00000160801,ENSMFAG00000033228
ENSG00000087095,ENSMFAG00000041658
ENSG00000175264,ENSMFAG00000033195
ENSG00000164896,ENSMFAG00000041547
ENSG00000177427,ENSMFAG00000040033
ENSG00000134910,ENSMFAG00000034547
ENSG00000179715,ENSMFAG00000060421
ENSG00000108557,ENSMFAG00000002488
ENSG00000256683,ENSMFAG00000039294
ENSG00000139629,ENSMFAG00000031673
ENSG00000013306,ENSMFAG00000036322
ENSG00000181666,ENSMFAG00000047542
ENSG00000213658,ENSMFAG00000034107
ENSG00000013374,ENSMFAG00000033644
ENSG00000105520,ENSMFAG00000034622
ENSG00000116237,ENSMFAG00000031889
ENSG00000171860,ENSMFAG00000062507
ENSG00000066654,ENSMFAG00000049138
ENSG00000116353,ENSMFAG00000000155
ENSG00000111641,ENSMFAG00000004333
ENSG00000116044,ENSMFAG00000041108
ENSG00000102996,ENSMFAG00000034123
ENSG00000010318,ENSMFAG00000044611
ENSG00000103423,ENSMFAG00000042573
ENSG00000170325,ENSMFAG00000031008
ENSG00000119535,ENSMFAG00000032558
ENSG00000206561,ENSMFAG00000053084
ENSG00000184110,ENSMFAG00000041930
ENSG00000058804,ENSMFAG00000036304
ENSG00000172992,ENSMFAG00000059706
ENSG00000115415,ENSMFAG00000036957
ENSG00000153767,ENSMFAG00000002539
ENSG00000171631,ENSMFAG00000028522
ENSG00000071189,ENSMFAG00000039975
ENSG00000070476,ENSMFAG00000035930
ENSG00000178921,ENSMFAG00000002499
ENSG00000177600,ENSMFAG00000040006
ENSG00000122417,ENSMFAG00000017081
ENSG00000135365,ENSMFAG00000043688
ENSG00000181722,ENSMFAG00000046230
ENSG00000161944,ENSMFAG00000051211
ENSG00000127955,ENSMFAG00000001117
ENSG00000139211,ENSMFAG00000036236
ENSG00000171847,ENSMFAG00000062329
ENSG00000171847,ENSMFAG00000057761
ENSG00000171847,ENSMFAG00000047283
ENSG00000151239,ENSMFAG00000002340
ENSG00000153187,ENSMFAG00000037308
ENSG00000106066,ENSMFAG00000000559
ENSG00000214376,ENSMFAG00000054321
ENSG00000137634,ENSMFAG00000026064
ENSG00000136052,ENSMFAG00000045731
ENSG00000197165,ENSMFAG00000045870
ENSG00000062282,ENSMFAG00000042930
ENSG00000179195,ENSMFAG00000030650
ENSG00000085741,ENSMFAG00000043196
ENSG00000064201,ENSMFAG00000031437
ENSG00000135723,ENSMFAG00000046038
ENSG00000127324,ENSMFAG00000038436
ENSG00000125447,ENSMFAG00000000928
ENSG00000197362,ENSMFAG00000057080
ENSG00000146707,ENSMFAG00000037043
ENSG00000135374,ENSMFAG00000046400
ENSG00000119242,ENSMFAG00000040841
ENSG00000136271,ENSMFAG00000041001
ENSG00000115084,ENSMFAG00000001843
ENSG00000110665,ENSMFAG00000033732
ENSG00000174744,ENSMFAG00000033618
ENSG00000173905,ENSMFAG00000057001
ENSG00000158545,ENSMFAG00000002975
ENSG00000079337,ENSMFAG00000034209
ENSG00000213619,ENSMFAG00000031067
ENSG00000122420,ENSMFAG00000041229
ENSG00000143420,ENSMFAG00000001523
ENSG00000138100,ENSMFAG00000002734
ENSG00000158467,ENSMFAG00000039128
ENSG00000133318,ENSMFAG00000030265
ENSG00000183426,ENSMFAG00000034521
ENSG00000188554,ENSMFAG00000001301
ENSG00000163399,ENSMFAG00000034219
ENSG00000140931,ENSMFAG00000039621
ENSG00000144591,ENSMFAG00000041906
ENSG00000225697,ENSMFAG00000034657
ENSG00000173898,ENSMFAG00000033998
ENSG00000128573,ENSMFAG00000000636
ENSG00000129910,ENSMFAG00000024502
ENSG00000143815,ENSMFAG00000034066
ENSG00000135709,ENSMFAG00000024723
ENSG00000064309,ENSMFAG00000033244
ENSG00000135409,ENSMFAG00000040829
ENSG00000198746,ENSMFAG00000030918
ENSG00000094963,ENSMFAG00000045183
ENSG00000089053,ENSMFAG00000038352
ENSG00000102910,ENSMFAG00000029975
ENSG00000135622,ENSMFAG00000027141
ENSG00000108389,ENSMFAG00000036523
ENSG00000115183,ENSMFAG00000042358
ENSG00000157193,ENSMFAG00000031018
ENSG00000109920,ENSMFAG00000045406
ENSG00000174007,ENSMFAG00000049327
ENSG00000167972,ENSMFAG00000033360
ENSG00000130935,ENSMFAG00000030117
ENSG00000075651,ENSMFAG00000002954
ENSG00000177106,ENSMFAG00000043728
ENSG00000169006,ENSMFAG00000043071
ENSG00000187838,ENSMFAG00000040179
ENSG00000196290,ENSMFAG00000003012
ENSG00000136699,ENSMFAG00000043150
ENSG00000139329,ENSMFAG00000036088
ENSG00000089693,ENSMFAG00000060388
ENSG00000144645,ENSMFAG00000046094
ENSG00000173801,ENSMFAG00000034238
ENSG00000258227,ENSMFAG00000036311
ENSG00000172209,ENSMFAG00000017789
ENSG00000241685,ENSMFAG00000003138
ENSG00000016391,ENSMFAG00000002691
ENSG00000185739,ENSMFAG00000037383
ENSG00000078902,ENSMFAG00000031200
ENSG00000051523,ENSMFAG00000048014
ENSG00000173585,ENSMFAG00000053344
ENSG00000188487,ENSMFAG00000036736
ENSG00000177646,ENSMFAG00000045035
ENSG00000176842,ENSMFAG00000002928
ENSG00000122547,ENSMFAG00000044089
ENSG00000083799,ENSMFAG00000043501
ENSG00000075856,ENSMFAG00000039887
ENSG00000285437,ENSMFAG00000039168
ENSG00000106483,ENSMFAG00000039798
ENSG00000146731,ENSMFAG00000033952
ENSG00000115648,ENSMFAG00000040090
ENSG00000177363,ENSMFAG00000049892
ENSG00000176472,ENSMFAG00000061397
ENSG00000180773,ENSMFAG00000041537
ENSG00000167578,ENSMFAG00000033349
ENSG00000138459,ENSMFAG00000042127
ENSG00000007202,ENSMFAG00000001375
ENSG00000110077,ENSMFAG00000001246
ENSG00000105552,ENSMFAG00000001784
ENSG00000105808,ENSMFAG00000031907
ENSG00000206262,ENSMFAG00000002086
ENSG00000177728,ENSMFAG00000003142
ENSG00000168959,ENSMFAG00000034520
ENSG00000164062,ENSMFAG00000043600
ENSG00000087494,ENSMFAG00000003152
ENSG00000136048,ENSMFAG00000042396
ENSG00000133895,ENSMFAG00000037342
ENSG00000139726,ENSMFAG00000038312
ENSG00000065970,ENSMFAG00000035860
ENSG00000198874,ENSMFAG00000035457
ENSG00000198270,ENSMFAG00000043255
ENSG00000076321,ENSMFAG00000033900
ENSG00000117984,ENSMFAG00000002481
ENSG00000196967,ENSMFAG00000065577
ENSG00000125703,ENSMFAG00000038279
ENSG00000216490,ENSMFAG00000034585
ENSG00000059758,ENSMFAG00000033127
ENSG00000167562,ENSMFAG00000040866
ENSG00000104976,ENSMFAG00000034273
ENSG00000185238,ENSMFAG00000038053
ENSG00000144857,ENSMFAG00000031000
ENSG00000135148,ENSMFAG00000001263
ENSG00000149418,ENSMFAG00000033072
ENSG00000196352,ENSMFAG00000039131
ENSG00000103226,ENSMFAG00000044866
ENSG00000150556,ENSMFAG00000046204
ENSG00000160058,ENSMFAG00000042990
ENSG00000105784,ENSMFAG00000002053
ENSG00000139370,ENSMFAG00000039467
ENSG00000132109,ENSMFAG00000003887
ENSG00000011451,ENSMFAG00000039361
ENSG00000144401,ENSMFAG00000041805
ENSG00000180370,ENSMFAG00000000467
ENSG00000149781,ENSMFAG00000001178
ENSG00000109065,ENSMFAG00000044362
ENSG00000106078,ENSMFAG00000035434
ENSG00000111452,ENSMFAG00000031649
ENSG00000074416,ENSMFAG00000033079
ENSG00000115604,ENSMFAG00000032671
ENSG00000130733,ENSMFAG00000039576
ENSG00000136718,ENSMFAG00000060745
ENSG00000114405,ENSMFAG00000058151
ENSG00000137474,ENSMFAG00000044666
ENSG00000168509,ENSMFAG00000045741
ENSG00000163848,ENSMFAG00000032538
ENSG00000132881,ENSMFAG00000003471
ENSG00000170989,ENSMFAG00000020071
ENSG00000153898,ENSMFAG00000031312
ENSG00000115226,ENSMFAG00000000221
ENSG00000162959,ENSMFAG00000046335
ENSG00000158828,ENSMFAG00000025542
ENSG00000139624,ENSMFAG00000043342
ENSG00000128596,ENSMFAG00000001602
ENSG00000176749,ENSMFAG00000048750
ENSG00000140995,ENSMFAG00000031002
ENSG00000119041,ENSMFAG00000030899
ENSG00000266173,ENSMFAG00000000859
ENSG00000073008,ENSMFAG00000039744
ENSG00000130813,ENSMFAG00000041268
ENSG00000139410,ENSMFAG00000045838
ENSG00000254986,ENSMFAG00000038663
ENSG00000105088,ENSMFAG00000002640
ENSG00000042493,ENSMFAG00000003357
ENSG00000114850,ENSMFAG00000065033
ENSG00000167785,ENSMFAG00000036165
ENSG00000110881,ENSMFAG00000035165
ENSG00000154710,ENSMFAG00000000685
ENSG00000172037,ENSMFAG00000030537
ENSG00000205517,ENSMFAG00000004966
ENSG00000170633,ENSMFAG00000037026
ENSG00000140986,ENSMFAG00000039775
ENSG00000073060,ENSMFAG00000000329
ENSG00000102882,ENSMFAG00000042040
ENSG00000106609,ENSMFAG00000041238
ENSG00000110619,ENSMFAG00000000778
ENSG00000167733,ENSMFAG00000044973
ENSG00000163755,ENSMFAG00000040510
ENSG00000105810,ENSMFAG00000002529
ENSG00000131143,ENSMFAG00000034477
ENSG00000126524,ENSMFAG00000032620
ENSG00000116521,ENSMFAG00000032474
ENSG00000073350,ENSMFAG00000001433
ENSG00000168827,ENSMFAG00000035731
ENSG00000133612,ENSMFAG00000034582
ENSG00000067836,ENSMFAG00000003647
ENSG00000158062,ENSMFAG00000002490
ENSG00000060709,ENSMFAG00000041895
ENSG00000114650,ENSMFAG00000031375
ENSG00000116783,ENSMFAG00000001777
ENSG00000119820,ENSMFAG00000031303
ENSG00000244219,ENSMFAG00000045372
ENSG00000132329,ENSMFAG00000032812
ENSG00000135617,ENSMFAG00000043171
ENSG00000149743,ENSMFAG00000036828
ENSG00000170949,ENSMFAG00000034454
ENSG00000121350,ENSMFAG00000000929
ENSG00000078967,ENSMFAG00000000260
ENSG00000078967,ENSMFAG00000036545
ENSG00000159723,ENSMFAG00000035580
ENSG00000125629,ENSMFAG00000033044
ENSG00000069345,ENSMFAG00000003461
ENSG00000168397,ENSMFAG00000039952
ENSG00000110852,ENSMFAG00000046355
ENSG00000006016,ENSMFAG00000001307
ENSG00000146830,ENSMFAG00000033735
ENSG00000007541,ENSMFAG00000034605
ENSG00000143369,ENSMFAG00000040115
ENSG00000205352,ENSMFAG00000040262
ENSG00000130818,ENSMFAG00000030946
ENSG00000051128,ENSMFAG00000031509
ENSG00000110536,ENSMFAG00000042995
ENSG00000137672,ENSMFAG00000002181
ENSG00000111640,ENSMFAG00000043045
ENSG00000111640,ENSMFAG00000001880
ENSG00000158850,ENSMFAG00000043338
ENSG00000196776,ENSMFAG00000039536
ENSG00000064419,ENSMFAG00000032385
ENSG00000130592,ENSMFAG00000037652
ENSG00000114735,ENSMFAG00000043622
ENSG00000104731,ENSMFAG00000000253
ENSG00000171443,ENSMFAG00000023561
ENSG00000115380,ENSMFAG00000044235
ENSG00000163812,ENSMFAG00000045789
ENSG00000158966,ENSMFAG00000037670
ENSG00000182271,ENSMFAG00000042486
ENSG00000129667,ENSMFAG00000001987
ENSG00000117115,ENSMFAG00000040306
ENSG00000088543,ENSMFAG00000049345
ENSG00000196323,ENSMFAG00000038275
ENSG00000116983,ENSMFAG00000033968
ENSG00000120937,ENSMFAG00000032207
ENSG00000138463,ENSMFAG00000063644
ENSG00000188529,ENSMFAG00000046011
ENSG00000185187,ENSMFAG00000041564
ENSG00000067560,ENSMFAG00000036093
ENSG00000004700,ENSMFAG00000031470
ENSG00000006530,ENSMFAG00000039906
ENSG00000182795,ENSMFAG00000050967
ENSG00000123444,ENSMFAG00000032928
ENSG00000143570,ENSMFAG00000056067
ENSG00000143570,ENSMFAG00000036171
ENSG00000058056,ENSMFAG00000042834
ENSG00000180902,ENSMFAG00000041453
ENSG00000175564,ENSMFAG00000001176
ENSG00000125454,ENSMFAG00000030383
ENSG00000103351,ENSMFAG00000037147
ENSG00000010379,ENSMFAG00000038990
ENSG00000162631,ENSMFAG00000036547
ENSG00000172273,ENSMFAG00000035740
ENSG00000143793,ENSMFAG00000045378
ENSG00000110921,ENSMFAG00000003068
ENSG00000174514,ENSMFAG00000039412
ENSG00000038358,ENSMFAG00000030369
ENSG00000186432,ENSMFAG00000041583
ENSG00000143995,ENSMFAG00000042877
ENSG00000149115,ENSMFAG00000040584
ENSG00000162496,ENSMFAG00000044134
ENSG00000176834,ENSMFAG00000023995
ENSG00000058091,ENSMFAG00000044994
ENSG00000175183,ENSMFAG00000033853
ENSG00000185627,ENSMFAG00000032216
ENSG00000143578,ENSMFAG00000030893
ENSG00000114473,ENSMFAG00000034341
ENSG00000108479,ENSMFAG00000016278
ENSG00000173960,ENSMFAG00000038617
ENSG00000010626,ENSMFAG00000040201
ENSG00000185813,ENSMFAG00000000478
ENSG00000016864,ENSMFAG00000043905
ENSG00000125633,ENSMFAG00000038632
ENSG00000135519,ENSMFAG00000045110
ENSG00000182359,ENSMFAG00000031041
ENSG00000106153,ENSMFAG00000056343
ENSG00000106153,ENSMFAG00000030830
ENSG00000165973,ENSMFAG00000035840
ENSG00000166578,ENSMFAG00000001483
ENSG00000102898,ENSMFAG00000047434
ENSG00000267368,ENSMFAG00000045321
ENSG00000132437,ENSMFAG00000025021
ENSG00000231738,ENSMFAG00000038735
ENSG00000198848,ENSMFAG00000031843
ENSG00000139433,ENSMFAG00000007238
ENSG00000124357,ENSMFAG00000043524
ENSG00000168778,ENSMFAG00000031900
ENSG00000135776,ENSMFAG00000002787
ENSG00000204186,ENSMFAG00000044616
ENSG00000134533,ENSMFAG00000041631
ENSG00000185885,ENSMFAG00000039100
ENSG00000111181,ENSMFAG00000044650
ENSG00000166086,ENSMFAG00000038555
ENSG00000178772,ENSMFAG00000065852
ENSG00000144908,ENSMFAG00000039810
ENSG00000132781,ENSMFAG00000026331
ENSG00000011405,ENSMFAG00000033659
ENSG00000124019,ENSMFAG00000031497
ENSG00000115310,ENSMFAG00000003000
ENSG00000137714,ENSMFAG00000039761
ENSG00000148926,ENSMFAG00000049999
ENSG00000134283,ENSMFAG00000002382
ENSG00000172508,ENSMFAG00000046293
ENSG00000197170,ENSMFAG00000032701
ENSG00000196715,ENSMFAG00000037750
ENSG00000166407,ENSMFAG00000034120
ENSG00000172115,ENSMFAG00000026282
ENSG00000172115,ENSMFAG00000050012
ENSG00000172115,ENSMFAG00000030330
ENSG00000172115,ENSMFAG00000020472
ENSG00000172115,ENSMFAG00000029941
ENSG00000134955,ENSMFAG00000002233
ENSG00000078053,ENSMFAG00000000228
ENSG00000182938,ENSMFAG00000003251
ENSG00000167083,ENSMFAG00000001055
ENSG00000110011,ENSMFAG00000036941
ENSG00000115239,ENSMFAG00000033020
ENSG00000159210,ENSMFAG00000000584
ENSG00000173421,ENSMFAG00000043646
ENSG00000167699,ENSMFAG00000032435
ENSG00000015676,ENSMFAG00000037323
ENSG00000164080,ENSMFAG00000041836
ENSG00000172935,ENSMFAG00000031267
ENSG00000167792,ENSMFAG00000038730
ENSG00000105953,ENSMFAG00000042097
ENSG00000102901,ENSMFAG00000000806
ENSG00000132323,ENSMFAG00000042266
ENSG00000177311,ENSMFAG00000021549
ENSG00000167434,ENSMFAG00000032685
ENSG00000008323,ENSMFAG00000032181
ENSG00000108932,ENSMFAG00000039686
ENSG00000154265,ENSMFAG00000041992
ENSG00000167994,ENSMFAG00000045583
ENSG00000163660,ENSMFAG00000030104
ENSG00000187555,ENSMFAG00000040158
ENSG00000127837,ENSMFAG00000034415
ENSG00000149428,ENSMFAG00000001531
ENSG00000154016,ENSMFAG00000033298
ENSG00000110911,ENSMFAG00000003818
ENSG00000180376,ENSMFAG00000045400
ENSG00000115828,ENSMFAG00000038124
ENSG00000172530,ENSMFAG00000037628
ENSG00000171150,ENSMFAG00000030827
ENSG00000129055,ENSMFAG00000035408
ENSG00000183023,ENSMFAG00000038538
ENSG00000174776,ENSMFAG00000043934
ENSG00000115866,ENSMFAG00000008693
ENSG00000169359,ENSMFAG00000057969
ENSG00000001617,ENSMFAG00000002063
ENSG00000132388,ENSMFAG00000002210
ENSG00000068912,ENSMFAG00000032604
ENSG00000111300,ENSMFAG00000039818
ENSG00000108262,ENSMFAG00000039346
ENSG00000163359,ENSMFAG00000043048
ENSG00000164604,ENSMFAG00000052996
ENSG00000165685,ENSMFAG00000044912
ENSG00000181789,ENSMFAG00000031940
ENSG00000136197,ENSMFAG00000027286
ENSG00000001630,ENSMFAG00000041456
ENSG00000196850,ENSMFAG00000047601
ENSG00000111058,ENSMFAG00000040344
ENSG00000086730,ENSMFAG00000028880
ENSG00000111269,ENSMFAG00000035477
ENSG00000182870,ENSMFAG00000001630
ENSG00000149499,ENSMFAG00000037614
ENSG00000168301,ENSMFAG00000040632
ENSG00000037897,ENSMFAG00000035422
ENSG00000131386,ENSMFAG00000040291
ENSG00000166866,ENSMFAG00000044427
ENSG00000067596,ENSMFAG00000044651
ENSG00000163389,ENSMFAG00000014083
ENSG00000198648,ENSMFAG00000031858
ENSG00000106459,ENSMFAG00000004077
ENSG00000144867,ENSMFAG00000039758
ENSG00000179583,ENSMFAG00000045595
ENSG00000090539,ENSMFAG00000001808
ENSG00000135124,ENSMFAG00000041150
ENSG00000141161,ENSMFAG00000036065
ENSG00000144278,ENSMFAG00000043213
ENSG00000116701,ENSMFAG00000036375
ENSG00000116266,ENSMFAG00000000666
ENSG00000008311,ENSMFAG00000038411
ENSG00000167985,ENSMFAG00000037382
ENSG00000134072,ENSMFAG00000040953
ENSG00000111581,ENSMFAG00000032446
ENSG00000160703,ENSMFAG00000001931
ENSG00000240344,ENSMFAG00000038708
ENSG00000174943,ENSMFAG00000041130
ENSG00000113805,ENSMFAG00000045446
ENSG00000197302,ENSMFAG00000045574
ENSG00000134376,ENSMFAG00000037248
ENSG00000090534,ENSMFAG00000044370
ENSG00000167264,ENSMFAG00000046270
ENSG00000113946,ENSMFAG00000043262
ENSG00000141574,ENSMFAG00000046114
ENSG00000126432,ENSMFAG00000033198
ENSG00000114859,ENSMFAG00000041358
ENSG00000081985,ENSMFAG00000044595
ENSG00000108950,ENSMFAG00000033263
ENSG00000152270,ENSMFAG00000043764
ENSG00000135913,ENSMFAG00000003758
ENSG00000108439,ENSMFAG00000039285
ENSG00000163565,ENSMFAG00000041789
ENSG00000111245,ENSMFAG00000036782
ENSG00000006128,ENSMFAG00000000287
ENSG00000225190,ENSMFAG00000032118
ENSG00000206562,ENSMFAG00000000654
ENSG00000262655,ENSMFAG00000045029
ENSG00000078549,ENSMFAG00000040314
ENSG00000163817,ENSMFAG00000001640
ENSG00000149557,ENSMFAG00000002076
ENSG00000108878,ENSMFAG00000040283
ENSG00000168309,ENSMFAG00000057310
ENSG00000087502,ENSMFAG00000041736
ENSG00000127947,ENSMFAG00000030934
ENSG00000163882,ENSMFAG00000038115
ENSG00000150722,ENSMFAG00000037755
ENSG00000163166,ENSMFAG00000016975
ENSG00000120332,ENSMFAG00000001813
ENSG00000161791,ENSMFAG00000042783
ENSG00000114030,ENSMFAG00000046020
ENSG00000062716,ENSMFAG00000032772
ENSG00000149089,ENSMFAG00000031416
ENSG00000153208,ENSMFAG00000032328
ENSG00000135828,ENSMFAG00000044965
ENSG00000213199,ENSMFAG00000001829
ENSG00000215717,ENSMFAG00000049086
ENSG00000167261,ENSMFAG00000000644
ENSG00000174842,ENSMFAG00000035560
ENSG00000091409,ENSMFAG00000038164
ENSG00000151702,ENSMFAG00000040184
ENSG00000177409,ENSMFAG00000002155
ENSG00000149547,ENSMFAG00000042989
ENSG00000111325,ENSMFAG00000030315
ENSG00000168291,ENSMFAG00000032932
ENSG00000164828,ENSMFAG00000003239
ENSG00000049283,ENSMFAG00000044525
ENSG00000167930,ENSMFAG00000001325
ENSG00000091986,ENSMFAG00000001224
ENSG00000151176,ENSMFAG00000040031
ENSG00000133048,ENSMFAG00000003587
ENSG00000108576,ENSMFAG00000002876
ENSG00000136542,ENSMFAG00000036566
ENSG00000080371,ENSMFAG00000044317
ENSG00000180353,ENSMFAG00000039904
ENSG00000135968,ENSMFAG00000000931
ENSG00000089159,ENSMFAG00000031289
ENSG00000143891,ENSMFAG00000041315
ENSG00000179348,ENSMFAG00000038603
ENSG00000171621,ENSMFAG00000036668
ENSG00000142330,ENSMFAG00000031448
ENSG00000154370,ENSMFAG00000042805
ENSG00000203747,ENSMFAG00000043175
ENSG00000203747,ENSMFAG00000053018
ENSG00000213533,ENSMFAG00000044286
ENSG00000109113,ENSMFAG00000045768
ENSG00000114416,ENSMFAG00000040264
ENSG00000162909,ENSMFAG00000003091
ENSG00000110074,ENSMFAG00000031974
ENSG00000025434,ENSMFAG00000002014
ENSG00000115561,ENSMFAG00000043771
ENSG00000003509,ENSMFAG00000031686
ENSG00000137962,ENSMFAG00000043826
ENSG00000161203,ENSMFAG00000024802
ENSG00000155974,ENSMFAG00000034631
ENSG00000115758,ENSMFAG00000038147
ENSG00000115758,ENSMFAG00000030175
ENSG00000116141,ENSMFAG00000039269
ENSG00000168329,ENSMFAG00000044029
ENSG00000173473,ENSMFAG00000043050
ENSG00000275052,ENSMFAG00000037701
ENSG00000184613,ENSMFAG00000040165
ENSG00000158014,ENSMFAG00000003156
ENSG00000082497,ENSMFAG00000056663
ENSG00000004660,ENSMFAG00000030883
ENSG00000173614,ENSMFAG00000001659
ENSG00000117477,ENSMFAG00000041326
ENSG00000135090,ENSMFAG00000017617
ENSG00000121905,ENSMFAG00000034246
ENSG00000185269,ENSMFAG00000033597
ENSG00000143632,ENSMFAG00000002280
ENSG00000173153,ENSMFAG00000035878
ENSG00000141556,ENSMFAG00000034311
ENSG00000132677,ENSMFAG00000040010
ENSG00000171960,ENSMFAG00000047206
ENSG00000184014,ENSMFAG00000037631
ENSG00000135677,ENSMFAG00000000073
ENSG00000121807,ENSMFAG00000033884
ENSG00000175105,ENSMFAG00000041264
ENSG00000056736,ENSMFAG00000001616
ENSG00000138050,ENSMFAG00000031464
ENSG00000124006,ENSMFAG00000034443
ENSG00000181061,ENSMFAG00000003936
ENSG00000125944,ENSMFAG00000039737
ENSG00000083093,ENSMFAG00000003457
ENSG00000074527,ENSMFAG00000040537
ENSG00000140987,ENSMFAG00000001468
ENSG00000036054,ENSMFAG00000030957
ENSG00000166391,ENSMFAG00000032272
ENSG00000166261,ENSMFAG00000002603
ENSG00000162878,ENSMFAG00000003585
ENSG00000149927,ENSMFAG00000031217
ENSG00000111674,ENSMFAG00000003928
ENSG00000159063,ENSMFAG00000002110
ENSG00000185946,ENSMFAG00000002004
ENSG00000185946,ENSMFAG00000050492
ENSG00000136044,ENSMFAG00000043698
ENSG00000113812,ENSMFAG00000042471
ENSG00000151789,ENSMFAG00000032213
ENSG00000173113,ENSMFAG00000044258
ENSG00000133657,ENSMFAG00000039232
ENSG00000021762,ENSMFAG00000033431
ENSG00000144642,ENSMFAG00000033300
ENSG00000066136,ENSMFAG00000033858
ENSG00000159579,ENSMFAG00000037926
ENSG00000185480,ENSMFAG00000007317
ENSG00000150687,ENSMFAG00000036910
ENSG00000135720,ENSMFAG00000045659
ENSG00000166478,ENSMFAG00000008022
ENSG00000139350,ENSMFAG00000002214
ENSG00000033867,ENSMFAG00000000748
ENSG00000102893,ENSMFAG00000043545
ENSG00000094914,ENSMFAG00000039804
ENSG00000271447,ENSMFAG00000003523
ENSG00000126858,ENSMFAG00000034504
ENSG00000163798,ENSMFAG00000034281
ENSG00000066084,ENSMFAG00000031797
ENSG00000172086,ENSMFAG00000007883
ENSG00000155636,ENSMFAG00000042524
ENSG00000138442,ENSMFAG00000044326
ENSG00000139173,ENSMFAG00000037752
ENSG00000167526,ENSMFAG00000027717
ENSG00000135447,ENSMFAG00000037982
ENSG00000005175,ENSMFAG00000030749
ENSG00000129084,ENSMFAG00000036829
ENSG00000119013,ENSMFAG00000030964
ENSG00000065057,ENSMFAG00000032174
ENSG00000128654,ENSMFAG00000026822
ENSG00000180881,ENSMFAG00000038272
ENSG00000140829,ENSMFAG00000031852
ENSG00000122565,ENSMFAG00000000399
ENSG00000144199,ENSMFAG00000003297
ENSG00000061938,ENSMFAG00000046083
ENSG00000165434,ENSMFAG00000031326
ENSG00000119865,ENSMFAG00000035167
ENSG00000170745,ENSMFAG00000007411
ENSG00000110080,ENSMFAG00000039592
ENSG00000140950,ENSMFAG00000040862
ENSG00000178623,ENSMFAG00000048512
ENSG00000155849,ENSMFAG00000002088
ENSG00000152102,ENSMFAG00000054332
ENSG00000103264,ENSMFAG00000060056
ENSG00000120837,ENSMFAG00000037272
ENSG00000196296,ENSMFAG00000048869
ENSG00000177119,ENSMFAG00000037126
ENSG00000180398,ENSMFAG00000061552
ENSG00000114648,ENSMFAG00000002292
ENSG00000114648,ENSMFAG00000064753
ENSG00000198420,ENSMFAG00000041977
ENSG00000088727,ENSMFAG00000043979
ENSG00000242802,ENSMFAG00000032526
ENSG00000072135,ENSMFAG00000003200
ENSG00000120833,ENSMFAG00000031234
ENSG00000186908,ENSMFAG00000042288
ENSG00000177548,ENSMFAG00000000278
ENSG00000004766,ENSMFAG00000044129
ENSG00000184988,ENSMFAG00000031972
ENSG00000163320,ENSMFAG00000052960
ENSG00000152683,ENSMFAG00000002845
ENSG00000006831,ENSMFAG00000035361
ENSG00000240303,ENSMFAG00000034200
ENSG00000205544,ENSMFAG00000039608
ENSG00000141736,ENSMFAG00000041598
ENSG00000103528,ENSMFAG00000031347
ENSG00000171681,ENSMFAG00000045202
ENSG00000153560,ENSMFAG00000035445
ENSG00000103249,ENSMFAG00000031886
ENSG00000144381,ENSMFAG00000036512
ENSG00000144381,ENSMFAG00000033000
ENSG00000136059,ENSMFAG00000002052
ENSG00000111186,ENSMFAG00000033973
ENSG00000070540,ENSMFAG00000039344
ENSG00000111540,ENSMFAG00000029992
ENSG00000185504,ENSMFAG00000042241
ENSG00000136297,ENSMFAG00000045932
ENSG00000135272,ENSMFAG00000050895
ENSG00000258890,ENSMFAG00000037980
ENSG00000136235,ENSMFAG00000037301
ENSG00000111667,ENSMFAG00000000814
ENSG00000161594,ENSMFAG00000036160
ENSG00000163710,ENSMFAG00000001242
ENSG00000172831,ENSMFAG00000032416
ENSG00000170412,ENSMFAG00000044390
ENSG00000184432,ENSMFAG00000030752
ENSG00000136451,ENSMFAG00000002811
ENSG00000049323,ENSMFAG00000044061
ENSG00000164654,ENSMFAG00000034560
ENSG00000177731,ENSMFAG00000035866
ENSG00000129048,ENSMFAG00000030372
ENSG00000213853,ENSMFAG00000053844
ENSG00000175110,ENSMFAG00000035834
ENSG00000136244,ENSMFAG00000000229
ENSG00000125170,ENSMFAG00000002708
ENSG00000106628,ENSMFAG00000042401
ENSG00000158023,ENSMFAG00000025564
ENSG00000058866,ENSMFAG00000042125
ENSG00000111218,ENSMFAG00000045030
ENSG00000137747,ENSMFAG00000035915
ENSG00000139641,ENSMFAG00000035482
ENSG00000205336,ENSMFAG00000002223
ENSG00000149084,ENSMFAG00000030974
ENSG00000174953,ENSMFAG00000032288
ENSG00000117475,ENSMFAG00000042415
ENSG00000121900,ENSMFAG00000001257
ENSG00000131626,ENSMFAG00000032570
ENSG00000105865,ENSMFAG00000035797
ENSG00000168264,ENSMFAG00000041239
ENSG00000171492,ENSMFAG00000062678
ENSG00000174928,ENSMFAG00000004239
ENSG00000142632,ENSMFAG00000039124
ENSG00000106546,ENSMFAG00000035664
ENSG00000158163,ENSMFAG00000041691
ENSG00000197037,ENSMFAG00000046015
ENSG00000160752,ENSMFAG00000003238
ENSG00000160752,ENSMFAG00000044606
ENSG00000010327,ENSMFAG00000045138
ENSG00000168878,ENSMFAG00000040839
ENSG00000106538,ENSMFAG00000043390
ENSG00000122970,ENSMFAG00000001327
ENSG00000129173,ENSMFAG00000046393
ENSG00000105948,ENSMFAG00000044086
ENSG00000162520,ENSMFAG00000042467
ENSG00000109929,ENSMFAG00000001405
ENSG00000006042,ENSMFAG00000000693
ENSG00000078369,ENSMFAG00000040106
ENSG00000187715,ENSMFAG00000007505
ENSG00000164850,ENSMFAG00000039908
ENSG00000111348,ENSMFAG00000040353
ENSG00000163820,ENSMFAG00000036598
ENSG00000127995,ENSMFAG00000002018
ENSG00000174106,ENSMFAG00000045363
ENSG00000002919,ENSMFAG00000001845
ENSG00000151090,ENSMFAG00000008661
ENSG00000156738,ENSMFAG00000043565
ENSG00000183735,ENSMFAG00000031885
ENSG00000105968,ENSMFAG00000064288
ENSG00000167257,ENSMFAG00000034484
ENSG00000176170,ENSMFAG00000032563
ENSG00000154229,ENSMFAG00000027291
ENSG00000135902,ENSMFAG00000032629
ENSG00000137501,ENSMFAG00000032887
ENSG00000163482,ENSMFAG00000003769
ENSG00000141456,ENSMFAG00000042883
ENSG00000167778,ENSMFAG00000033467
ENSG00000013503,ENSMFAG00000038425
ENSG00000198231,ENSMFAG00000031356
ENSG00000181072,ENSMFAG00000029546
ENSG00000005471,ENSMFAG00000038890
ENSG00000168268,ENSMFAG00000004068
ENSG00000123983,ENSMFAG00000043391
ENSG00000108588,ENSMFAG00000036655
ENSG00000072041,ENSMFAG00000003556
ENSG00000114316,ENSMFAG00000043326
ENSG00000110801,ENSMFAG00000037177
ENSG00000127838,ENSMFAG00000038281
ENSG00000122965,ENSMFAG00000046091
ENSG00000133789,ENSMFAG00000035832
ENSG00000196975,ENSMFAG00000033651
ENSG00000122678,ENSMFAG00000043995
ENSG00000137491,ENSMFAG00000042845
ENSG00000167842,ENSMFAG00000056878
ENSG00000132386,ENSMFAG00000044409
ENSG00000116473,ENSMFAG00000034202
ENSG00000139636,ENSMFAG00000031019
ENSG00000257057,ENSMFAG00000044586
ENSG00000110090,ENSMFAG00000031988
ENSG00000167711,ENSMFAG00000038758
ENSG00000172031,ENSMFAG00000035355
ENSG00000196666,ENSMFAG00000043005
ENSG00000065183,ENSMFAG00000034570
ENSG00000205482,ENSMFAG00000042064
ENSG00000077454,ENSMFAG00000034297
ENSG00000148948,ENSMFAG00000030573
ENSG00000162241,ENSMFAG00000045518
ENSG00000166226,ENSMFAG00000035905
ENSG00000014914,ENSMFAG00000031699
ENSG00000135378,ENSMFAG00000001744
ENSG00000068971,ENSMFAG00000041875
ENSG00000087087,ENSMFAG00000033745
ENSG00000118873,ENSMFAG00000035771
ENSG00000171532,ENSMFAG00000060502
ENSG00000177425,ENSMFAG00000062333
ENSG00000186407,ENSMFAG00000060090
ENSG00000109063,ENSMFAG00000065517
ENSG00000130413,ENSMFAG00000043158
ENSG00000011465,ENSMFAG00000037651
ENSG00000172215,ENSMFAG00000000349
ENSG00000082781,ENSMFAG00000008012
ENSG00000114923,ENSMFAG00000002002
ENSG00000141378,ENSMFAG00000036307
ENSG00000070019,ENSMFAG00000002320
ENSG00000180891,ENSMFAG00000034135
ENSG00000131374,ENSMFAG00000002555
ENSG00000143374,ENSMFAG00000030387
ENSG00000072609,ENSMFAG00000039138
ENSG00000006744,ENSMFAG00000041840
ENSG00000110315,ENSMFAG00000041777
ENSG00000182450,ENSMFAG00000053969
ENSG00000198130,ENSMFAG00000045282
ENSG00000174483,ENSMFAG00000032611
ENSG00000161036,ENSMFAG00000032265
ENSG00000106541,ENSMFAG00000035645
ENSG00000114942,ENSMFAG00000063764
ENSG00000114942,ENSMFAG00000038364
ENSG00000276600,ENSMFAG00000059436
ENSG00000106333,ENSMFAG00000038601
ENSG00000204084,ENSMFAG00000034447
ENSG00000133627,ENSMFAG00000034566
ENSG00000135926,ENSMFAG00000022782
ENSG00000123836,ENSMFAG00000041915
ENSG00000129083,ENSMFAG00000041022
ENSG00000174697,ENSMFAG00000044033
ENSG00000005981,ENSMFAG00000041748
ENSG00000005249,ENSMFAG00000041581
ENSG00000161381,ENSMFAG00000032401
ENSG00000161040,ENSMFAG00000000510
ENSG00000106460,ENSMFAG00000037023
ENSG00000173226,ENSMFAG00000025425
ENSG00000005156,ENSMFAG00000036202
ENSG00000081760,ENSMFAG00000028497
ENSG00000198839,ENSMFAG00000035406
ENSG00000154342,ENSMFAG00000042689
ENSG00000067704,ENSMFAG00000000345
ENSG00000197093,ENSMFAG00000003150
ENSG00000170248,ENSMFAG00000043863
ENSG00000136247,ENSMFAG00000002456
ENSG00000115216,ENSMFAG00000031403
ENSG00000137497,ENSMFAG00000042621
ENSG00000224982,ENSMFAG00000064866
ENSG00000174989,ENSMFAG00000035404
ENSG00000131375,ENSMFAG00000001867
ENSG00000155363,ENSMFAG00000002283
ENSG00000154025,ENSMFAG00000003061
ENSG00000111602,ENSMFAG00000030313
ENSG00000221882,ENSMFAG00000064758
ENSG00000132517,ENSMFAG00000043362
ENSG00000161048,ENSMFAG00000044187
ENSG00000087191,ENSMFAG00000044054
ENSG00000172053,ENSMFAG00000033478
ENSG00000176428,ENSMFAG00000038378
ENSG00000032389,ENSMFAG00000045352
ENSG00000128606,ENSMFAG00000006231
ENSG00000160813,ENSMFAG00000040018
ENSG00000079785,ENSMFAG00000033987
ENSG00000108443,ENSMFAG00000043523
ENSG00000011105,ENSMFAG00000043124
ENSG00000136238,ENSMFAG00000045457
ENSG00000151065,ENSMFAG00000028687
ENSG00000088035,ENSMFAG00000041396
ENSG00000141503,ENSMFAG00000035913
ENSG00000130779,ENSMFAG00000043612
ENSG00000106246,ENSMFAG00000041324
ENSG00000142700,ENSMFAG00000062675
ENSG00000198483,ENSMFAG00000036117
ENSG00000170632,ENSMFAG00000033426
ENSG00000164011,ENSMFAG00000002872
ENSG00000137992,ENSMFAG00000045317
ENSG00000157184,ENSMFAG00000040882
ENSG00000055917,ENSMFAG00000000492
ENSG00000172354,ENSMFAG00000039171
ENSG00000203666,ENSMFAG00000039610
ENSG00000143502,ENSMFAG00000043811
ENSG00000133065,ENSMFAG00000041913
ENSG00000164776,ENSMFAG00000045222
ENSG00000184575,ENSMFAG00000032644
ENSG00000163870,ENSMFAG00000038337
ENSG00000154114,ENSMFAG00000032553
ENSG00000106245,ENSMFAG00000035579
ENSG00000172123,ENSMFAG00000001223
ENSG00000108582,ENSMFAG00000042013
ENSG00000087077,ENSMFAG00000035576
ENSG00000171680,ENSMFAG00000004055
ENSG00000134574,ENSMFAG00000031723
ENSG00000170037,ENSMFAG00000009931
ENSG00000179295,ENSMFAG00000046302
ENSG00000172500,ENSMFAG00000046229
ENSG00000008277,ENSMFAG00000001062
ENSG00000108406,ENSMFAG00000041526
ENSG00000186815,ENSMFAG00000035454
ENSG00000168496,ENSMFAG00000009480
ENSG00000159314,ENSMFAG00000001149
ENSG00000068976,ENSMFAG00000039378
ENSG00000166352,ENSMFAG00000001278
ENSG00000170011,ENSMFAG00000027633
ENSG00000163075,ENSMFAG00000026339
ENSG00000123473,ENSMFAG00000024408
ENSG00000149150,ENSMFAG00000041225
ENSG00000087152,ENSMFAG00000001591
ENSG00000185404,ENSMFAG00000061820
ENSG00000004838,ENSMFAG00000000265
ENSG00000108551,ENSMFAG00000050070
ENSG00000114388,ENSMFAG00000003338
ENSG00000116005,ENSMFAG00000045914
ENSG00000108312,ENSMFAG00000041241
ENSG00000198380,ENSMFAG00000003721
ENSG00000166452,ENSMFAG00000045580
ENSG00000173402,ENSMFAG00000044374
ENSG00000135451,ENSMFAG00000021053
ENSG00000085117,ENSMFAG00000035741
ENSG00000122068,ENSMFAG00000033352
ENSG00000157214,ENSMFAG00000045411
ENSG00000085998,ENSMFAG00000000070
ENSG00000163939,ENSMFAG00000035585
ENSG00000174600,ENSMFAG00000014872
ENSG00000128641,ENSMFAG00000043361
ENSG00000089157,ENSMFAG00000065123
ENSG00000065883,ENSMFAG00000000645
ENSG00000090263,ENSMFAG00000032116
ENSG00000133805,ENSMFAG00000003361
ENSG00000106261,ENSMFAG00000030614
ENSG00000178234,ENSMFAG00000044998
ENSG00000196091,ENSMFAG00000038552
ENSG00000144749,ENSMFAG00000033439
ENSG00000155380,ENSMFAG00000035894
ENSG00000248746,ENSMFAG00000043864
ENSG00000203859,ENSMFAG00000000449
ENSG00000146574,ENSMFAG00000035825
ENSG00000146574,ENSMFAG00000062555
ENSG00000146574,ENSMFAG00000003003
ENSG00000085491,ENSMFAG00000045161
ENSG00000121671,ENSMFAG00000045219
ENSG00000116747,ENSMFAG00000016020
ENSG00000176532,ENSMFAG00000023520
ENSG00000164885,ENSMFAG00000002154
ENSG00000108819,ENSMFAG00000041494
ENSG00000150776,ENSMFAG00000044738
ENSG00000106351,ENSMFAG00000035777
ENSG00000196169,ENSMFAG00000005945
ENSG00000011347,ENSMFAG00000043470
ENSG00000088280,ENSMFAG00000038006
ENSG00000072274,ENSMFAG00000000711
ENSG00000002822,ENSMFAG00000045936
ENSG00000165915,ENSMFAG00000003412
ENSG00000159650,ENSMFAG00000042232
ENSG00000143324,ENSMFAG00000036802
ENSG00000163406,ENSMFAG00000032143
ENSG00000132383,ENSMFAG00000036138
ENSG00000175216,ENSMFAG00000001378
ENSG00000067208,ENSMFAG00000003592
ENSG00000001631,ENSMFAG00000033257
ENSG00000144061,ENSMFAG00000043563
ENSG00000075785,ENSMFAG00000050771
ENSG00000171595,ENSMFAG00000035401
ENSG00000121903,ENSMFAG00000042799
ENSG00000163517,ENSMFAG00000036363
ENSG00000143437,ENSMFAG00000038379
ENSG00000154803,ENSMFAG00000037655
ENSG00000138443,ENSMFAG00000031286
ENSG00000065320,ENSMFAG00000037787
ENSG00000183034,ENSMFAG00000045008
ENSG00000163584,ENSMFAG00000041383
ENSG00000168517,ENSMFAG00000032794
ENSG00000080822,ENSMFAG00000041563
ENSG00000008283,ENSMFAG00000030469
ENSG00000161526,ENSMFAG00000000434
ENSG00000168005,ENSMFAG00000002160
ENSG00000132436,ENSMFAG00000063787
ENSG00000161328,ENSMFAG00000035420
ENSG00000075303,ENSMFAG00000034495
ENSG00000183763,ENSMFAG00000033393
ENSG00000136273,ENSMFAG00000000144
ENSG00000108506,ENSMFAG00000017924
ENSG00000081307,ENSMFAG00000041391
ENSG00000115548,ENSMFAG00000046149
ENSG00000135249,ENSMFAG00000032024
ENSG00000136279,ENSMFAG00000032367
ENSG00000108773,ENSMFAG00000040507
ENSG00000197601,ENSMFAG00000033108
ENSG00000131788,ENSMFAG00000001990
ENSG00000135363,ENSMFAG00000038993
ENSG00000111790,ENSMFAG00000043095
ENSG00000026508,ENSMFAG00000043892
ENSG00000205707,ENSMFAG00000041072
ENSG00000134108,ENSMFAG00000035233
ENSG00000049239,ENSMFAG00000003162
ENSG00000108784,ENSMFAG00000039206
ENSG00000068885,ENSMFAG00000044919
ENSG00000139200,ENSMFAG00000001518
ENSG00000186074,ENSMFAG00000030780
ENSG00000018699,ENSMFAG00000042155
ENSG00000177628,ENSMFAG00000019252
ENSG00000187778,ENSMFAG00000022915
ENSG00000146872,ENSMFAG00000036106
ENSG00000138411,ENSMFAG00000034346
ENSG00000121858,ENSMFAG00000002428
ENSG00000011198,ENSMFAG00000038665
ENSG00000133019,ENSMFAG00000034701
ENSG00000213672,ENSMFAG00000031042
ENSG00000169902,ENSMFAG00000003213
ENSG00000117691,ENSMFAG00000061910
ENSG00000138375,ENSMFAG00000034369
ENSG00000186364,ENSMFAG00000042456
ENSG00000135838,ENSMFAG00000034260
ENSG00000086300,ENSMFAG00000000672
ENSG00000153237,ENSMFAG00000038269
ENSG00000163655,ENSMFAG00000039350
ENSG00000119004,ENSMFAG00000036924
ENSG00000136267,ENSMFAG00000042148
ENSG00000181873,ENSMFAG00000002470
ENSG00000135829,ENSMFAG00000041152
ENSG00000169064,ENSMFAG00000042164
ENSG00000160917,ENSMFAG00000001462
ENSG00000196950,ENSMFAG00000035991
ENSG00000114107,ENSMFAG00000038255
ENSG00000197273,ENSMFAG00000031471
ENSG00000167183,ENSMFAG00000030161
ENSG00000106588,ENSMFAG00000032277
ENSG00000239704,ENSMFAG00000041656
ENSG00000067191,ENSMFAG00000002054
ENSG00000132128,ENSMFAG00000039635
ENSG00000164603,ENSMFAG00000042159
ENSG00000135241,ENSMFAG00000033607
ENSG00000131778,ENSMFAG00000043562
ENSG00000151689,ENSMFAG00000000495
ENSG00000108821,ENSMFAG00000033990
ENSG00000120756,ENSMFAG00000002207
ENSG00000136270,ENSMFAG00000032141
ENSG00000144524,ENSMFAG00000039889
ENSG00000138356,ENSMFAG00000036889
ENSG00000276234,ENSMFAG00000046352
ENSG00000198909,ENSMFAG00000033252
ENSG00000157778,ENSMFAG00000043635
ENSG00000116095,ENSMFAG00000031192
ENSG00000006576,ENSMFAG00000033086
ENSG00000119801,ENSMFAG00000034462
ENSG00000162692,ENSMFAG00000028887
ENSG00000198382,ENSMFAG00000001657
ENSG00000177463,ENSMFAG00000045119
ENSG00000152332,ENSMFAG00000041742
ENSG00000189350,ENSMFAG00000038248
ENSG00000109046,ENSMFAG00000042968
ENSG00000057935,ENSMFAG00000037713
ENSG00000158714,ENSMFAG00000044324
ENSG00000117525,ENSMFAG00000041937
ENSG00000117139,ENSMFAG00000017880
ENSG00000185670,ENSMFAG00000003520
ENSG00000176697,ENSMFAG00000003789
ENSG00000163933,ENSMFAG00000034584
ENSG00000152558,ENSMFAG00000057826
ENSG00000167333,ENSMFAG00000037511
ENSG00000171302,ENSMFAG00000043780
ENSG00000221968,ENSMFAG00000040762
ENSG00000114861,ENSMFAG00000033964
ENSG00000068724,ENSMFAG00000040123
ENSG00000196329,ENSMFAG00000044951
ENSG00000070669,ENSMFAG00000041092
ENSG00000233670,ENSMFAG00000030222
ENSG00000129219,ENSMFAG00000003242
ENSG00000052841,ENSMFAG00000033718
ENSG00000135211,ENSMFAG00000051170
ENSG00000106344,ENSMFAG00000031036
ENSG00000131242,ENSMFAG00000036401
ENSG00000084234,ENSMFAG00000040269
ENSG00000115363,ENSMFAG00000021015
ENSG00000123843,ENSMFAG00000002712
ENSG00000048405,ENSMFAG00000000453
ENSG00000141198,ENSMFAG00000044267
ENSG00000146859,ENSMFAG00000053923
ENSG00000176407,ENSMFAG00000044887
ENSG00000075426,ENSMFAG00000043522
ENSG00000115459,ENSMFAG00000032988
ENSG00000126107,ENSMFAG00000032447
ENSG00000106025,ENSMFAG00000002377
ENSG00000010803,ENSMFAG00000036779
ENSG00000146733,ENSMFAG00000047517
ENSG00000146733,ENSMFAG00000046356
ENSG00000121057,ENSMFAG00000042936
ENSG00000162461,ENSMFAG00000060774
ENSG00000064886,ENSMFAG00000037152
ENSG00000166926,ENSMFAG00000051617
ENSG00000019144,ENSMFAG00000007641
ENSG00000141499,ENSMFAG00000033679
ENSG00000076864,ENSMFAG00000001962
ENSG00000105835,ENSMFAG00000028242
ENSG00000085760,ENSMFAG00000044949
ENSG00000166260,ENSMFAG00000003883
ENSG00000196456,ENSMFAG00000056716
ENSG00000132481,ENSMFAG00000040084
ENSG00000175826,ENSMFAG00000002243
ENSG00000070882,ENSMFAG00000045859
ENSG00000182481,ENSMFAG00000007530
ENSG00000182481,ENSMFAG00000037262
ENSG00000108395,ENSMFAG00000038070
ENSG00000172023,ENSMFAG00000001029
ENSG00000163171,ENSMFAG00000014850
ENSG00000072163,ENSMFAG00000000950
ENSG00000197548,ENSMFAG00000040779
ENSG00000163833,ENSMFAG00000043265
ENSG00000163611,ENSMFAG00000029407
ENSG00000106608,ENSMFAG00000034049
ENSG00000162302,ENSMFAG00000036152
ENSG00000158528,ENSMFAG00000034343
ENSG00000170291,ENSMFAG00000038563
ENSG00000168036,ENSMFAG00000034131
ENSG00000152256,ENSMFAG00000043197
ENSG00000149403,ENSMFAG00000036614
ENSG00000121068,ENSMFAG00000038998
ENSG00000155754,ENSMFAG00000037284
ENSG00000131748,ENSMFAG00000035990
ENSG00000153093,ENSMFAG00000036885
ENSG00000106554,ENSMFAG00000024346
ENSG00000110079,ENSMFAG00000033085
ENSG00000158517,ENSMFAG00000038102
ENSG00000067066,ENSMFAG00000030689
ENSG00000173511,ENSMFAG00000044556
ENSG00000127954,ENSMFAG00000032562
ENSG00000258659,ENSMFAG00000019545
ENSG00000214517,ENSMFAG00000031619
ENSG00000164849,ENSMFAG00000030098
ENSG00000122779,ENSMFAG00000045630
ENSG00000278053,ENSMFAG00000000640
ENSG00000175220,ENSMFAG00000036912
ENSG00000108622,ENSMFAG00000033733
ENSG00000122642,ENSMFAG00000032555
ENSG00000115207,ENSMFAG00000038159
ENSG00000205339,ENSMFAG00000040326
ENSG00000128564,ENSMFAG00000040047
ENSG00000106290,ENSMFAG00000004067
ENSG00000165916,ENSMFAG00000003854
ENSG00000114805,ENSMFAG00000042166
ENSG00000144230,ENSMFAG00000036834
ENSG00000115461,ENSMFAG00000040116
ENSG00000171055,ENSMFAG00000014609
ENSG00000005243,ENSMFAG00000045896
ENSG00000177830,ENSMFAG00000044543
ENSG00000151779,ENSMFAG00000003823
ENSG00000188176,ENSMFAG00000032547
ENSG00000118007,ENSMFAG00000033986
ENSG00000132522,ENSMFAG00000035529
ENSG00000182134,ENSMFAG00000041641
ENSG00000130429,ENSMFAG00000046299
ENSG00000129226,ENSMFAG00000032792
ENSG00000128487,ENSMFAG00000040315
ENSG00000138363,ENSMFAG00000044630
ENSG00000167925,ENSMFAG00000001371
ENSG00000144619,ENSMFAG00000031919
ENSG00000183077,ENSMFAG00000026977
ENSG00000196652,ENSMFAG00000037519
ENSG00000198836,ENSMFAG00000038307
ENSG00000006468,ENSMFAG00000032001
ENSG00000162231,ENSMFAG00000045399
ENSG00000092929,ENSMFAG00000026038
ENSG00000138080,ENSMFAG00000029007
ENSG00000149043,ENSMFAG00000003669
ENSG00000143774,ENSMFAG00000039838
ENSG00000168530,ENSMFAG00000031549
ENSG00000162804,ENSMFAG00000001771
ENSG00000160908,ENSMFAG00000045342
ENSG00000011143,ENSMFAG00000002254
ENSG00000221838,ENSMFAG00000040792
ENSG00000108799,ENSMFAG00000032160
ENSG00000198075,ENSMFAG00000039337
ENSG00000144161,ENSMFAG00000031522
ENSG00000134780,ENSMFAG00000065195
ENSG00000158435,ENSMFAG00000044449
ENSG00000121988,ENSMFAG00000034071
ENSG00000117543,ENSMFAG00000003120
ENSG00000166927,ENSMFAG00000042905
ENSG00000183644,ENSMFAG00000036781
ENSG00000149311,ENSMFAG00000004053
ENSG00000141504,ENSMFAG00000001081
ENSG00000135919,ENSMFAG00000043725
ENSG00000108671,ENSMFAG00000039747
ENSG00000143028,ENSMFAG00000047408
ENSG00000033050,ENSMFAG00000034542
ENSG00000155366,ENSMFAG00000001491
ENSG00000125637,ENSMFAG00000040672
ENSG00000110063,ENSMFAG00000057084
ENSG00000162998,ENSMFAG00000035606
ENSG00000133818,ENSMFAG00000003904
ENSG00000168542,ENSMFAG00000003702
ENSG00000169193,ENSMFAG00000032312
ENSG00000172732,ENSMFAG00000035399
ENSG00000106009,ENSMFAG00000000395
ENSG00000132376,ENSMFAG00000030338
ENSG00000168071,ENSMFAG00000030420
ENSG00000153002,ENSMFAG00000002015
ENSG00000117595,ENSMFAG00000033961
ENSG00000178035,ENSMFAG00000044947
ENSG00000166997,ENSMFAG00000002468
ENSG00000099849,ENSMFAG00000019478
ENSG00000196689,ENSMFAG00000040334
ENSG00000077080,ENSMFAG00000038744
ENSG00000116667,ENSMFAG00000045835
ENSG00000185507,ENSMFAG00000039781
ENSG00000143248,ENSMFAG00000042336
ENSG00000169871,ENSMFAG00000030488
ENSG00000133561,ENSMFAG00000043478
ENSG00000086232,ENSMFAG00000036418
ENSG00000085552,ENSMFAG00000000704
ENSG00000064012,ENSMFAG00000034568
ENSG00000168056,ENSMFAG00000003349
ENSG00000163050,ENSMFAG00000045043
ENSG00000122674,ENSMFAG00000035825
ENSG00000122674,ENSMFAG00000062555
ENSG00000122674,ENSMFAG00000003003
ENSG00000144744,ENSMFAG00000036648
ENSG00000124356,ENSMFAG00000002039
ENSG00000131771,ENSMFAG00000041728
ENSG00000110696,ENSMFAG00000041653
ENSG00000109971,ENSMFAG00000036316
ENSG00000109971,ENSMFAG00000038633
ENSG00000146828,ENSMFAG00000035511
ENSG00000072134,ENSMFAG00000046054
ENSG00000144868,ENSMFAG00000031966
ENSG00000144810,ENSMFAG00000051740
ENSG00000071203,ENSMFAG00000002706
ENSG00000142186,ENSMFAG00000030370
ENSG00000186001,ENSMFAG00000045169
ENSG00000167861,ENSMFAG00000032179
ENSG00000185811,ENSMFAG00000063963
ENSG00000138095,ENSMFAG00000041560
ENSG00000114738,ENSMFAG00000003300
ENSG00000072849,ENSMFAG00000042300
ENSG00000196189,ENSMFAG00000037487
ENSG00000109062,ENSMFAG00000043867
ENSG00000127952,ENSMFAG00000031917
ENSG00000198720,ENSMFAG00000002123
ENSG00000172936,ENSMFAG00000041701
ENSG00000108852,ENSMFAG00000037677
ENSG00000084628,ENSMFAG00000036574
ENSG00000196411,ENSMFAG00000035528
ENSG00000143575,ENSMFAG00000036731
ENSG00000179833,ENSMFAG00000037664
ENSG00000163161,ENSMFAG00000003370
ENSG00000117408,ENSMFAG00000032846
ENSG00000154783,ENSMFAG00000045664
ENSG00000143499,ENSMFAG00000022994
ENSG00000106089,ENSMFAG00000036390
ENSG00000214063,ENSMFAG00000045086
ENSG00000153250,ENSMFAG00000000274
ENSG00000126581,ENSMFAG00000032400
ENSG00000164708,ENSMFAG00000048956
ENSG00000203705,ENSMFAG00000041006
ENSG00000164659,ENSMFAG00000032184
ENSG00000182973,ENSMFAG00000041243
ENSG00000146701,ENSMFAG00000012605
ENSG00000167549,ENSMFAG00000042987
ENSG00000054356,ENSMFAG00000029064
ENSG00000006704,ENSMFAG00000030668
ENSG00000143294,ENSMFAG00000031058
ENSG00000143294,ENSMFAG00000059890
ENSG00000221926,ENSMFAG00000044202
ENSG00000159352,ENSMFAG00000000623
ENSG00000145103,ENSMFAG00000039518
ENSG00000171109,ENSMFAG00000003857
ENSG00000159842,ENSMFAG00000044480
ENSG00000135931,ENSMFAG00000036933
ENSG00000168003,ENSMFAG00000032262
ENSG00000143093,ENSMFAG00000031880
ENSG00000174516,ENSMFAG00000040742
ENSG00000143641,ENSMFAG00000043385
ENSG00000183726,ENSMFAG00000033857
ENSG00000006125,ENSMFAG00000032866
ENSG00000175467,ENSMFAG00000002484
ENSG00000178252,ENSMFAG00000037294
ENSG00000116406,ENSMFAG00000032349
ENSG00000178149,ENSMFAG00000009642
ENSG00000023191,ENSMFAG00000035761
ENSG00000085662,ENSMFAG00000041770
ENSG00000117598,ENSMFAG00000040875
ENSG00000168237,ENSMFAG00000033123
ENSG00000135912,ENSMFAG00000000211
ENSG00000162552,ENSMFAG00000045973
ENSG00000152601,ENSMFAG00000001066
ENSG00000162614,ENSMFAG00000002199
ENSG00000115657,ENSMFAG00000044424
ENSG00000066135,ENSMFAG00000038669
ENSG00000170043,ENSMFAG00000036509
ENSG00000055130,ENSMFAG00000046081
ENSG00000125450,ENSMFAG00000041786
ENSG00000158286,ENSMFAG00000032368
ENSG00000204634,ENSMFAG00000004006
ENSG00000013297,ENSMFAG00000040128
ENSG00000158488,ENSMFAG00000033185
ENSG00000154928,ENSMFAG00000002358
ENSG00000131467,ENSMFAG00000046232
ENSG00000115271,ENSMFAG00000040637
ENSG00000163637,ENSMFAG00000002702
ENSG00000183873,ENSMFAG00000041381
ENSG00000185090,ENSMFAG00000003403
ENSG00000078018,ENSMFAG00000037191
ENSG00000054282,ENSMFAG00000045247
ENSG00000141052,ENSMFAG00000036055
ENSG00000070759,ENSMFAG00000042816
ENSG00000106086,ENSMFAG00000040078
ENSG00000037042,ENSMFAG00000001256
ENSG00000182118,ENSMFAG00000039366
ENSG00000120656,ENSMFAG00000041370
ENSG00000143847,ENSMFAG00000000167
ENSG00000168259,ENSMFAG00000031935
ENSG00000105982,ENSMFAG00000002920
ENSG00000235750,ENSMFAG00000051710
ENSG00000135766,ENSMFAG00000039962
ENSG00000118217,ENSMFAG00000059314
ENSG00000197415,ENSMFAG00000043410
ENSG00000188191,ENSMFAG00000003127
ENSG00000088179,ENSMFAG00000037071
ENSG00000196083,ENSMFAG00000039646
ENSG00000171943,ENSMFAG00000003779
ENSG00000169504,ENSMFAG00000038789
ENSG00000158882,ENSMFAG00000013716
ENSG00000108840,ENSMFAG00000043137
ENSG00000164818,ENSMFAG00000037660
ENSG00000164818,ENSMFAG00000052755
ENSG00000142920,ENSMFAG00000032478
ENSG00000082684,ENSMFAG00000002408
ENSG00000071051,ENSMFAG00000038909
ENSG00000106263,ENSMFAG00000046100
ENSG00000163017,ENSMFAG00000003169
ENSG00000185104,ENSMFAG00000031563
ENSG00000163661,ENSMFAG00000040863
ENSG00000114626,ENSMFAG00000033156
ENSG00000163006,ENSMFAG00000041842
ENSG00000010270,ENSMFAG00000043802
ENSG00000113851,ENSMFAG00000031028
ENSG00000236782,ENSMFAG00000036124
ENSG00000198758,ENSMFAG00000041246
ENSG00000093183,ENSMFAG00000033005
ENSG00000196141,ENSMFAG00000003450
ENSG00000072756,ENSMFAG00000045113
ENSG00000122786,ENSMFAG00000042272
ENSG00000163479,ENSMFAG00000040060
ENSG00000160746,ENSMFAG00000042189
ENSG00000135845,ENSMFAG00000021978
ENSG00000117480,ENSMFAG00000046153
ENSG00000178971,ENSMFAG00000001148
ENSG00000116668,ENSMFAG00000031793
ENSG00000114857,ENSMFAG00000000414
ENSG00000108405,ENSMFAG00000038677
ENSG00000184454,ENSMFAG00000060484
ENSG00000143147,ENSMFAG00000037639
ENSG00000108639,ENSMFAG00000037184
ENSG00000247596,ENSMFAG00000030787
ENSG00000141738,ENSMFAG00000040332
ENSG00000164088,ENSMFAG00000035503
ENSG00000136628,ENSMFAG00000041902
ENSG00000163931,ENSMFAG00000039442
ENSG00000169087,ENSMFAG00000045898
ENSG00000187118,ENSMFAG00000035374
ENSG00000113838,ENSMFAG00000034221
ENSG00000167291,ENSMFAG00000032537
ENSG00000134070,ENSMFAG00000002038
ENSG00000117707,ENSMFAG00000042228
ENSG00000117676,ENSMFAG00000044982
ENSG00000113971,ENSMFAG00000045677
ENSG00000161204,ENSMFAG00000000479
ENSG00000141314,ENSMFAG00000041020
ENSG00000108591,ENSMFAG00000044273
ENSG00000065534,ENSMFAG00000040304
ENSG00000177565,ENSMFAG00000007211
ENSG00000184060,ENSMFAG00000059379
ENSG00000142892,ENSMFAG00000033601
ENSG00000128694,ENSMFAG00000031772
ENSG00000160062,ENSMFAG00000033145
ENSG00000141258,ENSMFAG00000000154
ENSG00000115221,ENSMFAG00000002303
ENSG00000117620,ENSMFAG00000057900
ENSG00000136478,ENSMFAG00000033866
ENSG00000011566,ENSMFAG00000057192
ENSG00000180198,ENSMFAG00000039145
ENSG00000121864,ENSMFAG00000002403
ENSG00000127252,ENSMFAG00000039474
ENSG00000156983,ENSMFAG00000045669
ENSG00000132591,ENSMFAG00000000501
ENSG00000114439,ENSMFAG00000039245
ENSG00000197879,ENSMFAG00000044455
ENSG00000116120,ENSMFAG00000036645
ENSG00000152527,ENSMFAG00000037120
ENSG00000115840,ENSMFAG00000036961
ENSG00000187815,ENSMFAG00000038294
ENSG00000181038,ENSMFAG00000032203
ENSG00000117281,ENSMFAG00000043835
ENSG00000130775,ENSMFAG00000030730
ENSG00000005882,ENSMFAG00000042437
ENSG00000138071,ENSMFAG00000044097
ENSG00000019169,ENSMFAG00000037627
ENSG00000198218,ENSMFAG00000030312
ENSG00000170190,ENSMFAG00000000622
ENSG00000115091,ENSMFAG00000041594
ENSG00000117133,ENSMFAG00000003788
ENSG00000122482,ENSMFAG00000033902
ENSG00000135917,ENSMFAG00000003208
ENSG00000155893,ENSMFAG00000045625
ENSG00000041988,ENSMFAG00000000408
ENSG00000163001,ENSMFAG00000010897
ENSG00000175206,ENSMFAG00000035965
ENSG00000162511,ENSMFAG00000022085
ENSG00000204859,ENSMFAG00000001787
ENSG00000163686,ENSMFAG00000022753
ENSG00000138078,ENSMFAG00000038619
ENSG00000114670,ENSMFAG00000041735
ENSG00000143761,ENSMFAG00000034073
ENSG00000143761,ENSMFAG00000016818
ENSG00000055732,ENSMFAG00000033413
ENSG00000160602,ENSMFAG00000046314
ENSG00000278259,ENSMFAG00000033731
ENSG00000143196,ENSMFAG00000045128
ENSG00000065243,ENSMFAG00000030090
ENSG00000211456,ENSMFAG00000033911
ENSG00000115756,ENSMFAG00000044146
ENSG00000154309,ENSMFAG00000033892
ENSG00000143401,ENSMFAG00000000851
ENSG00000174839,ENSMFAG00000035828
ENSG00000126062,ENSMFAG00000036593
ENSG00000108883,ENSMFAG00000042655
ENSG00000177479,ENSMFAG00000000139
ENSG00000158473,ENSMFAG00000044229
ENSG00000115008,ENSMFAG00000004069
ENSG00000082126,ENSMFAG00000038003
ENSG00000118292,ENSMFAG00000002775
ENSG00000008130,ENSMFAG00000001320
ENSG00000115514,ENSMFAG00000032607
ENSG00000077380,ENSMFAG00000046037
ENSG00000141576,ENSMFAG00000000868
ENSG00000116670,ENSMFAG00000046225
ENSG00000179314,ENSMFAG00000003388
ENSG00000141293,ENSMFAG00000038763
ENSG00000177885,ENSMFAG00000000037
ENSG00000010244,ENSMFAG00000001904
ENSG00000034533,ENSMFAG00000043710
ENSG00000129673,ENSMFAG00000030450
ENSG00000047849,ENSMFAG00000031095
ENSG00000162618,ENSMFAG00000032806
ENSG00000141696,ENSMFAG00000004585
ENSG00000006062,ENSMFAG00000034101
ENSG00000174151,ENSMFAG00000040958
ENSG00000054118,ENSMFAG00000040144
ENSG00000092931,ENSMFAG00000034595
ENSG00000168890,ENSMFAG00000003805
ENSG00000142949,ENSMFAG00000036907
ENSG00000035862,ENSMFAG00000059988
ENSG00000144504,ENSMFAG00000014439
ENSG00000161547,ENSMFAG00000045524
ENSG00000141540,ENSMFAG00000038894
ENSG00000121067,ENSMFAG00000000752
ENSG00000114354,ENSMFAG00000043877
ENSG00000115594,ENSMFAG00000034258
ENSG00000116809,ENSMFAG00000037882
ENSG00000163702,ENSMFAG00000031400
ENSG00000117411,ENSMFAG00000042908
ENSG00000123607,ENSMFAG00000044970
ENSG00000007923,ENSMFAG00000034630
ENSG00000033627,ENSMFAG00000009940
ENSG00000126705,ENSMFAG00000004617
ENSG00000170035,ENSMFAG00000042067
ENSG00000134313,ENSMFAG00000031830
ENSG00000163468,ENSMFAG00000033146
ENSG00000115649,ENSMFAG00000045097
ENSG00000119787,ENSMFAG00000037890
ENSG00000160712,ENSMFAG00000038621
ENSG00000119772,ENSMFAG00000031180
ENSG00000159202,ENSMFAG00000045564
ENSG00000161649,ENSMFAG00000030079
ENSG00000134222,ENSMFAG00000030547
ENSG00000232859,ENSMFAG00000062386
ENSG00000214226,ENSMFAG00000044148
ENSG00000132185,ENSMFAG00000048559
ENSG00000132185,ENSMFAG00000038697
ENSG00000132185,ENSMFAG00000061990
ENSG00000108349,ENSMFAG00000041496
ENSG00000143811,ENSMFAG00000002006
ENSG00000143811,ENSMFAG00000031760
ENSG00000153201,ENSMFAG00000029029
ENSG00000243710,ENSMFAG00000040741
ENSG00000083454,ENSMFAG00000038002
ENSG00000005448,ENSMFAG00000045305
ENSG00000162836,ENSMFAG00000046287
ENSG00000115020,ENSMFAG00000041669
ENSG00000143318,ENSMFAG00000036087
ENSG00000117395,ENSMFAG00000037826
ENSG00000007168,ENSMFAG00000025892
ENSG00000158161,ENSMFAG00000045224
ENSG00000011295,ENSMFAG00000036185
ENSG00000141577,ENSMFAG00000041952
ENSG00000138378,ENSMFAG00000041156
ENSG00000284770,ENSMFAG00000003983
ENSG00000144028,ENSMFAG00000040174
ENSG00000163217,ENSMFAG00000038780
ENSG00000244045,ENSMFAG00000027349
ENSG00000153827,ENSMFAG00000042518
ENSG00000157916,ENSMFAG00000032298
ENSG00000186868,ENSMFAG00000003384
ENSG00000197956,ENSMFAG00000032857
ENSG00000004487,ENSMFAG00000037505
ENSG00000142733,ENSMFAG00000039505
ENSG00000141279,ENSMFAG00000003608
ENSG00000162368,ENSMFAG00000035854
ENSG00000162885,ENSMFAG00000001068
ENSG00000081721,ENSMFAG00000043743
ENSG00000081721,ENSMFAG00000048495
ENSG00000162591,ENSMFAG00000036723
ENSG00000141524,ENSMFAG00000033740
ENSG00000117479,ENSMFAG00000039988
ENSG00000117122,ENSMFAG00000045968
ENSG00000174332,ENSMFAG00000041049
ENSG00000117222,ENSMFAG00000038790
ENSG00000160781,ENSMFAG00000043399
ENSG00000275066,ENSMFAG00000044562
ENSG00000143418,ENSMFAG00000038604
ENSG00000159592,ENSMFAG00000038278
ENSG00000205221,ENSMFAG00000044880
ENSG00000160691,ENSMFAG00000045075
ENSG00000115520,ENSMFAG00000017910
ENSG00000143870,ENSMFAG00000037618
ENSG00000138386,ENSMFAG00000001304
ENSG00000143486,ENSMFAG00000033925
ENSG00000008838,ENSMFAG00000036815
ENSG00000008838,ENSMFAG00000042676
ENSG00000081026,ENSMFAG00000040138
ENSG00000077232,ENSMFAG00000033148
ENSG00000265972,ENSMFAG00000046327
ENSG00000131697,ENSMFAG00000042278
ENSG00000163029,ENSMFAG00000033284
ENSG00000170485,ENSMFAG00000001513
ENSG00000153823,ENSMFAG00000062653
ENSG00000124374,ENSMFAG00000027132
ENSG00000173163,ENSMFAG00000043104
ENSG00000064933,ENSMFAG00000036903
ENSG00000116198,ENSMFAG00000041467
ENSG00000167895,ENSMFAG00000000368
ENSG00000160753,ENSMFAG00000042892
ENSG00000000971,ENSMFAG00000039896
ENSG00000162975,ENSMFAG00000041973
ENSG00000135940,ENSMFAG00000053533
ENSG00000230124,ENSMFAG00000036354
ENSG00000160856,ENSMFAG00000043711
ENSG00000197121,ENSMFAG00000029122
ENSG00000204120,ENSMFAG00000042850
ENSG00000143546,ENSMFAG00000039568
ENSG00000117859,ENSMFAG00000043512
ENSG00000143554,ENSMFAG00000042386
ENSG00000187961,ENSMFAG00000037797
ENSG00000133226,ENSMFAG00000025726
ENSG00000134375,ENSMFAG00000000231
ENSG00000142856,ENSMFAG00000040062
ENSG00000117226,ENSMFAG00000020136
ENSG00000116885,ENSMFAG00000043477
ENSG00000130147,ENSMFAG00000038422
ENSG00000077254,ENSMFAG00000046123
ENSG00000128699,ENSMFAG00000002914
ENSG00000115194,ENSMFAG00000000328
ENSG00000115233,ENSMFAG00000002257
ENSG00000143797,ENSMFAG00000003741
ENSG00000136546,ENSMFAG00000012357
ENSG00000162981,ENSMFAG00000027588
ENSG00000117461,ENSMFAG00000033868
ENSG00000138430,ENSMFAG00000044124
ENSG00000116962,ENSMFAG00000026117
ENSG00000115252,ENSMFAG00000034433
ENSG00000079335,ENSMFAG00000000724
ENSG00000115705,ENSMFAG00000060809
ENSG00000115705,ENSMFAG00000040763
ENSG00000132768,ENSMFAG00000050902
ENSG00000169418,ENSMFAG00000033058
ENSG00000134324,ENSMFAG00000035872
ENSG00000265107,ENSMFAG00000018627
ENSG00000085832,ENSMFAG00000044060
ENSG00000183386,ENSMFAG00000000875
ENSG00000130414,ENSMFAG00000001486
ENSG00000084623,ENSMFAG00000043566
ENSG00000143862,ENSMFAG00000000767
ENSG00000116133,ENSMFAG00000031598
ENSG00000133067,ENSMFAG00000035892
ENSG00000138413,ENSMFAG00000037839
ENSG00000133063,ENSMFAG00000045615
ENSG00000162670,ENSMFAG00000045708
ENSG00000162757,ENSMFAG00000030051
ENSG00000117054,ENSMFAG00000032655
ENSG00000118260,ENSMFAG00000039629
ENSG00000115365,ENSMFAG00000041765
ENSG00000069812,ENSMFAG00000031814
ENSG00000160741,ENSMFAG00000046150
ENSG00000074054,ENSMFAG00000032753
ENSG00000134684,ENSMFAG00000040933
ENSG00000117318,ENSMFAG00000041663
ENSG00000117791,ENSMFAG00000032804
ENSG00000122176,ENSMFAG00000033719
ENSG00000117640,ENSMFAG00000037554
ENSG00000198952,ENSMFAG00000045357
ENSG00000075568,ENSMFAG00000041529
ENSG00000144063,ENSMFAG00000032501
ENSG00000163510,ENSMFAG00000000590
ENSG00000135932,ENSMFAG00000000470
ENSG00000085978,ENSMFAG00000037545
ENSG00000196182,ENSMFAG00000000703
ENSG00000134748,ENSMFAG00000039449
ENSG00000204138,ENSMFAG00000040093
ENSG00000158710,ENSMFAG00000040025
ENSG00000163126,ENSMFAG00000057958
ENSG00000198400,ENSMFAG00000030600
ENSG00000151690,ENSMFAG00000030599
ENSG00000162929,ENSMFAG00000007392
ENSG00000040487,ENSMFAG00000038284
ENSG00000138074,ENSMFAG00000031458
ENSG00000162607,ENSMFAG00000043530
ENSG00000132694,ENSMFAG00000037817
ENSG00000143319,ENSMFAG00000044153
ENSG00000144283,ENSMFAG00000008546
ENSG00000197245,ENSMFAG00000053623
ENSG00000143702,ENSMFAG00000002285
ENSG00000135953,ENSMFAG00000042016
ENSG00000186510,ENSMFAG00000033135
ENSG00000135624,ENSMFAG00000039286
ENSG00000188674,ENSMFAG00000003892
ENSG00000122483,ENSMFAG00000033283
ENSG00000132305,ENSMFAG00000044373
ENSG00000133059,ENSMFAG00000040203
ENSG00000189339,ENSMFAG00000038259
ENSG00000173641,ENSMFAG00000008280
ENSG00000162543,ENSMFAG00000038767
ENSG00000158292,ENSMFAG00000038267
ENSG00000142657,ENSMFAG00000003686
ENSG00000154305,ENSMFAG00000002094
ENSG00000118298,ENSMFAG00000040977
ENSG00000162598,ENSMFAG00000044638
ENSG00000162910,ENSMFAG00000064574
ENSG00000119042,ENSMFAG00000035983
ENSG00000204923,ENSMFAG00000038551
ENSG00000163521,ENSMFAG00000003895
ENSG00000115524,ENSMFAG00000036680
ENSG00000163516,ENSMFAG00000002912
ENSG00000162441,ENSMFAG00000037708
ENSG00000162616,ENSMFAG00000039494
ENSG00000037637,ENSMFAG00000003747
ENSG00000078098,ENSMFAG00000043504
ENSG00000011009,ENSMFAG00000033593
ENSG00000117643,ENSMFAG00000034191
ENSG00000144031,ENSMFAG00000031224
ENSG00000169621,ENSMFAG00000045051
ENSG00000143924,ENSMFAG00000043115
ENSG00000116786,ENSMFAG00000044082
ENSG00000162613,ENSMFAG00000031825
ENSG00000144366,ENSMFAG00000044122
ENSG00000162433,ENSMFAG00000029324
ENSG00000116679,ENSMFAG00000039625
ENSG00000009790,ENSMFAG00000003810
ENSG00000162714,ENSMFAG00000035433
ENSG00000027869,ENSMFAG00000001858
ENSG00000117360,ENSMFAG00000039791
ENSG00000128652,ENSMFAG00000034065
ENSG00000077044,ENSMFAG00000002861
ENSG00000116199,ENSMFAG00000051981
ENSG00000122484,ENSMFAG00000031837
ENSG00000117151,ENSMFAG00000043668
ENSG00000169241,ENSMFAG00000001685
ENSG00000218739,ENSMFAG00000063109
ENSG00000135956,ENSMFAG00000035479
ENSG00000134243,ENSMFAG00000043684
ENSG00000163162,ENSMFAG00000038019
ENSG00000055813,ENSMFAG00000044378
ENSG00000123600,ENSMFAG00000032752
ENSG00000186281,ENSMFAG00000042130
ENSG00000135870,ENSMFAG00000033725
ENSG00000142686,ENSMFAG00000005466
ENSG00000117308,ENSMFAG00000001926
ENSG00000174175,ENSMFAG00000036068
ENSG00000171853,ENSMFAG00000045483
ENSG00000144589,ENSMFAG00000038550
ENSG00000171612,ENSMFAG00000042772
ENSG00000143624,ENSMFAG00000008338
ENSG00000188687,ENSMFAG00000044843
ENSG00000117228,ENSMFAG00000035480
ENSG00000137996,ENSMFAG00000034132
ENSG00000134371,ENSMFAG00000042168
ENSG00000123992,ENSMFAG00000036683
ENSG00000116906,ENSMFAG00000033412
ENSG00000152133,ENSMFAG00000043245
ENSG00000135925,ENSMFAG00000040659
ENSG00000091483,ENSMFAG00000045537
ENSG00000163082,ENSMFAG00000063724
ENSG00000243244,ENSMFAG00000058922
ENSG00000162630,ENSMFAG00000030327
ENSG00000121310,ENSMFAG00000042423
ENSG00000003400,ENSMFAG00000031741
ENSG00000128708,ENSMFAG00000044656
ENSG00000168427,ENSMFAG00000041151
ENSG00000048991,ENSMFAG00000030331
ENSG00000197530,ENSMFAG00000001398
ENSG00000152292,ENSMFAG00000002993
ENSG00000144134,ENSMFAG00000044775
ENSG00000144034,ENSMFAG00000043761
ENSG00000066248,ENSMFAG00000031690
ENSG00000187957,ENSMFAG00000034549
ENSG00000018280,ENSMFAG00000044291
ENSG00000186453,ENSMFAG00000001199
ENSG00000136709,ENSMFAG00000005367
ENSG00000150938,ENSMFAG00000043056
ENSG00000021826,ENSMFAG00000044079
ENSG00000120948,ENSMFAG00000002750
ENSG00000118197,ENSMFAG00000035416
ENSG00000143612,ENSMFAG00000033673
ENSG00000177888,ENSMFAG00000042390
ENSG00000117394,ENSMFAG00000031833
ENSG00000143036,ENSMFAG00000030266
ENSG00000184371,ENSMFAG00000040515
ENSG00000198771,ENSMFAG00000039084
ENSG00000115593,ENSMFAG00000032918
ENSG00000142661,ENSMFAG00000035620
ENSG00000054523,ENSMFAG00000033591
ENSG00000091436,ENSMFAG00000001160
ENSG00000169554,ENSMFAG00000030381
ENSG00000143947,ENSMFAG00000037923
ENSG00000172878,ENSMFAG00000001723
ENSG00000066294,ENSMFAG00000032304
ENSG00000061676,ENSMFAG00000001975
ENSG00000173406,ENSMFAG00000044031
ENSG00000076258,ENSMFAG00000032860
ENSG00000123689,ENSMFAG00000024733
ENSG00000198815,ENSMFAG00000034559
ENSG00000162444,ENSMFAG00000036052
ENSG00000162711,ENSMFAG00000038424
ENSG00000136560,ENSMFAG00000037351
ENSG00000162407,ENSMFAG00000026668
ENSG00000198625,ENSMFAG00000033606
ENSG00000116863,ENSMFAG00000034318
ENSG00000187583,ENSMFAG00000039696
ENSG00000115590,ENSMFAG00000046196
ENSG00000132854,ENSMFAG00000032159
ENSG00000143507,ENSMFAG00000035766
ENSG00000197872,ENSMFAG00000030486
ENSG00000137936,ENSMFAG00000045481
ENSG00000204099,ENSMFAG00000001183
ENSG00000182827,ENSMFAG00000045670
ENSG00000085840,ENSMFAG00000040756
ENSG00000173744,ENSMFAG00000042041
ENSG00000187642,ENSMFAG00000055329
ENSG00000116514,ENSMFAG00000044944
ENSG00000152763,ENSMFAG00000033193
ENSG00000186854,ENSMFAG00000042538
ENSG00000153246,ENSMFAG00000041834
ENSG00000263961,ENSMFAG00000045307
ENSG00000158864,ENSMFAG00000008768
ENSG00000158864,ENSMFAG00000033623
ENSG00000163002,ENSMFAG00000000834
ENSG00000115827,ENSMFAG00000065649
ENSG00000158859,ENSMFAG00000000375
ENSG00000159596,ENSMFAG00000011600
ENSG00000159596,ENSMFAG00000000895
ENSG00000127463,ENSMFAG00000000226
ENSG00000136536,ENSMFAG00000032793
ENSG00000143537,ENSMFAG00000043971
ENSG00000158158,ENSMFAG00000032592
ENSG00000168958,ENSMFAG00000000220
ENSG00000168899,ENSMFAG00000009769
ENSG00000118246,ENSMFAG00000033471
ENSG00000241399,ENSMFAG00000038264
ENSG00000152154,ENSMFAG00000033305
ENSG00000180228,ENSMFAG00000040213
ENSG00000198586,ENSMFAG00000040555
ENSG00000115414,ENSMFAG00000032168
ENSG00000160785,ENSMFAG00000003800
ENSG00000157978,ENSMFAG00000065124
ENSG00000127483,ENSMFAG00000039770
ENSG00000169291,ENSMFAG00000032320
ENSG00000173409,ENSMFAG00000030703
ENSG00000054267,ENSMFAG00000044016
ENSG00000171608,ENSMFAG00000033609
ENSG00000116213,ENSMFAG00000001728
ENSG00000160783,ENSMFAG00000031299
ENSG00000174827,ENSMFAG00000018292
ENSG00000130766,ENSMFAG00000043063
ENSG00000083444,ENSMFAG00000037610
ENSG00000179914,ENSMFAG00000034188
ENSG00000162739,ENSMFAG00000032557
ENSG00000169231,ENSMFAG00000038403
ENSG00000171603,ENSMFAG00000038334
ENSG00000213088,ENSMFAG00000050751
ENSG00000065600,ENSMFAG00000042534
ENSG00000171793,ENSMFAG00000039379
ENSG00000183853,ENSMFAG00000034013
ENSG00000117262,ENSMFAG00000001098
ENSG00000134717,ENSMFAG00000046175
ENSG00000116171,ENSMFAG00000039858
ENSG00000143549,ENSMFAG00000034161
ENSG00000143549,ENSMFAG00000048906
ENSG00000143549,ENSMFAG00000001356
ENSG00000143549,ENSMFAG00000034487
ENSG00000135632,ENSMFAG00000000968
ENSG00000152689,ENSMFAG00000045281
ENSG00000203697,ENSMFAG00000042857
ENSG00000117758,ENSMFAG00000003645
ENSG00000174348,ENSMFAG00000002251
ENSG00000036257,ENSMFAG00000036803
ENSG00000117682,ENSMFAG00000033901
ENSG00000163449,ENSMFAG00000055690
ENSG00000157851,ENSMFAG00000029591
ENSG00000014641,ENSMFAG00000042090
ENSG00000186132,ENSMFAG00000002195
ENSG00000180758,ENSMFAG00000001842
ENSG00000132716,ENSMFAG00000040517
ENSG00000183607,ENSMFAG00000044673
ENSG00000115998,ENSMFAG00000046692
ENSG00000173272,ENSMFAG00000004020
ENSG00000068878,ENSMFAG00000003418
ENSG00000159399,ENSMFAG00000035505
ENSG00000144445,ENSMFAG00000031878
ENSG00000036549,ENSMFAG00000043408
ENSG00000158417,ENSMFAG00000038108
ENSG00000143156,ENSMFAG00000037358
ENSG00000115042,ENSMFAG00000033416
ENSG00000182866,ENSMFAG00000031502
ENSG00000163273,ENSMFAG00000046253
ENSG00000144306,ENSMFAG00000042925
ENSG00000097033,ENSMFAG00000061591
ENSG00000198570,ENSMFAG00000062628
ENSG00000158019,ENSMFAG00000042120
ENSG00000259823,ENSMFAG00000000508
ENSG00000049246,ENSMFAG00000034511
ENSG00000158773,ENSMFAG00000039980
ENSG00000115386,ENSMFAG00000002544
ENSG00000188177,ENSMFAG00000036963
ENSG00000115966,ENSMFAG00000002278
ENSG00000151414,ENSMFAG00000042183
ENSG00000138030,ENSMFAG00000032386
ENSG00000116663,ENSMFAG00000043439
ENSG00000126091,ENSMFAG00000038821
ENSG00000171865,ENSMFAG00000000063
ENSG00000163792,ENSMFAG00000058810
ENSG00000115053,ENSMFAG00000040385
ENSG00000071073,ENSMFAG00000044000
ENSG00000155729,ENSMFAG00000037300
ENSG00000196504,ENSMFAG00000038480
ENSG00000115145,ENSMFAG00000039480
ENSG00000204104,ENSMFAG00000002763
ENSG00000085982,ENSMFAG00000036495
ENSG00000118965,ENSMFAG00000034406
ENSG00000084733,ENSMFAG00000001674
ENSG00000144029,ENSMFAG00000043526
ENSG00000073737,ENSMFAG00000034505
ENSG00000135637,ENSMFAG00000002637
ENSG00000176720,ENSMFAG00000000539
ENSG00000135966,ENSMFAG00000000996
ENSG00000030419,ENSMFAG00000049387
ENSG00000132780,ENSMFAG00000043112
ENSG00000084764,ENSMFAG00000000279
ENSG00000136731,ENSMFAG00000034333
ENSG00000170802,ENSMFAG00000041347
ENSG00000162374,ENSMFAG00000039866
ENSG00000196151,ENSMFAG00000023412
ENSG00000057252,ENSMFAG00000037136
ENSG00000064989,ENSMFAG00000044850
ENSG00000116273,ENSMFAG00000046366
ENSG00000116984,ENSMFAG00000031925
ENSG00000168243,ENSMFAG00000062601
ENSG00000142961,ENSMFAG00000032003
ENSG00000142687,ENSMFAG00000003546
ENSG00000115902,ENSMFAG00000003847
ENSG00000115947,ENSMFAG00000031595
ENSG00000196843,ENSMFAG00000041379
ENSG00000118194,ENSMFAG00000003567
ENSG00000115919,ENSMFAG00000041160
ENSG00000162542,ENSMFAG00000032313
ENSG00000135960,ENSMFAG00000042084
ENSG00000114988,ENSMFAG00000042119
ENSG00000173559,ENSMFAG00000044164
ENSG00000115339,ENSMFAG00000045217
ENSG00000028116,ENSMFAG00000031394
ENSG00000196878,ENSMFAG00000002990
ENSG00000143621,ENSMFAG00000030239
ENSG00000143621,ENSMFAG00000037304
ENSG00000168679,ENSMFAG00000041455
ENSG00000138069,ENSMFAG00000055089
ENSG00000162734,ENSMFAG00000033624
ENSG00000204311,ENSMFAG00000001249
ENSG00000091428,ENSMFAG00000044653
ENSG00000127472,ENSMFAG00000033327
ENSG00000116922,ENSMFAG00000063901
ENSG00000143387,ENSMFAG00000000402
ENSG00000116459,ENSMFAG00000037534
ENSG00000133069,ENSMFAG00000038713
ENSG00000168118,ENSMFAG00000038822
ENSG00000005436,ENSMFAG00000043921
ENSG00000174574,ENSMFAG00000038417
ENSG00000117448,ENSMFAG00000036808
ENSG00000121964,ENSMFAG00000032520
ENSG00000162819,ENSMFAG00000000410
ENSG00000117632,ENSMFAG00000041588
ENSG00000188257,ENSMFAG00000046389
ENSG00000237763,ENSMFAG00000037558
ENSG00000126088,ENSMFAG00000032524
ENSG00000172318,ENSMFAG00000008871
ENSG00000115839,ENSMFAG00000026109
ENSG00000084652,ENSMFAG00000041015
ENSG00000115884,ENSMFAG00000064406
ENSG00000124831,ENSMFAG00000035972
ENSG00000160051,ENSMFAG00000041971
ENSG00000122477,ENSMFAG00000038430
ENSG00000203740,ENSMFAG00000038829
ENSG00000131591,ENSMFAG00000064009
ENSG00000136643,ENSMFAG00000034322
ENSG00000122435,ENSMFAG00000034681
ENSG00000163131,ENSMFAG00000035464
ENSG00000117586,ENSMFAG00000001460
ENSG00000215883,ENSMFAG00000041747
ENSG00000090273,ENSMFAG00000035581
ENSG00000143776,ENSMFAG00000036131
ENSG00000162522,ENSMFAG00000033441
ENSG00000186377,ENSMFAG00000000631
ENSG00000135862,ENSMFAG00000033997
ENSG00000162600,ENSMFAG00000033064
ENSG00000135951,ENSMFAG00000042958
ENSG00000143569,ENSMFAG00000033622
ENSG00000119771,ENSMFAG00000002617
ENSG00000119760,ENSMFAG00000043271
ENSG00000080293,ENSMFAG00000003037
ENSG00000071054,ENSMFAG00000030642
ENSG00000204843,ENSMFAG00000037251
ENSG00000116194,ENSMFAG00000031474
ENSG00000136631,ENSMFAG00000032727
ENSG00000157881,ENSMFAG00000001007
ENSG00000117407,ENSMFAG00000037537
ENSG00000130939,ENSMFAG00000042381
ENSG00000144118,ENSMFAG00000038532
ENSG00000183431,ENSMFAG00000043047
ENSG00000144036,ENSMFAG00000032926
ENSG00000134644,ENSMFAG00000010291
ENSG00000162927,ENSMFAG00000000611
ENSG00000115761,ENSMFAG00000041289
ENSG00000132300,ENSMFAG00000042757
ENSG00000162928,ENSMFAG00000042959
ENSG00000142327,ENSMFAG00000038176
ENSG00000115421,ENSMFAG00000042450
ENSG00000003436,ENSMFAG00000016490
ENSG00000115641,ENSMFAG00000038427
ENSG00000173692,ENSMFAG00000002397
ENSG00000068024,ENSMFAG00000033242
ENSG00000115234,ENSMFAG00000040180
ENSG00000135914,ENSMFAG00000003469
ENSG00000115525,ENSMFAG00000043554
ENSG00000143994,ENSMFAG00000041476
ENSG00000219626,ENSMFAG00000031377
ENSG00000138073,ENSMFAG00000003070
ENSG00000138073,ENSMFAG00000040163
ENSG00000152291,ENSMFAG00000002786
ENSG00000136732,ENSMFAG00000003980
ENSG00000054219,ENSMFAG00000033999
ENSG00000035115,ENSMFAG00000037552
ENSG00000116729,ENSMFAG00000030065
ENSG00000162852,ENSMFAG00000000416
ENSG00000115993,ENSMFAG00000046205
ENSG00000143727,ENSMFAG00000026470
ENSG00000115526,ENSMFAG00000043113
ENSG00000078618,ENSMFAG00000036148
ENSG00000138449,ENSMFAG00000032210
ENSG00000144048,ENSMFAG00000035803
ENSG00000115806,ENSMFAG00000045440
ENSG00000136715,ENSMFAG00000034167
ENSG00000116151,ENSMFAG00000003640
ENSG00000196420,ENSMFAG00000046115
ENSG00000143799,ENSMFAG00000002526
ENSG00000066557,ENSMFAG00000028307
ENSG00000090686,ENSMFAG00000039193
ENSG00000142864,ENSMFAG00000036635
ENSG00000132196,ENSMFAG00000062302
ENSG00000070831,ENSMFAG00000056249
ENSG00000070831,ENSMFAG00000032516
ENSG00000174059,ENSMFAG00000006003
ENSG00000160685,ENSMFAG00000042075
ENSG00000116580,ENSMFAG00000035960
ENSG00000116285,ENSMFAG00000044602
ENSG00000179178,ENSMFAG00000061336
ENSG00000143013,ENSMFAG00000050885
ENSG00000162604,ENSMFAG00000040223
ENSG00000197520,ENSMFAG00000032058
ENSG00000197323,ENSMFAG00000041350
ENSG00000134256,ENSMFAG00000033865
ENSG00000116991,ENSMFAG00000039676
ENSG00000150337,ENSMFAG00000001064
ENSG00000136636,ENSMFAG00000042976
ENSG00000169403,ENSMFAG00000063827
ENSG00000197429,ENSMFAG00000043099
ENSG00000159348,ENSMFAG00000000852
ENSG00000142910,ENSMFAG00000001721
ENSG00000135775,ENSMFAG00000036591
ENSG00000162643,ENSMFAG00000007665
ENSG00000162894,ENSMFAG00000033129
ENSG00000187554,ENSMFAG00000029363
ENSG00000082482,ENSMFAG00000037275
ENSG00000066056,ENSMFAG00000002847
ENSG00000171163,ENSMFAG00000039056
ENSG00000117385,ENSMFAG00000042833
ENSG00000085433,ENSMFAG00000043278
ENSG00000137947,ENSMFAG00000000827
ENSG00000163444,ENSMFAG00000034100
ENSG00000134697,ENSMFAG00000039033
ENSG00000134698,ENSMFAG00000035543
ENSG00000134698,ENSMFAG00000050764
ENSG00000156875,ENSMFAG00000039865
ENSG00000173372,ENSMFAG00000037955
ENSG00000162688,ENSMFAG00000043703
ENSG00000143127,ENSMFAG00000043309
ENSG00000179163,ENSMFAG00000001050
ENSG00000116212,ENSMFAG00000032747
ENSG00000178922,ENSMFAG00000043348
ENSG00000160767,ENSMFAG00000044886
ENSG00000158195,ENSMFAG00000001141
ENSG00000142748,ENSMFAG00000000683
ENSG00000175137,ENSMFAG00000002737
ENSG00000196188,ENSMFAG00000024648
ENSG00000143344,ENSMFAG00000032110
ENSG00000009709,ENSMFAG00000040998
ENSG00000000457,ENSMFAG00000002890
ENSG00000117594,ENSMFAG00000036386
ENSG00000117593,ENSMFAG00000003036
ENSG00000174950,ENSMFAG00000032742
ENSG00000162571,ENSMFAG00000003014
ENSG00000197965,ENSMFAG00000045417
ENSG00000120334,ENSMFAG00000045526
ENSG00000133055,ENSMFAG00000038338
ENSG00000143314,ENSMFAG00000038168
ENSG00000143416,ENSMFAG00000033465
ENSG00000235169,ENSMFAG00000041475
ENSG00000162517,ENSMFAG00000030472
ENSG00000184677,ENSMFAG00000043032
ENSG00000134709,ENSMFAG00000000847
ENSG00000162733,ENSMFAG00000036365
ENSG00000180488,ENSMFAG00000042126
ENSG00000090621,ENSMFAG00000041481
ENSG00000116685,ENSMFAG00000037555
ENSG00000177614,ENSMFAG00000001236
ENSG00000187545,ENSMFAG00000064937
ENSG00000187545,ENSMFAG00000051805
ENSG00000117528,ENSMFAG00000044222
ENSG00000134198,ENSMFAG00000039698
ENSG00000134201,ENSMFAG00000038873
ENSG00000160050,ENSMFAG00000031708
ENSG00000023909,ENSMFAG00000036066
ENSG00000162599,ENSMFAG00000045828
ENSG00000079277,ENSMFAG00000026976
ENSG00000116497,ENSMFAG00000040750
ENSG00000009307,ENSMFAG00000003674
ENSG00000159176,ENSMFAG00000033632
ENSG00000117400,ENSMFAG00000015202
ENSG00000121774,ENSMFAG00000001194
ENSG00000016602,ENSMFAG00000030973
ENSG00000176393,ENSMFAG00000001997
ENSG00000143079,ENSMFAG00000054875
ENSG00000117013,ENSMFAG00000034264
ENSG00000077522,ENSMFAG00000041700
ENSG00000116688,ENSMFAG00000045034
ENSG00000143493,ENSMFAG00000034220
ENSG00000121644,ENSMFAG00000032549
ENSG00000116489,ENSMFAG00000035179
ENSG00000143226,ENSMFAG00000052135
ENSG00000143226,ENSMFAG00000059325
ENSG00000143226,ENSMFAG00000038066
ENSG00000181817,ENSMFAG00000061237
ENSG00000169218,ENSMFAG00000043851
ENSG00000143630,ENSMFAG00000036135
ENSG00000123684,ENSMFAG00000001051
ENSG00000117305,ENSMFAG00000001549
ENSG00000117148,ENSMFAG00000040642
ENSG00000116977,ENSMFAG00000032856
ENSG00000162706,ENSMFAG00000024756
ENSG00000162415,ENSMFAG00000002575
ENSG00000143171,ENSMFAG00000002126
ENSG00000000938,ENSMFAG00000037860
ENSG00000131779,ENSMFAG00000052735
ENSG00000116752,ENSMFAG00000043933
ENSG00000142621,ENSMFAG00000030840
ENSG00000132879,ENSMFAG00000039191
ENSG00000135842,ENSMFAG00000035390
ENSG00000142871,ENSMFAG00000000180
ENSG00000117569,ENSMFAG00000008183
ENSG00000158747,ENSMFAG00000037763
ENSG00000187634,ENSMFAG00000042117
ENSG00000132702,ENSMFAG00000036444
ENSG00000142634,ENSMFAG00000044896
ENSG00000142634,ENSMFAG00000058263
ENSG00000162639,ENSMFAG00000002745
ENSG00000159214,ENSMFAG00000026265
ENSG00000143801,ENSMFAG00000000107
ENSG00000160789,ENSMFAG00000045463
ENSG00000188976,ENSMFAG00000032890
ENSG00000159189,ENSMFAG00000038771
ENSG00000164010,ENSMFAG00000025183
ENSG00000221986,ENSMFAG00000056672
ENSG00000143217,ENSMFAG00000037387
ENSG00000116793,ENSMFAG00000030077
ENSG00000143198,ENSMFAG00000040545
ENSG00000121775,ENSMFAG00000036558
ENSG00000168528,ENSMFAG00000042146
ENSG00000077157,ENSMFAG00000003726
ENSG00000078808,ENSMFAG00000039169
ENSG00000188015,ENSMFAG00000042703
ENSG00000007341,ENSMFAG00000037326
ENSG00000157181,ENSMFAG00000033358
ENSG00000116350,ENSMFAG00000041784
ENSG00000189410,ENSMFAG00000051643
ENSG00000153029,ENSMFAG00000036719
ENSG00000001461,ENSMFAG00000002140
ENSG00000163393,ENSMFAG00000042672
ENSG00000187889,ENSMFAG00000003618
ENSG00000187733,ENSMFAG00000037558
ENSG00000163382,ENSMFAG00000043673
ENSG00000198799,ENSMFAG00000000102
ENSG00000121766,ENSMFAG00000039045
ENSG00000188641,ENSMFAG00000033409
ENSG00000117533,ENSMFAG00000031870
ENSG00000054392,ENSMFAG00000003760
ENSG00000188092,ENSMFAG00000001098
ENSG00000121769,ENSMFAG00000031211
ENSG00000117009,ENSMFAG00000044420
ENSG00000188643,ENSMFAG00000032020
ENSG00000134259,ENSMFAG00000060447
ENSG00000163220,ENSMFAG00000045130
ENSG00000186141,ENSMFAG00000040338
ENSG00000177000,ENSMFAG00000043284
ENSG00000117335,ENSMFAG00000003828
ENSG00000134262,ENSMFAG00000020154
ENSG00000118454,ENSMFAG00000042830
ENSG00000142765,ENSMFAG00000002518
ENSG00000160710,ENSMFAG00000003217
ENSG00000158711,ENSMFAG00000033410
ENSG00000118655,ENSMFAG00000042532
ENSG00000066027,ENSMFAG00000034643
ENSG00000060642,ENSMFAG00000003929
ENSG00000243725,ENSMFAG00000041685
ENSG00000081237,ENSMFAG00000044827
ENSG00000163879,ENSMFAG00000038046
ENSG00000074964,ENSMFAG00000040019
ENSG00000183682,ENSMFAG00000002753
ENSG00000183682,ENSMFAG00000041908
ENSG00000116604,ENSMFAG00000030808
ENSG00000162434,ENSMFAG00000003493
ENSG00000175984,ENSMFAG00000035727
ENSG00000187513,ENSMFAG00000041783
ENSG00000171824,ENSMFAG00000038874
ENSG00000162437,ENSMFAG00000031436
ENSG00000160714,ENSMFAG00000064720
ENSG00000143224,ENSMFAG00000039953
ENSG00000117280,ENSMFAG00000039685
ENSG00000162769,ENSMFAG00000032026
ENSG00000203965,ENSMFAG00000001765
ENSG00000187800,ENSMFAG00000013682
ENSG00000122218,ENSMFAG00000031873
ENSG00000159423,ENSMFAG00000036115
ENSG00000137959,ENSMFAG00000035946
ENSG00000034971,ENSMFAG00000041678
ENSG00000130764,ENSMFAG00000045730
ENSG00000121764,ENSMFAG00000044224
ENSG00000116691,ENSMFAG00000041460
ENSG00000162627,ENSMFAG00000028542
ENSG00000058085,ENSMFAG00000000974
ENSG00000157870,ENSMFAG00000065681
ENSG00000162664,ENSMFAG00000044308
ENSG00000143553,ENSMFAG00000059526
ENSG00000143498,ENSMFAG00000039364
ENSG00000077585,ENSMFAG00000034812
ENSG00000143157,ENSMFAG00000037391
ENSG00000143515,ENSMFAG00000025147
ENSG00000152382,ENSMFAG00000032577
ENSG00000143740,ENSMFAG00000001190
ENSG00000117472,ENSMFAG00000042909
ENSG00000168710,ENSMFAG00000044517
ENSG00000081692,ENSMFAG00000043012
ENSG00000157873,ENSMFAG00000042470
ENSG00000132676,ENSMFAG00000031112
ENSG00000163374,ENSMFAG00000050889
ENSG00000163374,ENSMFAG00000044446
