ensembl_id,gene_symbol
ENSCJAG00000077381,U6
ENSCJAG00000074303,
ENSCJAG00000071296,U4
ENSCJAG00000078393,U6
ENSCJAG00000085335,
ENSCJAG00000086728,
ENSCJAG00000073680,
ENSCJAG00000078548,
ENSCJAG00000003187,SLITRK6
ENSCJAG00000078495,
ENSCJAG00000041473,
ENSCJAG00000064752,
ENSCJAG00000080916,
ENSCJAG00000043566,U6
ENSCJAG00000029903,cja-mir-31
ENSCJAG00000080342,
ENSCJAG00000072156,
ENSCJAG00000006773,PCID2
ENSCJAG00000003189,SLITRK5
ENSCJAG00000075133,
ENSCJAG00000053742,
ENSCJAG00000076923,
ENSCJAG00000060785,
ENSCJAG00000084070,
ENSCJAG00000070270,U6
ENSCJAG00000074564,
ENSCJAG00000016415,PCDH20
ENSCJAG00000062836,
ENSCJAG00000062210,GAS1
ENSCJAG00000081470,U6
ENSCJAG00000083300,
ENSCJAG00000069756,
ENSCJAG00000003196,
ENSCJAG00000080485,
ENSCJAG00000086702,
ENSCJAG00000034697,U6
ENSCJAG00000084670,
ENSCJAG00000078951,U6
ENSCJAG00000008347,ATP7B
ENSCJAG00000070435,
ENSCJAG00000023458,MIR17
ENSCJAG00000008021,MTAP
ENSCJAG00000024826,MIR18A
ENSCJAG00000030780,MIR19A
ENSCJAG00000006831,CUL4A
ENSCJAG00000026140,cja-mir-20a
ENSCJAG00000030224,cja-mir-19b-1
ENSCJAG00000029449,cja-mir-92a-2
ENSCJAG00000005536,ZNF484
ENSCJAG00000001131,CARNMT1
ENSCJAG00000051705,CDKN2A
ENSCJAG00000062364,
ENSCJAG00000069800,
ENSCJAG00000003211,GPC5
ENSCJAG00000041063,Metazoa_SRP
ENSCJAG00000006900,LAMP1
ENSCJAG00000072232,Metazoa_SRP
ENSCJAG00000076988,
ENSCJAG00000010996,RFX3
ENSCJAG00000008048,CDKN2B
ENSCJAG00000070384,
ENSCJAG00000082005,
ENSCJAG00000086611,
ENSCJAG00000058382,
ENSCJAG00000074731,Y_RNA
ENSCJAG00000073424,
ENSCJAG00000022751,
ENSCJAG00000083826,
ENSCJAG00000008059,DMRTA1
ENSCJAG00000011484,TMEFF1
ENSCJAG00000006915,GRTP1
ENSCJAG00000079951,
ENSCJAG00000003215,GPC6
ENSCJAG00000085896,
ENSCJAG00000008074,BAG1
ENSCJAG00000065871,
ENSCJAG00000065150,
ENSCJAG00000075654,ADPRHL1
ENSCJAG00000076685,PRXL2C
ENSCJAG00000076873,
ENSCJAG00000003225,DCT
ENSCJAG00000061240,
ENSCJAG00000011496,CAVIN4
ENSCJAG00000072485,
ENSCJAG00000001156,TRPM6
ENSCJAG00000070039,
ENSCJAG00000083742,
ENSCJAG00000085183,
ENSCJAG00000067069,
ENSCJAG00000008104,CHMP5
ENSCJAG00000078281,
ENSCJAG00000081354,
ENSCJAG00000084468,
ENSCJAG00000061833,
ENSCJAG00000077311,
ENSCJAG00000071364,
ENSCJAG00000079116,
ENSCJAG00000084286,
ENSCJAG00000007103,GGTA1
ENSCJAG00000086114,
ENSCJAG00000053255,
ENSCJAG00000038309,DCUN1D2
ENSCJAG00000041446,Metazoa_SRP
ENSCJAG00000087383,
ENSCJAG00000019853,WDR41
ENSCJAG00000016264,LPPR1
ENSCJAG00000003252,TGDS
ENSCJAG00000011083,GLIS3
ENSCJAG00000077025,
ENSCJAG00000030396,U1
ENSCJAG00000083299,U1
ENSCJAG00000008064,ELAVL2
ENSCJAG00000073768,
ENSCJAG00000024764,
ENSCJAG00000075363,
ENSCJAG00000060715,
ENSCJAG00000080385,
ENSCJAG00000070493,
ENSCJAG00000074078,
ENSCJAG00000006931,TMCO3
ENSCJAG00000067237,
ENSCJAG00000043138,GPR180
ENSCJAG00000008142,NFX1
ENSCJAG00000060971,
ENSCJAG00000016292,BAAT
ENSCJAG00000011113,SLC1A1
ENSCJAG00000065295,
ENSCJAG00000003853,TDRD3
ENSCJAG00000054215,
ENSCJAG00000012598,CDC14B
ENSCJAG00000065674,
ENSCJAG00000020318,C1H9orf78
ENSCJAG00000054074,TMEM272
ENSCJAG00000074965,
ENSCJAG00000010197,COL5A1
ENSCJAG00000082330,U4
ENSCJAG00000081488,Metazoa_SRP
ENSCJAG00000044399,PIM3
ENSCJAG00000057712,
ENSCJAG00000025135,U6
ENSCJAG00000086344,U6
ENSCJAG00000076571,Y_RNA
ENSCJAG00000078122,
ENSCJAG00000083876,MRPL50
ENSCJAG00000080921,IZUMO3
ENSCJAG00000044106,Metazoa_SRP
ENSCJAG00000071390,
ENSCJAG00000042036,PRKRIP1
ENSCJAG00000070983,
ENSCJAG00000034003,U6
ENSCJAG00000082968,Metazoa_SRP
ENSCJAG00000059435,Metazoa_SRP
ENSCJAG00000044997,UBE2L3
ENSCJAG00000011136,SPATA6L
ENSCJAG00000087278,
ENSCJAG00000046783,U6
ENSCJAG00000085242,Metazoa_SRP
ENSCJAG00000080518,U4
ENSCJAG00000043537,Metazoa_SRP
ENSCJAG00000020348,USP20
ENSCJAG00000046080,
ENSCJAG00000047661,Metazoa_SRP
ENSCJAG00000083113,
ENSCJAG00000071716,Metazoa_SRP
ENSCJAG00000044859,U4
ENSCJAG00000016305,ZNF189
ENSCJAG00000082130,5S_rRNA
ENSCJAG00000079165,
ENSCJAG00000055379,
ENSCJAG00000076254,Metazoa_SRP
ENSCJAG00000074397,
ENSCJAG00000087122,
ENSCJAG00000025426,RNase_MRP
ENSCJAG00000079036,
ENSCJAG00000083682,
ENSCJAG00000034973,
ENSCJAG00000081697,Metazoa_SRP
ENSCJAG00000082229,
ENSCJAG00000046743,FCN2
ENSCJAG00000079832,U6
ENSCJAG00000030139,
ENSCJAG00000072595,Metazoa_SRP
ENSCJAG00000077763,Metazoa_SRP
ENSCJAG00000080782,
ENSCJAG00000077249,
ENSCJAG00000054220,
ENSCJAG00000085324,
ENSCJAG00000063898,PPAPDC2
ENSCJAG00000016164,SH2B2
ENSCJAG00000074268,
ENSCJAG00000083818,Metazoa_SRP
ENSCJAG00000078039,
ENSCJAG00000070748,
ENSCJAG00000043194,TUSC1
ENSCJAG00000001216,RORB
ENSCJAG00000078952,
ENSCJAG00000041601,U6
ENSCJAG00000034796,U6
ENSCJAG00000086889,
ENSCJAG00000040263,RPS13
ENSCJAG00000076221,
ENSCJAG00000036901,Metazoa_SRP
ENSCJAG00000019926,CDKL2
ENSCJAG00000010200,ELL2
ENSCJAG00000072450,
ENSCJAG00000085985,
ENSCJAG00000085199,
ENSCJAG00000078518,
ENSCJAG00000010186,FCN2
ENSCJAG00000080658,
ENSCJAG00000084283,Metazoa_SRP
ENSCJAG00000084757,Y_RNA
ENSCJAG00000015809,YDJC
ENSCJAG00000071615,
ENSCJAG00000085298,
ENSCJAG00000003174,ELF2
ENSCJAG00000075968,U7
ENSCJAG00000010839,ANKH
ENSCJAG00000038960,
ENSCJAG00000039670,
ENSCJAG00000056845,
ENSCJAG00000008718,HPS4
ENSCJAG00000073183,Metazoa_SRP
ENSCJAG00000073518,
ENSCJAG00000011062,LPCAT1
ENSCJAG00000008175,AQP7
ENSCJAG00000081120,
ENSCJAG00000041714,ISOC1
ENSCJAG00000049478,WDFY2
ENSCJAG00000084301,
ENSCJAG00000054477,
ENSCJAG00000059870,
ENSCJAG00000081668,
ENSCJAG00000011188,AK3
ENSCJAG00000077811,TFDP1
ENSCJAG00000069905,
ENSCJAG00000014591,TBX1
ENSCJAG00000015805,CCDC116
ENSCJAG00000010341,
ENSCJAG00000019939,ODAPH
ENSCJAG00000012589,HABP4
ENSCJAG00000073067,
ENSCJAG00000018871,C5orf22
ENSCJAG00000069940,
ENSCJAG00000081023,
ENSCJAG00000020360,FNBP1
ENSCJAG00000052430,
ENSCJAG00000007987,CAAP1
ENSCJAG00000080056,Metazoa_SRP
ENSCJAG00000073683,
ENSCJAG00000070098,5S_rRNA
ENSCJAG00000086864,Metazoa_SRP
ENSCJAG00000072142,
ENSCJAG00000076441,
ENSCJAG00000082972,
ENSCJAG00000082589,
ENSCJAG00000084232,
ENSCJAG00000016312,ALDOB
ENSCJAG00000072748,
ENSCJAG00000043771,
ENSCJAG00000078680,
ENSCJAG00000015792,SDF2L1
ENSCJAG00000082510,U4
ENSCJAG00000039245,Metazoa_SRP
ENSCJAG00000081149,
ENSCJAG00000076542,
ENSCJAG00000055173,
ENSCJAG00000010884,OTULIN
ENSCJAG00000077628,
ENSCJAG00000076381,Metazoa_SRP
ENSCJAG00000079020,
ENSCJAG00000081627,
ENSCJAG00000043822,HCN1
ENSCJAG00000035001,U6
ENSCJAG00000076820,5S_rRNA
ENSCJAG00000069804,U6
ENSCJAG00000010252,RHOBTB3
ENSCJAG00000024781,
ENSCJAG00000006057,TLR3
ENSCJAG00000067688,
ENSCJAG00000019300,SLC27A6
ENSCJAG00000047593,Metazoa_SRP
ENSCJAG00000071896,
ENSCJAG00000008709,SRRD
ENSCJAG00000083665,
ENSCJAG00000043131,Metazoa_SRP
ENSCJAG00000015559,IPO11
ENSCJAG00000081400,
ENSCJAG00000020153,DAB2IP
ENSCJAG00000019876,PDE8B
ENSCJAG00000073968,Metazoa_SRP
ENSCJAG00000081305,
ENSCJAG00000029256,cja-mir-130b
ENSCJAG00000011155,CDC37L1
ENSCJAG00000074392,
ENSCJAG00000082302,
ENSCJAG00000003399,MOV10L1
ENSCJAG00000048002,AQP3
ENSCJAG00000074176,
ENSCJAG00000044039,Metazoa_SRP
ENSCJAG00000070528,U7
ENSCJAG00000029419,U6
ENSCJAG00000075591,
ENSCJAG00000019942,THAP6
ENSCJAG00000034341,U6
ENSCJAG00000007921,PLAA
ENSCJAG00000079850,U6
ENSCJAG00000040778,
ENSCJAG00000081514,Metazoa_SRP
ENSCJAG00000008628,TFIP11
ENSCJAG00000071501,Metazoa_SRP
ENSCJAG00000083247,
ENSCJAG00000053898,
ENSCJAG00000038194,
ENSCJAG00000021276,JAKMIP2
ENSCJAG00000084807,
ENSCJAG00000070549,
ENSCJAG00000003158,NOCT
ENSCJAG00000081352,TMED7
ENSCJAG00000074102,
ENSCJAG00000076082,Metazoa_SRP
ENSCJAG00000079605,Metazoa_SRP
ENSCJAG00000011089,SLC6A3
ENSCJAG00000037354,GNB1L
ENSCJAG00000010893,OTULINL
ENSCJAG00000059464,
ENSCJAG00000048181,
ENSCJAG00000072997,
ENSCJAG00000006956,ATP4B
ENSCJAG00000074987,
ENSCJAG00000047220,GLRX
ENSCJAG00000068649,
ENSCJAG00000002120,ANKRD55
ENSCJAG00000045923,TICAM2
ENSCJAG00000067530,
ENSCJAG00000008612,TPST2
ENSCJAG00000053641,
ENSCJAG00000082562,Metazoa_SRP
ENSCJAG00000060397,
ENSCJAG00000005476,AGA
ENSCJAG00000023152,
ENSCJAG00000071122,
ENSCJAG00000084211,
ENSCJAG00000083831,
ENSCJAG00000080284,
ENSCJAG00000018862,CYFIP2
ENSCJAG00000072301,
ENSCJAG00000075373,
ENSCJAG00000077259,Metazoa_SRP
ENSCJAG00000006957,GRK1
ENSCJAG00000069618,
ENSCJAG00000019952,RCHY1
ENSCJAG00000008453,INTS6
ENSCJAG00000080942,C9orf116
ENSCJAG00000059396,U7
ENSCJAG00000010268,SPATA9
ENSCJAG00000079654,
ENSCJAG00000073699,Metazoa_SRP
ENSCJAG00000085474,
ENSCJAG00000060349,FEM1C
ENSCJAG00000085330,
ENSCJAG00000015771,PPIL2
ENSCJAG00000011202,RCL1
ENSCJAG00000010436,MRPS2
ENSCJAG00000008583,CRYBB1
ENSCJAG00000071370,
ENSCJAG00000086717,Metazoa_SRP
ENSCJAG00000081026,
ENSCJAG00000038580,Metazoa_SRP
ENSCJAG00000003742,
ENSCJAG00000072433,
ENSCJAG00000082087,
ENSCJAG00000086747,
ENSCJAG00000073587,
ENSCJAG00000045411,LCN1
ENSCJAG00000047244,RFESD
ENSCJAG00000076650,
ENSCJAG00000034870,U6
ENSCJAG00000082717,
ENSCJAG00000076204,
ENSCJAG00000018308,IFT74
ENSCJAG00000070990,
ENSCJAG00000073496,Metazoa_SRP
ENSCJAG00000077244,
ENSCJAG00000044914,TMEM255B
ENSCJAG00000070566,
ENSCJAG00000068760,
ENSCJAG00000008564,CRYBA4
ENSCJAG00000028443,MIR101-2
ENSCJAG00000072318,
ENSCJAG00000085877,
ENSCJAG00000081361,U6
ENSCJAG00000038923,GPR150
ENSCJAG00000003729,DIAPH3
ENSCJAG00000005464,NEIL3
ENSCJAG00000023418,IFT20
ENSCJAG00000076654,Metazoa_SRP
ENSCJAG00000040970,Metazoa_SRP
ENSCJAG00000079595,
ENSCJAG00000008222,NOL6
ENSCJAG00000070211,
ENSCJAG00000070035,Metazoa_SRP
ENSCJAG00000012556,SLC35D2
ENSCJAG00000079932,U1
ENSCJAG00000001252,ANXA1
ENSCJAG00000086585,U1
ENSCJAG00000076007,
ENSCJAG00000076876,Metazoa_SRP
ENSCJAG00000081161,Metazoa_SRP
ENSCJAG00000019977,PARM1
ENSCJAG00000071222,
ENSCJAG00000003300,ABCC4
ENSCJAG00000017975,OBP2A
ENSCJAG00000078305,
ENSCJAG00000010294,ARSK
ENSCJAG00000011228,JAK2
ENSCJAG00000069792,
ENSCJAG00000003392,PANX2
ENSCJAG00000075680,U6
ENSCJAG00000080886,
ENSCJAG00000045176,
ENSCJAG00000020376,GPR107
ENSCJAG00000064085,LRRC19
ENSCJAG00000008536,SERPINE3
ENSCJAG00000040653,MRPS30
ENSCJAG00000079743,
ENSCJAG00000016348,PGAP4
ENSCJAG00000084461,
ENSCJAG00000086956,
ENSCJAG00000003133,PRDM5
ENSCJAG00000084651,
ENSCJAG00000077701,
ENSCJAG00000086007,
ENSCJAG00000081266,YPEL1
ENSCJAG00000078762,
ENSCJAG00000073893,
ENSCJAG00000075763,
ENSCJAG00000032150,U6
ENSCJAG00000016720,CCDC112
ENSCJAG00000076577,
ENSCJAG00000071336,Metazoa_SRP
ENSCJAG00000070478,Metazoa_SRP
ENSCJAG00000060378,
ENSCJAG00000071095,
ENSCJAG00000083786,Metazoa_SRP
ENSCJAG00000033516,U6
ENSCJAG00000086092,
ENSCJAG00000085673,
ENSCJAG00000072531,Metazoa_SRP
ENSCJAG00000085379,Metazoa_SRP
ENSCJAG00000064692,U7
ENSCJAG00000085571,
ENSCJAG00000085506,
ENSCJAG00000083210,Metazoa_SRP
ENSCJAG00000010487,
ENSCJAG00000083672,Metazoa_SRP
ENSCJAG00000009113,NUDT12
ENSCJAG00000073188,
ENSCJAG00000081577,
ENSCJAG00000071631,
ENSCJAG00000018947,GAS6
ENSCJAG00000024049,U4
ENSCJAG00000019950,ZBED3
ENSCJAG00000032548,U6
ENSCJAG00000000032,TENM2
ENSCJAG00000011358,INSL6
ENSCJAG00000085486,U1
ENSCJAG00000060942,BTC
ENSCJAG00000006964,RNF144B
ENSCJAG00000008541,FAM124A
ENSCJAG00000024539,
ENSCJAG00000075970,
ENSCJAG00000072734,
ENSCJAG00000076263,
ENSCJAG00000017196,SNCAIP
ENSCJAG00000051749,
ENSCJAG00000086987,
ENSCJAG00000038187,RLN2
ENSCJAG00000073281,
ENSCJAG00000017606,SLC22A23
ENSCJAG00000039419,
ENSCJAG00000006015,SORBS2
ENSCJAG00000016354,RNF20
ENSCJAG00000039809,VEGFC
ENSCJAG00000081289,Metazoa_SRP
ENSCJAG00000052654,
ENSCJAG00000080420,
ENSCJAG00000070561,Y_RNA
ENSCJAG00000020170,MN1
ENSCJAG00000079708,
ENSCJAG00000015527,DIMT1
ENSCJAG00000019242,FBN2
ENSCJAG00000010904,TRIO
ENSCJAG00000015743,MAPK1
ENSCJAG00000074281,
ENSCJAG00000078101,Metazoa_SRP
ENSCJAG00000019955,AGGF1
ENSCJAG00000003185,SLC7A11
ENSCJAG00000079906,
ENSCJAG00000039806,FGF10
ENSCJAG00000032160,U6
ENSCJAG00000003384,TRABD
ENSCJAG00000086232,
ENSCJAG00000007501,RICTOR
ENSCJAG00000015113,RASGEF1B
ENSCJAG00000011374,PLGRKT
ENSCJAG00000010510,LCN9
ENSCJAG00000078994,
ENSCJAG00000086462,C13orf42
ENSCJAG00000070330,
ENSCJAG00000016700,PGGT1B
ENSCJAG00000080891,
ENSCJAG00000078973,
ENSCJAG00000073964,
ENSCJAG00000077612,
ENSCJAG00000079086,Metazoa_SRP
ENSCJAG00000083662,
ENSCJAG00000053019,
ENSCJAG00000083109,
ENSCJAG00000069741,
ENSCJAG00000072352,
ENSCJAG00000056918,
ENSCJAG00000010321,SKIC3
ENSCJAG00000070903,
ENSCJAG00000054601,
ENSCJAG00000077993,SOHLH1
ENSCJAG00000056633,
ENSCJAG00000021274,SPINK1
ENSCJAG00000080381,
ENSCJAG00000073297,SPCS3
ENSCJAG00000040087,TTLL11
ENSCJAG00000068975,FNDC9
ENSCJAG00000013848,AREG
ENSCJAG00000018394,TEK
ENSCJAG00000020141,PITPNB
ENSCJAG00000033547,C13orf46
ENSCJAG00000048971,
ENSCJAG00000077968,U6
ENSCJAG00000073048,
ENSCJAG00000047796,CDK20
ENSCJAG00000045377,PPM1F
ENSCJAG00000008304,
ENSCJAG00000084938,
ENSCJAG00000073692,
ENSCJAG00000071100,
ENSCJAG00000014546,TXNRD2
ENSCJAG00000019970,CRHBP
ENSCJAG00000083909,
ENSCJAG00000071873,
ENSCJAG00000083771,U6
ENSCJAG00000080223,Metazoa_SRP
ENSCJAG00000073051,
ENSCJAG00000011388,CD274
ENSCJAG00000003360,SELENOO
ENSCJAG00000021268,SCGB3A2
ENSCJAG00000016471,GRIN3A
ENSCJAG00000078364,
ENSCJAG00000065619,Metazoa_SRP
ENSCJAG00000078871,
ENSCJAG00000001331,ALDH1A1
ENSCJAG00000006952,DEK
ENSCJAG00000072430,Metazoa_SRP
ENSCJAG00000073750,Metazoa_SRP
ENSCJAG00000070072,Metazoa_SRP
ENSCJAG00000017623,PSMG4
ENSCJAG00000065636,
ENSCJAG00000079944,
ENSCJAG00000066828,U6
ENSCJAG00000079559,EREG
ENSCJAG00000072937,U1
ENSCJAG00000077774,
ENSCJAG00000077093,Metazoa_SRP
ENSCJAG00000064535,
ENSCJAG00000047667,CLPTM1L
ENSCJAG00000085937,
ENSCJAG00000075748,
ENSCJAG00000002068,IL6ST
ENSCJAG00000074343,
ENSCJAG00000081437,S100Z
ENSCJAG00000082790,C5orf46
ENSCJAG00000076847,U7
ENSCJAG00000072190,
ENSCJAG00000020334,TOP3B
ENSCJAG00000081497,ZNF475
ENSCJAG00000073315,Metazoa_SRP
ENSCJAG00000075346,
ENSCJAG00000082947,NDUFA8
ENSCJAG00000063287,UBE2R2
ENSCJAG00000076533,
ENSCJAG00000048652,PDCD1LG2
ENSCJAG00000070192,
ENSCJAG00000077085,
ENSCJAG00000082378,Y_RNA
ENSCJAG00000062182,F2RL1
ENSCJAG00000077736,Y_RNA
ENSCJAG00000086731,
ENSCJAG00000080917,U6
ENSCJAG00000071448,
ENSCJAG00000064341,
ENSCJAG00000084115,
ENSCJAG00000013872,EPGN
ENSCJAG00000046004,CTSV
ENSCJAG00000055532,
ENSCJAG00000032028,
ENSCJAG00000003221,PCDH18
ENSCJAG00000048011,
ENSCJAG00000086254,
ENSCJAG00000080593,
ENSCJAG00000020132,TTC28
ENSCJAG00000075108,
ENSCJAG00000003351,TUBGCP6
ENSCJAG00000036333,Metazoa_SRP
ENSCJAG00000061615,Metazoa_SRP
ENSCJAG00000084566,
ENSCJAG00000077030,
ENSCJAG00000077180,
ENSCJAG00000031719,Y_RNA
ENSCJAG00000008585,RNASEH2B
ENSCJAG00000015422,KIF2A
ENSCJAG00000016675,TRIM36
ENSCJAG00000070768,
ENSCJAG00000056424,
ENSCJAG00000085554,Metazoa_SRP
ENSCJAG00000057732,Metazoa_SRP
ENSCJAG00000054778,
ENSCJAG00000005400,ASB5
ENSCJAG00000001373,NNT
ENSCJAG00000018881,DROSHA
ENSCJAG00000027765,
ENSCJAG00000067353,
ENSCJAG00000018972,RASA3
ENSCJAG00000080338,
ENSCJAG00000086094,U7
ENSCJAG00000086495,F2R
ENSCJAG00000082511,
ENSCJAG00000020333,
ENSCJAG00000032869,Y_RNA
ENSCJAG00000003156,MAD2L1
ENSCJAG00000086826,
ENSCJAG00000082381,
ENSCJAG00000010526,KCNT1
ENSCJAG00000076862,
ENSCJAG00000043472,LOX
ENSCJAG00000040790,
ENSCJAG00000024046,Y_RNA
ENSCJAG00000081410,
ENSCJAG00000016490,CYLC2
ENSCJAG00000075286,
ENSCJAG00000018932,ADAM19
ENSCJAG00000008324,UBAP2
ENSCJAG00000078111,
ENSCJAG00000020137,MORN5
ENSCJAG00000000355,
ENSCJAG00000001348,TMC1
ENSCJAG00000075547,
ENSCJAG00000070309,
ENSCJAG00000071744,
ENSCJAG00000036849,Metazoa_SRP
ENSCJAG00000081060,
ENSCJAG00000086697,
ENSCJAG00000010329,FAM81B
ENSCJAG00000084123,
ENSCJAG00000020388,NCS1
ENSCJAG00000073581,
ENSCJAG00000072804,
ENSCJAG00000037492,Metazoa_SRP
ENSCJAG00000082424,U4
ENSCJAG00000072647,
ENSCJAG00000062937,SNORD121B
ENSCJAG00000077725,
ENSCJAG00000056758,
ENSCJAG00000021334,FBP2
ENSCJAG00000013883,MTHFD2L
ENSCJAG00000075570,
ENSCJAG00000061309,SNORD121A
ENSCJAG00000078831,
ENSCJAG00000085580,U6
ENSCJAG00000061902,Metazoa_SRP
ENSCJAG00000017177,SRFBP1
ENSCJAG00000054008,
ENSCJAG00000042931,
ENSCJAG00000077264,U6
ENSCJAG00000081005,Metazoa_SRP
ENSCJAG00000065525,
ENSCJAG00000049789,
ENSCJAG00000054341,
ENSCJAG00000079808,Metazoa_SRP
ENSCJAG00000006934,KDM1B
ENSCJAG00000079641,U5
ENSCJAG00000071505,
ENSCJAG00000081368,Y_RNA
ENSCJAG00000079062,U6
ENSCJAG00000086541,
ENSCJAG00000009127,PPIP5K2
ENSCJAG00000082262,
ENSCJAG00000072252,
ENSCJAG00000069143,U7
ENSCJAG00000064782,
ENSCJAG00000084537,
ENSCJAG00000079988,
ENSCJAG00000084171,
ENSCJAG00000073944,
ENSCJAG00000070378,
ENSCJAG00000085620,Metazoa_SRP
ENSCJAG00000044674,Metazoa_SRP
ENSCJAG00000053785,Metazoa_SRP
ENSCJAG00000071352,Metazoa_SRP
ENSCJAG00000073198,
ENSCJAG00000076293,
ENSCJAG00000059601,
ENSCJAG00000082217,
ENSCJAG00000086454,
ENSCJAG00000045954,TUBB2B
ENSCJAG00000072472,
ENSCJAG00000076055,
ENSCJAG00000076594,
ENSCJAG00000048026,TERT
ENSCJAG00000011447,RIC1
ENSCJAG00000008463,DCAF12
ENSCJAG00000016076,CUX1
ENSCJAG00000005386,SPATA4
ENSCJAG00000016524,SMC2
ENSCJAG00000074716,U1
ENSCJAG00000073919,
ENSCJAG00000079956,
ENSCJAG00000074060,Metazoa_SRP
ENSCJAG00000041493,FBP1
ENSCJAG00000077985,
ENSCJAG00000074833,
ENSCJAG00000024130,U4
ENSCJAG00000014538,COMT
ENSCJAG00000003337,HDAC10
ENSCJAG00000055562,
ENSCJAG00000085683,
ENSCJAG00000020122,LHX6
ENSCJAG00000084767,
ENSCJAG00000034331,
ENSCJAG00000071048,5S_rRNA
ENSCJAG00000003715,PCDH17
ENSCJAG00000073846,
ENSCJAG00000015083,PRKG2
ENSCJAG00000074671,DLEU7
ENSCJAG00000080670,Metazoa_SRP
ENSCJAG00000086500,
ENSCJAG00000033940,
ENSCJAG00000072293,
ENSCJAG00000084885,
ENSCJAG00000074582,FTMT
ENSCJAG00000071580,
ENSCJAG00000080090,
ENSCJAG00000076366,Metazoa_SRP
ENSCJAG00000021245,SPINK5
ENSCJAG00000072838,Metazoa_SRP
ENSCJAG00000001340,PAIP1
ENSCJAG00000068044,CXCL2
ENSCJAG00000074563,
ENSCJAG00000062644,
ENSCJAG00000068921,
ENSCJAG00000083356,
ENSCJAG00000076083,U5
ENSCJAG00000070205,Metazoa_SRP
ENSCJAG00000071302,
ENSCJAG00000058746,
ENSCJAG00000041320,Metazoa_SRP
ENSCJAG00000082719,
ENSCJAG00000001414,GDA
ENSCJAG00000051831,
ENSCJAG00000079211,Metazoa_SRP
ENSCJAG00000073232,Metazoa_SRP
ENSCJAG00000058489,U2
ENSCJAG00000079790,
ENSCJAG00000061853,
ENSCJAG00000002043,IL31RA
ENSCJAG00000061765,CXCL2
ENSCJAG00000043689,
ENSCJAG00000084642,
ENSCJAG00000079476,Metazoa_SRP
ENSCJAG00000045877,
ENSCJAG00000084471,
ENSCJAG00000078218,U6
ENSCJAG00000079714,U6
ENSCJAG00000080780,
ENSCJAG00000087239,
ENSCJAG00000020578,HMCN2
ENSCJAG00000046504,Metazoa_SRP
ENSCJAG00000086269,U6
ENSCJAG00000083305,
ENSCJAG00000081916,
ENSCJAG00000021764,
ENSCJAG00000070427,
ENSCJAG00000062893,BMP3
ENSCJAG00000071778,
ENSCJAG00000065215,
ENSCJAG00000036709,SLC6A18
ENSCJAG00000079319,
ENSCJAG00000003402,DNAJC3
ENSCJAG00000046872,
ENSCJAG00000001333,C5orf34
ENSCJAG00000068519,RBM18
ENSCJAG00000020096,CHEK2
ENSCJAG00000055171,
ENSCJAG00000043582,
ENSCJAG00000077750,
ENSCJAG00000003713,
ENSCJAG00000079519,
ENSCJAG00000027196,MIR15A
ENSCJAG00000078770,Metazoa_SRP
ENSCJAG00000063123,OR13F1
ENSCJAG00000029839,cja-mir-16-1
ENSCJAG00000053963,Metazoa_SRP
ENSCJAG00000020321,ZNF280A
ENSCJAG00000083366,
ENSCJAG00000063626,
ENSCJAG00000070451,
ENSCJAG00000015075,CFAP299
ENSCJAG00000013918,PPBP
ENSCJAG00000083687,OR13C4
ENSCJAG00000017168,PRR16
ENSCJAG00000017700,
ENSCJAG00000042841,
ENSCJAG00000052230,
ENSCJAG00000069843,U4
ENSCJAG00000006906,TPMT
ENSCJAG00000079303,
ENSCJAG00000018426,EQTN
ENSCJAG00000005997,PDLIM3
ENSCJAG00000068904,
ENSCJAG00000038913,C5orf28
ENSCJAG00000067211,ZFAND5
ENSCJAG00000077716,Metazoa_SRP
ENSCJAG00000085372,U6
ENSCJAG00000008473,UBAP1
ENSCJAG00000078957,OR13C3
ENSCJAG00000058639,
ENSCJAG00000018926,NIPAL4
ENSCJAG00000079818,
ENSCJAG00000063350,SNORD116
ENSCJAG00000008633,TRIM13
ENSCJAG00000067969,
ENSCJAG00000065241,
ENSCJAG00000074009,
ENSCJAG00000068045,
ENSCJAG00000076822,CCL28
ENSCJAG00000039154,NHLRC1
ENSCJAG00000020319,PRAME
ENSCJAG00000009326,DNAH5
ENSCJAG00000062148,
ENSCJAG00000035250,U6
ENSCJAG00000077666,
ENSCJAG00000020104,MRRF
ENSCJAG00000076442,FGF5
ENSCJAG00000055104,PF4
ENSCJAG00000087100,
ENSCJAG00000019224,SLC12A2
ENSCJAG00000075170,
ENSCJAG00000023403,
ENSCJAG00000072513,
ENSCJAG00000075456,
ENSCJAG00000052202,
ENSCJAG00000079000,
ENSCJAG00000015420,
ENSCJAG00000077579,Metazoa_SRP
ENSCJAG00000011196,SLC6A19
ENSCJAG00000082571,
ENSCJAG00000000040,WWC1
ENSCJAG00000086075,
ENSCJAG00000086167,
ENSCJAG00000081590,
ENSCJAG00000080403,Y_RNA
ENSCJAG00000080033,
ENSCJAG00000085586,Metazoa_SRP
ENSCJAG00000078564,
ENSCJAG00000021327,AOPEP
ENSCJAG00000083603,Metazoa_SRP
ENSCJAG00000078697,Metazoa_SRP
ENSCJAG00000039623,
ENSCJAG00000077070,
ENSCJAG00000079074,U6
ENSCJAG00000043126,Metazoa_SRP
ENSCJAG00000082737,
ENSCJAG00000011528,ERMP1
ENSCJAG00000010583,CAMSAP1
ENSCJAG00000084118,
ENSCJAG00000014350,
ENSCJAG00000018960,SOX30
ENSCJAG00000042660,C9orf85
ENSCJAG00000067999,
ENSCJAG00000057369,
ENSCJAG00000074499,
ENSCJAG00000040188,
ENSCJAG00000086186,
ENSCJAG00000073055,
ENSCJAG00000085737,Metazoa_SRP
ENSCJAG00000038687,MOB3B
ENSCJAG00000042504,CFAP97D2
ENSCJAG00000076302,
ENSCJAG00000084453,
ENSCJAG00000084684,
ENSCJAG00000015064,PRDM8
ENSCJAG00000014479,ARVCF
ENSCJAG00000017707,RIPK1
ENSCJAG00000081032,U2
ENSCJAG00000076737,
ENSCJAG00000080112,
ENSCJAG00000078187,CXCL1
ENSCJAG00000065189,U6
ENSCJAG00000016659,KCNN2
ENSCJAG00000001448,ABHD17B
ENSCJAG00000003690,OLFM4
ENSCJAG00000084333,
ENSCJAG00000075023,
ENSCJAG00000080414,Metazoa_SRP
ENSCJAG00000085616,
ENSCJAG00000080864,Metazoa_SRP
ENSCJAG00000066900,
ENSCJAG00000072411,
ENSCJAG00000073191,RPL29
ENSCJAG00000080336,Metazoa_SRP
ENSCJAG00000005304,WDR17
ENSCJAG00000018438,
ENSCJAG00000062687,
ENSCJAG00000085142,
ENSCJAG00000062697,
ENSCJAG00000021794,
ENSCJAG00000039559,
ENSCJAG00000063647,
ENSCJAG00000003236,KIF4A
ENSCJAG00000083551,Metazoa_SRP
ENSCJAG00000087188,
ENSCJAG00000063681,
ENSCJAG00000076754,
ENSCJAG00000011596,MLANA
ENSCJAG00000085152,
ENSCJAG00000005979,CCDC110
ENSCJAG00000001303,HMGCS1
ENSCJAG00000073560,SPINK14
ENSCJAG00000018969,C5orf52
ENSCJAG00000083323,Metazoa_SRP
ENSCJAG00000065339,CXCL6
ENSCJAG00000022250,
ENSCJAG00000063923,
ENSCJAG00000008519,KIF24
ENSCJAG00000084897,Metazoa_SRP
ENSCJAG00000071413,
ENSCJAG00000074532,
ENSCJAG00000003322,MAPK12
ENSCJAG00000045851,Metazoa_SRP
ENSCJAG00000007818,SPRYD7
ENSCJAG00000020051,HSCB
ENSCJAG00000018440,C9orf72
ENSCJAG00000040399,
ENSCJAG00000057228,
ENSCJAG00000085532,
ENSCJAG00000070618,
ENSCJAG00000069842,
ENSCJAG00000075566,
ENSCJAG00000070298,
ENSCJAG00000001452,CEMIP2
ENSCJAG00000048610,SPINK6
ENSCJAG00000085101,
ENSCJAG00000079271,
ENSCJAG00000074408,
ENSCJAG00000070781,
ENSCJAG00000070450,CXCL8
ENSCJAG00000038462,
ENSCJAG00000020554,ASS1
ENSCJAG00000047291,Metazoa_SRP
ENSCJAG00000071541,
ENSCJAG00000078634,
ENSCJAG00000020078,PTGS1
ENSCJAG00000018973,THG1L
ENSCJAG00000017157,FAM170A
ENSCJAG00000015391,ZSWIM6
ENSCJAG00000085908,
ENSCJAG00000075063,Y_RNA
ENSCJAG00000045189,KIAA2026
ENSCJAG00000086698,
ENSCJAG00000043278,MARCOL
ENSCJAG00000021795,
ENSCJAG00000076952,
ENSCJAG00000045669,PCDH8
ENSCJAG00000001951,DDX4
ENSCJAG00000076681,
ENSCJAG00000005969,C4orf47
ENSCJAG00000077622,Metazoa_SRP
ENSCJAG00000070107,U6
ENSCJAG00000075819,
ENSCJAG00000074573,
ENSCJAG00000003176,PDE5A
ENSCJAG00000074984,
ENSCJAG00000071410,
ENSCJAG00000018985,LSM11
ENSCJAG00000083240,Metazoa_SRP
ENSCJAG00000044653,IGLV3-1
ENSCJAG00000074836,
ENSCJAG00000003362,DZIP1
ENSCJAG00000015024,ANTXR2
ENSCJAG00000075972,U6
ENSCJAG00000070055,
ENSCJAG00000077459,
ENSCJAG00000073742,Y_RNA
ENSCJAG00000030392,cja-mir-759
ENSCJAG00000086763,
ENSCJAG00000020088,CCDC117
ENSCJAG00000076372,
ENSCJAG00000044787,KPNA3
ENSCJAG00000047862,Metazoa_SRP
ENSCJAG00000030231,MIR23B
ENSCJAG00000075646,Metazoa_SRP
ENSCJAG00000087259,Metazoa_SRP
ENSCJAG00000046200,NUDT2
ENSCJAG00000081215,
ENSCJAG00000044950,SPINK13
ENSCJAG00000072892,U4
ENSCJAG00000001300,NIM1K
ENSCJAG00000070082,
ENSCJAG00000048208,UBAC1
ENSCJAG00000017717,NQO2
ENSCJAG00000086563,Metazoa_SRP
ENSCJAG00000022711,LINGO2
ENSCJAG00000069681,U1
ENSCJAG00000026944,cja-mir-27b
ENSCJAG00000019985,IQGAP2
ENSCJAG00000019010,CDC16
ENSCJAG00000007577,OSMR
ENSCJAG00000075732,
ENSCJAG00000016598,YTHDC2
ENSCJAG00000085061,5S_rRNA
ENSCJAG00000010829,TANGO2
ENSCJAG00000044405,U2
ENSCJAG00000048296,cja-mir-876
ENSCJAG00000078438,Y_RNA
ENSCJAG00000016653,ABCA1
ENSCJAG00000082309,
ENSCJAG00000003648,CNMD
ENSCJAG00000080985,
ENSCJAG00000046310,Metazoa_SRP
ENSCJAG00000054826,
ENSCJAG00000037936,cja-mir-3074-1
ENSCJAG00000083712,KIAA1161
ENSCJAG00000021238,SPINK7
ENSCJAG00000029386,MIR873
ENSCJAG00000036803,Metazoa_SRP
ENSCJAG00000083290,Metazoa_SRP
ENSCJAG00000005943,UFSP2
ENSCJAG00000080525,
ENSCJAG00000003244,PCDH10
ENSCJAG00000071150,
ENSCJAG00000056140,U6
ENSCJAG00000077601,SLC12A7
ENSCJAG00000086137,
ENSCJAG00000083696,
ENSCJAG00000010665,NACC2
ENSCJAG00000076342,
ENSCJAG00000074874,
ENSCJAG00000078031,
ENSCJAG00000020084,XBP1
ENSCJAG00000080787,OR1J2
ENSCJAG00000069744,
ENSCJAG00000070742,
ENSCJAG00000013949,RASSF6
ENSCJAG00000021232,SPINK9
ENSCJAG00000018990,CLINT1
ENSCJAG00000029529,U1
ENSCJAG00000029141,Y_RNA
ENSCJAG00000008764,EBPL
ENSCJAG00000071272,
ENSCJAG00000024547,SNORA75
ENSCJAG00000077665,
ENSCJAG00000015491,RARS1
ENSCJAG00000075711,OR1J4
ENSCJAG00000077625,
ENSCJAG00000008549,C9orf24
ENSCJAG00000020542,FUBP3
ENSCJAG00000083490,U1
ENSCJAG00000069739,Metazoa_SRP
ENSCJAG00000081799,
ENSCJAG00000074642,
ENSCJAG00000063452,
ENSCJAG00000084734,
ENSCJAG00000041863,C9orf69
ENSCJAG00000001280,ZNF131
ENSCJAG00000003604,SUGT1
ENSCJAG00000021773,OR1N1
ENSCJAG00000080493,
ENSCJAG00000023111,GK2
ENSCJAG00000072743,
ENSCJAG00000021324,FANCC
ENSCJAG00000015387,SMIM15
ENSCJAG00000009770,RSPH14
ENSCJAG00000033344,Y_RNA
ENSCJAG00000074371,
ENSCJAG00000080282,
ENSCJAG00000027530,MIR185
ENSCJAG00000071924,
ENSCJAG00000086642,
ENSCJAG00000066368,
ENSCJAG00000036918,MIR3618
ENSCJAG00000005934,ANKRD37
ENSCJAG00000041580,
ENSCJAG00000070396,
ENSCJAG00000058643,
ENSCJAG00000070501,Metazoa_SRP
ENSCJAG00000071115,NDUFAF2
ENSCJAG00000011610,IL33
ENSCJAG00000073555,
ENSCJAG00000020076,OR1N2
ENSCJAG00000075621,
ENSCJAG00000004019,
ENSCJAG00000022614,ARL11
ENSCJAG00000069831,
ENSCJAG00000083540,
ENSCJAG00000052327,Metazoa_SRP
ENSCJAG00000075082,Metazoa_SRP
ENSCJAG00000081665,PRDM12
ENSCJAG00000085699,
ENSCJAG00000078983,
ENSCJAG00000085216,OR1L8
ENSCJAG00000023110,NAA11
ENSCJAG00000071653,
ENSCJAG00000010345,MCTP1
ENSCJAG00000084398,
ENSCJAG00000073544,U6
ENSCJAG00000074216,Y_RNA
ENSCJAG00000071814,
ENSCJAG00000086134,
ENSCJAG00000086758,
ENSCJAG00000005918,LRP2BP
ENSCJAG00000087302,
ENSCJAG00000008772,RCBTB1
ENSCJAG00000037548,Metazoa_SRP
ENSCJAG00000052596,
ENSCJAG00000081353,
ENSCJAG00000068785,
ENSCJAG00000074673,
ENSCJAG00000080206,
ENSCJAG00000084214,
ENSCJAG00000010692,LHX3
ENSCJAG00000083317,
ENSCJAG00000072890,
ENSCJAG00000013963,AFM
ENSCJAG00000084242,
ENSCJAG00000010780,DGCR8
ENSCJAG00000082829,GNAZ
ENSCJAG00000070216,
ENSCJAG00000071808,Metazoa_SRP
ENSCJAG00000040277,Y_RNA
ENSCJAG00000087016,
ENSCJAG00000079060,Metazoa_SRP
ENSCJAG00000035650,Metazoa_SRP
ENSCJAG00000045083,ZNRF3
ENSCJAG00000040823,OR1Q1
ENSCJAG00000076920,Metazoa_SRP
ENSCJAG00000084395,
ENSCJAG00000078559,MAPK11
ENSCJAG00000040592,
ENSCJAG00000072560,
ENSCJAG00000075576,Metazoa_SRP
ENSCJAG00000052631,
ENSCJAG00000045904,Metazoa_SRP
ENSCJAG00000009265,GIN1
ENSCJAG00000077603,U6
ENSCJAG00000041208,
ENSCJAG00000021201,FBXO38
ENSCJAG00000064684,cja-mir-9930
ENSCJAG00000086370,Y_RNA
ENSCJAG00000084409,
ENSCJAG00000073331,
ENSCJAG00000087233,
ENSCJAG00000083629,Metazoa_SRP
ENSCJAG00000081107,Metazoa_SRP
ENSCJAG00000008563,FAM219A
ENSCJAG00000051737,U7
ENSCJAG00000080437,
ENSCJAG00000020537,EXOSC2
ENSCJAG00000010708,QSOX2
ENSCJAG00000015351,ERCC8
ENSCJAG00000070954,
ENSCJAG00000069339,
ENSCJAG00000020058,C22orf31
ENSCJAG00000018954,CDH6
ENSCJAG00000082468,
ENSCJAG00000085744,
ENSCJAG00000067865,
ENSCJAG00000015548,FBLL1
ENSCJAG00000029741,MIR1306
ENSCJAG00000020065,OR1L3
ENSCJAG00000083123,
ENSCJAG00000070767,U2
ENSCJAG00000019102,UPF3A
ENSCJAG00000086644,
ENSCJAG00000085308,5S_rRNA
ENSCJAG00000073746,
ENSCJAG00000079179,
ENSCJAG00000023404,TRMT5
ENSCJAG00000011619,UHRF2
ENSCJAG00000078403,
ENSCJAG00000013971,AFP
ENSCJAG00000010758,TRMT2A
ENSCJAG00000061246,
ENSCJAG00000086630,
ENSCJAG00000071547,U6
ENSCJAG00000046327,PAQR3
ENSCJAG00000080232,
ENSCJAG00000087080,
ENSCJAG00000064881,cja-mir-9967
ENSCJAG00000020057,KREMEN1
ENSCJAG00000086095,
ENSCJAG00000009762,RAB36
ENSCJAG00000015550,PANK3
ENSCJAG00000025090,U5
ENSCJAG00000076584,
ENSCJAG00000070735,
ENSCJAG00000078468,
ENSCJAG00000060712,
ENSCJAG00000086690,Metazoa_SRP
ENSCJAG00000071974,
ENSCJAG00000087208,U6
ENSCJAG00000024070,
ENSCJAG00000007608,LIFR
ENSCJAG00000043867,Metazoa_SRP
ENSCJAG00000075849,
ENSCJAG00000085270,
ENSCJAG00000074262,
ENSCJAG00000085632,
ENSCJAG00000076516,
ENSCJAG00000086827,SAYSD1
ENSCJAG00000059686,U6
ENSCJAG00000078271,U6
ENSCJAG00000081393,
ENSCJAG00000019117,CHAMP1
ENSCJAG00000010719,CCDC187
ENSCJAG00000047301,
ENSCJAG00000032427,
ENSCJAG00000048534,CTXN3
ENSCJAG00000078672,
ENSCJAG00000021849,
ENSCJAG00000046427,cja-mir-103b-1
ENSCJAG00000082503,
ENSCJAG00000010749,RANBP1
ENSCJAG00000026980,U6
ENSCJAG00000022331,OR5C1
ENSCJAG00000082281,
ENSCJAG00000068536,
ENSCJAG00000073772,
ENSCJAG00000076592,
ENSCJAG00000072006,
ENSCJAG00000003197,PLXNB2
ENSCJAG00000015335,ELOVL7
ENSCJAG00000043259,NKD2
ENSCJAG00000085032,U6
ENSCJAG00000081230,
ENSCJAG00000003433,UGGT2
ENSCJAG00000071385,
ENSCJAG00000013986,ALB
ENSCJAG00000076517,SELENOP
ENSCJAG00000060220,
ENSCJAG00000079453,
ENSCJAG00000021725,SLITRK1
ENSCJAG00000020525,ABL1
ENSCJAG00000070019,
ENSCJAG00000075579,
ENSCJAG00000072615,
ENSCJAG00000087386,PDCL
ENSCJAG00000057686,
ENSCJAG00000023898,
ENSCJAG00000074842,
ENSCJAG00000086916,U1
ENSCJAG00000081063,
ENSCJAG00000028848,
ENSCJAG00000074019,5S_rRNA
ENSCJAG00000052093,
ENSCJAG00000086901,
ENSCJAG00000076928,
ENSCJAG00000076687,
ENSCJAG00000008574,DNAI1
ENSCJAG00000072602,
ENSCJAG00000008864,SETDB2
ENSCJAG00000014993,BMP2K
ENSCJAG00000084578,
ENSCJAG00000017062,HSD17B4
ENSCJAG00000085068,Metazoa_SRP
ENSCJAG00000081489,
ENSCJAG00000077882,U6
ENSCJAG00000005873,SNX25
ENSCJAG00000020041,EMID1
ENSCJAG00000009287,PAM
ENSCJAG00000071031,Metazoa_SRP
ENSCJAG00000015563,SLIT3
ENSCJAG00000029112,
ENSCJAG00000001260,CCDC152
ENSCJAG00000007687,ACO1
ENSCJAG00000069399,
ENSCJAG00000085203,
ENSCJAG00000011661,GLDC
ENSCJAG00000082642,U6
ENSCJAG00000031679,
ENSCJAG00000028712,U6
ENSCJAG00000085654,
ENSCJAG00000010741,GPSM1
ENSCJAG00000079729,
ENSCJAG00000073411,NEK3
ENSCJAG00000083705,Metazoa_SRP
ENSCJAG00000071711,
ENSCJAG00000019201,PRRC1
ENSCJAG00000078115,
ENSCJAG00000023270,QRFP
ENSCJAG00000020050,RC3H2
ENSCJAG00000081825,
ENSCJAG00000010730,ZDHHC8
ENSCJAG00000003849,TRIP13
ENSCJAG00000074246,
ENSCJAG00000073482,ENHO
ENSCJAG00000019016,EBF1
ENSCJAG00000038181,Metazoa_SRP
ENSCJAG00000028961,
ENSCJAG00000069062,
ENSCJAG00000001907,SLC38A9
ENSCJAG00000077760,
ENSCJAG00000015283,DEPDC1B
ENSCJAG00000082082,
ENSCJAG00000005275,GPM6A
ENSCJAG00000086684,Metazoa_SRP
ENSCJAG00000001494,TRPM3
ENSCJAG00000070440,FIBCD1
ENSCJAG00000007662,CDH9
ENSCJAG00000083463,
ENSCJAG00000016557,MCC
ENSCJAG00000061222,cja-mir-9935
ENSCJAG00000009238,CTNND2
ENSCJAG00000052348,
ENSCJAG00000077829,
ENSCJAG00000074100,
ENSCJAG00000072732,
ENSCJAG00000022533,
ENSCJAG00000084755,
ENSCJAG00000071211,
ENSCJAG00000009728,BCR
ENSCJAG00000073441,U1
ENSCJAG00000075821,
ENSCJAG00000010789,DNLZ
ENSCJAG00000083304,
ENSCJAG00000008660,CNTFR
ENSCJAG00000063359,
ENSCJAG00000072976,
ENSCJAG00000055329,
ENSCJAG00000077008,DENND6B
ENSCJAG00000074148,
ENSCJAG00000016628,NIPSNAP3A
ENSCJAG00000016065,MYL10
ENSCJAG00000033357,CCDC188
ENSCJAG00000003228,FABP2
ENSCJAG00000070109,
ENSCJAG00000083019,
ENSCJAG00000008567,LAMC3
ENSCJAG00000021318,PTCH1
ENSCJAG00000086652,
ENSCJAG00000075665,
ENSCJAG00000080058,
ENSCJAG00000076609,
ENSCJAG00000083112,
ENSCJAG00000079534,5S_rRNA
ENSCJAG00000064518,NIPSNAP3B
ENSCJAG00000070049,
ENSCJAG00000019171,MEGF10
ENSCJAG00000078533,
ENSCJAG00000077727,U6
ENSCJAG00000064283,
ENSCJAG00000079130,
ENSCJAG00000073093,
ENSCJAG00000028933,U6
ENSCJAG00000045160,C3H4orf3
ENSCJAG00000047001,RTN4R
ENSCJAG00000070415,
ENSCJAG00000083154,
ENSCJAG00000079120,
ENSCJAG00000078392,Metazoa_SRP
ENSCJAG00000039598,
ENSCJAG00000030200,U4
ENSCJAG00000039943,Metazoa_SRP
ENSCJAG00000010809,CARD9
ENSCJAG00000081303,
ENSCJAG00000024149,SNORD90
ENSCJAG00000075044,
ENSCJAG00000081462,
ENSCJAG00000021192,HTR4
ENSCJAG00000007741,RIGI
ENSCJAG00000073773,Metazoa_SRP
ENSCJAG00000076199,Metazoa_SRP
ENSCJAG00000008716,RPP25L
ENSCJAG00000051914,
ENSCJAG00000025401,U6
ENSCJAG00000078905,
ENSCJAG00000080984,U6
ENSCJAG00000083002,
ENSCJAG00000052214,HS6ST3
ENSCJAG00000082553,AIF1L
ENSCJAG00000080073,Metazoa_SRP
ENSCJAG00000003234,USP53
ENSCJAG00000083576,
ENSCJAG00000086536,
ENSCJAG00000084022,
ENSCJAG00000068844,C4orf33
ENSCJAG00000071170,
ENSCJAG00000073109,
ENSCJAG00000077280,
ENSCJAG00000020049,ZBTB6
ENSCJAG00000085528,
ENSCJAG00000007668,EGFLAM
ENSCJAG00000071481,
ENSCJAG00000067250,
ENSCJAG00000082108,U4
ENSCJAG00000019025,RNF145
ENSCJAG00000075807,
ENSCJAG00000072470,
ENSCJAG00000082866,
ENSCJAG00000079970,
ENSCJAG00000010707,PRODH
ENSCJAG00000021770,ZBTB26
ENSCJAG00000036951,ALG11
ENSCJAG00000042893,cja-mir-548x
ENSCJAG00000065958,
ENSCJAG00000020040,RHBDD3
ENSCJAG00000080707,
ENSCJAG00000009478,SLCO6A1
ENSCJAG00000064308,
ENSCJAG00000043695,OXGR1
ENSCJAG00000007840,TOPORS
ENSCJAG00000081940,
ENSCJAG00000016061,COL26A1
ENSCJAG00000019031,PPP6R2
ENSCJAG00000080953,
ENSCJAG00000038769,GHR
ENSCJAG00000077114,
ENSCJAG00000074050,
ENSCJAG00000085536,
ENSCJAG00000010725,SNAPC4
ENSCJAG00000066289,
ENSCJAG00000031671,U6
ENSCJAG00000083745,
ENSCJAG00000042742,Metazoa_SRP
ENSCJAG00000075280,
ENSCJAG00000005867,CFAP97
ENSCJAG00000020027,RABGAP1
ENSCJAG00000085283,5S_rRNA
ENSCJAG00000073262,SMIM27
ENSCJAG00000065481,
ENSCJAG00000077350,U6
ENSCJAG00000073137,Y_RNA
ENSCJAG00000075021,
ENSCJAG00000078188,
ENSCJAG00000080207,
ENSCJAG00000008414,
ENSCJAG00000073484,
ENSCJAG00000048574,MYOZ2
ENSCJAG00000028271,
ENSCJAG00000078441,
ENSCJAG00000008717,DCTN3
ENSCJAG00000084504,Metazoa_SRP
ENSCJAG00000062408,
ENSCJAG00000082183,
ENSCJAG00000047061,CAB39L
ENSCJAG00000074693,
ENSCJAG00000079041,Metazoa_SRP
ENSCJAG00000083886,
ENSCJAG00000078098,Metazoa_SRP
ENSCJAG00000072237,
ENSCJAG00000086485,
ENSCJAG00000082543,Metazoa_SRP
ENSCJAG00000084803,Metazoa_SRP
ENSCJAG00000009487,SLCO4C1
ENSCJAG00000078806,
ENSCJAG00000073511,DGCR6
ENSCJAG00000076040,SLC25A4
ENSCJAG00000007852,NDUFB6
ENSCJAG00000079007,U4
ENSCJAG00000073758,
ENSCJAG00000083083,
ENSCJAG00000001879,PLPP1
ENSCJAG00000080664,
ENSCJAG00000074669,
ENSCJAG00000080418,
ENSCJAG00000073417,U6
ENSCJAG00000014968,ANXA3
ENSCJAG00000039399,Y_RNA
ENSCJAG00000010838,ENTR1
ENSCJAG00000022514,SPRY2
ENSCJAG00000065191,C2H5orf63
ENSCJAG00000077282,
ENSCJAG00000072722,Metazoa_SRP
ENSCJAG00000085857,
ENSCJAG00000008925,CDADC1
ENSCJAG00000086710,
ENSCJAG00000032252,
ENSCJAG00000073942,
ENSCJAG00000081872,Y_RNA
ENSCJAG00000087116,U4
ENSCJAG00000062431,
ENSCJAG00000019057,UBLCP1
ENSCJAG00000061714,
ENSCJAG00000069661,Metazoa_SRP
ENSCJAG00000085522,U6
ENSCJAG00000040677,Metazoa_SRP
ENSCJAG00000072540,Metazoa_SRP
ENSCJAG00000003271,SYNPO2
ENSCJAG00000086461,
ENSCJAG00000038596,
ENSCJAG00000011702,CDH10
ENSCJAG00000005263,ADAM29
ENSCJAG00000029358,Y_RNA
ENSCJAG00000072161,
ENSCJAG00000008754,ARID3C
ENSCJAG00000041764,TMEM215
ENSCJAG00000071397,MLNR
ENSCJAG00000077947,
ENSCJAG00000054603,
ENSCJAG00000086289,NDUFA4
ENSCJAG00000081654,
ENSCJAG00000047492,IFT22
ENSCJAG00000084020,Y_RNA
ENSCJAG00000078197,Y_RNA
ENSCJAG00000073337,
ENSCJAG00000019167,MARCHF3
ENSCJAG00000019062,IL12B
ENSCJAG00000078474,Metazoa_SRP
ENSCJAG00000004745,SPDL1
ENSCJAG00000015215,PDE4D
ENSCJAG00000019997,STRBP
ENSCJAG00000075117,
ENSCJAG00000003867,BRD9
ENSCJAG00000059425,
ENSCJAG00000011746,KDM4C
ENSCJAG00000005863,HELT
ENSCJAG00000016784,SLC44A1
ENSCJAG00000074016,
ENSCJAG00000055117,
ENSCJAG00000081569,
ENSCJAG00000057222,
ENSCJAG00000006350,IL17RA
ENSCJAG00000085233,
ENSCJAG00000081189,
ENSCJAG00000080351,
ENSCJAG00000062358,
ENSCJAG00000070876,
ENSCJAG00000084111,Metazoa_SRP
ENSCJAG00000081044,
ENSCJAG00000071482,
ENSCJAG00000084063,
ENSCJAG00000010849,PMPCA
ENSCJAG00000019987,EWSR1
ENSCJAG00000038957,Metazoa_SRP
ENSCJAG00000069639,
ENSCJAG00000019081,ADRA1B
ENSCJAG00000037067,
ENSCJAG00000060932,
ENSCJAG00000082084,
ENSCJAG00000008767,SIGMAR1
ENSCJAG00000071488,Metazoa_SRP
ENSCJAG00000073123,
ENSCJAG00000085533,Metazoa_SRP
ENSCJAG00000081365,
ENSCJAG00000078274,
ENSCJAG00000086227,Metazoa_SRP
ENSCJAG00000014882,FRAS1
ENSCJAG00000083585,
ENSCJAG00000008476,NUP214
ENSCJAG00000003278,SCLT1
ENSCJAG00000004294,MBNL2
ENSCJAG00000086648,
ENSCJAG00000086847,
ENSCJAG00000087312,
ENSCJAG00000019144,LMNB1
ENSCJAG00000077948,
ENSCJAG00000072532,
ENSCJAG00000004765,CDKL3
ENSCJAG00000050066,
ENSCJAG00000060740,
ENSCJAG00000007761,GDNF
ENSCJAG00000047740,TMEM121B
ENSCJAG00000079264,
ENSCJAG00000084059,
ENSCJAG00000005246,GLRA3
ENSCJAG00000078910,Metazoa_SRP
ENSCJAG00000078002,
ENSCJAG00000001773,MTREX
ENSCJAG00000070780,
ENSCJAG00000043055,SNRPC
ENSCJAG00000056701,
ENSCJAG00000080899,Metazoa_SRP
ENSCJAG00000019051,SBF1
ENSCJAG00000072981,
ENSCJAG00000010776,INPP5E
ENSCJAG00000016053,FIS1
ENSCJAG00000007940,APTX
ENSCJAG00000069965,
ENSCJAG00000084180,
ENSCJAG00000019106,PWWP2A
ENSCJAG00000082590,UBE2B
ENSCJAG00000006432,CRB2
ENSCJAG00000003283,SEC24D
ENSCJAG00000014029,ANKRD17
ENSCJAG00000009539,ST8SIA4
ENSCJAG00000075929,
ENSCJAG00000008978,FNDC3A
ENSCJAG00000084161,
ENSCJAG00000078304,
ENSCJAG00000008848,GALT
ENSCJAG00000016536,DCP2
ENSCJAG00000084542,
ENSCJAG00000042545,U6
ENSCJAG00000072270,
ENSCJAG00000074903,Y_RNA
ENSCJAG00000070553,
ENSCJAG00000077546,
ENSCJAG00000070179,
ENSCJAG00000017229,HDHD5
ENSCJAG00000009691,SPECC1L
ENSCJAG00000053620,NDFIP2
ENSCJAG00000077964,U4
ENSCJAG00000086083,
ENSCJAG00000079307,C9orf123
ENSCJAG00000085687,
ENSCJAG00000024032,MIR204
ENSCJAG00000085444,
ENSCJAG00000080846,Y_RNA
ENSCJAG00000047043,MRPL1
ENSCJAG00000010562,
ENSCJAG00000004787,CDKN2AIPNL
ENSCJAG00000086281,
ENSCJAG00000074800,Y_RNA
ENSCJAG00000039170,Metazoa_SRP
ENSCJAG00000018670,
ENSCJAG00000011071,SPMIP10
ENSCJAG00000071742,
ENSCJAG00000006752,KIF13A
ENSCJAG00000081418,
ENSCJAG00000082257,U4
ENSCJAG00000069590,
ENSCJAG00000019084,TTC1
ENSCJAG00000058504,FAM174A
ENSCJAG00000076150,
ENSCJAG00000016040,CLDN15
ENSCJAG00000086071,U6
ENSCJAG00000082481,
ENSCJAG00000010865,SEC16A
ENSCJAG00000086499,
ENSCJAG00000071398,
ENSCJAG00000072215,
ENSCJAG00000082285,
ENSCJAG00000078079,RAP2A
ENSCJAG00000011760,CDH12
ENSCJAG00000039341,Metazoa_SRP
ENSCJAG00000077538,
ENSCJAG00000081211,
ENSCJAG00000056324,Metazoa_SRP
ENSCJAG00000079991,
ENSCJAG00000079218,Metazoa_SRP
ENSCJAG00000076071,
ENSCJAG00000083907,
ENSCJAG00000079054,Metazoa_SRP
ENSCJAG00000052623,
ENSCJAG00000085049,Y_RNA
ENSCJAG00000055757,PHAX
ENSCJAG00000086026,
ENSCJAG00000073182,
ENSCJAG00000016034,ZNHIT1
ENSCJAG00000079558,
ENSCJAG00000070839,
ENSCJAG00000053786,cja-mir-9944
ENSCJAG00000019981,GAS2L1
ENSCJAG00000084361,
ENSCJAG00000071850,Metazoa_SRP
ENSCJAG00000046663,ADRB2
ENSCJAG00000081432,TPPP
ENSCJAG00000001692,DHX29
ENSCJAG00000086059,
ENSCJAG00000017242,ADA2
ENSCJAG00000086654,KLF9
ENSCJAG00000007784,WDR70
ENSCJAG00000075172,
ENSCJAG00000044075,U1
ENSCJAG00000039197,Metazoa_SRP
ENSCJAG00000029468,U6
ENSCJAG00000073477,U6
ENSCJAG00000008022,DNAJA1
ENSCJAG00000078646,
ENSCJAG00000081995,
ENSCJAG00000006461,DENND1A
ENSCJAG00000026523,Y_RNA
ENSCJAG00000074771,Metazoa_SRP
ENSCJAG00000019974,RASL10A
ENSCJAG00000071695,
ENSCJAG00000079885,U6
ENSCJAG00000016006,PLOD3
ENSCJAG00000072646,
ENSCJAG00000085149,
ENSCJAG00000046015,IL11RA
ENSCJAG00000059463,
ENSCJAG00000084724,
ENSCJAG00000084597,
ENSCJAG00000005780,ACSL1
ENSCJAG00000084003,5S_rRNA
ENSCJAG00000054162,
ENSCJAG00000004813,JADE2
ENSCJAG00000032102,U6
ENSCJAG00000007863,SMU1
ENSCJAG00000069629,Metazoa_SRP
ENSCJAG00000028128,U1
ENSCJAG00000021183,SH3TC2
ENSCJAG00000086318,Y_RNA
ENSCJAG00000026192,cja-mir-582
ENSCJAG00000073433,
ENSCJAG00000086084,Metazoa_SRP
ENSCJAG00000016517,REEP5
ENSCJAG00000085628,
ENSCJAG00000086883,Metazoa_SRP
ENSCJAG00000015720,CEP72
ENSCJAG00000081636,
ENSCJAG00000083660,
ENSCJAG00000084274,
ENSCJAG00000019114,
ENSCJAG00000075766,
ENSCJAG00000003361,METTL14
ENSCJAG00000046611,DAP
ENSCJAG00000014846,CNOT6L
ENSCJAG00000060419,Metazoa_SRP
ENSCJAG00000015280,
ENSCJAG00000086091,
ENSCJAG00000079333,
ENSCJAG00000021261,RBM26
ENSCJAG00000072891,Y_RNA
ENSCJAG00000015984,MOGAT3
ENSCJAG00000047554,
ENSCJAG00000077412,5S_rRNA
ENSCJAG00000076080,
ENSCJAG00000005216,HPGD
ENSCJAG00000041955,B4GALT1
ENSCJAG00000086187,Metazoa_SRP
ENSCJAG00000080494,U6
ENSCJAG00000081376,
ENSCJAG00000083214,
ENSCJAG00000080216,Metazoa_SRP
ENSCJAG00000017059,TNFAIP8
ENSCJAG00000072483,
ENSCJAG00000078385,Metazoa_SRP
ENSCJAG00000078665,U6
ENSCJAG00000074331,U6
ENSCJAG00000073280,Metazoa_SRP
ENSCJAG00000019119,CCNJL
ENSCJAG00000027195,Y_RNA
ENSCJAG00000079720,Metazoa_SRP
ENSCJAG00000073401,Metazoa_SRP
ENSCJAG00000087070,Metazoa_SRP
ENSCJAG00000040593,cja-mir-584
ENSCJAG00000079592,U6
ENSCJAG00000081129,
ENSCJAG00000076968,
ENSCJAG00000084490,
ENSCJAG00000003386,PRSS12
ENSCJAG00000041530,ADM2
ENSCJAG00000083148,Y_RNA
ENSCJAG00000081694,
ENSCJAG00000076890,Metazoa_SRP
ENSCJAG00000086844,Y_RNA
ENSCJAG00000075592,
ENSCJAG00000008067,SPINK4
ENSCJAG00000004323,IPO5
ENSCJAG00000034806,U6
ENSCJAG00000009224,ANKRD33B
ENSCJAG00000082927,
ENSCJAG00000075880,Metazoa_SRP
ENSCJAG00000066432,U7
ENSCJAG00000059197,
ENSCJAG00000016800,FSD1L
ENSCJAG00000001577,SMC5
ENSCJAG00000071667,
ENSCJAG00000001220,FBXO4
ENSCJAG00000057296,U8
ENSCJAG00000085719,
ENSCJAG00000053525,U3
ENSCJAG00000001680,CCNO
ENSCJAG00000076231,
ENSCJAG00000070336,
ENSCJAG00000077769,U6
ENSCJAG00000073987,U1
ENSCJAG00000015195,RAB3C
ENSCJAG00000060761,
ENSCJAG00000038676,SRP19
ENSCJAG00000061839,
ENSCJAG00000075774,
ENSCJAG00000056875,FAM78A
ENSCJAG00000081939,Y_RNA
ENSCJAG00000004819,SAR1B
ENSCJAG00000072651,SNORA24
ENSCJAG00000075551,CYSLTR2
ENSCJAG00000069773,
ENSCJAG00000079508,
ENSCJAG00000015983,NAT16
ENSCJAG00000006496,LHX2
ENSCJAG00000081840,Metazoa_SRP
ENSCJAG00000042376,SERPINB9
ENSCJAG00000085229,Metazoa_SRP
ENSCJAG00000001678,MCIDAS
ENSCJAG00000019118,MIOX
ENSCJAG00000081783,ADORA2A
ENSCJAG00000019125,C1QTNF2
ENSCJAG00000073437,U6
ENSCJAG00000008460,PPAPDC3
ENSCJAG00000082504,
ENSCJAG00000083278,
ENSCJAG00000017253,CECR2
ENSCJAG00000079511,Metazoa_SRP
ENSCJAG00000080182,
ENSCJAG00000085959,Metazoa_SRP
ENSCJAG00000011102,
ENSCJAG00000008928,CCL27
ENSCJAG00000062705,cja-mir-9955
ENSCJAG00000078121,
ENSCJAG00000074993,VGF
ENSCJAG00000075695,
ENSCJAG00000082354,
ENSCJAG00000078699,Metazoa_SRP
ENSCJAG00000085167,
ENSCJAG00000016870,DMXL1
ENSCJAG00000086360,Metazoa_SRP
ENSCJAG00000010922,NOTCH1
ENSCJAG00000080650,
ENSCJAG00000056589,C5orf51
ENSCJAG00000074274,U6
ENSCJAG00000021152,ABLIM3
ENSCJAG00000077918,
ENSCJAG00000022257,FAM200C
ENSCJAG00000076421,
ENSCJAG00000061694,
ENSCJAG00000024506,U6
ENSCJAG00000041877,SERPINB1
ENSCJAG00000042269,UPB1
ENSCJAG00000077147,
ENSCJAG00000056177,CXCL13
ENSCJAG00000043554,ERCC6L2
ENSCJAG00000015968,AP1S1
ENSCJAG00000047410,GAPT
ENSCJAG00000070684,
ENSCJAG00000070750,
ENSCJAG00000020029,F2RL2
ENSCJAG00000008935,CCL19
ENSCJAG00000085625,
ENSCJAG00000086228,
ENSCJAG00000019135,LMF2
ENSCJAG00000079318,
ENSCJAG00000008416,PRRC2B
ENSCJAG00000083268,
ENSCJAG00000084307,Y_RNA
ENSCJAG00000082497,Metazoa_SRP
ENSCJAG00000019132,SLU7
ENSCJAG00000003390,NDST3
ENSCJAG00000069995,
ENSCJAG00000074768,Metazoa_SRP
ENSCJAG00000080706,Metazoa_SRP
ENSCJAG00000043973,
ENSCJAG00000008940,CCL21
ENSCJAG00000006507,NEK6
ENSCJAG00000015954,SERPINE1
ENSCJAG00000011808,CDH18
ENSCJAG00000015153,PLK2
ENSCJAG00000017670,SLC9A3
ENSCJAG00000001654,CDC20B
ENSCJAG00000016440,APC
ENSCJAG00000051608,
ENSCJAG00000061022,
ENSCJAG00000010388,SLF1
ENSCJAG00000071847,Metazoa_SRP
ENSCJAG00000075422,U7
ENSCJAG00000019628,WRNIP1
ENSCJAG00000081712,
ENSCJAG00000075300,U6
ENSCJAG00000074425,
ENSCJAG00000048097,Metazoa_SRP
ENSCJAG00000048502,SNORD62
ENSCJAG00000084920,U4
ENSCJAG00000058812,
ENSCJAG00000078154,U6
ENSCJAG00000060485,SNORD24
ENSCJAG00000020031,SV2C
ENSCJAG00000005195,CEP44
ENSCJAG00000085770,U6
ENSCJAG00000082753,Metazoa_SRP
ENSCJAG00000015951,TRIM56
ENSCJAG00000054724,
ENSCJAG00000029503,SNORD62
ENSCJAG00000019165,PTTG1
ENSCJAG00000080551,
ENSCJAG00000075588,
ENSCJAG00000062255,SNORD36
ENSCJAG00000051623,
ENSCJAG00000005648,SEC24A
ENSCJAG00000071920,SNORD36
ENSCJAG00000085485,
ENSCJAG00000084667,U6
ENSCJAG00000081837,
ENSCJAG00000017263,SLC25A18
ENSCJAG00000008387,POMT1
ENSCJAG00000022314,
ENSCJAG00000075793,
ENSCJAG00000017976,NUP155
ENSCJAG00000065028,U2
ENSCJAG00000028253,cja-mir-146a
ENSCJAG00000007199,OXCT1
ENSCJAG00000072968,
ENSCJAG00000086594,Metazoa_SRP
ENSCJAG00000014789,CCNG2
ENSCJAG00000076220,
ENSCJAG00000044079,
ENSCJAG00000074643,
ENSCJAG00000009635,GUCD1
ENSCJAG00000009006,RCBTB2
ENSCJAG00000081101,
ENSCJAG00000044593,CENPU
ENSCJAG00000046259,Metazoa_SRP
ENSCJAG00000019957,AP1B1
ENSCJAG00000019155,NCAPH2
ENSCJAG00000016840,FKTN
ENSCJAG00000009091,MARCHF6
ENSCJAG00000001644,MAMDC2
ENSCJAG00000004456,FARP1
ENSCJAG00000061059,OBI1
ENSCJAG00000080894,Metazoa_SRP
ENSCJAG00000074908,
ENSCJAG00000038074,Metazoa_SRP
ENSCJAG00000006541,PSMB7
ENSCJAG00000084456,
ENSCJAG00000008370,UCK1
ENSCJAG00000053881,SNORD36
ENSCJAG00000085282,
ENSCJAG00000081050,U6
ENSCJAG00000028474,U6
ENSCJAG00000085401,
ENSCJAG00000017277,ATP6V1E1
ENSCJAG00000040854,POU4F1
ENSCJAG00000083444,Y_RNA
ENSCJAG00000072030,
ENSCJAG00000057416,
ENSCJAG00000041866,DTWD2
ENSCJAG00000027193,U2
ENSCJAG00000023896,U1
ENSCJAG00000085546,
ENSCJAG00000072539,
ENSCJAG00000047761,PHF24
ENSCJAG00000078800,
ENSCJAG00000072376,U6
ENSCJAG00000070949,
ENSCJAG00000051207,U7
ENSCJAG00000053462,
ENSCJAG00000081243,U6
ENSCJAG00000040439,ADGRD2
ENSCJAG00000005747,PRIMPOL
ENSCJAG00000057326,Metazoa_SRP
ENSCJAG00000039297,Y_RNA
ENSCJAG00000021140,AFAP1L1
ENSCJAG00000078185,
ENSCJAG00000072823,U6
ENSCJAG00000014768,CCNI
ENSCJAG00000086719,
ENSCJAG00000045228,FBXO8
ENSCJAG00000035439,cja-mir-449c
ENSCJAG00000042543,PRRT1B
ENSCJAG00000059261,
ENSCJAG00000068756,
ENSCJAG00000032058,MYLK4
ENSCJAG00000079112,
ENSCJAG00000082708,
ENSCJAG00000063376,TAL2
ENSCJAG00000078551,
ENSCJAG00000074313,
ENSCJAG00000024744,cja-mir-449a
ENSCJAG00000009559,CHD1
ENSCJAG00000031497,
ENSCJAG00000072032,U6
ENSCJAG00000076761,
ENSCJAG00000080081,
ENSCJAG00000055424,
ENSCJAG00000017148,POC5
ENSCJAG00000073994,
ENSCJAG00000054334,
ENSCJAG00000009630,SNRPD3
ENSCJAG00000075754,U6
ENSCJAG00000080673,
ENSCJAG00000004501,RNF113B
ENSCJAG00000082294,Y_RNA
ENSCJAG00000019173,SCO2
ENSCJAG00000078848,
ENSCJAG00000052197,GPX8
ENSCJAG00000058401,TMEM38B
ENSCJAG00000073446,U6
ENSCJAG00000040986,
ENSCJAG00000085146,
ENSCJAG00000078606,
ENSCJAG00000006624,NR5A1
ENSCJAG00000086936,
ENSCJAG00000053431,
ENSCJAG00000074045,Metazoa_SRP
ENSCJAG00000042410,Metazoa_SRP
ENSCJAG00000010418,KIAA0825
ENSCJAG00000043410,CFAP95
ENSCJAG00000084267,Y_RNA
ENSCJAG00000081198,Metazoa_SRP
ENSCJAG00000080347,
ENSCJAG00000074912,U6
ENSCJAG00000005740,CASP3
ENSCJAG00000078216,5S_rRNA
ENSCJAG00000008968,DNAJB5
ENSCJAG00000037938,TYMP
ENSCJAG00000037092,Metazoa_SRP
ENSCJAG00000070995,
ENSCJAG00000048218,SNORD81
ENSCJAG00000083011,
ENSCJAG00000074240,U7
ENSCJAG00000016406,EPB41L4A
ENSCJAG00000060889,
ENSCJAG00000009592,GGT1
ENSCJAG00000075684,
ENSCJAG00000085513,
ENSCJAG00000001650,GZMA
ENSCJAG00000068530,
ENSCJAG00000081228,
ENSCJAG00000069820,
ENSCJAG00000058929,
ENSCJAG00000070425,U6
ENSCJAG00000076250,
ENSCJAG00000010944,
ENSCJAG00000074645,
ENSCJAG00000071694,U6
ENSCJAG00000082041,U7
ENSCJAG00000079138,U6
ENSCJAG00000017284,BCL2L13
ENSCJAG00000059128,
ENSCJAG00000086574,
ENSCJAG00000029219,Y_RNA
ENSCJAG00000080613,
ENSCJAG00000080426,
ENSCJAG00000006631,NR6A1
ENSCJAG00000081031,
ENSCJAG00000087165,U6
ENSCJAG00000072417,5S_rRNA
ENSCJAG00000021257,EDNRB
ENSCJAG00000063217,Metazoa_SRP
ENSCJAG00000019177,CIMAP1B
ENSCJAG00000087291,
ENSCJAG00000082734,
ENSCJAG00000001646,GZMK
ENSCJAG00000082104,
ENSCJAG00000085153,
ENSCJAG00000081609,
ENSCJAG00000072857,U6
ENSCJAG00000069132,HAND2
ENSCJAG00000082202,
ENSCJAG00000075250,
ENSCJAG00000053691,C9orf131
ENSCJAG00000080115,
ENSCJAG00000005675,CAMLG
ENSCJAG00000071025,
ENSCJAG00000086306,
ENSCJAG00000042693,IRF2
ENSCJAG00000080272,
ENSCJAG00000064617,ESM1
ENSCJAG00000087362,
ENSCJAG00000064520,
ENSCJAG00000079616,
ENSCJAG00000075840,
ENSCJAG00000079374,
ENSCJAG00000037511,Metazoa_SRP
ENSCJAG00000074196,
ENSCJAG00000017659,EXOC3
ENSCJAG00000014744,SEPTIN11
ENSCJAG00000075655,
ENSCJAG00000073214,KLHDC7B
ENSCJAG00000083079,U6
ENSCJAG00000081824,
ENSCJAG00000080470,Metazoa_SRP
ENSCJAG00000078596,
ENSCJAG00000036566,Metazoa_SRP
ENSCJAG00000017129,ANKDD1B
ENSCJAG00000040072,Metazoa_SRP
ENSCJAG00000070870,
ENSCJAG00000083978,
ENSCJAG00000076839,ACTBL2
ENSCJAG00000061657,
ENSCJAG00000041610,SYCE3
ENSCJAG00000008280,
ENSCJAG00000071142,
ENSCJAG00000087081,
ENSCJAG00000008899,HSD17B3
ENSCJAG00000078701,
ENSCJAG00000073849,
ENSCJAG00000078726,
ENSCJAG00000005138,SCRG1
ENSCJAG00000074646,
ENSCJAG00000086266,
ENSCJAG00000046449,Metazoa_SRP
ENSCJAG00000001663,PTAR1
ENSCJAG00000017291,
ENSCJAG00000007232,PLCXD3
ENSCJAG00000072697,cja-mir-181a-2
ENSCJAG00000004508,STK24
ENSCJAG00000009566,GGT5
ENSCJAG00000082934,
ENSCJAG00000058861,
ENSCJAG00000075519,
ENSCJAG00000005697,DDX46
ENSCJAG00000083845,Metazoa_SRP
ENSCJAG00000065540,
ENSCJAG00000081133,
ENSCJAG00000029429,cja-mir-126
ENSCJAG00000052777,
ENSCJAG00000025866,cja-mir-181b-2
ENSCJAG00000069598,
ENSCJAG00000015122,ATP10B
ENSCJAG00000075728,
ENSCJAG00000065744,SAP30
ENSCJAG00000075618,
ENSCJAG00000077394,
ENSCJAG00000083860,U4
ENSCJAG00000017295,BID
ENSCJAG00000059331,
ENSCJAG00000086583,U6
ENSCJAG00000001635,SNX18
ENSCJAG00000072753,
ENSCJAG00000075785,5S_rRNA
ENSCJAG00000006668,OLFML2A
ENSCJAG00000021137,PCYOX1L
ENSCJAG00000085722,
ENSCJAG00000079370,
ENSCJAG00000018317,CPT1B
ENSCJAG00000086554,
ENSCJAG00000074512,
ENSCJAG00000027994,SNORA13
ENSCJAG00000005711,ENPP6
ENSCJAG00000081392,
ENSCJAG00000010959,AGPAT2
ENSCJAG00000039409,TRAM1L1
ENSCJAG00000010444,FAM172A
ENSCJAG00000045148,GPBP1
ENSCJAG00000085427,
ENSCJAG00000080157,Metazoa_SRP
ENSCJAG00000041234,U2
ENSCJAG00000074678,5S_rRNA
ENSCJAG00000011820,
ENSCJAG00000065940,U6
ENSCJAG00000077770,
ENSCJAG00000072383,
ENSCJAG00000079252,
ENSCJAG00000073811,U6
ENSCJAG00000005112,HMGB2
ENSCJAG00000065036,
ENSCJAG00000045979,CMBL
ENSCJAG00000005779,C5orf24
ENSCJAG00000080940,
ENSCJAG00000053136,
ENSCJAG00000017052,POLK
ENSCJAG00000077222,Metazoa_SRP
ENSCJAG00000073070,
ENSCJAG00000021806,HSPB3
ENSCJAG00000077082,
ENSCJAG00000014202,COX18
ENSCJAG00000085525,
ENSCJAG00000061622,AHRR
ENSCJAG00000085011,
ENSCJAG00000081187,
ENSCJAG00000055940,
ENSCJAG00000038740,Metazoa_SRP
ENSCJAG00000033633,
ENSCJAG00000040356,SOWAHB
ENSCJAG00000078954,
ENSCJAG00000019610,GMDS
ENSCJAG00000082447,
ENSCJAG00000072019,
ENSCJAG00000073904,U6
ENSCJAG00000047658,TXNDC15
ENSCJAG00000007234,C6
ENSCJAG00000063368,
ENSCJAG00000021252,SLAIN1
ENSCJAG00000049786,NREP
ENSCJAG00000075530,
ENSCJAG00000059010,
ENSCJAG00000077797,
ENSCJAG00000072961,
ENSCJAG00000084057,
ENSCJAG00000080431,
ENSCJAG00000068107,
ENSCJAG00000021136,IL17B
ENSCJAG00000079167,
ENSCJAG00000066567,
ENSCJAG00000080228,
ENSCJAG00000053468,U7
ENSCJAG00000045050,DIPK1B
ENSCJAG00000084480,SNORA71
ENSCJAG00000005081,GALNT7
ENSCJAG00000071565,
ENSCJAG00000070889,U6
ENSCJAG00000082625,
ENSCJAG00000071628,
ENSCJAG00000063754,
ENSCJAG00000083018,
ENSCJAG00000075474,
ENSCJAG00000018358,CHKB
ENSCJAG00000054843,Metazoa_SRP
ENSCJAG00000079863,Y_RNA
ENSCJAG00000005793,
ENSCJAG00000080450,
ENSCJAG00000075199,
ENSCJAG00000079533,
ENSCJAG00000073508,Metazoa_SRP
ENSCJAG00000046687,SNORA17B
ENSCJAG00000080993,
ENSCJAG00000009076,RB1
ENSCJAG00000074737,
ENSCJAG00000072325,
ENSCJAG00000084229,U4
ENSCJAG00000083985,
ENSCJAG00000069655,Metazoa_SRP
ENSCJAG00000066243,
ENSCJAG00000075596,SNORA17B
ENSCJAG00000046235,BASP1
ENSCJAG00000084915,Metazoa_SRP
ENSCJAG00000005690,STOX2
ENSCJAG00000078943,
ENSCJAG00000008301,RAPGEF1
ENSCJAG00000071463,U1
ENSCJAG00000009085,PIGO
ENSCJAG00000071729,
ENSCJAG00000075697,Metazoa_SRP
ENSCJAG00000039271,SUSD2
ENSCJAG00000078675,
ENSCJAG00000025577,
ENSCJAG00000029330,U4
ENSCJAG00000086460,Metazoa_SRP
ENSCJAG00000087268,Y_RNA
ENSCJAG00000014220,ADAMTS3
ENSCJAG00000076795,
ENSCJAG00000083408,Metazoa_SRP
ENSCJAG00000006695,WDR38
ENSCJAG00000070713,
ENSCJAG00000084967,U1
ENSCJAG00000027811,MIR143
ENSCJAG00000002152,MIER3
ENSCJAG00000069764,
ENSCJAG00000075096,Y_RNA
ENSCJAG00000087123,
ENSCJAG00000036627,Metazoa_SRP
ENSCJAG00000084637,U6
ENSCJAG00000075598,cja-mir-145
ENSCJAG00000005799,CATSPER3
ENSCJAG00000037491,Metazoa_SRP
ENSCJAG00000018003,CPLANE1
ENSCJAG00000082280,
ENSCJAG00000076380,
ENSCJAG00000069834,U7
ENSCJAG00000014716,SHROOM3
ENSCJAG00000048301,Metazoa_SRP
ENSCJAG00000080469,
ENSCJAG00000046512,STARD4
ENSCJAG00000075169,Metazoa_SRP
ENSCJAG00000010980,LCN10
ENSCJAG00000008977,
ENSCJAG00000005372,ZNF782
ENSCJAG00000085599,GRAMD2B
ENSCJAG00000063946,
ENSCJAG00000045123,
ENSCJAG00000018368,MAPK8IP2
ENSCJAG00000003443,NDST4
ENSCJAG00000071486,
ENSCJAG00000053651,
ENSCJAG00000010488,
ENSCJAG00000070957,
ENSCJAG00000073579,
ENSCJAG00000020832,SLC15A1
ENSCJAG00000011840,PTPRD
ENSCJAG00000042822,Metazoa_SRP
ENSCJAG00000084373,Metazoa_SRP
ENSCJAG00000001668,APBA1
ENSCJAG00000014906,ACHE
ENSCJAG00000025006,SNORA73
ENSCJAG00000051647,U2
ENSCJAG00000002145,C5ORF35
ENSCJAG00000043477,Metazoa_SRP
ENSCJAG00000016879,ZNF462
ENSCJAG00000007279,MROH2B
ENSCJAG00000085519,U6
ENSCJAG00000042259,Y_RNA
ENSCJAG00000038579,FOXF2
ENSCJAG00000086657,PITX1
ENSCJAG00000017316,MICAL3
ENSCJAG00000005073,GALNTL6
ENSCJAG00000083806,
ENSCJAG00000006724,RPL35
ENSCJAG00000061053,
ENSCJAG00000085148,
ENSCJAG00000016346,CAMK4
ENSCJAG00000060429,LPAR6
ENSCJAG00000003186,ARSA
ENSCJAG00000014295,NPFFR2
ENSCJAG00000045827,MIR6720
ENSCJAG00000010994,LCN6
ENSCJAG00000017613,PDCD6
ENSCJAG00000054818,UFSP1
ENSCJAG00000077915,
ENSCJAG00000002136,MAP3K1
ENSCJAG00000003461,UGT8
ENSCJAG00000074787,
ENSCJAG00000083615,
ENSCJAG00000041271,FOXQ1
ENSCJAG00000070705,ATPSCKMT
ENSCJAG00000010492,NR2F1
ENSCJAG00000027844,SNORD125
ENSCJAG00000082443,
ENSCJAG00000069734,
ENSCJAG00000075078,
ENSCJAG00000042706,ARL15
ENSCJAG00000037132,Metazoa_SRP
ENSCJAG00000071080,
ENSCJAG00000005616,TRAPPC11
ENSCJAG00000066264,cja-mir-9976-1
ENSCJAG00000066077,Metazoa_SRP
ENSCJAG00000072324,
ENSCJAG00000081384,
ENSCJAG00000006730,
ENSCJAG00000039983,Metazoa_SRP
ENSCJAG00000059633,
ENSCJAG00000076689,Metazoa_SRP
ENSCJAG00000000423,
ENSCJAG00000084128,
ENSCJAG00000014917,SRRT
ENSCJAG00000078503,5S_rRNA
ENSCJAG00000073561,ITM2B
ENSCJAG00000072281,U6
ENSCJAG00000070801,
ENSCJAG00000064643,cja-mir-577
ENSCJAG00000070635,
ENSCJAG00000014639,STBD1
ENSCJAG00000071064,
ENSCJAG00000068056,
ENSCJAG00000080716,
ENSCJAG00000011006,LCN8
ENSCJAG00000077955,
ENSCJAG00000016830,SEMA6A
ENSCJAG00000076348,
ENSCJAG00000031436,
ENSCJAG00000053817,
ENSCJAG00000083394,
ENSCJAG00000077380,U6
ENSCJAG00000006745,GOLGA1
ENSCJAG00000005818,MACROH2A1
ENSCJAG00000019894,THOC5
ENSCJAG00000025558,
ENSCJAG00000082375,
ENSCJAG00000074355,
ENSCJAG00000078113,
ENSCJAG00000071754,
ENSCJAG00000080769,
ENSCJAG00000014944,TRIP6
ENSCJAG00000081456,
ENSCJAG00000082336,
ENSCJAG00000069768,U6
ENSCJAG00000018406,SHANK3
ENSCJAG00000082711,
ENSCJAG00000070834,
ENSCJAG00000009256,
ENSCJAG00000081582,
ENSCJAG00000021121,CSNK1A1
ENSCJAG00000080036,
ENSCJAG00000075232,
ENSCJAG00000083937,Metazoa_SRP
ENSCJAG00000016277,WDR36
ENSCJAG00000072601,
ENSCJAG00000067340,LCN15
ENSCJAG00000077137,
ENSCJAG00000073510,
ENSCJAG00000072062,
ENSCJAG00000075595,
ENSCJAG00000086321,
ENSCJAG00000019879,NIPSNAP1
ENSCJAG00000062589,
ENSCJAG00000020520,FGD3
ENSCJAG00000080748,
ENSCJAG00000074223,
ENSCJAG00000085926,
ENSCJAG00000087266,U6
ENSCJAG00000073162,
ENSCJAG00000053776,
ENSCJAG00000070271,
ENSCJAG00000075113,
ENSCJAG00000006789,SCAI
ENSCJAG00000081371,U6
ENSCJAG00000001686,ENTREP1
ENSCJAG00000080599,
ENSCJAG00000033757,TMEM141
ENSCJAG00000072250,U1
ENSCJAG00000075454,U6
ENSCJAG00000071917,
ENSCJAG00000040641,
ENSCJAG00000079407,
ENSCJAG00000085697,
ENSCJAG00000016908,RAD23B
ENSCJAG00000084815,
ENSCJAG00000082300,
ENSCJAG00000074073,
ENSCJAG00000075067,
ENSCJAG00000071000,
ENSCJAG00000075525,Metazoa_SRP
ENSCJAG00000077757,TAS2R1
ENSCJAG00000043795,NUDT15
ENSCJAG00000014314,GC
ENSCJAG00000078673,
ENSCJAG00000045540,RWDD4
ENSCJAG00000011036,CCDC183
ENSCJAG00000083071,
ENSCJAG00000077976,
ENSCJAG00000075673,U6
ENSCJAG00000074161,
ENSCJAG00000084415,
ENSCJAG00000043900,TIFAB
ENSCJAG00000015148,GABRB2
ENSCJAG00000076032,
ENSCJAG00000074483,Y_RNA
ENSCJAG00000070815,ARSJ
ENSCJAG00000029807,cja-mir-581
ENSCJAG00000082821,Metazoa_SRP
ENSCJAG00000025122,U4
ENSCJAG00000009679,RGMB
ENSCJAG00000079034,U6
ENSCJAG00000009059,FANCG
ENSCJAG00000014963,SLC12A9
ENSCJAG00000071536,
ENSCJAG00000062456,
ENSCJAG00000076522,
ENSCJAG00000072226,
ENSCJAG00000014647,CCDC158
ENSCJAG00000071882,U6
ENSCJAG00000084212,Metazoa_SRP
ENSCJAG00000082314,
ENSCJAG00000005048,AADAT
ENSCJAG00000075018,
ENSCJAG00000073923,U4
ENSCJAG00000079955,
ENSCJAG00000085731,
ENSCJAG00000023838,SNORD123
ENSCJAG00000078321,
ENSCJAG00000076317,
ENSCJAG00000027870,
ENSCJAG00000083350,U4
ENSCJAG00000053917,
ENSCJAG00000083730,SLC25A46
ENSCJAG00000052784,U2
ENSCJAG00000018409,ACR
ENSCJAG00000055135,FXN
ENSCJAG00000070814,
ENSCJAG00000001607,NDUFS4
ENSCJAG00000052997,
ENSCJAG00000073834,Metazoa_SRP
ENSCJAG00000005888,CXCL14
ENSCJAG00000007321,C7
ENSCJAG00000009278,SUCLA2
ENSCJAG00000039701,Metazoa_SRP
ENSCJAG00000081226,Metazoa_SRP
ENSCJAG00000074236,
ENSCJAG00000063903,
ENSCJAG00000011060,RABL6
ENSCJAG00000019533,EXOC2
ENSCJAG00000073321,
ENSCJAG00000011831,MYO10
ENSCJAG00000072639,
ENSCJAG00000070554,Metazoa_SRP
ENSCJAG00000076462,U4
ENSCJAG00000081108,
ENSCJAG00000084715,
ENSCJAG00000006827,PPP6C
ENSCJAG00000079739,
ENSCJAG00000056647,
ENSCJAG00000017020,CERT1
ENSCJAG00000069821,Metazoa_SRP
ENSCJAG00000067383,
ENSCJAG00000034964,
ENSCJAG00000058366,U3
ENSCJAG00000075487,
ENSCJAG00000001590,FST
ENSCJAG00000035786,Metazoa_SRP
ENSCJAG00000071498,
ENSCJAG00000085747,
ENSCJAG00000070449,
ENSCJAG00000020519,BICD2
ENSCJAG00000017583,SDHA
ENSCJAG00000009137,STOML2
ENSCJAG00000021116,ARHGEF37
ENSCJAG00000071077,
ENSCJAG00000084703,
ENSCJAG00000044454,Metazoa_SRP
ENSCJAG00000016241,TMEM232
ENSCJAG00000006849,RABEPK
ENSCJAG00000072435,U2
ENSCJAG00000058782,
ENSCJAG00000021235,SCEL
ENSCJAG00000086948,
ENSCJAG00000031353,U6
ENSCJAG00000064167,
ENSCJAG00000022376,
ENSCJAG00000005602,ING2
ENSCJAG00000052894,
ENSCJAG00000018414,RABL2B
ENSCJAG00000082818,
ENSCJAG00000072218,
ENSCJAG00000086530,Metazoa_SRP
ENSCJAG00000083994,
ENSCJAG00000040045,RIOK2
ENSCJAG00000073211,
ENSCJAG00000083147,
ENSCJAG00000070456,
ENSCJAG00000048303,COMMD10
ENSCJAG00000081628,
ENSCJAG00000011094,AJM1
ENSCJAG00000008962,SEMA5A
ENSCJAG00000005591,CDKN2AIP
ENSCJAG00000043619,Metazoa_SRP
ENSCJAG00000086587,Metazoa_SRP
ENSCJAG00000032893,U3
ENSCJAG00000070398,
ENSCJAG00000006880,HSPA5
ENSCJAG00000017386,TUBA8
ENSCJAG00000009210,FAM214B
ENSCJAG00000076212,Metazoa_SRP
ENSCJAG00000025220,
ENSCJAG00000031332,CABIN1
ENSCJAG00000036502,Metazoa_SRP
ENSCJAG00000083288,
ENSCJAG00000069710,
ENSCJAG00000011179,TRAF2
ENSCJAG00000014974,EPHB4
ENSCJAG00000083789,
ENSCJAG00000077903,
ENSCJAG00000005041,MFAP3L
ENSCJAG00000010525,ARRDC3
ENSCJAG00000073532,
ENSCJAG00000084995,Metazoa_SRP
ENSCJAG00000069603,
ENSCJAG00000068510,
ENSCJAG00000081256,
ENSCJAG00000019833,NF2
ENSCJAG00000005904,SLC25A48
ENSCJAG00000079810,
ENSCJAG00000062237,
ENSCJAG00000078414,
ENSCJAG00000019524,IRF4
ENSCJAG00000081293,
ENSCJAG00000061077,
ENSCJAG00000070452,
ENSCJAG00000080855,Metazoa_SRP
ENSCJAG00000065099,
ENSCJAG00000084574,
ENSCJAG00000081603,
ENSCJAG00000071555,
ENSCJAG00000020482,CENPP
ENSCJAG00000011097,PHPT1
ENSCJAG00000026501,U1
ENSCJAG00000075252,
ENSCJAG00000076651,U6
ENSCJAG00000060527,HTR2A
ENSCJAG00000087250,Metazoa_SRP
ENSCJAG00000074221,
ENSCJAG00000081217,U6
ENSCJAG00000006913,GAPVD1
ENSCJAG00000044314,CLDN24
ENSCJAG00000079158,
ENSCJAG00000031693,ARL14EPL
ENSCJAG00000071682,
ENSCJAG00000085378,Metazoa_SRP
ENSCJAG00000077805,
ENSCJAG00000056580,
ENSCJAG00000083857,U6
ENSCJAG00000069665,
ENSCJAG00000081036,U6
ENSCJAG00000005586,CLDN22
ENSCJAG00000077810,
ENSCJAG00000072443,
ENSCJAG00000073995,
ENSCJAG00000076679,
ENSCJAG00000085734,
ENSCJAG00000084844,U4
ENSCJAG00000069654,
ENSCJAG00000068425,USP18
ENSCJAG00000027594,
ENSCJAG00000037892,Metazoa_SRP
ENSCJAG00000077812,U6
ENSCJAG00000083597,SNRPG
ENSCJAG00000080915,
ENSCJAG00000038110,
ENSCJAG00000085961,Metazoa_SRP
ENSCJAG00000081802,Metazoa_SRP
ENSCJAG00000086355,
ENSCJAG00000082253,
ENSCJAG00000052648,CCDC127
ENSCJAG00000009380,ESD
ENSCJAG00000033954,
ENSCJAG00000009724,LNPEP
ENSCJAG00000015176,GABRA6
ENSCJAG00000081304,
ENSCJAG00000005916,IL9
ENSCJAG00000016789,LVRN
ENSCJAG00000001568,MOCS2
ENSCJAG00000043237,
ENSCJAG00000016199,MAN2A1
ENSCJAG00000021113,PPARGC1B
ENSCJAG00000017581,LRRC14B
ENSCJAG00000036537,FAM47E
ENSCJAG00000017655,DUSP22
ENSCJAG00000084354,Metazoa_SRP
ENSCJAG00000020502,ECM2
ENSCJAG00000041175,FBXL21P
ENSCJAG00000011117,MAMDC4
ENSCJAG00000018305,MED27
ENSCJAG00000055693,CELSR1
ENSCJAG00000006963,MAPKAP1
ENSCJAG00000008225,ZNF608
ENSCJAG00000006685,NUP153
ENSCJAG00000083954,ZNF107
ENSCJAG00000086470,U6
ENSCJAG00000070236,
ENSCJAG00000005554,WWC2
ENSCJAG00000081967,U7
ENSCJAG00000015012,
ENSCJAG00000082073,Metazoa_SRP
ENSCJAG00000072542,
ENSCJAG00000043329,LECT2
ENSCJAG00000051574,
ENSCJAG00000077822,U4
ENSCJAG00000017562,PLEKHG4B
ENSCJAG00000007376,CARD6
ENSCJAG00000075645,Metazoa_SRP
ENSCJAG00000072053,
ENSCJAG00000035633,Metazoa_SRP
ENSCJAG00000010578,ADGRV1
ENSCJAG00000078832,Metazoa_SRP
ENSCJAG00000009751,ERAP2
ENSCJAG00000052107,U2
ENSCJAG00000052264,
ENSCJAG00000044026,Metazoa_SRP
ENSCJAG00000020495,ASPN
ENSCJAG00000018938,
ENSCJAG00000077679,
ENSCJAG00000082344,U1
ENSCJAG00000057809,U2
ENSCJAG00000052234,Y_RNA
ENSCJAG00000083718,Metazoa_SRP
ENSCJAG00000001514,ITGA2
ENSCJAG00000077513,U6
ENSCJAG00000071507,
ENSCJAG00000053607,Metazoa_SRP
ENSCJAG00000079957,Metazoa_SRP
ENSCJAG00000085067,
ENSCJAG00000071305,Metazoa_SRP
ENSCJAG00000082311,
ENSCJAG00000072357,
ENSCJAG00000015200,GABRA1
ENSCJAG00000072518,U6
ENSCJAG00000004980,CLCN3
ENSCJAG00000047888,OMD
ENSCJAG00000008934,MTRR
ENSCJAG00000087109,
ENSCJAG00000014318,SLC4A4
ENSCJAG00000075310,
ENSCJAG00000077980,ZNF736
ENSCJAG00000083684,
ENSCJAG00000016767,AP3S1
ENSCJAG00000007020,PBX3
ENSCJAG00000005930,TGFBI
ENSCJAG00000020486,OGN
ENSCJAG00000000198,TRMU
ENSCJAG00000076991,
ENSCJAG00000004262,
ENSCJAG00000009392,LRCH1
ENSCJAG00000024711,MIR378A
ENSCJAG00000018288,NTNG2
ENSCJAG00000085258,
ENSCJAG00000021262,SEPTIN14
ENSCJAG00000031845,U6
ENSCJAG00000084074,
ENSCJAG00000082168,
ENSCJAG00000053558,SNORD72
ENSCJAG00000082303,Metazoa_SRP
ENSCJAG00000009832,ERAP1
ENSCJAG00000025261,Y_RNA
ENSCJAG00000029618,U5
ENSCJAG00000071293,
ENSCJAG00000083482,
ENSCJAG00000077664,
ENSCJAG00000066019,LYSMD3
ENSCJAG00000021267,
ENSCJAG00000086598,Metazoa_SRP
ENSCJAG00000073002,
ENSCJAG00000003480,CAMK2D
ENSCJAG00000079135,Y_RNA
ENSCJAG00000058939,
ENSCJAG00000083798,
ENSCJAG00000081785,Metazoa_SRP
ENSCJAG00000044235,Metazoa_SRP
ENSCJAG00000011166,EDF1
ENSCJAG00000081622,Metazoa_SRP
ENSCJAG00000060961,
ENSCJAG00000074358,
ENSCJAG00000081417,
ENSCJAG00000048223,
ENSCJAG00000008921,FASTKD3
ENSCJAG00000000195,GTSE1
ENSCJAG00000045955,Metazoa_SRP
ENSCJAG00000071770,
ENSCJAG00000010747,POLR3G
ENSCJAG00000077006,
ENSCJAG00000066483,
ENSCJAG00000070779,
ENSCJAG00000078326,5S_rRNA
ENSCJAG00000082754,U3
ENSCJAG00000019829,CABP7
ENSCJAG00000007341,PRKAA1
ENSCJAG00000028529,Vault
ENSCJAG00000006674,FAM8A1
ENSCJAG00000083856,
ENSCJAG00000016168,PJA2
ENSCJAG00000074659,
ENSCJAG00000048064,FBXW5
ENSCJAG00000039875,NOL8
ENSCJAG00000039786,MBLAC2
ENSCJAG00000066192,ATG12
ENSCJAG00000035347,U3
ENSCJAG00000076697,U6
ENSCJAG00000076097,CFAP90
ENSCJAG00000072569,
ENSCJAG00000055003,PHKG1
ENSCJAG00000060827,U7
ENSCJAG00000001713,TJP2
ENSCJAG00000021763,ZMAT5
ENSCJAG00000016752,CDO1
ENSCJAG00000085171,
ENSCJAG00000042322,MVB12B
ENSCJAG00000076461,TTC38
ENSCJAG00000042515,RETREG1
ENSCJAG00000081366,
ENSCJAG00000015048,EPO
ENSCJAG00000011199,C8G
ENSCJAG00000027609,U2
ENSCJAG00000072604,
ENSCJAG00000078649,
ENSCJAG00000010761,CETN3
ENSCJAG00000014583,NUP54
ENSCJAG00000087200,UQCR10
ENSCJAG00000005968,SMAD5
ENSCJAG00000083279,
ENSCJAG00000040524,PKDREJ
ENSCJAG00000021102,PDE6A
ENSCJAG00000015056,POP7
ENSCJAG00000084503,Y_RNA
ENSCJAG00000080755,
ENSCJAG00000005526,DCTD
ENSCJAG00000001502,ITGA1
ENSCJAG00000011213,LCN12
ENSCJAG00000070124,U4
ENSCJAG00000009239,UNC13B
ENSCJAG00000032973,SNORD116
ENSCJAG00000047411,TTC33
ENSCJAG00000000179,CDPF1
ENSCJAG00000011272,FRG1
ENSCJAG00000018245,SETX
ENSCJAG00000068777,U2
ENSCJAG00000077235,
ENSCJAG00000015272,GABRG2
ENSCJAG00000017348,CSNK1G3
ENSCJAG00000087140,
ENSCJAG00000072947,U4
ENSCJAG00000072150,LMX1B
ENSCJAG00000079161,U6
ENSCJAG00000000176,PPARA
ENSCJAG00000070774,
ENSCJAG00000071163,Metazoa_SRP
ENSCJAG00000019822,ASCC2
ENSCJAG00000005981,SMIM32
ENSCJAG00000011224,PTGDS
ENSCJAG00000075370,
ENSCJAG00000079627,U4
ENSCJAG00000004265,GABBR1
ENSCJAG00000007410,PTGER4
ENSCJAG00000070803,Metazoa_SRP
ENSCJAG00000086101,
ENSCJAG00000015057,GIGYF1
ENSCJAG00000025535,cja-let-7b
ENSCJAG00000029731,SNORA63
ENSCJAG00000080290,5S_rRNA
ENSCJAG00000006598,CAP2
ENSCJAG00000071861,Y_RNA
ENSCJAG00000042292,
ENSCJAG00000024246,cja-let-7a-2
ENSCJAG00000071720,
ENSCJAG00000029067,U1
ENSCJAG00000073219,U7
ENSCJAG00000077561,
ENSCJAG00000084080,
ENSCJAG00000077231,
ENSCJAG00000005983,TRPC7
ENSCJAG00000074338,
ENSCJAG00000086315,
ENSCJAG00000076593,Metazoa_SRP
ENSCJAG00000079697,
ENSCJAG00000085178,U4
ENSCJAG00000079807,
ENSCJAG00000081143,
ENSCJAG00000086351,Metazoa_SRP
ENSCJAG00000073778,Metazoa_SRP
ENSCJAG00000009449,
ENSCJAG00000058451,Metazoa_SRP
ENSCJAG00000023972,U1
ENSCJAG00000071870,Metazoa_SRP
ENSCJAG00000087308,
ENSCJAG00000076379,Y_RNA
ENSCJAG00000084497,
ENSCJAG00000069919,Metazoa_SRP
ENSCJAG00000015074,GNB2
ENSCJAG00000079676,U6
ENSCJAG00000005501,TENM3
ENSCJAG00000081210,
ENSCJAG00000078227,
ENSCJAG00000021277,SUMF2
ENSCJAG00000082663,WNT7B
ENSCJAG00000076961,U2
ENSCJAG00000076316,Metazoa_SRP
ENSCJAG00000069788,Metazoa_SRP
ENSCJAG00000071206,
ENSCJAG00000052807,PAXX
ENSCJAG00000015974,
ENSCJAG00000079784,
ENSCJAG00000076698,
ENSCJAG00000072398,
ENSCJAG00000079450,U5
ENSCJAG00000081812,U4
ENSCJAG00000079816,Metazoa_SRP
ENSCJAG00000047285,MARCHF11
ENSCJAG00000008816,ADCY2
ENSCJAG00000082962,
ENSCJAG00000078812,
ENSCJAG00000010799,MEF2C
ENSCJAG00000009882,CAST
ENSCJAG00000016120,FER
ENSCJAG00000035190,PELO
ENSCJAG00000017322,CEP120
ENSCJAG00000012814,CLIC3
ENSCJAG00000086924,
ENSCJAG00000070511,Metazoa_SRP
ENSCJAG00000085606,
ENSCJAG00000064665,RBM24
ENSCJAG00000080667,
ENSCJAG00000015288,
ENSCJAG00000075418,
ENSCJAG00000021099,SLC26A2
ENSCJAG00000070053,
ENSCJAG00000078863,
ENSCJAG00000020465,IARS1
ENSCJAG00000010823,FBXL7
ENSCJAG00000070286,
ENSCJAG00000015106,ACTL6B
ENSCJAG00000085328,
ENSCJAG00000048043,Metazoa_SRP
ENSCJAG00000084246,
ENSCJAG00000081862,Metazoa_SRP
ENSCJAG00000082698,
ENSCJAG00000075059,U6
ENSCJAG00000014490,ART3
ENSCJAG00000046019,
ENSCJAG00000065106,U2
ENSCJAG00000081253,U1
ENSCJAG00000081447,Metazoa_SRP
ENSCJAG00000024946,cja-mir-887
ENSCJAG00000081804,Metazoa_SRP
ENSCJAG00000009483,DDT
ENSCJAG00000076298,
ENSCJAG00000083646,Metazoa_SRP
ENSCJAG00000059273,STMND1
ENSCJAG00000074435,
ENSCJAG00000075561,
ENSCJAG00000025662,cja-mir-1305
ENSCJAG00000081896,U4
ENSCJAG00000065387,
ENSCJAG00000012879,ATXN10
ENSCJAG00000071003,Metazoa_SRP
ENSCJAG00000016954,HMGCR
ENSCJAG00000015367,NUDCD2
ENSCJAG00000018230,TTF1
ENSCJAG00000015136,TFR2
ENSCJAG00000078567,
ENSCJAG00000072973,
ENSCJAG00000017318,PRDM6
ENSCJAG00000018052,NIPBL
ENSCJAG00000004881,NEK1
ENSCJAG00000082957,
ENSCJAG00000052698,
ENSCJAG00000082688,
ENSCJAG00000077054,Metazoa_SRP
ENSCJAG00000073958,
ENSCJAG00000012824,
ENSCJAG00000083621,
ENSCJAG00000058397,cja-mir-9952a-2
ENSCJAG00000079546,
ENSCJAG00000078695,Metazoa_SRP
ENSCJAG00000073374,
ENSCJAG00000075546,
ENSCJAG00000006070,SPOCK1
ENSCJAG00000083292,
ENSCJAG00000081959,
ENSCJAG00000078354,
ENSCJAG00000014481,CXCL11
ENSCJAG00000065144,PPIC
ENSCJAG00000041075,MOSPD3
ENSCJAG00000075072,
ENSCJAG00000052354,cja-mir-4762
ENSCJAG00000018226,CFAP77
ENSCJAG00000076430,
ENSCJAG00000074213,
ENSCJAG00000087290,
ENSCJAG00000015341,CCNG1
ENSCJAG00000075724,
ENSCJAG00000070899,
ENSCJAG00000073767,
ENSCJAG00000021088,HMGXB3
ENSCJAG00000081313,
ENSCJAG00000048344,U4
ENSCJAG00000073218,
ENSCJAG00000084255,Metazoa_SRP
ENSCJAG00000072216,CXCL10
ENSCJAG00000080354,
ENSCJAG00000083895,Y_RNA
ENSCJAG00000018212,BARHL1
ENSCJAG00000007426,DAB2
ENSCJAG00000024244,cja-mir-9-2
ENSCJAG00000043953,U4
ENSCJAG00000082325,
ENSCJAG00000015201,PCOLCE
ENSCJAG00000058402,
ENSCJAG00000075341,U1
ENSCJAG00000079610,
ENSCJAG00000084765,
ENSCJAG00000086679,
ENSCJAG00000071885,Metazoa_SRP
ENSCJAG00000080554,
ENSCJAG00000063508,
ENSCJAG00000084377,
ENSCJAG00000072770,U6
ENSCJAG00000021293,MTMR3
ENSCJAG00000073671,Metazoa_SRP
ENSCJAG00000074011,
ENSCJAG00000082242,
ENSCJAG00000069895,CXCL9
ENSCJAG00000021279,CCT6A
ENSCJAG00000082853,U4
ENSCJAG00000030293,SNORA70
ENSCJAG00000079357,
ENSCJAG00000010806,TRIML1
ENSCJAG00000085211,
ENSCJAG00000082249,
ENSCJAG00000072295,
ENSCJAG00000084869,
ENSCJAG00000072825,
ENSCJAG00000077607,
ENSCJAG00000046690,ISL1
ENSCJAG00000085871,
ENSCJAG00000018173,DDX31
ENSCJAG00000078442,Y_RNA
ENSCJAG00000073878,
ENSCJAG00000015371,HMMR
ENSCJAG00000029877,Y_RNA
ENSCJAG00000083250,
ENSCJAG00000082608,
ENSCJAG00000079981,
ENSCJAG00000075574,
ENSCJAG00000006563,ATXN1
ENSCJAG00000083042,
ENSCJAG00000059993,
ENSCJAG00000035880,Metazoa_SRP
ENSCJAG00000046738,TRIML2
ENSCJAG00000077674,Metazoa_SRP
ENSCJAG00000082345,
ENSCJAG00000083580,U6
ENSCJAG00000021285,
ENSCJAG00000017239,SNX2
ENSCJAG00000069230,
ENSCJAG00000078144,U6
ENSCJAG00000021288,PSPH
ENSCJAG00000078381,
ENSCJAG00000074098,
ENSCJAG00000015213,FBXO24
ENSCJAG00000012893,FBLN1
ENSCJAG00000084052,Metazoa_SRP
ENSCJAG00000016943,ANKRD31
ENSCJAG00000072267,U6
ENSCJAG00000074728,
ENSCJAG00000014396,SDAD1
ENSCJAG00000073565,
ENSCJAG00000006527,GMPR
ENSCJAG00000015401,MAT2B
ENSCJAG00000082772,
ENSCJAG00000071369,
ENSCJAG00000007477,C9
ENSCJAG00000041282,TMEM161B
ENSCJAG00000043212,
ENSCJAG00000039514,U6
ENSCJAG00000018166,GTF3C4
ENSCJAG00000021290,NIPSNAP2
ENSCJAG00000082921,Metazoa_SRP
ENSCJAG00000075387,
ENSCJAG00000016107,FBXL17
ENSCJAG00000080031,
ENSCJAG00000012851,FUT7
ENSCJAG00000046940,DCK
ENSCJAG00000086424,Metazoa_SRP
ENSCJAG00000071212,
ENSCJAG00000077056,
ENSCJAG00000085694,
ENSCJAG00000018142,AK8
ENSCJAG00000012859,NPDC1
ENSCJAG00000006075,KLHL3
ENSCJAG00000021077,CSF1R
ENSCJAG00000074809,
ENSCJAG00000083711,
ENSCJAG00000082331,
ENSCJAG00000001446,PARP8
ENSCJAG00000084021,
ENSCJAG00000020855,DOCK9
ENSCJAG00000084323,U6
ENSCJAG00000022546,RIBC2
ENSCJAG00000009381,SGSM1
ENSCJAG00000083468,MRPS17
ENSCJAG00000075997,Metazoa_SRP
ENSCJAG00000080366,U4
ENSCJAG00000015273,SAP25
ENSCJAG00000075269,U6
ENSCJAG00000071621,
ENSCJAG00000070239,
ENSCJAG00000041742,TUBB4B
ENSCJAG00000086203,Metazoa_SRP
ENSCJAG00000085803,U6
ENSCJAG00000014456,MOB1B
ENSCJAG00000078808,
ENSCJAG00000021196,MYCBP2
ENSCJAG00000073338,Y_RNA
ENSCJAG00000010297,HORMAD2
ENSCJAG00000084205,
ENSCJAG00000038293,
ENSCJAG00000084746,U7
ENSCJAG00000077477,
ENSCJAG00000071139,Y_RNA
ENSCJAG00000007485,FYB1
ENSCJAG00000042513,ZNF713
ENSCJAG00000061538,
ENSCJAG00000081196,
ENSCJAG00000001750,
ENSCJAG00000079648,
ENSCJAG00000076908,Metazoa_SRP
ENSCJAG00000076802,
ENSCJAG00000015278,AGFG2
ENSCJAG00000074980,
ENSCJAG00000087014,SNRPD2
ENSCJAG00000010302,LIF
ENSCJAG00000000550,SMC1B
ENSCJAG00000042363,Metazoa_SRP
ENSCJAG00000084209,
ENSCJAG00000043626,MOG
ENSCJAG00000077338,
ENSCJAG00000079958,Metazoa_SRP
ENSCJAG00000085535,
ENSCJAG00000026750,U6
ENSCJAG00000081616,
ENSCJAG00000077417,
ENSCJAG00000069887,
ENSCJAG00000046099,SPACA9
ENSCJAG00000069838,
ENSCJAG00000011892,
ENSCJAG00000037121,ENTPD2
ENSCJAG00000079902,
ENSCJAG00000048511,U4
ENSCJAG00000087093,U4
ENSCJAG00000010320,
ENSCJAG00000081085,U6
ENSCJAG00000084737,
ENSCJAG00000059423,
ENSCJAG00000071972,5S_rRNA
ENSCJAG00000073340,Metazoa_SRP
ENSCJAG00000025023,U6
ENSCJAG00000078076,MYLIP
ENSCJAG00000054836,
ENSCJAG00000015307,NYAP1
ENSCJAG00000075893,
ENSCJAG00000014374,NAAA
ENSCJAG00000045416,Metazoa_SRP
ENSCJAG00000082865,U6
ENSCJAG00000058347,
ENSCJAG00000041504,Metazoa_SRP
ENSCJAG00000083282,
ENSCJAG00000004855,SH3RF1
ENSCJAG00000046703,Metazoa_SRP
ENSCJAG00000036600,Metazoa_SRP
ENSCJAG00000039797,
ENSCJAG00000086372,
ENSCJAG00000076836,
ENSCJAG00000001751,PIP5K1B
ENSCJAG00000028477,MIR874
ENSCJAG00000083812,
ENSCJAG00000004198,TPST1
ENSCJAG00000081186,
ENSCJAG00000056118,
ENSCJAG00000010328,CASTOR1
ENSCJAG00000070678,Metazoa_SRP
ENSCJAG00000082436,
ENSCJAG00000015328,TSC22D4
ENSCJAG00000014477,GRSF1
ENSCJAG00000006131,
ENSCJAG00000016941,GCNT4
ENSCJAG00000080714,U1
ENSCJAG00000073082,Metazoa_SRP
ENSCJAG00000082178,U6
ENSCJAG00000035441,U6
ENSCJAG00000030806,U2
ENSCJAG00000074541,
ENSCJAG00000010166,PCSK1
ENSCJAG00000073350,
ENSCJAG00000000548,FAM118A
ENSCJAG00000070616,
ENSCJAG00000016099,EFNA5
ENSCJAG00000046064,
ENSCJAG00000070400,Y_RNA
ENSCJAG00000072057,Y_RNA
ENSCJAG00000079170,
ENSCJAG00000068541,
ENSCJAG00000060059,
ENSCJAG00000073258,
ENSCJAG00000006134,MYOT
ENSCJAG00000076780,
ENSCJAG00000077188,
ENSCJAG00000015345,PPP1R35
ENSCJAG00000008742,TENT4A
ENSCJAG00000012905,SAPCD2
ENSCJAG00000033186,U6
ENSCJAG00000014333,PPEF2
ENSCJAG00000068671,
ENSCJAG00000016884,FAM169A
ENSCJAG00000084193,U4
ENSCJAG00000073732,
ENSCJAG00000015348,MEPCE
ENSCJAG00000086762,CBR4
ENSCJAG00000047837,U4
ENSCJAG00000011907,TYRP1
ENSCJAG00000075238,
ENSCJAG00000081123,
ENSCJAG00000000546,UPK3A
ENSCJAG00000004225,CRCP
ENSCJAG00000072288,
ENSCJAG00000075379,
ENSCJAG00000012920,UAP1L1
ENSCJAG00000086664,
ENSCJAG00000081943,Y_RNA
ENSCJAG00000073726,
ENSCJAG00000084894,
ENSCJAG00000056646,
ENSCJAG00000086582,
ENSCJAG00000085801,
ENSCJAG00000071753,
ENSCJAG00000079947,
ENSCJAG00000079424,U6
ENSCJAG00000078593,
ENSCJAG00000020301,FAT1
ENSCJAG00000030132,
ENSCJAG00000021070,PDGFRB
ENSCJAG00000042242,
ENSCJAG00000030083,SNORA84
ENSCJAG00000077122,
ENSCJAG00000074443,U6
ENSCJAG00000045809,Metazoa_SRP
ENSCJAG00000009408,RUSC2
ENSCJAG00000054109,
ENSCJAG00000006165,PKD2L2
ENSCJAG00000078419,U6
ENSCJAG00000009362,KIAA1671
ENSCJAG00000011941,LURAP1L
ENSCJAG00000015363,ZCWPW1
ENSCJAG00000016874,NSA2
ENSCJAG00000056936,PRR5
ENSCJAG00000078192,
ENSCJAG00000008724,SRD5A1
ENSCJAG00000074792,
ENSCJAG00000076265,Y_RNA
ENSCJAG00000014529,RUFY3
ENSCJAG00000001432,EMB
ENSCJAG00000015161,
ENSCJAG00000081786,Metazoa_SRP
ENSCJAG00000052169,Metazoa_SRP
ENSCJAG00000061093,U3
ENSCJAG00000056067,
ENSCJAG00000010347,TBC1D10A
ENSCJAG00000076963,Metazoa_SRP
ENSCJAG00000012934,MAN1B1
ENSCJAG00000009448,CIMIP2B
ENSCJAG00000019852,USO1
ENSCJAG00000004780,PALLD
ENSCJAG00000005751,DTNBP1
ENSCJAG00000018087,TSC1
ENSCJAG00000071822,
ENSCJAG00000016200,ARHGAP8
ENSCJAG00000079173,
ENSCJAG00000082761,U6
ENSCJAG00000016802,GFM2
ENSCJAG00000018196,SLC1A3
ENSCJAG00000028077,SNORD62
ENSCJAG00000009457,TESK1
ENSCJAG00000015373,
ENSCJAG00000080508,
ENSCJAG00000008689,NSUN2
ENSCJAG00000083131,
ENSCJAG00000012949,DPP7
ENSCJAG00000080616,
ENSCJAG00000010370,SF3A1
ENSCJAG00000021069,CDX1
ENSCJAG00000009503,CD72
ENSCJAG00000015383,PVRIG
ENSCJAG00000064833,
ENSCJAG00000078428,
ENSCJAG00000016664,HEXB
ENSCJAG00000086382,U6
ENSCJAG00000038382,SIT1
ENSCJAG00000016227,PHF21B
ENSCJAG00000045060,ASL
ENSCJAG00000065277,U6
ENSCJAG00000030240,RNase_MRP
ENSCJAG00000076457,U6
ENSCJAG00000010413,CCDC157
ENSCJAG00000030937,U6
ENSCJAG00000009538,CCDC107
ENSCJAG00000010902,CCNH
ENSCJAG00000008686,UBE2QL1
ENSCJAG00000043365,
ENSCJAG00000015392,STAG3
ENSCJAG00000046059,RNF215
ENSCJAG00000046221,DDX60L
ENSCJAG00000009573,ARHGEF39
ENSCJAG00000084168,SNORD39
ENSCJAG00000077428,Metazoa_SRP
ENSCJAG00000008674,MED10
ENSCJAG00000087102,Metazoa_SRP
ENSCJAG00000053067,JCHAIN
ENSCJAG00000012981,GRIN1
ENSCJAG00000006206,FAM13B
ENSCJAG00000072308,
ENSCJAG00000021053,SLC6A7
ENSCJAG00000011950,MPDZ
ENSCJAG00000061350,
ENSCJAG00000023741,
ENSCJAG00000027529,U6
ENSCJAG00000077037,U1
ENSCJAG00000085318,
ENSCJAG00000073440,Metazoa_SRP
ENSCJAG00000081564,U6
ENSCJAG00000019897,G3BP2
ENSCJAG00000039381,Metazoa_SRP
ENSCJAG00000042824,UTP3
ENSCJAG00000015439,GPC2
ENSCJAG00000029750,Vault
ENSCJAG00000014627,ENAM
ENSCJAG00000009601,CA9
ENSCJAG00000040305,GAL3ST4
ENSCJAG00000053844,CRYBB3
ENSCJAG00000047983,
ENSCJAG00000075554,
ENSCJAG00000082615,Metazoa_SRP
ENSCJAG00000015483,C7orf43
ENSCJAG00000014634,AMBN
ENSCJAG00000013014,LRRC26
ENSCJAG00000010447,SEC14L2
ENSCJAG00000005717,JARID2
ENSCJAG00000013022,TMEM210
ENSCJAG00000014645,AMTN
ENSCJAG00000076413,
ENSCJAG00000082486,
ENSCJAG00000015475,LAMTOR4
ENSCJAG00000008637,ICE1
ENSCJAG00000014310,OPRPN
ENSCJAG00000013025,ANAPC2
ENSCJAG00000082370,
ENSCJAG00000033759,GUSB
ENSCJAG00000081756,
ENSCJAG00000083448,SMR3A
ENSCJAG00000078159,
ENSCJAG00000077364,
ENSCJAG00000085407,Metazoa_SRP
ENSCJAG00000069947,
ENSCJAG00000061561,U7
ENSCJAG00000086197,
ENSCJAG00000009627,TPM2
ENSCJAG00000080463,SSNA1
ENSCJAG00000004243,VKORC1L1
ENSCJAG00000086384,
ENSCJAG00000066366,U3
ENSCJAG00000020300,MTNR1A
ENSCJAG00000014297,CSN3
ENSCJAG00000070077,Metazoa_SRP
ENSCJAG00000084340,Metazoa_SRP
ENSCJAG00000015496,MBLAC1
ENSCJAG00000080411,
ENSCJAG00000084428,Metazoa_SRP
ENSCJAG00000033720,U6
ENSCJAG00000079262,U6
ENSCJAG00000076124,
ENSCJAG00000070900,U6
ENSCJAG00000070096,TPRN
ENSCJAG00000065104,FDCSP
ENSCJAG00000085716,
ENSCJAG00000016242,NUP50
ENSCJAG00000074586,
ENSCJAG00000086182,Metazoa_SRP
ENSCJAG00000015497,CNPY4
ENSCJAG00000081307,U6
ENSCJAG00000020294,F11
ENSCJAG00000014273,ODAM
ENSCJAG00000070322,U6
ENSCJAG00000019566,
ENSCJAG00000018235,RANBP3L
ENSCJAG00000002165,TMEM203
ENSCJAG00000083198,
ENSCJAG00000010513,MTFP1
ENSCJAG00000041331,NUPR2
ENSCJAG00000042401,Metazoa_SRP
ENSCJAG00000031337,U6
ENSCJAG00000077312,
ENSCJAG00000076649,Metazoa_SRP
ENSCJAG00000016255,KIAA0930
ENSCJAG00000051995,U6
ENSCJAG00000015522,TAF6
ENSCJAG00000065498,cja-mir-9926
ENSCJAG00000010941,RASA1
ENSCJAG00000072422,
ENSCJAG00000013075,NDOR1
ENSCJAG00000046531,Metazoa_SRP
ENSCJAG00000048332,
ENSCJAG00000084795,U7
ENSCJAG00000004245,KCTD7
ENSCJAG00000016645,ARHGEF28
ENSCJAG00000034835,Y_RNA
ENSCJAG00000043681,HLA-G
ENSCJAG00000020276,KLKB1
ENSCJAG00000074696,Metazoa_SRP
ENSCJAG00000009283,GRK3
ENSCJAG00000080178,cja-mir-1249
ENSCJAG00000084700,Metazoa_SRP
ENSCJAG00000013109,RNF208
ENSCJAG00000073629,Metazoa_SRP
ENSCJAG00000010523,SEC14L3
ENSCJAG00000045599,STATH
ENSCJAG00000081233,Metazoa_SRP
ENSCJAG00000018071,GFI1B
ENSCJAG00000015542,AP4M1
ENSCJAG00000004252,RABGEF1
ENSCJAG00000020719,POLR1H
ENSCJAG00000009695,TLN1
ENSCJAG00000013115,CYSRT1
ENSCJAG00000085634,U7
ENSCJAG00000013220,
ENSCJAG00000078506,
ENSCJAG00000018248,NADK2
ENSCJAG00000082196,Metazoa_SRP
ENSCJAG00000023024,RNF224
ENSCJAG00000014255,CSN2
ENSCJAG00000055197,
ENSCJAG00000085794,Metazoa_SRP
ENSCJAG00000013242,
ENSCJAG00000083370,Metazoa_SRP
ENSCJAG00000079582,U6
ENSCJAG00000013117,
ENSCJAG00000004278,TMEM248
ENSCJAG00000048275,PPP1R11
ENSCJAG00000076300,
ENSCJAG00000006073,FAM149A
ENSCJAG00000080072,
ENSCJAG00000076132,Metazoa_SRP
ENSCJAG00000070823,Metazoa_SRP
ENSCJAG00000079320,Y_RNA
ENSCJAG00000008588,ADAMTS16
ENSCJAG00000081039,
ENSCJAG00000084590,5S_rRNA
ENSCJAG00000013129,CIMIP2A
ENSCJAG00000048624,
ENSCJAG00000062813,SBDS
ENSCJAG00000074831,
ENSCJAG00000079244,U6
ENSCJAG00000015583,MCM7
ENSCJAG00000035869,SEC14L4
ENSCJAG00000018039,GTF3C5
ENSCJAG00000013136,STPG3
ENSCJAG00000020706,RNF39
ENSCJAG00000068462,
ENSCJAG00000002195,CERK
ENSCJAG00000021031,CAMK2A
ENSCJAG00000014246,CSN1S1
ENSCJAG00000004295,TYW1
ENSCJAG00000053104,
ENSCJAG00000077039,5S_rRNA
ENSCJAG00000051594,
ENSCJAG00000051716,U7
ENSCJAG00000013147,NELFB
ENSCJAG00000025985,MIR106B
ENSCJAG00000086801,Metazoa_SRP
ENSCJAG00000072131,U4
ENSCJAG00000002185,TBC1D22A
ENSCJAG00000003112,MYO18B
ENSCJAG00000024482,cja-mir-93
ENSCJAG00000010617,PES1
ENSCJAG00000028986,MIR25
ENSCJAG00000039142,CD83
ENSCJAG00000070904,CALN1
ENSCJAG00000086287,
ENSCJAG00000015606,COPS6
ENSCJAG00000045361,RNF182
ENSCJAG00000065570,
ENSCJAG00000013248,HIATL1
ENSCJAG00000071221,
ENSCJAG00000009924,RGP1
ENSCJAG00000070586,
ENSCJAG00000083194,
ENSCJAG00000078857,Metazoa_SRP
ENSCJAG00000074654,
ENSCJAG00000035568,Metazoa_SRP
ENSCJAG00000073727,U4
ENSCJAG00000082676,U6
ENSCJAG00000071749,
ENSCJAG00000010645,TCN2
ENSCJAG00000039020,IRX1
ENSCJAG00000072164,
ENSCJAG00000085855,U7
ENSCJAG00000005178,GALNT17
ENSCJAG00000071831,
ENSCJAG00000013273,
ENSCJAG00000015656,ZNF3
ENSCJAG00000017757,SLC46A2
ENSCJAG00000077036,
ENSCJAG00000074312,U5
ENSCJAG00000078630,
ENSCJAG00000086021,Metazoa_SRP
ENSCJAG00000073503,Metazoa_SRP
ENSCJAG00000010663,SLC35E4
ENSCJAG00000075644,Metazoa_SRP
ENSCJAG00000083910,
ENSCJAG00000054418,
ENSCJAG00000018024,CEL
ENSCJAG00000016050,MCUR1
ENSCJAG00000048177,TAFA5
ENSCJAG00000074174,
ENSCJAG00000071743,Y_RNA
ENSCJAG00000077115,Metazoa_SRP
ENSCJAG00000084638,Metazoa_SRP
ENSCJAG00000077749,
ENSCJAG00000039119,DUSP18
ENSCJAG00000076538,
ENSCJAG00000013291,
ENSCJAG00000034291,U6
ENSCJAG00000018275,SKP2
ENSCJAG00000071036,
ENSCJAG00000016617,UTP15
ENSCJAG00000078402,
ENSCJAG00000008516,IRX2
ENSCJAG00000070081,Metazoa_SRP
ENSCJAG00000017766,ZFP37
ENSCJAG00000046899,ZKSCAN1
ENSCJAG00000083171,
ENSCJAG00000082377,Metazoa_SRP
ENSCJAG00000085015,
ENSCJAG00000076244,
ENSCJAG00000009895,GBA2
ENSCJAG00000071455,
ENSCJAG00000077371,
ENSCJAG00000082066,
ENSCJAG00000083641,Y_RNA
ENSCJAG00000078335,
ENSCJAG00000085869,
ENSCJAG00000080588,
ENSCJAG00000069757,
ENSCJAG00000058081,
ENSCJAG00000082690,AZGP1
ENSCJAG00000083054,
ENSCJAG00000075436,
ENSCJAG00000068886,
ENSCJAG00000058146,
ENSCJAG00000019797,RANBP9
ENSCJAG00000010679,OSBP2
ENSCJAG00000075114,
ENSCJAG00000070844,Metazoa_SRP
ENSCJAG00000070043,U6
ENSCJAG00000018000,RALGDS
ENSCJAG00000084092,
ENSCJAG00000015695,GJC3
ENSCJAG00000016612,ANKRA2
ENSCJAG00000009376,IRX4
ENSCJAG00000085512,
ENSCJAG00000074076,
ENSCJAG00000078356,
ENSCJAG00000047946,ARSI
ENSCJAG00000041233,SUSD3
ENSCJAG00000072799,
ENSCJAG00000087022,
ENSCJAG00000081291,
ENSCJAG00000078542,
ENSCJAG00000085915,
ENSCJAG00000085596,Metazoa_SRP
ENSCJAG00000033130,
ENSCJAG00000023868,
ENSCJAG00000082513,U7
ENSCJAG00000077619,
ENSCJAG00000076176,
ENSCJAG00000070354,Metazoa_SRP
ENSCJAG00000083390,
ENSCJAG00000075297,
ENSCJAG00000076603,
ENSCJAG00000046539,CARD19
ENSCJAG00000030936,U6
ENSCJAG00000016639,BRD1
ENSCJAG00000009958,MSMP
ENSCJAG00000085957,U6
ENSCJAG00000020702,TRIM40
ENSCJAG00000015702,TRIM4
ENSCJAG00000017776,SLC31A2
ENSCJAG00000043136,BTF3
ENSCJAG00000071849,U6
ENSCJAG00000019798,NOL7
ENSCJAG00000083587,MRPL36
ENSCJAG00000018328,LMBRD2
ENSCJAG00000065259,
ENSCJAG00000023025,TOR4A
ENSCJAG00000025428,U1
ENSCJAG00000065920,
ENSCJAG00000071616,NINJ1
ENSCJAG00000078051,
ENSCJAG00000072368,
ENSCJAG00000086588,
ENSCJAG00000012155,NFIB
ENSCJAG00000073835,
ENSCJAG00000057449,
ENSCJAG00000020701,TRIM10
ENSCJAG00000079613,
ENSCJAG00000031637,
ENSCJAG00000045258,FOXD1
ENSCJAG00000053998,Metazoa_SRP
ENSCJAG00000043109,GBGT1
ENSCJAG00000074849,
ENSCJAG00000009970,NPR2
ENSCJAG00000010729,MORC2
ENSCJAG00000085252,Metazoa_SRP
ENSCJAG00000083912,ZBED4
ENSCJAG00000068981,
ENSCJAG00000066060,
ENSCJAG00000020699,TRIM15
ENSCJAG00000072371,
ENSCJAG00000047401,FBXL3
ENSCJAG00000020993,TCOF1
ENSCJAG00000019802,SIRT5
ENSCJAG00000016677,ALG12
ENSCJAG00000034922,TMEM174
ENSCJAG00000078294,
ENSCJAG00000021191,
ENSCJAG00000047960,TRIM26
ENSCJAG00000016582,TMEM171
ENSCJAG00000018354,UGT3A1
ENSCJAG00000017793,FKBP15
ENSCJAG00000073858,U6
ENSCJAG00000021189,ACOD1
ENSCJAG00000017944,ABO
ENSCJAG00000015744,CYP3A4
ENSCJAG00000011431,WNK2
ENSCJAG00000071290,
ENSCJAG00000039228,GFOD1
ENSCJAG00000074135,SPAG8
ENSCJAG00000016693,CRELD2
ENSCJAG00000020681,TRIM39
ENSCJAG00000085079,SURF6
ENSCJAG00000075707,
ENSCJAG00000069916,TUG1
ENSCJAG00000016496,FCHO2
ENSCJAG00000072374,
ENSCJAG00000036098,Metazoa_SRP
ENSCJAG00000010068,HINT2
ENSCJAG00000086149,
ENSCJAG00000073645,Y_RNA
ENSCJAG00000071854,
ENSCJAG00000069205,RPP21
ENSCJAG00000010080,FAM221B
ENSCJAG00000077420,
ENSCJAG00000073803,Metazoa_SRP
ENSCJAG00000048165,
ENSCJAG00000024419,U3
ENSCJAG00000073072,SNORD24
ENSCJAG00000078475,Metazoa_SRP
ENSCJAG00000005152,TBC1D7
ENSCJAG00000065949,
ENSCJAG00000083563,SNORD36
ENSCJAG00000032794,
ENSCJAG00000077426,SNORD36
ENSCJAG00000047727,
ENSCJAG00000010090,TMEM8B
ENSCJAG00000085422,
ENSCJAG00000086843,SNORD36
ENSCJAG00000010736,SMTN
ENSCJAG00000018371,CAPSL
ENSCJAG00000003084,SEZ6L
ENSCJAG00000009542,SURF1
ENSCJAG00000038854,CD74
ENSCJAG00000064981,CYP3A5
ENSCJAG00000084501,Y_RNA
ENSCJAG00000065388,OR13J1
ENSCJAG00000076939,MED22
ENSCJAG00000077745,
ENSCJAG00000061186,
ENSCJAG00000018379,IL7R
ENSCJAG00000062051,HRCT1
ENSCJAG00000074658,SNORD24
ENSCJAG00000010769,SELENOM
ENSCJAG00000042967,HLA-E
ENSCJAG00000071693,
ENSCJAG00000078231,SNORD36
ENSCJAG00000071205,SNORD36
ENSCJAG00000029475,
ENSCJAG00000083549,
ENSCJAG00000017843,SLC31A1
ENSCJAG00000064350,CYP3A90
ENSCJAG00000073838,SNORD36
ENSCJAG00000041430,ZDHHC21
ENSCJAG00000009532,SURF2
ENSCJAG00000070311,CDC26
ENSCJAG00000020981,
ENSCJAG00000005137,PHACTR1
ENSCJAG00000018398,SPEF2
ENSCJAG00000012238,CER1
ENSCJAG00000017856,PRPF4
ENSCJAG00000053507,Metazoa_SRP
ENSCJAG00000010779,INPP5J
ENSCJAG00000080077,
ENSCJAG00000027969,U6
ENSCJAG00000039560,RNF183
ENSCJAG00000080217,U7
ENSCJAG00000081947,
ENSCJAG00000015783,ZSCAN25
ENSCJAG00000014836,SURF4
ENSCJAG00000027387,U3
ENSCJAG00000071769,Metazoa_SRP
ENSCJAG00000073217,WDR31
ENSCJAG00000039390,
ENSCJAG00000070416,U6
ENSCJAG00000012240,FREM1
ENSCJAG00000078990,
ENSCJAG00000079878,
ENSCJAG00000075083,
ENSCJAG00000033315,TMEM225B
ENSCJAG00000041274,BSPRY
ENSCJAG00000024708,U1
ENSCJAG00000077124,
ENSCJAG00000022540,HDHD3
ENSCJAG00000082832,
ENSCJAG00000010853,PLA2G3
ENSCJAG00000009746,STKLD1
ENSCJAG00000019996,GNL1
ENSCJAG00000020973,SYNPO
ENSCJAG00000076452,
ENSCJAG00000018457,PRLR
ENSCJAG00000078620,
ENSCJAG00000011461,FAM120A
ENSCJAG00000016409,TNPO1
ENSCJAG00000017894,
ENSCJAG00000079936,U6
ENSCJAG00000010869,RNF185
ENSCJAG00000032195,ZNF655
ENSCJAG00000060541,
ENSCJAG00000009774,REXO4
ENSCJAG00000047990,EDN1
ENSCJAG00000012327,C4orf27
ENSCJAG00000045733,POLE3
ENSCJAG00000017763,ZNF595
ENSCJAG00000018485,AGXT2
ENSCJAG00000039422,PRR3
ENSCJAG00000017924,C9orf43
ENSCJAG00000015808,ZNF394
ENSCJAG00000067200,
ENSCJAG00000010908,LIMK2
ENSCJAG00000076967,
ENSCJAG00000085397,Metazoa_SRP
ENSCJAG00000020967,MYOZ3
ENSCJAG00000005100,HIVEP1
ENSCJAG00000076126,
ENSCJAG00000085476,
ENSCJAG00000009791,ADAMTS13
ENSCJAG00000015788,ZKSCAN5
ENSCJAG00000071328,
ENSCJAG00000019968,ABCF1
ENSCJAG00000076733,Metazoa_SRP
ENSCJAG00000020963,RBM22
ENSCJAG00000018495,DNAJC21
ENSCJAG00000087261,
ENSCJAG00000017934,RGS3
ENSCJAG00000083295,
ENSCJAG00000017343,PHF2
ENSCJAG00000012405,
ENSCJAG00000078401,Metazoa_SRP
ENSCJAG00000084252,Metazoa_SRP
ENSCJAG00000015813,ZNF789
ENSCJAG00000012336,TTC39B
ENSCJAG00000054382,
ENSCJAG00000082071,Metazoa_SRP
ENSCJAG00000023009,OR2W1
ENSCJAG00000039627,Metazoa_SRP
ENSCJAG00000075091,SNORA70
ENSCJAG00000041292,NRARP
ENSCJAG00000023744,U6
ENSCJAG00000085836,
ENSCJAG00000012397,ZNF311
ENSCJAG00000076699,U6
ENSCJAG00000037730,Metazoa_SRP
ENSCJAG00000082824,
ENSCJAG00000019956,PPP1R10
ENSCJAG00000062614,RAD1
ENSCJAG00000056484,Metazoa_SRP
ENSCJAG00000005080,ADTRP
ENSCJAG00000042945,U4
ENSCJAG00000012363,TRIM27
ENSCJAG00000020943,DCTN4
ENSCJAG00000018506,BRIX1
ENSCJAG00000019949,MRPS18B
ENSCJAG00000072000,
ENSCJAG00000020946,UBAC2
ENSCJAG00000070629,
ENSCJAG00000013170,EXD3
ENSCJAG00000032429,U6
ENSCJAG00000029507,
ENSCJAG00000042454,
ENSCJAG00000047455,CACFD1
ENSCJAG00000074518,
ENSCJAG00000047015,Metazoa_SRP
ENSCJAG00000080663,COX20
ENSCJAG00000018521,TTC23L
ENSCJAG00000017408,PTPDC1
ENSCJAG00000076652,TMEM170B
ENSCJAG00000018566,SCAND3
ENSCJAG00000067756,
ENSCJAG00000031440,ZNF618
ENSCJAG00000071200,
ENSCJAG00000045407,ASPHD2
ENSCJAG00000079372,Y_RNA
ENSCJAG00000082960,U7
ENSCJAG00000019930,C6orf136
ENSCJAG00000075294,
ENSCJAG00000065240,GPR18
ENSCJAG00000018607,GPX5
ENSCJAG00000033837,SLC2A6
ENSCJAG00000079531,
ENSCJAG00000077450,
ENSCJAG00000041943,SMIM3
ENSCJAG00000081936,GPR183
ENSCJAG00000082712,
ENSCJAG00000085530,
ENSCJAG00000083074,
ENSCJAG00000086188,
ENSCJAG00000045415,
ENSCJAG00000018596,GPX6
ENSCJAG00000077475,
ENSCJAG00000078480,
ENSCJAG00000084049,
ENSCJAG00000084227,MYMK
ENSCJAG00000081222,
ENSCJAG00000016387,ZNF366
ENSCJAG00000018616,ZSCAN23
ENSCJAG00000045992,BARX1
ENSCJAG00000020955,TM9SF2
ENSCJAG00000013196,NOXA1
ENSCJAG00000083934,
ENSCJAG00000009961,ADAMTSL2
ENSCJAG00000069607,
ENSCJAG00000073158,
ENSCJAG00000018623,ZKSCAN3
ENSCJAG00000075853,
ENSCJAG00000081775,FAM163B
ENSCJAG00000078358,
ENSCJAG00000045495,ZSCAN31
ENSCJAG00000061184,
ENSCJAG00000070221,
ENSCJAG00000047898,
ENSCJAG00000079006,Metazoa_SRP
ENSCJAG00000020930,ZNF300
ENSCJAG00000019914,DHX16
ENSCJAG00000018636,PGBD1
ENSCJAG00000005060,NEDD9
ENSCJAG00000008312,
ENSCJAG00000009999,DBH
ENSCJAG00000017997,AMBP
ENSCJAG00000018539,RAI14
ENSCJAG00000059891,
ENSCJAG00000023988,MIRLET7A1
ENSCJAG00000013211,ENTPD8
ENSCJAG00000018640,ZSCAN26
ENSCJAG00000016364,PTCD2
ENSCJAG00000023807,MIRLET7F1
ENSCJAG00000076663,
ENSCJAG00000029798,cja-let-7d
ENSCJAG00000018007,KIF12
ENSCJAG00000078025,
ENSCJAG00000009864,SARDH
ENSCJAG00000020979,CLYBL
ENSCJAG00000018647,
ENSCJAG00000041587,TRMT10A
ENSCJAG00000019906,PPP1R18
ENSCJAG00000018650,ZKSCAN4
ENSCJAG00000020924,GPX3
ENSCJAG00000042138,
ENSCJAG00000031203,U6
ENSCJAG00000015119,C4orf17
ENSCJAG00000070602,Y_RNA
ENSCJAG00000018658,ZSCAN9
ENSCJAG00000047089,SMIM13
ENSCJAG00000016356,MRPS27
ENSCJAG00000019904,NRM
ENSCJAG00000071502,U6
ENSCJAG00000070147,Metazoa_SRP
ENSCJAG00000010973,PIK3IP1
ENSCJAG00000078635,Metazoa_SRP
ENSCJAG00000081521,Metazoa_SRP
ENSCJAG00000018671,ZKSCAN8
ENSCJAG00000080733,NSMF
ENSCJAG00000068381,
ENSCJAG00000021748,
ENSCJAG00000078976,Y_RNA
ENSCJAG00000060568,Metazoa_SRP
ENSCJAG00000042159,Metazoa_SRP
ENSCJAG00000018686,ZSCAN16
ENSCJAG00000080208,NDUFA4
ENSCJAG00000073675,
ENSCJAG00000030356,U1
ENSCJAG00000074945,Metazoa_SRP
ENSCJAG00000076508,
ENSCJAG00000072273,
ENSCJAG00000018687,ZNF165
ENSCJAG00000016333,MAP1B
ENSCJAG00000035362,
ENSCJAG00000046765,OR2B6
ENSCJAG00000046898,
ENSCJAG00000021887,
ENSCJAG00000071792,
ENSCJAG00000053010,
ENSCJAG00000010978,PATZ1
ENSCJAG00000045116,Metazoa_SRP
ENSCJAG00000072212,
ENSCJAG00000018689,OR2B2
ENSCJAG00000082358,
ENSCJAG00000019900,MDC1
ENSCJAG00000070641,
ENSCJAG00000038940,SPIN1
ENSCJAG00000081989,U7
ENSCJAG00000076206,
ENSCJAG00000048631,CARTPT
ENSCJAG00000018027,COL27A1
ENSCJAG00000084925,Metazoa_SRP
ENSCJAG00000070189,
ENSCJAG00000077817,
ENSCJAG00000020905,TNIP1
ENSCJAG00000081807,
ENSCJAG00000084843,
ENSCJAG00000015102,
ENSCJAG00000073883,
ENSCJAG00000040941,NXNL2
ENSCJAG00000080737,
ENSCJAG00000084335,
ENSCJAG00000071057,Metazoa_SRP
ENSCJAG00000075705,
ENSCJAG00000065903,
ENSCJAG00000083118,Metazoa_SRP
ENSCJAG00000079883,
ENSCJAG00000074422,
ENSCJAG00000045436,
ENSCJAG00000087094,Metazoa_SRP
ENSCJAG00000081388,
ENSCJAG00000071529,
ENSCJAG00000071938,
ENSCJAG00000042842,
ENSCJAG00000084319,
ENSCJAG00000043977,H1-5
ENSCJAG00000011009,DRG1
ENSCJAG00000079133,
ENSCJAG00000081728,
ENSCJAG00000082347,
ENSCJAG00000074341,
ENSCJAG00000077502,
ENSCJAG00000085177,
ENSCJAG00000045198,S1PR3
ENSCJAG00000077278,U6
ENSCJAG00000073666,
ENSCJAG00000070194,
ENSCJAG00000010024,VAV2
ENSCJAG00000048210,C1QTNF3
ENSCJAG00000083750,HIST1H2BF
ENSCJAG00000016310,MCCC2
ENSCJAG00000048479,TUBB
ENSCJAG00000083939,
ENSCJAG00000070018,
ENSCJAG00000011034,EIF4ENIF1
ENSCJAG00000013340,PNPLA7
ENSCJAG00000087051,
ENSCJAG00000077747,
ENSCJAG00000011207,SHC3
ENSCJAG00000082855,
ENSCJAG00000043981,AMACR
ENSCJAG00000075559,
ENSCJAG00000083678,
ENSCJAG00000070636,
ENSCJAG00000083224,
ENSCJAG00000085800,
ENSCJAG00000048504,Metazoa_SRP
ENSCJAG00000059590,
ENSCJAG00000019874,FLOT1
ENSCJAG00000072632,
ENSCJAG00000086824,
ENSCJAG00000072674,U1
ENSCJAG00000075716,
ENSCJAG00000077777,
ENSCJAG00000083139,
ENSCJAG00000082907,CKS2
ENSCJAG00000076998,U1
ENSCJAG00000018622,SLC45A2
ENSCJAG00000084702,
ENSCJAG00000042232,PAK1IP1
ENSCJAG00000077564,
ENSCJAG00000083436,Metazoa_SRP
ENSCJAG00000077121,Y_RNA
ENSCJAG00000051728,Y_RNA
ENSCJAG00000069848,U6
ENSCJAG00000084654,
ENSCJAG00000073833,U6
ENSCJAG00000045140,IER3
ENSCJAG00000076576,
ENSCJAG00000037342,U1
ENSCJAG00000021867,RXFP3
ENSCJAG00000074772,
ENSCJAG00000080110,
ENSCJAG00000011235,ZNF184
ENSCJAG00000044447,TMEM14C
ENSCJAG00000035338,U6
ENSCJAG00000074066,Metazoa_SRP
ENSCJAG00000007806,SECISBP2
ENSCJAG00000034364,BDP1
ENSCJAG00000007244,ADH4
ENSCJAG00000047952,
ENSCJAG00000022439,ZNF391
ENSCJAG00000013417,MRPL41
ENSCJAG00000070747,
ENSCJAG00000074393,Metazoa_SRP
ENSCJAG00000023093,
ENSCJAG00000065541,
ENSCJAG00000046350,
ENSCJAG00000044785,POM121L2
ENSCJAG00000072207,
ENSCJAG00000019860,
ENSCJAG00000063814,Y_RNA
ENSCJAG00000003336,TLE4
ENSCJAG00000013422,DPH7
ENSCJAG00000082318,
ENSCJAG00000073641,
ENSCJAG00000018638,ADAMTS12
ENSCJAG00000057432,DKK2
ENSCJAG00000011186,PRSS16
ENSCJAG00000048231,GTF2H4
ENSCJAG00000043141,
ENSCJAG00000081018,
ENSCJAG00000013432,ZMYND19
ENSCJAG00000072407,U6
ENSCJAG00000007198,
ENSCJAG00000079824,
ENSCJAG00000075385,Metazoa_SRP
ENSCJAG00000068588,U6
ENSCJAG00000077525,
ENSCJAG00000005161,AUTS2
ENSCJAG00000081516,
ENSCJAG00000085063,
ENSCJAG00000072040,
ENSCJAG00000040035,SERF1A
ENSCJAG00000003564,ANK2
ENSCJAG00000086908,HIST1H2BK
ENSCJAG00000065970,cja-mir-9913
ENSCJAG00000015900,GIMD1
ENSCJAG00000044057,
ENSCJAG00000074953,BRD3OS
ENSCJAG00000083567,
ENSCJAG00000069935,HIST1H2BJ
ENSCJAG00000076553,
ENSCJAG00000007883,SEMA4D
ENSCJAG00000010099,BRD3
ENSCJAG00000086799,
ENSCJAG00000015885,AIMP1
ENSCJAG00000074127,Y_RNA
ENSCJAG00000011175,ZNF322
ENSCJAG00000082880,U4
ENSCJAG00000078240,U6
ENSCJAG00000070667,
ENSCJAG00000075481,
ENSCJAG00000082546,
ENSCJAG00000084238,
ENSCJAG00000014226,SULT1E1
ENSCJAG00000011107,SFI1
ENSCJAG00000080537,
ENSCJAG00000085159,U4
ENSCJAG00000079395,
ENSCJAG00000019826,VARS2
ENSCJAG00000086476,
ENSCJAG00000085830,
ENSCJAG00000016290,
ENSCJAG00000086341,
ENSCJAG00000020887,ANXA6
ENSCJAG00000011174,ABT1
ENSCJAG00000007178,METAP1
ENSCJAG00000075259,
ENSCJAG00000021548,
ENSCJAG00000082529,
ENSCJAG00000010148,RXRA
ENSCJAG00000052461,
ENSCJAG00000022436,
ENSCJAG00000014206,SULT1B1
ENSCJAG00000015822,TBCK
ENSCJAG00000064067,
ENSCJAG00000075965,HMGN4
ENSCJAG00000069882,
ENSCJAG00000082147,
ENSCJAG00000011050,BTN1A1
ENSCJAG00000074690,
ENSCJAG00000024634,MIR455
ENSCJAG00000076669,
ENSCJAG00000055635,
ENSCJAG00000044848,HMX1
ENSCJAG00000075792,GADD45G
ENSCJAG00000018663,TARS1
ENSCJAG00000004491,
ENSCJAG00000078106,
ENSCJAG00000081165,
ENSCJAG00000070731,5S_rRNA
ENSCJAG00000074902,
ENSCJAG00000081886,Metazoa_SRP
ENSCJAG00000055923,
ENSCJAG00000071160,Metazoa_SRP
ENSCJAG00000001005,GJA10
ENSCJAG00000045403,SPAAR
ENSCJAG00000073255,U6
ENSCJAG00000082353,U6
ENSCJAG00000086138,
ENSCJAG00000079665,
ENSCJAG00000040081,ADRA2C
ENSCJAG00000086802,U7
ENSCJAG00000003319,PSAT1
ENSCJAG00000068570,Metazoa_SRP
ENSCJAG00000033328,Y_RNA
ENSCJAG00000070819,OR2S2
ENSCJAG00000047781,U6
ENSCJAG00000055764,Metazoa_SRP
ENSCJAG00000070076,Metazoa_SRP
ENSCJAG00000045515,
ENSCJAG00000073981,
ENSCJAG00000043644,FABP7
ENSCJAG00000080233,SFTA2
ENSCJAG00000029697,U2
ENSCJAG00000076355,U4
ENSCJAG00000084027,
ENSCJAG00000060558,
ENSCJAG00000001013,BACH2
ENSCJAG00000014192,UGT2A1
ENSCJAG00000075106,
ENSCJAG00000005728,NFIL3
ENSCJAG00000057072,Metazoa_SRP
ENSCJAG00000077396,
ENSCJAG00000056295,Metazoa_SRP
ENSCJAG00000018119,CEP135
ENSCJAG00000080137,
ENSCJAG00000040513,Metazoa_SRP
ENSCJAG00000082779,
ENSCJAG00000084609,
ENSCJAG00000085594,
ENSCJAG00000046391,Metazoa_SRP
ENSCJAG00000013237,LRPAP1
ENSCJAG00000047967,TLR6
ENSCJAG00000083526,U6
ENSCJAG00000081019,MUCL3
ENSCJAG00000071872,Y_RNA
ENSCJAG00000069706,OR13C7
ENSCJAG00000011048,BTN2A1
ENSCJAG00000039431,
ENSCJAG00000073222,
ENSCJAG00000083022,
ENSCJAG00000000831,TLR1
ENSCJAG00000085163,
ENSCJAG00000070818,
ENSCJAG00000035217,HLA-DOB
ENSCJAG00000005542,FIG4
ENSCJAG00000033965,U6
ENSCJAG00000083986,
ENSCJAG00000075799,
ENSCJAG00000002563,OTUD4
ENSCJAG00000000842,TLR10
ENSCJAG00000073781,
ENSCJAG00000070135,U6
ENSCJAG00000075478,MUC22
ENSCJAG00000054608,
ENSCJAG00000085883,U4
ENSCJAG00000047626,
ENSCJAG00000076192,Metazoa_SRP
ENSCJAG00000078804,
ENSCJAG00000005695,
ENSCJAG00000079314,U6
ENSCJAG00000004726,DDX60
ENSCJAG00000007151,EIF4E
ENSCJAG00000019537,SASH1
ENSCJAG00000038931,KLF3
ENSCJAG00000078253,
ENSCJAG00000071058,
ENSCJAG00000073912,
ENSCJAG00000074700,
ENSCJAG00000080219,
ENSCJAG00000020473,AKNA
ENSCJAG00000073451,U6
ENSCJAG00000085414,Metazoa_SRP
ENSCJAG00000083849,Metazoa_SRP
ENSCJAG00000013446,EHMT1
ENSCJAG00000076666,
ENSCJAG00000019814,C6orf15
ENSCJAG00000078391,
ENSCJAG00000072934,
ENSCJAG00000083306,
ENSCJAG00000013877,UGT2B4
ENSCJAG00000053655,cja-mir-548s
ENSCJAG00000052168,
ENSCJAG00000083669,Metazoa_SRP
ENSCJAG00000071691,
ENSCJAG00000021550,TAP2
ENSCJAG00000079928,
ENSCJAG00000071715,CDSN
ENSCJAG00000048484,SMPDL3A
ENSCJAG00000058244,
ENSCJAG00000014004,DOK7
ENSCJAG00000003289,CEP78
ENSCJAG00000031573,
ENSCJAG00000005666,SYK
ENSCJAG00000078524,Metazoa_SRP
ENSCJAG00000001026,MAP3K7
ENSCJAG00000019806,PSORS1C1
ENSCJAG00000010143,RECK
ENSCJAG00000085377,Metazoa_SRP
ENSCJAG00000084960,
ENSCJAG00000081440,
ENSCJAG00000018175,EXOC1
ENSCJAG00000019811,PSORS1C2
ENSCJAG00000085501,
ENSCJAG00000017532,
ENSCJAG00000062354,
ENSCJAG00000019562,UST
ENSCJAG00000075904,
ENSCJAG00000084082,
ENSCJAG00000039042,DIRAS2
ENSCJAG00000014937,CASTOR2
ENSCJAG00000086475,U6
ENSCJAG00000051243,
ENSCJAG00000081735,
ENSCJAG00000084185,Y_RNA
ENSCJAG00000070992,
ENSCJAG00000081286,Metazoa_SRP
ENSCJAG00000005525,GPR6
ENSCJAG00000080131,U4
ENSCJAG00000066083,
ENSCJAG00000063791,
ENSCJAG00000084061,
ENSCJAG00000001785,SPTLC1
ENSCJAG00000007128,TSPAN5
ENSCJAG00000011068,
ENSCJAG00000075744,
ENSCJAG00000081325,Metazoa_SRP
ENSCJAG00000084302,
ENSCJAG00000072342,Metazoa_SRP
ENSCJAG00000078246,
ENSCJAG00000071791,Metazoa_SRP
ENSCJAG00000014924,RCC1L
ENSCJAG00000014013,HGFAC
ENSCJAG00000085849,Metazoa_SRP
ENSCJAG00000018712,NPR3
ENSCJAG00000072229,
ENSCJAG00000070086,
ENSCJAG00000020921,TBC1D1
ENSCJAG00000077184,
ENSCJAG00000080337,
ENSCJAG00000021552,TAP1
ENSCJAG00000070008,
ENSCJAG00000051492,Metazoa_SRP
ENSCJAG00000072907,Metazoa_SRP
ENSCJAG00000019801,CCHCR1
ENSCJAG00000080024,
ENSCJAG00000070120,
ENSCJAG00000083923,Metazoa_SRP
ENSCJAG00000070339,
ENSCJAG00000086342,Y_RNA
ENSCJAG00000054020,
ENSCJAG00000086822,
ENSCJAG00000047976,UGT2B52
ENSCJAG00000070758,
ENSCJAG00000076590,
ENSCJAG00000015795,NPNT
ENSCJAG00000086607,
ENSCJAG00000005635,CTSL1
ENSCJAG00000071326,
ENSCJAG00000004702,ANXA10
ENSCJAG00000085356,U6
ENSCJAG00000042365,
ENSCJAG00000084023,
ENSCJAG00000005488,WASF1
ENSCJAG00000015512,CCDC69
ENSCJAG00000081086,
ENSCJAG00000040643,GLIPR2
ENSCJAG00000083097,
ENSCJAG00000079016,
ENSCJAG00000019580,TAB2
ENSCJAG00000030017,U3
ENSCJAG00000082656,
ENSCJAG00000048309,CLVS2
ENSCJAG00000083888,
ENSCJAG00000080289,
ENSCJAG00000085497,EXOC1L
ENSCJAG00000077926,
ENSCJAG00000057611,
ENSCJAG00000069435,
ENSCJAG00000073662,
ENSCJAG00000086876,U6
ENSCJAG00000072671,Metazoa_SRP
ENSCJAG00000012410,PDE10A
ENSCJAG00000002636,ABCE1
ENSCJAG00000083735,
ENSCJAG00000068075,
ENSCJAG00000003268,GNAQ
ENSCJAG00000087111,U6
ENSCJAG00000020462,WHRN
ENSCJAG00000073480,GM2A
ENSCJAG00000077080,
ENSCJAG00000050382,
ENSCJAG00000003822,
ENSCJAG00000010202,CCIN
ENSCJAG00000040079,TSPYL1
ENSCJAG00000074877,
ENSCJAG00000082348,
ENSCJAG00000080946,
ENSCJAG00000024157,
ENSCJAG00000021553,PSMB9
ENSCJAG00000019606,ZC3H12D
ENSCJAG00000085136,Metazoa_SRP
ENSCJAG00000084968,
ENSCJAG00000076966,
ENSCJAG00000073194,
ENSCJAG00000085224,Metazoa_SRP
ENSCJAG00000003266,
ENSCJAG00000085192,
ENSCJAG00000062613,
ENSCJAG00000019800,TCF19
ENSCJAG00000004671,SPOCK3
ENSCJAG00000021556,
ENSCJAG00000081543,
ENSCJAG00000005410,CDC40
ENSCJAG00000085576,
ENSCJAG00000071658,U7
ENSCJAG00000015538,SLC36A3
ENSCJAG00000072998,
ENSCJAG00000084225,Metazoa_SRP
ENSCJAG00000015763,GSTCD
ENSCJAG00000079355,Metazoa_SRP
ENSCJAG00000019613,PPIL4
ENSCJAG00000083039,Metazoa_SRP
ENSCJAG00000087176,
ENSCJAG00000025608,U6
ENSCJAG00000084472,
ENSCJAG00000075243,Metazoa_SRP
ENSCJAG00000074370,U4
ENSCJAG00000077530,
ENSCJAG00000005569,DAPK1
ENSCJAG00000084794,Metazoa_SRP
ENSCJAG00000004530,DSE
ENSCJAG00000076482,U7
ENSCJAG00000002797,
ENSCJAG00000060028,
ENSCJAG00000014023,RGS12
ENSCJAG00000084872,
ENSCJAG00000018237,NMU
ENSCJAG00000019789,POU5F1
ENSCJAG00000001086,EPHA7
ENSCJAG00000080786,
ENSCJAG00000010206,CLTA
ENSCJAG00000076954,
ENSCJAG00000005395,METTL24
ENSCJAG00000075542,
ENSCJAG00000054232,
ENSCJAG00000002663,ANAPC10
ENSCJAG00000071605,
ENSCJAG00000041179,
ENSCJAG00000018740,ZFR
ENSCJAG00000041597,H1-3
ENSCJAG00000070361,
ENSCJAG00000011154,PISD
ENSCJAG00000048139,Metazoa_SRP
ENSCJAG00000065882,cja-mir-9950
ENSCJAG00000085904,
ENSCJAG00000032275,
ENSCJAG00000082804,
ENSCJAG00000076557,
ENSCJAG00000074445,Metazoa_SRP
ENSCJAG00000071386,U6
ENSCJAG00000086200,
ENSCJAG00000009972,TMPRSS11E
ENSCJAG00000001845,TUT7
ENSCJAG00000003835,TRDN
ENSCJAG00000084627,Metazoa_SRP
ENSCJAG00000063592,
ENSCJAG00000085388,
ENSCJAG00000084579,Metazoa_SRP
ENSCJAG00000079833,
ENSCJAG00000020941,PGM2
ENSCJAG00000085953,
ENSCJAG00000076643,
ENSCJAG00000004524,CALHM6
ENSCJAG00000086023,U4
ENSCJAG00000073500,Metazoa_SRP
ENSCJAG00000072004,
ENSCJAG00000073539,HIST1H2BF
ENSCJAG00000070407,
ENSCJAG00000015751,INTS12
ENSCJAG00000080928,
ENSCJAG00000086692,
ENSCJAG00000021558,HLA-DMA
ENSCJAG00000087324,
ENSCJAG00000011163,PRR14L
ENSCJAG00000083743,
ENSCJAG00000046917,Metazoa_SRP
ENSCJAG00000019634,GINM1
ENSCJAG00000076258,
ENSCJAG00000070966,
ENSCJAG00000070230,
ENSCJAG00000058942,U3
ENSCJAG00000040131,
ENSCJAG00000076736,HIST1H2BF
ENSCJAG00000075932,
ENSCJAG00000058757,
ENSCJAG00000073225,Metazoa_SRP
ENSCJAG00000062186,
ENSCJAG00000074964,
ENSCJAG00000077848,H3F3A
ENSCJAG00000085666,
ENSCJAG00000070335,
ENSCJAG00000072675,
ENSCJAG00000035740,DDO
ENSCJAG00000068159,
ENSCJAG00000059917,
ENSCJAG00000075161,
ENSCJAG00000078838,
ENSCJAG00000086688,
ENSCJAG00000015747,
ENSCJAG00000081996,
ENSCJAG00000077738,
ENSCJAG00000084623,H2BC5
ENSCJAG00000072606,Metazoa_SRP
ENSCJAG00000079614,Y_RNA
ENSCJAG00000078715,
ENSCJAG00000085978,
ENSCJAG00000018258,PDCL2
ENSCJAG00000009934,YTHDC1
ENSCJAG00000063859,
ENSCJAG00000083588,Y_RNA
ENSCJAG00000041025,H1-4
ENSCJAG00000070682,
ENSCJAG00000029430,
ENSCJAG00000082998,
ENSCJAG00000045636,TMEM268
ENSCJAG00000084849,H2AC6
ENSCJAG00000056865,
ENSCJAG00000079686,Metazoa_SRP
ENSCJAG00000002666,HHIP
ENSCJAG00000031364,U4
ENSCJAG00000020965,RELL1
ENSCJAG00000073831,
ENSCJAG00000078629,HIST1H2BF
ENSCJAG00000086743,
ENSCJAG00000083694,
ENSCJAG00000048565,
ENSCJAG00000080391,
ENSCJAG00000062763,
ENSCJAG00000003830,PITX2
ENSCJAG00000072948,TEX53
ENSCJAG00000047743,H1-6
ENSCJAG00000083632,
ENSCJAG00000020970,C4orf19
ENSCJAG00000010234,GNE
ENSCJAG00000062074,
ENSCJAG00000004649,
ENSCJAG00000003701,FAM135A
ENSCJAG00000078456,
ENSCJAG00000055949,
ENSCJAG00000055944,
ENSCJAG00000040765,TEX48
ENSCJAG00000076000,U6
ENSCJAG00000066730,
ENSCJAG00000047130,MANEA
ENSCJAG00000069663,
ENSCJAG00000020972,NWD2
ENSCJAG00000061336,
ENSCJAG00000087018,
ENSCJAG00000018261,CLOCK
ENSCJAG00000009907,TMPRSS11B
ENSCJAG00000077925,Metazoa_SRP
ENSCJAG00000018783,MTMR12
ENSCJAG00000015715,PPA2
ENSCJAG00000073257,
ENSCJAG00000014062,MSANTD1
ENSCJAG00000078798,
ENSCJAG00000057214,
ENSCJAG00000021566,BRD2
ENSCJAG00000019640,KATNA1
ENSCJAG00000054643,
ENSCJAG00000042615,TNLG1B
ENSCJAG00000002707,GYPA
ENSCJAG00000005357,SLC22A16
ENSCJAG00000080693,
ENSCJAG00000075126,U6
ENSCJAG00000071065,
ENSCJAG00000078623,
ENSCJAG00000073812,
ENSCJAG00000056607,
ENSCJAG00000084358,
ENSCJAG00000083202,
ENSCJAG00000043135,FUT9
ENSCJAG00000069955,
ENSCJAG00000072977,
ENSCJAG00000013488,CACNA1B
ENSCJAG00000081599,
ENSCJAG00000009889,TMPRSS11F
ENSCJAG00000003856,ENPEP
ENSCJAG00000003056,MED23
ENSCJAG00000073575,
ENSCJAG00000012508,TBXT
ENSCJAG00000007058,RAP1GDS1
ENSCJAG00000078850,
ENSCJAG00000086880,
ENSCJAG00000069837,
ENSCJAG00000076015,Metazoa_SRP
ENSCJAG00000024986,
ENSCJAG00000056569,
ENSCJAG00000034582,NKAIN2
ENSCJAG00000081794,
ENSCJAG00000040124,TNFSF8
ENSCJAG00000001954,
ENSCJAG00000076169,
ENSCJAG00000077645,Y_RNA
ENSCJAG00000021571,HLA-DOA
ENSCJAG00000002787,NCF1
ENSCJAG00000035919,Metazoa_SRP
ENSCJAG00000009860,TMPRSS11A
ENSCJAG00000073547,5S_rRNA
ENSCJAG00000073079,
ENSCJAG00000078434,
ENSCJAG00000001179,UFL1
ENSCJAG00000080136,
ENSCJAG00000077669,
ENSCJAG00000020974,DTHD1
ENSCJAG00000012527,PRR18
ENSCJAG00000002729,FREM3
ENSCJAG00000055749,
ENSCJAG00000083776,
ENSCJAG00000062395,
ENSCJAG00000058884,
ENSCJAG00000009845,TMPRSS11D
ENSCJAG00000014995,GOLM1
ENSCJAG00000001218,FHL5
ENSCJAG00000084510,
ENSCJAG00000074852,U6
ENSCJAG00000012533,SFT2D1
ENSCJAG00000046061,TMEM165
ENSCJAG00000074482,Metazoa_SRP
ENSCJAG00000060051,Metazoa_SRP
ENSCJAG00000036939,Metazoa_SRP
ENSCJAG00000058699,U6
ENSCJAG00000026632,U4
ENSCJAG00000085143,U6
ENSCJAG00000057301,HLA-DPA1
ENSCJAG00000072101,Metazoa_SRP
ENSCJAG00000009197,LATS1
ENSCJAG00000077473,Metazoa_SRP
ENSCJAG00000083879,
ENSCJAG00000055512,
ENSCJAG00000070555,
ENSCJAG00000001235,NDUFAF4
ENSCJAG00000029588,U6
ENSCJAG00000068366,Y_RNA
ENSCJAG00000079741,U6
ENSCJAG00000040295,GNRHR
ENSCJAG00000080501,
ENSCJAG00000073808,
ENSCJAG00000080883,Metazoa_SRP
ENSCJAG00000082621,Metazoa_SRP
ENSCJAG00000075033,Y_RNA
ENSCJAG00000037751,
ENSCJAG00000037494,Metazoa_SRP
ENSCJAG00000015737,TET2
ENSCJAG00000078015,
ENSCJAG00000083616,
ENSCJAG00000005299,CDK19
ENSCJAG00000079865,
ENSCJAG00000052753,SRD5A3
ENSCJAG00000009353,TLL1
ENSCJAG00000043003,GOLPH3
ENSCJAG00000033988,U6
ENSCJAG00000085971,Metazoa_SRP
ENSCJAG00000024337,
ENSCJAG00000079830,
ENSCJAG00000012552,MPC1
ENSCJAG00000074022,
ENSCJAG00000074453,Metazoa_SRP
ENSCJAG00000076078,Metazoa_SRP
ENSCJAG00000003147,VPS13A
ENSCJAG00000073086,
ENSCJAG00000079598,U6
ENSCJAG00000009707,UBA6
ENSCJAG00000029125,Y_RNA
ENSCJAG00000071394,
ENSCJAG00000071489,U6
ENSCJAG00000085650,U6
ENSCJAG00000009221,NUP43
ENSCJAG00000074992,U4
ENSCJAG00000038985,Metazoa_SRP
ENSCJAG00000058024,
ENSCJAG00000006916,LMAN2
ENSCJAG00000021280,CDS2
ENSCJAG00000073936,U4
ENSCJAG00000032836,U7
ENSCJAG00000002735,SMARCA5
ENSCJAG00000071689,
ENSCJAG00000016182,GTF2I
ENSCJAG00000010299,RNF38
ENSCJAG00000059853,
ENSCJAG00000003808,RNF217
ENSCJAG00000072884,Metazoa_SRP
ENSCJAG00000021575,HLA-DPB1
ENSCJAG00000014933,NAA35
ENSCJAG00000073651,
ENSCJAG00000072736,
ENSCJAG00000042920,Metazoa_SRP
ENSCJAG00000038180,ELOVL6
ENSCJAG00000075701,
ENSCJAG00000082732,
ENSCJAG00000001597,HACE1
ENSCJAG00000017414,PIGT
ENSCJAG00000055351,
ENSCJAG00000037324,Metazoa_SRP
ENSCJAG00000073973,
ENSCJAG00000003698,SDHAF4
ENSCJAG00000085515,
ENSCJAG00000080969,
ENSCJAG00000057318,
ENSCJAG00000025325,U6
ENSCJAG00000039151,Metazoa_SRP
ENSCJAG00000018841,PDZD2
ENSCJAG00000084350,
ENSCJAG00000070790,
ENSCJAG00000080575,Metazoa_SRP
ENSCJAG00000079695,
ENSCJAG00000082746,
ENSCJAG00000018352,KDR
ENSCJAG00000001239,KLHL32
ENSCJAG00000063162,
ENSCJAG00000006943,MXD3
ENSCJAG00000082864,Y_RNA
ENSCJAG00000072461,
ENSCJAG00000079460,
ENSCJAG00000069608,Metazoa_SRP
ENSCJAG00000086353,
ENSCJAG00000071560,Y_RNA
ENSCJAG00000076852,
ENSCJAG00000084617,Metazoa_SRP
ENSCJAG00000078793,
ENSCJAG00000078467,
ENSCJAG00000073637,
ENSCJAG00000044149,STAP1
ENSCJAG00000071061,
ENSCJAG00000035828,Metazoa_SRP
ENSCJAG00000075152,Metazoa_SRP
ENSCJAG00000080503,Metazoa_SRP
ENSCJAG00000020421,TNC
ENSCJAG00000006953,PRELID1
ENSCJAG00000076377,
ENSCJAG00000069996,Metazoa_SRP
ENSCJAG00000020975,ARAP2
ENSCJAG00000070704,U6
ENSCJAG00000047711,CXXC4
ENSCJAG00000031965,U1
ENSCJAG00000008906,
ENSCJAG00000009230,
ENSCJAG00000062656,Metazoa_SRP
ENSCJAG00000082725,cja-mir-1895
ENSCJAG00000014069,HTT
ENSCJAG00000076437,
ENSCJAG00000006969,RAB24
ENSCJAG00000083899,
ENSCJAG00000000462,RPS6KA2
ENSCJAG00000073204,U6
ENSCJAG00000069612,
ENSCJAG00000073251,
ENSCJAG00000005257,AMD1
ENSCJAG00000038246,Metazoa_SRP
ENSCJAG00000083470,
ENSCJAG00000081606,
ENSCJAG00000074963,Metazoa_SRP
ENSCJAG00000062939,
ENSCJAG00000072109,TACR3
ENSCJAG00000082540,
ENSCJAG00000083569,U6
ENSCJAG00000077146,
ENSCJAG00000085340,
ENSCJAG00000083458,
ENSCJAG00000036142,Metazoa_SRP
ENSCJAG00000087276,U6
ENSCJAG00000017405,WFDC2
ENSCJAG00000003659,SMAP1
ENSCJAG00000082456,Metazoa_SRP
ENSCJAG00000064372,
ENSCJAG00000036065,
ENSCJAG00000035278,
ENSCJAG00000075683,PROKR2
ENSCJAG00000005248,GTF3C6
ENSCJAG00000085416,
ENSCJAG00000001254,MMS22L
ENSCJAG00000002803,GAB1
ENSCJAG00000016131,GTF2IRD1
ENSCJAG00000080666,
ENSCJAG00000073105,
ENSCJAG00000086303,
ENSCJAG00000084450,
ENSCJAG00000074238,U6
ENSCJAG00000083307,
ENSCJAG00000071395,
ENSCJAG00000010586,CFAP97D1
ENSCJAG00000007009,NSD1
ENSCJAG00000077898,U6
ENSCJAG00000003982,EGF
ENSCJAG00000017400,SPINT3
ENSCJAG00000069680,
ENSCJAG00000081212,U5
ENSCJAG00000072930,U1
ENSCJAG00000086669,
ENSCJAG00000073415,Metazoa_SRP
ENSCJAG00000022374,HTR1B
ENSCJAG00000012371,FSTL5
ENSCJAG00000019497,CENPC
ENSCJAG00000003786,TPD52L1
ENSCJAG00000009311,CPE
ENSCJAG00000079235,5S_rRNA
ENSCJAG00000086428,
ENSCJAG00000039425,WFDC6
ENSCJAG00000021577,COL11A2
ENSCJAG00000085763,
ENSCJAG00000053011,Metazoa_SRP
ENSCJAG00000001671,LIN28B
ENSCJAG00000038330,RPF2
ENSCJAG00000077718,
ENSCJAG00000015594,CENPE
ENSCJAG00000009284,LRP11
ENSCJAG00000073605,
ENSCJAG00000023900,U6
ENSCJAG00000081177,
ENSCJAG00000041977,KCTD12
ENSCJAG00000034767,MEI4
ENSCJAG00000080234,
ENSCJAG00000073963,
ENSCJAG00000018396,KIT
ENSCJAG00000084585,Metazoa_SRP
ENSCJAG00000085440,U6
ENSCJAG00000010362,MELK
ENSCJAG00000083832,
ENSCJAG00000086886,
ENSCJAG00000064513,B3GAT2
ENSCJAG00000040178,PET117
ENSCJAG00000021287,GPCPD1
ENSCJAG00000083707,
ENSCJAG00000070063,Metazoa_SRP
ENSCJAG00000075383,
ENSCJAG00000080595,
ENSCJAG00000085872,
ENSCJAG00000009301,MSMO1
ENSCJAG00000084523,EPPIN
ENSCJAG00000003947,CLIP2
ENSCJAG00000032715,
ENSCJAG00000061205,Y_RNA
ENSCJAG00000071217,
ENSCJAG00000064324,
ENSCJAG00000040281,Metazoa_SRP
ENSCJAG00000001683,BVES
ENSCJAG00000000469,
ENSCJAG00000080696,Metazoa_SRP
ENSCJAG00000005057,KAT14
ENSCJAG00000060913,
ENSCJAG00000078821,
ENSCJAG00000076181,
ENSCJAG00000084550,
ENSCJAG00000039643,BDH2
ENSCJAG00000072659,
ENSCJAG00000064145,
ENSCJAG00000083008,U6
ENSCJAG00000005204,SLC16A10
ENSCJAG00000070047,Metazoa_SRP
ENSCJAG00000001454,
ENSCJAG00000042217,
ENSCJAG00000078636,
ENSCJAG00000084381,Metazoa_SRP
ENSCJAG00000083555,
ENSCJAG00000085337,U6
ENSCJAG00000083515,
ENSCJAG00000025239,U2
ENSCJAG00000076276,Metazoa_SRP
ENSCJAG00000021540,RAET1E
ENSCJAG00000084735,Metazoa_SRP
ENSCJAG00000077933,S100A11
ENSCJAG00000073102,
ENSCJAG00000071779,
ENSCJAG00000060916,U2
ENSCJAG00000084652,Metazoa_SRP
ENSCJAG00000070181,
ENSCJAG00000057075,
ENSCJAG00000073855,
ENSCJAG00000086369,
ENSCJAG00000023334,OR3A1
ENSCJAG00000080270,U6
ENSCJAG00000081869,
ENSCJAG00000076487,
ENSCJAG00000001700,POPDC3
ENSCJAG00000074702,
ENSCJAG00000034050,U1
ENSCJAG00000047900,Metazoa_SRP
ENSCJAG00000079719,Metazoa_SRP
ENSCJAG00000003985,RFC2
ENSCJAG00000042747,U6
ENSCJAG00000014822,AGTPBP1
ENSCJAG00000057692,WFDC9
ENSCJAG00000075833,
ENSCJAG00000067763,U3
ENSCJAG00000002831,USP38
ENSCJAG00000082061,
ENSCJAG00000070558,
ENSCJAG00000053408,
ENSCJAG00000087034,
ENSCJAG00000071190,POLR2K
ENSCJAG00000083270,
ENSCJAG00000015568,SLC9B2
ENSCJAG00000073215,U6
ENSCJAG00000084538,
ENSCJAG00000082827,
ENSCJAG00000041163,
ENSCJAG00000078061,
ENSCJAG00000063184,
ENSCJAG00000007147,FGFR4
ENSCJAG00000005089,ZNF133
ENSCJAG00000082445,Metazoa_SRP
ENSCJAG00000059115,
ENSCJAG00000079744,U7
ENSCJAG00000075847,
ENSCJAG00000073948,
ENSCJAG00000046344,WFDC10A
ENSCJAG00000059733,
ENSCJAG00000021619,RXRB
ENSCJAG00000038376,
ENSCJAG00000070599,
ENSCJAG00000082180,
ENSCJAG00000080012,Metazoa_SRP
ENSCJAG00000078042,
ENSCJAG00000080591,
ENSCJAG00000039179,POU3F2
ENSCJAG00000077835,
ENSCJAG00000076341,
ENSCJAG00000040569,NUDT1
ENSCJAG00000086858,
ENSCJAG00000085755,
ENSCJAG00000077951,
ENSCJAG00000017378,WFDC11
ENSCJAG00000083979,Metazoa_SRP
ENSCJAG00000003998,LAT2
ENSCJAG00000071544,
ENSCJAG00000074059,
ENSCJAG00000056045,U2
ENSCJAG00000068547,cja-mir-548i-2
ENSCJAG00000009218,KLHL2
ENSCJAG00000083633,
ENSCJAG00000066859,
ENSCJAG00000073770,
ENSCJAG00000079707,Metazoa_SRP
ENSCJAG00000010684,IRAK1BP1
ENSCJAG00000070655,U6
ENSCJAG00000003295,JADE1
ENSCJAG00000085618,
ENSCJAG00000077832,
ENSCJAG00000061224,
ENSCJAG00000017373,
ENSCJAG00000080009,
ENSCJAG00000075802,
ENSCJAG00000087371,
ENSCJAG00000073552,Metazoa_SRP
ENSCJAG00000074205,
ENSCJAG00000071692,
ENSCJAG00000083159,
ENSCJAG00000076821,Metazoa_SRP
ENSCJAG00000085956,
ENSCJAG00000084404,
ENSCJAG00000073488,Metazoa_SRP
ENSCJAG00000046754,WFDC13
ENSCJAG00000085279,
ENSCJAG00000074473,Metazoa_SRP
ENSCJAG00000029107,
ENSCJAG00000073800,
ENSCJAG00000001457,MRM2
ENSCJAG00000085637,
ENSCJAG00000001288,FBXL4
ENSCJAG00000019820,EIF4H
ENSCJAG00000077978,
ENSCJAG00000082714,5S_rRNA
ENSCJAG00000003635,OGFRL1
ENSCJAG00000069624,U6
ENSCJAG00000001710,PREP
ENSCJAG00000051440,U6
ENSCJAG00000046516,cja-mir-548q-2
ENSCJAG00000017371,SPINT4
ENSCJAG00000074909,Y_RNA
ENSCJAG00000077931,
ENSCJAG00000073085,
ENSCJAG00000023504,U1
ENSCJAG00000007194,ZNF346
ENSCJAG00000080602,
ENSCJAG00000045813,LIMK1
ENSCJAG00000030915,cja-mir-30c
ENSCJAG00000053665,U3
ENSCJAG00000087284,Metazoa_SRP
ENSCJAG00000074414,
ENSCJAG00000061140,U3
ENSCJAG00000023542,cja-mir-30a
ENSCJAG00000021295,CHGB
ENSCJAG00000075675,Metazoa_SRP
ENSCJAG00000022802,RTL6
ENSCJAG00000003773,HDDC2
ENSCJAG00000076179,
ENSCJAG00000000473,CEP43
ENSCJAG00000084509,Metazoa_SRP
ENSCJAG00000069771,Metazoa_SRP
ENSCJAG00000010691,PHIP
ENSCJAG00000076962,
ENSCJAG00000084365,
ENSCJAG00000018415,PDGFRA
ENSCJAG00000072874,
ENSCJAG00000078252,
ENSCJAG00000075475,
ENSCJAG00000017367,WFDC3
ENSCJAG00000044916,Metazoa_SRP
ENSCJAG00000084626,Y_RNA
ENSCJAG00000053642,Metazoa_SRP
ENSCJAG00000005032,REV3L
ENSCJAG00000002842,INPP4B
ENSCJAG00000020994,PCDH7
ENSCJAG00000042064,
ENSCJAG00000043118,U4
ENSCJAG00000086605,
ENSCJAG00000071438,
ENSCJAG00000073822,
ENSCJAG00000085198,Metazoa_SRP
ENSCJAG00000055252,
ENSCJAG00000057007,
ENSCJAG00000077079,
ENSCJAG00000080763,Y_RNA
ENSCJAG00000037208,Y_RNA
ENSCJAG00000073969,
ENSCJAG00000008436,SHISAL1
ENSCJAG00000082735,U1
ENSCJAG00000079646,Y_RNA
ENSCJAG00000003328,PGRMC2
ENSCJAG00000001463,MAD1L1
ENSCJAG00000082840,U4
ENSCJAG00000074204,Metazoa_SRP
ENSCJAG00000027468,U1
ENSCJAG00000080937,
ENSCJAG00000077853,
ENSCJAG00000057513,
ENSCJAG00000013469,
ENSCJAG00000078891,
ENSCJAG00000021622,SLC39A7
ENSCJAG00000077360,Metazoa_SRP
ENSCJAG00000073695,Metazoa_SRP
ENSCJAG00000070040,U4
ENSCJAG00000004015,LRIT3
ENSCJAG00000045628,ATP5MF
ENSCJAG00000015534,SLC9B1
ENSCJAG00000084779,
ENSCJAG00000016758,TMEM270
ENSCJAG00000021177,LMO7
ENSCJAG00000087353,
ENSCJAG00000007106,UIMC1
ENSCJAG00000035174,
ENSCJAG00000028999,
ENSCJAG00000000029,PARVG
ENSCJAG00000080059,
ENSCJAG00000069652,
ENSCJAG00000016763,METTL27
ENSCJAG00000021296,TRMT6
ENSCJAG00000075797,U6
ENSCJAG00000081858,
ENSCJAG00000085399,
ENSCJAG00000086180,U6
ENSCJAG00000021928,CLDN4
ENSCJAG00000080187,
ENSCJAG00000074740,
ENSCJAG00000017366,DNTTIP1
ENSCJAG00000001311,FAXC
ENSCJAG00000004028,RRH
ENSCJAG00000083494,Metazoa_SRP
ENSCJAG00000062864,
ENSCJAG00000021632,HSD17B8
ENSCJAG00000075914,
ENSCJAG00000082399,Metazoa_SRP
ENSCJAG00000043402,CISD2
ENSCJAG00000079152,
ENSCJAG00000075499,Metazoa_SRP
ENSCJAG00000077699,U6
ENSCJAG00000086932,
ENSCJAG00000082261,GAR1
ENSCJAG00000076260,Y_RNA
ENSCJAG00000080560,
ENSCJAG00000055859,Metazoa_SRP
ENSCJAG00000078213,
ENSCJAG00000085564,Y_RNA
ENSCJAG00000060390,
ENSCJAG00000016766,CLDN3
ENSCJAG00000079273,
ENSCJAG00000077820,Metazoa_SRP
ENSCJAG00000075740,Metazoa_SRP
ENSCJAG00000070562,Metazoa_SRP
ENSCJAG00000042012,U2
ENSCJAG00000010800,HMGN3
ENSCJAG00000029305,
ENSCJAG00000085831,
ENSCJAG00000083864,
ENSCJAG00000086980,
ENSCJAG00000084847,
ENSCJAG00000078769,
ENSCJAG00000005123,DZANK1
ENSCJAG00000073737,Metazoa_SRP
ENSCJAG00000032599,U6
ENSCJAG00000007223,HK3
ENSCJAG00000084121,
ENSCJAG00000076555,
ENSCJAG00000059296,
ENSCJAG00000072480,
ENSCJAG00000078074,
ENSCJAG00000082974,U6
ENSCJAG00000068751,
ENSCJAG00000069975,
ENSCJAG00000082644,Y_RNA
ENSCJAG00000052114,
ENSCJAG00000040132,U4
ENSCJAG00000071685,
ENSCJAG00000015826,CPSF4
ENSCJAG00000084122,Metazoa_SRP
ENSCJAG00000077314,
ENSCJAG00000085403,
ENSCJAG00000065977,
ENSCJAG00000085891,
ENSCJAG00000052233,
ENSCJAG00000016768,ABHD11
ENSCJAG00000079213,
ENSCJAG00000015066,PARVB
ENSCJAG00000070701,
ENSCJAG00000077421,PPP1R14C
ENSCJAG00000079828,
ENSCJAG00000081691,RING1
ENSCJAG00000018454,GSX2
ENSCJAG00000041089,U2
ENSCJAG00000082558,
ENSCJAG00000082139,
ENSCJAG00000072336,
ENSCJAG00000021298,MCM8
ENSCJAG00000080261,
ENSCJAG00000041161,ELFN1
ENSCJAG00000081988,Y_RNA
ENSCJAG00000004249,CFI
ENSCJAG00000059763,U2
ENSCJAG00000022901,
ENSCJAG00000078820,
ENSCJAG00000073614,
ENSCJAG00000084436,
ENSCJAG00000081954,
ENSCJAG00000007049,STPG2
ENSCJAG00000071492,
ENSCJAG00000056139,HEY2
ENSCJAG00000083120,
ENSCJAG00000083365,
ENSCJAG00000076944,CCR6
ENSCJAG00000070327,U4
ENSCJAG00000083983,
ENSCJAG00000078541,5S_rRNA
ENSCJAG00000085718,
ENSCJAG00000073562,
ENSCJAG00000078319,
ENSCJAG00000057131,
ENSCJAG00000083829,U4
ENSCJAG00000070540,
ENSCJAG00000015815,PTCD1
ENSCJAG00000004513,TRAPPC3L
ENSCJAG00000081450,Y_RNA
ENSCJAG00000072759,Metazoa_SRP
ENSCJAG00000026001,U2
ENSCJAG00000041672,U2
ENSCJAG00000072428,C6orf52
ENSCJAG00000041961,CHIC2
ENSCJAG00000084581,
ENSCJAG00000000501,
ENSCJAG00000074991,U7
ENSCJAG00000075482,
ENSCJAG00000001475,TMEM184A
ENSCJAG00000039113,UBE2C
ENSCJAG00000040139,Metazoa_SRP
ENSCJAG00000082360,
ENSCJAG00000038989,UBE2D3
ENSCJAG00000059277,FAM26E
ENSCJAG00000002909,IL15
ENSCJAG00000082400,
ENSCJAG00000078235,
ENSCJAG00000009198,TMEM192
ENSCJAG00000085363,PLA2G12A
ENSCJAG00000069917,Metazoa_SRP
ENSCJAG00000015836,BUD31
ENSCJAG00000079443,Y_RNA
ENSCJAG00000083456,
ENSCJAG00000004951,TRAF3IP2
ENSCJAG00000001326,COQ3
ENSCJAG00000004499,CALHM4
ENSCJAG00000054891,Metazoa_SRP
ENSCJAG00000020401,PAPPA
ENSCJAG00000081964,
ENSCJAG00000077331,
ENSCJAG00000016769,STX1A
ENSCJAG00000082324,
ENSCJAG00000069761,
ENSCJAG00000069915,Y_RNA
ENSCJAG00000010379,PAX5
ENSCJAG00000082669,Y_RNA
ENSCJAG00000013438,IYD
ENSCJAG00000075389,
ENSCJAG00000081848,
ENSCJAG00000021644,VPS52
ENSCJAG00000071045,
ENSCJAG00000045529,Metazoa_SRP
ENSCJAG00000085890,
ENSCJAG00000003338,LARP1B
ENSCJAG00000076362,
ENSCJAG00000020997,STIM2
ENSCJAG00000086923,
ENSCJAG00000087289,
ENSCJAG00000004474,RWDD1
ENSCJAG00000076882,
ENSCJAG00000006306,ATG5
ENSCJAG00000063947,
ENSCJAG00000074354,
ENSCJAG00000012870,TTLL2
ENSCJAG00000074939,Metazoa_SRP
ENSCJAG00000016170,CASP6
ENSCJAG00000083151,Metazoa_SRP
ENSCJAG00000080661,
ENSCJAG00000014129,GRK4
ENSCJAG00000077973,
ENSCJAG00000015838,PDAP1
ENSCJAG00000001473,PSMG3
ENSCJAG00000085815,U4
ENSCJAG00000001335,PNISR
ENSCJAG00000074827,
ENSCJAG00000015070,SAMM50
ENSCJAG00000073171,5S_rRNA
ENSCJAG00000077255,
ENSCJAG00000016799,WBSCR22
ENSCJAG00000077024,
ENSCJAG00000060980,Metazoa_SRP
ENSCJAG00000086403,Metazoa_SRP
ENSCJAG00000084201,
ENSCJAG00000018469,LNX1
ENSCJAG00000085396,
ENSCJAG00000072811,U6
ENSCJAG00000016158,MCUB
ENSCJAG00000078651,
ENSCJAG00000012850,UNC93A
ENSCJAG00000040176,DNAJC30
ENSCJAG00000021302,CRLS1
ENSCJAG00000064577,TRIM61
ENSCJAG00000079094,
ENSCJAG00000086444,
ENSCJAG00000080218,
ENSCJAG00000004878,FYN
ENSCJAG00000035381,
ENSCJAG00000022029,PDHA2
ENSCJAG00000016807,VPS37D
ENSCJAG00000080085,
ENSCJAG00000005159,POLR3F
ENSCJAG00000020565,EPHA5
ENSCJAG00000053895,Metazoa_SRP
ENSCJAG00000084706,MAFK
ENSCJAG00000003719,NCOA7
ENSCJAG00000015849,ARPC1B
ENSCJAG00000068598,
ENSCJAG00000004455,RSPH4A
ENSCJAG00000085375,
ENSCJAG00000081040,
ENSCJAG00000075666,Metazoa_SRP
ENSCJAG00000045557,Metazoa_SRP
ENSCJAG00000003897,NTRK2
ENSCJAG00000070439,
ENSCJAG00000017357,TNNC2
ENSCJAG00000073324,
ENSCJAG00000070193,
ENSCJAG00000002931,ZNF330
ENSCJAG00000021650,RPS18
ENSCJAG00000015142,PNPLA3
ENSCJAG00000061286,TRIM75
ENSCJAG00000013414,PLEKHG1
ENSCJAG00000075670,Metazoa_SRP
ENSCJAG00000074071,
ENSCJAG00000001356,USP45
ENSCJAG00000043810,Metazoa_SRP
ENSCJAG00000009737,RIMS1
ENSCJAG00000084804,
ENSCJAG00000080705,
ENSCJAG00000076718,LRRN4
ENSCJAG00000085934,
ENSCJAG00000043225,B3GALT4
ENSCJAG00000014174,NOP14
ENSCJAG00000080016,
ENSCJAG00000001355,RAPGEF2
ENSCJAG00000005170,RBBP9
ENSCJAG00000079239,
ENSCJAG00000076734,
ENSCJAG00000070850,
ENSCJAG00000015859,ARPC1A
ENSCJAG00000071468,Metazoa_SRP
ENSCJAG00000015166,PNPLA5
ENSCJAG00000074929,
ENSCJAG00000082483,
ENSCJAG00000040149,
ENSCJAG00000016082,SEC24B
ENSCJAG00000053405,
ENSCJAG00000083751,U6
ENSCJAG00000079596,
ENSCJAG00000021659,WDR46
ENSCJAG00000079207,
ENSCJAG00000016246,
ENSCJAG00000004862,CCN6
ENSCJAG00000021304,FERMT1
ENSCJAG00000067085,
ENSCJAG00000069987,
ENSCJAG00000076540,
ENSCJAG00000068221,
ENSCJAG00000015943,KPNA7
ENSCJAG00000076359,
ENSCJAG00000071588,cja-mir-9984-2
ENSCJAG00000001484,INTS1
ENSCJAG00000069932,APELA
ENSCJAG00000082009,Metazoa_SRP
ENSCJAG00000061310,
ENSCJAG00000074347,Metazoa_SRP
ENSCJAG00000078592,U6
ENSCJAG00000002960,RNF150
ENSCJAG00000017344,SNX21
ENSCJAG00000020386,ASTN2
ENSCJAG00000075314,
ENSCJAG00000046462,Metazoa_SRP
ENSCJAG00000059725,
ENSCJAG00000057114,
ENSCJAG00000086898,
ENSCJAG00000080017,U3
ENSCJAG00000056600,BMP2
ENSCJAG00000004437,ZUP1
ENSCJAG00000015192,SULT4A1
ENSCJAG00000056352,
ENSCJAG00000046658,LCA5
ENSCJAG00000021665,PFDN6
ENSCJAG00000079385,U4
ENSCJAG00000012493,
ENSCJAG00000083048,
ENSCJAG00000031571,
ENSCJAG00000021311,HAO1
ENSCJAG00000006332,PRDM1
ENSCJAG00000073373,
ENSCJAG00000006998,UNC5C
ENSCJAG00000068850,
ENSCJAG00000083211,
ENSCJAG00000076626,
ENSCJAG00000070498,
ENSCJAG00000080627,Y_RNA
ENSCJAG00000074110,
ENSCJAG00000064066,
ENSCJAG00000043535,SMIM31
ENSCJAG00000073902,
ENSCJAG00000065760,
ENSCJAG00000083362,
ENSCJAG00000004829,TUBE1
ENSCJAG00000074625,Metazoa_SRP
ENSCJAG00000016225,OCLN
ENSCJAG00000021316,TMX4
ENSCJAG00000035173,U6
ENSCJAG00000024514,Y_RNA
ENSCJAG00000010860,SH3BGRL2
ENSCJAG00000005179,SEC23B
ENSCJAG00000086056,Metazoa_SRP
ENSCJAG00000014217,MFSD10
ENSCJAG00000080812,Y_RNA
ENSCJAG00000083506,
ENSCJAG00000082349,
ENSCJAG00000015423,MANBA
ENSCJAG00000013404,MTHFD1L
ENSCJAG00000072680,
ENSCJAG00000071810,
ENSCJAG00000079710,
ENSCJAG00000008265,
ENSCJAG00000074624,
ENSCJAG00000078359,
ENSCJAG00000078728,U6
ENSCJAG00000083251,
ENSCJAG00000021004,TBC1D19
ENSCJAG00000074721,Metazoa_SRP
ENSCJAG00000079240,
ENSCJAG00000084438,
ENSCJAG00000070737,Metazoa_SRP
ENSCJAG00000080528,U6
ENSCJAG00000086061,
ENSCJAG00000004394,KPNA5
ENSCJAG00000035327,U6
ENSCJAG00000018490,FIP1L1
ENSCJAG00000073349,
ENSCJAG00000078751,5S_rRNA
ENSCJAG00000082984,
ENSCJAG00000010423,
ENSCJAG00000043717,HINT3
ENSCJAG00000039327,Metazoa_SRP
ENSCJAG00000075678,
ENSCJAG00000071013,
ENSCJAG00000079899,
ENSCJAG00000086139,
ENSCJAG00000080630,
ENSCJAG00000000530,CARD10
ENSCJAG00000001388,CCNC
ENSCJAG00000015219,EFCAB6
ENSCJAG00000079459,
ENSCJAG00000021668,RGL2
ENSCJAG00000087252,
ENSCJAG00000046325,SMURF1
ENSCJAG00000033330,U6
ENSCJAG00000076949,
ENSCJAG00000075344,
ENSCJAG00000007677,
ENSCJAG00000066970,ELOVL4
ENSCJAG00000080739,
ENSCJAG00000086953,FAM229B
ENSCJAG00000017332,ACOT8
ENSCJAG00000047538,
ENSCJAG00000030064,
ENSCJAG00000077349,Metazoa_SRP
ENSCJAG00000085496,Metazoa_SRP
ENSCJAG00000001532,MICALL2
ENSCJAG00000000527,CDC42EP1
ENSCJAG00000074661,
ENSCJAG00000048299,Metazoa_SRP
ENSCJAG00000016202,MARVELD2
ENSCJAG00000010993,HFE
ENSCJAG00000017328,ZSWIM3
ENSCJAG00000003868,SLC28A3
ENSCJAG00000041413,Metazoa_SRP
ENSCJAG00000086926,
ENSCJAG00000085807,
ENSCJAG00000070571,Y_RNA
ENSCJAG00000078727,
ENSCJAG00000003356,ABHD18
ENSCJAG00000046141,LGALS2
ENSCJAG00000072141,
ENSCJAG00000006246,CRYBG1
ENSCJAG00000017325,ZSWIM1
ENSCJAG00000079526,
ENSCJAG00000072166,
ENSCJAG00000053305,TECRL
ENSCJAG00000002968,TBC1D9
ENSCJAG00000072038,
ENSCJAG00000075427,Metazoa_SRP
ENSCJAG00000003686,TRMT11
ENSCJAG00000010465,ZCCHC7
ENSCJAG00000075882,
ENSCJAG00000017323,SPATA25
ENSCJAG00000014227,ADD1
ENSCJAG00000080584,Metazoa_SRP
ENSCJAG00000018992,GABRA4
ENSCJAG00000039816,PRDM13
ENSCJAG00000011169,DEPDC5
ENSCJAG00000055731,FAM162B
ENSCJAG00000074460,
ENSCJAG00000017320,NEURL2
ENSCJAG00000085158,Y_RNA
ENSCJAG00000004703,LAMA4
ENSCJAG00000070960,
ENSCJAG00000073731,UCHL3
ENSCJAG00000084329,
ENSCJAG00000012479,MARCHF1
ENSCJAG00000079166,Y_RNA
ENSCJAG00000016163,RAD17
ENSCJAG00000004373,GPRC6A
ENSCJAG00000062726,
ENSCJAG00000071414,U1
ENSCJAG00000010886,TTK
ENSCJAG00000001474,MCHR2
ENSCJAG00000075289,
ENSCJAG00000076766,Metazoa_SRP
ENSCJAG00000078072,5S_rRNA
ENSCJAG00000000513,GGA1
ENSCJAG00000083281,CCKAR
ENSCJAG00000014702,AFDN
ENSCJAG00000086015,
ENSCJAG00000021317,PLCB1
ENSCJAG00000077889,U6
ENSCJAG00000018545,SCFD2
ENSCJAG00000067819,
ENSCJAG00000010474,GRHPR
ENSCJAG00000053840,
ENSCJAG00000076426,COX7B2
ENSCJAG00000075015,
ENSCJAG00000040323,U6
ENSCJAG00000047395,cja-mir-548t
ENSCJAG00000086297,U6
ENSCJAG00000084908,U6
ENSCJAG00000021675,TAPBP
ENSCJAG00000070058,
ENSCJAG00000048367,U4
ENSCJAG00000073738,Metazoa_SRP
ENSCJAG00000004349,RFX6
ENSCJAG00000084435,
ENSCJAG00000069977,Metazoa_SRP
ENSCJAG00000001643,MPPED1
ENSCJAG00000076171,U6
ENSCJAG00000081020,Y_RNA
ENSCJAG00000079990,
ENSCJAG00000025440,U4
ENSCJAG00000001495,SIM1
ENSCJAG00000017300,CTSA
ENSCJAG00000076068,
ENSCJAG00000013402,AKAP12
ENSCJAG00000003860,RMI1
ENSCJAG00000083645,
ENSCJAG00000010502,ZBTB5
ENSCJAG00000074164,U6
ENSCJAG00000042913,Y_RNA
ENSCJAG00000083647,Y_RNA
ENSCJAG00000081090,
ENSCJAG00000021676,ZBTB22
ENSCJAG00000072048,RASL11B
ENSCJAG00000045212,U4
ENSCJAG00000036421,AK6
ENSCJAG00000082432,
ENSCJAG00000054365,
ENSCJAG00000077215,Y_RNA
ENSCJAG00000073492,
ENSCJAG00000079352,U6
ENSCJAG00000085851,
ENSCJAG00000069903,
ENSCJAG00000072955,Y_RNA
ENSCJAG00000076075,
ENSCJAG00000031694,SH3BP1
ENSCJAG00000084572,
ENSCJAG00000025532,Y_RNA
ENSCJAG00000040016,COMMD6
ENSCJAG00000063435,
ENSCJAG00000078334,
ENSCJAG00000076119,
ENSCJAG00000021679,DAXX
ENSCJAG00000016026,COL25A1
ENSCJAG00000072641,Y_RNA
ENSCJAG00000087049,Metazoa_SRP
ENSCJAG00000081855,U4
ENSCJAG00000069028,
ENSCJAG00000076907,U1
ENSCJAG00000003750,HNRNPK
ENSCJAG00000010953,BCKDHB
ENSCJAG00000031853,
ENSCJAG00000006930,BMPR1B
ENSCJAG00000074237,U6
ENSCJAG00000077367,
ENSCJAG00000058256,
ENSCJAG00000010512,POLR1E
ENSCJAG00000001507,ASCC3
ENSCJAG00000079905,ENPP3
ENSCJAG00000006218,RTN4IP1
ENSCJAG00000015382,NFKB1
ENSCJAG00000039117,UNCX
ENSCJAG00000047042,
ENSCJAG00000062102,ERVMER34-1
ENSCJAG00000038479,CENPW
ENSCJAG00000058141,TRIM32
ENSCJAG00000016122,CCDC125
ENSCJAG00000001645,SCUBE1
ENSCJAG00000077845,SNORA26
ENSCJAG00000052899,SMIM40
ENSCJAG00000018998,GABRA2
ENSCJAG00000057010,ZBTB2
ENSCJAG00000070976,
ENSCJAG00000071132,Y_RNA
ENSCJAG00000071609,
ENSCJAG00000075907,U6
ENSCJAG00000012519,PDXP
ENSCJAG00000004345,VGLL2
ENSCJAG00000086205,
ENSCJAG00000072100,
ENSCJAG00000024345,cja-mir-7
ENSCJAG00000085706,Y_RNA
ENSCJAG00000040575,ZIC5
ENSCJAG00000062317,
ENSCJAG00000014306,SH3BP2
ENSCJAG00000086632,
ENSCJAG00000074126,
ENSCJAG00000046595,Metazoa_SRP
ENSCJAG00000078918,
ENSCJAG00000084328,
ENSCJAG00000012470,TMA16
ENSCJAG00000074272,
ENSCJAG00000076742,
ENSCJAG00000001550,
ENSCJAG00000048138,HIST1H1C
ENSCJAG00000003739,QNG1
ENSCJAG00000039253,LGALS1
ENSCJAG00000081527,
ENSCJAG00000003382,MFSD8
ENSCJAG00000073359,
ENSCJAG00000020988,ZIC2
ENSCJAG00000077461,
ENSCJAG00000010535,FBXO10
ENSCJAG00000072078,
ENSCJAG00000079163,
ENSCJAG00000065341,TLR4
ENSCJAG00000021681,KIFC1
ENSCJAG00000076647,
ENSCJAG00000072515,
ENSCJAG00000071634,
ENSCJAG00000006200,QRSL1
ENSCJAG00000062569,
ENSCJAG00000086682,U6
ENSCJAG00000081948,
ENSCJAG00000015776,ZFAND2A
ENSCJAG00000079337,
ENSCJAG00000070089,NOL12
ENSCJAG00000074165,Metazoa_SRP
ENSCJAG00000013350,RMND1
ENSCJAG00000085028,U6
ENSCJAG00000018556,USP46
ENSCJAG00000005306,DTD1
ENSCJAG00000042779,
ENSCJAG00000033513,Y_RNA
ENSCJAG00000078546,
ENSCJAG00000021033,RBPJ
ENSCJAG00000016093,CDK7
ENSCJAG00000081453,U6
ENSCJAG00000085537,Metazoa_SRP
ENSCJAG00000076418,
ENSCJAG00000079969,H2BC3
ENSCJAG00000001674,TTLL12
ENSCJAG00000003691,KIF27
ENSCJAG00000068766,
ENSCJAG00000082805,
ENSCJAG00000066391,
ENSCJAG00000003017,UCP1
ENSCJAG00000069956,
ENSCJAG00000080314,TOMM5
ENSCJAG00000081878,
ENSCJAG00000069962,
ENSCJAG00000085828,
ENSCJAG00000075034,
ENSCJAG00000073094,
ENSCJAG00000086788,
ENSCJAG00000084835,U1
ENSCJAG00000081853,
ENSCJAG00000012452,NPY5R
ENSCJAG00000021156,TBC1D4
ENSCJAG00000070514,U6
ENSCJAG00000087182,
ENSCJAG00000082567,
ENSCJAG00000056421,Metazoa_SRP
ENSCJAG00000019029,GABRG1
ENSCJAG00000084768,Y_RNA
ENSCJAG00000071136,U6
ENSCJAG00000082148,
ENSCJAG00000079683,U6
ENSCJAG00000051773,
ENSCJAG00000012438,TRIOBP
ENSCJAG00000031630,U1
ENSCJAG00000076033,
ENSCJAG00000052262,TSPO
ENSCJAG00000012433,NPY1R
ENSCJAG00000070550,
ENSCJAG00000083811,Metazoa_SRP
ENSCJAG00000017262,PLTP
ENSCJAG00000075329,
ENSCJAG00000082752,
ENSCJAG00000086951,
ENSCJAG00000082402,
ENSCJAG00000003032,ELMOD2
ENSCJAG00000020375,BRINP1
ENSCJAG00000015780,
ENSCJAG00000080882,
ENSCJAG00000076635,
ENSCJAG00000085986,
ENSCJAG00000072703,
ENSCJAG00000058620,CD24
ENSCJAG00000080717,Y_RNA
ENSCJAG00000070099,
ENSCJAG00000069163,
ENSCJAG00000021684,PHF1
ENSCJAG00000081524,U4
ENSCJAG00000073805,
ENSCJAG00000086414,
ENSCJAG00000041551,Metazoa_SRP
ENSCJAG00000075667,Y_RNA
ENSCJAG00000027262,
ENSCJAG00000004286,ROS1
ENSCJAG00000010556,FRMPD1
ENSCJAG00000070956,U6
ENSCJAG00000085293,
ENSCJAG00000066735,
ENSCJAG00000038451,MRPS36
ENSCJAG00000013343,ARMT1
ENSCJAG00000069852,Metazoa_SRP
ENSCJAG00000082991,
ENSCJAG00000038361,TENT5A
ENSCJAG00000072966,
ENSCJAG00000081736,
ENSCJAG00000039608,H1F0
ENSCJAG00000084838,U6
ENSCJAG00000039765,
ENSCJAG00000037670,cja-mir-3688
ENSCJAG00000079084,
ENSCJAG00000050876,
ENSCJAG00000073856,
ENSCJAG00000057446,
ENSCJAG00000053376,RSPO3
ENSCJAG00000078461,
ENSCJAG00000084244,
ENSCJAG00000076391,Y_RNA
ENSCJAG00000038620,Metazoa_SRP
ENSCJAG00000074561,
ENSCJAG00000086119,
ENSCJAG00000014338,TNIP2
ENSCJAG00000012406,NAF1
ENSCJAG00000041767,U4
ENSCJAG00000082410,
ENSCJAG00000081545,
ENSCJAG00000079728,U1
ENSCJAG00000075743,Y_RNA
ENSCJAG00000001717,MCAT
ENSCJAG00000010938,TRIM38
ENSCJAG00000074947,
ENSCJAG00000012403,GCAT
ENSCJAG00000084411,U6
ENSCJAG00000071129,
ENSCJAG00000083169,U1
ENSCJAG00000069952,
ENSCJAG00000046921,MTRES1
ENSCJAG00000080699,
ENSCJAG00000061903,Metazoa_SRP
ENSCJAG00000071192,Metazoa_SRP
ENSCJAG00000003667,GKAP1
ENSCJAG00000059063,GPER
ENSCJAG00000003403,PLK4
ENSCJAG00000079144,
ENSCJAG00000071572,
ENSCJAG00000028364,
ENSCJAG00000069636,Metazoa_SRP
ENSCJAG00000047572,Metazoa_SRP
ENSCJAG00000013339,CCDC170
ENSCJAG00000033052,SNORA70
ENSCJAG00000001403,SPMIP2
ENSCJAG00000080974,Metazoa_SRP
ENSCJAG00000016008,TRRAP
ENSCJAG00000006882,PDLIM5
ENSCJAG00000086032,
ENSCJAG00000075013,
ENSCJAG00000041662,GPR146
ENSCJAG00000065916,U3
ENSCJAG00000001723,BIK
ENSCJAG00000003045,CLGN
ENSCJAG00000067779,Metazoa_SRP
ENSCJAG00000083667,
ENSCJAG00000080676,
ENSCJAG00000052556,
ENSCJAG00000050014,
ENSCJAG00000066361,
ENSCJAG00000030595,
ENSCJAG00000003010,ENPP1
ENSCJAG00000056389,RNF146
ENSCJAG00000019049,GNPDA2
ENSCJAG00000010552,
ENSCJAG00000012394,GALR3
ENSCJAG00000010898,SLC17A2
ENSCJAG00000039628,BEND3
ENSCJAG00000020576,ADGRL3
ENSCJAG00000077257,
ENSCJAG00000021690,CUTA
ENSCJAG00000083611,
ENSCJAG00000016089,CENPH
ENSCJAG00000069342,SNORD39
ENSCJAG00000082521,
ENSCJAG00000076184,Metazoa_SRP
ENSCJAG00000063272,MARCKS
ENSCJAG00000084280,Metazoa_SRP
ENSCJAG00000084697,
ENSCJAG00000082929,
ENSCJAG00000035853,Metazoa_SRP
ENSCJAG00000071706,cja-mir-9952c
ENSCJAG00000075342,U6
ENSCJAG00000079096,
ENSCJAG00000005325,SLC24A3
ENSCJAG00000086067,Metazoa_SRP
ENSCJAG00000080856,Metazoa_SRP
ENSCJAG00000015785,CYP2W1
ENSCJAG00000076646,
ENSCJAG00000039081,U6
ENSCJAG00000080026,
ENSCJAG00000083037,
ENSCJAG00000085405,
ENSCJAG00000080202,
ENSCJAG00000025900,SNORA73
ENSCJAG00000018594,SPATA18
ENSCJAG00000017232,PCIF1
ENSCJAG00000083380,
ENSCJAG00000012378,ANKRD54
ENSCJAG00000073556,
ENSCJAG00000064415,cja-mir-548o-1
ENSCJAG00000010576,TRMT10B
ENSCJAG00000070745,
ENSCJAG00000087156,
ENSCJAG00000009758,TTLL1
ENSCJAG00000080165,
ENSCJAG00000010877,SLC17A3
ENSCJAG00000019056,GUF1
ENSCJAG00000016075,CCNB1
ENSCJAG00000003649,ECHDC1
ENSCJAG00000086267,
ENSCJAG00000071440,
ENSCJAG00000006153,PDSS2
ENSCJAG00000070187,
ENSCJAG00000004635,HDAC2
ENSCJAG00000015331,SLC39A8
ENSCJAG00000013293,ESR1
ENSCJAG00000039536,SCOC
ENSCJAG00000074182,
ENSCJAG00000003609,UBQLN1
ENSCJAG00000038117,COX19
ENSCJAG00000016009,ETNPPL
ENSCJAG00000069146,Metazoa_SRP
ENSCJAG00000074409,
ENSCJAG00000017215,ZNF335
ENSCJAG00000019090,YIPF7
ENSCJAG00000076519,
ENSCJAG00000046248,CCN2
ENSCJAG00000054156,
ENSCJAG00000083178,
ENSCJAG00000078554,
ENSCJAG00000084385,
ENSCJAG00000079669,
ENSCJAG00000036966,Metazoa_SRP
ENSCJAG00000019097,KCTD8
ENSCJAG00000073052,Metazoa_SRP
ENSCJAG00000085000,
ENSCJAG00000070188,
ENSCJAG00000014343,FAM193A
ENSCJAG00000001410,FNIP2
ENSCJAG00000010594,EXOSC3
ENSCJAG00000085870,
ENSCJAG00000082786,Metazoa_SRP
ENSCJAG00000079768,
ENSCJAG00000084557,FRMD1
ENSCJAG00000022493,
ENSCJAG00000010852,SLC17A1
ENSCJAG00000075326,
ENSCJAG00000068209,cja-mir-2968
ENSCJAG00000081350,
ENSCJAG00000069963,
ENSCJAG00000075244,Y_RNA
ENSCJAG00000012225,EIF3L
ENSCJAG00000009771,PACSIN2
ENSCJAG00000003065,MAML3
ENSCJAG00000080522,
ENSCJAG00000019100,
ENSCJAG00000063693,
ENSCJAG00000020998,PCCA
ENSCJAG00000010621,DCAF10
ENSCJAG00000021691,SYNGAP1
ENSCJAG00000042371,IDNK
ENSCJAG00000003450,HSPA4L
ENSCJAG00000041839,Metazoa_SRP
ENSCJAG00000076773,Metazoa_SRP
ENSCJAG00000086455,HS3ST5
ENSCJAG00000009418,IBTK
ENSCJAG00000006119,SOBP
ENSCJAG00000086596,
ENSCJAG00000020351,CDK5RAP2
ENSCJAG00000017207,MMP9
ENSCJAG00000081274,5S_rRNA
ENSCJAG00000021151,KLF12
ENSCJAG00000070101,
ENSCJAG00000015811,ADAP1
ENSCJAG00000021323,PLCB4
ENSCJAG00000002971,MOXD1
ENSCJAG00000010651,SLC25A51
ENSCJAG00000055477,
ENSCJAG00000074297,
ENSCJAG00000004257,
ENSCJAG00000003073,MGST2
ENSCJAG00000015314,BANK1
ENSCJAG00000009916,KCNQ5
ENSCJAG00000016039,SLC30A5
ENSCJAG00000063163,
ENSCJAG00000081225,
ENSCJAG00000076383,U4
ENSCJAG00000010656,SHB
ENSCJAG00000003616,KIAA0408
ENSCJAG00000060018,
ENSCJAG00000071354,U6
ENSCJAG00000084802,
ENSCJAG00000073343,Metazoa_SRP
ENSCJAG00000010485,DOCK8
ENSCJAG00000070773,U7
ENSCJAG00000081638,C4orf52
ENSCJAG00000021146,KLF5
ENSCJAG00000047354,Metazoa_SRP
ENSCJAG00000069899,Metazoa_SRP
ENSCJAG00000005342,RIN2
ENSCJAG00000075803,
ENSCJAG00000061159,
ENSCJAG00000072815,
ENSCJAG00000072917,Metazoa_SRP
ENSCJAG00000063554,
ENSCJAG00000079477,
ENSCJAG00000024597,U8
ENSCJAG00000040564,
ENSCJAG00000080581,U6
ENSCJAG00000006102,SCML4
ENSCJAG00000073326,
ENSCJAG00000085688,
ENSCJAG00000054263,
ENSCJAG00000019104,GRXCR1
ENSCJAG00000002932,STX7
ENSCJAG00000075463,
ENSCJAG00000086971,Y_RNA
ENSCJAG00000062788,
ENSCJAG00000071515,
ENSCJAG00000009816,ARFGAP3
ENSCJAG00000078755,U6
ENSCJAG00000082385,
ENSCJAG00000078729,U4
ENSCJAG00000086357,
ENSCJAG00000021133,PIBF1
ENSCJAG00000078851,
ENSCJAG00000010672,ALDH1B1
ENSCJAG00000061038,
ENSCJAG00000012085,MICALL1
ENSCJAG00000073448,U6
ENSCJAG00000067023,
ENSCJAG00000048256,SOGA3
ENSCJAG00000071102,Metazoa_SRP
ENSCJAG00000085433,
ENSCJAG00000024941,U6
ENSCJAG00000082788,
ENSCJAG00000006866,HPGDS
ENSCJAG00000086640,U6
ENSCJAG00000080504,OSTC
ENSCJAG00000018579,SGCB
ENSCJAG00000010685,IGFBPL1
ENSCJAG00000003081,SETD7
ENSCJAG00000070938,Metazoa_SRP
ENSCJAG00000085078,
ENSCJAG00000079326,Metazoa_SRP
ENSCJAG00000047566,U6
ENSCJAG00000001993,MND1
ENSCJAG00000077175,
ENSCJAG00000080934,U4
ENSCJAG00000081809,
ENSCJAG00000032095,U6
ENSCJAG00000076182,Metazoa_SRP
ENSCJAG00000070358,
ENSCJAG00000003524,INTU
ENSCJAG00000079740,U6
ENSCJAG00000072767,Metazoa_SRP
ENSCJAG00000074439,
ENSCJAG00000067284,
ENSCJAG00000080149,
ENSCJAG00000085777,
ENSCJAG00000052733,Metazoa_SRP
ENSCJAG00000040198,
ENSCJAG00000085188,U6
ENSCJAG00000018599,LRRC66
ENSCJAG00000081250,
ENSCJAG00000017149,SLC12A5
ENSCJAG00000067266,RAB33B
ENSCJAG00000084355,
ENSCJAG00000022137,A4GALT
ENSCJAG00000081122,
ENSCJAG00000057846,
ENSCJAG00000085339,5S_rRNA
ENSCJAG00000003529,DACT2
ENSCJAG00000077673,
ENSCJAG00000082906,U6
ENSCJAG00000053141,
ENSCJAG00000073221,Metazoa_SRP
ENSCJAG00000069699,
ENSCJAG00000004242,GOPC
ENSCJAG00000085317,
ENSCJAG00000085381,U6
ENSCJAG00000044392,GET4
ENSCJAG00000070234,Metazoa_SRP
ENSCJAG00000012220,C22orf23
ENSCJAG00000069644,
ENSCJAG00000079642,Y_RNA
ENSCJAG00000005998,SEC63
ENSCJAG00000044468,Metazoa_SRP
ENSCJAG00000070564,
ENSCJAG00000021808,
ENSCJAG00000078966,
ENSCJAG00000004595,FRK
ENSCJAG00000084032,U1
ENSCJAG00000076152,
ENSCJAG00000079284,
ENSCJAG00000044687,
ENSCJAG00000003554,FRMD3
ENSCJAG00000002918,taar5
ENSCJAG00000073595,
ENSCJAG00000021117,DIS3
ENSCJAG00000047612,U6
ENSCJAG00000083391,
ENSCJAG00000001437,PPID
ENSCJAG00000010698,CCDC180
ENSCJAG00000085792,
ENSCJAG00000086893,
ENSCJAG00000003611,C6orf58
ENSCJAG00000049351,
ENSCJAG00000070849,
ENSCJAG00000076458,
ENSCJAG00000001552,GRIK2
ENSCJAG00000002912,TAAR2
ENSCJAG00000009596,CYB5R3
ENSCJAG00000081051,
ENSCJAG00000034803,TSPYL4
ENSCJAG00000086096,Metazoa_SRP
ENSCJAG00000046990,
ENSCJAG00000021061,SEL1L3
ENSCJAG00000077494,
ENSCJAG00000018601,DCUN1D4
ENSCJAG00000080322,Metazoa_SRP
ENSCJAG00000060017,U6
ENSCJAG00000072102,
ENSCJAG00000084683,Y_RNA
ENSCJAG00000014632,TMEM132E
ENSCJAG00000069742,
ENSCJAG00000073382,
ENSCJAG00000047367,NT5DC1
ENSCJAG00000083881,Metazoa_SRP
ENSCJAG00000053345,
ENSCJAG00000075246,
ENSCJAG00000031673,taar1
ENSCJAG00000083568,U6
ENSCJAG00000053127,
ENSCJAG00000048241,POLR2F
ENSCJAG00000015260,PPP3CA
ENSCJAG00000002004,TRIM2
ENSCJAG00000079892,
ENSCJAG00000080892,Y_RNA
ENSCJAG00000003095,NAA15
ENSCJAG00000016007,PIK3R1
ENSCJAG00000033961,NUS1
ENSCJAG00000065011,
ENSCJAG00000014371,RNF4
ENSCJAG00000079313,
ENSCJAG00000066151,
ENSCJAG00000004589,COL10A1
ENSCJAG00000010731,TDRD7
ENSCJAG00000070420,
ENSCJAG00000087172,
ENSCJAG00000084839,
ENSCJAG00000079125,
ENSCJAG00000006778,SMARCAD1
ENSCJAG00000001458,TUBD1
ENSCJAG00000016109,TMEM130
ENSCJAG00000065274,
ENSCJAG00000076401,
ENSCJAG00000074104,
ENSCJAG00000075264,U6
ENSCJAG00000010717,CARMIL1
ENSCJAG00000036205,VNN1
ENSCJAG00000085581,U12
ENSCJAG00000083574,
ENSCJAG00000069802,
ENSCJAG00000078678,
ENSCJAG00000001451,ETFDH
ENSCJAG00000004231,SLC35F1
ENSCJAG00000069777,
ENSCJAG00000069769,
ENSCJAG00000021112,BORA
ENSCJAG00000053737,
ENSCJAG00000021692,ZBTB9
ENSCJAG00000021338,LAMP5
ENSCJAG00000080172,
ENSCJAG00000058528,
ENSCJAG00000042890,CCL13
ENSCJAG00000070879,Metazoa_SRP
ENSCJAG00000079172,
ENSCJAG00000075074,U4
ENSCJAG00000070861,
ENSCJAG00000040617,OSTM1
ENSCJAG00000084888,
ENSCJAG00000062620,SOX10
ENSCJAG00000078109,Metazoa_SRP
ENSCJAG00000076229,
ENSCJAG00000082153,
ENSCJAG00000069898,
ENSCJAG00000071236,
ENSCJAG00000043849,SMOC2
ENSCJAG00000070016,
ENSCJAG00000046111,Metazoa_SRP
ENSCJAG00000010783,TMOD1
ENSCJAG00000078860,
ENSCJAG00000003598,THEMIS
ENSCJAG00000067159,
ENSCJAG00000038352,CCL8
ENSCJAG00000077132,Metazoa_SRP
ENSCJAG00000021343,PAK5
ENSCJAG00000009628,POLDIP3
ENSCJAG00000083173,
ENSCJAG00000060086,
ENSCJAG00000085999,Metazoa_SRP
ENSCJAG00000015835,SUN1
ENSCJAG00000086466,
ENSCJAG00000084010,
ENSCJAG00000003565,FAT4
ENSCJAG00000070984,
ENSCJAG00000074065,
ENSCJAG00000084792,Y_RNA
ENSCJAG00000034636,U6
ENSCJAG00000076415,
ENSCJAG00000012142,PICK1
ENSCJAG00000072445,VNN3P
ENSCJAG00000087238,U6
ENSCJAG00000015220,NPTX2
ENSCJAG00000018615,CWH43
ENSCJAG00000048663,Metazoa_SRP
ENSCJAG00000038947,CFAP99
ENSCJAG00000041850,NDUFC1
ENSCJAG00000079435,
ENSCJAG00000084204,
ENSCJAG00000015947,LEF1
ENSCJAG00000079180,MZT1
ENSCJAG00000082771,Metazoa_SRP
ENSCJAG00000021349,ANKEF1
ENSCJAG00000080064,
ENSCJAG00000076093,Metazoa_SRP
ENSCJAG00000047479,Y_RNA
ENSCJAG00000043552,Y_RNA
ENSCJAG00000057655,CCL2
ENSCJAG00000004178,CEP85L
ENSCJAG00000071830,
ENSCJAG00000005377,NAA20
ENSCJAG00000059326,FAM32A
ENSCJAG00000072939,U1
ENSCJAG00000078383,
ENSCJAG00000085155,Metazoa_SRP
ENSCJAG00000079335,MGARP
ENSCJAG00000043387,
ENSCJAG00000077995,
ENSCJAG00000080170,
ENSCJAG00000086483,
ENSCJAG00000025912,
ENSCJAG00000028560,U5
ENSCJAG00000071999,
ENSCJAG00000009395,UBE3D
ENSCJAG00000085924,
ENSCJAG00000012113,SLC16A8
ENSCJAG00000010818,TSTD2
ENSCJAG00000073799,
ENSCJAG00000083392,
ENSCJAG00000069844,U6
ENSCJAG00000073929,U4
ENSCJAG00000024081,
ENSCJAG00000083208,
ENSCJAG00000063731,U6
ENSCJAG00000019105,ATP8A1
ENSCJAG00000086805,
ENSCJAG00000003581,ANKRD50
ENSCJAG00000031937,BAIAP2L1
ENSCJAG00000078648,
ENSCJAG00000085457,
ENSCJAG00000070997,
ENSCJAG00000072870,
ENSCJAG00000062725,CCL7
ENSCJAG00000017137,NCOA5
ENSCJAG00000075661,
ENSCJAG00000009668,RRP7A
ENSCJAG00000046312,SNAP25
ENSCJAG00000086385,
ENSCJAG00000075725,
ENSCJAG00000078429,
ENSCJAG00000068068,
ENSCJAG00000074516,
ENSCJAG00000012023,BAIAP2L2
ENSCJAG00000079426,
ENSCJAG00000085165,
ENSCJAG00000080975,
ENSCJAG00000077950,Metazoa_SRP
ENSCJAG00000001416,RPS6KB1
ENSCJAG00000074918,
ENSCJAG00000021107,
ENSCJAG00000070133,
ENSCJAG00000032843,SNORA70
ENSCJAG00000071165,
ENSCJAG00000071554,
ENSCJAG00000041618,U3
ENSCJAG00000065999,
ENSCJAG00000042392,U6
ENSCJAG00000071593,Metazoa_SRP
ENSCJAG00000015999,CD180
ENSCJAG00000061248,
ENSCJAG00000080750,U6
ENSCJAG00000085974,
ENSCJAG00000070486,C4orf46
ENSCJAG00000005966,NR2E1
ENSCJAG00000082209,
ENSCJAG00000063921,U3
ENSCJAG00000074707,
ENSCJAG00000081818,SERHL2
ENSCJAG00000084190,
ENSCJAG00000084482,U6
ENSCJAG00000084900,
ENSCJAG00000077419,Metazoa_SRP
ENSCJAG00000010840,NCBP1
ENSCJAG00000077969,Metazoa_SRP
ENSCJAG00000070126,
ENSCJAG00000073769,
ENSCJAG00000045172,Metazoa_SRP
ENSCJAG00000080308,
ENSCJAG00000053732,PLN
ENSCJAG00000079685,
ENSCJAG00000082049,
ENSCJAG00000021355,MKKS
ENSCJAG00000071311,Y_RNA
ENSCJAG00000044425,GGACT
ENSCJAG00000083049,
ENSCJAG00000086610,
ENSCJAG00000039984,
ENSCJAG00000086078,Metazoa_SRP
ENSCJAG00000035315,U6
ENSCJAG00000077790,
ENSCJAG00000014568,ASIC2
ENSCJAG00000081854,
ENSCJAG00000073759,Y_RNA
ENSCJAG00000072432,U6
ENSCJAG00000085588,
ENSCJAG00000083036,
ENSCJAG00000056172,
ENSCJAG00000071589,BRI3
ENSCJAG00000084563,Metazoa_SRP
ENSCJAG00000082726,5S_rRNA
ENSCJAG00000070142,U6
ENSCJAG00000005393,CRNKL1
ENSCJAG00000084345,
ENSCJAG00000042569,Metazoa_SRP
ENSCJAG00000074892,Metazoa_SRP
ENSCJAG00000018637,OCIAD2
ENSCJAG00000011999,PLA2G6
ENSCJAG00000083393,
ENSCJAG00000065373,Metazoa_SRP
ENSCJAG00000021356,SLX4IP
ENSCJAG00000063979,
ENSCJAG00000084108,Metazoa_SRP
ENSCJAG00000081602,
ENSCJAG00000085874,Metazoa_SRP
ENSCJAG00000076043,
ENSCJAG00000032128,
ENSCJAG00000019545,CYP2U1
ENSCJAG00000081106,
ENSCJAG00000006644,NFAM1
ENSCJAG00000084816,Metazoa_SRP
ENSCJAG00000081784,Metazoa_SRP
ENSCJAG00000063666,
ENSCJAG00000072313,Metazoa_SRP
ENSCJAG00000002872,SLC18B1
ENSCJAG00000076880,Metazoa_SRP
ENSCJAG00000077787,Metazoa_SRP
ENSCJAG00000002016,
ENSCJAG00000073472,
ENSCJAG00000021817,SPRY1
ENSCJAG00000083237,
ENSCJAG00000069966,U7
ENSCJAG00000073884,Metazoa_SRP
ENSCJAG00000086117,Metazoa_SRP
ENSCJAG00000076320,
ENSCJAG00000053088,MAFF
ENSCJAG00000070390,
ENSCJAG00000083303,
ENSCJAG00000079202,Y_RNA
ENSCJAG00000017119,CD40
ENSCJAG00000016047,BAK1
ENSCJAG00000003547,RASEF
ENSCJAG00000004148,MCM9
ENSCJAG00000016955,KLF4
ENSCJAG00000075233,FHDC1
ENSCJAG00000015247,
ENSCJAG00000033050,TECPR1
ENSCJAG00000066690,
ENSCJAG00000067516,
ENSCJAG00000059580,
ENSCJAG00000021357,JAG1
ENSCJAG00000005955,SNX3
ENSCJAG00000063062,U3
ENSCJAG00000011962,TMEM184B
ENSCJAG00000001492,RXFP1
ENSCJAG00000021093,DACH1
ENSCJAG00000005444,CFAP61
ENSCJAG00000075395,U6
ENSCJAG00000020344,MEGF9
ENSCJAG00000084812,
ENSCJAG00000077857,Metazoa_SRP
ENSCJAG00000002308,TCF20
ENSCJAG00000042323,IGFBP7
ENSCJAG00000015938,HADH
ENSCJAG00000010911,XPA
ENSCJAG00000059955,Metazoa_SRP
ENSCJAG00000021012,TMTC4
ENSCJAG00000025917,U6
ENSCJAG00000079014,
ENSCJAG00000022028,ATOH1
ENSCJAG00000086235,Y_RNA
ENSCJAG00000042265,KRT36
ENSCJAG00000082195,Metazoa_SRP
ENSCJAG00000070854,
ENSCJAG00000039544,Metazoa_SRP
ENSCJAG00000074504,
ENSCJAG00000077640,
ENSCJAG00000064195,
ENSCJAG00000080304,
ENSCJAG00000079896,U6
ENSCJAG00000076731,
ENSCJAG00000068540,
ENSCJAG00000078056,U6
ENSCJAG00000045597,FOXE1
ENSCJAG00000083143,
ENSCJAG00000075187,U7
ENSCJAG00000072564,
ENSCJAG00000085882,Metazoa_SRP
ENSCJAG00000038192,ZFYVE28
ENSCJAG00000051816,
ENSCJAG00000087368,Metazoa_SRP
ENSCJAG00000069566,
ENSCJAG00000080311,
ENSCJAG00000084455,
ENSCJAG00000040556,INSM1
ENSCJAG00000070568,U4
ENSCJAG00000085958,
ENSCJAG00000045868,LACE1
ENSCJAG00000070177,Metazoa_SRP
ENSCJAG00000004118,POLR2B
ENSCJAG00000001350,MED13
ENSCJAG00000060588,
ENSCJAG00000074440,
ENSCJAG00000013366,SLC34A2
ENSCJAG00000072855,
ENSCJAG00000077298,Metazoa_SRP
ENSCJAG00000018644,OCIAD1
ENSCJAG00000033226,MAST4
ENSCJAG00000023085,BHLHA15
ENSCJAG00000068342,ASF1A
ENSCJAG00000020331,FBXW2
ENSCJAG00000010923,TRMO
ENSCJAG00000004346,AFG2A
ENSCJAG00000085626,U7
ENSCJAG00000003536,
ENSCJAG00000078202,
ENSCJAG00000037046,CYP2D8
ENSCJAG00000002029,ARFIP1
ENSCJAG00000015861,
ENSCJAG00000002865,RPS12
ENSCJAG00000070516,
ENSCJAG00000024951,U6
ENSCJAG00000009155,DOP1A
ENSCJAG00000082618,
ENSCJAG00000047144,U2
ENSCJAG00000052711,
ENSCJAG00000079730,
ENSCJAG00000039352,Y_RNA
ENSCJAG00000017106,CDH22
ENSCJAG00000080939,
ENSCJAG00000061085,SNORD101
ENSCJAG00000011879,CSNK1E
ENSCJAG00000003496,PTPRK
ENSCJAG00000055450,
ENSCJAG00000035479,U6
ENSCJAG00000028765,SNORD100
ENSCJAG00000001527,HEATR2
ENSCJAG00000010940,HEMGN
ENSCJAG00000076267,
ENSCJAG00000072781,U6
ENSCJAG00000015928,SGMS2
ENSCJAG00000005929,FOXO3
ENSCJAG00000081876,U6
ENSCJAG00000084829,
ENSCJAG00000015240,LMTK2
ENSCJAG00000077386,SNORA33
ENSCJAG00000084062,
ENSCJAG00000070122,
ENSCJAG00000073038,Y_RNA
ENSCJAG00000034205,U6
ENSCJAG00000071446,
ENSCJAG00000039798,Metazoa_SRP
ENSCJAG00000027445,U2
ENSCJAG00000055378,KHDC1
ENSCJAG00000074619,
ENSCJAG00000076673,5S_rRNA
ENSCJAG00000071380,U6
ENSCJAG00000020329,B3GALT9
ENSCJAG00000079677,
ENSCJAG00000006737,GRID2
ENSCJAG00000085456,
ENSCJAG00000084876,
ENSCJAG00000010946,ANP32B
ENSCJAG00000052923,
ENSCJAG00000085670,Metazoa_SRP
ENSCJAG00000085913,
ENSCJAG00000059562,
ENSCJAG00000022553,
ENSCJAG00000058374,BTBD3
ENSCJAG00000002321,CYP2D19
ENSCJAG00000065545,
ENSCJAG00000037849,KRT32
ENSCJAG00000084494,U6
ENSCJAG00000079802,
ENSCJAG00000062698,
ENSCJAG00000077040,
ENSCJAG00000002085,
ENSCJAG00000020315,PSMD5
ENSCJAG00000003506,THBS2
ENSCJAG00000005915,ARMC2
ENSCJAG00000056961,
ENSCJAG00000082059,
ENSCJAG00000001546,TMEM144
ENSCJAG00000081793,
ENSCJAG00000041103,U4
ENSCJAG00000011954,KCNJ4
ENSCJAG00000073633,
ENSCJAG00000077653,Metazoa_SRP
ENSCJAG00000010966,NANS
ENSCJAG00000063779,
ENSCJAG00000074727,
ENSCJAG00000015905,PAPSS1
ENSCJAG00000021812,TIGD4
ENSCJAG00000085069,U6
ENSCJAG00000071545,U6
ENSCJAG00000071167,
ENSCJAG00000004102,NOA1
ENSCJAG00000082452,Metazoa_SRP
ENSCJAG00000075151,
ENSCJAG00000054432,
ENSCJAG00000009945,DPPA5
ENSCJAG00000034617,PRKAR1B
ENSCJAG00000072268,
ENSCJAG00000076020,
ENSCJAG00000017091,SLC35C2
ENSCJAG00000087007,TRIM14
ENSCJAG00000011872,KDELR3
ENSCJAG00000075017,U1
ENSCJAG00000033546,
ENSCJAG00000083316,
ENSCJAG00000060093,
ENSCJAG00000076527,
ENSCJAG00000015258,OCM2
ENSCJAG00000054185,
ENSCJAG00000085563,Y_RNA
ENSCJAG00000079823,Metazoa_SRP
ENSCJAG00000030562,U6
ENSCJAG00000085762,
ENSCJAG00000079325,Metazoa_SRP
ENSCJAG00000004560,SPTLC3
ENSCJAG00000070936,
ENSCJAG00000085703,U6
ENSCJAG00000086879,
ENSCJAG00000004071,FAM184A
ENSCJAG00000009947,KHDC3L
ENSCJAG00000071029,Metazoa_SRP
ENSCJAG00000020305,PHF19
ENSCJAG00000074627,NDUFA6
ENSCJAG00000077167,
ENSCJAG00000011797,DDX17
ENSCJAG00000082265,
ENSCJAG00000016532,KLHL1
ENSCJAG00000014561,SPACA3
ENSCJAG00000036441,Metazoa_SRP
ENSCJAG00000043561,TMEM154
ENSCJAG00000059532,DDIT4L
ENSCJAG00000073548,
ENSCJAG00000005880,SESN1
ENSCJAG00000065032,
ENSCJAG00000087010,
ENSCJAG00000061452,
ENSCJAG00000078669,Metazoa_SRP
ENSCJAG00000086153,
ENSCJAG00000083575,
ENSCJAG00000002333,SMDT1
ENSCJAG00000071215,U4
ENSCJAG00000024985,U2
ENSCJAG00000004081,REST
ENSCJAG00000015269,CCZ1
ENSCJAG00000052011,
ENSCJAG00000075178,U3
ENSCJAG00000066421,MXD4
ENSCJAG00000073571,Metazoa_SRP
ENSCJAG00000078970,
ENSCJAG00000060821,
ENSCJAG00000011027,CORO2A
ENSCJAG00000001549,GASK1B
ENSCJAG00000009966,DDX43
ENSCJAG00000078917,
ENSCJAG00000002334,PHETA2
ENSCJAG00000011766,DMC1
ENSCJAG00000080555,
ENSCJAG00000083539,
ENSCJAG00000073265,Y_RNA
ENSCJAG00000062661,SNORD13P1
ENSCJAG00000070589,
ENSCJAG00000082635,
ENSCJAG00000004583,ISM1
ENSCJAG00000038988,Metazoa_SRP
ENSCJAG00000048554,Y_RNA
ENSCJAG00000018101,TOP1
ENSCJAG00000014550,TMEM98
ENSCJAG00000009988,CGAS
ENSCJAG00000083977,U6
ENSCJAG00000070827,U6
ENSCJAG00000078962,Metazoa_SRP
ENSCJAG00000081404,
ENSCJAG00000080549,Y_RNA
ENSCJAG00000064445,Metazoa_SRP
ENSCJAG00000010830,SLC17A4
ENSCJAG00000063252,
ENSCJAG00000002338,NAGA
ENSCJAG00000015308,RSPH10B
ENSCJAG00000002817,EYA4
ENSCJAG00000074934,
ENSCJAG00000073469,U6
ENSCJAG00000017007,ELMO2
ENSCJAG00000026196,U6
ENSCJAG00000010003,MTO1
ENSCJAG00000020298,TRAF1
ENSCJAG00000086449,
ENSCJAG00000005471,RALGAPA2
ENSCJAG00000079366,
ENSCJAG00000036903,HAUS3
ENSCJAG00000015235,H2AFZ
ENSCJAG00000078531,
ENSCJAG00000002741,NUDT6
ENSCJAG00000011747,FAM227A
ENSCJAG00000079356,
ENSCJAG00000074935,Metazoa_SRP
ENSCJAG00000086365,U6
ENSCJAG00000085494,
ENSCJAG00000013271,ANAPC4
ENSCJAG00000004599,TASP1
ENSCJAG00000002344,WBP2NL
ENSCJAG00000065045,
ENSCJAG00000045553,Metazoa_SRP
ENSCJAG00000004948,PDGFA
ENSCJAG00000072385,
ENSCJAG00000086118,
ENSCJAG00000078632,Metazoa_SRP
ENSCJAG00000077044,
ENSCJAG00000048575,Metazoa_SRP
ENSCJAG00000001324,INTS2
ENSCJAG00000021951,
ENSCJAG00000063026,
ENSCJAG00000085021,Metazoa_SRP
ENSCJAG00000086695,
ENSCJAG00000011059,TBC1D2
ENSCJAG00000005825,CEP57L1
ENSCJAG00000070740,Y_RNA
ENSCJAG00000085498,Metazoa_SRP
ENSCJAG00000081457,H2BC1
ENSCJAG00000062675,U2
ENSCJAG00000077764,Y_RNA
ENSCJAG00000083561,
ENSCJAG00000070507,
ENSCJAG00000083200,
ENSCJAG00000002744,FGF2
ENSCJAG00000084875,
ENSCJAG00000080629,U6
ENSCJAG00000011737,CBY1
ENSCJAG00000086405,
ENSCJAG00000038264,KRTAP17-1
ENSCJAG00000066595,
ENSCJAG00000047256,ACTL7B
ENSCJAG00000014447,
ENSCJAG00000015340,PMS2
ENSCJAG00000003424,TLE1
ENSCJAG00000074454,
ENSCJAG00000075338,
ENSCJAG00000021036,NALCN
ENSCJAG00000083293,Metazoa_SRP
ENSCJAG00000079755,
ENSCJAG00000080553,
ENSCJAG00000038552,KRTAP16-1
ENSCJAG00000064113,
ENSCJAG00000086076,
ENSCJAG00000047809,Metazoa_SRP
ENSCJAG00000045806,HOPX
ENSCJAG00000069677,Metazoa_SRP
ENSCJAG00000071700,Y_RNA
ENSCJAG00000076990,
ENSCJAG00000002751,BBS12
ENSCJAG00000022475,KRTAP29-1
ENSCJAG00000044132,
ENSCJAG00000072486,
ENSCJAG00000003481,WDR27
ENSCJAG00000040626,Metazoa_SRP
ENSCJAG00000055214,DNAJB14
ENSCJAG00000052388,
ENSCJAG00000063124,
ENSCJAG00000002101,FBXW7
ENSCJAG00000085695,
ENSCJAG00000084799,SHISA3
ENSCJAG00000011731,TOMM22
ENSCJAG00000010693,SCGN
ENSCJAG00000002348,
ENSCJAG00000030357,cja-mir-548l
ENSCJAG00000065803,U3
ENSCJAG00000039156,FOXL3
ENSCJAG00000073861,
ENSCJAG00000077017,U6
ENSCJAG00000004888,SLC17A5
ENSCJAG00000016964,ZNF334
ENSCJAG00000087388,
ENSCJAG00000018013,PLCG1
ENSCJAG00000075975,
ENSCJAG00000064830,
ENSCJAG00000070074,U6
ENSCJAG00000083086,
ENSCJAG00000075923,
ENSCJAG00000077965,
ENSCJAG00000006723,CCSER1
ENSCJAG00000004640,ESF1
ENSCJAG00000011713,JOSD1
ENSCJAG00000082186,
ENSCJAG00000062545,
ENSCJAG00000043000,
ENSCJAG00000052440,
ENSCJAG00000070863,Metazoa_SRP
ENSCJAG00000081744,Metazoa_SRP
ENSCJAG00000062136,
ENSCJAG00000014516,MYO1D
ENSCJAG00000081987,
ENSCJAG00000079154,Y_RNA
ENSCJAG00000014504,NAT8L
ENSCJAG00000075174,
ENSCJAG00000043636,SEPTIN3
ENSCJAG00000002755,IL21
ENSCJAG00000039615,SPMAP2L
ENSCJAG00000016959,
ENSCJAG00000083953,
ENSCJAG00000020273,C5
ENSCJAG00000074517,
ENSCJAG00000076044,Metazoa_SRP
ENSCJAG00000048288,FAM20C
ENSCJAG00000010933,
ENSCJAG00000083085,
ENSCJAG00000060441,
ENSCJAG00000019212,BEND4
ENSCJAG00000011652,GTPBP1
ENSCJAG00000081344,
ENSCJAG00000078241,
ENSCJAG00000057100,
ENSCJAG00000004049,MAN1A1
ENSCJAG00000013730,
ENSCJAG00000016966,ELP1
ENSCJAG00000069799,
ENSCJAG00000087226,
ENSCJAG00000080279,
ENSCJAG00000074389,
ENSCJAG00000044010,C4orf48
ENSCJAG00000080927,
ENSCJAG00000058563,TCF21
ENSCJAG00000072423,
ENSCJAG00000072337,
ENSCJAG00000071301,KRTAP4-3
ENSCJAG00000086107,
ENSCJAG00000069600,Metazoa_SRP
ENSCJAG00000073233,U6
ENSCJAG00000015370,AIMP2
ENSCJAG00000067512,U2
ENSCJAG00000069864,
ENSCJAG00000011606,SUN2
ENSCJAG00000080689,
ENSCJAG00000018669,FRYL
ENSCJAG00000067750,
ENSCJAG00000077073,
ENSCJAG00000082233,BRIP1
ENSCJAG00000073999,
ENSCJAG00000072596,
ENSCJAG00000071143,
ENSCJAG00000079047,
ENSCJAG00000086411,
ENSCJAG00000020536,ARL9
ENSCJAG00000075737,
ENSCJAG00000075918,
ENSCJAG00000055886,LAMTOR3
ENSCJAG00000084250,Metazoa_SRP
ENSCJAG00000041260,IL2
ENSCJAG00000004655,NDUFAF5
ENSCJAG00000075349,
ENSCJAG00000087300,SNORA80D
ENSCJAG00000081474,
ENSCJAG00000019226,SLC30A9
ENSCJAG00000075156,
ENSCJAG00000002794,TBPL1
ENSCJAG00000078543,
ENSCJAG00000071266,Metazoa_SRP
ENSCJAG00000069967,
ENSCJAG00000001564,GRIA2
ENSCJAG00000080360,
ENSCJAG00000085889,
ENSCJAG00000041178,CD164
ENSCJAG00000063207,
ENSCJAG00000058016,
ENSCJAG00000052483,cja-mir-9919
ENSCJAG00000015950,SREK1
ENSCJAG00000044212,DNAL4
ENSCJAG00000015372,EIF2AK1
ENSCJAG00000065333,U5
ENSCJAG00000081650,
ENSCJAG00000039975,WHSC2
ENSCJAG00000071046,
ENSCJAG00000010595,KANK1
ENSCJAG00000082655,
ENSCJAG00000006712,MMRN1
ENSCJAG00000016402,PCDH9
ENSCJAG00000042994,GABBR2
ENSCJAG00000086088,
ENSCJAG00000077352,
ENSCJAG00000070821,
ENSCJAG00000016913,SLC13A3
ENSCJAG00000081670,
ENSCJAG00000022758,
ENSCJAG00000035798,U6
ENSCJAG00000017998,
ENSCJAG00000015189,DAPP1
ENSCJAG00000082450,Metazoa_SRP
ENSCJAG00000086979,
ENSCJAG00000073701,Metazoa_SRP
ENSCJAG00000002796,ADAD1
ENSCJAG00000015402,ANKRD61
ENSCJAG00000018012,ZHX3
ENSCJAG00000077994,U6
ENSCJAG00000081663,5S_rRNA
ENSCJAG00000080141,
ENSCJAG00000080309,
ENSCJAG00000073577,Metazoa_SRP
ENSCJAG00000041862,NPTXR
ENSCJAG00000038683,TMEM33
ENSCJAG00000076174,
ENSCJAG00000084087,
ENSCJAG00000043829,Metazoa_SRP
ENSCJAG00000086286,
ENSCJAG00000087160,U6
ENSCJAG00000073627,
ENSCJAG00000038185,ABITRAM
ENSCJAG00000074243,
ENSCJAG00000001281,TBX4
ENSCJAG00000009086,PGM3
ENSCJAG00000079914,
ENSCJAG00000076832,Y_RNA
ENSCJAG00000051786,
ENSCJAG00000072395,
ENSCJAG00000076012,Y_RNA
ENSCJAG00000056228,CBX6
ENSCJAG00000083167,
ENSCJAG00000010082,CD109
ENSCJAG00000074048,Metazoa_SRP
ENSCJAG00000012111,ITPR3
ENSCJAG00000012842,SYNE1
ENSCJAG00000072614,
ENSCJAG00000038249,SLC2A12
ENSCJAG00000042653,Metazoa_SRP
ENSCJAG00000082421,Metazoa_SRP
ENSCJAG00000073939,
ENSCJAG00000038794,
ENSCJAG00000025005,Y_RNA
ENSCJAG00000072550,
ENSCJAG00000069684,
ENSCJAG00000006184,RIPOR2
ENSCJAG00000015403,USP42
ENSCJAG00000011578,APOBEC3A
ENSCJAG00000070313,
ENSCJAG00000085220,
ENSCJAG00000082835,
ENSCJAG00000044200,KRTAP3-1
ENSCJAG00000081327,C4orf54
ENSCJAG00000018022,PAICS
ENSCJAG00000054473,
ENSCJAG00000078739,
ENSCJAG00000084486,U6
ENSCJAG00000004029,TBC1D32
ENSCJAG00000084218,
ENSCJAG00000081408,Metazoa_SRP
ENSCJAG00000076427,
ENSCJAG00000084547,
ENSCJAG00000072756,
ENSCJAG00000044184,SMIM45
ENSCJAG00000047608,CDK5R1
ENSCJAG00000017065,CTNNAL1
ENSCJAG00000070117,
ENSCJAG00000071943,Metazoa_SRP
ENSCJAG00000079566,
ENSCJAG00000073371,
ENSCJAG00000071803,
ENSCJAG00000084097,
ENSCJAG00000087162,
ENSCJAG00000080465,
ENSCJAG00000017986,LPIN3
ENSCJAG00000085179,
ENSCJAG00000004701,SEL1L2
ENSCJAG00000084155,
ENSCJAG00000052729,
ENSCJAG00000013706,KRT40
ENSCJAG00000058480,
ENSCJAG00000069884,U6
ENSCJAG00000033985,
ENSCJAG00000057110,U3
ENSCJAG00000072984,C6orf120
ENSCJAG00000067506,U6
ENSCJAG00000063670,DMRT3
ENSCJAG00000075638,
ENSCJAG00000078229,
ENSCJAG00000046092,Metazoa_SRP
ENSCJAG00000006670,
ENSCJAG00000031255,U4
ENSCJAG00000039960,PPAT
ENSCJAG00000001876,NSD2
ENSCJAG00000039048,PHOX2B
ENSCJAG00000073370,U1
ENSCJAG00000012500,
ENSCJAG00000071432,
ENSCJAG00000013697,KRT39
ENSCJAG00000067195,
ENSCJAG00000014450,PSMD11
ENSCJAG00000015144,MTTP
ENSCJAG00000079587,
ENSCJAG00000082624,
ENSCJAG00000022619,
ENSCJAG00000002359,CENPM
ENSCJAG00000073785,U6
ENSCJAG00000017154,TMEM245
ENSCJAG00000085595,
ENSCJAG00000074075,Metazoa_SRP
ENSCJAG00000082502,5S_rRNA
ENSCJAG00000080759,
ENSCJAG00000003436,PHF10
ENSCJAG00000046741,CYTH3
ENSCJAG00000081544,EMILIN3
ENSCJAG00000026755,
ENSCJAG00000065421,GJA1
ENSCJAG00000080995,Y_RNA
ENSCJAG00000051674,
ENSCJAG00000002727,SGK1
ENSCJAG00000081803,U1
ENSCJAG00000041476,SLC2A10
ENSCJAG00000010690,DMRT2
ENSCJAG00000065335,
ENSCJAG00000075686,
ENSCJAG00000078908,Metazoa_SRP
ENSCJAG00000075877,
ENSCJAG00000072310,
ENSCJAG00000001233,BCAS3
ENSCJAG00000085098,
ENSCJAG00000005732,MICAL1
ENSCJAG00000078689,
ENSCJAG00000070638,
ENSCJAG00000075278,U6
ENSCJAG00000064674,RWDD2A
ENSCJAG00000033148,U4
ENSCJAG00000075753,Y_RNA
ENSCJAG00000070509,5S_rRNA
ENSCJAG00000069745,U6
ENSCJAG00000035989,Metazoa_SRP
ENSCJAG00000059613,
ENSCJAG00000002147,GATB
ENSCJAG00000035343,Y_RNA
ENSCJAG00000069117,
ENSCJAG00000026247,U2
ENSCJAG00000072140,5S_rRNA
ENSCJAG00000072399,
ENSCJAG00000081136,Metazoa_SRP
ENSCJAG00000082517,
ENSCJAG00000079418,
ENSCJAG00000075348,
ENSCJAG00000085500,
ENSCJAG00000009064,ME1
ENSCJAG00000072599,U1
ENSCJAG00000055287,
ENSCJAG00000024334,cja-mir-32
ENSCJAG00000003429,DYNLT2
ENSCJAG00000072431,
ENSCJAG00000085553,
ENSCJAG00000073007,Y_RNA
ENSCJAG00000013664,KRT25
ENSCJAG00000011464,DOCK2
ENSCJAG00000012524,APOBEC3H
ENSCJAG00000018076,AASDH
ENSCJAG00000082132,RPL29
ENSCJAG00000063992,
ENSCJAG00000078137,
ENSCJAG00000001632,GLRB
ENSCJAG00000057295,
ENSCJAG00000031541,U6
ENSCJAG00000002804,BLTP1
ENSCJAG00000080053,
ENSCJAG00000077592,
ENSCJAG00000017183,FRRS1L
ENSCJAG00000083652,
ENSCJAG00000072619,
ENSCJAG00000055818,
ENSCJAG00000022026,GPRIN3
ENSCJAG00000024098,
ENSCJAG00000071106,Metazoa_SRP
ENSCJAG00000061594,
ENSCJAG00000072099,Metazoa_SRP
ENSCJAG00000072898,
ENSCJAG00000021057,ITGBL1
ENSCJAG00000081915,
ENSCJAG00000047299,
ENSCJAG00000071299,Metazoa_SRP
ENSCJAG00000084137,
ENSCJAG00000069860,Y_RNA
ENSCJAG00000075765,
ENSCJAG00000076023,
ENSCJAG00000040657,Metazoa_SRP
ENSCJAG00000079018,
ENSCJAG00000066738,U2
ENSCJAG00000037950,Metazoa_SRP
ENSCJAG00000083373,
ENSCJAG00000011142,ANKS6
ENSCJAG00000028296,Y_RNA
ENSCJAG00000076309,Metazoa_SRP
ENSCJAG00000054085,U2
ENSCJAG00000002164,FHIP1A
ENSCJAG00000080406,U6
ENSCJAG00000069985,Metazoa_SRP
ENSCJAG00000055742,
ENSCJAG00000001859,LETM1
ENSCJAG00000044112,Metazoa_SRP
ENSCJAG00000079567,Metazoa_SRP
ENSCJAG00000033341,U6
ENSCJAG00000083341,Metazoa_SRP
ENSCJAG00000010078,ARFGAP1
ENSCJAG00000024685,RNaseP_nuc
ENSCJAG00000017184,EPB41L4B
ENSCJAG00000070809,
ENSCJAG00000081882,
ENSCJAG00000078868,
ENSCJAG00000072258,
ENSCJAG00000076480,
ENSCJAG00000003391,ERMARD
ENSCJAG00000075760,
ENSCJAG00000084892,SMIM10L3
ENSCJAG00000086024,
ENSCJAG00000040184,U7
ENSCJAG00000006181,ARMH2
ENSCJAG00000004719,MACROD2
ENSCJAG00000012537,CBX7
ENSCJAG00000070360,
ENSCJAG00000070065,
ENSCJAG00000079256,5S_rRNA
ENSCJAG00000056564,
ENSCJAG00000077677,
ENSCJAG00000073360,
ENSCJAG00000059838,
ENSCJAG00000015895,ERBIN
ENSCJAG00000006161,GMNN
ENSCJAG00000072024,
ENSCJAG00000069913,Y_RNA
ENSCJAG00000077005,Y_RNA
ENSCJAG00000084099,
ENSCJAG00000069888,Metazoa_SRP
ENSCJAG00000077938,Metazoa_SRP
ENSCJAG00000018115,CRACD
ENSCJAG00000073284,U6
ENSCJAG00000011172,GALNT12
ENSCJAG00000067415,
ENSCJAG00000003343,LAMA2
ENSCJAG00000077765,
ENSCJAG00000083044,
ENSCJAG00000071643,
ENSCJAG00000074998,
ENSCJAG00000013178,SEPSECS
ENSCJAG00000070152,
ENSCJAG00000074380,
ENSCJAG00000055897,
ENSCJAG00000083952,
ENSCJAG00000001653,PDGFC
ENSCJAG00000082767,Metazoa_SRP
ENSCJAG00000072413,Metazoa_SRP
ENSCJAG00000013679,KRT20
ENSCJAG00000071042,
ENSCJAG00000076390,
ENSCJAG00000014376,ZNF207
ENSCJAG00000086437,Y_RNA
ENSCJAG00000045288,FGF14
ENSCJAG00000011366,PDGFB
ENSCJAG00000006136,C6orf62
ENSCJAG00000083124,
ENSCJAG00000042409,Metazoa_SRP
ENSCJAG00000073572,
ENSCJAG00000016843,EYA2
ENSCJAG00000005756,SMPD2
ENSCJAG00000061412,
ENSCJAG00000021859,
ENSCJAG00000013609,KRT12
ENSCJAG00000015455,RAC1
ENSCJAG00000082917,
ENSCJAG00000077620,
ENSCJAG00000024191,U1
ENSCJAG00000075947,
ENSCJAG00000012574,RPL3
ENSCJAG00000085902,
ENSCJAG00000067464,cja-mir-9925
ENSCJAG00000017223,PTPN3
ENSCJAG00000057602,FLRT3
ENSCJAG00000072037,
ENSCJAG00000001208,PPM1D
ENSCJAG00000005712,ZBTB24
ENSCJAG00000051510,ACOT13
ENSCJAG00000026517,Y_RNA
ENSCJAG00000059991,
ENSCJAG00000010171,COL12A1
ENSCJAG00000042679,LGI2
ENSCJAG00000084368,
ENSCJAG00000071096,
ENSCJAG00000075921,
ENSCJAG00000084249,U6
ENSCJAG00000072219,
ENSCJAG00000066465,U6
ENSCJAG00000032670,U6
ENSCJAG00000044765,KRT10
ENSCJAG00000072506,
ENSCJAG00000022054,
ENSCJAG00000082597,
ENSCJAG00000076562,
ENSCJAG00000007652,ALDH8A1
ENSCJAG00000020244,CNTRL
ENSCJAG00000006074,TDP2
ENSCJAG00000076757,
ENSCJAG00000073039,
ENSCJAG00000031854,U6
ENSCJAG00000003956,HSF2
ENSCJAG00000070806,
ENSCJAG00000060133,SNORD43
ENSCJAG00000002215,SH3D19
ENSCJAG00000006632,FAM13A
ENSCJAG00000072677,Y_RNA
ENSCJAG00000001666,CTSO
ENSCJAG00000010710,SMARCA2
ENSCJAG00000020658,DLL1
ENSCJAG00000043808,APPBP2
ENSCJAG00000001819,FGFR3
ENSCJAG00000074039,
ENSCJAG00000081693,U6
ENSCJAG00000037816,Metazoa_SRP
ENSCJAG00000005643,AK9
ENSCJAG00000015128,SNAP91
ENSCJAG00000073179,
ENSCJAG00000011632,INSYN2B
ENSCJAG00000034830,KRT24
ENSCJAG00000017920,CHD6
ENSCJAG00000086031,SYNGR1
ENSCJAG00000075778,Metazoa_SRP
ENSCJAG00000001672,TDO2
ENSCJAG00000069660,
ENSCJAG00000010103,COL20A1
ENSCJAG00000011193,COL15A1
ENSCJAG00000068098,
ENSCJAG00000073946,FOXI1
ENSCJAG00000003940,SERINC1
ENSCJAG00000080142,
ENSCJAG00000084808,
ENSCJAG00000035627,KRT222
ENSCJAG00000072887,
ENSCJAG00000020115,TPP2
ENSCJAG00000015461,DAGLB
ENSCJAG00000001176,CHCT1
ENSCJAG00000074583,Metazoa_SRP
ENSCJAG00000079538,
ENSCJAG00000086516,
ENSCJAG00000037697,C5orf58
ENSCJAG00000020655,FAM120B
ENSCJAG00000077577,Metazoa_SRP
ENSCJAG00000001691,ASIC5
ENSCJAG00000074655,U4
ENSCJAG00000006084,KIAA0319
ENSCJAG00000040212,PKIB
ENSCJAG00000016297,TAB1
ENSCJAG00000015474,KDELR2
ENSCJAG00000085981,
ENSCJAG00000018797,ZAR1
ENSCJAG00000076438,Metazoa_SRP
ENSCJAG00000011656,LCP2
ENSCJAG00000014362,C17orf75
ENSCJAG00000001104,USP32
ENSCJAG00000007678,HBS1L
ENSCJAG00000001805,TACC3
ENSCJAG00000068778,
ENSCJAG00000018818,SLC10A4
ENSCJAG00000076778,
ENSCJAG00000010168,CHRNA4
ENSCJAG00000002204,PRSS48
ENSCJAG00000048660,PALM2AKAP2
ENSCJAG00000013573,SMARCE1
ENSCJAG00000070927,
ENSCJAG00000073955,Metazoa_SRP
ENSCJAG00000043618,Metazoa_SRP
ENSCJAG00000086641,
ENSCJAG00000085254,Y_RNA
ENSCJAG00000075495,
ENSCJAG00000081933,
ENSCJAG00000045381,MGAT3
ENSCJAG00000080321,
ENSCJAG00000077018,U6
ENSCJAG00000082876,Y_RNA
ENSCJAG00000085643,
ENSCJAG00000001694,GUCY1B1
ENSCJAG00000078476,PSMB1
ENSCJAG00000074780,
ENSCJAG00000004746,KIF16B
ENSCJAG00000072731,U7
ENSCJAG00000005568,KIZ
ENSCJAG00000003308,ARHGAP18
ENSCJAG00000042883,SLAIN2
ENSCJAG00000080394,U6
ENSCJAG00000082006,
ENSCJAG00000056486,
ENSCJAG00000071292,U4
ENSCJAG00000020638,TBP
ENSCJAG00000024229,U2
ENSCJAG00000070794,
ENSCJAG00000002268,RPS3A
ENSCJAG00000086949,U7
ENSCJAG00000051713,ZNF74
ENSCJAG00000075549,
ENSCJAG00000085325,
ENSCJAG00000043447,Y_RNA
ENSCJAG00000014342,RHBDL3
ENSCJAG00000006525,HERC3
ENSCJAG00000043031,Metazoa_SRP
ENSCJAG00000071594,Metazoa_SRP
ENSCJAG00000056128,SNORD73
ENSCJAG00000084389,
ENSCJAG00000015493,GRID2IP
ENSCJAG00000078371,
ENSCJAG00000080390,U6
ENSCJAG00000064854,
ENSCJAG00000056396,SNORD73
ENSCJAG00000002975,TRPC3
ENSCJAG00000026384,
ENSCJAG00000080719,TMEM244
ENSCJAG00000086010,U6
ENSCJAG00000072003,Y_RNA
ENSCJAG00000068295,
ENSCJAG00000001790,SLBP
ENSCJAG00000058322,
ENSCJAG00000044805,
ENSCJAG00000072797,
ENSCJAG00000020113,METTL21C
ENSCJAG00000076859,
ENSCJAG00000021814,
ENSCJAG00000070131,
ENSCJAG00000076929,U6
ENSCJAG00000020634,
ENSCJAG00000079858,Metazoa_SRP
ENSCJAG00000076764,
ENSCJAG00000080461,Metazoa_SRP
ENSCJAG00000075119,
ENSCJAG00000018849,TEC
ENSCJAG00000042690,
ENSCJAG00000015865,NLN
ENSCJAG00000078080,C9orf152
ENSCJAG00000023169,KCNJ16
ENSCJAG00000035725,U6
ENSCJAG00000040633,TEX30
ENSCJAG00000016327,SCARF2
ENSCJAG00000060836,
ENSCJAG00000000121,KCNJ2
ENSCJAG00000003235,L3MBTL3
ENSCJAG00000071107,
ENSCJAG00000006063,ALDH5A1
ENSCJAG00000068187,NAP1L5
ENSCJAG00000034526,U7
ENSCJAG00000011244,TGFBR1
ENSCJAG00000002279,LRBA
ENSCJAG00000038062,U6
ENSCJAG00000017321,TXN
ENSCJAG00000011248,CA4
ENSCJAG00000054171,cja-mir-9965
ENSCJAG00000076688,Metazoa_SRP
ENSCJAG00000075739,CCR7
ENSCJAG00000081652,PYURF
ENSCJAG00000041513,Metazoa_SRP
ENSCJAG00000001736,GUCY1A1
ENSCJAG00000046761,Metazoa_SRP
ENSCJAG00000076474,5S_rRNA
ENSCJAG00000016358,KLHL22
ENSCJAG00000087023,SOX9
ENSCJAG00000003015,BBS7
ENSCJAG00000028404,U6
ENSCJAG00000020091,POGLUT2
ENSCJAG00000039443,ALG2
ENSCJAG00000060080,
ENSCJAG00000040786,Y_RNA
ENSCJAG00000072946,Metazoa_SRP
ENSCJAG00000071833,Metazoa_SRP
ENSCJAG00000071494,
ENSCJAG00000010325,TMEM30A
ENSCJAG00000028885,U6
ENSCJAG00000080872,ZNHIT3
ENSCJAG00000079502,
ENSCJAG00000074587,Y_RNA
ENSCJAG00000077495,5S_rRNA
ENSCJAG00000001781,FAM53A
ENSCJAG00000071270,Y_RNA
ENSCJAG00000001178,RBL1
ENSCJAG00000015847,SGTB
ENSCJAG00000086625,Metazoa_SRP
ENSCJAG00000013560,TNS4
ENSCJAG00000051941,
ENSCJAG00000006474,HERC5
ENSCJAG00000077403,MAB21L2
ENSCJAG00000074754,SEC61B
ENSCJAG00000019441,KCNIP1
ENSCJAG00000001093,ZNHIT3
ENSCJAG00000046713,
ENSCJAG00000072083,Metazoa_SRP
ENSCJAG00000053266,
ENSCJAG00000080967,
ENSCJAG00000078157,
ENSCJAG00000018872,TXK
ENSCJAG00000025926,U2
ENSCJAG00000019941,SLC39A11
ENSCJAG00000079323,NKX1-1
ENSCJAG00000005611,XRN2
ENSCJAG00000014248,RHOT1
ENSCJAG00000031466,U2
ENSCJAG00000001761,MAP9
ENSCJAG00000016378,MED15
ENSCJAG00000084575,RIPPLY2
ENSCJAG00000042020,RAB14
ENSCJAG00000015517,ZDHHC4
ENSCJAG00000011288,NR4A3
ENSCJAG00000003023,CCNA2
ENSCJAG00000044174,Metazoa_SRP
ENSCJAG00000013550,IGFBP4
ENSCJAG00000041289,UVSSA
ENSCJAG00000021810,NPY2R
ENSCJAG00000020073,ERCC5
ENSCJAG00000075030,U6
ENSCJAG00000073288,
ENSCJAG00000003214,SAMD3
ENSCJAG00000065531,U5
ENSCJAG00000085627,Metazoa_SRP
ENSCJAG00000010184,KCNQ2
ENSCJAG00000082164,Metazoa_SRP
ENSCJAG00000015531,INTS15
ENSCJAG00000060232,NIPAL1
ENSCJAG00000087219,Metazoa_SRP
ENSCJAG00000003038,EXOSC9
ENSCJAG00000028013,
ENSCJAG00000001230,SAMHD1
ENSCJAG00000001068,MYO19
ENSCJAG00000013478,TOP2A
ENSCJAG00000040336,NKX2-4
ENSCJAG00000073612,
ENSCJAG00000019937,SSTR2
ENSCJAG00000010772,VLDLR
ENSCJAG00000072747,
ENSCJAG00000076899,
ENSCJAG00000018878,CNGA1
ENSCJAG00000069829,Y_RNA
ENSCJAG00000015812,TRAPPC13
ENSCJAG00000001768,RBM46
ENSCJAG00000020061,SLC10A2
ENSCJAG00000081459,
ENSCJAG00000043047,
ENSCJAG00000011317,STX17
ENSCJAG00000065689,
ENSCJAG00000002343,DCLK2
ENSCJAG00000046914,ZNF316
ENSCJAG00000015140,CYB5R4
ENSCJAG00000006038,GPLD1
ENSCJAG00000006441,HERC6
ENSCJAG00000030313,Y_RNA
ENSCJAG00000078404,GRAMD4
ENSCJAG00000085914,
ENSCJAG00000019919,COG1
ENSCJAG00000077631,Y_RNA
ENSCJAG00000076238,
ENSCJAG00000070985,
ENSCJAG00000051781,
ENSCJAG00000081205,
ENSCJAG00000046154,GJD3
ENSCJAG00000064888,
ENSCJAG00000007798,MYB
ENSCJAG00000082238,
ENSCJAG00000020216,GSN
ENSCJAG00000084262,
ENSCJAG00000070050,
ENSCJAG00000015557,ZNF12
ENSCJAG00000003205,TMEM200A
ENSCJAG00000001264,TLDC2
ENSCJAG00000027419,U2
ENSCJAG00000033694,
ENSCJAG00000067201,
ENSCJAG00000076879,
ENSCJAG00000056402,
ENSCJAG00000010350,FILIP1
ENSCJAG00000078979,MAEA
ENSCJAG00000062081,LRAT
ENSCJAG00000028383,U6
ENSCJAG00000025040,Y_RNA
ENSCJAG00000017337,SVEP1
ENSCJAG00000071662,
ENSCJAG00000073751,
ENSCJAG00000071162,Y_RNA
ENSCJAG00000021500,RBAK
ENSCJAG00000072690,
ENSCJAG00000080356,
ENSCJAG00000001782,FGG
ENSCJAG00000024748,
ENSCJAG00000011361,ERP44
ENSCJAG00000070559,
ENSCJAG00000076422,
ENSCJAG00000013440,RARA
ENSCJAG00000080620,
ENSCJAG00000080735,Metazoa_SRP
ENSCJAG00000078147,
ENSCJAG00000027018,U6
ENSCJAG00000006007,MRS2
ENSCJAG00000069246,
ENSCJAG00000087020,
ENSCJAG00000047768,
ENSCJAG00000082123,
ENSCJAG00000068046,FAM246A
ENSCJAG00000005773,PAX1
ENSCJAG00000014704,EFNB2
ENSCJAG00000073339,U1
ENSCJAG00000081007,Y_RNA
ENSCJAG00000081819,
ENSCJAG00000003072,ANXA5
ENSCJAG00000083207,Metazoa_SRP
ENSCJAG00000040466,KCNMB1
ENSCJAG00000075870,Metazoa_SRP
ENSCJAG00000078899,
ENSCJAG00000001273,SOGA1
ENSCJAG00000087264,Y_RNA
ENSCJAG00000031051,U3
ENSCJAG00000079340,
ENSCJAG00000004811,SNRPB2
ENSCJAG00000048586,ARGLU1
ENSCJAG00000017913,PTPRT
ENSCJAG00000077177,
ENSCJAG00000079080,
ENSCJAG00000074418,Metazoa_SRP
ENSCJAG00000001810,FGA
ENSCJAG00000071708,
ENSCJAG00000072978,
ENSCJAG00000079010,
ENSCJAG00000081529,
ENSCJAG00000070132,
ENSCJAG00000074790,
ENSCJAG00000053427,U6
ENSCJAG00000080963,
ENSCJAG00000027398,Y_RNA
ENSCJAG00000032072,SNORD36
ENSCJAG00000075555,
ENSCJAG00000016824,MLXIPL
ENSCJAG00000000082,
ENSCJAG00000004842,OTOR
ENSCJAG00000001699,DGCR2
ENSCJAG00000076634,Metazoa_SRP
ENSCJAG00000081443,Metazoa_SRP
ENSCJAG00000083820,
ENSCJAG00000073170,Metazoa_SRP
ENSCJAG00000044876,SMLR1
ENSCJAG00000059880,
ENSCJAG00000025097,
ENSCJAG00000001822,FGB
ENSCJAG00000086410,Metazoa_SRP
ENSCJAG00000073210,
ENSCJAG00000083467,
ENSCJAG00000012180,UQCC2
ENSCJAG00000014696,NALF1
ENSCJAG00000031597,MRAP2
ENSCJAG00000070048,
ENSCJAG00000023386,PIGW
ENSCJAG00000030168,U3
ENSCJAG00000015796,TRIM23
ENSCJAG00000084396,
ENSCJAG00000073485,
ENSCJAG00000019417,GABRP
ENSCJAG00000019913,C17orf80
ENSCJAG00000045428,SNORD31
ENSCJAG00000020202,STOM
ENSCJAG00000005984,DCDC2
ENSCJAG00000006428,PPM1K
ENSCJAG00000078754,
ENSCJAG00000075528,
ENSCJAG00000001565,CTBP1
ENSCJAG00000078493,
ENSCJAG00000001044,GGNBP2
ENSCJAG00000085574,
ENSCJAG00000085732,Metazoa_SRP
ENSCJAG00000079274,
ENSCJAG00000070169,
ENSCJAG00000016698,ZMYND8
ENSCJAG00000073295,U6
ENSCJAG00000072511,Y_RNA
ENSCJAG00000063555,cja-mir-9971
ENSCJAG00000044270,IP6K3
ENSCJAG00000077825,
ENSCJAG00000011073,CDC6
ENSCJAG00000080563,
ENSCJAG00000011404,INVS
ENSCJAG00000086274,
ENSCJAG00000032717,U6
ENSCJAG00000036665,Metazoa_SRP
ENSCJAG00000064480,TSSK2
ENSCJAG00000016836,TBL2
ENSCJAG00000077901,
ENSCJAG00000085262,NRSN1
ENSCJAG00000073310,
ENSCJAG00000009271,FSCN1
ENSCJAG00000069823,U6
ENSCJAG00000075586,
ENSCJAG00000001846,PLRG1
ENSCJAG00000083725,
ENSCJAG00000077508,
ENSCJAG00000001031,DHRS11
ENSCJAG00000072425,
ENSCJAG00000064965,
ENSCJAG00000076217,
ENSCJAG00000038433,U6
ENSCJAG00000007237,UNC5A
ENSCJAG00000072906,U6
ENSCJAG00000015769,PPWD1
ENSCJAG00000047613,Metazoa_SRP
ENSCJAG00000001679,DGCR14
ENSCJAG00000080617,
ENSCJAG00000004853,PCSK2
ENSCJAG00000069057,
ENSCJAG00000014210,RNF135
ENSCJAG00000019911,
ENSCJAG00000087167,U6
ENSCJAG00000081343,5S_rRNA
ENSCJAG00000071466,
ENSCJAG00000086753,
ENSCJAG00000086175,
ENSCJAG00000057418,FAM83B
ENSCJAG00000001023,MRM1
ENSCJAG00000078230,U7
ENSCJAG00000082389,
ENSCJAG00000072043,Y_RNA
ENSCJAG00000076196,
ENSCJAG00000074750,ACTB
ENSCJAG00000014689,LIG4
ENSCJAG00000075331,Y_RNA
ENSCJAG00000005785,FOXA2
ENSCJAG00000082556,U6
ENSCJAG00000086615,U6
ENSCJAG00000069787,U7
ENSCJAG00000019368,RANBP17
ENSCJAG00000070272,
ENSCJAG00000084179,
ENSCJAG00000072713,
ENSCJAG00000014685,ABHD13
ENSCJAG00000072210,
ENSCJAG00000067472,SRSF6
ENSCJAG00000079640,
ENSCJAG00000082467,
ENSCJAG00000077159,
ENSCJAG00000049524,
ENSCJAG00000086821,
ENSCJAG00000081480,
ENSCJAG00000001308,DSN1
ENSCJAG00000065946,GSC2
ENSCJAG00000019909,CDC42EP4
ENSCJAG00000000010,FBXL18
ENSCJAG00000070785,
ENSCJAG00000085593,U6
ENSCJAG00000012200,LEMD2
ENSCJAG00000016860,BCL7B
ENSCJAG00000002355,IQCM
ENSCJAG00000003105,QRFPR
ENSCJAG00000074977,
ENSCJAG00000087013,Metazoa_SRP
ENSCJAG00000074351,
ENSCJAG00000048027,Metazoa_SRP
ENSCJAG00000082799,Metazoa_SRP
ENSCJAG00000085685,
ENSCJAG00000006370,ABCG2
ENSCJAG00000086165,
ENSCJAG00000080499,U6
ENSCJAG00000073419,
ENSCJAG00000085214,Y_RNA
ENSCJAG00000072648,Metazoa_SRP
ENSCJAG00000057653,cja-mir-589
ENSCJAG00000065262,
ENSCJAG00000080424,
ENSCJAG00000071105,
ENSCJAG00000085110,
ENSCJAG00000033402,U6
ENSCJAG00000046459,
ENSCJAG00000010386,SENP6
ENSCJAG00000001657,SLC25A1
ENSCJAG00000010863,HCRTR2
ENSCJAG00000015759,CENPK
ENSCJAG00000075650,
ENSCJAG00000076433,
ENSCJAG00000081263,
ENSCJAG00000015449,AATF
ENSCJAG00000014666,TNFSF13B
ENSCJAG00000074464,
ENSCJAG00000070307,
ENSCJAG00000079809,
ENSCJAG00000042809,KCNV2
ENSCJAG00000068831,
ENSCJAG00000016867,BAZ1B
ENSCJAG00000070805,
ENSCJAG00000064074,DCHS2
ENSCJAG00000071718,
ENSCJAG00000003110,TNIP3
ENSCJAG00000019883,SDK2
ENSCJAG00000078807,
ENSCJAG00000077262,
ENSCJAG00000037648,Metazoa_SRP
ENSCJAG00000079031,U7
ENSCJAG00000048623,SPON2
ENSCJAG00000004885,BFSP1
ENSCJAG00000005795,THBD
ENSCJAG00000000014,TNRC18
ENSCJAG00000011446,TEX10
ENSCJAG00000083773,
ENSCJAG00000078902,
ENSCJAG00000010917,PUM3
ENSCJAG00000076230,
ENSCJAG00000010859,GFRAL
ENSCJAG00000012209,
ENSCJAG00000076947,
ENSCJAG00000071977,
ENSCJAG00000079966,U6
ENSCJAG00000078494,
ENSCJAG00000070301,Metazoa_SRP
ENSCJAG00000073346,U6
ENSCJAG00000084207,
ENSCJAG00000080589,
ENSCJAG00000072437,
ENSCJAG00000005796,CD93
ENSCJAG00000081240,
ENSCJAG00000084940,
ENSCJAG00000056778,Metazoa_SRP
ENSCJAG00000035732,Metazoa_SRP
ENSCJAG00000086313,Metazoa_SRP
ENSCJAG00000038990,TSFM
ENSCJAG00000086966,Metazoa_SRP
ENSCJAG00000047873,CLTCL1
ENSCJAG00000076467,
ENSCJAG00000003128,NDNF
ENSCJAG00000086131,Metazoa_SRP
ENSCJAG00000015177,CEP162
ENSCJAG00000045266,FZD9
ENSCJAG00000001920,SFRP2
ENSCJAG00000082167,
ENSCJAG00000086709,
ENSCJAG00000084882,
ENSCJAG00000012473,
ENSCJAG00000053941,
ENSCJAG00000074542,
ENSCJAG00000043923,Y_RNA
ENSCJAG00000079484,
ENSCJAG00000038714,TLX3
ENSCJAG00000073779,
ENSCJAG00000054332,
ENSCJAG00000014201,TEFM
ENSCJAG00000001923,RNF175
ENSCJAG00000010832,HMGCLL1
ENSCJAG00000086176,
ENSCJAG00000079916,
ENSCJAG00000072335,
ENSCJAG00000086028,Metazoa_SRP
ENSCJAG00000015704,ADAMTS6
ENSCJAG00000027933,
ENSCJAG00000003171,EPB41L2
ENSCJAG00000080467,
ENSCJAG00000075094,Metazoa_SRP
ENSCJAG00000074477,
ENSCJAG00000034032,HDGFL1
ENSCJAG00000016944,FKBP6
ENSCJAG00000082099,
ENSCJAG00000086555,TLR2
ENSCJAG00000059392,DSTN
ENSCJAG00000035015,Y_RNA
ENSCJAG00000076995,
ENSCJAG00000080193,
ENSCJAG00000008068,AHI1
ENSCJAG00000032074,U6
ENSCJAG00000058063,
ENSCJAG00000074118,Metazoa_SRP
ENSCJAG00000002360,NR3C2
ENSCJAG00000082677,
ENSCJAG00000007278,TSPAN17
ENSCJAG00000019334,NPM1
ENSCJAG00000005967,PRL
ENSCJAG00000014617,MYO16
ENSCJAG00000000017,SLC29A4
ENSCJAG00000074139,U6
ENSCJAG00000078339,Metazoa_SRP
ENSCJAG00000014179,ATAD5
ENSCJAG00000055219,RPL38
ENSCJAG00000016956,TRIM50
ENSCJAG00000070199,
ENSCJAG00000070888,
ENSCJAG00000075419,U6
ENSCJAG00000010807,BMP5
ENSCJAG00000007291,EIF4E1B
ENSCJAG00000062200,U6
ENSCJAG00000003964,L3MBTL1
ENSCJAG00000073275,
ENSCJAG00000010227,EEF1A2
ENSCJAG00000001812,FGFRL1
ENSCJAG00000032699,
ENSCJAG00000081308,Y_RNA
ENSCJAG00000078212,
ENSCJAG00000019329,FGF18
ENSCJAG00000002375,ARHGAP10
ENSCJAG00000022184,
ENSCJAG00000016968,NSUN5
ENSCJAG00000073646,
ENSCJAG00000014989,TTYH2
ENSCJAG00000083213,
ENSCJAG00000076810,
ENSCJAG00000007301,SNCB
ENSCJAG00000039568,CRLF3
ENSCJAG00000085603,
ENSCJAG00000042348,Metazoa_SRP
ENSCJAG00000035658,Metazoa_SRP
ENSCJAG00000015336,ACACA
ENSCJAG00000019324,SMIM23
ENSCJAG00000060163,
ENSCJAG00000076938,PPDPF
ENSCJAG00000017434,MUSK
ENSCJAG00000085835,
ENSCJAG00000073383,
ENSCJAG00000001838,IDUA
ENSCJAG00000085031,
ENSCJAG00000070536,
ENSCJAG00000073080,Metazoa_SRP
ENSCJAG00000076775,
ENSCJAG00000067555,Metazoa_SRP
ENSCJAG00000010243,PTK6
ENSCJAG00000018164,WIPI2
ENSCJAG00000084753,GRM4
ENSCJAG00000007308,GPRIN1
ENSCJAG00000010723,COL21A1
ENSCJAG00000015673,CWC27
ENSCJAG00000016983,POM121C
ENSCJAG00000019269,LIMCH1
ENSCJAG00000075919,
ENSCJAG00000084568,U6
ENSCJAG00000001931,TMEM131L
ENSCJAG00000069785,Metazoa_SRP
ENSCJAG00000001864,SLC26A1
ENSCJAG00000002411,PRMT9
ENSCJAG00000010253,SRMS
ENSCJAG00000086325,
ENSCJAG00000017478,LPAR1
ENSCJAG00000077048,
ENSCJAG00000007310,CDHR2
ENSCJAG00000014133,SUZ12
ENSCJAG00000084969,Y_RNA
ENSCJAG00000004913,RRBP1
ENSCJAG00000077142,Metazoa_SRP
ENSCJAG00000001591,HIRA
ENSCJAG00000076284,U6
ENSCJAG00000010272,FNDC11
ENSCJAG00000001323,NDRG3
ENSCJAG00000014971,DNAI2
ENSCJAG00000076719,Y_RNA
ENSCJAG00000047251,SOX4
ENSCJAG00000072856,
ENSCJAG00000087206,
ENSCJAG00000086367,
ENSCJAG00000081424,
ENSCJAG00000001866,DGKQ
ENSCJAG00000010541,MYO6
ENSCJAG00000085992,Metazoa_SRP
ENSCJAG00000002418,TMEM184C
ENSCJAG00000035846,Metazoa_SRP
ENSCJAG00000084240,
ENSCJAG00000075503,ARPC3
ENSCJAG00000061766,U7
ENSCJAG00000085713,
ENSCJAG00000079910,Y_RNA
ENSCJAG00000085089,Y_RNA
ENSCJAG00000085888,Metazoa_SRP
ENSCJAG00000080316,Metazoa_SRP
ENSCJAG00000075313,GMEB2
ENSCJAG00000042782,IRS2
ENSCJAG00000017494,OR2K2
ENSCJAG00000077531,Metazoa_SRP
ENSCJAG00000030256,U4
ENSCJAG00000039587,HMGA1
ENSCJAG00000044525,Metazoa_SRP
ENSCJAG00000015668,SREK1IP1
ENSCJAG00000084517,Metazoa_SRP
ENSCJAG00000007338,RNF44
ENSCJAG00000002424,EDNRA
ENSCJAG00000040110,Metazoa_SRP
ENSCJAG00000085104,Metazoa_SRP
ENSCJAG00000046225,MMD2
ENSCJAG00000040821,
ENSCJAG00000015241,SMIM29
ENSCJAG00000016998,HIP1
ENSCJAG00000031546,
ENSCJAG00000061329,
ENSCJAG00000040255,FAF2
ENSCJAG00000074167,SHISAL2B
ENSCJAG00000060964,Metazoa_SRP
ENSCJAG00000070325,Metazoa_SRP
ENSCJAG00000071255,U4
ENSCJAG00000007384,CDKAL1
ENSCJAG00000010324,STMN3
ENSCJAG00000035218,U6
ENSCJAG00000072559,
ENSCJAG00000012060,PROP1
ENSCJAG00000014115,UTP6
ENSCJAG00000074552,RGS7BP
ENSCJAG00000073487,TEX14
ENSCJAG00000079464,
ENSCJAG00000012069,
ENSCJAG00000039344,NUDT3
ENSCJAG00000084112,
ENSCJAG00000018360,RADIL
ENSCJAG00000066267,
ENSCJAG00000029175,SNORA70
ENSCJAG00000017495,ECPAS
ENSCJAG00000047326,U6
ENSCJAG00000017869,SGK2
ENSCJAG00000010664,IMPG1
ENSCJAG00000080751,Metazoa_SRP
ENSCJAG00000056616,
ENSCJAG00000071714,U6
ENSCJAG00000077012,
ENSCJAG00000077454,
ENSCJAG00000072841,Y_RNA
ENSCJAG00000083536,Y_RNA
ENSCJAG00000001891,TMEM175
ENSCJAG00000075825,U6
ENSCJAG00000080224,U3
ENSCJAG00000014908,KIF19
ENSCJAG00000012077,ZNF354A
ENSCJAG00000068624,
ENSCJAG00000077875,Metazoa_SRP
ENSCJAG00000081904,
ENSCJAG00000083013,Metazoa_SRP
ENSCJAG00000046514,cja-mir-548o-2
ENSCJAG00000002445,TTC29
ENSCJAG00000018675,AP5Z1
ENSCJAG00000044383,Metazoa_SRP
ENSCJAG00000078508,Y_RNA
ENSCJAG00000075356,U4
ENSCJAG00000014430,COL4A1
ENSCJAG00000077010,CCL24
ENSCJAG00000052098,cja-mir-9980
ENSCJAG00000047107,Y_RNA
ENSCJAG00000082469,Y_RNA
ENSCJAG00000032883,U6
ENSCJAG00000048474,U4
ENSCJAG00000052143,
ENSCJAG00000001584,MRPL40
ENSCJAG00000048172,Metazoa_SRP
ENSCJAG00000018682,FOXK1
ENSCJAG00000015250,RPS10
ENSCJAG00000066535,RHBDD2
ENSCJAG00000047527,Metazoa_SRP
ENSCJAG00000065896,MSANTD5
ENSCJAG00000063059,
ENSCJAG00000087391,
ENSCJAG00000014110,COPRS
ENSCJAG00000019544,E2F3
ENSCJAG00000077152,
ENSCJAG00000086767,Metazoa_SRP
ENSCJAG00000044605,
ENSCJAG00000012804,POR
ENSCJAG00000070387,Y_RNA
ENSCJAG00000081512,Metazoa_SRP
ENSCJAG00000082292,SNORD115
ENSCJAG00000015266,PACSIN1
ENSCJAG00000080652,Y_RNA
ENSCJAG00000087174,
ENSCJAG00000070482,
ENSCJAG00000019297,FBXW11
ENSCJAG00000076683,SNORD115
ENSCJAG00000080281,U6
ENSCJAG00000086051,SNORD115
ENSCJAG00000017838,IFT52
ENSCJAG00000056083,U2
ENSCJAG00000067929,
ENSCJAG00000030194,SNORA14A
ENSCJAG00000051257,U3
ENSCJAG00000012089,CLK4
ENSCJAG00000076136,SNORD115
ENSCJAG00000084685,U6
ENSCJAG00000015436,
ENSCJAG00000077384,U4
ENSCJAG00000071663,Metazoa_SRP
ENSCJAG00000054807,U6
ENSCJAG00000001566,UFD1
ENSCJAG00000028781,SNORD115
ENSCJAG00000078363,
ENSCJAG00000080644,Metazoa_SRP
ENSCJAG00000073140,5S_rRNA
ENSCJAG00000053519,U6
ENSCJAG00000082629,SNORD115
ENSCJAG00000042829,TMEM120A
ENSCJAG00000069953,Metazoa_SRP
ENSCJAG00000072442,
ENSCJAG00000079446,SNORD115
ENSCJAG00000024391,MIR365B
ENSCJAG00000070031,
ENSCJAG00000079231,U3
ENSCJAG00000080018,SNORD115
ENSCJAG00000063083,
ENSCJAG00000029246,
ENSCJAG00000079082,
ENSCJAG00000073139,U3
ENSCJAG00000086194,SNORD115
ENSCJAG00000015294,SPDEF
ENSCJAG00000036999,
ENSCJAG00000085261,Metazoa_SRP
ENSCJAG00000023718,SNORD116
ENSCJAG00000074799,
ENSCJAG00000055697,
ENSCJAG00000076696,
ENSCJAG00000014960,BTBD17
ENSCJAG00000081475,
ENSCJAG00000033795,SNORD116
ENSCJAG00000078780,
ENSCJAG00000085156,
ENSCJAG00000073491,Metazoa_SRP
ENSCJAG00000024537,SNORD116
ENSCJAG00000076707,Metazoa_SRP
ENSCJAG00000019529,MBOAT1
ENSCJAG00000001523,CDC45
ENSCJAG00000084678,Metazoa_SRP
ENSCJAG00000014106,
ENSCJAG00000059995,cja-mir-9961
ENSCJAG00000015275,TADA2A
ENSCJAG00000072628,Metazoa_SRP
ENSCJAG00000041453,GPR142
ENSCJAG00000077796,
ENSCJAG00000083716,
ENSCJAG00000053012,GAK
ENSCJAG00000015644,RNF180
ENSCJAG00000083374,Y_RNA
ENSCJAG00000062462,
ENSCJAG00000004945,BANF2
ENSCJAG00000012175,COL23A1
ENSCJAG00000066670,U3
ENSCJAG00000034934,SLC10A7
ENSCJAG00000046901,Metazoa_SRP
ENSCJAG00000055785,
ENSCJAG00000081038,SNORD116
ENSCJAG00000015304,ILRUN
ENSCJAG00000010336,RTEL1
ENSCJAG00000077849,
ENSCJAG00000077225,SNORD116
ENSCJAG00000040296,SLA2
ENSCJAG00000070262,U6
ENSCJAG00000069647,
ENSCJAG00000077719,SNORD116
ENSCJAG00000080824,5S_rRNA
ENSCJAG00000084975,
ENSCJAG00000081463,SNORD116
ENSCJAG00000084483,
ENSCJAG00000021820,CLDN5
ENSCJAG00000087325,
ENSCJAG00000074758,SNORD116
ENSCJAG00000081076,U6
ENSCJAG00000084146,
ENSCJAG00000080565,U6
ENSCJAG00000017561,ZNF483
ENSCJAG00000072521,Metazoa_SRP
ENSCJAG00000076123,U4
ENSCJAG00000086181,
ENSCJAG00000067570,U6
ENSCJAG00000075630,SNORD116
ENSCJAG00000057636,
ENSCJAG00000086852,
ENSCJAG00000086073,Y_RNA
ENSCJAG00000017819,MYBL2
ENSCJAG00000084994,SNORD116
ENSCJAG00000085795,
ENSCJAG00000072184,Metazoa_SRP
ENSCJAG00000085684,Metazoa_SRP
ENSCJAG00000014900,GPRC5C
ENSCJAG00000078408,SNORD116
ENSCJAG00000073708,
ENSCJAG00000051344,
ENSCJAG00000064082,
ENSCJAG00000031147,SEPTIN5
ENSCJAG00000072850,
ENSCJAG00000079727,Metazoa_SRP
ENSCJAG00000082301,SNORD116
ENSCJAG00000079058,Metazoa_SRP
ENSCJAG00000069638,
ENSCJAG00000047916,RAB5IF
ENSCJAG00000004947,SNX5
ENSCJAG00000062419,Metazoa_SRP
ENSCJAG00000071948,
ENSCJAG00000082479,SNORD116
ENSCJAG00000025388,Y_RNA
ENSCJAG00000078645,
ENSCJAG00000039500,DUSP14
ENSCJAG00000076958,Metazoa_SRP
ENSCJAG00000072666,U6
ENSCJAG00000079619,U6
ENSCJAG00000050452,
ENSCJAG00000014099,RAB11FIP4
ENSCJAG00000017571,PTGR1
ENSCJAG00000081053,
ENSCJAG00000081864,SNORD116
ENSCJAG00000077203,
ENSCJAG00000012215,PHYKPL
ENSCJAG00000001520,GP1BB
ENSCJAG00000084739,SNORD116
ENSCJAG00000003157,AKAP7
ENSCJAG00000080956,SNORD116
ENSCJAG00000083070,ID4
ENSCJAG00000015321,SNRPC
ENSCJAG00000074971,
ENSCJAG00000079884,SNORD116
ENSCJAG00000085541,SNORD17
ENSCJAG00000070238,SNORD116
ENSCJAG00000070725,
ENSCJAG00000084443,
ENSCJAG00000001738,PPM1E
ENSCJAG00000071474,SNORD116
ENSCJAG00000076385,
ENSCJAG00000002462,POU4F2
ENSCJAG00000075931,U6
ENSCJAG00000086224,SNORD116
ENSCJAG00000071985,
ENSCJAG00000075562,U6
ENSCJAG00000005037,MGME1
ENSCJAG00000070196,
ENSCJAG00000075631,
ENSCJAG00000079702,SNORD116
ENSCJAG00000077063,Metazoa_SRP
ENSCJAG00000083504,
ENSCJAG00000071611,
ENSCJAG00000075700,U6
ENSCJAG00000014894,CD300A
ENSCJAG00000069711,SNORD116
ENSCJAG00000077164,
ENSCJAG00000018706,SDK1
ENSCJAG00000012235,HNRNPAB
ENSCJAG00000081971,U1
ENSCJAG00000083622,
ENSCJAG00000017584,DNAJC25
ENSCJAG00000071233,U6
ENSCJAG00000082227,Metazoa_SRP
ENSCJAG00000075571,
ENSCJAG00000010349,DST
ENSCJAG00000072543,SNORD116
ENSCJAG00000061805,U6
ENSCJAG00000084298,Metazoa_SRP
ENSCJAG00000081887,SNORD116
ENSCJAG00000008164,PDE7B
ENSCJAG00000069249,Metazoa_SRP
ENSCJAG00000046646,REELD1
ENSCJAG00000083830,SNRPG
ENSCJAG00000061273,U3
ENSCJAG00000015209,SYNRG
ENSCJAG00000084320,U4
ENSCJAG00000005049,OVOL2
ENSCJAG00000065491,Metazoa_SRP
ENSCJAG00000047686,GNG10
ENSCJAG00000042465,CPLX1
ENSCJAG00000076881,U6
ENSCJAG00000047085,Metazoa_SRP
ENSCJAG00000055293,U7
ENSCJAG00000038564,NHP2
ENSCJAG00000041828,Metazoa_SRP
ENSCJAG00000076926,
ENSCJAG00000073852,Metazoa_SRP
ENSCJAG00000022056,
ENSCJAG00000064915,5S_rRNA
ENSCJAG00000008189,MTFR2
ENSCJAG00000057191,
ENSCJAG00000014880,CD300LB
ENSCJAG00000017806,TOX2
ENSCJAG00000016602,NCOA3
ENSCJAG00000012259,RMND5B
ENSCJAG00000015333,BLTP3A
ENSCJAG00000017593,SHOC1
ENSCJAG00000077405,U4
ENSCJAG00000079657,CD300C
ENSCJAG00000082681,SNORD116
ENSCJAG00000036435,N4BP3
ENSCJAG00000030808,SNORD116
ENSCJAG00000084559,PCGF3
ENSCJAG00000084936,Metazoa_SRP
ENSCJAG00000073528,SNORD116
ENSCJAG00000086517,Metazoa_SRP
ENSCJAG00000002482,LSM6
ENSCJAG00000081588,
ENSCJAG00000040485,Metazoa_SRP
ENSCJAG00000040090,CD300H
ENSCJAG00000014238,COL4A2
ENSCJAG00000023809,U4
ENSCJAG00000057574,SNORD116
ENSCJAG00000083179,Y_RNA
ENSCJAG00000016568,SULF2
ENSCJAG00000054488,SNORD116
ENSCJAG00000048164,CLTB
ENSCJAG00000047677,Metazoa_SRP
ENSCJAG00000070338,
ENSCJAG00000083395,U4
ENSCJAG00000080607,Metazoa_SRP
ENSCJAG00000043730,SLC49A3
ENSCJAG00000083353,Metazoa_SRP
ENSCJAG00000084164,HIGD2A
ENSCJAG00000064260,Y_RNA
ENSCJAG00000036996,Metazoa_SRP
ENSCJAG00000077630,
ENSCJAG00000053002,Metazoa_SRP
ENSCJAG00000001664,TRIM37
ENSCJAG00000084469,
ENSCJAG00000056477,
ENSCJAG00000057017,NOP16
ENSCJAG00000001984,MYL5
ENSCJAG00000017794,OSER1
ENSCJAG00000012332,ARL10
ENSCJAG00000081356,Metazoa_SRP
ENSCJAG00000015388,TAF11
ENSCJAG00000008200,BCLAF1
ENSCJAG00000001989,
ENSCJAG00000064922,Metazoa_SRP
ENSCJAG00000079150,
ENSCJAG00000080041,SNORD116
ENSCJAG00000059050,U6
ENSCJAG00000016539,PREX1
ENSCJAG00000082156,SNORD116
ENSCJAG00000002484,ZNF827
ENSCJAG00000017802,JPH2
ENSCJAG00000012337,KIAA1191
ENSCJAG00000087209,SNORD116
ENSCJAG00000082021,Metazoa_SRP
ENSCJAG00000074438,SNORD116
ENSCJAG00000017653,UGCG
ENSCJAG00000061847,Metazoa_SRP
ENSCJAG00000015190,DDX52
ENSCJAG00000071378,SNORD116
ENSCJAG00000083443,SNORD116
ENSCJAG00000072121,RSL24D1
ENSCJAG00000073970,
ENSCJAG00000075726,Metazoa_SRP
ENSCJAG00000081138,SNORD116
ENSCJAG00000041346,5S_rRNA
ENSCJAG00000077313,Metazoa_SRP
ENSCJAG00000080778,SNORD116
ENSCJAG00000074388,Metazoa_SRP
ENSCJAG00000072714,
ENSCJAG00000001990,PDE6B
ENSCJAG00000077555,Metazoa_SRP
ENSCJAG00000043739,SNORD116
ENSCJAG00000074930,U2
ENSCJAG00000077455,Metazoa_SRP
ENSCJAG00000083311,
ENSCJAG00000075926,RAB20
ENSCJAG00000026839,MIR301A
ENSCJAG00000069758,SNORD116
ENSCJAG00000034880,ANKS1A
ENSCJAG00000012354,SIMC1
ENSCJAG00000014808,RAB37
ENSCJAG00000019019,TNFAIP3
ENSCJAG00000086383,SNORD116
ENSCJAG00000001640,PRR11
ENSCJAG00000073369,SNORD116
ENSCJAG00000012816,VIP
ENSCJAG00000087113,SNORD116
ENSCJAG00000016470,ARFGEF2
ENSCJAG00000070552,Metazoa_SRP
ENSCJAG00000082043,SNORD116
ENSCJAG00000017789,GDAP1L1
ENSCJAG00000083709,Metazoa_SRP
ENSCJAG00000001649,SMG8
ENSCJAG00000075216,5S_rRNA
ENSCJAG00000086612,SNORD116
ENSCJAG00000079341,
ENSCJAG00000051799,
ENSCJAG00000084110,U1
ENSCJAG00000079488,SNORD116
ENSCJAG00000078081,
ENSCJAG00000015174,HNF1B
ENSCJAG00000070032,Metazoa_SRP
ENSCJAG00000074239,SNORD116
ENSCJAG00000012799,FBXO5
ENSCJAG00000078849,U6
ENSCJAG00000072245,SNORD116
ENSCJAG00000045509,PERP
ENSCJAG00000014207,NAXD
ENSCJAG00000083824,SNORD116
ENSCJAG00000002372,TNFRSF13C
ENSCJAG00000072127,SNORD116
ENSCJAG00000043742,TMEM271
ENSCJAG00000078399,SNORD116
ENSCJAG00000014945,SHISA8
ENSCJAG00000010359,GFPT2
ENSCJAG00000076125,SNORD116
ENSCJAG00000035998,GDPD1
ENSCJAG00000044179,MTRF1L
ENSCJAG00000017674,SUSD1
ENSCJAG00000087058,SNORD116
ENSCJAG00000010382,ARFRP1
ENSCJAG00000071860,
ENSCJAG00000072771,
ENSCJAG00000082636,Metazoa_SRP
ENSCJAG00000038243,SNORD108
ENSCJAG00000076247,
ENSCJAG00000028033,SNORD64
ENSCJAG00000017787,FITM2
ENSCJAG00000018725,CARD11
ENSCJAG00000080118,
ENSCJAG00000002378,SREBF2
ENSCJAG00000064186,SNORD107
ENSCJAG00000086308,Metazoa_SRP
ENSCJAG00000012783,RGS17
ENSCJAG00000010398,ZGPAT
ENSCJAG00000079113,Y_RNA
ENSCJAG00000055291,
ENSCJAG00000002009,PIGG
ENSCJAG00000073479,Y_RNA
ENSCJAG00000002521,C4orf51
ENSCJAG00000083106,Metazoa_SRP
ENSCJAG00000074601,U4
ENSCJAG00000070968,Metazoa_SRP
ENSCJAG00000036626,cja-mir-33
ENSCJAG00000062267,Y_RNA
ENSCJAG00000084679,U6
ENSCJAG00000015089,HEATR6
ENSCJAG00000071083,Metazoa_SRP
ENSCJAG00000014187,CARS2
ENSCJAG00000079277,
ENSCJAG00000085653,
ENSCJAG00000084075,
ENSCJAG00000073127,Metazoa_SRP
ENSCJAG00000079996,Metazoa_SRP
ENSCJAG00000040676,YPEL2
ENSCJAG00000014849,CD300LF
ENSCJAG00000002525,MMAA
ENSCJAG00000055488,YWHAH
ENSCJAG00000078595,
ENSCJAG00000003759,SNRPN
ENSCJAG00000002415,CCDC134
ENSCJAG00000055053,
ENSCJAG00000070405,U6
ENSCJAG00000019028,ARFGEF3
ENSCJAG00000016296,CSE1L
ENSCJAG00000038018,LIME1
ENSCJAG00000072424,
ENSCJAG00000045367,U4
ENSCJAG00000053976,
ENSCJAG00000070485,
ENSCJAG00000036074,
ENSCJAG00000075164,
ENSCJAG00000072813,U4
ENSCJAG00000054004,
ENSCJAG00000014168,ING1
ENSCJAG00000014794,NHERF1
ENSCJAG00000081065,U4
ENSCJAG00000076930,Y_RNA
ENSCJAG00000015069,CCL3L3
ENSCJAG00000003753,SNURF
ENSCJAG00000010293,MAPK9
ENSCJAG00000017746,HNF4A
ENSCJAG00000036855,SLC2A4RG
ENSCJAG00000013924,NF1
ENSCJAG00000011369,SLC5A1
ENSCJAG00000001554,DHX40
ENSCJAG00000002542,SMAD1
ENSCJAG00000008294,MAP7
ENSCJAG00000083601,Y_RNA
ENSCJAG00000014141,ANKRD10
ENSCJAG00000066910,cja-mir-9973
ENSCJAG00000048608,Metazoa_SRP
ENSCJAG00000073387,Metazoa_SRP
ENSCJAG00000002425,MEI1
ENSCJAG00000012747,OPRM1
ENSCJAG00000078788,U6
ENSCJAG00000071558,Metazoa_SRP
ENSCJAG00000010439,ZBTB46
ENSCJAG00000078980,
ENSCJAG00000082631,Y_RNA
ENSCJAG00000039948,CCL4
ENSCJAG00000048599,NPAP1
ENSCJAG00000073430,
ENSCJAG00000077139,
ENSCJAG00000041129,Metazoa_SRP
ENSCJAG00000083429,
ENSCJAG00000079649,U6
ENSCJAG00000073713,
ENSCJAG00000018741,GNA12
ENSCJAG00000082106,Metazoa_SRP
ENSCJAG00000046793,Metazoa_SRP
ENSCJAG00000079227,
ENSCJAG00000082244,
ENSCJAG00000069630,
ENSCJAG00000081614,
ENSCJAG00000087193,
ENSCJAG00000070543,
ENSCJAG00000062611,Metazoa_SRP
ENSCJAG00000078628,Metazoa_SRP
ENSCJAG00000073313,
ENSCJAG00000016233,STAU1
ENSCJAG00000071603,
ENSCJAG00000075369,
ENSCJAG00000077691,U6
ENSCJAG00000020377,
ENSCJAG00000063189,CCL15
ENSCJAG00000085727,Metazoa_SRP
ENSCJAG00000018761,AMZ1
ENSCJAG00000079590,Metazoa_SRP
ENSCJAG00000012442,SNAPC3
ENSCJAG00000084475,
ENSCJAG00000076943,
ENSCJAG00000017736,TTPAL
ENSCJAG00000004900,
ENSCJAG00000010499,ABHD16B
ENSCJAG00000012736,IPCEF1
ENSCJAG00000070172,SNU13
ENSCJAG00000068375,
ENSCJAG00000069790,
ENSCJAG00000033520,U6
ENSCJAG00000017722,SERINC3
ENSCJAG00000056558,U2
ENSCJAG00000046532,U6
ENSCJAG00000070593,U4
ENSCJAG00000056886,
ENSCJAG00000079462,U6
ENSCJAG00000015050,CCL16
ENSCJAG00000044504,
ENSCJAG00000003738,NDN
ENSCJAG00000003866,MLC1
ENSCJAG00000006321,PKD2
ENSCJAG00000074576,U6
ENSCJAG00000001505,CLTC
ENSCJAG00000085421,MAGEL2
ENSCJAG00000066128,Metazoa_SRP
ENSCJAG00000010277,RASGEF1C
ENSCJAG00000069640,Metazoa_SRP
ENSCJAG00000012471,PSIP1
ENSCJAG00000070064,Metazoa_SRP
ENSCJAG00000062459,U2
ENSCJAG00000086429,
ENSCJAG00000017686,PTBP3
ENSCJAG00000045512,XRCC6
ENSCJAG00000047512,TMEM238L
ENSCJAG00000081721,
ENSCJAG00000045017,
ENSCJAG00000073993,
ENSCJAG00000047584,PIRT
ENSCJAG00000015046,LYZL6
ENSCJAG00000041547,NAT9
ENSCJAG00000006266,SYN3
ENSCJAG00000084434,U6
ENSCJAG00000016135,DDX27
ENSCJAG00000053865,Metazoa_SRP
ENSCJAG00000041532,PKIG
ENSCJAG00000076248,
ENSCJAG00000012720,CNKSR3
ENSCJAG00000010441,TPD52L2
ENSCJAG00000039480,Metazoa_SRP
ENSCJAG00000018772,BRAT1
ENSCJAG00000082243,
ENSCJAG00000015031,RDM1
ENSCJAG00000004887,SHISA6
ENSCJAG00000018941,DESI1
ENSCJAG00000082406,U6
ENSCJAG00000069959,
ENSCJAG00000065506,U5
ENSCJAG00000070753,
ENSCJAG00000002559,PMM1
ENSCJAG00000027589,U1
ENSCJAG00000087313,
ENSCJAG00000061679,
ENSCJAG00000077117,Metazoa_SRP
ENSCJAG00000084649,
ENSCJAG00000070897,Metazoa_SRP
ENSCJAG00000085773,CSDC2
ENSCJAG00000080028,
ENSCJAG00000016115,ZNFX1
ENSCJAG00000065875,CCL5
ENSCJAG00000035480,SNORA70
ENSCJAG00000044183,TIMP3
ENSCJAG00000056416,
ENSCJAG00000002588,MIEF1
ENSCJAG00000054723,SNORD12C
ENSCJAG00000053593,SNORD12B
ENSCJAG00000002594,ATF4
ENSCJAG00000018776,IQCE
ENSCJAG00000014093,ARHGEF7
ENSCJAG00000021542,CHRNA7
ENSCJAG00000006299,SPP1
ENSCJAG00000048106,SMIM28
ENSCJAG00000051223,SNORD12
ENSCJAG00000015007,HEATR9
ENSCJAG00000006238,FBXO7
ENSCJAG00000047117,RPS19BP1
ENSCJAG00000004802,DNAH9
ENSCJAG00000081702,Metazoa_SRP
ENSCJAG00000011157,
ENSCJAG00000017705,ADA
ENSCJAG00000045852,
ENSCJAG00000010161,ATXN7L3
ENSCJAG00000012538,CCDC171
ENSCJAG00000022600,KCNB1
ENSCJAG00000010501,DNAJC5
ENSCJAG00000054453,Metazoa_SRP
ENSCJAG00000001503,PTRH2
ENSCJAG00000074074,U1
ENSCJAG00000037644,Metazoa_SRP
ENSCJAG00000006293,MEPE
ENSCJAG00000001479,VMP1
ENSCJAG00000084308,TMEM104
ENSCJAG00000080756,
ENSCJAG00000059162,Metazoa_SRP
ENSCJAG00000014961,TAF15
ENSCJAG00000072194,Metazoa_SRP
ENSCJAG00000083852,Metazoa_SRP
ENSCJAG00000018791,HAVCR2
ENSCJAG00000006209,BPIL2
ENSCJAG00000001347,STYXL1
ENSCJAG00000031371,U6
ENSCJAG00000045900,ZNF18
ENSCJAG00000082112,Metazoa_SRP
ENSCJAG00000000578,PTGIS
ENSCJAG00000019042,NHSL1
ENSCJAG00000003372,SLC26A11
ENSCJAG00000008383,MAP3K5
ENSCJAG00000070052,Y_RNA
ENSCJAG00000086875,Y_RNA
ENSCJAG00000026222,cja-mir-21
ENSCJAG00000077505,Y_RNA
ENSCJAG00000065361,
ENSCJAG00000031678,U6
ENSCJAG00000078688,Metazoa_SRP
ENSCJAG00000044108,CACNA1I
ENSCJAG00000071401,U3
ENSCJAG00000006284,IBSP
ENSCJAG00000084114,U6
ENSCJAG00000083326,
ENSCJAG00000070281,
ENSCJAG00000072863,
ENSCJAG00000072993,U6
ENSCJAG00000029568,
ENSCJAG00000014754,GRIN2C
ENSCJAG00000080596,
ENSCJAG00000018815,MED7
ENSCJAG00000047189,MMP28
ENSCJAG00000025493,U8
ENSCJAG00000069970,
ENSCJAG00000042045,Metazoa_SRP
ENSCJAG00000016316,MDH2
ENSCJAG00000053389,U6
ENSCJAG00000084571,U1
ENSCJAG00000074263,Y_RNA
ENSCJAG00000018822,GARIN3
ENSCJAG00000064029,
ENSCJAG00000006128,RTCB
ENSCJAG00000074282,Metazoa_SRP
ENSCJAG00000073506,Metazoa_SRP
ENSCJAG00000038408,B4GALT5
ENSCJAG00000046265,Metazoa_SRP
ENSCJAG00000006215,DMP1
ENSCJAG00000018825,ITK
ENSCJAG00000014952,C17orf50
ENSCJAG00000004752,MAP2K4
ENSCJAG00000073006,
ENSCJAG00000044264,SLC5A4
ENSCJAG00000017699,CCN5
ENSCJAG00000011088,ZNF804A
ENSCJAG00000017708,HSDL2
ENSCJAG00000070676,
ENSCJAG00000070752,Metazoa_SRP
ENSCJAG00000010518,UCKL1
ENSCJAG00000016307,SRRM3
ENSCJAG00000078749,Metazoa_SRP
ENSCJAG00000019065,CCDC28A
ENSCJAG00000076960,
ENSCJAG00000017621,OTUD7A
ENSCJAG00000085895,Metazoa_SRP
ENSCJAG00000072286,Metazoa_SRP
ENSCJAG00000079950,Metazoa_SRP
ENSCJAG00000040393,DSPP
ENSCJAG00000071294,
ENSCJAG00000084433,
ENSCJAG00000069709,
ENSCJAG00000084170,
ENSCJAG00000014938,GAS2L2
ENSCJAG00000071665,U7
ENSCJAG00000019079,ECT2L
ENSCJAG00000016303,HSPB1
ENSCJAG00000078818,
ENSCJAG00000076543,
ENSCJAG00000073444,
ENSCJAG00000083736,KCNK15
ENSCJAG00000078413,
ENSCJAG00000075225,
ENSCJAG00000057193,Metazoa_SRP
ENSCJAG00000073905,Metazoa_SRP
ENSCJAG00000071997,U6
ENSCJAG00000065247,
ENSCJAG00000060839,
ENSCJAG00000000466,SLC9A8
ENSCJAG00000073618,U6
ENSCJAG00000041774,YWHAG
ENSCJAG00000078792,
ENSCJAG00000017675,RIMS4
ENSCJAG00000040221,RASL10B
ENSCJAG00000076255,Metazoa_SRP
ENSCJAG00000032216,
ENSCJAG00000081264,
ENSCJAG00000002696,ENTHD1
ENSCJAG00000086432,U6
ENSCJAG00000016269,SSC4D
ENSCJAG00000072512,
ENSCJAG00000048665,Metazoa_SRP
ENSCJAG00000085979,
ENSCJAG00000074547,
ENSCJAG00000084047,U6
ENSCJAG00000070917,Metazoa_SRP
ENSCJAG00000056000,GRAP2
ENSCJAG00000080363,
ENSCJAG00000016252,ZP3
ENSCJAG00000071894,
ENSCJAG00000085473,Y_RNA
ENSCJAG00000072377,
ENSCJAG00000017664,YWHAB
ENSCJAG00000014726,FDXR
ENSCJAG00000017617,KLF13
ENSCJAG00000080741,Y_RNA
ENSCJAG00000000968,LARGE1
ENSCJAG00000085642,
ENSCJAG00000006192,SPARCL1
ENSCJAG00000002721,FAM83F
ENSCJAG00000016235,DTX2
ENSCJAG00000003340,RNF213
ENSCJAG00000085720,
ENSCJAG00000041816,SPATA2
ENSCJAG00000075746,
ENSCJAG00000012578,BNC2
ENSCJAG00000076130,Metazoa_SRP
ENSCJAG00000086434,Metazoa_SRP
ENSCJAG00000008514,PEX7
ENSCJAG00000086708,SNRPD2
ENSCJAG00000079399,Metazoa_SRP
ENSCJAG00000082980,U6
ENSCJAG00000000510,RNF114
ENSCJAG00000046206,Metazoa_SRP
ENSCJAG00000019093,REPS1
ENSCJAG00000065100,
ENSCJAG00000073906,SNAI1
ENSCJAG00000017741,KIAA1958
ENSCJAG00000017628,PABPC1L
ENSCJAG00000004683,MYOCD
ENSCJAG00000081633,Metazoa_SRP
ENSCJAG00000084104,
ENSCJAG00000069659,U6
ENSCJAG00000011104,NUP35
ENSCJAG00000010215,RNF130
ENSCJAG00000006159,NUDT9
ENSCJAG00000008524,SLC35D3
ENSCJAG00000079072,
ENSCJAG00000083799,Metazoa_SRP
ENSCJAG00000083041,U6
ENSCJAG00000071898,Y_RNA
ENSCJAG00000084421,Metazoa_SRP
ENSCJAG00000047633,Metazoa_SRP
ENSCJAG00000010553,ZNF512B
ENSCJAG00000073677,Metazoa_SRP
ENSCJAG00000078582,
ENSCJAG00000040297,MIR340
ENSCJAG00000045211,Y_RNA
ENSCJAG00000042364,SNORA50B
ENSCJAG00000014853,SLFN5
ENSCJAG00000085952,ABRACL
ENSCJAG00000078995,
ENSCJAG00000012600,CNTLN
ENSCJAG00000078104,U4
ENSCJAG00000017607,TOMM34
ENSCJAG00000022754,
ENSCJAG00000039715,UBE2V1
ENSCJAG00000011160,DUSP19
ENSCJAG00000073610,Metazoa_SRP
ENSCJAG00000006150,HSD17B11
ENSCJAG00000083935,
ENSCJAG00000070256,INIP
ENSCJAG00000002732,TNRC6B
ENSCJAG00000071825,ISX
ENSCJAG00000019112,
ENSCJAG00000086663,Y_RNA
ENSCJAG00000055054,cja-mir-9933
ENSCJAG00000076155,U4
ENSCJAG00000067298,
ENSCJAG00000066881,Metazoa_SRP
ENSCJAG00000010170,TBC1D9B
ENSCJAG00000074234,Metazoa_SRP
ENSCJAG00000044502,HECA
ENSCJAG00000016216,
ENSCJAG00000081157,
ENSCJAG00000018982,IL20RA
ENSCJAG00000006120,HSD17B13
ENSCJAG00000074806,
ENSCJAG00000000537,HMGXB4
ENSCJAG00000010587,SAMD10
ENSCJAG00000072528,PEDS1
ENSCJAG00000014083,TEX29
ENSCJAG00000083099,FADS6
ENSCJAG00000017580,STK4
ENSCJAG00000019115,TXLNB
ENSCJAG00000070700,
ENSCJAG00000081167,Y_RNA
ENSCJAG00000070202,
ENSCJAG00000010163,MRNIP
ENSCJAG00000010616,PRPF6
ENSCJAG00000051578,
ENSCJAG00000014706,USH1G
ENSCJAG00000011170,NCKAP1
ENSCJAG00000087392,
ENSCJAG00000000519,TOM1
ENSCJAG00000052799,
ENSCJAG00000078892,
ENSCJAG00000072924,
ENSCJAG00000061307,Y_RNA
ENSCJAG00000071735,SPACA7
ENSCJAG00000045756,CITED2
ENSCJAG00000080912,
ENSCJAG00000081624,
ENSCJAG00000075189,
ENSCJAG00000042619,C20orf204
ENSCJAG00000014684,OTOP2
ENSCJAG00000085334,Metazoa_SRP
ENSCJAG00000010152,SQSTM1
ENSCJAG00000017576,KCNS1
ENSCJAG00000078006,
ENSCJAG00000006088,KLHL8
ENSCJAG00000018991,IL22RA2
ENSCJAG00000022379,SOX18
ENSCJAG00000012694,SH3GL2
ENSCJAG00000075207,WFDC5
ENSCJAG00000079541,
ENSCJAG00000006651,TUBGCP3
ENSCJAG00000081708,Metazoa_SRP
ENSCJAG00000074738,
ENSCJAG00000072322,Metazoa_SRP
ENSCJAG00000014679,OTOP3
ENSCJAG00000085125,
ENSCJAG00000017567,WFDC12
ENSCJAG00000073283,Metazoa_SRP
ENSCJAG00000068021,Metazoa_SRP
ENSCJAG00000004605,ARHGAP44
ENSCJAG00000077286,
ENSCJAG00000083842,
ENSCJAG00000086497,Metazoa_SRP
ENSCJAG00000069510,IFNGR1
ENSCJAG00000073542,
ENSCJAG00000010124,MGAT4B
ENSCJAG00000074363,Metazoa_SRP
ENSCJAG00000014844,PEX12
ENSCJAG00000010658,TCEA2
ENSCJAG00000067403,
ENSCJAG00000070604,
ENSCJAG00000000516,HMOX1
ENSCJAG00000016203,POLR2J
ENSCJAG00000060680,SNORD7
ENSCJAG00000073026,U12
ENSCJAG00000072751,
ENSCJAG00000014840,SLFN14
ENSCJAG00000081977,Metazoa_SRP
ENSCJAG00000016191,LRWD1
ENSCJAG00000081466,
ENSCJAG00000076874,
ENSCJAG00000082241,
ENSCJAG00000059081,
ENSCJAG00000010116,LTC4S
ENSCJAG00000076925,
ENSCJAG00000017566,PI3
ENSCJAG00000048420,ALKBH4
ENSCJAG00000078867,U7
ENSCJAG00000002764,ADSL
ENSCJAG00000069014,cja-mir-9917-1
ENSCJAG00000078249,
ENSCJAG00000014834,SLFN11
ENSCJAG00000086373,Y_RNA
ENSCJAG00000022380,NPBWR2
ENSCJAG00000070483,Metazoa_SRP
ENSCJAG00000084731,
ENSCJAG00000000511,MCM5
ENSCJAG00000034433,
ENSCJAG00000071868,Metazoa_SRP
ENSCJAG00000068753,
ENSCJAG00000017560,
ENSCJAG00000014648,HID1
ENSCJAG00000016180,ORAI2
ENSCJAG00000084582,Metazoa_SRP
ENSCJAG00000071108,
ENSCJAG00000074211,U6
ENSCJAG00000081796,U4
ENSCJAG00000010687,RGS19
ENSCJAG00000048349,MAML1
ENSCJAG00000085578,
ENSCJAG00000010066,UBTF
ENSCJAG00000086097,
ENSCJAG00000061026,U4
ENSCJAG00000075415,Metazoa_SRP
ENSCJAG00000013069,DHX15
ENSCJAG00000001354,TGIF2
ENSCJAG00000062624,
ENSCJAG00000000509,RASD2
ENSCJAG00000019011,OLIG3
ENSCJAG00000081382,
ENSCJAG00000014096,EVI2A
ENSCJAG00000010705,LKAAEAR1
ENSCJAG00000002827,SGSM3
ENSCJAG00000046070,FRZB
ENSCJAG00000076569,
ENSCJAG00000079746,
ENSCJAG00000009989,CANX
ENSCJAG00000000506,MB
ENSCJAG00000076902,
ENSCJAG00000019379,LNX2
ENSCJAG00000018893,NFXL1
ENSCJAG00000072311,
ENSCJAG00000066576,EVI2B
ENSCJAG00000017558,SLPI
ENSCJAG00000075361,
ENSCJAG00000079178,Y_RNA
ENSCJAG00000081508,
ENSCJAG00000042623,
ENSCJAG00000035540,MYL9
ENSCJAG00000071958,
ENSCJAG00000043076,OPRL1
ENSCJAG00000057468,OMG
ENSCJAG00000042792,
ENSCJAG00000084363,
ENSCJAG00000076614,
ENSCJAG00000032318,ADAMTSL1
ENSCJAG00000080479,Metazoa_SRP
ENSCJAG00000078730,U6
ENSCJAG00000080326,APOL6
ENSCJAG00000046440,Metazoa_SRP
ENSCJAG00000071642,Metazoa_SRP
ENSCJAG00000036830,Metazoa_SRP
ENSCJAG00000076568,
ENSCJAG00000019122,NMBR
ENSCJAG00000083741,
ENSCJAG00000014785,UNC45B
ENSCJAG00000040963,
ENSCJAG00000071703,
ENSCJAG00000070755,Metazoa_SRP
ENSCJAG00000006047,AFF1
ENSCJAG00000087132,
ENSCJAG00000010019,SLC4A1
ENSCJAG00000009931,HNRNPH1
ENSCJAG00000011295,DNAJC10
ENSCJAG00000001360,DLGAP4
ENSCJAG00000011599,INCA1
ENSCJAG00000086649,CDR2L
ENSCJAG00000013127,CCDC149
ENSCJAG00000077182,
ENSCJAG00000003329,ENDOV
ENSCJAG00000019131,VTA1
ENSCJAG00000017541,MATN4
ENSCJAG00000046790,MYT1
ENSCJAG00000002850,MRTFA
ENSCJAG00000013024,PPARGC1A
ENSCJAG00000019456,
ENSCJAG00000074581,Metazoa_SRP
ENSCJAG00000067703,Metazoa_SRP
ENSCJAG00000015624,SLC36A2
ENSCJAG00000044988,Metazoa_SRP
ENSCJAG00000062855,U3
ENSCJAG00000011553,KIF1C
ENSCJAG00000047217,NPTX1
ENSCJAG00000062335,U6
ENSCJAG00000009844,RUFY1
ENSCJAG00000047013,ICT1
ENSCJAG00000055209,U3
ENSCJAG00000007708,CEMIP
ENSCJAG00000074628,
ENSCJAG00000076411,
ENSCJAG00000075046,
ENSCJAG00000017423,AAR2
ENSCJAG00000009795,CNOT6
ENSCJAG00000066969,
ENSCJAG00000014622,ATP5H
ENSCJAG00000079145,
ENSCJAG00000048432,
ENSCJAG00000074087,
ENSCJAG00000013915,GOSR1
ENSCJAG00000043877,Metazoa_SRP
ENSCJAG00000082939,U4
ENSCJAG00000079855,U6
ENSCJAG00000043414,
ENSCJAG00000047383,Metazoa_SRP
ENSCJAG00000077382,Metazoa_SRP
ENSCJAG00000068964,cja-mir-3152
ENSCJAG00000009787,SCGB3A1
ENSCJAG00000080893,Metazoa_SRP
ENSCJAG00000017526,RBPSUHL
ENSCJAG00000045966,PPP2CA
ENSCJAG00000011543,SLC52A1
ENSCJAG00000078814,U6
ENSCJAG00000075585,Metazoa_SRP
ENSCJAG00000014605,KCTD2
ENSCJAG00000072696,
ENSCJAG00000086418,
ENSCJAG00000037690,MIR3661
ENSCJAG00000009984,RUNDC3A
ENSCJAG00000083951,
ENSCJAG00000011397,PDE1A
ENSCJAG00000003276,RPTOR
ENSCJAG00000079751,
ENSCJAG00000067181,SKP1
ENSCJAG00000032871,Y_RNA
ENSCJAG00000015590,SLC36A1
ENSCJAG00000012762,SAXO1
ENSCJAG00000070340,
ENSCJAG00000006683,ATP11A
ENSCJAG00000014782,PCMTD2
ENSCJAG00000007705,ABHD17C
ENSCJAG00000057438,ZFP3
ENSCJAG00000059634,
ENSCJAG00000002884,MCHR1
ENSCJAG00000014598,SLC16A5
ENSCJAG00000083232,
ENSCJAG00000080764,
ENSCJAG00000078155,Metazoa_SRP
ENSCJAG00000087315,
ENSCJAG00000073142,Metazoa_SRP
ENSCJAG00000084515,U4
ENSCJAG00000014757,NLE1
ENSCJAG00000074904,Metazoa_SRP
ENSCJAG00000043069,U4
ENSCJAG00000011531,ZNF232
ENSCJAG00000009696,FLT4
ENSCJAG00000072553,
ENSCJAG00000077373,
ENSCJAG00000022413,RRAGA
ENSCJAG00000072522,
ENSCJAG00000078087,
ENSCJAG00000013845,CPD
ENSCJAG00000083038,U6
ENSCJAG00000055105,SDC4
ENSCJAG00000074749,
ENSCJAG00000072299,Metazoa_SRP
ENSCJAG00000075275,Metazoa_SRP
ENSCJAG00000063367,U4
ENSCJAG00000075317,
ENSCJAG00000014590,ARMC7
ENSCJAG00000081285,Metazoa_SRP
ENSCJAG00000017428,EPB41L1
ENSCJAG00000004542,ELAC2
ENSCJAG00000075836,
ENSCJAG00000004636,SLC25A17
ENSCJAG00000079917,Metazoa_SRP
ENSCJAG00000019158,ADGRG6
ENSCJAG00000015562,FAT2
ENSCJAG00000011513,SCIMP
ENSCJAG00000070848,C4orf36
ENSCJAG00000058365,
ENSCJAG00000013603,TCF7
ENSCJAG00000072276,
ENSCJAG00000014751,FNDC8
ENSCJAG00000012631,SCAF8
ENSCJAG00000070680,
ENSCJAG00000013020,GBA3
ENSCJAG00000084474,U6
ENSCJAG00000083315,
ENSCJAG00000070670,HAUS6
ENSCJAG00000006010,SLC10A6
ENSCJAG00000017516,
ENSCJAG00000077573,
ENSCJAG00000035960,Metazoa_SRP
ENSCJAG00000058051,U3
ENSCJAG00000014578,NT5C
ENSCJAG00000014732,RAD51D
ENSCJAG00000086592,Metazoa_SRP
ENSCJAG00000076702,U3
ENSCJAG00000079777,
ENSCJAG00000056492,PPP1R1C
ENSCJAG00000010332,BEND6
ENSCJAG00000080164,Y_RNA
ENSCJAG00000007640,ARNT2
ENSCJAG00000076897,
ENSCJAG00000004644,
ENSCJAG00000079160,
ENSCJAG00000077823,
ENSCJAG00000080900,
ENSCJAG00000086273,
ENSCJAG00000014553,JPT1
ENSCJAG00000074321,U4
ENSCJAG00000052990,
ENSCJAG00000085002,
ENSCJAG00000083602,Metazoa_SRP
ENSCJAG00000004718,XPNPEP3
ENSCJAG00000017510,DBNDD2
ENSCJAG00000075837,Metazoa_SRP
ENSCJAG00000013556,VDAC1
ENSCJAG00000011449,RABEP1
ENSCJAG00000004759,DNAJB7
ENSCJAG00000013832,TMIGD1
ENSCJAG00000086349,
ENSCJAG00000014721,RFFL
ENSCJAG00000018919,ADAMTS2
ENSCJAG00000085118,
ENSCJAG00000039213,SUMO2
ENSCJAG00000082466,Metazoa_SRP
ENSCJAG00000058794,U6
ENSCJAG00000013543,C5orf15
ENSCJAG00000074736,
ENSCJAG00000017512,TP53TG5
ENSCJAG00000013642,MYH9
ENSCJAG00000003261,CHMP6
ENSCJAG00000004763,RBX1
ENSCJAG00000076781,U6
ENSCJAG00000069104,
ENSCJAG00000087274,Metazoa_SRP
ENSCJAG00000042868,Metazoa_SRP
ENSCJAG00000069602,
ENSCJAG00000086065,ZNF354C
ENSCJAG00000063276,Metazoa_SRP
ENSCJAG00000080215,
ENSCJAG00000083238,Metazoa_SRP
ENSCJAG00000012977,ADGRA3
ENSCJAG00000084904,
ENSCJAG00000018904,ZNF879
ENSCJAG00000037884,Metazoa_SRP
ENSCJAG00000032406,
ENSCJAG00000011452,ITPRID2
ENSCJAG00000004770,EP300
ENSCJAG00000081125,Metazoa_SRP
ENSCJAG00000008088,PLIN2
ENSCJAG00000018865,GRM6
ENSCJAG00000014508,NUP85
ENSCJAG00000042722,SPARC
ENSCJAG00000038993,BLMH
ENSCJAG00000005723,PTPN13
ENSCJAG00000081314,
ENSCJAG00000056206,Y_RNA
ENSCJAG00000074121,
ENSCJAG00000062260,
ENSCJAG00000070140,
ENSCJAG00000017475,CNBD2
ENSCJAG00000018857,ZNF454
ENSCJAG00000080698,Y_RNA
ENSCJAG00000082282,
ENSCJAG00000086963,
ENSCJAG00000073177,
ENSCJAG00000083059,
ENSCJAG00000083747,U6
ENSCJAG00000014668,LIG3
ENSCJAG00000077376,
ENSCJAG00000082946,
ENSCJAG00000013506,FSTL4
ENSCJAG00000046810,Y_RNA
ENSCJAG00000019190,HIVEP2
ENSCJAG00000075354,Metazoa_SRP
ENSCJAG00000059168,U3
ENSCJAG00000058033,
ENSCJAG00000080743,Metazoa_SRP
ENSCJAG00000078901,U6
ENSCJAG00000081336,
ENSCJAG00000051973,
ENSCJAG00000085272,Metazoa_SRP
ENSCJAG00000033943,U6
ENSCJAG00000003222,BAIAP2
ENSCJAG00000069972,
ENSCJAG00000080749,
ENSCJAG00000044142,HS3ST3A1
ENSCJAG00000048267,Metazoa_SRP
ENSCJAG00000078090,Metazoa_SRP
ENSCJAG00000081750,Metazoa_SRP
ENSCJAG00000004817,L3MBTL2
ENSCJAG00000038265,CEBPB
ENSCJAG00000084525,Metazoa_SRP
ENSCJAG00000082695,U6
ENSCJAG00000079386,Metazoa_SRP
ENSCJAG00000076551,U6
ENSCJAG00000036322,Metazoa_SRP
ENSCJAG00000084665,Metazoa_SRP
ENSCJAG00000072380,
ENSCJAG00000085477,U6
ENSCJAG00000069697,Metazoa_SRP
ENSCJAG00000076024,Metazoa_SRP
ENSCJAG00000011424,NUP88
ENSCJAG00000010265,ZNF451
ENSCJAG00000083092,
ENSCJAG00000017498,SCAND1
ENSCJAG00000086736,
ENSCJAG00000076524,Metazoa_SRP
ENSCJAG00000046169,Metazoa_SRP
ENSCJAG00000039091,Metazoa_SRP
ENSCJAG00000015505,ATOX1
ENSCJAG00000035252,
ENSCJAG00000013726,SLC6A4
ENSCJAG00000041859,COX10
ENSCJAG00000040043,Metazoa_SRP
ENSCJAG00000011529,NEUROD1
ENSCJAG00000038379,TXN2
ENSCJAG00000017501,PHF20
ENSCJAG00000000531,PTPN1
ENSCJAG00000046001,MPRIP
ENSCJAG00000012559,TIAM2
ENSCJAG00000019215,AIG1
ENSCJAG00000043984,CHADL
ENSCJAG00000070912,Metazoa_SRP
ENSCJAG00000060223,U6
ENSCJAG00000080930,Metazoa_SRP
ENSCJAG00000043789,HS3ST3B1
ENSCJAG00000076912,HEXIM2
ENSCJAG00000081087,Y_RNA
ENSCJAG00000004844,RANGAP1
ENSCJAG00000054820,
ENSCJAG00000007600,FAH
ENSCJAG00000012540,TFB1M
ENSCJAG00000013384,HSPA4
ENSCJAG00000003711,LARP7
ENSCJAG00000072847,
ENSCJAG00000086935,
ENSCJAG00000082264,
ENSCJAG00000013822,FOXRED2
ENSCJAG00000057523,Metazoa_SRP
ENSCJAG00000080379,
ENSCJAG00000070110,U6
ENSCJAG00000021934,
ENSCJAG00000014468,GGA3
ENSCJAG00000075508,
ENSCJAG00000086970,Metazoa_SRP
ENSCJAG00000054130,CLDN20
ENSCJAG00000015407,G3BP1
ENSCJAG00000070999,
ENSCJAG00000075053,
ENSCJAG00000013378,
ENSCJAG00000083024,
ENSCJAG00000058086,ZNF830
ENSCJAG00000056310,
ENSCJAG00000020600,DENND4C
ENSCJAG00000075498,
ENSCJAG00000083553,
ENSCJAG00000087190,
ENSCJAG00000013831,EIF3D
ENSCJAG00000042373,CERKL
ENSCJAG00000064900,
ENSCJAG00000073804,
ENSCJAG00000019346,
ENSCJAG00000019222,ADAT2
ENSCJAG00000004889,ZC3H7B
ENSCJAG00000014646,CCT6B
ENSCJAG00000083153,Metazoa_SRP
ENSCJAG00000013710,NSRP1
ENSCJAG00000076861,
ENSCJAG00000020426,SLCO3A1
ENSCJAG00000013947,CACNG2
ENSCJAG00000036672,Metazoa_SRP
ENSCJAG00000085081,
ENSCJAG00000000534,RIPOR3
ENSCJAG00000076701,
ENSCJAG00000019230,PEX3
ENSCJAG00000047052,ZCCHC10
ENSCJAG00000078706,
ENSCJAG00000072826,
ENSCJAG00000083234,Y_RNA
ENSCJAG00000061294,
ENSCJAG00000075652,Metazoa_SRP
ENSCJAG00000085504,
ENSCJAG00000017968,POSTN
ENSCJAG00000065795,Y_RNA
ENSCJAG00000030303,cja-mir-302b
ENSCJAG00000068749,
ENSCJAG00000079288,Metazoa_SRP
ENSCJAG00000083517,
ENSCJAG00000073145,U6
ENSCJAG00000024719,cja-mir-302c
ENSCJAG00000013961,IFT27
ENSCJAG00000070761,
ENSCJAG00000026719,cja-mir-423
ENSCJAG00000061092,U6
ENSCJAG00000028507,cja-mir-302a
ENSCJAG00000015379,GLRA1
ENSCJAG00000012119,HS3ST1
ENSCJAG00000076630,
ENSCJAG00000026857,cja-mir-302d
ENSCJAG00000074320,
ENSCJAG00000070728,
ENSCJAG00000086112,
ENSCJAG00000042831,Metazoa_SRP
ENSCJAG00000012939,KCNIP4
ENSCJAG00000027152,cja-mir-367
ENSCJAG00000004481,PMP22
ENSCJAG00000011370,RPAIN
ENSCJAG00000072840,ST8SIA2
ENSCJAG00000046597,TBX18
ENSCJAG00000075007,
ENSCJAG00000010247,RAB23
ENSCJAG00000083368,
ENSCJAG00000070764,
ENSCJAG00000082144,Y_RNA
ENSCJAG00000013688,EFCAB5
ENSCJAG00000056712,
ENSCJAG00000084834,
ENSCJAG00000004977,TEF
ENSCJAG00000086451,NMUR2
ENSCJAG00000012516,NOX3
ENSCJAG00000077239,
ENSCJAG00000031123,
ENSCJAG00000074293,Y_RNA
ENSCJAG00000019363,APBB2
ENSCJAG00000074802,
ENSCJAG00000019246,FUCA2
ENSCJAG00000084457,
ENSCJAG00000073092,
ENSCJAG00000076140,
ENSCJAG00000084288,
ENSCJAG00000083590,
ENSCJAG00000077707,
ENSCJAG00000013322,AFF4
ENSCJAG00000016399,SPEM1
ENSCJAG00000074112,5S_rRNA
ENSCJAG00000074890,U6
ENSCJAG00000045482,U6
ENSCJAG00000004463,TEKT3
ENSCJAG00000056967,
ENSCJAG00000073016,
ENSCJAG00000072691,Metazoa_SRP
ENSCJAG00000082489,
ENSCJAG00000016391,SPEM2
ENSCJAG00000082987,
ENSCJAG00000054526,
ENSCJAG00000054103,FAM174B
ENSCJAG00000075891,
ENSCJAG00000057076,U4
ENSCJAG00000052820,U6
ENSCJAG00000005621,MAPK10
ENSCJAG00000025134,Y_RNA
ENSCJAG00000017535,RBM39
ENSCJAG00000085641,
ENSCJAG00000011352,C1QBP
ENSCJAG00000078703,U6
ENSCJAG00000033548,U6
ENSCJAG00000083740,Metazoa_SRP
ENSCJAG00000038649,TOB2
ENSCJAG00000070696,U6
ENSCJAG00000083162,
ENSCJAG00000042010,SPEM3
ENSCJAG00000067708,
ENSCJAG00000083321,
ENSCJAG00000043400,Metazoa_SRP
ENSCJAG00000082291,Y_RNA
ENSCJAG00000080509,
ENSCJAG00000076867,Metazoa_SRP
ENSCJAG00000073684,Metazoa_SRP
ENSCJAG00000072944,U6
ENSCJAG00000055439,U6
ENSCJAG00000057376,U7
ENSCJAG00000072765,
ENSCJAG00000085939,
ENSCJAG00000051493,U5
ENSCJAG00000035268,CDRT4
ENSCJAG00000044244,PARD6B
ENSCJAG00000016369,TMEM102
ENSCJAG00000010236,PRIM2
ENSCJAG00000003724,ZGRF1
ENSCJAG00000066841,
ENSCJAG00000082575,U6
ENSCJAG00000013982,NCF4
ENSCJAG00000073887,
ENSCJAG00000015234,NT5E
ENSCJAG00000007572,ZFAND6
ENSCJAG00000004999,PHF5A
ENSCJAG00000046560,LEAP2
ENSCJAG00000080505,
ENSCJAG00000014458,MRPS7
ENSCJAG00000075453,U6
ENSCJAG00000075353,Metazoa_SRP
ENSCJAG00000086183,
ENSCJAG00000016342,FGF11
ENSCJAG00000061757,Metazoa_SRP
ENSCJAG00000011542,ITGA4
ENSCJAG00000073828,
ENSCJAG00000047724,FAM117B
ENSCJAG00000081355,U6
ENSCJAG00000011321,DHX33
ENSCJAG00000086213,
ENSCJAG00000080204,UQCRQ
ENSCJAG00000039192,Metazoa_SRP
ENSCJAG00000061810,
ENSCJAG00000004442,TVP23C
ENSCJAG00000077596,Metazoa_SRP
ENSCJAG00000030343,
ENSCJAG00000013970,PVALB
ENSCJAG00000013297,GDF9
ENSCJAG00000000743,CHRNB1
ENSCJAG00000005072,POLR3H
ENSCJAG00000080007,U6
ENSCJAG00000055784,Y_RNA
ENSCJAG00000038507,Metazoa_SRP
ENSCJAG00000085439,
ENSCJAG00000005162,ICA1L
ENSCJAG00000060171,U7
ENSCJAG00000014414,SLC25A19
ENSCJAG00000020612,
ENSCJAG00000078920,Metazoa_SRP
ENSCJAG00000000751,ZBTB4
ENSCJAG00000013673,SSH2
ENSCJAG00000012080,CLNK
ENSCJAG00000084629,Metazoa_SRP
ENSCJAG00000000562,BCAS4
ENSCJAG00000019381,NSUN7
ENSCJAG00000051297,cja-mir-9952a-1
ENSCJAG00000073393,
ENSCJAG00000012695,CSF2RB
ENSCJAG00000078500,
ENSCJAG00000005171,WDR12
ENSCJAG00000047067,DERL2
ENSCJAG00000086919,
ENSCJAG00000000757,
ENSCJAG00000076456,
ENSCJAG00000075226,MIF
ENSCJAG00000013275,SHROOM1
ENSCJAG00000071426,
ENSCJAG00000076195,Metazoa_SRP
ENSCJAG00000020617,ACER2
ENSCJAG00000082422,
ENSCJAG00000075457,Metazoa_SRP
ENSCJAG00000035641,Metazoa_SRP
ENSCJAG00000073042,
ENSCJAG00000086818,Metazoa_SRP
ENSCJAG00000043335,GRB2
ENSCJAG00000020444,CHD2
ENSCJAG00000022816,MIS12
ENSCJAG00000072530,
ENSCJAG00000005600,ARHGAP24
ENSCJAG00000080968,
ENSCJAG00000071823,
ENSCJAG00000077773,
ENSCJAG00000003209,AATK
ENSCJAG00000013285,MAP3K8
ENSCJAG00000015157,POLR2A
ENSCJAG00000019385,RBM47
ENSCJAG00000080606,
ENSCJAG00000010682,DERL3
ENSCJAG00000073356,
ENSCJAG00000000563,ADNP
ENSCJAG00000073088,
ENSCJAG00000085656,Metazoa_SRP
ENSCJAG00000004384,
ENSCJAG00000085181,Metazoa_SRP
ENSCJAG00000036318,Metazoa_SRP
ENSCJAG00000073224,U4
ENSCJAG00000022790,ZNF518B
ENSCJAG00000084346,
ENSCJAG00000078214,
ENSCJAG00000046746,Metazoa_SRP
ENSCJAG00000060777,
ENSCJAG00000041976,Metazoa_SRP
ENSCJAG00000070505,
ENSCJAG00000055111,
ENSCJAG00000074650,
ENSCJAG00000005224,CARF
ENSCJAG00000077566,
ENSCJAG00000078731,Metazoa_SRP
ENSCJAG00000074954,Y_RNA
ENSCJAG00000019286,PHACTR2
ENSCJAG00000081099,
ENSCJAG00000015255,SNX14
ENSCJAG00000073978,
ENSCJAG00000079343,
ENSCJAG00000070746,
ENSCJAG00000087169,
ENSCJAG00000081326,Metazoa_SRP
ENSCJAG00000071919,Y_RNA
ENSCJAG00000087231,Y_RNA
ENSCJAG00000084675,U6
ENSCJAG00000019397,CHRNA9
ENSCJAG00000080168,
ENSCJAG00000062975,
ENSCJAG00000070527,U6
ENSCJAG00000082601,
ENSCJAG00000085502,Metazoa_SRP
ENSCJAG00000044463,TRIM16
ENSCJAG00000039733,TNFSF12
ENSCJAG00000078745,
ENSCJAG00000028370,U2
ENSCJAG00000071346,U6
ENSCJAG00000071852,
ENSCJAG00000076048,Metazoa_SRP
ENSCJAG00000046335,SMARCB1
ENSCJAG00000081823,SNORA70
ENSCJAG00000007814,PLD6
ENSCJAG00000037001,Metazoa_SRP
ENSCJAG00000019407,RHOH
ENSCJAG00000067293,Y_RNA
ENSCJAG00000075791,
ENSCJAG00000080521,
ENSCJAG00000000551,DPM1
ENSCJAG00000073167,
ENSCJAG00000059713,
ENSCJAG00000011265,NLRP1
ENSCJAG00000044826,
ENSCJAG00000086264,
ENSCJAG00000004624,GRIA1
ENSCJAG00000087141,
ENSCJAG00000071216,UBE2E3
ENSCJAG00000076506,C20ORF52
ENSCJAG00000034712,SNORA70
ENSCJAG00000086171,
ENSCJAG00000079203,Metazoa_SRP
ENSCJAG00000019411,N4BP2
ENSCJAG00000082693,Metazoa_SRP
ENSCJAG00000036726,Metazoa_SRP
ENSCJAG00000084085,Metazoa_SRP
ENSCJAG00000013269,SOWAHA
ENSCJAG00000083445,CIMIP4
ENSCJAG00000078156,U6
ENSCJAG00000055974,U6
ENSCJAG00000010798,MMP11
ENSCJAG00000001766,KHDRBS2
ENSCJAG00000012915,PACRGL
ENSCJAG00000018544,BPIFA2
ENSCJAG00000059789,MCF2L
ENSCJAG00000073748,
ENSCJAG00000080358,Metazoa_SRP
ENSCJAG00000023186,MOCS3
ENSCJAG00000017633,NFS1
ENSCJAG00000039266,TST
ENSCJAG00000064008,U6
ENSCJAG00000010824,CHCHD10
ENSCJAG00000011293,WDR1
ENSCJAG00000004366,ZNF286A
ENSCJAG00000007820,FLCN
ENSCJAG00000003772,NEUROG2
ENSCJAG00000017909,TRPC4
ENSCJAG00000071308,Metazoa_SRP
ENSCJAG00000084454,
ENSCJAG00000009047,SLC24A2
ENSCJAG00000000570,KCNG1
ENSCJAG00000003612,MPST
ENSCJAG00000082673,Metazoa_SRP
ENSCJAG00000010833,C22orf15
ENSCJAG00000032369,TNFSF13
ENSCJAG00000079304,Metazoa_SRP
ENSCJAG00000071657,
ENSCJAG00000065463,U3
ENSCJAG00000020452,RGMA
ENSCJAG00000056186,
ENSCJAG00000077144,Metazoa_SRP
ENSCJAG00000080860,
ENSCJAG00000034914,BPIFB4
ENSCJAG00000013316,ZNF438
ENSCJAG00000066885,
ENSCJAG00000010848,VPREB3
ENSCJAG00000036334,Metazoa_SRP
ENSCJAG00000003775,
ENSCJAG00000079578,
ENSCJAG00000070149,Metazoa_SRP
ENSCJAG00000013646,CORO6
ENSCJAG00000077946,
ENSCJAG00000038628,ZNF70
ENSCJAG00000058703,
ENSCJAG00000044209,
ENSCJAG00000080567,
ENSCJAG00000075261,
ENSCJAG00000054495,
ENSCJAG00000069374,
ENSCJAG00000012474,ARID1B
ENSCJAG00000081287,
ENSCJAG00000012707,KCTD17
ENSCJAG00000000574,NFATC2
ENSCJAG00000072635,
ENSCJAG00000071152,
ENSCJAG00000075298,U6
ENSCJAG00000081711,IGLL1
ENSCJAG00000085788,
ENSCJAG00000069886,
ENSCJAG00000081914,Metazoa_SRP
ENSCJAG00000083753,
ENSCJAG00000079033,Y_RNA
ENSCJAG00000086406,
ENSCJAG00000056556,Metazoa_SRP
ENSCJAG00000023264,
ENSCJAG00000063336,
ENSCJAG00000018580,BPIFB3
ENSCJAG00000019428,PDS5A
ENSCJAG00000074804,
ENSCJAG00000076282,
ENSCJAG00000081116,
ENSCJAG00000082592,U7
ENSCJAG00000015137,SENP3
ENSCJAG00000080293,
ENSCJAG00000081739,
ENSCJAG00000085197,
ENSCJAG00000014327,TMEM94
ENSCJAG00000051690,
ENSCJAG00000084318,
ENSCJAG00000007845,COPS3
ENSCJAG00000072449,cja-mir-1258a
ENSCJAG00000001759,LGSN
ENSCJAG00000077877,
ENSCJAG00000017903,UFM1
ENSCJAG00000070510,
ENSCJAG00000071902,
ENSCJAG00000007569,BCL2A1
ENSCJAG00000085072,
ENSCJAG00000013623,ANKRD13B
ENSCJAG00000003780,ALPK1
ENSCJAG00000073519,
ENSCJAG00000074812,
ENSCJAG00000077824,
ENSCJAG00000018589,BPIFB6
ENSCJAG00000083827,
ENSCJAG00000071297,
ENSCJAG00000076785,Metazoa_SRP
ENSCJAG00000013225,SEPTIN8
ENSCJAG00000039231,MRPL20
ENSCJAG00000074689,GSTT1
ENSCJAG00000085664,
ENSCJAG00000083897,Metazoa_SRP
ENSCJAG00000081340,
ENSCJAG00000031696,NBEAL1
ENSCJAG00000070723,Metazoa_SRP
ENSCJAG00000028293,cja-mir-320-2
ENSCJAG00000075533,
ENSCJAG00000075771,U5
ENSCJAG00000072762,
ENSCJAG00000039054,Metazoa_SRP
ENSCJAG00000074314,Metazoa_SRP
ENSCJAG00000071218,Metazoa_SRP
ENSCJAG00000006029,
ENSCJAG00000007560,MTHFS
ENSCJAG00000082102,U4
ENSCJAG00000027891,U1
ENSCJAG00000000103,SLC2A9
ENSCJAG00000069473,
ENSCJAG00000032413,Y_RNA
ENSCJAG00000038979,Metazoa_SRP
ENSCJAG00000086231,
ENSCJAG00000015352,SYNCRIP
ENSCJAG00000015114,EIF4A1
ENSCJAG00000075983,Metazoa_SRP
ENSCJAG00000018598,BPIFB2
ENSCJAG00000047647,DDT
ENSCJAG00000085797,
ENSCJAG00000084300,U6
ENSCJAG00000000586,ATP9A
ENSCJAG00000012718,TMPRSS6
ENSCJAG00000011035,TMEM88B
ENSCJAG00000077582,U6
ENSCJAG00000003902,SF3B1
ENSCJAG00000083101,U6
ENSCJAG00000011240,WSCD1
ENSCJAG00000001743,PTP4A1
ENSCJAG00000085449,Metazoa_SRP
ENSCJAG00000019830,
ENSCJAG00000064966,
ENSCJAG00000026014,cja-mir-3065
ENSCJAG00000060872,VWA1
ENSCJAG00000072768,
ENSCJAG00000044682,
ENSCJAG00000007340,HAT1
ENSCJAG00000057814,
ENSCJAG00000077858,
ENSCJAG00000013332,ZEB1
ENSCJAG00000017883,FREM2
ENSCJAG00000062825,
ENSCJAG00000074044,Metazoa_SRP
ENSCJAG00000008994,MLLT3
ENSCJAG00000045869,PVALEF
ENSCJAG00000041652,UBE2K
ENSCJAG00000085065,
ENSCJAG00000073173,SNORD50B
ENSCJAG00000077284,Metazoa_SRP
ENSCJAG00000065858,
ENSCJAG00000086639,Metazoa_SRP
ENSCJAG00000019295,LTV1
ENSCJAG00000087135,MINAR1
ENSCJAG00000086781,
ENSCJAG00000000106,DRD5
ENSCJAG00000080866,
ENSCJAG00000039293,
ENSCJAG00000042606,
ENSCJAG00000072670,SNORA48
ENSCJAG00000043673,TMEM242
ENSCJAG00000045374,
ENSCJAG00000085921,Metazoa_SRP
ENSCJAG00000064910,
ENSCJAG00000010991,ATAD3A
ENSCJAG00000024154,SNORD10
ENSCJAG00000000107,OTOP1
ENSCJAG00000002133,IL2RB
ENSCJAG00000083872,
ENSCJAG00000038735,TIFA
ENSCJAG00000078840,U6
ENSCJAG00000081875,
ENSCJAG00000084259,U6
ENSCJAG00000069992,SNORA67
ENSCJAG00000070245,
ENSCJAG00000018611,SUN5
ENSCJAG00000045737,Metazoa_SRP
ENSCJAG00000062768,
ENSCJAG00000082955,
ENSCJAG00000080444,U6
ENSCJAG00000015953,SLC7A4
ENSCJAG00000071981,U1
ENSCJAG00000081983,C1QTNF6
ENSCJAG00000086128,Metazoa_SRP
ENSCJAG00000071587,Metazoa_SRP
ENSCJAG00000085294,
ENSCJAG00000005382,WDFY3
ENSCJAG00000000112,TMEM128
ENSCJAG00000083893,
ENSCJAG00000034546,U4
ENSCJAG00000048079,CD68
ENSCJAG00000079704,Metazoa_SRP
ENSCJAG00000075874,
ENSCJAG00000070033,U6
ENSCJAG00000016215,SLC28A1
ENSCJAG00000040113,Metazoa_SRP
ENSCJAG00000080633,U6
ENSCJAG00000002142,SSTR3
ENSCJAG00000044423,
ENSCJAG00000040573,
ENSCJAG00000081339,Metazoa_SRP
ENSCJAG00000001708,PHF3
ENSCJAG00000052204,
ENSCJAG00000037689,TMEM240
ENSCJAG00000079776,
ENSCJAG00000043368,AP1AR
ENSCJAG00000012812,SLIT2
ENSCJAG00000073983,
ENSCJAG00000027516,
ENSCJAG00000076222,
ENSCJAG00000058136,
ENSCJAG00000015940,P2RX6
ENSCJAG00000000114,LYAR
ENSCJAG00000008511,
ENSCJAG00000010957,SSU72
ENSCJAG00000072113,U6
ENSCJAG00000007196,DYNC1I2
ENSCJAG00000000591,SALL4
ENSCJAG00000015095,MPDU1
ENSCJAG00000077743,SMIM14
ENSCJAG00000002144,RAC2
ENSCJAG00000070504,
ENSCJAG00000083032,
ENSCJAG00000003465,ZDHHC14
ENSCJAG00000013483,CEP131
ENSCJAG00000066377,FNDC10
ENSCJAG00000074430,
ENSCJAG00000072479,
ENSCJAG00000072848,
ENSCJAG00000076259,U6
ENSCJAG00000083357,EFCAB8
ENSCJAG00000085681,Metazoa_SRP
ENSCJAG00000076001,
ENSCJAG00000085050,Y_RNA
ENSCJAG00000011209,AIPL1
ENSCJAG00000007951,SOX15
ENSCJAG00000066559,U7
ENSCJAG00000078746,Metazoa_SRP
ENSCJAG00000019307,ZC2HC1B
ENSCJAG00000000119,ZBTB49
ENSCJAG00000078348,
ENSCJAG00000075182,U6
ENSCJAG00000004547,FAM114A2
ENSCJAG00000000626,GPA1
ENSCJAG00000039085,COQ10B
ENSCJAG00000015921,THAP7
ENSCJAG00000058604,
ENSCJAG00000075318,Metazoa_SRP
ENSCJAG00000076992,Metazoa_SRP
ENSCJAG00000043305,U6
ENSCJAG00000017876,STOML3
ENSCJAG00000071202,Metazoa_SRP
ENSCJAG00000071254,
ENSCJAG00000061349,PLAGL1
ENSCJAG00000010931,MIB2
ENSCJAG00000015063,FXR2
ENSCJAG00000043892,
ENSCJAG00000040898,LZTR1
ENSCJAG00000044411,UGDH
ENSCJAG00000016211,ALPK3
ENSCJAG00000013586,GIT1
ENSCJAG00000061370,
ENSCJAG00000075393,
ENSCJAG00000076788,
ENSCJAG00000081532,Y_RNA
ENSCJAG00000008887,FOCAD
ENSCJAG00000011952,ADGRF5
ENSCJAG00000007191,CYBRD1
ENSCJAG00000021695,SPECC1
ENSCJAG00000077983,
ENSCJAG00000084981,
ENSCJAG00000080816,
ENSCJAG00000058542,CYTH4
ENSCJAG00000000634,ZNF292
ENSCJAG00000072624,Metazoa_SRP
ENSCJAG00000076165,
ENSCJAG00000056328,MFAP3
ENSCJAG00000086335,
ENSCJAG00000059281,U2
ENSCJAG00000000128,
ENSCJAG00000003990,HSPD1
ENSCJAG00000051733,cja-mir-151
ENSCJAG00000019312,STX11
ENSCJAG00000072235,
ENSCJAG00000010920,
ENSCJAG00000015055,SAT2
ENSCJAG00000030741,
ENSCJAG00000031425,EYS
ENSCJAG00000069614,
ENSCJAG00000084410,
ENSCJAG00000044669,POLR1D
ENSCJAG00000078469,
ENSCJAG00000041761,
ENSCJAG00000076728,
ENSCJAG00000013222,CCNI2
ENSCJAG00000078641,
ENSCJAG00000073146,
ENSCJAG00000083516,
ENSCJAG00000006721,F7
ENSCJAG00000016173,ZNF592
ENSCJAG00000075432,Metazoa_SRP
ENSCJAG00000065086,U2
ENSCJAG00000027179,U6
ENSCJAG00000011205,
ENSCJAG00000047972,
ENSCJAG00000007161,DCAF17
ENSCJAG00000021518,OSBPL6
ENSCJAG00000046486,Metazoa_SRP
ENSCJAG00000087217,
ENSCJAG00000015601,MAPRE1
ENSCJAG00000041512,HSPE1
ENSCJAG00000043363,ELFN2
ENSCJAG00000066579,
ENSCJAG00000047254,Metazoa_SRP
ENSCJAG00000000139,STX18
ENSCJAG00000083894,
ENSCJAG00000006736,F10
ENSCJAG00000003470,SNX9
ENSCJAG00000063236,
ENSCJAG00000071988,U6
ENSCJAG00000076183,
ENSCJAG00000004500,GALNT10
ENSCJAG00000027101,cja-mir-491
ENSCJAG00000074043,
ENSCJAG00000087199,Metazoa_SRP
ENSCJAG00000013116,KIF3A
ENSCJAG00000080181,GSX1
ENSCJAG00000083273,Metazoa_SRP
ENSCJAG00000000710,LIAS
ENSCJAG00000015996,MFNG
ENSCJAG00000028098,SNORA30B
ENSCJAG00000036422,U2
ENSCJAG00000080265,
ENSCJAG00000084430,SMIM8
ENSCJAG00000061260,
ENSCJAG00000007144,METTL8
ENSCJAG00000064747,
ENSCJAG00000016146,SEC11A
ENSCJAG00000074942,
ENSCJAG00000017859,PROSER1
ENSCJAG00000085353,
ENSCJAG00000014303,CASKIN2
ENSCJAG00000064077,
ENSCJAG00000084245,
ENSCJAG00000006758,PROZ
ENSCJAG00000078316,PDX1
ENSCJAG00000000964,MYO15A
ENSCJAG00000079186,
ENSCJAG00000083477,Metazoa_SRP
ENSCJAG00000070885,
ENSCJAG00000015035,SHBG
ENSCJAG00000067216,
ENSCJAG00000078712,U6
ENSCJAG00000000596,ZFP64
ENSCJAG00000069925,
ENSCJAG00000076582,
ENSCJAG00000010900,CDK11B
ENSCJAG00000084821,
ENSCJAG00000069942,
ENSCJAG00000076253,
ENSCJAG00000008870,HACD4
ENSCJAG00000073688,U6
ENSCJAG00000084613,
ENSCJAG00000019398,CDX2
ENSCJAG00000072842,U7
ENSCJAG00000000651,C6orf163
ENSCJAG00000029198,U1
ENSCJAG00000085468,
ENSCJAG00000080331,
ENSCJAG00000082950,
ENSCJAG00000015869,AIFM3
ENSCJAG00000019404,URAD
ENSCJAG00000045626,MOB4
ENSCJAG00000011280,MSX1
ENSCJAG00000079709,
ENSCJAG00000075749,
ENSCJAG00000016140,NMB
ENSCJAG00000013083,IL4
ENSCJAG00000045486,U6
ENSCJAG00000008865,
ENSCJAG00000015617,DNMT3B
ENSCJAG00000063048,
ENSCJAG00000070292,
ENSCJAG00000081820,
ENSCJAG00000000723,RPL9
ENSCJAG00000074063,
ENSCJAG00000084911,Y_RNA
ENSCJAG00000075374,Metazoa_SRP
ENSCJAG00000076786,
ENSCJAG00000031045,
ENSCJAG00000083956,U6
ENSCJAG00000060970,U6
ENSCJAG00000015019,ATP1B2
ENSCJAG00000085551,U6
ENSCJAG00000016128,WDR73
ENSCJAG00000083560,Metazoa_SRP
ENSCJAG00000005277,TMED3
ENSCJAG00000056831,cja-mir-1294
ENSCJAG00000045201,Metazoa_SRP
ENSCJAG00000044329,IFNW1
ENSCJAG00000083269,U6
ENSCJAG00000070305,U6
ENSCJAG00000076117,IL13
ENSCJAG00000037543,Metazoa_SRP
ENSCJAG00000077510,
ENSCJAG00000079844,
ENSCJAG00000039100,
ENSCJAG00000058836,RFTN2
ENSCJAG00000075049,5S_rRNA
ENSCJAG00000079918,
ENSCJAG00000011895,CYTL1
ENSCJAG00000079176,
ENSCJAG00000013244,SLC16A14
ENSCJAG00000045654,Metazoa_SRP
ENSCJAG00000000729,KLB
ENSCJAG00000079109,
ENSCJAG00000085225,
ENSCJAG00000081957,U4
ENSCJAG00000042193,SAP30L
ENSCJAG00000082610,IFNA2
ENSCJAG00000044839,Metazoa_SRP
ENSCJAG00000060769,
ENSCJAG00000077720,
ENSCJAG00000042961,Y_RNA
ENSCJAG00000071614,Metazoa_SRP
ENSCJAG00000087012,U1
ENSCJAG00000016119,ZSCAN2
ENSCJAG00000070886,
ENSCJAG00000041353,
ENSCJAG00000000052,TEPSIN
ENSCJAG00000075220,
ENSCJAG00000077297,
ENSCJAG00000005284,ANKRD34C
ENSCJAG00000033428,RAD50
ENSCJAG00000074860,Metazoa_SRP
ENSCJAG00000084952,
ENSCJAG00000066210,
ENSCJAG00000022885,MARS2
ENSCJAG00000073103,
ENSCJAG00000007075,TLK1
ENSCJAG00000078853,HAND1
ENSCJAG00000085446,
ENSCJAG00000070624,
ENSCJAG00000083738,
ENSCJAG00000028525,cja-mir-184
ENSCJAG00000081698,
ENSCJAG00000086677,Metazoa_SRP
ENSCJAG00000080849,
ENSCJAG00000073783,
ENSCJAG00000011931,ADGRF1
ENSCJAG00000014278,TSEN54
ENSCJAG00000061989,Metazoa_SRP
ENSCJAG00000036291,cja-mir-218
ENSCJAG00000023799,
ENSCJAG00000071037,
ENSCJAG00000017851,NHLRC3
ENSCJAG00000010871,SLC35E2B
ENSCJAG00000086328,
ENSCJAG00000069908,
ENSCJAG00000019405,FLT3
ENSCJAG00000079404,
ENSCJAG00000011911,STK32B
ENSCJAG00000028510,U6
ENSCJAG00000079071,
ENSCJAG00000036461,CFAP206
ENSCJAG00000014978,TP53
ENSCJAG00000013575,TP53I13
ENSCJAG00000016113,
ENSCJAG00000081671,
ENSCJAG00000081284,
ENSCJAG00000011178,PITPNM3
ENSCJAG00000013254,SP110
ENSCJAG00000013435,ARHGAP12
ENSCJAG00000078743,
ENSCJAG00000004092,BOLL
ENSCJAG00000007417,CNOT8
ENSCJAG00000054556,
ENSCJAG00000085415,
ENSCJAG00000004137,BAI3
ENSCJAG00000020703,RFC1
ENSCJAG00000079482,
ENSCJAG00000010843,NADK
ENSCJAG00000058763,
ENSCJAG00000071321,
ENSCJAG00000013034,IL5
ENSCJAG00000039360,CYP20A1
ENSCJAG00000084387,
ENSCJAG00000083810,
ENSCJAG00000079580,Metazoa_SRP
ENSCJAG00000076454,
ENSCJAG00000080154,
ENSCJAG00000079516,
ENSCJAG00000055989,NDUFAF8
ENSCJAG00000076676,Metazoa_SRP
ENSCJAG00000075693,U1
ENSCJAG00000071731,
ENSCJAG00000070860,
ENSCJAG00000083630,Metazoa_SRP
ENSCJAG00000073832,
ENSCJAG00000077397,U6
ENSCJAG00000021698,ABR
ENSCJAG00000056425,
ENSCJAG00000086237,Metazoa_SRP
ENSCJAG00000079972,Metazoa_SRP
ENSCJAG00000031781,Y_RNA
ENSCJAG00000086132,
ENSCJAG00000013289,SP140
ENSCJAG00000072796,Metazoa_SRP
ENSCJAG00000085988,
ENSCJAG00000070051,
ENSCJAG00000086044,
ENSCJAG00000010813,GNB1
ENSCJAG00000072168,
ENSCJAG00000076468,Metazoa_SRP
ENSCJAG00000073023,IFNA8
ENSCJAG00000084367,
ENSCJAG00000080657,
ENSCJAG00000075397,
ENSCJAG00000019315,UTRN
ENSCJAG00000082756,Y_RNA
ENSCJAG00000017847,LHFP
ENSCJAG00000013013,IRF1
ENSCJAG00000073012,Metazoa_SRP
ENSCJAG00000074999,
ENSCJAG00000064625,
ENSCJAG00000086771,
ENSCJAG00000072039,U1
ENSCJAG00000080713,Metazoa_SRP
ENSCJAG00000014965,WRAP53
ENSCJAG00000060529,
ENSCJAG00000045537,Metazoa_SRP
ENSCJAG00000011904,TNFRSF21
ENSCJAG00000081259,
ENSCJAG00000078733,SLC38A10
ENSCJAG00000072665,
ENSCJAG00000077123,Y_RNA
ENSCJAG00000081321,
ENSCJAG00000083249,
ENSCJAG00000038577,COMMD7
ENSCJAG00000083679,
ENSCJAG00000079540,
ENSCJAG00000004100,PLCL1
ENSCJAG00000067196,
ENSCJAG00000003570,SYNJ2
ENSCJAG00000013010,
ENSCJAG00000039784,
ENSCJAG00000071344,Metazoa_SRP
ENSCJAG00000080901,
ENSCJAG00000010561,EVC2
ENSCJAG00000081715,
ENSCJAG00000004454,LARP1
ENSCJAG00000079495,
ENSCJAG00000057682,CRKL
ENSCJAG00000070958,Y_RNA
ENSCJAG00000016048,CPEB1
ENSCJAG00000044444,EFNB3
ENSCJAG00000085300,
ENSCJAG00000080063,
ENSCJAG00000052481,Metazoa_SRP
ENSCJAG00000000609,TSHZ2
ENSCJAG00000022401,KLHL9
ENSCJAG00000000692,RARS2
ENSCJAG00000085984,5S_rRNA
ENSCJAG00000083058,
ENSCJAG00000040137,
ENSCJAG00000072320,U1
ENSCJAG00000012972,SLC22A5
ENSCJAG00000005399,ABI2
ENSCJAG00000015857,SNAP29
ENSCJAG00000079829,
ENSCJAG00000060200,
ENSCJAG00000014252,LLGL2
ENSCJAG00000083091,
ENSCJAG00000052050,
ENSCJAG00000076838,
ENSCJAG00000017833,COG6
ENSCJAG00000000737,WDR19
ENSCJAG00000085382,
ENSCJAG00000003232,
ENSCJAG00000041588,GORASP2
ENSCJAG00000076484,Metazoa_SRP
ENSCJAG00000064807,
ENSCJAG00000021521,PRKRA
ENSCJAG00000002316,RASGRF1
ENSCJAG00000055486,
ENSCJAG00000076156,Metazoa_SRP
ENSCJAG00000011867,CD2AP
ENSCJAG00000015845,PI4KA
ENSCJAG00000002125,INPP5B
ENSCJAG00000079924,Metazoa_SRP
ENSCJAG00000084206,
ENSCJAG00000078935,
ENSCJAG00000074616,Metazoa_SRP
ENSCJAG00000004013,LMBRD1
ENSCJAG00000042938,U4
ENSCJAG00000080161,
ENSCJAG00000085102,
ENSCJAG00000081490,Y_RNA
ENSCJAG00000069958,Metazoa_SRP
ENSCJAG00000081993,Metazoa_SRP
ENSCJAG00000010606,EVC
ENSCJAG00000082482,Metazoa_SRP
ENSCJAG00000071361,U6
ENSCJAG00000074538,Metazoa_SRP
ENSCJAG00000000615,ZNF217
ENSCJAG00000062047,
ENSCJAG00000076713,Metazoa_SRP
ENSCJAG00000073071,Metazoa_SRP
ENSCJAG00000020705,NOL4L
ENSCJAG00000012966,SLC22A4
ENSCJAG00000021522,PJVK
ENSCJAG00000074767,
ENSCJAG00000078998,Metazoa_SRP
ENSCJAG00000044663,
ENSCJAG00000085845,
ENSCJAG00000084511,Metazoa_SRP
ENSCJAG00000076162,
ENSCJAG00000010808,CALML6
ENSCJAG00000014881,DNAH2
ENSCJAG00000073991,
ENSCJAG00000086060,U7
ENSCJAG00000005598,HTR1D
ENSCJAG00000015854,SERPIND1
ENSCJAG00000040031,Y_RNA
ENSCJAG00000075669,
ENSCJAG00000073132,Metazoa_SRP
ENSCJAG00000072649,
ENSCJAG00000078539,Metazoa_SRP
ENSCJAG00000021523,FKBP7
ENSCJAG00000082500,Metazoa_SRP
ENSCJAG00000086027,SNORD116
ENSCJAG00000071146,U1
ENSCJAG00000076531,Y_RNA
ENSCJAG00000047779,Metazoa_SRP
ENSCJAG00000070444,Metazoa_SRP
ENSCJAG00000057770,U6
ENSCJAG00000081777,
ENSCJAG00000078824,Metazoa_SRP
ENSCJAG00000080865,Y_RNA
ENSCJAG00000012942,PDLIM4
ENSCJAG00000071284,Y_RNA
ENSCJAG00000015839,
ENSCJAG00000000730,ORC3
ENSCJAG00000076894,Metazoa_SRP
ENSCJAG00000043339,Metazoa_SRP
ENSCJAG00000048239,TMEM52
ENSCJAG00000006244,
ENSCJAG00000084413,
ENSCJAG00000020316,FAXDC2
ENSCJAG00000013324,SP100
ENSCJAG00000045213,PLEKHA3
ENSCJAG00000076753,
ENSCJAG00000007971,BAHCC1
ENSCJAG00000078601,Metazoa_SRP
ENSCJAG00000012800,LCORL
ENSCJAG00000003875,COL19A1
ENSCJAG00000076767,Metazoa_SRP
ENSCJAG00000084263,Y_RNA
ENSCJAG00000072940,
ENSCJAG00000006262,NME5
ENSCJAG00000005512,HNRNPR
ENSCJAG00000068966,FOXO1
ENSCJAG00000000789,KLHL5
ENSCJAG00000078119,
ENSCJAG00000002176,SF3A3
ENSCJAG00000086700,U7
ENSCJAG00000067099,
ENSCJAG00000030389,U6
ENSCJAG00000019421,PAN3
ENSCJAG00000041479,Metazoa_SRP
ENSCJAG00000077944,
ENSCJAG00000073723,Y_RNA
ENSCJAG00000082188,Y_RNA
ENSCJAG00000010648,CRMP1
ENSCJAG00000087337,Y_RNA
ENSCJAG00000012936,P4HA2
ENSCJAG00000017805,MRPS31
ENSCJAG00000007336,GEMIN5
ENSCJAG00000002396,CFAP74
ENSCJAG00000006245,WNT8A
ENSCJAG00000006984,GAD1
ENSCJAG00000037243,Metazoa_SRP
ENSCJAG00000083360,
ENSCJAG00000081980,Y_RNA
ENSCJAG00000070412,U6
ENSCJAG00000004111,SATB2
ENSCJAG00000068618,U6
ENSCJAG00000070320,
ENSCJAG00000023203,
ENSCJAG00000048577,ZNF436
ENSCJAG00000087224,U6
ENSCJAG00000073527,U6
ENSCJAG00000082744,Metazoa_SRP
ENSCJAG00000059588,Metazoa_SRP
ENSCJAG00000074206,Metazoa_SRP
ENSCJAG00000054357,
ENSCJAG00000044460,Metazoa_SRP
ENSCJAG00000020708,ASXL1
ENSCJAG00000062193,
ENSCJAG00000082492,U6
ENSCJAG00000075648,
ENSCJAG00000084109,
ENSCJAG00000021699,TIMM22
ENSCJAG00000026874,
ENSCJAG00000084720,
ENSCJAG00000069518,SLC25A15
ENSCJAG00000011845,ADGRF4
ENSCJAG00000013121,SOD3
ENSCJAG00000002239,FHL3
ENSCJAG00000044443,AKIRIN2
ENSCJAG00000003152,DDX39B
ENSCJAG00000003767,COL9A1
ENSCJAG00000033951,PADI3
ENSCJAG00000013540,KIF5B
ENSCJAG00000001850,TCEA3
ENSCJAG00000005339,RAPH1
ENSCJAG00000086122,
ENSCJAG00000079177,
ENSCJAG00000073505,
ENSCJAG00000082403,
ENSCJAG00000021700,NXN
ENSCJAG00000012924,CSF2
ENSCJAG00000079612,Metazoa_SRP
ENSCJAG00000074369,
ENSCJAG00000014850,KDM6B
ENSCJAG00000087251,
ENSCJAG00000084645,
ENSCJAG00000071087,
ENSCJAG00000078982,Metazoa_SRP
ENSCJAG00000044197,CDS1
ENSCJAG00000012921,MA_m002_jsm762B1f
ENSCJAG00000056359,
ENSCJAG00000079255,U6
ENSCJAG00000002885,ACTG1
ENSCJAG00000082819,
ENSCJAG00000007325,MRPL22
ENSCJAG00000012417,
ENSCJAG00000084778,
ENSCJAG00000083328,TMEM88
ENSCJAG00000076492,
ENSCJAG00000012918,
ENSCJAG00000026889,U6
ENSCJAG00000040018,MCCD1
ENSCJAG00000078875,
ENSCJAG00000054277,Y_RNA
ENSCJAG00000002398,GABRD
ENSCJAG00000002244,UTP11
ENSCJAG00000083181,
ENSCJAG00000040077,Metazoa_SRP
ENSCJAG00000059856,SNORD83
ENSCJAG00000082394,
ENSCJAG00000080538,PADI4
ENSCJAG00000014843,NAA38
ENSCJAG00000085575,
ENSCJAG00000062054,SNORD83
ENSCJAG00000001539,FSCN2
ENSCJAG00000014244,MYO15B
ENSCJAG00000044172,
ENSCJAG00000084602,
ENSCJAG00000001861,ASAP3
ENSCJAG00000045596,C4orf50
ENSCJAG00000077766,Metazoa_SRP
ENSCJAG00000077635,
ENSCJAG00000000622,BCAS1
ENSCJAG00000070546,
ENSCJAG00000082659,
ENSCJAG00000021701,MRM3
ENSCJAG00000085682,
ENSCJAG00000082831,
ENSCJAG00000011823,OPN5
ENSCJAG00000075398,
ENSCJAG00000039010,ATP6V1G2
ENSCJAG00000084034,
ENSCJAG00000072068,U6
ENSCJAG00000012738,NCAPG
ENSCJAG00000000810,TMEM156
ENSCJAG00000082429,Metazoa_SRP
ENSCJAG00000067149,Metazoa_SRP
ENSCJAG00000015979,AP3B2
ENSCJAG00000014841,CYB5D1
ENSCJAG00000043725,
ENSCJAG00000011150,TXNDC17
ENSCJAG00000005335,NKX6-1
ENSCJAG00000000773,SPACA1
ENSCJAG00000076889,
ENSCJAG00000006973,ERICH2
ENSCJAG00000001556,FAAP100
ENSCJAG00000079466,U6
ENSCJAG00000072149,U1
ENSCJAG00000076142,
ENSCJAG00000004149,C2orf69
ENSCJAG00000086706,
ENSCJAG00000084622,
ENSCJAG00000080981,
ENSCJAG00000073761,
ENSCJAG00000057391,
ENSCJAG00000079045,Metazoa_SRP
ENSCJAG00000020718,KIF3B
ENSCJAG00000072787,U7
ENSCJAG00000077633,NFKBIL1
ENSCJAG00000069835,
ENSCJAG00000000820,FAM114A1
ENSCJAG00000007733,PADI6
ENSCJAG00000011815,PTCHD4
ENSCJAG00000079792,MED31
ENSCJAG00000077897,Y_RNA
ENSCJAG00000070907,Metazoa_SRP
ENSCJAG00000021702,GLOD4
ENSCJAG00000004155,TYW5
ENSCJAG00000061474,
ENSCJAG00000042155,DCAF16
ENSCJAG00000072986,
ENSCJAG00000006280,BRD8
ENSCJAG00000030034,U1
ENSCJAG00000077974,
ENSCJAG00000080990,
ENSCJAG00000074667,
ENSCJAG00000070974,
ENSCJAG00000080814,Metazoa_SRP
ENSCJAG00000083785,U6
ENSCJAG00000051489,
ENSCJAG00000086484,DYNLL2
ENSCJAG00000006965,SP5
ENSCJAG00000078016,
ENSCJAG00000038327,GEMIN4
ENSCJAG00000069082,
ENSCJAG00000040172,ID3
ENSCJAG00000082158,TNLG1E
ENSCJAG00000002409,PRKCZ
ENSCJAG00000074364,
ENSCJAG00000037075,MAIP1
ENSCJAG00000086121,U6
ENSCJAG00000072429,
ENSCJAG00000057358,
ENSCJAG00000053960,
ENSCJAG00000013637,EPC1
ENSCJAG00000082079,
ENSCJAG00000076154,
ENSCJAG00000066428,Metazoa_SRP
ENSCJAG00000081194,
ENSCJAG00000048677,POU3F1
ENSCJAG00000079461,
ENSCJAG00000017791,
ENSCJAG00000081180,
ENSCJAG00000019447,FLT1
ENSCJAG00000007706,RCC2
ENSCJAG00000080998,Metazoa_SRP
ENSCJAG00000077322,
ENSCJAG00000003587,SERAC1
ENSCJAG00000070000,
ENSCJAG00000001569,NPLOC4
ENSCJAG00000071351,
ENSCJAG00000040100,TNF
ENSCJAG00000020962,E2F2
ENSCJAG00000070524,
ENSCJAG00000083787,Metazoa_SRP
ENSCJAG00000083982,
ENSCJAG00000083165,
ENSCJAG00000077956,
ENSCJAG00000083755,
ENSCJAG00000038424,Metazoa_SRP
ENSCJAG00000074537,
ENSCJAG00000076937,U6
ENSCJAG00000024956,U1
ENSCJAG00000081649,
ENSCJAG00000086012,
ENSCJAG00000071244,
ENSCJAG00000078528,
ENSCJAG00000009963,SLC25A39
ENSCJAG00000072126,Metazoa_SRP
ENSCJAG00000000775,CNR1
ENSCJAG00000081913,Metazoa_SRP
ENSCJAG00000066339,
ENSCJAG00000020721,POFUT1
ENSCJAG00000076940,
ENSCJAG00000041832,Metazoa_SRP
ENSCJAG00000080875,
ENSCJAG00000007288,SGCD
ENSCJAG00000003102,LTB
ENSCJAG00000080579,
ENSCJAG00000076198,U6
ENSCJAG00000059469,
ENSCJAG00000012722,FAM184B
ENSCJAG00000074785,U6
ENSCJAG00000067740,
ENSCJAG00000035776,Metazoa_SRP
ENSCJAG00000075553,U6
ENSCJAG00000071375,
ENSCJAG00000070634,
ENSCJAG00000082173,Metazoa_SRP
ENSCJAG00000081635,
ENSCJAG00000086301,
ENSCJAG00000000625,CYP24A1
ENSCJAG00000002454,FAAP20
ENSCJAG00000041713,
ENSCJAG00000013349,CAB39
ENSCJAG00000033439,U6
ENSCJAG00000046826,Metazoa_SRP
ENSCJAG00000071617,Metazoa_SRP
ENSCJAG00000076927,
ENSCJAG00000073379,
ENSCJAG00000044458,
ENSCJAG00000020934,ELOA
ENSCJAG00000045612,RRAGC
ENSCJAG00000044979,PLAGL2
ENSCJAG00000000780,RNGTT
ENSCJAG00000082715,Y_RNA
ENSCJAG00000079637,GTF2H5
ENSCJAG00000034315,LST1
ENSCJAG00000025965,U6
ENSCJAG00000085115,U6
ENSCJAG00000069760,U5
ENSCJAG00000009903,GRN
ENSCJAG00000000999,FLII
ENSCJAG00000071724,U6
ENSCJAG00000066599,
ENSCJAG00000077559,
ENSCJAG00000002469,SKI
ENSCJAG00000014766,CHD3
ENSCJAG00000070434,
ENSCJAG00000005314,GPAT3
ENSCJAG00000029689,5S_rRNA
ENSCJAG00000010675,JAKMIP1
ENSCJAG00000073909,
ENSCJAG00000001598,TSPAN10
ENSCJAG00000073625,
ENSCJAG00000084756,
ENSCJAG00000014022,VEZF1
ENSCJAG00000073854,
ENSCJAG00000044903,PDE6G
ENSCJAG00000020407,
ENSCJAG00000003096,NCR3
ENSCJAG00000035628,Metazoa_SRP
ENSCJAG00000068495,
ENSCJAG00000007284,TIMD4
ENSCJAG00000002288,GJA9
ENSCJAG00000078740,Metazoa_SRP
ENSCJAG00000019745,DCAF7
ENSCJAG00000036885,Metazoa_SRP
ENSCJAG00000001620,OXLD1
ENSCJAG00000009865,FAM171A2
ENSCJAG00000042321,CD28
ENSCJAG00000081969,5S_rRNA
ENSCJAG00000038764,ITM2C
ENSCJAG00000085127,
ENSCJAG00000063983,
ENSCJAG00000040568,U4
ENSCJAG00000020925,PITHD1
ENSCJAG00000083941,
ENSCJAG00000002293,RHBDL2
ENSCJAG00000073263,Metazoa_SRP
ENSCJAG00000055526,
ENSCJAG00000024528,U6
ENSCJAG00000001630,CCDC137
ENSCJAG00000072304,U4
ENSCJAG00000066766,U2
ENSCJAG00000002625,NDUFA9
ENSCJAG00000014010,CUEDC1
ENSCJAG00000004173,SPATS2L
ENSCJAG00000073632,
ENSCJAG00000085671,
ENSCJAG00000019741,TACO1
ENSCJAG00000043988,U7
ENSCJAG00000006393,KIF20A
ENSCJAG00000000808,
ENSCJAG00000046714,VPS53
ENSCJAG00000003075,AIF1
ENSCJAG00000001596,ARL16
ENSCJAG00000085724,
ENSCJAG00000027149,U6
ENSCJAG00000083990,Metazoa_SRP
ENSCJAG00000020742,TM9SF4
ENSCJAG00000075505,U6
ENSCJAG00000077803,U4
ENSCJAG00000031032,SNORA70
ENSCJAG00000067662,Metazoa_SRP
ENSCJAG00000084790,U6
ENSCJAG00000022443,GPR55
ENSCJAG00000084996,
ENSCJAG00000080972,U6
ENSCJAG00000017782,ELF1
ENSCJAG00000081181,Y_RNA
ENSCJAG00000011774,MMUT
ENSCJAG00000002305,CTSH
ENSCJAG00000074020,Metazoa_SRP
ENSCJAG00000064919,MED28
ENSCJAG00000002429,MORN1
ENSCJAG00000020914,LYPLA2
ENSCJAG00000070672,SPATA3
ENSCJAG00000014008,MRPS23
ENSCJAG00000012835,ACSL6
ENSCJAG00000082857,
ENSCJAG00000006418,CDC23
ENSCJAG00000012680,LAP3
ENSCJAG00000005495,CTLA4
ENSCJAG00000073886,Metazoa_SRP
ENSCJAG00000042730,PM20D2
ENSCJAG00000056619,
ENSCJAG00000002622,AKAP3
ENSCJAG00000080582,
ENSCJAG00000006877,MYO3B
ENSCJAG00000005294,ABRAXAS1
ENSCJAG00000071747,
ENSCJAG00000082666,
ENSCJAG00000041411,C2orf72
ENSCJAG00000071907,
ENSCJAG00000013667,CCDC7
ENSCJAG00000022062,CCDC182
ENSCJAG00000069198,Y_RNA
ENSCJAG00000012671,CLRN2
ENSCJAG00000007257,TTYH3
ENSCJAG00000073473,
ENSCJAG00000001631,HGS
ENSCJAG00000074462,
ENSCJAG00000019473,POMP
ENSCJAG00000017768,WBP4
ENSCJAG00000057920,U7
ENSCJAG00000005516,ICOS
ENSCJAG00000003047,PRRC2A
ENSCJAG00000011759,CENPQ
ENSCJAG00000020906,GALE
ENSCJAG00000043919,AKIRIN1
ENSCJAG00000084558,
ENSCJAG00000021569,TTC39A
ENSCJAG00000080357,
ENSCJAG00000044154,Metazoa_SRP
ENSCJAG00000019491,SLC46A3
ENSCJAG00000006454,GFRA3
ENSCJAG00000076178,Metazoa_SRP
ENSCJAG00000002471,RER1
ENSCJAG00000070003,Metazoa_SRP
ENSCJAG00000012653,QDPR
ENSCJAG00000042225,Metazoa_SRP
ENSCJAG00000038575,SRSF12
ENSCJAG00000086343,
ENSCJAG00000022488,
ENSCJAG00000083861,GLYATL3
ENSCJAG00000078007,U6
ENSCJAG00000085721,
ENSCJAG00000017764,KBTBD6
ENSCJAG00000045917,NDUFS5
ENSCJAG00000079275,
ENSCJAG00000083537,Metazoa_SRP
ENSCJAG00000068634,
ENSCJAG00000075192,C6orf141
ENSCJAG00000081142,
ENSCJAG00000020903,HMGCL
ENSCJAG00000059272,U2
ENSCJAG00000023605,U6
ENSCJAG00000040795,5S_rRNA
ENSCJAG00000074819,
ENSCJAG00000015939,FSD2
ENSCJAG00000002600,DOK5
ENSCJAG00000031173,KCTD18
ENSCJAG00000001046,MIEF2
ENSCJAG00000002214,MORF4L1
ENSCJAG00000030177,SNORA75
ENSCJAG00000081871,
ENSCJAG00000017354,WFS1
ENSCJAG00000013379,PSMD1
ENSCJAG00000017739,MTRF1
ENSCJAG00000078125,
ENSCJAG00000020750,HCK
ENSCJAG00000001652,MRPL12
ENSCJAG00000003653,TULP4
ENSCJAG00000082458,CDC25C
ENSCJAG00000083651,
ENSCJAG00000074973,5S_rRNA
ENSCJAG00000000835,GABRR2
ENSCJAG00000011684,RHAG
ENSCJAG00000020898,FUCA1
ENSCJAG00000071817,
ENSCJAG00000075439,
ENSCJAG00000001659,SLC25A10
ENSCJAG00000074910,
ENSCJAG00000027058,
ENSCJAG00000042247,MRPS18C
ENSCJAG00000007747,DHFR
ENSCJAG00000041296,Metazoa_SRP
ENSCJAG00000072954,Metazoa_SRP
ENSCJAG00000013998,MSI2
ENSCJAG00000068109,
ENSCJAG00000072148,U6
ENSCJAG00000055933,
ENSCJAG00000004216,SGO2
ENSCJAG00000071740,Metazoa_SRP
ENSCJAG00000041018,RNF227
ENSCJAG00000079656,
ENSCJAG00000001058,TOP3A
ENSCJAG00000002487,PEX10
ENSCJAG00000033442,CNR2
ENSCJAG00000082069,
ENSCJAG00000076147,
ENSCJAG00000061356,
ENSCJAG00000047518,LFNG
ENSCJAG00000085526,
ENSCJAG00000074931,
ENSCJAG00000079703,
ENSCJAG00000048646,FAM53C
ENSCJAG00000057249,cja-mir-9940
ENSCJAG00000080464,Metazoa_SRP
ENSCJAG00000066245,
ENSCJAG00000074252,U6
ENSCJAG00000080935,Y_RNA
ENSCJAG00000020759,CCM2L
ENSCJAG00000073843,Y_RNA
ENSCJAG00000072819,Metazoa_SRP
ENSCJAG00000067749,cja-mir-9951
ENSCJAG00000014760,KCNAB3
ENSCJAG00000018731,
ENSCJAG00000079632,
ENSCJAG00000015916,WHAMM
ENSCJAG00000075513,
ENSCJAG00000080736,SNORA38
ENSCJAG00000042708,
ENSCJAG00000001062,SMCR8
ENSCJAG00000006510,KDM3B
ENSCJAG00000085389,
ENSCJAG00000002966,GCGR
ENSCJAG00000014183,RECQL5
ENSCJAG00000082646,
ENSCJAG00000012590,LDB2
ENSCJAG00000074386,
ENSCJAG00000017696,NAA16
ENSCJAG00000072023,TRAPPC1
ENSCJAG00000065754,LIAT1
ENSCJAG00000080243,CBLN4
ENSCJAG00000000850,UBE2J1
ENSCJAG00000070708,
ENSCJAG00000072381,Y_RNA
ENSCJAG00000047298,CRISP2
ENSCJAG00000006264,CSRNP3
ENSCJAG00000013701,ITGB1
ENSCJAG00000013503,HTR2B
ENSCJAG00000037519,Metazoa_SRP
ENSCJAG00000025655,U1
ENSCJAG00000062992,
ENSCJAG00000086854,
ENSCJAG00000001063,SHMT1
ENSCJAG00000020766,PDRG1
ENSCJAG00000076017,Metazoa_SRP
ENSCJAG00000014727,CNTROB
ENSCJAG00000018737,RPH3AL
ENSCJAG00000032441,GRIFIN
ENSCJAG00000007586,ARHGEF10L
ENSCJAG00000053116,U2
ENSCJAG00000069825,
ENSCJAG00000085604,
ENSCJAG00000074395,SMIM5
ENSCJAG00000086906,
ENSCJAG00000002498,PLCH2
ENSCJAG00000086577,
ENSCJAG00000011249,MC3R
ENSCJAG00000005247,HELQ
ENSCJAG00000077362,
ENSCJAG00000044116,SRSF10
ENSCJAG00000001423,CHST12
ENSCJAG00000052484,SMIM6
ENSCJAG00000076321,U1
ENSCJAG00000002181,ADAMTS7
ENSCJAG00000003019,BAG6
ENSCJAG00000002261,RRAGD
ENSCJAG00000006743,REEP2
ENSCJAG00000066310,
ENSCJAG00000082306,Metazoa_SRP
ENSCJAG00000021570,EPS15
ENSCJAG00000015884,HOMER2
ENSCJAG00000069425,U3
ENSCJAG00000002959,FAM195B
ENSCJAG00000014688,GUCY2D
ENSCJAG00000041865,FAM210B
ENSCJAG00000004230,AOX1
ENSCJAG00000022394,PGK2
ENSCJAG00000046069,
ENSCJAG00000040180,DOC2B
ENSCJAG00000037919,ARMC9
ENSCJAG00000019389,EPM2A
ENSCJAG00000070207,
ENSCJAG00000046370,Metazoa_SRP
ENSCJAG00000011614,CRISP1
ENSCJAG00000012541,TAPT1
ENSCJAG00000001442,EIF3B
ENSCJAG00000085881,
ENSCJAG00000046319,Metazoa_SRP
ENSCJAG00000083604,Metazoa_SRP
ENSCJAG00000062598,
ENSCJAG00000073836,Metazoa_SRP
ENSCJAG00000002956,PPP1R27
ENSCJAG00000083405,Metazoa_SRP
ENSCJAG00000064846,EGR1
ENSCJAG00000070324,
ENSCJAG00000034201,U3
ENSCJAG00000056005,U4
ENSCJAG00000011266,AURKA
ENSCJAG00000071116,Metazoa_SRP
ENSCJAG00000014157,SAP30BP
ENSCJAG00000077335,
ENSCJAG00000073178,
ENSCJAG00000011612,
ENSCJAG00000059699,
ENSCJAG00000031869,U6
ENSCJAG00000013990,AKAP1
ENSCJAG00000035913,Metazoa_SRP
ENSCJAG00000014652,ALOX12B
ENSCJAG00000011608,DEFB114
ENSCJAG00000083892,
ENSCJAG00000075856,
ENSCJAG00000020768,TTLL9
ENSCJAG00000006776,ETF1
ENSCJAG00000086354,
ENSCJAG00000071433,Metazoa_SRP
ENSCJAG00000053669,Metazoa_SRP
ENSCJAG00000017692,RGCC
ENSCJAG00000079104,
ENSCJAG00000019390,FBXO30
ENSCJAG00000011605,DEFB113
ENSCJAG00000011281,CSTF1
ENSCJAG00000062822,
ENSCJAG00000047353,TMEM181
ENSCJAG00000000878,ANKRD6
ENSCJAG00000017336,PPP2R2C
ENSCJAG00000052178,
ENSCJAG00000086251,FAM103A1
ENSCJAG00000084113,
ENSCJAG00000001091,PRPSAP2
ENSCJAG00000076216,DEFB110
ENSCJAG00000048685,MEIKIN
ENSCJAG00000076285,Metazoa_SRP
ENSCJAG00000057743,
ENSCJAG00000083512,Metazoa_SRP
ENSCJAG00000072282,
ENSCJAG00000013533,B3GNT7
ENSCJAG00000002940,P4HB
ENSCJAG00000052292,DEFB112
ENSCJAG00000058945,
ENSCJAG00000006643,HSPA9
ENSCJAG00000005521,PARD3B
ENSCJAG00000075986,Metazoa_SRP
ENSCJAG00000073554,Metazoa_SRP
ENSCJAG00000002520,PANK4
ENSCJAG00000015877,C6H15orf40
ENSCJAG00000003011,APOM
ENSCJAG00000073388,
ENSCJAG00000077634,DYNLT1
ENSCJAG00000013972,SCPEP1
ENSCJAG00000019395,SHPRH
ENSCJAG00000080718,
ENSCJAG00000047846,FBXO44
ENSCJAG00000020880,MYOM3
ENSCJAG00000078520,
ENSCJAG00000014599,ALOXE3
ENSCJAG00000083434,
ENSCJAG00000006141,SCN2A
ENSCJAG00000079205,U7
ENSCJAG00000059297,SNORD63
ENSCJAG00000070736,
ENSCJAG00000002549,HES5
ENSCJAG00000035521,Metazoa_SRP
ENSCJAG00000085105,
ENSCJAG00000059505,SNORD63
ENSCJAG00000078972,
ENSCJAG00000046579,Y_RNA
ENSCJAG00000081659,U6
ENSCJAG00000014616,FNIP1
ENSCJAG00000037637,Metazoa_SRP
ENSCJAG00000026149,U6
ENSCJAG00000013250,FBXO6
ENSCJAG00000070106,Y_RNA
ENSCJAG00000071713,
ENSCJAG00000040688,C6orf47
ENSCJAG00000038226,Metazoa_SRP
ENSCJAG00000006779,UBR3
ENSCJAG00000046641,
ENSCJAG00000034906,U6
ENSCJAG00000005194,HPSE
ENSCJAG00000082126,Metazoa_SRP
ENSCJAG00000067461,
ENSCJAG00000003730,SYTL3
ENSCJAG00000013538,NCL
ENSCJAG00000002555,TNFRSF14
ENSCJAG00000073474,
ENSCJAG00000013267,MAD2L2
ENSCJAG00000083105,BTBD1
ENSCJAG00000071627,
ENSCJAG00000003002,GPANK1
ENSCJAG00000082703,U4
ENSCJAG00000073794,
ENSCJAG00000073076,Metazoa_SRP
ENSCJAG00000036700,Metazoa_SRP
ENSCJAG00000086995,
ENSCJAG00000051373,Y_RNA
ENSCJAG00000038925,
ENSCJAG00000066797,Metazoa_SRP
ENSCJAG00000012523,PROM1
ENSCJAG00000076400,Metazoa_SRP
ENSCJAG00000068951,
ENSCJAG00000001107,SLC5A10
ENSCJAG00000047620,ARHGDIA
ENSCJAG00000083090,
ENSCJAG00000071526,
ENSCJAG00000013960,COIL
ENSCJAG00000023599,U1
ENSCJAG00000033419,
ENSCJAG00000013304,DRAXIN
ENSCJAG00000014116,ITGB4
ENSCJAG00000078657,Metazoa_SRP
ENSCJAG00000083406,
ENSCJAG00000084759,
ENSCJAG00000028445,SNORA75
ENSCJAG00000002562,PRXL2B
ENSCJAG00000082187,Metazoa_SRP
ENSCJAG00000002996,CSNK2B
ENSCJAG00000059576,U7
ENSCJAG00000058335,SNORD20
ENSCJAG00000014589,HES7
ENSCJAG00000019434,GRM1
ENSCJAG00000081620,
ENSCJAG00000053040,
ENSCJAG00000069430,SNORD82
ENSCJAG00000075767,
ENSCJAG00000011580,TFAP2D
ENSCJAG00000069382,U2
ENSCJAG00000017682,VWA8
ENSCJAG00000011299,CASS4
ENSCJAG00000020772,DUSP15
ENSCJAG00000001155,FAM83G
ENSCJAG00000039942,ALYREF
ENSCJAG00000070417,NMUR1
ENSCJAG00000043027,Metazoa_SRP
ENSCJAG00000081310,
ENSCJAG00000003763,EZR
ENSCJAG00000015800,TM6SF1
ENSCJAG00000040243,LY6G5B
ENSCJAG00000013600,
ENSCJAG00000070502,
ENSCJAG00000005180,COQ2
ENSCJAG00000084257,Metazoa_SRP
ENSCJAG00000069058,RAB32
ENSCJAG00000001163,
ENSCJAG00000013319,AGTRAP
ENSCJAG00000082420,U6
ENSCJAG00000040069,Metazoa_SRP
ENSCJAG00000075265,TRIM25
ENSCJAG00000078172,Metazoa_SRP
ENSCJAG00000014556,PER1
ENSCJAG00000082159,Metazoa_SRP
ENSCJAG00000013753,NRP1
ENSCJAG00000087043,ANAPC11
ENSCJAG00000002989,LY6G5C
ENSCJAG00000043584,Metazoa_SRP
ENSCJAG00000069596,Metazoa_SRP
ENSCJAG00000073237,
ENSCJAG00000034193,U1
ENSCJAG00000023288,FOXS1
ENSCJAG00000071683,
ENSCJAG00000014102,GALK1
ENSCJAG00000073152,U3
ENSCJAG00000018299,NPB
ENSCJAG00000011561,TFAP2B
ENSCJAG00000020877,IL22RA1
ENSCJAG00000064654,Y_RNA
ENSCJAG00000015775,HDGFL3
ENSCJAG00000020773,MYLK2
ENSCJAG00000019454,ADGB
ENSCJAG00000072222,
ENSCJAG00000078644,Metazoa_SRP
ENSCJAG00000006820,CTNNA1
ENSCJAG00000013611,PTMA
ENSCJAG00000047099,
ENSCJAG00000077410,Metazoa_SRP
ENSCJAG00000072900,
ENSCJAG00000002584,MMEL1
ENSCJAG00000071144,
ENSCJAG00000071955,Metazoa_SRP
ENSCJAG00000084188,Metazoa_SRP
ENSCJAG00000074920,U6
ENSCJAG00000077661,Metazoa_SRP
ENSCJAG00000002906,ABHD16A
ENSCJAG00000037447,Metazoa_SRP
ENSCJAG00000072029,Metazoa_SRP
ENSCJAG00000014540,VAMP2
ENSCJAG00000048190,U4
ENSCJAG00000009388,AKAP13
ENSCJAG00000000640,
ENSCJAG00000018279,PCYT2
ENSCJAG00000011308,RTF2
ENSCJAG00000020867,IFNLR1
ENSCJAG00000040895,H3F3A
ENSCJAG00000020774,TPX2
ENSCJAG00000071736,U6
ENSCJAG00000021574,OSBPL9
ENSCJAG00000013615,PDE6D
ENSCJAG00000026077,U8
ENSCJAG00000068263,PLAC8
ENSCJAG00000011581,RSPH3
ENSCJAG00000006101,SCN3A
ENSCJAG00000058567,U6
ENSCJAG00000013334,MTHFR
ENSCJAG00000085166,
ENSCJAG00000001201,EPN2
ENSCJAG00000075421,
ENSCJAG00000014433,RAPGEF6
ENSCJAG00000004267,BZW1
ENSCJAG00000013909,DGKE
ENSCJAG00000086192,
ENSCJAG00000073058,Metazoa_SRP
ENSCJAG00000015761,BNC1
ENSCJAG00000059266,
ENSCJAG00000084432,Metazoa_SRP
ENSCJAG00000045693,LY6G6F
ENSCJAG00000084867,
ENSCJAG00000070603,
ENSCJAG00000011336,GCNT7
ENSCJAG00000014534,TMEM107
ENSCJAG00000011616,TAGAP
ENSCJAG00000078173,
ENSCJAG00000040209,LRRTM2
ENSCJAG00000045590,Metazoa_SRP
ENSCJAG00000070316,U6
ENSCJAG00000020780,BCL2L1
ENSCJAG00000081164,Metazoa_SRP
ENSCJAG00000014056,UNK
ENSCJAG00000011338,FAM209B
ENSCJAG00000081647,
ENSCJAG00000085973,
ENSCJAG00000073455,
ENSCJAG00000018273,SIRT7
ENSCJAG00000078811,
ENSCJAG00000079105,
ENSCJAG00000084292,Metazoa_SRP
ENSCJAG00000029251,
ENSCJAG00000053728,
ENSCJAG00000023107,BORCS6
ENSCJAG00000075440,Metazoa_SRP
ENSCJAG00000026308,U6
ENSCJAG00000073717,
ENSCJAG00000005067,COPS4
ENSCJAG00000013630,COPS7B
ENSCJAG00000045771,COX4I2
ENSCJAG00000006861,SIL1
ENSCJAG00000043213,
ENSCJAG00000011622,FNDC1
ENSCJAG00000011343,TFAP2C
ENSCJAG00000078585,Metazoa_SRP
ENSCJAG00000074899,
ENSCJAG00000068207,U6
ENSCJAG00000044627,Metazoa_SRP
ENSCJAG00000070523,Metazoa_SRP
ENSCJAG00000037887,C17orf67
ENSCJAG00000072152,FGFBP2
ENSCJAG00000018272,MAFG
ENSCJAG00000013347,CLCN6
ENSCJAG00000078855,Metazoa_SRP
ENSCJAG00000085635,ID1
ENSCJAG00000029272,U4
ENSCJAG00000013669,NPPC
ENSCJAG00000012518,FGFBP1
ENSCJAG00000068913,Metazoa_SRP
ENSCJAG00000006777,METTL5
ENSCJAG00000015677,AURKB
ENSCJAG00000072803,Metazoa_SRP
ENSCJAG00000086390,U6
ENSCJAG00000082190,U6
ENSCJAG00000075835,
ENSCJAG00000013903,NOG
ENSCJAG00000004190,MAN2B2
ENSCJAG00000084390,Metazoa_SRP
ENSCJAG00000013674,DIS3L2
ENSCJAG00000011434,PKHD1
ENSCJAG00000012505,CD38
ENSCJAG00000013443,NPPA
ENSCJAG00000011664,SOD2
ENSCJAG00000002843,MPIG6B
ENSCJAG00000001232,B9D1
ENSCJAG00000077101,U6
ENSCJAG00000077776,Metazoa_SRP
ENSCJAG00000076429,MRFAP1
ENSCJAG00000082296,
ENSCJAG00000070182,U6
ENSCJAG00000083759,
ENSCJAG00000079713,U7
ENSCJAG00000002648,TTC34
ENSCJAG00000072327,Metazoa_SRP
ENSCJAG00000013447,NPPB
ENSCJAG00000080647,SNRPD2
ENSCJAG00000022014,MRFAP1L2
ENSCJAG00000018243,PYCR1
ENSCJAG00000019476,STXBP5
ENSCJAG00000006888,MATR3
ENSCJAG00000084224,
ENSCJAG00000083417,
ENSCJAG00000079350,Metazoa_SRP
ENSCJAG00000048330,FAM200B
ENSCJAG00000066029,
ENSCJAG00000004319,CLK1
ENSCJAG00000055083,S100P
ENSCJAG00000048651,Metazoa_SRP
ENSCJAG00000081008,U6
ENSCJAG00000020788,HM13
ENSCJAG00000045073,SSB
ENSCJAG00000042324,Metazoa_SRP
ENSCJAG00000073867,Metazoa_SRP
ENSCJAG00000028288,
ENSCJAG00000077520,U5
ENSCJAG00000082775,
ENSCJAG00000000907,MDN1
ENSCJAG00000005110,LIN54
ENSCJAG00000030728,cja-mir-206
ENSCJAG00000082845,MRFAP1L1
ENSCJAG00000078607,Metazoa_SRP
ENSCJAG00000014002,UNC13D
ENSCJAG00000046262,cja-mir-133b
ENSCJAG00000079544,
ENSCJAG00000011229,ANKFN1
ENSCJAG00000033540,BLOC1S4
ENSCJAG00000053877,
ENSCJAG00000047928,KIAA2013
ENSCJAG00000020858,GRHL3
ENSCJAG00000011432,IL17A
ENSCJAG00000055425,
ENSCJAG00000028214,SNORA74
ENSCJAG00000077414,
ENSCJAG00000013693,ALPP
ENSCJAG00000082743,
ENSCJAG00000070631,Metazoa_SRP
ENSCJAG00000011722,WTAP
ENSCJAG00000076749,
ENSCJAG00000002898,
ENSCJAG00000057441,
ENSCJAG00000074007,
ENSCJAG00000012393,FBXL5
ENSCJAG00000082563,Y_RNA
ENSCJAG00000074966,
ENSCJAG00000057270,
ENSCJAG00000013459,PLOD1
ENSCJAG00000014494,CTC1
ENSCJAG00000021578,NRDC
ENSCJAG00000053870,LY6G6C
ENSCJAG00000070022,
ENSCJAG00000006982,PAIP2
ENSCJAG00000047053,MYADML2
ENSCJAG00000006681,PHOSPHO2-KLHL23
ENSCJAG00000001284,MFAP4
ENSCJAG00000043579,IL17F
ENSCJAG00000013702,ALPI
ENSCJAG00000071641,
ENSCJAG00000083266,U5
ENSCJAG00000022478,ACTRT2
ENSCJAG00000076392,Metazoa_SRP
ENSCJAG00000037335,PHOSPHO2
ENSCJAG00000036337,Metazoa_SRP
ENSCJAG00000015699,ADAMTSL3
ENSCJAG00000006997,SLC23A1
ENSCJAG00000047901,
ENSCJAG00000002823,DDAH2
ENSCJAG00000006068,SLC38A11
ENSCJAG00000086523,U5
ENSCJAG00000041811,PPIL3
ENSCJAG00000081525,CCDC173
ENSCJAG00000081282,
ENSCJAG00000011777,ACAT2
ENSCJAG00000073892,U6
ENSCJAG00000071936,Metazoa_SRP
ENSCJAG00000018236,NOTUM
ENSCJAG00000028467,cja-mir-761
ENSCJAG00000007055,MZB1
ENSCJAG00000073427,U4
ENSCJAG00000086646,
ENSCJAG00000013814,PARD3
ENSCJAG00000013494,MFN2
ENSCJAG00000004174,KIAA0232
ENSCJAG00000064179,Y_RNA
ENSCJAG00000080804,
ENSCJAG00000071774,U6
ENSCJAG00000020805,REM1
ENSCJAG00000040085,PROB1
ENSCJAG00000013711,ECEL1
ENSCJAG00000072117,U6
ENSCJAG00000082515,Metazoa_SRP
ENSCJAG00000042359,U4
ENSCJAG00000011246,PCTP
ENSCJAG00000077107,U4
ENSCJAG00000002788,CLIC1
ENSCJAG00000001277,MAPK7
ENSCJAG00000077958,Metazoa_SRP
ENSCJAG00000058648,CDC42SE2
ENSCJAG00000011792,TCP1
ENSCJAG00000011389,MCM3
ENSCJAG00000069779,U6
ENSCJAG00000005095,THAP9
ENSCJAG00000061183,
ENSCJAG00000087320,Y_RNA
ENSCJAG00000014431,PFAS
ENSCJAG00000002653,PRDM16
ENSCJAG00000052049,DEFB124
ENSCJAG00000079142,
ENSCJAG00000086054,
ENSCJAG00000043418,TMEM100
ENSCJAG00000007068,SPATA24
ENSCJAG00000078666,SNORA20
ENSCJAG00000006612,PPIG
ENSCJAG00000004400,NIF3L1
ENSCJAG00000080488,
ENSCJAG00000028195,SNORA29
ENSCJAG00000021580,RAB3B
ENSCJAG00000012270,CC2D2A
ENSCJAG00000056252,Metazoa_SRP
ENSCJAG00000075148,
ENSCJAG00000047887,PRSS56
ENSCJAG00000017656,DGKH
ENSCJAG00000011859,MRPL18
ENSCJAG00000071932,DEFB123
ENSCJAG00000077962,Metazoa_SRP
ENSCJAG00000075930,
ENSCJAG00000037997,Metazoa_SRP
ENSCJAG00000013541,MIIP
ENSCJAG00000001293,RNF112
ENSCJAG00000075147,
ENSCJAG00000083228,Metazoa_SRP
ENSCJAG00000018216,ASPSCR1
ENSCJAG00000020811,DEFB121
ENSCJAG00000036166,Metazoa_SRP
ENSCJAG00000002698,MSH5
ENSCJAG00000082350,
ENSCJAG00000037105,Y_RNA
ENSCJAG00000021737,
ENSCJAG00000046384,LYRM7
ENSCJAG00000014422,RANGRF
ENSCJAG00000042703,DNAJC18
ENSCJAG00000011865,PNLDC1
ENSCJAG00000074824,SMIM36
ENSCJAG00000045187,Metazoa_SRP
ENSCJAG00000086756,DEFB119
ENSCJAG00000013756,CHRND
ENSCJAG00000007579,ACTL8
ENSCJAG00000072477,U5
ENSCJAG00000043298,
ENSCJAG00000083530,Metazoa_SRP
ENSCJAG00000080533,
ENSCJAG00000013559,TNFRSF8
ENSCJAG00000002662,ARHGEF16
ENSCJAG00000071374,
ENSCJAG00000037619,WBP2
ENSCJAG00000042133,DEFB118
ENSCJAG00000080195,
ENSCJAG00000007559,IGSF21
ENSCJAG00000041195,ECSCR
ENSCJAG00000004156,TBC1D14
ENSCJAG00000011379,PAQR8
ENSCJAG00000048045,MMD
ENSCJAG00000014416,SLC25A35
ENSCJAG00000048116,DEFB116
ENSCJAG00000047325,KLHDC7A
ENSCJAG00000013767,CHRNG
ENSCJAG00000039897,TXNDC12
ENSCJAG00000081097,
ENSCJAG00000046852,HINT1
ENSCJAG00000071288,Metazoa_SRP
ENSCJAG00000033252,U6
ENSCJAG00000069457,
ENSCJAG00000083889,
ENSCJAG00000016897,SMIM33
ENSCJAG00000072625,Metazoa_SRP
ENSCJAG00000084561,
ENSCJAG00000083854,5S_rRNA
ENSCJAG00000004465,ORC2
ENSCJAG00000080139,U6
ENSCJAG00000078180,
ENSCJAG00000081420,U6
ENSCJAG00000013785,TIGD1
ENSCJAG00000044053,U7
ENSCJAG00000080793,
ENSCJAG00000046033,STRA13
ENSCJAG00000013571,TNFRSF1B
ENSCJAG00000002676,MEGF6
ENSCJAG00000027862,U4
ENSCJAG00000079565,
ENSCJAG00000004152,CCDC96
ENSCJAG00000021976,KLHL25
ENSCJAG00000040926,Metazoa_SRP
ENSCJAG00000071551,
ENSCJAG00000011346,EFHC1
ENSCJAG00000075637,DEFB128
ENSCJAG00000019330,CHSY3
ENSCJAG00000007521,PAX7
ENSCJAG00000016886,STING1
ENSCJAG00000004932,TADA2B
ENSCJAG00000071802,
ENSCJAG00000014397,ARHGEF15
ENSCJAG00000084009,
ENSCJAG00000076485,
ENSCJAG00000059501,
ENSCJAG00000061174,HLF
ENSCJAG00000020824,DEFB129
ENSCJAG00000020857,STPG1
ENSCJAG00000019536,SAMD5
ENSCJAG00000040936,GRPEL1
ENSCJAG00000063619,
ENSCJAG00000019327,MINAR2
ENSCJAG00000021582,
ENSCJAG00000047713,
ENSCJAG00000042253,SAPCD1
ENSCJAG00000071834,
ENSCJAG00000081247,
ENSCJAG00000085967,
ENSCJAG00000067142,Metazoa_SRP
ENSCJAG00000061247,Metazoa_SRP
ENSCJAG00000006566,FASTKD1
ENSCJAG00000085822,
ENSCJAG00000006065,COBLL1
ENSCJAG00000002752,TPRG1L
ENSCJAG00000074311,
ENSCJAG00000076389,U4
ENSCJAG00000077223,
ENSCJAG00000076771,
ENSCJAG00000013786,EIF4E2
ENSCJAG00000048674,Metazoa_SRP
ENSCJAG00000065812,
ENSCJAG00000076919,Metazoa_SRP
ENSCJAG00000017644,AKAP11
ENSCJAG00000019311,ADAMTS19
ENSCJAG00000080687,Y_RNA
ENSCJAG00000084851,
ENSCJAG00000020829,C20orf96
ENSCJAG00000043388,
ENSCJAG00000002757,WRAP73
ENSCJAG00000076910,
ENSCJAG00000073059,
ENSCJAG00000045484,Metazoa_SRP
ENSCJAG00000063692,UBE2D2
ENSCJAG00000076777,U6
ENSCJAG00000014384,KRBA2
ENSCJAG00000071775,
ENSCJAG00000082142,Metazoa_SRP
ENSCJAG00000058823,
ENSCJAG00000078440,5S_rRNA
ENSCJAG00000085443,
ENSCJAG00000041960,Metazoa_SRP
ENSCJAG00000007516,TAS1R2
ENSCJAG00000004799,SEC31A
ENSCJAG00000011311,STXBP4
ENSCJAG00000058446,U3
ENSCJAG00000001307,SLC47A1
ENSCJAG00000061912,EFHD1
ENSCJAG00000014372,
ENSCJAG00000020848,NIPAL3
ENSCJAG00000058721,U3
ENSCJAG00000040580,SOX12
ENSCJAG00000080023,C1QTNF7
ENSCJAG00000001022,SORCS2
ENSCJAG00000079522,
ENSCJAG00000054151,
ENSCJAG00000004496,NDUFB3
ENSCJAG00000068334,U6
ENSCJAG00000044900,Metazoa_SRP
ENSCJAG00000021583,ZYG11B
ENSCJAG00000044741,cja-mir-4460
ENSCJAG00000023106,RNF222
ENSCJAG00000057172,
ENSCJAG00000040537,Metazoa_SRP
ENSCJAG00000051686,
ENSCJAG00000080174,
ENSCJAG00000070161,
ENSCJAG00000020843,NRSN2
ENSCJAG00000016877,CXXC5
ENSCJAG00000061400,
ENSCJAG00000034204,U6
ENSCJAG00000002773,TP73
ENSCJAG00000072205,
ENSCJAG00000076262,
ENSCJAG00000044836,NXT1
ENSCJAG00000070190,
ENSCJAG00000071937,
ENSCJAG00000040542,KLHL41
ENSCJAG00000081546,
ENSCJAG00000079089,
ENSCJAG00000064547,
ENSCJAG00000082710,
ENSCJAG00000072427,
ENSCJAG00000007183,ALDH4A1
ENSCJAG00000072919,U6
ENSCJAG00000078889,
ENSCJAG00000002647,VWA7
ENSCJAG00000075195,
ENSCJAG00000005577,NRP2
ENSCJAG00000011908,IGF2R
ENSCJAG00000086526,U6
ENSCJAG00000073880,
ENSCJAG00000013816,GIGYF2
ENSCJAG00000020844,TRIB3
ENSCJAG00000083138,TNFSF11
ENSCJAG00000079439,
ENSCJAG00000037189,U4
ENSCJAG00000000733,GZF1
ENSCJAG00000011314,TRAM2
ENSCJAG00000083252,
ENSCJAG00000061117,
ENSCJAG00000062415,SAXO2
ENSCJAG00000018201,LRRC45
ENSCJAG00000076292,Y_RNA
ENSCJAG00000058074,
ENSCJAG00000004505,CFLAR
ENSCJAG00000021584,
ENSCJAG00000039896,Metazoa_SRP
ENSCJAG00000079498,FAM216B
ENSCJAG00000073580,5S_rRNA
ENSCJAG00000072958,U7
ENSCJAG00000085516,Metazoa_SRP
ENSCJAG00000072225,
ENSCJAG00000063407,PSAPL1
ENSCJAG00000021585,SHISAL2A
ENSCJAG00000086490,Metazoa_SRP
ENSCJAG00000051703,
ENSCJAG00000082603,
ENSCJAG00000080476,5S_rRNA
ENSCJAG00000077332,Metazoa_SRP
ENSCJAG00000017594,EPSTI1
ENSCJAG00000073365,
ENSCJAG00000079979,Metazoa_SRP
ENSCJAG00000082568,RPSA
ENSCJAG00000086077,
ENSCJAG00000069604,Metazoa_SRP
ENSCJAG00000016848,PSD2
ENSCJAG00000038237,Metazoa_SRP
ENSCJAG00000054201,GPX7
ENSCJAG00000075961,
ENSCJAG00000054223,U7
ENSCJAG00000038767,CPEB2
ENSCJAG00000020838,RCAN3
ENSCJAG00000002791,CCDC27
ENSCJAG00000014341,NDEL1
ENSCJAG00000058618,U6
ENSCJAG00000055490,KCNJ13
ENSCJAG00000071646,
ENSCJAG00000081975,
ENSCJAG00000000712,NAPB
ENSCJAG00000029980,U6
ENSCJAG00000070243,
ENSCJAG00000073807,Metazoa_SRP
ENSCJAG00000070648,Metazoa_SRP
ENSCJAG00000025121,U6
ENSCJAG00000007173,IFFO2
ENSCJAG00000080383,U6
ENSCJAG00000011309,TMEM14A
ENSCJAG00000011341,COX11
ENSCJAG00000055839,U2
ENSCJAG00000084998,Metazoa_SRP
ENSCJAG00000077448,
ENSCJAG00000067927,Y_RNA
ENSCJAG00000012794,NMRK1
ENSCJAG00000084016,U4
ENSCJAG00000015607,EFL1
ENSCJAG00000013948,SNORC
ENSCJAG00000045767,
ENSCJAG00000002604,VARS1
ENSCJAG00000042100,NCMAP
ENSCJAG00000002323,MACF1
ENSCJAG00000072945,
ENSCJAG00000071035,Metazoa_SRP
ENSCJAG00000001034,AFAP1
ENSCJAG00000082815,
ENSCJAG00000072875,SMIM1
ENSCJAG00000042041,Y_RNA
ENSCJAG00000020846,RBCK1
ENSCJAG00000077624,U4
ENSCJAG00000041540,CSTL1
ENSCJAG00000018194,RAC3
ENSCJAG00000005682,INO80D
ENSCJAG00000025497,SNORA70
ENSCJAG00000066217,
ENSCJAG00000080392,CST11
ENSCJAG00000071289,
ENSCJAG00000004540,CASP10
ENSCJAG00000021588,ZCCHC11
ENSCJAG00000013953,NGEF
ENSCJAG00000042294,Y_RNA
ENSCJAG00000086375,
ENSCJAG00000002819,LRRC47
ENSCJAG00000048198,DCXR
ENSCJAG00000014005,CUL2
ENSCJAG00000020822,SRRM1
ENSCJAG00000083804,U6
ENSCJAG00000074540,
ENSCJAG00000074097,
ENSCJAG00000075047,Y_RNA
ENSCJAG00000076853,
ENSCJAG00000078140,Metazoa_SRP
ENSCJAG00000012806,
ENSCJAG00000011347,TOM1L1
ENSCJAG00000006031,GRB14
ENSCJAG00000070144,U1
ENSCJAG00000018159,RFNG
ENSCJAG00000060605,
ENSCJAG00000000697,CST8
ENSCJAG00000057332,
ENSCJAG00000085371,
ENSCJAG00000013977,NEU2
ENSCJAG00000075750,U1
ENSCJAG00000083974,
ENSCJAG00000055912,
ENSCJAG00000079103,
ENSCJAG00000012808,OSTF1
ENSCJAG00000008043,MEX3B
ENSCJAG00000034823,
ENSCJAG00000011685,ALDH3A2
ENSCJAG00000078884,
ENSCJAG00000039482,CLIC4
ENSCJAG00000013979,INPP5D
ENSCJAG00000048649,Metazoa_SRP
ENSCJAG00000081267,
ENSCJAG00000070167,
ENSCJAG00000018123,GPS1
ENSCJAG00000077641,Y_RNA
ENSCJAG00000017557,ENOX1
ENSCJAG00000022058,
ENSCJAG00000011268,GSTA4
ENSCJAG00000002820,CEP104
ENSCJAG00000075413,U6
ENSCJAG00000082098,U6
ENSCJAG00000013580,VPS13D
ENSCJAG00000044708,FIGN
ENSCJAG00000072223,
ENSCJAG00000004551,CASP8
ENSCJAG00000084681,CST9
ENSCJAG00000059393,Y_RNA
ENSCJAG00000080887,LSM2
ENSCJAG00000067898,
ENSCJAG00000079913,
ENSCJAG00000079579,Metazoa_SRP
ENSCJAG00000073876,
ENSCJAG00000014308,MYH10
ENSCJAG00000053410,
ENSCJAG00000073024,Metazoa_SRP
ENSCJAG00000071821,Metazoa_SRP
ENSCJAG00000059826,
ENSCJAG00000086878,
ENSCJAG00000072307,
ENSCJAG00000081949,
ENSCJAG00000051907,
ENSCJAG00000076959,
ENSCJAG00000071084,
ENSCJAG00000082221,
ENSCJAG00000070924,Metazoa_SRP
ENSCJAG00000077193,RUNX3
ENSCJAG00000039993,PCDHB6
ENSCJAG00000020847,TBC1D20
ENSCJAG00000076069,
ENSCJAG00000039800,
ENSCJAG00000005725,NDUFS1
ENSCJAG00000074465,
ENSCJAG00000062668,Metazoa_SRP
ENSCJAG00000011214,CILK1
ENSCJAG00000036809,CST3
ENSCJAG00000021594,PRPF38A
ENSCJAG00000013995,ATG16L1
ENSCJAG00000080951,
ENSCJAG00000081112,
ENSCJAG00000074522,Metazoa_SRP
ENSCJAG00000029015,U6
ENSCJAG00000046744,
ENSCJAG00000075938,
ENSCJAG00000073647,
ENSCJAG00000029684,Y_RNA
ENSCJAG00000018104,DUS1L
ENSCJAG00000041162,
ENSCJAG00000006886,UBR4
ENSCJAG00000051381,SNORD48
ENSCJAG00000077866,PCDHB7
ENSCJAG00000086013,
ENSCJAG00000072764,
ENSCJAG00000075186,
ENSCJAG00000004558,FLACC1
ENSCJAG00000057057,
ENSCJAG00000069291,SNORD52
ENSCJAG00000081311,Metazoa_SRP
ENSCJAG00000077047,U6
ENSCJAG00000072174,PCDHB8
ENSCJAG00000070847,
ENSCJAG00000078395,Metazoa_SRP
ENSCJAG00000064079,
ENSCJAG00000082423,
ENSCJAG00000007980,TMC3
ENSCJAG00000000676,
ENSCJAG00000069721,Y_RNA
ENSCJAG00000021595,ORC1
ENSCJAG00000036139,NEU1
ENSCJAG00000077002,
ENSCJAG00000016833,NRG2
ENSCJAG00000017551,CCDC122
ENSCJAG00000012166,BOD1L1
ENSCJAG00000058886,U2
ENSCJAG00000028540,
ENSCJAG00000046570,SYF2
ENSCJAG00000006425,KIF1A
ENSCJAG00000040074,
ENSCJAG00000083491,PCDHB9
ENSCJAG00000080117,Metazoa_SRP
ENSCJAG00000037422,CST5
ENSCJAG00000084663,Metazoa_SRP
ENSCJAG00000081692,STARD5
ENSCJAG00000084194,PCDHB10
ENSCJAG00000034378,U1
ENSCJAG00000017549,LACC1
ENSCJAG00000067348,
ENSCJAG00000034953,
ENSCJAG00000004568,TRAK2
ENSCJAG00000072256,
ENSCJAG00000012841,PCSK5
ENSCJAG00000014018,SAG
ENSCJAG00000074575,
ENSCJAG00000018568,RSRP1
ENSCJAG00000075757,PCDHB11
ENSCJAG00000073425,
ENSCJAG00000005062,
ENSCJAG00000002834,DFFB
ENSCJAG00000018059,FASN
ENSCJAG00000075037,
ENSCJAG00000044366,NKX3-2
ENSCJAG00000086660,
ENSCJAG00000085749,U5
ENSCJAG00000082793,
ENSCJAG00000078789,
ENSCJAG00000011748,SLC47A2
ENSCJAG00000015521,ACOT11
ENSCJAG00000073908,
ENSCJAG00000072988,
ENSCJAG00000005995,KCNH7
ENSCJAG00000084012,U7
ENSCJAG00000021596,CC2D1B
ENSCJAG00000072138,
ENSCJAG00000046278,SYNDIG1
ENSCJAG00000080089,PCDHB14
ENSCJAG00000020853,CSNK2A1
ENSCJAG00000017548,SMIM2
ENSCJAG00000042701,FBXO9
ENSCJAG00000056521,PCDHB15
ENSCJAG00000039485,SCD5
ENSCJAG00000044784,TMEM50A
ENSCJAG00000002493,SLC44A4
ENSCJAG00000047684,TAF7
ENSCJAG00000000992,CASP8AP2
ENSCJAG00000011392,CA10
ENSCJAG00000007856,IL16
ENSCJAG00000001053,ABLIM2
ENSCJAG00000081441,5S_rRNA
ENSCJAG00000042244,SLC25A2
ENSCJAG00000002869,C1orf174
ENSCJAG00000075831,SERP2
ENSCJAG00000086840,Metazoa_SRP
ENSCJAG00000066830,U6
ENSCJAG00000014066,CREM
ENSCJAG00000085161,APMAP
ENSCJAG00000035630,Metazoa_SRP
ENSCJAG00000014047,DGKD
ENSCJAG00000081174,TMEM150C
ENSCJAG00000009821,ITGA2B
ENSCJAG00000085976,
ENSCJAG00000012136,RAB28
ENSCJAG00000081934,
ENSCJAG00000004661,STRADB
ENSCJAG00000012056,SLC22A2
ENSCJAG00000048699,ENOPH1
ENSCJAG00000078472,
ENSCJAG00000043062,ERVFRD-1
ENSCJAG00000021597,ZFYVE9
ENSCJAG00000017416,
ENSCJAG00000087221,
ENSCJAG00000075712,
ENSCJAG00000055208,
ENSCJAG00000084949,Metazoa_SRP
ENSCJAG00000071687,
ENSCJAG00000078959,Metazoa_SRP
ENSCJAG00000018582,RHCE
ENSCJAG00000086179,
ENSCJAG00000085785,
ENSCJAG00000081064,
ENSCJAG00000071968,Metazoa_SRP
ENSCJAG00000085056,
ENSCJAG00000048473,CST7
ENSCJAG00000080966,
ENSCJAG00000039291,Metazoa_SRP
ENSCJAG00000012093,SLC22A3
ENSCJAG00000085467,U6
ENSCJAG00000084051,
ENSCJAG00000076014,U1
ENSCJAG00000070141,5S_rRNA
ENSCJAG00000085676,
ENSCJAG00000086127,
ENSCJAG00000035570,Metazoa_SRP
ENSCJAG00000018349,UTP18
ENSCJAG00000055403,U7
ENSCJAG00000071781,Metazoa_SRP
ENSCJAG00000085341,Metazoa_SRP
ENSCJAG00000015197,HNRNPDL
ENSCJAG00000040925,Metazoa_SRP
ENSCJAG00000079486,U7
ENSCJAG00000075642,Metazoa_SRP
ENSCJAG00000071381,Y_RNA
ENSCJAG00000070585,
ENSCJAG00000051885,
ENSCJAG00000036751,PCDHGA4
ENSCJAG00000018041,CCDC57
ENSCJAG00000052690,
ENSCJAG00000004698,C2CD6
ENSCJAG00000084360,
ENSCJAG00000045732,ELOVL2
ENSCJAG00000071928,Metazoa_SRP
ENSCJAG00000042501,TCF15
ENSCJAG00000067238,Y_RNA
ENSCJAG00000026490,AJAP1
ENSCJAG00000019808,TSC22D1
ENSCJAG00000086218,
ENSCJAG00000080472,U1
ENSCJAG00000075412,
ENSCJAG00000018625,MACO1
ENSCJAG00000013146,AGBL1
ENSCJAG00000076985,
ENSCJAG00000036559,Metazoa_SRP
ENSCJAG00000033466,U6
ENSCJAG00000082971,
ENSCJAG00000020869,SRXN1
ENSCJAG00000011784,ALDH3A1
ENSCJAG00000064287,
ENSCJAG00000012132,PLG
ENSCJAG00000066669,SNORD42
ENSCJAG00000005805,EEF1B2
ENSCJAG00000079175,GCM1
ENSCJAG00000071511,Metazoa_SRP
ENSCJAG00000020870,SCRT2
ENSCJAG00000086621,Y_RNA
ENSCJAG00000085091,
ENSCJAG00000009366,LDLRAP1
ENSCJAG00000084569,
ENSCJAG00000005993,GCA
ENSCJAG00000018255,CCDC42
ENSCJAG00000042603,SNORD51
ENSCJAG00000080180,U6
ENSCJAG00000075340,
ENSCJAG00000086415,
ENSCJAG00000012457,ZEB2
ENSCJAG00000018369,MBTD1
ENSCJAG00000024801,SNORA41
ENSCJAG00000085428,
ENSCJAG00000082959,
ENSCJAG00000080408,
ENSCJAG00000077852,CMKLR2
ENSCJAG00000027787,U6
ENSCJAG00000004369,ZYG11A
ENSCJAG00000067154,
ENSCJAG00000039363,Metazoa_SRP
ENSCJAG00000072832,
ENSCJAG00000015564,FAM151A
ENSCJAG00000077813,
ENSCJAG00000071450,
ENSCJAG00000071843,5S_rRNA
ENSCJAG00000014074,USP40
ENSCJAG00000052781,Metazoa_SRP
ENSCJAG00000011340,ZNF658
ENSCJAG00000015165,HNRNPD
ENSCJAG00000078059,
ENSCJAG00000082806,Metazoa_SRP
ENSCJAG00000074183,MFSD6L
ENSCJAG00000085569,
ENSCJAG00000082937,Metazoa_SRP
ENSCJAG00000055791,CFAP161
ENSCJAG00000070112,U6
ENSCJAG00000075098,Y_RNA
ENSCJAG00000078145,U6
ENSCJAG00000079037,
ENSCJAG00000087185,Y_RNA
ENSCJAG00000075761,
ENSCJAG00000071155,U6
ENSCJAG00000083242,U6
ENSCJAG00000079604,U6
ENSCJAG00000081562,Y_RNA
ENSCJAG00000085853,
ENSCJAG00000084439,
ENSCJAG00000073450,
ENSCJAG00000020873,SLC52A3
ENSCJAG00000072132,
ENSCJAG00000047468,PURA
ENSCJAG00000081751,
ENSCJAG00000042648,Metazoa_SRP
ENSCJAG00000043092,Metazoa_SRP
ENSCJAG00000076747,
ENSCJAG00000079920,Metazoa_SRP
ENSCJAG00000075625,Metazoa_SRP
ENSCJAG00000077387,
ENSCJAG00000070433,
ENSCJAG00000005025,SYCP2L
ENSCJAG00000079259,
ENSCJAG00000011837,ACSS1
ENSCJAG00000011119,ELOVL5
ENSCJAG00000085175,
ENSCJAG00000071261,
ENSCJAG00000043302,IGIP
ENSCJAG00000076077,
ENSCJAG00000018034,SLC16A3
ENSCJAG00000072129,U6
ENSCJAG00000073682,
ENSCJAG00000070093,
ENSCJAG00000004720,TMEM237
ENSCJAG00000009386,MAN1C1
ENSCJAG00000018268,PIK3R6
ENSCJAG00000086683,U6
ENSCJAG00000070699,
ENSCJAG00000005812,ZDBF2
ENSCJAG00000007611,FAM110A
ENSCJAG00000079715,
ENSCJAG00000067614,NME2
ENSCJAG00000035651,Metazoa_SRP
ENSCJAG00000083942,
ENSCJAG00000047318,CYSTM1
ENSCJAG00000075560,Metazoa_SRP
ENSCJAG00000007827,MESDC1
ENSCJAG00000013086,AARSD1
ENSCJAG00000020879,ANGPT4
ENSCJAG00000036201,Metazoa_SRP
ENSCJAG00000019195,NUFIP1
ENSCJAG00000078514,
ENSCJAG00000048641,MESD
ENSCJAG00000071138,
ENSCJAG00000004375,ECHDC2
ENSCJAG00000006824,EMC1
ENSCJAG00000076671,
ENSCJAG00000043672,PFDN1
ENSCJAG00000082713,U6
ENSCJAG00000020885,RSPO4
ENSCJAG00000015580,MROH7
ENSCJAG00000004536,
ENSCJAG00000082037,Metazoa_SRP
ENSCJAG00000084791,Metazoa_SRP
ENSCJAG00000017987,CSNK1D
ENSCJAG00000059456,Metazoa_SRP
ENSCJAG00000018276,PIK3R5
ENSCJAG00000019204,GPALPP1
ENSCJAG00000016803,HBEGF
ENSCJAG00000070693,U6
ENSCJAG00000020886,PSMF1
ENSCJAG00000018395,NME1
ENSCJAG00000011063,GCLC
ENSCJAG00000040406,SELENON
ENSCJAG00000037841,Metazoa_SRP
ENSCJAG00000005821,ADAM23
ENSCJAG00000039130,Metazoa_SRP
ENSCJAG00000001070,
ENSCJAG00000005956,IFIH1
ENSCJAG00000017973,DIAPH1
ENSCJAG00000079055,
ENSCJAG00000042995,U6
ENSCJAG00000014076,CCNY
ENSCJAG00000044822,NTN1
ENSCJAG00000034865,U6
ENSCJAG00000087330,Y_RNA
ENSCJAG00000017974,
ENSCJAG00000020890,TMEM74B
ENSCJAG00000011832,ULK2
ENSCJAG00000016762,SLC4A9
ENSCJAG00000055837,MTFR1L
ENSCJAG00000048354,Metazoa_SRP
ENSCJAG00000080836,
ENSCJAG00000006812,MRTO4
ENSCJAG00000071247,TEX19
ENSCJAG00000063981,C20orf202
ENSCJAG00000013097,G6PC1
ENSCJAG00000025173,Y_RNA
ENSCJAG00000076215,
ENSCJAG00000019220,GTF2F2
ENSCJAG00000028970,cja-mir-95
ENSCJAG00000086570,U6
ENSCJAG00000013026,NTRK3
ENSCJAG00000074829,PARS2
ENSCJAG00000074674,Metazoa_SRP
ENSCJAG00000039857,UTS2R
ENSCJAG00000012176,MAP3K4
ENSCJAG00000004449,SCP2
ENSCJAG00000082362,Metazoa_SRP
ENSCJAG00000081563,Metazoa_SRP
ENSCJAG00000072520,
ENSCJAG00000069727,VSX1
ENSCJAG00000062113,U6
ENSCJAG00000078839,
ENSCJAG00000060460,OGFOD3
ENSCJAG00000040530,
ENSCJAG00000012613,STX8
ENSCJAG00000009447,AUNIP
ENSCJAG00000053244,U6
ENSCJAG00000073190,U6
ENSCJAG00000082357,U6
ENSCJAG00000006333,LRP2
ENSCJAG00000018086,HDAC3
ENSCJAG00000075624,U7
ENSCJAG00000015611,TTC4
ENSCJAG00000040961,U4
ENSCJAG00000084127,
ENSCJAG00000085135,U4
ENSCJAG00000045542,U6
ENSCJAG00000077831,Y_RNA
ENSCJAG00000065151,
ENSCJAG00000087306,
ENSCJAG00000000076,NPHP4
ENSCJAG00000077191,
ENSCJAG00000083117,
ENSCJAG00000056150,KCTD4
ENSCJAG00000021977,PAQR7
ENSCJAG00000075197,
ENSCJAG00000013904,SH3TC1
ENSCJAG00000011053,KLHL31
ENSCJAG00000045281,AKR7L
ENSCJAG00000032308,SNORA31B
ENSCJAG00000017945,HEXD
ENSCJAG00000022053,
ENSCJAG00000018091,RELL2
ENSCJAG00000009462,STMN1
ENSCJAG00000020893,RAD21L1
ENSCJAG00000015639,TTC22
ENSCJAG00000024211,U6
ENSCJAG00000075202,
ENSCJAG00000040192,FAM240B
ENSCJAG00000037618,EHMT2
ENSCJAG00000072500,Metazoa_SRP
ENSCJAG00000041317,Metazoa_SRP
ENSCJAG00000014112,GJD4
ENSCJAG00000019229,TPT1
ENSCJAG00000009489,PAFAH2
ENSCJAG00000085425,
ENSCJAG00000005926,DYTN
ENSCJAG00000010969,LRRC1
ENSCJAG00000071092,Metazoa_SRP
ENSCJAG00000032306,U6
ENSCJAG00000017943,CYBC1
ENSCJAG00000046747,AOC3
ENSCJAG00000074608,U6
ENSCJAG00000069147,FZD8
ENSCJAG00000015646,CIMAP2
ENSCJAG00000068590,
ENSCJAG00000086863,
ENSCJAG00000002731,
ENSCJAG00000028189,SNORA31
ENSCJAG00000047660,cja-mir-4683
ENSCJAG00000016624,ANKHD1
ENSCJAG00000071905,Y_RNA
ENSCJAG00000012652,CFAP52
ENSCJAG00000072254,HTRA3
ENSCJAG00000006403,AGXT
ENSCJAG00000077339,
ENSCJAG00000077663,Metazoa_SRP
ENSCJAG00000084493,
ENSCJAG00000080500,
ENSCJAG00000006796,AKR7A2
ENSCJAG00000009501,EXTL1
ENSCJAG00000080923,
ENSCJAG00000005953,MDH1B
ENSCJAG00000074746,
ENSCJAG00000033241,
ENSCJAG00000024136,Y_RNA
ENSCJAG00000045685,
ENSCJAG00000015653,DHCR24
ENSCJAG00000084788,
ENSCJAG00000080147,U6
ENSCJAG00000069812,
ENSCJAG00000057474,
ENSCJAG00000065646,
ENSCJAG00000005971,FASTKD2
ENSCJAG00000080924,
ENSCJAG00000083620,
ENSCJAG00000020901,SDCBP2
ENSCJAG00000018448,SPAG9
ENSCJAG00000079321,
ENSCJAG00000081275,U6
ENSCJAG00000011698,
ENSCJAG00000060240,
ENSCJAG00000080260,
ENSCJAG00000077780,U3
ENSCJAG00000043939,SLC25A30
ENSCJAG00000079430,
ENSCJAG00000063806,CPNE1
ENSCJAG00000081829,
ENSCJAG00000064930,PODN
ENSCJAG00000045200,Metazoa_SRP
ENSCJAG00000027236,SNORA59A
ENSCJAG00000006785,SLC66A1
ENSCJAG00000047141,TMEM252
ENSCJAG00000012679,USP43
ENSCJAG00000005868,FAP
ENSCJAG00000081021,Y_RNA
ENSCJAG00000074426,
ENSCJAG00000075295,
ENSCJAG00000018093,FCHSD1
ENSCJAG00000063914,
ENSCJAG00000085852,SNORA70
ENSCJAG00000021709,
ENSCJAG00000009522,SLC30A2
ENSCJAG00000020908,FKBP1A
ENSCJAG00000013708,DHRS3
ENSCJAG00000073161,Metazoa_SRP
ENSCJAG00000062662,
ENSCJAG00000073541,
ENSCJAG00000037615,Metazoa_SRP
ENSCJAG00000025524,
ENSCJAG00000076157,Metazoa_SRP
ENSCJAG00000017926,NARF
ENSCJAG00000073021,
ENSCJAG00000012700,DHRS7C
ENSCJAG00000015669,TMEM61
ENSCJAG00000005991,CPO
ENSCJAG00000052381,Metazoa_SRP
ENSCJAG00000041408,EIF4EBP3
ENSCJAG00000016121,PGM5
ENSCJAG00000063473,
ENSCJAG00000013019,MRPL46
ENSCJAG00000007110,ACOX3
ENSCJAG00000087032,Metazoa_SRP
ENSCJAG00000076214,
ENSCJAG00000012714,GSG1L2
ENSCJAG00000084531,
ENSCJAG00000016613,SRA1
ENSCJAG00000070869,U4
ENSCJAG00000084140,Metazoa_SRP
ENSCJAG00000013012,MRPS11
ENSCJAG00000071227,
ENSCJAG00000006715,CAPZB
ENSCJAG00000042101,BSND
ENSCJAG00000006023,KLF7
ENSCJAG00000012719,GLP2R
ENSCJAG00000009571,TRIM63
ENSCJAG00000006386,MAB21L4
ENSCJAG00000019251,COG3
ENSCJAG00000012996,DET1
ENSCJAG00000013722,AADACL3
ENSCJAG00000078504,
ENSCJAG00000015682,PCSK9
ENSCJAG00000013111,PSME3
ENSCJAG00000011491,SAMD11
ENSCJAG00000010939,MLIP
ENSCJAG00000085655,5S_rRNA
ENSCJAG00000034333,cja-mir-2355
ENSCJAG00000008647,
ENSCJAG00000020931,SIRPB2
ENSCJAG00000004493,SLC1A7
ENSCJAG00000005852,GCG
ENSCJAG00000012758,RCVRN
ENSCJAG00000068675,
ENSCJAG00000021312,TFAP2A
ENSCJAG00000070173,
ENSCJAG00000063548,U6
ENSCJAG00000006158,
ENSCJAG00000004750,MPP4
ENSCJAG00000021498,TRMT44
ENSCJAG00000069753,
ENSCJAG00000073332,U6
ENSCJAG00000078232,Metazoa_SRP
ENSCJAG00000064544,PDIK1L
ENSCJAG00000075163,
ENSCJAG00000027669,cja-mir-1302
ENSCJAG00000017715,SPAG4
ENSCJAG00000016553,APBB3
ENSCJAG00000017923,FOXK2
ENSCJAG00000071180,
ENSCJAG00000074030,
ENSCJAG00000039371,FAM110D
ENSCJAG00000083638,U4
ENSCJAG00000064778,
ENSCJAG00000075544,CROCC2
ENSCJAG00000045580,Metazoa_SRP
ENSCJAG00000062321,Metazoa_SRP
ENSCJAG00000081779,Metazoa_SRP
ENSCJAG00000012988,AEN
ENSCJAG00000080171,
ENSCJAG00000071586,
ENSCJAG00000065447,
ENSCJAG00000040949,CFAP107
ENSCJAG00000021496,GPR78
ENSCJAG00000073347,ERICH6B
ENSCJAG00000040746,C1orf232
ENSCJAG00000034923,ISG20
ENSCJAG00000004512,CPT2
ENSCJAG00000083634,
ENSCJAG00000042917,WDR45B
ENSCJAG00000070601,
ENSCJAG00000006039,CREB1
ENSCJAG00000008658,
ENSCJAG00000005739,DPP4
ENSCJAG00000012944,
ENSCJAG00000006709,MICOS10
ENSCJAG00000011380,NOC2L
ENSCJAG00000081591,Metazoa_SRP
ENSCJAG00000042308,CBY2
ENSCJAG00000021495,CPZ
ENSCJAG00000074114,
ENSCJAG00000064285,SIRPD
ENSCJAG00000004526,CZIB
ENSCJAG00000076060,
ENSCJAG00000070931,Metazoa_SRP
ENSCJAG00000074508,SLC35A4
ENSCJAG00000017733,ERGIC3
ENSCJAG00000011871,AKAP10
ENSCJAG00000013144,BECN1
ENSCJAG00000082762,
ENSCJAG00000012323,AGPAT4
ENSCJAG00000038978,SLC35A4
ENSCJAG00000017902,RAB40B
ENSCJAG00000072812,
ENSCJAG00000012941,HAPLN3
ENSCJAG00000028312,
ENSCJAG00000086572,
ENSCJAG00000043683,SIRPB1
ENSCJAG00000024073,
ENSCJAG00000076026,
ENSCJAG00000009629,CNKSR1
ENSCJAG00000069686,Metazoa_SRP
ENSCJAG00000085139,
ENSCJAG00000042378,MAGOH
ENSCJAG00000037008,KLHL17
ENSCJAG00000052964,CD14
ENSCJAG00000071983,
ENSCJAG00000051999,Y_RNA
ENSCJAG00000078130,
ENSCJAG00000039917,Metazoa_SRP
ENSCJAG00000047793,FN3KRP
ENSCJAG00000072059,
ENSCJAG00000006072,METTL21A
ENSCJAG00000080421,Metazoa_SRP
ENSCJAG00000085291,
ENSCJAG00000074428,
ENSCJAG00000016529,TMCO6
ENSCJAG00000006699,NBL1
ENSCJAG00000086866,U6
ENSCJAG00000075403,
ENSCJAG00000013747,PRAMEF20
ENSCJAG00000012940,MFGE8
ENSCJAG00000011654,ABHD12
ENSCJAG00000012759,GAS7
ENSCJAG00000017799,C20orf173
ENSCJAG00000015739,USP24
ENSCJAG00000017895,FN3K
ENSCJAG00000046439,
ENSCJAG00000013769,LRRC38
ENSCJAG00000071644,
ENSCJAG00000074631,U6
ENSCJAG00000006352,SNED1
ENSCJAG00000078209,
ENSCJAG00000073361,
ENSCJAG00000078764,Metazoa_SRP
ENSCJAG00000016366,IK
ENSCJAG00000064863,U6
ENSCJAG00000042638,Y_RNA
ENSCJAG00000073056,Metazoa_SRP
ENSCJAG00000078439,
ENSCJAG00000013772,PDPN
ENSCJAG00000078967,U1
ENSCJAG00000010887,TINAG
ENSCJAG00000079467,Metazoa_SRP
ENSCJAG00000000086,KCNAB2
ENSCJAG00000065417,HTR6
ENSCJAG00000063623,
ENSCJAG00000083524,
ENSCJAG00000079428,U6
ENSCJAG00000075020,U6
ENSCJAG00000034959,
ENSCJAG00000078366,Metazoa_SRP
ENSCJAG00000018098,ARAP3
ENSCJAG00000012355,PRKN
ENSCJAG00000046418,CNTD1
ENSCJAG00000075976,Metazoa_SRP
ENSCJAG00000081379,Metazoa_SRP
ENSCJAG00000047429,Metazoa_SRP
ENSCJAG00000011640,GINS1
ENSCJAG00000062843,
ENSCJAG00000029885,Y_RNA
ENSCJAG00000024068,U1
ENSCJAG00000002901,CCNYL1
ENSCJAG00000081444,
ENSCJAG00000082068,
ENSCJAG00000045933,ZNF593OS
ENSCJAG00000087247,
ENSCJAG00000077157,Metazoa_SRP
ENSCJAG00000006639,TMCO4
ENSCJAG00000021320,SLC35B3
ENSCJAG00000017857,TBCD
ENSCJAG00000082373,PLEKHN1
ENSCJAG00000011930,ZNF624
ENSCJAG00000047238,FOXB2
ENSCJAG00000021525,TTN
ENSCJAG00000073988,ABHD2
ENSCJAG00000016359,WDR55
ENSCJAG00000084237,U4
ENSCJAG00000041927,COA3
ENSCJAG00000009432,PRPF18
ENSCJAG00000016345,DND1
ENSCJAG00000009681,CATSPER4
ENSCJAG00000046923,Metazoa_SRP
ENSCJAG00000085819,
ENSCJAG00000017803,CEP250
ENSCJAG00000060150,U7
ENSCJAG00000080992,Y_RNA
ENSCJAG00000075480,Metazoa_SRP
ENSCJAG00000022490,FZD5
ENSCJAG00000071678,U4
ENSCJAG00000068155,cja-mir-9916
ENSCJAG00000071174,
ENSCJAG00000072031,
ENSCJAG00000053916,Metazoa_SRP
ENSCJAG00000023244,RNF186
ENSCJAG00000080871,
ENSCJAG00000086666,
ENSCJAG00000012881,RLBP1
ENSCJAG00000069714,Metazoa_SRP
ENSCJAG00000013782,PRDM2
ENSCJAG00000017892,ZNF750
ENSCJAG00000041808,ZNF287
ENSCJAG00000041239,GLO1
ENSCJAG00000079478,EEF1E1
ENSCJAG00000012365,PACRG
ENSCJAG00000002896,PLEKHM3
ENSCJAG00000011624,NINL
ENSCJAG00000004555,LRP8
ENSCJAG00000009698,CEP85
ENSCJAG00000085867,U6
ENSCJAG00000010580,BLOC1S5
ENSCJAG00000044185,ZBTB12
ENSCJAG00000059849,
ENSCJAG00000078519,Metazoa_SRP
ENSCJAG00000012809,FANCI
ENSCJAG00000017835,B3GNTL1
ENSCJAG00000086937,
ENSCJAG00000005614,SLC4A10
ENSCJAG00000086558,
ENSCJAG00000013197,WNK4
ENSCJAG00000011947,FAM211A
ENSCJAG00000016282,HARS1
ENSCJAG00000081232,Metazoa_SRP
ENSCJAG00000069672,
ENSCJAG00000043879,HES4
ENSCJAG00000073032,
ENSCJAG00000070707,SNORD65
ENSCJAG00000069775,
ENSCJAG00000052342,U6
ENSCJAG00000008738,PRUNE2
ENSCJAG00000080445,
ENSCJAG00000012368,QKI
ENSCJAG00000011428,ISG15
ENSCJAG00000040511,SH3BGRL3
ENSCJAG00000021322,TXNDC5
ENSCJAG00000017834,METRNL
ENSCJAG00000024499,
ENSCJAG00000041186,Metazoa_SRP
ENSCJAG00000017826,GDF5
ENSCJAG00000006633,OTUD3
ENSCJAG00000009404,FRMD4A
ENSCJAG00000085041,
ENSCJAG00000080920,U6
ENSCJAG00000017827,
ENSCJAG00000002416,C2
ENSCJAG00000077681,
ENSCJAG00000012773,POLG
ENSCJAG00000069870,Metazoa_SRP
ENSCJAG00000021326,BMP6
ENSCJAG00000074069,
ENSCJAG00000078233,
ENSCJAG00000006628,PLA2G2E
ENSCJAG00000005738,DNAH8
ENSCJAG00000004452,PARP4
ENSCJAG00000077202,
ENSCJAG00000056342,
ENSCJAG00000040525,MIR9-3
ENSCJAG00000035746,
ENSCJAG00000056034,
ENSCJAG00000009748,UBXN11
ENSCJAG00000075058,
ENSCJAG00000041650,MYH13
ENSCJAG00000057014,
ENSCJAG00000013276,VPS25
ENSCJAG00000076070,
ENSCJAG00000074889,
ENSCJAG00000002855,C6H2orf80
ENSCJAG00000057245,Metazoa_SRP
ENSCJAG00000054474,RHCG
ENSCJAG00000080802,Y_RNA
ENSCJAG00000077136,
ENSCJAG00000042990,Metazoa_SRP
ENSCJAG00000006346,MTERF4
ENSCJAG00000004525,MPHOSPH8
ENSCJAG00000004682,DMRTB1
ENSCJAG00000077015,
ENSCJAG00000057279,
ENSCJAG00000006614,
ENSCJAG00000084068,Metazoa_SRP
ENSCJAG00000073667,
ENSCJAG00000064550,U6
ENSCJAG00000078555,Metazoa_SRP
ENSCJAG00000013296,RAMP2
ENSCJAG00000018174,PCDH1
ENSCJAG00000008920,KAZN
ENSCJAG00000073377,PASK
ENSCJAG00000078722,
ENSCJAG00000017831,UQCC1
ENSCJAG00000070185,
ENSCJAG00000021330,SNRNP48
ENSCJAG00000004554,PSPC1
ENSCJAG00000048461,NANP
ENSCJAG00000004690,GLIS1
ENSCJAG00000086601,Metazoa_SRP
ENSCJAG00000079859,PLA2G5
ENSCJAG00000012742,TICRR
ENSCJAG00000028819,
ENSCJAG00000016237,HARS2
ENSCJAG00000086694,Metazoa_SRP
ENSCJAG00000040991,Metazoa_SRP
ENSCJAG00000079517,Metazoa_SRP
ENSCJAG00000081885,
ENSCJAG00000046689,MYH8
ENSCJAG00000069999,
ENSCJAG00000044271,Metazoa_SRP
ENSCJAG00000073809,CD52
ENSCJAG00000079251,Y_RNA
ENSCJAG00000006275,PPP1R7
ENSCJAG00000011412,AGRN
ENSCJAG00000068486,
ENSCJAG00000070261,PLA2G2D
ENSCJAG00000011611,ZNF337
ENSCJAG00000075031,Metazoa_SRP
ENSCJAG00000076848,
ENSCJAG00000083352,Y_RNA
ENSCJAG00000009401,FAM107B
ENSCJAG00000082532,Metazoa_SRP
ENSCJAG00000022999,
ENSCJAG00000021333,DSP
ENSCJAG00000004584,ZMYM5
ENSCJAG00000009763,CRYBG2
ENSCJAG00000006586,PLA2G2F
ENSCJAG00000071782,Metazoa_SRP
ENSCJAG00000055703,
ENSCJAG00000004707,TMEM48
ENSCJAG00000054510,
ENSCJAG00000002263,SKIC2
ENSCJAG00000075998,Metazoa_SRP
ENSCJAG00000002828,IDH1
ENSCJAG00000016231,ZMAT2
ENSCJAG00000075558,
ENSCJAG00000073819,Y_RNA
ENSCJAG00000070232,
ENSCJAG00000013311,EZH1
ENSCJAG00000071184,
ENSCJAG00000076556,
ENSCJAG00000078517,Metazoa_SRP
ENSCJAG00000012723,KIF7
ENSCJAG00000080931,Vault
ENSCJAG00000018193,DELE1
ENSCJAG00000077208,Metazoa_SRP
ENSCJAG00000076328,Metazoa_SRP
ENSCJAG00000029088,Vault
ENSCJAG00000069993,
ENSCJAG00000087326,
ENSCJAG00000077662,Metazoa_SRP
ENSCJAG00000030608,
ENSCJAG00000079134,
ENSCJAG00000000101,CHD5
ENSCJAG00000078631,
ENSCJAG00000081935,
ENSCJAG00000005603,TBR1
ENSCJAG00000075741,
ENSCJAG00000009793,ZNF683
ENSCJAG00000075032,
ENSCJAG00000030141,U6
ENSCJAG00000070088,Metazoa_SRP
ENSCJAG00000082662,
ENSCJAG00000069526,Metazoa_SRP
ENSCJAG00000009397,CDNF
ENSCJAG00000007663,MYH4
ENSCJAG00000023243,UBXN10
ENSCJAG00000042960,RIOK1
ENSCJAG00000069617,Y_RNA
ENSCJAG00000007088,MESP1
ENSCJAG00000039317,
ENSCJAG00000025781,SNORA70
ENSCJAG00000064163,ANO7
ENSCJAG00000037240,Metazoa_SRP
ENSCJAG00000081218,U6
ENSCJAG00000071701,U6
ENSCJAG00000077588,
ENSCJAG00000004621,ZMYM2
ENSCJAG00000073679,Metazoa_SRP
ENSCJAG00000077186,U5
ENSCJAG00000017842,FAM83C
ENSCJAG00000057929,U6
ENSCJAG00000009094,
ENSCJAG00000074777,Metazoa_SRP
ENSCJAG00000012709,PLIN1
ENSCJAG00000043015,PCDH12
ENSCJAG00000071606,Metazoa_SRP
ENSCJAG00000008910,TMEM51
ENSCJAG00000063543,
ENSCJAG00000004828,YIPF1
ENSCJAG00000064391,
ENSCJAG00000078260,Metazoa_SRP
ENSCJAG00000021517,RPN2
ENSCJAG00000005572,PSMD14
ENSCJAG00000085215,
ENSCJAG00000034172,U6
ENSCJAG00000072097,
ENSCJAG00000017846,EIF6
ENSCJAG00000074901,Y_RNA
ENSCJAG00000086754,Metazoa_SRP
ENSCJAG00000012706,PEX11A
ENSCJAG00000077377,
ENSCJAG00000071655,
ENSCJAG00000074921,U6
ENSCJAG00000073597,
ENSCJAG00000060058,MMP24OS
ENSCJAG00000076223,
ENSCJAG00000006551,VWA5B1
ENSCJAG00000040973,
ENSCJAG00000013408,CNTNAP1
ENSCJAG00000026852,
ENSCJAG00000073468,Vault
ENSCJAG00000056672,
ENSCJAG00000061640,cja-mir-9906
ENSCJAG00000018220,RNF14
ENSCJAG00000017865,MMP24
ENSCJAG00000016159,PCDHA9
ENSCJAG00000009318,HSPA14
ENSCJAG00000030153,U1
ENSCJAG00000008888,FHAD1
ENSCJAG00000012691,WDR93
ENSCJAG00000047857,FAM195B
ENSCJAG00000077300,Metazoa_SRP
ENSCJAG00000005874,GLP1R
ENSCJAG00000076695,
ENSCJAG00000081391,Y_RNA
ENSCJAG00000082136,CAMK2N1
ENSCJAG00000023636,
ENSCJAG00000015880,PLPP3
ENSCJAG00000039019,
ENSCJAG00000046887,
ENSCJAG00000052170,
ENSCJAG00000072865,cja-mir-9983
ENSCJAG00000046628,MUL1
ENSCJAG00000011411,RNF223
ENSCJAG00000021351,CAGE1
ENSCJAG00000075215,
ENSCJAG00000069056,Metazoa_SRP
ENSCJAG00000002368,NELFE
ENSCJAG00000082206,Metazoa_SRP
ENSCJAG00000017877,PROCR
ENSCJAG00000071723,
ENSCJAG00000006519,FAM43B
ENSCJAG00000041718,SAYSD1
ENSCJAG00000078396,Metazoa_SRP
ENSCJAG00000005539,TANK
ENSCJAG00000080320,MESP2
ENSCJAG00000054878,
ENSCJAG00000063532,Metazoa_SRP
ENSCJAG00000004861,DIO1
ENSCJAG00000077113,U6
ENSCJAG00000052259,
ENSCJAG00000047229,CDA
ENSCJAG00000002759,PIKFYVE
ENSCJAG00000011405,C1orf159
ENSCJAG00000013482,CCR10
ENSCJAG00000072873,
ENSCJAG00000074326,
ENSCJAG00000085789,Metazoa_SRP
ENSCJAG00000004631,
ENSCJAG00000015889,PRKAA2
ENSCJAG00000078950,
ENSCJAG00000072069,
ENSCJAG00000052805,
ENSCJAG00000006493,PINK1
ENSCJAG00000018247,GNPDA1
ENSCJAG00000086399,Metazoa_SRP
ENSCJAG00000087036,U4
ENSCJAG00000072316,
ENSCJAG00000069943,
ENSCJAG00000007096,ANPEP
ENSCJAG00000002246,DXO
ENSCJAG00000076951,U6
ENSCJAG00000017880,EDEM2
ENSCJAG00000012860,MYH3
ENSCJAG00000082620,
ENSCJAG00000059709,U6
ENSCJAG00000011243,
ENSCJAG00000004769,ALS2
ENSCJAG00000072390,
ENSCJAG00000079550,KCNK5
ENSCJAG00000068517,EFHD2
ENSCJAG00000013486,PLEKHH3
ENSCJAG00000077557,
ENSCJAG00000077648,
ENSCJAG00000040918,Metazoa_SRP
ENSCJAG00000082665,U6
ENSCJAG00000079085,
ENSCJAG00000004623,IMP4
ENSCJAG00000006152,HDLBP
ENSCJAG00000002228,STK19
ENSCJAG00000086634,
ENSCJAG00000008844,CTRC
ENSCJAG00000012264,
ENSCJAG00000043731,
ENSCJAG00000015907,FYB2
ENSCJAG00000039691,Metazoa_SRP
ENSCJAG00000044370,SSR1
ENSCJAG00000055848,
ENSCJAG00000011360,TNFRSF18
ENSCJAG00000084247,PCDHB3
ENSCJAG00000081231,Y_RNA
ENSCJAG00000053623,
ENSCJAG00000004866,IFT25
ENSCJAG00000006450,DDOST
ENSCJAG00000008785,
ENSCJAG00000082856,PCDHB4
ENSCJAG00000005898,KCNK17
ENSCJAG00000014861,RBMS1
ENSCJAG00000046665,PCDHB5
ENSCJAG00000081575,RPL22
ENSCJAG00000017914,TRPC4AP
ENSCJAG00000011350,TNFRSF4
ENSCJAG00000009261,DCLRE1C
ENSCJAG00000018271,NDFIP1
ENSCJAG00000083796,AP3S2
ENSCJAG00000076918,Metazoa_SRP
ENSCJAG00000046170,Metazoa_SRP
ENSCJAG00000008732,CASP9
ENSCJAG00000004868,LRRC42
ENSCJAG00000063999,TUBG2
ENSCJAG00000000142,
ENSCJAG00000005908,KCNK16
ENSCJAG00000011333,SDF4
ENSCJAG00000021515,GHRH
ENSCJAG00000004585,PTPN18
ENSCJAG00000086619,U6
ENSCJAG00000082908,U7
ENSCJAG00000000150,ICMT
ENSCJAG00000076632,
ENSCJAG00000011328,B3GALT6
ENSCJAG00000004892,CDK15
ENSCJAG00000062539,KIF17
ENSCJAG00000062359,
ENSCJAG00000041070,Metazoa_SRP
ENSCJAG00000073176,
ENSCJAG00000021358,RREB1
ENSCJAG00000007127,ARPIN
ENSCJAG00000079806,Metazoa_SRP
ENSCJAG00000075942,Metazoa_SRP
ENSCJAG00000081390,
ENSCJAG00000004971,RETREG3
ENSCJAG00000011323,C1QTNF12
ENSCJAG00000044286,SPRY4
ENSCJAG00000017977,MYH7B
ENSCJAG00000085044,Metazoa_SRP
ENSCJAG00000008656,DNAJC16
ENSCJAG00000000154,HES3
ENSCJAG00000083649,Metazoa_SRP
ENSCJAG00000063402,
ENSCJAG00000075260,Metazoa_SRP
ENSCJAG00000082219,
ENSCJAG00000068335,C4A
ENSCJAG00000011315,UBE2J2
ENSCJAG00000015926,C8A
ENSCJAG00000075572,Metazoa_SRP
ENSCJAG00000000155,GPR153
ENSCJAG00000004997,PSMC3IP
ENSCJAG00000009435,ZNF710
ENSCJAG00000021512,SRC
ENSCJAG00000075128,
ENSCJAG00000084233,Metazoa_SRP
ENSCJAG00000060990,
ENSCJAG00000011112,
ENSCJAG00000006122,SEPTIN2
ENSCJAG00000011286,
ENSCJAG00000018936,CORIN
ENSCJAG00000076818,MEIG1
ENSCJAG00000009440,IDH2
ENSCJAG00000071640,Metazoa_SRP
ENSCJAG00000013168,SCO1
ENSCJAG00000028479,
ENSCJAG00000036517,NRAS
ENSCJAG00000011108,
ENSCJAG00000085675,U7
ENSCJAG00000074584,
ENSCJAG00000084076,
ENSCJAG00000060997,
ENSCJAG00000084241,U6
ENSCJAG00000004890,LDLRAD1
ENSCJAG00000072565,
ENSCJAG00000074851,U5
ENSCJAG00000014203,GPR39
ENSCJAG00000036281,Metazoa_SRP
ENSCJAG00000008645,AGMAT
ENSCJAG00000036371,Metazoa_SRP
ENSCJAG00000038346,FZD7
ENSCJAG00000014862,ITGB6
ENSCJAG00000077808,Metazoa_SRP
ENSCJAG00000075358,Metazoa_SRP
ENSCJAG00000005011,MLX
ENSCJAG00000009252,OLAH
ENSCJAG00000046788,
ENSCJAG00000059169,
ENSCJAG00000046021,Metazoa_SRP
ENSCJAG00000076351,Metazoa_SRP
ENSCJAG00000013179,ADPRM
ENSCJAG00000033036,U6
ENSCJAG00000006422,SH2D5
ENSCJAG00000027883,
ENSCJAG00000079427,Metazoa_SRP
ENSCJAG00000032108,U6
ENSCJAG00000083926,Metazoa_SRP
ENSCJAG00000048212,BLCAP
ENSCJAG00000028847,cja-mir-499b
ENSCJAG00000071709,
ENSCJAG00000047765,Metazoa_SRP
ENSCJAG00000074154,U6
ENSCJAG00000018315,ARHGAP26
ENSCJAG00000009482,SEMA4B
ENSCJAG00000008625,DDI2
ENSCJAG00000084599,
ENSCJAG00000041804,NNAT
ENSCJAG00000000157,ACOT7
ENSCJAG00000021363,LY86
ENSCJAG00000040032,Metazoa_SRP
ENSCJAG00000009249,ACBD7
ENSCJAG00000040229,RSC1A1
ENSCJAG00000048098,
ENSCJAG00000015932,C8B
ENSCJAG00000013186,TMEM220
ENSCJAG00000017992,GSS
ENSCJAG00000005922,KIF6
ENSCJAG00000004912,TMEM59
ENSCJAG00000009505,CIB1
ENSCJAG00000004923,KIAA2012
ENSCJAG00000011211,ACAP3
ENSCJAG00000018950,ATP10D
ENSCJAG00000005064,COASY
ENSCJAG00000046117,RPP38
ENSCJAG00000021366,F13A1
ENSCJAG00000008601,PLEKHM2
ENSCJAG00000014139,SLC35F5
ENSCJAG00000071855,Metazoa_SRP
ENSCJAG00000009511,GDPGP1
ENSCJAG00000011046,ARHGEF4
ENSCJAG00000066809,TCEANC2
ENSCJAG00000047763,HSD17B1
ENSCJAG00000012565,CSDE1
ENSCJAG00000008596,SLC25A34
ENSCJAG00000009514,TTLL13
ENSCJAG00000080000,
ENSCJAG00000078068,
ENSCJAG00000021507,CTNNBL1
ENSCJAG00000006087,FARP2
ENSCJAG00000087045,Metazoa_SRP
ENSCJAG00000058722,
ENSCJAG00000008582,TMEM82
ENSCJAG00000020939,SIRPA
ENSCJAG00000009169,NMT2
ENSCJAG00000018019,ACSS2
ENSCJAG00000055107,
ENSCJAG00000038325,NAGLU
ENSCJAG00000042192,Metazoa_SRP
ENSCJAG00000042282,Metazoa_SRP
ENSCJAG00000008580,FBLIM1
ENSCJAG00000041629,
ENSCJAG00000009520,NGRN
ENSCJAG00000070419,
ENSCJAG00000047154,SUMO1
ENSCJAG00000004989,CDCP2
ENSCJAG00000018967,COMMD8
ENSCJAG00000076945,Metazoa_SRP
ENSCJAG00000083748,Y_RNA
ENSCJAG00000080746,Metazoa_SRP
ENSCJAG00000080908,
ENSCJAG00000084548,NRN1
ENSCJAG00000079195,
ENSCJAG00000052656,Metazoa_SRP
ENSCJAG00000071807,
ENSCJAG00000030983,U8
ENSCJAG00000000166,HES2
ENSCJAG00000010972,PUSL1
ENSCJAG00000068404,U7
ENSCJAG00000080435,
ENSCJAG00000074448,
ENSCJAG00000073174,U6
ENSCJAG00000006390,HP1BP3
ENSCJAG00000084929,
ENSCJAG00000070118,Metazoa_SRP
ENSCJAG00000046005,
ENSCJAG00000045795,Metazoa_SRP
ENSCJAG00000018095,GGT7
ENSCJAG00000065837,CYB5RL
ENSCJAG00000074778,Metazoa_SRP
ENSCJAG00000033459,
ENSCJAG00000081962,Y_RNA
ENSCJAG00000081626,U7
ENSCJAG00000086968,Metazoa_SRP
ENSCJAG00000073299,PDYN
ENSCJAG00000017910,ABCA4
ENSCJAG00000018976,
ENSCJAG00000070522,
ENSCJAG00000030041,
ENSCJAG00000015941,DAB1
ENSCJAG00000077100,U6
ENSCJAG00000086837,U4
ENSCJAG00000081079,
ENSCJAG00000074094,
ENSCJAG00000008310,
ENSCJAG00000041088,Metazoa_SRP
ENSCJAG00000075573,U6
ENSCJAG00000009526,VPS33B
ENSCJAG00000002074,CYP21A2
ENSCJAG00000020949,STK35
ENSCJAG00000041174,FAM171A1
ENSCJAG00000071630,VSTM2L
ENSCJAG00000047261,Metazoa_SRP
ENSCJAG00000018337,NR3C1
ENSCJAG00000079584,
ENSCJAG00000014091,ACTR3
ENSCJAG00000005018,MRPL37
ENSCJAG00000008527,SPEN
ENSCJAG00000073115,Metazoa_SRP
ENSCJAG00000000472,RAB5C
ENSCJAG00000075425,5S_rRNA
ENSCJAG00000086408,5S_rRNA
ENSCJAG00000000170,ESPN
ENSCJAG00000018049,NCOA6
ENSCJAG00000085608,U6
ENSCJAG00000074260,
ENSCJAG00000004985,NOP58
ENSCJAG00000077318,
ENSCJAG00000021369,FARS2
ENSCJAG00000077932,Y_RNA
ENSCJAG00000038245,
ENSCJAG00000033842,U6
ENSCJAG00000010452,DAAM2
ENSCJAG00000072943,Y_RNA
ENSCJAG00000052628,
ENSCJAG00000052681,
ENSCJAG00000082215,Metazoa_SRP
ENSCJAG00000021505,TTI1
ENSCJAG00000071151,Metazoa_SRP
ENSCJAG00000076518,
ENSCJAG00000011038,FAM168B
ENSCJAG00000000460,KCNH4
ENSCJAG00000083308,
ENSCJAG00000032063,U3
ENSCJAG00000086268,
ENSCJAG00000014918,PLA2R1
ENSCJAG00000057751,TP53INP2
ENSCJAG00000051815,
ENSCJAG00000087159,
ENSCJAG00000081028,
ENSCJAG00000069451,SNORD70
ENSCJAG00000085779,
ENSCJAG00000020950,TGM6
ENSCJAG00000084692,U6
ENSCJAG00000053243,SNORD70B
ENSCJAG00000026189,Y_RNA
ENSCJAG00000084331,
ENSCJAG00000073501,Metazoa_SRP
ENSCJAG00000026187,SNORD11B
ENSCJAG00000046276,RPRD1B
ENSCJAG00000011144,INTS11
ENSCJAG00000062368,SNORD11
ENSCJAG00000012663,SIKE1
ENSCJAG00000002504,BMP8A
ENSCJAG00000000458,HCRT
ENSCJAG00000057240,Y_RNA
ENSCJAG00000086304,
ENSCJAG00000040803,Metazoa_SRP
ENSCJAG00000037146,Metazoa_SRP
ENSCJAG00000018152,PIGU
ENSCJAG00000082836,
ENSCJAG00000083197,Metazoa_SRP
ENSCJAG00000037371,Metazoa_SRP
ENSCJAG00000005029,SSBP3
ENSCJAG00000006066,STK25
ENSCJAG00000078133,Metazoa_SRP
ENSCJAG00000000452,GHDC
ENSCJAG00000021503,TGM2
ENSCJAG00000009080,ITGA8
ENSCJAG00000064122,
ENSCJAG00000002512,PABPC4
ENSCJAG00000021347,YIPF5
ENSCJAG00000000177,TNFRSF25
ENSCJAG00000022997,
ENSCJAG00000036678,Metazoa_SRP
ENSCJAG00000008499,ZBTB17
ENSCJAG00000018008,ARHGAP29
ENSCJAG00000083589,U6
ENSCJAG00000005066,BMPR2
ENSCJAG00000012678,SYCP1
ENSCJAG00000070548,
ENSCJAG00000066397,Metazoa_SRP
ENSCJAG00000021370,
ENSCJAG00000021346,KCTD16
ENSCJAG00000045544,MAP1LC3A
ENSCJAG00000044008,Metazoa_SRP
ENSCJAG00000026487,SNORA55
ENSCJAG00000006258,EIF4G3
ENSCJAG00000074961,
ENSCJAG00000070674,Y_RNA
ENSCJAG00000084546,
ENSCJAG00000064378,cja-mir-9928
ENSCJAG00000020971,SNRPB
ENSCJAG00000037470,STAT5B
ENSCJAG00000078349,5S_rRNA
ENSCJAG00000051734,
ENSCJAG00000074461,Metazoa_SRP
ENSCJAG00000084630,
ENSCJAG00000079373,
ENSCJAG00000073457,Metazoa_SRP
ENSCJAG00000069750,
ENSCJAG00000065395,HEYL
ENSCJAG00000014051,DPP10
ENSCJAG00000070935,Metazoa_SRP
ENSCJAG00000076121,
ENSCJAG00000044055,Y_RNA
ENSCJAG00000021502,KIAA1755
ENSCJAG00000002050,TNXB
ENSCJAG00000052903,
ENSCJAG00000082290,Metazoa_SRP
ENSCJAG00000014982,LY75
ENSCJAG00000069228,
ENSCJAG00000010427,MOCS1
ENSCJAG00000055322,Metazoa_SRP
ENSCJAG00000042467,U4
ENSCJAG00000067859,
ENSCJAG00000082341,Y_RNA
ENSCJAG00000075328,U6
ENSCJAG00000006320,DHRS9
ENSCJAG00000079242,
ENSCJAG00000074308,
ENSCJAG00000070711,
ENSCJAG00000009561,PRC1
ENSCJAG00000021371,PPP1R3G
ENSCJAG00000016000,OMA1
ENSCJAG00000046657,TSPAN2
ENSCJAG00000078609,
ENSCJAG00000000426,STAT5A
ENSCJAG00000085996,
ENSCJAG00000002566,NT5C1A
ENSCJAG00000076249,
ENSCJAG00000077728,
ENSCJAG00000073589,
ENSCJAG00000020990,TMC2
ENSCJAG00000086226,
ENSCJAG00000082259,SRARP
ENSCJAG00000070143,
ENSCJAG00000011139,CPTP
ENSCJAG00000074808,Metazoa_SRP
ENSCJAG00000079804,
ENSCJAG00000069694,Metazoa_SRP
ENSCJAG00000061843,
ENSCJAG00000021373,RPP40
ENSCJAG00000081033,
ENSCJAG00000018204,ITCH
ENSCJAG00000085286,
ENSCJAG00000000544,BOK
ENSCJAG00000086865,
ENSCJAG00000041542,HPCAL4
ENSCJAG00000043631,Metazoa_SRP
ENSCJAG00000011033,PLEKHB2
ENSCJAG00000083870,
ENSCJAG00000070769,
ENSCJAG00000011121,TAS1R3
ENSCJAG00000075809,U6
ENSCJAG00000047546,CD302
ENSCJAG00000069789,
ENSCJAG00000084165,
ENSCJAG00000072737,U7
ENSCJAG00000086940,
ENSCJAG00000053293,
ENSCJAG00000059226,TSHB
ENSCJAG00000020999,NOP56
ENSCJAG00000074487,
ENSCJAG00000022937,
ENSCJAG00000032286,BPI
ENSCJAG00000048505,LRFN2
ENSCJAG00000073234,
ENSCJAG00000041087,Metazoa_SRP
ENSCJAG00000008426,
ENSCJAG00000000409,STAT3
ENSCJAG00000070914,NGF
ENSCJAG00000083495,
ENSCJAG00000005366,DVL1
ENSCJAG00000083534,
ENSCJAG00000037471,Metazoa_SRP
ENSCJAG00000047561,
ENSCJAG00000066177,
ENSCJAG00000000540,THAP4
ENSCJAG00000047925,GRXCR2
ENSCJAG00000039355,Metazoa_SRP
ENSCJAG00000084324,
ENSCJAG00000072139,5S_rRNA
ENSCJAG00000018054,ABCD3
ENSCJAG00000032101,U6
ENSCJAG00000011763,RCCD1
ENSCJAG00000004044,UNC5CL
ENSCJAG00000006261,ABCB11
ENSCJAG00000021374,CDYL
ENSCJAG00000012756,VANGL1
ENSCJAG00000073917,Metazoa_SRP
ENSCJAG00000069626,Metazoa_SRP
ENSCJAG00000082200,Metazoa_SRP
ENSCJAG00000018303,AHCY
ENSCJAG00000015023,MARCHF7
ENSCJAG00000004055,TSPO2
ENSCJAG00000009701,LBP
ENSCJAG00000054638,PTRF
ENSCJAG00000058483,Metazoa_SRP
ENSCJAG00000040810,MXRA8
ENSCJAG00000072692,Metazoa_SRP
ENSCJAG00000009028,MINDY3
ENSCJAG00000064528,Metazoa_SRP
ENSCJAG00000004063,APOBEC2
ENSCJAG00000083783,
ENSCJAG00000087333,Metazoa_SRP
ENSCJAG00000065873,SNORD110
ENSCJAG00000085217,U1
ENSCJAG00000073122,SNORA51
ENSCJAG00000009605,UNC45A
ENSCJAG00000083722,Y_RNA
ENSCJAG00000073348,
ENSCJAG00000083119,
ENSCJAG00000016017,TACSTD2
ENSCJAG00000064549,
ENSCJAG00000062440,SNORD86
ENSCJAG00000075026,Y_RNA
ENSCJAG00000011210,ATG4B
ENSCJAG00000057565,SNORD56
ENSCJAG00000080269,
ENSCJAG00000079655,
ENSCJAG00000034618,AURKAIP1
ENSCJAG00000021336,SH3RF2
ENSCJAG00000061086,SNORD57
ENSCJAG00000073285,SNORA71
ENSCJAG00000018327,ASIP
ENSCJAG00000086038,
ENSCJAG00000044007,GJA3
ENSCJAG00000004066,OARD1
ENSCJAG00000085880,SNORA71
ENSCJAG00000081309,
ENSCJAG00000070892,
ENSCJAG00000002589,PPIE
ENSCJAG00000080242,Metazoa_SRP
ENSCJAG00000084423,
ENSCJAG00000012776,CASQ2
ENSCJAG00000073617,SNORA71
ENSCJAG00000022036,GJB2
ENSCJAG00000056559,SNORA71
ENSCJAG00000060084,
ENSCJAG00000070467,
ENSCJAG00000021377,ECI2
ENSCJAG00000006252,
ENSCJAG00000046739,GJB6
ENSCJAG00000011043,CCNL2
ENSCJAG00000051484,
ENSCJAG00000018334,EIF2S2
ENSCJAG00000046842,U7
ENSCJAG00000021335,PLAC8L1
ENSCJAG00000079782,
ENSCJAG00000009674,HDDC3
ENSCJAG00000011203,DTYMK
ENSCJAG00000000367,ATP6V0A1
ENSCJAG00000021002,IDH3B
ENSCJAG00000073181,
ENSCJAG00000021414,DDX18
ENSCJAG00000004074,NFYA
ENSCJAG00000004800,CRYL1
ENSCJAG00000078598,Metazoa_SRP
ENSCJAG00000072261,
ENSCJAG00000016367,
ENSCJAG00000006242,SPC25
ENSCJAG00000066926,
ENSCJAG00000008417,FAM131C
ENSCJAG00000080439,
ENSCJAG00000071330,
ENSCJAG00000087131,
ENSCJAG00000018108,F3
ENSCJAG00000079748,NHLH2
ENSCJAG00000040689,C4H6orf201
ENSCJAG00000021415,
ENSCJAG00000011198,ING5
ENSCJAG00000009020,PTER
ENSCJAG00000065222,SNORD49A
ENSCJAG00000018361,RALY
ENSCJAG00000077336,Metazoa_SRP
ENSCJAG00000008362,EPHA2
ENSCJAG00000079331,
ENSCJAG00000004815,IFT88
ENSCJAG00000021382,FAM217A
ENSCJAG00000085309,Metazoa_SRP
ENSCJAG00000011302,RALGAPB
ENSCJAG00000081383,
ENSCJAG00000009678,MAN2A2
ENSCJAG00000012813,SLC22A15
ENSCJAG00000052992,
ENSCJAG00000032609,
ENSCJAG00000080040,
ENSCJAG00000075165,C1QL3
ENSCJAG00000080301,
ENSCJAG00000019500,MTUS2
ENSCJAG00000075527,
ENSCJAG00000077238,U6
ENSCJAG00000057055,
ENSCJAG00000004089,TREML1
ENSCJAG00000008325,ARHGEF19
ENSCJAG00000086019,
ENSCJAG00000055754,
ENSCJAG00000038443,Metazoa_SRP
ENSCJAG00000023505,U2
ENSCJAG00000076851,
ENSCJAG00000011970,TRPV2
ENSCJAG00000021418,CCDC93
ENSCJAG00000074446,
ENSCJAG00000080423,
ENSCJAG00000021027,EBF4
ENSCJAG00000009879,
ENSCJAG00000080138,Metazoa_SRP
ENSCJAG00000000180,PLEKHG5
ENSCJAG00000072861,
ENSCJAG00000015052,BAZ2B
ENSCJAG00000043733,RSU1
ENSCJAG00000018533,TOB1
ENSCJAG00000084984,
ENSCJAG00000016020,MYSM1
ENSCJAG00000073604,
ENSCJAG00000004884,IL17D
ENSCJAG00000011190,D2HGDH
ENSCJAG00000006194,MAB21L3
ENSCJAG00000008314,CPLANE2
ENSCJAG00000018397,CHMP4B
ENSCJAG00000079269,
ENSCJAG00000001955,GBP6
ENSCJAG00000051708,SEC61G
ENSCJAG00000004891,EEF1AKMT1
ENSCJAG00000086672,U6
ENSCJAG00000012421,GTDC1
ENSCJAG00000035232,WFIKKN2
ENSCJAG00000018117,SLC44A3
ENSCJAG00000054393,
ENSCJAG00000032527,HELZ
ENSCJAG00000067323,
ENSCJAG00000008276,FBXO42
ENSCJAG00000073148,
ENSCJAG00000061036,
ENSCJAG00000027558,SNORA73
ENSCJAG00000009807,GPATCH8
ENSCJAG00000063331,U2
ENSCJAG00000004899,XPO4
ENSCJAG00000085885,Metazoa_SRP
ENSCJAG00000077226,
ENSCJAG00000067605,ANKRD40CL
ENSCJAG00000083403,
ENSCJAG00000075676,
ENSCJAG00000079941,
ENSCJAG00000021385,PRPF4B
ENSCJAG00000001922,LRRC8B
ENSCJAG00000075909,GAL3ST2
ENSCJAG00000043355,SZRD1
ENSCJAG00000042332,
ENSCJAG00000004114,TREM2
ENSCJAG00000040960,Metazoa_SRP
ENSCJAG00000024700,U3
ENSCJAG00000073212,
ENSCJAG00000078854,U6
ENSCJAG00000082555,Metazoa_SRP
ENSCJAG00000086486,
ENSCJAG00000000361,CACNG1
ENSCJAG00000080961,Metazoa_SRP
ENSCJAG00000006199,NOSTRIN
ENSCJAG00000082668,
ENSCJAG00000081763,Metazoa_SRP
ENSCJAG00000036009,ATF6B
ENSCJAG00000082428,
ENSCJAG00000066506,Metazoa_SRP
ENSCJAG00000084956,Metazoa_SRP
ENSCJAG00000008967,CUBN
ENSCJAG00000063399,
ENSCJAG00000039820,NEU4
ENSCJAG00000078919,
ENSCJAG00000061998,
ENSCJAG00000084933,
ENSCJAG00000070334,
ENSCJAG00000075633,
ENSCJAG00000067514,
ENSCJAG00000042033,CENPV
ENSCJAG00000081683,
ENSCJAG00000057540,CACNG4
ENSCJAG00000072801,
ENSCJAG00000059567,
ENSCJAG00000005013,LATS2
ENSCJAG00000073659,Metazoa_SRP
ENSCJAG00000078023,
ENSCJAG00000008196,SPATA21
ENSCJAG00000083052,
ENSCJAG00000043026,LRRC8C
ENSCJAG00000073583,U6
ENSCJAG00000080797,
ENSCJAG00000072274,Metazoa_SRP
ENSCJAG00000021048,CPXM1
ENSCJAG00000079209,PDCD1
ENSCJAG00000079894,
ENSCJAG00000054422,Metazoa_SRP
ENSCJAG00000071068,
ENSCJAG00000083564,
ENSCJAG00000018558,LUC7L3
ENSCJAG00000004120,
ENSCJAG00000041751,
ENSCJAG00000085545,U4
ENSCJAG00000074034,
ENSCJAG00000042434,Metazoa_SRP
ENSCJAG00000036821,Metazoa_SRP
ENSCJAG00000084339,HS6ST1
ENSCJAG00000018128,CNN3
ENSCJAG00000074590,
ENSCJAG00000070978,U6
ENSCJAG00000019515,SLC7A1
ENSCJAG00000057142,Metazoa_SRP
ENSCJAG00000012025,PIGL
ENSCJAG00000077032,Metazoa_SRP
ENSCJAG00000075455,U6
ENSCJAG00000079745,
ENSCJAG00000002003,FKBPL
ENSCJAG00000062191,Metazoa_SRP
ENSCJAG00000080964,Metazoa_SRP
ENSCJAG00000059655,
ENSCJAG00000004154,TREML4
ENSCJAG00000076003,
ENSCJAG00000018478,CACNG5
ENSCJAG00000083518,U6
ENSCJAG00000070259,
ENSCJAG00000074099,
ENSCJAG00000078898,
ENSCJAG00000081348,Metazoa_SRP
ENSCJAG00000017435,
ENSCJAG00000021424,INSIG2
ENSCJAG00000071124,Metazoa_SRP
ENSCJAG00000087272,
ENSCJAG00000071962,
ENSCJAG00000081234,Metazoa_SRP
ENSCJAG00000021314,LARS1
ENSCJAG00000021046,TMEM239
ENSCJAG00000054006,
ENSCJAG00000072783,Metazoa_SRP
ENSCJAG00000074190,
ENSCJAG00000008146,NECAP2
ENSCJAG00000083761,
ENSCJAG00000073111,Metazoa_SRP
ENSCJAG00000059784,
ENSCJAG00000060241,SAP18
ENSCJAG00000058143,
ENSCJAG00000000989,EGFR
ENSCJAG00000072027,
ENSCJAG00000086800,
ENSCJAG00000084762,
ENSCJAG00000009738,FES
ENSCJAG00000058282,ALG14
ENSCJAG00000084743,U5
ENSCJAG00000079515,
ENSCJAG00000047437,Metazoa_SRP
ENSCJAG00000002001,PRRT1
ENSCJAG00000080944,Y_RNA
ENSCJAG00000068866,
ENSCJAG00000066933,
ENSCJAG00000019517,UBL3
ENSCJAG00000082185,Metazoa_SRP
ENSCJAG00000076957,
ENSCJAG00000022018,
ENSCJAG00000017601,FAM50B
ENSCJAG00000024392,SNORA71
ENSCJAG00000067788,
ENSCJAG00000077245,Metazoa_SRP
ENSCJAG00000037276,Metazoa_SRP
ENSCJAG00000075306,
ENSCJAG00000021056,PCED1A
ENSCJAG00000018627,ANKRD40
ENSCJAG00000083461,
ENSCJAG00000083264,SNORA71
ENSCJAG00000040429,THRA
ENSCJAG00000074711,
ENSCJAG00000015117,WDSUB1
ENSCJAG00000075466,
ENSCJAG00000001919,LRRC8D
ENSCJAG00000018153,TLCD4
ENSCJAG00000018664,SKA3
ENSCJAG00000018423,ZNF341
ENSCJAG00000076530,
ENSCJAG00000017603,PXDC1
ENSCJAG00000070871,
ENSCJAG00000034855,Y_RNA
ENSCJAG00000043117,
ENSCJAG00000006170,ECE1
ENSCJAG00000041223,EN1
ENSCJAG00000079731,
ENSCJAG00000000333,PRKCA
ENSCJAG00000008937,TRDMT1
ENSCJAG00000041176,ADIG
ENSCJAG00000086939,
ENSCJAG00000004160,TREM1
ENSCJAG00000076350,MRPL57
ENSCJAG00000072363,
ENSCJAG00000001897,ZNF326
ENSCJAG00000077466,Metazoa_SRP
ENSCJAG00000021612,KATNAL1
ENSCJAG00000021426,MARCO
ENSCJAG00000079909,
ENSCJAG00000073974,Metazoa_SRP
ENSCJAG00000026430,Y_RNA
ENSCJAG00000008688,VIM
ENSCJAG00000011443,ARHGAP40
ENSCJAG00000040759,C1QL2
ENSCJAG00000004170,NCR2
ENSCJAG00000079042,
ENSCJAG00000008057,CROCC
ENSCJAG00000086279,
ENSCJAG00000028353,U5
ENSCJAG00000006173,CERS6
ENSCJAG00000081260,
ENSCJAG00000018677,ZDHHC20
ENSCJAG00000084078,Metazoa_SRP
ENSCJAG00000037722,Metazoa_SRP
ENSCJAG00000018158,RWDD3
ENSCJAG00000034705,U6
ENSCJAG00000073008,Metazoa_SRP
ENSCJAG00000021433,STEAP3
ENSCJAG00000020685,UPF2
ENSCJAG00000008685,ST8SIA6
ENSCJAG00000081574,
ENSCJAG00000015159,TANC1
ENSCJAG00000015973,NR1D1
ENSCJAG00000012381,ARHGAP15
ENSCJAG00000071304,
ENSCJAG00000079039,UBE2L5
ENSCJAG00000001969,PPT2
ENSCJAG00000066263,SLC32A1
ENSCJAG00000086514,
ENSCJAG00000073228,
ENSCJAG00000002620,TRIT1
ENSCJAG00000074692,
ENSCJAG00000071906,
ENSCJAG00000080994,
ENSCJAG00000061192,
ENSCJAG00000000327,APOH
ENSCJAG00000011470,ACTR5
ENSCJAG00000059644,
ENSCJAG00000008663,PTPLA
ENSCJAG00000083132,
ENSCJAG00000020439,HMGB1
ENSCJAG00000077324,Metazoa_SRP
ENSCJAG00000006058,ATP1A1
ENSCJAG00000072266,
ENSCJAG00000021065,VPS16
ENSCJAG00000081446,
ENSCJAG00000087257,
ENSCJAG00000009790,FURIN
ENSCJAG00000081102,
ENSCJAG00000018609,ABCC3
ENSCJAG00000061188,
ENSCJAG00000087118,U7
ENSCJAG00000071535,
ENSCJAG00000080954,
ENSCJAG00000057183,C2orf76
ENSCJAG00000070573,
ENSCJAG00000082133,
ENSCJAG00000077521,Metazoa_SRP
ENSCJAG00000059390,
ENSCJAG00000080526,PXMP4
ENSCJAG00000004180,FOXP4
ENSCJAG00000083835,U6
ENSCJAG00000010861,UGGT1
ENSCJAG00000081589,U6
ENSCJAG00000075138,
ENSCJAG00000012051,NCOR1
ENSCJAG00000042672,
ENSCJAG00000000972,LANCL2
ENSCJAG00000073143,U1
ENSCJAG00000016012,MSL1
ENSCJAG00000082785,Metazoa_SRP
ENSCJAG00000081645,
ENSCJAG00000077445,
ENSCJAG00000077096,
ENSCJAG00000072790,
ENSCJAG00000008590,STAM
ENSCJAG00000073022,
ENSCJAG00000061115,Metazoa_SRP
ENSCJAG00000018451,E2F1
ENSCJAG00000073914,U6
ENSCJAG00000021616,USPL1
ENSCJAG00000063577,
ENSCJAG00000075649,
ENSCJAG00000079848,CEP112
ENSCJAG00000040979,Metazoa_SRP
ENSCJAG00000011490,PPP1R16B
ENSCJAG00000075219,U6
ENSCJAG00000072735,
ENSCJAG00000086938,
ENSCJAG00000009803,BLM
ENSCJAG00000078720,Metazoa_SRP
ENSCJAG00000074267,
ENSCJAG00000080731,DBI
ENSCJAG00000024164,U6
ENSCJAG00000082194,
ENSCJAG00000028943,U2
ENSCJAG00000018710,MICU2
ENSCJAG00000008038,MFAP2
ENSCJAG00000077916,Y_RNA
ENSCJAG00000072305,
ENSCJAG00000083176,
ENSCJAG00000051811,
ENSCJAG00000018455,NECAB3
ENSCJAG00000044429,MDFI
ENSCJAG00000006148,ALPL
ENSCJAG00000079793,
ENSCJAG00000020683,PROSER2
ENSCJAG00000001885,BARHL2
ENSCJAG00000008561,TMEM236
ENSCJAG00000074520,U1
ENSCJAG00000074644,Y_RNA
ENSCJAG00000086820,VOPP1
ENSCJAG00000039319,DAPL1
ENSCJAG00000067924,
ENSCJAG00000032138,TMEM37
ENSCJAG00000069649,
ENSCJAG00000075424,
ENSCJAG00000009892,CRTC3
ENSCJAG00000021617,ALOX5AP
ENSCJAG00000078787,U6
ENSCJAG00000016032,CASC3
ENSCJAG00000078370,
ENSCJAG00000036044,Metazoa_SRP
ENSCJAG00000012322,KYNU
ENSCJAG00000044488,AGPAT1
ENSCJAG00000078971,
ENSCJAG00000069139,
ENSCJAG00000041833,Metazoa_SRP
ENSCJAG00000086284,Metazoa_SRP
ENSCJAG00000080794,
ENSCJAG00000006518,STK39
ENSCJAG00000002700,MYCL
ENSCJAG00000078845,Metazoa_SRP
ENSCJAG00000080256,Metazoa_SRP
ENSCJAG00000058257,ACTL10
ENSCJAG00000021438,SCTR
ENSCJAG00000018674,MEDAG
ENSCJAG00000008479,MRC1
ENSCJAG00000079528,
ENSCJAG00000001948,RNF5
ENSCJAG00000041037,FGF9
ENSCJAG00000026167,Y_RNA
ENSCJAG00000018665,TEX26
ENSCJAG00000015236,PKP4
ENSCJAG00000017488,AXIN2
ENSCJAG00000084873,
ENSCJAG00000072454,
ENSCJAG00000087216,
ENSCJAG00000035788,Metazoa_SRP
ENSCJAG00000056991,
ENSCJAG00000011495,DHX35
ENSCJAG00000086305,5S_rRNA
ENSCJAG00000078529,
ENSCJAG00000079342,Metazoa_SRP
ENSCJAG00000018475,CBFA2T2
ENSCJAG00000078705,Metazoa_SRP
ENSCJAG00000070857,Metazoa_SRP
ENSCJAG00000012316,
ENSCJAG00000081421,
ENSCJAG00000021075,PTPRA
ENSCJAG00000002712,MFSD2A
ENSCJAG00000085739,Y_RNA
ENSCJAG00000029986,Y_RNA
ENSCJAG00000046894,
ENSCJAG00000082809,
ENSCJAG00000042175,NOL9
ENSCJAG00000083631,
ENSCJAG00000061942,
ENSCJAG00000079617,ECHDC3
ENSCJAG00000016049,RAPGEFL1
ENSCJAG00000021440,CFAP221
ENSCJAG00000074295,
ENSCJAG00000016043,FGGY
ENSCJAG00000018172,PTBP2
ENSCJAG00000076969,
ENSCJAG00000070393,
ENSCJAG00000075517,
ENSCJAG00000042126,B3GALT1
ENSCJAG00000078537,Y_RNA
ENSCJAG00000084312,
ENSCJAG00000079483,
ENSCJAG00000018768,
ENSCJAG00000075783,Metazoa_SRP
ENSCJAG00000069923,
ENSCJAG00000071707,U6
ENSCJAG00000001855,ZNF644
ENSCJAG00000053892,U7
ENSCJAG00000018729,SGCG
ENSCJAG00000078796,
ENSCJAG00000007970,ATP13A2
ENSCJAG00000078129,
ENSCJAG00000022946,PTGER3
ENSCJAG00000015325,CCDC148
ENSCJAG00000018597,HSPH1
ENSCJAG00000006124,RAP1GAP
ENSCJAG00000072717,
ENSCJAG00000085162,
ENSCJAG00000086506,U6
ENSCJAG00000001904,AGER
ENSCJAG00000004199,TFEB
ENSCJAG00000000215,TAS1R1
ENSCJAG00000009910,IQGAP1
ENSCJAG00000081727,U4
ENSCJAG00000043781,
ENSCJAG00000080022,
ENSCJAG00000074569,
ENSCJAG00000002738,CAP1
ENSCJAG00000056620,
ENSCJAG00000052641,
ENSCJAG00000086972,Metazoa_SRP
ENSCJAG00000000267,RGS9
ENSCJAG00000046931,
ENSCJAG00000071790,
ENSCJAG00000075989,
ENSCJAG00000084038,5S_rRNA
ENSCJAG00000071493,
ENSCJAG00000082070,
ENSCJAG00000038020,Metazoa_SRP
ENSCJAG00000074588,U4
ENSCJAG00000080051,TMEM177
ENSCJAG00000006049,
ENSCJAG00000071964,U6
ENSCJAG00000084220,Y_RNA
ENSCJAG00000083666,Metazoa_SRP
ENSCJAG00000044386,Metazoa_SRP
ENSCJAG00000066600,Metazoa_SRP
ENSCJAG00000030964,Y_RNA
ENSCJAG00000021086,GNRH2
ENSCJAG00000062119,
ENSCJAG00000048160,MAP2K3
ENSCJAG00000084644,
ENSCJAG00000021308,RBM27
ENSCJAG00000080976,U6
ENSCJAG00000075077,U1
ENSCJAG00000079261,U6
ENSCJAG00000071119,
ENSCJAG00000087297,
ENSCJAG00000082569,Metazoa_SRP
ENSCJAG00000021090,MRPS26
ENSCJAG00000083034,Metazoa_SRP
ENSCJAG00000074823,
ENSCJAG00000063894,
ENSCJAG00000081271,U6
ENSCJAG00000084883,
ENSCJAG00000000889,
ENSCJAG00000006471,XIRP2
ENSCJAG00000057250,U7
ENSCJAG00000027920,U4
ENSCJAG00000034811,U6
ENSCJAG00000010759,SAP130
ENSCJAG00000075350,
ENSCJAG00000087279,
ENSCJAG00000081093,POU4F3
ENSCJAG00000080980,
ENSCJAG00000074925,OXT
ENSCJAG00000046751,SNTA1
ENSCJAG00000070572,
ENSCJAG00000067362,
ENSCJAG00000076729,
ENSCJAG00000070824,
ENSCJAG00000076500,
ENSCJAG00000080213,
ENSCJAG00000018745,SACS
ENSCJAG00000015359,ACVR1
ENSCJAG00000002798,PPT1
ENSCJAG00000072084,
ENSCJAG00000085941,
ENSCJAG00000065821,
ENSCJAG00000079682,Metazoa_SRP
ENSCJAG00000020673,USP6NL
ENSCJAG00000021094,AVP
ENSCJAG00000006356,ZRANB2
ENSCJAG00000081406,
ENSCJAG00000074846,
ENSCJAG00000077254,
ENSCJAG00000067524,
ENSCJAG00000004226,PGC
ENSCJAG00000085663,Metazoa_SRP
ENSCJAG00000000265,GNA13
ENSCJAG00000072672,
ENSCJAG00000006006,IGSF3
ENSCJAG00000039103,Metazoa_SRP
ENSCJAG00000058533,Metazoa_SRP
ENSCJAG00000052189,cja-mir-548d-1
ENSCJAG00000075658,
ENSCJAG00000083259,
ENSCJAG00000078625,
ENSCJAG00000018500,CDK5RAP1
ENSCJAG00000070596,C17orf103
ENSCJAG00000065955,
ENSCJAG00000017565,TRPM1
ENSCJAG00000071794,
ENSCJAG00000013214,PTPN4
ENSCJAG00000001843,HFM1
ENSCJAG00000087240,
ENSCJAG00000076917,
ENSCJAG00000076056,
ENSCJAG00000077885,Metazoa_SRP
ENSCJAG00000041371,Metazoa_SRP
ENSCJAG00000021095,UBOX5
ENSCJAG00000075486,
ENSCJAG00000073154,
ENSCJAG00000086207,
ENSCJAG00000017441,MED24
ENSCJAG00000066008,
ENSCJAG00000071561,
ENSCJAG00000076868,
ENSCJAG00000027274,cja-mir-186
ENSCJAG00000004240,FRS3
ENSCJAG00000018834,TMEM11
ENSCJAG00000082103,
ENSCJAG00000021301,TCERG1
ENSCJAG00000078449,
ENSCJAG00000075134,
ENSCJAG00000084594,
ENSCJAG00000083914,
ENSCJAG00000036871,Metazoa_SRP
ENSCJAG00000078761,Y_RNA
ENSCJAG00000080124,
ENSCJAG00000000254,AMZ2
ENSCJAG00000047589,LZTS3
ENSCJAG00000081323,Metazoa_SRP
ENSCJAG00000042605,RLF
ENSCJAG00000039836,
ENSCJAG00000006448,SCN7A
ENSCJAG00000076732,
ENSCJAG00000019298,SV2B
ENSCJAG00000022957,
ENSCJAG00000073073,Metazoa_SRP
ENSCJAG00000004246,PRICKLE4
ENSCJAG00000015385,ACVR1C
ENSCJAG00000060337,RETNLB
ENSCJAG00000047041,
ENSCJAG00000083573,
ENSCJAG00000018570,B3GLCT
ENSCJAG00000079938,U6
ENSCJAG00000076036,
ENSCJAG00000074490,
ENSCJAG00000082307,
ENSCJAG00000066566,
ENSCJAG00000021106,DDRGK1
ENSCJAG00000002830,TMCO2
ENSCJAG00000081865,PRICKLE4_2
ENSCJAG00000077011,
ENSCJAG00000018837,DHRS7B
ENSCJAG00000076489,Metazoa_SRP
ENSCJAG00000069695,
ENSCJAG00000067305,
ENSCJAG00000081414,
ENSCJAG00000077843,U6
ENSCJAG00000075125,
ENSCJAG00000078387,Metazoa_SRP
ENSCJAG00000000248,SLC16A6
ENSCJAG00000062649,CD2
ENSCJAG00000016620,ROR1
ENSCJAG00000086529,U4
ENSCJAG00000008292,SLC39A12
ENSCJAG00000001886,PBX2
ENSCJAG00000072689,
ENSCJAG00000041073,U6
ENSCJAG00000004251,USP49
ENSCJAG00000002833,ZMPSTE24
ENSCJAG00000010743,AMMECR1L
ENSCJAG00000006382,NEGR1
ENSCJAG00000021114,ITPA
ENSCJAG00000078211,Y_RNA
ENSCJAG00000042460,U4
ENSCJAG00000018531,BPIFB1
ENSCJAG00000077391,Metazoa_SRP
ENSCJAG00000058612,U2
ENSCJAG00000073736,
ENSCJAG00000086797,
ENSCJAG00000012193,TTC19
ENSCJAG00000012158,LRP1B
ENSCJAG00000075493,
ENSCJAG00000076349,Metazoa_SRP
ENSCJAG00000005962,USP48
ENSCJAG00000018750,TNFRSF19
ENSCJAG00000024515,
ENSCJAG00000000244,ARSG
ENSCJAG00000005895,STAT4
ENSCJAG00000046946,PPP1R17
ENSCJAG00000073334,
ENSCJAG00000038757,
ENSCJAG00000007927,SDHB
ENSCJAG00000074713,
ENSCJAG00000084907,
ENSCJAG00000078208,
ENSCJAG00000041294,Metazoa_SRP
ENSCJAG00000072962,
ENSCJAG00000085119,Metazoa_SRP
ENSCJAG00000004259,MED20
ENSCJAG00000006358,SCN9A
ENSCJAG00000079667,5S_rRNA
ENSCJAG00000024835,cja-mir-211
ENSCJAG00000055857,
ENSCJAG00000080010,
ENSCJAG00000007190,ADGRL2
ENSCJAG00000025995,
ENSCJAG00000078562,U6
ENSCJAG00000045959,CDC7
ENSCJAG00000071878,
ENSCJAG00000045674,ZSWIM7
ENSCJAG00000079581,POLR2D
ENSCJAG00000086082,U6
ENSCJAG00000004266,BYSL
ENSCJAG00000073015,
ENSCJAG00000021119,SLC4A11
ENSCJAG00000018547,BPIFA1
ENSCJAG00000007838,PADI2
ENSCJAG00000071051,Y_RNA
ENSCJAG00000005961,PTGFRN
ENSCJAG00000069447,
ENSCJAG00000053299,CYTIP
ENSCJAG00000052064,
ENSCJAG00000035149,U6
ENSCJAG00000017528,MTMR10
ENSCJAG00000039991,Metazoa_SRP
ENSCJAG00000012216,ADORA2B
ENSCJAG00000000236,WIPI1
ENSCJAG00000086043,
ENSCJAG00000021711,GPR151
ENSCJAG00000002851,COL9A2
ENSCJAG00000043842,
ENSCJAG00000082884,
ENSCJAG00000016640,UBE2U
ENSCJAG00000073655,Metazoa_SRP
ENSCJAG00000076756,Metazoa_SRP
ENSCJAG00000085311,U6
ENSCJAG00000082770,Y_RNA
ENSCJAG00000018855,USP22
ENSCJAG00000077593,U6
ENSCJAG00000079545,
ENSCJAG00000084726,
ENSCJAG00000077692,
ENSCJAG00000071838,U4
ENSCJAG00000073706,U4
ENSCJAG00000018565,BPIFA3
ENSCJAG00000076450,
ENSCJAG00000071613,
ENSCJAG00000082465,
ENSCJAG00000069890,
ENSCJAG00000072058,U6
ENSCJAG00000064985,U7
ENSCJAG00000040565,Metazoa_SRP
ENSCJAG00000009007,ITPRID1
ENSCJAG00000018179,DPYD
ENSCJAG00000024823,U4
ENSCJAG00000077917,U6
ENSCJAG00000078816,U4
ENSCJAG00000033031,U6
ENSCJAG00000054131,
ENSCJAG00000072785,Metazoa_SRP
ENSCJAG00000077527,U6
ENSCJAG00000015740,FZD2
ENSCJAG00000083579,
ENSCJAG00000004284,CCND3
ENSCJAG00000043030,LDLRAD2
ENSCJAG00000042319,Metazoa_SRP
ENSCJAG00000036063,Metazoa_SRP
ENSCJAG00000068326,cja-mir-9912
ENSCJAG00000083096,U7
ENSCJAG00000001778,TGFBR3
ENSCJAG00000020663,CELF2
ENSCJAG00000005944,CD101
ENSCJAG00000055556,
ENSCJAG00000067802,U7
ENSCJAG00000083927,
ENSCJAG00000007777,PADI1
ENSCJAG00000077708,Metazoa_SRP
ENSCJAG00000071577,U6
ENSCJAG00000012224,MEIOC
ENSCJAG00000083371,U6
ENSCJAG00000078139,
ENSCJAG00000070560,U6
ENSCJAG00000000214,PRKAR1A
ENSCJAG00000077957,ERMN
ENSCJAG00000081669,
ENSCJAG00000064227,cja-mir-9946
ENSCJAG00000082319,
ENSCJAG00000071899,
ENSCJAG00000073654,Metazoa_SRP
ENSCJAG00000077275,
ENSCJAG00000078815,U5
ENSCJAG00000075590,
ENSCJAG00000042389,Metazoa_SRP
ENSCJAG00000036138,Metazoa_SRP
ENSCJAG00000074021,Y_RNA
ENSCJAG00000078988,
ENSCJAG00000076936,Metazoa_SRP
ENSCJAG00000038741,
ENSCJAG00000043807,CCDC43
ENSCJAG00000073635,
ENSCJAG00000072202,
ENSCJAG00000018522,RXFP2
ENSCJAG00000055736,
ENSCJAG00000017520,FAN1
ENSCJAG00000084284,
ENSCJAG00000001787,NOTCH4
ENSCJAG00000076994,U5
ENSCJAG00000010406,
ENSCJAG00000079182,U6
ENSCJAG00000073744,Metazoa_SRP
ENSCJAG00000086532,
ENSCJAG00000013283,EPB41L5
ENSCJAG00000004962,
ENSCJAG00000079819,U6
ENSCJAG00000085560,RPL39
ENSCJAG00000039654,Metazoa_SRP
ENSCJAG00000015426,GALNT5
ENSCJAG00000010706,WDR33
ENSCJAG00000021125,DNAAF9
ENSCJAG00000071088,
ENSCJAG00000075752,
ENSCJAG00000016656,CACHD1
ENSCJAG00000085092,
ENSCJAG00000084407,Metazoa_SRP
ENSCJAG00000026466,U6
ENSCJAG00000072784,
ENSCJAG00000077486,
ENSCJAG00000042915,
ENSCJAG00000021299,PPP2R2B
ENSCJAG00000068956,
ENSCJAG00000070491,
ENSCJAG00000016077,HOOK1
ENSCJAG00000079901,Y_RNA
ENSCJAG00000012241,DBF4B
ENSCJAG00000071478,U6
ENSCJAG00000069949,
ENSCJAG00000077467,
ENSCJAG00000071599,U6
ENSCJAG00000000202,FAM20A
ENSCJAG00000080113,
ENSCJAG00000079392,
ENSCJAG00000008997,NEUROD6
ENSCJAG00000074291,
ENSCJAG00000079233,
ENSCJAG00000073806,SNORA72
ENSCJAG00000018870,SPATA13
ENSCJAG00000083522,
ENSCJAG00000078828,
ENSCJAG00000082409,Y_RNA
ENSCJAG00000087168,
ENSCJAG00000062492,cja-mir-9907
ENSCJAG00000068893,Metazoa_SRP
ENSCJAG00000028423,SNORA73
ENSCJAG00000066634,
ENSCJAG00000002908,SMAP2
ENSCJAG00000086507,U1
ENSCJAG00000084641,
ENSCJAG00000006343,SCN1A
ENSCJAG00000005909,TTF2
ENSCJAG00000084058,
ENSCJAG00000071991,
ENSCJAG00000031619,LRRIQ3
ENSCJAG00000004292,TAF8
ENSCJAG00000015452,GPD2
ENSCJAG00000012152,NXPH2
ENSCJAG00000074329,Y_RNA
ENSCJAG00000085832,Metazoa_SRP
ENSCJAG00000068731,
ENSCJAG00000067448,U3
ENSCJAG00000017507,BRDT
ENSCJAG00000017493,APBA2
ENSCJAG00000005819,STAT1
ENSCJAG00000076824,
ENSCJAG00000081571,
ENSCJAG00000012036,EPHA4
ENSCJAG00000076107,
ENSCJAG00000086379,
ENSCJAG00000041394,SPOPL
ENSCJAG00000082179,
ENSCJAG00000056244,
ENSCJAG00000084827,
ENSCJAG00000074047,Y_RNA
ENSCJAG00000066058,
ENSCJAG00000067174,Metazoa_SRP
ENSCJAG00000081415,
ENSCJAG00000075581,Metazoa_SRP
ENSCJAG00000022397,SFT2D3
ENSCJAG00000032852,Vault
ENSCJAG00000023041,CLDN12
ENSCJAG00000082313,Y_RNA
ENSCJAG00000075400,
ENSCJAG00000039441,C6orf132
ENSCJAG00000047253,FPGT
ENSCJAG00000074554,U6
ENSCJAG00000016724,RAVER2
ENSCJAG00000004108,TMEM185B
ENSCJAG00000082723,
ENSCJAG00000074722,
ENSCJAG00000002952,ZFP69B
ENSCJAG00000012274,ADAM11
ENSCJAG00000085552,Metazoa_SRP
ENSCJAG00000080274,U6
ENSCJAG00000082089,ENTREP2
ENSCJAG00000069986,U6
ENSCJAG00000072623,
ENSCJAG00000076167,
ENSCJAG00000027792,U3
ENSCJAG00000042922,CIMIP3
ENSCJAG00000015464,NR4A2
ENSCJAG00000085970,
ENSCJAG00000080851,U6
ENSCJAG00000014212,GTPBP10
ENSCJAG00000074458,Metazoa_SRP
ENSCJAG00000073847,
ENSCJAG00000068592,Metazoa_SRP
ENSCJAG00000076808,Metazoa_SRP
ENSCJAG00000004301,GUCA1A
ENSCJAG00000076541,
ENSCJAG00000062374,ZFP69
ENSCJAG00000013326,RALB
ENSCJAG00000077768,
ENSCJAG00000081972,Metazoa_SRP
ENSCJAG00000001342,AEBP2
ENSCJAG00000082434,
ENSCJAG00000012088,PAX3
ENSCJAG00000070620,GUCA1B
ENSCJAG00000017418,MTMR4
ENSCJAG00000043050,Metazoa_SRP
ENSCJAG00000084913,Metazoa_SRP
ENSCJAG00000078626,Y_RNA
ENSCJAG00000081249,
ENSCJAG00000026023,MIR137
ENSCJAG00000086160,
ENSCJAG00000002961,EXO5
ENSCJAG00000071430,Metazoa_SRP
ENSCJAG00000085717,
ENSCJAG00000016743,JAK1
ENSCJAG00000084470,
ENSCJAG00000073911,
ENSCJAG00000074220,
ENSCJAG00000042068,FAM237B
ENSCJAG00000010669,LIMS2
ENSCJAG00000079470,
ENSCJAG00000075253,MRPS10
ENSCJAG00000074402,
ENSCJAG00000081487,
ENSCJAG00000083661,
ENSCJAG00000078948,
ENSCJAG00000084973,Metazoa_SRP
ENSCJAG00000081223,Metazoa_SRP
ENSCJAG00000087003,
ENSCJAG00000012109,HNMT
ENSCJAG00000071543,Metazoa_SRP
ENSCJAG00000034709,U1
ENSCJAG00000048402,INHBB
ENSCJAG00000072446,
ENSCJAG00000078566,
ENSCJAG00000060331,Metazoa_SRP
ENSCJAG00000002965,ZNF684
ENSCJAG00000078445,
ENSCJAG00000048414,U4
ENSCJAG00000021148,ATRN
ENSCJAG00000083324,
ENSCJAG00000062574,
ENSCJAG00000006412,TNNI3K
ENSCJAG00000073397,
ENSCJAG00000046123,ZBTB43
ENSCJAG00000077818,
ENSCJAG00000082932,
ENSCJAG00000075879,
ENSCJAG00000004347,TRERF1
ENSCJAG00000063660,
ENSCJAG00000072938,
ENSCJAG00000021856,ZBTB34
ENSCJAG00000074526,
ENSCJAG00000082184,
ENSCJAG00000064969,Metazoa_SRP
ENSCJAG00000069206,
ENSCJAG00000057486,cja-mir-942
ENSCJAG00000076264,
ENSCJAG00000014219,CFAP69
ENSCJAG00000021297,STK32A
ENSCJAG00000024239,U6
ENSCJAG00000078448,
ENSCJAG00000054514,RNF228
ENSCJAG00000042108,U6
ENSCJAG00000082075,
ENSCJAG00000077644,
ENSCJAG00000024821,cja-mir-101-1
ENSCJAG00000063639,
ENSCJAG00000080241,
ENSCJAG00000074376,Y_RNA
ENSCJAG00000078737,
ENSCJAG00000085077,
ENSCJAG00000071477,
ENSCJAG00000053122,
ENSCJAG00000033658,Y_RNA
ENSCJAG00000006296,TTC21B
ENSCJAG00000045848,GJC1
ENSCJAG00000053899,Metazoa_SRP
ENSCJAG00000080104,
ENSCJAG00000083924,
ENSCJAG00000087232,
ENSCJAG00000059896,Metazoa_SRP
ENSCJAG00000000190,ABCA6
ENSCJAG00000018195,SNX7
ENSCJAG00000065517,U3
ENSCJAG00000005897,TRIM45
ENSCJAG00000081832,
ENSCJAG00000078779,
ENSCJAG00000084592,
ENSCJAG00000074704,Metazoa_SRP
ENSCJAG00000083625,U6
ENSCJAG00000058714,
ENSCJAG00000002973,RIMS3
ENSCJAG00000054038,
ENSCJAG00000082286,Y_RNA
ENSCJAG00000051220,GPR17
ENSCJAG00000047586,SGPP2
ENSCJAG00000038734,U4
ENSCJAG00000015429,TCP11
ENSCJAG00000082813,
ENSCJAG00000039133,HIGD1B
ENSCJAG00000046466,AK4
ENSCJAG00000005154,
ENSCJAG00000079597,
ENSCJAG00000018908,TEKT4
ENSCJAG00000005763,GLS
ENSCJAG00000061297,
ENSCJAG00000082759,
ENSCJAG00000017380,HSF5
ENSCJAG00000012054,THSD7B
ENSCJAG00000084484,
ENSCJAG00000081510,U6
ENSCJAG00000076028,Metazoa_SRP
ENSCJAG00000017946,RALGPS1
ENSCJAG00000037959,Metazoa_SRP
ENSCJAG00000021289,DPYSL3
ENSCJAG00000021160,GFRA4
ENSCJAG00000015490,KCNJ3
ENSCJAG00000076327,
ENSCJAG00000072271,
ENSCJAG00000006486,LRRC53
ENSCJAG00000086255,
ENSCJAG00000001733,
ENSCJAG00000079081,
ENSCJAG00000004399,UBR2
ENSCJAG00000086534,Metazoa_SRP
ENSCJAG00000064735,
ENSCJAG00000012181,FARSB
ENSCJAG00000021161,ADAM33
ENSCJAG00000082091,
ENSCJAG00000038283,GATA3
ENSCJAG00000046815,
ENSCJAG00000015443,SCUBE3
ENSCJAG00000071185,Metazoa_SRP
ENSCJAG00000012349,EFTUD2
ENSCJAG00000008919,ADCYAP1R1
ENSCJAG00000014261,STEAP2
ENSCJAG00000078502,
ENSCJAG00000042571,Metazoa_SRP
ENSCJAG00000008427,NSUN6
ENSCJAG00000077385,
ENSCJAG00000073777,
ENSCJAG00000056934,
ENSCJAG00000084294,
ENSCJAG00000054888,U3
ENSCJAG00000017375,RNF43
ENSCJAG00000010630,MYO7B
ENSCJAG00000070606,
ENSCJAG00000018931,ATP12A
ENSCJAG00000076717,Y_RNA
ENSCJAG00000044948,U4
ENSCJAG00000018231,PLPPR5
ENSCJAG00000001722,BTNL2
ENSCJAG00000086252,
ENSCJAG00000017978,ANGPTL2
ENSCJAG00000020650,TAF3
ENSCJAG00000071267,U4
ENSCJAG00000005878,VTCN1
ENSCJAG00000039276,ARL5B
ENSCJAG00000012293,MOGAT1
ENSCJAG00000074675,
ENSCJAG00000017540,BTBD8
ENSCJAG00000013342,GLI2
ENSCJAG00000080473,
ENSCJAG00000082425,
ENSCJAG00000086712,U5
ENSCJAG00000006491,ERICH3
ENSCJAG00000076118,
ENSCJAG00000005940,HSPG2
ENSCJAG00000077791,
ENSCJAG00000066872,
ENSCJAG00000073718,Metazoa_SRP
ENSCJAG00000075594,U6
ENSCJAG00000079904,
ENSCJAG00000071927,Metazoa_SRP
ENSCJAG00000076877,
ENSCJAG00000004580,PRPH2
ENSCJAG00000012239,RAP1GAP2
ENSCJAG00000073436,Y_RNA
ENSCJAG00000014277,STEAP1
ENSCJAG00000047567,HLA-DRA
ENSCJAG00000070866,
ENSCJAG00000086960,
ENSCJAG00000002987,NFYC
ENSCJAG00000084131,
ENSCJAG00000074599,
ENSCJAG00000028419,U4
ENSCJAG00000053765,
ENSCJAG00000070300,U1
ENSCJAG00000016130,CYP2J2
ENSCJAG00000005748,NAB1
ENSCJAG00000077116,
ENSCJAG00000012308,ACSL3
ENSCJAG00000078702,U6
ENSCJAG00000069911,
ENSCJAG00000086504,
ENSCJAG00000047692,CCDC103
ENSCJAG00000080246,
ENSCJAG00000074859,
ENSCJAG00000021174,SIGLEC1
ENSCJAG00000008267,MALRD1
ENSCJAG00000069052,
ENSCJAG00000070475,cja-mir-548c-1
ENSCJAG00000071829,
ENSCJAG00000077694,
ENSCJAG00000043007,Metazoa_SRP
ENSCJAG00000082650,
ENSCJAG00000083248,
ENSCJAG00000020635,ATP5F1C
ENSCJAG00000086899,
ENSCJAG00000007255,TTLL7
ENSCJAG00000039484,PLPPR4
ENSCJAG00000079078,
ENSCJAG00000059773,
ENSCJAG00000071499,
ENSCJAG00000017369,SUPT4H1
ENSCJAG00000076335,
ENSCJAG00000016859,DNAJC6
ENSCJAG00000072242,
ENSCJAG00000083521,
ENSCJAG00000039158,Metazoa_SRP
ENSCJAG00000015503,GALNT13
ENSCJAG00000074653,
ENSCJAG00000080125,
ENSCJAG00000052642,
ENSCJAG00000085323,
ENSCJAG00000006274,GALNT3
ENSCJAG00000051841,U7
ENSCJAG00000012344,KCNE4
ENSCJAG00000024403,cja-mir-30e
ENSCJAG00000085144,
ENSCJAG00000037901,MIR142
ENSCJAG00000081509,
ENSCJAG00000013356,TFCP2L1
ENSCJAG00000018937,RNF17
ENSCJAG00000014282,ZNF804B
ENSCJAG00000015519,
ENSCJAG00000025962,MIR30C1
ENSCJAG00000079553,
ENSCJAG00000017982,GARNL3
ENSCJAG00000012046,CXCR4
ENSCJAG00000006521,CRYZ
ENSCJAG00000087065,
ENSCJAG00000078344,U6
ENSCJAG00000024293,U3
ENSCJAG00000005743,NEMP2
ENSCJAG00000012563,GFAP
ENSCJAG00000086350,U7
ENSCJAG00000044115,Metazoa_SRP
ENSCJAG00000082471,U6
ENSCJAG00000001320,PLEKHA5
ENSCJAG00000016137,C1orf87
ENSCJAG00000018277,PALMD
ENSCJAG00000058710,
ENSCJAG00000011967,DARS1
ENSCJAG00000061584,TEX47
ENSCJAG00000084891,
ENSCJAG00000079011,Caja-DRB1
ENSCJAG00000029687,U4
ENSCJAG00000073019,
ENSCJAG00000009796,LIN28A
ENSCJAG00000005733,MFSD6
ENSCJAG00000008238,PLXDC2
ENSCJAG00000012345,SCG2
ENSCJAG00000086777,
ENSCJAG00000006550,TYW3
ENSCJAG00000044219,STEAP4
ENSCJAG00000010560,IWS1
ENSCJAG00000017335,TSPOAP1
ENSCJAG00000069620,
ENSCJAG00000063781,
ENSCJAG00000084477,
ENSCJAG00000058867,U1
ENSCJAG00000084268,
ENSCJAG00000080163,U4
ENSCJAG00000002997,KCNQ4
ENSCJAG00000082293,
ENSCJAG00000075330,Metazoa_SRP
ENSCJAG00000073941,
ENSCJAG00000020631,KIN
ENSCJAG00000082151,
ENSCJAG00000086259,
ENSCJAG00000086580,
ENSCJAG00000076595,
ENSCJAG00000069662,U3
ENSCJAG00000005860,MAN1A2
ENSCJAG00000018284,FRRS1
ENSCJAG00000011898,MCM6
ENSCJAG00000062458,FAM187A
ENSCJAG00000030817,MIR592
ENSCJAG00000083129,
ENSCJAG00000005706,INPP1
ENSCJAG00000075511,
ENSCJAG00000076326,
ENSCJAG00000080561,Metazoa_SRP
ENSCJAG00000053189,
ENSCJAG00000083023,
ENSCJAG00000078372,
ENSCJAG00000083608,
ENSCJAG00000079044,
ENSCJAG00000082076,
ENSCJAG00000081890,
ENSCJAG00000021184,HSPA12B
ENSCJAG00000012595,KIF18B
ENSCJAG00000086291,U1
ENSCJAG00000081944,
ENSCJAG00000084854,
ENSCJAG00000006569,LHX8
ENSCJAG00000074008,
ENSCJAG00000063994,
ENSCJAG00000061790,
ENSCJAG00000009802,DHDDS
ENSCJAG00000076819,U6
ENSCJAG00000084351,
ENSCJAG00000007331,PRKACB
ENSCJAG00000083766,
ENSCJAG00000084687,U6
ENSCJAG00000012352,AP1S3
ENSCJAG00000078556,
ENSCJAG00000077173,
ENSCJAG00000012638,C1QL1
ENSCJAG00000086823,Metazoa_SRP
ENSCJAG00000082077,Metazoa_SRP
ENSCJAG00000042709,
ENSCJAG00000014298,SRI
ENSCJAG00000074891,
ENSCJAG00000022998,
ENSCJAG00000030277,U4
ENSCJAG00000073573,
ENSCJAG00000083415,
ENSCJAG00000070856,U6
ENSCJAG00000040380,ADISSP
ENSCJAG00000048133,DCAKD
ENSCJAG00000060880,Metazoa_SRP
ENSCJAG00000015604,PPARD
ENSCJAG00000054298,Metazoa_SRP
ENSCJAG00000033170,
ENSCJAG00000075781,
ENSCJAG00000081720,
ENSCJAG00000081970,
ENSCJAG00000082938,
ENSCJAG00000069810,
ENSCJAG00000025336,U2
ENSCJAG00000046475,CITED4
ENSCJAG00000018048,SLC2A8
ENSCJAG00000017310,MPO
ENSCJAG00000079939,U6
ENSCJAG00000065347,
ENSCJAG00000003411,RBM15
ENSCJAG00000011870,LCT
ENSCJAG00000018946,CENPJ
ENSCJAG00000012649,NMT1
ENSCJAG00000013398,CLASP1
ENSCJAG00000012362,WDFY1
ENSCJAG00000077907,
ENSCJAG00000081061,
ENSCJAG00000079721,
ENSCJAG00000066888,
ENSCJAG00000043252,SPEF1
ENSCJAG00000018073,ZNF79
ENSCJAG00000005679,HIBCH
ENSCJAG00000039286,LEPROT
ENSCJAG00000017547,C1orf146
ENSCJAG00000020625,ITIH2
ENSCJAG00000082871,
ENSCJAG00000079107,
ENSCJAG00000021549,Caja-DQA
ENSCJAG00000080669,
ENSCJAG00000084924,
ENSCJAG00000076491,Y_RNA
ENSCJAG00000073442,Y_RNA
ENSCJAG00000086998,
ENSCJAG00000085271,Y_RNA
ENSCJAG00000018082,RPL12
ENSCJAG00000032647,Y_RNA
ENSCJAG00000038517,CENPB
ENSCJAG00000034661,LPO
ENSCJAG00000078247,
ENSCJAG00000035799,
ENSCJAG00000083231,
ENSCJAG00000055665,Metazoa_SRP
ENSCJAG00000008182,NEBL
ENSCJAG00000069861,Y_RNA
ENSCJAG00000070665,
ENSCJAG00000017370,TJP1
ENSCJAG00000010515,PROC
ENSCJAG00000046375,
ENSCJAG00000071883,
ENSCJAG00000003003,CTPS1
ENSCJAG00000012401,MRPL44
ENSCJAG00000030273,SNORA65
ENSCJAG00000084923,
ENSCJAG00000087310,
ENSCJAG00000012703,PLCD3
ENSCJAG00000039217,TENT5C
ENSCJAG00000017552,GLMN
ENSCJAG00000087183,Metazoa_SRP
ENSCJAG00000082116,
ENSCJAG00000075491,
ENSCJAG00000076854,Metazoa_SRP
ENSCJAG00000085900,
ENSCJAG00000003423,SLC16A4
ENSCJAG00000078797,
ENSCJAG00000006591,SLC44A5
ENSCJAG00000017555,POT1
ENSCJAG00000083960,
ENSCJAG00000010588,
ENSCJAG00000074636,
ENSCJAG00000008602,SLC25A24
ENSCJAG00000021199,CDC25B
ENSCJAG00000012404,SERPINE2
ENSCJAG00000078656,
ENSCJAG00000081042,
ENSCJAG00000070146,
ENSCJAG00000071571,
ENSCJAG00000080106,
ENSCJAG00000083244,
ENSCJAG00000027837,U4
ENSCJAG00000075963,
ENSCJAG00000077977,
ENSCJAG00000086628,
ENSCJAG00000072965,
ENSCJAG00000000147,ABCA5
ENSCJAG00000015623,FANCE
ENSCJAG00000025174,U4
ENSCJAG00000016945,LEPR
ENSCJAG00000018953,PABPC3
ENSCJAG00000085351,
ENSCJAG00000082397,
ENSCJAG00000081703,
ENSCJAG00000016165,NFIA
ENSCJAG00000019200,AMER2
ENSCJAG00000011842,UBXN4
ENSCJAG00000017553,
ENSCJAG00000042194,RPL10A
ENSCJAG00000012732,ACBD4
ENSCJAG00000047812,
ENSCJAG00000005808,GDAP2
ENSCJAG00000062209,
ENSCJAG00000010475,MAP3K2
ENSCJAG00000009919,RPS6KA1
ENSCJAG00000071183,
ENSCJAG00000081069,
ENSCJAG00000074606,
ENSCJAG00000017546,GPR37
ENSCJAG00000007242,PLCZ1
ENSCJAG00000017254,MKS1
ENSCJAG00000076691,
ENSCJAG00000086440,U6
ENSCJAG00000076133,
ENSCJAG00000081560,
ENSCJAG00000086791,
ENSCJAG00000038186,SAMD13
ENSCJAG00000071263,U6
ENSCJAG00000015661,TEAD3
ENSCJAG00000072501,5S_rRNA
ENSCJAG00000046376,AP5S1
ENSCJAG00000041689,
ENSCJAG00000077091,
ENSCJAG00000081768,RPS3A
ENSCJAG00000074835,
ENSCJAG00000072290,
ENSCJAG00000056038,
ENSCJAG00000070481,
ENSCJAG00000078803,Y_RNA
ENSCJAG00000032976,Y_RNA
ENSCJAG00000012445,FAM124B
ENSCJAG00000084946,HEXIM2
ENSCJAG00000078776,Metazoa_SRP
ENSCJAG00000017545,TMEM229A
ENSCJAG00000020618,ITIH5
ENSCJAG00000048021,Metazoa_SRP
ENSCJAG00000027295,U1
ENSCJAG00000071252,
ENSCJAG00000070517,Metazoa_SRP
ENSCJAG00000084628,
ENSCJAG00000010416,ERCC3
ENSCJAG00000021211,MAVS
ENSCJAG00000023039,
ENSCJAG00000079127,
ENSCJAG00000055624,U6
ENSCJAG00000018088,LRSAM1
ENSCJAG00000041121,
ENSCJAG00000053670,
ENSCJAG00000026916,U1
ENSCJAG00000019209,MTMR6
ENSCJAG00000017536,SPAM1
ENSCJAG00000073998,Metazoa_SRP
ENSCJAG00000015713,TULP1
ENSCJAG00000003438,LAMTOR5
ENSCJAG00000082953,U6
ENSCJAG00000013386,NIFK
ENSCJAG00000069803,Metazoa_SRP
ENSCJAG00000005673,C2orf88
ENSCJAG00000005749,WDR3
ENSCJAG00000053809,cja-mir-1253
ENSCJAG00000062551,
ENSCJAG00000017533,HYAL4
ENSCJAG00000021217,PANK2
ENSCJAG00000014311,ADAM22
ENSCJAG00000070344,
ENSCJAG00000012449,CUL3
ENSCJAG00000080773,Metazoa_SRP
ENSCJAG00000077754,Metazoa_SRP
ENSCJAG00000075719,
ENSCJAG00000070851,Metazoa_SRP
ENSCJAG00000083996,
ENSCJAG00000074639,
ENSCJAG00000073490,
ENSCJAG00000017240,EPX
ENSCJAG00000080732,Metazoa_SRP
ENSCJAG00000038944,WASL
ENSCJAG00000028703,cja-mir-103a-1
ENSCJAG00000012745,FMNL1
ENSCJAG00000076343,
ENSCJAG00000029808,U8
ENSCJAG00000074911,
ENSCJAG00000010387,CYP27C1
ENSCJAG00000007377,
ENSCJAG00000016372,
ENSCJAG00000011718,R3HDM1
ENSCJAG00000036048,Metazoa_SRP
ENSCJAG00000007208,PIK3C2G
ENSCJAG00000071090,TSN
ENSCJAG00000083188,PROK1
ENSCJAG00000035201,Y_RNA
ENSCJAG00000003039,SCMH1
ENSCJAG00000005664,MSTN
ENSCJAG00000021226,RNF24
ENSCJAG00000008846,GHRHR
ENSCJAG00000015725,FKBP5
ENSCJAG00000072935,U7
ENSCJAG00000058976,
ENSCJAG00000041286,
ENSCJAG00000086198,Y_RNA
ENSCJAG00000061588,U7
ENSCJAG00000083724,Metazoa_SRP
ENSCJAG00000080061,
ENSCJAG00000076374,
ENSCJAG00000083834,Metazoa_SRP
ENSCJAG00000069169,
ENSCJAG00000083225,Metazoa_SRP
ENSCJAG00000047182,
ENSCJAG00000003447,
ENSCJAG00000086191,
ENSCJAG00000046240,Metazoa_SRP
ENSCJAG00000041592,Metazoa_SRP
ENSCJAG00000072715,
ENSCJAG00000083028,SLC11A2
ENSCJAG00000012281,CLUH
ENSCJAG00000017483,LMOD2
ENSCJAG00000071040,
ENSCJAG00000071427,
ENSCJAG00000087157,
ENSCJAG00000031690,U5
ENSCJAG00000015745,ARMC12
ENSCJAG00000039368,RERGL
ENSCJAG00000083219,
ENSCJAG00000046247,U6
ENSCJAG00000017591,RPAP2
ENSCJAG00000047659,KCNA2
ENSCJAG00000007380,DNASE2B
ENSCJAG00000069724,
ENSCJAG00000080828,
ENSCJAG00000040006,CCDC195
ENSCJAG00000087332,Metazoa_SRP
ENSCJAG00000073574,U4
ENSCJAG00000047310,
ENSCJAG00000080498,Metazoa_SRP
ENSCJAG00000046112,
ENSCJAG00000058900,
ENSCJAG00000019231,NUP58
ENSCJAG00000044415,Y_RNA
ENSCJAG00000046424,U2
ENSCJAG00000041055,
ENSCJAG00000017022,PDE4B
ENSCJAG00000083991,
ENSCJAG00000032915,U6
ENSCJAG00000056130,MIR128-1
ENSCJAG00000016384,MKLN1
ENSCJAG00000073394,
ENSCJAG00000005590,PMS1
ENSCJAG00000003459,KCNA3
ENSCJAG00000076495,SPAG17
ENSCJAG00000078946,
ENSCJAG00000015754,CLPSL2
ENSCJAG00000060928,
ENSCJAG00000008623,VAV3
ENSCJAG00000081769,Y_RNA
ENSCJAG00000017234,
ENSCJAG00000020608,SFMBT2
ENSCJAG00000073169,
ENSCJAG00000028008,5S_rRNA
ENSCJAG00000021237,SMOX
ENSCJAG00000007400,RPF1
ENSCJAG00000082067,
ENSCJAG00000008833,MINDY4
ENSCJAG00000017456,ASB15
ENSCJAG00000077734,
ENSCJAG00000074558,
ENSCJAG00000015756,CLPSL1
ENSCJAG00000081801,
ENSCJAG00000074179,Metazoa_SRP
ENSCJAG00000079128,Metazoa_SRP
ENSCJAG00000010218,BIN1
ENSCJAG00000084069,
ENSCJAG00000046967,CD53
ENSCJAG00000076291,
ENSCJAG00000074881,
ENSCJAG00000015758,CLPS
ENSCJAG00000084514,Metazoa_SRP
ENSCJAG00000021589,LMO3
ENSCJAG00000087345,GNG5
ENSCJAG00000011678,
ENSCJAG00000083067,U6
ENSCJAG00000012775,MAP3K14
ENSCJAG00000009833,ARID1A
ENSCJAG00000080441,
ENSCJAG00000008166,SKIDA1
ENSCJAG00000017210,SLC13A5
ENSCJAG00000060773,LHFPL5
ENSCJAG00000021251,ADRA1D
ENSCJAG00000036412,Metazoa_SRP
ENSCJAG00000074469,Y_RNA
ENSCJAG00000080386,
ENSCJAG00000078810,Metazoa_SRP
ENSCJAG00000086741,Metazoa_SRP
ENSCJAG00000068487,
ENSCJAG00000079568,Metazoa_SRP
ENSCJAG00000083172,U4
ENSCJAG00000047939,FOXO6
ENSCJAG00000082849,
ENSCJAG00000006692,ACADM
ENSCJAG00000071014,
ENSCJAG00000056781,Metazoa_SRP
ENSCJAG00000072146,
ENSCJAG00000007432,SPATA1
ENSCJAG00000083959,U6
ENSCJAG00000003074,
ENSCJAG00000064812,
ENSCJAG00000048656,ORMDL1
ENSCJAG00000070515,
ENSCJAG00000042963,TM2D1
ENSCJAG00000008786,INMT
ENSCJAG00000075095,
ENSCJAG00000079391,
ENSCJAG00000071726,
ENSCJAG00000012325,PAFAH1B1
ENSCJAG00000013162,LRIF1
ENSCJAG00000061905,MGST1
ENSCJAG00000076180,Y_RNA
ENSCJAG00000079898,
ENSCJAG00000083404,
ENSCJAG00000005662,TBX15
ENSCJAG00000083655,NDUFA5
ENSCJAG00000072761,
ENSCJAG00000076386,
ENSCJAG00000079129,
ENSCJAG00000002739,
ENSCJAG00000079609,U6
ENSCJAG00000015768,SRPK1
ENSCJAG00000081342,
ENSCJAG00000021591,SLC15A5
ENSCJAG00000056333,U3
ENSCJAG00000021689,
ENSCJAG00000064357,
ENSCJAG00000080955,Y_RNA
ENSCJAG00000025070,cja-mir-29b-2
ENSCJAG00000042600,Metazoa_SRP
ENSCJAG00000024976,Y_RNA
ENSCJAG00000077416,U6
ENSCJAG00000030232,cja-mir-29a
ENSCJAG00000085824,Metazoa_SRP
ENSCJAG00000077119,
ENSCJAG00000083410,U6
ENSCJAG00000073068,
ENSCJAG00000013188,CEPT1
ENSCJAG00000087277,
ENSCJAG00000039483,Metazoa_SRP
ENSCJAG00000076637,Y_RNA
ENSCJAG00000005653,WARS2
ENSCJAG00000077686,
ENSCJAG00000080259,
ENSCJAG00000001210,GLIPR1
ENSCJAG00000008694,CRHR2
ENSCJAG00000042636,PIGV
ENSCJAG00000084106,
ENSCJAG00000082943,
ENSCJAG00000007444,CTBS
ENSCJAG00000012810,ARHGAP27
ENSCJAG00000078619,
ENSCJAG00000070621,
ENSCJAG00000046791,Metazoa_SRP
ENSCJAG00000059927,Metazoa_SRP
ENSCJAG00000038515,KLF14
ENSCJAG00000008081,MLLT10
ENSCJAG00000080352,Metazoa_SRP
ENSCJAG00000058293,
ENSCJAG00000055386,ASNSD1
ENSCJAG00000017429,IQUB
ENSCJAG00000018109,NIBAN2
ENSCJAG00000029719,SNORA72
ENSCJAG00000082873,
ENSCJAG00000087350,TSGA13
ENSCJAG00000012521,DOCK10
ENSCJAG00000009969,ZDHHC18
ENSCJAG00000076104,
ENSCJAG00000037119,Metazoa_SRP
ENSCJAG00000015848,HIVEP3
ENSCJAG00000012375,METTL16
ENSCJAG00000017191,XAF1
ENSCJAG00000069700,
ENSCJAG00000019263,ATP8A2
ENSCJAG00000077279,
ENSCJAG00000077515,Metazoa_SRP
ENSCJAG00000073517,Metazoa_SRP
ENSCJAG00000068617,cja-mir-9927
ENSCJAG00000047311,DENND2D
ENSCJAG00000022354,
ENSCJAG00000011643,RAB3GAP1
ENSCJAG00000044461,
ENSCJAG00000069720,
ENSCJAG00000017188,FBXO39
ENSCJAG00000070535,U7
ENSCJAG00000000122,MAP2K6
ENSCJAG00000075145,
ENSCJAG00000078900,
ENSCJAG00000083001,ASDURF
ENSCJAG00000079354,
ENSCJAG00000015817,SLC26A8
ENSCJAG00000047214,SFN
ENSCJAG00000074012,U6
ENSCJAG00000078382,U7
ENSCJAG00000017609,GFI1
ENSCJAG00000017179,TEKT1
ENSCJAG00000070988,
ENSCJAG00000005623,HAO2
ENSCJAG00000040403,GUCA2B
ENSCJAG00000012389,MNT
ENSCJAG00000007456,SSX2IP
ENSCJAG00000076031,
ENSCJAG00000080491,
ENSCJAG00000086687,TMPRSS12
ENSCJAG00000008595,GARS1
ENSCJAG00000020594,PRKCQ
ENSCJAG00000080427,
ENSCJAG00000078308,
ENSCJAG00000036128,5S_rRNA
ENSCJAG00000018482,FRY
ENSCJAG00000078010,Y_RNA
ENSCJAG00000082854,U6
ENSCJAG00000074472,Metazoa_SRP
ENSCJAG00000071363,
ENSCJAG00000083004,
ENSCJAG00000077672,Metazoa_SRP
ENSCJAG00000013226,CHI3L2
ENSCJAG00000074325,
ENSCJAG00000012852,PLEKHM1
ENSCJAG00000014413,DBF4
ENSCJAG00000086816,
ENSCJAG00000009981,GPN2
ENSCJAG00000086201,Metazoa_SRP
ENSCJAG00000003087,GUCA2A
ENSCJAG00000005498,SLC40A1
ENSCJAG00000072517,U6
ENSCJAG00000080945,U6
ENSCJAG00000038964,PRNP
ENSCJAG00000016441,COPG2
ENSCJAG00000016940,ALOX12
ENSCJAG00000073117,
ENSCJAG00000042361,U6
ENSCJAG00000030351,SNORD45C
ENSCJAG00000074841,
ENSCJAG00000021592,STRAP
ENSCJAG00000019817,STXBP1
ENSCJAG00000086759,
ENSCJAG00000044845,SLC13A1
ENSCJAG00000001222,GLIPR1L2
ENSCJAG00000046612,PRND
ENSCJAG00000029945,SNORD45A
ENSCJAG00000071793,
ENSCJAG00000048506,
ENSCJAG00000070111,SNORD45B
ENSCJAG00000084326,Metazoa_SRP
ENSCJAG00000077330,Metazoa_SRP
ENSCJAG00000010000,GPATCH3
ENSCJAG00000084820,U6
ENSCJAG00000055037,
ENSCJAG00000016931,RNASEK
ENSCJAG00000078265,
ENSCJAG00000014451,SLC25A40
ENSCJAG00000076455,
ENSCJAG00000071673,U6
ENSCJAG00000084729,
ENSCJAG00000005427,WDR75
ENSCJAG00000074294,
ENSCJAG00000066896,
ENSCJAG00000013268,
ENSCJAG00000072608,
ENSCJAG00000075569,
ENSCJAG00000069534,
ENSCJAG00000006791,MSH4
ENSCJAG00000010029,NR0B2
ENSCJAG00000082163,
ENSCJAG00000086206,
ENSCJAG00000045985,Metazoa_SRP
ENSCJAG00000036552,Metazoa_SRP
ENSCJAG00000017101,SGIP1
ENSCJAG00000073150,
ENSCJAG00000072758,
ENSCJAG00000070306,
ENSCJAG00000039205,LPAR3
ENSCJAG00000058517,Metazoa_SRP
ENSCJAG00000021941,TAS2R16
ENSCJAG00000071282,Y_RNA
ENSCJAG00000077288,U4
ENSCJAG00000023348,
ENSCJAG00000043330,ATF1
ENSCJAG00000083546,
ENSCJAG00000013278,CHIA
ENSCJAG00000083500,U6
ENSCJAG00000072527,
ENSCJAG00000041232,MAPK14
ENSCJAG00000006817,ASB17
ENSCJAG00000074276,Y_RNA
ENSCJAG00000079367,
ENSCJAG00000082392,Metazoa_SRP
ENSCJAG00000085345,
ENSCJAG00000045672,
ENSCJAG00000027160,
ENSCJAG00000072018,Metazoa_SRP
ENSCJAG00000008589,GGCT
ENSCJAG00000078175,
ENSCJAG00000080105,Metazoa_SRP
ENSCJAG00000002750,
ENSCJAG00000001181,KRR1
ENSCJAG00000086790,Metazoa_SRP
ENSCJAG00000053448,
ENSCJAG00000044083,Metazoa_SRP
ENSCJAG00000086994,U6
ENSCJAG00000006843,MCOLN2
ENSCJAG00000021256,RASSF2
ENSCJAG00000076013,
ENSCJAG00000035056,
ENSCJAG00000022909,ZNF697
ENSCJAG00000080808,Metazoa_SRP
ENSCJAG00000010033,NUDC
ENSCJAG00000065116,U6
ENSCJAG00000079738,Y_RNA
ENSCJAG00000085544,
ENSCJAG00000086952,
ENSCJAG00000076189,Metazoa_SRP
ENSCJAG00000008044,DNAJC1
ENSCJAG00000078870,
ENSCJAG00000073534,U6
ENSCJAG00000017619,EVI5
ENSCJAG00000013286,CIMAP3
ENSCJAG00000085290,
ENSCJAG00000075798,Metazoa_SRP
ENSCJAG00000053194,cja-mir-497
ENSCJAG00000057366,
ENSCJAG00000072103,
ENSCJAG00000010760,MEST
ENSCJAG00000011631,MAP3K19
ENSCJAG00000019835,CFAP157
ENSCJAG00000077700,
ENSCJAG00000072418,
ENSCJAG00000016905,BCL6B
ENSCJAG00000081027,
ENSCJAG00000003088,FOXJ3
ENSCJAG00000084824,
ENSCJAG00000014488,RUNDC3B
ENSCJAG00000019172,BMP7
ENSCJAG00000015899,MAPK13
ENSCJAG00000010076,KDF1
ENSCJAG00000006823,ST6GALNAC3
ENSCJAG00000079838,
ENSCJAG00000075838,
ENSCJAG00000082841,
ENSCJAG00000020030,GOSR2
ENSCJAG00000085639,
ENSCJAG00000005283,COL5A2
ENSCJAG00000019841,PTRH1
ENSCJAG00000046636,TRNP1
ENSCJAG00000016892,SLC16A13
ENSCJAG00000021258,SLC23A2
ENSCJAG00000030095,cja-mir-335
ENSCJAG00000013301,OVGP1
ENSCJAG00000071300,
ENSCJAG00000008570,NOD1
ENSCJAG00000019892,REG4
ENSCJAG00000085238,
ENSCJAG00000071523,
ENSCJAG00000070252,
ENSCJAG00000012412,SGSM2
ENSCJAG00000060780,FAM46B
ENSCJAG00000023635,Y_RNA
ENSCJAG00000080254,
ENSCJAG00000019847,TTC16
ENSCJAG00000087327,
ENSCJAG00000013344,WDR77
ENSCJAG00000016855,SLC16A11
ENSCJAG00000083746,
ENSCJAG00000007003,SYDE2
ENSCJAG00000077543,
ENSCJAG00000040571,U4
ENSCJAG00000020586,PFKFB3
ENSCJAG00000034089,
ENSCJAG00000045968,Metazoa_SRP
ENSCJAG00000056904,Metazoa_SRP
ENSCJAG00000085134,Y_RNA
ENSCJAG00000072187,Metazoa_SRP
ENSCJAG00000026774,U6
ENSCJAG00000042182,Metazoa_SRP
ENSCJAG00000046196,
ENSCJAG00000016186,PATJ
ENSCJAG00000036548,BMI1
ENSCJAG00000079940,Metazoa_SRP
ENSCJAG00000084500,
ENSCJAG00000085933,
ENSCJAG00000080926,Metazoa_SRP
ENSCJAG00000019854,TOR2A
ENSCJAG00000075772,
ENSCJAG00000073729,Metazoa_SRP
ENSCJAG00000072688,
ENSCJAG00000021142,DIP2B
ENSCJAG00000081773,U4
ENSCJAG00000080949,
ENSCJAG00000081117,ST6GALNAC5
ENSCJAG00000075776,
ENSCJAG00000075653,Metazoa_SRP
ENSCJAG00000072700,PHLDA1
ENSCJAG00000015955,BRPF3
ENSCJAG00000070343,
ENSCJAG00000083263,Metazoa_SRP
ENSCJAG00000005927,CELA3A
ENSCJAG00000020024,WNT9B
ENSCJAG00000013353,ATP5PB
ENSCJAG00000066213,
ENSCJAG00000008705,NTNG1
ENSCJAG00000019147,SPO11
ENSCJAG00000041447,TMEM230
ENSCJAG00000009011,SLC9A1
ENSCJAG00000082388,U6
ENSCJAG00000021598,EPS8
ENSCJAG00000016819,CLEC10A
ENSCJAG00000019899,HMGCS2
ENSCJAG00000010737,CEP41
ENSCJAG00000011573,CCNT2
ENSCJAG00000044418,Metazoa_SRP
ENSCJAG00000083121,U6
ENSCJAG00000034402,U6
ENSCJAG00000021278,PCNA
ENSCJAG00000064595,SNORD25
ENSCJAG00000084306,
ENSCJAG00000081425,Metazoa_SRP
ENSCJAG00000043957,ASGR2
ENSCJAG00000077899,
ENSCJAG00000006895,DNAI3
ENSCJAG00000019858,SH2D3C
ENSCJAG00000086957,Metazoa_SRP
ENSCJAG00000048297,PIGK
ENSCJAG00000008540,ZNRF2
ENSCJAG00000069948,Y_RNA
ENSCJAG00000003106,RIMKLA
ENSCJAG00000046126,CDC42
ENSCJAG00000039041,TCTEX1D1
ENSCJAG00000056356,SHISA2
ENSCJAG00000012708,NYAP2
ENSCJAG00000025337,U4
ENSCJAG00000005210,COL3A1
ENSCJAG00000015985,PNPLA1
ENSCJAG00000075196,Metazoa_SRP
ENSCJAG00000001115,NAP1L1
ENSCJAG00000085112,Metazoa_SRP
ENSCJAG00000019285,RNF6
ENSCJAG00000013381,C1orf162
ENSCJAG00000014693,
ENSCJAG00000066659,WNT4
ENSCJAG00000007956,SPAG6
ENSCJAG00000019994,NSF
ENSCJAG00000009088,WDTC1
ENSCJAG00000003111,ZMYND12
ENSCJAG00000073420,
ENSCJAG00000082277,
ENSCJAG00000082258,
ENSCJAG00000019916,PHGDH
ENSCJAG00000079907,
ENSCJAG00000059073,
ENSCJAG00000019296,CDK8
ENSCJAG00000044340,
ENSCJAG00000014949,
ENSCJAG00000044555,ASGR1
ENSCJAG00000003121,
ENSCJAG00000016001,BNIP5
ENSCJAG00000040887,MTURN
ENSCJAG00000074614,
ENSCJAG00000017231,DNAI4
ENSCJAG00000012760,IRS1
ENSCJAG00000076513,
ENSCJAG00000080997,Metazoa_SRP
ENSCJAG00000082407,
ENSCJAG00000066741,
ENSCJAG00000073869,
ENSCJAG00000014528,ABCB4
ENSCJAG00000066982,
ENSCJAG00000005869,ZBTB40
ENSCJAG00000059322,Y_RNA
ENSCJAG00000022625,PRMT6
ENSCJAG00000084117,
ENSCJAG00000080087,
ENSCJAG00000079196,
ENSCJAG00000052544,
ENSCJAG00000013385,TMIGD3
ENSCJAG00000066892,U2
ENSCJAG00000019139,RBM38
ENSCJAG00000083449,
ENSCJAG00000080452,
ENSCJAG00000074177,U6
ENSCJAG00000007022,C7H1orf52
ENSCJAG00000011557,ACMSD
ENSCJAG00000072769,
ENSCJAG00000012767,RHBDD1
ENSCJAG00000061495,
ENSCJAG00000019325,WASF3
ENSCJAG00000076146,
ENSCJAG00000020573,RBM17
ENSCJAG00000044359,U6
ENSCJAG00000075682,U6
ENSCJAG00000081657,
ENSCJAG00000010612,CPA2
ENSCJAG00000052966,BCL10
ENSCJAG00000052709,
ENSCJAG00000078161,
ENSCJAG00000009112,TMEM222
ENSCJAG00000007919,PIP4K2A
ENSCJAG00000082570,
ENSCJAG00000053803,U6
ENSCJAG00000019868,CDK9
ENSCJAG00000083653,
ENSCJAG00000080407,Y_RNA
ENSCJAG00000075521,U6
ENSCJAG00000073239,Metazoa_SRP
ENSCJAG00000047991,Metazoa_SRP
ENSCJAG00000080603,U6
ENSCJAG00000081150,Metazoa_SRP
ENSCJAG00000024001,
ENSCJAG00000077009,U4
ENSCJAG00000070114,Metazoa_SRP
ENSCJAG00000084304,
ENSCJAG00000017673,
ENSCJAG00000085268,
ENSCJAG00000003131,CCDC30
ENSCJAG00000074688,
ENSCJAG00000035470,U6
ENSCJAG00000056696,cja-mir-9958
ENSCJAG00000080535,
ENSCJAG00000001113,BBS10
ENSCJAG00000006856,AK5
ENSCJAG00000040455,DDAH1
ENSCJAG00000073797,
ENSCJAG00000019338,GPR12
ENSCJAG00000016011,ETV7
ENSCJAG00000070377,
ENSCJAG00000077988,U4
ENSCJAG00000084764,
ENSCJAG00000008504,PLEKHA8
ENSCJAG00000075315,Metazoa_SRP
ENSCJAG00000013392,RAP1A
ENSCJAG00000070213,
ENSCJAG00000076397,
ENSCJAG00000079588,Metazoa_SRP
ENSCJAG00000020014,WNT3
ENSCJAG00000083502,
ENSCJAG00000011546,TMEM163
ENSCJAG00000086732,
ENSCJAG00000070715,
ENSCJAG00000069002,cja-mir-548d-2
ENSCJAG00000019109,CTCFL
ENSCJAG00000081088,
ENSCJAG00000012726,CCN1
ENSCJAG00000070496,U6
ENSCJAG00000019869,FPGS
ENSCJAG00000017350,TARS3
ENSCJAG00000082764,Metazoa_SRP
ENSCJAG00000048178,Metazoa_SRP
ENSCJAG00000077667,
ENSCJAG00000085145,
ENSCJAG00000083737,
ENSCJAG00000010683,CPA5
ENSCJAG00000021600,PTPRO
ENSCJAG00000009140,SYTL1
ENSCJAG00000028871,U6
ENSCJAG00000011518,MGAT5
ENSCJAG00000078421,
ENSCJAG00000052410,
ENSCJAG00000067273,
ENSCJAG00000083452,U7
ENSCJAG00000017678,DIPK1A
ENSCJAG00000005209,
ENSCJAG00000065101,
ENSCJAG00000054142,
ENSCJAG00000005832,EPHA8
ENSCJAG00000052247,
ENSCJAG00000013456,KCND3
ENSCJAG00000079389,
ENSCJAG00000075979,
ENSCJAG00000017339,CADPS2
ENSCJAG00000078942,U6
ENSCJAG00000019875,ENG
ENSCJAG00000007880,ARMC3
ENSCJAG00000016759,DLG4
ENSCJAG00000019344,USP12
ENSCJAG00000043415,
ENSCJAG00000060884,
ENSCJAG00000001055,OSBPL8
ENSCJAG00000010655,CPA4
ENSCJAG00000074724,
ENSCJAG00000043721,Metazoa_SRP
ENSCJAG00000007041,ZNHIT6
ENSCJAG00000012456,TSR1
ENSCJAG00000058213,
ENSCJAG00000023637,SNORD21
ENSCJAG00000016033,KCTD20
ENSCJAG00000073120,
ENSCJAG00000017340,TM2D3
ENSCJAG00000042408,PCK1
ENSCJAG00000073857,SNORA66
ENSCJAG00000020725,C12orf54
ENSCJAG00000075714,
ENSCJAG00000052671,FKBP14
ENSCJAG00000019896,AK1
ENSCJAG00000068288,
ENSCJAG00000003145,PPIH
ENSCJAG00000025031,
ENSCJAG00000073428,
ENSCJAG00000012774,COL4A4
ENSCJAG00000013428,DDX20
ENSCJAG00000085696,
ENSCJAG00000083104,
ENSCJAG00000079458,
ENSCJAG00000085912,Metazoa_SRP
ENSCJAG00000073013,Metazoa_SRP
ENSCJAG00000020722,
ENSCJAG00000080697,
ENSCJAG00000009171,MAP3K6
ENSCJAG00000014683,CROT
ENSCJAG00000037077,Metazoa_SRP
ENSCJAG00000065549,
ENSCJAG00000080674,
ENSCJAG00000073678,
ENSCJAG00000085728,CRHR1
ENSCJAG00000051261,
ENSCJAG00000022564,
ENSCJAG00000010598,SSMEM1
ENSCJAG00000006894,ZZZ3
ENSCJAG00000076610,
ENSCJAG00000031294,U6
ENSCJAG00000031432,U6
ENSCJAG00000069611,
ENSCJAG00000065906,C1QA
ENSCJAG00000021131,LARP4
ENSCJAG00000071347,
ENSCJAG00000041745,Metazoa_SRP
ENSCJAG00000073922,
ENSCJAG00000016045,STK38
ENSCJAG00000007871,MSRB2
ENSCJAG00000073533,
ENSCJAG00000077153,Y_RNA
ENSCJAG00000044684,RPL21
ENSCJAG00000005197,GULP1
ENSCJAG00000012478,SRR
ENSCJAG00000033812,U5
ENSCJAG00000082757,ZNF641
ENSCJAG00000019931,NOTCH2
ENSCJAG00000083135,
ENSCJAG00000019903,ST6GALNAC6
ENSCJAG00000074975,C1QC
ENSCJAG00000078171,U6
ENSCJAG00000067027,SNORD102
ENSCJAG00000047722,SCRN1
ENSCJAG00000017276,MIER1
ENSCJAG00000021602,RERG
ENSCJAG00000083472,
ENSCJAG00000037872,Metazoa_SRP
ENSCJAG00000043539,U6
ENSCJAG00000080958,
ENSCJAG00000029394,SNORA27
ENSCJAG00000085991,Metazoa_SRP
ENSCJAG00000044727,Metazoa_SRP
ENSCJAG00000063975,
ENSCJAG00000037535,Metazoa_SRP
ENSCJAG00000081171,
ENSCJAG00000019094,ZBP1
ENSCJAG00000013787,TMEM69
ENSCJAG00000085689,U4
ENSCJAG00000035686,RNPC3
ENSCJAG00000080597,U5
ENSCJAG00000041798,Metazoa_SRP
ENSCJAG00000014208,NCKAP5
ENSCJAG00000019369,RASL11A
ENSCJAG00000087015,Metazoa_SRP
ENSCJAG00000007862,PTF1A
ENSCJAG00000067396,C1QB
ENSCJAG00000073526,
ENSCJAG00000074970,U4
ENSCJAG00000046588,Metazoa_SRP
ENSCJAG00000081261,Metazoa_SRP
ENSCJAG00000013788,IPP
ENSCJAG00000087149,Metazoa_SRP
ENSCJAG00000070721,
ENSCJAG00000058885,CTTNBP2NL
ENSCJAG00000076978,Metazoa_SRP
ENSCJAG00000083287,
ENSCJAG00000016062,SRSF3
ENSCJAG00000076875,
ENSCJAG00000032796,Y_RNA
ENSCJAG00000082283,GNG5
ENSCJAG00000010584,TMEM209
ENSCJAG00000071666,
ENSCJAG00000052886,TMEM243
ENSCJAG00000067657,U1
ENSCJAG00000055323,ST6GALNAC4
ENSCJAG00000058247,Metazoa_SRP
ENSCJAG00000086391,PMEPA1
ENSCJAG00000017309,PCSK6
ENSCJAG00000081451,Metazoa_SRP
ENSCJAG00000083984,
ENSCJAG00000079893,Y_RNA
ENSCJAG00000062181,C10orf67
ENSCJAG00000086017,5S_rRNA
ENSCJAG00000053089,Metazoa_SRP
ENSCJAG00000007060,COL24A1
ENSCJAG00000074436,
ENSCJAG00000085930,
ENSCJAG00000077697,GTF3A
ENSCJAG00000075228,
ENSCJAG00000045298,CDKN1A
ENSCJAG00000073416,
ENSCJAG00000008466,WIPF3
ENSCJAG00000018447,CNTNAP5
ENSCJAG00000075770,
ENSCJAG00000075335,
ENSCJAG00000001828,CPM
ENSCJAG00000051315,
ENSCJAG00000062578,
ENSCJAG00000017687,MTF2
ENSCJAG00000016275,KANK4
ENSCJAG00000001820,SMG6
ENSCJAG00000019915,PIP5KL1
ENSCJAG00000025422,
ENSCJAG00000006932,USP33
ENSCJAG00000064824,
ENSCJAG00000081790,U7
ENSCJAG00000082003,
ENSCJAG00000016070,RAB44
ENSCJAG00000045646,SPPL2C
ENSCJAG00000068501,
ENSCJAG00000005696,EPHB2
ENSCJAG00000073665,
ENSCJAG00000076218,
ENSCJAG00000014730,DMTF1
ENSCJAG00000085693,
ENSCJAG00000083839,
ENSCJAG00000079795,
ENSCJAG00000071424,
ENSCJAG00000019378,MTIF3
ENSCJAG00000083258,
ENSCJAG00000051242,U7
ENSCJAG00000063183,U2
ENSCJAG00000078987,
ENSCJAG00000019072,CIMIP1
ENSCJAG00000085878,Y_RNA
ENSCJAG00000080175,
ENSCJAG00000060934,
ENSCJAG00000044288,PDE6H
ENSCJAG00000016703,ACADVL
ENSCJAG00000019075,ZDHHC17
ENSCJAG00000009233,FCN3
ENSCJAG00000075054,ANKRD60
ENSCJAG00000013473,WNT2B
ENSCJAG00000069981,DPM2
ENSCJAG00000070479,
ENSCJAG00000084695,
ENSCJAG00000032022,U6
ENSCJAG00000079583,
ENSCJAG00000074219,U6
ENSCJAG00000082453,Y_RNA
ENSCJAG00000044282,KLHDC10
ENSCJAG00000025863,Y_RNA
ENSCJAG00000032890,U6
ENSCJAG00000044464,RAB22A
ENSCJAG00000056495,
ENSCJAG00000032110,CCDC141
ENSCJAG00000085723,
ENSCJAG00000039909,Metazoa_SRP
ENSCJAG00000080129,
ENSCJAG00000007184,ODF2L
ENSCJAG00000074023,U4
ENSCJAG00000009245,CD164L2
ENSCJAG00000082704,
ENSCJAG00000021606,ERP27
ENSCJAG00000079839,
ENSCJAG00000078088,Metazoa_SRP
ENSCJAG00000023749,cja-mir-324
ENSCJAG00000044143,Metazoa_SRP
ENSCJAG00000016086,CPNE5
ENSCJAG00000082048,Metazoa_SRP
ENSCJAG00000076144,
ENSCJAG00000001798,CPSF6
ENSCJAG00000048447,
ENSCJAG00000019920,EEIG1
ENSCJAG00000076525,Metazoa_SRP
ENSCJAG00000013490,ST7L
ENSCJAG00000019935,MAPT
ENSCJAG00000016678,DVL2
ENSCJAG00000009260,GPR3
ENSCJAG00000082702,VAPB
ENSCJAG00000005816,TFPI
ENSCJAG00000070005,Metazoa_SRP
ENSCJAG00000079877,
ENSCJAG00000016287,USP1
ENSCJAG00000019153,CSRP2
ENSCJAG00000080240,Metazoa_SRP
ENSCJAG00000057533,cja-mir-548f
ENSCJAG00000072909,Metazoa_SRP
ENSCJAG00000074944,U4
ENSCJAG00000082545,U6
ENSCJAG00000005691,LACTBL1
ENSCJAG00000087127,
ENSCJAG00000082593,
ENSCJAG00000021122,
ENSCJAG00000081191,U6
ENSCJAG00000042739,HIC1
ENSCJAG00000075090,U6
ENSCJAG00000059291,
ENSCJAG00000074519,
ENSCJAG00000078043,
ENSCJAG00000046339,MIR212
ENSCJAG00000019021,APCDD1L
ENSCJAG00000009264,WASF2
ENSCJAG00000056204,Y_RNA
ENSCJAG00000069664,
ENSCJAG00000073664,Metazoa_SRP
ENSCJAG00000048083,MGP
ENSCJAG00000028832,cja-mir-132
ENSCJAG00000010536,ZC3HC1
ENSCJAG00000072587,Metazoa_SRP
ENSCJAG00000011201,ADCY1
ENSCJAG00000084498,Metazoa_SRP
ENSCJAG00000045285,TEX46
ENSCJAG00000023633,
ENSCJAG00000069902,
ENSCJAG00000016665,PHF23
ENSCJAG00000001837,OVCA2
ENSCJAG00000079523,
ENSCJAG00000073095,Metazoa_SRP
ENSCJAG00000070024,
ENSCJAG00000061968,Metazoa_SRP
ENSCJAG00000017759,TMED5
ENSCJAG00000077873,
ENSCJAG00000074157,U6
ENSCJAG00000009280,AHDC1
ENSCJAG00000017268,SNRPA1
ENSCJAG00000086667,Metazoa_SRP
ENSCJAG00000008922,COL11A1
ENSCJAG00000059177,ART4
ENSCJAG00000006419,SLC16A7
ENSCJAG00000039752,U4
ENSCJAG00000008406,CHN2
ENSCJAG00000039332,DPH1
ENSCJAG00000085366,Metazoa_SRP
ENSCJAG00000021532,SESTD1
ENSCJAG00000047246,NAIF1
ENSCJAG00000005823,CALCRL
ENSCJAG00000013548,CAPZA1
ENSCJAG00000084564,Metazoa_SRP
ENSCJAG00000072020,
ENSCJAG00000021115,LIMA1
ENSCJAG00000020964,MAST2
ENSCJAG00000028118,U4
ENSCJAG00000071022,
ENSCJAG00000078975,PPIL1
ENSCJAG00000054390,
ENSCJAG00000070266,
ENSCJAG00000029196,U4
ENSCJAG00000044745,GABARAP
ENSCJAG00000001844,RTN4RL1
ENSCJAG00000007251,CLCA2
ENSCJAG00000005607,KDM1A
ENSCJAG00000017258,SELENOS
ENSCJAG00000072716,Metazoa_SRP
ENSCJAG00000019162,E2F7
ENSCJAG00000080986,U4
ENSCJAG00000081144,
ENSCJAG00000085232,U6
ENSCJAG00000085374,Metazoa_SRP
ENSCJAG00000045815,Metazoa_SRP
ENSCJAG00000012821,COL4A3
ENSCJAG00000003589,ELAPOR2
ENSCJAG00000070967,U6
ENSCJAG00000040937,SMCO3
ENSCJAG00000009293,FGR
ENSCJAG00000024751,cja-mir-548j
ENSCJAG00000074479,
ENSCJAG00000078923,U7
ENSCJAG00000042853,Metazoa_SRP
ENSCJAG00000018995,STX16
ENSCJAG00000016644,CTDNEP1
ENSCJAG00000075944,
ENSCJAG00000058237,CHSY1
ENSCJAG00000086761,Metazoa_SRP
ENSCJAG00000085064,
ENSCJAG00000066035,Metazoa_SRP
ENSCJAG00000076895,
ENSCJAG00000084616,GYPC
ENSCJAG00000017361,SLC35D1
ENSCJAG00000068509,U7
ENSCJAG00000021611,WBP11
ENSCJAG00000013592,MOV10
ENSCJAG00000038932,
ENSCJAG00000038830,U4
ENSCJAG00000081810,
ENSCJAG00000058865,
ENSCJAG00000001779,YEATS4
ENSCJAG00000076237,U6
ENSCJAG00000077753,U6
ENSCJAG00000075209,Y_RNA
ENSCJAG00000062063,
ENSCJAG00000086985,Y_RNA
ENSCJAG00000007285,CLCA1
ENSCJAG00000009319,IFI6
ENSCJAG00000052955,
ENSCJAG00000059402,Metazoa_SRP
ENSCJAG00000017202,LRRK1
ENSCJAG00000070878,Metazoa_SRP
ENSCJAG00000084408,Y_RNA
ENSCJAG00000055935,cja-mir-9904
ENSCJAG00000019924,SLC25A25
ENSCJAG00000005604,LUZP1
ENSCJAG00000016633,ELP5
ENSCJAG00000075524,
ENSCJAG00000046313,Metazoa_SRP
ENSCJAG00000067776,
ENSCJAG00000006423,LRIG3
ENSCJAG00000009979,C6orf89
ENSCJAG00000006981,NEXN
ENSCJAG00000041118,TEX51
ENSCJAG00000039684,CERS5
ENSCJAG00000082986,Metazoa_SRP
ENSCJAG00000083064,U6
ENSCJAG00000042030,RHOC
ENSCJAG00000078102,
ENSCJAG00000019927,KANSL1
ENSCJAG00000082149,Metazoa_SRP
ENSCJAG00000010520,UBE2H
ENSCJAG00000053178,
ENSCJAG00000017398,C1orf141
ENSCJAG00000061885,
ENSCJAG00000067919,
ENSCJAG00000072013,COX14
ENSCJAG00000044524,Metazoa_SRP
ENSCJAG00000017774,CCDC18
ENSCJAG00000047222,
ENSCJAG00000013680,PPM1J
ENSCJAG00000072975,Y_RNA
ENSCJAG00000009327,FAM76A
ENSCJAG00000081894,Metazoa_SRP
ENSCJAG00000071407,
ENSCJAG00000001848,RPA1
ENSCJAG00000086662,
ENSCJAG00000073543,
ENSCJAG00000007319,CLCA4
ENSCJAG00000021534,ZNF385B
ENSCJAG00000021089,GPD1
ENSCJAG00000072204,
ENSCJAG00000037979,Metazoa_SRP
ENSCJAG00000016622,CLDN7
ENSCJAG00000086981,
ENSCJAG00000083000,
ENSCJAG00000045300,CCDC201
ENSCJAG00000054184,
ENSCJAG00000085027,
ENSCJAG00000069671,
ENSCJAG00000030106,U4
ENSCJAG00000021614,GUCY2C
ENSCJAG00000017159,ALDH1A3
ENSCJAG00000081946,U6
ENSCJAG00000076827,
ENSCJAG00000005267,PI16
ENSCJAG00000055677,cja-mir-3118
ENSCJAG00000086099,ZSWIM2
ENSCJAG00000071853,
ENSCJAG00000077723,Metazoa_SRP
ENSCJAG00000006490,ATP23
ENSCJAG00000031526,
ENSCJAG00000078490,Y_RNA
ENSCJAG00000072644,Metazoa_SRP
ENSCJAG00000084169,
ENSCJAG00000039708,Metazoa_SRP
ENSCJAG00000073494,U6
ENSCJAG00000077742,RPL29
ENSCJAG00000085387,Metazoa_SRP
ENSCJAG00000071765,
ENSCJAG00000039603,IGFBP3
ENSCJAG00000069199,
ENSCJAG00000018980,NPEPL1
ENSCJAG00000074763,
ENSCJAG00000076098,
ENSCJAG00000019932,PTGES2
ENSCJAG00000001774,FRS2
ENSCJAG00000074603,
ENSCJAG00000066592,
ENSCJAG00000016587,SLC2A4
ENSCJAG00000021079,SMARCD1
ENSCJAG00000009378,STX12
ENSCJAG00000028283,cja-mir-183
ENSCJAG00000017150,ASB7
ENSCJAG00000006503,CTDSP2
ENSCJAG00000073044,U6
ENSCJAG00000026827,cja-mir-96
ENSCJAG00000015271,
ENSCJAG00000007329,
ENSCJAG00000081549,
ENSCJAG00000017407,IL23R
ENSCJAG00000063661,
ENSCJAG00000076860,U7
ENSCJAG00000074229,Y_RNA
ENSCJAG00000077923,Metazoa_SRP
ENSCJAG00000076987,
ENSCJAG00000028790,Y_RNA
ENSCJAG00000034490,U7
ENSCJAG00000024803,cja-mir-182
ENSCJAG00000080989,Metazoa_SRP
ENSCJAG00000047370,FAM171B
ENSCJAG00000061172,U6
ENSCJAG00000063033,cja-mir-9947
ENSCJAG00000083435,
ENSCJAG00000079843,Metazoa_SRP
ENSCJAG00000003556,GRM3
ENSCJAG00000026687,cja-mir-26a-2
ENSCJAG00000084427,
ENSCJAG00000064504,
ENSCJAG00000017135,LINS1
ENSCJAG00000019936,
ENSCJAG00000079763,Metazoa_SRP
ENSCJAG00000077927,
ENSCJAG00000031908,U6
ENSCJAG00000082670,cja-mir-1258a
ENSCJAG00000009406,PPP1R8
ENSCJAG00000005273,MTCH1
ENSCJAG00000038659,
ENSCJAG00000085386,Metazoa_SRP
ENSCJAG00000086764,
ENSCJAG00000019890,CDC27
ENSCJAG00000077323,
ENSCJAG00000016581,
ENSCJAG00000085244,U6
ENSCJAG00000033626,
ENSCJAG00000082598,
ENSCJAG00000039688,SLC16A1
ENSCJAG00000080102,
ENSCJAG00000085906,
ENSCJAG00000067038,Y_RNA
ENSCJAG00000006549,AVIL
ENSCJAG00000010505,NRF1
ENSCJAG00000083838,
ENSCJAG00000071062,
ENSCJAG00000043557,Metazoa_SRP
ENSCJAG00000017114,CERS3
ENSCJAG00000039139,
ENSCJAG00000070911,U6
ENSCJAG00000076833,
ENSCJAG00000057951,
ENSCJAG00000071245,
ENSCJAG00000021618,PLBD1
ENSCJAG00000072885,
ENSCJAG00000085778,Metazoa_SRP
ENSCJAG00000073318,
ENSCJAG00000021071,ASIC1
ENSCJAG00000065848,
ENSCJAG00000007335,SH3GLB1
ENSCJAG00000073703,
ENSCJAG00000084573,
ENSCJAG00000071583,
ENSCJAG00000009445,
ENSCJAG00000083916,
ENSCJAG00000084988,
ENSCJAG00000012973,MFF
ENSCJAG00000041936,EIF5A
ENSCJAG00000046564,
ENSCJAG00000080542,U6
ENSCJAG00000075176,
ENSCJAG00000086650,
ENSCJAG00000072462,
ENSCJAG00000054960,
ENSCJAG00000017440,SERBP1
ENSCJAG00000085730,
ENSCJAG00000078153,
ENSCJAG00000017094,ADAMTS17
ENSCJAG00000072154,U4
ENSCJAG00000084449,Metazoa_SRP
ENSCJAG00000008379,CPVL
ENSCJAG00000047313,
ENSCJAG00000070940,
ENSCJAG00000077751,
ENSCJAG00000001865,SMYD4
ENSCJAG00000075769,cja-mir-296
ENSCJAG00000070458,
ENSCJAG00000043602,SMKR1
ENSCJAG00000001715,CCT2
ENSCJAG00000081833,
ENSCJAG00000078894,
ENSCJAG00000057320,
ENSCJAG00000001881,SERPINF1
ENSCJAG00000036993,GPS2
ENSCJAG00000072727,U4
ENSCJAG00000074109,
ENSCJAG00000021620,ATF7IP
ENSCJAG00000071283,
ENSCJAG00000077064,
ENSCJAG00000044487,PRR15L
ENSCJAG00000006600,TSFM
ENSCJAG00000085023,U6
ENSCJAG00000010399,STRIP2
ENSCJAG00000046782,LYSMD4
ENSCJAG00000018639,CACNA1G
ENSCJAG00000045826,TRIL
ENSCJAG00000077833,
ENSCJAG00000071890,
ENSCJAG00000009473,RPA2
ENSCJAG00000003380,MYO1B
ENSCJAG00000019176,NAV3
ENSCJAG00000017089,
ENSCJAG00000070247,
ENSCJAG00000076535,
ENSCJAG00000072241,
ENSCJAG00000021058,RACGAP1
ENSCJAG00000087203,
ENSCJAG00000001889,SERPINF2
ENSCJAG00000075402,
ENSCJAG00000024629,U1
ENSCJAG00000078931,
ENSCJAG00000072388,
ENSCJAG00000005381,FGD2
ENSCJAG00000082225,
ENSCJAG00000007693,PNPO
ENSCJAG00000013709,LRIG2
ENSCJAG00000045095,METTL21B
ENSCJAG00000019948,CIZ1
ENSCJAG00000073250,Metazoa_SRP
ENSCJAG00000076191,
ENSCJAG00000016494,NEURL4
ENSCJAG00000077418,
ENSCJAG00000005883,ITGAV
ENSCJAG00000021001,PIK3R3
ENSCJAG00000007062,FUBP1
ENSCJAG00000021055,AQP6
ENSCJAG00000019880,MYL4
ENSCJAG00000017029,MEF2A
ENSCJAG00000018848,ZNF354B
ENSCJAG00000006615,METTL1
ENSCJAG00000040007,EDIL3
ENSCJAG00000079311,
ENSCJAG00000017427,IL12RB2
ENSCJAG00000042700,CREB5
ENSCJAG00000060341,
ENSCJAG00000086945,U6
ENSCJAG00000027898,U1
ENSCJAG00000054448,
ENSCJAG00000083045,U6
ENSCJAG00000006652,CYP27B1
ENSCJAG00000038701,SELENOF
ENSCJAG00000012994,TM4SF20
ENSCJAG00000079148,
ENSCJAG00000029749,U2
ENSCJAG00000047009,P3R3URF
ENSCJAG00000070257,AQP5
ENSCJAG00000086141,Metazoa_SRP
ENSCJAG00000046208,MGAT1
ENSCJAG00000052135,Metazoa_SRP
ENSCJAG00000044428,U4
ENSCJAG00000075873,
ENSCJAG00000042249,SCYGR1
ENSCJAG00000086456,Metazoa_SRP
ENSCJAG00000009490,SMPDL3B
ENSCJAG00000021020,TSPAN1
ENSCJAG00000001895,WDR81
ENSCJAG00000045528,MIR5703
ENSCJAG00000072798,
ENSCJAG00000021049,AQP2
ENSCJAG00000086744,Metazoa_SRP
ENSCJAG00000007713,SP2
ENSCJAG00000053277,Y_RNA
ENSCJAG00000016450,ACAP1
ENSCJAG00000021621,GRIN2B
ENSCJAG00000084823,
ENSCJAG00000045412,MARCH9
ENSCJAG00000082007,
ENSCJAG00000074878,
ENSCJAG00000057886,Metazoa_SRP
ENSCJAG00000079963,
ENSCJAG00000072303,Y_RNA
ENSCJAG00000043609,Metazoa_SRP
ENSCJAG00000018839,ZFP62
ENSCJAG00000021045,FAIM2
ENSCJAG00000051916,Metazoa_SRP
ENSCJAG00000082328,
ENSCJAG00000006697,CDK4
ENSCJAG00000047213,KCTD11
ENSCJAG00000082210,U6
ENSCJAG00000058853,Metazoa_SRP
ENSCJAG00000009496,XKR8
ENSCJAG00000044346,LRRC10
ENSCJAG00000010323,AHCYL2
ENSCJAG00000074244,RPL29
ENSCJAG00000068226,Y_RNA
ENSCJAG00000012997,AGFG1
ENSCJAG00000082119,Metazoa_SRP
ENSCJAG00000019861,ITGB3
ENSCJAG00000072701,PIM1
ENSCJAG00000073316,
ENSCJAG00000085267,
ENSCJAG00000082973,U6
ENSCJAG00000016445,TMEM95
ENSCJAG00000018939,GNAS
ENSCJAG00000043946,SP6
ENSCJAG00000003522,SEMA3D
ENSCJAG00000082161,5S_rRNA
ENSCJAG00000074006,
ENSCJAG00000021042,
ENSCJAG00000014752,TNS3
ENSCJAG00000082374,Metazoa_SRP
ENSCJAG00000085420,Metazoa_SRP
ENSCJAG00000006760,TSPAN31
ENSCJAG00000021026,POMGNT1
ENSCJAG00000016965,LRRC28
ENSCJAG00000075816,
ENSCJAG00000072351,
ENSCJAG00000047705,SCRN2
ENSCJAG00000042014,U6
ENSCJAG00000018803,BTNL9
ENSCJAG00000080078,
ENSCJAG00000021667,KLRK1
ENSCJAG00000038902,HS2ST1
ENSCJAG00000084978,Metazoa_SRP
ENSCJAG00000077518,
ENSCJAG00000031081,MIR22
ENSCJAG00000022341,
ENSCJAG00000065122,EMP1
ENSCJAG00000023827,U4
ENSCJAG00000059015,
ENSCJAG00000078915,
ENSCJAG00000085055,
ENSCJAG00000077590,Metazoa_SRP
ENSCJAG00000082895,
ENSCJAG00000007776,LRRC46
ENSCJAG00000046299,NCKAP5L
ENSCJAG00000079087,
ENSCJAG00000045708,
ENSCJAG00000061553,TMEM217B
ENSCJAG00000080640,
ENSCJAG00000045357,
ENSCJAG00000069906,
ENSCJAG00000016438,TNK1
ENSCJAG00000061215,
ENSCJAG00000072289,U6
ENSCJAG00000079431,Metazoa_SRP
ENSCJAG00000007787,MRPL10
ENSCJAG00000066317,
ENSCJAG00000001684,BEST3
ENSCJAG00000001911,PRPF8
ENSCJAG00000045585,LURAP1
ENSCJAG00000072085,
ENSCJAG00000076891,
ENSCJAG00000051605,cja-mir-9963
ENSCJAG00000086564,Metazoa_SRP
ENSCJAG00000021032,TMBIM6
ENSCJAG00000079840,
ENSCJAG00000083486,GADD45A
ENSCJAG00000006784,AGAP2
ENSCJAG00000076008,
ENSCJAG00000074025,
ENSCJAG00000063471,HAPLN1
ENSCJAG00000041152,
ENSCJAG00000077642,
ENSCJAG00000073868,
ENSCJAG00000072562,Metazoa_SRP
ENSCJAG00000021080,RAD54L
ENSCJAG00000078760,
ENSCJAG00000018752,RACK1
ENSCJAG00000011928,MAGI3
ENSCJAG00000016410,PLSCR3
ENSCJAG00000007585,OSBPL7
ENSCJAG00000078201,
ENSCJAG00000076112,U6
ENSCJAG00000080943,
ENSCJAG00000077874,GNG12
ENSCJAG00000055656,U6
ENSCJAG00000005473,TBC1D22B
ENSCJAG00000042717,SLC19A3
ENSCJAG00000016950,TTC23
ENSCJAG00000021625,GSG1
ENSCJAG00000080971,
ENSCJAG00000037786,TMEM256
ENSCJAG00000041257,LMO4
ENSCJAG00000079903,Y_RNA
ENSCJAG00000079001,
ENSCJAG00000082579,U7
ENSCJAG00000003478,SEMA3A
ENSCJAG00000040878,RILP
ENSCJAG00000016311,DOCK7
ENSCJAG00000081835,Metazoa_SRP
ENSCJAG00000021111,LRRC41
ENSCJAG00000073351,
ENSCJAG00000052321,
ENSCJAG00000076241,
ENSCJAG00000016351,NLGN2
ENSCJAG00000007796,TBX21
ENSCJAG00000001641,RAB3IP
ENSCJAG00000082844,NABP1
ENSCJAG00000081273,
ENSCJAG00000070283,
ENSCJAG00000085748,
ENSCJAG00000002011,SCARF1
ENSCJAG00000021023,FMNL3
ENSCJAG00000078299,
ENSCJAG00000061923,SNORD95
ENSCJAG00000042011,SCYGR6
ENSCJAG00000019967,DNM1
ENSCJAG00000045710,TBKBP1
ENSCJAG00000080637,
ENSCJAG00000075378,
ENSCJAG00000045975,DNAJB4
ENSCJAG00000060992,SNORD96
ENSCJAG00000021132,NSUN4
ENSCJAG00000011161,VCAN
ENSCJAG00000065456,CAVIN2
ENSCJAG00000043817,SCYGR8
ENSCJAG00000051421,
ENSCJAG00000086929,U6
ENSCJAG00000051996,U7
ENSCJAG00000006838,OS9
ENSCJAG00000067946,
ENSCJAG00000080248,
ENSCJAG00000082755,U7
ENSCJAG00000081301,Metazoa_SRP
ENSCJAG00000069904,
ENSCJAG00000007834,KPNB1
ENSCJAG00000080122,U6
ENSCJAG00000086402,Metazoa_SRP
ENSCJAG00000081795,
ENSCJAG00000023399,
ENSCJAG00000021669,KLRD1
ENSCJAG00000078778,Metazoa_SRP
ENSCJAG00000085310,
ENSCJAG00000018733,TRIM41
ENSCJAG00000082107,
ENSCJAG00000009498,EYA3
ENSCJAG00000080466,
ENSCJAG00000073877,
ENSCJAG00000082777,Metazoa_SRP
ENSCJAG00000081961,
ENSCJAG00000013048,
ENSCJAG00000037104,EFCAB13
ENSCJAG00000083901,
ENSCJAG00000037696,Metazoa_SRP
ENSCJAG00000080006,
ENSCJAG00000017821,FNBP1L
ENSCJAG00000012018,PHTF1
ENSCJAG00000078458,
ENSCJAG00000003484,TMEFF2
ENSCJAG00000072155,
ENSCJAG00000085848,
ENSCJAG00000017517,WLS
ENSCJAG00000002031,SLC43A2
ENSCJAG00000005529,RNF8
ENSCJAG00000016926,SYNM
ENSCJAG00000076404,Metazoa_SRP
ENSCJAG00000081867,
ENSCJAG00000059871,GIPC2
ENSCJAG00000071191,
ENSCJAG00000021138,FAAH
ENSCJAG00000083548,
ENSCJAG00000020423,SHH
ENSCJAG00000075203,
ENSCJAG00000010304,SMO
ENSCJAG00000021352,
ENSCJAG00000078287,
ENSCJAG00000018704,TRIM7
ENSCJAG00000007985,NPEPPS
ENSCJAG00000052508,
ENSCJAG00000082441,
ENSCJAG00000042390,Metazoa_SRP
ENSCJAG00000074084,U6
ENSCJAG00000078723,Metazoa_SRP
ENSCJAG00000017326,FEZF1
ENSCJAG00000078360,
ENSCJAG00000072463,Metazoa_SRP
ENSCJAG00000019846,EFCAB3
ENSCJAG00000079962,
ENSCJAG00000084079,
ENSCJAG00000072588,DMBX1
ENSCJAG00000013055,DAW1
ENSCJAG00000040219,Metazoa_SRP
ENSCJAG00000023449,
ENSCJAG00000054340,Metazoa_SRP
ENSCJAG00000081207,
ENSCJAG00000020982,PRPF40B
ENSCJAG00000083432,Y_RNA
ENSCJAG00000070829,
ENSCJAG00000021626,FAM234B
ENSCJAG00000038256,Metazoa_SRP
ENSCJAG00000074344,Metazoa_SRP
ENSCJAG00000069613,5S_rRNA
ENSCJAG00000037154,MYRFL
ENSCJAG00000003462,SEMA3E
ENSCJAG00000048704,
ENSCJAG00000005931,ZC3H15
ENSCJAG00000012063,RSBN1
ENSCJAG00000048573,
ENSCJAG00000026459,U1
ENSCJAG00000076187,U6
ENSCJAG00000079377,
ENSCJAG00000056654,
ENSCJAG00000087074,
ENSCJAG00000027318,MIR199B
ENSCJAG00000079849,Metazoa_SRP
ENSCJAG00000085047,
ENSCJAG00000045754,Metazoa_SRP
ENSCJAG00000053114,U7
ENSCJAG00000017282,AASS
ENSCJAG00000079159,Metazoa_SRP
ENSCJAG00000002044,PITPNA
ENSCJAG00000076497,Metazoa_SRP
ENSCJAG00000020427,RBM33
ENSCJAG00000077035,Metazoa_SRP
ENSCJAG00000082288,
ENSCJAG00000041860,Metazoa_SRP
ENSCJAG00000075842,Metazoa_SRP
ENSCJAG00000011227,XRCC4
ENSCJAG00000078809,
ENSCJAG00000021147,KNCN
ENSCJAG00000085804,
ENSCJAG00000006905,B4GALNT1
ENSCJAG00000079712,
ENSCJAG00000005567,CMTR1
ENSCJAG00000085808,
ENSCJAG00000072123,
ENSCJAG00000085343,
ENSCJAG00000018927,NELFCD
ENSCJAG00000087062,U6
ENSCJAG00000008080,MRPL45
ENSCJAG00000078822,Metazoa_SRP
ENSCJAG00000010295,TSPAN33
ENSCJAG00000007162,PTGFR
ENSCJAG00000080042,
ENSCJAG00000085206,Metazoa_SRP
ENSCJAG00000078324,
ENSCJAG00000077051,TMEM167A
ENSCJAG00000064990,U7
ENSCJAG00000033545,
ENSCJAG00000042230,Metazoa_SRP
ENSCJAG00000024975,Y_RNA
ENSCJAG00000072655,
ENSCJAG00000016895,IGF1R
ENSCJAG00000002060,INPP5K
ENSCJAG00000085783,SCARNA18
ENSCJAG00000063609,U6
ENSCJAG00000081242,Metazoa_SRP
ENSCJAG00000082794,Vault
ENSCJAG00000070656,
ENSCJAG00000019995,GOLGA2
ENSCJAG00000084444,U7
ENSCJAG00000052529,
ENSCJAG00000008100,GPR179
ENSCJAG00000084134,Metazoa_SRP
ENSCJAG00000077547,
ENSCJAG00000078124,
ENSCJAG00000012107,PTPN22
ENSCJAG00000085075,
ENSCJAG00000069125,
ENSCJAG00000072306,Metazoa_SRP
ENSCJAG00000022642,PTAFR
ENSCJAG00000064140,
ENSCJAG00000079388,
ENSCJAG00000082251,
ENSCJAG00000021149,MKNK1
ENSCJAG00000078194,
ENSCJAG00000037661,Metazoa_SRP
ENSCJAG00000040523,Metazoa_SRP
ENSCJAG00000087343,
ENSCJAG00000076885,
ENSCJAG00000079987,
ENSCJAG00000085278,
ENSCJAG00000076135,
ENSCJAG00000083558,
ENSCJAG00000052697,
ENSCJAG00000053101,
ENSCJAG00000067254,
ENSCJAG00000039452,Metazoa_SRP
ENSCJAG00000080434,
ENSCJAG00000080590,
ENSCJAG00000041466,
ENSCJAG00000083955,Metazoa_SRP
ENSCJAG00000085419,
ENSCJAG00000071710,
ENSCJAG00000007409,PKN2
ENSCJAG00000077176,U1
ENSCJAG00000082474,
ENSCJAG00000080209,
ENSCJAG00000042632,ATG10
ENSCJAG00000084796,
ENSCJAG00000084595,
ENSCJAG00000077781,
ENSCJAG00000020977,FAM186B
ENSCJAG00000064959,U6
ENSCJAG00000053198,
ENSCJAG00000046500,RPRM
ENSCJAG00000013076,SPHKAP
ENSCJAG00000021158,MOB3C
ENSCJAG00000018085,TNPO3
ENSCJAG00000005622,
ENSCJAG00000076334,Metazoa_SRP
ENSCJAG00000019262,SYT1
ENSCJAG00000060308,
ENSCJAG00000084721,
ENSCJAG00000081749,Y_RNA
ENSCJAG00000043571,Metazoa_SRP
ENSCJAG00000079889,U6
ENSCJAG00000017542,RPE65
ENSCJAG00000082982,
ENSCJAG00000056165,U5
ENSCJAG00000016894,
ENSCJAG00000012160,
ENSCJAG00000018918,CTSZ
ENSCJAG00000075079,
ENSCJAG00000071475,
ENSCJAG00000041503,Metazoa_SRP
ENSCJAG00000045734,CNPY1
ENSCJAG00000003534,SLC39A10
ENSCJAG00000070253,Metazoa_SRP
ENSCJAG00000074298,
ENSCJAG00000028764,U6
ENSCJAG00000073844,
ENSCJAG00000006921,ARHGEF25
ENSCJAG00000048408,GABARAPL1
ENSCJAG00000069610,
ENSCJAG00000021628,HEBP1
ENSCJAG00000007171,ADGRL4
ENSCJAG00000020935,MCRS1
ENSCJAG00000051766,U7
ENSCJAG00000081932,
ENSCJAG00000019827,TLK2
ENSCJAG00000045107,Metazoa_SRP
ENSCJAG00000075634,
ENSCJAG00000022770,
ENSCJAG00000070547,ATPAF1
ENSCJAG00000083572,U6
ENSCJAG00000067921,U3
ENSCJAG00000011247,RPS23
ENSCJAG00000075376,
ENSCJAG00000052398,
ENSCJAG00000018914,TUBB1
ENSCJAG00000083462,U1
ENSCJAG00000075850,
ENSCJAG00000077273,U6
ENSCJAG00000016887,
ENSCJAG00000002077,MYO1C
ENSCJAG00000073721,
ENSCJAG00000019842,SWI5
ENSCJAG00000008108,SOCS7
ENSCJAG00000080094,EN2
ENSCJAG00000038335,Metazoa_SRP
ENSCJAG00000021630,GPRC5D
ENSCJAG00000073740,ATP5E
ENSCJAG00000061546,ARL6IP6
ENSCJAG00000085611,Metazoa_SRP
ENSCJAG00000072035,
ENSCJAG00000009556,DNAJC8
ENSCJAG00000070345,
ENSCJAG00000020923,KCNH3
ENSCJAG00000081639,Metazoa_SRP
ENSCJAG00000073586,
ENSCJAG00000086562,Metazoa_SRP
ENSCJAG00000076447,5S_rRNA
ENSCJAG00000083412,
ENSCJAG00000054806,
ENSCJAG00000062071,Metazoa_SRP
ENSCJAG00000081034,
ENSCJAG00000017225,PTPRZ1
ENSCJAG00000012178,AP4B1
ENSCJAG00000020009,TRUB2
ENSCJAG00000080578,Y_RNA
ENSCJAG00000041778,Metazoa_SRP
ENSCJAG00000085292,Metazoa_SRP
ENSCJAG00000008111,
ENSCJAG00000079232,
ENSCJAG00000019265,PAWR
ENSCJAG00000021631,GPRC5A
ENSCJAG00000083093,
ENSCJAG00000064562,U2
ENSCJAG00000075790,Metazoa_SRP
ENSCJAG00000073728,Metazoa_SRP
ENSCJAG00000077471,Metazoa_SRP
ENSCJAG00000034863,U6
ENSCJAG00000048161,PRELID3B
ENSCJAG00000068899,PKD1L1
ENSCJAG00000085982,PID1
ENSCJAG00000068136,
ENSCJAG00000076453,U6
ENSCJAG00000005637,MDGA1
ENSCJAG00000017579,DEPDC1
ENSCJAG00000018517,INSIG1
ENSCJAG00000048007,ATP5IF1
ENSCJAG00000003444,PCLO
ENSCJAG00000020013,COQ4
ENSCJAG00000018061,IRF5
ENSCJAG00000082930,
ENSCJAG00000062963,
ENSCJAG00000020920,SPATS2
ENSCJAG00000037399,Metazoa_SRP
ENSCJAG00000021163,TEX38
ENSCJAG00000057235,TMEM52B
ENSCJAG00000021633,DDX47
ENSCJAG00000007469,GTF2B
ENSCJAG00000006966,DTX3
ENSCJAG00000078285,
ENSCJAG00000069708,
ENSCJAG00000016533,ARRDC4
ENSCJAG00000084751,
ENSCJAG00000046008,EFCAB14
ENSCJAG00000009602,SESN2
ENSCJAG00000085698,
ENSCJAG00000081656,U6
ENSCJAG00000079501,DCLRE1B
ENSCJAG00000001567,CNOT2
ENSCJAG00000079306,
ENSCJAG00000073875,
ENSCJAG00000074245,
ENSCJAG00000020016,SLC27A4
ENSCJAG00000078444,Metazoa_SRP
ENSCJAG00000075284,Y_RNA
ENSCJAG00000077952,AKIRIN1
ENSCJAG00000074743,
ENSCJAG00000001499,IGF2BP3
ENSCJAG00000015541,PRPF40A
ENSCJAG00000071319,Y_RNA
ENSCJAG00000081747,Metazoa_SRP
ENSCJAG00000077578,Metazoa_SRP
ENSCJAG00000073273,
ENSCJAG00000021635,APOLD1
ENSCJAG00000070530,U1
ENSCJAG00000047641,ZNF831
ENSCJAG00000079091,
ENSCJAG00000006988,PIP4K2C
ENSCJAG00000072221,
ENSCJAG00000008112,ARHGAP23
ENSCJAG00000068482,MED18
ENSCJAG00000085346,
ENSCJAG00000020919,DNAJC22
ENSCJAG00000003569,DNAH7
ENSCJAG00000077205,
ENSCJAG00000021636,CDKN1B
ENSCJAG00000081084,
ENSCJAG00000076765,
ENSCJAG00000012221,HIPK1
ENSCJAG00000007493,KYAT3
ENSCJAG00000021672,
ENSCJAG00000071001,
ENSCJAG00000082537,
ENSCJAG00000073687,
ENSCJAG00000047886,C1QL4
ENSCJAG00000083175,HTR5A
ENSCJAG00000013102,DNER
ENSCJAG00000078417,
ENSCJAG00000021637,GPR19
ENSCJAG00000071219,Metazoa_SRP
ENSCJAG00000014735,HUS1
ENSCJAG00000019271,PPP1R12A
ENSCJAG00000047032,NR2F2
ENSCJAG00000018035,KCP
ENSCJAG00000063890,
ENSCJAG00000019418,SSBP2
ENSCJAG00000071210,
ENSCJAG00000018885,EDN3
ENSCJAG00000021638,CREBL2
ENSCJAG00000019796,MRC2
ENSCJAG00000020036,URM1
ENSCJAG00000082464,Y_RNA
ENSCJAG00000071044,
ENSCJAG00000073131,
ENSCJAG00000087394,
ENSCJAG00000002099,CRK
ENSCJAG00000028206,cja-mir-219
ENSCJAG00000084344,
ENSCJAG00000079822,
ENSCJAG00000078238,
ENSCJAG00000043987,CYP4X1
ENSCJAG00000020910,TROAP
ENSCJAG00000036277,Metazoa_SRP
ENSCJAG00000000161,PAXIP1
ENSCJAG00000070438,
ENSCJAG00000043652,CERCAM
ENSCJAG00000081272,
ENSCJAG00000047071,U7
ENSCJAG00000075679,OLFML3
ENSCJAG00000063239,
ENSCJAG00000072880,
ENSCJAG00000021639,DUSP16
ENSCJAG00000083418,
ENSCJAG00000080634,SNORD65C
ENSCJAG00000052890,
ENSCJAG00000084718,
ENSCJAG00000086146,Metazoa_SRP
ENSCJAG00000084966,SUN3
ENSCJAG00000078674,
ENSCJAG00000069767,
ENSCJAG00000076800,
ENSCJAG00000079400,Metazoa_SRP
ENSCJAG00000078576,
ENSCJAG00000070835,
ENSCJAG00000085657,Metazoa_SRP
ENSCJAG00000038877,Metazoa_SRP
ENSCJAG00000041494,
ENSCJAG00000082954,
ENSCJAG00000084309,Metazoa_SRP
ENSCJAG00000073341,
ENSCJAG00000085929,
ENSCJAG00000083850,
ENSCJAG00000080779,Metazoa_SRP
ENSCJAG00000083363,
ENSCJAG00000005670,ZFAND3
ENSCJAG00000007033,KIF5A
ENSCJAG00000042462,MALSU1
ENSCJAG00000086256,
ENSCJAG00000021640,BORCS5
ENSCJAG00000074095,
ENSCJAG00000020904,PRPH
ENSCJAG00000074995,
ENSCJAG00000084276,
ENSCJAG00000078135,
ENSCJAG00000079591,
ENSCJAG00000083218,U7
ENSCJAG00000077961,Metazoa_SRP
ENSCJAG00000009642,PHACTR4
ENSCJAG00000083400,
ENSCJAG00000045477,SPMIP1
ENSCJAG00000002109,YWHAE
ENSCJAG00000080288,Y_RNA
ENSCJAG00000017873,BCAR3
ENSCJAG00000001480,GPNMB
ENSCJAG00000042694,GBP5
ENSCJAG00000075643,
ENSCJAG00000070833,
ENSCJAG00000040373,Metazoa_SRP
ENSCJAG00000072994,
ENSCJAG00000075171,TUBA1C
ENSCJAG00000021673,CLEC7A
ENSCJAG00000036209,Metazoa_SRP
ENSCJAG00000014701,C7orf57
ENSCJAG00000086102,
ENSCJAG00000081236,U6
ENSCJAG00000075287,
ENSCJAG00000073879,
ENSCJAG00000046281,ATP6V1F
ENSCJAG00000012333,SYT6
ENSCJAG00000081540,Y_RNA
ENSCJAG00000081183,
ENSCJAG00000085170,
ENSCJAG00000039470,Metazoa_SRP
ENSCJAG00000019453,ACOT12
ENSCJAG00000061592,
ENSCJAG00000069933,
ENSCJAG00000074033,
ENSCJAG00000075296,
ENSCJAG00000082877,KCNMB4
ENSCJAG00000045721,PHACTR3
ENSCJAG00000076439,Metazoa_SRP
ENSCJAG00000015629,FMNL2
ENSCJAG00000086036,
ENSCJAG00000071730,TUBA1A
ENSCJAG00000067707,
ENSCJAG00000082327,
ENSCJAG00000044583,U6
ENSCJAG00000020042,ODF2
ENSCJAG00000079919,Metazoa_SRP
ENSCJAG00000073027,
ENSCJAG00000068120,U3
ENSCJAG00000081709,
ENSCJAG00000069725,
ENSCJAG00000019323,OTOGL
ENSCJAG00000077023,U6
ENSCJAG00000081600,
ENSCJAG00000077270,Metazoa_SRP
ENSCJAG00000078303,
ENSCJAG00000081328,Y_RNA
ENSCJAG00000005701,BTBD9
ENSCJAG00000077886,Metazoa_SRP
ENSCJAG00000062966,
ENSCJAG00000043279,SEC22B
ENSCJAG00000086172,
ENSCJAG00000081178,
ENSCJAG00000072298,
ENSCJAG00000002132,
ENSCJAG00000075323,Metazoa_SRP
ENSCJAG00000021674,CLEC1A
ENSCJAG00000086136,TUBA1B
ENSCJAG00000071306,
ENSCJAG00000072104,
ENSCJAG00000042621,ZCCHC9
ENSCJAG00000001466,NUP42
ENSCJAG00000081551,
ENSCJAG00000083949,
ENSCJAG00000017648,LRRC7
ENSCJAG00000017889,FLNC
ENSCJAG00000020863,LMBR1L
ENSCJAG00000080402,Metazoa_SRP
ENSCJAG00000008123,SRCIN1
ENSCJAG00000069818,U6
ENSCJAG00000021643,LRP6
ENSCJAG00000077183,U6
ENSCJAG00000046011,PDZK1IP1
ENSCJAG00000021677,CLEC9A
ENSCJAG00000047173,MIR760
ENSCJAG00000029820,
ENSCJAG00000081548,
ENSCJAG00000019489,CKMT2
ENSCJAG00000005975,MCTP2
ENSCJAG00000079317,
ENSCJAG00000084741,
ENSCJAG00000020862,DHH
ENSCJAG00000080015,
ENSCJAG00000017896,DNTTIP2
ENSCJAG00000070643,Metazoa_SRP
ENSCJAG00000076095,Metazoa_SRP
ENSCJAG00000019792,MARCHF10
ENSCJAG00000053562,TAL1
ENSCJAG00000074847,
ENSCJAG00000012339,TRIM33
ENSCJAG00000027354,U4
ENSCJAG00000044560,
ENSCJAG00000003591,STK17B
ENSCJAG00000087087,
ENSCJAG00000001422,KLHL7
ENSCJAG00000083627,Y_RNA
ENSCJAG00000080159,Metazoa_SRP
ENSCJAG00000073074,Metazoa_SRP
ENSCJAG00000020856,RHEBL1
ENSCJAG00000070102,
ENSCJAG00000033688,CLEC12B
ENSCJAG00000078617,U7
ENSCJAG00000017899,GCLM
ENSCJAG00000081188,Y_RNA
ENSCJAG00000077656,
ENSCJAG00000007091,DCTN2
ENSCJAG00000075896,
ENSCJAG00000078459,
ENSCJAG00000019332,PTPRQ
ENSCJAG00000074086,
ENSCJAG00000020060,GLE1
ENSCJAG00000037952,Metazoa_SRP
ENSCJAG00000018479,ZAR1L
ENSCJAG00000062507,
ENSCJAG00000083330,
ENSCJAG00000082817,Metazoa_SRP
ENSCJAG00000058349,
ENSCJAG00000086551,ASPA
ENSCJAG00000018836,SYCP2
ENSCJAG00000075952,Metazoa_SRP
ENSCJAG00000021228,STIL
ENSCJAG00000021680,CLEC1B
ENSCJAG00000065449,
ENSCJAG00000068779,U7
ENSCJAG00000058996,
ENSCJAG00000001105,AK2
ENSCJAG00000026936,SNORA73
ENSCJAG00000073787,
ENSCJAG00000030215,SNORA73
ENSCJAG00000076659,U6
ENSCJAG00000019512,RASGRF2
ENSCJAG00000070381,
ENSCJAG00000018830,PPP1R3D
ENSCJAG00000079946,Y_RNA
ENSCJAG00000054421,
ENSCJAG00000072766,
ENSCJAG00000074556,
ENSCJAG00000018823,FAM217B
ENSCJAG00000021678,CLEC12A
ENSCJAG00000007202,MBD6
ENSCJAG00000018462,BRCA2
ENSCJAG00000038771,TRPV3
ENSCJAG00000019781,TANC2
ENSCJAG00000083654,
ENSCJAG00000007243,DDIT3
ENSCJAG00000071076,Metazoa_SRP
ENSCJAG00000009686,RCC1
ENSCJAG00000081789,MYF6
ENSCJAG00000003608,HECW2
ENSCJAG00000051938,cja-mir-616
ENSCJAG00000020827,PRKAG1
ENSCJAG00000085410,GBP4
ENSCJAG00000017203,FAM3C
ENSCJAG00000019340,MYF5
ENSCJAG00000021683,CLEC2A
ENSCJAG00000014682,UPP1
ENSCJAG00000077904,Metazoa_SRP
ENSCJAG00000051817,Metazoa_SRP
ENSCJAG00000046903,Metazoa_SRP
ENSCJAG00000021250,CMPK1
ENSCJAG00000054015,KLRF2
ENSCJAG00000009717,TRNAU1AP
ENSCJAG00000037489,Metazoa_SRP
ENSCJAG00000045578,
ENSCJAG00000077258,
ENSCJAG00000083020,
ENSCJAG00000019343,LIN7A
ENSCJAG00000019954,PDE4DIP
ENSCJAG00000044612,Metazoa_SRP
ENSCJAG00000043397,
ENSCJAG00000012448,BCAS2
ENSCJAG00000078886,
ENSCJAG00000087053,
ENSCJAG00000064058,SNORD99
ENSCJAG00000080914,Metazoa_SRP
ENSCJAG00000007249,MARS1
ENSCJAG00000086752,Y_RNA
ENSCJAG00000081523,Metazoa_SRP
ENSCJAG00000076092,U4
ENSCJAG00000001415,HYCC1
ENSCJAG00000062105,cja-mir-617
ENSCJAG00000084668,
ENSCJAG00000025550,SNORA61
ENSCJAG00000083586,
ENSCJAG00000023426,EPOP
ENSCJAG00000020080,SPTAN1
ENSCJAG00000030212,SNORA44
ENSCJAG00000001515,PTPRB
ENSCJAG00000071796,
ENSCJAG00000038878,FOXE3
ENSCJAG00000079364,
ENSCJAG00000042275,Metazoa_SRP
ENSCJAG00000073950,
ENSCJAG00000039822,WNT16
ENSCJAG00000029180,SNORA16A
ENSCJAG00000042612,CDH4
ENSCJAG00000085975,U6
ENSCJAG00000021263,FOXD2
ENSCJAG00000003397,CACNA2D1
ENSCJAG00000018453,N4BP2L1
ENSCJAG00000073081,
ENSCJAG00000009733,RAB42
ENSCJAG00000048410,DDN
ENSCJAG00000082236,
ENSCJAG00000076310,
ENSCJAG00000080035,
ENSCJAG00000008169,MLLT6
ENSCJAG00000012467,DENND2C
ENSCJAG00000056419,
ENSCJAG00000007063,TRPV1
ENSCJAG00000017669,LRRC40
ENSCJAG00000034957,AZIN2
ENSCJAG00000071656,
ENSCJAG00000023575,
ENSCJAG00000020813,WNT1
ENSCJAG00000023214,SIAH3
ENSCJAG00000009742,TAF12
ENSCJAG00000070379,
ENSCJAG00000021645,BCL2L14
ENSCJAG00000017866,CCDC136
ENSCJAG00000072070,
ENSCJAG00000076109,U4
ENSCJAG00000019352,ACSS3
ENSCJAG00000085172,
ENSCJAG00000067311,U6
ENSCJAG00000017180,CPED1
ENSCJAG00000075153,
ENSCJAG00000006769,IQSEC3
ENSCJAG00000016756,ZC3H13
ENSCJAG00000019777,CYB561
ENSCJAG00000056598,U6
ENSCJAG00000020802,WNT10B
ENSCJAG00000074951,
ENSCJAG00000071323,
ENSCJAG00000082252,
ENSCJAG00000045422,TRIM62
ENSCJAG00000074865,
ENSCJAG00000054689,
ENSCJAG00000079554,
ENSCJAG00000008212,CISD3
ENSCJAG00000019548,MSH3
ENSCJAG00000037567,Metazoa_SRP
ENSCJAG00000073928,Metazoa_SRP
ENSCJAG00000016797,CPB2
ENSCJAG00000042725,TRABD2B
ENSCJAG00000008215,PCGF2
ENSCJAG00000020800,ARF3
ENSCJAG00000065160,Metazoa_SRP
ENSCJAG00000044417,STAM2
ENSCJAG00000021646,ETV6
ENSCJAG00000082530,Metazoa_SRP
ENSCJAG00000007264,ARHGAP9
ENSCJAG00000086737,
ENSCJAG00000072733,
ENSCJAG00000065671,Metazoa_SRP
ENSCJAG00000083033,5S_rRNA
ENSCJAG00000072353,
ENSCJAG00000074850,5S_rRNA
ENSCJAG00000007109,SHPK
ENSCJAG00000072181,U6
ENSCJAG00000072458,
ENSCJAG00000036778,Metazoa_SRP
ENSCJAG00000000920,ABCA13
ENSCJAG00000008246,PSMB3
ENSCJAG00000021271,SLC5A9
ENSCJAG00000020157,DYNC2I2
ENSCJAG00000048553,
ENSCJAG00000000167,DPP6
ENSCJAG00000006797,SLC6A12
ENSCJAG00000017704,SRSF11
ENSCJAG00000077106,
ENSCJAG00000012494,AMPD1
ENSCJAG00000081942,U6
ENSCJAG00000014438,TAF4
ENSCJAG00000076072,
ENSCJAG00000077587,U4
ENSCJAG00000046438,ZNF362
ENSCJAG00000081828,U4
ENSCJAG00000016813,LCP1
ENSCJAG00000079724,U6
ENSCJAG00000077464,
ENSCJAG00000072827,
ENSCJAG00000087029,Metazoa_SRP
ENSCJAG00000025218,U6
ENSCJAG00000020792,CCDC65
ENSCJAG00000018437,N4BP2L2
ENSCJAG00000075567,
ENSCJAG00000026693,
ENSCJAG00000077504,U7
ENSCJAG00000013123,TRIP12
ENSCJAG00000042442,PIP4K2B
ENSCJAG00000016079,
ENSCJAG00000007114,CTNS
ENSCJAG00000077660,
ENSCJAG00000019755,ACE
ENSCJAG00000058496,Y_RNA
ENSCJAG00000070929,
ENSCJAG00000003683,
ENSCJAG00000047185,TOMM7
ENSCJAG00000007324,GLI1
ENSCJAG00000047551,SET
ENSCJAG00000001945,
ENSCJAG00000046812,FKBP11
ENSCJAG00000085940,U6
ENSCJAG00000039764,SMIM10L1
ENSCJAG00000017145,ING3
ENSCJAG00000036802,Metazoa_SRP
ENSCJAG00000014434,LSM14B
ENSCJAG00000071195,Y_RNA
ENSCJAG00000039778,SPATA6
ENSCJAG00000059579,U6
ENSCJAG00000085768,
ENSCJAG00000001190,A3GALT2
ENSCJAG00000071960,Y_RNA
ENSCJAG00000008289,CWC25
ENSCJAG00000071969,U4
ENSCJAG00000003694,GTF3C3
ENSCJAG00000075130,Metazoa_SRP
ENSCJAG00000055809,SNORD93
ENSCJAG00000078116,
ENSCJAG00000051836,RND1
ENSCJAG00000085624,Metazoa_SRP
ENSCJAG00000083642,
ENSCJAG00000006840,SLC6A13
ENSCJAG00000086463,
ENSCJAG00000007138,TAX1BP3
ENSCJAG00000016849,LRRC63
ENSCJAG00000001400,IL6
ENSCJAG00000085714,
ENSCJAG00000084144,
ENSCJAG00000014419,PSMA7
ENSCJAG00000008309,SPMAP1
ENSCJAG00000007356,INHBE
ENSCJAG00000017783,ANKRD13C
ENSCJAG00000082922,
ENSCJAG00000083005,
ENSCJAG00000020775,DDX23
ENSCJAG00000020165,PKN3
ENSCJAG00000046997,
ENSCJAG00000046729,RPL23
ENSCJAG00000084399,
ENSCJAG00000087071,
ENSCJAG00000081866,
ENSCJAG00000007143,EMC6
ENSCJAG00000042026,
ENSCJAG00000077970,
ENSCJAG00000072372,
ENSCJAG00000081148,
ENSCJAG00000045679,INHBC
ENSCJAG00000075999,
ENSCJAG00000001193,PHC2
ENSCJAG00000084634,Metazoa_SRP
ENSCJAG00000053681,U5
ENSCJAG00000014377,SS18L1
ENSCJAG00000083511,TAS2R8
ENSCJAG00000017120,TSPAN12
ENSCJAG00000085137,SNORA21
ENSCJAG00000076277,Y_RNA
ENSCJAG00000084019,
ENSCJAG00000053797,Metazoa_SRP
ENSCJAG00000077759,
ENSCJAG00000071895,
ENSCJAG00000019556,DHFR
ENSCJAG00000021658,TAS2R7
ENSCJAG00000061804,U5
ENSCJAG00000069934,
ENSCJAG00000031997,
ENSCJAG00000017852,OPN1SW
ENSCJAG00000006858,KDM5A
ENSCJAG00000078714,
ENSCJAG00000072987,
ENSCJAG00000007148,P2RX5
ENSCJAG00000071538,
ENSCJAG00000014360,MTG2
ENSCJAG00000079075,
ENSCJAG00000083880,
ENSCJAG00000022123,KCND2
ENSCJAG00000008328,LASP1
ENSCJAG00000084278,
ENSCJAG00000072234,
ENSCJAG00000020184,ZDHHC12
ENSCJAG00000084710,
ENSCJAG00000019567,ANKRD34B
ENSCJAG00000077393,
ENSCJAG00000076779,U6
ENSCJAG00000080827,
ENSCJAG00000073110,
ENSCJAG00000072330,Metazoa_SRP
ENSCJAG00000021660,YBX3
ENSCJAG00000081155,
ENSCJAG00000046078,LASP1NB
ENSCJAG00000005261,TUBGCP5
ENSCJAG00000019748,KCNH6
ENSCJAG00000074305,U1
ENSCJAG00000085674,
ENSCJAG00000023439,HASPIN
ENSCJAG00000048407,HRH3
ENSCJAG00000001247,ZSCAN20
ENSCJAG00000072779,
ENSCJAG00000084495,
ENSCJAG00000045097,
ENSCJAG00000052350,FAM151B
ENSCJAG00000008361,FBXO47
ENSCJAG00000020189,ZER1
ENSCJAG00000016461,ANGPTL3
ENSCJAG00000081898,
ENSCJAG00000087005,U6
ENSCJAG00000000556,B4GALNT3
ENSCJAG00000023427,
ENSCJAG00000082231,
ENSCJAG00000000940,VWC2
ENSCJAG00000059999,
ENSCJAG00000007365,R3HDM2
ENSCJAG00000078152,
ENSCJAG00000078841,
ENSCJAG00000084632,
ENSCJAG00000019370,PPFIA2
ENSCJAG00000075364,
ENSCJAG00000077855,DHDDS
ENSCJAG00000017825,CALU
ENSCJAG00000087181,
ENSCJAG00000074150,
ENSCJAG00000055513,
ENSCJAG00000074463,
ENSCJAG00000020207,TBC1D13
ENSCJAG00000038521,STYK1
ENSCJAG00000073402,
ENSCJAG00000017808,CTH
ENSCJAG00000087265,
ENSCJAG00000080738,
ENSCJAG00000016480,ATG4C
ENSCJAG00000003803,ANKRD44
ENSCJAG00000008380,PLXDC1
ENSCJAG00000063793,
ENSCJAG00000020220,ENDOG
ENSCJAG00000019584,ZFYVE16
ENSCJAG00000036784,RAPGEF5
ENSCJAG00000081902,
ENSCJAG00000054910,Metazoa_SRP
ENSCJAG00000087352,
ENSCJAG00000039022,
ENSCJAG00000067376,U6
ENSCJAG00000000949,ZPBP
ENSCJAG00000020221,C9orf114
ENSCJAG00000046505,
ENSCJAG00000021284,BEND5
ENSCJAG00000018428,PDS5B
ENSCJAG00000021662,
ENSCJAG00000041313,
ENSCJAG00000000568,NINJ2
ENSCJAG00000087367,Metazoa_SRP
ENSCJAG00000005289,CYFIP1
ENSCJAG00000071007,
ENSCJAG00000014300,OSBPL2
ENSCJAG00000041900,Metazoa_SRP
ENSCJAG00000012819,
ENSCJAG00000040729,
ENSCJAG00000045165,
ENSCJAG00000078639,
ENSCJAG00000070090,Y_RNA
ENSCJAG00000020762,CACNB3
ENSCJAG00000020240,CCBL1
ENSCJAG00000073396,U7
ENSCJAG00000072541,U6
ENSCJAG00000017818,GARIN1B
ENSCJAG00000008714,
ENSCJAG00000085370,Metazoa_SRP
ENSCJAG00000080123,Metazoa_SRP
ENSCJAG00000072654,Metazoa_SRP
ENSCJAG00000087360,
ENSCJAG00000077404,
ENSCJAG00000081048,
ENSCJAG00000082595,
ENSCJAG00000070472,
ENSCJAG00000020246,LRRC8A
ENSCJAG00000000951,SPMIP7
ENSCJAG00000072052,
ENSCJAG00000079004,U7
ENSCJAG00000074739,DAD1
ENSCJAG00000071757,U7
ENSCJAG00000017814,GARIN1A
ENSCJAG00000086347,Metazoa_SRP
ENSCJAG00000047195,
ENSCJAG00000082160,
ENSCJAG00000021663,KLRC2
ENSCJAG00000086984,
ENSCJAG00000072481,Metazoa_SRP
ENSCJAG00000072209,
ENSCJAG00000086312,Metazoa_SRP
ENSCJAG00000074862,
ENSCJAG00000020054,PHYHD1
ENSCJAG00000079825,
ENSCJAG00000081634,Metazoa_SRP
ENSCJAG00000016521,ALG6
ENSCJAG00000073405,U7
ENSCJAG00000008419,CACNB1
ENSCJAG00000081216,
ENSCJAG00000042197,U6
ENSCJAG00000075332,
ENSCJAG00000019619,SERINC5
ENSCJAG00000037826,STAC3
ENSCJAG00000008681,ABHD4
ENSCJAG00000001262,CSMD2
ENSCJAG00000063708,cja-mir-9914
ENSCJAG00000014874,RAPGEF3
ENSCJAG00000072851,Metazoa_SRP
ENSCJAG00000003155,YBX1
ENSCJAG00000039799,
ENSCJAG00000061879,
ENSCJAG00000019568,ATP2B1
ENSCJAG00000020248,DOLK
ENSCJAG00000010988,IKZF1
ENSCJAG00000016555,ITGB3BP
ENSCJAG00000005448,NIPA2
ENSCJAG00000078422,SAYSD1
ENSCJAG00000039126,NDUFA4L2
ENSCJAG00000072658,
ENSCJAG00000067302,
ENSCJAG00000039298,CLDN19
ENSCJAG00000084460,NIPA1
ENSCJAG00000082898,
ENSCJAG00000007438,SHMT2
ENSCJAG00000078165,
ENSCJAG00000038833,
ENSCJAG00000084310,
ENSCJAG00000085751,
ENSCJAG00000081454,Y_RNA
ENSCJAG00000068003,
ENSCJAG00000079615,
ENSCJAG00000020249,NUP188
ENSCJAG00000039676,Y_RNA
ENSCJAG00000071109,NXPH4
ENSCJAG00000073172,5S_rRNA
ENSCJAG00000031355,
ENSCJAG00000014274,ADRM1
ENSCJAG00000003326,CACNB4
ENSCJAG00000080754,
ENSCJAG00000039389,SPRYD4
ENSCJAG00000018421,KL
ENSCJAG00000083836,P3H1
ENSCJAG00000070186,U6
ENSCJAG00000077819,Metazoa_SRP
ENSCJAG00000063845,
ENSCJAG00000075064,
ENSCJAG00000087085,U6
ENSCJAG00000079608,FIGNL1
ENSCJAG00000076770,
ENSCJAG00000019396,CCDC59
ENSCJAG00000010971,MIP
ENSCJAG00000008520,RPL19
ENSCJAG00000008664,
ENSCJAG00000014975,SLC48A1
ENSCJAG00000019641,THBS4
ENSCJAG00000001472,PTPRR
ENSCJAG00000074394,
ENSCJAG00000013725,ELAVL4
ENSCJAG00000010984,TIMELESS
ENSCJAG00000072816,Metazoa_SRP
ENSCJAG00000017770,IMPDH1
ENSCJAG00000008410,STAC2
ENSCJAG00000001351,CDCA7L
ENSCJAG00000003243,C1orf50
ENSCJAG00000019400,METTL25
ENSCJAG00000071651,Metazoa_SRP
ENSCJAG00000075688,
ENSCJAG00000079769,Metazoa_SRP
ENSCJAG00000009192,PDE1C
ENSCJAG00000081329,SVBP
ENSCJAG00000082162,
ENSCJAG00000014195,RPS21
ENSCJAG00000071444,Metazoa_SRP
ENSCJAG00000011065,APOF
ENSCJAG00000016590,EFCAB7
ENSCJAG00000082297,
ENSCJAG00000010289,LRP1
ENSCJAG00000086314,
ENSCJAG00000020282,SH3GLB2
ENSCJAG00000059859,
ENSCJAG00000014979,HDAC7
ENSCJAG00000085368,
ENSCJAG00000086689,U4
ENSCJAG00000011007,DDC
ENSCJAG00000039335,ERMAP
ENSCJAG00000071582,Metazoa_SRP
ENSCJAG00000014189,CABLES2
ENSCJAG00000008592,SLC7A7
ENSCJAG00000019700,MTX3
ENSCJAG00000018399,STARD13
ENSCJAG00000001462,TSPAN8
ENSCJAG00000008532,FBXL20
ENSCJAG00000020756,ADCY6
ENSCJAG00000077516,
ENSCJAG00000001301,DNAH11
ENSCJAG00000071314,
ENSCJAG00000011101,STAT2
ENSCJAG00000003267,ZNF691
ENSCJAG00000014173,RBBP8NL
ENSCJAG00000073267,
ENSCJAG00000080869,
ENSCJAG00000080649,
ENSCJAG00000072575,
ENSCJAG00000081359,
ENSCJAG00000079977,
ENSCJAG00000020285,MIGA2
ENSCJAG00000023726,U6
ENSCJAG00000035615,MRPL52
ENSCJAG00000019420,TMTC2
ENSCJAG00000084997,
ENSCJAG00000064912,
ENSCJAG00000084519,
ENSCJAG00000071984,
ENSCJAG00000056378,U6
ENSCJAG00000003279,SLC2A1
ENSCJAG00000051759,
ENSCJAG00000070692,
ENSCJAG00000019637,POC1B
ENSCJAG00000028067,cja-mir-1a-2
ENSCJAG00000077000,
ENSCJAG00000001370,C1orf94
ENSCJAG00000001282,SP4
ENSCJAG00000063076,
ENSCJAG00000069930,U6
ENSCJAG00000041983,SPMIP11
ENSCJAG00000072814,Metazoa_SRP
ENSCJAG00000009785,SLCO4A1
ENSCJAG00000020293,CRAT
ENSCJAG00000086223,Metazoa_SRP
ENSCJAG00000073124,U7
ENSCJAG00000008538,MMP14
ENSCJAG00000076976,
ENSCJAG00000074192,
ENSCJAG00000001428,LGR5
ENSCJAG00000085995,
ENSCJAG00000008593,MED1
ENSCJAG00000026099,5S_rRNA
ENSCJAG00000082850,
ENSCJAG00000015018,VDR
ENSCJAG00000080021,
ENSCJAG00000048090,IL23A
ENSCJAG00000072897,
ENSCJAG00000081502,
ENSCJAG00000077891,Metazoa_SRP
ENSCJAG00000041245,NTSR1
ENSCJAG00000033840,Y_RNA
ENSCJAG00000042794,Metazoa_SRP
ENSCJAG00000003315,CFAP144
ENSCJAG00000072667,
ENSCJAG00000082494,
ENSCJAG00000079935,Y_RNA
ENSCJAG00000078532,
ENSCJAG00000015040,TMEM106C
ENSCJAG00000021555,FAF1
ENSCJAG00000019709,CMYA5
ENSCJAG00000087178,
ENSCJAG00000001245,SP8
ENSCJAG00000041703,MRGBP
ENSCJAG00000085805,Metazoa_SRP
ENSCJAG00000073300,
ENSCJAG00000084624,
ENSCJAG00000083837,
ENSCJAG00000003318,EBNA1BP2
ENSCJAG00000079687,
ENSCJAG00000083917,DUSP6
ENSCJAG00000086356,
ENSCJAG00000020739,CCNT1
ENSCJAG00000041855,PRRT4
ENSCJAG00000081428,
ENSCJAG00000008635,CDK12
ENSCJAG00000072915,
ENSCJAG00000043024,U2
ENSCJAG00000001379,GJB5
ENSCJAG00000011141,PAN2
ENSCJAG00000082199,Metazoa_SRP
ENSCJAG00000043786,OGFR
ENSCJAG00000008522,LRP10
ENSCJAG00000077712,LSM5
ENSCJAG00000001194,ABCB5
ENSCJAG00000070890,U7
ENSCJAG00000023374,GJB4
ENSCJAG00000074779,
ENSCJAG00000079560,U7
ENSCJAG00000001380,GJB3
ENSCJAG00000018380,RFC3
ENSCJAG00000070274,
ENSCJAG00000025601,U6
ENSCJAG00000064230,Metazoa_SRP
ENSCJAG00000072064,
ENSCJAG00000086164,
ENSCJAG00000001383,GJA4
ENSCJAG00000009909,COL9A3
ENSCJAG00000011054,GRB10
ENSCJAG00000003341,CFAP57
ENSCJAG00000076769,
ENSCJAG00000041134,DMRTA2
ENSCJAG00000038430,NEUROD2
ENSCJAG00000011798,HERC2
ENSCJAG00000033359,U6
ENSCJAG00000019658,
ENSCJAG00000072345,
ENSCJAG00000035724,Metazoa_SRP
ENSCJAG00000073753,
ENSCJAG00000077444,Metazoa_SRP
ENSCJAG00000034385,U5
ENSCJAG00000084488,U6
ENSCJAG00000070280,
ENSCJAG00000001385,DLGAP3
ENSCJAG00000010327,STAT6
ENSCJAG00000008712,PPP1R1B
ENSCJAG00000037144,REM2
ENSCJAG00000072719,Metazoa_SRP
ENSCJAG00000026191,
ENSCJAG00000081141,
ENSCJAG00000034819,U1
ENSCJAG00000011259,CNPY2
ENSCJAG00000082088,
ENSCJAG00000086569,U6
ENSCJAG00000009980,TCFL5
ENSCJAG00000060144,CDKN2C
ENSCJAG00000009074,AVL9
ENSCJAG00000073636,Metazoa_SRP
ENSCJAG00000001384,ZFC3H1
ENSCJAG00000015054,COL2A1
ENSCJAG00000086215,
ENSCJAG00000086959,SPTSSA
ENSCJAG00000013238,FBXO36
ENSCJAG00000020295,PTPA
ENSCJAG00000030679,U6
ENSCJAG00000076266,
ENSCJAG00000020735,KANSL2
ENSCJAG00000086039,Y_RNA
ENSCJAG00000032302,
ENSCJAG00000001171,ITGB8
ENSCJAG00000017731,RBM28
ENSCJAG00000003827,DIDO1
ENSCJAG00000076921,
ENSCJAG00000083911,
ENSCJAG00000080300,Metazoa_SRP
ENSCJAG00000081094,
ENSCJAG00000042239,EAPP
ENSCJAG00000019661,KITLG
ENSCJAG00000001402,
ENSCJAG00000084551,SNORA2B
ENSCJAG00000008731,STARD3
ENSCJAG00000003499,MED8
ENSCJAG00000084886,U1
ENSCJAG00000019650,ACTR3B
ENSCJAG00000010414,NAB2
ENSCJAG00000086340,SNORA2A
ENSCJAG00000080573,ZMYM6NB
ENSCJAG00000076190,U1
ENSCJAG00000019425,SLC6A15
ENSCJAG00000011275,CS
ENSCJAG00000023457,SNORA2C
ENSCJAG00000020732,LALBA
ENSCJAG00000021565,C1orf185
ENSCJAG00000008482,RBM23
ENSCJAG00000001408,ZMYM6
ENSCJAG00000069728,U1
ENSCJAG00000044481,TCAP
ENSCJAG00000076618,Y_RNA
ENSCJAG00000044761,SNX6
ENSCJAG00000069846,Metazoa_SRP
ENSCJAG00000026841,Y_RNA
ENSCJAG00000060436,OR5BS1
ENSCJAG00000008824,PNMT
ENSCJAG00000010007,GID8
ENSCJAG00000010449,NEMP1
ENSCJAG00000074568,
ENSCJAG00000019722,HOMER1
ENSCJAG00000046685,IER5L
ENSCJAG00000085367,
ENSCJAG00000079070,U6
ENSCJAG00000057342,
ENSCJAG00000020731,
ENSCJAG00000041499,Metazoa_SRP
ENSCJAG00000060288,
ENSCJAG00000081316,
ENSCJAG00000078221,Metazoa_SRP
ENSCJAG00000074959,Metazoa_SRP
ENSCJAG00000069674,U1
ENSCJAG00000079026,
ENSCJAG00000001420,ZMYM1
ENSCJAG00000069444,
ENSCJAG00000079633,
ENSCJAG00000069809,
ENSCJAG00000080704,Metazoa_SRP
ENSCJAG00000082534,SLC17A9
ENSCJAG00000013644,
ENSCJAG00000079871,U4
ENSCJAG00000019685,TMTC3
ENSCJAG00000067589,
ENSCJAG00000009166,KBTBD2
ENSCJAG00000056575,U2
ENSCJAG00000020306,C9orf50
ENSCJAG00000001164,MACC1
ENSCJAG00000026933,
ENSCJAG00000007833,C1orf210
ENSCJAG00000073306,Metazoa_SRP
ENSCJAG00000086151,Metazoa_SRP
ENSCJAG00000030164,Y_RNA
ENSCJAG00000075602,
ENSCJAG00000087050,Metazoa_SRP
ENSCJAG00000084050,5S_rRNA
ENSCJAG00000078602,Y_RNA
ENSCJAG00000008841,PGAP3
ENSCJAG00000086332,
ENSCJAG00000046115,Metazoa_SRP
ENSCJAG00000041665,CFL2
ENSCJAG00000039345,TSPAN19
ENSCJAG00000011319,COQ10A
ENSCJAG00000013830,
ENSCJAG00000081586,
ENSCJAG00000077935,
ENSCJAG00000087298,
ENSCJAG00000076989,
ENSCJAG00000010493,MYO1A
ENSCJAG00000010053,
ENSCJAG00000071228,
ENSCJAG00000020309,NTMT1
ENSCJAG00000086049,
ENSCJAG00000045768,MIR124-3
ENSCJAG00000077996,
ENSCJAG00000073824,Y_RNA
ENSCJAG00000000575,WNK1
ENSCJAG00000037502,Metazoa_SRP
ENSCJAG00000001431,SFPQ
ENSCJAG00000085269,
ENSCJAG00000072133,Metazoa_SRP
ENSCJAG00000001161,TMEM196
ENSCJAG00000085430,
ENSCJAG00000071727,RNF11
ENSCJAG00000053185,
ENSCJAG00000017729,LEP
ENSCJAG00000033151,
ENSCJAG00000010056,YTHDF1
ENSCJAG00000023920,
ENSCJAG00000082364,U6
ENSCJAG00000086776,SNORD36
ENSCJAG00000011349,ANKRD52
ENSCJAG00000009141,FKBP9
ENSCJAG00000003353,TIE1
ENSCJAG00000028499,cja-mir-129-2
ENSCJAG00000063171,THAP2
ENSCJAG00000020312,ASB6
ENSCJAG00000075291,Y_RNA
ENSCJAG00000083186,
ENSCJAG00000006421,BAZ1A
ENSCJAG00000077110,
ENSCJAG00000001148,POLR1F
ENSCJAG00000082774,
ENSCJAG00000013648,COBL
ENSCJAG00000032080,XRCC2
ENSCJAG00000019698,CEP290
ENSCJAG00000030832,
ENSCJAG00000078826,TAC3
ENSCJAG00000009955,BIRC7
ENSCJAG00000076601,
ENSCJAG00000075405,
ENSCJAG00000001447,ZMYM4
ENSCJAG00000001375,TMEM19
ENSCJAG00000072255,Metazoa_SRP
ENSCJAG00000015180,SENP1
ENSCJAG00000008874,ERBB2
ENSCJAG00000086085,
ENSCJAG00000070709,
ENSCJAG00000054849,U7
ENSCJAG00000044406,
ENSCJAG00000080524,Metazoa_SRP
ENSCJAG00000084216,
ENSCJAG00000039561,
ENSCJAG00000053491,
ENSCJAG00000076370,Y_RNA
ENSCJAG00000076791,
ENSCJAG00000045887,ZBTB39
ENSCJAG00000063924,
ENSCJAG00000019445,LRRIQ1
ENSCJAG00000042986,Metazoa_SRP
ENSCJAG00000084859,U6
ENSCJAG00000008409,
ENSCJAG00000020303,PRRX2
ENSCJAG00000082825,
ENSCJAG00000084533,U6
ENSCJAG00000072932,
ENSCJAG00000011444,SLC39A5
ENSCJAG00000010632,GPR182
ENSCJAG00000036485,Metazoa_SRP
ENSCJAG00000019743,JMY
ENSCJAG00000078777,Metazoa_SRP
ENSCJAG00000081158,Metazoa_SRP
ENSCJAG00000084783,
ENSCJAG00000085263,
ENSCJAG00000053443,RAB21
ENSCJAG00000080239,Metazoa_SRP
ENSCJAG00000001486,KIAA0319L
ENSCJAG00000027322,U1
ENSCJAG00000071462,RDH16
ENSCJAG00000086828,PTGES
ENSCJAG00000073031,
ENSCJAG00000086142,
ENSCJAG00000009035,NT5C3A
ENSCJAG00000085517,Metazoa_SRP
ENSCJAG00000003389,MPL
ENSCJAG00000063690,U6
ENSCJAG00000071411,
ENSCJAG00000084545,
ENSCJAG00000006581,SRP54
ENSCJAG00000019751,RLIG1
ENSCJAG00000011455,NABP2
ENSCJAG00000083246,
ENSCJAG00000019669,
ENSCJAG00000042213,SDR9C7
ENSCJAG00000075279,
ENSCJAG00000020343,TOR1B
ENSCJAG00000056622,
ENSCJAG00000038997,FERD3L
ENSCJAG00000080305,
ENSCJAG00000011457,RNF41
ENSCJAG00000008895,MIEN1
ENSCJAG00000017668,SND1
ENSCJAG00000003414,CDC20
ENSCJAG00000001525,NCDN
ENSCJAG00000048476,TWIST1
ENSCJAG00000031756,U6
ENSCJAG00000082967,
ENSCJAG00000010652,HSD17B6
ENSCJAG00000020346,TOR1A
ENSCJAG00000081292,Metazoa_SRP
ENSCJAG00000047755,Metazoa_SRP
ENSCJAG00000046222,ITPKA
ENSCJAG00000079194,
ENSCJAG00000076409,U6
ENSCJAG00000019757,C12orf50
ENSCJAG00000081579,Y_RNA
ENSCJAG00000084621,
ENSCJAG00000033462,RP9
ENSCJAG00000081976,Metazoa_SRP
ENSCJAG00000037493,Metazoa_SRP
ENSCJAG00000019672,KMT2C
ENSCJAG00000024358,
ENSCJAG00000008900,GRB7
ENSCJAG00000018225,NBEA
ENSCJAG00000010662,PRIM1
ENSCJAG00000008389,HAUS4
ENSCJAG00000080099,
ENSCJAG00000085813,PFKM
ENSCJAG00000069586,FAM177A1
ENSCJAG00000081257,Metazoa_SRP
ENSCJAG00000058773,Metazoa_SRP
ENSCJAG00000053586,
ENSCJAG00000077807,Metazoa_SRP
ENSCJAG00000001531,TFAP2E
ENSCJAG00000086109,
ENSCJAG00000072373,Metazoa_SRP
ENSCJAG00000075431,Y_RNA
ENSCJAG00000062861,
ENSCJAG00000078664,
ENSCJAG00000079651,
ENSCJAG00000043464,Metazoa_SRP
ENSCJAG00000085798,U4
ENSCJAG00000044829,
ENSCJAG00000075255,Metazoa_SRP
ENSCJAG00000071556,Metazoa_SRP
ENSCJAG00000041694,PPP2R3C
ENSCJAG00000085534,
ENSCJAG00000059013,BHMT
ENSCJAG00000084083,U7
ENSCJAG00000085358,
ENSCJAG00000001329,TBC1D15
ENSCJAG00000080722,ALX1
ENSCJAG00000008376,AJUBA
ENSCJAG00000085636,
ENSCJAG00000083727,
ENSCJAG00000001076,HDAC9
ENSCJAG00000077483,
ENSCJAG00000011483,SMARCC2
ENSCJAG00000038344,PSMB2
ENSCJAG00000087090,
ENSCJAG00000072972,Metazoa_SRP
ENSCJAG00000057978,
ENSCJAG00000085601,
ENSCJAG00000043828,Metazoa_SRP
ENSCJAG00000071608,Metazoa_SRP
ENSCJAG00000045644,NACA
ENSCJAG00000019732,GALNT11
ENSCJAG00000073584,Metazoa_SRP
ENSCJAG00000084686,
ENSCJAG00000076226,
ENSCJAG00000063567,
ENSCJAG00000006750,PRORP
ENSCJAG00000074332,Metazoa_SRP
ENSCJAG00000063757,U6
ENSCJAG00000076084,Metazoa_SRP
ENSCJAG00000008320,C14orf93
ENSCJAG00000035489,U5
ENSCJAG00000076935,U6
ENSCJAG00000078756,
ENSCJAG00000019766,BHMT2
ENSCJAG00000084871,
ENSCJAG00000044395,C1orf216
ENSCJAG00000079736,
ENSCJAG00000003519,SZT2
ENSCJAG00000073495,ASB8
ENSCJAG00000009008,BBS9
ENSCJAG00000023488,
ENSCJAG00000079298,
ENSCJAG00000083931,
ENSCJAG00000079358,
ENSCJAG00000067772,MGAT4C
ENSCJAG00000019740,GALNTL5
ENSCJAG00000072931,
ENSCJAG00000080626,
ENSCJAG00000046458,PSMB11
ENSCJAG00000073372,5S_rRNA
ENSCJAG00000058595,U6
ENSCJAG00000012282,SLCO1B3
ENSCJAG00000045218,LRRC4
ENSCJAG00000041141,PSMA6
ENSCJAG00000001559,CLSPN
ENSCJAG00000073465,U4
ENSCJAG00000054464,
ENSCJAG00000051439,
ENSCJAG00000070991,
ENSCJAG00000030403,U1
ENSCJAG00000042177,PSMB5
ENSCJAG00000019768,DMGDH
ENSCJAG00000075283,
ENSCJAG00000077398,
ENSCJAG00000002030,
ENSCJAG00000087084,Metazoa_SRP
ENSCJAG00000059857,
ENSCJAG00000071935,
ENSCJAG00000076139,Metazoa_SRP
ENSCJAG00000017652,PAX4
ENSCJAG00000035119,SNORA28
ENSCJAG00000063299,
ENSCJAG00000019460,EEA1
ENSCJAG00000008170,CDH24
ENSCJAG00000012242,SLCO1C1
ENSCJAG00000055064,DRAM1
ENSCJAG00000082169,
ENSCJAG00000037890,Metazoa_SRP
ENSCJAG00000077739,U2
ENSCJAG00000027850,U1
ENSCJAG00000067823,
ENSCJAG00000073389,
ENSCJAG00000008957,IKZF3
ENSCJAG00000086722,Metazoa_SRP
ENSCJAG00000040320,
ENSCJAG00000072912,
ENSCJAG00000046622,NTS
ENSCJAG00000082566,
ENSCJAG00000078290,
ENSCJAG00000082944,Metazoa_SRP
ENSCJAG00000055908,
ENSCJAG00000063925,SNORD114-10
ENSCJAG00000020422,PRKAG2
ENSCJAG00000075408,
ENSCJAG00000076931,SNORD114-11
ENSCJAG00000017639,FSCN3
ENSCJAG00000073386,
ENSCJAG00000084748,
ENSCJAG00000012237,PDE3A
ENSCJAG00000086477,SNORD114-12
ENSCJAG00000051631,
ENSCJAG00000080495,
ENSCJAG00000077800,
ENSCJAG00000086825,SNORD114-13
ENSCJAG00000085898,
ENSCJAG00000001610,AGO4
ENSCJAG00000038441,RASSF9
ENSCJAG00000078064,
ENSCJAG00000057135,
ENSCJAG00000081229,
ENSCJAG00000010724,PTGES3
ENSCJAG00000002241,MYL6
ENSCJAG00000085897,SNORD114-15
ENSCJAG00000084763,PRPS1L1
ENSCJAG00000017604,ARF5
ENSCJAG00000027966,U8
ENSCJAG00000006806,NFKBIA
ENSCJAG00000072711,Metazoa_SRP
ENSCJAG00000054423,SNORD114-16
ENSCJAG00000059363,
ENSCJAG00000084000,
ENSCJAG00000079775,
ENSCJAG00000073694,SNORD114-17
ENSCJAG00000024977,U6
ENSCJAG00000060141,
ENSCJAG00000059294,U6
ENSCJAG00000001306,TPH2
ENSCJAG00000078085,
ENSCJAG00000074955,
ENSCJAG00000086435,SNORD114-19
ENSCJAG00000072269,
ENSCJAG00000077052,VSTM2A
ENSCJAG00000084285,
ENSCJAG00000053422,
ENSCJAG00000017602,GCC1
ENSCJAG00000081984,
ENSCJAG00000069921,
ENSCJAG00000068197,SNORD114-20
ENSCJAG00000049689,
ENSCJAG00000084125,Metazoa_SRP
ENSCJAG00000071026,
ENSCJAG00000072441,SNORD114-21
ENSCJAG00000020746,RTF1
ENSCJAG00000070397,U6
ENSCJAG00000001570,PARP11
ENSCJAG00000078790,SNORD114-22
ENSCJAG00000058561,U6
ENSCJAG00000083693,Metazoa_SRP
ENSCJAG00000011620,MYL6B
ENSCJAG00000071933,
ENSCJAG00000079600,
ENSCJAG00000085814,LHFPL2
ENSCJAG00000067651,SNORD114-23
ENSCJAG00000078340,
ENSCJAG00000072278,
ENSCJAG00000079864,
ENSCJAG00000085160,Metazoa_SRP
ENSCJAG00000072590,SNORD114-24
ENSCJAG00000071002,
ENSCJAG00000001040,SNX13
ENSCJAG00000078280,SNORD114-25
ENSCJAG00000071135,
ENSCJAG00000069840,
ENSCJAG00000081814,
ENSCJAG00000033571,
ENSCJAG00000074534,
ENSCJAG00000071987,Metazoa_SRP
ENSCJAG00000072834,
ENSCJAG00000078138,SNORD114-26
ENSCJAG00000080092,
ENSCJAG00000074101,
ENSCJAG00000019794,SCAMP1
ENSCJAG00000081584,
ENSCJAG00000017598,ZNF800
ENSCJAG00000076661,Metazoa_SRP
ENSCJAG00000058106,
ENSCJAG00000021822,
ENSCJAG00000070162,
ENSCJAG00000040846,ARL5A
ENSCJAG00000073159,SNORD59A
ENSCJAG00000057579,
ENSCJAG00000008076,ACIN1
ENSCJAG00000087282,
ENSCJAG00000076549,
ENSCJAG00000055022,
ENSCJAG00000011638,ESYT1
ENSCJAG00000053341,
ENSCJAG00000086401,U6
ENSCJAG00000069960,SNORD114-29
ENSCJAG00000001586,
ENSCJAG00000057548,U2
ENSCJAG00000006816,INSM2
ENSCJAG00000069991,SNORD114-30
ENSCJAG00000086637,
ENSCJAG00000002388,ANHX
ENSCJAG00000075971,
ENSCJAG00000079764,
ENSCJAG00000079057,U6
ENSCJAG00000075898,SNORD114-31
ENSCJAG00000031064,cja-mir-379
ENSCJAG00000085350,
ENSCJAG00000073813,U1
ENSCJAG00000046372,
ENSCJAG00000074407,
ENSCJAG00000086283,
ENSCJAG00000031018,U6
ENSCJAG00000027552,cja-mir-411
ENSCJAG00000011780,OCA2
ENSCJAG00000062646,
ENSCJAG00000047134,TRHDE
ENSCJAG00000017585,GRM8
ENSCJAG00000030045,cja-mir-299
ENSCJAG00000075900,
ENSCJAG00000042669,RHEB
ENSCJAG00000012015,BMPER
ENSCJAG00000023727,
ENSCJAG00000001593,CCND2
ENSCJAG00000083841,Metazoa_SRP
ENSCJAG00000079696,U6
ENSCJAG00000003560,HYI
ENSCJAG00000025915,MIR323A
ENSCJAG00000028891,MIR758
ENSCJAG00000040111,TIGAR
ENSCJAG00000026665,cja-mir-329
ENSCJAG00000045638,ZC3H10
ENSCJAG00000002346,SORD
ENSCJAG00000028414,cja-mir-494
ENSCJAG00000069616,Metazoa_SRP
ENSCJAG00000010774,BAZ2A
ENSCJAG00000024920,cja-mir-1193
ENSCJAG00000012570,BUD13
ENSCJAG00000046796,Metazoa_SRP
ENSCJAG00000075582,
ENSCJAG00000080468,
ENSCJAG00000045618,cja-mir-543
ENSCJAG00000017681,EDC3
ENSCJAG00000027261,cja-mir-495
ENSCJAG00000030615,Y_RNA
ENSCJAG00000072836,
ENSCJAG00000020410,
ENSCJAG00000059570,cja-mir-376a-2
ENSCJAG00000009754,GMEB1
ENSCJAG00000012464,PTPN11
ENSCJAG00000078478,
ENSCJAG00000061207,cja-mir-376b
ENSCJAG00000055431,
ENSCJAG00000072238,
ENSCJAG00000019495,PLEKHG7
ENSCJAG00000066706,cja-mir-376a-1
ENSCJAG00000019804,AP3B1
ENSCJAG00000085692,
ENSCJAG00000071473,Metazoa_SRP
ENSCJAG00000080557,
ENSCJAG00000046992,TEX9
ENSCJAG00000082741,cja-mir-1185
ENSCJAG00000011811,PA2G4
ENSCJAG00000083257,
ENSCJAG00000061617,cja-mir-9982
ENSCJAG00000024425,
ENSCJAG00000068258,
ENSCJAG00000017624,CLK3
ENSCJAG00000085942,cja-mir-1185
ENSCJAG00000074705,
ENSCJAG00000012583,ZNF259
ENSCJAG00000067339,
ENSCJAG00000082652,
ENSCJAG00000026100,cja-mir-381
ENSCJAG00000081022,Metazoa_SRP
ENSCJAG00000080286,
ENSCJAG00000047108,Metazoa_SRP
ENSCJAG00000071914,
ENSCJAG00000032023,AGO1
ENSCJAG00000053578,cja-mir-487b
ENSCJAG00000081753,
ENSCJAG00000069329,Metazoa_SRP
ENSCJAG00000039727,cja-mir-539
ENSCJAG00000076177,
ENSCJAG00000079401,U6
ENSCJAG00000046254,
ENSCJAG00000063700,
ENSCJAG00000025721,cja-mir-544
ENSCJAG00000012611,APOA5
ENSCJAG00000080571,
ENSCJAG00000084132,
ENSCJAG00000009804,YTHDF2
ENSCJAG00000070955,
ENSCJAG00000025860,cja-mir-655
ENSCJAG00000028464,U8
ENSCJAG00000067114,
ENSCJAG00000071995,
ENSCJAG00000078114,Metazoa_SRP
ENSCJAG00000055578,cja-mir-487a
ENSCJAG00000082684,
ENSCJAG00000082444,Metazoa_SRP
ENSCJAG00000069738,
ENSCJAG00000072872,
ENSCJAG00000001029,AHR
ENSCJAG00000081176,
ENSCJAG00000035752,Metazoa_SRP
ENSCJAG00000048672,cja-mir-382
ENSCJAG00000071758,
ENSCJAG00000069854,
ENSCJAG00000011936,ERBB3
ENSCJAG00000085319,U5
ENSCJAG00000002307,DUOX2
ENSCJAG00000083156,U1
ENSCJAG00000024569,cja-mir-134
ENSCJAG00000020408,WDR86
ENSCJAG00000084713,NUDT4
ENSCJAG00000038367,cja-mir-485
ENSCJAG00000082072,
ENSCJAG00000079052,Metazoa_SRP
ENSCJAG00000009824,OPRD1
ENSCJAG00000077013,Metazoa_SRP
ENSCJAG00000072845,Metazoa_SRP
ENSCJAG00000082643,
ENSCJAG00000030411,cja-mir-154
ENSCJAG00000046558,MNS1
ENSCJAG00000015430,CSK
ENSCJAG00000062341,
ENSCJAG00000003578,PTPRF
ENSCJAG00000043474,cja-mir-377
ENSCJAG00000073309,
ENSCJAG00000086918,
ENSCJAG00000074978,Y_RNA
ENSCJAG00000078802,
ENSCJAG00000010077,FAR1
ENSCJAG00000045688,Metazoa_SRP
ENSCJAG00000065933,
ENSCJAG00000069194,cja-mir-412
ENSCJAG00000083140,
ENSCJAG00000077789,
ENSCJAG00000073185,
ENSCJAG00000081780,MAB21L1
ENSCJAG00000070164,Y_RNA
ENSCJAG00000027774,cja-mir-410
ENSCJAG00000010803,RBMS2
ENSCJAG00000019504,
ENSCJAG00000028191,Y_RNA
ENSCJAG00000072668,Metazoa_SRP
ENSCJAG00000027790,cja-mir-656
ENSCJAG00000070934,
ENSCJAG00000084747,
ENSCJAG00000079593,
ENSCJAG00000070095,U3
ENSCJAG00000083670,Y_RNA
ENSCJAG00000086046,Metazoa_SRP
ENSCJAG00000044082,CIROP
ENSCJAG00000002979,UBE2N
ENSCJAG00000067377,
ENSCJAG00000056304,
ENSCJAG00000048105,RPS26
ENSCJAG00000076712,U4
ENSCJAG00000001020,AGR3
ENSCJAG00000076434,
ENSCJAG00000006821,RALGAPA1
ENSCJAG00000012118,NPSR1
ENSCJAG00000023388,
ENSCJAG00000079758,
ENSCJAG00000018576,CD69
ENSCJAG00000083791,
ENSCJAG00000082970,
ENSCJAG00000059348,
ENSCJAG00000074666,Metazoa_SRP
ENSCJAG00000070171,
ENSCJAG00000020400,NUB1
ENSCJAG00000009977,GABRG3
ENSCJAG00000076996,
ENSCJAG00000081347,
ENSCJAG00000085597,Metazoa_SRP
ENSCJAG00000074505,
ENSCJAG00000078302,
ENSCJAG00000060543,
ENSCJAG00000072042,PRPS1
ENSCJAG00000034857,U6
ENSCJAG00000083739,
ENSCJAG00000004407,
ENSCJAG00000042468,CEBPE
ENSCJAG00000033819,U1
ENSCJAG00000067364,
ENSCJAG00000024304,SNORA30
ENSCJAG00000080114,Metazoa_SRP
ENSCJAG00000014466,TMEM126A
ENSCJAG00000085275,
ENSCJAG00000015507,LMAN1L
ENSCJAG00000070367,APOA4
ENSCJAG00000086590,
ENSCJAG00000057563,
ENSCJAG00000079535,
ENSCJAG00000041108,U6
ENSCJAG00000040153,U6
ENSCJAG00000058968,MRPL42
ENSCJAG00000083386,
ENSCJAG00000084258,Metazoa_SRP
ENSCJAG00000074230,
ENSCJAG00000008959,P2RX3
ENSCJAG00000073608,
ENSCJAG00000083425,
ENSCJAG00000020751,NDUFAF1
ENSCJAG00000006230,IKZF4
ENSCJAG00000000997,AGR2
ENSCJAG00000085539,
ENSCJAG00000030342,
ENSCJAG00000078888,Metazoa_SRP
ENSCJAG00000047057,
ENSCJAG00000053858,
ENSCJAG00000070950,
ENSCJAG00000042835,TMEM265
ENSCJAG00000011120,KLRB1
ENSCJAG00000066333,cja-mir-1327
ENSCJAG00000010875,GLS2
ENSCJAG00000077594,
ENSCJAG00000072096,
ENSCJAG00000079253,U6
ENSCJAG00000074300,
ENSCJAG00000010055,SPON1
ENSCJAG00000012639,APOC3
ENSCJAG00000073711,
ENSCJAG00000000890,CABP2
ENSCJAG00000086578,Y_RNA
ENSCJAG00000070609,
ENSCJAG00000001665,GABRA5
ENSCJAG00000085029,
ENSCJAG00000014472,TMEM126B
ENSCJAG00000053324,
ENSCJAG00000079348,
ENSCJAG00000008948,PRG3
ENSCJAG00000070685,
ENSCJAG00000076613,
ENSCJAG00000015532,ZSCAN10
ENSCJAG00000021964,
ENSCJAG00000086942,U6
ENSCJAG00000070241,
ENSCJAG00000062312,
ENSCJAG00000038349,CPLX3
ENSCJAG00000083871,
ENSCJAG00000069632,FGF23
ENSCJAG00000066188,U2
ENSCJAG00000020755,NUSAP1
ENSCJAG00000040127,
ENSCJAG00000071117,
ENSCJAG00000060734,
ENSCJAG00000043901,Metazoa_SRP
ENSCJAG00000029776,U6
ENSCJAG00000048668,TSPAN13
ENSCJAG00000070201,U4
ENSCJAG00000027903,cja-mir-1247
ENSCJAG00000071126,Metazoa_SRP
ENSCJAG00000012644,APOA1
ENSCJAG00000076193,U4
ENSCJAG00000036833,PRG2
ENSCJAG00000087138,
ENSCJAG00000076201,
ENSCJAG00000066010,
ENSCJAG00000071130,Y_RNA
ENSCJAG00000002822,PHKG2
ENSCJAG00000014034,MCAM
ENSCJAG00000039314,
ENSCJAG00000077908,
ENSCJAG00000083557,U6
ENSCJAG00000001613,FGF6
ENSCJAG00000074543,
ENSCJAG00000044471,Metazoa_SRP
ENSCJAG00000044362,Metazoa_SRP
ENSCJAG00000073184,
ENSCJAG00000045928,ZNF280D
ENSCJAG00000020760,OIP5
ENSCJAG00000011775,RPL27A
ENSCJAG00000010363,HYKK
ENSCJAG00000047263,ZNF205
ENSCJAG00000056658,Metazoa_SRP
ENSCJAG00000076604,
ENSCJAG00000008898,SLC43A3
ENSCJAG00000086386,
ENSCJAG00000072147,
ENSCJAG00000016491,
ENSCJAG00000006272,SUOX
ENSCJAG00000078283,
ENSCJAG00000000379,
ENSCJAG00000002302,DUOXA2
ENSCJAG00000002856,CFAP119
ENSCJAG00000040842,RRAS2
ENSCJAG00000039193,ZPBP2
ENSCJAG00000038489,MARK3
ENSCJAG00000071318,
ENSCJAG00000084955,
ENSCJAG00000041573,OLFM3
ENSCJAG00000015554,ZNF213
ENSCJAG00000012544,RPH3A
ENSCJAG00000020008,ACP2
ENSCJAG00000071664,Metazoa_SRP
ENSCJAG00000057788,
ENSCJAG00000019848,TBCA
ENSCJAG00000081201,
ENSCJAG00000008020,SLC7A8
ENSCJAG00000070628,
ENSCJAG00000018203,DCLK1
ENSCJAG00000077688,Y_RNA
ENSCJAG00000020761,CHP1
ENSCJAG00000084965,U4
ENSCJAG00000066497,Metazoa_SRP
ENSCJAG00000012150,DPY19L1
ENSCJAG00000000954,BZW2
ENSCJAG00000062635,
ENSCJAG00000060025,Metazoa_SRP
ENSCJAG00000046068,
ENSCJAG00000008882,SLC43A1
ENSCJAG00000083107,ORMDL3
ENSCJAG00000014954,PAK1
ENSCJAG00000086811,
ENSCJAG00000001628,C12orf4
ENSCJAG00000015551,ULK3
ENSCJAG00000038848,Metazoa_SRP
ENSCJAG00000011782,TRIM66
ENSCJAG00000032424,U6
ENSCJAG00000072122,
ENSCJAG00000086346,U5
ENSCJAG00000041780,RAB5B
ENSCJAG00000015577,ZNF200
ENSCJAG00000002289,DUOXA1
ENSCJAG00000078700,U6
ENSCJAG00000087389,
ENSCJAG00000085837,U8
ENSCJAG00000078357,TIMM10
ENSCJAG00000052535,
ENSCJAG00000085518,
ENSCJAG00000080752,Metazoa_SRP
ENSCJAG00000031251,
ENSCJAG00000072280,
ENSCJAG00000062035,
ENSCJAG00000079525,
ENSCJAG00000038149,COPB1
ENSCJAG00000015002,GDPD4
ENSCJAG00000014065,RNF26
ENSCJAG00000081724,
ENSCJAG00000012659,SIK3
ENSCJAG00000085510,
ENSCJAG00000002878,RNF40
ENSCJAG00000008825,SMTNL1
ENSCJAG00000000318,GSDMA
ENSCJAG00000072455,
ENSCJAG00000003175,NEB
ENSCJAG00000057413,C1QTNF5
ENSCJAG00000051918,
ENSCJAG00000078523,
ENSCJAG00000030131,SNORA3A
ENSCJAG00000084391,U5
ENSCJAG00000000879,
ENSCJAG00000081719,
ENSCJAG00000058963,
ENSCJAG00000001261,KCNC2
ENSCJAG00000077361,
ENSCJAG00000076837,SNORA3B
ENSCJAG00000071567,OTP
ENSCJAG00000020765,EXD1
ENSCJAG00000076830,
ENSCJAG00000075818,
ENSCJAG00000077456,Metazoa_SRP
ENSCJAG00000074384,U6
ENSCJAG00000071246,U6
ENSCJAG00000039916,U3
ENSCJAG00000037554,U1
ENSCJAG00000086249,U6
ENSCJAG00000071495,
ENSCJAG00000071824,
ENSCJAG00000079504,MEFV
ENSCJAG00000010369,PSMA4
ENSCJAG00000023577,U6
ENSCJAG00000082083,Metazoa_SRP
ENSCJAG00000085151,
ENSCJAG00000081057,Metazoa_SRP
ENSCJAG00000086320,Y_RNA
ENSCJAG00000047361,UBE2L6
ENSCJAG00000079971,Metazoa_SRP
ENSCJAG00000015565,SCAMP2
ENSCJAG00000062968,Metazoa_SRP
ENSCJAG00000026608,MIR1296
ENSCJAG00000003857,GABRB3
ENSCJAG00000079771,
ENSCJAG00000073859,PSMD3
ENSCJAG00000083700,
ENSCJAG00000002958,SOCS2
ENSCJAG00000033709,U4
ENSCJAG00000051814,
ENSCJAG00000081492,
ENSCJAG00000011552,CAMKK1
ENSCJAG00000080203,
ENSCJAG00000055926,Metazoa_SRP
ENSCJAG00000078446,Metazoa_SRP
ENSCJAG00000007404,CDK2
ENSCJAG00000014068,MFRP
ENSCJAG00000057426,U7
ENSCJAG00000077165,U6
ENSCJAG00000020019,NR1H3
ENSCJAG00000074299,U6
ENSCJAG00000079767,Metazoa_SRP
ENSCJAG00000081075,U5
ENSCJAG00000044119,ZNF629
ENSCJAG00000011621,PPP2R5C
ENSCJAG00000074200,
ENSCJAG00000071097,Metazoa_SRP
ENSCJAG00000081461,
ENSCJAG00000080291,
ENSCJAG00000084388,
ENSCJAG00000085195,
ENSCJAG00000078276,
ENSCJAG00000020387,SMARCD3
ENSCJAG00000036157,Metazoa_SRP
ENSCJAG00000086380,
ENSCJAG00000010483,REPIN1
ENSCJAG00000083848,
ENSCJAG00000000950,ANKMY2
ENSCJAG00000007807,RNF212B
ENSCJAG00000003899,
ENSCJAG00000071334,
ENSCJAG00000076116,
ENSCJAG00000086489,
ENSCJAG00000006650,PRMT3
ENSCJAG00000074151,U2
ENSCJAG00000069980,U6
ENSCJAG00000084797,
ENSCJAG00000080675,U4
ENSCJAG00000078052,
ENSCJAG00000003704,KDM4A
ENSCJAG00000034627,PNLIP
ENSCJAG00000040870,
ENSCJAG00000077408,U5
ENSCJAG00000082276,U6
ENSCJAG00000014436,ATP6V1B2
ENSCJAG00000031574,
ENSCJAG00000003530,S1PR1
ENSCJAG00000083454,U2
ENSCJAG00000002197,DUOX1
ENSCJAG00000074638,Metazoa_SRP
ENSCJAG00000046285,TMEM41A
ENSCJAG00000019612,ZNF263
ENSCJAG00000075632,
ENSCJAG00000066131,
ENSCJAG00000070611,
ENSCJAG00000057254,
ENSCJAG00000079153,
ENSCJAG00000010322,RARRES2
ENSCJAG00000070691,U1
ENSCJAG00000017563,TLX1
ENSCJAG00000066405,Metazoa_SRP
ENSCJAG00000003507,FNTA
ENSCJAG00000041393,Metazoa_SRP
ENSCJAG00000085187,
ENSCJAG00000074383,U6
ENSCJAG00000065690,TTC32
ENSCJAG00000082268,
ENSCJAG00000079393,
ENSCJAG00000072439,Metazoa_SRP
ENSCJAG00000067977,
ENSCJAG00000058380,ZC3H8
ENSCJAG00000079886,
ENSCJAG00000085652,Metazoa_SRP
ENSCJAG00000002955,BCL7C
ENSCJAG00000076563,Metazoa_SRP
ENSCJAG00000084618,
ENSCJAG00000008787,SERPING1
ENSCJAG00000031754,U6
ENSCJAG00000044206,
ENSCJAG00000019621,TIGD7
ENSCJAG00000080690,
ENSCJAG00000082847,
ENSCJAG00000044973,LRRC61
ENSCJAG00000074301,
ENSCJAG00000018188,SOHLH2
ENSCJAG00000075115,
ENSCJAG00000075355,
ENSCJAG00000046624,Metazoa_SRP
ENSCJAG00000040057,Metazoa_SRP
ENSCJAG00000031580,AGO3
ENSCJAG00000003285,SLC25A20
ENSCJAG00000001647,
ENSCJAG00000077880,
ENSCJAG00000071892,Metazoa_SRP
ENSCJAG00000087194,
ENSCJAG00000083542,
ENSCJAG00000020769,
ENSCJAG00000083993,
ENSCJAG00000003907,DEFB104
ENSCJAG00000052138,U6
ENSCJAG00000076572,HOMEZ
ENSCJAG00000070717,Y_RNA
ENSCJAG00000083887,
ENSCJAG00000061367,
ENSCJAG00000078759,
ENSCJAG00000001238,CAPS2
ENSCJAG00000019513,DCN
ENSCJAG00000009850,PSMA1
ENSCJAG00000010409,CHRNA5
ENSCJAG00000072405,Metazoa_SRP
ENSCJAG00000036808,Metazoa_SRP
ENSCJAG00000081986,U2
ENSCJAG00000013489,TMEM273
ENSCJAG00000070363,
ENSCJAG00000075636,Metazoa_SRP
ENSCJAG00000039594,Metazoa_SRP
ENSCJAG00000080262,
ENSCJAG00000069855,
ENSCJAG00000036662,ZNF75A
ENSCJAG00000077589,Metazoa_SRP
ENSCJAG00000056867,
ENSCJAG00000046304,PPP1R3E
ENSCJAG00000070595,
ENSCJAG00000083149,Metazoa_SRP
ENSCJAG00000081320,U2
ENSCJAG00000072894,Metazoa_SRP
ENSCJAG00000010462,ATP6V0E2
ENSCJAG00000080005,Metazoa_SRP
ENSCJAG00000008230,TNKS2
ENSCJAG00000083920,Metazoa_SRP
ENSCJAG00000085965,Metazoa_SRP
ENSCJAG00000072259,
ENSCJAG00000073358,
ENSCJAG00000003909,
ENSCJAG00000027481,U1
ENSCJAG00000041922,U6
ENSCJAG00000044957,CCDC200
ENSCJAG00000079716,
ENSCJAG00000071331,
ENSCJAG00000031495,CCDC169
ENSCJAG00000071590,
ENSCJAG00000081434,
ENSCJAG00000015581,MPI
ENSCJAG00000007553,PMEL
ENSCJAG00000079993,
ENSCJAG00000083073,Metazoa_SRP
ENSCJAG00000087196,Metazoa_SRP
ENSCJAG00000018377,
ENSCJAG00000073107,U1
ENSCJAG00000047927,CTF1
ENSCJAG00000017569,LBX1
ENSCJAG00000011590,P2RX1
ENSCJAG00000071602,UXS1
ENSCJAG00000066860,U3
ENSCJAG00000085460,
ENSCJAG00000039818,Metazoa_SRP
ENSCJAG00000037203,SGK196
ENSCJAG00000076436,C18orf32
ENSCJAG00000082718,
ENSCJAG00000065328,
ENSCJAG00000079363,Y_RNA
ENSCJAG00000070423,U6
ENSCJAG00000075131,
ENSCJAG00000030743,U2
ENSCJAG00000011712,DENND2B
ENSCJAG00000003472,DPH5
ENSCJAG00000003913,
ENSCJAG00000010437,CHRNA3
ENSCJAG00000060897,Vault
ENSCJAG00000074212,
ENSCJAG00000020543,GATA6
ENSCJAG00000084728,
ENSCJAG00000027836,SNORA74
ENSCJAG00000028944,MIR130A
ENSCJAG00000014798,LIPH
ENSCJAG00000075089,Metazoa_SRP
ENSCJAG00000015009,MYO7A
ENSCJAG00000023305,
ENSCJAG00000083409,
ENSCJAG00000082675,
ENSCJAG00000012698,PAFAH1B2
ENSCJAG00000000948,LRRC72
ENSCJAG00000035256,U6
ENSCJAG00000083565,
ENSCJAG00000003305,ARIH2
ENSCJAG00000061333,Y_RNA
ENSCJAG00000072808,
ENSCJAG00000074208,
ENSCJAG00000015169,GEMIN6
ENSCJAG00000072794,
ENSCJAG00000071992,
ENSCJAG00000078933,
ENSCJAG00000039709,LUM
ENSCJAG00000084951,Metazoa_SRP
ENSCJAG00000079742,
ENSCJAG00000078207,
ENSCJAG00000071099,
ENSCJAG00000060328,Metazoa_SRP
ENSCJAG00000086676,
ENSCJAG00000070200,
ENSCJAG00000043457,NRBF2
ENSCJAG00000084081,
ENSCJAG00000058123,
ENSCJAG00000020770,INO80
ENSCJAG00000065715,
ENSCJAG00000019429,PNLIPRP2
ENSCJAG00000012857,TMEM106A
ENSCJAG00000073223,
ENSCJAG00000077480,Metazoa_SRP
ENSCJAG00000063102,Y_RNA
ENSCJAG00000065723,
ENSCJAG00000044775,SPART
ENSCJAG00000086745,U1
ENSCJAG00000083772,
ENSCJAG00000077302,
ENSCJAG00000071947,
ENSCJAG00000014080,USP2
ENSCJAG00000019551,KERA
ENSCJAG00000054417,
ENSCJAG00000004779,RPL17
ENSCJAG00000010440,ZNF862
ENSCJAG00000000941,SOSTDC1
ENSCJAG00000080922,U1
ENSCJAG00000053212,
ENSCJAG00000062604,
ENSCJAG00000003561,HGSNAT
ENSCJAG00000086339,Metazoa_SRP
ENSCJAG00000029867,
ENSCJAG00000015183,
ENSCJAG00000085116,
ENSCJAG00000077228,
ENSCJAG00000073336,
ENSCJAG00000013498,FAM170B
ENSCJAG00000000839,NDUFV1
ENSCJAG00000009294,QTRT2
ENSCJAG00000010457,CHRNB4
ENSCJAG00000082152,
ENSCJAG00000079117,
ENSCJAG00000012624,OAS1
ENSCJAG00000007379,OSR1
ENSCJAG00000008763,ALK
ENSCJAG00000007960,PABPN1
ENSCJAG00000073977,Metazoa_SRP
ENSCJAG00000084800,Metazoa_SRP
ENSCJAG00000012838,RPAP3
ENSCJAG00000075380,Y_RNA
ENSCJAG00000027368,U3
ENSCJAG00000076360,
ENSCJAG00000038323,YPEL4
ENSCJAG00000018948,MAL
ENSCJAG00000078929,
ENSCJAG00000057856,U2
ENSCJAG00000018806,HOXC12
ENSCJAG00000034994,U6
ENSCJAG00000075610,
ENSCJAG00000079410,Metazoa_SRP
ENSCJAG00000003342,P4HTM
ENSCJAG00000076232,Y_RNA
ENSCJAG00000074077,
ENSCJAG00000002985,FBXL19
ENSCJAG00000064659,Metazoa_SRP
ENSCJAG00000084935,
ENSCJAG00000066164,
ENSCJAG00000072191,Metazoa_SRP
ENSCJAG00000011617,ATP2A3
ENSCJAG00000079465,
ENSCJAG00000019642,ZNF174
ENSCJAG00000051752,
ENSCJAG00000081921,U6
ENSCJAG00000086665,Y_RNA
ENSCJAG00000007591,DGKA
ENSCJAG00000073099,
ENSCJAG00000085875,
ENSCJAG00000081852,
ENSCJAG00000083199,
ENSCJAG00000076655,
ENSCJAG00000052995,SNORD58
ENSCJAG00000075731,
ENSCJAG00000078835,Metazoa_SRP
ENSCJAG00000048343,U6
ENSCJAG00000008356,
ENSCJAG00000078443,U6
ENSCJAG00000006207,MBOAT2
ENSCJAG00000015600,FAM219B
ENSCJAG00000044250,HOXC13
ENSCJAG00000016508,FBLN7
ENSCJAG00000083340,
ENSCJAG00000003508,SLC30A7
ENSCJAG00000086392,
ENSCJAG00000008748,CLP1
ENSCJAG00000052848,SNORD58
ENSCJAG00000084287,
ENSCJAG00000076552,
ENSCJAG00000019555,EPYC
ENSCJAG00000087028,U6
ENSCJAG00000054927,U6
ENSCJAG00000009315,CCDC191
ENSCJAG00000059474,cja-mir-9974
ENSCJAG00000074442,
ENSCJAG00000003919,
ENSCJAG00000013502,VSTM4
ENSCJAG00000073656,
ENSCJAG00000070724,Y_RNA
ENSCJAG00000084903,
ENSCJAG00000076948,
ENSCJAG00000012790,CKB
ENSCJAG00000020045,MADD
ENSCJAG00000006788,CEP68
ENSCJAG00000085123,
ENSCJAG00000059042,SNORD58
ENSCJAG00000055301,Y_RNA
ENSCJAG00000015185,SRSF7
ENSCJAG00000077614,
ENSCJAG00000084527,Metazoa_SRP
ENSCJAG00000012143,TNKS
ENSCJAG00000075762,
ENSCJAG00000071548,Metazoa_SRP
ENSCJAG00000083040,
ENSCJAG00000075460,
ENSCJAG00000056405,U4
ENSCJAG00000017529,RPN1
ENSCJAG00000075016,5S_rRNA
ENSCJAG00000058179,Y_RNA
ENSCJAG00000084600,Y_RNA
ENSCJAG00000019716,MAP3K3
ENSCJAG00000018144,CCNA1
ENSCJAG00000078365,
ENSCJAG00000080119,
ENSCJAG00000076073,
ENSCJAG00000083613,
ENSCJAG00000061475,KCNA6
ENSCJAG00000013467,
ENSCJAG00000079929,
ENSCJAG00000076904,
ENSCJAG00000019643,ZNF597
ENSCJAG00000070807,
ENSCJAG00000062475,
ENSCJAG00000062325,
ENSCJAG00000060300,
ENSCJAG00000066291,
ENSCJAG00000015613,
ENSCJAG00000072563,
ENSCJAG00000065987,
ENSCJAG00000075372,5S_rRNA
ENSCJAG00000012642,OAS3
ENSCJAG00000009345,ZDHHC23
ENSCJAG00000064328,
ENSCJAG00000012198,DPY19L2
ENSCJAG00000069929,
ENSCJAG00000039493,SNORA70
ENSCJAG00000008661,ZDHHC5
ENSCJAG00000043608,BRMS1L
ENSCJAG00000017117,TRMT61A
ENSCJAG00000077269,Metazoa_SRP
ENSCJAG00000087249,
ENSCJAG00000074630,
ENSCJAG00000053393,RYBP
ENSCJAG00000071622,
ENSCJAG00000070597,
ENSCJAG00000086636,
ENSCJAG00000029817,
ENSCJAG00000003939,
ENSCJAG00000003354,WDR6
ENSCJAG00000078774,
ENSCJAG00000079925,
ENSCJAG00000075518,
ENSCJAG00000034708,ORAI3
ENSCJAG00000053616,
ENSCJAG00000065407,U6
ENSCJAG00000019278,TIA1
ENSCJAG00000077552,
ENSCJAG00000018942,MRPS5
ENSCJAG00000084397,
ENSCJAG00000086850,U4
ENSCJAG00000084317,U7
ENSCJAG00000011732,GATA2
ENSCJAG00000043872,RPP25
ENSCJAG00000043195,NRG3
ENSCJAG00000076790,
ENSCJAG00000071957,
ENSCJAG00000077536,
ENSCJAG00000062137,EGR2
ENSCJAG00000077801,
ENSCJAG00000081958,
ENSCJAG00000070925,
ENSCJAG00000077329,Metazoa_SRP
ENSCJAG00000079316,
ENSCJAG00000074421,Metazoa_SRP
ENSCJAG00000014369,SLC18A1
ENSCJAG00000039161,Metazoa_SRP
ENSCJAG00000062858,
ENSCJAG00000071959,
ENSCJAG00000079834,
ENSCJAG00000076066,Metazoa_SRP
ENSCJAG00000006534,SLC6A5
ENSCJAG00000003942,DEFB108B
ENSCJAG00000061352,Metazoa_SRP
ENSCJAG00000033522,Y_RNA
ENSCJAG00000067460,
ENSCJAG00000085993,
ENSCJAG00000014775,SENP2
ENSCJAG00000002159,SHF
ENSCJAG00000064678,
ENSCJAG00000072552,
ENSCJAG00000042988,ADO
ENSCJAG00000082976,
ENSCJAG00000017123,BAG5
ENSCJAG00000072095,Metazoa_SRP
ENSCJAG00000085928,Metazoa_SRP
ENSCJAG00000075093,
ENSCJAG00000069703,
ENSCJAG00000083387,
ENSCJAG00000012864,PCED1B
ENSCJAG00000077468,
ENSCJAG00000001917,ZDHHC3
ENSCJAG00000083593,
ENSCJAG00000041047,Metazoa_SRP
ENSCJAG00000008642,MED19
ENSCJAG00000080577,
ENSCJAG00000085775,
ENSCJAG00000004171,GALM
ENSCJAG00000003945,
ENSCJAG00000004856,SNX1
ENSCJAG00000075177,
ENSCJAG00000079433,
ENSCJAG00000068371,KCNA1
ENSCJAG00000006795,SLC1A4
ENSCJAG00000085349,U1
ENSCJAG00000080334,Y_RNA
ENSCJAG00000081759,
ENSCJAG00000068403,THY1
ENSCJAG00000007848,
ENSCJAG00000070206,
ENSCJAG00000046212,DNAJB8
ENSCJAG00000068466,GDAP1
ENSCJAG00000044883,APOPT1
ENSCJAG00000036360,U8
ENSCJAG00000039769,ST6GAL2
ENSCJAG00000076537,
ENSCJAG00000069692,U1
ENSCJAG00000022933,
ENSCJAG00000072404,DEFB134
ENSCJAG00000077200,U6
ENSCJAG00000084316,
ENSCJAG00000041608,NUDT8
ENSCJAG00000078752,
ENSCJAG00000074529,
ENSCJAG00000076700,U1
ENSCJAG00000076086,
ENSCJAG00000012713,SIDT2
ENSCJAG00000019437,SPMIP5
ENSCJAG00000021340,
ENSCJAG00000008359,BTAF1
ENSCJAG00000020781,DLL4
ENSCJAG00000020380,CHPF2
ENSCJAG00000003497,EXTL2
ENSCJAG00000083814,
ENSCJAG00000012666,OAS2
ENSCJAG00000078896,
ENSCJAG00000068399,KCNA5
ENSCJAG00000079402,U6
ENSCJAG00000078492,
ENSCJAG00000072585,RFXAP
ENSCJAG00000083420,DEFB135
ENSCJAG00000079845,
ENSCJAG00000018726,CALCOCO1
ENSCJAG00000084708,
ENSCJAG00000043084,TCF12
ENSCJAG00000020545,RBBP8
ENSCJAG00000041077,PYM1
ENSCJAG00000035426,TMX2
ENSCJAG00000084521,U6
ENSCJAG00000047336,TMEM87B
ENSCJAG00000077340,Metazoa_SRP
ENSCJAG00000075388,
ENSCJAG00000012873,AMIGO2
ENSCJAG00000083578,
ENSCJAG00000072640,
ENSCJAG00000085432,
ENSCJAG00000073935,
ENSCJAG00000003370,DALRD3
ENSCJAG00000086333,U6
ENSCJAG00000081642,
ENSCJAG00000003953,DEFB136
ENSCJAG00000003000,SETD1A
ENSCJAG00000020776,DSC2
ENSCJAG00000000605,NTF3
ENSCJAG00000008811,CLIP4
ENSCJAG00000015131,SHQ1
ENSCJAG00000084922,
ENSCJAG00000084570,
ENSCJAG00000087120,
ENSCJAG00000015635,SCAMP5
ENSCJAG00000042583,SLC5A7
ENSCJAG00000077219,
ENSCJAG00000012878,NBR1
ENSCJAG00000019645,NAA60
ENSCJAG00000073467,
ENSCJAG00000009359,GRAMD1C
ENSCJAG00000074536,ATP10A
ENSCJAG00000076314,Metazoa_SRP
ENSCJAG00000004773,MPPE1
ENSCJAG00000038071,Metazoa_SRP
ENSCJAG00000076367,
ENSCJAG00000081045,
ENSCJAG00000059519,
ENSCJAG00000062261,
ENSCJAG00000010385,SSPOP
ENSCJAG00000085445,U1
ENSCJAG00000011686,ZZEF1
ENSCJAG00000082641,U6
ENSCJAG00000004803,LIPG
ENSCJAG00000015844,YWHAZ
ENSCJAG00000071274,TBX10
ENSCJAG00000078937,
ENSCJAG00000082022,U6
ENSCJAG00000087293,U6
ENSCJAG00000057890,ZNF514
ENSCJAG00000030730,MIR671
ENSCJAG00000077026,SELENOH
ENSCJAG00000011232,TTC17
ENSCJAG00000045981,U6
ENSCJAG00000077971,Y_RNA
ENSCJAG00000057185,
ENSCJAG00000079735,
ENSCJAG00000074284,
ENSCJAG00000063604,
ENSCJAG00000054993,U6
ENSCJAG00000081839,
ENSCJAG00000086330,U6
ENSCJAG00000074289,
ENSCJAG00000072493,
ENSCJAG00000007915,EFS
ENSCJAG00000072253,
ENSCJAG00000073106,
ENSCJAG00000035932,Metazoa_SRP
ENSCJAG00000079394,Y_RNA
ENSCJAG00000000567,JPH1
ENSCJAG00000001705,TEKT2
ENSCJAG00000029398,
ENSCJAG00000008629,BTBD18
ENSCJAG00000076186,Metazoa_SRP
ENSCJAG00000057423,
ENSCJAG00000073933,
ENSCJAG00000004088,HNRNPLL
ENSCJAG00000074052,
ENSCJAG00000065308,PCARE
ENSCJAG00000060733,U2
ENSCJAG00000079184,Metazoa_SRP
ENSCJAG00000019333,WDR89
ENSCJAG00000076884,
ENSCJAG00000005387,EEFSEC
ENSCJAG00000086400,
ENSCJAG00000015891,GRM7
ENSCJAG00000076797,Y_RNA
ENSCJAG00000070299,
ENSCJAG00000006054,KIDINS220
ENSCJAG00000045045,Metazoa_SRP
ENSCJAG00000075002,
ENSCJAG00000079411,U4
ENSCJAG00000027646,MIR425
ENSCJAG00000011704,AKIP1
ENSCJAG00000020371,ABCF2
ENSCJAG00000014126,NECTIN1
ENSCJAG00000082721,Metazoa_SRP
ENSCJAG00000068945,
ENSCJAG00000013525,LRRC18
ENSCJAG00000022350,
ENSCJAG00000007361,NT5C1B
ENSCJAG00000001719,ADPRS
ENSCJAG00000086022,
ENSCJAG00000082493,U6
ENSCJAG00000072611,
ENSCJAG00000061523,CHAC1
ENSCJAG00000000631,RAD52
ENSCJAG00000077920,
ENSCJAG00000019654,C16orf90
ENSCJAG00000037060,MIR191
ENSCJAG00000000937,CRPPA
ENSCJAG00000055747,
ENSCJAG00000038726,Metazoa_SRP
ENSCJAG00000003955,CTSB
ENSCJAG00000079994,
ENSCJAG00000085237,Metazoa_SRP
ENSCJAG00000055520,
ENSCJAG00000052767,U3
ENSCJAG00000053509,U4
ENSCJAG00000012877,SLC38A4
ENSCJAG00000079310,Y_RNA
ENSCJAG00000016540,MERTK
ENSCJAG00000015126,CAPN5
ENSCJAG00000076511,Metazoa_SRP
ENSCJAG00000086326,Metazoa_SRP
ENSCJAG00000007789,MMP19
ENSCJAG00000075523,Metazoa_SRP
ENSCJAG00000054412,C15orf61
ENSCJAG00000076188,
ENSCJAG00000045998,Metazoa_SRP
ENSCJAG00000005006,SNX22
ENSCJAG00000070011,cja-mir-631-1
ENSCJAG00000003387,NDUFAF3
ENSCJAG00000046041,COL8A2
ENSCJAG00000015146,GXYLT2
ENSCJAG00000040391,SMAD9
ENSCJAG00000070289,ACY3
ENSCJAG00000084014,
ENSCJAG00000013528,
ENSCJAG00000085316,
ENSCJAG00000037126,DTX1
ENSCJAG00000071089,Metazoa_SRP
ENSCJAG00000039433,ATP5MC2
ENSCJAG00000081666,
ENSCJAG00000019440,HSPA12A
ENSCJAG00000062560,SGPP1
ENSCJAG00000052601,
ENSCJAG00000083424,Y_RNA
ENSCJAG00000012755,TAGLN
ENSCJAG00000003030,HSD3B7
ENSCJAG00000074553,
ENSCJAG00000002124,SLC28A2
ENSCJAG00000072572,
ENSCJAG00000015648,PPCDC
ENSCJAG00000029131,
ENSCJAG00000019656,CLUAP1
ENSCJAG00000075988,Y_RNA
ENSCJAG00000072420,
ENSCJAG00000027345,U1
ENSCJAG00000003400,IMPDH2
ENSCJAG00000003455,VCAM1
ENSCJAG00000066678,H2BK1
ENSCJAG00000078683,
ENSCJAG00000083543,
ENSCJAG00000071011,LIMD2
ENSCJAG00000020789,VPS18
ENSCJAG00000006818,SERTAD2
ENSCJAG00000003737,ST3GAL3
ENSCJAG00000017573,BTRC
ENSCJAG00000009800,PDE3B
ENSCJAG00000011576,DYNC1H1
ENSCJAG00000081239,
ENSCJAG00000074699,
ENSCJAG00000004981,PPIB
ENSCJAG00000079921,
ENSCJAG00000037030,Metazoa_SRP
ENSCJAG00000011696,C11orf16
ENSCJAG00000017134,KLC1
ENSCJAG00000084693,Y_RNA
ENSCJAG00000080686,
ENSCJAG00000015833,PABPC1
ENSCJAG00000013468,BUB1
ENSCJAG00000044050,Metazoa_SRP
ENSCJAG00000071075,Y_RNA
ENSCJAG00000075735,Metazoa_SRP
ENSCJAG00000001928,EXOSC7
ENSCJAG00000001734,TRAPPC3
ENSCJAG00000084776,
ENSCJAG00000007817,DNAJC14
ENSCJAG00000076514,
ENSCJAG00000085036,
ENSCJAG00000065391,U3
ENSCJAG00000074002,
ENSCJAG00000080455,U6
ENSCJAG00000078463,
ENSCJAG00000086196,Y_RNA
ENSCJAG00000007930,PARP14
ENSCJAG00000075477,Metazoa_SRP
ENSCJAG00000078071,
ENSCJAG00000003440,QRICH1
ENSCJAG00000070237,
ENSCJAG00000086651,Y_RNA
ENSCJAG00000072969,U6
ENSCJAG00000031867,U6
ENSCJAG00000000606,ANO2
ENSCJAG00000071420,
ENSCJAG00000018930,ZNF2
ENSCJAG00000078687,
ENSCJAG00000072752,U6
ENSCJAG00000059455,
ENSCJAG00000066687,
ENSCJAG00000004978,PCDH15
ENSCJAG00000078757,
ENSCJAG00000005310,RUVBL1
ENSCJAG00000020368,IQCA1L
ENSCJAG00000077220,U6
ENSCJAG00000078659,Metazoa_SRP
ENSCJAG00000076710,Metazoa_SRP
ENSCJAG00000018699,ATF7
ENSCJAG00000082686,
ENSCJAG00000014731,IGF2BP2
ENSCJAG00000080758,
ENSCJAG00000084784,U6
ENSCJAG00000041360,PPP4R2
ENSCJAG00000003042,STX1B
ENSCJAG00000085810,
ENSCJAG00000080084,Metazoa_SRP
ENSCJAG00000051334,OR51B2
ENSCJAG00000011693,ASCL3
ENSCJAG00000085894,
ENSCJAG00000012690,RASAL1
ENSCJAG00000073947,
ENSCJAG00000079405,Metazoa_SRP
ENSCJAG00000007112,ZNF365
ENSCJAG00000064184,RHOV
ENSCJAG00000006938,MBIP
ENSCJAG00000019666,NLRC3
ENSCJAG00000020547,CABLES1
ENSCJAG00000079732,
ENSCJAG00000048141,B3GNT6
ENSCJAG00000009831,EPB41
ENSCJAG00000048290,Metazoa_SRP
ENSCJAG00000000577,LY96
ENSCJAG00000012763,PCSK7
ENSCJAG00000040214,TMEM9B
ENSCJAG00000063740,OR51B5
ENSCJAG00000080453,
ENSCJAG00000065716,
ENSCJAG00000055539,
ENSCJAG00000071114,U6
ENSCJAG00000008912,TOGARAM2
ENSCJAG00000075834,
ENSCJAG00000020066,MYBPC3
ENSCJAG00000060833,OR51B6
ENSCJAG00000074976,U1
ENSCJAG00000003988,FDFT1
ENSCJAG00000086778,
ENSCJAG00000006819,AFTPH
ENSCJAG00000080520,
ENSCJAG00000075867,U6
ENSCJAG00000079852,
ENSCJAG00000003764,UBE3A
ENSCJAG00000041216,ZNF892
ENSCJAG00000070002,Metazoa_SRP
ENSCJAG00000002890,PLXNC1
ENSCJAG00000083851,U6
ENSCJAG00000003457,QARS1
ENSCJAG00000042040,Metazoa_SRP
ENSCJAG00000023697,
ENSCJAG00000012956,SLC38A2
ENSCJAG00000020185,OR51M1
ENSCJAG00000007874,IL25
ENSCJAG00000083793,Metazoa_SRP
ENSCJAG00000004728,GNAL
ENSCJAG00000000582,TMEM70
ENSCJAG00000077016,
ENSCJAG00000071322,Metazoa_SRP
ENSCJAG00000001939,CLEC3B
ENSCJAG00000026283,U2
ENSCJAG00000042881,SPINT1
ENSCJAG00000040608,GPR88
ENSCJAG00000044739,ORMDL2
ENSCJAG00000041136,RNMT
ENSCJAG00000015179,ACER3
ENSCJAG00000007354,KCNS3
ENSCJAG00000062979,
ENSCJAG00000019294,C2orf42
ENSCJAG00000076607,U5
ENSCJAG00000086377,
ENSCJAG00000082870,Metazoa_SRP
ENSCJAG00000013537,ARHGAP22
ENSCJAG00000007086,RTKN2
ENSCJAG00000079505,U4
ENSCJAG00000059663,OR51I1
ENSCJAG00000032633,MSGN1
ENSCJAG00000044594,C15orf39
ENSCJAG00000018910,PROM2
ENSCJAG00000067786,Metazoa_SRP
ENSCJAG00000012232,TBX20
ENSCJAG00000076583,
ENSCJAG00000015820,SNX31
ENSCJAG00000084881,
ENSCJAG00000005358,SEC61A1
ENSCJAG00000082338,U6
ENSCJAG00000073602,
ENSCJAG00000055774,OR51I2
ENSCJAG00000081607,
ENSCJAG00000005023,CSNK1G1
ENSCJAG00000066643,U7
ENSCJAG00000019684,SLX4
ENSCJAG00000008475,CTNND1
ENSCJAG00000076283,
ENSCJAG00000082769,
ENSCJAG00000071348,ELOC
ENSCJAG00000042912,Metazoa_SRP
ENSCJAG00000082343,
ENSCJAG00000077680,
ENSCJAG00000072883,
ENSCJAG00000014346,LPL
ENSCJAG00000079415,U6
ENSCJAG00000077767,Metazoa_SRP
ENSCJAG00000074024,Metazoa_SRP
ENSCJAG00000007327,GEN1
ENSCJAG00000004708,ALCAM
ENSCJAG00000034303,NELL1
ENSCJAG00000008495,CPEB3
ENSCJAG00000046393,
ENSCJAG00000012938,BRCA1
ENSCJAG00000054501,OR52D1
ENSCJAG00000078200,Metazoa_SRP
ENSCJAG00000076038,
ENSCJAG00000070242,
ENSCJAG00000071941,Metazoa_SRP
ENSCJAG00000079606,Metazoa_SRP
ENSCJAG00000087395,
ENSCJAG00000077097,ALDH3B2
ENSCJAG00000038284,DUSP4
ENSCJAG00000047282,
ENSCJAG00000003404,SH2D4B
ENSCJAG00000070268,Metazoa_SRP
ENSCJAG00000054073,U7
ENSCJAG00000077615,Metazoa_SRP
ENSCJAG00000020177,UBQLN3
ENSCJAG00000076872,
ENSCJAG00000020550,TMEM241
ENSCJAG00000085266,Metazoa_SRP
ENSCJAG00000020364,ASB10
ENSCJAG00000004010,NEIL2
ENSCJAG00000071213,Y_RNA
ENSCJAG00000018696,NPFF
ENSCJAG00000086912,
ENSCJAG00000034940,U6
ENSCJAG00000047601,
ENSCJAG00000061693,Metazoa_SRP
ENSCJAG00000084771,
ENSCJAG00000020799,PPP1R14D
ENSCJAG00000021779,OR52H1
ENSCJAG00000001944,CDCP1
ENSCJAG00000003059,STX4
ENSCJAG00000007853,SARNP
ENSCJAG00000067103,
ENSCJAG00000079783,
ENSCJAG00000012249,HERPUD2
ENSCJAG00000076855,
ENSCJAG00000053749,U6
ENSCJAG00000076794,U6
ENSCJAG00000004030,ATL2
ENSCJAG00000072849,
ENSCJAG00000046867,
ENSCJAG00000012751,CFAP73
ENSCJAG00000012793,RNF214
ENSCJAG00000086793,U6
ENSCJAG00000015619,PTPN9
ENSCJAG00000073553,
ENSCJAG00000064571,SNORD116
ENSCJAG00000019455,ENO4
ENSCJAG00000003571,USP19
ENSCJAG00000077990,
ENSCJAG00000080621,PCBP1
ENSCJAG00000011630,NRIP3
ENSCJAG00000060332,
ENSCJAG00000078963,
ENSCJAG00000076393,
ENSCJAG00000044217,Metazoa_SRP
ENSCJAG00000018099,ALG5
ENSCJAG00000070421,OR52B6
ENSCJAG00000079111,
ENSCJAG00000077802,
ENSCJAG00000081402,Y_RNA
ENSCJAG00000051725,ARID5B
ENSCJAG00000034379,U6
ENSCJAG00000015198,TSKU
ENSCJAG00000078691,Metazoa_SRP
ENSCJAG00000086597,Metazoa_SRP
ENSCJAG00000006037,
ENSCJAG00000055766,NKX2-1
ENSCJAG00000079067,
ENSCJAG00000017182,XRCC3
ENSCJAG00000005305,KBTBD12
ENSCJAG00000080885,
ENSCJAG00000081495,Metazoa_SRP
ENSCJAG00000079639,
ENSCJAG00000072970,
ENSCJAG00000066303,
ENSCJAG00000071327,
ENSCJAG00000007844,CMTM5
ENSCJAG00000075548,U6
ENSCJAG00000059408,Metazoa_SRP
ENSCJAG00000019687,DNASE1
ENSCJAG00000011716,CYB5D2
ENSCJAG00000077162,
ENSCJAG00000028393,
ENSCJAG00000069946,MTLN
ENSCJAG00000081504,
ENSCJAG00000039564,NKX2-8
ENSCJAG00000072025,
ENSCJAG00000000643,ERC1
ENSCJAG00000077216,
ENSCJAG00000006878,
ENSCJAG00000065767,
ENSCJAG00000010366,ZNF467
ENSCJAG00000079998,U1
ENSCJAG00000001746,MAP7D1
ENSCJAG00000007914,GDF11
ENSCJAG00000004032,GATA4
ENSCJAG00000010039,DDX54
ENSCJAG00000004820,ACAA2
ENSCJAG00000007282,SMC6
ENSCJAG00000019277,
ENSCJAG00000079376,
ENSCJAG00000018668,TARBP2
ENSCJAG00000048491,JAZF1
ENSCJAG00000020117,TRIM6
ENSCJAG00000071874,U6
ENSCJAG00000002080,GATM
ENSCJAG00000051342,PAX9
ENSCJAG00000047924,RND2
ENSCJAG00000079933,
ENSCJAG00000076844,GBX1
ENSCJAG00000082226,
ENSCJAG00000016562,ANAPC1
ENSCJAG00000070565,
ENSCJAG00000015181,PDZRN3
ENSCJAG00000076823,
ENSCJAG00000055966,
ENSCJAG00000082361,U6
ENSCJAG00000018883,KCNIP3
ENSCJAG00000003212,PLA2G4F
ENSCJAG00000046187,BTLA
ENSCJAG00000014137,TRIM29
ENSCJAG00000082435,U6
ENSCJAG00000031124,
ENSCJAG00000003430,CDC14A
ENSCJAG00000011723,ANKFY1
ENSCJAG00000021378,C8orf33
ENSCJAG00000032200,U6
ENSCJAG00000031354,U6
ENSCJAG00000064795,
ENSCJAG00000070703,
ENSCJAG00000078904,
ENSCJAG00000077369,
ENSCJAG00000013035,VAT1
ENSCJAG00000014313,INTS10
ENSCJAG00000003078,ZNF668
ENSCJAG00000019266,MXD1
ENSCJAG00000010225,RNF144A
ENSCJAG00000064457,
ENSCJAG00000007935,CD63
ENSCJAG00000071506,Metazoa_SRP
ENSCJAG00000086786,
ENSCJAG00000068216,
ENSCJAG00000017190,ZFYVE21
ENSCJAG00000073090,Y_RNA
ENSCJAG00000058954,Metazoa_SRP
ENSCJAG00000082549,TMEM158
ENSCJAG00000018487,TNS1
ENSCJAG00000012989,SLC38A1
ENSCJAG00000072111,
ENSCJAG00000043916,RITA1
ENSCJAG00000032307,
ENSCJAG00000078331,Metazoa_SRP
ENSCJAG00000003674,LAMB2
ENSCJAG00000008245,TAX1BP1
ENSCJAG00000085359,Metazoa_SRP
ENSCJAG00000015816,ANKRD46
ENSCJAG00000052730,U3
ENSCJAG00000012845,BACE1
ENSCJAG00000077218,Metazoa_SRP
ENSCJAG00000020801,ZFYVE19
ENSCJAG00000034615,U5
ENSCJAG00000020556,RIOK3
ENSCJAG00000063883,
ENSCJAG00000087286,Metazoa_SRP
ENSCJAG00000012289,SARAF
ENSCJAG00000075826,
ENSCJAG00000070592,
ENSCJAG00000082143,Metazoa_SRP
ENSCJAG00000041496,LRRC32
ENSCJAG00000040374,NPHP1
ENSCJAG00000081838,Metazoa_SRP
ENSCJAG00000078658,
ENSCJAG00000071681,
ENSCJAG00000072579,Metazoa_SRP
ENSCJAG00000083584,U7
ENSCJAG00000079930,
ENSCJAG00000040923,ZNF646
ENSCJAG00000042584,U6
ENSCJAG00000071402,Y_RNA
ENSCJAG00000006889,PELI1
ENSCJAG00000076558,Metazoa_SRP
ENSCJAG00000075614,
ENSCJAG00000013057,IFI35
ENSCJAG00000016449,SLC25A21
ENSCJAG00000009998,IQCD
ENSCJAG00000066981,
ENSCJAG00000076128,Metazoa_SRP
ENSCJAG00000012276,SEPTIN7
ENSCJAG00000021379,ZNF16
ENSCJAG00000062943,Metazoa_SRP
ENSCJAG00000077190,
ENSCJAG00000028063,Y_RNA
ENSCJAG00000087380,
ENSCJAG00000077613,
ENSCJAG00000008509,MARCH5
ENSCJAG00000070372,
ENSCJAG00000074648,
ENSCJAG00000075303,Metazoa_SRP
ENSCJAG00000086329,
ENSCJAG00000037051,PCLAF
ENSCJAG00000020778,DSG1
ENSCJAG00000043313,TRIM22
ENSCJAG00000074037,CD200
ENSCJAG00000086214,
ENSCJAG00000011764,UBE2G1
ENSCJAG00000077713,
ENSCJAG00000067452,
ENSCJAG00000072010,
ENSCJAG00000005274,MGLL
ENSCJAG00000019256,SNRNP27
ENSCJAG00000074415,Metazoa_SRP
ENSCJAG00000027012,SNORA70
ENSCJAG00000080127,
ENSCJAG00000038197,Y_RNA
ENSCJAG00000014710,TRA2B
ENSCJAG00000073408,
ENSCJAG00000069573,Metazoa_SRP
ENSCJAG00000019341,SYNE2
ENSCJAG00000004076,BLK
ENSCJAG00000067985,OAF
ENSCJAG00000007722,KIAA1217
ENSCJAG00000068100,U7
ENSCJAG00000081147,
ENSCJAG00000075198,Metazoa_SRP
ENSCJAG00000071705,Metazoa_SRP
ENSCJAG00000018078,EXOSC8
ENSCJAG00000034492,Y_RNA
ENSCJAG00000036127,PRSS53
ENSCJAG00000079063,
ENSCJAG00000041938,
ENSCJAG00000051824,U3
ENSCJAG00000086658,Metazoa_SRP
ENSCJAG00000010219,RSAD2
ENSCJAG00000055529,
ENSCJAG00000045920,SNORD115
ENSCJAG00000003170,VPS39
ENSCJAG00000085394,Metazoa_SRP
ENSCJAG00000057659,Metazoa_SRP
ENSCJAG00000027868,cja-mir-129-1
ENSCJAG00000002067,AFG2B
ENSCJAG00000086721,
ENSCJAG00000087133,Metazoa_SRP
ENSCJAG00000020571,RMC1
ENSCJAG00000020349,AGAP3
ENSCJAG00000023677,SNORD115
ENSCJAG00000015537,SIN3A
ENSCJAG00000013067,RPL27
ENSCJAG00000041191,Metazoa_SRP
ENSCJAG00000021381,ZNF250
ENSCJAG00000079952,
ENSCJAG00000075943,TSPAN14
ENSCJAG00000076315,
ENSCJAG00000070066,
ENSCJAG00000076955,
ENSCJAG00000081623,SNORD115
ENSCJAG00000014166,POU2F3
ENSCJAG00000014492,DLG2
ENSCJAG00000077004,
ENSCJAG00000010331,KRBA1
ENSCJAG00000001949,LARS2
ENSCJAG00000071059,Metazoa_SRP
ENSCJAG00000003741,CCDC71
ENSCJAG00000017204,PPP1R13B
ENSCJAG00000011787,SPNS3
ENSCJAG00000001754,THRAP3
ENSCJAG00000024059,SNORD115
ENSCJAG00000024041,SNORA32
ENSCJAG00000013082,RUNDC1
ENSCJAG00000007069,CABCOCO1
ENSCJAG00000072346,
ENSCJAG00000078220,
ENSCJAG00000015794,RNF19A
ENSCJAG00000040371,FAM210A
ENSCJAG00000076846,SNORD115
ENSCJAG00000081722,
ENSCJAG00000002578,VSNL1
ENSCJAG00000040426,Y_RNA
ENSCJAG00000074250,U5
ENSCJAG00000019232,
ENSCJAG00000086817,
ENSCJAG00000030214,SNORA25
ENSCJAG00000009898,TPCN1
ENSCJAG00000011533,SCUBE2
ENSCJAG00000070041,
ENSCJAG00000005107,TRIP4
ENSCJAG00000071766,
ENSCJAG00000046469,RDH5
ENSCJAG00000080029,SNORD115
ENSCJAG00000052355,
ENSCJAG00000003745,KLHDC8B
ENSCJAG00000071886,Metazoa_SRP
ENSCJAG00000072309,
ENSCJAG00000041309,
ENSCJAG00000037513,SNORD53B
ENSCJAG00000036233,U5
ENSCJAG00000042992,COMMD5
ENSCJAG00000085281,CMPK2
ENSCJAG00000077556,SNORD115
ENSCJAG00000081813,U6
ENSCJAG00000009776,CYP2R1
ENSCJAG00000079521,
ENSCJAG00000034676,
ENSCJAG00000007262,RAD51AP2
ENSCJAG00000080600,
ENSCJAG00000039718,Y_RNA
ENSCJAG00000014270,CSGALNACT1
ENSCJAG00000069601,SNORD115
ENSCJAG00000066551,
ENSCJAG00000054901,
ENSCJAG00000018634,MAP3K12
ENSCJAG00000074798,
ENSCJAG00000019693,TRAP1
ENSCJAG00000035883,SNORD53
ENSCJAG00000077687,TRIM5
ENSCJAG00000071820,Metazoa_SRP
ENSCJAG00000014193,TLCD5
ENSCJAG00000070424,SNORD115
ENSCJAG00000077265,U6
ENSCJAG00000075500,Metazoa_SRP
ENSCJAG00000072949,Metazoa_SRP
ENSCJAG00000087198,Metazoa_SRP
ENSCJAG00000078386,Metazoa_SRP
ENSCJAG00000015202,
ENSCJAG00000035969,SNORD92
ENSCJAG00000083344,SNORD115
ENSCJAG00000078037,U6
ENSCJAG00000002156,MAP2K5
ENSCJAG00000062421,FAM167A
ENSCJAG00000021384,ZNF7
ENSCJAG00000007149,SPNS2
ENSCJAG00000062876,
ENSCJAG00000045494,Metazoa_SRP
ENSCJAG00000034678,U6
ENSCJAG00000072108,U4
ENSCJAG00000086891,SNORD115
ENSCJAG00000018863,FAHD2A
ENSCJAG00000007545,MYH7
ENSCJAG00000038262,C3orf84
ENSCJAG00000007120,EMG1
ENSCJAG00000082365,
ENSCJAG00000087042,CD200
ENSCJAG00000011325,HSD17B12
ENSCJAG00000075982,
ENSCJAG00000082177,
ENSCJAG00000008980,TRMT61B
ENSCJAG00000026707,U1
ENSCJAG00000015770,SPAG1
ENSCJAG00000073029,
ENSCJAG00000069928,Metazoa_SRP
ENSCJAG00000082520,SNORD115
ENSCJAG00000008204,HIBADH
ENSCJAG00000061599,
ENSCJAG00000087341,
ENSCJAG00000076042,
ENSCJAG00000079756,
ENSCJAG00000084485,Metazoa_SRP
ENSCJAG00000012319,
ENSCJAG00000043048,CYRIA
ENSCJAG00000015896,LMCD1
ENSCJAG00000069637,SNORD115
ENSCJAG00000084359,Metazoa_SRP
ENSCJAG00000008515,IDE
ENSCJAG00000076046,
ENSCJAG00000015204,EMSY
ENSCJAG00000071224,SNORD115
ENSCJAG00000077469,
ENSCJAG00000079471,Metazoa_SRP
ENSCJAG00000005128,ZNF609
ENSCJAG00000040330,ANXA4
ENSCJAG00000076809,
ENSCJAG00000013551,MAPK8
ENSCJAG00000075706,SNORD115
ENSCJAG00000007079,LPCAT3
ENSCJAG00000009757,CALCB
ENSCJAG00000084818,Y_RNA
ENSCJAG00000035508,Metazoa_SRP
ENSCJAG00000071931,
ENSCJAG00000003097,
ENSCJAG00000045521,
ENSCJAG00000020581,NPC1
ENSCJAG00000014672,ETV5
ENSCJAG00000055255,SPDYA
ENSCJAG00000029796,SNORD115
ENSCJAG00000002543,OR56B1
ENSCJAG00000013077,SCAF11
ENSCJAG00000007057,TMEM26
ENSCJAG00000073421,5S_rRNA
ENSCJAG00000079189,
ENSCJAG00000020100,SPI1
ENSCJAG00000003765,IHO1
ENSCJAG00000001796,SH3D21
ENSCJAG00000003138,RIF1
ENSCJAG00000072426,SNORD115
ENSCJAG00000078323,
ENSCJAG00000019457,SHTN1
ENSCJAG00000015481,
ENSCJAG00000021387,ZNF517
ENSCJAG00000038240,SOX11
ENSCJAG00000084536,SNORD115
ENSCJAG00000015217,CNTN3
ENSCJAG00000005295,LDLRAD4
ENSCJAG00000004804,CBLB
ENSCJAG00000006914,VPS54
ENSCJAG00000020332,MYBBP1A
ENSCJAG00000082063,SNORD115
ENSCJAG00000079023,U6
ENSCJAG00000021999,
ENSCJAG00000071887,
ENSCJAG00000002547,OR52N4
ENSCJAG00000079147,
ENSCJAG00000080562,U6
ENSCJAG00000003748,CEP295
ENSCJAG00000005002,MBL2
ENSCJAG00000086779,Metazoa_SRP
ENSCJAG00000082094,Y_RNA
ENSCJAG00000078420,SNORD115
ENSCJAG00000080333,Metazoa_SRP
ENSCJAG00000025452,
ENSCJAG00000086243,
ENSCJAG00000070319,
ENSCJAG00000058876,U6
ENSCJAG00000042589,U6
ENSCJAG00000086944,Y_RNA
ENSCJAG00000018590,PCBP2
ENSCJAG00000017753,SOWAHC
ENSCJAG00000026550,Y_RNA
ENSCJAG00000069883,
ENSCJAG00000079008,SNORD115
ENSCJAG00000081017,RPL26
ENSCJAG00000082605,
ENSCJAG00000069920,Metazoa_SRP
ENSCJAG00000086974,Metazoa_SRP
ENSCJAG00000021777,OR52N2
ENSCJAG00000003113,TMEM87A
ENSCJAG00000072821,CALCB
ENSCJAG00000081262,
ENSCJAG00000064925,
ENSCJAG00000070441,SNORD115
ENSCJAG00000072637,Metazoa_SRP
ENSCJAG00000070788,
ENSCJAG00000048093,cja-mir-4503
ENSCJAG00000083964,
ENSCJAG00000085964,U7
ENSCJAG00000058449,
ENSCJAG00000083150,
ENSCJAG00000069589,Metazoa_SRP
ENSCJAG00000003859,ARTN
ENSCJAG00000080456,POLR2K
ENSCJAG00000071018,
ENSCJAG00000021388,RPL8
ENSCJAG00000080645,Metazoa_SRP
ENSCJAG00000074125,SNORD115
ENSCJAG00000087197,Metazoa_SRP
ENSCJAG00000079297,
ENSCJAG00000055341,
ENSCJAG00000083987,Metazoa_SRP
ENSCJAG00000063349,Metazoa_SRP
ENSCJAG00000085743,
ENSCJAG00000028302,
ENSCJAG00000077158,
ENSCJAG00000071234,
ENSCJAG00000086613,Y_RNA
ENSCJAG00000085823,U4
ENSCJAG00000084053,SNORD115
ENSCJAG00000078572,Metazoa_SRP
ENSCJAG00000070021,
ENSCJAG00000082692,
ENSCJAG00000039182,MTMR9
ENSCJAG00000077242,Metazoa_SRP
ENSCJAG00000042441,U6
ENSCJAG00000069900,Metazoa_SRP
ENSCJAG00000008984,
ENSCJAG00000081981,
ENSCJAG00000066582,
ENSCJAG00000085052,Y_RNA
ENSCJAG00000084682,
ENSCJAG00000042469,Metazoa_SRP
ENSCJAG00000074137,SNORD115
ENSCJAG00000003657,PRXL2A
ENSCJAG00000001807,EVA1B
ENSCJAG00000020796,DSG3
ENSCJAG00000084661,
ENSCJAG00000083318,U6
ENSCJAG00000067346,SNORD13D
ENSCJAG00000020108,PSMC3
ENSCJAG00000067858,Vault
ENSCJAG00000045999,
ENSCJAG00000008197,EVX1
ENSCJAG00000077098,SNORD115
ENSCJAG00000012899,CEP164
ENSCJAG00000052552,
ENSCJAG00000003785,C3orf62
ENSCJAG00000084615,
ENSCJAG00000007042,C1S
ENSCJAG00000002049,SLC30A4
ENSCJAG00000052301,Metazoa_SRP
ENSCJAG00000015760,FBXO43
ENSCJAG00000020803,DNAJC17
ENSCJAG00000040365,Metazoa_SRP
ENSCJAG00000067143,Metazoa_SRP
ENSCJAG00000087004,SNORD115
ENSCJAG00000039364,MYCN
ENSCJAG00000080462,
ENSCJAG00000044960,ATP5MJ
ENSCJAG00000000613,VWF
ENSCJAG00000082346,TMEM80
ENSCJAG00000082539,
ENSCJAG00000011353,ALKBH3
ENSCJAG00000003108,BCKDK
ENSCJAG00000072088,
ENSCJAG00000041053,CYP1B1
ENSCJAG00000083915,
ENSCJAG00000077986,SNORD115
ENSCJAG00000036389,ZNF34
ENSCJAG00000045026,UNC93B1
ENSCJAG00000083758,DCDC2C
ENSCJAG00000079624,
ENSCJAG00000009705,INSC
ENSCJAG00000005226,PODXL2
ENSCJAG00000068005,LIMD1
ENSCJAG00000052140,
ENSCJAG00000078922,
ENSCJAG00000073003,SNORD115
ENSCJAG00000023286,OR52E4
ENSCJAG00000008192,HOXA13
ENSCJAG00000074633,
ENSCJAG00000076762,
ENSCJAG00000024737,SNORD115
ENSCJAG00000005156,OAZ2
ENSCJAG00000064948,
ENSCJAG00000014251,SH2D4A
ENSCJAG00000070375,
ENSCJAG00000024180,SNORA41B
ENSCJAG00000020621,
ENSCJAG00000001818,STK40
ENSCJAG00000086696,Metazoa_SRP
ENSCJAG00000083184,
ENSCJAG00000078345,SNORD115
ENSCJAG00000007453,IPO13
ENSCJAG00000085499,
ENSCJAG00000055643,
ENSCJAG00000022329,
ENSCJAG00000071809,Metazoa_SRP
ENSCJAG00000086002,Metazoa_SRP
ENSCJAG00000076793,
ENSCJAG00000081190,Y_RNA
ENSCJAG00000008187,HOXA11
ENSCJAG00000063018,
ENSCJAG00000080313,DYDC2
ENSCJAG00000074480,SNORD115
ENSCJAG00000038111,Metazoa_SRP
ENSCJAG00000027955,Y_RNA
ENSCJAG00000043133,Metazoa_SRP
ENSCJAG00000062869,
ENSCJAG00000007026,RHOBTB1
ENSCJAG00000041213,Metazoa_SRP
ENSCJAG00000071406,Metazoa_SRP
ENSCJAG00000007967,PARP15
ENSCJAG00000074271,SNORD115
ENSCJAG00000070539,Metazoa_SRP
ENSCJAG00000063464,
ENSCJAG00000048276,OR56A5
ENSCJAG00000012334,MBOAT4
ENSCJAG00000066048,
ENSCJAG00000006456,ANO5
ENSCJAG00000068173,DKK1
ENSCJAG00000079765,SNORD115
ENSCJAG00000041387,C11orf96
ENSCJAG00000073471,U5
ENSCJAG00000077554,Metazoa_SRP
ENSCJAG00000081224,HOXA10
ENSCJAG00000076708,
ENSCJAG00000002410,C1R
ENSCJAG00000067811,C15orf62
ENSCJAG00000077541,
ENSCJAG00000072953,Metazoa_SRP
ENSCJAG00000073686,SNORD115
ENSCJAG00000018773,
ENSCJAG00000010989,GGT6
ENSCJAG00000054518,Metazoa_SRP
ENSCJAG00000078921,
ENSCJAG00000070215,
ENSCJAG00000071978,
ENSCJAG00000008045,ITGA7
ENSCJAG00000080396,
ENSCJAG00000075399,SNORD115
ENSCJAG00000019159,AAK1
ENSCJAG00000070607,Metazoa_SRP
ENSCJAG00000075894,U4
ENSCJAG00000081081,
ENSCJAG00000029102,cja-mir-196b
ENSCJAG00000047211,
ENSCJAG00000081899,
ENSCJAG00000016434,MIPOL1
ENSCJAG00000002038,BLOC1S6
ENSCJAG00000042544,TMCC3
ENSCJAG00000041611,U4
ENSCJAG00000077126,SNORD115
ENSCJAG00000082989,GCHFR
ENSCJAG00000003122,KAT8
ENSCJAG00000017235,TDRD9
ENSCJAG00000017600,POLL
ENSCJAG00000069303,
ENSCJAG00000003788,USP4
ENSCJAG00000020590,ANKRD29
ENSCJAG00000072130,PRR13
ENSCJAG00000086861,
ENSCJAG00000079530,OR56A4
ENSCJAG00000044880,LSM10
ENSCJAG00000060945,
ENSCJAG00000079267,SNORD115
ENSCJAG00000077178,
ENSCJAG00000004167,
ENSCJAG00000073119,SNORD115
ENSCJAG00000012338,DCTN6
ENSCJAG00000011384,ACCSL
ENSCJAG00000038531,HOXA9
ENSCJAG00000003641,DYDC1
ENSCJAG00000070046,
ENSCJAG00000070125,U1
ENSCJAG00000077229,5S_rRNA
ENSCJAG00000082138,
ENSCJAG00000079680,SNORD115
ENSCJAG00000081506,Y_RNA
ENSCJAG00000014637,DGKG
ENSCJAG00000084026,
ENSCJAG00000017754,SEPTIN10
ENSCJAG00000076738,
ENSCJAG00000013980,TRIM47
ENSCJAG00000021390,ZNF251
ENSCJAG00000018002,SUPT20H
ENSCJAG00000070800,U6
ENSCJAG00000005200,RBPMS2
ENSCJAG00000022672,
ENSCJAG00000029531,cja-mir-598
ENSCJAG00000074242,SNORD115
ENSCJAG00000020804,DSG2
ENSCJAG00000074854,
ENSCJAG00000011996,DEAF1
ENSCJAG00000069827,
ENSCJAG00000085124,OR56A1
ENSCJAG00000087378,SNORD115
ENSCJAG00000072598,U6
ENSCJAG00000059599,
ENSCJAG00000015676,ALDH3B1
ENSCJAG00000001977,SACM1L
ENSCJAG00000084690,U6
ENSCJAG00000042682,
ENSCJAG00000039168,C1RL
ENSCJAG00000020345,TMUB1
ENSCJAG00000086120,SNORD115
ENSCJAG00000047187,SMTNL2
ENSCJAG00000075496,Metazoa_SRP
ENSCJAG00000065667,
ENSCJAG00000020807,RMDN3
ENSCJAG00000004648,PIEZO2
ENSCJAG00000078447,
ENSCJAG00000078017,cja-mir-9932
ENSCJAG00000076479,
ENSCJAG00000071880,
ENSCJAG00000070448,
ENSCJAG00000083277,SNORD115
ENSCJAG00000020129,RAPSN
ENSCJAG00000002026,SQOR
ENSCJAG00000022671,OR6Q1
ENSCJAG00000084124,
ENSCJAG00000003135,PRSS8
ENSCJAG00000084727,Y_RNA
ENSCJAG00000081688,Metazoa_SRP
ENSCJAG00000066127,
ENSCJAG00000029593,
ENSCJAG00000080330,SNORD115
ENSCJAG00000014424,
ENSCJAG00000071827,
ENSCJAG00000080037,
ENSCJAG00000075540,
ENSCJAG00000087117,Metazoa_SRP
ENSCJAG00000080800,HOXA7
ENSCJAG00000001826,OSCP1
ENSCJAG00000022669,OR9I1
ENSCJAG00000082250,SNORD115
ENSCJAG00000082739,U6
ENSCJAG00000070615,Metazoa_SRP
ENSCJAG00000003996,RMDN2
ENSCJAG00000064733,
ENSCJAG00000076915,
ENSCJAG00000072707,
ENSCJAG00000083969,Metazoa_SRP
ENSCJAG00000081166,
ENSCJAG00000074811,
ENSCJAG00000076529,
ENSCJAG00000009862,SLC8B1
ENSCJAG00000012400,EEPD1
ENSCJAG00000000675,FBXL14
ENSCJAG00000042237,Y_RNA
ENSCJAG00000005021,PRKG1
ENSCJAG00000054740,SNORD115
ENSCJAG00000064677,TRIM65
ENSCJAG00000074003,
ENSCJAG00000082810,U6
ENSCJAG00000080436,
ENSCJAG00000079456,Metazoa_SRP
ENSCJAG00000069588,U6
ENSCJAG00000079532,
ENSCJAG00000043643,Metazoa_SRP
ENSCJAG00000070278,NEIL1
ENSCJAG00000007986,DTX3L
ENSCJAG00000003398,RTCA
ENSCJAG00000078912,
ENSCJAG00000075651,
ENSCJAG00000087244,SNORD115
ENSCJAG00000077854,HOXA6
ENSCJAG00000071405,
ENSCJAG00000008464,
ENSCJAG00000079210,
ENSCJAG00000056837,U5
ENSCJAG00000007001,CDK1
ENSCJAG00000004857,MYO5B
ENSCJAG00000084853,
ENSCJAG00000040972,CGNL1
ENSCJAG00000071946,SNORD115
ENSCJAG00000017614,DPCD
ENSCJAG00000010276,ZNF746
ENSCJAG00000073693,
ENSCJAG00000020821,RAD51
ENSCJAG00000003632,MAT1A
ENSCJAG00000076750,
ENSCJAG00000065738,
ENSCJAG00000084870,SNORD115
ENSCJAG00000004871,RBP5
ENSCJAG00000009266,DPH2
ENSCJAG00000064442,
ENSCJAG00000076127,
ENSCJAG00000013973,MRPL38
ENSCJAG00000033945,HSP90AA1
ENSCJAG00000081179,
ENSCJAG00000074594,
ENSCJAG00000047690,HOXA5
ENSCJAG00000005214,PIF1
ENSCJAG00000080198,SNORD115
ENSCJAG00000078167,U6
ENSCJAG00000022667,OR10Q1
ENSCJAG00000047277,SOX7
ENSCJAG00000067880,
ENSCJAG00000085524,Metazoa_SRP
ENSCJAG00000002860,CEP83
ENSCJAG00000083010,
ENSCJAG00000014340,FHIP1B
ENSCJAG00000075336,SNORD115
ENSCJAG00000085066,Metazoa_SRP
ENSCJAG00000086108,
ENSCJAG00000033289,PLB1
ENSCJAG00000017627,FBXW4
ENSCJAG00000082473,RD3L
ENSCJAG00000000677,WNT5B
ENSCJAG00000026397,SNORA36C
ENSCJAG00000046806,Metazoa_SRP
ENSCJAG00000009643,SOX6
ENSCJAG00000010992,APPL1
ENSCJAG00000083919,SNORD115
ENSCJAG00000008058,HOXA4
ENSCJAG00000070831,
ENSCJAG00000021395,ARHGAP39
ENSCJAG00000020307,FASTK
ENSCJAG00000085623,
ENSCJAG00000012048,DRD4
ENSCJAG00000076030,Metazoa_SRP
ENSCJAG00000020615,ALOX15
ENSCJAG00000081901,
ENSCJAG00000028179,Y_RNA
ENSCJAG00000011398,ACCS
ENSCJAG00000082047,
ENSCJAG00000045036,GANC
ENSCJAG00000003134,TNFAIP6
ENSCJAG00000003144,PRSS36
ENSCJAG00000071372,Metazoa_SRP
ENSCJAG00000078501,OR5B2
ENSCJAG00000075347,
ENSCJAG00000086606,
ENSCJAG00000025957,
ENSCJAG00000043202,HOXA3
ENSCJAG00000021801,
ENSCJAG00000013099,ARID2
ENSCJAG00000078026,Metazoa_SRP
ENSCJAG00000053235,Metazoa_SRP
ENSCJAG00000073965,
ENSCJAG00000009279,ATP6V0B
ENSCJAG00000080177,
ENSCJAG00000077859,Metazoa_SRP
ENSCJAG00000074948,cja-mir-631-3
ENSCJAG00000055042,Metazoa_SRP
ENSCJAG00000008000,PARP9
ENSCJAG00000015721,RGS22
ENSCJAG00000026424,SNORA63
ENSCJAG00000072169,
ENSCJAG00000013657,RHOA
ENSCJAG00000045609,Metazoa_SRP
ENSCJAG00000086345,Metazoa_SRP
ENSCJAG00000071154,OR5B12
ENSCJAG00000054926,
ENSCJAG00000078522,
ENSCJAG00000007076,DDX1
ENSCJAG00000070170,5S_rRNA
ENSCJAG00000077209,SCT
ENSCJAG00000012366,RBPMS
ENSCJAG00000083193,U6
ENSCJAG00000059037,TTR
ENSCJAG00000026013,cja-mir-203
ENSCJAG00000079375,
ENSCJAG00000077449,Metazoa_SRP
ENSCJAG00000008032,HOXA2
ENSCJAG00000004876,CLSTN3
ENSCJAG00000047035,5S_rRNA
ENSCJAG00000019156,NFU1
ENSCJAG00000075461,
ENSCJAG00000082111,
ENSCJAG00000040054,FOXA1
ENSCJAG00000001852,MRPS15
ENSCJAG00000077103,
ENSCJAG00000073407,Metazoa_SRP
ENSCJAG00000079436,U6
ENSCJAG00000040691,PLEKHO2
ENSCJAG00000076812,U6
ENSCJAG00000075959,
ENSCJAG00000084040,Metazoa_SRP
ENSCJAG00000086543,Metazoa_SRP
ENSCJAG00000046407,NDUFA12
ENSCJAG00000016457,COLEC11
ENSCJAG00000084172,FGF8
ENSCJAG00000022245,OR52W1
ENSCJAG00000008024,HOXA1
ENSCJAG00000078944,Y_RNA
ENSCJAG00000018563,AMHR2
ENSCJAG00000070394,TCTA
ENSCJAG00000061163,CAV3
ENSCJAG00000008594,KIF11
ENSCJAG00000006991,
ENSCJAG00000080405,
ENSCJAG00000076664,Metazoa_SRP
ENSCJAG00000079820,
ENSCJAG00000042510,Metazoa_SRP
ENSCJAG00000012075,CDHR5
ENSCJAG00000003127,NMI
ENSCJAG00000019275,STK10
ENSCJAG00000077491,
ENSCJAG00000066904,U1
ENSCJAG00000072810,
ENSCJAG00000014410,C11orf42
ENSCJAG00000081288,
ENSCJAG00000034782,U6
ENSCJAG00000003363,DBT
ENSCJAG00000000683,ADIPOR2
ENSCJAG00000073504,
ENSCJAG00000006960,UGP2
ENSCJAG00000011168,
ENSCJAG00000008449,LPXN
ENSCJAG00000001860,CSF3R
ENSCJAG00000084810,
ENSCJAG00000040768,PSD3
ENSCJAG00000077509,
ENSCJAG00000078916,
ENSCJAG00000074555,
ENSCJAG00000015286,GVQW3
ENSCJAG00000075043,ADRA2B
ENSCJAG00000086983,
ENSCJAG00000002021,SLC6A20
ENSCJAG00000076677,U4
ENSCJAG00000082032,SSUH2
ENSCJAG00000084993,Metazoa_SRP
ENSCJAG00000061214,
ENSCJAG00000015257,CHL1
ENSCJAG00000017272,KIF26A
ENSCJAG00000078255,
ENSCJAG00000015686,NDUFS8
ENSCJAG00000080948,
ENSCJAG00000087207,
ENSCJAG00000070227,
ENSCJAG00000074277,Metazoa_SRP
ENSCJAG00000032232,ZNF777
ENSCJAG00000077551,Y_RNA
ENSCJAG00000018757,ASTL
ENSCJAG00000023185,GPR15
ENSCJAG00000009313,B4GALT2
ENSCJAG00000014312,CNGA4
ENSCJAG00000016408,TTC6
ENSCJAG00000070282,
ENSCJAG00000009859,PLBD2
ENSCJAG00000074413,
ENSCJAG00000004183,C8orf74
ENSCJAG00000070797,
ENSCJAG00000064435,
ENSCJAG00000069172,U3
ENSCJAG00000038733,Metazoa_SRP
ENSCJAG00000030103,cja-mir-208a-1
ENSCJAG00000077658,Metazoa_SRP
ENSCJAG00000012300,PRKRIR
ENSCJAG00000020831,KNL1
ENSCJAG00000048644,HESX1
ENSCJAG00000036054,Metazoa_SRP
ENSCJAG00000080325,
ENSCJAG00000015914,OXTR
ENSCJAG00000075884,
ENSCJAG00000020816,B4GALT6
ENSCJAG00000072929,
ENSCJAG00000001873,GRIK3
ENSCJAG00000083325,Y_RNA
ENSCJAG00000041782,C8orf82
ENSCJAG00000027453,MIR208B
ENSCJAG00000080868,U6
ENSCJAG00000075564,
ENSCJAG00000003125,RBM43
ENSCJAG00000012402,MATCAP2
ENSCJAG00000009920,WDR20
ENSCJAG00000019712,CREBBP
ENSCJAG00000084562,
ENSCJAG00000082335,
ENSCJAG00000074924,
ENSCJAG00000079772,Y_RNA
ENSCJAG00000045722,C11orf75
ENSCJAG00000083862,
ENSCJAG00000013928,FBF1
ENSCJAG00000073271,U6
ENSCJAG00000003962,AMT
ENSCJAG00000037898,Metazoa_SRP
ENSCJAG00000012124,IRF7
ENSCJAG00000018749,DUSP2
ENSCJAG00000085429,
ENSCJAG00000000659,CD9
ENSCJAG00000077151,
ENSCJAG00000080884,
ENSCJAG00000018553,SP1
ENSCJAG00000007530,NGDN
ENSCJAG00000021397,LRRC24
ENSCJAG00000076010,
ENSCJAG00000058582,
ENSCJAG00000000664,CPOX
ENSCJAG00000075800,Metazoa_SRP
ENSCJAG00000079585,
ENSCJAG00000082129,RP1L1
ENSCJAG00000043070,ANXA11
ENSCJAG00000000197,
ENSCJAG00000074382,
ENSCJAG00000079561,Metazoa_SRP
ENSCJAG00000008033,KPNA1
ENSCJAG00000020133,CELF1
ENSCJAG00000073712,Metazoa_SRP
ENSCJAG00000086242,Y_RNA
ENSCJAG00000059097,
ENSCJAG00000072077,
ENSCJAG00000086869,
ENSCJAG00000085014,
ENSCJAG00000072778,U6
ENSCJAG00000085221,
ENSCJAG00000017650,NPM3
ENSCJAG00000013608,FRMPD2
ENSCJAG00000062615,Metazoa_SRP
ENSCJAG00000079110,STARD7
ENSCJAG00000008465,CCDC24
ENSCJAG00000010960,IL17RD
ENSCJAG00000006408,SLC17A6
ENSCJAG00000084478,U6
ENSCJAG00000014292,CCKBR
ENSCJAG00000056482,ZC3H12A
ENSCJAG00000083510,
ENSCJAG00000070933,
ENSCJAG00000078267,
ENSCJAG00000004193,PRSS55
ENSCJAG00000065717,Metazoa_SRP
ENSCJAG00000074147,
ENSCJAG00000067359,
ENSCJAG00000079099,Metazoa_SRP
ENSCJAG00000003734,DEUP1
ENSCJAG00000075903,
ENSCJAG00000058988,U3
ENSCJAG00000078293,
ENSCJAG00000041364,
ENSCJAG00000003993,CDC42EP3
ENSCJAG00000079853,
ENSCJAG00000086185,
ENSCJAG00000083774,
ENSCJAG00000007522,THTPA
ENSCJAG00000001936,SEMA6D
ENSCJAG00000012399,GTF2E2
ENSCJAG00000075784,
ENSCJAG00000080635,U7
ENSCJAG00000085365,U6
ENSCJAG00000082334,
ENSCJAG00000042608,Metazoa_SRP
ENSCJAG00000076166,
ENSCJAG00000069826,U4
ENSCJAG00000077991,
ENSCJAG00000040303,RAD18
ENSCJAG00000080150,
ENSCJAG00000015296,WNT11
ENSCJAG00000008421,ZFP91
ENSCJAG00000051746,
ENSCJAG00000031989,ANKDD1A
ENSCJAG00000002776,FGD6
ENSCJAG00000011554,
ENSCJAG00000070688,
ENSCJAG00000077572,
ENSCJAG00000038304,PRKCDBP
ENSCJAG00000016462,RPS7
ENSCJAG00000078604,
ENSCJAG00000080067,REG1A
ENSCJAG00000083657,Y_RNA
ENSCJAG00000073984,
ENSCJAG00000075302,U6
ENSCJAG00000025381,U5
ENSCJAG00000007979,SKAP2
ENSCJAG00000017657,OGA
ENSCJAG00000008302,TNFRSF13B
ENSCJAG00000073907,
ENSCJAG00000004206,PRSS51
ENSCJAG00000018549,SP7
ENSCJAG00000011458,DENND5A
ENSCJAG00000087338,
ENSCJAG00000044585,IMP3
ENSCJAG00000057048,SDS
ENSCJAG00000012144,PHRF1
ENSCJAG00000005045,A1CF
ENSCJAG00000063522,U6
ENSCJAG00000083437,Y_RNA
ENSCJAG00000008627,HHEX
ENSCJAG00000039612,QPCT
ENSCJAG00000078862,
ENSCJAG00000037134,Metazoa_SRP
ENSCJAG00000074368,
ENSCJAG00000012950,DSCAML1
ENSCJAG00000004843,BBX
ENSCJAG00000045984,RND3
ENSCJAG00000057429,
ENSCJAG00000081937,Y_RNA
ENSCJAG00000085342,
ENSCJAG00000006095,MPPED2
ENSCJAG00000083757,
ENSCJAG00000008201,TMT1B
ENSCJAG00000019141,GFPT1
ENSCJAG00000011414,EXT2
ENSCJAG00000072772,
ENSCJAG00000035450,RNASEH1
ENSCJAG00000019496,VAX1
ENSCJAG00000080109,Metazoa_SRP
ENSCJAG00000083784,
ENSCJAG00000041902,TMEM127
ENSCJAG00000014259,SMPD1
ENSCJAG00000041748,C11orf58
ENSCJAG00000072971,
ENSCJAG00000047448,
ENSCJAG00000004860,SNX33
ENSCJAG00000015705,TCIRG1
ENSCJAG00000021399,LRRC14
ENSCJAG00000062411,CRYGS
ENSCJAG00000069881,Metazoa_SRP
ENSCJAG00000007523,ZFHX2
ENSCJAG00000077372,
ENSCJAG00000087073,
ENSCJAG00000022130,WDR5B
ENSCJAG00000080897,Metazoa_SRP
ENSCJAG00000046302,U6
ENSCJAG00000041244,ZNF282
ENSCJAG00000002035,LZTFL1
ENSCJAG00000071388,
ENSCJAG00000020270,SLC4A2
ENSCJAG00000038341,SDSL
ENSCJAG00000022588,OR10P1
ENSCJAG00000070121,Metazoa_SRP
ENSCJAG00000078306,Metazoa_SRP
ENSCJAG00000001927,MEAF6
ENSCJAG00000084937,
ENSCJAG00000054190,
ENSCJAG00000024739,U6
ENSCJAG00000084801,
ENSCJAG00000000690,CACNA2D4
ENSCJAG00000077558,
ENSCJAG00000029551,Y_RNA
ENSCJAG00000054780,
ENSCJAG00000000666,PLEKHG6
ENSCJAG00000081083,Y_RNA
ENSCJAG00000075137,
ENSCJAG00000052016,
ENSCJAG00000003879,SLC6A9
ENSCJAG00000075779,
ENSCJAG00000034480,U6
ENSCJAG00000003965,PRKD3
ENSCJAG00000086125,Metazoa_SRP
ENSCJAG00000071239,
ENSCJAG00000007497,CIAO1
ENSCJAG00000003169,ITGAX
ENSCJAG00000081557,OR2AP1
ENSCJAG00000007018,MDH1
ENSCJAG00000072456,
ENSCJAG00000007906,ADI1
ENSCJAG00000087358,Metazoa_SRP
ENSCJAG00000004928,CFAP53
ENSCJAG00000075609,
ENSCJAG00000072629,
ENSCJAG00000046088,CSPG4
ENSCJAG00000070867,
ENSCJAG00000020841,RPUSD2
ENSCJAG00000081349,
ENSCJAG00000006060,
ENSCJAG00000079434,Y_RNA
ENSCJAG00000073524,
ENSCJAG00000071169,
ENSCJAG00000086448,
ENSCJAG00000001299,SH3RF3
ENSCJAG00000003992,NICN1
ENSCJAG00000018507,AAAS
ENSCJAG00000069688,
ENSCJAG00000086130,
ENSCJAG00000005520,PLAC9
ENSCJAG00000010916,ARHGEF3
ENSCJAG00000082554,OR6C4
ENSCJAG00000056223,
ENSCJAG00000008116,FAM162A
ENSCJAG00000077134,
ENSCJAG00000014953,DRG2
ENSCJAG00000031600,Y_RNA
ENSCJAG00000070556,
ENSCJAG00000081037,
ENSCJAG00000004445,BCL2L11
ENSCJAG00000057882,
ENSCJAG00000081052,
ENSCJAG00000006376,GAS2
ENSCJAG00000069763,
ENSCJAG00000015319,UVRAG
ENSCJAG00000079379,U6
ENSCJAG00000009899,MOK
ENSCJAG00000027789,Y_RNA
ENSCJAG00000069421,
ENSCJAG00000074248,5S_rRNA
ENSCJAG00000035369,
ENSCJAG00000019505,KCNK18
ENSCJAG00000074145,U3
ENSCJAG00000069863,
ENSCJAG00000007904,
ENSCJAG00000056579,
ENSCJAG00000009813,LHX5
ENSCJAG00000038182,Metazoa_SRP
ENSCJAG00000021401,RECQL4
ENSCJAG00000078184,Y_RNA
ENSCJAG00000071271,Metazoa_SRP
ENSCJAG00000002053,
ENSCJAG00000007514,SNRNP200
ENSCJAG00000027668,
ENSCJAG00000019273,EFCAB9
ENSCJAG00000075241,CNTF
ENSCJAG00000071508,
ENSCJAG00000070079,
ENSCJAG00000083335,U1
ENSCJAG00000086423,
ENSCJAG00000058609,AP1G2
ENSCJAG00000075788,OR6C70
ENSCJAG00000041913,
ENSCJAG00000057177,Metazoa_SRP
ENSCJAG00000074500,
ENSCJAG00000019511,SLC18A2
ENSCJAG00000042607,
ENSCJAG00000071965,
ENSCJAG00000076887,
ENSCJAG00000077881,
ENSCJAG00000069791,FAM98B
ENSCJAG00000060621,U7
ENSCJAG00000078203,
ENSCJAG00000080190,Metazoa_SRP
ENSCJAG00000048217,
ENSCJAG00000020598,LAMA3
ENSCJAG00000072469,
ENSCJAG00000012407,GSR
ENSCJAG00000047953,
ENSCJAG00000066906,
ENSCJAG00000017676,KCNIP2
ENSCJAG00000011030,SLC36A4
ENSCJAG00000081238,
ENSCJAG00000007867,TRAPPC12
ENSCJAG00000078430,
ENSCJAG00000061217,
ENSCJAG00000006055,
ENSCJAG00000042527,GLYAT
ENSCJAG00000034986,
ENSCJAG00000029605,U7
ENSCJAG00000018480,RUFY4
ENSCJAG00000005129,ASAH2
ENSCJAG00000014620,TBCCD1
ENSCJAG00000084962,
ENSCJAG00000079718,CIMAP1C
ENSCJAG00000014200,ARHGEF12
ENSCJAG00000024090,Y_RNA
ENSCJAG00000071650,
ENSCJAG00000082969,Metazoa_SRP
ENSCJAG00000083760,CCDC32
ENSCJAG00000083021,U6
ENSCJAG00000076054,
ENSCJAG00000022585,OR6C3
ENSCJAG00000079017,
ENSCJAG00000082064,
ENSCJAG00000070663,Metazoa_SRP
ENSCJAG00000000658,ST3GAL6
ENSCJAG00000020835,TRAPPC8
ENSCJAG00000082246,
ENSCJAG00000019527,PDZD8
ENSCJAG00000074096,
ENSCJAG00000073826,Metazoa_SRP
ENSCJAG00000083770,
ENSCJAG00000015731,MSRA
ENSCJAG00000040096,
ENSCJAG00000000744,CXCR2
ENSCJAG00000015722,CHKA
ENSCJAG00000077470,TMEM254
ENSCJAG00000072774,
ENSCJAG00000079216,Metazoa_SRP
ENSCJAG00000022584,OR6C1
ENSCJAG00000007476,JPH4
ENSCJAG00000043124,Metazoa_SRP
ENSCJAG00000046779,UBTD2
ENSCJAG00000007651,ITPRIPL1
ENSCJAG00000084101,
ENSCJAG00000069879,TMEM179
ENSCJAG00000075097,
ENSCJAG00000005208,CEP192
ENSCJAG00000067145,DNAJC24
ENSCJAG00000079048,Metazoa_SRP
ENSCJAG00000000674,TNFRSF1A
ENSCJAG00000008132,MIX23
ENSCJAG00000076611,Metazoa_SRP
ENSCJAG00000047453,POLR2M
ENSCJAG00000039116,CCDC179
ENSCJAG00000070695,
ENSCJAG00000009589,PLEKHA7
ENSCJAG00000073049,
ENSCJAG00000085919,Metazoa_SRP
ENSCJAG00000004968,PEX5
ENSCJAG00000055663,
ENSCJAG00000073643,
ENSCJAG00000027545,
ENSCJAG00000038730,SPRED1
ENSCJAG00000077966,
ENSCJAG00000072033,
ENSCJAG00000046986,CXCR1
ENSCJAG00000043611,FXYD6
ENSCJAG00000004959,MBD1
ENSCJAG00000076261,Metazoa_SRP
ENSCJAG00000054238,
ENSCJAG00000081452,
ENSCJAG00000001257,EDAR
ENSCJAG00000012416,ANLN
ENSCJAG00000009068,GID4
ENSCJAG00000075175,
ENSCJAG00000075839,
ENSCJAG00000066736,
ENSCJAG00000015346,CNTN6
ENSCJAG00000007660,NCAPH
ENSCJAG00000008643,EXOC6
ENSCJAG00000079500,
ENSCJAG00000044983,
ENSCJAG00000080008,Metazoa_SRP
ENSCJAG00000038805,EMX2
ENSCJAG00000011438,ALX4
ENSCJAG00000008395,
ENSCJAG00000074199,
ENSCJAG00000025531,U6
ENSCJAG00000009880,ZNF839
ENSCJAG00000075824,Metazoa_SRP
ENSCJAG00000087253,Y_RNA
ENSCJAG00000087180,Metazoa_SRP
ENSCJAG00000030483,Y_RNA
ENSCJAG00000073698,
ENSCJAG00000079634,U6
ENSCJAG00000069984,
ENSCJAG00000006042,IMMP1L
ENSCJAG00000026297,
ENSCJAG00000059201,U4
ENSCJAG00000069939,U6
ENSCJAG00000069073,Metazoa_SRP
ENSCJAG00000080544,
ENSCJAG00000070127,Metazoa_SRP
ENSCJAG00000003026,CAPN3
ENSCJAG00000065267,
ENSCJAG00000080859,Y_RNA
ENSCJAG00000022576,OR9K2
ENSCJAG00000082228,
ENSCJAG00000003932,NDUFAF7
ENSCJAG00000085008,
ENSCJAG00000073053,
ENSCJAG00000013160,ANO6
ENSCJAG00000070671,Metazoa_SRP
ENSCJAG00000069875,U6
ENSCJAG00000035443,U6
ENSCJAG00000074635,
ENSCJAG00000071639,
ENSCJAG00000071612,Metazoa_SRP
ENSCJAG00000053668,Metazoa_SRP
ENSCJAG00000039039,RAB6A
ENSCJAG00000015337,DGAT2
ENSCJAG00000010213,ZNF398
ENSCJAG00000072630,
ENSCJAG00000085780,
ENSCJAG00000019123,NEUROD4
ENSCJAG00000011454,TMEM41B
ENSCJAG00000074706,
ENSCJAG00000022979,LSM3
ENSCJAG00000016324,SEC23A
ENSCJAG00000005282,SPG21
ENSCJAG00000065054,DAG1
ENSCJAG00000003086,MMADHC
ENSCJAG00000043699,
ENSCJAG00000039985,CSTA
ENSCJAG00000009061,ATPAF2
ENSCJAG00000060592,
ENSCJAG00000086920,
ENSCJAG00000008404,GLYATL2
ENSCJAG00000057715,
ENSCJAG00000021402,MFSD3
ENSCJAG00000009798,RBM19
ENSCJAG00000071967,
ENSCJAG00000014145,APBB1
ENSCJAG00000077192,
ENSCJAG00000084666,
ENSCJAG00000078858,
ENSCJAG00000077668,
ENSCJAG00000067731,COMMD4
ENSCJAG00000077537,
ENSCJAG00000002057,FYCO1
ENSCJAG00000081009,
ENSCJAG00000083125,U6
ENSCJAG00000001963,SNIP1
ENSCJAG00000076984,
ENSCJAG00000025913,SNORA62
ENSCJAG00000012171,RASSF7
ENSCJAG00000010746,ARPC2
ENSCJAG00000009870,CINP
ENSCJAG00000014557,DNAJB11
ENSCJAG00000084067,
ENSCJAG00000085459,
ENSCJAG00000033606,
ENSCJAG00000069798,
ENSCJAG00000071648,
ENSCJAG00000000895,
ENSCJAG00000072153,
ENSCJAG00000000689,SCNN1A
ENSCJAG00000079673,
ENSCJAG00000020849,BAHD1
ENSCJAG00000078437,
ENSCJAG00000032132,
ENSCJAG00000082451,U4
ENSCJAG00000087057,Metazoa_SRP
ENSCJAG00000019258,SH3PXD2B
ENSCJAG00000015727,KMT5B
ENSCJAG00000011453,CD82
ENSCJAG00000004003,BSN
ENSCJAG00000002282,ALDH1A2
ENSCJAG00000085600,
ENSCJAG00000067186,
ENSCJAG00000009042,DRC3
ENSCJAG00000077921,
ENSCJAG00000007465,DHRS2
ENSCJAG00000047138,Metazoa_SRP
ENSCJAG00000026769,U4
ENSCJAG00000076704,Metazoa_SRP
ENSCJAG00000071329,
ENSCJAG00000080429,Y_RNA
ENSCJAG00000035501,ZNF425
ENSCJAG00000019543,RAB11FIP2
ENSCJAG00000070793,
ENSCJAG00000007858,EIPR1
ENSCJAG00000083545,
ENSCJAG00000008145,CASR
ENSCJAG00000085413,
ENSCJAG00000005994,ELP4
ENSCJAG00000035783,Metazoa_SRP
ENSCJAG00000046452,AGL
ENSCJAG00000019103,TESPA1
ENSCJAG00000072914,
ENSCJAG00000077840,
ENSCJAG00000018493,MYG1
ENSCJAG00000043174,
ENSCJAG00000011067,FAT3
ENSCJAG00000086701,
ENSCJAG00000056166,
ENSCJAG00000018001,CSNK1A1L
ENSCJAG00000078050,Metazoa_SRP
ENSCJAG00000042643,Metazoa_SRP
ENSCJAG00000072349,
ENSCJAG00000057297,DNALI1
ENSCJAG00000083950,
ENSCJAG00000003910,KLF17
ENSCJAG00000009247,INF2
ENSCJAG00000076384,
ENSCJAG00000001240,CCDC138
ENSCJAG00000062889,
ENSCJAG00000084970,Metazoa_SRP
ENSCJAG00000078662,Metazoa_SRP
ENSCJAG00000081618,
ENSCJAG00000077443,Metazoa_SRP
ENSCJAG00000075452,
ENSCJAG00000030494,cja-mir-124-2
ENSCJAG00000020163,PTPMT1
ENSCJAG00000021404,GPT
ENSCJAG00000013052,TMPRSS13
ENSCJAG00000083808,
ENSCJAG00000023368,
ENSCJAG00000072397,
ENSCJAG00000004528,U4
ENSCJAG00000079361,
ENSCJAG00000003066,NAT1
ENSCJAG00000052302,U6
ENSCJAG00000007758,NEURL3
ENSCJAG00000075794,Metazoa_SRP
ENSCJAG00000081687,
ENSCJAG00000081219,
ENSCJAG00000015357,MOGAT2
ENSCJAG00000082902,Y_RNA
ENSCJAG00000081880,
ENSCJAG00000076504,
ENSCJAG00000074492,
ENSCJAG00000071392,U6
ENSCJAG00000077250,
ENSCJAG00000009026,BABAM2
ENSCJAG00000083617,Y_RNA
ENSCJAG00000070431,
ENSCJAG00000073522,U1
ENSCJAG00000020986,TMCO5A
ENSCJAG00000069286,
ENSCJAG00000017743,ARMH3
ENSCJAG00000079022,
ENSCJAG00000078462,
ENSCJAG00000070840,Y_RNA
ENSCJAG00000086814,
ENSCJAG00000069483,AHSG
ENSCJAG00000062713,Metazoa_SRP
ENSCJAG00000083659,
ENSCJAG00000087322,
ENSCJAG00000010198,ZNF786
ENSCJAG00000076789,Metazoa_SRP
ENSCJAG00000087104,
ENSCJAG00000072414,
ENSCJAG00000008349,DTX4
ENSCJAG00000084199,
ENSCJAG00000073208,
ENSCJAG00000074916,MRGPRE
ENSCJAG00000060087,SNX10
ENSCJAG00000076428,
ENSCJAG00000011395,IPO7
ENSCJAG00000082541,Y_RNA
ENSCJAG00000012183,
ENSCJAG00000081673,Metazoa_SRP
ENSCJAG00000085833,
ENSCJAG00000021405,PPP1R16A
ENSCJAG00000017658,
ENSCJAG00000006848,MTFMT
ENSCJAG00000018477,
ENSCJAG00000043469,C11orf24
ENSCJAG00000073616,
ENSCJAG00000019565,FAM204A
ENSCJAG00000055489,LYPD6
ENSCJAG00000018197,
ENSCJAG00000085185,
ENSCJAG00000015365,MAP6
ENSCJAG00000077761,
ENSCJAG00000007061,WDPCP
ENSCJAG00000012461,AOAH
ENSCJAG00000065044,
ENSCJAG00000071153,U6
ENSCJAG00000046085,Metazoa_SRP
ENSCJAG00000084148,
ENSCJAG00000007452,DHRS4
ENSCJAG00000007759,ARID5A
ENSCJAG00000083925,Metazoa_SRP
ENSCJAG00000011968,LRRC56
ENSCJAG00000077890,
ENSCJAG00000011520,
ENSCJAG00000019111,ANTXR1
ENSCJAG00000078038,Metazoa_SRP
ENSCJAG00000072725,Metazoa_SRP
ENSCJAG00000045488,U2
ENSCJAG00000068801,
ENSCJAG00000014536,FETUB
ENSCJAG00000015909,PLEKHB1
ENSCJAG00000009815,TECPR2
ENSCJAG00000085802,
ENSCJAG00000038466,SFTPA2
ENSCJAG00000020852,IVD
ENSCJAG00000056816,
ENSCJAG00000021407,FOXH1
ENSCJAG00000037789,Metazoa_SRP
ENSCJAG00000079514,Metazoa_SRP
ENSCJAG00000069722,
ENSCJAG00000006852,SLC51B
ENSCJAG00000020173,KBTBD4
ENSCJAG00000070429,Metazoa_SRP
ENSCJAG00000001998,RSPO1
ENSCJAG00000066901,
ENSCJAG00000011479,TSPAN18
ENSCJAG00000022440,GPBAR1
ENSCJAG00000003922,DMAP1
ENSCJAG00000004949,CD47
ENSCJAG00000008181,CD86
ENSCJAG00000074496,
ENSCJAG00000071389,
ENSCJAG00000015377,SERPINH1
ENSCJAG00000022973,HPS6
ENSCJAG00000082926,UBE2L3
ENSCJAG00000079841,
ENSCJAG00000003858,CEBPZ
ENSCJAG00000086928,
ENSCJAG00000076052,
ENSCJAG00000079773,5S_rRNA
ENSCJAG00000041461,Metazoa_SRP
ENSCJAG00000073481,
ENSCJAG00000010187,PDIA4
ENSCJAG00000071006,
ENSCJAG00000013632,PTPN20
ENSCJAG00000076228,U4
ENSCJAG00000064397,U6
ENSCJAG00000015927,SRGAP3
ENSCJAG00000045523,U1
ENSCJAG00000003077,LYPD6B
ENSCJAG00000040780,ZCCHC24
ENSCJAG00000082582,PYCARD
ENSCJAG00000002761,VEZT
ENSCJAG00000079572,
ENSCJAG00000084330,
ENSCJAG00000037737,Metazoa_SRP
ENSCJAG00000078198,Metazoa_SRP
ENSCJAG00000085842,MUCL1
ENSCJAG00000010793,AAMP
ENSCJAG00000006364,LUZP2
ENSCJAG00000069539,U8
ENSCJAG00000018446,ESPL1
ENSCJAG00000012199,HRAS
ENSCJAG00000077309,
ENSCJAG00000013084,IL10RA
ENSCJAG00000019575,PRLHR
ENSCJAG00000017777,LDB1
ENSCJAG00000010819,CCDC66
ENSCJAG00000021392,KIFC2
ENSCJAG00000080082,RASL12
ENSCJAG00000046650,U5
ENSCJAG00000083681,MPEG1
ENSCJAG00000072213,
ENSCJAG00000074013,Metazoa_SRP
ENSCJAG00000071728,
ENSCJAG00000038494,
ENSCJAG00000003192,TRIM72
ENSCJAG00000001909,SLC24A5
ENSCJAG00000065296,
ENSCJAG00000013574,ABHD15
ENSCJAG00000015736,LRP5
ENSCJAG00000077844,
ENSCJAG00000070722,Metazoa_SRP
ENSCJAG00000025335,SNORD77B
ENSCJAG00000019578,CACUL1
ENSCJAG00000005942,PAX6
ENSCJAG00000000973,PPIF
ENSCJAG00000011462,TP53I11
ENSCJAG00000084664,Metazoa_SRP
ENSCJAG00000083815,cja-mir-631-1
ENSCJAG00000085736,Metazoa_SRP
ENSCJAG00000047095,Metazoa_SRP
ENSCJAG00000083692,
ENSCJAG00000085239,AQP9
ENSCJAG00000080001,
ENSCJAG00000027962,SNORA23
ENSCJAG00000075908,
ENSCJAG00000081826,Y_RNA
ENSCJAG00000069762,SMIM35
ENSCJAG00000019092,DCD
ENSCJAG00000009003,TOM1L2
ENSCJAG00000042768,OR5AN1
ENSCJAG00000015394,CNTN4
ENSCJAG00000079497,
ENSCJAG00000020194,NDUFS3
ENSCJAG00000007952,CBX3
ENSCJAG00000081863,Y_RNA
ENSCJAG00000075014,Metazoa_SRP
ENSCJAG00000014523,HRG
ENSCJAG00000063855,
ENSCJAG00000009564,RPS13
ENSCJAG00000009744,TBX5
ENSCJAG00000019502,ESR2
ENSCJAG00000077671,PYDC1
ENSCJAG00000082905,Y_RNA
ENSCJAG00000076638,COX6C
ENSCJAG00000046913,OR5A2
ENSCJAG00000085200,
ENSCJAG00000080540,Metazoa_SRP
ENSCJAG00000074609,Metazoa_SRP
ENSCJAG00000052176,CEBPZOS
ENSCJAG00000019254,NEURL1B
ENSCJAG00000084314,U6
ENSCJAG00000030321,Y_RNA
ENSCJAG00000014144,ASAH1
ENSCJAG00000070368,Metazoa_SRP
ENSCJAG00000082359,
ENSCJAG00000074451,
ENSCJAG00000082095,U6
ENSCJAG00000084698,
ENSCJAG00000054537,ADSS1
ENSCJAG00000000646,DCBLD2
ENSCJAG00000047785,Metazoa_SRP
ENSCJAG00000015399,GDPD5
ENSCJAG00000022830,OR5A1
ENSCJAG00000066488,
ENSCJAG00000012214,RNH1
ENSCJAG00000005044,CXXC1
ENSCJAG00000076986,Metazoa_SRP
ENSCJAG00000070644,
ENSCJAG00000061976,Metazoa_SRP
ENSCJAG00000007688,KANSL3
ENSCJAG00000052906,
ENSCJAG00000062886,AIRIM
ENSCJAG00000015694,KIF13B
ENSCJAG00000000976,ZMIZ1
ENSCJAG00000072294,Metazoa_SRP
ENSCJAG00000081377,
ENSCJAG00000023510,SNORD14
ENSCJAG00000020992,MEIS2
ENSCJAG00000022829,OR4D6
ENSCJAG00000018442,MFSD5
ENSCJAG00000066491,
ENSCJAG00000019108,GKN1
ENSCJAG00000036925,Metazoa_SRP
ENSCJAG00000023428,KBTBD13
ENSCJAG00000019085,LACRT
ENSCJAG00000011522,OSBPL5
ENSCJAG00000078684,Metazoa_SRP
ENSCJAG00000080400,LIPC
ENSCJAG00000009065,RBKS
ENSCJAG00000086404,
ENSCJAG00000071166,
ENSCJAG00000003850,SULT6B1
ENSCJAG00000044351,NANOS1
ENSCJAG00000039421,Metazoa_SRP
ENSCJAG00000075271,Metazoa_SRP
ENSCJAG00000083427,
ENSCJAG00000043701,FAM180B
ENSCJAG00000075105,OR4D10
ENSCJAG00000074029,
ENSCJAG00000058101,CXCR6
ENSCJAG00000013516,TAOK1
ENSCJAG00000046838,
ENSCJAG00000082952,Metazoa_SRP
ENSCJAG00000013890,ACOX1
ENSCJAG00000008227,ILDR1
ENSCJAG00000000706,LTBR
ENSCJAG00000063951,
ENSCJAG00000032568,U6
ENSCJAG00000020258,CDK5
ENSCJAG00000047996,ITGAM
ENSCJAG00000004025,RNF123
ENSCJAG00000035221,UBAP1L
ENSCJAG00000015915,FAM168A
ENSCJAG00000021829,XCR1
ENSCJAG00000073690,
ENSCJAG00000013100,TMPRSS4
ENSCJAG00000011327,ZNF143
ENSCJAG00000075102,OR4D11
ENSCJAG00000073364,PNKD
ENSCJAG00000039852,
ENSCJAG00000009716,TBX3
ENSCJAG00000085531,
ENSCJAG00000016314,TRAPPC6B
ENSCJAG00000014495,KNG1
ENSCJAG00000001875,MYEF2
ENSCJAG00000074005,
ENSCJAG00000021830,CCR1
ENSCJAG00000085811,
ENSCJAG00000071940,PTDSS2
ENSCJAG00000019595,EIF3A
ENSCJAG00000001189,RANBP2
ENSCJAG00000022509,OR4D9
ENSCJAG00000015651,VPS13B
ENSCJAG00000019746,ADCY9
ENSCJAG00000040658,U2
ENSCJAG00000002008,CDCA8
ENSCJAG00000019101,GKN2
ENSCJAG00000052620,IL36G
ENSCJAG00000018408,RARG
ENSCJAG00000079866,Y_RNA
ENSCJAG00000023765,SNORA71
ENSCJAG00000080133,U7
ENSCJAG00000003995,ERI3
ENSCJAG00000084054,CCR3
ENSCJAG00000012484,ELMO1
ENSCJAG00000012451,UBXN8
ENSCJAG00000040329,PPP1R1A
ENSCJAG00000078384,
ENSCJAG00000072879,
ENSCJAG00000045698,PDCD7
ENSCJAG00000003053,KIF5C
ENSCJAG00000085916,
ENSCJAG00000016132,OSBP
ENSCJAG00000082057,U6
ENSCJAG00000086796,
ENSCJAG00000020213,MTCH2
ENSCJAG00000007382,CARMIL3
ENSCJAG00000046753,MRPL33
ENSCJAG00000038473,U6
ENSCJAG00000085602,
ENSCJAG00000078251,
ENSCJAG00000003819,EIF2AK2
ENSCJAG00000007908,HNRNPA2B1
ENSCJAG00000040165,IL36A
ENSCJAG00000072076,
ENSCJAG00000007028,NBAS
ENSCJAG00000086492,Metazoa_SRP
ENSCJAG00000019096,BMP10
ENSCJAG00000073719,
ENSCJAG00000010084,EZH2
ENSCJAG00000009811,ANKRD9
ENSCJAG00000083936,
ENSCJAG00000009472,PIK3C2A
ENSCJAG00000077703,
ENSCJAG00000009290,SIVA1
ENSCJAG00000071483,Metazoa_SRP
ENSCJAG00000021410,ZFTRAF1
ENSCJAG00000078763,
ENSCJAG00000002106,CCR2
ENSCJAG00000072495,U6
ENSCJAG00000038066,U6
ENSCJAG00000076705,U6
ENSCJAG00000036372,SLIT1
ENSCJAG00000075003,U4
ENSCJAG00000080364,Metazoa_SRP
ENSCJAG00000081132,
ENSCJAG00000078767,
ENSCJAG00000073745,
ENSCJAG00000086961,
ENSCJAG00000084830,SKA1
ENSCJAG00000036249,ASIC3
ENSCJAG00000080151,Metazoa_SRP
ENSCJAG00000081496,
ENSCJAG00000073829,
ENSCJAG00000038668,CCR5
ENSCJAG00000041358,LRTM2
ENSCJAG00000004057,RNF220
ENSCJAG00000059736,U3
ENSCJAG00000034741,Y_RNA
ENSCJAG00000073062,
ENSCJAG00000019073,ARHGAP25
ENSCJAG00000020239,AGBL2
ENSCJAG00000077111,Metazoa_SRP
ENSCJAG00000042002,
ENSCJAG00000062320,RNF125
ENSCJAG00000021831,CCRL2
ENSCJAG00000070006,U6
ENSCJAG00000016192,PATL1
ENSCJAG00000012512,
ENSCJAG00000006870,CLPX
ENSCJAG00000075065,U4
ENSCJAG00000074979,
ENSCJAG00000077528,IL36B
ENSCJAG00000080247,Metazoa_SRP
ENSCJAG00000067622,DUSP1
ENSCJAG00000030941,cja-mir-331
ENSCJAG00000080422,ANO9
ENSCJAG00000019750,SRL
ENSCJAG00000005925,RCN1
ENSCJAG00000009784,RCOR1
ENSCJAG00000026252,SNORA19
ENSCJAG00000083342,U6
ENSCJAG00000000719,CD27
ENSCJAG00000040189,CTXN2
ENSCJAG00000082427,
ENSCJAG00000011508,PRDM11
ENSCJAG00000017812,PPRC1
ENSCJAG00000077163,Metazoa_SRP
ENSCJAG00000026089,
ENSCJAG00000072180,
ENSCJAG00000077522,Metazoa_SRP
ENSCJAG00000002108,LTF
ENSCJAG00000079911,Metazoa_SRP
ENSCJAG00000063765,U6
ENSCJAG00000002196,SKOR1
ENSCJAG00000081631,Metazoa_SRP
ENSCJAG00000027372,U1
ENSCJAG00000086973,
ENSCJAG00000072822,Metazoa_SRP
ENSCJAG00000030310,
ENSCJAG00000013653,GDF10
ENSCJAG00000036307,IL36RN
ENSCJAG00000048557,Metazoa_SRP
ENSCJAG00000073322,Metazoa_SRP
ENSCJAG00000077401,
ENSCJAG00000082879,Metazoa_SRP
ENSCJAG00000070285,Metazoa_SRP
ENSCJAG00000060296,
ENSCJAG00000079024,
ENSCJAG00000077632,
ENSCJAG00000019618,DENND10
ENSCJAG00000074612,
ENSCJAG00000040946,
ENSCJAG00000012460,PPP2CB
ENSCJAG00000080854,
ENSCJAG00000032965,EIF4A2
ENSCJAG00000086150,
ENSCJAG00000015934,RELT
ENSCJAG00000002740,METAP2
ENSCJAG00000020430,ADAM10
ENSCJAG00000000722,TAPBPL
ENSCJAG00000013659,GDF2
ENSCJAG00000009108,SLC4A1AP
ENSCJAG00000020875,RNF138
ENSCJAG00000063753,
ENSCJAG00000065376,
ENSCJAG00000019038,PDE1B
ENSCJAG00000008762,CYP26C1
ENSCJAG00000021420,SLC39A4
ENSCJAG00000020254,FNBP4
ENSCJAG00000019756,TFAP4
ENSCJAG00000005202,SGMS1
ENSCJAG00000041166,IL1F10
ENSCJAG00000002019,EPHA10
ENSCJAG00000058415,U6
ENSCJAG00000015752,PPP6R3
ENSCJAG00000009300,AKT1
ENSCJAG00000075758,
ENSCJAG00000008258,SLC15A2
ENSCJAG00000010850,TMBIM1
ENSCJAG00000074410,Metazoa_SRP
ENSCJAG00000016248,GEMIN2
ENSCJAG00000071733,U6
ENSCJAG00000015421,KLHL35
ENSCJAG00000013661,RBP3
ENSCJAG00000047691,CILP
ENSCJAG00000072516,Metazoa_SRP
ENSCJAG00000071929,Y_RNA
ENSCJAG00000084256,
ENSCJAG00000082411,U6
ENSCJAG00000072378,
ENSCJAG00000087064,
ENSCJAG00000039529,DCP1B
ENSCJAG00000038922,
ENSCJAG00000073244,
ENSCJAG00000079201,
ENSCJAG00000008795,CYP26A1
ENSCJAG00000086427,U1
ENSCJAG00000083189,
ENSCJAG00000053380,U6
ENSCJAG00000001974,MAPK4
ENSCJAG00000034798,SFXN4
ENSCJAG00000033674,U7
ENSCJAG00000018387,ITGB7
ENSCJAG00000080653,
ENSCJAG00000070297,
ENSCJAG00000013878,TEN1
ENSCJAG00000046876,TMEM53
ENSCJAG00000071789,U4
ENSCJAG00000043077,TEX15
ENSCJAG00000002148,RTP3
ENSCJAG00000084197,
ENSCJAG00000081119,
ENSCJAG00000003790,GPATCH11
ENSCJAG00000070926,
ENSCJAG00000019067,PROKR1
ENSCJAG00000065670,Metazoa_SRP
ENSCJAG00000053654,SNORD2
ENSCJAG00000085307,Metazoa_SRP
ENSCJAG00000020854,KNSTRN
ENSCJAG00000072416,Y_RNA
ENSCJAG00000084890,
ENSCJAG00000081905,
ENSCJAG00000073763,Y_RNA
ENSCJAG00000046420,Metazoa_SRP
ENSCJAG00000056433,
ENSCJAG00000009131,SUPT7L
ENSCJAG00000055644,COL8A1
ENSCJAG00000072621,
ENSCJAG00000025733,Y_RNA
ENSCJAG00000040829,SNORA81
ENSCJAG00000044254,VAMP1
ENSCJAG00000062696,U6
ENSCJAG00000005900,WT1
ENSCJAG00000080389,Metazoa_SRP
ENSCJAG00000075641,
ENSCJAG00000070710,U7
ENSCJAG00000084895,U6
ENSCJAG00000079131,U4
ENSCJAG00000083361,Metazoa_SRP
ENSCJAG00000084174,Metazoa_SRP
ENSCJAG00000030371,SNORA63
ENSCJAG00000078373,U6
ENSCJAG00000082000,Metazoa_SRP
ENSCJAG00000009580,MED13L
ENSCJAG00000085702,Metazoa_SRP
ENSCJAG00000080399,
ENSCJAG00000077277,U6
ENSCJAG00000065077,
ENSCJAG00000005054,ACSM4
ENSCJAG00000057144,
ENSCJAG00000041750,LRRC2
ENSCJAG00000016514,ARHGAP19
ENSCJAG00000013874,CDK3
ENSCJAG00000026983,SNORA4
ENSCJAG00000080126,
ENSCJAG00000085584,
ENSCJAG00000029935,cja-mir-875
ENSCJAG00000078317,
ENSCJAG00000083556,U7
ENSCJAG00000084565,
ENSCJAG00000084593,Metazoa_SRP
ENSCJAG00000071942,Metazoa_SRP
ENSCJAG00000075029,Metazoa_SRP
ENSCJAG00000006929,PARP16
ENSCJAG00000016256,
ENSCJAG00000021963,
ENSCJAG00000013213,DBX2
ENSCJAG00000086848,
ENSCJAG00000076615,
ENSCJAG00000070012,Y_RNA
ENSCJAG00000001821,SLC12A1
ENSCJAG00000082627,U4
ENSCJAG00000070587,5S_rRNA
ENSCJAG00000083833,Metazoa_SRP
ENSCJAG00000007286,MYT1L
ENSCJAG00000076817,INPP5A
ENSCJAG00000073483,
ENSCJAG00000080711,Metazoa_SRP
ENSCJAG00000085424,IL1RN
ENSCJAG00000056603,
ENSCJAG00000085864,Metazoa_SRP
ENSCJAG00000019636,PRDX3
ENSCJAG00000074062,U6
ENSCJAG00000079681,
ENSCJAG00000022523,OR10V1
ENSCJAG00000011292,WEE1
ENSCJAG00000014480,RFC4
ENSCJAG00000037684,Metazoa_SRP
ENSCJAG00000010847,TASOR
ENSCJAG00000004070,ARMH1
ENSCJAG00000056463,U7
ENSCJAG00000009729,TRAF3
ENSCJAG00000078367,
ENSCJAG00000015424,RPS3
ENSCJAG00000078710,Metazoa_SRP
ENSCJAG00000010885,CATIP
ENSCJAG00000005222,MINPP1
ENSCJAG00000019526,MTHFD1
ENSCJAG00000008358,EAF2
ENSCJAG00000045221,U6
ENSCJAG00000002734,USP44
ENSCJAG00000049802,
ENSCJAG00000020260,NUP160
ENSCJAG00000047109,MFSD14A
ENSCJAG00000081731,Metazoa_SRP
ENSCJAG00000007780,FER1L5
ENSCJAG00000044868,ANTXRL
ENSCJAG00000077442,
ENSCJAG00000071993,SNORA24B
ENSCJAG00000085840,
ENSCJAG00000073670,Y_RNA
ENSCJAG00000020878,MEP1B
ENSCJAG00000012509,PURG
ENSCJAG00000027961,
ENSCJAG00000080655,
ENSCJAG00000074733,
ENSCJAG00000077458,U5
ENSCJAG00000074932,
ENSCJAG00000070437,U5
ENSCJAG00000059066,TDGF1
ENSCJAG00000029852,U3
ENSCJAG00000052360,
ENSCJAG00000020463,SIGIRR
ENSCJAG00000000876,COX6A2
ENSCJAG00000081473,
ENSCJAG00000047509,Metazoa_SRP
ENSCJAG00000069813,U5
ENSCJAG00000074592,U5
ENSCJAG00000019238,ERGIC1
ENSCJAG00000007897,NFE2L3
ENSCJAG00000000610,CMSS1
ENSCJAG00000074424,SNORA70
ENSCJAG00000077108,U6
ENSCJAG00000015946,ARHGEF17
ENSCJAG00000005091,CD163L1
ENSCJAG00000020859,DISP2
ENSCJAG00000072093,
ENSCJAG00000085863,
ENSCJAG00000082564,
ENSCJAG00000080957,Metazoa_SRP
ENSCJAG00000004974,IFT57
ENSCJAG00000024674,
ENSCJAG00000083157,Metazoa_SRP
ENSCJAG00000010901,SLC11A1
ENSCJAG00000071315,
ENSCJAG00000015627,OSR2
ENSCJAG00000046633,GPN1
ENSCJAG00000038216,SYT13
ENSCJAG00000013819,EVPL
ENSCJAG00000076256,U6
ENSCJAG00000085451,
ENSCJAG00000048406,Metazoa_SRP
ENSCJAG00000071559,U4
ENSCJAG00000081912,
ENSCJAG00000021421,CPSF1
ENSCJAG00000061643,Metazoa_SRP
ENSCJAG00000006460,APLF
ENSCJAG00000080039,
ENSCJAG00000077860,Metazoa_SRP
ENSCJAG00000002709,NTN4
ENSCJAG00000003707,HEATR5B
ENSCJAG00000076115,
ENSCJAG00000046151,
ENSCJAG00000001929,ME2
ENSCJAG00000075167,FAM240A
ENSCJAG00000055281,ADIPOQ
ENSCJAG00000006940,IGDCC3
ENSCJAG00000073378,Metazoa_SRP
ENSCJAG00000076168,
ENSCJAG00000053622,U6
ENSCJAG00000004086,KIF2C
ENSCJAG00000031579,
ENSCJAG00000082626,
ENSCJAG00000019648,GRK5
ENSCJAG00000073304,
ENSCJAG00000079199,
ENSCJAG00000086058,
ENSCJAG00000034950,U6
ENSCJAG00000021003,CDIN1
ENSCJAG00000087067,
ENSCJAG00000042089,
ENSCJAG00000040341,SNORD15
ENSCJAG00000084987,Metazoa_SRP
ENSCJAG00000085818,
ENSCJAG00000019778,CORO7
ENSCJAG00000083967,
ENSCJAG00000000862,ARMC5
ENSCJAG00000044519,ZNF740
ENSCJAG00000078041,
ENSCJAG00000017832,NOLC1
ENSCJAG00000020233,ABCB8
ENSCJAG00000008369,IQCB1
ENSCJAG00000075073,U6
ENSCJAG00000027938,SNORD15
ENSCJAG00000044636,
ENSCJAG00000001015,POLR3A
ENSCJAG00000016262,STX3
ENSCJAG00000064006,Y_RNA
ENSCJAG00000071439,
ENSCJAG00000076806,
ENSCJAG00000065290,MRPL51
ENSCJAG00000011252,SWAP70
ENSCJAG00000083168,Metazoa_SRP
ENSCJAG00000010137,NKX6-2
ENSCJAG00000027380,cja-mir-148a
ENSCJAG00000016291,PNN
ENSCJAG00000072627,
ENSCJAG00000085482,
ENSCJAG00000012554,NME8
ENSCJAG00000003281,AMN
ENSCJAG00000064010,HHLA2
ENSCJAG00000069891,
ENSCJAG00000057600,
ENSCJAG00000044937,ST6GAL1
ENSCJAG00000075258,U4
ENSCJAG00000072806,
ENSCJAG00000008101,ANXA8L1
ENSCJAG00000010002,CUL1
ENSCJAG00000002224,PIAS1
ENSCJAG00000086873,U6
ENSCJAG00000059762,
ENSCJAG00000041730,GAREM
ENSCJAG00000076357,
ENSCJAG00000060614,
ENSCJAG00000007561,NCAPD2
ENSCJAG00000008953,SREBF1
ENSCJAG00000070941,Metazoa_SRP
ENSCJAG00000082742,Y_RNA
ENSCJAG00000043884,U6
ENSCJAG00000074031,
ENSCJAG00000043801,
ENSCJAG00000014134,HPX
ENSCJAG00000080823,
ENSCJAG00000058491,FRAT1
ENSCJAG00000075494,
ENSCJAG00000082576,Metazoa_SRP
ENSCJAG00000082055,
ENSCJAG00000050447,
ENSCJAG00000008827,MYOF
ENSCJAG00000051805,
ENSCJAG00000061527,
ENSCJAG00000004197,RPS8
ENSCJAG00000006285,ANO3
ENSCJAG00000002182,ALS2CL
ENSCJAG00000074535,
ENSCJAG00000080034,U6
ENSCJAG00000083062,
ENSCJAG00000020860,PHGR1
ENSCJAG00000084447,
ENSCJAG00000065826,
ENSCJAG00000040449,Y_RNA
ENSCJAG00000078768,U4
ENSCJAG00000047151,CHORDC1
ENSCJAG00000069713,U7
ENSCJAG00000086982,
ENSCJAG00000080273,
ENSCJAG00000013508,NUFIP2
ENSCJAG00000083333,
ENSCJAG00000044928,U7
ENSCJAG00000005009,MYH15
ENSCJAG00000013912,PSD4
ENSCJAG00000079228,ELOVL3
ENSCJAG00000085668,Metazoa_SRP
ENSCJAG00000080532,
ENSCJAG00000059072,
ENSCJAG00000059845,
ENSCJAG00000081907,SNORD39
ENSCJAG00000086734,RPL39L
ENSCJAG00000027346,U6
ENSCJAG00000005236,PAPSS2
ENSCJAG00000010091,
ENSCJAG00000071338,
ENSCJAG00000072162,SCN4B
ENSCJAG00000024761,SNORD46
ENSCJAG00000057421,
ENSCJAG00000006473,FBXO48
ENSCJAG00000080191,
ENSCJAG00000002705,SNRPF
ENSCJAG00000071889,U6
ENSCJAG00000004098,MST1
ENSCJAG00000061618,
ENSCJAG00000046094,Metazoa_SRP
ENSCJAG00000057063,
ENSCJAG00000077500,Y_RNA
ENSCJAG00000048319,U6
ENSCJAG00000052734,
ENSCJAG00000017858,PITX3
ENSCJAG00000071856,Metazoa_SRP
ENSCJAG00000000840,TGFB1I1
ENSCJAG00000020891,KLHL14
ENSCJAG00000020861,CCDC9B
ENSCJAG00000051660,SNORD38A
ENSCJAG00000018351,CSAD
ENSCJAG00000087260,
ENSCJAG00000043183,Metazoa_SRP
ENSCJAG00000002066,MANEAL
ENSCJAG00000083111,U6
ENSCJAG00000011159,LINGO1
ENSCJAG00000012637,EPC2
ENSCJAG00000074316,Metazoa_SRP
ENSCJAG00000075756,
ENSCJAG00000079475,
ENSCJAG00000086307,SNORD38B
ENSCJAG00000077545,
ENSCJAG00000014551,
ENSCJAG00000003298,CDC42BPB
ENSCJAG00000079620,Y_RNA
ENSCJAG00000008943,MCM2
ENSCJAG00000084549,
ENSCJAG00000072392,
ENSCJAG00000074774,Metazoa_SRP
ENSCJAG00000014089,TRIM3
ENSCJAG00000070406,Metazoa_SRP
ENSCJAG00000008408,GOLGB1
ENSCJAG00000063249,cja-mir-9957-1
ENSCJAG00000006912,ANK3
ENSCJAG00000085051,Metazoa_SRP
ENSCJAG00000010950,VIL1
ENSCJAG00000077846,
ENSCJAG00000009308,ZBTB42
ENSCJAG00000018974,NCKAP1L
ENSCJAG00000000617,FILIP1L
ENSCJAG00000071952,
ENSCJAG00000086653,
ENSCJAG00000053133,
ENSCJAG00000004212,BEST4
ENSCJAG00000086292,
ENSCJAG00000073606,
ENSCJAG00000017861,GBF1
ENSCJAG00000077678,
ENSCJAG00000011537,CHST1
ENSCJAG00000080624,
ENSCJAG00000013215,NELL2
ENSCJAG00000055058,
ENSCJAG00000083932,
ENSCJAG00000002685,CCDC38
ENSCJAG00000083222,OTX1
ENSCJAG00000075759,
ENSCJAG00000082912,RTP1
ENSCJAG00000020467,PKP3
ENSCJAG00000035038,U3
ENSCJAG00000012511,WRN
ENSCJAG00000082833,
ENSCJAG00000045158,Metazoa_SRP
ENSCJAG00000074255,SCN2B
ENSCJAG00000069182,
ENSCJAG00000022091,P2RY6
ENSCJAG00000020595,PTPRJ
ENSCJAG00000082035,U6
ENSCJAG00000087151,
ENSCJAG00000069797,Metazoa_SRP
ENSCJAG00000005153,DDX11
ENSCJAG00000015654,HMBOX1
ENSCJAG00000013501,CRYBA1
ENSCJAG00000080822,ADGRA1
ENSCJAG00000006477,PLEK
ENSCJAG00000036554,Metazoa_SRP
ENSCJAG00000002052,CEP170B
ENSCJAG00000011131,HMG20A
ENSCJAG00000020424,MINDY2
ENSCJAG00000069938,SFRP4
ENSCJAG00000083656,
ENSCJAG00000074596,LSM6
ENSCJAG00000009422,NUCB2
ENSCJAG00000048452,INAFM2
ENSCJAG00000040060,
ENSCJAG00000024163,SCARNA10
ENSCJAG00000037713,U6
ENSCJAG00000084151,
ENSCJAG00000080014,Metazoa_SRP
ENSCJAG00000011547,SLC35C1
ENSCJAG00000002672,AMDHD1
ENSCJAG00000002078,YRDC
ENSCJAG00000016306,MRPL16
ENSCJAG00000084957,
ENSCJAG00000006951,IGDCC4
ENSCJAG00000074004,U6
ENSCJAG00000013738,SRP68
ENSCJAG00000083797,
ENSCJAG00000009177,CCDC121
ENSCJAG00000086726,5S_rRNA
ENSCJAG00000081115,Metazoa_SRP
ENSCJAG00000084198,
ENSCJAG00000013889,PAX8
ENSCJAG00000080410,Y_RNA
ENSCJAG00000013130,JAML
ENSCJAG00000038009,Metazoa_SRP
ENSCJAG00000015437,IL5RA
ENSCJAG00000078268,
ENSCJAG00000062803,AMIGO3
ENSCJAG00000004232,PLK3
ENSCJAG00000016549,RRP12
ENSCJAG00000076631,Metazoa_SRP
ENSCJAG00000019675,RGS10
ENSCJAG00000084945,Metazoa_SRP
ENSCJAG00000011585,CARS1
ENSCJAG00000086533,U7
ENSCJAG00000084426,
ENSCJAG00000081541,
ENSCJAG00000037338,
ENSCJAG00000008234,GAPDH
ENSCJAG00000056506,
ENSCJAG00000085760,Metazoa_SRP
ENSCJAG00000016313,CBLIF
ENSCJAG00000063877,Metazoa_SRP
ENSCJAG00000075009,
ENSCJAG00000078134,
ENSCJAG00000074226,Metazoa_SRP
ENSCJAG00000015459,ARRB1
ENSCJAG00000071251,C1orf122
ENSCJAG00000012617,EPDR1
ENSCJAG00000004306,GMPPB
ENSCJAG00000077109,
ENSCJAG00000020902,CCDC178
ENSCJAG00000087229,U4
ENSCJAG00000016105,MIA2
ENSCJAG00000026909,U3
ENSCJAG00000000607,
ENSCJAG00000075320,
ENSCJAG00000004590,NAPG
ENSCJAG00000011124,PEAK1
ENSCJAG00000014429,MASP1
ENSCJAG00000021006,DPH6
ENSCJAG00000011551,CRY2
ENSCJAG00000078222,
ENSCJAG00000079162,
ENSCJAG00000062038,Metazoa_SRP
ENSCJAG00000062172,DYNLT4
ENSCJAG00000083640,U7
ENSCJAG00000003643,STRN
ENSCJAG00000017928,NFKB2
ENSCJAG00000008960,TPRA1
ENSCJAG00000009180,ZNF512
ENSCJAG00000002097,MTF1
ENSCJAG00000079396,
ENSCJAG00000070165,
ENSCJAG00000028958,SNORA74
ENSCJAG00000008451,HCLS1
ENSCJAG00000081501,
ENSCJAG00000041277,MRO
ENSCJAG00000020865,PLCB2
ENSCJAG00000007888,NPVF
ENSCJAG00000016320,TCN1
ENSCJAG00000004332,IP6K1
ENSCJAG00000002643,HAL
ENSCJAG00000077346,U4
ENSCJAG00000002243,CALML4
ENSCJAG00000004296,BTBD19
ENSCJAG00000081950,
ENSCJAG00000081078,
ENSCJAG00000014059,ARFIP2
ENSCJAG00000079564,
ENSCJAG00000080097,
ENSCJAG00000076333,
ENSCJAG00000079449,
ENSCJAG00000015597,STK3
ENSCJAG00000020395,SLTM
ENSCJAG00000072533,
ENSCJAG00000055015,Y_RNA
ENSCJAG00000044368,
ENSCJAG00000074266,Metazoa_SRP
ENSCJAG00000085060,
ENSCJAG00000082550,
ENSCJAG00000044825,OR4B1
ENSCJAG00000004048,SASS6
ENSCJAG00000014105,PCM1
ENSCJAG00000075815,Metazoa_SRP
ENSCJAG00000036040,Metazoa_SRP
ENSCJAG00000061556,
ENSCJAG00000054270,
ENSCJAG00000066502,
ENSCJAG00000034586,
ENSCJAG00000013157,MPZL3
ENSCJAG00000056161,
ENSCJAG00000008586,EHBP1
ENSCJAG00000014990,FCHSD2
ENSCJAG00000075142,
ENSCJAG00000022697,OR4X2
ENSCJAG00000011087,TSPAN3
ENSCJAG00000005845,EIF3M
ENSCJAG00000017941,PSD
ENSCJAG00000015858,GAL
ENSCJAG00000020472,B4GALNT4
ENSCJAG00000081963,5S_rRNA
ENSCJAG00000009992,C7orf33
ENSCJAG00000012312,KNDC1
ENSCJAG00000067826,OOSP1
ENSCJAG00000063137,SPMIP4
ENSCJAG00000072889,
ENSCJAG00000009237,
ENSCJAG00000075267,Metazoa_SRP
ENSCJAG00000087218,Metazoa_SRP
ENSCJAG00000072754,
ENSCJAG00000076724,APCDD1
ENSCJAG00000081025,
ENSCJAG00000054104,
ENSCJAG00000019193,CREBRF
ENSCJAG00000001267,SPPL2A
ENSCJAG00000027014,cja-mir-26b
ENSCJAG00000071028,GLIS2
ENSCJAG00000084705,
ENSCJAG00000037676,IFFO1
ENSCJAG00000018319,SOAT2
ENSCJAG00000075036,
ENSCJAG00000067272,
ENSCJAG00000084372,
ENSCJAG00000072366,Metazoa_SRP
ENSCJAG00000000834,SLC5A2
ENSCJAG00000083223,
ENSCJAG00000022696,
ENSCJAG00000005069,CIP2A
ENSCJAG00000069442,OOSP4A
ENSCJAG00000020219,ATG9B
ENSCJAG00000032913,U5
ENSCJAG00000077089,Metazoa_SRP
ENSCJAG00000039273,Metazoa_SRP
ENSCJAG00000007901,LMAN2L
ENSCJAG00000005296,ATAD1
ENSCJAG00000034833,U3
ENSCJAG00000013809,GALR2
ENSCJAG00000075890,U4
ENSCJAG00000004354,CDHR4
ENSCJAG00000078856,Y_RNA
ENSCJAG00000079169,
ENSCJAG00000061975,
ENSCJAG00000023281,
ENSCJAG00000019682,TIAL1
ENSCJAG00000040400,STARD3NL
ENSCJAG00000002039,PLD4
ENSCJAG00000058478,U6
ENSCJAG00000015860,TESMIN
ENSCJAG00000041034,PRR20G
ENSCJAG00000038586,SPRING1
ENSCJAG00000039706,CNRIP1
ENSCJAG00000009228,OR4C3
ENSCJAG00000037501,Metazoa_SRP
ENSCJAG00000000594,TBC1D23
ENSCJAG00000074141,
ENSCJAG00000000859,NAALAD2
ENSCJAG00000068571,U7
ENSCJAG00000065230,
ENSCJAG00000059224,VASN
ENSCJAG00000061682,
ENSCJAG00000078655,Y_RNA
ENSCJAG00000015614,INTS9
ENSCJAG00000004303,PTCH2
ENSCJAG00000017990,FBXL15
ENSCJAG00000086265,
ENSCJAG00000012594,MBD5
ENSCJAG00000074356,CYCS
ENSCJAG00000084073,U6
ENSCJAG00000075406,
ENSCJAG00000048022,KCNJ11
ENSCJAG00000072257,
ENSCJAG00000008837,
ENSCJAG00000009222,
ENSCJAG00000013734,ZACN
ENSCJAG00000059110,
ENSCJAG00000026949,SNORA70
ENSCJAG00000003012,ZNF106
ENSCJAG00000042676,Metazoa_SRP
ENSCJAG00000002595,LTA4H
ENSCJAG00000007314,CPNE6
ENSCJAG00000031467,U6
ENSCJAG00000045659,
ENSCJAG00000022924,PRR23E
ENSCJAG00000011571,MAPK8IP1
ENSCJAG00000001813,DUT
ENSCJAG00000010983,USP37
ENSCJAG00000061153,
ENSCJAG00000070706,Metazoa_SRP
ENSCJAG00000040670,OOSP2
ENSCJAG00000079368,Metazoa_SRP
ENSCJAG00000015338,RGR
ENSCJAG00000002217,TMIE
ENSCJAG00000041678,Metazoa_SRP
ENSCJAG00000066513,
ENSCJAG00000021412,ADCK5
ENSCJAG00000072844,
ENSCJAG00000000899,GCKR
ENSCJAG00000071449,
ENSCJAG00000028135,U4
ENSCJAG00000021013,ZNF770
ENSCJAG00000009220,OR4C12
ENSCJAG00000083635,
ENSCJAG00000047921,
ENSCJAG00000015466,TRNT1
ENSCJAG00000020373,RNF111
ENSCJAG00000018968,GTSF1
ENSCJAG00000045054,Metazoa_SRP
ENSCJAG00000001910,SMAD4
ENSCJAG00000065966,CUEDC2
ENSCJAG00000075876,
ENSCJAG00000073447,
ENSCJAG00000005803,CCDC73
ENSCJAG00000077077,
ENSCJAG00000013358,MYO18A
ENSCJAG00000084116,OR4C46
ENSCJAG00000074107,
ENSCJAG00000006987,DPP8
ENSCJAG00000019815,DNAJA3
ENSCJAG00000053363,MPZL2
ENSCJAG00000002220,PRSS50
ENSCJAG00000009540,RNFT2
ENSCJAG00000081439,
ENSCJAG00000003620,VIT
ENSCJAG00000002250,CLN6
ENSCJAG00000048188,LBHD2
ENSCJAG00000015949,THUMPD3
ENSCJAG00000020179,NOS3
ENSCJAG00000015350,LRIT1
ENSCJAG00000015871,CPT1A
ENSCJAG00000018309,IGFBP6
ENSCJAG00000085085,OR4C13
ENSCJAG00000005143,DZIP3
ENSCJAG00000016335,MS4A3
ENSCJAG00000077355,
ENSCJAG00000019186,BNIP1
ENSCJAG00000025783,cja-mir-146b
ENSCJAG00000038358,
ENSCJAG00000006359,MUC15
ENSCJAG00000072086,OR4A5
ENSCJAG00000004552,VAPA
ENSCJAG00000000816,RUSF1
ENSCJAG00000014427,RTP4
ENSCJAG00000008508,POLQ
ENSCJAG00000004386,EIF2B3
ENSCJAG00000020922,ASXL3
ENSCJAG00000021021,AQR
ENSCJAG00000017071,EXOC3L4
ENSCJAG00000011377,PLXNA1
ENSCJAG00000009965,CNTNAP2
ENSCJAG00000075443,
ENSCJAG00000040914,
ENSCJAG00000026022,
ENSCJAG00000071562,
ENSCJAG00000007949,CNNM4
ENSCJAG00000079012,
ENSCJAG00000041838,IL2RA
ENSCJAG00000056097,LRIT2
ENSCJAG00000073590,TIMM10B
ENSCJAG00000081130,
ENSCJAG00000084147,
ENSCJAG00000082787,Metazoa_SRP
ENSCJAG00000022968,
ENSCJAG00000078338,Metazoa_SRP
ENSCJAG00000076909,
ENSCJAG00000011591,FREY1
ENSCJAG00000018006,MFSD13A
ENSCJAG00000002232,
ENSCJAG00000078291,
ENSCJAG00000080156,
ENSCJAG00000006498,PPP3R1
ENSCJAG00000059975,
ENSCJAG00000013183,CD3E
ENSCJAG00000007746,OSBPL3
ENSCJAG00000023299,MTAP
ENSCJAG00000008947,RAI1
ENSCJAG00000086838,
ENSCJAG00000081651,
ENSCJAG00000076977,
ENSCJAG00000070409,Metazoa_SRP
ENSCJAG00000041502,Metazoa_SRP
ENSCJAG00000045663,
ENSCJAG00000033299,CEP55
ENSCJAG00000018286,SPRYD3
ENSCJAG00000011147,SBF2
ENSCJAG00000080096,Metazoa_SRP
ENSCJAG00000074385,
ENSCJAG00000075787,U1
ENSCJAG00000086589,
ENSCJAG00000017086,TNFAIP2
ENSCJAG00000079967,
ENSCJAG00000059824,AKAP5
ENSCJAG00000073293,
ENSCJAG00000079247,
ENSCJAG00000085013,
ENSCJAG00000069642,U6
ENSCJAG00000084093,
ENSCJAG00000078879,
ENSCJAG00000069509,
ENSCJAG00000011058,PSTPIP1
ENSCJAG00000071238,
ENSCJAG00000077237,
ENSCJAG00000016336,MS4A2
ENSCJAG00000015479,CRBN
ENSCJAG00000033995,
ENSCJAG00000068805,
ENSCJAG00000043990,MYL3
ENSCJAG00000011594,PEX16
ENSCJAG00000006336,SLC5A12
ENSCJAG00000082042,
ENSCJAG00000038480,HRK
ENSCJAG00000083900,
ENSCJAG00000078127,NKX2-5
ENSCJAG00000019576,ZBTB25
ENSCJAG00000014415,SST
ENSCJAG00000077319,IFITM1
ENSCJAG00000012635,
ENSCJAG00000067696,
ENSCJAG00000075506,OR4A15
ENSCJAG00000069648,Y_RNA
ENSCJAG00000013875,
ENSCJAG00000058813,U6
ENSCJAG00000077705,Metazoa_SRP
ENSCJAG00000064109,cja-mir-548m
ENSCJAG00000047995,CCNB2
ENSCJAG00000063606,
ENSCJAG00000074710,
ENSCJAG00000015959,SETD5
ENSCJAG00000044374,
ENSCJAG00000080295,Metazoa_SRP
ENSCJAG00000005234,
ENSCJAG00000086412,
ENSCJAG00000074362,Metazoa_SRP
ENSCJAG00000001925,ELAC1
ENSCJAG00000053047,Metazoa_SRP
ENSCJAG00000018921,ITGA5
ENSCJAG00000086783,OR4C16
ENSCJAG00000069022,PGAM1
ENSCJAG00000039331,ANKRD63
ENSCJAG00000048294,C10orf95
ENSCJAG00000012561,ORC4
ENSCJAG00000072745,Metazoa_SRP
ENSCJAG00000073327,
ENSCJAG00000014409,RTP2
ENSCJAG00000015881,MRPL21
ENSCJAG00000071470,Metazoa_SRP
ENSCJAG00000019591,ZBTB1
ENSCJAG00000075179,OR4C11
ENSCJAG00000075352,
ENSCJAG00000071553,
ENSCJAG00000075820,U6
ENSCJAG00000069561,
ENSCJAG00000019189,SEC23IP
ENSCJAG00000045289,RNLS
ENSCJAG00000080332,Y_RNA
ENSCJAG00000009513,FBXW8
ENSCJAG00000044426,Metazoa_SRP
ENSCJAG00000020928,NOL4
ENSCJAG00000058149,
ENSCJAG00000082416,
ENSCJAG00000023219,NRL
ENSCJAG00000072800,U4
ENSCJAG00000071038,Metazoa_SRP
ENSCJAG00000077046,
ENSCJAG00000072664,Metazoa_SRP
ENSCJAG00000009200,
ENSCJAG00000076784,
ENSCJAG00000078307,
ENSCJAG00000070103,U4
ENSCJAG00000071557,
ENSCJAG00000009157,FFAR4
ENSCJAG00000020567,IL15RA
ENSCJAG00000058503,
ENSCJAG00000013205,CD3D
ENSCJAG00000069687,Metazoa_SRP
ENSCJAG00000070260,
ENSCJAG00000037465,Metazoa_SRP
ENSCJAG00000077489,
ENSCJAG00000074378,Metazoa_SRP
ENSCJAG00000018011,ACTR1A
ENSCJAG00000085038,TXNDC2
ENSCJAG00000035444,U6
ENSCJAG00000084607,CDHR1
ENSCJAG00000071387,Metazoa_SRP
ENSCJAG00000033850,
ENSCJAG00000042264,HSPA2
ENSCJAG00000073521,
ENSCJAG00000086072,
ENSCJAG00000014994,ATG16L2
ENSCJAG00000081973,
ENSCJAG00000071131,
ENSCJAG00000078146,
ENSCJAG00000044095,OR4S2
ENSCJAG00000083840,Metazoa_SRP
ENSCJAG00000004440,HECTD3
ENSCJAG00000078830,
ENSCJAG00000047227,
ENSCJAG00000020882,PAK6
ENSCJAG00000002254,PTH1R
ENSCJAG00000080475,
ENSCJAG00000008507,ARGFX
ENSCJAG00000009368,ABCC8
ENSCJAG00000083098,
ENSCJAG00000070490,
ENSCJAG00000014375,BCL6
ENSCJAG00000000200,TRMT13
ENSCJAG00000077580,
ENSCJAG00000073916,OR4C6
ENSCJAG00000039290,IFITM5
ENSCJAG00000013685,EXOC7
ENSCJAG00000054466,STC2
ENSCJAG00000046160,
ENSCJAG00000017104,EIF5
ENSCJAG00000015887,IGHMBP2
ENSCJAG00000025546,U4
ENSCJAG00000082127,Y_RNA
ENSCJAG00000019603,PPP1R36
ENSCJAG00000048382,RAB31
ENSCJAG00000006265,BBOX1
ENSCJAG00000016355,MS4A6A
ENSCJAG00000007642,ARHGAP21
ENSCJAG00000008179,NOP2
ENSCJAG00000002592,ELK3
ENSCJAG00000083336,
ENSCJAG00000014012,RRP8
ENSCJAG00000000830,
ENSCJAG00000067587,
ENSCJAG00000008932,PEMT
ENSCJAG00000071888,
ENSCJAG00000082913,Metazoa_SRP
ENSCJAG00000041158,
ENSCJAG00000005754,QSER1
ENSCJAG00000000814,AHSP
ENSCJAG00000016586,EXOSC1
ENSCJAG00000011079,CNOT9
ENSCJAG00000011627,LARGE2
ENSCJAG00000015598,EXTL3
ENSCJAG00000071934,Metazoa_SRP
ENSCJAG00000072158,MEX3C
ENSCJAG00000005071,UTF1
ENSCJAG00000080377,U6
ENSCJAG00000072545,
ENSCJAG00000067500,Metazoa_SRP
ENSCJAG00000058668,
ENSCJAG00000085465,
ENSCJAG00000078956,
ENSCJAG00000038865,Metazoa_SRP
ENSCJAG00000083209,Y_RNA
ENSCJAG00000005515,PGGHG
ENSCJAG00000004364,INKA1
ENSCJAG00000007267,PCK2
ENSCJAG00000079139,
ENSCJAG00000045816,
ENSCJAG00000005360,LIPF
ENSCJAG00000069945,
ENSCJAG00000082519,
ENSCJAG00000086033,
ENSCJAG00000028724,cja-mir-202
ENSCJAG00000073967,
ENSCJAG00000020390,MCMBP
ENSCJAG00000043524,STARD10
ENSCJAG00000074396,
ENSCJAG00000080646,
ENSCJAG00000077020,
ENSCJAG00000067358,
ENSCJAG00000000824,
ENSCJAG00000022692,OR5D14
ENSCJAG00000085285,
ENSCJAG00000003610,FEZ2
ENSCJAG00000012658,AMPH
ENSCJAG00000015508,SETMAR
ENSCJAG00000045072,FNDC4
ENSCJAG00000077591,U6
ENSCJAG00000076064,U6
ENSCJAG00000019832,NMRAL1
ENSCJAG00000004368,UBA7
ENSCJAG00000076308,U3
ENSCJAG00000079890,
ENSCJAG00000072529,
ENSCJAG00000040739,
ENSCJAG00000034876,U6
ENSCJAG00000075502,OR5L1
ENSCJAG00000006253,CCDC34
ENSCJAG00000085117,U6
ENSCJAG00000076956,
ENSCJAG00000045971,KCNS2
ENSCJAG00000009170,RBP4
ENSCJAG00000031971,BOD1
ENSCJAG00000076158,
ENSCJAG00000043106,CD3G
ENSCJAG00000083599,U1
ENSCJAG00000002264,FEM1B
ENSCJAG00000055719,Metazoa_SRP
ENSCJAG00000082516,Metazoa_SRP
ENSCJAG00000076581,Metazoa_SRP
ENSCJAG00000044664,OR5D18
ENSCJAG00000079344,
ENSCJAG00000043941,SLC52A2
ENSCJAG00000075420,
ENSCJAG00000059627,
ENSCJAG00000002280,
ENSCJAG00000015894,
ENSCJAG00000001047,
ENSCJAG00000082591,
ENSCJAG00000070468,
ENSCJAG00000057510,
ENSCJAG00000012496,ACVR2A
ENSCJAG00000074795,
ENSCJAG00000061295,
ENSCJAG00000085398,
ENSCJAG00000087379,
ENSCJAG00000041964,
ENSCJAG00000005581,NLRP6
ENSCJAG00000071054,U6
ENSCJAG00000061233,
ENSCJAG00000073144,
ENSCJAG00000001153,LIMS1
ENSCJAG00000020150,KCNH2
ENSCJAG00000082457,Y_RNA
ENSCJAG00000000817,UBTFL1
ENSCJAG00000043563,RASD1
ENSCJAG00000081568,
ENSCJAG00000006564,PNO1
ENSCJAG00000065644,
ENSCJAG00000083205,
ENSCJAG00000078885,Y_RNA
ENSCJAG00000079141,MRGPRF
ENSCJAG00000002538,CDK17
ENSCJAG00000047060,
ENSCJAG00000008529,STXBP5L
ENSCJAG00000009179,OR5D16
ENSCJAG00000071647,
ENSCJAG00000073001,
ENSCJAG00000083076,Metazoa_SRP
ENSCJAG00000077717,
ENSCJAG00000083481,
ENSCJAG00000071485,
ENSCJAG00000018029,SUFU
ENSCJAG00000020531,FBH1
ENSCJAG00000073057,
ENSCJAG00000015561,FZD3
ENSCJAG00000001217,AP4E1
ENSCJAG00000081903,
ENSCJAG00000067118,Metazoa_SRP
ENSCJAG00000067397,cja-mir-9938
ENSCJAG00000082145,
ENSCJAG00000080742,
ENSCJAG00000081884,
ENSCJAG00000087359,Metazoa_SRP
ENSCJAG00000082491,
ENSCJAG00000068521,
ENSCJAG00000071865,
ENSCJAG00000022691,OR5W2
ENSCJAG00000008916,MED9
ENSCJAG00000082936,
ENSCJAG00000013223,UBE4A
ENSCJAG00000075639,
ENSCJAG00000043061,IFT172
ENSCJAG00000070183,
ENSCJAG00000019834,HMOX2
ENSCJAG00000004415,TRAIP
ENSCJAG00000077060,Metazoa_SRP
ENSCJAG00000071208,
ENSCJAG00000016096,FBXO33
ENSCJAG00000005403,LIPK
ENSCJAG00000015516,SUMF1
ENSCJAG00000070264,
ENSCJAG00000072135,AHNAK2
ENSCJAG00000080146,
ENSCJAG00000022690,OR5I1
ENSCJAG00000072535,5S_rRNA
ENSCJAG00000086282,
ENSCJAG00000054634,ZNF267
ENSCJAG00000058211,
ENSCJAG00000075967,
ENSCJAG00000072448,
ENSCJAG00000059289,
ENSCJAG00000031433,NT5M
ENSCJAG00000075227,Metazoa_SRP
ENSCJAG00000045405,
ENSCJAG00000078177,
ENSCJAG00000016376,MS4A4A
ENSCJAG00000072022,
ENSCJAG00000020142,TRAT1
ENSCJAG00000002994,SNAP23
ENSCJAG00000015570,PDE6C
ENSCJAG00000074665,
ENSCJAG00000007975,ANKRD23
ENSCJAG00000011355,CHCHD6
ENSCJAG00000019611,PLEKHG3
ENSCJAG00000008114,CHD4
ENSCJAG00000001735,FBN1
ENSCJAG00000071815,
ENSCJAG00000005082,TUBGCP2
ENSCJAG00000042759,FBXL6
ENSCJAG00000002269,ITGA11
ENSCJAG00000021047,ACTC1
ENSCJAG00000079668,Metazoa_SRP
ENSCJAG00000044589,DNAAF10
ENSCJAG00000042981,ATP5MG
ENSCJAG00000080200,U6
ENSCJAG00000084840,
ENSCJAG00000008551,IGKV5-2
ENSCJAG00000086140,U6
ENSCJAG00000081003,
ENSCJAG00000077902,
ENSCJAG00000022689,OR5F1
ENSCJAG00000071759,Metazoa_SRP
ENSCJAG00000002480,EEIG2
ENSCJAG00000018241,TNS2
ENSCJAG00000019837,CDIP1
ENSCJAG00000081358,CLBA1
ENSCJAG00000005432,LIPN
ENSCJAG00000005613,PSMD13
ENSCJAG00000080770,
ENSCJAG00000036373,BUB1B
ENSCJAG00000008879,
ENSCJAG00000079122,U6
ENSCJAG00000059629,IGKV4-1
ENSCJAG00000009509,FBXO21
ENSCJAG00000074163,OR5AS1
ENSCJAG00000025803,U4
ENSCJAG00000083884,RCN2
ENSCJAG00000038890,PLCD4
ENSCJAG00000071140,
ENSCJAG00000000590,NIT2
ENSCJAG00000082992,U1
ENSCJAG00000078178,Y_RNA
ENSCJAG00000024609,U1
ENSCJAG00000006208,LGR4
ENSCJAG00000087234,5S_rRNA
ENSCJAG00000034320,
ENSCJAG00000000942,KRTCAP3
ENSCJAG00000023604,U3
ENSCJAG00000040562,NIPAL2
ENSCJAG00000004492,UROD
ENSCJAG00000038499,Metazoa_SRP
ENSCJAG00000086656,SNORA20B
ENSCJAG00000002020,CDCA4
ENSCJAG00000080380,U6
ENSCJAG00000087323,
ENSCJAG00000004464,CAMKV
ENSCJAG00000079212,
ENSCJAG00000013968,ILK
ENSCJAG00000015902,TPCN2
ENSCJAG00000038663,MS4A7
ENSCJAG00000046167,Metazoa_SRP
ENSCJAG00000071795,U6
ENSCJAG00000038613,
ENSCJAG00000009173,OR8I2
ENSCJAG00000076102,
ENSCJAG00000078215,
ENSCJAG00000033113,U6
ENSCJAG00000015578,FBXO16
ENSCJAG00000011670,PHF21A
ENSCJAG00000085629,U1
ENSCJAG00000057558,
ENSCJAG00000005332,CD163
ENSCJAG00000011755,GPR132
ENSCJAG00000000784,FOLH1
ENSCJAG00000008523,RPIA
ENSCJAG00000077702,
ENSCJAG00000016605,ZDHHC16
ENSCJAG00000032010,U6
ENSCJAG00000020136,AOC1
ENSCJAG00000086600,OR8H2
ENSCJAG00000021429,TMEM249
ENSCJAG00000077354,Y_RNA
ENSCJAG00000074843,
ENSCJAG00000076345,
ENSCJAG00000082320,GUCA1C
ENSCJAG00000081782,Metazoa_SRP
ENSCJAG00000007214,DCAF11
ENSCJAG00000083007,Y_RNA
ENSCJAG00000086498,U7
ENSCJAG00000020379,INPP5F
ENSCJAG00000018897,ZNF385A
ENSCJAG00000081738,
ENSCJAG00000074379,OR8J3
ENSCJAG00000067910,GJD2
ENSCJAG00000007718,GSDME
ENSCJAG00000002500,CFAP54
ENSCJAG00000002284,NBEAL2
ENSCJAG00000005454,LIPM
ENSCJAG00000081847,
ENSCJAG00000064210,
ENSCJAG00000045250,Metazoa_SRP
ENSCJAG00000083877,U2
ENSCJAG00000014354,LPP
ENSCJAG00000079942,
ENSCJAG00000086234,
ENSCJAG00000019166,CPEB4
ENSCJAG00000070060,
ENSCJAG00000076414,
ENSCJAG00000011564,FGL1
ENSCJAG00000042805,Metazoa_SRP
ENSCJAG00000083088,
ENSCJAG00000078286,
ENSCJAG00000052386,
ENSCJAG00000084761,U6
ENSCJAG00000005688,DEPDC7
ENSCJAG00000086055,U2
ENSCJAG00000020629,TTC39C
ENSCJAG00000072183,
ENSCJAG00000003575,CRIM1
ENSCJAG00000027479,5S_rRNA
ENSCJAG00000001979,MYO1E
ENSCJAG00000084611,
ENSCJAG00000041871,YAE1
ENSCJAG00000076934,
ENSCJAG00000080619,
ENSCJAG00000064641,U2
ENSCJAG00000002991,LRRC57
ENSCJAG00000067911,U6
ENSCJAG00000061387,SCRT1
ENSCJAG00000081740,
ENSCJAG00000045957,Metazoa_SRP
ENSCJAG00000060742,MS4A14
ENSCJAG00000077815,
ENSCJAG00000060865,U3
ENSCJAG00000071566,U6
ENSCJAG00000070905,Metazoa_SRP
ENSCJAG00000085741,
ENSCJAG00000046159,FAM84A
ENSCJAG00000013288,KMT2A
ENSCJAG00000010785,ARL4D
ENSCJAG00000080236,Metazoa_SRP
ENSCJAG00000061579,Y_RNA
ENSCJAG00000011145,ZNF142
ENSCJAG00000020947,DTNA
ENSCJAG00000013333,TMEM117
ENSCJAG00000070787,Y_RNA
ENSCJAG00000077690,Metazoa_SRP
ENSCJAG00000080287,
ENSCJAG00000065800,Metazoa_SRP
ENSCJAG00000083509,U6
ENSCJAG00000036203,OR5T2
ENSCJAG00000027591,U4
ENSCJAG00000035020,U6
ENSCJAG00000077942,
ENSCJAG00000011289,TXNRD3
ENSCJAG00000046022,
ENSCJAG00000000946,NRBP1
ENSCJAG00000078969,
ENSCJAG00000004459,PPP4R1
ENSCJAG00000006589,C1D
ENSCJAG00000082632,U6
ENSCJAG00000083385,
ENSCJAG00000081792,Metazoa_SRP
ENSCJAG00000021408,DGAT1
ENSCJAG00000015567,POP1
ENSCJAG00000020128,TMEM176B
ENSCJAG00000000584,TOMM70A
ENSCJAG00000016411,MS4A5
ENSCJAG00000040497,Metazoa_SRP
ENSCJAG00000075780,U6
ENSCJAG00000040824,UBALD1
ENSCJAG00000009167,OR5T3
ENSCJAG00000011762,JAG2
ENSCJAG00000071569,Metazoa_SRP
ENSCJAG00000065209,TNFAIP8L3
ENSCJAG00000083697,
ENSCJAG00000015574,FRA10AC1
ENSCJAG00000043991,Metazoa_SRP
ENSCJAG00000018057,TRIM8
ENSCJAG00000075351,
ENSCJAG00000046267,TRIB2
ENSCJAG00000081646,U6
ENSCJAG00000009165,OR5T1
ENSCJAG00000084660,U1
ENSCJAG00000081621,U6
ENSCJAG00000044344,HAUS2
ENSCJAG00000060927,LHFPL4
ENSCJAG00000045778,TMEM17
ENSCJAG00000001868,DCC
ENSCJAG00000039772,RALA
ENSCJAG00000073380,
ENSCJAG00000025271,U1
ENSCJAG00000071121,
ENSCJAG00000077240,
ENSCJAG00000005639,SIRT3
ENSCJAG00000084640,
ENSCJAG00000020527,ANKRD16
ENSCJAG00000025691,Y_RNA
ENSCJAG00000007689,PALS2
ENSCJAG00000080319,
ENSCJAG00000083375,
ENSCJAG00000015544,ITPR1
ENSCJAG00000078560,
ENSCJAG00000084378,
ENSCJAG00000005638,TCP11L1
ENSCJAG00000073915,Metazoa_SRP
ENSCJAG00000072066,
ENSCJAG00000044273,Metazoa_SRP
ENSCJAG00000002494,HENMT1
ENSCJAG00000075659,
ENSCJAG00000060361,
ENSCJAG00000038434,MS4A1
ENSCJAG00000027590,MIR326
ENSCJAG00000001188,CYP19A1
ENSCJAG00000052310,ANKRD22
ENSCJAG00000077274,
ENSCJAG00000000579,LNP1
ENSCJAG00000075611,5S_rRNA
ENSCJAG00000039704,Metazoa_SRP
ENSCJAG00000055374,
ENSCJAG00000048147,ZNF248
ENSCJAG00000070045,
ENSCJAG00000008018,SEMA4C
ENSCJAG00000020148,MORC1
ENSCJAG00000083570,
ENSCJAG00000079496,OR8K3
ENSCJAG00000080847,
ENSCJAG00000084208,Metazoa_SRP
ENSCJAG00000071113,
ENSCJAG00000013346,TWF1
ENSCJAG00000077320,U6
ENSCJAG00000070714,
ENSCJAG00000083243,
ENSCJAG00000015038,ARAP1
ENSCJAG00000077034,
ENSCJAG00000082758,
ENSCJAG00000057247,
ENSCJAG00000074514,U6
ENSCJAG00000077120,
ENSCJAG00000040244,ARL3
ENSCJAG00000022087,TPBGL
ENSCJAG00000078748,
ENSCJAG00000080249,
ENSCJAG00000009152,OR8K1
ENSCJAG00000074264,
ENSCJAG00000070007,
ENSCJAG00000083668,
ENSCJAG00000078736,Metazoa_SRP
ENSCJAG00000009941,TPK1
ENSCJAG00000036474,Metazoa_SRP
ENSCJAG00000007610,PRTFDC1
ENSCJAG00000079754,
ENSCJAG00000078676,
ENSCJAG00000077793,Metazoa_SRP
ENSCJAG00000059152,Metazoa_SRP
ENSCJAG00000061562,OR8J1
ENSCJAG00000002430,NEDD1
ENSCJAG00000004544,MST1R
ENSCJAG00000053479,Metazoa_SRP
ENSCJAG00000046682,B3GNT2
ENSCJAG00000057143,
ENSCJAG00000008605,GTF2E1
ENSCJAG00000074119,
ENSCJAG00000021005,
ENSCJAG00000073230,U5
ENSCJAG00000072444,
ENSCJAG00000021431,HSF1
ENSCJAG00000010659,DHX8
ENSCJAG00000021054,ARHGAP11A
ENSCJAG00000078226,U6
ENSCJAG00000035580,U4
ENSCJAG00000084889,
ENSCJAG00000081538,Metazoa_SRP
ENSCJAG00000086115,5S_rRNA
ENSCJAG00000071786,
ENSCJAG00000081002,
ENSCJAG00000009145,OR8U1
ENSCJAG00000011278,C3orf22
ENSCJAG00000028038,SNORD18
ENSCJAG00000008693,COMMD1
ENSCJAG00000011636,NAP1L4
ENSCJAG00000037198,Metazoa_SRP
ENSCJAG00000072833,
ENSCJAG00000075913,
ENSCJAG00000074423,Metazoa_SRP
ENSCJAG00000015560,HRSP12
ENSCJAG00000084037,
ENSCJAG00000010868,SCAPER
ENSCJAG00000018894,GPR84
ENSCJAG00000083896,Metazoa_SRP
ENSCJAG00000084745,
ENSCJAG00000024765,cja-mir-28
ENSCJAG00000001137,GCC2
ENSCJAG00000086958,Metazoa_SRP
ENSCJAG00000011149,BCS1L
ENSCJAG00000036345,Metazoa_SRP
ENSCJAG00000057948,
ENSCJAG00000042019,U7
ENSCJAG00000080231,
ENSCJAG00000071734,
ENSCJAG00000039614,U4
ENSCJAG00000085472,
ENSCJAG00000020126,GIMAP5
ENSCJAG00000055461,U3
ENSCJAG00000051296,
ENSCJAG00000019844,MGRN1
ENSCJAG00000007084,HACD3
ENSCJAG00000006604,ETAA1
ENSCJAG00000077604,CHST13
ENSCJAG00000004596,ZSWIM5
ENSCJAG00000072364,
ENSCJAG00000081153,
ENSCJAG00000008471,EIF2AK3
ENSCJAG00000063499,
ENSCJAG00000085784,Metazoa_SRP
ENSCJAG00000030953,SCARNA11
ENSCJAG00000078394,Metazoa_SRP
ENSCJAG00000082485,
ENSCJAG00000016029,MTMR14
ENSCJAG00000056527,
ENSCJAG00000000576,TMEM45A
ENSCJAG00000019629,SPTB
ENSCJAG00000037098,MS4A12
ENSCJAG00000074734,Metazoa_SRP
ENSCJAG00000068811,
ENSCJAG00000087136,
ENSCJAG00000001160,GLDN
ENSCJAG00000020512,GDI2
ENSCJAG00000016561,CD6
ENSCJAG00000005533,CSTF3
ENSCJAG00000007641,CDK13
ENSCJAG00000015555,ERICH5
ENSCJAG00000001961,STARD9
ENSCJAG00000020641,CABYR
ENSCJAG00000010517,
ENSCJAG00000081595,
ENSCJAG00000013388,IRAK4
ENSCJAG00000009126,OR5M8
ENSCJAG00000065177,
ENSCJAG00000083060,LPAR5
ENSCJAG00000014348,TPRG1
ENSCJAG00000015540,ZNF395
ENSCJAG00000074115,
ENSCJAG00000084943,U4
ENSCJAG00000018068,SFXN2
ENSCJAG00000012684,
ENSCJAG00000021060,SCG5
ENSCJAG00000008611,RABL3
ENSCJAG00000086501,
ENSCJAG00000002319,CORO2B
ENSCJAG00000060745,
ENSCJAG00000082030,U6
ENSCJAG00000034319,UROC1
ENSCJAG00000054186,BMF
ENSCJAG00000038220,Metazoa_SRP
ENSCJAG00000043924,GIMAP2
ENSCJAG00000028303,cja-mir-1251
ENSCJAG00000015588,LGI1
ENSCJAG00000005651,RIC8A
ENSCJAG00000041630,U6
ENSCJAG00000076074,
ENSCJAG00000008090,ACRBP
ENSCJAG00000039609,
ENSCJAG00000078083,NPY
ENSCJAG00000079272,
ENSCJAG00000023792,MIR135A2
ENSCJAG00000060006,
ENSCJAG00000005484,STAMBPL1
ENSCJAG00000011192,RNF25
ENSCJAG00000000975,PPM1G
ENSCJAG00000073938,
ENSCJAG00000081613,U6
ENSCJAG00000079968,
ENSCJAG00000015525,SLCO2B1
ENSCJAG00000009419,NOS1
ENSCJAG00000068554,C10orf99
ENSCJAG00000019152,NSG2
ENSCJAG00000008050,FAM178B
ENSCJAG00000051468,
ENSCJAG00000071379,U4
ENSCJAG00000015549,RPL30
ENSCJAG00000074083,
ENSCJAG00000020121,GIMAP6
ENSCJAG00000085943,
ENSCJAG00000072694,Metazoa_SRP
ENSCJAG00000002539,STXBP3
ENSCJAG00000043497,ENKUR
ENSCJAG00000080266,
ENSCJAG00000070825,Metazoa_SRP
ENSCJAG00000013950,TAF10
ENSCJAG00000078191,
ENSCJAG00000021437,BOP1
ENSCJAG00000077670,
ENSCJAG00000072878,
ENSCJAG00000071429,
ENSCJAG00000075543,
ENSCJAG00000054237,
ENSCJAG00000058032,
ENSCJAG00000074818,U6
ENSCJAG00000070229,
ENSCJAG00000080728,
ENSCJAG00000073529,GREM1
ENSCJAG00000082803,
ENSCJAG00000051224,GIMAP4
ENSCJAG00000046138,WBP1L
ENSCJAG00000011726,CREB3L1
ENSCJAG00000085907,GHITM
ENSCJAG00000084077,
ENSCJAG00000012686,VPS41
ENSCJAG00000073634,SRP14
ENSCJAG00000084636,
ENSCJAG00000087237,
ENSCJAG00000087214,SMIM38
ENSCJAG00000013448,PUS7L
ENSCJAG00000054675,
ENSCJAG00000078473,
ENSCJAG00000018887,COPZ1
ENSCJAG00000006974,ZXDC
ENSCJAG00000078614,
ENSCJAG00000002421,TMPO
ENSCJAG00000076312,C5orf47
ENSCJAG00000047296,LIN7C
ENSCJAG00000051788,
ENSCJAG00000084905,
ENSCJAG00000076290,
ENSCJAG00000042752,
ENSCJAG00000054509,U6
ENSCJAG00000073536,SNORA72
ENSCJAG00000016651,MMS19
ENSCJAG00000080878,
ENSCJAG00000067083,
ENSCJAG00000015535,PNOC
ENSCJAG00000000995,ZNF513
ENSCJAG00000047737,ZNF25
ENSCJAG00000016444,MS4A13
ENSCJAG00000053262,
ENSCJAG00000079995,U4
ENSCJAG00000008004,ING4
ENSCJAG00000008626,HGD
ENSCJAG00000076347,Metazoa_SRP
ENSCJAG00000075851,
ENSCJAG00000061569,
ENSCJAG00000083332,
ENSCJAG00000009917,NOBOX
ENSCJAG00000003646,
ENSCJAG00000083702,OR5AR1
ENSCJAG00000071712,
ENSCJAG00000066870,
ENSCJAG00000013870,TPP1
ENSCJAG00000040182,Metazoa_SRP
ENSCJAG00000000558,ADGRG7
ENSCJAG00000071422,
ENSCJAG00000067799,
ENSCJAG00000077050,OR9G1
ENSCJAG00000042396,ZNF511
ENSCJAG00000006976,LPIN1
ENSCJAG00000073252,
ENSCJAG00000072447,GIMAP7
ENSCJAG00000085012,Y_RNA
ENSCJAG00000087355,
ENSCJAG00000014256,TP63
ENSCJAG00000073209,
ENSCJAG00000066861,THNSL1
ENSCJAG00000021441,SCX
ENSCJAG00000021067,FMN1
ENSCJAG00000081346,Metazoa_SRP
ENSCJAG00000080027,
ENSCJAG00000022674,OR5AK2
ENSCJAG00000083706,
ENSCJAG00000042381,GIMAP1
ENSCJAG00000064691,
ENSCJAG00000082846,BET1L
ENSCJAG00000030340,U3
ENSCJAG00000070729,MSX2
ENSCJAG00000057466,
ENSCJAG00000007626,NRG1
ENSCJAG00000017364,CD5
ENSCJAG00000023336,HPDL
ENSCJAG00000070279,
ENSCJAG00000018089,CYP17A1
ENSCJAG00000067735,
ENSCJAG00000011237,STK36
ENSCJAG00000077519,cja-mir-548p
ENSCJAG00000006613,MEIS1
ENSCJAG00000077181,Metazoa_SRP
ENSCJAG00000084837,Metazoa_SRP
ENSCJAG00000073443,
ENSCJAG00000007625,STK31
ENSCJAG00000038975,C3orf85
ENSCJAG00000013458,ADAMTS20
ENSCJAG00000068743,
ENSCJAG00000044073,Metazoa_SRP
ENSCJAG00000007574,GPR158
ENSCJAG00000010511,GIMAP8
ENSCJAG00000076628,U6
ENSCJAG00000045874,U7
ENSCJAG00000022277,
ENSCJAG00000078149,
ENSCJAG00000064354,
ENSCJAG00000048091,SLC35G1
ENSCJAG00000054202,
ENSCJAG00000079448,ZNF37A
ENSCJAG00000009066,LRRC55
ENSCJAG00000085095,
ENSCJAG00000020915,EIF2AK4
ENSCJAG00000020648,OSBPL1A
ENSCJAG00000047316,
ENSCJAG00000065880,
ENSCJAG00000015501,MATN2
ENSCJAG00000008703,CCT4
ENSCJAG00000086670,
ENSCJAG00000086993,
ENSCJAG00000000704,NOX4
ENSCJAG00000063364,
ENSCJAG00000058275,
ENSCJAG00000060151,
ENSCJAG00000001001,SNX17
ENSCJAG00000084066,
ENSCJAG00000054957,VPS37C
ENSCJAG00000075162,U6
ENSCJAG00000082749,Metazoa_SRP
ENSCJAG00000076870,
ENSCJAG00000062049,BHLHE40
ENSCJAG00000016432,MS4A8
ENSCJAG00000020506,TASOR2
ENSCJAG00000000767,
ENSCJAG00000047235,
ENSCJAG00000079690,
ENSCJAG00000052798,
ENSCJAG00000002339,ANP32A
ENSCJAG00000086725,
ENSCJAG00000015478,ELP3
ENSCJAG00000069954,
ENSCJAG00000007167,PSME2
ENSCJAG00000080552,
ENSCJAG00000005192,CALY
ENSCJAG00000073434,
ENSCJAG00000083229,
ENSCJAG00000008695,NDUFB4
ENSCJAG00000001038,DMXL2
ENSCJAG00000076378,
ENSCJAG00000083844,U6
ENSCJAG00000016911,COX5B
ENSCJAG00000081734,U6
ENSCJAG00000073550,Metazoa_SRP
ENSCJAG00000078873,
ENSCJAG00000072910,
ENSCJAG00000008890,RTN4RL2
ENSCJAG00000079699,
ENSCJAG00000031792,U6
ENSCJAG00000004634,MUTYH
ENSCJAG00000073384,
ENSCJAG00000074290,Y_RNA
ENSCJAG00000077929,U6
ENSCJAG00000002392,SLC25A3
ENSCJAG00000042188,BDNF
ENSCJAG00000007468,SPMIP9
ENSCJAG00000069941,
ENSCJAG00000011583,MTUS1
ENSCJAG00000082124,Y_RNA
ENSCJAG00000081374,
ENSCJAG00000025114,SNORA54
ENSCJAG00000072339,
ENSCJAG00000001935,CDAN1
ENSCJAG00000081118,U4
ENSCJAG00000074195,Metazoa_SRP
ENSCJAG00000074805,
ENSCJAG00000070250,U6
ENSCJAG00000056159,
ENSCJAG00000076281,U5
ENSCJAG00000044041,ZNF775
ENSCJAG00000070642,
ENSCJAG00000042523,MS4A18
ENSCJAG00000081925,
ENSCJAG00000046093,BRF1
ENSCJAG00000019394,PGA
ENSCJAG00000083869,
ENSCJAG00000034592,Y_RNA
ENSCJAG00000057462,
ENSCJAG00000082559,Y_RNA
ENSCJAG00000009402,KSR2
ENSCJAG00000074967,
ENSCJAG00000007653,MPLKIP
ENSCJAG00000052920,
ENSCJAG00000087134,
ENSCJAG00000058157,
ENSCJAG00000011680,PHLDA2
ENSCJAG00000078591,Metazoa_SRP
ENSCJAG00000086547,Metazoa_SRP
ENSCJAG00000084013,
ENSCJAG00000087038,U6
ENSCJAG00000046554,ARL8B
ENSCJAG00000076509,
ENSCJAG00000005205,
ENSCJAG00000079289,
ENSCJAG00000046402,DRD1
ENSCJAG00000058470,
ENSCJAG00000073100,
ENSCJAG00000071550,FOXJ1
ENSCJAG00000009894,ARHGEF5
ENSCJAG00000008852,FAM161A
ENSCJAG00000021249,
ENSCJAG00000008560,SPESP1
ENSCJAG00000074494,FOXI3
ENSCJAG00000005398,APOBEC1
ENSCJAG00000054621,
ENSCJAG00000067025,
ENSCJAG00000020168,DPPA2
ENSCJAG00000075817,Metazoa_SRP
ENSCJAG00000079611,
ENSCJAG00000016919,ACTR1B
ENSCJAG00000010626,ETV4
ENSCJAG00000080327,
ENSCJAG00000071241,
ENSCJAG00000052058,FAM98A
ENSCJAG00000077439,
ENSCJAG00000000901,CIMAP1A
ENSCJAG00000086238,
ENSCJAG00000044694,CCND1
ENSCJAG00000075515,
ENSCJAG00000070932,
ENSCJAG00000006945,CFAP100
ENSCJAG00000072817,
ENSCJAG00000077565,Metazoa_SRP
ENSCJAG00000086680,
ENSCJAG00000002532,FNDC7
ENSCJAG00000071286,
ENSCJAG00000005576,ACTA2
ENSCJAG00000077378,
ENSCJAG00000009043,TNKS1BP1
ENSCJAG00000074672,Metazoa_SRP
ENSCJAG00000008700,FSTL1
ENSCJAG00000015641,PLCE1
ENSCJAG00000020217,SULT1C2
ENSCJAG00000007136,GLCE
ENSCJAG00000067904,
ENSCJAG00000074533,U6
ENSCJAG00000082442,DPPA4
ENSCJAG00000078210,Metazoa_SRP
ENSCJAG00000005406,GDF3
ENSCJAG00000076566,U6
ENSCJAG00000071128,
ENSCJAG00000013365,TTC36
ENSCJAG00000071926,U6
ENSCJAG00000039007,BORCS7
ENSCJAG00000075469,
ENSCJAG00000011682,SLC22A18
ENSCJAG00000073749,
ENSCJAG00000013828,DCHS1
ENSCJAG00000033639,U6
ENSCJAG00000019384,VWCE
ENSCJAG00000016453,MS4A15
ENSCJAG00000059420,
ENSCJAG00000086933,Y_RNA
ENSCJAG00000004579,MON1A
ENSCJAG00000016038,CPNE9
ENSCJAG00000081788,Metazoa_SRP
ENSCJAG00000026589,SNORA53
ENSCJAG00000052033,Metazoa_SRP
ENSCJAG00000010402,HIPK3
ENSCJAG00000081748,Metazoa_SRP
ENSCJAG00000085033,Metazoa_SRP
ENSCJAG00000000911,SCGB1C1
ENSCJAG00000078078,
ENSCJAG00000083217,Metazoa_SRP
ENSCJAG00000029303,U6
ENSCJAG00000007656,SUGCT
ENSCJAG00000043897,Metazoa_SRP
ENSCJAG00000084560,
ENSCJAG00000072636,
ENSCJAG00000073860,SOX8
ENSCJAG00000011521,LDB3
ENSCJAG00000005221,FUOM
ENSCJAG00000087304,Metazoa_SRP
ENSCJAG00000015856,EDEM1
ENSCJAG00000070668,Metazoa_SRP
ENSCJAG00000006149,KIF18A
ENSCJAG00000005397,SFXN1
ENSCJAG00000028388,Y_RNA
ENSCJAG00000082780,Metazoa_SRP
ENSCJAG00000020378,
ENSCJAG00000084860,
ENSCJAG00000073069,U6
ENSCJAG00000019862,ANKS3
ENSCJAG00000009379,RFC5
ENSCJAG00000071049,Y_RNA
ENSCJAG00000085245,U6
ENSCJAG00000002387,IKBIP
ENSCJAG00000056584,U3
ENSCJAG00000069337,
ENSCJAG00000078318,LTO1
ENSCJAG00000081357,Metazoa_SRP
ENSCJAG00000054842,
ENSCJAG00000011294,TTLL4
ENSCJAG00000073036,MEOX1
ENSCJAG00000077567,U6
ENSCJAG00000003493,RASGRP3
ENSCJAG00000070328,
ENSCJAG00000007118,INTS14
ENSCJAG00000018118,CNNM2
ENSCJAG00000074759,Y_RNA
ENSCJAG00000002659,SSTR5
ENSCJAG00000084809,
ENSCJAG00000079066,Metazoa_SRP
ENSCJAG00000001912,TTBK2
ENSCJAG00000075969,Metazoa_SRP
ENSCJAG00000079136,
ENSCJAG00000041013,PGAM4
ENSCJAG00000074701,
ENSCJAG00000086738,Metazoa_SRP
ENSCJAG00000042293,PAQR5
ENSCJAG00000011773,DGKZ
ENSCJAG00000009013,SSRP1
ENSCJAG00000085527,Metazoa_SRP
ENSCJAG00000075140,
ENSCJAG00000071199,Metazoa_SRP
ENSCJAG00000002657,C1QTNF8
ENSCJAG00000078450,
ENSCJAG00000060994,U4
ENSCJAG00000015456,NUGGC
ENSCJAG00000071581,
ENSCJAG00000049531,
ENSCJAG00000007603,FAM221A
ENSCJAG00000065748,
ENSCJAG00000068151,DUSP3
ENSCJAG00000011568,POLR3K
ENSCJAG00000084126,Metazoa_SRP
ENSCJAG00000007618,POU6F2
ENSCJAG00000067210,
ENSCJAG00000047192,SRSF4
ENSCJAG00000061226,
ENSCJAG00000005233,ECHS1
ENSCJAG00000027658,
ENSCJAG00000006941,KLF15
ENSCJAG00000058946,
ENSCJAG00000018999,NANOG
ENSCJAG00000066699,
ENSCJAG00000016478,MS4A10
ENSCJAG00000069786,
ENSCJAG00000011481,ZAP70
ENSCJAG00000007944,ZNF384
ENSCJAG00000019349,THNSL2
ENSCJAG00000075154,FGF19
ENSCJAG00000062046,
ENSCJAG00000080317,SNRNP25
ENSCJAG00000021442,MROH1
ENSCJAG00000009994,MECR
ENSCJAG00000020374,BAG3
ENSCJAG00000071188,Metazoa_SRP
ENSCJAG00000007540,MYO3A
ENSCJAG00000019319,DDB1
ENSCJAG00000078594,
ENSCJAG00000079653,
ENSCJAG00000083276,U6
ENSCJAG00000074660,Metazoa_SRP
ENSCJAG00000082272,
ENSCJAG00000060721,
ENSCJAG00000080643,U6
ENSCJAG00000075863,
ENSCJAG00000002303,SETD2
ENSCJAG00000071509,
ENSCJAG00000004620,RBM6
ENSCJAG00000013374,TMEM25
ENSCJAG00000008877,XPO1
ENSCJAG00000005026,FGF4
ENSCJAG00000082150,
ENSCJAG00000038312,Metazoa_SRP
ENSCJAG00000041911,OR2A1
ENSCJAG00000074491,
ENSCJAG00000001028,EIF2B4
ENSCJAG00000015558,OR2AT4
ENSCJAG00000000533,ABI3BP
ENSCJAG00000078663,
ENSCJAG00000081046,
ENSCJAG00000078423,U6
ENSCJAG00000010482,MPP3
ENSCJAG00000086775,
ENSCJAG00000040625,cja-mir-4790
ENSCJAG00000011577,
ENSCJAG00000085742,
ENSCJAG00000061137,
ENSCJAG00000022088,
ENSCJAG00000018148,NT5C2
ENSCJAG00000045855,U4
ENSCJAG00000077435,
ENSCJAG00000082830,U1
ENSCJAG00000076172,
ENSCJAG00000009730,FGF3
ENSCJAG00000078996,Metazoa_SRP
ENSCJAG00000074241,
ENSCJAG00000086103,
ENSCJAG00000002341,APAF1
ENSCJAG00000043955,MALL
ENSCJAG00000082440,U1
ENSCJAG00000082791,MRPL17
ENSCJAG00000013348,PIPOX
ENSCJAG00000028557,cja-mir-148b
ENSCJAG00000067324,
ENSCJAG00000043823,
ENSCJAG00000074372,
ENSCJAG00000054685,
ENSCJAG00000016483,CCDC86
ENSCJAG00000002585,AKNAD1
ENSCJAG00000078091,
ENSCJAG00000080558,
ENSCJAG00000085210,
ENSCJAG00000079101,OR2A14
ENSCJAG00000072594,U5
ENSCJAG00000008751,LRRC58
ENSCJAG00000061480,
ENSCJAG00000060762,
ENSCJAG00000005615,FAS
ENSCJAG00000015467,SCARA5
ENSCJAG00000084655,
ENSCJAG00000045439,Metazoa_SRP
ENSCJAG00000070529,
ENSCJAG00000016067,BRPF1
ENSCJAG00000054604,OR2AG2
ENSCJAG00000069836,
ENSCJAG00000080523,
ENSCJAG00000018880,NFE2
ENSCJAG00000047676,CHURC1
ENSCJAG00000085920,
ENSCJAG00000007211,FITM1
ENSCJAG00000078513,
ENSCJAG00000043408,Metazoa_SRP
ENSCJAG00000005249,PAOX
ENSCJAG00000064808,
ENSCJAG00000073493,Metazoa_SRP
ENSCJAG00000045071,PTGDR2
ENSCJAG00000015573,NEU3
ENSCJAG00000006865,ALDH1L1
ENSCJAG00000057060,
ENSCJAG00000080913,
ENSCJAG00000082395,OR2AG1
ENSCJAG00000006958,NTSR2
ENSCJAG00000021988,OR6B1
ENSCJAG00000044635,Metazoa_SRP
ENSCJAG00000013323,CACNA1H
ENSCJAG00000039115,CCDC126
ENSCJAG00000005384,HRH2
ENSCJAG00000082778,
ENSCJAG00000045605,ERAL1
ENSCJAG00000079359,
ENSCJAG00000011342,CYP27A1
ENSCJAG00000019754,BTBD6
ENSCJAG00000071127,
ENSCJAG00000071168,
ENSCJAG00000030230,
ENSCJAG00000013654,RNF157
ENSCJAG00000071961,
ENSCJAG00000011703,CDKN1C
ENSCJAG00000076690,
ENSCJAG00000017695,PRICKLE1
ENSCJAG00000045167,
ENSCJAG00000076047,OR10A5
ENSCJAG00000069717,
ENSCJAG00000012692,PSME1
ENSCJAG00000084002,Metazoa_SRP
ENSCJAG00000077363,
ENSCJAG00000080788,U6
ENSCJAG00000023295,
ENSCJAG00000015268,
ENSCJAG00000069145,
ENSCJAG00000080898,
ENSCJAG00000079688,
ENSCJAG00000011582,MPG
ENSCJAG00000086907,Metazoa_SRP
ENSCJAG00000073248,
ENSCJAG00000079842,Y_RNA
ENSCJAG00000020674,IMPACT
ENSCJAG00000038418,GPR156
ENSCJAG00000007910,PIANP
ENSCJAG00000081805,OR10A2
ENSCJAG00000070828,
ENSCJAG00000079238,
ENSCJAG00000000698,TYR
ENSCJAG00000040234,MBD2
ENSCJAG00000078880,
ENSCJAG00000001065,GTF3C2
ENSCJAG00000018864,
ENSCJAG00000078086,
ENSCJAG00000054022,
ENSCJAG00000038279,
ENSCJAG00000068939,
ENSCJAG00000006946,GREB1
ENSCJAG00000084831,
ENSCJAG00000081857,
ENSCJAG00000087046,OR10A4
ENSCJAG00000043228,GPX2
ENSCJAG00000042420,METTL15
ENSCJAG00000045252,FABP1
ENSCJAG00000007478,GAD2
ENSCJAG00000074718,
ENSCJAG00000016722,UBTD1
ENSCJAG00000080062,Y_RNA
ENSCJAG00000080685,U6
ENSCJAG00000023620,U4
ENSCJAG00000009872,
ENSCJAG00000083455,
ENSCJAG00000079171,
ENSCJAG00000066323,
ENSCJAG00000077227,Metazoa_SRP
ENSCJAG00000013805,
ENSCJAG00000080890,
ENSCJAG00000026994,Y_RNA
ENSCJAG00000028797,Y_RNA
ENSCJAG00000016509,PRPF19
ENSCJAG00000076692,
ENSCJAG00000086853,
ENSCJAG00000074873,
ENSCJAG00000010031,PTPRU
ENSCJAG00000078199,
ENSCJAG00000079636,
ENSCJAG00000079146,Metazoa_SRP
ENSCJAG00000082247,
ENSCJAG00000070776,
ENSCJAG00000007835,COPS7A
ENSCJAG00000081468,Metazoa_SRP
ENSCJAG00000083160,
ENSCJAG00000081797,
ENSCJAG00000051477,OR2D3
ENSCJAG00000046970,Metazoa_SRP
ENSCJAG00000054541,LDHAL6B
ENSCJAG00000029938,SNORA37
ENSCJAG00000007207,EMC9
ENSCJAG00000086730,Y_RNA
ENSCJAG00000019696,RAB15
ENSCJAG00000079671,Y_RNA
ENSCJAG00000001509,TRA2A
ENSCJAG00000075459,
ENSCJAG00000056711,
ENSCJAG00000014239,P3H2
ENSCJAG00000069876,
ENSCJAG00000007038,KIF23
ENSCJAG00000020926,GPR176
ENSCJAG00000016166,RET
ENSCJAG00000077900,
ENSCJAG00000072728,U6
ENSCJAG00000074026,CPLX2
ENSCJAG00000015448,PBK
ENSCJAG00000081552,U4
ENSCJAG00000074222,Metazoa_SRP
ENSCJAG00000013411,IFT46
ENSCJAG00000019305,TKFC
ENSCJAG00000015576,SPCS2
ENSCJAG00000058400,
ENSCJAG00000018176,EIF4B
ENSCJAG00000019877,DNAAF8
ENSCJAG00000055915,cja-mir-4679
ENSCJAG00000069362,
ENSCJAG00000047474,Metazoa_SRP
ENSCJAG00000061463,
ENSCJAG00000003007,UBR1
ENSCJAG00000020995,MAPRE2
ENSCJAG00000069179,
ENSCJAG00000077568,Y_RNA
ENSCJAG00000013338,SEZ6
ENSCJAG00000078310,
ENSCJAG00000082536,
ENSCJAG00000001851,POLI
ENSCJAG00000013794,ZNF215
ENSCJAG00000084772,
ENSCJAG00000072853,Metazoa_SRP
ENSCJAG00000010468,CD300LG
ENSCJAG00000042716,Y_RNA
ENSCJAG00000011362,PRKAG3
ENSCJAG00000033451,U6
ENSCJAG00000009323,VSIG10
ENSCJAG00000074994,SPRN
ENSCJAG00000073899,
ENSCJAG00000060863,Metazoa_SRP
ENSCJAG00000070951,Metazoa_SRP
ENSCJAG00000011598,MARE
ENSCJAG00000017305,IL37
ENSCJAG00000047388,Metazoa_SRP
ENSCJAG00000011421,TMEM131
ENSCJAG00000081220,
ENSCJAG00000079570,
ENSCJAG00000000695,GRM5
ENSCJAG00000073399,
ENSCJAG00000075905,
ENSCJAG00000007681,MLF2
ENSCJAG00000019689,FNTB
ENSCJAG00000081716,
ENSCJAG00000079183,Metazoa_SRP
ENSCJAG00000075535,
ENSCJAG00000019356,SMYD1
ENSCJAG00000071717,ANO1
ENSCJAG00000007682,INHBA
ENSCJAG00000040225,Metazoa_SRP
ENSCJAG00000016726,ANKRD2
ENSCJAG00000006910,E2F6
ENSCJAG00000018192,PCGF6
ENSCJAG00000077345,Metazoa_SRP
ENSCJAG00000018847,CBX5
ENSCJAG00000083407,
ENSCJAG00000007180,SLC24A1
ENSCJAG00000067866,
ENSCJAG00000081128,Metazoa_SRP
ENSCJAG00000070091,U6
ENSCJAG00000073730,Metazoa_SRP
ENSCJAG00000038428,
ENSCJAG00000005102,PTPN2
ENSCJAG00000015416,ESCO2
ENSCJAG00000084392,Y_RNA
ENSCJAG00000070038,
ENSCJAG00000064987,
ENSCJAG00000010403,KIAA1549L
ENSCJAG00000073691,U6
ENSCJAG00000016101,OGG1
ENSCJAG00000080775,U4
ENSCJAG00000067380,
ENSCJAG00000082524,5S_rRNA
ENSCJAG00000019885,ZNF500
ENSCJAG00000079800,Metazoa_SRP
ENSCJAG00000003410,LTBP1
ENSCJAG00000005689,LIPA
ENSCJAG00000079662,
ENSCJAG00000055730,
ENSCJAG00000011708,KCNQ1
ENSCJAG00000078866,Metazoa_SRP
ENSCJAG00000080188,
ENSCJAG00000076560,
ENSCJAG00000081767,Metazoa_SRP
ENSCJAG00000034626,
ENSCJAG00000002616,GPSM2
ENSCJAG00000004430,RALBP1
ENSCJAG00000070946,
ENSCJAG00000013790,ZNF214
ENSCJAG00000018988,SLC2A3
ENSCJAG00000077506,
ENSCJAG00000077814,Y_RNA
ENSCJAG00000019763,PACS2
ENSCJAG00000038843,PTMS
ENSCJAG00000051702,PXDN
ENSCJAG00000016556,TMEM109
ENSCJAG00000077910,Metazoa_SRP
ENSCJAG00000072436,
ENSCJAG00000004740,RBM5
ENSCJAG00000016340,IL1B
ENSCJAG00000068025,
ENSCJAG00000075865,U6
ENSCJAG00000001841,C18orf54
ENSCJAG00000044349,FAM81A
ENSCJAG00000008783,GSK3B
ENSCJAG00000007458,APBB1IP
ENSCJAG00000076087,
ENSCJAG00000079725,
ENSCJAG00000074328,U6
ENSCJAG00000078029,
ENSCJAG00000011399,WNT6
ENSCJAG00000086785,U6
ENSCJAG00000009841,TCAF1
ENSCJAG00000001098,MPV17
ENSCJAG00000005059,MTDH
ENSCJAG00000013436,ARCN1
ENSCJAG00000004716,TOE1
ENSCJAG00000074367,
ENSCJAG00000060554,U6
ENSCJAG00000079290,
ENSCJAG00000075229,
ENSCJAG00000076399,
ENSCJAG00000078489,
ENSCJAG00000075404,
ENSCJAG00000020927,FSIP1
ENSCJAG00000065120,U2
ENSCJAG00000007657,LAG3
ENSCJAG00000018165,
ENSCJAG00000075333,
ENSCJAG00000051554,
ENSCJAG00000025590,Y_RNA
ENSCJAG00000052322,CCDC25
ENSCJAG00000081800,U6
ENSCJAG00000011555,BMPR1A
ENSCJAG00000067675,
ENSCJAG00000000522,IMPG2
ENSCJAG00000086244,
ENSCJAG00000071341,
ENSCJAG00000076639,Metazoa_SRP
ENSCJAG00000046031,
ENSCJAG00000061081,
ENSCJAG00000059304,
ENSCJAG00000076272,Metazoa_SRP
ENSCJAG00000044092,SMUG1
ENSCJAG00000019889,SEPTIN12
ENSCJAG00000078400,
ENSCJAG00000013765,NLRP14
ENSCJAG00000072233,
ENSCJAG00000078183,
ENSCJAG00000015587,XRRA1
ENSCJAG00000086550,
ENSCJAG00000043819,HBZ
ENSCJAG00000020684,HRH4
ENSCJAG00000080850,
ENSCJAG00000083717,Metazoa_SRP
ENSCJAG00000011403,WNT10A
ENSCJAG00000074247,
ENSCJAG00000007073,RNF31
ENSCJAG00000072586,
ENSCJAG00000004179,DYNAP
ENSCJAG00000004755,TESK2
ENSCJAG00000071953,
ENSCJAG00000028914,U3
ENSCJAG00000051423,
ENSCJAG00000071636,
ENSCJAG00000079934,Metazoa_SRP
ENSCJAG00000002342,KIF9
ENSCJAG00000081537,
ENSCJAG00000080660,Metazoa_SRP
ENSCJAG00000028720,5S_rRNA
ENSCJAG00000048298,Metazoa_SRP
ENSCJAG00000076668,Metazoa_SRP
ENSCJAG00000073863,U6
ENSCJAG00000085935,U6
ENSCJAG00000060005,
ENSCJAG00000058729,
ENSCJAG00000004874,CYP2E1
ENSCJAG00000073470,
ENSCJAG00000021000,ZNF397
ENSCJAG00000083110,
ENSCJAG00000083918,Metazoa_SRP
ENSCJAG00000011639,HBM
ENSCJAG00000013252,PHF12
ENSCJAG00000041362,
ENSCJAG00000032975,
ENSCJAG00000070975,
ENSCJAG00000082600,U6
ENSCJAG00000002720,CFAP276
ENSCJAG00000084028,CDK5R2
ENSCJAG00000061035,Y_RNA
ENSCJAG00000077868,U1
ENSCJAG00000074117,Vault
ENSCJAG00000016368,IL1A
ENSCJAG00000079181,U4
ENSCJAG00000073739,
ENSCJAG00000016603,TMEM132A
ENSCJAG00000041318,SMIM22
ENSCJAG00000024319,
ENSCJAG00000077281,
ENSCJAG00000007635,CD4
ENSCJAG00000007690,GLI3
ENSCJAG00000079872,
ENSCJAG00000073937,
ENSCJAG00000002999,TMEM62
ENSCJAG00000024296,U1
ENSCJAG00000087246,
ENSCJAG00000046436,Metazoa_SRP
ENSCJAG00000041979,Metazoa_SRP
ENSCJAG00000080530,
ENSCJAG00000010855,ISL2
ENSCJAG00000040675,TWSG1
ENSCJAG00000015225,GTF2A2
ENSCJAG00000085487,
ENSCJAG00000084742,U6
ENSCJAG00000081714,
ENSCJAG00000070578,FEV
ENSCJAG00000017726,PPHLN1
ENSCJAG00000075536,U6
ENSCJAG00000019702,MAX
ENSCJAG00000046185,CLDN1
ENSCJAG00000071592,U6
ENSCJAG00000009310,USH1C
ENSCJAG00000086714,Metazoa_SRP
ENSCJAG00000004175,RAB27B
ENSCJAG00000036723,KRT3
ENSCJAG00000074346,
ENSCJAG00000080811,
ENSCJAG00000079193,
ENSCJAG00000085514,
ENSCJAG00000001073,KCNMA1
ENSCJAG00000004807,PRDX1
ENSCJAG00000070295,
ENSCJAG00000076110,U6
ENSCJAG00000085450,
ENSCJAG00000005737,IFIT3
ENSCJAG00000073514,
ENSCJAG00000040440,CAMK1
ENSCJAG00000013460,
ENSCJAG00000010393,MPP2
ENSCJAG00000011588,MMRN2
ENSCJAG00000019302,CYB561A3
ENSCJAG00000081401,
ENSCJAG00000080598,
ENSCJAG00000044634,GPR162
ENSCJAG00000047404,HOGA1
ENSCJAG00000011426,CRYBA2
ENSCJAG00000087021,
ENSCJAG00000019901,ROGDI
ENSCJAG00000011647,
ENSCJAG00000080003,
ENSCJAG00000076849,
ENSCJAG00000055051,
ENSCJAG00000080768,
ENSCJAG00000081587,Y_RNA
ENSCJAG00000000679,CTSC
ENSCJAG00000011183,B4GALT7
ENSCJAG00000007360,GRIK4
ENSCJAG00000083442,Metazoa_SRP
ENSCJAG00000072496,Y_RNA
ENSCJAG00000084689,
ENSCJAG00000014218,CLDN16
ENSCJAG00000029307,MIR375
ENSCJAG00000016195,CSGALNACT2
ENSCJAG00000069201,
ENSCJAG00000077326,ZNF24
ENSCJAG00000015753,NOC3L
ENSCJAG00000060774,Metazoa_SRP
ENSCJAG00000060609,cja-mir-6529
ENSCJAG00000004839,SYCE1
ENSCJAG00000084912,Y_RNA
ENSCJAG00000006129,KCNA4
ENSCJAG00000019539,SCARA3
ENSCJAG00000006402,PLPP4
ENSCJAG00000004164,CCDC68
ENSCJAG00000052096,
ENSCJAG00000071459,Metazoa_SRP
ENSCJAG00000070094,
ENSCJAG00000083158,
ENSCJAG00000086480,U6
ENSCJAG00000007209,DENND4A
ENSCJAG00000068608,U6
ENSCJAG00000076772,
ENSCJAG00000070178,Metazoa_SRP
ENSCJAG00000075964,
ENSCJAG00000079811,Metazoa_SRP
ENSCJAG00000078938,
ENSCJAG00000072143,Metazoa_SRP
ENSCJAG00000039840,Metazoa_SRP
ENSCJAG00000083929,
ENSCJAG00000016145,TADA3
ENSCJAG00000040850,Metazoa_SRP
ENSCJAG00000072134,Y_RNA
ENSCJAG00000042184,Metazoa_SRP
ENSCJAG00000007528,P3H3
ENSCJAG00000008854,NR1I2
ENSCJAG00000084535,
ENSCJAG00000006805,ROCK2
ENSCJAG00000078505,HOXC4
ENSCJAG00000073246,
ENSCJAG00000047304,KRT79
ENSCJAG00000010791,ETFA
ENSCJAG00000077436,Metazoa_SRP
ENSCJAG00000044562,
ENSCJAG00000005746,IFIT1
ENSCJAG00000013243,DHRS13
ENSCJAG00000039370,TMEM138
ENSCJAG00000018178,INA
ENSCJAG00000044100,TMED9
ENSCJAG00000004805,MMACHC
ENSCJAG00000074159,
ENSCJAG00000078903,Y_RNA
ENSCJAG00000013762,SYT9
ENSCJAG00000016744,MORN4
ENSCJAG00000076725,
ENSCJAG00000020936,THBS1
ENSCJAG00000087124,
ENSCJAG00000018955,FOXJ2
ENSCJAG00000073043,
ENSCJAG00000085764,
ENSCJAG00000039926,Metazoa_SRP
ENSCJAG00000011671,HBQ1_2
ENSCJAG00000002983,CCNDBP1
ENSCJAG00000079556,
ENSCJAG00000016397,CKAP2L
ENSCJAG00000071186,
ENSCJAG00000062188,U2
ENSCJAG00000086766,
ENSCJAG00000002641,CLCC1
ENSCJAG00000011429,CFAP65
ENSCJAG00000084420,
ENSCJAG00000078654,U6
ENSCJAG00000069180,FSHB
ENSCJAG00000035375,
ENSCJAG00000071600,
ENSCJAG00000086874,
ENSCJAG00000022726,GCNT3
ENSCJAG00000061046,
ENSCJAG00000077365,Metazoa_SRP
ENSCJAG00000083185,Metazoa_SRP
ENSCJAG00000044096,HOXC5
ENSCJAG00000076596,ATP5MG
ENSCJAG00000002273,ANKS1B
ENSCJAG00000080368,
ENSCJAG00000013318,TPSG1
ENSCJAG00000006918,TLE3
ENSCJAG00000038707,Metazoa_SRP
ENSCJAG00000070105,Metazoa_SRP
ENSCJAG00000084921,
ENSCJAG00000000671,RAB38
ENSCJAG00000077629,
ENSCJAG00000070401,
ENSCJAG00000065128,SNCG
ENSCJAG00000046748,TMEM207
ENSCJAG00000019912,GLYR1
ENSCJAG00000018213,TAF5
ENSCJAG00000020501,ASB13
ENSCJAG00000078621,Metazoa_SRP
ENSCJAG00000082299,
ENSCJAG00000028614,cja-mir-615
ENSCJAG00000079618,
ENSCJAG00000086062,Y_RNA
ENSCJAG00000073333,
ENSCJAG00000011579,TPO
ENSCJAG00000052482,ARL14EP
ENSCJAG00000084136,
ENSCJAG00000083296,
ENSCJAG00000070757,U6
ENSCJAG00000070494,
ENSCJAG00000031398,
ENSCJAG00000006693,SPRED2
ENSCJAG00000069816,
ENSCJAG00000071771,
ENSCJAG00000004695,PDSS1
ENSCJAG00000006850,SLC41A3
ENSCJAG00000013633,AKR1A1
ENSCJAG00000016414,SLC20A1
ENSCJAG00000043282,HOXC6
ENSCJAG00000082390,
ENSCJAG00000019299,TMEM216
ENSCJAG00000021025,INO80C
ENSCJAG00000024290,Y_RNA
ENSCJAG00000006553,FAM193B
ENSCJAG00000078999,
ENSCJAG00000018253,USMG5
ENSCJAG00000071848,
ENSCJAG00000083855,C3AR1
ENSCJAG00000079248,Metazoa_SRP
ENSCJAG00000073286,C10orf116
ENSCJAG00000014722,
ENSCJAG00000009823,
ENSCJAG00000023372,UCN
ENSCJAG00000085082,
ENSCJAG00000016755,PI4K2A
ENSCJAG00000013282,
ENSCJAG00000077472,
ENSCJAG00000085009,Metazoa_SRP
ENSCJAG00000013463,PHLDB1
ENSCJAG00000045973,ANKRD12
ENSCJAG00000087354,
ENSCJAG00000018016,KRT75
ENSCJAG00000002386,KLHL18
ENSCJAG00000007512,GNB3
ENSCJAG00000080496,
ENSCJAG00000084043,
ENSCJAG00000011674,LUC7L
ENSCJAG00000070346,
ENSCJAG00000074882,
ENSCJAG00000040304,Metazoa_SRP
ENSCJAG00000054760,cja-mir-1307
ENSCJAG00000057871,
ENSCJAG00000018811,HOXC10
ENSCJAG00000081227,
ENSCJAG00000072082,Metazoa_SRP
ENSCJAG00000078108,U4
ENSCJAG00000076465,
ENSCJAG00000013210,FLOT2
ENSCJAG00000070349,SLC15A3
ENSCJAG00000011628,FAM25B
ENSCJAG00000055696,
ENSCJAG00000087334,Metazoa_SRP
ENSCJAG00000001102,TRIM54
ENSCJAG00000018934,NECAP1
ENSCJAG00000086509,ARPC4
ENSCJAG00000006430,WDR11
ENSCJAG00000064835,
ENSCJAG00000025009,U6
ENSCJAG00000084932,
ENSCJAG00000019662,CLU
ENSCJAG00000044574,CALML3
ENSCJAG00000019366,KRCC1
ENSCJAG00000082828,
ENSCJAG00000043859,
ENSCJAG00000041681,Metazoa_SRP
ENSCJAG00000074468,
ENSCJAG00000007729,C7orf25
ENSCJAG00000086086,
ENSCJAG00000074051,
ENSCJAG00000014191,IL1RAP
ENSCJAG00000016210,RASGEF1A
ENSCJAG00000011216,IFIT5
ENSCJAG00000013300,
ENSCJAG00000083066,Metazoa_SRP
ENSCJAG00000080510,
ENSCJAG00000083479,Y_RNA
ENSCJAG00000084518,
ENSCJAG00000043208,CALML5
ENSCJAG00000074883,
ENSCJAG00000021986,TAS2R41
ENSCJAG00000071279,Y_RNA
ENSCJAG00000079986,
ENSCJAG00000082981,
ENSCJAG00000070364,
ENSCJAG00000045651,
ENSCJAG00000077427,Metazoa_SRP
ENSCJAG00000062664,AVPI1
ENSCJAG00000064423,U6
ENSCJAG00000061371,U2
ENSCJAG00000076435,Y_RNA
ENSCJAG00000074559,
ENSCJAG00000018819,HOXC9
ENSCJAG00000079779,Y_RNA
ENSCJAG00000021030,GALNT1
ENSCJAG00000081729,OLFML1
ENSCJAG00000010771,TMEM266
ENSCJAG00000014749,TRPM5
ENSCJAG00000080724,
ENSCJAG00000005007,PSMG2
ENSCJAG00000086810,PPY
ENSCJAG00000078092,
ENSCJAG00000039416,SLC16A12
ENSCJAG00000080906,
ENSCJAG00000001112,DNAJC5G
ENSCJAG00000075006,
ENSCJAG00000039517,PSMA2
ENSCJAG00000016782,MARVELD1
ENSCJAG00000085406,
ENSCJAG00000008891,CFAP91
ENSCJAG00000020490,NET1
ENSCJAG00000047402,MIR196A2
ENSCJAG00000006595,DDX41
ENSCJAG00000081484,U2
ENSCJAG00000001016,SCG3
ENSCJAG00000011852,MDK
ENSCJAG00000011633,GLUD1
ENSCJAG00000073669,
ENSCJAG00000016421,CHCHD5
ENSCJAG00000078571,ZNF596
ENSCJAG00000071017,U6
ENSCJAG00000083650,
ENSCJAG00000009766,EPHA1
ENSCJAG00000000515,SENP7
ENSCJAG00000063919,Metazoa_SRP
ENSCJAG00000007065,IRF9
ENSCJAG00000077457,
ENSCJAG00000079670,Metazoa_SRP
ENSCJAG00000018808,HOXC11
ENSCJAG00000038500,U2
ENSCJAG00000046036,Metazoa_SRP
ENSCJAG00000013641,NASP
ENSCJAG00000087054,
ENSCJAG00000002658,WDR47
ENSCJAG00000043035,UBE2I
ENSCJAG00000010381,PYY
ENSCJAG00000012330,NRG4
ENSCJAG00000083384,
ENSCJAG00000002397,PTPN23
ENSCJAG00000058271,
ENSCJAG00000021835,
ENSCJAG00000037284,FAM234A
ENSCJAG00000030086,U2
ENSCJAG00000071624,Metazoa_SRP
ENSCJAG00000018257,PDCD11
ENSCJAG00000034109,U6
ENSCJAG00000083734,
ENSCJAG00000020691,ZNF521
ENSCJAG00000081690,
ENSCJAG00000015610,RNF169
ENSCJAG00000078981,Y_RNA
ENSCJAG00000019282,CPSF7
ENSCJAG00000084934,
ENSCJAG00000082105,
ENSCJAG00000007508,CDCA3
ENSCJAG00000001114,SLC30A3
ENSCJAG00000044908,C11orf91
ENSCJAG00000037701,Metazoa_SRP
ENSCJAG00000074755,
ENSCJAG00000083009,ROPN1B
ENSCJAG00000069743,
ENSCJAG00000037326,EPB42
ENSCJAG00000004038,TCF4
ENSCJAG00000086093,U6
ENSCJAG00000075593,
ENSCJAG00000078817,Metazoa_SRP
ENSCJAG00000010358,NAGS
ENSCJAG00000018929,CLEC4A
ENSCJAG00000007543,FUT10
ENSCJAG00000076656,Metazoa_SRP
ENSCJAG00000012331,FBXO22
ENSCJAG00000082903,
ENSCJAG00000076999,Y_RNA
ENSCJAG00000070020,Metazoa_SRP
ENSCJAG00000019376,CD8A
ENSCJAG00000073628,
ENSCJAG00000043097,CD59
ENSCJAG00000007749,MRPL32
ENSCJAG00000015806,TBC1D12
ENSCJAG00000001706,CEP152
ENSCJAG00000068940,
ENSCJAG00000011914,FBXO25
ENSCJAG00000011861,CHRM4
ENSCJAG00000086674,Metazoa_SRP
ENSCJAG00000069780,
ENSCJAG00000084522,Metazoa_SRP
ENSCJAG00000073576,
ENSCJAG00000040654,TRBV24-1
ENSCJAG00000043105,PEBP1
ENSCJAG00000007023,REC8
ENSCJAG00000082191,Metazoa_SRP
ENSCJAG00000075906,5S_rRNA
ENSCJAG00000075076,
ENSCJAG00000011177,PANK1
ENSCJAG00000071835,
ENSCJAG00000054129,
ENSCJAG00000004851,SEMA3F
ENSCJAG00000019677,EPHX2
ENSCJAG00000071111,SNTG2
ENSCJAG00000069770,
ENSCJAG00000010348,TMEM101
ENSCJAG00000020489,TUBAL3
ENSCJAG00000004711,ABI1
ENSCJAG00000068401,TRBV23-1
ENSCJAG00000082478,Metazoa_SRP
ENSCJAG00000079479,
ENSCJAG00000013194,BAIAP3
ENSCJAG00000029226,cja-mir-187
ENSCJAG00000046454,IHH
ENSCJAG00000074227,RPS27
ENSCJAG00000016433,POLR1B
ENSCJAG00000077827,
ENSCJAG00000010459,FBXO3
ENSCJAG00000015616,CHRDL2
ENSCJAG00000044935,KRT76
ENSCJAG00000062733,
ENSCJAG00000023331,FOXB1
ENSCJAG00000082574,
ENSCJAG00000069853,
ENSCJAG00000045448,
ENSCJAG00000002419,SCAP
ENSCJAG00000029715,cja-mir-144
ENSCJAG00000005028,CEP76
ENSCJAG00000021041,C18orf21
ENSCJAG00000060216,U3
ENSCJAG00000000529,UCN3
ENSCJAG00000030097,cja-mir-451
ENSCJAG00000009741,ZYX
ENSCJAG00000064112,TRBV19
ENSCJAG00000000661,TMEM135
ENSCJAG00000082260,
ENSCJAG00000016783,ZFYVE27
ENSCJAG00000082396,
ENSCJAG00000019945,UBN1
ENSCJAG00000081278,U6
ENSCJAG00000020478,
ENSCJAG00000054583,Metazoa_SRP
ENSCJAG00000007431,USP5
ENSCJAG00000059165,LYSMD2
ENSCJAG00000011471,NHEJ1
ENSCJAG00000074309,
ENSCJAG00000048480,LSM12
ENSCJAG00000006722,ACTR2
ENSCJAG00000044437,TRBV16
ENSCJAG00000077170,
ENSCJAG00000059118,
ENSCJAG00000082214,FAM222B
ENSCJAG00000067051,
ENSCJAG00000011745,RGS11
ENSCJAG00000019387,RMND5A
ENSCJAG00000076722,KRT1
ENSCJAG00000006649,DOK3
ENSCJAG00000008938,COX17
ENSCJAG00000071564,Metazoa_SRP
ENSCJAG00000083280,
ENSCJAG00000019780,MTA1
ENSCJAG00000016175,TTLL3
ENSCJAG00000040362,UBE2Q2
ENSCJAG00000075995,
ENSCJAG00000021044,RPRD1A
ENSCJAG00000085987,Y_RNA
ENSCJAG00000002155,AMBRA1
ENSCJAG00000062525,U7
ENSCJAG00000054641,
ENSCJAG00000006828,OSBPL11
ENSCJAG00000009225,TAOK3
ENSCJAG00000051379,
ENSCJAG00000015101,PDE2A
ENSCJAG00000076625,Y_RNA
ENSCJAG00000084119,Metazoa_SRP
ENSCJAG00000059321,
ENSCJAG00000001438,FGFR2
ENSCJAG00000020961,RASGRP1
ENSCJAG00000075282,
ENSCJAG00000076660,
ENSCJAG00000073030,
ENSCJAG00000073406,Y_RNA
ENSCJAG00000043149,Metazoa_SRP
ENSCJAG00000011644,TMEM18
ENSCJAG00000081370,
ENSCJAG00000037433,CLEC6A
ENSCJAG00000013335,PPFIBP2
ENSCJAG00000051252,G6PC3
ENSCJAG00000075470,Metazoa_SRP
ENSCJAG00000074751,
ENSCJAG00000044523,Metazoa_SRP
ENSCJAG00000082852,
ENSCJAG00000042724,
ENSCJAG00000073569,
ENSCJAG00000058467,
ENSCJAG00000040010,Metazoa_SRP
ENSCJAG00000078526,Metazoa_SRP
ENSCJAG00000024954,U6
ENSCJAG00000084107,Metazoa_SRP
ENSCJAG00000036259,Metazoa_SRP
ENSCJAG00000078786,
ENSCJAG00000038584,cja-mir-103a-3
ENSCJAG00000076672,
ENSCJAG00000076161,
ENSCJAG00000011957,TDRP
ENSCJAG00000005964,MATN1
ENSCJAG00000048158,KRT2
ENSCJAG00000085402,
ENSCJAG00000002465,ELP6
ENSCJAG00000065482,
ENSCJAG00000052019,TSSC4
ENSCJAG00000007368,TBCEL
ENSCJAG00000015819,HELLS
ENSCJAG00000042985,Metazoa_SRP
ENSCJAG00000072908,
ENSCJAG00000087375,Metazoa_SRP
ENSCJAG00000011137,ADM
ENSCJAG00000073325,Metazoa_SRP
ENSCJAG00000047517,TMEM167B
ENSCJAG00000001126,CAD
ENSCJAG00000083133,
ENSCJAG00000003888,ANXA2
ENSCJAG00000006937,IPO4
ENSCJAG00000061479,
ENSCJAG00000069012,
ENSCJAG00000011478,SLC23A3
ENSCJAG00000074374,U6
ENSCJAG00000006678,PDLIM7
ENSCJAG00000008939,POPDC2
ENSCJAG00000071230,
ENSCJAG00000011757,SHLD2
ENSCJAG00000013161,TRAF4
ENSCJAG00000038348,FAM131B
ENSCJAG00000045479,Metazoa_SRP
ENSCJAG00000008291,HNRNPF
ENSCJAG00000003756,FUT8
ENSCJAG00000070588,Y_RNA
ENSCJAG00000080376,CLEC4D
ENSCJAG00000074550,
ENSCJAG00000004870,GNAT1
ENSCJAG00000014738,CD81
ENSCJAG00000070658,Metazoa_SRP
ENSCJAG00000042563,Metazoa_SRP
ENSCJAG00000078066,
ENSCJAG00000013712,
ENSCJAG00000086441,
ENSCJAG00000074485,GMNC
ENSCJAG00000020451,AKR1C1
ENSCJAG00000086216,
ENSCJAG00000010531,LMO2
ENSCJAG00000074419,U6
ENSCJAG00000011653,ALKAL2
ENSCJAG00000007768,HECW1
ENSCJAG00000007348,TPI1
ENSCJAG00000023486,U6
ENSCJAG00000055499,
ENSCJAG00000071281,Metazoa_SRP
ENSCJAG00000062185,LAPTM5
ENSCJAG00000079785,KRT72
ENSCJAG00000061000,MAK16
ENSCJAG00000011983,ERICH1
ENSCJAG00000084507,
ENSCJAG00000076965,U4
ENSCJAG00000028031,
ENSCJAG00000037995,RNF103
ENSCJAG00000039442,FXYD4
ENSCJAG00000019276,SDHAF2
ENSCJAG00000079870,
ENSCJAG00000018899,CLEC4E
ENSCJAG00000073638,Y_RNA
ENSCJAG00000078499,Metazoa_SRP
ENSCJAG00000019690,CHRNA2
ENSCJAG00000002499,CSPG5
ENSCJAG00000000932,FADD
ENSCJAG00000004307,NDUFV2
ENSCJAG00000007401,TECTA
ENSCJAG00000033470,
ENSCJAG00000085726,U6
ENSCJAG00000071431,U6
ENSCJAG00000080315,
ENSCJAG00000078320,
ENSCJAG00000061706,U7
ENSCJAG00000069736,U6
ENSCJAG00000015657,POLD3
ENSCJAG00000075035,
ENSCJAG00000076270,
ENSCJAG00000004893,SLC38A3
ENSCJAG00000082254,Metazoa_SRP
ENSCJAG00000055518,SPSB2
ENSCJAG00000048246,TMOD3
ENSCJAG00000078597,
ENSCJAG00000029283,
ENSCJAG00000079038,
ENSCJAG00000070841,
ENSCJAG00000081888,
ENSCJAG00000075871,
ENSCJAG00000004952,SPIRE1
ENSCJAG00000079814,
ENSCJAG00000044173,SLC66A3
ENSCJAG00000002335,GARIN6
ENSCJAG00000021063,ELP2
ENSCJAG00000080428,U6
ENSCJAG00000070100,
ENSCJAG00000068134,
ENSCJAG00000087027,
ENSCJAG00000010542,CAPRIN1
ENSCJAG00000011492,CNPPD1
ENSCJAG00000018856,AICDA
ENSCJAG00000064215,OSTN
ENSCJAG00000043891,Metazoa_SRP
ENSCJAG00000083464,TSPAN32
ENSCJAG00000079766,
ENSCJAG00000001673,SHC4
ENSCJAG00000078132,
ENSCJAG00000010230,HDAC5
ENSCJAG00000078471,
ENSCJAG00000082657,
ENSCJAG00000018102,KRT74
ENSCJAG00000055140,U2
ENSCJAG00000011634,PDGFRL
ENSCJAG00000011663,ACP1
ENSCJAG00000007339,LRRC23
ENSCJAG00000085360,SDC3
ENSCJAG00000013137,NEK8
ENSCJAG00000053703,
ENSCJAG00000066775,U2
ENSCJAG00000009651,CLCN1
ENSCJAG00000004541,DLGAP2
ENSCJAG00000020695,SS18
ENSCJAG00000002511,SMARCC1
ENSCJAG00000073927,U4
ENSCJAG00000070224,
ENSCJAG00000073848,
ENSCJAG00000083975,
ENSCJAG00000019406,CHMP3
ENSCJAG00000077911,
ENSCJAG00000072612,Metazoa_SRP
ENSCJAG00000016475,TTL
ENSCJAG00000018655,UACA
ENSCJAG00000035611,RYR3
ENSCJAG00000009263,OTOG
ENSCJAG00000038278,LIPT2
ENSCJAG00000038863,Metazoa_SRP
ENSCJAG00000057495,U7
ENSCJAG00000084577,U6
ENSCJAG00000011041,AMPD3
ENSCJAG00000013727,GPBP1L1
ENSCJAG00000046232,HARBI1
ENSCJAG00000081787,
ENSCJAG00000021865,
ENSCJAG00000077272,U6
ENSCJAG00000063262,
ENSCJAG00000042738,KCNE3
ENSCJAG00000019574,PTK2B
ENSCJAG00000079383,C2orf50
ENSCJAG00000011401,VWA3B
ENSCJAG00000085884,
ENSCJAG00000011110,KIF20B
ENSCJAG00000008949,PLA1A
ENSCJAG00000087061,
ENSCJAG00000063337,
ENSCJAG00000081381,
ENSCJAG00000046275,RAB1A
ENSCJAG00000002736,ELAPOR1
ENSCJAG00000081140,Metazoa_SRP
ENSCJAG00000082882,
ENSCJAG00000045388,U6
ENSCJAG00000015692,PGM2L1
ENSCJAG00000010585,NAT10
ENSCJAG00000046567,RETREG2
ENSCJAG00000026863,U6
ENSCJAG00000006729,DBN1
ENSCJAG00000022930,KCNF1
ENSCJAG00000057104,
ENSCJAG00000085240,
ENSCJAG00000069926,Metazoa_SRP
ENSCJAG00000036997,
ENSCJAG00000061079,ARHGDIG
ENSCJAG00000083466,
ENSCJAG00000010970,
ENSCJAG00000017749,ZCRB1
ENSCJAG00000084403,U6
ENSCJAG00000022467,
ENSCJAG00000000936,PPFIA1
ENSCJAG00000018846,MFAP5
ENSCJAG00000085948,U6
ENSCJAG00000019272,SAXO4
ENSCJAG00000016261,CIDEC
ENSCJAG00000074858,
ENSCJAG00000009586,CASP2
ENSCJAG00000063011,
ENSCJAG00000071780,
ENSCJAG00000085962,
ENSCJAG00000071832,
ENSCJAG00000080025,
ENSCJAG00000082016,
ENSCJAG00000087263,
ENSCJAG00000019823,ATG13
ENSCJAG00000021446,HGH1
ENSCJAG00000004925,GNAI2
ENSCJAG00000080684,Metazoa_SRP
ENSCJAG00000045161,SUDS3
ENSCJAG00000011665,SLC7A2
ENSCJAG00000069653,Y_RNA
ENSCJAG00000083528,
ENSCJAG00000007436,SC5D
ENSCJAG00000079119,
ENSCJAG00000073130,
ENSCJAG00000036986,Metazoa_SRP
ENSCJAG00000011786,
ENSCJAG00000044195,USP34
ENSCJAG00000078773,
ENSCJAG00000054687,
ENSCJAG00000006694,PDIA6
ENSCJAG00000082271,Metazoa_SRP
ENSCJAG00000002230,BLTP3B
ENSCJAG00000073784,
ENSCJAG00000001637,SECISBP2L
ENSCJAG00000072323,SNORD13E
ENSCJAG00000081877,Metazoa_SRP
ENSCJAG00000055702,U6
ENSCJAG00000057937,Metazoa_SRP
ENSCJAG00000058980,
ENSCJAG00000015911,CYP2C18
ENSCJAG00000086173,
ENSCJAG00000079900,
ENSCJAG00000016808,SFRP5
ENSCJAG00000007307,ENO2
ENSCJAG00000071510,Metazoa_SRP
ENSCJAG00000086479,U6
ENSCJAG00000011770,
ENSCJAG00000014177,CCDC50
ENSCJAG00000077863,
ENSCJAG00000014547,CCDC90B
ENSCJAG00000070476,
ENSCJAG00000017960,KRT82
ENSCJAG00000047609,
ENSCJAG00000013185,TSR3
ENSCJAG00000069646,
ENSCJAG00000015710,P4HA3
ENSCJAG00000052694,
ENSCJAG00000043201,Metazoa_SRP
ENSCJAG00000004775,ACBD5
ENSCJAG00000004564,CLN8
ENSCJAG00000084429,
ENSCJAG00000013131,TLCD1
ENSCJAG00000080767,
ENSCJAG00000076211,Y_RNA
ENSCJAG00000039842,Metazoa_SRP
ENSCJAG00000018290,CALHM2
ENSCJAG00000077058,
ENSCJAG00000007580,TTI2
ENSCJAG00000079030,
ENSCJAG00000081684,
ENSCJAG00000064134,
ENSCJAG00000042037,RAB11A
ENSCJAG00000086241,
ENSCJAG00000013166,GNPTG
ENSCJAG00000075612,TMEM139
ENSCJAG00000070734,
ENSCJAG00000018294,CALHM1
ENSCJAG00000076974,
ENSCJAG00000084732,Y_RNA
ENSCJAG00000064631,
ENSCJAG00000073089,Y_RNA
ENSCJAG00000061345,
ENSCJAG00000079625,
ENSCJAG00000032332,TGM5
ENSCJAG00000085250,
ENSCJAG00000075883,U4
ENSCJAG00000051949,
ENSCJAG00000072782,
ENSCJAG00000011503,ZFAND2B
ENSCJAG00000060914,
ENSCJAG00000086260,
ENSCJAG00000018295,CALHM3
ENSCJAG00000019959,PPL
ENSCJAG00000015734,PPME1
ENSCJAG00000087255,
ENSCJAG00000079397,ASCL2
ENSCJAG00000073202,
ENSCJAG00000021864,LRRC10B
ENSCJAG00000045518,JAGN1
ENSCJAG00000003388,TTC27
ENSCJAG00000069982,
ENSCJAG00000006741,ZNF148
ENSCJAG00000086105,
ENSCJAG00000047297,
ENSCJAG00000013126,RPL23A
ENSCJAG00000011809,AXIN1
ENSCJAG00000041012,CCDC196
ENSCJAG00000009146,SRRM4
ENSCJAG00000009258,MYOD1
ENSCJAG00000011675,SH3YL1
ENSCJAG00000082393,
ENSCJAG00000079338,CYP2C19
ENSCJAG00000004931,PRELID3A
ENSCJAG00000013151,UNKL
ENSCJAG00000006035,PUM1
ENSCJAG00000019849,ARHGAP1
ENSCJAG00000073864,
ENSCJAG00000019783,CRIP2
ENSCJAG00000006911,TM9SF1
ENSCJAG00000077268,Metazoa_SRP
ENSCJAG00000083582,
ENSCJAG00000002635,DHX30
ENSCJAG00000014555,ANKRD42
ENSCJAG00000076219,
ENSCJAG00000070273,
ENSCJAG00000009548,GSTK1
ENSCJAG00000087121,
ENSCJAG00000086208,
ENSCJAG00000016479,ZC3H6
ENSCJAG00000047912,NEURL1
ENSCJAG00000007290,KCNC1
ENSCJAG00000003977,ICE2
ENSCJAG00000071443,U6
ENSCJAG00000007276,ATN1
ENSCJAG00000007236,CNGA3
ENSCJAG00000074571,
ENSCJAG00000062272,
ENSCJAG00000016205,IL17RE
ENSCJAG00000008966,ADPRH
ENSCJAG00000082925,
ENSCJAG00000059582,SNORD4B
ENSCJAG00000011014,RNF141
ENSCJAG00000018810,RIMKLB
ENSCJAG00000010711,ABTB2
ENSCJAG00000020448,AKR1E2
ENSCJAG00000083364,
ENSCJAG00000076623,Metazoa_SRP
ENSCJAG00000057621,SNORD42
ENSCJAG00000070382,
ENSCJAG00000086521,
ENSCJAG00000084798,
ENSCJAG00000070526,
ENSCJAG00000071078,
ENSCJAG00000076933,
ENSCJAG00000070139,
ENSCJAG00000052870,SNORD4A
ENSCJAG00000063411,U7
ENSCJAG00000019859,ZNF408
ENSCJAG00000076299,
ENSCJAG00000082204,U7
ENSCJAG00000070251,
ENSCJAG00000056763,SNORD42
ENSCJAG00000041196,ARHGEF10
ENSCJAG00000040195,RNF122
ENSCJAG00000025643,SNORA73
ENSCJAG00000047961,Y_RNA
ENSCJAG00000085234,U6
ENSCJAG00000070464,Metazoa_SRP
ENSCJAG00000084516,Metazoa_SRP
ENSCJAG00000047738,Metazoa_SRP
ENSCJAG00000072643,Y_RNA
ENSCJAG00000043323,KRT84
ENSCJAG00000074054,
ENSCJAG00000005491,AK2
ENSCJAG00000021450,MAF1
ENSCJAG00000045811,GPRIN2
ENSCJAG00000084370,Metazoa_SRP
ENSCJAG00000078616,U6
ENSCJAG00000082649,
ENSCJAG00000077930,
ENSCJAG00000004845,SEMA3B
ENSCJAG00000083944,
ENSCJAG00000006764,PRR7
ENSCJAG00000008972,CD80
ENSCJAG00000011512,ABCB6
ENSCJAG00000013649,UBALD2
ENSCJAG00000071094,Metazoa_SRP
ENSCJAG00000079294,Metazoa_SRP
ENSCJAG00000048384,SARS1
ENSCJAG00000049341,
ENSCJAG00000043598,U7
ENSCJAG00000083788,HSPB8
ENSCJAG00000080730,Metazoa_SRP
ENSCJAG00000007272,C12orf57
ENSCJAG00000007446,SORL1
ENSCJAG00000075534,
ENSCJAG00000000657,FZD4
ENSCJAG00000049269,
ENSCJAG00000047788,Y_RNA
ENSCJAG00000081059,
ENSCJAG00000019864,F2
ENSCJAG00000061688,
ENSCJAG00000036417,U2
ENSCJAG00000019788,CRIP1
ENSCJAG00000006901,TSSK4
ENSCJAG00000006687,SLC12A8
ENSCJAG00000074788,
ENSCJAG00000002937,TGM7
ENSCJAG00000073084,U6
ENSCJAG00000079487,
ENSCJAG00000071632,Vault
ENSCJAG00000046236,LARP6
ENSCJAG00000074307,
ENSCJAG00000070726,U7
ENSCJAG00000013576,TREH
ENSCJAG00000076883,
ENSCJAG00000078491,
ENSCJAG00000074269,U4
ENSCJAG00000083134,
ENSCJAG00000084806,
ENSCJAG00000001585,COPS2
ENSCJAG00000039308,Metazoa_SRP
ENSCJAG00000079733,Metazoa_SRP
ENSCJAG00000013101,RAB34
ENSCJAG00000004808,MASTL
ENSCJAG00000065035,
ENSCJAG00000080642,Metazoa_SRP
ENSCJAG00000047555,U6
ENSCJAG00000019863,TRIM35
ENSCJAG00000019976,SEC14L5
ENSCJAG00000009133,CCDC60
ENSCJAG00000018756,A2ML1
ENSCJAG00000015764,C2CD3
ENSCJAG00000083142,U6
ENSCJAG00000075188,U6
ENSCJAG00000004847,AFG3L2
ENSCJAG00000007554,DUSP26
ENSCJAG00000006660,ATP6V1C2
ENSCJAG00000006775,GRK6
ENSCJAG00000081170,KRT83
ENSCJAG00000072263,
ENSCJAG00000015888,CYP2C19
ENSCJAG00000013612,QRICH2
ENSCJAG00000019261,SYT7
ENSCJAG00000077771,Y_RNA
ENSCJAG00000011002,LYVE1
ENSCJAG00000068628,
ENSCJAG00000087361,
ENSCJAG00000007145,INPP4A
ENSCJAG00000004984,LSMEM2
ENSCJAG00000008990,TIMMDC1
ENSCJAG00000046366,
ENSCJAG00000000966,LEO1
ENSCJAG00000004012,TXNL1
ENSCJAG00000019791,TEDC1
ENSCJAG00000052390,U6
ENSCJAG00000011725,MTMR7
ENSCJAG00000054333,CHMP4A
ENSCJAG00000076313,
ENSCJAG00000009471,KEL
ENSCJAG00000021452,SHARPIN
ENSCJAG00000083388,MRPL28
ENSCJAG00000001411,ATE1
ENSCJAG00000079494,
ENSCJAG00000086041,
ENSCJAG00000007283,SERGEF
ENSCJAG00000007353,MEGF11
ENSCJAG00000045538,Metazoa_SRP
ENSCJAG00000014595,PCF11
ENSCJAG00000081312,Metazoa_SRP
ENSCJAG00000019414,KDM3A
ENSCJAG00000084445,
ENSCJAG00000082585,U6
ENSCJAG00000000732,CACNA1C
ENSCJAG00000018602,LRRC49
ENSCJAG00000010201,HROB
ENSCJAG00000073040,
ENSCJAG00000072236,
ENSCJAG00000014406,UQCC4
ENSCJAG00000018307,SH3PXD2A
ENSCJAG00000072693,KRT86
ENSCJAG00000075160,
ENSCJAG00000016821,CRTAC1
ENSCJAG00000087374,U7
ENSCJAG00000019998,NAGPA
ENSCJAG00000063732,
ENSCJAG00000044114,POGLUT1
ENSCJAG00000004993,IFRD2
ENSCJAG00000087144,
ENSCJAG00000074610,Y_RNA
ENSCJAG00000011857,TMEM8
ENSCJAG00000043983,MDP1
ENSCJAG00000031256,U6
ENSCJAG00000018412,TH
ENSCJAG00000086740,
ENSCJAG00000002923,ADAL
ENSCJAG00000085126,
ENSCJAG00000073078,
ENSCJAG00000019878,CKAP5
ENSCJAG00000015520,GPHN
ENSCJAG00000066063,
ENSCJAG00000003301,BIRC6
ENSCJAG00000007188,PTPN6
ENSCJAG00000059178,
ENSCJAG00000038190,PERCC1
ENSCJAG00000078337,
ENSCJAG00000055667,
ENSCJAG00000069988,
ENSCJAG00000087082,
ENSCJAG00000075057,Metazoa_SRP
ENSCJAG00000009036,TMEM39A
ENSCJAG00000086482,
ENSCJAG00000021454,CYC1
ENSCJAG00000034961,
ENSCJAG00000078624,Y_RNA
ENSCJAG00000082495,U4
ENSCJAG00000074530,
ENSCJAG00000073780,U6
ENSCJAG00000011075,HTR7
ENSCJAG00000084293,NEDD8
ENSCJAG00000010097,TBC1D2B
ENSCJAG00000074907,U6
ENSCJAG00000070732,
ENSCJAG00000021051,SLC39A6
ENSCJAG00000072144,Metazoa_SRP
ENSCJAG00000007799,STK17A
ENSCJAG00000065656,
ENSCJAG00000019866,STMN4
ENSCJAG00000025155,
ENSCJAG00000079029,
ENSCJAG00000018005,KRT81
ENSCJAG00000013085,PROCA1
ENSCJAG00000078049,
ENSCJAG00000014379,CCDC154
ENSCJAG00000079093,
ENSCJAG00000019991,C16orf89
ENSCJAG00000083519,
ENSCJAG00000006338,TMEM121
ENSCJAG00000064453,
ENSCJAG00000069872,Metazoa_SRP
ENSCJAG00000062072,
ENSCJAG00000032379,KLF6
ENSCJAG00000071383,
ENSCJAG00000080148,
ENSCJAG00000046573,FAM110C
ENSCJAG00000076893,Y_RNA
ENSCJAG00000021984,TAS2R40
ENSCJAG00000043226,Metazoa_SRP
ENSCJAG00000072839,
ENSCJAG00000086378,Metazoa_SRP
ENSCJAG00000013591,DDX6
ENSCJAG00000078164,
ENSCJAG00000080263,U4
ENSCJAG00000059548,Metazoa_SRP
ENSCJAG00000004830,YME1L1
ENSCJAG00000001580,GALK2
ENSCJAG00000080497,
ENSCJAG00000086168,Metazoa_SRP
ENSCJAG00000079887,Metazoa_SRP
ENSCJAG00000013315,CYB5R2
ENSCJAG00000064402,
ENSCJAG00000010742,CAT
ENSCJAG00000016222,IL17RC
ENSCJAG00000009060,ARHGAP31
ENSCJAG00000003989,RORA
ENSCJAG00000076997,
ENSCJAG00000021455,GPAA1
ENSCJAG00000083720,
ENSCJAG00000013587,PRPSAP1
ENSCJAG00000076675,
ENSCJAG00000002903,ZSCAN29
ENSCJAG00000075962,Metazoa_SRP
ENSCJAG00000000962,MAPK6
ENSCJAG00000082439,
ENSCJAG00000039593,TUBB6
ENSCJAG00000080791,
ENSCJAG00000073845,
ENSCJAG00000041773,RAB30
ENSCJAG00000011691,
ENSCJAG00000070004,
ENSCJAG00000080484,
ENSCJAG00000003937,WDR7
ENSCJAG00000005065,HYAL3
ENSCJAG00000006834,F12
ENSCJAG00000046297,TAS2R39
ENSCJAG00000004279,MTCL1
ENSCJAG00000069083,Metazoa_SRP
ENSCJAG00000000649,ME3
ENSCJAG00000021092,MOCOS
ENSCJAG00000063658,U7
ENSCJAG00000007826,COA1
ENSCJAG00000000960,BCL2L10
ENSCJAG00000012982,SUPT6H
ENSCJAG00000002192,ACTR6
ENSCJAG00000006792,GMPR
ENSCJAG00000078136,NME4
ENSCJAG00000073462,Metazoa_SRP
ENSCJAG00000049819,
ENSCJAG00000045041,
ENSCJAG00000070754,
ENSCJAG00000083713,
ENSCJAG00000079132,
ENSCJAG00000083377,SNORA70
ENSCJAG00000077315,Metazoa_SRP
ENSCJAG00000011045,RPP30
ENSCJAG00000073197,
ENSCJAG00000079164,U6
ENSCJAG00000078977,
ENSCJAG00000011523,ATG9A
ENSCJAG00000072820,
ENSCJAG00000071939,
ENSCJAG00000080792,
ENSCJAG00000081547,TMEM233
ENSCJAG00000006666,HEG1
ENSCJAG00000037555,Metazoa_SRP
ENSCJAG00000086459,Metazoa_SRP
ENSCJAG00000072792,Metazoa_SRP
ENSCJAG00000006841,PFN3
ENSCJAG00000040892,FGF12
ENSCJAG00000009535,PIP
ENSCJAG00000069683,COA5
ENSCJAG00000077710,Metazoa_SRP
ENSCJAG00000010880,IRAG1
ENSCJAG00000086217,
ENSCJAG00000010192,ASB16
ENSCJAG00000032838,
ENSCJAG00000083426,THAP10
ENSCJAG00000017950,KRT7
ENSCJAG00000075973,
ENSCJAG00000001676,MYBPC1
ENSCJAG00000078612,
ENSCJAG00000053788,
ENSCJAG00000075060,Metazoa_SRP
ENSCJAG00000031099,SNORD67
ENSCJAG00000020001,ALG1
ENSCJAG00000044249,
ENSCJAG00000032827,OR5P2
ENSCJAG00000087316,Y_RNA
ENSCJAG00000082141,U6
ENSCJAG00000076829,
ENSCJAG00000084750,
ENSCJAG00000066236,U6
ENSCJAG00000013579,SPHK1
ENSCJAG00000014654,DDIAS
ENSCJAG00000007132,UNC50
ENSCJAG00000085669,
ENSCJAG00000077597,
ENSCJAG00000081774,
ENSCJAG00000087242,U6
ENSCJAG00000061742,cja-mir-548w
ENSCJAG00000006845,SLC34A1
ENSCJAG00000080515,
ENSCJAG00000016337,
ENSCJAG00000070097,U6
ENSCJAG00000000947,GNB5
ENSCJAG00000009119,PRKAB1
ENSCJAG00000056264,U4
ENSCJAG00000021983,OR6V1
ENSCJAG00000084210,Metazoa_SRP
ENSCJAG00000002852,TUBGCP4
ENSCJAG00000007829,BLVRA
ENSCJAG00000010189,TMUB2
ENSCJAG00000010111,SH2D7
ENSCJAG00000071721,
ENSCJAG00000001964,
ENSCJAG00000040519,ELF5
ENSCJAG00000013620,CXCR5
ENSCJAG00000017933,KRT80
ENSCJAG00000057231,IGHM
ENSCJAG00000009465,LLCFC1
ENSCJAG00000011769,VPS37A
ENSCJAG00000018715,PHC1
ENSCJAG00000078158,
ENSCJAG00000071923,
ENSCJAG00000084277,U6
ENSCJAG00000002840,CELSR2
ENSCJAG00000021458,EXOSC4
ENSCJAG00000006602,NOL10
ENSCJAG00000009072,B4GALT4
ENSCJAG00000080091,
ENSCJAG00000051818,cja-mir-1240
ENSCJAG00000007102,MGAT4A
ENSCJAG00000018572,THSD4
ENSCJAG00000084349,U6
ENSCJAG00000020425,PITRM1
ENSCJAG00000014423,CLCN7
ENSCJAG00000005093,HYAL1
ENSCJAG00000040075,Y_RNA
ENSCJAG00000038576,REEP1
ENSCJAG00000039003,U6
ENSCJAG00000063920,cja-mir-9936-2
ENSCJAG00000024476,Y_RNA
ENSCJAG00000071071,
ENSCJAG00000085816,
ENSCJAG00000010115,CIB2
ENSCJAG00000078989,
ENSCJAG00000079353,
ENSCJAG00000072709,OR10A6
ENSCJAG00000015961,CYP2C76
ENSCJAG00000042800,Y_RNA
ENSCJAG00000011883,DECR2
ENSCJAG00000082472,KBTBD11
ENSCJAG00000001170,ATRAID
ENSCJAG00000002818,UNC5D
ENSCJAG00000082351,
ENSCJAG00000078279,
ENSCJAG00000013622,BCL9L
ENSCJAG00000011574,ANKZF1
ENSCJAG00000083699,
ENSCJAG00000080691,Metazoa_SRP
ENSCJAG00000063221,
ENSCJAG00000072195,
ENSCJAG00000014662,PRCP
ENSCJAG00000083847,
ENSCJAG00000082340,OR10A3
ENSCJAG00000059834,
ENSCJAG00000070092,KCNMB2
ENSCJAG00000058486,IGHV6-1
ENSCJAG00000020711,TAF4B
ENSCJAG00000017929,ATG101
ENSCJAG00000042843,Metazoa_SRP
ENSCJAG00000035162,U1
ENSCJAG00000078781,Metazoa_SRP
ENSCJAG00000040388,STN1
ENSCJAG00000076067,
ENSCJAG00000075386,
ENSCJAG00000006774,TINF2
ENSCJAG00000013570,UBE2O
ENSCJAG00000011021,ANKRD1
ENSCJAG00000086931,
ENSCJAG00000028837,cja-mir-200c
ENSCJAG00000078709,
ENSCJAG00000081152,
ENSCJAG00000011939,NLRP10
ENSCJAG00000007842,MRPS24
ENSCJAG00000069973,
ENSCJAG00000020005,EEF2KMT
ENSCJAG00000051339,
ENSCJAG00000021459,OPLAH
ENSCJAG00000079760,Metazoa_SRP
ENSCJAG00000009095,UPK1B
ENSCJAG00000081499,
ENSCJAG00000084219,Y_RNA
ENSCJAG00000028349,cja-mir-141
ENSCJAG00000082321,
ENSCJAG00000072315,Metazoa_SRP
ENSCJAG00000057912,MB21D2
ENSCJAG00000037026,Metazoa_SRP
ENSCJAG00000085561,
ENSCJAG00000044155,
ENSCJAG00000019944,LRP4
ENSCJAG00000073642,
ENSCJAG00000086748,
ENSCJAG00000083255,
ENSCJAG00000038268,NKAIN1
ENSCJAG00000011897,RAB11FIP3
ENSCJAG00000043934,
ENSCJAG00000000514,TRMT10C
ENSCJAG00000011903,EIF3F
ENSCJAG00000082267,
ENSCJAG00000076723,
ENSCJAG00000009427,TRPV6
ENSCJAG00000048104,TUSC2
ENSCJAG00000002141,SCYL2
ENSCJAG00000001184,SLC5A6
ENSCJAG00000068582,
ENSCJAG00000077675,U1
ENSCJAG00000081836,
ENSCJAG00000087040,
ENSCJAG00000064279,U4
ENSCJAG00000079230,
ENSCJAG00000076641,
ENSCJAG00000072942,
ENSCJAG00000070383,Metazoa_SRP
ENSCJAG00000082993,
ENSCJAG00000009005,CIT
ENSCJAG00000052282,PCNP
ENSCJAG00000011795,CNOT7
ENSCJAG00000080440,
ENSCJAG00000075627,Metazoa_SRP
ENSCJAG00000072080,
ENSCJAG00000075168,
ENSCJAG00000002028,
ENSCJAG00000083525,
ENSCJAG00000063226,U3
ENSCJAG00000017915,NR4A1
ENSCJAG00000018552,NR2E3
ENSCJAG00000055591,Metazoa_SRP
ENSCJAG00000007137,PHB2
ENSCJAG00000086742,
ENSCJAG00000006873,RGS14
ENSCJAG00000086317,
ENSCJAG00000074327,
ENSCJAG00000086567,Metazoa_SRP
ENSCJAG00000006212,SNRNP40
ENSCJAG00000079915,Y_RNA
ENSCJAG00000076134,
ENSCJAG00000004613,MYOM2
ENSCJAG00000003491,WAPL
ENSCJAG00000005126,RASSF1
ENSCJAG00000075222,Metazoa_SRP
ENSCJAG00000027081,Y_RNA
ENSCJAG00000072720,U6
ENSCJAG00000086849,
ENSCJAG00000032440,UCP3
ENSCJAG00000077711,U6
ENSCJAG00000075311,
ENSCJAG00000013399,ZMAT3
ENSCJAG00000007849,URGCP
ENSCJAG00000010810,EHF
ENSCJAG00000072755,CRACDL
ENSCJAG00000007213,SAA4
ENSCJAG00000016839,R3HCC1L
ENSCJAG00000023472,
ENSCJAG00000011433,GLB1L
ENSCJAG00000034064,PDLIM1
ENSCJAG00000079371,Metazoa_SRP
ENSCJAG00000080702,
ENSCJAG00000081070,
ENSCJAG00000060786,
ENSCJAG00000076034,
ENSCJAG00000072960,
ENSCJAG00000058575,U6
ENSCJAG00000001198,TCF23
ENSCJAG00000002786,TP53BP1
ENSCJAG00000079510,
ENSCJAG00000000499,ZBTB11
ENSCJAG00000004814,CIDEA
ENSCJAG00000022962,
ENSCJAG00000001562,FAM227B
ENSCJAG00000078266,Y_RNA
ENSCJAG00000063010,
ENSCJAG00000010136,IDH3A
ENSCJAG00000009123,TEX55
ENSCJAG00000047149,
ENSCJAG00000071189,U6
ENSCJAG00000079752,Metazoa_SRP
ENSCJAG00000072044,Metazoa_SRP
ENSCJAG00000077316,
ENSCJAG00000023703,U3
ENSCJAG00000072214,Y_RNA
ENSCJAG00000086417,
ENSCJAG00000011824,ZDHHC2
ENSCJAG00000014709,FAM181B
ENSCJAG00000035804,INS
ENSCJAG00000043247,
ENSCJAG00000043732,Metazoa_SRP
ENSCJAG00000003339,HGF
ENSCJAG00000086519,Metazoa_SRP
ENSCJAG00000075915,
ENSCJAG00000001206,
ENSCJAG00000084971,
ENSCJAG00000003935,
ENSCJAG00000081433,
ENSCJAG00000052921,
ENSCJAG00000072060,
ENSCJAG00000078515,
ENSCJAG00000085083,
ENSCJAG00000074682,
ENSCJAG00000011001,PCGF5
ENSCJAG00000002483,MAP4
ENSCJAG00000018363,SLK
ENSCJAG00000011854,TUB
ENSCJAG00000080547,
ENSCJAG00000021464,SPATC1
ENSCJAG00000012898,BLTP2
ENSCJAG00000069489,
ENSCJAG00000047118,
ENSCJAG00000065396,APIP
ENSCJAG00000082881,
ENSCJAG00000085903,
ENSCJAG00000013563,
ENSCJAG00000084299,U7
ENSCJAG00000038692,Y_RNA
ENSCJAG00000073476,UCP2
ENSCJAG00000006259,ZCCHC17
ENSCJAG00000013900,HMBS
ENSCJAG00000011919,SOLH
ENSCJAG00000084508,
ENSCJAG00000078735,
ENSCJAG00000009128,IGSF11
ENSCJAG00000086950,U6
ENSCJAG00000069851,U6
ENSCJAG00000076502,
ENSCJAG00000007204,SAA1
ENSCJAG00000078278,
ENSCJAG00000006640,MUC13
ENSCJAG00000019248,DAGLA
ENSCJAG00000075257,
ENSCJAG00000083943,
ENSCJAG00000079369,
ENSCJAG00000073404,
ENSCJAG00000085437,
ENSCJAG00000003917,ST8SIA3
ENSCJAG00000021104,FHOD3
ENSCJAG00000075994,
ENSCJAG00000001289,TACC2
ENSCJAG00000086363,Metazoa_SRP
ENSCJAG00000086720,
ENSCJAG00000083729,
ENSCJAG00000021466,GRINA
ENSCJAG00000071911,
ENSCJAG00000005151,ZMYND10
ENSCJAG00000043014,SCARNA12
ENSCJAG00000075022,Metazoa_SRP
ENSCJAG00000081849,Metazoa_SRP
ENSCJAG00000012092,CCDC81
ENSCJAG00000006576,ODC1
ENSCJAG00000085825,
ENSCJAG00000018424,IGF2
ENSCJAG00000079757,
ENSCJAG00000076587,ONECUT2
ENSCJAG00000014497,PTX4
ENSCJAG00000083241,FGF7
ENSCJAG00000086746,Y_RNA
ENSCJAG00000081580,
ENSCJAG00000010642,ANKRD62
ENSCJAG00000011592,STK16
ENSCJAG00000075660,
ENSCJAG00000010888,PDHX
ENSCJAG00000067041,
ENSCJAG00000083930,Y_RNA
ENSCJAG00000007411,DIS3L
ENSCJAG00000020417,PFKP
ENSCJAG00000006740,TGM1
ENSCJAG00000011940,PRR35
ENSCJAG00000070858,
ENSCJAG00000015823,DNAJB13
ENSCJAG00000000985,CTTN
ENSCJAG00000070471,
ENSCJAG00000013294,PIK3CA
ENSCJAG00000000496,RPL24
ENSCJAG00000082475,
ENSCJAG00000070446,Metazoa_SRP
ENSCJAG00000073160,Metazoa_SRP
ENSCJAG00000001207,PREB
ENSCJAG00000072566,
ENSCJAG00000019467,MRPL35
ENSCJAG00000082140,
ENSCJAG00000087340,
ENSCJAG00000001548,DTWD1
ENSCJAG00000076575,
ENSCJAG00000069723,
ENSCJAG00000068465,SNORA80B
ENSCJAG00000074985,
ENSCJAG00000011456,TSGA10
ENSCJAG00000085672,
ENSCJAG00000034531,PARP10
ENSCJAG00000014499,TELO2
ENSCJAG00000083913,Metazoa_SRP
ENSCJAG00000079700,
ENSCJAG00000013527,RHBDF2
ENSCJAG00000017891,ACVR1B
ENSCJAG00000015489,GARIN2
ENSCJAG00000005172,NPRL2
ENSCJAG00000084680,
ENSCJAG00000083127,
ENSCJAG00000020533,GRID1
ENSCJAG00000079257,Metazoa_SRP
ENSCJAG00000082928,
ENSCJAG00000041528,HPCAL1
ENSCJAG00000070442,
ENSCJAG00000085277,
ENSCJAG00000082317,cja-mir-483
ENSCJAG00000070591,
ENSCJAG00000069606,
ENSCJAG00000012856,DLGAP1
ENSCJAG00000074640,U6
ENSCJAG00000082872,
ENSCJAG00000081427,
ENSCJAG00000083744,Y_RNA
ENSCJAG00000071118,
ENSCJAG00000070679,
ENSCJAG00000076210,
ENSCJAG00000082560,
ENSCJAG00000072525,
ENSCJAG00000074861,Metazoa_SRP
ENSCJAG00000078005,
ENSCJAG00000075504,U6
ENSCJAG00000071891,
ENSCJAG00000016875,LOXL4
ENSCJAG00000085572,
ENSCJAG00000011948,PIGQ
ENSCJAG00000070567,
ENSCJAG00000073308,
ENSCJAG00000086000,U6
ENSCJAG00000072487,
ENSCJAG00000000493,CEP97
ENSCJAG00000085355,
ENSCJAG00000083971,Y_RNA
ENSCJAG00000025564,
ENSCJAG00000061956,
ENSCJAG00000006606,ITGB5
ENSCJAG00000077872,
ENSCJAG00000072056,
ENSCJAG00000080863,
ENSCJAG00000072017,U6
ENSCJAG00000065200,
ENSCJAG00000080237,
ENSCJAG00000005206,CYB561D2
ENSCJAG00000080443,
ENSCJAG00000019216,TMEM258
ENSCJAG00000056349,
ENSCJAG00000060559,Metazoa_SRP
ENSCJAG00000053433,U6
ENSCJAG00000074360,
ENSCJAG00000041472,HIKESHI
ENSCJAG00000077131,
ENSCJAG00000015428,PALS1
ENSCJAG00000070762,TUBA4A
ENSCJAG00000075426,Metazoa_SRP
ENSCJAG00000082525,
ENSCJAG00000079442,
ENSCJAG00000027037,MIR346
ENSCJAG00000018986,EPHB6
ENSCJAG00000002767,MAP1A
ENSCJAG00000085589,U6
ENSCJAG00000071320,
ENSCJAG00000014532,IFT140
ENSCJAG00000055394,
ENSCJAG00000076251,
ENSCJAG00000074546,
ENSCJAG00000010937,HECTD2
ENSCJAG00000081672,Metazoa_SRP
ENSCJAG00000075545,
ENSCJAG00000050424,
ENSCJAG00000069667,
ENSCJAG00000075473,
ENSCJAG00000080371,
ENSCJAG00000073151,
ENSCJAG00000011856,MICU3
ENSCJAG00000072710,
ENSCJAG00000005213,TMEM115
ENSCJAG00000008974,BICDL1
ENSCJAG00000011836,RIC3
ENSCJAG00000067643,FABP3
ENSCJAG00000073990,
ENSCJAG00000061683,
ENSCJAG00000084055,
ENSCJAG00000087063,U6
ENSCJAG00000015981,SORBS1
ENSCJAG00000079200,U1
ENSCJAG00000074322,
ENSCJAG00000044372,IMPA2
ENSCJAG00000006533,RRM2
ENSCJAG00000058961,
ENSCJAG00000010176,ACSBG1
ENSCJAG00000011658,
ENSCJAG00000086976,
ENSCJAG00000006726,RABGGTA
ENSCJAG00000086750,
ENSCJAG00000081062,
ENSCJAG00000007185,HPS5
ENSCJAG00000074691,
ENSCJAG00000010471,BTG4
ENSCJAG00000085184,
ENSCJAG00000080397,
ENSCJAG00000066829,TRBV10-2
ENSCJAG00000036499,Metazoa_SRP
ENSCJAG00000079191,
ENSCJAG00000015828,PAAF1
ENSCJAG00000055903,FEN1
ENSCJAG00000009172,LSAMP
ENSCJAG00000080447,
ENSCJAG00000086272,
ENSCJAG00000018532,MYO9A
ENSCJAG00000019480,IMMT
ENSCJAG00000003297,SEMA3C
ENSCJAG00000069729,
ENSCJAG00000080929,
ENSCJAG00000080641,U6
ENSCJAG00000074952,U6
ENSCJAG00000007460,MAP2K1
ENSCJAG00000085391,U6
ENSCJAG00000077156,Y_RNA
ENSCJAG00000018404,COL17A1
ENSCJAG00000073540,
ENSCJAG00000059054,cja-mir-675
ENSCJAG00000000926,MYO5C
ENSCJAG00000025630,cja-mir-125
ENSCJAG00000083723,U6
ENSCJAG00000074685,
ENSCJAG00000064323,
ENSCJAG00000083216,
ENSCJAG00000077949,U4
ENSCJAG00000067371,TRBV30
ENSCJAG00000007899,
ENSCJAG00000023511,cja-mir-34b
ENSCJAG00000026136,SNORA70
ENSCJAG00000007599,
ENSCJAG00000077997,DNAJB2
ENSCJAG00000061717,U4
ENSCJAG00000081994,
ENSCJAG00000084269,
ENSCJAG00000073412,
ENSCJAG00000028681,Y_RNA
ENSCJAG00000005215,CACNA2D2
ENSCJAG00000077019,
ENSCJAG00000074879,U4
ENSCJAG00000030006,cja-mir-34c
ENSCJAG00000079013,Metazoa_SRP
ENSCJAG00000085492,
ENSCJAG00000014588,TMEM204
ENSCJAG00000071620,Metazoa_SRP
ENSCJAG00000010795,CTR9
ENSCJAG00000036629,RAB40C
ENSCJAG00000014733,TENM4
ENSCJAG00000024474,cja-let-7a-1
ENSCJAG00000086911,Metazoa_SRP
ENSCJAG00000083906,
ENSCJAG00000070681,
ENSCJAG00000074318,
ENSCJAG00000078457,
ENSCJAG00000082128,Metazoa_SRP
ENSCJAG00000084213,
ENSCJAG00000061078,
ENSCJAG00000074933,
ENSCJAG00000019962,CSTPP1
ENSCJAG00000018648,PZP
ENSCJAG00000023933,MIR100
ENSCJAG00000073689,Metazoa_SRP
ENSCJAG00000085738,
ENSCJAG00000011812,LMO1
ENSCJAG00000027639,
ENSCJAG00000080417,
ENSCJAG00000086988,
ENSCJAG00000000487,NXPE3
ENSCJAG00000016240,CRELD1
ENSCJAG00000003292,YIPF4
ENSCJAG00000070130,
ENSCJAG00000074333,
ENSCJAG00000002715,PPIP5K1
ENSCJAG00000078389,
ENSCJAG00000017879,ACVRL1
ENSCJAG00000036987,TRBV10-1
ENSCJAG00000013652,UPK2
ENSCJAG00000069628,
ENSCJAG00000087283,
ENSCJAG00000084730,
ENSCJAG00000081319,
ENSCJAG00000075367,PPP1R3C
ENSCJAG00000078549,U6
ENSCJAG00000052852,U6
ENSCJAG00000014596,CRAMP1L
ENSCJAG00000073205,
ENSCJAG00000086034,
ENSCJAG00000083068,C2orf15
ENSCJAG00000076796,
ENSCJAG00000010486,HOATZ
ENSCJAG00000070622,Metazoa_SRP
ENSCJAG00000083274,U2
ENSCJAG00000065095,
ENSCJAG00000078190,
ENSCJAG00000047481,FADS1
ENSCJAG00000081054,Y_RNA
ENSCJAG00000085776,
ENSCJAG00000017351,RBFOX1
ENSCJAG00000077392,U6
ENSCJAG00000001229,ABHD1
ENSCJAG00000070633,
ENSCJAG00000071376,
ENSCJAG00000074476,U6
ENSCJAG00000057415,U2
ENSCJAG00000064977,GNB4
ENSCJAG00000001516,ATP8B4
ENSCJAG00000069264,
ENSCJAG00000084271,
ENSCJAG00000081426,Metazoa_SRP
ENSCJAG00000086627,
ENSCJAG00000078671,U4
ENSCJAG00000075993,
ENSCJAG00000015396,ATP6V1D
ENSCJAG00000027910,U2
ENSCJAG00000014209,EED
ENSCJAG00000013656,FOXR1
ENSCJAG00000007099,LIPT1
ENSCJAG00000006312,SERINC2
ENSCJAG00000077746,U6
ENSCJAG00000075121,Metazoa_SRP
ENSCJAG00000046330,Metazoa_SRP
ENSCJAG00000082355,Metazoa_SRP
ENSCJAG00000084177,
ENSCJAG00000013520,CYGB
ENSCJAG00000052244,
ENSCJAG00000075490,U2
ENSCJAG00000043815,Metazoa_SRP
ENSCJAG00000073894,
ENSCJAG00000085887,U6
ENSCJAG00000058175,
ENSCJAG00000073116,Y_RNA
ENSCJAG00000073091,
ENSCJAG00000006554,UMPS
ENSCJAG00000042046,Y_RNA
ENSCJAG00000073398,
ENSCJAG00000078608,U4
ENSCJAG00000078075,
ENSCJAG00000003804,BIRC2
ENSCJAG00000069747,
ENSCJAG00000046813,KLF11
ENSCJAG00000073567,
ENSCJAG00000077894,Metazoa_SRP
ENSCJAG00000080904,Y_RNA
ENSCJAG00000087110,
ENSCJAG00000035461,U4
ENSCJAG00000074287,Metazoa_SRP
ENSCJAG00000026520,U6
ENSCJAG00000073432,
ENSCJAG00000028116,U6
ENSCJAG00000086184,
ENSCJAG00000011961,WFIKKN1
ENSCJAG00000059148,
ENSCJAG00000072995,
ENSCJAG00000010912,CD44
ENSCJAG00000007090,MITD1
ENSCJAG00000070895,SNAPC5
ENSCJAG00000078336,Y_RNA
ENSCJAG00000057773,
ENSCJAG00000013671,CCDC84
ENSCJAG00000084248,
ENSCJAG00000068897,cja-mir-9981
ENSCJAG00000030738,U6
ENSCJAG00000063020,TRBV7-3
ENSCJAG00000006700,DHRS1
ENSCJAG00000075789,
ENSCJAG00000078861,U6
ENSCJAG00000011801,STK33
ENSCJAG00000079409,
ENSCJAG00000085901,U5
ENSCJAG00000039949,
ENSCJAG00000084990,
ENSCJAG00000018439,TNNT3
ENSCJAG00000016253,PRRT3
ENSCJAG00000002677,CKMT1A
ENSCJAG00000028688,cja-mir-708
ENSCJAG00000009175,GAP43
ENSCJAG00000071357,Metazoa_SRP
ENSCJAG00000078409,
ENSCJAG00000045078,PRCD
ENSCJAG00000012891,RSKR
ENSCJAG00000016915,HPS1
ENSCJAG00000000465,NFKBIZ
ENSCJAG00000079345,
ENSCJAG00000083431,U6
ENSCJAG00000019523,PTCD3
ENSCJAG00000014626,HN1L
ENSCJAG00000002087,NR1H4
ENSCJAG00000020707,PSMA8
ENSCJAG00000087390,
ENSCJAG00000072600,
ENSCJAG00000018436,SFR1
ENSCJAG00000007491,
ENSCJAG00000043067,UBASH3B
ENSCJAG00000003269,CD36
ENSCJAG00000013691,RPS25
ENSCJAG00000019965,ARFGAP2
ENSCJAG00000001241,KHK
ENSCJAG00000083439,TRBV7-2
ENSCJAG00000048690,
ENSCJAG00000019701,STRADA
ENSCJAG00000064410,
ENSCJAG00000077741,
ENSCJAG00000008412,ADARB2
ENSCJAG00000061729,SNORD1C
ENSCJAG00000008955,RAB35
ENSCJAG00000037305,EMC3
ENSCJAG00000045322,PRSS2
ENSCJAG00000081608,U6
ENSCJAG00000078772,U1
ENSCJAG00000002673,CDC25A
ENSCJAG00000006675,NOP9
ENSCJAG00000006431,GRHL1
ENSCJAG00000074209,U6
ENSCJAG00000074381,Metazoa_SRP
ENSCJAG00000076993,
ENSCJAG00000063201,SNORD18
ENSCJAG00000060107,
ENSCJAG00000078819,
ENSCJAG00000010496,LAYN
ENSCJAG00000087030,
ENSCJAG00000002054,CCSER2
ENSCJAG00000007085,MRPL30
ENSCJAG00000052130,SNORD16
ENSCJAG00000070418,Metazoa_SRP
ENSCJAG00000077651,
ENSCJAG00000060284,U3
ENSCJAG00000076090,FGF20
ENSCJAG00000013002,PTCHD3
ENSCJAG00000059732,SNORD18
ENSCJAG00000003801,TMEM123
ENSCJAG00000018443,CFAP43
ENSCJAG00000057943,C3orf18
ENSCJAG00000013703,
ENSCJAG00000013500,ST6GALNAC2
ENSCJAG00000072314,
ENSCJAG00000017798,SCN8A
ENSCJAG00000006658,CIDEB
ENSCJAG00000057767,
ENSCJAG00000011874,
ENSCJAG00000002801,KCNU1
ENSCJAG00000078547,U6
ENSCJAG00000083378,
ENSCJAG00000011974,METTL26
ENSCJAG00000076446,
ENSCJAG00000003273,SLC30A6
ENSCJAG00000009211,ZBTB20
ENSCJAG00000082958,
ENSCJAG00000021472,PLEC
ENSCJAG00000039819,
ENSCJAG00000016294,FANCD2
ENSCJAG00000020728,KCTD1
ENSCJAG00000014753,GAB2
ENSCJAG00000002654,STRC
ENSCJAG00000085489,
ENSCJAG00000079049,
ENSCJAG00000080962,
ENSCJAG00000007524,ZWILCH
ENSCJAG00000035653,LTB4R2
ENSCJAG00000082916,U6
ENSCJAG00000042926,Metazoa_SRP
ENSCJAG00000085994,TRBV28
ENSCJAG00000082414,
ENSCJAG00000078603,Metazoa_SRP
ENSCJAG00000011681,PTPRN
ENSCJAG00000008441,WDR37
ENSCJAG00000045808,
ENSCJAG00000001258,EMILIN1
ENSCJAG00000003793,MMP7
ENSCJAG00000075483,
ENSCJAG00000074807,
ENSCJAG00000083051,Metazoa_SRP
ENSCJAG00000064331,LTB4R
ENSCJAG00000048039,CBLN3
ENSCJAG00000056767,TRBV27
ENSCJAG00000087035,
ENSCJAG00000005321,HEMK1
ENSCJAG00000058958,U7
ENSCJAG00000010194,DNAJA4
ENSCJAG00000080873,
ENSCJAG00000039885,Metazoa_SRP
ENSCJAG00000023819,Y_RNA
ENSCJAG00000075830,Metazoa_SRP
ENSCJAG00000007074,LYG2
ENSCJAG00000086685,Y_RNA
ENSCJAG00000060470,
ENSCJAG00000045749,RAB18
ENSCJAG00000075299,
ENSCJAG00000069983,
ENSCJAG00000013716,SLC37A4
ENSCJAG00000073114,
ENSCJAG00000051870,
ENSCJAG00000082484,CAMP
ENSCJAG00000019993,PACSIN3
ENSCJAG00000009240,TIGIT
ENSCJAG00000072974,
ENSCJAG00000003781,MMP20
ENSCJAG00000078063,U6
ENSCJAG00000072182,
ENSCJAG00000074000,Y_RNA
ENSCJAG00000028190,
ENSCJAG00000087175,Metazoa_SRP
ENSCJAG00000075878,Metazoa_SRP
ENSCJAG00000015368,EIF2S1
ENSCJAG00000069748,Metazoa_SRP
ENSCJAG00000072547,U4
ENSCJAG00000025561,
ENSCJAG00000068537,
ENSCJAG00000075450,Metazoa_SRP
ENSCJAG00000015867,MRPL48
ENSCJAG00000007623,CRTAM
ENSCJAG00000006373,KHNYN
ENSCJAG00000003257,GNAT3
ENSCJAG00000071418,
ENSCJAG00000013495,ST6GALNAC1
ENSCJAG00000081630,U6
ENSCJAG00000006317,TINAGL1
ENSCJAG00000018474,GSTO1
ENSCJAG00000009248,ZNF80
ENSCJAG00000063563,Metazoa_SRP
ENSCJAG00000081723,
ENSCJAG00000013246,ZNF639
ENSCJAG00000047403,OST4
ENSCJAG00000070108,Metazoa_SRP
ENSCJAG00000000461,ZPLD1
ENSCJAG00000007070,LYG1
ENSCJAG00000070677,
ENSCJAG00000079032,U4
ENSCJAG00000019168,FADS2
ENSCJAG00000016380,FANCD2OS
ENSCJAG00000012848,SPAG5
ENSCJAG00000081172,
ENSCJAG00000067124,U6
ENSCJAG00000053419,
ENSCJAG00000015361,PLEK2
ENSCJAG00000020734,AQP4
ENSCJAG00000084524,Metazoa_SRP
ENSCJAG00000079079,
ENSCJAG00000074116,U6
ENSCJAG00000080043,Metazoa_SRP
ENSCJAG00000003769,MMP27
ENSCJAG00000002065,GAS2L3
ENSCJAG00000006470,ADCY4
ENSCJAG00000017762,YAF2
ENSCJAG00000084584,
ENSCJAG00000062848,
ENSCJAG00000008483,IDI1
ENSCJAG00000002785,ZNF703
ENSCJAG00000063455,
ENSCJAG00000061353,Metazoa_SRP
ENSCJAG00000086871,
ENSCJAG00000081617,Metazoa_SRP
ENSCJAG00000024559,U6
ENSCJAG00000011905,MSR1
ENSCJAG00000033577,U6
ENSCJAG00000069482,
ENSCJAG00000002722,NME6
ENSCJAG00000015358,TMEM229B
ENSCJAG00000075485,Metazoa_SRP
ENSCJAG00000071307,
ENSCJAG00000001279,AGBL5
ENSCJAG00000010633,EIF4G2
ENSCJAG00000020000,DDB2
ENSCJAG00000084754,BRK1
ENSCJAG00000044893,CISH
ENSCJAG00000074235,
ENSCJAG00000018486,GSTO2
ENSCJAG00000013834,TRBV3-1
ENSCJAG00000056518,
ENSCJAG00000007558,LCTL
ENSCJAG00000036230,Metazoa_SRP
ENSCJAG00000021123,TPGS2
ENSCJAG00000074188,
ENSCJAG00000047281,
ENSCJAG00000009251,DRD3
ENSCJAG00000087059,Metazoa_SRP
ENSCJAG00000035774,Metazoa_SRP
ENSCJAG00000015298,PLEKHH1
ENSCJAG00000007637,JHY
ENSCJAG00000048153,U6
ENSCJAG00000082647,
ENSCJAG00000003743,MMP8
ENSCJAG00000076376,TRBV2
ENSCJAG00000006420,TAF1B
ENSCJAG00000083595,
ENSCJAG00000074365,
ENSCJAG00000012766,ALDOC
ENSCJAG00000013155,MFN1
ENSCJAG00000070661,VHL
ENSCJAG00000079552,Metazoa_SRP
ENSCJAG00000008494,GTPBP4
ENSCJAG00000010533,SIK2
ENSCJAG00000069693,
ENSCJAG00000086808,
ENSCJAG00000019547,POLR1A
ENSCJAG00000001019,SHANK2
ENSCJAG00000020745,CHST9
ENSCJAG00000082745,Metazoa_SRP
ENSCJAG00000036312,Metazoa_SRP
ENSCJAG00000013826,
ENSCJAG00000030668,SNORD97
ENSCJAG00000042274,
ENSCJAG00000074680,Metazoa_SRP
ENSCJAG00000082606,
ENSCJAG00000074922,
ENSCJAG00000002768,ERLIN2
ENSCJAG00000010208,SKIC8
ENSCJAG00000080665,Metazoa_SRP
ENSCJAG00000083155,Metazoa_SRP
ENSCJAG00000006342,HCRTR1
ENSCJAG00000085265,
ENSCJAG00000044644,SMAD6
ENSCJAG00000039073,PIGH
ENSCJAG00000018498,ITPRIP
ENSCJAG00000001276,BTBD16
ENSCJAG00000010619,ZBED5
ENSCJAG00000037831,CATSPER2
ENSCJAG00000013761,HYOU1
ENSCJAG00000073789,
ENSCJAG00000016405,IRAK2
ENSCJAG00000013033,MKX
ENSCJAG00000003237,GNAI1
ENSCJAG00000024796,U1
ENSCJAG00000058332,
ENSCJAG00000062999,
ENSCJAG00000080220,U6
ENSCJAG00000081014,
ENSCJAG00000017773,GXYLT1
ENSCJAG00000079480,
ENSCJAG00000083683,Metazoa_SRP
ENSCJAG00000086675,Metazoa_SRP
ENSCJAG00000076445,Metazoa_SRP
ENSCJAG00000021962,
ENSCJAG00000072773,Metazoa_SRP
ENSCJAG00000016298,MMP10
ENSCJAG00000015468,RAB12
ENSCJAG00000035017,U4
ENSCJAG00000014781,USP35
ENSCJAG00000001995,ANO4
ENSCJAG00000083685,
ENSCJAG00000006362,SDR39U1
ENSCJAG00000040210,MCRIP2
ENSCJAG00000047332,Y_RNA
ENSCJAG00000036648,MAPKAPK3
ENSCJAG00000087271,
ENSCJAG00000046629,Metazoa_SRP
ENSCJAG00000071298,
ENSCJAG00000020101,SLC39A13
ENSCJAG00000063767,U6
ENSCJAG00000001317,TMEM214
ENSCJAG00000012729,PIGS
ENSCJAG00000076416,BSX
ENSCJAG00000046538,
ENSCJAG00000073549,U6
ENSCJAG00000018501,CFAP58
ENSCJAG00000079691,
ENSCJAG00000084964,Metazoa_SRP
ENSCJAG00000078927,Metazoa_SRP
ENSCJAG00000082900,
ENSCJAG00000002737,SPINK8
ENSCJAG00000073231,
ENSCJAG00000007129,GTF2H1
ENSCJAG00000070380,Metazoa_SRP
ENSCJAG00000074129,Metazoa_SRP
ENSCJAG00000075462,
ENSCJAG00000013442,JMJD6
ENSCJAG00000086374,
ENSCJAG00000039717,UCHL1
ENSCJAG00000072115,U6
ENSCJAG00000076329,
ENSCJAG00000085452,Y_RNA
ENSCJAG00000083562,U6
ENSCJAG00000013045,ODAD2
ENSCJAG00000026723,U1
ENSCJAG00000015277,ARG2
ENSCJAG00000085106,
ENSCJAG00000017870,
ENSCJAG00000085196,
ENSCJAG00000006355,PEF1
ENSCJAG00000076922,Y_RNA
ENSCJAG00000043657,Metazoa_SRP
ENSCJAG00000014107,MMP1
ENSCJAG00000052902,
ENSCJAG00000006440,KALRN
ENSCJAG00000074562,
ENSCJAG00000002088,SMAD3
ENSCJAG00000085249,Vault
ENSCJAG00000084315,U4
ENSCJAG00000073873,
ENSCJAG00000070293,
ENSCJAG00000016416,TATDN2
ENSCJAG00000048512,FIGNL2
ENSCJAG00000081927,
ENSCJAG00000070460,Metazoa_SRP
ENSCJAG00000074762,Metazoa_SRP
ENSCJAG00000006467,RIPK3
ENSCJAG00000072061,
ENSCJAG00000071918,
ENSCJAG00000043935,KCTD21
ENSCJAG00000046238,
ENSCJAG00000001341,MAPRE3
ENSCJAG00000015263,VTI1B
ENSCJAG00000018314,CD55
ENSCJAG00000081109,Metazoa_SRP
ENSCJAG00000077939,
ENSCJAG00000063335,
ENSCJAG00000063246,
ENSCJAG00000077348,
ENSCJAG00000021130,KIAA1328
ENSCJAG00000040849,YWHAQ
ENSCJAG00000072776,
ENSCJAG00000075738,
ENSCJAG00000012712,UNC119
ENSCJAG00000012447,LSP1
ENSCJAG00000085086,
ENSCJAG00000014792,ALG8
ENSCJAG00000067550,Metazoa_SRP
ENSCJAG00000006344,CMA1
ENSCJAG00000002742,FBXW12
ENSCJAG00000086969,Metazoa_SRP
ENSCJAG00000006115,CRABP1
ENSCJAG00000013434,METTL23
ENSCJAG00000081834,
ENSCJAG00000002756,PLPBP
ENSCJAG00000073200,Metazoa_SRP
ENSCJAG00000038052,MMP3
ENSCJAG00000080580,
ENSCJAG00000007648,HSPA8
ENSCJAG00000001352,DPYSL5
ENSCJAG00000002113,AAGAB
ENSCJAG00000019683,CCDC47
ENSCJAG00000012705,FOXN1
ENSCJAG00000080876,Y_RNA
ENSCJAG00000012012,RHOT2
ENSCJAG00000056863,
ENSCJAG00000069871,
ENSCJAG00000021428,MROH6
ENSCJAG00000082074,
ENSCJAG00000011310,RAB3GAP2
ENSCJAG00000002591,PDIA3
ENSCJAG00000062528,
ENSCJAG00000007923,PGAM2
ENSCJAG00000020748,CDH2
ENSCJAG00000066176,NDUFC2
ENSCJAG00000041154,SRSF2
ENSCJAG00000075557,
ENSCJAG00000078791,U6
ENSCJAG00000074950,
ENSCJAG00000013850,VPS11
ENSCJAG00000019137,RAB3IL1
ENSCJAG00000070898,
ENSCJAG00000015232,RDH11
ENSCJAG00000072350,
ENSCJAG00000075381,
ENSCJAG00000081681,
ENSCJAG00000055770,
ENSCJAG00000009452,MMP12
ENSCJAG00000082586,Metazoa_SRP
ENSCJAG00000079862,
ENSCJAG00000080677,Metazoa_SRP
ENSCJAG00000040890,Metazoa_SRP
ENSCJAG00000014262,PICALM
ENSCJAG00000069170,Metazoa_SRP
ENSCJAG00000002733,ADGRA2
ENSCJAG00000006323,CTSG
ENSCJAG00000013079,MPP7
ENSCJAG00000078686,Metazoa_SRP
ENSCJAG00000007934,POLM
ENSCJAG00000058840,CENPA
ENSCJAG00000018434,LARP4B
ENSCJAG00000002572,ELL3
ENSCJAG00000014820,
ENSCJAG00000067224,
ENSCJAG00000070623,Metazoa_SRP
ENSCJAG00000016974,HPSE2
ENSCJAG00000013036,ACTL6A
ENSCJAG00000010607,GALNT18
ENSCJAG00000009477,MMP13
ENSCJAG00000048469,Metazoa_SRP
ENSCJAG00000012683,SLC13A2
ENSCJAG00000071973,Metazoa_SRP
ENSCJAG00000010559,PPP2R1B
ENSCJAG00000077299,
ENSCJAG00000075822,U7
ENSCJAG00000017792,PDZRN4
ENSCJAG00000084166,Metazoa_SRP
ENSCJAG00000071585,Metazoa_SRP
ENSCJAG00000016424,GHRL
ENSCJAG00000013361,MFSD11
ENSCJAG00000076041,Metazoa_SRP
ENSCJAG00000030261,MIR139
ENSCJAG00000010259,IREB2
ENSCJAG00000059882,PRR33
ENSCJAG00000022085,THRSP
ENSCJAG00000077105,U7
ENSCJAG00000058667,Metazoa_SRP
ENSCJAG00000002569,
ENSCJAG00000012584,CSMD1
ENSCJAG00000021434,GSDMD
ENSCJAG00000006369,ADAM17
ENSCJAG00000085949,
ENSCJAG00000083873,Metazoa_SRP
ENSCJAG00000024197,cja-mir-153-2
ENSCJAG00000002130,IQCH
ENSCJAG00000071257,SLC35F6
ENSCJAG00000012045,RHBDL1
ENSCJAG00000021760,
ENSCJAG00000006314,GZMH
ENSCJAG00000012865,TGIF1
ENSCJAG00000083731,Metazoa_SRP
ENSCJAG00000010952,SLC1A2
ENSCJAG00000073166,Metazoa_SRP
ENSCJAG00000045963,Metazoa_SRP
ENSCJAG00000021135,CELF4
ENSCJAG00000085470,Metazoa_SRP
ENSCJAG00000047957,Metazoa_SRP
ENSCJAG00000086147,Metazoa_SRP
ENSCJAG00000082275,U6
ENSCJAG00000017737,SLC4A8
ENSCJAG00000035549,Metazoa_SRP
ENSCJAG00000080801,U6
ENSCJAG00000006371,COL16A1
ENSCJAG00000077334,Metazoa_SRP
ENSCJAG00000018513,SORCS3
ENSCJAG00000060019,SNORD14
ENSCJAG00000002944,PSRC1
ENSCJAG00000028446,U6
ENSCJAG00000052158,KCNK3
ENSCJAG00000087213,SNORD14
ENSCJAG00000014824,KCTD14
ENSCJAG00000012062,STUB1
ENSCJAG00000002933,
ENSCJAG00000070647,
ENSCJAG00000037596,Metazoa_SRP
ENSCJAG00000007936,AEBP1
ENSCJAG00000085058,Metazoa_SRP
ENSCJAG00000043530,M6PR
ENSCJAG00000073028,
ENSCJAG00000022274,SERF2
ENSCJAG00000069232,U6
ENSCJAG00000011728,RESP18
ENSCJAG00000084375,Metazoa_SRP
ENSCJAG00000077654,Metazoa_SRP
ENSCJAG00000008897,GCN1
ENSCJAG00000001393,CIB4
ENSCJAG00000076440,Metazoa_SRP
ENSCJAG00000038122,Y_RNA
ENSCJAG00000018413,TNNI2
ENSCJAG00000054869,Metazoa_SRP
ENSCJAG00000007081,LDHC
ENSCJAG00000015207,RDH12
ENSCJAG00000078300,Metazoa_SRP
ENSCJAG00000081592,Metazoa_SRP
ENSCJAG00000084614,BRF2
ENSCJAG00000071945,Metazoa_SRP
ENSCJAG00000052498,
ENSCJAG00000042532,H2AFX
ENSCJAG00000001504,SLC27A2
ENSCJAG00000076856,
ENSCJAG00000037924,U2
ENSCJAG00000077321,U8
ENSCJAG00000002762,PLXNB1
ENSCJAG00000013028,MRPL47
ENSCJAG00000024759,U6
ENSCJAG00000080570,
ENSCJAG00000001406,C2orf70
ENSCJAG00000038231,SENP8
ENSCJAG00000015121,CLPB
ENSCJAG00000084878,
ENSCJAG00000012677,SLC46A1
ENSCJAG00000013916,DPAGT1
ENSCJAG00000003248,SPAST
ENSCJAG00000085846,
ENSCJAG00000006291,GZMB
ENSCJAG00000078590,
ENSCJAG00000072065,
ENSCJAG00000078488,U2
ENSCJAG00000018697,KLRG1
ENSCJAG00000016133,ALDH18A1
ENSCJAG00000019095,BEST1
ENSCJAG00000083271,
ENSCJAG00000018524,GRAMD2
ENSCJAG00000040414,
ENSCJAG00000074130,
ENSCJAG00000047515,MIR1282
ENSCJAG00000025942,U6
ENSCJAG00000079083,
ENSCJAG00000018263,CR2
ENSCJAG00000053902,
ENSCJAG00000006414,NFATC4
ENSCJAG00000001983,SLC5A8
ENSCJAG00000085385,U6
ENSCJAG00000072283,
ENSCJAG00000062201,U2
ENSCJAG00000076076,
ENSCJAG00000012079,JMJD8
ENSCJAG00000078637,Metazoa_SRP
ENSCJAG00000013932,C2CD2L
ENSCJAG00000016439,SEC13
ENSCJAG00000074404,
ENSCJAG00000078713,
ENSCJAG00000010680,ALG9
ENSCJAG00000086668,
ENSCJAG00000021439,ZC3H3
ENSCJAG00000012608,SARM1
ENSCJAG00000018605,CLEC2B
ENSCJAG00000002949,MYBPHL
ENSCJAG00000014825,INTS4
ENSCJAG00000082045,
ENSCJAG00000002706,RAB11FIP1
ENSCJAG00000013015,NDUFB5
ENSCJAG00000019564,ST3GAL5
ENSCJAG00000015147,ZFYVE26
ENSCJAG00000080160,MYL12B
ENSCJAG00000011929,TUSC3
ENSCJAG00000015188,PHOX2A
ENSCJAG00000076354,Y_RNA
ENSCJAG00000013327,MGAT5B
ENSCJAG00000016989,CNNM1
ENSCJAG00000006360,IAH1
ENSCJAG00000002552,SERINC4
ENSCJAG00000073842,
ENSCJAG00000047003,
ENSCJAG00000078887,Metazoa_SRP
ENSCJAG00000057727,Metazoa_SRP
ENSCJAG00000051609,
ENSCJAG00000072613,
ENSCJAG00000082671,
ENSCJAG00000011753,DNPEP
ENSCJAG00000081043,
ENSCJAG00000076361,U6
ENSCJAG00000075922,
ENSCJAG00000070073,
ENSCJAG00000084270,U6
ENSCJAG00000001489,HDC
ENSCJAG00000074647,U6
ENSCJAG00000057864,U3
ENSCJAG00000058102,Metazoa_SRP
ENSCJAG00000070583,
ENSCJAG00000053951,MAPK8IP3
ENSCJAG00000019571,ATOH8
ENSCJAG00000085781,
ENSCJAG00000012655,VTN
ENSCJAG00000086271,
ENSCJAG00000084295,
ENSCJAG00000007954,POLD2
ENSCJAG00000085917,
ENSCJAG00000073121,
ENSCJAG00000075430,
ENSCJAG00000080487,Metazoa_SRP
ENSCJAG00000084065,
ENSCJAG00000086487,
ENSCJAG00000012890,
ENSCJAG00000033379,U4
ENSCJAG00000016206,TCTN3
ENSCJAG00000059386,
ENSCJAG00000072959,
ENSCJAG00000018473,PKM
ENSCJAG00000039957,
ENSCJAG00000032797,U1
ENSCJAG00000058738,
ENSCJAG00000069719,
ENSCJAG00000044307,SEBOX
ENSCJAG00000067087,Metazoa_SRP
ENSCJAG00000061141,
ENSCJAG00000073126,Metazoa_SRP
ENSCJAG00000076145,
ENSCJAG00000013110,WAC
ENSCJAG00000036752,Metazoa_SRP
ENSCJAG00000001409,OTOF
ENSCJAG00000045104,STXBP6
ENSCJAG00000068168,Metazoa_SRP
ENSCJAG00000006276,CPSF3
ENSCJAG00000082680,
ENSCJAG00000015191,INPPL1
ENSCJAG00000043038,Metazoa_SRP
ENSCJAG00000083532,
ENSCJAG00000065652,GNLY
ENSCJAG00000002687,GOT1L1
ENSCJAG00000013942,HINFP
ENSCJAG00000017037,GOT1
ENSCJAG00000034523,TMEM199
ENSCJAG00000055528,
ENSCJAG00000075575,
ENSCJAG00000021482,NRBP2
ENSCJAG00000010781,CFAP68
ENSCJAG00000070203,CCDC51
ENSCJAG00000008015,MYL7
ENSCJAG00000076307,
ENSCJAG00000076039,
ENSCJAG00000035849,Metazoa_SRP
ENSCJAG00000017809,CNTN1
ENSCJAG00000002962,SORT1
ENSCJAG00000072620,
ENSCJAG00000045742,U3
ENSCJAG00000019069,INCENP
ENSCJAG00000069868,Metazoa_SRP
ENSCJAG00000002541,HYPK
ENSCJAG00000074390,
ENSCJAG00000086358,
ENSCJAG00000087091,Metazoa_SRP
ENSCJAG00000001449,GABPB1
ENSCJAG00000080933,
ENSCJAG00000045302,DES
ENSCJAG00000013965,ABCG4
ENSCJAG00000012566,POLDIP2
ENSCJAG00000073997,
ENSCJAG00000069808,
ENSCJAG00000071875,
ENSCJAG00000086661,
ENSCJAG00000051310,U6
ENSCJAG00000002674,ADRB3
ENSCJAG00000007067,LDHAL6A
ENSCJAG00000018584,KLRF1
ENSCJAG00000070908,TMA7
ENSCJAG00000039229,DIP2C
ENSCJAG00000069951,Metazoa_SRP
ENSCJAG00000012087,WDR24
ENSCJAG00000059280,Metazoa_SRP
ENSCJAG00000077864,
ENSCJAG00000005394,DOCK3
ENSCJAG00000019581,SFTPB
ENSCJAG00000084846,Metazoa_SRP
ENSCJAG00000017049,NKX2-3
ENSCJAG00000074455,
ENSCJAG00000004235,COL22A1
ENSCJAG00000002529,MFAP1
ENSCJAG00000077343,
ENSCJAG00000076600,U6
ENSCJAG00000076845,Metazoa_SRP
ENSCJAG00000015123,RAD51B
ENSCJAG00000083988,U6
ENSCJAG00000084239,Y_RNA
ENSCJAG00000019048,SCGB1D1
ENSCJAG00000042078,C2orf74
ENSCJAG00000077730,EIF4EBP1
ENSCJAG00000010977,PAMR1
ENSCJAG00000075104,
ENSCJAG00000078708,
ENSCJAG00000085660,
ENSCJAG00000043671,TNFAIP1
ENSCJAG00000054663,
ENSCJAG00000070352,SNORA66
ENSCJAG00000031453,
ENSCJAG00000018407,CTSD
ENSCJAG00000026672,
ENSCJAG00000037278,Metazoa_SRP
ENSCJAG00000003004,PSMA5
ENSCJAG00000075978,U4
ENSCJAG00000071900,
ENSCJAG00000081035,
ENSCJAG00000077936,
ENSCJAG00000013174,BAMBI
ENSCJAG00000087281,
ENSCJAG00000019050,SCGB2A1
ENSCJAG00000042303,SLC25A28
ENSCJAG00000082488,
ENSCJAG00000018392,PARP6
ENSCJAG00000082192,
ENSCJAG00000081364,
ENSCJAG00000002506,WDR76
ENSCJAG00000076051,MAFA
ENSCJAG00000079817,
ENSCJAG00000080382,
ENSCJAG00000039904,MIR6516
ENSCJAG00000086769,TSG101
ENSCJAG00000083777,
ENSCJAG00000073607,
ENSCJAG00000012128,FBXL16
ENSCJAG00000054602,
ENSCJAG00000014890,AAMDC
ENSCJAG00000012999,USP13
ENSCJAG00000081110,
ENSCJAG00000070786,
ENSCJAG00000002874,ATRIP
ENSCJAG00000082501,SYPL2
ENSCJAG00000081770,
ENSCJAG00000082747,
ENSCJAG00000058578,SCGB1D2
ENSCJAG00000073774,Metazoa_SRP
ENSCJAG00000006304,MAGI2
ENSCJAG00000008652,
ENSCJAG00000087041,
ENSCJAG00000008025,GCK
ENSCJAG00000077772,
ENSCJAG00000072394,
ENSCJAG00000071649,Metazoa_SRP
ENSCJAG00000079043,
ENSCJAG00000015212,FOLR2
ENSCJAG00000010788,CRYAB
ENSCJAG00000074032,
ENSCJAG00000056374,
ENSCJAG00000080682,Metazoa_SRP
ENSCJAG00000006250,ITGB1BP1
ENSCJAG00000019059,SCGB2A2
ENSCJAG00000008657,FAM110B
ENSCJAG00000070443,U6
ENSCJAG00000080401,U6
ENSCJAG00000012917,MYOM1
ENSCJAG00000073050,
ENSCJAG00000007699,GRAMD1B
ENSCJAG00000035577,Metazoa_SRP
ENSCJAG00000021444,RHPN1
ENSCJAG00000073298,
ENSCJAG00000077253,
ENSCJAG00000072652,Metazoa_SRP
ENSCJAG00000047433,Metazoa_SRP
ENSCJAG00000073685,
ENSCJAG00000012534,IFT20
ENSCJAG00000038035,Metazoa_SRP
ENSCJAG00000079260,
ENSCJAG00000014001,NLRX1
ENSCJAG00000019054,SCGB1D4
ENSCJAG00000009029,SANBR
ENSCJAG00000016455,ATP2B2
ENSCJAG00000013261,SEC14L1
ENSCJAG00000060010,
ENSCJAG00000017079,ENTPD7
ENSCJAG00000015224,FOLR1
ENSCJAG00000042216,
ENSCJAG00000061508,HSPB2
ENSCJAG00000085304,U1
ENSCJAG00000069859,
ENSCJAG00000086219,
ENSCJAG00000087106,
ENSCJAG00000036768,IARS2
ENSCJAG00000014899,RSF1
ENSCJAG00000086947,Metazoa_SRP
ENSCJAG00000074323,
ENSCJAG00000078771,Metazoa_SRP
ENSCJAG00000085174,Metazoa_SRP
ENSCJAG00000086990,U6
ENSCJAG00000071313,
ENSCJAG00000037537,Metazoa_SRP
ENSCJAG00000001913,UTP20
ENSCJAG00000061347,U7
ENSCJAG00000070321,U6
ENSCJAG00000055515,
ENSCJAG00000086029,
ENSCJAG00000076294,
ENSCJAG00000002642,ASH2L
ENSCJAG00000008666,UBXN2B
ENSCJAG00000016232,CC2D2B
ENSCJAG00000082935,
ENSCJAG00000035772,Metazoa_SRP
ENSCJAG00000011802,SPEG
ENSCJAG00000078322,
ENSCJAG00000053726,
ENSCJAG00000082918,C11orf52
ENSCJAG00000074028,
ENSCJAG00000077095,U6
ENSCJAG00000015239,FOLR3
ENSCJAG00000069765,
ENSCJAG00000017712,GALNT6
ENSCJAG00000077007,
ENSCJAG00000003840,
ENSCJAG00000061514,
ENSCJAG00000041049,Metazoa_SRP
ENSCJAG00000014339,CCDC83
ENSCJAG00000082551,
ENSCJAG00000078407,ASRGL1
ENSCJAG00000074173,
ENSCJAG00000059206,
ENSCJAG00000003025,ATXN7L2
ENSCJAG00000072400,Y_RNA
ENSCJAG00000077246,U6
ENSCJAG00000084154,
ENSCJAG00000014003,NHERF4
ENSCJAG00000047201,
ENSCJAG00000012490,NLK
ENSCJAG00000086882,
ENSCJAG00000083819,
ENSCJAG00000019594,USP39
ENSCJAG00000063539,
ENSCJAG00000072788,Metazoa_SRP
ENSCJAG00000070930,
ENSCJAG00000010998,FJX1
ENSCJAG00000086524,
ENSCJAG00000076113,Y_RNA
ENSCJAG00000079301,
ENSCJAG00000002915,SHISA5
ENSCJAG00000019012,SCGB1A1
ENSCJAG00000035955,ZNF696
ENSCJAG00000080278,
ENSCJAG00000017107,COX15
ENSCJAG00000010537,USP47
ENSCJAG00000082010,
ENSCJAG00000070374,Metazoa_SRP
ENSCJAG00000081445,
ENSCJAG00000064332,U3
ENSCJAG00000074280,
ENSCJAG00000075777,
ENSCJAG00000011489,
ENSCJAG00000012154,ANTKMT
ENSCJAG00000017706,CELA1
ENSCJAG00000081870,
ENSCJAG00000077600,Metazoa_SRP
ENSCJAG00000039731,
ENSCJAG00000075599,
ENSCJAG00000040583,Metazoa_SRP
ENSCJAG00000086030,
ENSCJAG00000074649,
ENSCJAG00000078924,5S_rRNA
ENSCJAG00000086381,
ENSCJAG00000072739,KRTAP5-2
ENSCJAG00000008684,CYP7A1
ENSCJAG00000007006,UEVLD
ENSCJAG00000030868,U1
ENSCJAG00000070078,Vault
ENSCJAG00000038519,U4
ENSCJAG00000081856,
ENSCJAG00000003843,CR1L
ENSCJAG00000002478,FRMD5
ENSCJAG00000009037,PEX13
ENSCJAG00000006233,ASAP2
ENSCJAG00000023965,SNORA70
ENSCJAG00000070874,
ENSCJAG00000017121,CUTC
ENSCJAG00000011000,TRIM44
ENSCJAG00000082038,
ENSCJAG00000025613,
ENSCJAG00000004293,FAM135B
ENSCJAG00000047319,GLI4
ENSCJAG00000046483,Metazoa_SRP
ENSCJAG00000001378,USP8
ENSCJAG00000066476,
ENSCJAG00000062935,Y_RNA
ENSCJAG00000071366,
ENSCJAG00000077287,
ENSCJAG00000018355,CELF6
ENSCJAG00000066293,CCDC153
ENSCJAG00000012165,CCDC78
ENSCJAG00000072475,AHNAK
ENSCJAG00000075069,U1
ENSCJAG00000077389,Metazoa_SRP
ENSCJAG00000040604,DUSP8
ENSCJAG00000038135,Metazoa_SRP
ENSCJAG00000026037,cja-mir-215
ENSCJAG00000059338,
ENSCJAG00000001461,DRC1
ENSCJAG00000083664,
ENSCJAG00000056336,
ENSCJAG00000024437,cja-mir-194
ENSCJAG00000079953,
ENSCJAG00000002190,LTBP3
ENSCJAG00000008697,SDCBP
ENSCJAG00000014359,SYTL2
ENSCJAG00000037286,Metazoa_SRP
ENSCJAG00000039497,NOVA1
ENSCJAG00000075935,
ENSCJAG00000001187,SRSF9
ENSCJAG00000077689,Metazoa_SRP
ENSCJAG00000011991,SGCZ
ENSCJAG00000083933,Vault
ENSCJAG00000009054,PUS10
ENSCJAG00000021485,PUF60
ENSCJAG00000079270,
ENSCJAG00000017685,BIN2
ENSCJAG00000082637,
ENSCJAG00000012486,LYRM9
ENSCJAG00000075468,
ENSCJAG00000069144,ANAPC15
ENSCJAG00000070399,
ENSCJAG00000086527,
ENSCJAG00000038069,ZFP41
ENSCJAG00000014927,CLNS1A
ENSCJAG00000070657,
ENSCJAG00000069238,cja-mir-652b
ENSCJAG00000000894,MYO5A
ENSCJAG00000085931,
ENSCJAG00000014015,CBL
ENSCJAG00000070918,
ENSCJAG00000040023,DHCR7
ENSCJAG00000019632,C2orf68
ENSCJAG00000080683,
ENSCJAG00000017142,ABCC2
ENSCJAG00000077821,U5
ENSCJAG00000071447,
ENSCJAG00000018357,MOB2
ENSCJAG00000013203,SEPTIN9
ENSCJAG00000018949,EEF1G
ENSCJAG00000070660,DYNLL1
ENSCJAG00000077553,BPNT1
ENSCJAG00000024050,MIR383
ENSCJAG00000001477,SELENOI
ENSCJAG00000077201,
ENSCJAG00000064441,GPIHBP1
ENSCJAG00000010812,DIXDC1
ENSCJAG00000039285,Metazoa_SRP
ENSCJAG00000085404,
ENSCJAG00000002921,PFKFB4
ENSCJAG00000022189,
ENSCJAG00000018254,HEXA
ENSCJAG00000001534,PLSCR5
ENSCJAG00000074441,Metazoa_SRP
ENSCJAG00000019638,TMEM150A
ENSCJAG00000015472,PTPRM
ENSCJAG00000073276,U6
ENSCJAG00000011017,LDLRAD3
ENSCJAG00000030479,
ENSCJAG00000085790,
ENSCJAG00000054262,Metazoa_SRP
ENSCJAG00000072678,Y_RNA
ENSCJAG00000081542,
ENSCJAG00000001205,COQ5
ENSCJAG00000027230,U1
ENSCJAG00000078176,U7
ENSCJAG00000080258,
ENSCJAG00000060291,
ENSCJAG00000069670,Metazoa_SRP
ENSCJAG00000012174,HAGHL
ENSCJAG00000072809,
ENSCJAG00000030555,U6
ENSCJAG00000042949,U2
ENSCJAG00000082672,
ENSCJAG00000078270,Metazoa_SRP
ENSCJAG00000006434,ADGRB2
ENSCJAG00000084704,
ENSCJAG00000077826,
ENSCJAG00000085647,
ENSCJAG00000017840,LRRK2
ENSCJAG00000083775,
ENSCJAG00000008975,REL
ENSCJAG00000038670,Metazoa_SRP
ENSCJAG00000068702,
ENSCJAG00000019647,RNF181
ENSCJAG00000003807,CD46
ENSCJAG00000021453,
ENSCJAG00000071016,
ENSCJAG00000085273,
ENSCJAG00000018526,SORCS1
ENSCJAG00000033294,TUT1
ENSCJAG00000084431,
ENSCJAG00000071207,Y_RNA
ENSCJAG00000012477,NOS2
ENSCJAG00000074857,Y_RNA
ENSCJAG00000009663,CCDC85A
ENSCJAG00000002443,GOLM2
ENSCJAG00000014446,CCDC89
ENSCJAG00000017162,DNMBP
ENSCJAG00000085705,Metazoa_SRP
ENSCJAG00000041235,Metazoa_SRP
ENSCJAG00000019651,VAMP5
ENSCJAG00000073982,
ENSCJAG00000077637,
ENSCJAG00000052034,
ENSCJAG00000084775,Metazoa_SRP
ENSCJAG00000075110,MISFA
ENSCJAG00000074231,
ENSCJAG00000057370,Metazoa_SRP
ENSCJAG00000012185,CIAO3
ENSCJAG00000083781,BRSK2
ENSCJAG00000043995,
ENSCJAG00000086469,
ENSCJAG00000064238,
ENSCJAG00000075465,AMIGO1
ENSCJAG00000080695,Metazoa_SRP
ENSCJAG00000080803,
ENSCJAG00000077698,Metazoa_SRP
ENSCJAG00000014939,AQP11
ENSCJAG00000021456,
ENSCJAG00000001542,PLSCR1
ENSCJAG00000046213,VAMP8
ENSCJAG00000008834,NSMAF
ENSCJAG00000040988,YKT6
ENSCJAG00000076751,Metazoa_SRP
ENSCJAG00000080960,
ENSCJAG00000081758,
ENSCJAG00000022035,
ENSCJAG00000001491,ADGRF3
ENSCJAG00000018928,MTA2
ENSCJAG00000035007,LY6L
ENSCJAG00000012957,PEX5L
ENSCJAG00000033480,U6
ENSCJAG00000073609,SMAGP
ENSCJAG00000001219,RNF10
ENSCJAG00000052211,
ENSCJAG00000004103,SLC30A10
ENSCJAG00000003054,GNAI3
ENSCJAG00000030187,cja-mir-216b
ENSCJAG00000074444,Metazoa_SRP
ENSCJAG00000018244,TMEM202
ENSCJAG00000073895,
ENSCJAG00000045689,Metazoa_SRP
ENSCJAG00000030302,cja-mir-216a
ENSCJAG00000011032,COMMD9
ENSCJAG00000079781,
ENSCJAG00000047574,MIR217
ENSCJAG00000046450,LRTOMT
ENSCJAG00000006985,SPTY2D1
ENSCJAG00000051767,
ENSCJAG00000002634,STAR
ENSCJAG00000017611,CFAP410
ENSCJAG00000073187,
ENSCJAG00000076798,
ENSCJAG00000078032,
ENSCJAG00000062550,
ENSCJAG00000013199,SVIL
ENSCJAG00000012194,MSLN
ENSCJAG00000086798,Metazoa_SRP
ENSCJAG00000085400,
ENSCJAG00000071751,
ENSCJAG00000075704,U4
ENSCJAG00000019657,GGCX
ENSCJAG00000027096,U3
ENSCJAG00000018884,EML3
ENSCJAG00000021460,LY6E
ENSCJAG00000028962,U4
ENSCJAG00000006213,FOXG1
ENSCJAG00000052004,Metazoa_SRP
ENSCJAG00000078169,U7
ENSCJAG00000077496,Metazoa_SRP
ENSCJAG00000083372,Metazoa_SRP
ENSCJAG00000058137,
ENSCJAG00000009690,EFEMP1
ENSCJAG00000086703,
ENSCJAG00000029718,cja-mir-197
ENSCJAG00000070922,
ENSCJAG00000079092,Metazoa_SRP
ENSCJAG00000074708,Y_RNA
ENSCJAG00000055962,DAZAP2
ENSCJAG00000048015,LSM1
ENSCJAG00000002423,CTDSPL2
ENSCJAG00000084586,U6
ENSCJAG00000072712,
ENSCJAG00000079577,
ENSCJAG00000076554,TMEM86A
ENSCJAG00000073226,
ENSCJAG00000079137,
ENSCJAG00000081781,Metazoa_SRP
ENSCJAG00000003071,GNAT2
ENSCJAG00000073018,
ENSCJAG00000036247,Metazoa_SRP
ENSCJAG00000025617,MIR29C
ENSCJAG00000074867,
ENSCJAG00000063206,U3
ENSCJAG00000086804,
ENSCJAG00000026565,cja-mir-29b-1
ENSCJAG00000079747,
ENSCJAG00000073098,U1
ENSCJAG00000070577,
ENSCJAG00000018219,ARIH1
ENSCJAG00000081203,
ENSCJAG00000078588,
ENSCJAG00000062532,
ENSCJAG00000030854,
ENSCJAG00000077704,
ENSCJAG00000077074,U6
ENSCJAG00000048657,ZNF669
ENSCJAG00000029656,U1
ENSCJAG00000006935,IGSF22
ENSCJAG00000071353,Metazoa_SRP
ENSCJAG00000074387,
ENSCJAG00000061470,
ENSCJAG00000048226,SPEGNB
ENSCJAG00000030123,cja-mir-885
ENSCJAG00000076973,
ENSCJAG00000059659,
ENSCJAG00000012236,
ENSCJAG00000074988,
ENSCJAG00000055228,
ENSCJAG00000083474,
ENSCJAG00000076444,
ENSCJAG00000087024,
ENSCJAG00000072277,
ENSCJAG00000064426,cja-mir-9969
ENSCJAG00000087339,Metazoa_SRP
ENSCJAG00000073512,Metazoa_SRP
ENSCJAG00000063400,
ENSCJAG00000078574,
ENSCJAG00000044850,DPY30
ENSCJAG00000002619,BAG4
ENSCJAG00000044909,Metazoa_SRP
ENSCJAG00000042146,
ENSCJAG00000072410,
ENSCJAG00000086143,U7
ENSCJAG00000009102,PAPOLG
ENSCJAG00000059726,
ENSCJAG00000044403,PRR5L
ENSCJAG00000009740,PNPT1
ENSCJAG00000044995,ROM1
ENSCJAG00000072362,
ENSCJAG00000074417,U6
ENSCJAG00000072365,
ENSCJAG00000019681,MAT2A
ENSCJAG00000084158,U4
ENSCJAG00000017197,CPN1
ENSCJAG00000074726,
ENSCJAG00000012014,DLC1
ENSCJAG00000003776,CD34
ENSCJAG00000082583,Metazoa_SRP
ENSCJAG00000086633,
ENSCJAG00000018181,BBS4
ENSCJAG00000039675,Metazoa_SRP
ENSCJAG00000011727,JMJD4
ENSCJAG00000039030,
ENSCJAG00000079694,Y_RNA
ENSCJAG00000019546,VPS26B
ENSCJAG00000080238,TOLLIP
ENSCJAG00000062603,
ENSCJAG00000067351,
ENSCJAG00000072049,
ENSCJAG00000073600,TRPM2
ENSCJAG00000073888,Metazoa_SRP
ENSCJAG00000077431,U4
ENSCJAG00000084441,
ENSCJAG00000056491,
ENSCJAG00000062941,
ENSCJAG00000073582,U6
ENSCJAG00000078926,5S_rRNA
ENSCJAG00000035184,U6
ENSCJAG00000016541,SLC6A11
ENSCJAG00000003092,AMPD2
ENSCJAG00000021834,UCN2
ENSCJAG00000018860,B3GAT3
ENSCJAG00000012425,LGALS9
ENSCJAG00000084958,Metazoa_SRP
ENSCJAG00000003208,MEMO1
ENSCJAG00000048315,U6
ENSCJAG00000077043,
ENSCJAG00000002412,EIF3J
ENSCJAG00000011506,ZNF195
ENSCJAG00000073696,Metazoa_SRP
ENSCJAG00000068654,
ENSCJAG00000017646,POU6F1
ENSCJAG00000082861,Metazoa_SRP
ENSCJAG00000083675,U4
ENSCJAG00000039265,U6
ENSCJAG00000086892,Metazoa_SRP
ENSCJAG00000080710,
ENSCJAG00000012253,RPUSD1
ENSCJAG00000018489,ZMYND11
ENSCJAG00000072260,
ENSCJAG00000038230,Metazoa_SRP
ENSCJAG00000017211,ERLIN1
ENSCJAG00000074053,
ENSCJAG00000070071,Metazoa_SRP
ENSCJAG00000018161,ADPGK
ENSCJAG00000001322,TRPM7
ENSCJAG00000075019,
ENSCJAG00000070357,Metazoa_SRP
ENSCJAG00000011070,TRAF6
ENSCJAG00000074509,U7
ENSCJAG00000041138,PLSCR4
ENSCJAG00000048078,
ENSCJAG00000003967,EPRS1
ENSCJAG00000038263,Metazoa_SRP
ENSCJAG00000083726,
ENSCJAG00000011864,ASIC4
ENSCJAG00000087068,Metazoa_SRP
ENSCJAG00000040339,CCNJ
ENSCJAG00000019542,THYN1
ENSCJAG00000073270,Y_RNA
ENSCJAG00000079198,
ENSCJAG00000019695,SH2D6
ENSCJAG00000081208,
ENSCJAG00000075857,
ENSCJAG00000086195,
ENSCJAG00000015908,
ENSCJAG00000006180,PRKD1
ENSCJAG00000012946,LPIN2
ENSCJAG00000024659,U6
ENSCJAG00000057638,
ENSCJAG00000084282,U6
ENSCJAG00000001309,POP5
ENSCJAG00000039101,RAG1
ENSCJAG00000084976,Metazoa_SRP
ENSCJAG00000069964,
ENSCJAG00000075266,
ENSCJAG00000077213,Metazoa_SRP
ENSCJAG00000080132,
ENSCJAG00000078693,Metazoa_SRP
ENSCJAG00000016267,ZNF518A
ENSCJAG00000032414,Y_RNA
ENSCJAG00000070495,
ENSCJAG00000080297,
ENSCJAG00000086626,
ENSCJAG00000006871,MRLN
ENSCJAG00000012262,CHTF18
ENSCJAG00000073509,
ENSCJAG00000060838,
ENSCJAG00000059745,
ENSCJAG00000039821,SNAP47
ENSCJAG00000008138,KIF3C
ENSCJAG00000086846,
ENSCJAG00000073243,
ENSCJAG00000044947,Metazoa_SRP
ENSCJAG00000081830,
ENSCJAG00000011084,RAG2
ENSCJAG00000017599,TFCP2
ENSCJAG00000086431,Metazoa_SRP
ENSCJAG00000082289,
ENSCJAG00000017244,CHUK
ENSCJAG00000028172,U1
ENSCJAG00000021462,CYP11B1
ENSCJAG00000076602,YPEL5
ENSCJAG00000081279,
ENSCJAG00000009837,PPP4R3B
ENSCJAG00000082459,
ENSCJAG00000087243,
ENSCJAG00000007474,MYLK
ENSCJAG00000076739,
ENSCJAG00000012443,SLC12A3
ENSCJAG00000018826,GANAB
ENSCJAG00000015618,ANGEL2
ENSCJAG00000008079,CAMK2B
ENSCJAG00000056072,RAB10
ENSCJAG00000075194,GNG13
ENSCJAG00000070906,
ENSCJAG00000072343,
ENSCJAG00000009164,PTPN5
ENSCJAG00000010906,DLAT
ENSCJAG00000071396,
ENSCJAG00000083976,U6
ENSCJAG00000019530,ACAD8
ENSCJAG00000077806,
ENSCJAG00000073454,
ENSCJAG00000066818,
ENSCJAG00000002382,SPG11
ENSCJAG00000070963,
ENSCJAG00000027066,U8
ENSCJAG00000009226,BCL11A
ENSCJAG00000016270,BLNK
ENSCJAG00000004331,KHDRBS3
ENSCJAG00000033132,U7
ENSCJAG00000036106,LBH
ENSCJAG00000069862,Metazoa_SRP
ENSCJAG00000070865,U6
ENSCJAG00000076268,
ENSCJAG00000070948,
ENSCJAG00000073515,Metazoa_SRP
ENSCJAG00000012302,LMF1
ENSCJAG00000016551,SLC6A1
ENSCJAG00000082904,U6
ENSCJAG00000064417,
ENSCJAG00000044645,CABP1
ENSCJAG00000078928,Metazoa_SRP
ENSCJAG00000069716,Metazoa_SRP
ENSCJAG00000084446,
ENSCJAG00000071922,Y_RNA
ENSCJAG00000074828,
ENSCJAG00000078045,
ENSCJAG00000002754,PTH2R
ENSCJAG00000073157,
ENSCJAG00000017176,CWF19L1
ENSCJAG00000001578,PLOD2
ENSCJAG00000008091,GAREM2
ENSCJAG00000082557,
ENSCJAG00000065750,
ENSCJAG00000041726,CAPG
ENSCJAG00000081900,
ENSCJAG00000010506,DKK3
ENSCJAG00000079223,MUC6
ENSCJAG00000081092,
ENSCJAG00000076741,Y_RNA
ENSCJAG00000082044,
ENSCJAG00000010954,PIH1D2
ENSCJAG00000019431,TNRC6C
ENSCJAG00000006862,SLC16A9
ENSCJAG00000077524,U1
ENSCJAG00000080155,Metazoa_SRP
ENSCJAG00000040186,Metazoa_SRP
ENSCJAG00000012923,TTC14
ENSCJAG00000080517,WNT9A
ENSCJAG00000038285,
ENSCJAG00000073290,
ENSCJAG00000087019,
ENSCJAG00000028131,
ENSCJAG00000069702,
ENSCJAG00000048252,LCLAT1
ENSCJAG00000071696,Metazoa_SRP
ENSCJAG00000018044,NEO1
ENSCJAG00000081206,
ENSCJAG00000052054,
ENSCJAG00000087344,
ENSCJAG00000054493,
ENSCJAG00000002978,COL7A1
ENSCJAG00000056043,
ENSCJAG00000079276,
ENSCJAG00000083145,
ENSCJAG00000015253,NUMA1
ENSCJAG00000051430,
ENSCJAG00000011894,CHPF
ENSCJAG00000073302,
ENSCJAG00000084712,Y_RNA
ENSCJAG00000045524,PTPLB
ENSCJAG00000060037,
ENSCJAG00000019718,ELMOD3
ENSCJAG00000072824,
ENSCJAG00000077068,Metazoa_SRP
ENSCJAG00000082437,Metazoa_SRP
ENSCJAG00000052109,
ENSCJAG00000072567,
ENSCJAG00000084552,
ENSCJAG00000021467,SCRIB
ENSCJAG00000078525,
ENSCJAG00000016650,WNT3A
ENSCJAG00000086711,CSRNP2
ENSCJAG00000083801,
ENSCJAG00000072497,Metazoa_SRP
ENSCJAG00000087204,
ENSCJAG00000083061,
ENSCJAG00000065762,U3
ENSCJAG00000030058,cja-mir-30d
ENSCJAG00000079652,
ENSCJAG00000024256,SNORA12
ENSCJAG00000072916,
ENSCJAG00000032998,
ENSCJAG00000011913,TMEM198
ENSCJAG00000080715,
ENSCJAG00000029881,
ENSCJAG00000010961,NKAPD1
ENSCJAG00000025199,cja-mir-30b
ENSCJAG00000008008,HADHA
ENSCJAG00000079485,
ENSCJAG00000076758,U7
ENSCJAG00000003770,PLXNA2
ENSCJAG00000084676,U6
ENSCJAG00000008958,TOX
ENSCJAG00000047014,DHTKD1
ENSCJAG00000075538,Metazoa_SRP
ENSCJAG00000075635,U3
ENSCJAG00000034588,Y_RNA
ENSCJAG00000081918,LRRC3
ENSCJAG00000086638,Y_RNA
ENSCJAG00000047008,UNC119B
ENSCJAG00000043588,GSTM2
ENSCJAG00000041460,OSGEPL1
ENSCJAG00000007711,MEX3A
ENSCJAG00000042796,VASH2
ENSCJAG00000024834,U1
ENSCJAG00000085766,Metazoa_SRP
ENSCJAG00000071010,
ENSCJAG00000041786,ARF1
ENSCJAG00000010716,FAM13C
ENSCJAG00000009868,CFAP36
ENSCJAG00000030577,U6
ENSCJAG00000058585,cja-mir-9943
ENSCJAG00000003173,CAPN13
ENSCJAG00000015329,TSPEAR
ENSCJAG00000080672,Y_RNA
ENSCJAG00000007619,ADCY5
ENSCJAG00000019726,RETSAT
ENSCJAG00000017269,BLOC1S2
ENSCJAG00000080516,ENY2
ENSCJAG00000084992,Y_RNA
ENSCJAG00000007754,SCN3B
ENSCJAG00000017564,LETMD1
ENSCJAG00000071332,Metazoa_SRP
ENSCJAG00000079291,
ENSCJAG00000018821,INTS5
ENSCJAG00000023975,U2
ENSCJAG00000085963,Metazoa_SRP
ENSCJAG00000012901,CCDC39
ENSCJAG00000016325,DNTT
ENSCJAG00000002379,PATL2
ENSCJAG00000074302,
ENSCJAG00000045461,U6
ENSCJAG00000019728,
ENSCJAG00000010975,SDHD
ENSCJAG00000073853,Metazoa_SRP
ENSCJAG00000046358,
ENSCJAG00000036879,
ENSCJAG00000001332,ACADS
ENSCJAG00000072014,
ENSCJAG00000087369,Metazoa_SRP
ENSCJAG00000057409,U6
ENSCJAG00000007782,ZNF202
ENSCJAG00000043456,U2
ENSCJAG00000045473,U6
ENSCJAG00000074617,Y_RNA
ENSCJAG00000075366,
ENSCJAG00000027019,U6
ENSCJAG00000064337,
ENSCJAG00000043494,
ENSCJAG00000084983,
ENSCJAG00000007943,HADHB
ENSCJAG00000051696,U6
ENSCJAG00000072589,
ENSCJAG00000011924,OBSL1
ENSCJAG00000012955,EMILIN2
ENSCJAG00000039504,TCF7L1
ENSCJAG00000002377,B2M
ENSCJAG00000023448,OR6X1
ENSCJAG00000005413,LMNA
ENSCJAG00000004011,VPS13C
ENSCJAG00000045967,Metazoa_SRP
ENSCJAG00000031017,U1
ENSCJAG00000010726,RPS28
ENSCJAG00000077838,KRTAP10-3
ENSCJAG00000070697,
ENSCJAG00000075274,U4
ENSCJAG00000075001,U6
ENSCJAG00000073241,
ENSCJAG00000002713,
ENSCJAG00000080615,TMEM225
ENSCJAG00000018789,LBHD1
ENSCJAG00000073866,
ENSCJAG00000042503,PKD2L1
ENSCJAG00000042347,Metazoa_SRP
ENSCJAG00000084863,
ENSCJAG00000047907,OPALIN
ENSCJAG00000016721,C1orf35
ENSCJAG00000010368,MICAL2
ENSCJAG00000009275,FANCL
ENSCJAG00000019735,KCMF1
ENSCJAG00000023707,
ENSCJAG00000070355,
ENSCJAG00000073918,Metazoa_SRP
ENSCJAG00000085248,
ENSCJAG00000082218,
ENSCJAG00000078118,
ENSCJAG00000041374,
ENSCJAG00000081766,
ENSCJAG00000043961,HRH1
ENSCJAG00000054837,
ENSCJAG00000003150,GALNT14
ENSCJAG00000035790,Metazoa_SRP
ENSCJAG00000070977,
ENSCJAG00000007793,OR8D4
ENSCJAG00000045554,GLB1L3
ENSCJAG00000076085,
ENSCJAG00000053051,
ENSCJAG00000012499,IL18
ENSCJAG00000012357,HERPUD1
ENSCJAG00000084030,Y_RNA
ENSCJAG00000080489,
ENSCJAG00000051398,
ENSCJAG00000010732,KANK3
ENSCJAG00000022106,OR4D5
ENSCJAG00000075445,U5
ENSCJAG00000018554,SEC61A2
ENSCJAG00000071123,
ENSCJAG00000012392,KSR1
ENSCJAG00000006385,NYNRIN
ENSCJAG00000047635,
ENSCJAG00000076616,U5
ENSCJAG00000016730,MRPL55
ENSCJAG00000072028,
ENSCJAG00000022107,OR6T1
ENSCJAG00000004348,ZFAT
ENSCJAG00000072177,
ENSCJAG00000002369,TRIM69
ENSCJAG00000021469,GML
ENSCJAG00000006106,G2E3
ENSCJAG00000022108,OR10S1
ENSCJAG00000044576,
ENSCJAG00000004594,GLTSCR1L
ENSCJAG00000058194,cja-mir-9968
ENSCJAG00000077168,
ENSCJAG00000052337,
ENSCJAG00000008677,RPLP0
ENSCJAG00000000543,CNTN5
ENSCJAG00000057197,
ENSCJAG00000082405,
ENSCJAG00000048046,
ENSCJAG00000016583,ATG7
ENSCJAG00000079734,
ENSCJAG00000064727,Metazoa_SRP
ENSCJAG00000080225,
ENSCJAG00000075902,
ENSCJAG00000043001,
ENSCJAG00000012498,TEX12
ENSCJAG00000018816,CSKMT
ENSCJAG00000012329,CETP
ENSCJAG00000084291,Y_RNA
ENSCJAG00000054577,
ENSCJAG00000078019,
ENSCJAG00000082255,
ENSCJAG00000045682,SCD
ENSCJAG00000084985,
ENSCJAG00000000296,
ENSCJAG00000001966,ARL1
ENSCJAG00000082278,U6
ENSCJAG00000010768,ANGPTL4
ENSCJAG00000027070,SNORA57
ENSCJAG00000075012,Metazoa_SRP
ENSCJAG00000074632,U6
ENSCJAG00000004637,RPL7L1
ENSCJAG00000016371,TLL2
ENSCJAG00000076878,
ENSCJAG00000082274,
ENSCJAG00000080848,
ENSCJAG00000071476,
ENSCJAG00000082326,UQCC3
ENSCJAG00000086618,TMSB10
ENSCJAG00000042972,
ENSCJAG00000055788,
ENSCJAG00000078565,
ENSCJAG00000001359,SPPL3
ENSCJAG00000009299,VRK2
ENSCJAG00000011607,AP2A2
ENSCJAG00000012446,BCO2
ENSCJAG00000086458,
ENSCJAG00000072220,
ENSCJAG00000074775,Metazoa_SRP
ENSCJAG00000023341,C6orf226
ENSCJAG00000000301,
ENSCJAG00000015690,FLVCR1
ENSCJAG00000042781,Metazoa_SRP
ENSCJAG00000008976,CA8
ENSCJAG00000084866,
ENSCJAG00000007804,VWA5A
ENSCJAG00000034108,CAPN14
ENSCJAG00000083056,LYNX1
ENSCJAG00000086222,
ENSCJAG00000075937,INHA
ENSCJAG00000016738,GUK1
ENSCJAG00000007704,SEC22A
ENSCJAG00000010778,RAB11B
ENSCJAG00000016413,TM9SF3
ENSCJAG00000046770,WNT8B
ENSCJAG00000000071,
ENSCJAG00000010699,PHYHIPL
ENSCJAG00000004662,CNPY3
ENSCJAG00000019738,TRABD2A
ENSCJAG00000077476,GSTM3
ENSCJAG00000018751,UBXN1
ENSCJAG00000022906,MRGPRX1
ENSCJAG00000063198,
ENSCJAG00000046775,SLURP2
ENSCJAG00000011938,STK11IP
ENSCJAG00000006924,MRGPRX2
ENSCJAG00000012266,NLRC5
ENSCJAG00000058577,
ENSCJAG00000086693,
ENSCJAG00000004675,GNMT
ENSCJAG00000084159,Metazoa_SRP
ENSCJAG00000081845,
ENSCJAG00000005938,SCFD1
ENSCJAG00000034104,U6
ENSCJAG00000041224,UBE2G2
ENSCJAG00000078107,LYPD2
ENSCJAG00000072231,
ENSCJAG00000084265,
ENSCJAG00000034802,Y_RNA
ENSCJAG00000083807,
ENSCJAG00000086659,Metazoa_SRP
ENSCJAG00000007712,PDIA5
ENSCJAG00000056099,
ENSCJAG00000071762,SLURP1
ENSCJAG00000015706,SPATA45
ENSCJAG00000074070,U6
ENSCJAG00000055079,
ENSCJAG00000010794,MARCHF2
ENSCJAG00000073041,
ENSCJAG00000017347,SEC31B
ENSCJAG00000086047,
ENSCJAG00000081403,Metazoa_SRP
ENSCJAG00000073588,
ENSCJAG00000076407,U6
ENSCJAG00000008639,PXN
ENSCJAG00000043498,5S_rRNA
ENSCJAG00000086915,THEM6
ENSCJAG00000076131,
ENSCJAG00000078724,
ENSCJAG00000013594,HNF1A
ENSCJAG00000074317,
ENSCJAG00000047970,LRRN4CL
ENSCJAG00000031090,U1
ENSCJAG00000076982,
ENSCJAG00000054964,
ENSCJAG00000071840,EHD3
ENSCJAG00000047808,PTS
ENSCJAG00000084567,
ENSCJAG00000079387,
ENSCJAG00000086148,Metazoa_SRP
ENSCJAG00000010639,BICC1
ENSCJAG00000071491,
ENSCJAG00000001906,SPIC
ENSCJAG00000063953,
ENSCJAG00000010314,PARVA
ENSCJAG00000087245,
ENSCJAG00000010529,SUMO3
ENSCJAG00000074171,Metazoa_SRP
ENSCJAG00000021484,LY6K
ENSCJAG00000012351,WSB1
ENSCJAG00000080179,
ENSCJAG00000077149,
ENSCJAG00000005886,COCH
ENSCJAG00000071020,Metazoa_SRP
ENSCJAG00000078036,Metazoa_SRP
ENSCJAG00000075242,
ENSCJAG00000037906,NDUFB8
ENSCJAG00000010802,HNRNPM
ENSCJAG00000065686,cja-mir-548n-1
ENSCJAG00000058631,
ENSCJAG00000004684,PEX6
ENSCJAG00000011943,SLC4A3
ENSCJAG00000017922,SLC2A13
ENSCJAG00000003180,EPS8L3
ENSCJAG00000051680,
ENSCJAG00000033149,U6
ENSCJAG00000078272,
ENSCJAG00000038625,C9H12orf43
ENSCJAG00000062378,
ENSCJAG00000070531,
ENSCJAG00000074495,
ENSCJAG00000016643,VGLL4
ENSCJAG00000016474,PIK3AP1
ENSCJAG00000018730,BSCL2
ENSCJAG00000081908,
ENSCJAG00000019742,DNAH6
ENSCJAG00000006851,ZDHHC13
ENSCJAG00000082800,
ENSCJAG00000021476,JRK
ENSCJAG00000042223,NUDT5
ENSCJAG00000005605,SEMA4A
ENSCJAG00000011689,CHID1
ENSCJAG00000046702,U6
ENSCJAG00000085899,PTTG1IP
ENSCJAG00000075484,Metazoa_SRP
ENSCJAG00000005902,PLET1
ENSCJAG00000084916,
ENSCJAG00000072369,
ENSCJAG00000080442,
ENSCJAG00000074058,
ENSCJAG00000041066,HIF1AN
ENSCJAG00000076981,
ENSCJAG00000012013,
ENSCJAG00000012206,CPNE2
ENSCJAG00000025044,SNORD115
ENSCJAG00000059956,
ENSCJAG00000052611,
ENSCJAG00000080513,BPNT1
ENSCJAG00000086421,
ENSCJAG00000010913,PRAM1
ENSCJAG00000078196,
ENSCJAG00000078579,Metazoa_SRP
ENSCJAG00000003090,XDH
ENSCJAG00000012137,ARC
ENSCJAG00000079419,
ENSCJAG00000007876,
ENSCJAG00000071171,
ENSCJAG00000079327,Metazoa_SRP
ENSCJAG00000001667,CHPT1
ENSCJAG00000074871,Metazoa_SRP
ENSCJAG00000083493,
ENSCJAG00000081680,
ENSCJAG00000043836,OASL
ENSCJAG00000076674,
ENSCJAG00000015712,TATDN3
ENSCJAG00000086262,Metazoa_SRP
ENSCJAG00000082056,Metazoa_SRP
ENSCJAG00000056966,
ENSCJAG00000079489,
ENSCJAG00000071893,
ENSCJAG00000012066,KIAA1456
ENSCJAG00000023350,
ENSCJAG00000070738,U7
ENSCJAG00000085466,
ENSCJAG00000005822,STRN3
ENSCJAG00000075472,U1
ENSCJAG00000013253,JCAD
ENSCJAG00000087220,
ENSCJAG00000083451,Metazoa_SRP
ENSCJAG00000086001,
ENSCJAG00000085395,U6
ENSCJAG00000058619,
ENSCJAG00000045223,HCN4
ENSCJAG00000060435,
ENSCJAG00000036034,Metazoa_SRP
ENSCJAG00000018603,CDC123
ENSCJAG00000072831,U6
ENSCJAG00000078168,
ENSCJAG00000001605,DIPK2A
ENSCJAG00000048947,
ENSCJAG00000016746,GJC2
ENSCJAG00000078589,
ENSCJAG00000075401,U6
ENSCJAG00000047064,U6
ENSCJAG00000087192,
ENSCJAG00000073871,U3
ENSCJAG00000075391,U6
ENSCJAG00000082266,Metazoa_SRP
ENSCJAG00000081526,
ENSCJAG00000053722,
ENSCJAG00000086620,Metazoa_SRP
ENSCJAG00000040486,Metazoa_SRP
ENSCJAG00000077261,
ENSCJAG00000065651,
ENSCJAG00000036433,Y_RNA
ENSCJAG00000081173,U6
ENSCJAG00000084650,
ENSCJAG00000079490,Metazoa_SRP
ENSCJAG00000075236,
ENSCJAG00000072239,
ENSCJAG00000056024,
ENSCJAG00000016749,IBA57
ENSCJAG00000080176,
ENSCJAG00000007825,SEMA5B
ENSCJAG00000007890,
ENSCJAG00000083999,
ENSCJAG00000071400,
ENSCJAG00000076782,Metazoa_SRP
ENSCJAG00000048143,Metazoa_SRP
ENSCJAG00000010927,ZNF414
ENSCJAG00000072852,U3
ENSCJAG00000079861,
ENSCJAG00000013270,MTPAP
ENSCJAG00000032506,
ENSCJAG00000087163,
ENSCJAG00000071805,U6
ENSCJAG00000075467,U6
ENSCJAG00000078065,
ENSCJAG00000081105,
ENSCJAG00000080268,
ENSCJAG00000086014,
ENSCJAG00000071178,U6
ENSCJAG00000007894,OR8B4
ENSCJAG00000085080,Metazoa_SRP
ENSCJAG00000010554,ITGB2
ENSCJAG00000069907,GNG3
ENSCJAG00000015324,IL18BP
ENSCJAG00000001658,
ENSCJAG00000017991,REC114
ENSCJAG00000074681,U6
ENSCJAG00000078978,Y_RNA
ENSCJAG00000080303,Y_RNA
ENSCJAG00000012070,LONRF1
ENSCJAG00000071091,
ENSCJAG00000071851,
ENSCJAG00000084379,
ENSCJAG00000080344,
ENSCJAG00000006327,AIM2
ENSCJAG00000068576,
ENSCJAG00000072561,U4
ENSCJAG00000076004,Metazoa_SRP
ENSCJAG00000080307,
ENSCJAG00000010625,TFAM
ENSCJAG00000001404,P2RX7
ENSCJAG00000022117,OR8B8
ENSCJAG00000076588,
ENSCJAG00000071237,
ENSCJAG00000081066,
ENSCJAG00000069669,
ENSCJAG00000073839,
ENSCJAG00000075881,
ENSCJAG00000021488,
ENSCJAG00000083313,U6
ENSCJAG00000006536,
ENSCJAG00000085838,
ENSCJAG00000010346,ADGRB1
ENSCJAG00000006844,CSRP3
ENSCJAG00000060012,
ENSCJAG00000041283,U6
ENSCJAG00000058482,
ENSCJAG00000072402,
ENSCJAG00000070508,U1
ENSCJAG00000027048,
ENSCJAG00000012189,FAM192A
ENSCJAG00000073613,Y_RNA
ENSCJAG00000055854,
ENSCJAG00000060946,
ENSCJAG00000010263,TEAD1
ENSCJAG00000075492,Metazoa_SRP
ENSCJAG00000056311,
ENSCJAG00000082683,
ENSCJAG00000018709,HNRNPUL2
ENSCJAG00000074201,U6
ENSCJAG00000081667,Metazoa_SRP
ENSCJAG00000042163,Y_RNA
ENSCJAG00000053698,OR8B12
ENSCJAG00000011724,TSPAN4
ENSCJAG00000048162,
ENSCJAG00000007744,B3GAT1
ENSCJAG00000071881,
ENSCJAG00000073066,
ENSCJAG00000085111,Y_RNA
ENSCJAG00000085980,
ENSCJAG00000017927,C12orf40
ENSCJAG00000074949,Metazoa_SRP
ENSCJAG00000079140,
ENSCJAG00000005625,SLC25A44
ENSCJAG00000036193,Metazoa_SRP
ENSCJAG00000022966,LCOR
ENSCJAG00000038255,OR8A1
ENSCJAG00000053074,
ENSCJAG00000044906,U2
ENSCJAG00000077884,
ENSCJAG00000010676,
ENSCJAG00000012265,PELP1
ENSCJAG00000021492,FAM83H
ENSCJAG00000005514,MANF
ENSCJAG00000044901,Y_RNA
ENSCJAG00000018703,TTC9C
ENSCJAG00000081397,
ENSCJAG00000083402,U6
ENSCJAG00000017038,ADCK1
ENSCJAG00000079663,
ENSCJAG00000073716,
ENSCJAG00000066993,
ENSCJAG00000081700,Metazoa_SRP
ENSCJAG00000051212,Metazoa_SRP
ENSCJAG00000001617,SLC9A9
ENSCJAG00000080950,
ENSCJAG00000009623,CAMK1D
ENSCJAG00000079737,
ENSCJAG00000003199,CSF1
ENSCJAG00000038331,
ENSCJAG00000057779,
ENSCJAG00000083398,Metazoa_SRP
ENSCJAG00000086467,
ENSCJAG00000079989,POLR2L
ENSCJAG00000012108,PRAG1
ENSCJAG00000073796,
ENSCJAG00000007913,PANX3
ENSCJAG00000038512,RBM15B
ENSCJAG00000073640,
ENSCJAG00000075945,
ENSCJAG00000036049,Metazoa_SRP
ENSCJAG00000076975,
ENSCJAG00000017397,PAX2
ENSCJAG00000079603,U6
ENSCJAG00000076405,
ENSCJAG00000019744,PXK
ENSCJAG00000054150,
ENSCJAG00000018693,ZBTB3
ENSCJAG00000005636,PMF1
ENSCJAG00000078452,Y_RNA
ENSCJAG00000073591,Metazoa_SRP
ENSCJAG00000012138,RSPRY1
ENSCJAG00000006307,CADM3
ENSCJAG00000000078,NDC80
ENSCJAG00000059172,
ENSCJAG00000011754,CD151
ENSCJAG00000032556,XNDC1N
ENSCJAG00000086774,
ENSCJAG00000017942,ABCD2
ENSCJAG00000072705,U4
ENSCJAG00000021101,AVEN
ENSCJAG00000023377,
ENSCJAG00000078890,
ENSCJAG00000001436,P2RX4
ENSCJAG00000010573,UBE2D1
ENSCJAG00000083663,
ENSCJAG00000010599,SLX9
ENSCJAG00000084893,Metazoa_SRP
ENSCJAG00000070001,
ENSCJAG00000024758,SNORA70
ENSCJAG00000078753,
ENSCJAG00000076972,Metazoa_SRP
ENSCJAG00000054952,
ENSCJAG00000052273,
ENSCJAG00000070371,Metazoa_SRP
ENSCJAG00000007855,SLC49A4
ENSCJAG00000076449,
ENSCJAG00000009000,RAB2A
ENSCJAG00000079658,Metazoa_SRP
ENSCJAG00000051276,
ENSCJAG00000019805,SUCLG1
ENSCJAG00000018009,NPTN
ENSCJAG00000069705,
ENSCJAG00000044384,PTP4A2
ENSCJAG00000084580,
ENSCJAG00000071675,
ENSCJAG00000008208,NUDCD3
ENSCJAG00000085423,
ENSCJAG00000031670,MAPK15
ENSCJAG00000043451,Metazoa_SRP
ENSCJAG00000074342,
ENSCJAG00000018688,POLR2G
ENSCJAG00000016647,SYN2
ENSCJAG00000084910,
ENSCJAG00000070939,
ENSCJAG00000074531,
ENSCJAG00000060869,
ENSCJAG00000006811,E2F8
ENSCJAG00000077610,
ENSCJAG00000084064,
ENSCJAG00000071487,
ENSCJAG00000074288,Metazoa_SRP
ENSCJAG00000086323,
ENSCJAG00000001633,GNPTAB
ENSCJAG00000074668,Metazoa_SRP
ENSCJAG00000007920,TBRG1
ENSCJAG00000011785,CRACR2B
ENSCJAG00000069074,
ENSCJAG00000073959,
ENSCJAG00000046802,BGLAP
ENSCJAG00000072980,
ENSCJAG00000005537,DCAF1
ENSCJAG00000081469,U7
ENSCJAG00000038608,MYO1F
ENSCJAG00000077390,
ENSCJAG00000080088,U4
ENSCJAG00000071437,
ENSCJAG00000078174,
ENSCJAG00000080757,
ENSCJAG00000023282,CHRM5
ENSCJAG00000068993,
ENSCJAG00000040674,Metazoa_SRP
ENSCJAG00000004426,CACNA1E
ENSCJAG00000083025,
ENSCJAG00000081131,U4
ENSCJAG00000041425,NOD2
ENSCJAG00000007911,HSPBAP1
ENSCJAG00000083396,
ENSCJAG00000078163,
ENSCJAG00000005786,AP4S1
ENSCJAG00000057695,
ENSCJAG00000033527,
ENSCJAG00000021103,EMC7
ENSCJAG00000080772,
ENSCJAG00000040347,TAF6L
ENSCJAG00000075889,U6
ENSCJAG00000052027,
ENSCJAG00000037933,Metazoa_SRP
ENSCJAG00000005656,PAQR6
ENSCJAG00000061048,
ENSCJAG00000082115,
ENSCJAG00000002186,ZNRD2
ENSCJAG00000017346,TMEM114
ENSCJAG00000076096,
ENSCJAG00000006303,DARC
ENSCJAG00000021422,CCDC166
ENSCJAG00000073668,
ENSCJAG00000083322,
ENSCJAG00000012466,
ENSCJAG00000039472,SIRT4
ENSCJAG00000015457,ART1
ENSCJAG00000068237,Metazoa_SRP
ENSCJAG00000073910,
ENSCJAG00000071436,
ENSCJAG00000023283,PGBD4
ENSCJAG00000052521,
ENSCJAG00000044285,Metazoa_SRP
ENSCJAG00000003233,AHCYL1
ENSCJAG00000052080,
ENSCJAG00000087387,Metazoa_SRP
ENSCJAG00000071393,
ENSCJAG00000061142,CCDC3
ENSCJAG00000029434,U7
ENSCJAG00000071697,
ENSCJAG00000080310,
ENSCJAG00000017000,
ENSCJAG00000049087,
ENSCJAG00000071752,
ENSCJAG00000021110,KATNBL1
ENSCJAG00000081199,
ENSCJAG00000044522,ZNF707
ENSCJAG00000071994,U6
ENSCJAG00000011807,PNPLA2
ENSCJAG00000077693,
ENSCJAG00000081163,
ENSCJAG00000010689,MAP2
ENSCJAG00000072877,
ENSCJAG00000077786,Y_RNA
ENSCJAG00000006292,FCER1A
ENSCJAG00000086422,
ENSCJAG00000072702,Y_RNA
ENSCJAG00000057940,
ENSCJAG00000080158,U6
ENSCJAG00000074254,
ENSCJAG00000087275,Y_RNA
ENSCJAG00000042898,VGLL3
ENSCJAG00000082279,
ENSCJAG00000078766,
ENSCJAG00000074014,
ENSCJAG00000012125,MFHAS1
ENSCJAG00000018683,TMEM179B
ENSCJAG00000012115,ARRB2
ENSCJAG00000012318,NPC1L1
ENSCJAG00000082765,
ENSCJAG00000084448,
ENSCJAG00000006580,KHDRBS1
ENSCJAG00000065899,
ENSCJAG00000085280,
ENSCJAG00000082273,5S_rRNA
ENSCJAG00000082874,
ENSCJAG00000086387,
ENSCJAG00000041490,FAM89B
ENSCJAG00000075668,
ENSCJAG00000074166,
ENSCJAG00000059240,
ENSCJAG00000015465,CHRNA10
ENSCJAG00000003082,SRD5A2
ENSCJAG00000073537,
ENSCJAG00000009575,OPTN
ENSCJAG00000076235,Metazoa_SRP
ENSCJAG00000083765,
ENSCJAG00000086905,
ENSCJAG00000071067,
ENSCJAG00000075135,U4
ENSCJAG00000022822,
ENSCJAG00000081573,U4
ENSCJAG00000036792,Metazoa_SRP
ENSCJAG00000008624,PLA2G1B
ENSCJAG00000038791,TIMP4
ENSCJAG00000066644,
ENSCJAG00000061733,
ENSCJAG00000005684,SMG5
ENSCJAG00000054076,U7
ENSCJAG00000055646,
ENSCJAG00000042058,LYPLAL1
ENSCJAG00000084499,PLLP
ENSCJAG00000069774,
ENSCJAG00000073459,
ENSCJAG00000040027,CISD1
ENSCJAG00000076148,
ENSCJAG00000080907,Metazoa_SRP
ENSCJAG00000018646,ADARB1
ENSCJAG00000031244,U6
ENSCJAG00000061419,
ENSCJAG00000080536,
ENSCJAG00000080979,ZNF623
ENSCJAG00000004782,PPP2R5D
ENSCJAG00000077533,Metazoa_SRP
ENSCJAG00000075010,
ENSCJAG00000075687,Metazoa_SRP
ENSCJAG00000018681,TMEM223
ENSCJAG00000064149,
ENSCJAG00000024812,U2
ENSCJAG00000071772,Metazoa_SRP
ENSCJAG00000067818,
ENSCJAG00000061455,OR10J3
ENSCJAG00000039257,Metazoa_SRP
ENSCJAG00000043270,JRKL
ENSCJAG00000081990,U6
ENSCJAG00000084539,
ENSCJAG00000079286,
ENSCJAG00000029477,5S_rRNA
ENSCJAG00000086338,
ENSCJAG00000055659,U7
ENSCJAG00000002150,EHBP1L1
ENSCJAG00000030828,U6
ENSCJAG00000082933,
ENSCJAG00000076153,
ENSCJAG00000009531,MCM10
ENSCJAG00000076642,
ENSCJAG00000054288,OBSCN
ENSCJAG00000044292,
ENSCJAG00000009891,CCDC88A
ENSCJAG00000076510,
ENSCJAG00000072272,
ENSCJAG00000022039,OR10J1
ENSCJAG00000063409,
ENSCJAG00000058288,
ENSCJAG00000032773,
ENSCJAG00000072092,
ENSCJAG00000086967,CCL22
ENSCJAG00000021118,EMC4
ENSCJAG00000015718,NSL1
ENSCJAG00000010551,IPMK
ENSCJAG00000011838,RPLP2
ENSCJAG00000021409,TSTA3
ENSCJAG00000006202,PHTF2
ENSCJAG00000084814,
ENSCJAG00000006286,
ENSCJAG00000061323,
ENSCJAG00000072498,
ENSCJAG00000005631,HECTD1
ENSCJAG00000000092,METTL4
ENSCJAG00000006630,TMEM39B
ENSCJAG00000075936,
ENSCJAG00000082893,
ENSCJAG00000061439,
ENSCJAG00000070687,
ENSCJAG00000002139,
ENSCJAG00000083623,U6
ENSCJAG00000078925,
ENSCJAG00000001639,U2SURP
ENSCJAG00000084766,
ENSCJAG00000077888,Metazoa_SRP
ENSCJAG00000025062,SNORA70
ENSCJAG00000077368,
ENSCJAG00000072386,
ENSCJAG00000009517,UCMA
ENSCJAG00000080162,
ENSCJAG00000017061,NRXN3
ENSCJAG00000019413,TMC6
ENSCJAG00000078460,
ENSCJAG00000059324,
ENSCJAG00000075185,CX3CL1
ENSCJAG00000052551,
ENSCJAG00000085759,RASSF10
ENSCJAG00000081071,Metazoa_SRP
ENSCJAG00000077676,
ENSCJAG00000078487,
ENSCJAG00000082640,
ENSCJAG00000085633,U3
ENSCJAG00000076369,
ENSCJAG00000037603,Metazoa_SRP
ENSCJAG00000012129,ERI1
ENSCJAG00000017996,CD276
ENSCJAG00000016687,PPARG
ENSCJAG00000086493,
ENSCJAG00000070487,
ENSCJAG00000026379,5S_rRNA
ENSCJAG00000006279,APCS
ENSCJAG00000047629,U4
ENSCJAG00000082807,
ENSCJAG00000021413,PYCR3
ENSCJAG00000064771,
ENSCJAG00000082369,U1
ENSCJAG00000018635,NXF1
ENSCJAG00000015332,NUP98
ENSCJAG00000005765,TMEM79
ENSCJAG00000017292,ABAT
ENSCJAG00000064978,
ENSCJAG00000005575,RAD54L2
ENSCJAG00000075522,
ENSCJAG00000086508,
ENSCJAG00000058781,
ENSCJAG00000052020,
ENSCJAG00000070489,
ENSCJAG00000006271,CRP
ENSCJAG00000085259,U6
ENSCJAG00000081089,Metazoa_SRP
ENSCJAG00000011846,PIDD1
ENSCJAG00000009025,CHD7
ENSCJAG00000077626,BATF3
ENSCJAG00000082386,U7
ENSCJAG00000083701,CCL17
ENSCJAG00000042433,Metazoa_SRP
ENSCJAG00000006669,KPNA6
ENSCJAG00000008885,CADM2
ENSCJAG00000084512,
ENSCJAG00000002128,MAP3K11
ENSCJAG00000082599,
ENSCJAG00000073672,
ENSCJAG00000058060,
ENSCJAG00000085426,
ENSCJAG00000042351,SF3B4
ENSCJAG00000021417,TIGD5
ENSCJAG00000081682,U7
ENSCJAG00000083428,
ENSCJAG00000025637,cja-mir-205
ENSCJAG00000009507,PHYH
ENSCJAG00000057720,Metazoa_SRP
ENSCJAG00000005757,GLMP
ENSCJAG00000005232,ST3GAL1
ENSCJAG00000071877,
ENSCJAG00000072576,U1
ENSCJAG00000064153,
ENSCJAG00000074897,U6
ENSCJAG00000078586,
ENSCJAG00000017359,FH
ENSCJAG00000070683,
ENSCJAG00000033165,Y_RNA
ENSCJAG00000072881,
ENSCJAG00000045340,MED11
ENSCJAG00000077214,
ENSCJAG00000071356,
ENSCJAG00000072094,
ENSCJAG00000029661,
ENSCJAG00000072054,
ENSCJAG00000070645,
ENSCJAG00000012055,CIAPIN1
ENSCJAG00000065392,PPP1R3B
ENSCJAG00000001450,ANAPC5
ENSCJAG00000067834,Metazoa_SRP
ENSCJAG00000040858,
ENSCJAG00000004365,CCDC82
ENSCJAG00000071756,
ENSCJAG00000047183,ATF3
ENSCJAG00000080143,DUSP23
ENSCJAG00000054729,
ENSCJAG00000000217,MCPH1
ENSCJAG00000008578,
ENSCJAG00000003306,STRIP1
ENSCJAG00000081593,
ENSCJAG00000073216,
ENSCJAG00000076278,
ENSCJAG00000021940,
ENSCJAG00000017015,CTNNA2
ENSCJAG00000039606,FKBP8
ENSCJAG00000072573,U6
ENSCJAG00000074403,
ENSCJAG00000074273,
ENSCJAG00000084031,
ENSCJAG00000069944,
ENSCJAG00000014687,NME3
ENSCJAG00000086035,
ENSCJAG00000085201,U4
ENSCJAG00000005593,HEATR5A
ENSCJAG00000056330,
ENSCJAG00000086839,
ENSCJAG00000012233,DDX56
ENSCJAG00000074036,
ENSCJAG00000071019,Metazoa_SRP
ENSCJAG00000003132,UQCRC1
ENSCJAG00000000802,MTMR11
ENSCJAG00000029002,
ENSCJAG00000061696,U6
ENSCJAG00000010357,
ENSCJAG00000076246,
ENSCJAG00000084024,Metazoa_SRP
ENSCJAG00000084231,
ENSCJAG00000051593,
ENSCJAG00000075859,
ENSCJAG00000006247,
ENSCJAG00000080566,Metazoa_SRP
ENSCJAG00000076368,U6
ENSCJAG00000035453,U6
ENSCJAG00000010967,ADAMTS10
ENSCJAG00000034815,U2
ENSCJAG00000014694,MRPS34
ENSCJAG00000072537,
ENSCJAG00000081030,
ENSCJAG00000021419,EEF1D
ENSCJAG00000087037,
ENSCJAG00000028242,
ENSCJAG00000084192,
ENSCJAG00000082867,U6
ENSCJAG00000085782,
ENSCJAG00000045108,U2
ENSCJAG00000083752,
ENSCJAG00000078498,U6
ENSCJAG00000006728,TXLNA
ENSCJAG00000073516,
ENSCJAG00000039728,
ENSCJAG00000075606,Metazoa_SRP
ENSCJAG00000083310,U6
ENSCJAG00000055689,
ENSCJAG00000004359,MAML2
ENSCJAG00000010162,BMAL1
ENSCJAG00000017198,SEMA4F
ENSCJAG00000012043,COQ9
ENSCJAG00000015738,
ENSCJAG00000086157,
ENSCJAG00000012052,ZMYND15
ENSCJAG00000067138,
ENSCJAG00000074140,
ENSCJAG00000082782,Metazoa_SRP
ENSCJAG00000075862,Metazoa_SRP
ENSCJAG00000014868,CAMK1G
ENSCJAG00000054612,
ENSCJAG00000082332,Metazoa_SRP
ENSCJAG00000019739,PDHB
ENSCJAG00000086106,U6
ENSCJAG00000069370,
ENSCJAG00000065813,INSYN1
ENSCJAG00000009494,SEPHS1
ENSCJAG00000085150,
ENSCJAG00000072858,U7
ENSCJAG00000061458,U6
ENSCJAG00000087294,
ENSCJAG00000079258,Metazoa_SRP
ENSCJAG00000083485,Metazoa_SRP
ENSCJAG00000077611,U6
ENSCJAG00000081850,
ENSCJAG00000083671,
ENSCJAG00000014745,HAGH
ENSCJAG00000074420,
ENSCJAG00000064034,
ENSCJAG00000004927,ZWINT
ENSCJAG00000011869,SLC25A22
ENSCJAG00000067412,U6
ENSCJAG00000002115,PCNX3
ENSCJAG00000081597,
ENSCJAG00000082013,U7
ENSCJAG00000057741,U3
ENSCJAG00000010773,UNC80
ENSCJAG00000012217,TMED4
ENSCJAG00000006747,CCDC28B
ENSCJAG00000063982,Metazoa_SRP
ENSCJAG00000075173,
ENSCJAG00000069874,U6
ENSCJAG00000082707,
ENSCJAG00000020206,CEACAM7
ENSCJAG00000074193,
ENSCJAG00000014225,WASHC3
ENSCJAG00000062068,
ENSCJAG00000017425,SLF2
ENSCJAG00000086576,Metazoa_SRP
ENSCJAG00000072905,
ENSCJAG00000075200,
ENSCJAG00000079050,
ENSCJAG00000018606,STX5
ENSCJAG00000071773,U6
ENSCJAG00000015892,SLC30A1
ENSCJAG00000029619,U3
ENSCJAG00000007479,KXD1
ENSCJAG00000011886,CEND1
ENSCJAG00000062931,
ENSCJAG00000071930,
ENSCJAG00000072328,U6
ENSCJAG00000017379,RGS7
ENSCJAG00000077155,U6
ENSCJAG00000006762,IQCC
ENSCJAG00000084738,
ENSCJAG00000004327,MTMR2
ENSCJAG00000080680,U6
ENSCJAG00000082239,
ENSCJAG00000076865,
ENSCJAG00000073851,DTD2
ENSCJAG00000071052,U6
ENSCJAG00000074906,
ENSCJAG00000072434,
ENSCJAG00000083414,NFILZ
ENSCJAG00000078653,U6
ENSCJAG00000006239,SLAMF8
ENSCJAG00000082329,Metazoa_SRP
ENSCJAG00000069832,U6
ENSCJAG00000070649,
ENSCJAG00000044137,Metazoa_SRP
ENSCJAG00000086174,U6
ENSCJAG00000082623,Metazoa_SRP
ENSCJAG00000001749,CYLD
ENSCJAG00000045168,U7
ENSCJAG00000041039,Metazoa_SRP
ENSCJAG00000014764,FAHD1
ENSCJAG00000012016,POLR2C
ENSCJAG00000006772,DCDC2B
ENSCJAG00000037018,
ENSCJAG00000078949,U6
ENSCJAG00000012931,TGFB2
ENSCJAG00000015883,NEK2
ENSCJAG00000076006,
ENSCJAG00000078237,
ENSCJAG00000022426,ACTL9
ENSCJAG00000053720,UBA52
ENSCJAG00000047769,TEX54
ENSCJAG00000077715,Metazoa_SRP
ENSCJAG00000083084,
ENSCJAG00000035428,GPR33
ENSCJAG00000078717,
ENSCJAG00000079468,U6
ENSCJAG00000009474,
ENSCJAG00000082304,
ENSCJAG00000086288,
ENSCJAG00000077575,
ENSCJAG00000024210,
ENSCJAG00000045947,
ENSCJAG00000072279,TBC1D21
ENSCJAG00000079926,
ENSCJAG00000074510,
ENSCJAG00000084532,U6
ENSCJAG00000017228,M1AP
ENSCJAG00000080744,
ENSCJAG00000022427,OR2Z1
ENSCJAG00000021120,SLC12A6
ENSCJAG00000069847,
ENSCJAG00000037847,TMEM186
ENSCJAG00000086053,5S_rRNA
ENSCJAG00000057623,
ENSCJAG00000014245,NUP37
ENSCJAG00000076141,U6
ENSCJAG00000076340,Metazoa_SRP
ENSCJAG00000086362,Y_RNA
ENSCJAG00000072197,Metazoa_SRP
ENSCJAG00000012342,NCAM1
ENSCJAG00000004715,NDRG1
ENSCJAG00000072026,Metazoa_SRP
ENSCJAG00000014767,MEIOB
ENSCJAG00000086989,U6
ENSCJAG00000073236,Metazoa_SRP
ENSCJAG00000055994,
ENSCJAG00000077075,KCTD6
ENSCJAG00000051306,
ENSCJAG00000011049,ZNF558
ENSCJAG00000011890,GATD1
ENSCJAG00000075727,
ENSCJAG00000079507,
ENSCJAG00000011994,DOK4
ENSCJAG00000083050,Metazoa_SRP
ENSCJAG00000000821,OTUD7B
ENSCJAG00000039347,Metazoa_SRP
ENSCJAG00000084769,U6
ENSCJAG00000003139,TMEM89
ENSCJAG00000076151,
ENSCJAG00000005776,CCT3
ENSCJAG00000073305,
ENSCJAG00000078292,
ENSCJAG00000045833,ADCYAP1
ENSCJAG00000047504,NAPRT
ENSCJAG00000018581,WDR74
ENSCJAG00000002252,PIK3CB
ENSCJAG00000084374,U6
ENSCJAG00000005582,NUBPL
ENSCJAG00000074793,
ENSCJAG00000075512,
ENSCJAG00000007459,
ENSCJAG00000006793,TMEM234
ENSCJAG00000076964,U4
ENSCJAG00000073195,Metazoa_SRP
ENSCJAG00000022428,MBD3L1
ENSCJAG00000012044,TM4SF5
ENSCJAG00000084133,U6
ENSCJAG00000044456,
ENSCJAG00000003365,ALX3
ENSCJAG00000076574,
ENSCJAG00000069781,GRM2
ENSCJAG00000073566,Metazoa_SRP
ENSCJAG00000081481,Metazoa_SRP
ENSCJAG00000075550,
ENSCJAG00000020234,LYPD4
ENSCJAG00000016757,TRIM11
ENSCJAG00000051675,
ENSCJAG00000069909,U6
ENSCJAG00000006224,VSIG8
ENSCJAG00000082674,
ENSCJAG00000017287,PMM2
ENSCJAG00000022913,OR1M1
ENSCJAG00000073261,
ENSCJAG00000069715,
ENSCJAG00000075568,U6
ENSCJAG00000015470,PGAP2
ENSCJAG00000071862,
ENSCJAG00000041507,
ENSCJAG00000074570,PRSS27
ENSCJAG00000003378,
ENSCJAG00000087128,
ENSCJAG00000006810,EIF3I
ENSCJAG00000076512,
ENSCJAG00000073461,Metazoa_SRP
ENSCJAG00000069690,
ENSCJAG00000058414,U6
ENSCJAG00000081378,
ENSCJAG00000078284,Metazoa_SRP
ENSCJAG00000087319,
ENSCJAG00000072045,
ENSCJAG00000012916,RRP15
ENSCJAG00000077031,
ENSCJAG00000012039,VMO1
ENSCJAG00000029344,U6
ENSCJAG00000040424,Metazoa_SRP
ENSCJAG00000019727,ACOX2
ENSCJAG00000066183,DOK1
ENSCJAG00000071784,
ENSCJAG00000040900,OR7G3
ENSCJAG00000039244,
ENSCJAG00000039838,
ENSCJAG00000079846,U6
ENSCJAG00000074539,
ENSCJAG00000070347,SEMA4G
ENSCJAG00000081660,Metazoa_SRP
ENSCJAG00000007427,CRLF1
ENSCJAG00000070979,U6
ENSCJAG00000018727,SPATA20
ENSCJAG00000040620,PAQR9
ENSCJAG00000070812,5S_rRNA
ENSCJAG00000052428,
ENSCJAG00000017949,LOXL1
ENSCJAG00000011982,CCDC102A
ENSCJAG00000012028,GLTPD2
ENSCJAG00000020238,DMRTC2
ENSCJAG00000080612,U2
ENSCJAG00000076544,
ENSCJAG00000042757,KCTD5
ENSCJAG00000027907,U1
ENSCJAG00000084008,
ENSCJAG00000000845,VPS45
ENSCJAG00000072489,
ENSCJAG00000073743,Metazoa_SRP
ENSCJAG00000011637,
ENSCJAG00000023052,
ENSCJAG00000014265,PARPBP
ENSCJAG00000006830,FAM167B
ENSCJAG00000016765,TRIM17
ENSCJAG00000015870,LPGAT1
ENSCJAG00000055613,
ENSCJAG00000010822,RPE
ENSCJAG00000085164,SNORD22
ENSCJAG00000083430,
ENSCJAG00000085393,Metazoa_SRP
ENSCJAG00000006214,ZNF317
ENSCJAG00000054486,
ENSCJAG00000005538,ARHGAP5
ENSCJAG00000002082,TBL1XR1
ENSCJAG00000076448,
ENSCJAG00000082333,
ENSCJAG00000003381,SLC6A17
ENSCJAG00000081004,SNORD31
ENSCJAG00000074072,
ENSCJAG00000019451,TMC8
ENSCJAG00000012961,HKDC1
ENSCJAG00000078883,
ENSCJAG00000084096,
ENSCJAG00000012010,PSMB6
ENSCJAG00000085665,
ENSCJAG00000081407,
ENSCJAG00000011912,TALDO1
ENSCJAG00000061311,
ENSCJAG00000073227,
ENSCJAG00000082376,SNORD30
ENSCJAG00000073901,
ENSCJAG00000077636,
ENSCJAG00000006175,CFAP45
ENSCJAG00000012021,OGDH
ENSCJAG00000074837,
ENSCJAG00000000099,YES1
ENSCJAG00000073289,SNORD29
ENSCJAG00000077975,
ENSCJAG00000084770,
ENSCJAG00000087179,
ENSCJAG00000078573,
ENSCJAG00000073220,
ENSCJAG00000001714,PCOLCE2
ENSCJAG00000000957,LCK
ENSCJAG00000032389,Y_RNA
ENSCJAG00000076665,SNORD22
ENSCJAG00000070370,
ENSCJAG00000086154,
ENSCJAG00000072708,
ENSCJAG00000001536,RNF34
ENSCJAG00000007447,TMEM59L
ENSCJAG00000044877,Metazoa_SRP
ENSCJAG00000068254,
ENSCJAG00000017480,MRPL43
ENSCJAG00000087292,Metazoa_SRP
ENSCJAG00000045517,C17orf114
ENSCJAG00000080045,
ENSCJAG00000083637,HIST3H2A
ENSCJAG00000073841,Y_RNA
ENSCJAG00000020243,
ENSCJAG00000075920,
ENSCJAG00000000654,BIRC3
ENSCJAG00000002299,FAIM
ENSCJAG00000075601,
ENSCJAG00000078301,
ENSCJAG00000004281,CEP57
ENSCJAG00000085462,
ENSCJAG00000070226,
ENSCJAG00000027039,U1
ENSCJAG00000080919,U6
ENSCJAG00000019470,
ENSCJAG00000083972,U1
ENSCJAG00000017255,LOXL3
ENSCJAG00000077602,H2BC26
ENSCJAG00000011956,ADGRG5
ENSCJAG00000085765,
ENSCJAG00000077493,
ENSCJAG00000017088,CEP128
ENSCJAG00000074996,
ENSCJAG00000078141,U6
ENSCJAG00000083399,
ENSCJAG00000084999,
ENSCJAG00000011925,EPS8L2
ENSCJAG00000014801,PDPK1
ENSCJAG00000043380,Y_RNA
ENSCJAG00000071519,
ENSCJAG00000062174,MRPL43
ENSCJAG00000000191,GBE1
ENSCJAG00000062124,
ENSCJAG00000006203,ZNF699
ENSCJAG00000004700,CCN4
ENSCJAG00000086807,Metazoa_SRP
ENSCJAG00000001740,SALL1
ENSCJAG00000076018,Metazoa_SRP
ENSCJAG00000083680,
ENSCJAG00000072208,Metazoa_SRP
ENSCJAG00000061719,
ENSCJAG00000075811,Y_RNA
ENSCJAG00000068164,PMCH
ENSCJAG00000016779,RNF187
ENSCJAG00000017932,STOML1
ENSCJAG00000073545,
ENSCJAG00000002062,SIPA1
ENSCJAG00000071816,Metazoa_SRP
ENSCJAG00000077430,Y_RNA
ENSCJAG00000005474,AKAP6
ENSCJAG00000012937,SUPV3L1
ENSCJAG00000077876,
ENSCJAG00000083383,
ENSCJAG00000020247,CD79A
ENSCJAG00000086505,Metazoa_SRP
ENSCJAG00000045337,SYNGR2
ENSCJAG00000086751,
ENSCJAG00000084868,Metazoa_SRP
ENSCJAG00000078398,
ENSCJAG00000017487,
ENSCJAG00000044628,
ENSCJAG00000073253,
ENSCJAG00000045225,Metazoa_SRP
ENSCJAG00000077606,Metazoa_SRP
ENSCJAG00000040920,Metazoa_SRP
ENSCJAG00000059253,
ENSCJAG00000081610,
ENSCJAG00000019725,FAM107A
ENSCJAG00000010121,BTBD10
ENSCJAG00000000227,ANGPT2
ENSCJAG00000070492,Metazoa_SRP
ENSCJAG00000083421,COL18A1
ENSCJAG00000007445,KLHL26
ENSCJAG00000078128,Y_RNA
ENSCJAG00000074870,
ENSCJAG00000086857,Metazoa_SRP
ENSCJAG00000080093,Metazoa_SRP
ENSCJAG00000076339,U6
ENSCJAG00000069656,
ENSCJAG00000059229,U6
ENSCJAG00000072240,
ENSCJAG00000076548,
ENSCJAG00000085932,
ENSCJAG00000081252,
ENSCJAG00000082028,Metazoa_SRP
ENSCJAG00000000867,PLEKHO1
ENSCJAG00000071777,U6
ENSCJAG00000082135,
ENSCJAG00000010851,KANSL1L
ENSCJAG00000066194,
ENSCJAG00000011918,PLD2
ENSCJAG00000078679,
ENSCJAG00000084442,
ENSCJAG00000040319,GREM2
ENSCJAG00000012620,MYC
ENSCJAG00000033684,U6
ENSCJAG00000062709,
ENSCJAG00000001739,TRPC1
ENSCJAG00000019485,TK1
ENSCJAG00000003396,KCNC4
ENSCJAG00000059216,
ENSCJAG00000017285,HTRA2
ENSCJAG00000040122,FAM76B
ENSCJAG00000081351,Metazoa_SRP
ENSCJAG00000084393,
ENSCJAG00000077478,
ENSCJAG00000012907,VPS26A
ENSCJAG00000015814,INTS7
ENSCJAG00000065289,LRRTM1
ENSCJAG00000040720,Metazoa_SRP
ENSCJAG00000084555,
ENSCJAG00000002315,CEP70
ENSCJAG00000005831,TSACC
ENSCJAG00000074334,
ENSCJAG00000011920,ADGRG1
ENSCJAG00000087152,
ENSCJAG00000064359,
ENSCJAG00000000970,HDAC1
ENSCJAG00000042413,
ENSCJAG00000074982,
ENSCJAG00000075843,U6
ENSCJAG00000083338,
ENSCJAG00000069026,
ENSCJAG00000041968,LZTS2
ENSCJAG00000040445,CLVS1
ENSCJAG00000006188,ZNF177
ENSCJAG00000079601,
ENSCJAG00000077609,
ENSCJAG00000068285,U2
ENSCJAG00000065676,U6
ENSCJAG00000080564,
ENSCJAG00000078638,
ENSCJAG00000084452,
ENSCJAG00000014876,AMDHD2
ENSCJAG00000083301,Metazoa_SRP
ENSCJAG00000017289,AUP1
ENSCJAG00000055150,U7
ENSCJAG00000072453,
ENSCJAG00000078939,
ENSCJAG00000025876,Y_RNA
ENSCJAG00000071520,
ENSCJAG00000076901,
ENSCJAG00000047344,Metazoa_SRP
ENSCJAG00000040664,IGF1
ENSCJAG00000082298,U7
ENSCJAG00000079187,Metazoa_SRP
ENSCJAG00000077485,
ENSCJAG00000059756,
ENSCJAG00000081491,U6
ENSCJAG00000057709,
ENSCJAG00000085566,
ENSCJAG00000077453,FMN2
ENSCJAG00000067422,ZFP36L1
ENSCJAG00000045021,Metazoa_SRP
ENSCJAG00000029296,
ENSCJAG00000074605,
ENSCJAG00000085879,
ENSCJAG00000071196,
ENSCJAG00000078327,
ENSCJAG00000006156,TAGLN2
ENSCJAG00000053213,
ENSCJAG00000019719,FAM3D
ENSCJAG00000086903,
ENSCJAG00000073307,
ENSCJAG00000071524,PTMA
ENSCJAG00000040416,
ENSCJAG00000044571,U4
ENSCJAG00000047537,GPATCH2
ENSCJAG00000004602,TG
ENSCJAG00000013983,ADAMTS1
ENSCJAG00000005838,RHBG
ENSCJAG00000038711,SRGN
ENSCJAG00000085796,
ENSCJAG00000003142,SLC26A6
ENSCJAG00000086407,
ENSCJAG00000034500,AFMID
ENSCJAG00000075698,
ENSCJAG00000017388,DQX1
ENSCJAG00000074803,
ENSCJAG00000069622,
ENSCJAG00000000111,ENOSF1
ENSCJAG00000075689,5S_rRNA
ENSCJAG00000045810,ATP6V0C
ENSCJAG00000011884,ADGRG3
ENSCJAG00000086211,
ENSCJAG00000054254,U2
ENSCJAG00000076289,5S_rRNA
ENSCJAG00000000627,YAP1
ENSCJAG00000001762,PLS1
ENSCJAG00000023523,Y_RNA
ENSCJAG00000061157,
ENSCJAG00000080098,
ENSCJAG00000074577,
ENSCJAG00000010117,PTH
ENSCJAG00000061676,
ENSCJAG00000069841,
ENSCJAG00000019649,DDX42
ENSCJAG00000039195,Metazoa_SRP
ENSCJAG00000086557,
ENSCJAG00000082019,
ENSCJAG00000009710,ANP32E
ENSCJAG00000017518,PDZD7
ENSCJAG00000007421,CRTC1
ENSCJAG00000081276,
ENSCJAG00000001555,KDM2B
ENSCJAG00000071672,
ENSCJAG00000017424,
ENSCJAG00000085555,5S_rRNA
ENSCJAG00000081968,U1
ENSCJAG00000086042,Metazoa_SRP
ENSCJAG00000006176,ZNF266
ENSCJAG00000056057,
ENSCJAG00000080210,
ENSCJAG00000048517,RHOG
ENSCJAG00000082798,
ENSCJAG00000086964,
ENSCJAG00000010924,MYL1
ENSCJAG00000076330,
ENSCJAG00000079102,
ENSCJAG00000004220,SESN3
ENSCJAG00000071584,
ENSCJAG00000083554,
ENSCJAG00000047425,NPAS3
ENSCJAG00000076667,
ENSCJAG00000085960,CNDP2
ENSCJAG00000014913,LAMB3
ENSCJAG00000020252,ARHGEF1
ENSCJAG00000082039,
ENSCJAG00000086809,
ENSCJAG00000041171,
ENSCJAG00000018535,EPN3
ENSCJAG00000016790,AHCTF1
ENSCJAG00000076344,
ENSCJAG00000075855,
ENSCJAG00000071525,ZNF560
ENSCJAG00000064312,
ENSCJAG00000075464,Metazoa_SRP
ENSCJAG00000070220,
ENSCJAG00000000204,AGPAT5
ENSCJAG00000017432,PCGF1
ENSCJAG00000030999,
ENSCJAG00000013997,ADAMTS5
ENSCJAG00000068180,
ENSCJAG00000076840,U1
ENSCJAG00000004894,MEA1
ENSCJAG00000014910,TBC1D24
ENSCJAG00000011862,DRC7
ENSCJAG00000068000,
ENSCJAG00000082691,Metazoa_SRP
ENSCJAG00000079666,
ENSCJAG00000017890,PML
ENSCJAG00000062192,REG1B
ENSCJAG00000037089,
ENSCJAG00000078557,Metazoa_SRP
ENSCJAG00000014328,PAH
ENSCJAG00000075181,
ENSCJAG00000079499,
ENSCJAG00000006107,IGSF9
ENSCJAG00000075414,
ENSCJAG00000012896,KIFBP
ENSCJAG00000082848,
ENSCJAG00000079249,
ENSCJAG00000041534,Y_RNA
ENSCJAG00000039349,LBX2
ENSCJAG00000082263,Metazoa_SRP
ENSCJAG00000043873,MARCKSL1
ENSCJAG00000045315,BIRC5
ENSCJAG00000070893,
ENSCJAG00000064766,Metazoa_SRP
ENSCJAG00000015020,ACTN1
ENSCJAG00000065414,
ENSCJAG00000037772,Metazoa_SRP
ENSCJAG00000071027,PTP4A3
ENSCJAG00000064729,
ENSCJAG00000012629,LRATD2
ENSCJAG00000017144,TSHR
ENSCJAG00000001797,ATR
ENSCJAG00000080152,
ENSCJAG00000078112,
ENSCJAG00000042312,TTC31
ENSCJAG00000086515,Metazoa_SRP
ENSCJAG00000019631,FTSJ3
ENSCJAG00000081615,
ENSCJAG00000059506,FAM229A
ENSCJAG00000006145,ZNF426
ENSCJAG00000017527,SFXN3
ENSCJAG00000077799,Y_RNA
ENSCJAG00000077285,
ENSCJAG00000080367,
ENSCJAG00000017063,REG3G
ENSCJAG00000076526,
ENSCJAG00000075070,Metazoa_SRP
ENSCJAG00000070129,Y_RNA
ENSCJAG00000068053,U6
ENSCJAG00000018762,MYCBPAP
ENSCJAG00000069034,
ENSCJAG00000082036,Metazoa_SRP
ENSCJAG00000067475,Metazoa_SRP
ENSCJAG00000072574,
ENSCJAG00000012876,DDX21
ENSCJAG00000082050,
ENSCJAG00000079168,U6
ENSCJAG00000000977,TSSK3
ENSCJAG00000006198,TMEM60
ENSCJAG00000017961,KIF21A
ENSCJAG00000079406,U6
ENSCJAG00000017470,CHRM3
ENSCJAG00000068870,
ENSCJAG00000017481,CCDC142
ENSCJAG00000038600,XKR5
ENSCJAG00000065126,
ENSCJAG00000070148,
ENSCJAG00000082146,U4
ENSCJAG00000085707,
ENSCJAG00000015495,RRM1
ENSCJAG00000004911,KLHDC3
ENSCJAG00000082948,
ENSCJAG00000055498,U2
ENSCJAG00000045235,GPR20
ENSCJAG00000081960,
ENSCJAG00000085490,
ENSCJAG00000000623,CFAP300
ENSCJAG00000017554,KAZALD1
ENSCJAG00000076744,
ENSCJAG00000019509,PGS1
ENSCJAG00000012871,
ENSCJAG00000006177,RSBN1L
ENSCJAG00000074411,
ENSCJAG00000075004,
ENSCJAG00000038362,
ENSCJAG00000086681,
ENSCJAG00000085194,U6
ENSCJAG00000011825,KATNB1
ENSCJAG00000018782,RSAD1
ENSCJAG00000000923,
ENSCJAG00000001111,LRMDA
ENSCJAG00000076598,
ENSCJAG00000083161,
ENSCJAG00000086126,Metazoa_SRP
ENSCJAG00000038860,LANCL1
ENSCJAG00000003184,CNDP1
ENSCJAG00000080471,
ENSCJAG00000025999,
ENSCJAG00000002351,ESYT3
ENSCJAG00000085222,
ENSCJAG00000068388,ISLR2
ENSCJAG00000001731,TOX3
ENSCJAG00000074784,
ENSCJAG00000019711,CFAP20DC
ENSCJAG00000005848,MEF2D
ENSCJAG00000077492,
ENSCJAG00000003539,SGTA
ENSCJAG00000003889,SLC45A4
ENSCJAG00000073125,Metazoa_SRP
ENSCJAG00000062281,
ENSCJAG00000084725,
ENSCJAG00000043158,MRPL53
ENSCJAG00000039825,ENDOD1
ENSCJAG00000002037,RELA
ENSCJAG00000067330,
ENSCJAG00000079643,
ENSCJAG00000029898,U4
ENSCJAG00000044882,Metazoa_SRP
ENSCJAG00000076363,Metazoa_SRP
ENSCJAG00000003877,DEFB1
ENSCJAG00000021936,LRRTM4
ENSCJAG00000063838,
ENSCJAG00000000145,ROBO1
ENSCJAG00000009122,ASPH
ENSCJAG00000015774,DTL
ENSCJAG00000004211,
ENSCJAG00000077187,
ENSCJAG00000083676,
ENSCJAG00000052747,
ENSCJAG00000078368,ARPP19
ENSCJAG00000019558,PSMC5
ENSCJAG00000086904,
ENSCJAG00000078893,Metazoa_SRP
ENSCJAG00000081883,U5
ENSCJAG00000006139,
ENSCJAG00000017489,MOGS
ENSCJAG00000087262,
ENSCJAG00000018813,CHAD
ENSCJAG00000077731,Metazoa_SRP
ENSCJAG00000082240,
ENSCJAG00000013038,
ENSCJAG00000078325,5S_rRNA
ENSCJAG00000072491,
ENSCJAG00000000980,BSDC1
ENSCJAG00000046124,U4
ENSCJAG00000058694,
ENSCJAG00000042440,DEFA6
ENSCJAG00000029231,U2
ENSCJAG00000004943,RRP36
ENSCJAG00000038871,Metazoa_SRP
ENSCJAG00000073961,U6
ENSCJAG00000085213,
ENSCJAG00000072642,
ENSCJAG00000075699,
ENSCJAG00000033434,U6
ENSCJAG00000024160,
ENSCJAG00000031211,NAALADL2
ENSCJAG00000014914,NTN3
ENSCJAG00000017477,ZP4
ENSCJAG00000003842,
ENSCJAG00000067426,cja-mir-9924
ENSCJAG00000072063,
ENSCJAG00000036913,Metazoa_SRP
ENSCJAG00000084811,
ENSCJAG00000061925,
ENSCJAG00000045929,LRRC59
ENSCJAG00000087223,
ENSCJAG00000003882,DEFA4
ENSCJAG00000017511,WBP1
ENSCJAG00000041482,
ENSCJAG00000083940,Metazoa_SRP
ENSCJAG00000077967,
ENSCJAG00000076505,5S_rRNA
ENSCJAG00000023319,KDM4D
ENSCJAG00000074822,
ENSCJAG00000072723,Y_RNA
ENSCJAG00000073489,Metazoa_SRP
ENSCJAG00000006739,NAV2
ENSCJAG00000046541,
ENSCJAG00000074623,Y_RNA
ENSCJAG00000064189,ZNF503
ENSCJAG00000054985,
ENSCJAG00000078600,
ENSCJAG00000083513,
ENSCJAG00000059647,
ENSCJAG00000040352,CWC15
ENSCJAG00000015141,ESRRG
ENSCJAG00000084462,TEDC2
ENSCJAG00000076850,U6
ENSCJAG00000073164,Metazoa_SRP
ENSCJAG00000083507,
ENSCJAG00000061218,TRIB1
ENSCJAG00000019528,SMARCD2
ENSCJAG00000017525,INO80B
ENSCJAG00000075337,
ENSCJAG00000004960,CUL7
ENSCJAG00000019525,DNAH17
ENSCJAG00000083583,
ENSCJAG00000084901,Metazoa_SRP
ENSCJAG00000001175,COMP
ENSCJAG00000072106,
ENSCJAG00000073882,
ENSCJAG00000018843,EME1
ENSCJAG00000086765,
ENSCJAG00000053272,Metazoa_SRP
ENSCJAG00000026441,U3
ENSCJAG00000084130,
ENSCJAG00000051525,
ENSCJAG00000000621,CEP126
ENSCJAG00000047026,N6AMT1
ENSCJAG00000074275,U6
ENSCJAG00000014345,ASCL1
ENSCJAG00000065024,
ENSCJAG00000072828,Metazoa_SRP
ENSCJAG00000083163,
ENSCJAG00000017169,GTF2A1
ENSCJAG00000073953,Y_RNA
ENSCJAG00000084141,
ENSCJAG00000085483,
ENSCJAG00000035680,Metazoa_SRP
ENSCJAG00000017096,GCFC2
ENSCJAG00000001135,COMTD1
ENSCJAG00000073523,
ENSCJAG00000042787,
ENSCJAG00000073754,Metazoa_SRP
ENSCJAG00000047483,Metazoa_SRP
ENSCJAG00000046145,U12
ENSCJAG00000070155,
ENSCJAG00000006113,
ENSCJAG00000081435,
ENSCJAG00000079441,U6
ENSCJAG00000018335,
ENSCJAG00000006099,SLAMF9
ENSCJAG00000087336,
ENSCJAG00000017863,STRA6
ENSCJAG00000014784,CCNF
ENSCJAG00000083065,
ENSCJAG00000045739,U6
ENSCJAG00000065909,Vault
ENSCJAG00000081331,Metazoa_SRP
ENSCJAG00000085004,
ENSCJAG00000055991,
ENSCJAG00000004667,SLA
ENSCJAG00000000125,TYMS
ENSCJAG00000084352,
ENSCJAG00000078034,Metazoa_SRP
ENSCJAG00000014347,C12orf42
ENSCJAG00000054971,
ENSCJAG00000070258,Y_RNA
ENSCJAG00000029859,Y_RNA
ENSCJAG00000043985,Metazoa_SRP
ENSCJAG00000085208,U1
ENSCJAG00000084222,THOP1
ENSCJAG00000017005,ORAI1
ENSCJAG00000034904,
ENSCJAG00000061389,
ENSCJAG00000017531,RTKN
ENSCJAG00000077078,
ENSCJAG00000085812,Metazoa_SRP
ENSCJAG00000081831,5S_rRNA
ENSCJAG00000003884,
ENSCJAG00000011810,KIFC3
ENSCJAG00000072504,
ENSCJAG00000000854,ATOSA
ENSCJAG00000066007,
ENSCJAG00000009756,CA14
ENSCJAG00000082966,NOP10
ENSCJAG00000085493,
ENSCJAG00000001145,VDAC2
ENSCJAG00000078692,
ENSCJAG00000025159,
ENSCJAG00000068037,ZNF554
ENSCJAG00000044255,Metazoa_SRP
ENSCJAG00000085020,
ENSCJAG00000073034,
ENSCJAG00000070010,U6
ENSCJAG00000015591,TRIM21
ENSCJAG00000003891,DEFA5
ENSCJAG00000011984,ZMIZ2
ENSCJAG00000012645,NSMCE2
ENSCJAG00000018851,MRPL27
ENSCJAG00000006056,PTPN12
ENSCJAG00000085767,
ENSCJAG00000003204,ZNF407
ENSCJAG00000006108,
ENSCJAG00000015552,LRRC30
ENSCJAG00000024374,SNORA79
ENSCJAG00000079786,Metazoa_SRP
ENSCJAG00000016990,MORN3
ENSCJAG00000010985,CPS1
ENSCJAG00000073757,
ENSCJAG00000087096,
ENSCJAG00000067047,ZNF555
ENSCJAG00000004124,AMOTL1
ENSCJAG00000058138,U3
ENSCJAG00000083921,Metazoa_SRP
ENSCJAG00000058658,cja-mir-9975
ENSCJAG00000021166,NUTM1
ENSCJAG00000084321,
ENSCJAG00000047489,Metazoa_SRP
ENSCJAG00000072370,
ENSCJAG00000086133,Metazoa_SRP
ENSCJAG00000018844,DDX50
ENSCJAG00000039591,Metazoa_SRP
ENSCJAG00000042874,U4
ENSCJAG00000001971,KAT5
ENSCJAG00000072340,
ENSCJAG00000066238,
ENSCJAG00000017568,WDR54
ENSCJAG00000042954,DCAF5
ENSCJAG00000029007,U4
ENSCJAG00000047146,Metazoa_SRP
ENSCJAG00000003471,ZNF77
ENSCJAG00000082628,U6
ENSCJAG00000074629,Metazoa_SRP
ENSCJAG00000070845,Y_RNA
ENSCJAG00000014363,STAB2
ENSCJAG00000075577,
ENSCJAG00000065299,FBXL12
ENSCJAG00000017200,STON2
ENSCJAG00000045398,OR52K2
ENSCJAG00000023238,ZBTB8B
ENSCJAG00000001573,CHD9
ENSCJAG00000070909,
ENSCJAG00000001186,SAMD8
ENSCJAG00000035547,Metazoa_SRP
ENSCJAG00000084152,U6
ENSCJAG00000082795,Metazoa_SRP
ENSCJAG00000019557,CYTH1
ENSCJAG00000041485,G0S2
ENSCJAG00000052904,MRAS
ENSCJAG00000086900,
ENSCJAG00000056160,Metazoa_SRP
ENSCJAG00000080911,
ENSCJAG00000082706,Metazoa_SRP
ENSCJAG00000076760,
ENSCJAG00000073229,
ENSCJAG00000078558,Metazoa_SRP
ENSCJAG00000074607,
ENSCJAG00000069807,
ENSCJAG00000000140,CLUL1
ENSCJAG00000018901,STOX1
ENSCJAG00000059743,U3
ENSCJAG00000053155,CCRL1
ENSCJAG00000023147,OR52M1
ENSCJAG00000000619,ANGPTL5
ENSCJAG00000083376,Metazoa_SRP
ENSCJAG00000014941,HSD11B1
ENSCJAG00000070426,Metazoa_SRP
ENSCJAG00000020277,ERFL
ENSCJAG00000008373,LTN1
ENSCJAG00000082058,
ENSCJAG00000014934,ABCA3
ENSCJAG00000073816,MRPL2
ENSCJAG00000085640,
ENSCJAG00000015748,PPP2R5A
ENSCJAG00000005424,EGLN3
ENSCJAG00000017116,MRPL19
ENSCJAG00000023148,OR52I2
ENSCJAG00000001003,ZBTB8A
ENSCJAG00000059604,Metazoa_SRP
ENSCJAG00000018653,TLE6
ENSCJAG00000009786,APH1A
ENSCJAG00000016806,SCCPDH
ENSCJAG00000006097,UBL5
ENSCJAG00000084591,Metazoa_SRP
ENSCJAG00000017577,C2orf81
ENSCJAG00000005862,IQGAP3
ENSCJAG00000070308,
ENSCJAG00000003894,
ENSCJAG00000082031,
ENSCJAG00000021171,LPCAT4
ENSCJAG00000080766,
ENSCJAG00000054044,U7
ENSCJAG00000018858,XYLT2
ENSCJAG00000075742,Y_RNA
ENSCJAG00000081737,
ENSCJAG00000019708,FHIT
ENSCJAG00000029127,U8
ENSCJAG00000038909,OR52I1
ENSCJAG00000081985,
ENSCJAG00000016971,TMEM120B
ENSCJAG00000068074,
ENSCJAG00000015553,LAMA1
ENSCJAG00000006022,ATP1A2
ENSCJAG00000082487,U6
ENSCJAG00000079097,
ENSCJAG00000085954,
ENSCJAG00000001195,DUSP13B
ENSCJAG00000080482,
ENSCJAG00000012607,RABAC1
ENSCJAG00000081806,CETN1
ENSCJAG00000003219,ZADH2
ENSCJAG00000004502,PHF20L1
ENSCJAG00000017504,RYR2
ENSCJAG00000034532,U6
ENSCJAG00000001943,SLC19A1
ENSCJAG00000073930,
ENSCJAG00000014987,EXD2
ENSCJAG00000052266,
ENSCJAG00000072901,Metazoa_SRP
ENSCJAG00000012651,WASHC5
ENSCJAG00000071909,Metazoa_SRP
ENSCJAG00000015615,TRIM68
ENSCJAG00000062290,
ENSCJAG00000081074,
ENSCJAG00000048251,PIN1
ENSCJAG00000081385,
ENSCJAG00000072568,
ENSCJAG00000000146,COLEC12
ENSCJAG00000073381,U4
ENSCJAG00000046603,TSHZ1
ENSCJAG00000018912,CCAR1
ENSCJAG00000046897,ZBTB8OS
ENSCJAG00000001872,XRN1
ENSCJAG00000085431,
ENSCJAG00000061565,U3
ENSCJAG00000078151,Metazoa_SRP
ENSCJAG00000026147,U3
ENSCJAG00000000595,TRPC6
ENSCJAG00000066426,EVA1A
ENSCJAG00000082081,
ENSCJAG00000014428,NT5DC3
ENSCJAG00000001965,RNASEH2C
ENSCJAG00000002391,NME9
ENSCJAG00000017885,ISLR
ENSCJAG00000006061,OLFM2
ENSCJAG00000070500,
ENSCJAG00000078343,
ENSCJAG00000071596,
ENSCJAG00000073201,
ENSCJAG00000067681,
ENSCJAG00000087066,Metazoa_SRP
ENSCJAG00000062985,OR51E1
ENSCJAG00000072284,
ENSCJAG00000076337,
ENSCJAG00000086090,OR4N5
ENSCJAG00000011758,
ENSCJAG00000070716,
ENSCJAG00000086298,
ENSCJAG00000087372,
ENSCJAG00000014947,GALNT16
ENSCJAG00000079068,TACR1
ENSCJAG00000003035,DNAJC13
ENSCJAG00000062451,
ENSCJAG00000015632,OLR45
ENSCJAG00000018666,TLE2
ENSCJAG00000066837,
ENSCJAG00000003921,PTK2
ENSCJAG00000065220,
ENSCJAG00000065110,
ENSCJAG00000077507,PCBP3
ENSCJAG00000019627,UPF1
ENSCJAG00000064779,OR51C1P
ENSCJAG00000086548,
ENSCJAG00000006002,
ENSCJAG00000075933,
ENSCJAG00000017578,DCTN1
ENSCJAG00000014759,OR4F15
ENSCJAG00000077544,Metazoa_SRP
ENSCJAG00000085141,
ENSCJAG00000045485,AP5B1
ENSCJAG00000003229,
ENSCJAG00000063322,cja-mir-9959
ENSCJAG00000017841,CCDC33
ENSCJAG00000067610,SNORD98
ENSCJAG00000066338,
ENSCJAG00000078003,
ENSCJAG00000046644,ONECUT1
ENSCJAG00000082658,
ENSCJAG00000009890,C1orf54
ENSCJAG00000071839,Metazoa_SRP
ENSCJAG00000015640,
ENSCJAG00000085758,Y_RNA
ENSCJAG00000016834,CNST
ENSCJAG00000019819,
ENSCJAG00000083355,Metazoa_SRP
ENSCJAG00000079245,Metazoa_SRP
ENSCJAG00000048359,Metazoa_SRP
ENSCJAG00000014969,RNPS1
ENSCJAG00000075607,Metazoa_SRP
ENSCJAG00000071358,
ENSCJAG00000087129,
ENSCJAG00000004075,PIWIL4
ENSCJAG00000072193,Metazoa_SRP
ENSCJAG00000082382,
ENSCJAG00000029342,SNORA62
ENSCJAG00000073945,
ENSCJAG00000082176,Y_RNA
ENSCJAG00000071623,
ENSCJAG00000001957,OVOL1
ENSCJAG00000076711,Y_RNA
ENSCJAG00000071404,
ENSCJAG00000017156,POLE4
ENSCJAG00000039462,Metazoa_SRP
ENSCJAG00000035819,Metazoa_SRP
ENSCJAG00000008428,RWDD2B
ENSCJAG00000006018,NAXE
ENSCJAG00000010037,
ENSCJAG00000058230,
ENSCJAG00000079076,Metazoa_SRP
ENSCJAG00000017220,SEL1L
ENSCJAG00000076105,
ENSCJAG00000074637,
ENSCJAG00000045977,C18orf32
ENSCJAG00000019660,CERS1
ENSCJAG00000015647,OR51F1
ENSCJAG00000011969,
ENSCJAG00000011752,SPMIP8
ENSCJAG00000070542,
ENSCJAG00000048442,Y_RNA
ENSCJAG00000066514,
ENSCJAG00000038895,
ENSCJAG00000085226,
ENSCJAG00000014940,ERH
ENSCJAG00000014957,TRAF3IP3
ENSCJAG00000001221,DUSP29
ENSCJAG00000054805,PNPLA4
ENSCJAG00000010040,OR4K1
ENSCJAG00000071240,U1
ENSCJAG00000000823,WDR72
ENSCJAG00000038644,
ENSCJAG00000078143,U6
ENSCJAG00000004979,KLC4
ENSCJAG00000086069,
ENSCJAG00000019005,TET1
ENSCJAG00000059707,
ENSCJAG00000014986,ECI1
ENSCJAG00000019596,USP36
ENSCJAG00000076234,
ENSCJAG00000065729,
ENSCJAG00000014455,HSP90B1
ENSCJAG00000023235,OR4K5
ENSCJAG00000038495,Metazoa_SRP
ENSCJAG00000072681,
ENSCJAG00000017161,HK2
ENSCJAG00000001021,RBBP4
ENSCJAG00000020450,THOC1
ENSCJAG00000080052,
ENSCJAG00000023058,OR51S1
ENSCJAG00000075956,
ENSCJAG00000008437,USP16
ENSCJAG00000068059,
ENSCJAG00000082891,Metazoa_SRP
ENSCJAG00000001518,RBL2
ENSCJAG00000009905,CIART
ENSCJAG00000080264,
ENSCJAG00000001930,SNX32
ENSCJAG00000072933,U6
ENSCJAG00000074794,FUT4
ENSCJAG00000076243,
ENSCJAG00000047893,U6
ENSCJAG00000009878,SCN5A
ENSCJAG00000077794,ZNF319
ENSCJAG00000015660,OR51T1
ENSCJAG00000076338,U6
ENSCJAG00000074957,
ENSCJAG00000071264,U6
ENSCJAG00000012744,SQLE
ENSCJAG00000070342,Metazoa_SRP
ENSCJAG00000087393,C11orf97
ENSCJAG00000080723,
ENSCJAG00000014997,DNASE1L2
ENSCJAG00000000583,PGR
ENSCJAG00000015662,OR51A7
ENSCJAG00000085114,
ENSCJAG00000078667,
ENSCJAG00000076825,Metazoa_SRP
ENSCJAG00000016963,RHOF
ENSCJAG00000073747,OR4N2
ENSCJAG00000070952,Metazoa_SRP
ENSCJAG00000070244,
ENSCJAG00000082839,
ENSCJAG00000079607,5S_rRNA
ENSCJAG00000004582,TMEM71
ENSCJAG00000006008,COL5A3
ENSCJAG00000006048,GPATCH4
ENSCJAG00000015665,OR51G2
ENSCJAG00000078484,
ENSCJAG00000083691,ANKRD49
ENSCJAG00000011733,USB1
ENSCJAG00000047636,
ENSCJAG00000001227,KAT6B
ENSCJAG00000058796,
ENSCJAG00000017820,CYP11A1
ENSCJAG00000061638,
ENSCJAG00000019706,COPE
ENSCJAG00000082033,Metazoa_SRP
ENSCJAG00000000796,UNC13C
ENSCJAG00000003818,COL1A1
ENSCJAG00000071534,Metazoa_SRP
ENSCJAG00000073061,
ENSCJAG00000077913,
ENSCJAG00000023060,OR51G1
ENSCJAG00000070537,Metazoa_SRP
ENSCJAG00000016845,TFB2M
ENSCJAG00000014935,SLC39A9
ENSCJAG00000023234,
ENSCJAG00000079421,U4
ENSCJAG00000064894,TIMP2
ENSCJAG00000034357,U4
ENSCJAG00000078273,C12orf73
ENSCJAG00000076287,
ENSCJAG00000015671,
ENSCJAG00000080460,Y_RNA
ENSCJAG00000001030,SYNC
ENSCJAG00000082322,U1
ENSCJAG00000075429,
ENSCJAG00000072452,
ENSCJAG00000011953,H2AZ2
ENSCJAG00000079973,
ENSCJAG00000051641,U6
ENSCJAG00000073734,
ENSCJAG00000064114,
ENSCJAG00000014630,ST18
ENSCJAG00000071845,
ENSCJAG00000087150,Metazoa_SRP
ENSCJAG00000086978,Metazoa_SRP
ENSCJAG00000023232,OR4Q3
ENSCJAG00000015000,E4F1
ENSCJAG00000060682,ZNF572
ENSCJAG00000075027,
ENSCJAG00000076475,Metazoa_SRP
ENSCJAG00000082433,
ENSCJAG00000015184,USH2A
ENSCJAG00000073136,
ENSCJAG00000071082,Metazoa_SRP
ENSCJAG00000016930,SETD1B
ENSCJAG00000019680,PTPRG
ENSCJAG00000001498,AKTIP
ENSCJAG00000083035,U6
ENSCJAG00000006071,HAPLN2
ENSCJAG00000062749,
ENSCJAG00000058281,
ENSCJAG00000079689,U6
ENSCJAG00000084896,U6
ENSCJAG00000072412,
ENSCJAG00000072985,
ENSCJAG00000048377,RSL24D1
ENSCJAG00000070698,
ENSCJAG00000019032,SLC25A16
ENSCJAG00000058592,
ENSCJAG00000055715,
ENSCJAG00000075263,
ENSCJAG00000080671,U6
ENSCJAG00000041203,MRPS21
ENSCJAG00000002405,ARMC8
ENSCJAG00000072041,5S_rRNA
ENSCJAG00000010005,OR11G2
ENSCJAG00000081237,Metazoa_SRP
ENSCJAG00000012623,ATP1A3
ENSCJAG00000073795,
ENSCJAG00000011709,MMP15
ENSCJAG00000084401,
ENSCJAG00000019635,LGALS3BP
ENSCJAG00000037340,Metazoa_SRP
ENSCJAG00000038870,DERL1
ENSCJAG00000075886,
ENSCJAG00000079114,Metazoa_SRP
ENSCJAG00000039845,RAB27A
ENSCJAG00000038886,
ENSCJAG00000068849,
ENSCJAG00000014510,TDG
ENSCJAG00000038698,
ENSCJAG00000015011,PGP
ENSCJAG00000002114,NLGN1
ENSCJAG00000075055,
ENSCJAG00000031394,SCN10A
ENSCJAG00000001847,EFEMP2
ENSCJAG00000075951,
ENSCJAG00000000110,ROBO2
ENSCJAG00000082418,
ENSCJAG00000015680,MMP26
ENSCJAG00000008503,CCT8
ENSCJAG00000042114,DDX49
ENSCJAG00000040034,PIGBOS1
ENSCJAG00000082654,
ENSCJAG00000016856,SMYD3
ENSCJAG00000078346,COL6A1
ENSCJAG00000019040,DNA2
ENSCJAG00000070945,
ENSCJAG00000071533,
ENSCJAG00000009926,PRPF3
ENSCJAG00000015015,BRICD5
ENSCJAG00000086862,Metazoa_SRP
ENSCJAG00000015612,ARHGAP28
ENSCJAG00000073133,
ENSCJAG00000026337,cja-mir-651
ENSCJAG00000011700,CFAP20
ENSCJAG00000001035,KIAA1522
ENSCJAG00000083903,Metazoa_SRP
ENSCJAG00000003984,MRE11
ENSCJAG00000015685,
ENSCJAG00000015742,PACC1
ENSCJAG00000074377,ZNF43
ENSCJAG00000017807,SEMA7A
ENSCJAG00000004073,
ENSCJAG00000005700,IQCF6
ENSCJAG00000077914,U6
ENSCJAG00000070538,
ENSCJAG00000085686,U6
ENSCJAG00000003177,CELSR3
ENSCJAG00000019644,CANT1
ENSCJAG00000075980,U6
ENSCJAG00000016882,HPD
ENSCJAG00000022247,ZHX2
ENSCJAG00000002283,PIGB
ENSCJAG00000020223,OR52A5
ENSCJAG00000064984,
ENSCJAG00000045745,
ENSCJAG00000004652,ZNF648
ENSCJAG00000079381,
ENSCJAG00000012784,MTSS1
ENSCJAG00000065658,Metazoa_SRP
ENSCJAG00000081817,
ENSCJAG00000022733,ZNF516
ENSCJAG00000069989,
ENSCJAG00000083688,
ENSCJAG00000023593,Y_RNA
ENSCJAG00000015030,MLST8
ENSCJAG00000076236,Metazoa_SRP
ENSCJAG00000003103,ACP3
ENSCJAG00000063222,
ENSCJAG00000012306,TTC12
ENSCJAG00000039894,RPSA
ENSCJAG00000078142,
ENSCJAG00000021789,OR52A1
ENSCJAG00000082117,
ENSCJAG00000005707,IQCF3
ENSCJAG00000083805,
ENSCJAG00000080144,HOMER3
ENSCJAG00000083164,
ENSCJAG00000009975,TTC5
ENSCJAG00000079882,
ENSCJAG00000011673,CSNK2A2
ENSCJAG00000067094,NKAIN3
ENSCJAG00000076831,
ENSCJAG00000075966,
ENSCJAG00000070163,
ENSCJAG00000077937,
ENSCJAG00000074259,
ENSCJAG00000025233,U6
ENSCJAG00000044098,
ENSCJAG00000074085,
ENSCJAG00000079413,
ENSCJAG00000086872,
ENSCJAG00000074524,
ENSCJAG00000075371,
ENSCJAG00000045764,C1QTNF1
ENSCJAG00000002119,SPATA16
ENSCJAG00000004490,DNAAF11
ENSCJAG00000073352,
ENSCJAG00000073568,
ENSCJAG00000079551,ADORA1
ENSCJAG00000079723,IQCF2
ENSCJAG00000083314,
ENSCJAG00000063841,U3
ENSCJAG00000055416,
ENSCJAG00000077684,Metazoa_SRP
ENSCJAG00000011889,MYO1G
ENSCJAG00000071454,
ENSCJAG00000086331,GLT8D2
ENSCJAG00000021786,OR51V1
ENSCJAG00000080235,
ENSCJAG00000016149,
ENSCJAG00000074194,
ENSCJAG00000005990,RDH8
ENSCJAG00000039828,Metazoa_SRP
ENSCJAG00000067367,
ENSCJAG00000074663,
ENSCJAG00000009856,SCN11A
ENSCJAG00000000566,ARHGAP42
ENSCJAG00000005136,PTK7
ENSCJAG00000066749,cja-mir-548v
ENSCJAG00000086934,
ENSCJAG00000070862,
ENSCJAG00000005719,IQCF5
ENSCJAG00000009541,ENGASE
ENSCJAG00000003195,NCKIPSD
ENSCJAG00000074450,Metazoa_SRP
ENSCJAG00000079408,U6
ENSCJAG00000006078,BCAN
ENSCJAG00000085475,
ENSCJAG00000074656,
ENSCJAG00000087211,MAP3K7CL
ENSCJAG00000011662,CCDC113
ENSCJAG00000061776,
ENSCJAG00000043431,Metazoa_SRP
ENSCJAG00000047929,PLEKHD1
ENSCJAG00000011830,MINK1
ENSCJAG00000006451,MYBPH
ENSCJAG00000080502,
ENSCJAG00000001445,RPGRIP1L
ENSCJAG00000043159,Metazoa_SRP
ENSCJAG00000032309,IQCF1
ENSCJAG00000053609,
ENSCJAG00000019088,RUFY2
ENSCJAG00000071276,
ENSCJAG00000079438,
ENSCJAG00000058931,
ENSCJAG00000015039,CASKIN1
ENSCJAG00000073535,
ENSCJAG00000086052,U4
ENSCJAG00000017747,SLC4A5
ENSCJAG00000078974,Metazoa_SRP
ENSCJAG00000023360,
ENSCJAG00000085362,
ENSCJAG00000071104,
ENSCJAG00000075939,
ENSCJAG00000080857,U1
ENSCJAG00000017784,UBL7
ENSCJAG00000001291,ADK
ENSCJAG00000006092,KCNJ9
ENSCJAG00000071732,
ENSCJAG00000084991,U6
ENSCJAG00000040457,
ENSCJAG00000028447,
ENSCJAG00000014569,HCFC2
ENSCJAG00000070612,U6
ENSCJAG00000005935,SHFL
ENSCJAG00000071249,
ENSCJAG00000006424,RPRD2
ENSCJAG00000052454,
ENSCJAG00000069805,
ENSCJAG00000003247,IP6K2
ENSCJAG00000005736,RRP9
ENSCJAG00000070993,
ENSCJAG00000002433,DBR1
ENSCJAG00000070569,
ENSCJAG00000043556,Metazoa_SRP
ENSCJAG00000074580,NCEH1
ENSCJAG00000046038,PSMD9
ENSCJAG00000080834,Metazoa_SRP
ENSCJAG00000001863,COL6A2
ENSCJAG00000027894,
ENSCJAG00000069969,
ENSCJAG00000080481,
ENSCJAG00000009967,CCNB1IP1
ENSCJAG00000077740,
ENSCJAG00000004654,GLUL
ENSCJAG00000016866,KIF26B
ENSCJAG00000069397,
ENSCJAG00000001894,MUS81
ENSCJAG00000020464,USP14
ENSCJAG00000009191,GGH
ENSCJAG00000034336,
ENSCJAG00000082701,ZNF516-DT
ENSCJAG00000083566,
ENSCJAG00000026141,SNORA79B
ENSCJAG00000075949,Metazoa_SRP
ENSCJAG00000006020,GSAP
ENSCJAG00000017758,ARID3B
ENSCJAG00000084189,Metazoa_SRP
ENSCJAG00000086163,PRSS54
ENSCJAG00000073622,
ENSCJAG00000055902,SNORD126
ENSCJAG00000055536,HAS2
ENSCJAG00000020214,HBE1
ENSCJAG00000001037,YARS1
ENSCJAG00000002275,CCPG1
ENSCJAG00000070175,Y_RNA
ENSCJAG00000077683,
ENSCJAG00000047123,
ENSCJAG00000028221,RNaseP_nuc
ENSCJAG00000073240,
ENSCJAG00000078668,
ENSCJAG00000002444,A4GNT
ENSCJAG00000016160,GNA11
ENSCJAG00000009563,RBFOX3
ENSCJAG00000081550,U6
ENSCJAG00000082438,
ENSCJAG00000005742,PARP3
ENSCJAG00000086190,Metazoa_SRP
ENSCJAG00000062062,
ENSCJAG00000070804,
ENSCJAG00000084979,U7
ENSCJAG00000073538,Metazoa_SRP
ENSCJAG00000076842,SNORA9
ENSCJAG00000009885,PARP2
ENSCJAG00000051880,U3
ENSCJAG00000058744,Metazoa_SRP
ENSCJAG00000034235,U6
ENSCJAG00000078877,Metazoa_SRP
ENSCJAG00000071265,
ENSCJAG00000082999,
ENSCJAG00000082446,Metazoa_SRP
ENSCJAG00000077088,
ENSCJAG00000003255,PRKAR2A
ENSCJAG00000078718,
ENSCJAG00000084780,Metazoa_SRP
ENSCJAG00000033058,NFYB
ENSCJAG00000057505,Metazoa_SRP
ENSCJAG00000011307,ERBB4
ENSCJAG00000034359,U6
ENSCJAG00000012818,NDUFB9
ENSCJAG00000085260,
ENSCJAG00000036183,Metazoa_SRP
ENSCJAG00000005919,ANGPTL6
ENSCJAG00000074757,
ENSCJAG00000074339,RD3
ENSCJAG00000047507,U6
ENSCJAG00000086962,
ENSCJAG00000069752,
ENSCJAG00000054153,cja-mir-9962
ENSCJAG00000078217,
ENSCJAG00000077049,U7
ENSCJAG00000081290,
ENSCJAG00000076269,
ENSCJAG00000003118,CPNE4
ENSCJAG00000044147,CCDC177
ENSCJAG00000073097,
ENSCJAG00000009759,WDR48
ENSCJAG00000009205,TTPA
ENSCJAG00000085856,
ENSCJAG00000023343,TEDDM1
ENSCJAG00000078584,
ENSCJAG00000083768,
ENSCJAG00000073715,
ENSCJAG00000015047,TRAF7
ENSCJAG00000041164,IGSF8
ENSCJAG00000070598,
ENSCJAG00000020071,RPS15A
ENSCJAG00000008651,BACH1
ENSCJAG00000074507,
ENSCJAG00000005767,GPR62
ENSCJAG00000084669,Metazoa_SRP
ENSCJAG00000072367,GINS3
ENSCJAG00000084473,
ENSCJAG00000080838,Metazoa_SRP
ENSCJAG00000074578,Metazoa_SRP
ENSCJAG00000019714,SUGP2
ENSCJAG00000014926,KIAA0247
ENSCJAG00000002446,DZIP1L
ENSCJAG00000073366,
ENSCJAG00000082034,
ENSCJAG00000058916,
ENSCJAG00000073681,U4
ENSCJAG00000040313,GNA15
ENSCJAG00000086311,Metazoa_SRP
ENSCJAG00000084643,
ENSCJAG00000039296,PPAN
ENSCJAG00000005315,SNTB1
ENSCJAG00000071698,
ENSCJAG00000006103,NES
ENSCJAG00000004689,RGSL1
ENSCJAG00000070859,
ENSCJAG00000061450,
ENSCJAG00000053204,
ENSCJAG00000025442,U6
ENSCJAG00000029428,U6
ENSCJAG00000002129,ECT2
ENSCJAG00000080047,
ENSCJAG00000006605,MCL1
ENSCJAG00000070287,U6
ENSCJAG00000019747,ARMC6
ENSCJAG00000060658,
ENSCJAG00000017716,CYP1A2
ENSCJAG00000060754,
ENSCJAG00000063751,
ENSCJAG00000048149,
ENSCJAG00000047631,Metazoa_SRP
ENSCJAG00000083312,
ENSCJAG00000079220,U6
ENSCJAG00000016831,CFAP251
ENSCJAG00000009781,TEP1
ENSCJAG00000061669,cja-mir-9910
ENSCJAG00000006151,MRPL24
ENSCJAG00000080585,
ENSCJAG00000009217,YTHDF3
ENSCJAG00000075720,U6
ENSCJAG00000067732,SNORD105
ENSCJAG00000027931,cja-mir-628
ENSCJAG00000027051,SNORD60
ENSCJAG00000081515,
ENSCJAG00000071004,Metazoa_SRP
ENSCJAG00000054690,SNORD105B
ENSCJAG00000082869,U6
ENSCJAG00000076914,Metazoa_SRP
ENSCJAG00000015032,IRF6
ENSCJAG00000067492,
ENSCJAG00000003972,GPR83
ENSCJAG00000005783,PCBP4
ENSCJAG00000045359,
ENSCJAG00000076002,U6
ENSCJAG00000005324,MTBP
ENSCJAG00000079945,
ENSCJAG00000065503,
ENSCJAG00000028849,U1
ENSCJAG00000039396,P2RY11
ENSCJAG00000039430,CELF5
ENSCJAG00000019154,HNRNPH3
ENSCJAG00000078067,Metazoa_SRP
ENSCJAG00000020068,ARL6IP1
ENSCJAG00000015059,RAB26
ENSCJAG00000001836,CTSW
ENSCJAG00000080760,Metazoa_SRP
ENSCJAG00000012826,TATDN1
ENSCJAG00000067015,
ENSCJAG00000080609,FTCD
ENSCJAG00000077294,Metazoa_SRP
ENSCJAG00000081341,
ENSCJAG00000015904,TAF1A
ENSCJAG00000001064,S100PBP
ENSCJAG00000077721,Metazoa_SRP
ENSCJAG00000006483,CHI3L1
ENSCJAG00000071552,
ENSCJAG00000059664,OR51B4
ENSCJAG00000046693,DNAAF4
ENSCJAG00000017698,CYP1A1
ENSCJAG00000081268,Metazoa_SRP
ENSCJAG00000051741,
ENSCJAG00000044017,SLC25A42
ENSCJAG00000002453,CLDN18
ENSCJAG00000083721,CRABP2
ENSCJAG00000016907,EFCAB2
ENSCJAG00000082181,
ENSCJAG00000073940,CASQ1
ENSCJAG00000005889,EIF3G
ENSCJAG00000079334,
ENSCJAG00000077571,
ENSCJAG00000003143,MRPL3
ENSCJAG00000080936,
ENSCJAG00000014884,SRSF5
ENSCJAG00000003960,IZUMO1R
ENSCJAG00000008039,ZNF236
ENSCJAG00000071626,U4
ENSCJAG00000040101,Metazoa_SRP
ENSCJAG00000080196,
ENSCJAG00000078836,
ENSCJAG00000071982,U5
ENSCJAG00000066764,
ENSCJAG00000014635,TXNRD1
ENSCJAG00000086946,
ENSCJAG00000004725,RNASEL
ENSCJAG00000003774,ZNF385D
ENSCJAG00000025632,Y_RNA
ENSCJAG00000003201,LIPI
ENSCJAG00000009772,KLHL33
ENSCJAG00000077194,Metazoa_SRP
ENSCJAG00000085542,
ENSCJAG00000083643,Metazoa_SRP
ENSCJAG00000009621,ENPP7
ENSCJAG00000079576,
ENSCJAG00000055137,FNDC5
ENSCJAG00000036990,
ENSCJAG00000066235,
ENSCJAG00000005359,MRPL13
ENSCJAG00000020477,ROCK1
ENSCJAG00000019181,PBLD
ENSCJAG00000086452,Metazoa_SRP
ENSCJAG00000006126,ISG20L2
ENSCJAG00000000873,ANOS1
ENSCJAG00000011851,CCM2
ENSCJAG00000072079,
ENSCJAG00000040251,Metazoa_SRP
ENSCJAG00000046110,Metazoa_SRP
ENSCJAG00000045077,Metazoa_SRP
ENSCJAG00000083069,Metazoa_SRP
ENSCJAG00000071513,
ENSCJAG00000070465,Metazoa_SRP
ENSCJAG00000001319,AP3M1
ENSCJAG00000043120,Metazoa_SRP
ENSCJAG00000083471,Metazoa_SRP
ENSCJAG00000078250,Metazoa_SRP
ENSCJAG00000078269,U6
ENSCJAG00000003952,PANX1
ENSCJAG00000005794,DNMT1
ENSCJAG00000085076,SPATC1L
ENSCJAG00000082110,U4
ENSCJAG00000037947,Metazoa_SRP
ENSCJAG00000087382,
ENSCJAG00000074156,
ENSCJAG00000080134,SOX14
ENSCJAG00000048050,ANKK1
ENSCJAG00000015049,UTP25
ENSCJAG00000080745,
ENSCJAG00000077059,Metazoa_SRP
ENSCJAG00000046377,FIBP
ENSCJAG00000015073,
ENSCJAG00000006429,TARS2
ENSCJAG00000071365,Metazoa_SRP
ENSCJAG00000011550,NDRG4
ENSCJAG00000019759,TMEM161A
ENSCJAG00000009752,GORASP1
ENSCJAG00000009755,OSGEP
ENSCJAG00000084662,
ENSCJAG00000078332,
ENSCJAG00000002242,PYGO1
ENSCJAG00000082197,U7
ENSCJAG00000006560,HPCA
ENSCJAG00000075122,
ENSCJAG00000060135,
ENSCJAG00000076774,
ENSCJAG00000074747,Metazoa_SRP
ENSCJAG00000017786,CBX8
ENSCJAG00000069754,
ENSCJAG00000073390,RGS16
ENSCJAG00000079185,U4
ENSCJAG00000006132,METTL25B
ENSCJAG00000043444,MAOA
ENSCJAG00000082639,PEA15
ENSCJAG00000069968,SMIM24
ENSCJAG00000001337,VCL
ENSCJAG00000082796,
ENSCJAG00000069187,
ENSCJAG00000085469,
ENSCJAG00000072419,
ENSCJAG00000043714,Metazoa_SRP
ENSCJAG00000003794,SGCA
ENSCJAG00000003906,HEPHL1
ENSCJAG00000009726,APEX1
ENSCJAG00000072116,
ENSCJAG00000077992,
ENSCJAG00000070666,U1
ENSCJAG00000078775,
ENSCJAG00000080153,
ENSCJAG00000038974,RNF139
ENSCJAG00000052546,
ENSCJAG00000039378,MIR151A
ENSCJAG00000075868,
ENSCJAG00000086913,
ENSCJAG00000085361,
ENSCJAG00000068292,
ENSCJAG00000072167,
ENSCJAG00000028314,U1
ENSCJAG00000045520,ATOH7
ENSCJAG00000073113,
ENSCJAG00000056776,
ENSCJAG00000074684,Metazoa_SRP
ENSCJAG00000023706,SNORA58
ENSCJAG00000014870,SLC10A1
ENSCJAG00000082709,Metazoa_SRP
ENSCJAG00000075717,Y_RNA
ENSCJAG00000085573,
ENSCJAG00000039325,SMIM44
ENSCJAG00000005905,ABHD14B
ENSCJAG00000023767,SNORA73
ENSCJAG00000076624,
ENSCJAG00000012246,DRD2
ENSCJAG00000060853,Metazoa_SRP
ENSCJAG00000086996,U6
ENSCJAG00000083014,Metazoa_SRP
ENSCJAG00000001793,CCDC85B
ENSCJAG00000039104,
ENSCJAG00000076057,
ENSCJAG00000051486,
ENSCJAG00000058422,Metazoa_SRP
ENSCJAG00000001079,TMEM54
ENSCJAG00000022174,TRMT12
ENSCJAG00000009687,PIP4P1
ENSCJAG00000079440,
ENSCJAG00000009502,DCUN1D5
ENSCJAG00000046878,BCL7A
ENSCJAG00000073063,
ENSCJAG00000003218,RBM11
ENSCJAG00000080451,
ENSCJAG00000022912,S1PR2
ENSCJAG00000083027,
ENSCJAG00000078960,
ENSCJAG00000080079,
ENSCJAG00000053652,
ENSCJAG00000070455,
ENSCJAG00000074103,5S_rRNA
ENSCJAG00000014871,DOHH
ENSCJAG00000029053,
ENSCJAG00000000257,TRAF5
ENSCJAG00000077290,Metazoa_SRP
ENSCJAG00000077482,
ENSCJAG00000060054,PGBD2
ENSCJAG00000003160,NUDT16
ENSCJAG00000082716,
ENSCJAG00000084380,
ENSCJAG00000002222,PRTG
ENSCJAG00000001425,FTO
ENSCJAG00000038364,U4
ENSCJAG00000086602,LSS
ENSCJAG00000061982,
ENSCJAG00000043088,
ENSCJAG00000064803,
ENSCJAG00000003861,VSTM5
ENSCJAG00000031280,
ENSCJAG00000005764,MRPL4
ENSCJAG00000086250,
ENSCJAG00000001776,FOSL1
ENSCJAG00000045098,
ENSCJAG00000071225,U6
ENSCJAG00000002455,IL20RB
ENSCJAG00000005370,COL14A1
ENSCJAG00000010763,MAOB
ENSCJAG00000087189,
ENSCJAG00000077379,U4
ENSCJAG00000085447,U6
ENSCJAG00000004758,RGS8
ENSCJAG00000077141,Metazoa_SRP
ENSCJAG00000000756,TMEM65
ENSCJAG00000009676,PNP
ENSCJAG00000031921,SNORA72
ENSCJAG00000061150,
ENSCJAG00000048363,
ENSCJAG00000019767,MEF2B
ENSCJAG00000063722,cja-mir-510b
ENSCJAG00000020006,SMG1
ENSCJAG00000086718,
ENSCJAG00000076410,
ENSCJAG00000078530,
ENSCJAG00000083749,
ENSCJAG00000003226,
ENSCJAG00000077166,
ENSCJAG00000064556,U6
ENSCJAG00000005913,DCAF8
ENSCJAG00000052875,cja-mir-509
ENSCJAG00000081868,
ENSCJAG00000014877,FZR1
ENSCJAG00000079454,cja-mir-548a
ENSCJAG00000002895,CDH7
ENSCJAG00000086830,
ENSCJAG00000033834,U6
ENSCJAG00000001364,PLAU
ENSCJAG00000060319,U5
ENSCJAG00000077307,
ENSCJAG00000064295,cja-mir-510a
ENSCJAG00000004480,KCNQ3
ENSCJAG00000048224,Metazoa_SRP
ENSCJAG00000084625,
ENSCJAG00000069819,
ENSCJAG00000064637,Metazoa_SRP
ENSCJAG00000066399,cja-mir-514a
ENSCJAG00000014855,SMOC1
ENSCJAG00000084202,
ENSCJAG00000076828,
ENSCJAG00000082622,
ENSCJAG00000080374,U6
ENSCJAG00000075025,
ENSCJAG00000086478,TNFSF10
ENSCJAG00000020340,MLXIP
ENSCJAG00000006157,HDGF
ENSCJAG00000080283,
ENSCJAG00000079908,Metazoa_SRP
ENSCJAG00000023196,
ENSCJAG00000006847,PPP1R9B
ENSCJAG00000030409,U6
ENSCJAG00000081068,U4
ENSCJAG00000072957,Y_RNA
ENSCJAG00000080815,
ENSCJAG00000073926,
ENSCJAG00000047562,ICAM1
ENSCJAG00000083389,
ENSCJAG00000073335,Metazoa_SRP
ENSCJAG00000078732,Y_RNA
ENSCJAG00000078296,Y_RNA
ENSCJAG00000080841,
ENSCJAG00000002476,NCK1
ENSCJAG00000018739,ZNF692
ENSCJAG00000065814,
ENSCJAG00000086544,
ENSCJAG00000075814,
ENSCJAG00000068224,
ENSCJAG00000071867,U4
ENSCJAG00000014697,CHST11
ENSCJAG00000079813,FEZF2
ENSCJAG00000074375,
ENSCJAG00000070174,U6
ENSCJAG00000071539,
ENSCJAG00000015115,
ENSCJAG00000051295,
ENSCJAG00000042140,Metazoa_SRP
ENSCJAG00000083710,
ENSCJAG00000073279,U6
ENSCJAG00000076387,
ENSCJAG00000041000,IL31
ENSCJAG00000064565,Metazoa_SRP
ENSCJAG00000074489,
ENSCJAG00000083072,
ENSCJAG00000002211,GHSR
ENSCJAG00000057456,U6
ENSCJAG00000076331,
ENSCJAG00000084275,C11orf68
ENSCJAG00000080656,HINT1
ENSCJAG00000001085,RNF19B
ENSCJAG00000068976,
ENSCJAG00000080049,U4
ENSCJAG00000019196,MYPN
ENSCJAG00000008036,
ENSCJAG00000003164,NEK11
ENSCJAG00000071497,
ENSCJAG00000053863,
ENSCJAG00000060462,
ENSCJAG00000014896,TEKTIP1
ENSCJAG00000083636,5S_rRNA
ENSCJAG00000086074,
ENSCJAG00000023104,
ENSCJAG00000074296,
ENSCJAG00000016914,HNRNPU
ENSCJAG00000087303,SLC26A7
ENSCJAG00000003284,HSPA13
ENSCJAG00000046526,BORCS8
ENSCJAG00000046716,
ENSCJAG00000007177,DYRK2
ENSCJAG00000083822,5S_rRNA
ENSCJAG00000086229,
ENSCJAG00000005914,ACY1
ENSCJAG00000083538,
ENSCJAG00000020353,LRRC43
ENSCJAG00000078333,
ENSCJAG00000075892,
ENSCJAG00000005760,ICAM4
ENSCJAG00000085186,U6
ENSCJAG00000003839,MED17
ENSCJAG00000081422,U4
ENSCJAG00000082085,FER1L6
ENSCJAG00000000282,RCOR3
ENSCJAG00000055705,
ENSCJAG00000017259,GALC
ENSCJAG00000002213,FNDC3B
ENSCJAG00000085613,Metazoa_SRP
ENSCJAG00000071797,Metazoa_SRP
ENSCJAG00000084939,
ENSCJAG00000058192,
ENSCJAG00000015178,NTHL1
ENSCJAG00000085631,
ENSCJAG00000085862,Metazoa_SRP
ENSCJAG00000075080,
ENSCJAG00000002492,SLC35G2
ENSCJAG00000086571,U6
ENSCJAG00000040572,DRAP1
ENSCJAG00000020365,B3GNT4
ENSCJAG00000085243,
ENSCJAG00000068672,CEP15
ENSCJAG00000077366,
ENSCJAG00000074602,
ENSCJAG00000078314,U1
ENSCJAG00000002951,CDH19
ENSCJAG00000078012,Metazoa_SRP
ENSCJAG00000040754,ZNF672
ENSCJAG00000009708,CSRNP1
ENSCJAG00000087089,U6
ENSCJAG00000014897,MFSD12
ENSCJAG00000015716,L3MBTL4
ENSCJAG00000083473,
ENSCJAG00000077752,Metazoa_SRP
ENSCJAG00000005726,ICAM5
ENSCJAG00000081583,
ENSCJAG00000010835,NDP
ENSCJAG00000079051,DOCK6
ENSCJAG00000080446,cja-mir-9941
ENSCJAG00000048682,Metazoa_SRP
ENSCJAG00000086436,
ENSCJAG00000014708,SLC41A2
ENSCJAG00000065937,
ENSCJAG00000045684,DIABLO
ENSCJAG00000043424,
ENSCJAG00000076159,Y_RNA
ENSCJAG00000009706,XIRP1
ENSCJAG00000043858,IKZF2
ENSCJAG00000018784,SH3BP5L
ENSCJAG00000085761,
ENSCJAG00000073431,U6
ENSCJAG00000006872,SAMD14
ENSCJAG00000075977,
ENSCJAG00000072107,
ENSCJAG00000017032,PPP1R3A
ENSCJAG00000015182,NHERF2
ENSCJAG00000072996,
ENSCJAG00000057981,
ENSCJAG00000068066,
ENSCJAG00000071579,Metazoa_SRP
ENSCJAG00000047439,MBP
ENSCJAG00000081513,
ENSCJAG00000074497,Metazoa_SRP
ENSCJAG00000071337,
ENSCJAG00000019775,RFXANK
ENSCJAG00000078057,Y_RNA
ENSCJAG00000041456,Metazoa_SRP
ENSCJAG00000044361,Metazoa_SRP
ENSCJAG00000009704,CX3CR1
ENSCJAG00000042331,LYPD8
ENSCJAG00000037292,Metazoa_SRP
ENSCJAG00000004132,AGO2
ENSCJAG00000086910,
ENSCJAG00000071066,
ENSCJAG00000010837,EFHC2
ENSCJAG00000012228,TMPRSS5
ENSCJAG00000078120,U6
ENSCJAG00000003304,SAMSN1
ENSCJAG00000075845,ZGLP1
ENSCJAG00000047726,Metazoa_SRP
ENSCJAG00000006211,PRCC
ENSCJAG00000080285,
ENSCJAG00000020496,GREB1L
ENSCJAG00000006514,BTG2
ENSCJAG00000001757,TSGA10IP
ENSCJAG00000042291,
ENSCJAG00000017772,CBX4
ENSCJAG00000005223,SRF
ENSCJAG00000083191,
ENSCJAG00000081258,Metazoa_SRP
ENSCJAG00000075775,
ENSCJAG00000039905,UBE2E2
ENSCJAG00000055596,
ENSCJAG00000076463,
ENSCJAG00000067922,
ENSCJAG00000072582,U6
ENSCJAG00000037181,OTUD6B
ENSCJAG00000041626,U7
ENSCJAG00000035242,U6
ENSCJAG00000003925,FMR1
ENSCJAG00000006499,ECM1
ENSCJAG00000075556,
ENSCJAG00000007105,CAND1
ENSCJAG00000003181,ASTE1
ENSCJAG00000004793,NPL
ENSCJAG00000080365,FDX2
ENSCJAG00000006520,FMOD
ENSCJAG00000072034,Metazoa_SRP
ENSCJAG00000076745,
ENSCJAG00000067188,Metazoa_SRP
ENSCJAG00000086539,U4
ENSCJAG00000076286,
ENSCJAG00000005879,PEX19
ENSCJAG00000014728,NOPCHAP1
ENSCJAG00000080349,
ENSCJAG00000073756,Y_RNA
ENSCJAG00000017813,ZC4H2
ENSCJAG00000039358,NPW
ENSCJAG00000070351,
ENSCJAG00000029368,U1
ENSCJAG00000002292,TMEM212
ENSCJAG00000017612,MTR
ENSCJAG00000086559,
ENSCJAG00000008926,OR2T10
ENSCJAG00000017810,MTHFD2
ENSCJAG00000028488,U6
ENSCJAG00000020370,VPS33A
ENSCJAG00000081438,Metazoa_SRP
ENSCJAG00000003488,HMG20B
ENSCJAG00000075218,
ENSCJAG00000014823,SLC8A3
ENSCJAG00000075532,Y_RNA
ENSCJAG00000059143,
ENSCJAG00000058176,
ENSCJAG00000063801,Metazoa_SRP
ENSCJAG00000062275,
ENSCJAG00000012725,GRIK5
ENSCJAG00000078431,Metazoa_SRP
ENSCJAG00000006232,SH2D2A
ENSCJAG00000067803,
ENSCJAG00000075690,
ENSCJAG00000031794,OR2T11
ENSCJAG00000006543,PRELP
ENSCJAG00000083122,
ENSCJAG00000048306,Metazoa_SRP
ENSCJAG00000017755,TBC1D16
ENSCJAG00000065554,
ENSCJAG00000009549,DYNC2H1
ENSCJAG00000015194,ZNF598
ENSCJAG00000077172,
ENSCJAG00000005240,CUL9
ENSCJAG00000081169,NACAD
ENSCJAG00000004315,
ENSCJAG00000083327,Y_RNA
ENSCJAG00000083253,
ENSCJAG00000034656,OR2T2
ENSCJAG00000014904,GIPC3
ENSCJAG00000084674,
ENSCJAG00000080068,
ENSCJAG00000036496,HHLA1
ENSCJAG00000083821,
ENSCJAG00000071273,
ENSCJAG00000009692,SLC25A38
ENSCJAG00000083265,
ENSCJAG00000086566,
ENSCJAG00000062643,Metazoa_SRP
ENSCJAG00000025635,U6
ENSCJAG00000074015,
ENSCJAG00000005497,DEPTOR
ENSCJAG00000006558,OPTC
ENSCJAG00000038374,TMEM200C
ENSCJAG00000005671,RAVER1
ENSCJAG00000001741,SART1
ENSCJAG00000086699,
ENSCJAG00000033955,OR2T27
ENSCJAG00000077303,Y_RNA
ENSCJAG00000001770,MCM3AP
ENSCJAG00000056331,
ENSCJAG00000067234,
ENSCJAG00000075991,Metazoa_SRP
ENSCJAG00000006896,PDK2
ENSCJAG00000087060,
ENSCJAG00000001401,CAMK2G
ENSCJAG00000085204,
ENSCJAG00000077735,
ENSCJAG00000001924,GK5
ENSCJAG00000071764,Metazoa_SRP
ENSCJAG00000042445,FUNDC1
ENSCJAG00000072224,Metazoa_SRP
ENSCJAG00000036519,OR2T1
ENSCJAG00000000896,FAM9A
ENSCJAG00000019782,NR2C2AP
ENSCJAG00000075092,Metazoa_SRP
ENSCJAG00000043659,MOB1A
ENSCJAG00000072570,
ENSCJAG00000072198,
ENSCJAG00000075248,Metazoa_SRP
ENSCJAG00000064829,
ENSCJAG00000000803,FAM91A1
ENSCJAG00000076585,U6
ENSCJAG00000014921,TBXA2R
ENSCJAG00000084701,
ENSCJAG00000080020,PCMTD1
ENSCJAG00000086513,
ENSCJAG00000011535,SETD6
ENSCJAG00000052839,Metazoa_SRP
ENSCJAG00000027517,Y_RNA
ENSCJAG00000081743,
ENSCJAG00000075782,
ENSCJAG00000069924,
ENSCJAG00000080830,
ENSCJAG00000037545,OR2T6
ENSCJAG00000023904,U4
ENSCJAG00000075996,Metazoa_SRP
ENSCJAG00000035273,U6
ENSCJAG00000070901,
ENSCJAG00000086270,Metazoa_SRP
ENSCJAG00000083728,
ENSCJAG00000073294,
ENSCJAG00000014729,ALDH1L2
ENSCJAG00000079417,Metazoa_SRP
ENSCJAG00000075584,
ENSCJAG00000072051,
ENSCJAG00000078511,U4
ENSCJAG00000008914,OR2T4
ENSCJAG00000085520,Metazoa_SRP
ENSCJAG00000039827,SYNGR3
ENSCJAG00000070506,
ENSCJAG00000084182,
ENSCJAG00000081127,Metazoa_SRP
ENSCJAG00000006311,INSRR
ENSCJAG00000009194,CCDC40
ENSCJAG00000081302,
ENSCJAG00000082544,
ENSCJAG00000043982,ZNF574
ENSCJAG00000069718,
ENSCJAG00000081776,U1
ENSCJAG00000001427,ZC3H12B
ENSCJAG00000074498,
ENSCJAG00000079949,
ENSCJAG00000002183,NEDD4
ENSCJAG00000084366,Metazoa_SRP
ENSCJAG00000003782,TAF1D
ENSCJAG00000022097,
ENSCJAG00000011804,TBRG4
ENSCJAG00000081598,
ENSCJAG00000075416,U6
ENSCJAG00000069592,
ENSCJAG00000041193,
ENSCJAG00000061399,
ENSCJAG00000014483,GRIP1
ENSCJAG00000014929,CACTIN
ENSCJAG00000041131,Metazoa_SRP
ENSCJAG00000002501,STAG1
ENSCJAG00000045550,
ENSCJAG00000075537,
ENSCJAG00000077498,NRIP1
ENSCJAG00000081717,
ENSCJAG00000076896,
ENSCJAG00000000906,FAM9B
ENSCJAG00000077883,
ENSCJAG00000013088,NECTIN2
ENSCJAG00000014675,PXDNL
ENSCJAG00000038943,KCNH1
ENSCJAG00000077928,
ENSCJAG00000083733,
ENSCJAG00000005337,DNPH1
ENSCJAG00000069292,U3
ENSCJAG00000082580,Metazoa_SRP
ENSCJAG00000011448,SPAG16
ENSCJAG00000017844,
ENSCJAG00000086221,
ENSCJAG00000070881,
ENSCJAG00000085284,SNORA40
ENSCJAG00000081625,
ENSCJAG00000004821,DHX9
ENSCJAG00000083825,
ENSCJAG00000086887,SNORA18
ENSCJAG00000001434,LAS1L
ENSCJAG00000008512,NCAN
ENSCJAG00000085084,Metazoa_SRP
ENSCJAG00000083331,
ENSCJAG00000079794,Metazoa_SRP
ENSCJAG00000084215,Metazoa_SRP
ENSCJAG00000072176,
ENSCJAG00000053589,Metazoa_SRP
ENSCJAG00000045500,GFER
ENSCJAG00000068336,PIP4P2
ENSCJAG00000027180,SNORD5
ENSCJAG00000082417,COX16
ENSCJAG00000078001,Metazoa_SRP
ENSCJAG00000060405,Metazoa_SRP
ENSCJAG00000070796,SNORA8
ENSCJAG00000054352,
ENSCJAG00000009675,RPSA
ENSCJAG00000037153,Metazoa_SRP
ENSCJAG00000085998,
ENSCJAG00000069562,
ENSCJAG00000006555,ADAMTSL4
ENSCJAG00000079759,U6
ENSCJAG00000006249,NTRK1
ENSCJAG00000079250,
ENSCJAG00000001732,EIF1AD
ENSCJAG00000080477,
ENSCJAG00000082201,
ENSCJAG00000005644,ICAM3
ENSCJAG00000008672,GRIK1
ENSCJAG00000001418,IRX3
ENSCJAG00000026376,SNORD6
ENSCJAG00000005518,DSCC1
ENSCJAG00000079351,Metazoa_SRP
ENSCJAG00000023559,SNORA62
ENSCJAG00000072622,
ENSCJAG00000074082,C8orf88
ENSCJAG00000059491,
ENSCJAG00000072706,U6
ENSCJAG00000006922,ITGA3
ENSCJAG00000070928,U6
ENSCJAG00000077523,RPL29
ENSCJAG00000082356,SNORA62
ENSCJAG00000002296,PLD1
ENSCJAG00000006561,ATP2B4
ENSCJAG00000074257,Metazoa_SRP
ENSCJAG00000080817,GALR1
ENSCJAG00000003784,UBE2E1
ENSCJAG00000073546,
ENSCJAG00000078248,Metazoa_SRP
ENSCJAG00000082323,
ENSCJAG00000058479,U3
ENSCJAG00000070626,U2
ENSCJAG00000015221,NOXO1
ENSCJAG00000020372,CLIP1
ENSCJAG00000051760,BANF1
ENSCJAG00000081245,
ENSCJAG00000078660,
ENSCJAG00000086556,Metazoa_SRP
ENSCJAG00000009129,GAA
ENSCJAG00000005976,CCDC146
ENSCJAG00000017853,TET3
ENSCJAG00000084334,
ENSCJAG00000070080,U3
ENSCJAG00000004467,OC90
ENSCJAG00000005343,TTBK1
ENSCJAG00000022484,
ENSCJAG00000054083,U6
ENSCJAG00000038700,SYNJ2BP
ENSCJAG00000047890,
ENSCJAG00000012168,ZW10
ENSCJAG00000084042,Metazoa_SRP
ENSCJAG00000083267,
ENSCJAG00000035771,Metazoa_SRP
ENSCJAG00000075124,Metazoa_SRP
ENSCJAG00000000819,ANXA13
ENSCJAG00000033274,U6
ENSCJAG00000000187,NECAB1
ENSCJAG00000081732,
ENSCJAG00000070942,
ENSCJAG00000014951,PIP5K1C
ENSCJAG00000085740,U6
ENSCJAG00000011995,ZNF681
ENSCJAG00000054679,
ENSCJAG00000085336,
ENSCJAG00000062549,
ENSCJAG00000027822,SNORA5A
ENSCJAG00000081412,
ENSCJAG00000076063,
ENSCJAG00000073814,U6
ENSCJAG00000006781,TYK2
ENSCJAG00000067388,
ENSCJAG00000017275,GPR65
ENSCJAG00000080541,YBEY
ENSCJAG00000082131,
ENSCJAG00000067077,
ENSCJAG00000026333,SNORA5C
ENSCJAG00000073329,HAPLN4
ENSCJAG00000078741,U1
ENSCJAG00000062471,
ENSCJAG00000004967,SHCBP1L
ENSCJAG00000074306,
ENSCJAG00000082137,SNORA5B
ENSCJAG00000080761,
ENSCJAG00000085989,
ENSCJAG00000084861,
ENSCJAG00000076886,U6
ENSCJAG00000048443,COX20
ENSCJAG00000056141,Metazoa_SRP
ENSCJAG00000082015,
ENSCJAG00000085057,
ENSCJAG00000074730,
ENSCJAG00000077934,U6
ENSCJAG00000038360,DUSP7
ENSCJAG00000082182,
ENSCJAG00000082490,
ENSCJAG00000070275,
ENSCJAG00000017280,KCNK10
ENSCJAG00000001950,TFDP2
ENSCJAG00000063009,
ENSCJAG00000086568,
ENSCJAG00000020517,ESCO1
ENSCJAG00000074431,
ENSCJAG00000046540,
ENSCJAG00000001712,CATSPER1
ENSCJAG00000013072,TOMM40
ENSCJAG00000077618,Metazoa_SRP
ENSCJAG00000000909,TBL1X
ENSCJAG00000001453,MSN
ENSCJAG00000084160,
ENSCJAG00000012753,POU2F2
ENSCJAG00000039656,TM6SF2
ENSCJAG00000015245,TBL3
ENSCJAG00000011318,CNOT1
ENSCJAG00000008884,TRIM58
ENSCJAG00000002993,TMX3
ENSCJAG00000052621,RAMP3
ENSCJAG00000074905,
ENSCJAG00000007332,SALL3
ENSCJAG00000006345,PEAR1
ENSCJAG00000019252,HERC4
ENSCJAG00000014805,ADAM20
ENSCJAG00000074960,
ENSCJAG00000012968,IRX5
ENSCJAG00000064476,
ENSCJAG00000015228,ZNF254
ENSCJAG00000008869,
ENSCJAG00000017868,DGUOK
ENSCJAG00000077038,U6
ENSCJAG00000077862,Metazoa_SRP
ENSCJAG00000082175,
ENSCJAG00000038476,Metazoa_SRP
ENSCJAG00000005972,POC1A
ENSCJAG00000000837,KLHL38
ENSCJAG00000078262,
ENSCJAG00000015265,RNF151
ENSCJAG00000045533,TMEM64
ENSCJAG00000045042,
ENSCJAG00000076493,
ENSCJAG00000009611,MYRIP
ENSCJAG00000082801,
ENSCJAG00000087396,
ENSCJAG00000080378,
ENSCJAG00000001809,
ENSCJAG00000040020,Metazoa_SRP
ENSCJAG00000005355,SLC22A7
ENSCJAG00000084071,Y_RNA
ENSCJAG00000075008,
ENSCJAG00000077462,
ENSCJAG00000026855,
ENSCJAG00000063177,U3
ENSCJAG00000069704,
ENSCJAG00000057539,
ENSCJAG00000073525,
ENSCJAG00000076490,
ENSCJAG00000084223,U6
ENSCJAG00000048589,EIF4A3
ENSCJAG00000085809,
ENSCJAG00000005837,COPA
ENSCJAG00000069633,
ENSCJAG00000073776,
ENSCJAG00000076481,Metazoa_SRP
ENSCJAG00000073934,
ENSCJAG00000086977,
ENSCJAG00000073363,
ENSCJAG00000068096,FGL2
ENSCJAG00000078350,SH3BGRL
ENSCJAG00000001701,GAL3ST3
ENSCJAG00000015728,EPB41L3
ENSCJAG00000083704,Metazoa_SRP
ENSCJAG00000070610,
ENSCJAG00000076091,
ENSCJAG00000015267,
ENSCJAG00000000844,FBXO32
ENSCJAG00000005755,SUGP1
ENSCJAG00000014770,WASHC4
ENSCJAG00000014958,TJP3
ENSCJAG00000005547,TAF2
ENSCJAG00000077940,Y_RNA
ENSCJAG00000059442,
ENSCJAG00000087287,
ENSCJAG00000075827,
ENSCJAG00000010889,KDM6A
ENSCJAG00000004998,LAMC1
ENSCJAG00000039326,Metazoa_SRP
ENSCJAG00000019620,CADPS
ENSCJAG00000003797,NKIRAS1
ENSCJAG00000003182,ATP2C1
ENSCJAG00000060560,
ENSCJAG00000065115,
ENSCJAG00000075212,U6
ENSCJAG00000070579,
ENSCJAG00000063007,SNRPD1
ENSCJAG00000072503,
ENSCJAG00000022632,OR6F1
ENSCJAG00000042833,Metazoa_SRP
ENSCJAG00000014796,MED6
ENSCJAG00000005871,ANGPTL8
ENSCJAG00000017043,DESI2
ENSCJAG00000003412,CARD14
ENSCJAG00000058419,
ENSCJAG00000084338,APOE
ENSCJAG00000017294,SPATA7
ENSCJAG00000074712,
ENSCJAG00000027859,SNORA64
ENSCJAG00000069658,Metazoa_SRP
ENSCJAG00000012962,IRX6
ENSCJAG00000022631,OR13G1
ENSCJAG00000072264,
ENSCJAG00000021233,FAM185A
ENSCJAG00000027675,
ENSCJAG00000083858,
ENSCJAG00000045009,Metazoa_SRP
ENSCJAG00000076804,
ENSCJAG00000017882,ACTG2
ENSCJAG00000078432,
ENSCJAG00000043224,RPL15
ENSCJAG00000084356,U6
ENSCJAG00000069619,
ENSCJAG00000047303,NDUFB10
ENSCJAG00000087184,U6
ENSCJAG00000029561,cja-mir-223
ENSCJAG00000005390,CRIP3
ENSCJAG00000046711,U4
ENSCJAG00000077295,
ENSCJAG00000001656,SF3B2
ENSCJAG00000006000,ALAS1
ENSCJAG00000076271,U6
ENSCJAG00000052055,VWC2L
ENSCJAG00000076814,Metazoa_SRP
ENSCJAG00000072793,SNORA46
ENSCJAG00000077584,Metazoa_SRP
ENSCJAG00000078941,APOC1
ENSCJAG00000072505,U4
ENSCJAG00000043513,GCSAML
ENSCJAG00000083865,
ENSCJAG00000082733,SNORA50A
ENSCJAG00000085649,U4
ENSCJAG00000070882,
ENSCJAG00000002365,WAS
ENSCJAG00000075444,SNORA50A
ENSCJAG00000068453,
ENSCJAG00000000865,NTAQ1
ENSCJAG00000036877,U4
ENSCJAG00000075934,PCNT
ENSCJAG00000006069,TLR9
ENSCJAG00000078707,Y_RNA
ENSCJAG00000007347,ATP9B
ENSCJAG00000072584,
ENSCJAG00000077296,5S_rRNA
ENSCJAG00000040361,
ENSCJAG00000082679,Metazoa_SRP
ENSCJAG00000063116,
ENSCJAG00000087187,
ENSCJAG00000000922,GPR143
ENSCJAG00000005772,TSPAN16
ENSCJAG00000081695,
ENSCJAG00000075245,Metazoa_SRP
ENSCJAG00000072073,
ENSCJAG00000081363,
ENSCJAG00000084554,Metazoa_SRP
ENSCJAG00000068679,
ENSCJAG00000031300,RPL3L
ENSCJAG00000075301,
ENSCJAG00000076648,U4
ENSCJAG00000070240,APOC4
ENSCJAG00000075359,
ENSCJAG00000081265,
ENSCJAG00000017054,CATSPERE
ENSCJAG00000081637,U4
ENSCJAG00000078643,5S_rRNA
ENSCJAG00000003033,CCDC102B
ENSCJAG00000017702,ACTN2
ENSCJAG00000003395,SGSH
ENSCJAG00000029526,U1
ENSCJAG00000087002,Metazoa_SRP
ENSCJAG00000003844,NR1D2
ENSCJAG00000080729,Metazoa_SRP
ENSCJAG00000041217,Metazoa_SRP
ENSCJAG00000080116,
ENSCJAG00000081436,5S_rRNA
ENSCJAG00000038641,Metazoa_SRP
ENSCJAG00000069643,
ENSCJAG00000012929,MMP2
ENSCJAG00000042455,Metazoa_SRP
ENSCJAG00000005420,ZNF318
ENSCJAG00000001459,VSIG4
ENSCJAG00000014981,APBA3
ENSCJAG00000000871,
ENSCJAG00000084279,
ENSCJAG00000077979,
ENSCJAG00000072387,
ENSCJAG00000087166,5S_rRNA
ENSCJAG00000039923,Metazoa_SRP
ENSCJAG00000006379,LRRC71
ENSCJAG00000079801,Metazoa_SRP
ENSCJAG00000081655,U6
ENSCJAG00000020529,ABHD3
ENSCJAG00000078965,Metazoa_SRP
ENSCJAG00000011285,SLC38A7
ENSCJAG00000039088,MAU2
ENSCJAG00000082384,U7
ENSCJAG00000076499,Metazoa_SRP
ENSCJAG00000011613,
ENSCJAG00000064430,TTC9
ENSCJAG00000000868,ATAD2
ENSCJAG00000026840,
ENSCJAG00000071479,U6
ENSCJAG00000081892,U6
ENSCJAG00000000196,CALB1
ENSCJAG00000075428,OR2B11
ENSCJAG00000072473,U5
ENSCJAG00000012053,USP28
ENSCJAG00000013813,PRSS58
ENSCJAG00000060314,
ENSCJAG00000076419,Metazoa_SRP
ENSCJAG00000040215,U6
ENSCJAG00000014111,RAB3D
ENSCJAG00000056554,
ENSCJAG00000002376,SUV39H1
ENSCJAG00000039080,U4
ENSCJAG00000017897,STAMBP
ENSCJAG00000071156,
ENSCJAG00000002294,
ENSCJAG00000077001,Metazoa_SRP
ENSCJAG00000036618,U1
ENSCJAG00000070627,
ENSCJAG00000074943,
ENSCJAG00000042104,Metazoa_SRP
ENSCJAG00000000928,SHROOM2
ENSCJAG00000011473,BARD1
ENSCJAG00000046513,EIF1B
ENSCJAG00000085320,
ENSCJAG00000005753,TMEM205
ENSCJAG00000034642,U6
ENSCJAG00000074427,
ENSCJAG00000037604,Metazoa_SRP
ENSCJAG00000019318,SIRT1
ENSCJAG00000013016,CLPTM1
ENSCJAG00000061106,
ENSCJAG00000014883,APPL2
ENSCJAG00000078642,U6
ENSCJAG00000017069,ADSS
ENSCJAG00000057169,Metazoa_SRP
ENSCJAG00000000310,HHAT
ENSCJAG00000004367,EFR3A
ENSCJAG00000078030,U6
ENSCJAG00000020002,TMC7
ENSCJAG00000070810,
ENSCJAG00000064972,
ENSCJAG00000044608,
ENSCJAG00000072285,
ENSCJAG00000076507,Metazoa_SRP
ENSCJAG00000006753,CDC37
ENSCJAG00000040704,GATAD2A
ENSCJAG00000046785,MSRB1
ENSCJAG00000014998,MRPL54
ENSCJAG00000076815,
ENSCJAG00000082682,
ENSCJAG00000001887,UQCRFS1
ENSCJAG00000048516,TWF2
ENSCJAG00000005630,CCDC159
ENSCJAG00000079215,
ENSCJAG00000043562,Metazoa_SRP
ENSCJAG00000086253,
ENSCJAG00000077241,
ENSCJAG00000017324,PTPN21
ENSCJAG00000036807,MGAM2
ENSCJAG00000085338,CHRAC1
ENSCJAG00000073722,
ENSCJAG00000086780,Y_RNA
ENSCJAG00000015003,RAX2
ENSCJAG00000078263,
ENSCJAG00000038529,HS3ST6
ENSCJAG00000087351,
ENSCJAG00000011813,NLRP3
ENSCJAG00000043392,Metazoa_SRP
ENSCJAG00000056429,
ENSCJAG00000011234,GOT2
ENSCJAG00000011364,
ENSCJAG00000068269,
ENSCJAG00000005722,PLPPR2
ENSCJAG00000012902,LPCAT2
ENSCJAG00000028566,U6
ENSCJAG00000076539,U4
ENSCJAG00000000199,DECR1
ENSCJAG00000001648,PACS1
ENSCJAG00000001981,ATP1B3
ENSCJAG00000075497,
ENSCJAG00000079224,
ENSCJAG00000017875,ENTPD3
ENSCJAG00000019717,
ENSCJAG00000072634,Y_RNA
ENSCJAG00000083381,Metazoa_SRP
ENSCJAG00000048796,
ENSCJAG00000017074,SPMIP3
ENSCJAG00000001884,VSTM2B
ENSCJAG00000035094,
ENSCJAG00000082822,
ENSCJAG00000042238,GLOD5
ENSCJAG00000071198,CLDN34
ENSCJAG00000014511,HELB
ENSCJAG00000027663,Y_RNA
ENSCJAG00000084181,
ENSCJAG00000078311,Metazoa_SRP
ENSCJAG00000072389,U6
ENSCJAG00000083874,U6
ENSCJAG00000034598,PRSS22
ENSCJAG00000005721,SWSAP1
ENSCJAG00000083762,
ENSCJAG00000006990,DLX3
ENSCJAG00000038289,
ENSCJAG00000061123,
ENSCJAG00000001987,GRK7
ENSCJAG00000078096,Metazoa_SRP
ENSCJAG00000072750,U4
ENSCJAG00000006090,PPM1M
ENSCJAG00000005053,LAMC2
ENSCJAG00000020532,MIB1
ENSCJAG00000021213,FBXL13
ENSCJAG00000077922,
ENSCJAG00000080548,
ENSCJAG00000084419,Y_RNA
ENSCJAG00000046030,KCTD3
ENSCJAG00000082897,
ENSCJAG00000078823,
ENSCJAG00000005704,EPOR
ENSCJAG00000084048,
ENSCJAG00000072459,Metazoa_SRP
ENSCJAG00000086465,
ENSCJAG00000043112,NDUFA13
ENSCJAG00000082838,RNF7
ENSCJAG00000006698,PDE4A
ENSCJAG00000040521,GATA1
ENSCJAG00000078540,
ENSCJAG00000014758,MAP3K9
ENSCJAG00000077972,U6
ENSCJAG00000080534,
ENSCJAG00000071391,Metazoa_SRP
ENSCJAG00000072355,Metazoa_SRP
ENSCJAG00000068806,
ENSCJAG00000083989,Y_RNA
ENSCJAG00000054881,DLX4
ENSCJAG00000046173,ENSA
ENSCJAG00000011505,PTGR2
ENSCJAG00000000935,WWC3
ENSCJAG00000047163,WDR82
ENSCJAG00000015315,
ENSCJAG00000079856,
ENSCJAG00000015004,MATK
ENSCJAG00000035957,C8orf76
ENSCJAG00000072457,U5
ENSCJAG00000030163,
ENSCJAG00000080019,
ENSCJAG00000004191,TRAPPC9
ENSCJAG00000085180,
ENSCJAG00000005108,PTCHD1
ENSCJAG00000076816,
ENSCJAG00000049119,FMR1NB
ENSCJAG00000046750,POP4
ENSCJAG00000025290,U4
ENSCJAG00000064276,
ENSCJAG00000012991,RELB
ENSCJAG00000023754,cja-let-7g
ENSCJAG00000038414,ZG16B
ENSCJAG00000075985,TMSB15B
ENSCJAG00000053887,U2
ENSCJAG00000080013,U6
ENSCJAG00000085754,
ENSCJAG00000064259,
ENSCJAG00000017884,RPL14
ENSCJAG00000076768,
ENSCJAG00000019345,DNAJC12
ENSCJAG00000046214,Metazoa_SRP
ENSCJAG00000005654,YJEFN3
ENSCJAG00000077383,
ENSCJAG00000075563,
ENSCJAG00000081928,Y_RNA
ENSCJAG00000005647,RGL3
ENSCJAG00000085120,Metazoa_SRP
ENSCJAG00000042092,
ENSCJAG00000007010,TAC4
ENSCJAG00000085383,
ENSCJAG00000086100,
ENSCJAG00000072526,
ENSCJAG00000015678,SNTG1
ENSCJAG00000017345,ZC3H14
ENSCJAG00000003043,DOK6
ENSCJAG00000027131,U6
ENSCJAG00000001469,HEPH
ENSCJAG00000006155,GLYCTK
ENSCJAG00000044190,PRSS21
ENSCJAG00000003887,THRB
ENSCJAG00000072926,
ENSCJAG00000063056,U2
ENSCJAG00000014525,IRAK3
ENSCJAG00000005446,ABCC10
ENSCJAG00000079126,Metazoa_SRP
ENSCJAG00000046609,Metazoa_SRP
ENSCJAG00000009652,
ENSCJAG00000082638,
ENSCJAG00000067150,U3
ENSCJAG00000020409,ZCCHC8
ENSCJAG00000068832,
ENSCJAG00000082463,Y_RNA
ENSCJAG00000058403,U6
ENSCJAG00000005650,CILP2
ENSCJAG00000019999,COQ7
ENSCJAG00000071285,
ENSCJAG00000075417,U6
ENSCJAG00000032938,U6
ENSCJAG00000040735,ZBTB18
ENSCJAG00000077021,U1
ENSCJAG00000012830,SLC6A2
ENSCJAG00000074261,
ENSCJAG00000005061,
ENSCJAG00000040097,U6
ENSCJAG00000078369,U6
ENSCJAG00000076714,
ENSCJAG00000085241,C12orf75
ENSCJAG00000043043,Metazoa_SRP
ENSCJAG00000086005,U6
ENSCJAG00000070987,Y_RNA
ENSCJAG00000001871,PLEKHF1
ENSCJAG00000002395,HDAC6
ENSCJAG00000073330,U6
ENSCJAG00000029861,cja-mir-133a-1
ENSCJAG00000085329,
ENSCJAG00000017904,ZNF620
ENSCJAG00000005617,ODAD3
ENSCJAG00000084025,
ENSCJAG00000074265,U1
ENSCJAG00000028831,cja-mir-1b
ENSCJAG00000085540,
ENSCJAG00000083618,
ENSCJAG00000078376,
ENSCJAG00000074615,
ENSCJAG00000047616,Metazoa_SRP
ENSCJAG00000000061,AFF2
ENSCJAG00000021775,ITPRIPL2
ENSCJAG00000086068,C19orf12
ENSCJAG00000079922,Metazoa_SRP
ENSCJAG00000074548,FAM83A
ENSCJAG00000025436,cja-mir-135
ENSCJAG00000001994,RASA2
ENSCJAG00000074081,U7
ENSCJAG00000006659,LAX1
ENSCJAG00000003050,CD226
ENSCJAG00000077532,Metazoa_SRP
ENSCJAG00000066728,Metazoa_SRP
ENSCJAG00000000205,NBN
ENSCJAG00000078000,
ENSCJAG00000015323,
ENSCJAG00000070894,
ENSCJAG00000042537,SERTAD4
ENSCJAG00000057793,
ENSCJAG00000086678,
ENSCJAG00000017003,CDH8
ENSCJAG00000009906,SYT17
ENSCJAG00000086247,Y_RNA
ENSCJAG00000011510,ABCA12
ENSCJAG00000007037,KAT7
ENSCJAG00000076903,
ENSCJAG00000055606,GOLPH3L
ENSCJAG00000026527,U3
ENSCJAG00000076464,
ENSCJAG00000011781,ZNF496
ENSCJAG00000019354,CTNNA3
ENSCJAG00000075123,Metazoa_SRP
ENSCJAG00000040987,ERAS
ENSCJAG00000003479,GPRASP1
ENSCJAG00000006413,ARHGEF11
ENSCJAG00000022366,
ENSCJAG00000076727,Metazoa_SRP
ENSCJAG00000073644,
ENSCJAG00000002613,PCCB
ENSCJAG00000017734,HEATR1
ENSCJAG00000086760,U6
ENSCJAG00000074228,U6
ENSCJAG00000047969,PCSK1N
ENSCJAG00000070113,
ENSCJAG00000023446,NFATC1
ENSCJAG00000001857,CCNE1
ENSCJAG00000074142,Metazoa_SRP
ENSCJAG00000069856,
ENSCJAG00000006182,DNAH1
ENSCJAG00000005595,PRKCSH
ENSCJAG00000039127,ZNF621
ENSCJAG00000070214,
ENSCJAG00000010030,MTIF2
ENSCJAG00000002326,TNIK
ENSCJAG00000075620,Metazoa_SRP
ENSCJAG00000040134,ACOT9
ENSCJAG00000083230,
ENSCJAG00000006671,ZC3H11A
ENSCJAG00000000961,CLCN4
ENSCJAG00000020308,ZNF410
ENSCJAG00000069794,
ENSCJAG00000071269,
ENSCJAG00000079149,Y_RNA
ENSCJAG00000074900,Y_RNA
ENSCJAG00000023241,
ENSCJAG00000068203,
ENSCJAG00000087295,
ENSCJAG00000066453,
ENSCJAG00000005105,NMNAT2
ENSCJAG00000080877,U6
ENSCJAG00000048365,BHLHB9
ENSCJAG00000017090,AKT3
ENSCJAG00000070445,
ENSCJAG00000002426,TIMM17B
ENSCJAG00000079978,Y_RNA
ENSCJAG00000046925,CLEC19A
ENSCJAG00000086089,
ENSCJAG00000082577,
ENSCJAG00000086561,U6
ENSCJAG00000015343,PRSS33
ENSCJAG00000006705,HORMAD1
ENSCJAG00000005646,LPAR2
ENSCJAG00000010052,
ENSCJAG00000077276,U5
ENSCJAG00000000322,SYT14
ENSCJAG00000005628,ENPP2
ENSCJAG00000014558,TMBIM4
ENSCJAG00000064934,
ENSCJAG00000011765,ZNF124
ENSCJAG00000059712,RAB40AL
ENSCJAG00000080373,
ENSCJAG00000005589,ELAVL3
ENSCJAG00000074088,Metazoa_SRP
ENSCJAG00000001614,KLC2
ENSCJAG00000074545,
ENSCJAG00000074797,
ENSCJAG00000005485,DLK2
ENSCJAG00000069675,Metazoa_SRP
ENSCJAG00000026616,U1
ENSCJAG00000080048,NUAK1
ENSCJAG00000075691,
ENSCJAG00000070395,U6
ENSCJAG00000003435,NXF3
ENSCJAG00000083478,
ENSCJAG00000070296,
ENSCJAG00000075239,
ENSCJAG00000001823,URI1
ENSCJAG00000007066,FAM117A
ENSCJAG00000012926,CLASRP
ENSCJAG00000072145,
ENSCJAG00000023907,Y_RNA
ENSCJAG00000070388,
ENSCJAG00000080813,U7
ENSCJAG00000011738,ZNF670
ENSCJAG00000060618,
ENSCJAG00000001456,NDST2
ENSCJAG00000082990,Metazoa_SRP
ENSCJAG00000020419,RSRC2
ENSCJAG00000084004,
ENSCJAG00000045089,
ENSCJAG00000044462,Metazoa_SRP
ENSCJAG00000005633,GMIP
ENSCJAG00000064348,OSGIN2
ENSCJAG00000076318,
ENSCJAG00000080604,
ENSCJAG00000010057,CLHC1
ENSCJAG00000073065,
ENSCJAG00000002452,PQBP1
ENSCJAG00000079403,
ENSCJAG00000015347,ELOB
ENSCJAG00000008396,ASXL2
ENSCJAG00000071098,Metazoa_SRP
ENSCJAG00000006677,KEAP1
ENSCJAG00000032450,U6
ENSCJAG00000057056,
ENSCJAG00000081842,
ENSCJAG00000003605,DYSF
ENSCJAG00000044803,SAT1
ENSCJAG00000079254,
ENSCJAG00000029617,Y_RNA
ENSCJAG00000036089,Metazoa_SRP
ENSCJAG00000042088,
ENSCJAG00000079266,
ENSCJAG00000082316,
ENSCJAG00000001624,DIP2A
ENSCJAG00000011115,DIPK2B
ENSCJAG00000080250,Metazoa_SRP
ENSCJAG00000041143,S1PR5
ENSCJAG00000071197,
ENSCJAG00000084183,Metazoa_SRP
ENSCJAG00000076122,
ENSCJAG00000065358,CKAP4
ENSCJAG00000071182,U6
ENSCJAG00000019359,LRRTM3
ENSCJAG00000007077,SLC35B1
ENSCJAG00000084425,
ENSCJAG00000069685,Metazoa_SRP
ENSCJAG00000015022,ATCAY
ENSCJAG00000071963,
ENSCJAG00000075193,
ENSCJAG00000074717,Metazoa_SRP
ENSCJAG00000082883,Y_RNA
ENSCJAG00000086528,
ENSCJAG00000039760,
ENSCJAG00000013692,MGAM
ENSCJAG00000078984,Metazoa_SRP
ENSCJAG00000083544,
ENSCJAG00000060811,LLPH
ENSCJAG00000000073,IDS
ENSCJAG00000082802,
ENSCJAG00000006322,BAP1
ENSCJAG00000017839,LGALS8
ENSCJAG00000005594,TJAP1
ENSCJAG00000071912,
ENSCJAG00000000987,MID1
ENSCJAG00000046841,SNRPE
ENSCJAG00000081024,
ENSCJAG00000086520,U1
ENSCJAG00000071669,
ENSCJAG00000059767,
ENSCJAG00000086842,KCNK9
ENSCJAG00000085436,Metazoa_SRP
ENSCJAG00000086768,
ENSCJAG00000068917,
ENSCJAG00000006637,ATG4D
ENSCJAG00000073881,
ENSCJAG00000086442,
ENSCJAG00000080075,
ENSCJAG00000009819,TMC5
ENSCJAG00000012037,HTR3B
ENSCJAG00000084977,Y_RNA
ENSCJAG00000020449,KNTC1
ENSCJAG00000078160,
ENSCJAG00000071783,
ENSCJAG00000071542,U6
ENSCJAG00000076305,U1
ENSCJAG00000081154,U6
ENSCJAG00000072464,U6
ENSCJAG00000078105,
ENSCJAG00000080844,
ENSCJAG00000044240,
ENSCJAG00000005551,ZNF653
ENSCJAG00000005565,
ENSCJAG00000074981,
ENSCJAG00000075066,
ENSCJAG00000000953,TBC1D31
ENSCJAG00000063591,U2
ENSCJAG00000056364,
ENSCJAG00000079414,
ENSCJAG00000014565,
ENSCJAG00000037715,Metazoa_SRP
ENSCJAG00000086704,Metazoa_SRP
ENSCJAG00000030151,cja-mir-222-1
ENSCJAG00000071591,
ENSCJAG00000072903,
ENSCJAG00000079287,U7
ENSCJAG00000045260,SPOP
ENSCJAG00000053631,
ENSCJAG00000085003,
ENSCJAG00000080776,
ENSCJAG00000014977,TCP11L2
ENSCJAG00000070028,U4
ENSCJAG00000072534,
ENSCJAG00000040909,Metazoa_SRP
ENSCJAG00000072807,Metazoa_SRP
ENSCJAG00000085448,
ENSCJAG00000084588,U5
ENSCJAG00000070410,
ENSCJAG00000078264,
ENSCJAG00000085322,
ENSCJAG00000086018,
ENSCJAG00000077484,
ENSCJAG00000072159,Metazoa_SRP
ENSCJAG00000085925,Metazoa_SRP
ENSCJAG00000035901,Metazoa_SRP
ENSCJAG00000073924,
ENSCJAG00000038677,
ENSCJAG00000071250,
ENSCJAG00000062271,
ENSCJAG00000074214,
ENSCJAG00000082518,U4
ENSCJAG00000047649,U6
ENSCJAG00000015033,NMRK2
ENSCJAG00000084789,
ENSCJAG00000086902,
ENSCJAG00000004909,APOO
ENSCJAG00000079701,
ENSCJAG00000083309,
ENSCJAG00000071530,
ENSCJAG00000006629,KRI1
ENSCJAG00000080592,
ENSCJAG00000036530,Metazoa_SRP
ENSCJAG00000069094,U3
ENSCJAG00000075872,U6
ENSCJAG00000076787,
ENSCJAG00000036572,TCEAL8
ENSCJAG00000078580,
ENSCJAG00000018365,ZNF536
ENSCJAG00000005545,ZNF101
ENSCJAG00000086739,Metazoa_SRP
ENSCJAG00000082526,U7
ENSCJAG00000079437,Y_RNA
ENSCJAG00000031250,ECSIT
ENSCJAG00000015354,SRRM2
ENSCJAG00000001599,RAB1B
ENSCJAG00000052687,
ENSCJAG00000047530,NXPH3
ENSCJAG00000048397,ZBTB38
ENSCJAG00000014566,HMGA2
ENSCJAG00000006361,PHF7
ENSCJAG00000086445,
ENSCJAG00000046955,TCEAL5
ENSCJAG00000012770,DEDD2
ENSCJAG00000076721,
ENSCJAG00000045513,SDHAF1
ENSCJAG00000058286,
ENSCJAG00000081891,U6
ENSCJAG00000001606,S100B
ENSCJAG00000002479,SLC35A2
ENSCJAG00000085927,
ENSCJAG00000043196,RIPK2
ENSCJAG00000078507,U6
ENSCJAG00000079923,
ENSCJAG00000083446,
ENSCJAG00000016794,SOX13
ENSCJAG00000076062,
ENSCJAG00000051507,
ENSCJAG00000084386,Metazoa_SRP
ENSCJAG00000084647,
ENSCJAG00000081653,Metazoa_SRP
ENSCJAG00000083358,
ENSCJAG00000028377,5S_rRNA
ENSCJAG00000070582,
ENSCJAG00000003425,BEX2
ENSCJAG00000070920,U4
ENSCJAG00000087321,Metazoa_SRP
ENSCJAG00000003911,RARB
ENSCJAG00000070119,U6
ENSCJAG00000012009,HTR3A
ENSCJAG00000047849,EDARADD
ENSCJAG00000077887,
ENSCJAG00000067463,
ENSCJAG00000059830,
ENSCJAG00000081581,U6
ENSCJAG00000078550,Metazoa_SRP
ENSCJAG00000086278,Metazoa_SRP
ENSCJAG00000054413,
ENSCJAG00000054388,
ENSCJAG00000005527,ZNF14
ENSCJAG00000010079,RTN4
ENSCJAG00000032487,CXorf58
ENSCJAG00000080166,
ENSCJAG00000069866,
ENSCJAG00000017918,CTNNB1
ENSCJAG00000084175,
ENSCJAG00000064377,
ENSCJAG00000024486,SNORD116
ENSCJAG00000017112,SDCCAG8
ENSCJAG00000072358,
ENSCJAG00000048552,NGFR
ENSCJAG00000059181,cja-mir-763
ENSCJAG00000035735,Metazoa_SRP
ENSCJAG00000081395,
ENSCJAG00000055232,
ENSCJAG00000047917,Metazoa_SRP
ENSCJAG00000078342,U6
ENSCJAG00000071408,
ENSCJAG00000085610,
ENSCJAG00000012038,C1orf198
ENSCJAG00000074626,
ENSCJAG00000001576,CNIH2
ENSCJAG00000006415,SEMA3G
ENSCJAG00000006790,CTSS
ENSCJAG00000052912,
ENSCJAG00000070756,
ENSCJAG00000057721,RAB40A
ENSCJAG00000079285,
ENSCJAG00000070027,
ENSCJAG00000076515,
ENSCJAG00000020363,FAM161B
ENSCJAG00000014664,PCNX1
ENSCJAG00000047520,KRBOX4
ENSCJAG00000083965,
ENSCJAG00000075808,
ENSCJAG00000001007,HCCS
ENSCJAG00000060061,ZNF682
ENSCJAG00000012788,ZNF526
ENSCJAG00000072468,
ENSCJAG00000015041,DAPK3
ENSCJAG00000072179,
ENSCJAG00000073870,
ENSCJAG00000078236,Y_RNA
ENSCJAG00000051881,KLHL15
ENSCJAG00000005530,CNN1
ENSCJAG00000086040,
ENSCJAG00000081460,
ENSCJAG00000069865,
ENSCJAG00000074138,
ENSCJAG00000002072,PXYLP1
ENSCJAG00000017881,ERO1B
ENSCJAG00000075471,TCEAL4
ENSCJAG00000012778,
ENSCJAG00000087314,
ENSCJAG00000039255,U6
ENSCJAG00000072920,
ENSCJAG00000004867,
ENSCJAG00000072409,Metazoa_SRP
ENSCJAG00000023322,
ENSCJAG00000012791,GSK3A
ENSCJAG00000011695,ATIC
ENSCJAG00000006439,TNNC1
ENSCJAG00000072871,
ENSCJAG00000076900,Metazoa_SRP
ENSCJAG00000079999,
ENSCJAG00000003405,
ENSCJAG00000071921,
ENSCJAG00000081718,
ENSCJAG00000083382,CDKN2D
ENSCJAG00000005777,NCSTN
ENSCJAG00000026132,
ENSCJAG00000073985,
ENSCJAG00000003590,EDA2R
ENSCJAG00000085176,Y_RNA
ENSCJAG00000084376,
ENSCJAG00000001571,PRMT2
ENSCJAG00000001544,YIF1A
ENSCJAG00000018036,CPNE8
ENSCJAG00000084722,Metazoa_SRP
ENSCJAG00000004097,HSFX2
ENSCJAG00000005523,ELOF1
ENSCJAG00000081917,
ENSCJAG00000058381,U2
ENSCJAG00000006804,CTSK
ENSCJAG00000011978,ZBTB16
ENSCJAG00000086549,MSRB3
ENSCJAG00000003374,GLRA4
ENSCJAG00000071549,
ENSCJAG00000083527,
ENSCJAG00000072189,
ENSCJAG00000017900,GPR137B
ENSCJAG00000014985,POLR3B
ENSCJAG00000075434,TMEM185A
ENSCJAG00000005532,LRRC73
ENSCJAG00000006616,AP1M2
ENSCJAG00000001500,ZSWIM8
ENSCJAG00000043575,HCAR2
ENSCJAG00000005507,ACP5
ENSCJAG00000009750,SYNE4
ENSCJAG00000007174,PHB1
ENSCJAG00000075804,Y_RNA
ENSCJAG00000082172,Metazoa_SRP
ENSCJAG00000039521,
ENSCJAG00000070318,
ENSCJAG00000016828,ETNK2
ENSCJAG00000076364,
ENSCJAG00000080574,
ENSCJAG00000070195,
ENSCJAG00000075407,Metazoa_SRP
ENSCJAG00000065534,COQ6
ENSCJAG00000015327,KCNK2
ENSCJAG00000003963,TOP2B
ENSCJAG00000075099,Metazoa_SRP
ENSCJAG00000020485,HCAR1
ENSCJAG00000004841,ZFX
ENSCJAG00000082814,
ENSCJAG00000084167,
ENSCJAG00000055567,
ENSCJAG00000015045,EEF2
ENSCJAG00000044747,Metazoa_SRP
ENSCJAG00000085302,Metazoa_SRP
ENSCJAG00000075916,
ENSCJAG00000082812,
ENSCJAG00000070784,Metazoa_SRP
ENSCJAG00000085592,
ENSCJAG00000081465,
ENSCJAG00000078696,
ENSCJAG00000047776,FLYWCH2
ENSCJAG00000077057,
ENSCJAG00000002507,OTUD5
ENSCJAG00000073724,Metazoa_SRP
ENSCJAG00000087155,
ENSCJAG00000011965,ZNF674
ENSCJAG00000005563,YIPF3
ENSCJAG00000006457,NISCH
ENSCJAG00000051450,
ENSCJAG00000010153,CTDP1
ENSCJAG00000001025,ARHGAP6
ENSCJAG00000002091,SPSB4
ENSCJAG00000071295,Metazoa_SRP
ENSCJAG00000086275,Y_RNA
ENSCJAG00000078070,
ENSCJAG00000058052,ERF
ENSCJAG00000062860,
ENSCJAG00000038962,REEP3
ENSCJAG00000011964,NNMT
ENSCJAG00000038005,ZNF627
ENSCJAG00000071776,
ENSCJAG00000001538,TMEM151A
ENSCJAG00000066124,Metazoa_SRP
ENSCJAG00000003393,TMEM31
ENSCJAG00000005135,SMG7
ENSCJAG00000072297,Metazoa_SRP
ENSCJAG00000007206,ZNF652
ENSCJAG00000003057,RTTN
ENSCJAG00000085591,
ENSCJAG00000081999,FLYWCH1
ENSCJAG00000070473,Metazoa_SRP
ENSCJAG00000074715,RPS27
ENSCJAG00000080070,Y_RNA
ENSCJAG00000071377,U6
ENSCJAG00000072951,
ENSCJAG00000076570,
ENSCJAG00000074652,Metazoa_SRP
ENSCJAG00000020488,DENR
ENSCJAG00000001537,CD248
ENSCJAG00000009788,PDGFD
ENSCJAG00000011958,C11orf71
ENSCJAG00000079664,U5
ENSCJAG00000052201,Metazoa_SRP
ENSCJAG00000017921,NID1
ENSCJAG00000080681,U7
ENSCJAG00000057688,Metazoa_SRP
ENSCJAG00000015380,
ENSCJAG00000076273,Metazoa_SRP
ENSCJAG00000065136,ZNF823
ENSCJAG00000071310,Metazoa_SRP
ENSCJAG00000011997,CAPN9
ENSCJAG00000085048,
ENSCJAG00000079268,
ENSCJAG00000017964,ULK4
ENSCJAG00000020391,ENTPD5
ENSCJAG00000075062,
ENSCJAG00000083215,RFX7
ENSCJAG00000054124,
ENSCJAG00000017438,EML5
ENSCJAG00000030154,U4
ENSCJAG00000044688,
ENSCJAG00000072465,
ENSCJAG00000074974,
ENSCJAG00000081162,
ENSCJAG00000002938,PRR32
ENSCJAG00000071522,
ENSCJAG00000002092,SLC25A36
ENSCJAG00000053103,DDI1
ENSCJAG00000069328,SNORD37
ENSCJAG00000017155,CEP170
ENSCJAG00000005758,VANGL2
ENSCJAG00000074090,
ENSCJAG00000023468,U6
ENSCJAG00000082875,Metazoa_SRP
ENSCJAG00000063306,
ENSCJAG00000001528,RIN1
ENSCJAG00000071837,Metazoa_SRP
ENSCJAG00000072581,
ENSCJAG00000053172,U6
ENSCJAG00000083182,U1
ENSCJAG00000035780,Metazoa_SRP
ENSCJAG00000075747,Y_RNA
ENSCJAG00000080044,
ENSCJAG00000082588,
ENSCJAG00000082093,U1
ENSCJAG00000059527,
ENSCJAG00000002523,KCND1
ENSCJAG00000087205,
ENSCJAG00000010107,EML6
ENSCJAG00000047817,PHOSPHO1
ENSCJAG00000086707,
ENSCJAG00000015398,KREMEN2
ENSCJAG00000072757,
ENSCJAG00000081945,
ENSCJAG00000084041,U1
ENSCJAG00000011949,RBM7
ENSCJAG00000003349,PLP1
ENSCJAG00000005481,ZNF441
ENSCJAG00000069631,
ENSCJAG00000077196,
ENSCJAG00000083778,
ENSCJAG00000070986,U4
ENSCJAG00000016343,CCDC62
ENSCJAG00000071268,
ENSCJAG00000005612,XPO5
ENSCJAG00000040702,MSL2
ENSCJAG00000015065,PIAS4
ENSCJAG00000070302,U6
ENSCJAG00000081360,Metazoa_SRP
ENSCJAG00000001513,FUT11
ENSCJAG00000084337,
ENSCJAG00000078288,Y_RNA
ENSCJAG00000075846,
ENSCJAG00000016857,REN
ENSCJAG00000073403,
ENSCJAG00000075844,
ENSCJAG00000035886,SLC44A2
ENSCJAG00000072676,Y_RNA
ENSCJAG00000020404,BBOF1
ENSCJAG00000075448,Y_RNA
ENSCJAG00000074735,
ENSCJAG00000003563,AR
ENSCJAG00000079961,PLPP2
ENSCJAG00000041345,CHST7
ENSCJAG00000000239,MMP16
ENSCJAG00000014586,LEMD3
ENSCJAG00000065093,
ENSCJAG00000076274,
ENSCJAG00000070557,ZNF700
ENSCJAG00000073663,
ENSCJAG00000074525,Metazoa_SRP
ENSCJAG00000007219,ABI3
ENSCJAG00000026653,5S_rRNA
ENSCJAG00000012847,CIC
ENSCJAG00000070777,
ENSCJAG00000053880,U3
ENSCJAG00000006545,
ENSCJAG00000059708,
ENSCJAG00000079065,
ENSCJAG00000017044,FOXP2
ENSCJAG00000000072,RPL13A
ENSCJAG00000075604,Metazoa_SRP
ENSCJAG00000071415,
ENSCJAG00000026456,U6
ENSCJAG00000005667,B3GALT5
ENSCJAG00000069817,
ENSCJAG00000045709,Metazoa_SRP
ENSCJAG00000036210,ZBTB7A
ENSCJAG00000066320,
ENSCJAG00000004785,PDK3
ENSCJAG00000039209,PAQR4
ENSCJAG00000078219,
ENSCJAG00000057985,U6
ENSCJAG00000075409,
ENSCJAG00000069313,
ENSCJAG00000083902,
ENSCJAG00000002646,PPP2R3A
ENSCJAG00000084311,U7
ENSCJAG00000081100,
ENSCJAG00000078224,U6
ENSCJAG00000078377,
ENSCJAG00000029469,U8
ENSCJAG00000075312,
ENSCJAG00000077569,
ENSCJAG00000074544,
ENSCJAG00000072597,
ENSCJAG00000086258,Y_RNA
ENSCJAG00000001521,SEC24C
ENSCJAG00000039839,ZNF433
ENSCJAG00000034795,Y_RNA
ENSCJAG00000070277,
ENSCJAG00000070519,U6
ENSCJAG00000011714,FN1
ENSCJAG00000084091,
ENSCJAG00000084583,
ENSCJAG00000080409,Metazoa_SRP
ENSCJAG00000080867,SLAMF6
ENSCJAG00000060155,Metazoa_SRP
ENSCJAG00000012004,SLC9A7
ENSCJAG00000045944,Metazoa_SRP
ENSCJAG00000075394,U6
ENSCJAG00000079090,
ENSCJAG00000001511,BRMS1
ENSCJAG00000053959,
ENSCJAG00000006839,ARNT
ENSCJAG00000020613,PLA2G4D
ENSCJAG00000053684,KCNG2
ENSCJAG00000084919,
ENSCJAG00000065367,
ENSCJAG00000076476,Y_RNA
ENSCJAG00000079635,U6
ENSCJAG00000041153,GNGT2
ENSCJAG00000069961,U4
ENSCJAG00000072699,ALKBH6
ENSCJAG00000078123,5S_rRNA
ENSCJAG00000023155,DCAF4L2
ENSCJAG00000087225,
ENSCJAG00000082527,
ENSCJAG00000077856,
ENSCJAG00000075249,U6
ENSCJAG00000008281,DTNB
ENSCJAG00000085612,Metazoa_SRP
ENSCJAG00000077638,U6
ENSCJAG00000087108,
ENSCJAG00000074330,Metazoa_SRP
ENSCJAG00000041949,MIER2
ENSCJAG00000012765,GNAO1
ENSCJAG00000074742,
ENSCJAG00000061408,
ENSCJAG00000007163,JMJD1C
ENSCJAG00000085821,U6
ENSCJAG00000086673,U6
ENSCJAG00000075617,Metazoa_SRP
ENSCJAG00000012912,ZNF296
ENSCJAG00000015415,PKMYT1
ENSCJAG00000010149,SPTBN1
ENSCJAG00000048541,ZBTB14
ENSCJAG00000085274,
ENSCJAG00000005770,POLH
ENSCJAG00000012434,REXO2
ENSCJAG00000041901,ZNF878
ENSCJAG00000027324,U3
ENSCJAG00000004756,PCYT1B
ENSCJAG00000084974,
ENSCJAG00000011776,CMTM8
ENSCJAG00000080004,
ENSCJAG00000065022,SNORD33
ENSCJAG00000015084,MAP2K2
ENSCJAG00000007247,B4GALNT2
ENSCJAG00000077179,
ENSCJAG00000082565,SLC66A2
ENSCJAG00000084479,U6
ENSCJAG00000032859,
ENSCJAG00000020412,ALDH6A1
ENSCJAG00000045204,
ENSCJAG00000021516,RBM45
ENSCJAG00000077271,Metazoa_SRP
ENSCJAG00000068040,SNORD33
ENSCJAG00000005734,CD84
ENSCJAG00000075832,U6
ENSCJAG00000080821,
ENSCJAG00000064319,ALG10
ENSCJAG00000040106,
ENSCJAG00000068724,SNORD34
ENSCJAG00000085678,GEMIN7
ENSCJAG00000070580,Metazoa_SRP
ENSCJAG00000080372,
ENSCJAG00000020620,PLA2G4E
ENSCJAG00000077605,Metazoa_SRP
ENSCJAG00000042385,C18orf42
ENSCJAG00000057531,
ENSCJAG00000073320,U6
ENSCJAG00000080845,
ENSCJAG00000085858,Metazoa_SRP
ENSCJAG00000068080,SNORD35A
ENSCJAG00000076213,
ENSCJAG00000080970,
ENSCJAG00000086309,U6
ENSCJAG00000070356,
ENSCJAG00000005800,GTPBP2
ENSCJAG00000003347,RAB9B
ENSCJAG00000079002,
ENSCJAG00000075768,
ENSCJAG00000009805,CASP4
ENSCJAG00000071844,Metazoa_SRP
ENSCJAG00000077112,U1
ENSCJAG00000001508,B4GAT1
ENSCJAG00000085354,
ENSCJAG00000009694,CLIP3
ENSCJAG00000000247,CNBD1
ENSCJAG00000086123,U6
ENSCJAG00000077432,
ENSCJAG00000083298,
ENSCJAG00000075087,
ENSCJAG00000014629,WIF1
ENSCJAG00000078801,
ENSCJAG00000075628,Metazoa_SRP
ENSCJAG00000081498,Y_RNA
ENSCJAG00000085054,
ENSCJAG00000013686,TAS2R38
ENSCJAG00000038643,
ENSCJAG00000000069,RPS11
ENSCJAG00000006546,ETV3L
ENSCJAG00000083535,U6
ENSCJAG00000080543,
ENSCJAG00000076088,
ENSCJAG00000016902,KISS1
ENSCJAG00000078681,
ENSCJAG00000016939,CDH11
ENSCJAG00000070428,U6
ENSCJAG00000021225,LRRC17
ENSCJAG00000077953,
ENSCJAG00000042281,TMSB15B
ENSCJAG00000012886,PPP1R37
ENSCJAG00000007258,IGF2BP1
ENSCJAG00000080648,U4
ENSCJAG00000047406,ZNF625
ENSCJAG00000074528,
ENSCJAG00000087126,U6
ENSCJAG00000077129,Metazoa_SRP
ENSCJAG00000085230,Metazoa_SRP
ENSCJAG00000012741,AMFR
ENSCJAG00000070233,
ENSCJAG00000084086,U1
ENSCJAG00000016370,HIP1R
ENSCJAG00000007298,
ENSCJAG00000085630,U4
ENSCJAG00000080771,5S_rRNA
ENSCJAG00000078289,Metazoa_SRP
ENSCJAG00000034801,U4
ENSCJAG00000069698,
ENSCJAG00000014597,SIPA1L1
ENSCJAG00000048675,HSBP1L1
ENSCJAG00000018100,SYT10
ENSCJAG00000071944,
ENSCJAG00000001574,SYNPO2L
ENSCJAG00000000225,ZBTB48
ENSCJAG00000006484,STAB1
ENSCJAG00000047993,Metazoa_SRP
ENSCJAG00000075940,
ENSCJAG00000004039,NGLY1
ENSCJAG00000070864,U4
ENSCJAG00000085615,
ENSCJAG00000082114,
ENSCJAG00000086240,cja-mir-2338
ENSCJAG00000086635,PCP4
ENSCJAG00000087307,CLEC5A
ENSCJAG00000047457,
ENSCJAG00000017993,TRAK1
ENSCJAG00000059305,
ENSCJAG00000069594,
ENSCJAG00000054845,GDE1
ENSCJAG00000051512,ETV3
ENSCJAG00000001496,SLC29A2
ENSCJAG00000083533,
ENSCJAG00000043666,SEM1
ENSCJAG00000016909,GOLT1A
ENSCJAG00000076061,Metazoa_SRP
ENSCJAG00000078166,
ENSCJAG00000002531,GRIPAP1
ENSCJAG00000083221,
ENSCJAG00000005854,MAD2L1BP
ENSCJAG00000070411,
ENSCJAG00000002126,TRIM42
ENSCJAG00000081815,Metazoa_SRP
ENSCJAG00000015034,RFX4
ENSCJAG00000077836,
ENSCJAG00000062976,SNORD35B
ENSCJAG00000016538,CMIP
ENSCJAG00000080100,
ENSCJAG00000076346,
ENSCJAG00000051665,U3
ENSCJAG00000086784,
ENSCJAG00000068490,
ENSCJAG00000067787,MYOZ1
ENSCJAG00000009688,THAP8
ENSCJAG00000082193,Metazoa_SRP
ENSCJAG00000029056,cja-mir-150
ENSCJAG00000053553,NUDT21
ENSCJAG00000074686,
ENSCJAG00000045094,NXPE1
ENSCJAG00000047266,KLHL21
ENSCJAG00000043564,CMTM7
ENSCJAG00000015444,HCFC1R1
ENSCJAG00000044113,Metazoa_SRP
ENSCJAG00000006374,ILF3
ENSCJAG00000086881,
ENSCJAG00000070962,
ENSCJAG00000080353,
ENSCJAG00000071056,
ENSCJAG00000069635,
ENSCJAG00000000249,CNGB3
ENSCJAG00000075583,U6
ENSCJAG00000064609,
ENSCJAG00000082748,
ENSCJAG00000069111,
ENSCJAG00000015105,CREB3L3
ENSCJAG00000047702,LIN52
ENSCJAG00000077695,Metazoa_SRP
ENSCJAG00000083053,
ENSCJAG00000059705,
ENSCJAG00000004982,PTPRC
ENSCJAG00000014651,TBC1D30
ENSCJAG00000074233,Metazoa_SRP
ENSCJAG00000021208,ARMC10
ENSCJAG00000017374,RSPH9
ENSCJAG00000085598,
ENSCJAG00000081997,U6
ENSCJAG00000000066,FCGRT
ENSCJAG00000080111,
ENSCJAG00000051984,Y_RNA
ENSCJAG00000058377,Metazoa_SRP
ENSCJAG00000082512,
ENSCJAG00000010130,TXNL4A
ENSCJAG00000056377,
ENSCJAG00000041560,Metazoa_SRP
ENSCJAG00000083137,Metazoa_SRP
ENSCJAG00000086045,
ENSCJAG00000063846,C2orf73
ENSCJAG00000048280,Metazoa_SRP
ENSCJAG00000081771,
ENSCJAG00000074249,
ENSCJAG00000005445,ZNF136
ENSCJAG00000078062,
ENSCJAG00000049015,
ENSCJAG00000009768,CCP110
ENSCJAG00000081992,Metazoa_SRP
ENSCJAG00000007300,GIP
ENSCJAG00000072835,
ENSCJAG00000077616,
ENSCJAG00000018114,PKP2
ENSCJAG00000065637,
ENSCJAG00000084954,
ENSCJAG00000073830,U6
ENSCJAG00000079190,
ENSCJAG00000085484,
ENSCJAG00000012491,NXPE2
ENSCJAG00000037495,MIR3666
ENSCJAG00000001049,AMELX
ENSCJAG00000073060,U6
ENSCJAG00000045837,
ENSCJAG00000005540,DSCAM
ENSCJAG00000017931,LYST
ENSCJAG00000040951,CMTM6
ENSCJAG00000072760,CXorf40A
ENSCJAG00000076863,
ENSCJAG00000000264,CPNE3
ENSCJAG00000028451,SNORA73
ENSCJAG00000079602,
ENSCJAG00000046073,
ENSCJAG00000023120,CLDN9
ENSCJAG00000014554,PDE11A
ENSCJAG00000075613,
ENSCJAG00000074620,
ENSCJAG00000069240,Metazoa_SRP
ENSCJAG00000040326,SPMAP2
ENSCJAG00000076866,
ENSCJAG00000083938,
ENSCJAG00000069673,5S_rRNA
ENSCJAG00000070017,
ENSCJAG00000009616,WDR62
ENSCJAG00000016921,PLEKHA6
ENSCJAG00000070646,
ENSCJAG00000076523,
ENSCJAG00000063633,PHF13
ENSCJAG00000033818,H2BW1
ENSCJAG00000082961,
ENSCJAG00000023818,U1
ENSCJAG00000058055,
ENSCJAG00000061999,
ENSCJAG00000035652,
ENSCJAG00000074872,
ENSCJAG00000009842,
ENSCJAG00000002137,CLSTN2
ENSCJAG00000052243,
ENSCJAG00000082995,U6
ENSCJAG00000012630,OGFOD1
ENSCJAG00000086581,U6
ENSCJAG00000080829,
ENSCJAG00000042005,Metazoa_SRP
ENSCJAG00000085865,
ENSCJAG00000074773,
ENSCJAG00000037971,Metazoa_SRP
ENSCJAG00000004026,
ENSCJAG00000014130,UGT1A1
ENSCJAG00000042685,
ENSCJAG00000077919,
ENSCJAG00000015434,TNFRSF12A
ENSCJAG00000047309,Metazoa_SRP
ENSCJAG00000079812,Metazoa_SRP
ENSCJAG00000021207,NAPEPLD
ENSCJAG00000051053,
ENSCJAG00000069957,5S_rRNA
ENSCJAG00000078054,
ENSCJAG00000087363,Metazoa_SRP
ENSCJAG00000075251,Metazoa_SRP
ENSCJAG00000076645,
ENSCJAG00000017382,MRPS18A
ENSCJAG00000084931,
ENSCJAG00000071684,TMSB15B
ENSCJAG00000018129,YARS2
ENSCJAG00000055277,
ENSCJAG00000081477,
ENSCJAG00000001615,USP54
ENSCJAG00000082001,
ENSCJAG00000040772,ZNF44
ENSCJAG00000065836,Metazoa_SRP
ENSCJAG00000084848,U4
ENSCJAG00000072869,U1
ENSCJAG00000010125,RBFA
ENSCJAG00000020442,VSX2
ENSCJAG00000040490,
ENSCJAG00000020664,SPTBN5
ENSCJAG00000002682,EPHB1
ENSCJAG00000007322,SNF8
ENSCJAG00000062473,
ENSCJAG00000038917,RP2
ENSCJAG00000005699,SLAMF1
ENSCJAG00000058077,
ENSCJAG00000003293,PIK3R4
ENSCJAG00000010291,ACYP2
ENSCJAG00000072610,Metazoa_SRP
ENSCJAG00000011783,DYNC1LI1
ENSCJAG00000052976,
ENSCJAG00000000237,THAP3
ENSCJAG00000016885,CDH5
ENSCJAG00000062950,MDFIC
ENSCJAG00000076678,U4
ENSCJAG00000012882,NKPD1
ENSCJAG00000000060,RCN3
ENSCJAG00000013663,PRSS37
ENSCJAG00000004087,OXSM
ENSCJAG00000085438,SLC25A53
ENSCJAG00000079722,
ENSCJAG00000080205,
ENSCJAG00000070208,Metazoa_SRP
ENSCJAG00000072726,U1
ENSCJAG00000004325,ADCY8
ENSCJAG00000002868,SMARCA1
ENSCJAG00000001482,NPAS4
ENSCJAG00000021200,PMPCB
ENSCJAG00000074770,
ENSCJAG00000076617,U6
ENSCJAG00000078874,Metazoa_SRP
ENSCJAG00000075127,
ENSCJAG00000085417,
ENSCJAG00000082528,
ENSCJAG00000071103,U4
ENSCJAG00000041048,C2CD4C
ENSCJAG00000081699,
ENSCJAG00000070290,U6
ENSCJAG00000076783,
ENSCJAG00000078309,
ENSCJAG00000015120,SIRT6
ENSCJAG00000012869,TRAPPC6A
ENSCJAG00000070996,
ENSCJAG00000008252,ZCCHC18
ENSCJAG00000015389,PTPN14
ENSCJAG00000021128,
ENSCJAG00000037100,Metazoa_SRP
ENSCJAG00000081742,
ENSCJAG00000076898,
ENSCJAG00000039758,
ENSCJAG00000004743,POLA1
ENSCJAG00000017218,PLD5
ENSCJAG00000057852,SHC2
ENSCJAG00000083945,
ENSCJAG00000027394,Y_RNA
ENSCJAG00000010119,ADNP2
ENSCJAG00000084195,
ENSCJAG00000074210,Metazoa_SRP
ENSCJAG00000081772,
ENSCJAG00000079157,
ENSCJAG00000073966,
ENSCJAG00000008241,FAM199X
ENSCJAG00000007326,UBE2Z
ENSCJAG00000083859,U7
ENSCJAG00000063584,KPLCE
ENSCJAG00000017616,NOSIP
ENSCJAG00000085969,
ENSCJAG00000063293,TSPYL6
ENSCJAG00000033362,cja-mir-2114
ENSCJAG00000070775,
ENSCJAG00000081808,
ENSCJAG00000006570,FCRL5
ENSCJAG00000015451,THOC6
ENSCJAG00000077224,U6
ENSCJAG00000038998,AGT
ENSCJAG00000080837,
ENSCJAG00000012900,PAFAH1B3
ENSCJAG00000073975,U6
ENSCJAG00000086999,
ENSCJAG00000000279,RMDN1
ENSCJAG00000020446,ABCD4
ENSCJAG00000014159,PLAAT1
ENSCJAG00000086233,
ENSCJAG00000074124,
ENSCJAG00000079019,Metazoa_SRP
ENSCJAG00000032916,U6
ENSCJAG00000076100,
ENSCJAG00000012041,PHF16
ENSCJAG00000044213,
ENSCJAG00000063897,U7
ENSCJAG00000083690,
ENSCJAG00000082223,
ENSCJAG00000070937,
ENSCJAG00000076021,
ENSCJAG00000080267,
ENSCJAG00000013650,SSBP1
ENSCJAG00000081956,
ENSCJAG00000084264,Metazoa_SRP
ENSCJAG00000081765,Metazoa_SRP
ENSCJAG00000073705,
ENSCJAG00000073260,
ENSCJAG00000029200,SNORD56B
ENSCJAG00000080412,
ENSCJAG00000083961,
ENSCJAG00000081013,
ENSCJAG00000060090,U3
ENSCJAG00000074589,U6
ENSCJAG00000087191,
ENSCJAG00000079799,
ENSCJAG00000070317,
ENSCJAG00000016872,BEAN1
ENSCJAG00000075375,ATP5G1
ENSCJAG00000071101,
ENSCJAG00000003330,COL6A6
ENSCJAG00000080720,
ENSCJAG00000085303,
ENSCJAG00000046446,
ENSCJAG00000070184,
ENSCJAG00000085001,SNORA25B
ENSCJAG00000087328,
ENSCJAG00000053795,U6
ENSCJAG00000040104,ZNF442
ENSCJAG00000052764,
ENSCJAG00000043886,ZNF547
ENSCJAG00000078014,
ENSCJAG00000082308,
ENSCJAG00000075132,
ENSCJAG00000079586,Metazoa_SRP
ENSCJAG00000083628,
ENSCJAG00000023142,PARD6G
ENSCJAG00000074502,Metazoa_SRP
ENSCJAG00000008237,ESX1
ENSCJAG00000087146,Y_RNA
ENSCJAG00000076149,U7
ENSCJAG00000073292,
ENSCJAG00000053054,
ENSCJAG00000080448,
ENSCJAG00000001470,MRPL11
ENSCJAG00000070816,
ENSCJAG00000085651,
ENSCJAG00000079118,Metazoa_SRP
ENSCJAG00000071256,LRRC3B
ENSCJAG00000076612,
ENSCJAG00000080858,Metazoa_SRP
ENSCJAG00000079547,
ENSCJAG00000083973,
ENSCJAG00000077090,Y_RNA
ENSCJAG00000017641,PRRG2
ENSCJAG00000012914,PRR19
ENSCJAG00000081121,
ENSCJAG00000084163,
ENSCJAG00000021508,AGPS
ENSCJAG00000076564,
ENSCJAG00000076233,
ENSCJAG00000072008,
ENSCJAG00000005759,CCN3
ENSCJAG00000086713,
ENSCJAG00000076911,
ENSCJAG00000079451,
ENSCJAG00000084909,
ENSCJAG00000077804,
ENSCJAG00000012681,BBS2
ENSCJAG00000083885,
ENSCJAG00000051249,
ENSCJAG00000073189,
ENSCJAG00000012780,BLOC1S3
ENSCJAG00000086425,U1
ENSCJAG00000074470,
ENSCJAG00000000242,DNAJC11
ENSCJAG00000076114,CIMAP1D
ENSCJAG00000012065,RGN
ENSCJAG00000054642,
ENSCJAG00000086813,
ENSCJAG00000041226,
ENSCJAG00000015134,ANKRD24
ENSCJAG00000014131,ATP13A5
ENSCJAG00000081151,
ENSCJAG00000013627,WEE2
ENSCJAG00000067652,
ENSCJAG00000005681,CD48
ENSCJAG00000021179,DNAJC2
ENSCJAG00000079836,Metazoa_SRP
ENSCJAG00000073976,
ENSCJAG00000001702,OPHN1
ENSCJAG00000038168,
ENSCJAG00000081536,U6
ENSCJAG00000075786,
ENSCJAG00000004077,MAMLD1
ENSCJAG00000069634,
ENSCJAG00000000930,MEOX2
ENSCJAG00000081476,
ENSCJAG00000074471,
ENSCJAG00000082166,
ENSCJAG00000012854,EXOC3L2
ENSCJAG00000012459,VEGFA
ENSCJAG00000077758,
ENSCJAG00000003344,COL6A5
ENSCJAG00000008213,IL1RAPL2
ENSCJAG00000014674,GNS
ENSCJAG00000011909,COG2
ENSCJAG00000040902,ZNF548
ENSCJAG00000078704,U6
ENSCJAG00000015462,BICDL2
ENSCJAG00000070614,
ENSCJAG00000001061,MSL3
ENSCJAG00000040905,
ENSCJAG00000079837,
ENSCJAG00000026254,
ENSCJAG00000084833,
ENSCJAG00000043157,MAL2
ENSCJAG00000073203,5S_rRNA
ENSCJAG00000018143,DNM1L
ENSCJAG00000075912,
ENSCJAG00000070608,
ENSCJAG00000071956,
ENSCJAG00000006609,FCRL4
ENSCJAG00000001460,PELI3
ENSCJAG00000087227,
ENSCJAG00000057452,Metazoa_SRP
ENSCJAG00000072090,
ENSCJAG00000028601,
ENSCJAG00000017654,PRR12
ENSCJAG00000021995,CARD18
ENSCJAG00000073972,U1
ENSCJAG00000047848,TFEC
ENSCJAG00000007375,CALCOCO2
ENSCJAG00000009682,OVOL3
ENSCJAG00000087222,
ENSCJAG00000075319,Metazoa_SRP
ENSCJAG00000039629,
ENSCJAG00000004112,NEK10
ENSCJAG00000012849,MADCAM1
ENSCJAG00000009936,TXNDC9
ENSCJAG00000014142,
ENSCJAG00000084046,Metazoa_SRP
ENSCJAG00000078827,U6
ENSCJAG00000006734,DBX1
ENSCJAG00000084458,Metazoa_SRP
ENSCJAG00000012919,TMEM145
ENSCJAG00000071399,
ENSCJAG00000084917,Metazoa_SRP
ENSCJAG00000013621,DENND11
ENSCJAG00000075917,
ENSCJAG00000044588,
ENSCJAG00000066018,Metazoa_SRP
ENSCJAG00000080050,Metazoa_SRP
ENSCJAG00000002743,KY
ENSCJAG00000083291,U6
ENSCJAG00000064437,cja-mir-9915
ENSCJAG00000009632,VPS35L
ENSCJAG00000080978,MAP1LC3C
ENSCJAG00000085090,U6
ENSCJAG00000013496,PPDPFL
ENSCJAG00000086925,Metazoa_SRP
ENSCJAG00000060724,cja-mir-9905
ENSCJAG00000010300,PSME4
ENSCJAG00000012090,NDUFB11
ENSCJAG00000005418,ZNF709
ENSCJAG00000080594,
ENSCJAG00000000554,SLC25A13
ENSCJAG00000061774,
ENSCJAG00000078259,
ENSCJAG00000078878,Metazoa_SRP
ENSCJAG00000078833,
ENSCJAG00000055155,
ENSCJAG00000081533,TEX13A
ENSCJAG00000076640,
ENSCJAG00000082018,
ENSCJAG00000077128,
ENSCJAG00000013202,EBI3
ENSCJAG00000009671,POLR2I
ENSCJAG00000073168,
ENSCJAG00000047933,
ENSCJAG00000000927,AGMO
ENSCJAG00000069772,
ENSCJAG00000011843,CNOT10
ENSCJAG00000066754,U6
ENSCJAG00000070386,
ENSCJAG00000021914,BECN2
ENSCJAG00000080167,
ENSCJAG00000000033,ZNF17
ENSCJAG00000009960,EIF5B
ENSCJAG00000060750,
ENSCJAG00000012861,TPGS1
ENSCJAG00000080252,U6
ENSCJAG00000078895,
ENSCJAG00000085549,
ENSCJAG00000082027,
ENSCJAG00000039537,Metazoa_SRP
ENSCJAG00000075702,
ENSCJAG00000075382,
ENSCJAG00000070581,Metazoa_SRP
ENSCJAG00000063371,U6
ENSCJAG00000075451,
ENSCJAG00000079985,
ENSCJAG00000083057,U6
ENSCJAG00000016863,CMTM4
ENSCJAG00000070115,Y_RNA
ENSCJAG00000077981,Metazoa_SRP
ENSCJAG00000072118,Y_RNA
ENSCJAG00000005659,SLAMF7
ENSCJAG00000080425,
ENSCJAG00000084672,
ENSCJAG00000045776,ZNF564
ENSCJAG00000021732,TTC30B
ENSCJAG00000047934,COLEC10
ENSCJAG00000072523,SYNDIG1L
ENSCJAG00000012867,CDC34
ENSCJAG00000085441,
ENSCJAG00000006625,FCRL3
ENSCJAG00000079931,
ENSCJAG00000015441,SMYD2
ENSCJAG00000084342,MMP25
ENSCJAG00000000292,WWP1
ENSCJAG00000072494,
ENSCJAG00000038170,YJU2
ENSCJAG00000001748,YIPF6
ENSCJAG00000083379,
ENSCJAG00000083017,
ENSCJAG00000002748,OCRL
ENSCJAG00000009658,TBCB
ENSCJAG00000017241,EXO1
ENSCJAG00000071595,
ENSCJAG00000012664,
ENSCJAG00000077839,Metazoa_SRP
ENSCJAG00000005408,ZNF490
ENSCJAG00000008160,NRK
ENSCJAG00000071081,GZMM
ENSCJAG00000001651,PPP3CB
ENSCJAG00000084926,
ENSCJAG00000012801,MARK4
ENSCJAG00000030784,
ENSCJAG00000072287,
ENSCJAG00000059559,
ENSCJAG00000041699,NMNAT3
ENSCJAG00000074123,
ENSCJAG00000013499,SNAI2
ENSCJAG00000081494,U6
ENSCJAG00000080065,
ENSCJAG00000084691,
ENSCJAG00000086302,
ENSCJAG00000000036,ZNF772
ENSCJAG00000086573,
ENSCJAG00000000258,CAMTA1
ENSCJAG00000078415,U6
ENSCJAG00000082455,Metazoa_SRP
ENSCJAG00000069815,
ENSCJAG00000014537,RGS6
ENSCJAG00000084874,
ENSCJAG00000075514,SNORD28
ENSCJAG00000081726,
ENSCJAG00000080833,ZNF791
ENSCJAG00000013589,AGK
ENSCJAG00000010048,REV1
ENSCJAG00000075293,
ENSCJAG00000073456,Metazoa_SRP
ENSCJAG00000001381,DPP3
ENSCJAG00000012675,MT4
ENSCJAG00000059619,SNORD27
ENSCJAG00000076803,
ENSCJAG00000007395,TTLL6
ENSCJAG00000041445,FCRL2
ENSCJAG00000079512,
ENSCJAG00000021169,PSMC2
ENSCJAG00000078004,
ENSCJAG00000074856,
ENSCJAG00000020668,PLA2G4B
ENSCJAG00000058912,SNORD26
ENSCJAG00000004040,MTM1
ENSCJAG00000011562,LYPLA1
ENSCJAG00000008340,NFE2L2
ENSCJAG00000009874,GRIA4
ENSCJAG00000069309,LCE1F
ENSCJAG00000083619,
ENSCJAG00000065986,
ENSCJAG00000082208,U6
ENSCJAG00000055438,
ENSCJAG00000024678,U6
ENSCJAG00000082352,U7
ENSCJAG00000020476,NPC2
ENSCJAG00000077138,
ENSCJAG00000012880,BSG
ENSCJAG00000084604,
ENSCJAG00000070853,U6
ENSCJAG00000005193,TES
ENSCJAG00000082012,
ENSCJAG00000078353,
ENSCJAG00000020182,NECTIN3
ENSCJAG00000012101,RBM10
ENSCJAG00000085711,U6
ENSCJAG00000044181,Metazoa_SRP
ENSCJAG00000073035,
ENSCJAG00000015061,RIC8B
ENSCJAG00000087202,
ENSCJAG00000016515,PLCG2
ENSCJAG00000005804,TNFRSF11B
ENSCJAG00000008444,SHD
ENSCJAG00000005297,MAN2B1
ENSCJAG00000085321,
ENSCJAG00000071134,U6
ENSCJAG00000085231,U4
ENSCJAG00000061047,U4
ENSCJAG00000079234,
ENSCJAG00000038684,RASSF3
ENSCJAG00000001753,STARD8
ENSCJAG00000077865,
ENSCJAG00000070943,
ENSCJAG00000038526,
ENSCJAG00000029508,U1
ENSCJAG00000085479,
ENSCJAG00000080201,
ENSCJAG00000084836,
ENSCJAG00000011344,BACE2
ENSCJAG00000080783,MT3
ENSCJAG00000081923,
ENSCJAG00000084481,
ENSCJAG00000014072,ATP13A4
ENSCJAG00000018017,
ENSCJAG00000038939,
ENSCJAG00000082235,
ENSCJAG00000018569,SLC3A2
ENSCJAG00000012501,CADM1
ENSCJAG00000085868,
ENSCJAG00000081067,
ENSCJAG00000053037,ZNF773
ENSCJAG00000017281,WDR64
ENSCJAG00000043040,VPS37B
ENSCJAG00000012752,SLC26A5
ENSCJAG00000080046,
ENSCJAG00000048030,CRCT1
ENSCJAG00000060211,
ENSCJAG00000077395,
ENSCJAG00000003376,CAPN7
ENSCJAG00000071159,
ENSCJAG00000012483,ASAP1
ENSCJAG00000009594,CAPNS1
ENSCJAG00000083995,
ENSCJAG00000079217,
ENSCJAG00000013505,CLXN
ENSCJAG00000075437,
ENSCJAG00000080359,
ENSCJAG00000006928,HNRNPA3
ENSCJAG00000018020,LYZL4
ENSCJAG00000045468,
ENSCJAG00000044532,HCN2
ENSCJAG00000079520,
ENSCJAG00000084033,
ENSCJAG00000086595,Y_RNA
ENSCJAG00000011901,PGBD5
ENSCJAG00000071441,U6
ENSCJAG00000054942,
ENSCJAG00000058000,
ENSCJAG00000085910,Y_RNA
ENSCJAG00000003614,RRAS
ENSCJAG00000054908,CAV2
ENSCJAG00000072333,
ENSCJAG00000081561,U6
ENSCJAG00000085826,
ENSCJAG00000070453,
ENSCJAG00000080895,Metazoa_SRP
ENSCJAG00000045051,JMJD7
ENSCJAG00000074844,
ENSCJAG00000002753,CEP63
ENSCJAG00000069822,
ENSCJAG00000073458,
ENSCJAG00000082460,Y_RNA
ENSCJAG00000079455,
ENSCJAG00000086193,Metazoa_SRP
ENSCJAG00000002188,RBP2
ENSCJAG00000046047,Metazoa_SRP
ENSCJAG00000078390,U6
ENSCJAG00000057253,
ENSCJAG00000016428,ABCB9
ENSCJAG00000074923,Y_RNA
ENSCJAG00000077526,U4
ENSCJAG00000008118,RADX
ENSCJAG00000075580,
ENSCJAG00000064404,U3
ENSCJAG00000005606,LY9
ENSCJAG00000038528,WDR83OS
ENSCJAG00000083626,
ENSCJAG00000085026,Metazoa_SRP
ENSCJAG00000078716,
ENSCJAG00000077892,U4
ENSCJAG00000007437,HOXB13
ENSCJAG00000070640,Metazoa_SRP
ENSCJAG00000063550,CAV1
ENSCJAG00000072408,U6
ENSCJAG00000012913,POLRMT
ENSCJAG00000046228,SAMD12
ENSCJAG00000077076,U7
ENSCJAG00000031192,U6
ENSCJAG00000071788,Metazoa_SRP
ENSCJAG00000006647,FCRL1
ENSCJAG00000046873,ZNF549
ENSCJAG00000078721,U6
ENSCJAG00000015514,PROX1
ENSCJAG00000071460,
ENSCJAG00000079675,
ENSCJAG00000008450,
ENSCJAG00000075603,
ENSCJAG00000073075,
ENSCJAG00000006506,QTRT1
ENSCJAG00000020479,ISCA2
ENSCJAG00000018028,VIPR1
ENSCJAG00000080694,Metazoa_SRP
ENSCJAG00000085911,Y_RNA
ENSCJAG00000061327,MRPL15
ENSCJAG00000044607,
ENSCJAG00000080312,
ENSCJAG00000083792,
ENSCJAG00000079706,
ENSCJAG00000005272,WDR83
ENSCJAG00000029170,Y_RNA
ENSCJAG00000081893,
ENSCJAG00000052819,
ENSCJAG00000017298,OPN3
ENSCJAG00000077198,
ENSCJAG00000076365,U7
ENSCJAG00000009625,C16orf88
ENSCJAG00000055685,
ENSCJAG00000023045,
ENSCJAG00000074611,
ENSCJAG00000016736,PIK3C2B
ENSCJAG00000078742,U6
ENSCJAG00000011799,CHRNE
ENSCJAG00000070350,
ENSCJAG00000071755,MT2A
ENSCJAG00000014734,TBK1
ENSCJAG00000021920,
ENSCJAG00000078618,U6
ENSCJAG00000046430,Metazoa_SRP
ENSCJAG00000028093,
ENSCJAG00000071979,
ENSCJAG00000065746,
ENSCJAG00000037790,MREG
ENSCJAG00000069850,
ENSCJAG00000083102,
ENSCJAG00000057803,Metazoa_SRP
ENSCJAG00000001711,MSS51
ENSCJAG00000072230,U6
ENSCJAG00000076306,
ENSCJAG00000076022,
ENSCJAG00000074217,Metazoa_SRP
ENSCJAG00000067665,
ENSCJAG00000071349,
ENSCJAG00000034448,U6
ENSCJAG00000011329,FAM3B
ENSCJAG00000070197,
ENSCJAG00000073192,U1
ENSCJAG00000079509,U4
ENSCJAG00000078131,
ENSCJAG00000067137,ZBED2
ENSCJAG00000087097,Metazoa_SRP
ENSCJAG00000016114,ATXN7L1
ENSCJAG00000074197,
ENSCJAG00000086397,
ENSCJAG00000082616,
ENSCJAG00000069365,
ENSCJAG00000005583,CD244
ENSCJAG00000000897,DGKB
ENSCJAG00000079542,
ENSCJAG00000064548,
ENSCJAG00000005244,DHPS
ENSCJAG00000027124,Y_RNA
ENSCJAG00000080725,SH3BP5
ENSCJAG00000070323,Metazoa_SRP
ENSCJAG00000012930,
ENSCJAG00000073992,
ENSCJAG00000080840,Metazoa_SRP
ENSCJAG00000071490,Metazoa_SRP
ENSCJAG00000072438,
ENSCJAG00000010071,AFF3
ENSCJAG00000054406,
ENSCJAG00000074917,
ENSCJAG00000052592,
ENSCJAG00000014161,HJURP
ENSCJAG00000086522,Metazoa_SRP
ENSCJAG00000047203,TERF1
ENSCJAG00000008099,RNF128
ENSCJAG00000025398,
ENSCJAG00000017333,KMO
ENSCJAG00000037709,Metazoa_SRP
ENSCJAG00000070836,
ENSCJAG00000003625,SCAF1
ENSCJAG00000012258,PECR
ENSCJAG00000002200,COPB2
ENSCJAG00000077542,Metazoa_SRP
ENSCJAG00000074481,U6
ENSCJAG00000000343,ATP6V0D2
ENSCJAG00000009618,IQCK
ENSCJAG00000012952,CNFN
ENSCJAG00000010925,GALNT2
ENSCJAG00000067378,SOX17
ENSCJAG00000042888,C17orf107
ENSCJAG00000073439,Metazoa_SRP
ENSCJAG00000061543,Metazoa_SRP
ENSCJAG00000013588,TMEM178B
ENSCJAG00000012945,FGF22
ENSCJAG00000012576,PJA1
ENSCJAG00000030201,Y_RNA
ENSCJAG00000071342,
ENSCJAG00000020480,LTBP2
ENSCJAG00000079897,
ENSCJAG00000030381,cja-mir-196a
ENSCJAG00000038882,U6
ENSCJAG00000066641,
ENSCJAG00000032439,BBS1
ENSCJAG00000016459,OGFOD2
ENSCJAG00000000044,ZNF550
ENSCJAG00000063077,MSL3B
ENSCJAG00000032815,
ENSCJAG00000069609,U6
ENSCJAG00000006396,TCHHL1
ENSCJAG00000059265,
ENSCJAG00000068065,TMEM169
ENSCJAG00000073344,
ENSCJAG00000073825,
ENSCJAG00000079214,
ENSCJAG00000040743,Metazoa_SRP
ENSCJAG00000084243,
ENSCJAG00000016841,CMTM1
ENSCJAG00000012643,RELN
ENSCJAG00000007442,HOXB9
ENSCJAG00000020630,MAPKBP1
ENSCJAG00000076324,GP1BA
ENSCJAG00000014560,
ENSCJAG00000083177,
ENSCJAG00000072354,
ENSCJAG00000072603,
ENSCJAG00000083624,
ENSCJAG00000029654,U4
ENSCJAG00000012963,LIPE
ENSCJAG00000074745,Metazoa_SRP
ENSCJAG00000071811,Metazoa_SRP
ENSCJAG00000067753,
ENSCJAG00000012575,CYRIB
ENSCJAG00000080318,
ENSCJAG00000077247,
ENSCJAG00000040235,SBSPON
ENSCJAG00000058614,
ENSCJAG00000005145,MET
ENSCJAG00000082371,
ENSCJAG00000080343,Y_RNA
ENSCJAG00000071760,
ENSCJAG00000000346,PSKH2
ENSCJAG00000075085,S100A11
ENSCJAG00000086471,
ENSCJAG00000012960,RNF126
ENSCJAG00000078257,
ENSCJAG00000046964,MSANTD4
ENSCJAG00000086624,C12orf23
ENSCJAG00000001720,ANXA7
ENSCJAG00000019605,SYNPR
ENSCJAG00000012571,NALF2
ENSCJAG00000045730,HOXB8
ENSCJAG00000081930,Metazoa_SRP
ENSCJAG00000030248,
ENSCJAG00000075052,
ENSCJAG00000085408,
ENSCJAG00000002719,XPNPEP2
ENSCJAG00000028515,MIR181B1
ENSCJAG00000026287,U4
ENSCJAG00000045360,
ENSCJAG00000000045,ZNF416
ENSCJAG00000083794,
ENSCJAG00000054745,SDR42E1
ENSCJAG00000085332,
ENSCJAG00000003415,METTL6
ENSCJAG00000000528,DYNC1I1
ENSCJAG00000006682,CD5L
ENSCJAG00000029297,MIR181A1
ENSCJAG00000051234,
ENSCJAG00000005561,ITLN1
ENSCJAG00000074106,
ENSCJAG00000016695,RP1
ENSCJAG00000038759,Metazoa_SRP
ENSCJAG00000083571,5S_rRNA
ENSCJAG00000015094,MTERFD3
ENSCJAG00000044440,Metazoa_SRP
ENSCJAG00000081978,MRPS33
ENSCJAG00000079937,
ENSCJAG00000011768,SLC25A11
ENSCJAG00000002605,CCDC120
ENSCJAG00000077429,FSTL3
ENSCJAG00000072178,
ENSCJAG00000014650,FSD1
ENSCJAG00000081567,
ENSCJAG00000003637,IRF3
ENSCJAG00000012291,XRCC5
ENSCJAG00000070160,U4
ENSCJAG00000007457,HOXB7
ENSCJAG00000006319,DNM2
ENSCJAG00000073949,
ENSCJAG00000084819,
ENSCJAG00000008049,TBC1D8B
ENSCJAG00000056113,
ENSCJAG00000078099,
ENSCJAG00000022384,
ENSCJAG00000000037,ZIK1
ENSCJAG00000076486,
ENSCJAG00000070009,5S_rRNA
ENSCJAG00000015099,CRY1
ENSCJAG00000043912,KBTBD3
ENSCJAG00000012985,CXCL17
ENSCJAG00000087171,
ENSCJAG00000072923,U4
ENSCJAG00000009585,COX7A1
ENSCJAG00000012562,EDA
ENSCJAG00000087356,
ENSCJAG00000073235,
ENSCJAG00000074449,U4
ENSCJAG00000016505,HSD17B2
ENSCJAG00000007467,HOXB6
ENSCJAG00000082040,
ENSCJAG00000038933,C8orf89
ENSCJAG00000085168,U6
ENSCJAG00000014167,TRPM8
ENSCJAG00000030477,U1
ENSCJAG00000018561,CHRM1
ENSCJAG00000073323,U6
ENSCJAG00000004141,SLC4A7
ENSCJAG00000056422,
ENSCJAG00000082514,
ENSCJAG00000086579,U7
ENSCJAG00000010521,ERLEC1
ENSCJAG00000052359,SEC22C
ENSCJAG00000081778,
ENSCJAG00000051822,U4
ENSCJAG00000075600,Metazoa_SRP
ENSCJAG00000005225,FBXW9
ENSCJAG00000079698,
ENSCJAG00000079869,Metazoa_SRP
ENSCJAG00000086727,Metazoa_SRP
ENSCJAG00000066047,
ENSCJAG00000017543,TTC8
ENSCJAG00000055272,Metazoa_SRP
ENSCJAG00000068545,U6
ENSCJAG00000040838,U6
ENSCJAG00000070575,
ENSCJAG00000076473,
ENSCJAG00000080197,
ENSCJAG00000009607,GPRC5B
ENSCJAG00000001369,ZDHHC24
ENSCJAG00000020212,PHLDB2
ENSCJAG00000007472,HOXB5
ENSCJAG00000084760,U4
ENSCJAG00000032740,U7
ENSCJAG00000012976,PRSS57
ENSCJAG00000045755,CKM
ENSCJAG00000071345,
ENSCJAG00000026739,
ENSCJAG00000010105,LONRF2
ENSCJAG00000068738,
ENSCJAG00000077053,
ENSCJAG00000079982,
ENSCJAG00000069621,U4
ENSCJAG00000003991,MTMR1
ENSCJAG00000005815,EXT1
ENSCJAG00000074888,ANAPC13
ENSCJAG00000064639,
ENSCJAG00000028006,MIR10A
ENSCJAG00000039876,U6
ENSCJAG00000000351,CA2
ENSCJAG00000075927,
ENSCJAG00000037740,Metazoa_SRP
ENSCJAG00000078587,
ENSCJAG00000016498,MPHOSPH6
ENSCJAG00000086098,
ENSCJAG00000012609,
ENSCJAG00000018534,SLC22A6
ENSCJAG00000078410,
ENSCJAG00000009527,ZNF565
ENSCJAG00000068515,U6
ENSCJAG00000077982,
ENSCJAG00000007480,HOXB4
ENSCJAG00000036984,UBE2V2
ENSCJAG00000075247,AASDHPPT
ENSCJAG00000015526,RPS6KC1
ENSCJAG00000043266,EAF1
ENSCJAG00000070970,U6
ENSCJAG00000086413,U6
ENSCJAG00000039174,MTX2
ENSCJAG00000042684,
ENSCJAG00000069998,U6
ENSCJAG00000054491,
ENSCJAG00000077325,SS18L2
ENSCJAG00000006179,FRMPD4
ENSCJAG00000022706,
ENSCJAG00000016083,LRFN5
ENSCJAG00000085435,U6
ENSCJAG00000003656,STAP2
ENSCJAG00000009595,GPR139
ENSCJAG00000038253,PALM
ENSCJAG00000080825,
ENSCJAG00000011735,RNF167
ENSCJAG00000072488,Metazoa_SRP
ENSCJAG00000074486,Metazoa_SRP
ENSCJAG00000077562,
ENSCJAG00000007487,HOXB3
ENSCJAG00000071350,
ENSCJAG00000016156,CDHR3
ENSCJAG00000070023,U6
ENSCJAG00000084805,
ENSCJAG00000028227,U1
ENSCJAG00000070694,Metazoa_SRP
ENSCJAG00000073921,Metazoa_SRP
ENSCJAG00000081396,U6
ENSCJAG00000025833,U6
ENSCJAG00000083351,
ENSCJAG00000031100,U3
ENSCJAG00000002778,AMOTL2
ENSCJAG00000007686,
ENSCJAG00000071457,
ENSCJAG00000012757,KLC3
ENSCJAG00000070883,
ENSCJAG00000010968,URB2
ENSCJAG00000011261,MX2
ENSCJAG00000025880,cja-mir-676
ENSCJAG00000072319,
ENSCJAG00000087033,LCE6A
ENSCJAG00000061994,Metazoa_SRP
ENSCJAG00000012987,
ENSCJAG00000086622,
ENSCJAG00000005055,NR5A2
ENSCJAG00000007494,HOXB2
ENSCJAG00000067903,Metazoa_SRP
ENSCJAG00000075858,
ENSCJAG00000044675,ZSCAN4
ENSCJAG00000070789,
ENSCJAG00000047270,GP2
ENSCJAG00000060410,Metazoa_SRP
ENSCJAG00000054415,
ENSCJAG00000005824,MED30
ENSCJAG00000084589,
ENSCJAG00000062583,
ENSCJAG00000047745,VAMP3
ENSCJAG00000071335,Y_RNA
ENSCJAG00000012549,AWAT2
ENSCJAG00000048522,ZNF146
ENSCJAG00000078035,PRAF2
ENSCJAG00000052117,LCE7A
ENSCJAG00000041591,SNTN
ENSCJAG00000081791,Metazoa_SRP
ENSCJAG00000084817,
ENSCJAG00000016487,PITPNM2
ENSCJAG00000070675,Metazoa_SRP
ENSCJAG00000016827,CMTM2
ENSCJAG00000082696,
ENSCJAG00000082584,
ENSCJAG00000085461,Metazoa_SRP
ENSCJAG00000007496,HOXB1
ENSCJAG00000005522,F11R
ENSCJAG00000070369,U6
ENSCJAG00000042550,
ENSCJAG00000076451,Metazoa_SRP
ENSCJAG00000000857,ETV1
ENSCJAG00000034206,U6
ENSCJAG00000080910,
ENSCJAG00000079679,
ENSCJAG00000011679,
ENSCJAG00000075308,U6
ENSCJAG00000081746,
ENSCJAG00000020198,MISP
ENSCJAG00000012507,NUP93
ENSCJAG00000011921,TRIM71
ENSCJAG00000076208,U4
ENSCJAG00000072583,
ENSCJAG00000012374,MARCH4
ENSCJAG00000078869,
ENSCJAG00000086965,Metazoa_SRP
ENSCJAG00000083890,
ENSCJAG00000078611,
ENSCJAG00000016679,XKR4
ENSCJAG00000001334,ACTN3
ENSCJAG00000054228,U7
ENSCJAG00000079876,
ENSCJAG00000039624,OTUD6A
ENSCJAG00000077785,Metazoa_SRP
ENSCJAG00000010478,ASB3
ENSCJAG00000006686,KIRREL1
ENSCJAG00000038853,
ENSCJAG00000040474,Metazoa_SRP
ENSCJAG00000051909,Metazoa_SRP
ENSCJAG00000087125,
ENSCJAG00000062743,
ENSCJAG00000075987,
ENSCJAG00000081324,
ENSCJAG00000070222,Metazoa_SRP
ENSCJAG00000077830,
ENSCJAG00000058047,
ENSCJAG00000070414,ZNF551
ENSCJAG00000072904,
ENSCJAG00000078234,
ENSCJAG00000081235,Metazoa_SRP
ENSCJAG00000084235,Y_RNA
ENSCJAG00000079974,
ENSCJAG00000077342,
ENSCJAG00000070304,Metazoa_SRP
ENSCJAG00000079797,U5
ENSCJAG00000084260,
ENSCJAG00000014762,XPOT
ENSCJAG00000018070,NKTR
ENSCJAG00000058235,
ENSCJAG00000055309,
ENSCJAG00000053100,
ENSCJAG00000083644,
ENSCJAG00000043772,CMTM3
ENSCJAG00000074434,
ENSCJAG00000039910,SPRR4
ENSCJAG00000071419,Y_RNA
ENSCJAG00000019599,C3orf49
ENSCJAG00000071518,
ENSCJAG00000020688,MGA
ENSCJAG00000006610,NT5DC2
ENSCJAG00000022769,CCR4
ENSCJAG00000002236,MRPS22
ENSCJAG00000070228,U6
ENSCJAG00000011659,SPAG7
ENSCJAG00000077963,
ENSCJAG00000083077,
ENSCJAG00000070432,Y_RNA
ENSCJAG00000061560,CHAC2
ENSCJAG00000064837,Metazoa_SRP
ENSCJAG00000002703,SASH3
ENSCJAG00000043881,RDH10
ENSCJAG00000084303,U1
ENSCJAG00000073979,
ENSCJAG00000064998,
ENSCJAG00000083489,SPRR1A
ENSCJAG00000003663,BCL2L12
ENSCJAG00000053591,U6
ENSCJAG00000020497,AREL1
ENSCJAG00000007387,MPND
ENSCJAG00000005833,SLC30A8
ENSCJAG00000015118,ABTB3
ENSCJAG00000012525,IGBP1
ENSCJAG00000007504,SKAP1
ENSCJAG00000051579,
ENSCJAG00000001756,CFAP70
ENSCJAG00000084129,
ENSCJAG00000069849,
ENSCJAG00000002633,WDR45
ENSCJAG00000046805,SLC22A8
ENSCJAG00000013536,BRAF
ENSCJAG00000048625,
ENSCJAG00000079053,SPRR3
ENSCJAG00000020504,ATP6V0A2
ENSCJAG00000075272,
ENSCJAG00000006972,SETDB1
ENSCJAG00000008035,RIPPLY1
ENSCJAG00000000288,
ENSCJAG00000075539,
ENSCJAG00000011922,GLB1
ENSCJAG00000005096,TNPO2
ENSCJAG00000016071,C14orf28
ENSCJAG00000000369,CA3
ENSCJAG00000078204,Y_RNA
ENSCJAG00000047212,
ENSCJAG00000009485,ZNF567
ENSCJAG00000037968,Metazoa_SRP
ENSCJAG00000084598,
ENSCJAG00000012454,MRPL14
ENSCJAG00000080678,U6
ENSCJAG00000029674,U3
ENSCJAG00000038709,TMEM68
ENSCJAG00000012517,DGAT2L6
ENSCJAG00000012572,ORC5
ENSCJAG00000005079,CAPZA2
ENSCJAG00000071908,
ENSCJAG00000028284,
ENSCJAG00000083715,U6
ENSCJAG00000013526,MCM4
ENSCJAG00000020162,PTBP1
ENSCJAG00000016986,MDM4
ENSCJAG00000078073,
ENSCJAG00000075290,Metazoa_SRP
ENSCJAG00000009544,UMOD
ENSCJAG00000075897,
ENSCJAG00000020499,UBA1
ENSCJAG00000072829,
ENSCJAG00000081405,Metazoa_SRP
ENSCJAG00000047176,
ENSCJAG00000075056,SMIM4
ENSCJAG00000008343,CDH13
ENSCJAG00000000294,UTS2
ENSCJAG00000083103,Metazoa_SRP
ENSCJAG00000066367,CHST10
ENSCJAG00000038801,Metazoa_SRP
ENSCJAG00000082548,
ENSCJAG00000048428,
ENSCJAG00000046249,
ENSCJAG00000012716,ERCC2
ENSCJAG00000077357,Y_RNA
ENSCJAG00000063269,GNG4
ENSCJAG00000082383,
ENSCJAG00000039549,SNX11
ENSCJAG00000016063,KLHL28
ENSCJAG00000012377,SMARCAL1
ENSCJAG00000078181,Metazoa_SRP
ENSCJAG00000008030,CLDN2
ENSCJAG00000074399,
ENSCJAG00000037907,Metazoa_SRP
ENSCJAG00000034899,THOC7
ENSCJAG00000038560,ZNF154
ENSCJAG00000073423,U6
ENSCJAG00000032564,AWAT1
ENSCJAG00000071680,SPP2
ENSCJAG00000002792,RYK
ENSCJAG00000010986,TAF5L
ENSCJAG00000002664,ZDHHC9
ENSCJAG00000022918,LELP1
ENSCJAG00000074990,
ENSCJAG00000046447,Metazoa_SRP
ENSCJAG00000002248,
ENSCJAG00000074175,
ENSCJAG00000077370,AARD
ENSCJAG00000003426,HACL1
ENSCJAG00000040332,ERRFI1
ENSCJAG00000076686,Metazoa_SRP
ENSCJAG00000083803,Metazoa_SRP
ENSCJAG00000085138,
ENSCJAG00000080983,
ENSCJAG00000016771,DYNC1LI2
ENSCJAG00000009948,GUCY1A2
ENSCJAG00000020518,FCF1
ENSCJAG00000047273,
ENSCJAG00000075129,
ENSCJAG00000024713,cja-mir-138
ENSCJAG00000007394,SH3GL1
ENSCJAG00000078534,U6
ENSCJAG00000067374,
ENSCJAG00000002249,FOXL2NB
ENSCJAG00000014522,DPF3
ENSCJAG00000022917,PRR9
ENSCJAG00000018018,B3GALNT2
ENSCJAG00000074172,Y_RNA
ENSCJAG00000042052,CBX1
ENSCJAG00000007983,MORC4
ENSCJAG00000079305,ZNF776
ENSCJAG00000085040,
ENSCJAG00000070842,Metazoa_SRP
ENSCJAG00000011236,TMPRSS2
ENSCJAG00000075708,
ENSCJAG00000072683,CYP26B1
ENSCJAG00000082017,
ENSCJAG00000005844,RAD21
ENSCJAG00000081764,
ENSCJAG00000038850,P2RY4
ENSCJAG00000059056,
ENSCJAG00000069730,
ENSCJAG00000073354,Metazoa_SRP
ENSCJAG00000016176,SYPL1
ENSCJAG00000080740,Metazoa_SRP
ENSCJAG00000016546,MPHOSPH9
ENSCJAG00000060104,
ENSCJAG00000016657,TGS1
ENSCJAG00000083529,
ENSCJAG00000044987,
ENSCJAG00000064839,
ENSCJAG00000041357,FOXL2
ENSCJAG00000070513,U6
ENSCJAG00000012369,TMEM63B
ENSCJAG00000039963,ZNF461
ENSCJAG00000070686,
ENSCJAG00000005513,TSTD1
ENSCJAG00000081558,Metazoa_SRP
ENSCJAG00000078516,
ENSCJAG00000071654,U6
ENSCJAG00000037439,Metazoa_SRP
ENSCJAG00000016027,TOGARAM1
ENSCJAG00000081411,
ENSCJAG00000087153,Metazoa_SRP
ENSCJAG00000072911,
ENSCJAG00000064182,
ENSCJAG00000079774,U6
ENSCJAG00000076620,Metazoa_SRP
ENSCJAG00000012455,ARR3
ENSCJAG00000015765,LHFPL3
ENSCJAG00000011966,CRTAP
ENSCJAG00000057447,
ENSCJAG00000007632,STAU2
ENSCJAG00000084773,Metazoa_SRP
ENSCJAG00000018234,FGD4
ENSCJAG00000061418,
ENSCJAG00000062773,U2
ENSCJAG00000079835,
ENSCJAG00000010158,NMS
ENSCJAG00000036601,PGLYRP3
ENSCJAG00000000317,TNFRSF9
ENSCJAG00000011011,ABCB10
ENSCJAG00000079474,
ENSCJAG00000084719,
ENSCJAG00000011609,CAMTA2
ENSCJAG00000009504,PDILT
ENSCJAG00000043818,
ENSCJAG00000005104,ZNF281
ENSCJAG00000083499,
ENSCJAG00000007538,MRPS16
ENSCJAG00000076432,
ENSCJAG00000083866,
ENSCJAG00000070337,
ENSCJAG00000076037,Metazoa_SRP
ENSCJAG00000077998,
ENSCJAG00000037864,MIR3610
ENSCJAG00000085255,Metazoa_SRP
ENSCJAG00000028208,
ENSCJAG00000076239,
ENSCJAG00000072393,
ENSCJAG00000082611,
ENSCJAG00000042179,ARL4C
ENSCJAG00000079895,U6
ENSCJAG00000087329,
ENSCJAG00000083780,
ENSCJAG00000080375,DYNLL1
ENSCJAG00000073357,Metazoa_SRP
ENSCJAG00000008290,HOXD1
ENSCJAG00000024061,cja-mir-1301
ENSCJAG00000073725,
ENSCJAG00000018512,SLC22A10
ENSCJAG00000071976,cja-mir-4512
ENSCJAG00000000319,PARK7
ENSCJAG00000002637,UTP14A
ENSCJAG00000002656,GPKOW
ENSCJAG00000070959,Y_RNA
ENSCJAG00000016748,TERB1
ENSCJAG00000005903,UTP23
ENSCJAG00000007957,RBM41
ENSCJAG00000085605,
ENSCJAG00000019570,ATXN7
ENSCJAG00000074834,
ENSCJAG00000072292,Metazoa_SRP
ENSCJAG00000005237,NCF2
ENSCJAG00000070532,
ENSCJAG00000070223,
ENSCJAG00000036244,ACSM5
ENSCJAG00000077446,
ENSCJAG00000005866,PGLYRP4
ENSCJAG00000037734,Metazoa_SRP
ENSCJAG00000052566,
ENSCJAG00000067833,cja-mir-9934
ENSCJAG00000082368,
ENSCJAG00000014810,C12orf56
ENSCJAG00000000373,
ENSCJAG00000056464,
ENSCJAG00000018374,TSHZ3
ENSCJAG00000063715,HOXD3
ENSCJAG00000038339,ZBTB47
ENSCJAG00000048544,NAMPT
ENSCJAG00000074348,Metazoa_SRP
ENSCJAG00000043079,SUSD5
ENSCJAG00000018023,TBCE
ENSCJAG00000002802,SLCO2A1
ENSCJAG00000074304,Metazoa_SRP
ENSCJAG00000083592,Metazoa_SRP
ENSCJAG00000025175,
ENSCJAG00000011251,RIPK4
ENSCJAG00000071904,Metazoa_SRP
ENSCJAG00000046675,Y_RNA
ENSCJAG00000077356,
ENSCJAG00000005114,KIF14
ENSCJAG00000072928,
ENSCJAG00000010160,PDCL3
ENSCJAG00000012441,RAB41
ENSCJAG00000042565,Y_RNA
ENSCJAG00000033057,U6
ENSCJAG00000085729,
ENSCJAG00000042415,Metazoa_SRP
ENSCJAG00000079457,Y_RNA
ENSCJAG00000039277,ARX
ENSCJAG00000084336,
ENSCJAG00000007535,DNAJC9
ENSCJAG00000008172,DNMT3A
ENSCJAG00000085096,Metazoa_SRP
ENSCJAG00000009464,ZNF382
ENSCJAG00000008286,HOXD4
ENSCJAG00000070263,
ENSCJAG00000073303,
ENSCJAG00000045713,Metazoa_SRP
ENSCJAG00000036439,Metazoa_SRP
ENSCJAG00000036237,Metazoa_SRP
ENSCJAG00000009414,
ENSCJAG00000084534,U6
ENSCJAG00000077706,Metazoa_SRP
ENSCJAG00000072888,Y_RNA
ENSCJAG00000042027,Metazoa_SRP
ENSCJAG00000047852,EIF3H
ENSCJAG00000086003,Metazoa_SRP
ENSCJAG00000038446,PLAAT5
ENSCJAG00000016635,LYN
ENSCJAG00000081846,U1
ENSCJAG00000005396,USF1
ENSCJAG00000007402,CHAF1A
ENSCJAG00000020230,ABHD10
ENSCJAG00000025488,cja-mir-10b
ENSCJAG00000071355,S100A9
ENSCJAG00000018378,ZNF507
ENSCJAG00000041033,ZNF671
ENSCJAG00000014272,SH3BP4
ENSCJAG00000066025,
ENSCJAG00000080121,Metazoa_SRP
ENSCJAG00000037032,KLHL40
ENSCJAG00000020522,YLPM1
ENSCJAG00000084353,
ENSCJAG00000083075,Metazoa_SRP
ENSCJAG00000079645,RBIS
ENSCJAG00000080432,Metazoa_SRP
ENSCJAG00000012006,FBXL2
ENSCJAG00000000330,SLC45A1
ENSCJAG00000008284,HOXD8
ENSCJAG00000077861,
ENSCJAG00000075442,
ENSCJAG00000079770,Y_RNA
ENSCJAG00000015976,
ENSCJAG00000009499,THUMPD1
ENSCJAG00000085326,5S_rRNA
ENSCJAG00000007542,NFE2L1
ENSCJAG00000086110,U4
ENSCJAG00000016579,MTRFR
ENSCJAG00000081280,
ENSCJAG00000079965,
ENSCJAG00000040427,KICS2
ENSCJAG00000016658,NAE1
ENSCJAG00000077514,
ENSCJAG00000077263,
ENSCJAG00000020700,TYRO3
ENSCJAG00000075685,
ENSCJAG00000071423,
ENSCJAG00000085735,
ENSCJAG00000073791,Metazoa_SRP
ENSCJAG00000071147,S100A12
ENSCJAG00000001318,CTSF
ENSCJAG00000082909,
ENSCJAG00000071033,U7
ENSCJAG00000002679,MAGIX
ENSCJAG00000071503,Metazoa_SRP
ENSCJAG00000065604,
ENSCJAG00000072317,
ENSCJAG00000054753,
ENSCJAG00000007942,NUP62CL
ENSCJAG00000003846,EXOC6B
ENSCJAG00000063223,
ENSCJAG00000073790,
ENSCJAG00000048101,ZNF529
ENSCJAG00000046660,CEACAM8
ENSCJAG00000073342,
ENSCJAG00000077027,
ENSCJAG00000073000,
ENSCJAG00000012693,PPP1R13L
ENSCJAG00000073956,PDZD11
ENSCJAG00000078380,
ENSCJAG00000077879,
ENSCJAG00000020237,TAGLN3
ENSCJAG00000077375,
ENSCJAG00000081706,
ENSCJAG00000073594,
ENSCJAG00000014514,
ENSCJAG00000020511,DNAH10
ENSCJAG00000085133,
ENSCJAG00000065853,
ENSCJAG00000005843,S100A8
ENSCJAG00000079787,
ENSCJAG00000046789,HOXD9
ENSCJAG00000040056,CDK2AP1
ENSCJAG00000084899,
ENSCJAG00000035643,ACSM3
ENSCJAG00000076703,
ENSCJAG00000013815,PRDM15
ENSCJAG00000079292,cja-mir-4745
ENSCJAG00000085454,Metazoa_SRP
ENSCJAG00000078844,
ENSCJAG00000042330,
ENSCJAG00000078352,
ENSCJAG00000078650,
ENSCJAG00000082614,cja-mir-638
ENSCJAG00000018116,HHATL
ENSCJAG00000007925,DNAAF6
ENSCJAG00000007526,FAM149B1
ENSCJAG00000071863,
ENSCJAG00000083220,
ENSCJAG00000024148,U12
ENSCJAG00000079873,
ENSCJAG00000001512,CHCHD1
ENSCJAG00000010631,NRXN1
ENSCJAG00000018504,LGALS12
ENSCJAG00000071841,Y_RNA
ENSCJAG00000020154,PLPPR3
ENSCJAG00000008269,HOXD10
ENSCJAG00000029840,cja-mir-199-1
ENSCJAG00000072047,
ENSCJAG00000045820,MAGEB18
ENSCJAG00000029969,
ENSCJAG00000018385,DPY19L3
ENSCJAG00000058195,U6
ENSCJAG00000003670,PRMT1
ENSCJAG00000005835,
ENSCJAG00000077570,Metazoa_SRP
ENSCJAG00000040265,
ENSCJAG00000011040,NUP133
ENSCJAG00000072247,
ENSCJAG00000081375,
ENSCJAG00000084017,
ENSCJAG00000069605,
ENSCJAG00000000387,E2F5
ENSCJAG00000082896,
ENSCJAG00000066925,ARL4A
ENSCJAG00000007122,
ENSCJAG00000071496,
ENSCJAG00000047070,
ENSCJAG00000006313,TMED1
ENSCJAG00000085103,
ENSCJAG00000022864,SOCS6
ENSCJAG00000015566,KIF4A
ENSCJAG00000076009,U6
ENSCJAG00000070145,
ENSCJAG00000079095,U7
ENSCJAG00000084290,
ENSCJAG00000070570,U1
ENSCJAG00000073621,U4
ENSCJAG00000074913,U1
ENSCJAG00000079868,
ENSCJAG00000076716,Metazoa_SRP
ENSCJAG00000079293,Metazoa_SRP
ENSCJAG00000081755,U6
ENSCJAG00000070765,Metazoa_SRP
ENSCJAG00000000542,ZNF260
ENSCJAG00000004988,ST7
ENSCJAG00000084313,
ENSCJAG00000048503,HOXD11
ENSCJAG00000061777,
ENSCJAG00000018121,CCDC13
ENSCJAG00000081530,U4
ENSCJAG00000016631,RPS20
ENSCJAG00000000815,SCIN
ENSCJAG00000077003,
ENSCJAG00000082941,Metazoa_SRP
ENSCJAG00000012689,POLR1G
ENSCJAG00000035291,U1
ENSCJAG00000014842,SRGAP1
ENSCJAG00000082062,
ENSCJAG00000009951,CWF19L2
ENSCJAG00000016223,PIK3CG
ENSCJAG00000077447,
ENSCJAG00000005183,DDX59
ENSCJAG00000047805,PDK4
ENSCJAG00000086733,
ENSCJAG00000007043,CERS2
ENSCJAG00000075111,Metazoa_SRP
ENSCJAG00000077748,
ENSCJAG00000082860,
ENSCJAG00000009444,ZNF566
ENSCJAG00000009092,S100A6
ENSCJAG00000000385,
ENSCJAG00000079626,HOXD12
ENSCJAG00000016599,SBNO1
ENSCJAG00000078545,
ENSCJAG00000002826,
ENSCJAG00000022699,CLDN8
ENSCJAG00000081752,
ENSCJAG00000019003,CD1D
ENSCJAG00000006309,C19orf38
ENSCJAG00000009400,ERI2
ENSCJAG00000086616,
ENSCJAG00000014498,ZFYVE1
ENSCJAG00000083319,
ENSCJAG00000078622,U7
ENSCJAG00000018045,GGPS1
ENSCJAG00000014052,OPA1
ENSCJAG00000086447,
ENSCJAG00000080999,
ENSCJAG00000083947,
ENSCJAG00000013046,KIAA1549
ENSCJAG00000020242,TMPRSS7
ENSCJAG00000012030,UBP1
ENSCJAG00000035591,Metazoa_SRP
ENSCJAG00000086812,
ENSCJAG00000046945,S100A5
ENSCJAG00000070123,
ENSCJAG00000021202,NPAS2
ENSCJAG00000059269,
ENSCJAG00000013827,C2CD2
ENSCJAG00000054853,cja-mir-9939
ENSCJAG00000007898,FRMPD3
ENSCJAG00000082687,
ENSCJAG00000083030,
ENSCJAG00000066073,SNORD41
ENSCJAG00000057313,
ENSCJAG00000063144,
ENSCJAG00000006635,PBRM1
ENSCJAG00000029645,Y_RNA
ENSCJAG00000001313,CCDC87
ENSCJAG00000040882,HOXD13
ENSCJAG00000005467,ARHGAP30
ENSCJAG00000086833,
ENSCJAG00000073900,
ENSCJAG00000081505,
ENSCJAG00000032668,HIGD1A
ENSCJAG00000042290,Metazoa_SRP
ENSCJAG00000045765,POMC
ENSCJAG00000073362,U6
ENSCJAG00000032445,PPP4R3C
ENSCJAG00000005083,C19orf43
ENSCJAG00000083026,S100A4
ENSCJAG00000080032,
ENSCJAG00000046843,ZNF418
ENSCJAG00000005928,TRPS1
ENSCJAG00000075736,
ENSCJAG00000006228,CARM1
ENSCJAG00000085005,ZFP82
ENSCJAG00000076858,
ENSCJAG00000017073,
ENSCJAG00000059536,
ENSCJAG00000087318,
ENSCJAG00000077487,EVX2
ENSCJAG00000074452,
ENSCJAG00000070315,
ENSCJAG00000002681,PLP2
ENSCJAG00000083261,Metazoa_SRP
ENSCJAG00000041008,CA7
ENSCJAG00000020713,RPAP1
ENSCJAG00000012261,CDK16
ENSCJAG00000025676,SNORD54
ENSCJAG00000068929,
ENSCJAG00000002614,BCORL1
ENSCJAG00000080835,Metazoa_SRP
ENSCJAG00000065984,
ENSCJAG00000000393,LRRCC1
ENSCJAG00000001305,CCS
ENSCJAG00000043903,KRTAP24-1
ENSCJAG00000086166,S100A3
ENSCJAG00000019540,PSMD6
ENSCJAG00000021905,MOS
ENSCJAG00000071435,Metazoa_SRP
ENSCJAG00000086246,
ENSCJAG00000000334,RERE
ENSCJAG00000012346,CAPN11
ENSCJAG00000017024,LRRN2
ENSCJAG00000015991,PRPF39
ENSCJAG00000039749,Metazoa_SRP
ENSCJAG00000058197,
ENSCJAG00000070651,
ENSCJAG00000086586,ZFP14
ENSCJAG00000013280,ASB4
ENSCJAG00000007891,PRPS1
ENSCJAG00000007418,UBXN6
ENSCJAG00000077230,
ENSCJAG00000078561,
ENSCJAG00000084405,
ENSCJAG00000085977,
ENSCJAG00000082738,
ENSCJAG00000059754,
ENSCJAG00000016056,SRPK2
ENSCJAG00000036447,Metazoa_SRP
ENSCJAG00000076950,Metazoa_SRP
ENSCJAG00000067896,S100A2
ENSCJAG00000059774,MAGEB10
ENSCJAG00000076586,Metazoa_SRP
ENSCJAG00000038856,ERCC1
ENSCJAG00000070808,U6
ENSCJAG00000069828,Metazoa_SRP
ENSCJAG00000079726,Metazoa_SRP
ENSCJAG00000069320,U6
ENSCJAG00000038392,
ENSCJAG00000053663,
ENSCJAG00000023715,
ENSCJAG00000000919,
ENSCJAG00000064368,ZBTB21
ENSCJAG00000009363,REXO5
ENSCJAG00000016621,PLAG1
ENSCJAG00000016244,PRKAR2B
ENSCJAG00000000381,ZNF256
ENSCJAG00000018959,
ENSCJAG00000046846,
ENSCJAG00000038290,KRTAP26-1
ENSCJAG00000002848,TF
ENSCJAG00000075441,Metazoa_SRP
ENSCJAG00000071876,
ENSCJAG00000053854,Metazoa_SRP
ENSCJAG00000054123,
ENSCJAG00000045125,
ENSCJAG00000047707,HSBP1
ENSCJAG00000080826,
ENSCJAG00000085923,Metazoa_SRP
ENSCJAG00000069978,Y_RNA
ENSCJAG00000068662,U1
ENSCJAG00000040589,PRICKLE3
ENSCJAG00000007567,COPZ2
ENSCJAG00000002612,ELF4
ENSCJAG00000012426,IGFBP2
ENSCJAG00000082366,
ENSCJAG00000008777,
ENSCJAG00000065548,
ENSCJAG00000016637,PDP2
ENSCJAG00000081134,
ENSCJAG00000074152,Metazoa_SRP
ENSCJAG00000055763,Y_RNA
ENSCJAG00000087335,Y_RNA
ENSCJAG00000013295,PON2
ENSCJAG00000004942,HOOK2
ENSCJAG00000043436,CHCHD7
ENSCJAG00000086975,U1
ENSCJAG00000073353,RBM14
ENSCJAG00000076546,
ENSCJAG00000018055,ARID4B
ENSCJAG00000022396,MYMX
ENSCJAG00000081056,U4
ENSCJAG00000069625,Metazoa_SRP
ENSCJAG00000059119,SNORD58
ENSCJAG00000066733,DCAF8L1
ENSCJAG00000043440,cja-mir-622
ENSCJAG00000008226,LNPK
ENSCJAG00000018130,UBXN7
ENSCJAG00000074253,
ENSCJAG00000076759,Metazoa_SRP
ENSCJAG00000020548,PROX2
ENSCJAG00000084056,
ENSCJAG00000030909,cja-mir-152
ENSCJAG00000075183,
ENSCJAG00000013369,
ENSCJAG00000078968,GDPD2
ENSCJAG00000084506,Metazoa_SRP
ENSCJAG00000006294,YIPF2
ENSCJAG00000042858,
ENSCJAG00000000633,MLYCD
ENSCJAG00000033368,U6
ENSCJAG00000061496,SNORD127
ENSCJAG00000009358,DCUN1D3
ENSCJAG00000085253,Metazoa_SRP
ENSCJAG00000081029,Metazoa_SRP
ENSCJAG00000066329,RXYLT1
ENSCJAG00000084864,
ENSCJAG00000077374,
ENSCJAG00000036146,Metazoa_SRP
ENSCJAG00000070036,
ENSCJAG00000007078,ANXA9
ENSCJAG00000054047,
ENSCJAG00000081082,
ENSCJAG00000014132,
ENSCJAG00000004263,EOMES
ENSCJAG00000007511,ECD
ENSCJAG00000072211,U4
ENSCJAG00000005196,CAMSAP2
ENSCJAG00000082773,Y_RNA
ENSCJAG00000079750,
ENSCJAG00000075622,
ENSCJAG00000071373,
ENSCJAG00000085276,Metazoa_SRP
ENSCJAG00000071085,S100A16
ENSCJAG00000078008,Metazoa_SRP
ENSCJAG00000084120,Metazoa_SRP
ENSCJAG00000012328,SLC29A1
ENSCJAG00000003498,BTD
ENSCJAG00000076200,Metazoa_SRP
ENSCJAG00000015972,FKBP3
ENSCJAG00000007669,CDK5RAP3
ENSCJAG00000016608,SDR16C5
ENSCJAG00000083029,
ENSCJAG00000013647,
ENSCJAG00000087346,
ENSCJAG00000007604,IL1RAPL1
ENSCJAG00000009350,LYRM1
ENSCJAG00000076471,
ENSCJAG00000081798,RBM4
ENSCJAG00000082885,
ENSCJAG00000081156,
ENSCJAG00000008784,KRTAP13-4
ENSCJAG00000006287,C19orf52
ENSCJAG00000072332,
ENSCJAG00000056671,
ENSCJAG00000078765,JUNB
ENSCJAG00000000374,ZNF606
ENSCJAG00000066013,
ENSCJAG00000017556,HDGFL2
ENSCJAG00000010417,S100A13
ENSCJAG00000077517,
ENSCJAG00000073328,U6
ENSCJAG00000071403,TSC22D3
ENSCJAG00000085130,U6
ENSCJAG00000014441,RBM25
ENSCJAG00000053142,
ENSCJAG00000051959,
ENSCJAG00000048100,
ENSCJAG00000013643,TEX101
ENSCJAG00000051393,
ENSCJAG00000007605,UBE2W
ENSCJAG00000044936,U6
ENSCJAG00000018491,PLAAT4
ENSCJAG00000064522,
ENSCJAG00000084440,
ENSCJAG00000075861,
ENSCJAG00000061225,cja-mir-3135
ENSCJAG00000018410,PDCD5
ENSCJAG00000008127,EFR3B
ENSCJAG00000080556,
ENSCJAG00000004882,PRDX2
ENSCJAG00000054330,
ENSCJAG00000013405,ZNF829
ENSCJAG00000018291,BICD1
ENSCJAG00000020551,DLST
ENSCJAG00000011114,ACTA1
ENSCJAG00000070070,
ENSCJAG00000085947,RBM4B
ENSCJAG00000080659,S100A1
ENSCJAG00000018141,TM4SF19
ENSCJAG00000007100,MINDY1
ENSCJAG00000073193,Metazoa_SRP
ENSCJAG00000076209,
ENSCJAG00000045831,PON3
ENSCJAG00000025078,
ENSCJAG00000077434,
ENSCJAG00000076605,Y_RNA
ENSCJAG00000077310,5S_rRNA
ENSCJAG00000013640,LYPD3
ENSCJAG00000007292,UMODL1
ENSCJAG00000038921,KRTAP19-3
ENSCJAG00000082797,
ENSCJAG00000066379,
ENSCJAG00000076670,
ENSCJAG00000002528,AIFM1
ENSCJAG00000052549,U3
ENSCJAG00000086686,PLIN4
ENSCJAG00000081010,
ENSCJAG00000087342,
ENSCJAG00000069922,U6
ENSCJAG00000074067,
ENSCJAG00000007475,NUDT13
ENSCJAG00000085042,
ENSCJAG00000071158,
ENSCJAG00000022954,
ENSCJAG00000004272,CMC1
ENSCJAG00000083275,
ENSCJAG00000080853,5S_rRNA
ENSCJAG00000004873,RNASEH2A
ENSCJAG00000061066,Metazoa_SRP
ENSCJAG00000015326,FICD
ENSCJAG00000084261,
ENSCJAG00000018481,PLAAT2
ENSCJAG00000012294,USP11
ENSCJAG00000013413,ZNF790
ENSCJAG00000016260,HBP1
ENSCJAG00000077792,
ENSCJAG00000066208,U2
ENSCJAG00000035838,U2
ENSCJAG00000000402,RALYL
ENSCJAG00000030578,U3
ENSCJAG00000046341,Metazoa_SRP
ENSCJAG00000046939,
ENSCJAG00000016616,CDH16
ENSCJAG00000075710,Metazoa_SRP
ENSCJAG00000015945,FANCM
ENSCJAG00000017538,PLIN5
ENSCJAG00000059731,
ENSCJAG00000053602,
ENSCJAG00000026273,U3
ENSCJAG00000080831,
ENSCJAG00000034789,
ENSCJAG00000071243,
ENSCJAG00000084464,
ENSCJAG00000006111,AVPR1A
ENSCJAG00000077737,
ENSCJAG00000083606,OSGIN1
ENSCJAG00000038065,
ENSCJAG00000013624,PHLDB3
ENSCJAG00000014387,PSEN1
ENSCJAG00000073980,SPR
ENSCJAG00000048561,TSPYL5
ENSCJAG00000062900,IGFBP5
ENSCJAG00000011187,CCSAP
ENSCJAG00000015453,DLG3
ENSCJAG00000086841,KRTAP19-6
ENSCJAG00000071060,Metazoa_SRP
ENSCJAG00000074079,U6
ENSCJAG00000080703,
ENSCJAG00000082507,Metazoa_SRP
ENSCJAG00000072087,
ENSCJAG00000000370,ZSCAN1
ENSCJAG00000021214,
ENSCJAG00000074488,
ENSCJAG00000065855,Metazoa_SRP
ENSCJAG00000017537,LRG1
ENSCJAG00000015330,SART3
ENSCJAG00000018470,PLAAT3
ENSCJAG00000051963,
ENSCJAG00000058010,
ENSCJAG00000074936,Metazoa_SRP
ENSCJAG00000045402,MAGEB3
ENSCJAG00000019532,PRICKLE2
ENSCJAG00000024099,Y_RNA
ENSCJAG00000039703,EMX1
ENSCJAG00000070846,
ENSCJAG00000061837,U6
ENSCJAG00000078206,Metazoa_SRP
ENSCJAG00000010383,CHTOP
ENSCJAG00000085202,
ENSCJAG00000084412,
ENSCJAG00000020566,RPS6KL1
ENSCJAG00000026921,U6
ENSCJAG00000020245,
ENSCJAG00000084749,
ENSCJAG00000016696,KMT5A
ENSCJAG00000039937,MAGEB4
ENSCJAG00000009957,ALKBH8
ENSCJAG00000076164,
ENSCJAG00000044852,
ENSCJAG00000079115,
ENSCJAG00000038534,
ENSCJAG00000054039,
ENSCJAG00000004382,AGAP1
ENSCJAG00000082581,Y_RNA
ENSCJAG00000084858,CBLN2
ENSCJAG00000038699,ARPC5
ENSCJAG00000022149,MAGEB1
ENSCJAG00000076207,U1
ENSCJAG00000018416,ANKRD27
ENSCJAG00000020723,LTK
ENSCJAG00000013419,ZNF607
ENSCJAG00000061526,
ENSCJAG00000020579,CPQ
ENSCJAG00000005936,SMARCA4
ENSCJAG00000046966,HSP90AB1
ENSCJAG00000048068,
ENSCJAG00000012636,FOSB
ENSCJAG00000009272,LDAF1
ENSCJAG00000007107,PRUNE1
ENSCJAG00000004863,RTBDN
ENSCJAG00000005452,NECTIN4
ENSCJAG00000004276,AZI2
ENSCJAG00000047640,ZNF135
ENSCJAG00000012458,TNP1
ENSCJAG00000030641,5S_rRNA
ENSCJAG00000007615,NR0B1
ENSCJAG00000006123,PPM1H
ENSCJAG00000034543,U6
ENSCJAG00000008207,ATP5MC3
ENSCJAG00000033686,
ENSCJAG00000001228,SPTBN2
ENSCJAG00000082125,U6
ENSCJAG00000016283,COG5
ENSCJAG00000017506,SEMA6B
ENSCJAG00000042593,TMTC1
ENSCJAG00000082888,DYNLT2B
ENSCJAG00000043708,KRTAP20-1
ENSCJAG00000007429,P4HA1
ENSCJAG00000003886,SFXN5
ENSCJAG00000085193,Metazoa_SRP
ENSCJAG00000016081,PUS7
ENSCJAG00000000800,VWDE
ENSCJAG00000083397,U7
ENSCJAG00000080881,
ENSCJAG00000084671,
ENSCJAG00000075852,U1
ENSCJAG00000016597,PENK
ENSCJAG00000054405,
ENSCJAG00000015374,ISCU
ENSCJAG00000070811,Metazoa_SRP
ENSCJAG00000026095,
ENSCJAG00000021215,TBC1D8
ENSCJAG00000062701,Metazoa_SRP
ENSCJAG00000006482,CD1C
ENSCJAG00000083487,
ENSCJAG00000002927,TOPBP1
ENSCJAG00000008858,
ENSCJAG00000086070,
ENSCJAG00000028706,MIRLET7I
ENSCJAG00000070422,Metazoa_SRP
ENSCJAG00000002728,CACNA1F
ENSCJAG00000007802,MID2
ENSCJAG00000085412,
ENSCJAG00000020572,PGF
ENSCJAG00000084520,
ENSCJAG00000003789,NECAB2
ENSCJAG00000003757,CPT1C
ENSCJAG00000018444,ATL3
ENSCJAG00000011215,RAB4A
ENSCJAG00000085122,5S_rRNA
ENSCJAG00000008860,
ENSCJAG00000074432,
ENSCJAG00000086472,
ENSCJAG00000029925,U4
ENSCJAG00000009206,ZP2
ENSCJAG00000042029,Metazoa_SRP
ENSCJAG00000079912,
ENSCJAG00000075005,U6
ENSCJAG00000057068,Metazoa_SRP
ENSCJAG00000013037,RESF1
ENSCJAG00000052643,
ENSCJAG00000072990,
ENSCJAG00000015261,PRDM4
ENSCJAG00000015086,PCYT1A
ENSCJAG00000086438,Metazoa_SRP
ENSCJAG00000044733,ZFP30
ENSCJAG00000085786,Y_RNA
ENSCJAG00000072763,
ENSCJAG00000004300,ZCWPW2
ENSCJAG00000066852,
ENSCJAG00000079880,
ENSCJAG00000046050,SLC35B2
ENSCJAG00000076059,U4
ENSCJAG00000086409,Metazoa_SRP
ENSCJAG00000036790,Metazoa_SRP
ENSCJAG00000075084,Metazoa_SRP
ENSCJAG00000003502,ANKRD28
ENSCJAG00000082060,Metazoa_SRP
ENSCJAG00000070720,RAB33A
ENSCJAG00000073317,
ENSCJAG00000004983,WNT2
ENSCJAG00000040026,APOBEC4
ENSCJAG00000006144,MON2
ENSCJAG00000055805,U4
ENSCJAG00000086724,CD1B
ENSCJAG00000000348,ZSCAN18
ENSCJAG00000078362,Metazoa_SRP
ENSCJAG00000071871,Metazoa_SRP
ENSCJAG00000080795,
ENSCJAG00000086609,TMEM119
ENSCJAG00000078009,
ENSCJAG00000075396,Metazoa_SRP
ENSCJAG00000022512,TNFAIP8L1
ENSCJAG00000080688,
ENSCJAG00000020570,SDC2
ENSCJAG00000044557,EIF2B2
ENSCJAG00000008159,TEX11
ENSCJAG00000007633,GK
ENSCJAG00000023895,U4
ENSCJAG00000084145,U6
ENSCJAG00000086870,
ENSCJAG00000087348,
ENSCJAG00000081011,U4
ENSCJAG00000078992,U6
ENSCJAG00000082207,
ENSCJAG00000005957,CSMD3
ENSCJAG00000074914,SELPLG
ENSCJAG00000014352,PAPLN
ENSCJAG00000085357,Metazoa_SRP
ENSCJAG00000071093,Metazoa_SRP
ENSCJAG00000073707,Metazoa_SRP
ENSCJAG00000084944,
ENSCJAG00000084142,
ENSCJAG00000015082,SLC51A
ENSCJAG00000086997,Metazoa_SRP
ENSCJAG00000079027,
ENSCJAG00000072196,
ENSCJAG00000008872,
ENSCJAG00000002491,ZNF280C
ENSCJAG00000074781,
ENSCJAG00000065615,U6
ENSCJAG00000013606,ETHE1
ENSCJAG00000085087,
ENSCJAG00000071053,
ENSCJAG00000082919,
ENSCJAG00000017503,MYDGF
ENSCJAG00000005389,KLHDC9
ENSCJAG00000081910,
ENSCJAG00000062014,NFKBIE
ENSCJAG00000075721,
ENSCJAG00000012396,ZNF157
ENSCJAG00000064009,
ENSCJAG00000079857,Y_RNA
ENSCJAG00000073898,U6
ENSCJAG00000015412,CORO1C
ENSCJAG00000080002,Metazoa_SRP
ENSCJAG00000076303,U4
ENSCJAG00000073810,U6
ENSCJAG00000076983,
ENSCJAG00000013047,AMN1
ENSCJAG00000044858,ANKS4B
ENSCJAG00000000347,ZNF329
ENSCJAG00000074572,
ENSCJAG00000005265,RGL1
ENSCJAG00000038524,TMEM213
ENSCJAG00000087011,Y_RNA
ENSCJAG00000013430,ZNF540
ENSCJAG00000077529,Metazoa_SRP
ENSCJAG00000069910,HES1
ENSCJAG00000013400,PPP1R9A
ENSCJAG00000078275,SNORA11C
ENSCJAG00000071015,
ENSCJAG00000009946,GCSAM
ENSCJAG00000004944,ASZ1
ENSCJAG00000082914,
ENSCJAG00000013431,SLC7A3
ENSCJAG00000042222,Metazoa_SRP
ENSCJAG00000005252,GPR25
ENSCJAG00000016090,RINT1
ENSCJAG00000010373,SNAPIN
ENSCJAG00000073720,U6
ENSCJAG00000003950,RAB11FIP5
ENSCJAG00000079827,Metazoa_SRP
ENSCJAG00000079155,Metazoa_SRP
ENSCJAG00000023337,
ENSCJAG00000018422,RTN3
ENSCJAG00000084476,
ENSCJAG00000087177,U6
ENSCJAG00000012307,TMEM151B
ENSCJAG00000005376,PFDN2
ENSCJAG00000016573,BPNT2
ENSCJAG00000076029,ZDHHC19
ENSCJAG00000004405,RILPL2
ENSCJAG00000066586,
ENSCJAG00000044579,Metazoa_SRP
ENSCJAG00000072616,Metazoa_SRP
ENSCJAG00000085128,CRYM
ENSCJAG00000071971,
ENSCJAG00000007115,BNIPL
ENSCJAG00000013524,NDUFB2
ENSCJAG00000079506,
ENSCJAG00000070743,
ENSCJAG00000085458,5S_rRNA
ENSCJAG00000000329,ZNF274
ENSCJAG00000005256,INAVA
ENSCJAG00000038465,PTDSS1
ENSCJAG00000029381,U4
ENSCJAG00000070276,
ENSCJAG00000074286,Metazoa_SRP
ENSCJAG00000070712,
ENSCJAG00000084880,Metazoa_SRP
ENSCJAG00000086295,
ENSCJAG00000073101,
ENSCJAG00000077337,
ENSCJAG00000003126,NETO1
ENSCJAG00000042849,METTL20
ENSCJAG00000081246,
ENSCJAG00000070288,Metazoa_SRP
ENSCJAG00000074557,
ENSCJAG00000007131,SNRNP35
ENSCJAG00000022226,CPN2
ENSCJAG00000074398,
ENSCJAG00000009974,ELMOD1
ENSCJAG00000084001,
ENSCJAG00000012415,ZNF41
ENSCJAG00000024463,U1
ENSCJAG00000072650,
ENSCJAG00000020256,ATP6V1A
ENSCJAG00000043293,Metazoa_SRP
ENSCJAG00000003802,TSKS
ENSCJAG00000073798,
ENSCJAG00000075230,
ENSCJAG00000007420,PLA2G12B
ENSCJAG00000020596,MLH3
ENSCJAG00000075345,Metazoa_SRP
ENSCJAG00000043188,NOTO
ENSCJAG00000002456,SLC25A14
ENSCJAG00000022606,KRTAP11-1
ENSCJAG00000079219,
ENSCJAG00000013364,ZNF571
ENSCJAG00000052291,U7
ENSCJAG00000080227,
ENSCJAG00000012297,TCTE1
ENSCJAG00000075433,
ENSCJAG00000069733,Metazoa_SRP
ENSCJAG00000046555,
ENSCJAG00000075751,Metazoa_SRP
ENSCJAG00000014042,LRRC15
ENSCJAG00000085257,Metazoa_SRP
ENSCJAG00000015306,
ENSCJAG00000033076,ABCG1
ENSCJAG00000025669,Y_RNA
ENSCJAG00000025299,
ENSCJAG00000036774,Metazoa_SRP
ENSCJAG00000007125,C1orf56
ENSCJAG00000081511,Metazoa_SRP
ENSCJAG00000008085,ATF2
ENSCJAG00000068614,Metazoa_SRP
ENSCJAG00000024459,U1
ENSCJAG00000087055,
ENSCJAG00000077232,
ENSCJAG00000042067,
ENSCJAG00000013599,ZNF575
ENSCJAG00000028971,SNORA68B
ENSCJAG00000079529,
ENSCJAG00000018125,RBM34
ENSCJAG00000085892,GP5
ENSCJAG00000012569,RTN2
ENSCJAG00000073141,Metazoa_SRP
ENSCJAG00000047255,ZNF8
ENSCJAG00000041056,CDC42SE1
ENSCJAG00000012974,ATP6V0A4
ENSCJAG00000086293,Metazoa_SRP
ENSCJAG00000075488,
ENSCJAG00000086629,Y_RNA
ENSCJAG00000034648,
ENSCJAG00000009116,
ENSCJAG00000006446,CD1E
ENSCJAG00000081372,Metazoa_SRP
ENSCJAG00000075946,RGS9BP
ENSCJAG00000003966,SMYD5
ENSCJAG00000012431,ARAF
ENSCJAG00000076953,Metazoa_SRP
ENSCJAG00000083997,Metazoa_SRP
ENSCJAG00000007134,RILPL1
ENSCJAG00000085972,Metazoa_SRP
ENSCJAG00000082963,Y_RNA
ENSCJAG00000021229,C2orf29
ENSCJAG00000066975,
ENSCJAG00000058328,ZNF793
ENSCJAG00000043512,ZSCAN22
ENSCJAG00000043847,MLLT11
ENSCJAG00000061054,
ENSCJAG00000079674,Metazoa_SRP
ENSCJAG00000030895,U6
ENSCJAG00000079659,
ENSCJAG00000004312,RBMS3
ENSCJAG00000070042,
ENSCJAG00000007405,OIT3
ENSCJAG00000013509,ADCK2
ENSCJAG00000020043,TFRC
ENSCJAG00000017466,DPP9
ENSCJAG00000074875,
ENSCJAG00000026155,
ENSCJAG00000018441,NUDT19
ENSCJAG00000085638,
ENSCJAG00000030195,Y_RNA
ENSCJAG00000005352,NIT1
ENSCJAG00000074816,
ENSCJAG00000010264,ILF2
ENSCJAG00000029203,SNORD89
ENSCJAG00000073138,U6
ENSCJAG00000047097,U4
ENSCJAG00000007146,GABPB2
ENSCJAG00000053733,
ENSCJAG00000075213,Y_RNA
ENSCJAG00000080071,
ENSCJAG00000015929,MIS18BP1
ENSCJAG00000022249,GPR101
ENSCJAG00000077433,
ENSCJAG00000015311,WSCD2
ENSCJAG00000082413,U6
ENSCJAG00000080329,Y_RNA
ENSCJAG00000004772,MAST1
ENSCJAG00000015460,SSH1
ENSCJAG00000003812,SLC38A8
ENSCJAG00000013471,ZNF570
ENSCJAG00000003970,PRADC1
ENSCJAG00000086986,Metazoa_SRP
ENSCJAG00000047923,TOMM20
ENSCJAG00000083203,
ENSCJAG00000055006,
ENSCJAG00000033430,U6
ENSCJAG00000076472,
ENSCJAG00000048207,AARS2
ENSCJAG00000071043,
ENSCJAG00000012506,SYN1
ENSCJAG00000075256,Metazoa_SRP
ENSCJAG00000021239,RNF149
ENSCJAG00000070176,RPL29
ENSCJAG00000047794,PRPS2
ENSCJAG00000065462,Y_RNA
ENSCJAG00000043482,Metazoa_SRP
ENSCJAG00000029761,Y_RNA
ENSCJAG00000082862,Metazoa_SRP
ENSCJAG00000064573,
ENSCJAG00000068714,
ENSCJAG00000086177,
ENSCJAG00000046205,NAA50
ENSCJAG00000013552,XRCC1
ENSCJAG00000064472,
ENSCJAG00000082820,
ENSCJAG00000072927,Metazoa_SRP
ENSCJAG00000085034,Metazoa_SRP
ENSCJAG00000002436,RBMX2
ENSCJAG00000082808,
ENSCJAG00000004895,CFTR
ENSCJAG00000027140,SNORA14B
ENSCJAG00000007351,MCU
ENSCJAG00000079574,
ENSCJAG00000016319,
ENSCJAG00000074741,Metazoa_SRP
ENSCJAG00000080186,Metazoa_SRP
ENSCJAG00000061330,
ENSCJAG00000073010,
ENSCJAG00000000314,A1BG
ENSCJAG00000007710,TAB3
ENSCJAG00000071532,
ENSCJAG00000008881,TIAM1
ENSCJAG00000086537,
ENSCJAG00000062032,U6
ENSCJAG00000015320,CMKLR1
ENSCJAG00000054063,
ENSCJAG00000084187,
ENSCJAG00000020466,TMED2
ENSCJAG00000016322,GPR22
ENSCJAG00000013792,ZIC3
ENSCJAG00000076408,
ENSCJAG00000047462,
ENSCJAG00000086943,
ENSCJAG00000009114,PDZD9
ENSCJAG00000086319,
ENSCJAG00000074335,
ENSCJAG00000013444,ZNF569
ENSCJAG00000087301,
ENSCJAG00000039077,Y_RNA
ENSCJAG00000023475,Y_RNA
ENSCJAG00000026044,Y_RNA
ENSCJAG00000076841,
ENSCJAG00000071537,
ENSCJAG00000083087,Metazoa_SRP
ENSCJAG00000078936,
ENSCJAG00000036820,Metazoa_SRP
ENSCJAG00000073498,
ENSCJAG00000065818,CREG2
ENSCJAG00000000407,SNX16
ENSCJAG00000005331,COLGALT2
ENSCJAG00000016112,EFCAB10
ENSCJAG00000059466,
ENSCJAG00000071472,Y_RNA
ENSCJAG00000018139,IRF2BP2
ENSCJAG00000086794,
ENSCJAG00000082678,Y_RNA
ENSCJAG00000000359,ENO1
ENSCJAG00000003924,TLR7
ENSCJAG00000070910,
ENSCJAG00000019487,ADAMTS9
ENSCJAG00000003829,MBTPS1
ENSCJAG00000066277,
ENSCJAG00000076025,
ENSCJAG00000007781,VSIG1
ENSCJAG00000016323,DUS4L
ENSCJAG00000003978,CCT7
ENSCJAG00000065850,
ENSCJAG00000076304,
ENSCJAG00000077067,
ENSCJAG00000006305,USP15
ENSCJAG00000000763,TDRD12
ENSCJAG00000083779,
ENSCJAG00000002998,CDV3
ENSCJAG00000045393,
ENSCJAG00000012560,PPM1N
ENSCJAG00000047167,ZFTA
ENSCJAG00000086885,
ENSCJAG00000028279,U8
ENSCJAG00000003566,GALNT15
ENSCJAG00000012555,TIMP1
ENSCJAG00000056688,
ENSCJAG00000074515,
ENSCJAG00000052653,U6
ENSCJAG00000048013,Metazoa_SRP
ENSCJAG00000003929,TLR8
ENSCJAG00000000415,CHMP4C
ENSCJAG00000001212,C11orf80
ENSCJAG00000087296,Metazoa_SRP
ENSCJAG00000079332,
ENSCJAG00000059695,MOSMO
ENSCJAG00000027297,5S_rRNA
ENSCJAG00000056655,
ENSCJAG00000073499,U7
ENSCJAG00000020561,MTERF3
ENSCJAG00000016329,BCAP29
ENSCJAG00000061778,
ENSCJAG00000074111,
ENSCJAG00000008094,DNAJC27
ENSCJAG00000012267,SPATS1
ENSCJAG00000007320,MICU1
ENSCJAG00000078205,Metazoa_SRP
ENSCJAG00000086927,
ENSCJAG00000080639,Y_RNA
ENSCJAG00000075155,
ENSCJAG00000003949,CD99L2
ENSCJAG00000013449,ZNF527
ENSCJAG00000082997,
ENSCJAG00000020471,DDX55
ENSCJAG00000012965,SVOPL
ENSCJAG00000013996,ATP13A3
ENSCJAG00000072007,
ENSCJAG00000087148,TMSB4Y
ENSCJAG00000005907,LDLR
ENSCJAG00000010640,FSHR
ENSCJAG00000071598,
ENSCJAG00000022150,FTHL17
ENSCJAG00000008072,DENND5B
ENSCJAG00000080753,
ENSCJAG00000047368,OVCH1
ENSCJAG00000082387,
ENSCJAG00000013487,DENND2A
ENSCJAG00000018418,C11orf84
ENSCJAG00000018155,TARBP1
ENSCJAG00000076296,U4
ENSCJAG00000077171,Metazoa_SRP
ENSCJAG00000086510,Metazoa_SRP
ENSCJAG00000005311,DEDD
ENSCJAG00000026744,
ENSCJAG00000077837,H3F3A
ENSCJAG00000076011,
ENSCJAG00000072991,
ENSCJAG00000086806,
ENSCJAG00000084635,
ENSCJAG00000082617,
ENSCJAG00000003806,AP2A1
ENSCJAG00000078341,ZNF837
ENSCJAG00000055470,
ENSCJAG00000064928,U6
ENSCJAG00000076913,
ENSCJAG00000072846,U3
ENSCJAG00000074466,U6
ENSCJAG00000082619,
ENSCJAG00000087376,Metazoa_SRP
ENSCJAG00000016611,RRAD
ENSCJAG00000071008,U6
ENSCJAG00000074579,
ENSCJAG00000070518,
ENSCJAG00000079429,
ENSCJAG00000083302,U6
ENSCJAG00000081822,
ENSCJAG00000076528,
ENSCJAG00000003014,BFSP2
ENSCJAG00000010301,FGF13
ENSCJAG00000012536,VASP
ENSCJAG00000000376,CA6
ENSCJAG00000076382,RPL10L
ENSCJAG00000027311,SNORA9B
ENSCJAG00000072992,
ENSCJAG00000009062,VWA3A
ENSCJAG00000065031,
ENSCJAG00000074679,
ENSCJAG00000047854,PSMD10
ENSCJAG00000066942,ZFAND1
ENSCJAG00000038166,SLC35F2
ENSCJAG00000005303,
ENSCJAG00000006183,KCNV1
ENSCJAG00000016595,CIAO2B
ENSCJAG00000077488,
ENSCJAG00000083598,ACYP1
ENSCJAG00000047694,ZNF875
ENSCJAG00000012592,CFP
ENSCJAG00000016357,SLC26A4
ENSCJAG00000014264,NUMB
ENSCJAG00000082994,
ENSCJAG00000078027,USF3
ENSCJAG00000072075,DPH3
ENSCJAG00000072188,
ENSCJAG00000042933,
ENSCJAG00000015484,DAO
ENSCJAG00000003920,HSDL1
ENSCJAG00000069267,U2
ENSCJAG00000086145,
ENSCJAG00000078647,Metazoa_SRP
ENSCJAG00000020560,UQCRB
ENSCJAG00000000792,TMEM106B
ENSCJAG00000031286,U2
ENSCJAG00000077639,Metazoa_SRP
ENSCJAG00000084418,
ENSCJAG00000080889,Metazoa_SRP
ENSCJAG00000014408,ENOX2
ENSCJAG00000012210,CDC5L
ENSCJAG00000040066,U6
ENSCJAG00000058825,
ENSCJAG00000024354,MIR7-3
ENSCJAG00000000304,RPS5
ENSCJAG00000077292,TFF3
ENSCJAG00000020484,EIF2B1
ENSCJAG00000079069,
ENSCJAG00000080932,U6
ENSCJAG00000081762,
ENSCJAG00000038169,CES2
ENSCJAG00000036466,Metazoa_SRP
ENSCJAG00000077441,Metazoa_SRP
ENSCJAG00000082789,
ENSCJAG00000044629,Metazoa_SRP
ENSCJAG00000073153,U6
ENSCJAG00000081696,Metazoa_SRP
ENSCJAG00000074108,
ENSCJAG00000003933,DNAAF1
ENSCJAG00000083809,
ENSCJAG00000013544,PINLYP
ENSCJAG00000003582,OXNAD1
ENSCJAG00000070454,
ENSCJAG00000017463,FEM1A
ENSCJAG00000068656,
ENSCJAG00000076288,
ENSCJAG00000000382,SLC2A7
ENSCJAG00000007364,TFF2
ENSCJAG00000074191,Metazoa_SRP
ENSCJAG00000026813,cja-mir-504
ENSCJAG00000012094,CLASP2
ENSCJAG00000077065,Y_RNA
ENSCJAG00000009659,
ENSCJAG00000069726,
ENSCJAG00000079543,
ENSCJAG00000073578,Metazoa_SRP
ENSCJAG00000069901,Metazoa_SRP
ENSCJAG00000005255,USP21
ENSCJAG00000010733,LHCGR
ENSCJAG00000008027,ADCY3
ENSCJAG00000075285,Metazoa_SRP
ENSCJAG00000062735,
ENSCJAG00000062304,Metazoa_SRP
ENSCJAG00000087130,
ENSCJAG00000074040,Y_RNA
ENSCJAG00000076657,Metazoa_SRP
ENSCJAG00000016564,CES3
ENSCJAG00000046911,ZC2HC1C
ENSCJAG00000038585,ERGIC2
ENSCJAG00000038656,TAFA2
ENSCJAG00000083968,Metazoa_SRP
ENSCJAG00000017442,PLIN3
ENSCJAG00000083594,Metazoa_SRP
ENSCJAG00000045296,U1
ENSCJAG00000003018,TMEM108
ENSCJAG00000016379,CBLL1
ENSCJAG00000045305,OPA3
ENSCJAG00000015499,SVOP
ENSCJAG00000070218,
ENSCJAG00000069784,
ENSCJAG00000083475,
ENSCJAG00000074783,U6
ENSCJAG00000083413,ZNF585B
ENSCJAG00000081483,
ENSCJAG00000086263,
ENSCJAG00000016427,TNK2
ENSCJAG00000010058,RAB39A
ENSCJAG00000058539,U3
ENSCJAG00000073710,U4
ENSCJAG00000004764,DNASE2
ENSCJAG00000013535,IRGQ
ENSCJAG00000081874,
ENSCJAG00000010210,NPR1
ENSCJAG00000043997,U4
ENSCJAG00000084102,
ENSCJAG00000080623,U6
ENSCJAG00000072482,
ENSCJAG00000017353,MDGA2
ENSCJAG00000003672,PCDH11X
ENSCJAG00000023229,RNASE12
ENSCJAG00000026987,U6
ENSCJAG00000072789,Metazoa_SRP
ENSCJAG00000047762,GPR4
ENSCJAG00000079098,
ENSCJAG00000003961,TAF1C
ENSCJAG00000004115,FBXO41
ENSCJAG00000070980,
ENSCJAG00000055775,
ENSCJAG00000013474,MKRN1
ENSCJAG00000079174,U6
ENSCJAG00000031689,U6
ENSCJAG00000084221,
ENSCJAG00000055035,Metazoa_SRP
ENSCJAG00000020493,GTF2H3
ENSCJAG00000082270,Metazoa_SRP
ENSCJAG00000007371,TFF1
ENSCJAG00000063853,
ENSCJAG00000037736,ZNF576
ENSCJAG00000073296,
ENSCJAG00000073557,
ENSCJAG00000003944,EGFL6
ENSCJAG00000008983,SOD1
ENSCJAG00000004762,KLF1
ENSCJAG00000056249,
ENSCJAG00000082842,
ENSCJAG00000017437,ARRDC5
ENSCJAG00000007303,DNAJB12
ENSCJAG00000069689,U3
ENSCJAG00000025317,U6
ENSCJAG00000035237,U6
ENSCJAG00000010157,USP30
ENSCJAG00000077906,
ENSCJAG00000072046,
ENSCJAG00000073760,
ENSCJAG00000005187,HMGB3
ENSCJAG00000085548,
ENSCJAG00000070813,
ENSCJAG00000042587,RIOX1
ENSCJAG00000074664,U6
ENSCJAG00000078451,
ENSCJAG00000082051,Y_RNA
ENSCJAG00000013510,ZNF428
ENSCJAG00000076205,
ENSCJAG00000082826,
ENSCJAG00000078613,
ENSCJAG00000085373,
ENSCJAG00000086705,Metazoa_SRP
ENSCJAG00000084502,
ENSCJAG00000013457,RAB19
ENSCJAG00000010284,F9
ENSCJAG00000041412,GTF2A1L
ENSCJAG00000048630,ZNF585A
ENSCJAG00000009908,
ENSCJAG00000030517,
ENSCJAG00000068903,TSEN15
ENSCJAG00000004741,GCDH
ENSCJAG00000009056,SDR42E2
ENSCJAG00000007372,TMPRSS3
ENSCJAG00000064099,
ENSCJAG00000083329,
ENSCJAG00000013521,SRRM5
ENSCJAG00000072055,
ENSCJAG00000041338,Metazoa_SRP
ENSCJAG00000057844,
ENSCJAG00000072918,
ENSCJAG00000020610,NEK9
ENSCJAG00000046025,FAR2
ENSCJAG00000016400,SLC26A3
ENSCJAG00000077581,
ENSCJAG00000080636,U6
ENSCJAG00000018183,COA6
ENSCJAG00000010151,ALKBH2
ENSCJAG00000074068,
ENSCJAG00000081644,
ENSCJAG00000034978,ELK1
ENSCJAG00000022048,OR10K1
ENSCJAG00000046177,RHOU
ENSCJAG00000072509,U4
ENSCJAG00000005896,SPC24
ENSCJAG00000033086,PEG10
ENSCJAG00000036103,Metazoa_SRP
ENSCJAG00000016544,CES4A
ENSCJAG00000060490,GPR50
ENSCJAG00000084253,
ENSCJAG00000009911,ACOT4
ENSCJAG00000004733,SYCE2
ENSCJAG00000020498,TCTN2
ENSCJAG00000041633,ZNF132
ENSCJAG00000074585,
ENSCJAG00000007676,ATG4A
ENSCJAG00000073278,GDF6
ENSCJAG00000052193,
ENSCJAG00000073619,
ENSCJAG00000040731,OR10R2
ENSCJAG00000085121,GNG2
ENSCJAG00000075677,
ENSCJAG00000062342,SNORA70
ENSCJAG00000000405,SLC2A5
ENSCJAG00000071527,Y_RNA
ENSCJAG00000081955,Metazoa_SRP
ENSCJAG00000069404,
ENSCJAG00000003585,RFTN1
ENSCJAG00000013424,SLC37A3
ENSCJAG00000017420,UHRF1
ENSCJAG00000081520,Metazoa_SRP
ENSCJAG00000086691,
ENSCJAG00000075377,5S_rRNA
ENSCJAG00000072843,
ENSCJAG00000008902,CDR2
ENSCJAG00000071884,
ENSCJAG00000052100,EGR4
ENSCJAG00000082612,
ENSCJAG00000013492,CADM4
ENSCJAG00000037095,
ENSCJAG00000072549,
ENSCJAG00000012885,TRIM24
ENSCJAG00000069796,
ENSCJAG00000003969,TCEANC
ENSCJAG00000022045,OR6Y1
ENSCJAG00000005201,PPOX
ENSCJAG00000081429,
ENSCJAG00000010134,UNG
ENSCJAG00000075411,5S_rRNA
ENSCJAG00000045336,ANG
ENSCJAG00000080480,
ENSCJAG00000003981,ADAD2
ENSCJAG00000020266,SIDT1
ENSCJAG00000075671,
ENSCJAG00000005881,KANK2
ENSCJAG00000075565,
ENSCJAG00000000755,SLC7A9
ENSCJAG00000060557,U6
ENSCJAG00000057118,TMED10
ENSCJAG00000069599,DDIT4
ENSCJAG00000046586,METTL9
ENSCJAG00000012469,EML2
ENSCJAG00000072476,5S_rRNA
ENSCJAG00000077251,
ENSCJAG00000004686,FARSA
ENSCJAG00000074132,
ENSCJAG00000080586,Metazoa_SRP
ENSCJAG00000081416,
ENSCJAG00000022043,OR10Z1
ENSCJAG00000075392,
ENSCJAG00000010678,STON1
ENSCJAG00000018207,SLC35F3
ENSCJAG00000073375,5S_rRNA
ENSCJAG00000082892,
ENSCJAG00000007159,SEMA6C
ENSCJAG00000073245,
ENSCJAG00000012182,SUPT3H
ENSCJAG00000072684,
ENSCJAG00000013933,NPHP3
ENSCJAG00000084422,U4
ENSCJAG00000084822,
ENSCJAG00000008815,
ENSCJAG00000002771,CCDC22
ENSCJAG00000082634,5S_rRNA
ENSCJAG00000003994,
ENSCJAG00000075357,Metazoa_SRP
ENSCJAG00000072862,
ENSCJAG00000081369,U6
ENSCJAG00000015636,UXT
ENSCJAG00000077308,Metazoa_SRP
ENSCJAG00000080362,Metazoa_SRP
ENSCJAG00000003973,RAB9A
ENSCJAG00000084305,
ENSCJAG00000080107,
ENSCJAG00000083732,Metazoa_SRP
ENSCJAG00000077211,Metazoa_SRP
ENSCJAG00000083447,
ENSCJAG00000020568,IGSF6
ENSCJAG00000080762,
ENSCJAG00000013480,WDR87
ENSCJAG00000054882,
ENSCJAG00000073821,5S_rRNA
ENSCJAG00000079243,
ENSCJAG00000008993,SCAF4
ENSCJAG00000086144,U6
ENSCJAG00000009922,DNAL1
ENSCJAG00000023172,RNF225
ENSCJAG00000013707,WFDC1
ENSCJAG00000004144,ALMS1
ENSCJAG00000072074,5S_rRNA
ENSCJAG00000084587,Y_RNA
ENSCJAG00000039280,TRAPPC2
ENSCJAG00000085839,U6
ENSCJAG00000051936,
ENSCJAG00000004363,TGFBR2
ENSCJAG00000003151,FBXO15
ENSCJAG00000065050,U3
ENSCJAG00000082728,Metazoa_SRP
ENSCJAG00000069974,5S_rRNA
ENSCJAG00000075307,U6
ENSCJAG00000071725,
ENSCJAG00000083790,U6
ENSCJAG00000007403,UBASH3A
ENSCJAG00000071421,
ENSCJAG00000062265,
ENSCJAG00000004650,CALR
ENSCJAG00000085287,U6
ENSCJAG00000006926,RTRAF
ENSCJAG00000074887,Metazoa_SRP
ENSCJAG00000013472,PLAUR
ENSCJAG00000010059,CUL5
ENSCJAG00000030401,
ENSCJAG00000056903,
ENSCJAG00000071425,
ENSCJAG00000000774,THSD7A
ENSCJAG00000047965,CFAP418
ENSCJAG00000007273,ASCC1
ENSCJAG00000020633,FOS
ENSCJAG00000040247,CCDC91
ENSCJAG00000074251,
ENSCJAG00000006354,SPTA1
ENSCJAG00000057504,
ENSCJAG00000067483,Metazoa_SRP
ENSCJAG00000085568,5S_rRNA
ENSCJAG00000022558,
ENSCJAG00000072661,NAP1L3
ENSCJAG00000005146,B4GALT3
ENSCJAG00000015620,ZNF81
ENSCJAG00000005270,KIF21B
ENSCJAG00000082899,
ENSCJAG00000074928,
ENSCJAG00000038706,CCDC92
ENSCJAG00000074958,5S_rRNA
ENSCJAG00000010155,INTS3
ENSCJAG00000071618,VMA21
ENSCJAG00000083015,
ENSCJAG00000043210,TIMM21
ENSCJAG00000082736,Metazoa_SRP
ENSCJAG00000000028,ZNF584
ENSCJAG00000039950,Metazoa_SRP
ENSCJAG00000073765,Y_RNA
ENSCJAG00000016418,DLD
ENSCJAG00000073020,5S_rRNA
ENSCJAG00000086856,
ENSCJAG00000037345,Metazoa_SRP
ENSCJAG00000009640,RNASE1
ENSCJAG00000064859,U2
ENSCJAG00000079281,
ENSCJAG00000078416,
ENSCJAG00000055120,Metazoa_SRP
ENSCJAG00000085886,5S_rRNA
ENSCJAG00000037808,SIPA1L3
ENSCJAG00000074232,GPR157
ENSCJAG00000085793,
ENSCJAG00000071521,
ENSCJAG00000046351,Metazoa_SRP
ENSCJAG00000000731,CEP89
ENSCJAG00000077784,U6
ENSCJAG00000072557,
ENSCJAG00000033358,U6
ENSCJAG00000046152,CBFB
ENSCJAG00000084785,5S_rRNA
ENSCJAG00000070521,Metazoa_SRP
ENSCJAG00000005115,ADAMTS4
ENSCJAG00000029974,cja-mir-34a
ENSCJAG00000004494,RAD23A
ENSCJAG00000082924,
ENSCJAG00000048633,ZNF182
ENSCJAG00000048323,KCNK1
ENSCJAG00000042056,PNMA1
ENSCJAG00000043277,
ENSCJAG00000009638,RNASE3
ENSCJAG00000073301,Metazoa_SRP
ENSCJAG00000073702,
ENSCJAG00000008424,MAP4K4
ENSCJAG00000070488,5S_rRNA
ENSCJAG00000084740,
ENSCJAG00000055028,U2
ENSCJAG00000052406,
ENSCJAG00000085859,
ENSCJAG00000075531,
ENSCJAG00000039120,DAZL
ENSCJAG00000060544,
ENSCJAG00000071175,5S_rRNA
ENSCJAG00000087039,
ENSCJAG00000010751,PPP1R21
ENSCJAG00000086671,ANAPC16
ENSCJAG00000072474,TPRKB
ENSCJAG00000042326,H6PD
ENSCJAG00000075703,
ENSCJAG00000038572,ZNF664
ENSCJAG00000042263,C18H1orf21
ENSCJAG00000020552,
ENSCJAG00000069555,Metazoa_SRP
ENSCJAG00000037784,Metazoa_SRP
ENSCJAG00000047615,Metazoa_SRP
ENSCJAG00000070739,
ENSCJAG00000069858,5S_rRNA
ENSCJAG00000008019,CENPO
ENSCJAG00000014009,UBA5
ENSCJAG00000081362,Metazoa_SRP
ENSCJAG00000076565,IFGGE
ENSCJAG00000009935,MIDEAS
ENSCJAG00000014442,ARHGAP36
ENSCJAG00000024904,Y_RNA
ENSCJAG00000073827,
ENSCJAG00000017363,KDM4B
ENSCJAG00000054868,
ENSCJAG00000078486,5S_rRNA
ENSCJAG00000013426,SGCE
ENSCJAG00000083503,
ENSCJAG00000004645,GADD45GIP1
ENSCJAG00000084383,
ENSCJAG00000047758,PLEKHF2
ENSCJAG00000012305,RFLNA
ENSCJAG00000004162,
ENSCJAG00000065780,
ENSCJAG00000056279,Metazoa_SRP
ENSCJAG00000074018,
ENSCJAG00000086080,U6
ENSCJAG00000082496,Metazoa_SRP
ENSCJAG00000082113,Metazoa_SRP
ENSCJAG00000078521,
ENSCJAG00000004816,CTTNBP2
ENSCJAG00000071471,5S_rRNA
ENSCJAG00000028081,
ENSCJAG00000080069,
ENSCJAG00000042402,
ENSCJAG00000015593,SPACA5
ENSCJAG00000029126,U4
ENSCJAG00000004001,ATP2C2
ENSCJAG00000004639,DAND5
ENSCJAG00000020645,JDP2
ENSCJAG00000022603,
ENSCJAG00000060545,cja-mir-586
ENSCJAG00000004966,NDUFS2
ENSCJAG00000000422,SPSB1
ENSCJAG00000002813,FOXP3
ENSCJAG00000075810,
ENSCJAG00000083003,
ENSCJAG00000077585,
ENSCJAG00000010041,ACACB
ENSCJAG00000005958,NDUFAF6
ENSCJAG00000079493,Metazoa_SRP
ENSCJAG00000003979,OFD1
ENSCJAG00000038705,DUSP11
ENSCJAG00000016510,PHAF1
ENSCJAG00000018228,MAP3K21
ENSCJAG00000069593,
ENSCJAG00000017046,NFASC
ENSCJAG00000064172,
ENSCJAG00000075974,Metazoa_SRP
ENSCJAG00000082046,Metazoa_SRP
ENSCJAG00000085587,
ENSCJAG00000075206,
ENSCJAG00000013416,SMG9
ENSCJAG00000008012,PTRHD1
ENSCJAG00000012872,AKR1D1
ENSCJAG00000048468,C19orf40
ENSCJAG00000023545,U4
ENSCJAG00000009609,METTL17
ENSCJAG00000069806,Y_RNA
ENSCJAG00000082448,Metazoa_SRP
ENSCJAG00000017394,LRR1
ENSCJAG00000046186,TINCR
ENSCJAG00000010147,SLC27A3
ENSCJAG00000083144,
ENSCJAG00000044021,U7
ENSCJAG00000078964,Y_RNA
ENSCJAG00000081387,
ENSCJAG00000087143,
ENSCJAG00000078813,
ENSCJAG00000005333,RSPH1
ENSCJAG00000003903,
ENSCJAG00000077733,Metazoa_SRP
ENSCJAG00000069595,Metazoa_SRP
ENSCJAG00000076682,U6
ENSCJAG00000003163,CYB5A
ENSCJAG00000069701,
ENSCJAG00000075447,
ENSCJAG00000079300,
ENSCJAG00000008041,CHN1
ENSCJAG00000080909,
ENSCJAG00000075950,Metazoa_SRP
ENSCJAG00000054292,
ENSCJAG00000007252,SPOCK2
ENSCJAG00000036072,Metazoa_SRP
ENSCJAG00000079121,RPL36AL
ENSCJAG00000074160,
ENSCJAG00000035262,U6
ENSCJAG00000022740,
ENSCJAG00000041278,B3GNT9
ENSCJAG00000078375,Metazoa_SRP
ENSCJAG00000076807,
ENSCJAG00000080807,ZNF324
ENSCJAG00000082212,Y_RNA
ENSCJAG00000063388,Metazoa_SRP
ENSCJAG00000001196,RCE1
ENSCJAG00000073376,
ENSCJAG00000023964,U6
ENSCJAG00000018341,MARK2
ENSCJAG00000074591,U6
ENSCJAG00000014776,SSX4B
ENSCJAG00000000708,RHPN2
ENSCJAG00000074133,Metazoa_SRP
ENSCJAG00000017412,MGAT2
ENSCJAG00000045743,HUNK
ENSCJAG00000004395,GADL1
ENSCJAG00000086757,Metazoa_SRP
ENSCJAG00000084273,
ENSCJAG00000080679,Y_RNA
ENSCJAG00000071339,
ENSCJAG00000076644,
ENSCJAG00000003027,ACAD11
ENSCJAG00000079860,
ENSCJAG00000004419,GBX2
ENSCJAG00000070964,PRRG3
ENSCJAG00000016502,TRADD
ENSCJAG00000013572,PRKDC
ENSCJAG00000083891,
ENSCJAG00000047844,DNAAF2
ENSCJAG00000009600,SLC39A2
ENSCJAG00000054247,
ENSCJAG00000083440,5S_rRNA
ENSCJAG00000081507,BATF
ENSCJAG00000078538,Metazoa_SRP
ENSCJAG00000011676,NCOR2
ENSCJAG00000070689,
ENSCJAG00000084972,
ENSCJAG00000079221,
ENSCJAG00000041996,SAFB2
ENSCJAG00000042074,TP53INP1
ENSCJAG00000085983,5S_rRNA
ENSCJAG00000074813,U6
ENSCJAG00000006959,NID2
ENSCJAG00000025015,cja-mir-330
ENSCJAG00000004958,FCER1G
ENSCJAG00000010131,GATAD2B
ENSCJAG00000001215,SINHCAF
ENSCJAG00000076534,5S_rRNA
ENSCJAG00000081221,U6
ENSCJAG00000076892,
ENSCJAG00000016495,FBXL8
ENSCJAG00000012153,RUNX2
ENSCJAG00000020569,OTOA
ENSCJAG00000078195,
ENSCJAG00000006349,OR6K2
ENSCJAG00000000424,SLC25A33
ENSCJAG00000070534,
ENSCJAG00000074848,
ENSCJAG00000013407,KCNN4
ENSCJAG00000077798,5S_rRNA
ENSCJAG00000074149,U6
ENSCJAG00000007564,COL4A6
ENSCJAG00000037361,Metazoa_SRP
ENSCJAG00000014797,SLC38A5
ENSCJAG00000007912,NCOA1
ENSCJAG00000073823,Metazoa_SRP
ENSCJAG00000074456,Metazoa_SRP
ENSCJAG00000007248,CHST3
ENSCJAG00000009090,MIS18A
ENSCJAG00000077560,Metazoa_SRP
ENSCJAG00000042642,OR6K3
ENSCJAG00000077959,U6
ENSCJAG00000059284,
ENSCJAG00000016477,LAMB1
ENSCJAG00000075875,
ENSCJAG00000003599,PLCL2
ENSCJAG00000073199,
ENSCJAG00000040512,U6
ENSCJAG00000084289,
ENSCJAG00000081419,
ENSCJAG00000003890,FATE1
ENSCJAG00000004432,ASB18
ENSCJAG00000003172,C18orf63
ENSCJAG00000016442,
ENSCJAG00000083100,U1
ENSCJAG00000086941,5S_rRNA
ENSCJAG00000081055,Metazoa_SRP
ENSCJAG00000016481,HSF4
ENSCJAG00000022042,OR6K6
ENSCJAG00000072653,U6
ENSCJAG00000075541,
ENSCJAG00000012422,GIPR
ENSCJAG00000084877,APOA2
ENSCJAG00000071668,U6
ENSCJAG00000043999,PTHLH
ENSCJAG00000081135,RPS27
ENSCJAG00000087115,U7
ENSCJAG00000017431,POLE2
ENSCJAG00000076466,
ENSCJAG00000005374,EDEM3
ENSCJAG00000076227,
ENSCJAG00000003872,CNGA2
ENSCJAG00000013397,LYPD5
ENSCJAG00000070391,
ENSCJAG00000072617,
ENSCJAG00000013515,DPF1
ENSCJAG00000024848,5_8S_rRNA
ENSCJAG00000004603,NFIX
ENSCJAG00000022041,OR6N1
ENSCJAG00000000432,TMEM201
ENSCJAG00000013987,TMEM44
ENSCJAG00000016465,NOL3
ENSCJAG00000009105,MRAP
ENSCJAG00000003862,MAGEA4
ENSCJAG00000079555,
ENSCJAG00000077150,H3F3A
ENSCJAG00000072913,U6
ENSCJAG00000085550,
ENSCJAG00000001143,PC
ENSCJAG00000065510,
ENSCJAG00000022040,OR6N2
ENSCJAG00000078084,U6
ENSCJAG00000000684,GPATCH1
ENSCJAG00000085191,
ENSCJAG00000087107,
ENSCJAG00000001200,TSPAN11
ENSCJAG00000085607,
ENSCJAG00000025885,U4
ENSCJAG00000006339,
ENSCJAG00000086050,
ENSCJAG00000080257,
ENSCJAG00000077066,Metazoa_SRP
ENSCJAG00000032985,U1
ENSCJAG00000083174,
ENSCJAG00000086155,
ENSCJAG00000076924,
ENSCJAG00000012992,
ENSCJAG00000039578,KIAA0895L
ENSCJAG00000084942,
ENSCJAG00000066144,
ENSCJAG00000082573,
ENSCJAG00000002256,FTSJ1
ENSCJAG00000002866,PPP1R3F
ENSCJAG00000080712,Metazoa_SRP
ENSCJAG00000080798,
ENSCJAG00000003617,TBC1D5
ENSCJAG00000003848,GABRE
ENSCJAG00000064679,
ENSCJAG00000086008,
ENSCJAG00000047536,KLHDC5
ENSCJAG00000078615,
ENSCJAG00000012834,CREB3L2
ENSCJAG00000070138,Metazoa_SRP
ENSCJAG00000080747,
ENSCJAG00000018523,TMEM260
ENSCJAG00000004919,TOMM40L
ENSCJAG00000010894,FOXN2
ENSCJAG00000068562,
ENSCJAG00000000273,ZNF446
ENSCJAG00000032912,ZNF283
ENSCJAG00000000015,INTS8
ENSCJAG00000032906,
ENSCJAG00000041111,
ENSCJAG00000003178,DIPK1C
ENSCJAG00000083609,
ENSCJAG00000075509,
ENSCJAG00000000442,PIK3CD
ENSCJAG00000087112,Y_RNA
ENSCJAG00000011642,SCARB1
ENSCJAG00000073775,
ENSCJAG00000074511,
ENSCJAG00000042221,MANSC4
ENSCJAG00000077893,
ENSCJAG00000080880,
ENSCJAG00000066923,
ENSCJAG00000074566,
ENSCJAG00000072114,
ENSCJAG00000084596,ZNF638
ENSCJAG00000000753,PHF14
ENSCJAG00000016422,EXOC3L1
ENSCJAG00000013962,LSG1
ENSCJAG00000079717,
ENSCJAG00000004016,GPM6B
ENSCJAG00000014463,IGSF1
ENSCJAG00000010156,MCF2
ENSCJAG00000009450,NDRG2
ENSCJAG00000037752,U4
ENSCJAG00000025907,cja-mir-224
ENSCJAG00000043200,MRPS35
ENSCJAG00000005291,SLC37A1
ENSCJAG00000006013,KLHDC1
ENSCJAG00000072866,Metazoa_SRP
ENSCJAG00000013479,DIAPH2
ENSCJAG00000029249,cja-mir-452
ENSCJAG00000007775,DMD
ENSCJAG00000010062,DENND4B
ENSCJAG00000085256,
ENSCJAG00000081919,
ENSCJAG00000013375,ZNF45
ENSCJAG00000065452,
ENSCJAG00000082823,
ENSCJAG00000073755,
ENSCJAG00000019291,SNRPD2
ENSCJAG00000033800,FAM43A
ENSCJAG00000056721,cja-mir-9960
ENSCJAG00000010132,NPAT
ENSCJAG00000047539,PYHIN1
ENSCJAG00000020653,FLVCR2
ENSCJAG00000085609,
ENSCJAG00000020284,CFAP44
ENSCJAG00000000268,SLC27A5
ENSCJAG00000054786,REP15
ENSCJAG00000068888,
ENSCJAG00000028122,
ENSCJAG00000016403,E2F4
ENSCJAG00000083047,Metazoa_SRP
ENSCJAG00000074864,
ENSCJAG00000004446,IQCA1
ENSCJAG00000085847,U6
ENSCJAG00000018267,PCNX2
ENSCJAG00000072950,Metazoa_SRP
ENSCJAG00000003841,MAGEA10
ENSCJAG00000081594,
ENSCJAG00000082996,U6
ENSCJAG00000052877,
ENSCJAG00000069869,U6
ENSCJAG00000041769,
ENSCJAG00000002259,PORCN
ENSCJAG00000087086,
ENSCJAG00000047241,U7
ENSCJAG00000004428,STT3B
ENSCJAG00000085046,Metazoa_SRP
ENSCJAG00000087098,Metazoa_SRP
ENSCJAG00000006021,KLHDC2
ENSCJAG00000002889,
ENSCJAG00000009118,URB1
ENSCJAG00000045153,ZNF221
ENSCJAG00000078783,Metazoa_SRP
ENSCJAG00000081843,
ENSCJAG00000019433,PAIP2B
ENSCJAG00000007025,PTGDR
ENSCJAG00000078397,
ENSCJAG00000070255,Metazoa_SRP
ENSCJAG00000003815,GABRA3
ENSCJAG00000083898,FOXN3
ENSCJAG00000021400,DHX37
ENSCJAG00000061076,
ENSCJAG00000087105,
ENSCJAG00000052183,SNURF
ENSCJAG00000075309,
ENSCJAG00000004054,GEMIN8
ENSCJAG00000025644,U6
ENSCJAG00000073011,
ENSCJAG00000078914,
ENSCJAG00000082509,QPCTL
ENSCJAG00000001080,CAPRIN2
ENSCJAG00000047088,U7
ENSCJAG00000082506,
ENSCJAG00000046317,ZNF155
ENSCJAG00000072805,U6
ENSCJAG00000017081,SAFB
ENSCJAG00000082816,U4
ENSCJAG00000044752,Metazoa_SRP
ENSCJAG00000069931,
ENSCJAG00000078805,
ENSCJAG00000075000,U6
ENSCJAG00000003892,FUZ
ENSCJAG00000071767,
ENSCJAG00000083867,Metazoa_SRP
ENSCJAG00000033085,U6
ENSCJAG00000073291,
ENSCJAG00000070830,
ENSCJAG00000084603,U4
ENSCJAG00000071445,
ENSCJAG00000077327,
ENSCJAG00000080810,U6
ENSCJAG00000013530,SPINT2
ENSCJAG00000000470,CLSTN1
ENSCJAG00000069346,cja-mir-105
ENSCJAG00000010907,FBXO11
ENSCJAG00000076323,U6
ENSCJAG00000077871,U4
ENSCJAG00000084887,Metazoa_SRP
ENSCJAG00000079661,
ENSCJAG00000018583,OTX2
ENSCJAG00000028396,cja-mir-767
ENSCJAG00000072744,
ENSCJAG00000029020,U4
ENSCJAG00000007034,PTGER2
ENSCJAG00000040390,
ENSCJAG00000082983,
ENSCJAG00000070362,Metazoa_SRP
ENSCJAG00000070837,Metazoa_SRP
ENSCJAG00000021398,BRI3BP
ENSCJAG00000000669,WDR88
ENSCJAG00000016361,ELMO3
ENSCJAG00000034339,CDH23
ENSCJAG00000006093,NEMF
ENSCJAG00000073096,U6
ENSCJAG00000004783,NR1I3
ENSCJAG00000046340,ZBTB45
ENSCJAG00000003787,GABRQ
ENSCJAG00000001191,LRFN4
ENSCJAG00000042581,IFI16
ENSCJAG00000061185,Y_RNA
ENSCJAG00000013493,CASD1
ENSCJAG00000039306,
ENSCJAG00000038353,PPFIBP1
ENSCJAG00000013549,C19orf33
ENSCJAG00000058826,U4
ENSCJAG00000004046,KIAA1609
ENSCJAG00000004058,GLRA2
ENSCJAG00000037230,Metazoa_SRP
ENSCJAG00000051924,U7
ENSCJAG00000085950,Metazoa_SRP
ENSCJAG00000003645,SATB1
ENSCJAG00000046906,Metazoa_SRP
ENSCJAG00000071901,
ENSCJAG00000007050,TXNDC16
ENSCJAG00000070157,Metazoa_SRP
ENSCJAG00000070075,U6
ENSCJAG00000037387,Metazoa_SRP
ENSCJAG00000001141,C11orf86
ENSCJAG00000072964,Metazoa_SRP
ENSCJAG00000044809,XXYLT1
ENSCJAG00000081471,
ENSCJAG00000085129,
ENSCJAG00000013331,ZNF284
ENSCJAG00000016338,
ENSCJAG00000012379,FBXO46
ENSCJAG00000052375,
ENSCJAG00000084658,
ENSCJAG00000061904,Y_RNA
ENSCJAG00000021394,AACS
ENSCJAG00000066710,U3
ENSCJAG00000078347,
ENSCJAG00000039777,CLIC5
ENSCJAG00000055168,U3
ENSCJAG00000070887,U4
ENSCJAG00000043519,
ENSCJAG00000069878,
ENSCJAG00000034519,
ENSCJAG00000074310,
ENSCJAG00000069679,
ENSCJAG00000041716,GSC
ENSCJAG00000059104,
ENSCJAG00000025243,
ENSCJAG00000000240,TRIM28
ENSCJAG00000071030,
ENSCJAG00000085296,Metazoa_SRP
ENSCJAG00000001134,SYT12
ENSCJAG00000017261,PTPRS
ENSCJAG00000047974,COTL1
ENSCJAG00000016347,NSDHL
ENSCJAG00000044748,
ENSCJAG00000055353,Y_RNA
ENSCJAG00000084400,
ENSCJAG00000019423,MPHOSPH10
ENSCJAG00000074359,5S_rRNA
ENSCJAG00000080809,Metazoa_SRP
ENSCJAG00000074186,Metazoa_SRP
ENSCJAG00000041265,U6
ENSCJAG00000080987,
ENSCJAG00000086815,Metazoa_SRP
ENSCJAG00000079296,
ENSCJAG00000084006,
ENSCJAG00000012805,DGKI
ENSCJAG00000077842,
ENSCJAG00000013978,CALR3
ENSCJAG00000071573,Metazoa_SRP
ENSCJAG00000006225,DICER1
ENSCJAG00000036712,Metazoa_SRP
ENSCJAG00000044201,Metazoa_SRP
ENSCJAG00000000662,LRP3
ENSCJAG00000084711,
ENSCJAG00000013557,YIF1B
ENSCJAG00000002295,EBP
ENSCJAG00000075438,Metazoa_SRP
ENSCJAG00000010010,FOXN4
ENSCJAG00000047452,
ENSCJAG00000073033,ZNF224
ENSCJAG00000002926,PAGE1
ENSCJAG00000070413,
ENSCJAG00000084631,U6
ENSCJAG00000011019,MSH6
ENSCJAG00000053304,
ENSCJAG00000072192,
ENSCJAG00000075201,Metazoa_SRP
ENSCJAG00000085093,
ENSCJAG00000048658,ZNF225
ENSCJAG00000085752,U6
ENSCJAG00000013894,ACAP2
ENSCJAG00000079204,
ENSCJAG00000080605,Metazoa_SRP
ENSCJAG00000022033,ACKR3
ENSCJAG00000004060,KLHL36
ENSCJAG00000071458,
ENSCJAG00000086277,Metazoa_SRP
ENSCJAG00000044416,EFCAB11
ENSCJAG00000002300,TBC1D25
ENSCJAG00000078719,
ENSCJAG00000004381,TMEM132B
ENSCJAG00000076532,Metazoa_SRP
ENSCJAG00000074997,
ENSCJAG00000087009,
ENSCJAG00000004079,FANCB
ENSCJAG00000079821,U7
ENSCJAG00000060924,MCEE
ENSCJAG00000001057,IPO8
ENSCJAG00000038929,ZNF234
ENSCJAG00000070054,
ENSCJAG00000061397,Metazoa_SRP
ENSCJAG00000001124,RHOD
ENSCJAG00000054463,
ENSCJAG00000085834,PDE9A
ENSCJAG00000032288,U6
ENSCJAG00000075273,U6
ENSCJAG00000007087,GPR137C
ENSCJAG00000000011,CCNE2
ENSCJAG00000080271,
ENSCJAG00000027889,
ENSCJAG00000012372,SIX5
ENSCJAG00000070802,U6
ENSCJAG00000018592,EXOC5
ENSCJAG00000004447,OSBPL10
ENSCJAG00000007203,VSIR
ENSCJAG00000081861,
ENSCJAG00000000642,SLC7A10
ENSCJAG00000013547,COL1A2
ENSCJAG00000070584,
ENSCJAG00000047341,RBM3
ENSCJAG00000070150,
ENSCJAG00000039337,ARF6
ENSCJAG00000013966,C19orf44
ENSCJAG00000009995,MYO1H
ENSCJAG00000063868,U6
ENSCJAG00000003681,KCNH8
ENSCJAG00000045000,Metazoa_SRP
ENSCJAG00000019439,MAGI1
ENSCJAG00000031940,U6
ENSCJAG00000077574,LSM8
ENSCJAG00000086474,
ENSCJAG00000012114,ENPP4
ENSCJAG00000080076,Y_RNA
ENSCJAG00000072967,Metazoa_SRP
ENSCJAG00000077143,
ENSCJAG00000081596,
ENSCJAG00000070062,
ENSCJAG00000019403,NAGK
ENSCJAG00000081827,Y_RNA
ENSCJAG00000013321,ZNF226
ENSCJAG00000003943,MED25
ENSCJAG00000007434,COL4A5
ENSCJAG00000087069,Metazoa_SRP
ENSCJAG00000072347,Metazoa_SRP
ENSCJAG00000057054,C10orf105
ENSCJAG00000002328,WDR13
ENSCJAG00000081399,
ENSCJAG00000065782,U3
ENSCJAG00000057893,VCPKMT
ENSCJAG00000046203,TNFAIP8L2
ENSCJAG00000076065,
ENSCJAG00000012097,ENPP5
ENSCJAG00000002935,PAGE4
ENSCJAG00000083531,Metazoa_SRP
ENSCJAG00000081895,Metazoa_SRP
ENSCJAG00000085418,U6
ENSCJAG00000007772,ITSN2
ENSCJAG00000064536,
ENSCJAG00000004067,USP10
ENSCJAG00000045950,NDUFA4
ENSCJAG00000074400,
ENSCJAG00000069645,Metazoa_SRP
ENSCJAG00000027667,cja-mir-328
ENSCJAG00000016363,ZNF185
ENSCJAG00000000234,CHMP2A
ENSCJAG00000062617,CEBPA
ENSCJAG00000074641,5S_rRNA
ENSCJAG00000045898,LYSMD1
ENSCJAG00000077474,Metazoa_SRP
ENSCJAG00000071633,U6
ENSCJAG00000044812,SLC29A3
ENSCJAG00000013876,PPP1R2
ENSCJAG00000010159,ATM
ENSCJAG00000082651,Metazoa_SRP
ENSCJAG00000084156,
ENSCJAG00000006324,CLMN
ENSCJAG00000016563,LAMB4
ENSCJAG00000075476,U6
ENSCJAG00000045796,CEBPG
ENSCJAG00000080545,
ENSCJAG00000004788,ANKRD7
ENSCJAG00000007097,ERO1A
ENSCJAG00000016352,
ENSCJAG00000076089,
ENSCJAG00000073077,
ENSCJAG00000085691,
ENSCJAG00000084879,
ENSCJAG00000005422,NIBAN1
ENSCJAG00000040503,COPS8
ENSCJAG00000056343,
ENSCJAG00000012084,RCAN2
ENSCJAG00000069755,
ENSCJAG00000082949,
ENSCJAG00000074791,Y_RNA
ENSCJAG00000000223,UBE2M
ENSCJAG00000079753,
ENSCJAG00000009590,TPPP2
ENSCJAG00000040462,CHERP
ENSCJAG00000076567,
ENSCJAG00000040112,Metazoa_SRP
ENSCJAG00000027686,
ENSCJAG00000076720,
ENSCJAG00000071903,
ENSCJAG00000010045,CRTC2
ENSCJAG00000077033,Y_RNA
ENSCJAG00000065870,U6
ENSCJAG00000086538,
ENSCJAG00000074042,
ENSCJAG00000030480,SNORA80A
ENSCJAG00000001071,KDM2A
ENSCJAG00000040577,TEX261
ENSCJAG00000008399,IL1R2
ENSCJAG00000084963,Y_RNA
ENSCJAG00000003700,EFHB
ENSCJAG00000085565,
ENSCJAG00000016332,TMEM208
ENSCJAG00000080415,
ENSCJAG00000007277,SCNM1
ENSCJAG00000077655,
ENSCJAG00000007950,SIAE
ENSCJAG00000012303,DMPK
ENSCJAG00000084044,
ENSCJAG00000067501,
ENSCJAG00000033923,
ENSCJAG00000066175,MZF1
ENSCJAG00000004091,MOSPD2
ENSCJAG00000041962,Metazoa_SRP
ENSCJAG00000082053,U6
ENSCJAG00000075100,
ENSCJAG00000013461,PCDH19
ENSCJAG00000055860,APOD
ENSCJAG00000013299,ZNF227
ENSCJAG00000054677,HS3ST2
ENSCJAG00000071949,
ENSCJAG00000009130,EVA1C
ENSCJAG00000040167,Metazoa_SRP
ENSCJAG00000083046,
ENSCJAG00000073247,
ENSCJAG00000079346,U7
ENSCJAG00000080734,5S_rRNA
ENSCJAG00000069668,U7
ENSCJAG00000079549,
ENSCJAG00000020659,C14orf1
ENSCJAG00000086604,U6
ENSCJAG00000017649,TDP1
ENSCJAG00000006256,SOS2
ENSCJAG00000017286,CARHSP1
ENSCJAG00000014084,VIPR2
ENSCJAG00000029843,5S_rRNA
ENSCJAG00000019374,ANKRD53
ENSCJAG00000018620,AP5M1
ENSCJAG00000080169,
ENSCJAG00000039489,GPD1L
ENSCJAG00000013952,SLC35E1
ENSCJAG00000071258,PLCXD1
ENSCJAG00000012072,CYP39A1
ENSCJAG00000079791,Metazoa_SRP
ENSCJAG00000002942,USP27X
ENSCJAG00000014527,STK26
ENSCJAG00000016281,
ENSCJAG00000072011,
ENSCJAG00000006351,SYNE3
ENSCJAG00000078312,
ENSCJAG00000072382,Y_RNA
ENSCJAG00000012980,CDC42BPA
ENSCJAG00000052306,
ENSCJAG00000004598,LYL1
ENSCJAG00000075795,
ENSCJAG00000013869,
ENSCJAG00000038847,Metazoa_SRP
ENSCJAG00000008354,IL1R1
ENSCJAG00000082766,Metazoa_SRP
ENSCJAG00000040807,SPA17
ENSCJAG00000054106,
ENSCJAG00000029341,U3
ENSCJAG00000005442,RNF2
ENSCJAG00000039837,ZNF235
ENSCJAG00000007027,UNC5B
ENSCJAG00000013939,MED26
ENSCJAG00000007296,TMOD4
ENSCJAG00000048388,
ENSCJAG00000000637,PEPD
ENSCJAG00000083846,
ENSCJAG00000004270,TNMD
ENSCJAG00000009398,ARHGEF40
ENSCJAG00000040635,LITAFD
ENSCJAG00000020583,USP31
ENSCJAG00000002945,CLCN5
ENSCJAG00000084135,GTPBP6
ENSCJAG00000003634,TMEM132C
ENSCJAG00000007424,IRS4
ENSCJAG00000048394,RAB5A
ENSCJAG00000086261,
ENSCJAG00000080454,
ENSCJAG00000084528,
ENSCJAG00000085327,
ENSCJAG00000074600,
ENSCJAG00000020509,KDM8
ENSCJAG00000077657,
ENSCJAG00000071722,
ENSCJAG00000020665,TTLL5
ENSCJAG00000004090,CRISPLD2
ENSCJAG00000080348,
ENSCJAG00000075984,
ENSCJAG00000080701,PPP2R3B
ENSCJAG00000083183,
ENSCJAG00000004288,TSPAN6
ENSCJAG00000004566,TRMT1
ENSCJAG00000083081,
ENSCJAG00000076801,
ENSCJAG00000082109,
ENSCJAG00000042982,KCTD10
ENSCJAG00000081534,Metazoa_SRP
ENSCJAG00000054982,
ENSCJAG00000073005,
ENSCJAG00000070474,VPS72
ENSCJAG00000084036,Y_RNA
ENSCJAG00000040740,NRGN
ENSCJAG00000000034,DPY19L4
ENSCJAG00000018629,NAA30
ENSCJAG00000087366,U6
ENSCJAG00000074748,
ENSCJAG00000070760,
ENSCJAG00000039175,BET1
ENSCJAG00000077989,
ENSCJAG00000013266,ZNF112
ENSCJAG00000014109,DYNC2I1
ENSCJAG00000005456,TRMT1L
ENSCJAG00000020310,BOC
ENSCJAG00000003735,PP2D1
ENSCJAG00000078932,
ENSCJAG00000016572,NRCAM
ENSCJAG00000026634,cja-mir-532
ENSCJAG00000007378,GUCY2F
ENSCJAG00000008327,IL1RL2
ENSCJAG00000083483,
ENSCJAG00000020515,NSMCE1
ENSCJAG00000041772,Metazoa_SRP
ENSCJAG00000030572,MIR188
ENSCJAG00000012042,SLC25A27
ENSCJAG00000086623,
ENSCJAG00000016263,SLC9A5
ENSCJAG00000075954,
ENSCJAG00000017192,USP7
ENSCJAG00000027735,MIR500A
ENSCJAG00000013561,KCNK6
ENSCJAG00000007995,VSIG2
ENSCJAG00000024895,
ENSCJAG00000039527,HSPA6
ENSCJAG00000023808,cja-mir-660
ENSCJAG00000020591,SCNN1G
ENSCJAG00000069893,
ENSCJAG00000072396,
ENSCJAG00000009160,CFAP298
ENSCJAG00000004321,SRPX2
ENSCJAG00000071173,Metazoa_SRP
ENSCJAG00000052516,MIR502
ENSCJAG00000005517,GLRX5
ENSCJAG00000084612,Metazoa_SRP
ENSCJAG00000003744,KAT2B
ENSCJAG00000008007,CHRNA1
ENSCJAG00000076108,U3
ENSCJAG00000078747,Metazoa_SRP
ENSCJAG00000081124,
ENSCJAG00000004269,C2CD4A
ENSCJAG00000077148,
ENSCJAG00000045757,Metazoa_SRP
ENSCJAG00000077649,U4
ENSCJAG00000047170,ZNF285
ENSCJAG00000073649,SLC25A6
ENSCJAG00000066412,KCNK13
ENSCJAG00000016373,PNMA5
ENSCJAG00000082020,CTNNBIP1
ENSCJAG00000080726,
ENSCJAG00000069885,Metazoa_SRP
ENSCJAG00000081202,
ENSCJAG00000036527,Metazoa_SRP
ENSCJAG00000081449,
ENSCJAG00000055817,
ENSCJAG00000005921,IL4R
ENSCJAG00000074622,
ENSCJAG00000041706,C2CD4B
ENSCJAG00000020680,TGFB3
ENSCJAG00000048404,AKAP4
ENSCJAG00000076857,
ENSCJAG00000022542,PNMA3
ENSCJAG00000073135,Y_RNA
ENSCJAG00000009897,UBE3B
ENSCJAG00000087008,
ENSCJAG00000019383,ATP6V1B1
ENSCJAG00000082945,U6
ENSCJAG00000081578,
ENSCJAG00000018651,CCDC198
ENSCJAG00000000746,NXPH1
ENSCJAG00000026233,Y_RNA
ENSCJAG00000079563,
ENSCJAG00000003622,SLC15A4
ENSCJAG00000083498,Metazoa_SRP
ENSCJAG00000076395,
ENSCJAG00000079444,
ENSCJAG00000008016,ESAM
ENSCJAG00000005544,SWT1
ENSCJAG00000070690,
ENSCJAG00000004125,ASB9
ENSCJAG00000004343,SYTL4
ENSCJAG00000076163,U6
ENSCJAG00000022737,
ENSCJAG00000086860,Metazoa_SRP
ENSCJAG00000053384,
ENSCJAG00000007126,PSMC6
ENSCJAG00000052872,PWWP4
ENSCJAG00000074560,Metazoa_SRP
ENSCJAG00000070659,
ENSCJAG00000017701,PSMC1
ENSCJAG00000014601,FRMD7
ENSCJAG00000070029,
ENSCJAG00000012035,TDRD6
ENSCJAG00000077304,
ENSCJAG00000041251,SMCO2
ENSCJAG00000081306,
ENSCJAG00000041350,Metazoa_SRP
ENSCJAG00000038196,
ENSCJAG00000074153,
ENSCJAG00000064236,
ENSCJAG00000084556,GNGT1
ENSCJAG00000002226,COL6A3
ENSCJAG00000005492,LZIC
ENSCJAG00000082533,
ENSCJAG00000042286,PNMA6F
ENSCJAG00000014123,ESYT2
ENSCJAG00000073464,
ENSCJAG00000047221,PCP4L1
ENSCJAG00000008308,IL1RL1
ENSCJAG00000075848,
ENSCJAG00000013239,ZNF180
ENSCJAG00000086236,
ENSCJAG00000076483,U6
ENSCJAG00000076591,
ENSCJAG00000056643,CCNB3
ENSCJAG00000003602,GLT1D1
ENSCJAG00000070969,TCL1B
ENSCJAG00000019468,ZNF275
ENSCJAG00000013568,CATSPERG
ENSCJAG00000063957,Metazoa_SRP
ENSCJAG00000013741,TFPI2
ENSCJAG00000071676,Metazoa_SRP
ENSCJAG00000038206,MSANTD2
ENSCJAG00000071177,U6
ENSCJAG00000017076,MICOS13
ENSCJAG00000004142,ASB11
ENSCJAG00000031444,IL21R
ENSCJAG00000016239,PLEKHG4
ENSCJAG00000070792,
ENSCJAG00000071371,Metazoa_SRP
ENSCJAG00000064305,
ENSCJAG00000007344,PIP5K1A
ENSCJAG00000064106,
ENSCJAG00000043018,NACC1
ENSCJAG00000082751,
ENSCJAG00000077406,MMAB
ENSCJAG00000004119,ZDHHC7
ENSCJAG00000073704,TCL1A
ENSCJAG00000085873,Metazoa_SRP
ENSCJAG00000086453,
ENSCJAG00000018274,NTPCR
ENSCJAG00000003760,SGO1
ENSCJAG00000081298,
ENSCJAG00000066457,Metazoa_SRP
ENSCJAG00000081335,
ENSCJAG00000020692,IFT43
ENSCJAG00000013936,SMIM7
ENSCJAG00000005483,NMNAT1
ENSCJAG00000085507,
ENSCJAG00000074567,
ENSCJAG00000007369,NXT2
ENSCJAG00000001006,GRK2
ENSCJAG00000073385,
ENSCJAG00000071382,U5
ENSCJAG00000052524,
ENSCJAG00000086178,
ENSCJAG00000076496,U7
ENSCJAG00000040484,PLA2G7
ENSCJAG00000004767,MPZ
ENSCJAG00000004422,CSTF2
ENSCJAG00000048415,PNMA6E
ENSCJAG00000005584,IVNS1ABP
ENSCJAG00000087075,C14orf132
ENSCJAG00000073463,
ENSCJAG00000013758,CALCR
ENSCJAG00000004519,STX10
ENSCJAG00000005950,GTF3C1
ENSCJAG00000017711,NRDE2
ENSCJAG00000046709,
ENSCJAG00000041323,
ENSCJAG00000016245,
ENSCJAG00000008271,IL18R1
ENSCJAG00000072546,
ENSCJAG00000005470,RBP7
ENSCJAG00000042227,STYX
ENSCJAG00000077460,
ENSCJAG00000011538,ZFP92
ENSCJAG00000083948,
ENSCJAG00000020597,SCNN1B
ENSCJAG00000004127,KIAA0513
ENSCJAG00000044505,ANKRD66
ENSCJAG00000045878,IER2
ENSCJAG00000006308,L2HGDH
ENSCJAG00000075449,
ENSCJAG00000086773,cja-mir-489
ENSCJAG00000083272,
ENSCJAG00000026153,U6
ENSCJAG00000013929,TMEM38A
ENSCJAG00000000720,ICA1
ENSCJAG00000026981,U1
ENSCJAG00000070402,ZBED1
ENSCJAG00000004172,PIGA
ENSCJAG00000074361,cja-mir-653
ENSCJAG00000059230,Metazoa_SRP
ENSCJAG00000077501,
ENSCJAG00000010006,SLC39A1
ENSCJAG00000070015,Y_RNA
ENSCJAG00000082613,Metazoa_SRP
ENSCJAG00000070235,Metazoa_SRP
ENSCJAG00000014777,SGPL1
ENSCJAG00000003016,DGKK
ENSCJAG00000068357,
ENSCJAG00000074845,
ENSCJAG00000003601,TMEM132D
ENSCJAG00000055647,Metazoa_SRP
ENSCJAG00000018278,MAP10
ENSCJAG00000082523,U6
ENSCJAG00000072686,cja-mir-466a
ENSCJAG00000038571,
ENSCJAG00000008255,IL18RAP
ENSCJAG00000081001,
ENSCJAG00000082404,Metazoa_SRP
ENSCJAG00000011515,TREX2
ENSCJAG00000006399,BDKRB2
ENSCJAG00000017072,RPL36
ENSCJAG00000018660,SLC35F4
ENSCJAG00000004663,FCRLA
ENSCJAG00000075813,Metazoa_SRP
ENSCJAG00000066418,
ENSCJAG00000072467,
ENSCJAG00000052701,U6
ENSCJAG00000003880,
ENSCJAG00000083767,
ENSCJAG00000071229,U6
ENSCJAG00000048519,WIPF1
ENSCJAG00000008040,ROBO3
ENSCJAG00000034243,U6
ENSCJAG00000073817,
ENSCJAG00000085299,Metazoa_SRP
ENSCJAG00000016278,ZNF239
ENSCJAG00000083714,
ENSCJAG00000086204,
ENSCJAG00000020325,GTPBP8
ENSCJAG00000081322,
ENSCJAG00000014028,ACP7
ENSCJAG00000072507,
ENSCJAG00000047622,ZNF219
ENSCJAG00000036194,HAUS7
ENSCJAG00000064946,cja-mir-4772
ENSCJAG00000001251,PLEKHA1
ENSCJAG00000009978,CREB3L4
ENSCJAG00000078011,
ENSCJAG00000087056,
ENSCJAG00000073891,
ENSCJAG00000079847,
ENSCJAG00000082315,
ENSCJAG00000016220,KCTD19
ENSCJAG00000006325,DMAC2L
ENSCJAG00000044671,CEACAM20
ENSCJAG00000070923,
ENSCJAG00000012000,MEP1A
ENSCJAG00000005965,KATNIP
ENSCJAG00000009849,MVK
ENSCJAG00000069918,
ENSCJAG00000071975,Metazoa_SRP
ENSCJAG00000070533,
ENSCJAG00000076715,
ENSCJAG00000009187,SYNJ1
ENSCJAG00000013774,VPS50
ENSCJAG00000070843,
ENSCJAG00000078481,U7
ENSCJAG00000081566,
ENSCJAG00000004080,MBNL3
ENSCJAG00000081073,Metazoa_SRP
ENSCJAG00000069783,
ENSCJAG00000015757,GYG2
ENSCJAG00000004570,TRMT2B
ENSCJAG00000016280,ZNF485
ENSCJAG00000060377,
ENSCJAG00000073064,Y_RNA
ENSCJAG00000077062,
ENSCJAG00000005329,CACNA1S
ENSCJAG00000079980,
ENSCJAG00000085169,
ENSCJAG00000074337,
ENSCJAG00000004146,
ENSCJAG00000083459,
ENSCJAG00000079308,
ENSCJAG00000044967,
ENSCJAG00000042125,CALM3
ENSCJAG00000084437,
ENSCJAG00000046502,BMAL2
ENSCJAG00000039720,GNPNAT1
ENSCJAG00000004105,PTOV1
ENSCJAG00000024655,U6
ENSCJAG00000004194,VEGFD
ENSCJAG00000080874,
ENSCJAG00000016213,LRRC36
ENSCJAG00000075734,
ENSCJAG00000001059,ANKRD13D
ENSCJAG00000084045,
ENSCJAG00000006334,CDKL1
ENSCJAG00000024979,Y_RNA
ENSCJAG00000009420,NWD1
ENSCJAG00000077233,Metazoa_SRP
ENSCJAG00000072936,
ENSCJAG00000047766,TMEM253
ENSCJAG00000020696,GPATCH2L
ENSCJAG00000081539,
ENSCJAG00000078425,Y_RNA
ENSCJAG00000004757,SDHC
ENSCJAG00000080294,
ENSCJAG00000070469,
ENSCJAG00000063656,
ENSCJAG00000070965,
ENSCJAG00000010344,CHST8
ENSCJAG00000008163,SLC9A4
ENSCJAG00000063945,FAM222A
ENSCJAG00000082029,
ENSCJAG00000076035,
ENSCJAG00000015767,ARSD
ENSCJAG00000018281,SIPA1L2
ENSCJAG00000075139,
ENSCJAG00000074764,
ENSCJAG00000001226,HTRA1
ENSCJAG00000083095,Y_RNA
ENSCJAG00000008300,SHROOM4
ENSCJAG00000051720,Metazoa_SRP
ENSCJAG00000012286,DMWD
ENSCJAG00000002575,DDHD2
ENSCJAG00000082025,U6
ENSCJAG00000005351,UBE4B
ENSCJAG00000042043,TPPP3
ENSCJAG00000048092,FZD10
ENSCJAG00000016295,
ENSCJAG00000004204,PIR
ENSCJAG00000020314,NEPRO
ENSCJAG00000080862,
ENSCJAG00000007315,ACSL4
ENSCJAG00000009370,
ENSCJAG00000083550,Metazoa_SRP
ENSCJAG00000085521,U1
ENSCJAG00000046488,KCTD15
ENSCJAG00000039995,PCBD1
ENSCJAG00000004289,TLN2
ENSCJAG00000059401,
ENSCJAG00000016948,HSD11B1L
ENSCJAG00000075911,
ENSCJAG00000032323,U1
ENSCJAG00000015156,NCAPG2
ENSCJAG00000076279,Metazoa_SRP
ENSCJAG00000077087,
ENSCJAG00000023478,U6
ENSCJAG00000012786,PTN
ENSCJAG00000011493,BGN
ENSCJAG00000009973,JTB
ENSCJAG00000006357,MAP4K5
ENSCJAG00000070470,U7
ENSCJAG00000009767,TRPV4
ENSCJAG00000085313,
ENSCJAG00000010879,PIWIL1
ENSCJAG00000082859,
ENSCJAG00000073925,BMP15
ENSCJAG00000086457,Metazoa_SRP
ENSCJAG00000081294,
ENSCJAG00000016204,ZDHHC1
ENSCJAG00000081757,
ENSCJAG00000080130,U1
ENSCJAG00000085314,
ENSCJAG00000070639,U6
ENSCJAG00000007170,FERMT2
ENSCJAG00000073266,
ENSCJAG00000086310,
ENSCJAG00000000956,SSH3
ENSCJAG00000013583,PSMD8
ENSCJAG00000014040,PAK4
ENSCJAG00000085558,
ENSCJAG00000070563,Y_RNA
ENSCJAG00000084777,
ENSCJAG00000053794,RSPH6A
ENSCJAG00000073771,
ENSCJAG00000070166,
ENSCJAG00000006864,GNL3
ENSCJAG00000078947,
ENSCJAG00000008193,SLC9A2
ENSCJAG00000084752,
ENSCJAG00000018543,XPNPEP1
ENSCJAG00000005660,HMCN1
ENSCJAG00000027613,cja-mir-569
ENSCJAG00000025688,Y_RNA
ENSCJAG00000047688,ARSL
ENSCJAG00000080398,U1
ENSCJAG00000004130,HS6ST2
ENSCJAG00000043775,Metazoa_SRP
ENSCJAG00000084005,
ENSCJAG00000016198,HSD11B2
ENSCJAG00000080654,
ENSCJAG00000006410,ATG2B
ENSCJAG00000086755,NUDT11
ENSCJAG00000027320,SNORD81
ENSCJAG00000083254,
ENSCJAG00000064165,Metazoa_SRP
ENSCJAG00000001157,
ENSCJAG00000011442,MEMO1
ENSCJAG00000004237,BMX
ENSCJAG00000069380,SNORD19
ENSCJAG00000020339,CD200R1
ENSCJAG00000085582,IGSF23
ENSCJAG00000085661,U6
ENSCJAG00000009933,RAB13
ENSCJAG00000023482,SNORD19B
ENSCJAG00000008130,ROBO4
ENSCJAG00000042369,
ENSCJAG00000012782,CHRM2
ENSCJAG00000063730,
ENSCJAG00000069657,Metazoa_SRP
ENSCJAG00000076332,Y_RNA
ENSCJAG00000015933,EZHIP
ENSCJAG00000076175,
ENSCJAG00000030724,SNORD69
ENSCJAG00000047951,Metazoa_SRP
ENSCJAG00000072921,
ENSCJAG00000080568,Metazoa_SRP
ENSCJAG00000016190,ATP6V0D1
ENSCJAG00000020709,ESRRB
ENSCJAG00000059236,
ENSCJAG00000084758,
ENSCJAG00000014795,TBATA
ENSCJAG00000009354,HNRNPC
ENSCJAG00000053829,
ENSCJAG00000055349,
ENSCJAG00000010238,C11orf65
ENSCJAG00000006883,GLT8D1
ENSCJAG00000075664,
ENSCJAG00000084606,
ENSCJAG00000044404,GSG1L
ENSCJAG00000084347,
ENSCJAG00000074035,NUDT11
ENSCJAG00000002414,SLC2A2
ENSCJAG00000080777,
ENSCJAG00000083192,
ENSCJAG00000017767,TTC7B
ENSCJAG00000016184,AGRP
ENSCJAG00000084544,
ENSCJAG00000056669,
ENSCJAG00000081889,
ENSCJAG00000087186,UMAD1
ENSCJAG00000072401,SNORA70
ENSCJAG00000072326,
ENSCJAG00000004139,
ENSCJAG00000013864,HEPACAM2
ENSCJAG00000020599,COG7
ENSCJAG00000083980,SNRPD2
ENSCJAG00000086991,
ENSCJAG00000086368,ADAMTS14
ENSCJAG00000070447,Metazoa_SRP
ENSCJAG00000072893,Metazoa_SRP
ENSCJAG00000058279,
ENSCJAG00000007947,GPR155
ENSCJAG00000008171,HEPACAM
ENSCJAG00000025036,
ENSCJAG00000074714,
ENSCJAG00000086063,5S_rRNA
ENSCJAG00000084103,U1
ENSCJAG00000078794,U1
ENSCJAG00000078047,
ENSCJAG00000009929,RPS27
ENSCJAG00000074143,
ENSCJAG00000067245,SPADH
ENSCJAG00000019371,CD207
ENSCJAG00000047617,RAD9A
ENSCJAG00000079644,
ENSCJAG00000067947,
ENSCJAG00000003873,FECH
ENSCJAG00000082729,Metazoa_SRP
ENSCJAG00000079059,
ENSCJAG00000073840,Y_RNA
ENSCJAG00000002560,PLPP5
ENSCJAG00000012172,SYMPK
ENSCJAG00000076406,Metazoa_SRP
ENSCJAG00000018672,ARMH4
ENSCJAG00000013209,PVR
ENSCJAG00000014055,NCCRP1
ENSCJAG00000024493,Y_RNA
ENSCJAG00000076129,Metazoa_SRP
ENSCJAG00000075718,
ENSCJAG00000075360,
ENSCJAG00000042526,POGLUT3
ENSCJAG00000010360,LSM14A
ENSCJAG00000012735,C10orf120
ENSCJAG00000076275,
ENSCJAG00000013601,GGN
ENSCJAG00000086393,Y_RNA
ENSCJAG00000074884,Metazoa_SRP
ENSCJAG00000006480,ATL1
ENSCJAG00000014858,PRF1
ENSCJAG00000006947,SPCS1
ENSCJAG00000068049,
ENSCJAG00000002422,EIF5A2
ENSCJAG00000039049,C16orf72
ENSCJAG00000016304,CXCL12
ENSCJAG00000069979,MFSD9
ENSCJAG00000073163,Metazoa_SRP
ENSCJAG00000082965,U6
ENSCJAG00000000043,ESRP1
ENSCJAG00000058892,
ENSCJAG00000076058,
ENSCJAG00000011413,ATP2B3
ENSCJAG00000008183,CCDC15
ENSCJAG00000072490,
ENSCJAG00000020601,GGA2
ENSCJAG00000047899,GLCCI1
ENSCJAG00000020720,VASH1
ENSCJAG00000085140,
ENSCJAG00000045394,GLTP
ENSCJAG00000071110,Metazoa_SRP
ENSCJAG00000083817,
ENSCJAG00000072925,Metazoa_SRP
ENSCJAG00000086631,U4
ENSCJAG00000079324,Metazoa_SRP
ENSCJAG00000004753,CFAP126
ENSCJAG00000061021,
ENSCJAG00000081277,
ENSCJAG00000086868,
ENSCJAG00000072660,
ENSCJAG00000078670,Metazoa_SRP
ENSCJAG00000079328,U7
ENSCJAG00000071172,
ENSCJAG00000081041,
ENSCJAG00000019365,CLEC4F
ENSCJAG00000071278,
ENSCJAG00000007909,SCRN3
ENSCJAG00000017041,LONP1
ENSCJAG00000079360,
ENSCJAG00000085704,
ENSCJAG00000010919,RIMBP2
ENSCJAG00000013614,SPRED3
ENSCJAG00000072163,Metazoa_SRP
ENSCJAG00000085771,POLD4
ENSCJAG00000083800,
ENSCJAG00000071737,Metazoa_SRP
ENSCJAG00000051353,
ENSCJAG00000066447,
ENSCJAG00000075038,Y_RNA
ENSCJAG00000037191,CD200R1L
ENSCJAG00000042086,Metazoa_SRP
ENSCJAG00000042417,EXPH5
ENSCJAG00000000368,GSPT2
ENSCJAG00000075619,Metazoa_SRP
ENSCJAG00000071149,
ENSCJAG00000024730,U6
ENSCJAG00000014058,SYCN
ENSCJAG00000080393,
ENSCJAG00000004565,ARL13A
ENSCJAG00000081707,
ENSCJAG00000072899,
ENSCJAG00000006955,NEK4
ENSCJAG00000072391,U6
ENSCJAG00000084414,
ENSCJAG00000079108,
ENSCJAG00000035532,Metazoa_SRP
ENSCJAG00000081841,
ENSCJAG00000087114,
ENSCJAG00000071086,MTPN
ENSCJAG00000052261,
ENSCJAG00000079445,
ENSCJAG00000085113,RPA3
ENSCJAG00000018680,ACTR10
ENSCJAG00000002427,RPL22L1
ENSCJAG00000070084,U6
ENSCJAG00000043937,TMEM182
ENSCJAG00000086161,
ENSCJAG00000069735,Metazoa_SRP
ENSCJAG00000016680,PNPLA8
ENSCJAG00000080996,Metazoa_SRP
ENSCJAG00000086723,Metazoa_SRP
ENSCJAG00000017301,GSE1
ENSCJAG00000041836,GPC4
ENSCJAG00000077867,U6
ENSCJAG00000008209,SLC37A2
ENSCJAG00000004290,ACE2
ENSCJAG00000020726,ANGEL1
ENSCJAG00000086834,
ENSCJAG00000004627,FCRLB
ENSCJAG00000073782,
ENSCJAG00000061735,
ENSCJAG00000001132,CUZD1
ENSCJAG00000016917,PALD1
ENSCJAG00000071578,U6
ENSCJAG00000016111,SIN3B
ENSCJAG00000080608,IFNL3
ENSCJAG00000019358,FIGLA
ENSCJAG00000009739,TCHP
ENSCJAG00000082363,
ENSCJAG00000055638,
ENSCJAG00000016148,RIPOR1
ENSCJAG00000084553,
ENSCJAG00000067219,U6
ENSCJAG00000040715,cja-mir-1282
ENSCJAG00000075520,
ENSCJAG00000042907,CLCF1
ENSCJAG00000000064,VIRMA
ENSCJAG00000048486,ITIH1
ENSCJAG00000063650,
ENSCJAG00000004134,PNKP
ENSCJAG00000072554,
ENSCJAG00000003837,NARS1
ENSCJAG00000056027,
ENSCJAG00000083782,U6
ENSCJAG00000000686,MIOS
ENSCJAG00000075322,Metazoa_SRP
ENSCJAG00000081197,Y_RNA
ENSCJAG00000007357,PSMD4
ENSCJAG00000072471,
ENSCJAG00000074869,5S_rRNA
ENSCJAG00000070718,
ENSCJAG00000080222,ADRA1A
ENSCJAG00000074838,Metazoa_SRP
ENSCJAG00000070741,U6
ENSCJAG00000081080,5S_rRNA
ENSCJAG00000081458,Metazoa_SRP
ENSCJAG00000005320,PTPRN2
ENSCJAG00000044603,Metazoa_SRP
ENSCJAG00000077895,
ENSCJAG00000073639,5S_rRNA
ENSCJAG00000062856,
ENSCJAG00000080086,U1
ENSCJAG00000013626,FAM98C
ENSCJAG00000061111,TMEM35
ENSCJAG00000065688,DEPP1
ENSCJAG00000085715,Metazoa_SRP
ENSCJAG00000083367,Metazoa_SRP
ENSCJAG00000076137,
ENSCJAG00000040107,Metazoa_SRP
ENSCJAG00000077481,
ENSCJAG00000077353,FAM24B
ENSCJAG00000072605,U6
ENSCJAG00000006590,SAV1
ENSCJAG00000018560,ADD3
ENSCJAG00000007229,DDHD1
ENSCJAG00000017164,GRIN2A
ENSCJAG00000069833,
ENSCJAG00000076173,
ENSCJAG00000007884,CIR1
ENSCJAG00000015810,ARSF
ENSCJAG00000009801,NUP210L
ENSCJAG00000010281,DDX10
ENSCJAG00000071836,
ENSCJAG00000043437,CDK6
ENSCJAG00000037281,Metazoa_SRP
ENSCJAG00000014713,TMEM72
ENSCJAG00000019331,ADD2
ENSCJAG00000044004,FAM180A
ENSCJAG00000086502,FAM24A
ENSCJAG00000048637,
ENSCJAG00000044799,
ENSCJAG00000004612,CENPI
ENSCJAG00000042298,ASCL5
ENSCJAG00000020341,CCDC80
ENSCJAG00000025177,cja-mir-92a-1
ENSCJAG00000016711,THAP5
ENSCJAG00000018732,PSMA3
ENSCJAG00000077647,
ENSCJAG00000006608,
ENSCJAG00000020736,LRRC74A
ENSCJAG00000071201,
ENSCJAG00000004195,GPC3
ENSCJAG00000076423,
ENSCJAG00000025413,cja-mir-19b-2
ENSCJAG00000000983,PPP1CA
ENSCJAG00000044938,Metazoa_SRP
ENSCJAG00000066717,
ENSCJAG00000028942,cja-mir-20b
ENSCJAG00000020611,EARS2
ENSCJAG00000017801,RPS6KA5
ENSCJAG00000079815,Metazoa_SRP
ENSCJAG00000009298,RPGRIP1
ENSCJAG00000075235,TMEM9
ENSCJAG00000047068,
ENSCJAG00000081394,Metazoa_SRP
ENSCJAG00000081761,
ENSCJAG00000084236,Metazoa_SRP
ENSCJAG00000001125,C10orf88
ENSCJAG00000041419,STK38L
ENSCJAG00000078033,U6
ENSCJAG00000004341,CLTRN
ENSCJAG00000051273,
ENSCJAG00000085481,
ENSCJAG00000006014,XPO6
ENSCJAG00000026686,U3
ENSCJAG00000074202,U6
ENSCJAG00000077260,
ENSCJAG00000084865,
ENSCJAG00000013776,MXRA5
ENSCJAG00000024620,
ENSCJAG00000064973,DNAJB9
ENSCJAG00000009441,F2RL3
ENSCJAG00000014680,RASSF4
ENSCJAG00000077341,
ENSCJAG00000000080,RAD54B
ENSCJAG00000070254,Metazoa_SRP
ENSCJAG00000072262,DUSP12
ENSCJAG00000083089,
ENSCJAG00000079518,Metazoa_SRP
ENSCJAG00000013193,CEACAM19
ENSCJAG00000039959,FAM133B
ENSCJAG00000082979,Metazoa_SRP
ENSCJAG00000077550,Metazoa_SRP
ENSCJAG00000073889,
ENSCJAG00000081398,
ENSCJAG00000075510,
ENSCJAG00000045571,Metazoa_SRP
ENSCJAG00000074853,
ENSCJAG00000079660,Metazoa_SRP
ENSCJAG00000020355,SLC35A5
ENSCJAG00000002451,SLC7A14
ENSCJAG00000012731,SLC13A4
ENSCJAG00000086020,5S_rRNA
ENSCJAG00000072478,
ENSCJAG00000078911,Metazoa_SRP
ENSCJAG00000030966,SNORA72
ENSCJAG00000033234,CCDC160
ENSCJAG00000056870,
ENSCJAG00000027421,SNORA48B
ENSCJAG00000081295,U4
ENSCJAG00000084659,U6
ENSCJAG00000046651,ZNF22
ENSCJAG00000030815,
ENSCJAG00000073507,
ENSCJAG00000044833,TMEM218
ENSCJAG00000027731,
ENSCJAG00000078426,U6
ENSCJAG00000004742,FCGR2A
ENSCJAG00000086787,
ENSCJAG00000046410,POU3F3
ENSCJAG00000000636,COL28A1
ENSCJAG00000080486,Metazoa_SRP
ENSCJAG00000009330,C21ORF66
ENSCJAG00000040481,RBM48
ENSCJAG00000054082,Metazoa_SRP
ENSCJAG00000061755,SP9
ENSCJAG00000001117,PSTK
ENSCJAG00000072248,C12orf71
ENSCJAG00000073046,Metazoa_SRP
ENSCJAG00000078483,
ENSCJAG00000052079,U3
ENSCJAG00000005404,
ENSCJAG00000047701,
ENSCJAG00000006989,ITIH3
ENSCJAG00000013771,PRKX
ENSCJAG00000071989,
ENSCJAG00000071112,
ENSCJAG00000007770,FAM228A
ENSCJAG00000056724,
ENSCJAG00000004353,CA5B
ENSCJAG00000027423,Y_RNA
ENSCJAG00000086599,
ENSCJAG00000073134,
ENSCJAG00000008156,MRPS9
ENSCJAG00000043153,CLDN11
ENSCJAG00000085646,
ENSCJAG00000070961,
ENSCJAG00000085223,U6
ENSCJAG00000073792,FOXA3
ENSCJAG00000080449,
ENSCJAG00000066086,
ENSCJAG00000073820,
ENSCJAG00000009438,CPAMD8
ENSCJAG00000004685,DRP2
ENSCJAG00000038911,Y_RNA
ENSCJAG00000086376,Metazoa_SRP
ENSCJAG00000074158,
ENSCJAG00000070249,Metazoa_SRP
ENSCJAG00000009437,C21orf62
ENSCJAG00000004238,PHF6
ENSCJAG00000071253,
ENSCJAG00000003813,ATP8B1
ENSCJAG00000022551,
ENSCJAG00000075901,
ENSCJAG00000070158,
ENSCJAG00000038370,IRF2BP1
ENSCJAG00000075237,SNORA70
ENSCJAG00000065257,IKZF5
ENSCJAG00000084786,
ENSCJAG00000087254,
ENSCJAG00000081556,Y_RNA
ENSCJAG00000078013,
ENSCJAG00000071187,Metazoa_SRP
ENSCJAG00000069839,Metazoa_SRP
ENSCJAG00000052372,
ENSCJAG00000057157,
ENSCJAG00000083235,MED21
ENSCJAG00000019316,TGFA
ENSCJAG00000081500,
ENSCJAG00000004572,ATF6
ENSCJAG00000007757,
ENSCJAG00000040469,OLIG2
ENSCJAG00000020358,ATG3
ENSCJAG00000030496,Y_RNA
ENSCJAG00000010433,GARRE1
ENSCJAG00000022736,GPR45
ENSCJAG00000075048,
ENSCJAG00000063769,MYPOP
ENSCJAG00000074353,Metazoa_SRP
ENSCJAG00000033395,ZNF687
ENSCJAG00000023301,
ENSCJAG00000068289,
ENSCJAG00000047941,ZRSR2
ENSCJAG00000016288,NODAL
ENSCJAG00000000998,TBC1D10C
ENSCJAG00000077778,Y_RNA
ENSCJAG00000042451,DPYSL2
ENSCJAG00000082931,
ENSCJAG00000079349,
ENSCJAG00000031295,U6
ENSCJAG00000079265,
ENSCJAG00000083339,U6
ENSCJAG00000012141,NANOS2
ENSCJAG00000075321,
ENSCJAG00000045082,U3
ENSCJAG00000006578,SKIL
ENSCJAG00000079692,Metazoa_SRP
ENSCJAG00000025636,U8
ENSCJAG00000008279,PKNOX2
ENSCJAG00000008126,TGFBRAP1
ENSCJAG00000007745,PFN4
ENSCJAG00000082174,EIF4EBP2
ENSCJAG00000015778,WDR4
ENSCJAG00000085289,
ENSCJAG00000025616,cja-mir-363
ENSCJAG00000020614,UBFD1
ENSCJAG00000001092,ACADSB
ENSCJAG00000072687,
ENSCJAG00000072067,
ENSCJAG00000038487,Metazoa_SRP
ENSCJAG00000074719,
ENSCJAG00000073624,Y_RNA
ENSCJAG00000002489,NSD3
ENSCJAG00000066882,
ENSCJAG00000064982,
ENSCJAG00000011407,CCNQ
ENSCJAG00000013177,CEACAM16
ENSCJAG00000057327,C1GALT1
ENSCJAG00000081373,Metazoa_SRP
ENSCJAG00000083878,Metazoa_SRP
ENSCJAG00000070832,
ENSCJAG00000072746,
ENSCJAG00000071333,
ENSCJAG00000007045,ITIH4
ENSCJAG00000012121,NOVA2
ENSCJAG00000027941,U6
ENSCJAG00000045282,
ENSCJAG00000082220,Metazoa_SRP
ENSCJAG00000005184,KIF1B
ENSCJAG00000077169,
ENSCJAG00000034063,U6
ENSCJAG00000004273,HPRT1
ENSCJAG00000012909,
ENSCJAG00000025638,
ENSCJAG00000009631,GIT2
ENSCJAG00000069801,
ENSCJAG00000006611,NIN
ENSCJAG00000061427,
ENSCJAG00000087101,
ENSCJAG00000071818,C7orf73
ENSCJAG00000020616,NDUFAB1
ENSCJAG00000082988,
ENSCJAG00000070376,
ENSCJAG00000075144,
ENSCJAG00000069857,U6
ENSCJAG00000022253,
ENSCJAG00000074886,
ENSCJAG00000019314,FAM136A
ENSCJAG00000070246,
ENSCJAG00000007877,OLA1
ENSCJAG00000079888,
ENSCJAG00000072249,
ENSCJAG00000016341,LRRC20
ENSCJAG00000008307,
ENSCJAG00000015786,NDUFV3
ENSCJAG00000072012,Metazoa_SRP
ENSCJAG00000009466,HAUS8
ENSCJAG00000078961,
ENSCJAG00000082535,Metazoa_SRP
ENSCJAG00000083206,
ENSCJAG00000067806,cja-mir-9977
ENSCJAG00000066656,U7
ENSCJAG00000080413,Metazoa_SRP
ENSCJAG00000084424,U6
ENSCJAG00000069696,
ENSCJAG00000000088,GEM
ENSCJAG00000046477,TM7SF3
ENSCJAG00000043888,Metazoa_SRP
ENSCJAG00000017837,DGLUCY
ENSCJAG00000040477,MXI1
ENSCJAG00000082419,
ENSCJAG00000074523,
ENSCJAG00000029406,cja-mir-153-1
ENSCJAG00000015726,NFATC3
ENSCJAG00000054974,cja-mir-222-2
ENSCJAG00000074597,Metazoa_SRP
ENSCJAG00000087137,U4
ENSCJAG00000073264,
ENSCJAG00000086877,
ENSCJAG00000064133,U3
ENSCJAG00000020619,PALB2
ENSCJAG00000005433,PKP1
ENSCJAG00000082426,
ENSCJAG00000052165,
ENSCJAG00000084657,Metazoa_SRP
ENSCJAG00000078454,Metazoa_SRP
ENSCJAG00000047408,DUSP9
ENSCJAG00000007734,TP53I3
ENSCJAG00000040443,Metazoa_SRP
ENSCJAG00000063317,Metazoa_SRP
ENSCJAG00000079964,
ENSCJAG00000074565,
ENSCJAG00000018764,ARID4A
ENSCJAG00000027102,Y_RNA
ENSCJAG00000078527,
ENSCJAG00000008106,C2orf49
ENSCJAG00000017153,ATF7IP2
ENSCJAG00000052184,Metazoa_SRP
ENSCJAG00000041992,BCL3
ENSCJAG00000055391,SBK1
ENSCJAG00000061178,
ENSCJAG00000085131,SNORA62
ENSCJAG00000080896,
ENSCJAG00000016689,IRF2BPL
ENSCJAG00000026322,cja-mir-450c
ENSCJAG00000084948,U4
ENSCJAG00000043178,C11orf87
ENSCJAG00000070902,NLGN4X
ENSCJAG00000007455,PI4KB
ENSCJAG00000001349,XAGE2
ENSCJAG00000016728,IMMP2L
ENSCJAG00000084343,
ENSCJAG00000076478,
ENSCJAG00000044763,AP1S2
ENSCJAG00000053787,
ENSCJAG00000085658,HMX3
ENSCJAG00000041743,Metazoa_SRP
ENSCJAG00000046431,
ENSCJAG00000010910,GPI
ENSCJAG00000008336,FEZ1
ENSCJAG00000014071,IFNL1
ENSCJAG00000000981,CARNS1
ENSCJAG00000013660,SLC25A26
ENSCJAG00000077726,cja-mir-450b
ENSCJAG00000073920,
ENSCJAG00000004556,OLFML2B
ENSCJAG00000019313,SNRPG
ENSCJAG00000083614,
ENSCJAG00000074391,cja-mir-450a
ENSCJAG00000078552,
ENSCJAG00000012104,CCDC61
ENSCJAG00000013406,ALOX5
ENSCJAG00000000090,CDH17
ENSCJAG00000063326,
ENSCJAG00000079472,
ENSCJAG00000046851,P2RY1
ENSCJAG00000030296,cja-mir-542
ENSCJAG00000082667,
ENSCJAG00000020623,DCTN5
ENSCJAG00000071601,LAIR1
ENSCJAG00000001081,HMX2
ENSCJAG00000078465,
ENSCJAG00000060645,KCNK12
ENSCJAG00000000618,ASNS
ENSCJAG00000046132,CIPC
ENSCJAG00000045766,Metazoa_SRP
ENSCJAG00000081213,
ENSCJAG00000042659,
ENSCJAG00000078685,
ENSCJAG00000042932,
ENSCJAG00000040086,PKNOX1
ENSCJAG00000080631,U6
ENSCJAG00000086419,
ENSCJAG00000005826,PRG4
ENSCJAG00000014075,LRFN1
ENSCJAG00000081640,
ENSCJAG00000013927,PEX1
ENSCJAG00000057703,cja-mir-503
ENSCJAG00000016344,NPFFR1
ENSCJAG00000043487,
ENSCJAG00000071034,Metazoa_SRP
ENSCJAG00000074136,
ENSCJAG00000077851,
ENSCJAG00000081519,Metazoa_SRP
ENSCJAG00000087357,
ENSCJAG00000029515,cja-mir-424
ENSCJAG00000078117,U6
ENSCJAG00000012599,NUP205
ENSCJAG00000057323,
ENSCJAG00000013125,CBLC
ENSCJAG00000079382,
ENSCJAG00000007716,SF3B14
ENSCJAG00000058676,
ENSCJAG00000072740,
ENSCJAG00000001066,BUB3
ENSCJAG00000085936,
ENSCJAG00000068471,LRRN3
ENSCJAG00000081337,EMP2
ENSCJAG00000076633,MLPH
ENSCJAG00000005288,DNAJB6
ENSCJAG00000043263,ZDHHC22
ENSCJAG00000082470,ZC3H12C
ENSCJAG00000030129,5S_rRNA
ENSCJAG00000073453,
ENSCJAG00000082295,
ENSCJAG00000081811,U4
ENSCJAG00000081333,
ENSCJAG00000087173,MUSTN1
ENSCJAG00000085392,U6
ENSCJAG00000071203,
ENSCJAG00000000967,RPS6KB2
ENSCJAG00000013773,DLG1
ENSCJAG00000073368,
ENSCJAG00000079278,U4
ENSCJAG00000017139,TEKT5
ENSCJAG00000003901,PIK3C3
ENSCJAG00000080806,
ENSCJAG00000076694,
ENSCJAG00000001214,TTYH1
ENSCJAG00000019304,PCYOX1
ENSCJAG00000070822,
ENSCJAG00000074919,
ENSCJAG00000000620,MSH2
ENSCJAG00000011356,SLC6A8
ENSCJAG00000016893,CATSPERD
ENSCJAG00000078470,
ENSCJAG00000074765,Y_RNA
ENSCJAG00000085622,U6
ENSCJAG00000018624,SMNDC1
ENSCJAG00000002470,PRKCI
ENSCJAG00000073592,U4
ENSCJAG00000043357,FGFR1OP2
ENSCJAG00000020626,PLK1
ENSCJAG00000044380,Metazoa_SRP
ENSCJAG00000082763,Metazoa_SRP
ENSCJAG00000063428,
ENSCJAG00000016712,TMEM63C
ENSCJAG00000023103,
ENSCJAG00000008190,GPR26
ENSCJAG00000081114,U7
ENSCJAG00000013638,RASGRP4
ENSCJAG00000071360,Metazoa_SRP
ENSCJAG00000077289,
ENSCJAG00000075221,
ENSCJAG00000038437,Metazoa_SRP
ENSCJAG00000072015,
ENSCJAG00000068061,
ENSCJAG00000073615,Metazoa_SRP
ENSCJAG00000004313,PABIR2
ENSCJAG00000033767,LAT
ENSCJAG00000083698,FKBP1B
ENSCJAG00000030960,SNORA11B
ENSCJAG00000053183,
ENSCJAG00000070044,U1
ENSCJAG00000030791,
ENSCJAG00000008087,FHL2
ENSCJAG00000000963,PTPRCAP
ENSCJAG00000061503,
ENSCJAG00000031804,STIMATE
ENSCJAG00000004517,
ENSCJAG00000052459,
ENSCJAG00000018850,
ENSCJAG00000070766,Metazoa_SRP
ENSCJAG00000078261,
ENSCJAG00000083559,
ENSCJAG00000077945,
ENSCJAG00000071998,
ENSCJAG00000042744,SAR1A
ENSCJAG00000080419,
ENSCJAG00000017034,PRR22
ENSCJAG00000004710,TAF7L
ENSCJAG00000038562,
ENSCJAG00000035868,Metazoa_SRP
ENSCJAG00000008390,EI24
ENSCJAG00000009950,XAGE3
ENSCJAG00000053295,PDP1
ENSCJAG00000085799,
ENSCJAG00000015709,
ENSCJAG00000021923,GPR68
ENSCJAG00000043002,MARCHF8
ENSCJAG00000030032,
ENSCJAG00000047499,GMFG
ENSCJAG00000058375,cja-mir-9953
ENSCJAG00000087154,
ENSCJAG00000075158,
ENSCJAG00000086290,cja-mir-548k
ENSCJAG00000074324,Metazoa_SRP
ENSCJAG00000075722,BNIP3L
ENSCJAG00000005090,PGD
ENSCJAG00000082449,
ENSCJAG00000078170,U5
ENSCJAG00000082086,DPT
ENSCJAG00000009486,MYO9B
ENSCJAG00000046273,CPXM2
ENSCJAG00000057911,
ENSCJAG00000072098,
ENSCJAG00000075180,
ENSCJAG00000070484,
ENSCJAG00000052110,U3
ENSCJAG00000084492,U6
ENSCJAG00000083187,U6
ENSCJAG00000068961,TAC1
ENSCJAG00000073400,
ENSCJAG00000015824,CBS
ENSCJAG00000057349,
ENSCJAG00000084162,U6
ENSCJAG00000052827,
ENSCJAG00000076843,
ENSCJAG00000072777,U6
ENSCJAG00000077402,
ENSCJAG00000083320,
ENSCJAG00000066964,
ENSCJAG00000044044,INTS13
ENSCJAG00000032428,
ENSCJAG00000042338,Metazoa_SRP
ENSCJAG00000033355,U6
ENSCJAG00000041815,
ENSCJAG00000079302,
ENSCJAG00000007696,WDCP
ENSCJAG00000072050,Metazoa_SRP
ENSCJAG00000064796,
ENSCJAG00000086426,
ENSCJAG00000074474,U6
ENSCJAG00000006459,GSKIP
ENSCJAG00000007089,SFMBT1
ENSCJAG00000082092,
ENSCJAG00000079009,
ENSCJAG00000024865,cja-mir-769
ENSCJAG00000071750,
ENSCJAG00000013635,LRIG1
ENSCJAG00000086614,
ENSCJAG00000020632,ERN2
ENSCJAG00000073422,
ENSCJAG00000000945,CORO1B
ENSCJAG00000004153,AKT1S1
ENSCJAG00000040434,Metazoa_SRP
ENSCJAG00000085710,
ENSCJAG00000063290,
ENSCJAG00000065730,
ENSCJAG00000041647,TIMM9
ENSCJAG00000070798,U6
ENSCJAG00000005830,GPR173
ENSCJAG00000013105,BCAM
ENSCJAG00000004402,GRPR
ENSCJAG00000012095,PGLYRP1
ENSCJAG00000055183,
ENSCJAG00000084825,U4
ENSCJAG00000029918,U2
ENSCJAG00000037912,Metazoa_SRP
ENSCJAG00000062417,cja-mir-9929
ENSCJAG00000012802,FXR1
ENSCJAG00000074340,
ENSCJAG00000069192,
ENSCJAG00000082784,Metazoa_SRP
ENSCJAG00000051285,
ENSCJAG00000016997,DUS3L
ENSCJAG00000010095,ATP11C
ENSCJAG00000062562,
ENSCJAG00000074155,
ENSCJAG00000054138,BMP4
ENSCJAG00000084989,
ENSCJAG00000085556,
ENSCJAG00000016374,TYSND1
ENSCJAG00000080511,TSEN2
ENSCJAG00000035271,U6
ENSCJAG00000082224,
ENSCJAG00000043152,PLA2G15
ENSCJAG00000077652,
ENSCJAG00000005268,RRN3
ENSCJAG00000066353,
ENSCJAG00000008073,NCK2
ENSCJAG00000082923,
ENSCJAG00000060655,U6
ENSCJAG00000036555,Metazoa_SRP
ENSCJAG00000011348,BCAP31
ENSCJAG00000000624,EPCAM
ENSCJAG00000016739,POMT2
ENSCJAG00000002208,PRLH
ENSCJAG00000040560,MBNL1
ENSCJAG00000012086,IGFL1
ENSCJAG00000007691,MFSD2B
ENSCJAG00000001225,LENG8
ENSCJAG00000087158,U7
ENSCJAG00000076160,
ENSCJAG00000069936,
ENSCJAG00000082342,
ENSCJAG00000063292,
ENSCJAG00000009196,SUPT16H
ENSCJAG00000005872,TPR
ENSCJAG00000017878,CCDC88C
ENSCJAG00000084677,
ENSCJAG00000075223,U4
ENSCJAG00000035699,DNAJC7
ENSCJAG00000082547,
ENSCJAG00000074373,Metazoa_SRP
ENSCJAG00000032233,U6
ENSCJAG00000012395,STX2
ENSCJAG00000077086,Metazoa_SRP
ENSCJAG00000004360,PABIR3
ENSCJAG00000038779,CENPS
ENSCJAG00000078599,
ENSCJAG00000016812,TBX19
ENSCJAG00000074694,Metazoa_SRP
ENSCJAG00000085680,
ENSCJAG00000082170,5S_rRNA
ENSCJAG00000085099,
ENSCJAG00000069536,
ENSCJAG00000007851,SP3
ENSCJAG00000075955,
ENSCJAG00000083547,
ENSCJAG00000035285,U6
ENSCJAG00000086348,5S_rRNA
ENSCJAG00000022850,
ENSCJAG00000074433,
ENSCJAG00000055302,
ENSCJAG00000035605,Metazoa_SRP
ENSCJAG00000040476,Y_RNA
ENSCJAG00000010343,RDX
ENSCJAG00000042876,SDHAF3
ENSCJAG00000023333,
ENSCJAG00000010896,PDCD2L
ENSCJAG00000077548,Metazoa_SRP
ENSCJAG00000085100,Metazoa_SRP
ENSCJAG00000040602,MKRN2OS
ENSCJAG00000084855,Y_RNA
ENSCJAG00000000943,GPR152
ENSCJAG00000018807,KIAA0586
ENSCJAG00000080905,cja-mir-556
ENSCJAG00000083605,U6
ENSCJAG00000059748,U2
ENSCJAG00000015843,U2AF1
ENSCJAG00000005318,NTAN1
ENSCJAG00000076425,RAB17
ENSCJAG00000031950,ZFAND4
ENSCJAG00000037378,Metazoa_SRP
ENSCJAG00000005085,CORT
ENSCJAG00000070503,
ENSCJAG00000010285,CHST15
ENSCJAG00000004527,SPATA46
ENSCJAG00000070919,TIMM8A
ENSCJAG00000000589,DLX5
ENSCJAG00000007179,RFT1
ENSCJAG00000011337,ABCD1
ENSCJAG00000074180,ECRG4
ENSCJAG00000087273,
ENSCJAG00000038477,Metazoa_SRP
ENSCJAG00000026115,U6
ENSCJAG00000083497,
ENSCJAG00000071806,Metazoa_SRP
ENSCJAG00000005074,DFFA
ENSCJAG00000040308,PUDP
ENSCJAG00000071125,
ENSCJAG00000003987,RIT2
ENSCJAG00000030228,cja-mir-559
ENSCJAG00000000939,CABP4
ENSCJAG00000043715,TBC1D17
ENSCJAG00000072451,
ENSCJAG00000018717,SMC3
ENSCJAG00000016838,SFT2D2
ENSCJAG00000073045,
ENSCJAG00000056710,
ENSCJAG00000085344,DLX6
ENSCJAG00000016733,MKRN2
ENSCJAG00000000105,TMEM67
ENSCJAG00000057776,
ENSCJAG00000069897,cja-mir-9972
ENSCJAG00000016412,MACROH2A2
ENSCJAG00000063255,RFX5
ENSCJAG00000047807,ITPR2
ENSCJAG00000000635,
ENSCJAG00000080346,PTMA
ENSCJAG00000015675,SLC7A6
ENSCJAG00000081585,Y_RNA
ENSCJAG00000012633,OAT
ENSCJAG00000004410,MAGEB17
ENSCJAG00000080622,
ENSCJAG00000037905,Metazoa_SRP
ENSCJAG00000007197,PRKCD
ENSCJAG00000085491,
ENSCJAG00000003327,USP25
ENSCJAG00000078482,
ENSCJAG00000007280,CDKN3
ENSCJAG00000080870,
ENSCJAG00000076106,
ENSCJAG00000071480,
ENSCJAG00000044815,KBTBD8
ENSCJAG00000074061,U6
ENSCJAG00000004727,BTK
ENSCJAG00000016139,CTCF
ENSCJAG00000035662,Metazoa_SRP
ENSCJAG00000003597,NEDD4L
ENSCJAG00000005051,PEX14
ENSCJAG00000079425,
ENSCJAG00000002468,LETM2
ENSCJAG00000068048,
ENSCJAG00000014078,SAMD4B
ENSCJAG00000016740,DOCK4
ENSCJAG00000001244,LENG9
ENSCJAG00000075240,
ENSCJAG00000045299,MOSPD1
ENSCJAG00000010797,UBA2
ENSCJAG00000006462,PAPOLA
ENSCJAG00000007665,UBXN2A
ENSCJAG00000067900,Metazoa_SRP
ENSCJAG00000001246,CDC42EP5
ENSCJAG00000080818,
ENSCJAG00000084362,
ENSCJAG00000044030,Metazoa_SRP
ENSCJAG00000070733,CRYAA
ENSCJAG00000068730,NKX1-2
ENSCJAG00000060074,Metazoa_SRP
ENSCJAG00000007253,TKT
ENSCJAG00000004298,UBE3C
ENSCJAG00000036220,Metazoa_SRP
ENSCJAG00000081389,LAIR2
ENSCJAG00000071204,
ENSCJAG00000085453,
ENSCJAG00000068678,
ENSCJAG00000072673,
ENSCJAG00000075149,GINS2
ENSCJAG00000053919,
ENSCJAG00000011267,PLXNB3
ENSCJAG00000072902,U6
ENSCJAG00000085909,CHP2
ENSCJAG00000000933,TMEM134
ENSCJAG00000019902,PPP2R2A
ENSCJAG00000059586,U6
ENSCJAG00000000638,CALM3
ENSCJAG00000071137,
ENSCJAG00000086366,U6
ENSCJAG00000016988,NRTN
ENSCJAG00000081674,
ENSCJAG00000005458,TNNT2
ENSCJAG00000075489,
ENSCJAG00000053515,
ENSCJAG00000048662,Y_RNA
ENSCJAG00000004002,SYT4
ENSCJAG00000072361,
ENSCJAG00000015670,SLC7A6OS
ENSCJAG00000052474,
ENSCJAG00000036927,
ENSCJAG00000008400,STT3A
ENSCJAG00000040092,
ENSCJAG00000009002,CHD8
ENSCJAG00000071070,Metazoa_SRP
ENSCJAG00000084699,Metazoa_SRP
ENSCJAG00000079447,
ENSCJAG00000007509,SELENBP1
ENSCJAG00000079867,U4
ENSCJAG00000084608,
ENSCJAG00000078640,
ENSCJAG00000012614,LHPP
ENSCJAG00000078985,
ENSCJAG00000066070,
ENSCJAG00000016923,NDUFA11
ENSCJAG00000074170,
ENSCJAG00000086792,U6
ENSCJAG00000012019,HIF3A
ENSCJAG00000086831,C20H16orf74
ENSCJAG00000067122,U2
ENSCJAG00000071897,
ENSCJAG00000016737,RAF1
ENSCJAG00000084157,
ENSCJAG00000012532,CNOT4
ENSCJAG00000018902,DACT1
ENSCJAG00000047981,Metazoa_SRP
ENSCJAG00000007337,DCP1A
ENSCJAG00000005043,CASZ1
ENSCJAG00000086829,U4
ENSCJAG00000075899,
ENSCJAG00000013610,SUCLG2
ENSCJAG00000044350,FCAR
ENSCJAG00000011233,SRPK3
ENSCJAG00000080277,
ENSCJAG00000074968,Metazoa_SRP
ENSCJAG00000084178,
ENSCJAG00000082408,5S_rRNA
ENSCJAG00000072555,VMAC
ENSCJAG00000005346,PDXDC1
ENSCJAG00000000929,AIP
ENSCJAG00000040736,TIPRL
ENSCJAG00000015643,PRMT7
ENSCJAG00000060650,U6
ENSCJAG00000075866,Metazoa_SRP
ENSCJAG00000015879,SIK1
ENSCJAG00000009560,ANKRD13A
ENSCJAG00000009747,TPM3
ENSCJAG00000085108,
ENSCJAG00000007895,XPR1
ENSCJAG00000012204,PDCD6IP
ENSCJAG00000039357,Metazoa_SRP
ENSCJAG00000016865,
ENSCJAG00000014407,TCEA1
ENSCJAG00000000274,STS
ENSCJAG00000079650,
ENSCJAG00000020643,PRKCB
ENSCJAG00000016778,GSTZ1
ENSCJAG00000003927,RAN
ENSCJAG00000004458,CACNA1A
ENSCJAG00000071164,
ENSCJAG00000081091,
ENSCJAG00000000491,
ENSCJAG00000004421,CTPS2
ENSCJAG00000035866,Metazoa_SRP
ENSCJAG00000072593,
ENSCJAG00000072941,EMC8
ENSCJAG00000007809,CDCA7
ENSCJAG00000004864,RPL36A
ENSCJAG00000013387,FAM21A
ENSCJAG00000032013,U6
ENSCJAG00000084530,C12orf76
ENSCJAG00000074876,
ENSCJAG00000006807,PYGL
ENSCJAG00000017719,NCR1
ENSCJAG00000012593,FAM53B
ENSCJAG00000080638,
ENSCJAG00000086525,Y_RNA
ENSCJAG00000016125,CARMIL2
ENSCJAG00000064125,
ENSCJAG00000079077,
ENSCJAG00000082811,
ENSCJAG00000081705,
ENSCJAG00000000655,STPG4
ENSCJAG00000074789,RPS3A
ENSCJAG00000002513,
ENSCJAG00000007628,ATAD2B
ENSCJAG00000086859,
ENSCJAG00000038806,CNIH1
ENSCJAG00000064698,
ENSCJAG00000076394,5S_rRNA
ENSCJAG00000006100,SPNS1
ENSCJAG00000009518,IFT81
ENSCJAG00000010790,WTIP
ENSCJAG00000081269,
ENSCJAG00000070326,
ENSCJAG00000014124,PAF1
ENSCJAG00000015622,SMPD3
ENSCJAG00000017905,PPP4R3A
ENSCJAG00000074720,
ENSCJAG00000017319,COX4I1
ENSCJAG00000080192,Y_RNA
ENSCJAG00000060056,
ENSCJAG00000077782,
ENSCJAG00000071161,Metazoa_SRP
ENSCJAG00000073520,Metazoa_SRP
ENSCJAG00000077359,Y_RNA
ENSCJAG00000016751,TMEM40
ENSCJAG00000074366,
ENSCJAG00000067329,Y_RNA
ENSCJAG00000013607,TAFA1
ENSCJAG00000082011,
ENSCJAG00000078355,EEF1AKMT2
ENSCJAG00000079226,Metazoa_SRP
ENSCJAG00000074292,PSMB4
ENSCJAG00000086327,
ENSCJAG00000086225,Metazoa_SRP
ENSCJAG00000018906,DAAM1
ENSCJAG00000077869,
ENSCJAG00000048604,Metazoa_SRP
ENSCJAG00000059885,HSF2BP
ENSCJAG00000036188,Metazoa_SRP
ENSCJAG00000082367,Y_RNA
ENSCJAG00000075616,
ENSCJAG00000072669,
ENSCJAG00000016106,ACD
ENSCJAG00000004865,GLA
ENSCJAG00000080120,Metazoa_SRP
ENSCJAG00000010784,
ENSCJAG00000070576,
ENSCJAG00000034142,U6
ENSCJAG00000023158,SLC10A5
ENSCJAG00000054648,
ENSCJAG00000030637,U6
ENSCJAG00000000908,PITPNM1
ENSCJAG00000068604,ABRAXAS2
ENSCJAG00000016791,RANBP3
ENSCJAG00000051688,
ENSCJAG00000004185,IL4I1
ENSCJAG00000064385,
ENSCJAG00000086396,
ENSCJAG00000083695,
ENSCJAG00000073620,
ENSCJAG00000086473,
ENSCJAG00000086189,
ENSCJAG00000018326,RCOR2
ENSCJAG00000057015,U2
ENSCJAG00000071819,
ENSCJAG00000084930,Y_RNA
ENSCJAG00000051437,
ENSCJAG00000071074,
ENSCJAG00000018786,RBM20
ENSCJAG00000057553,
ENSCJAG00000023463,Y_RNA
ENSCJAG00000070085,U6
ENSCJAG00000000425,IMPA1
ENSCJAG00000044427,U6
ENSCJAG00000011185,PDZD4
ENSCJAG00000076726,
ENSCJAG00000005030,C1orf127
ENSCJAG00000071434,Metazoa_SRP
ENSCJAG00000058530,
ENSCJAG00000017331,IRF8
ENSCJAG00000027580,U4
ENSCJAG00000086855,
ENSCJAG00000014461,RGS20
ENSCJAG00000064758,
ENSCJAG00000057637,TAFA4
ENSCJAG00000012515,STRA8
ENSCJAG00000012573,ZRANB1
ENSCJAG00000018962,GPR135
ENSCJAG00000017703,NLRP7
ENSCJAG00000062111,
ENSCJAG00000072406,ADGRD1
ENSCJAG00000058984,U2
ENSCJAG00000083262,U4
ENSCJAG00000080173,
ENSCJAG00000075334,
ENSCJAG00000051806,
ENSCJAG00000016889,GPR161
ENSCJAG00000075166,Metazoa_SRP
ENSCJAG00000079423,Metazoa_SRP
ENSCJAG00000083843,Metazoa_SRP
ENSCJAG00000007312,GMFB
ENSCJAG00000018964,L3HYPDH
ENSCJAG00000084733,
ENSCJAG00000004908,HNRNPH2
ENSCJAG00000017077,RRP1B
ENSCJAG00000086210,
ENSCJAG00000082171,
ENSCJAG00000085757,Metazoa_SRP
ENSCJAG00000080519,
ENSCJAG00000015605,ZFP90
ENSCJAG00000077422,
ENSCJAG00000085480,Metazoa_SRP
ENSCJAG00000044689,Y_RNA
ENSCJAG00000000656,TTC7A
ENSCJAG00000081860,
ENSCJAG00000074224,
ENSCJAG00000030012,cja-mir-190a
ENSCJAG00000045586,Metazoa_SRP
ENSCJAG00000080583,U6
ENSCJAG00000035757,Metazoa_SRP
ENSCJAG00000087349,
ENSCJAG00000074796,U6
ENSCJAG00000079997,
ENSCJAG00000035239,
ENSCJAG00000044088,NUP62
ENSCJAG00000024838,MIR124-2
ENSCJAG00000080727,
ENSCJAG00000077127,
ENSCJAG00000035632,Metazoa_SRP
ENSCJAG00000075316,Metazoa_SRP
ENSCJAG00000007392,CACNA1D
ENSCJAG00000041793,FOXF1
ENSCJAG00000086324,
ENSCJAG00000078906,U4
ENSCJAG00000016788,TMED8
ENSCJAG00000047610,
ENSCJAG00000045560,U4
ENSCJAG00000081701,
ENSCJAG00000082198,
ENSCJAG00000084639,ARMCX4
ENSCJAG00000009429,ATP2A2
ENSCJAG00000078958,ATF5
ENSCJAG00000083460,
ENSCJAG00000070310,NLRP2B
ENSCJAG00000018311,NAA40
ENSCJAG00000029882,U4
ENSCJAG00000073025,
ENSCJAG00000086593,Metazoa_SRP
ENSCJAG00000012795,DNAJC19
ENSCJAG00000006204,SYBU
ENSCJAG00000018970,JKAMP
ENSCJAG00000012301,ARPP21
ENSCJAG00000070782,5S_rRNA
ENSCJAG00000012539,CTBP2
ENSCJAG00000016098,PARD6A
ENSCJAG00000070392,
ENSCJAG00000016770,CAND2
ENSCJAG00000074128,
ENSCJAG00000068017,
ENSCJAG00000085235,
ENSCJAG00000020403,CT55
ENSCJAG00000014147,MED29
ENSCJAG00000044940,CACNG3
ENSCJAG00000062797,
ENSCJAG00000016793,SAMD15
ENSCJAG00000066415,U3
ENSCJAG00000002381,TARDBP
ENSCJAG00000078837,
ENSCJAG00000025112,
ENSCJAG00000072742,
ENSCJAG00000080341,
ENSCJAG00000069873,
ENSCJAG00000019667,ARMCX1
ENSCJAG00000079851,Metazoa_SRP
ENSCJAG00000073903,
ENSCJAG00000006133,NFATC2IP
ENSCJAG00000069994,
ENSCJAG00000025659,cja-mir-505
ENSCJAG00000078328,U6
ENSCJAG00000000866,
ENSCJAG00000070061,U6
ENSCJAG00000085288,
ENSCJAG00000081619,GP6
ENSCJAG00000004218,
ENSCJAG00000019673,ARMCX6
ENSCJAG00000029937,SNORD74B
ENSCJAG00000002394,FGFR1
ENSCJAG00000007328,CGRRF1
ENSCJAG00000010089,CXorf66
ENSCJAG00000009244,CYP7B1
ENSCJAG00000082157,FDX1
ENSCJAG00000004035,SETBP1
ENSCJAG00000000433,FABP12
ENSCJAG00000028975,cja-mir-99
ENSCJAG00000016088,ENKD1
ENSCJAG00000026935,
ENSCJAG00000080345,
ENSCJAG00000041997,SSPN
ENSCJAG00000082901,
ENSCJAG00000039375,ARMCX3
ENSCJAG00000017146,MTHFSD
ENSCJAG00000083612,Metazoa_SRP
ENSCJAG00000016798,NOXRED1
ENSCJAG00000069065,U6
ENSCJAG00000002517,PHC3
ENSCJAG00000026996,MIRLET7C
ENSCJAG00000069793,
ENSCJAG00000064247,SUCNR1
ENSCJAG00000058624,
ENSCJAG00000060900,U7
ENSCJAG00000057884,
ENSCJAG00000053560,
ENSCJAG00000063469,
ENSCJAG00000085488,
ENSCJAG00000074207,
ENSCJAG00000076194,Metazoa_SRP
ENSCJAG00000027577,MIR125B2
ENSCJAG00000028610,Y_RNA
ENSCJAG00000038513,Metazoa_SRP
ENSCJAG00000013564,EOGT
ENSCJAG00000043205,RRP1
ENSCJAG00000076431,Metazoa_SRP
ENSCJAG00000080211,
ENSCJAG00000046848,Metazoa_SRP
ENSCJAG00000007565,POGZ
ENSCJAG00000083116,
ENSCJAG00000007736,MAP3K20
ENSCJAG00000004355,TPM1
ENSCJAG00000018795,PDCD4
ENSCJAG00000002888,OTOL1
ENSCJAG00000076888,
ENSCJAG00000001084,AADAC
ENSCJAG00000035631,CDH3
ENSCJAG00000014531,ZNF75D
ENSCJAG00000029965,SNORA70
ENSCJAG00000007953,ACBD6
ENSCJAG00000016084,C16orf86
ENSCJAG00000027004,U6
ENSCJAG00000010750,ZNF599
ENSCJAG00000014482,ATP6V1H
ENSCJAG00000080559,
ENSCJAG00000083031,U7
ENSCJAG00000027829,
ENSCJAG00000070209,
ENSCJAG00000012439,WDR91
ENSCJAG00000059895,
ENSCJAG00000006147,CD19
ENSCJAG00000038803,SOX3
ENSCJAG00000053630,
ENSCJAG00000071484,
ENSCJAG00000074447,COX8A
ENSCJAG00000002366,MASP2
ENSCJAG00000056529,Metazoa_SRP
ENSCJAG00000040667,U6
ENSCJAG00000008401,SOX2
ENSCJAG00000018182,SAMD4A
ENSCJAG00000044071,CDK2AP2
ENSCJAG00000082978,U5
ENSCJAG00000071645,Metazoa_SRP
ENSCJAG00000041930,FABP4
ENSCJAG00000083082,
ENSCJAG00000070972,
ENSCJAG00000081297,Metazoa_SRP
ENSCJAG00000084828,
ENSCJAG00000014156,ZFP36
ENSCJAG00000070778,Metazoa_SRP
ENSCJAG00000016078,GFOD2
ENSCJAG00000003385,CXADR
ENSCJAG00000044455,ACRV1
ENSCJAG00000007973,LHX4
ENSCJAG00000073414,
ENSCJAG00000016801,VIPAS39
ENSCJAG00000018979,CCDC175
ENSCJAG00000085733,Metazoa_SRP
ENSCJAG00000010405,ARHGAP20
ENSCJAG00000080506,
ENSCJAG00000006780,ABHD12B
ENSCJAG00000084153,Metazoa_SRP
ENSCJAG00000051341,
ENSCJAG00000070332,
ENSCJAG00000077217,S100G
ENSCJAG00000004051,SLC14A2
ENSCJAG00000079021,U6
ENSCJAG00000025495,cja-mir-128-2
ENSCJAG00000074187,
ENSCJAG00000018269,OTUB1
ENSCJAG00000000124,RBM12B
ENSCJAG00000006248,EBAG9
ENSCJAG00000077388,Metazoa_SRP
ENSCJAG00000045921,SPTSSB
ENSCJAG00000054703,
ENSCJAG00000074189,
ENSCJAG00000079536,
ENSCJAG00000060434,
ENSCJAG00000076627,
ENSCJAG00000072956,Y_RNA
ENSCJAG00000007588,KLHL29
ENSCJAG00000004228,VRK3
ENSCJAG00000072021,Y_RNA
ENSCJAG00000001095,AADACL2
ENSCJAG00000015504,CDH1
ENSCJAG00000070625,
ENSCJAG00000066594,ZNF449
ENSCJAG00000085659,Metazoa_SRP
ENSCJAG00000079222,
ENSCJAG00000071638,Metazoa_SRP
ENSCJAG00000074010,
ENSCJAG00000008556,PATE1
ENSCJAG00000021533,RDH13
ENSCJAG00000002354,SRM
ENSCJAG00000079589,
ENSCJAG00000039928,Metazoa_SRP
ENSCJAG00000045144,BHLHE41
ENSCJAG00000073269,
ENSCJAG00000013491,TMF1
ENSCJAG00000045103,Y_RNA
ENSCJAG00000074732,
ENSCJAG00000028740,Y_RNA
ENSCJAG00000012350,STAC
ENSCJAG00000000126,CIBAR1
ENSCJAG00000081184,5S_rRNA
ENSCJAG00000084217,Metazoa_SRP
ENSCJAG00000006169,RABEP2
ENSCJAG00000017143,FOXC2
ENSCJAG00000000441,FABP9
ENSCJAG00000045864,ZNF792
ENSCJAG00000020661,RBBP6
ENSCJAG00000079569,
ENSCJAG00000074766,
ENSCJAG00000073314,
ENSCJAG00000072440,
ENSCJAG00000004462,SYAP1
ENSCJAG00000064743,
ENSCJAG00000075578,Metazoa_SRP
ENSCJAG00000085893,
ENSCJAG00000018989,RTN1
ENSCJAG00000016448,
ENSCJAG00000040651,FOXL1
ENSCJAG00000083349,
ENSCJAG00000086359,
ENSCJAG00000072200,U6
ENSCJAG00000014160,PLEKHG2
ENSCJAG00000070430,Metazoa_SRP
ENSCJAG00000000484,RBM44
ENSCJAG00000009253,ARMC1
ENSCJAG00000054707,
ENSCJAG00000075829,
ENSCJAG00000087164,5S_rRNA
ENSCJAG00000038818,RASSF8
ENSCJAG00000079684,GATAD1
ENSCJAG00000042959,
ENSCJAG00000085806,PMP2
ENSCJAG00000079463,
ENSCJAG00000018256,MACROD1
ENSCJAG00000074181,
ENSCJAG00000075895,LDOC1
ENSCJAG00000061647,
ENSCJAG00000069591,
ENSCJAG00000083492,
ENSCJAG00000048632,SLC14A1
ENSCJAG00000074657,
ENSCJAG00000079628,
ENSCJAG00000002327,EXOSC10
ENSCJAG00000007966,QSOX1
ENSCJAG00000006282,PKHD1L1
ENSCJAG00000087212,
ENSCJAG00000016055,RANBP10
ENSCJAG00000079312,U6
ENSCJAG00000076094,
ENSCJAG00000004329,
ENSCJAG00000079705,
ENSCJAG00000071384,Y_RNA
ENSCJAG00000083016,
ENSCJAG00000001101,IGSF10
ENSCJAG00000056795,
ENSCJAG00000009736,CFAP141
ENSCJAG00000081733,Metazoa_SRP
ENSCJAG00000037755,Metazoa_SRP
ENSCJAG00000082248,
ENSCJAG00000004497,C16orf95
ENSCJAG00000085010,
ENSCJAG00000083006,U6
ENSCJAG00000078162,
ENSCJAG00000076242,
ENSCJAG00000013964,ANKIB1
ENSCJAG00000061348,FABP5
ENSCJAG00000002900,NMD3
ENSCJAG00000079854,
ENSCJAG00000078069,PATE3
ENSCJAG00000071416,TEX36
ENSCJAG00000015482,TANGO6
ENSCJAG00000038120,Metazoa_SRP
ENSCJAG00000009547,USE1
ENSCJAG00000077130,Metazoa_SRP
ENSCJAG00000081605,BBIP1
ENSCJAG00000005988,ODR4
ENSCJAG00000069776,
ENSCJAG00000021528,EPS8L1
ENSCJAG00000003406,BTG3
ENSCJAG00000078997,
ENSCJAG00000082101,
ENSCJAG00000000131,
ENSCJAG00000009268,MTFR1
ENSCJAG00000071012,
ENSCJAG00000063235,
ENSCJAG00000086220,RAMP1
ENSCJAG00000019023,
ENSCJAG00000012428,CYREN
ENSCJAG00000071857,
ENSCJAG00000055418,SNORD9
ENSCJAG00000076559,
ENSCJAG00000065465,
ENSCJAG00000055401,FLRT1
ENSCJAG00000070159,
ENSCJAG00000045286,LMNTD1
ENSCJAG00000085306,
ENSCJAG00000028874,SNORD8
ENSCJAG00000038897,TXLNG
ENSCJAG00000071176,
ENSCJAG00000086845,
ENSCJAG00000069971,
ENSCJAG00000075217,
ENSCJAG00000086546,
ENSCJAG00000076185,
ENSCJAG00000014469,INTS6L
ENSCJAG00000008338,
ENSCJAG00000083108,Metazoa_SRP
ENSCJAG00000071568,Metazoa_SRP
ENSCJAG00000080651,
ENSCJAG00000070669,PATE4
ENSCJAG00000082380,
ENSCJAG00000079283,5S_rRNA
ENSCJAG00000073837,U7
ENSCJAG00000084176,Metazoa_SRP
ENSCJAG00000070128,
ENSCJAG00000019720,BEX5
ENSCJAG00000079678,Metazoa_SRP
ENSCJAG00000053158,
ENSCJAG00000073558,
ENSCJAG00000085059,
ENSCJAG00000074651,
ENSCJAG00000039388,TRIM9
ENSCJAG00000070791,
ENSCJAG00000073802,
ENSCJAG00000071745,CSTB
ENSCJAG00000086565,U6
ENSCJAG00000022064,
ENSCJAG00000073175,
ENSCJAG00000072738,Metazoa_SRP
ENSCJAG00000078433,
ENSCJAG00000078940,
ENSCJAG00000086398,
ENSCJAG00000082768,
ENSCJAG00000005411,MPV17L
ENSCJAG00000078882,
ENSCJAG00000078834,
ENSCJAG00000012380,DCLK3
ENSCJAG00000084813,
ENSCJAG00000080214,
ENSCJAG00000067923,SNORD39
ENSCJAG00000019037,LRRC9
ENSCJAG00000011167,SSR4
ENSCJAG00000077083,
ENSCJAG00000018854,SHOC2
ENSCJAG00000074162,U6
ENSCJAG00000086124,U7
ENSCJAG00000008981,RAB2B
ENSCJAG00000072081,
ENSCJAG00000075141,
ENSCJAG00000083928,
ENSCJAG00000079362,
ENSCJAG00000048255,TMEM140
ENSCJAG00000043918,
ENSCJAG00000056944,Metazoa_SRP
ENSCJAG00000059278,Metazoa_SRP
ENSCJAG00000076709,U6
ENSCJAG00000041856,
ENSCJAG00000062913,
ENSCJAG00000076027,
ENSCJAG00000077160,
ENSCJAG00000009584,OCEL1
ENSCJAG00000080083,5S_rRNA
ENSCJAG00000083233,Metazoa_SRP
ENSCJAG00000075112,
ENSCJAG00000000451,PAG1
ENSCJAG00000081965,U6
ENSCJAG00000080550,TCEAL2
ENSCJAG00000013395,UBA3
ENSCJAG00000042456,GCH1
ENSCJAG00000018209,STIP1
ENSCJAG00000003434,C21orf91
ENSCJAG00000052744,
ENSCJAG00000078097,
ENSCJAG00000070466,
ENSCJAG00000005176,ATP11B
ENSCJAG00000016456,RUBCN
ENSCJAG00000086004,
ENSCJAG00000046645,PUS3
ENSCJAG00000081095,
ENSCJAG00000073611,
ENSCJAG00000077305,
ENSCJAG00000004482,FBXO31
ENSCJAG00000070067,
ENSCJAG00000009722,C18H1orf43
ENSCJAG00000080539,
ENSCJAG00000037256,Metazoa_SRP
ENSCJAG00000078351,
ENSCJAG00000079826,
ENSCJAG00000080361,5S_rRNA
ENSCJAG00000074256,
ENSCJAG00000081641,Metazoa_SRP
ENSCJAG00000082776,
ENSCJAG00000076906,Y_RNA
ENSCJAG00000086643,AGPAT3
ENSCJAG00000012370,AGBL3
ENSCJAG00000019724,ZMAT1
ENSCJAG00000075841,
ENSCJAG00000015469,HAS3
ENSCJAG00000012481,EDRF1
ENSCJAG00000039854,ADRA2A
ENSCJAG00000054584,
ENSCJAG00000006389,ENY2
ENSCJAG00000084857,
ENSCJAG00000082633,U1
ENSCJAG00000030792,
ENSCJAG00000023227,
ENSCJAG00000040879,Metazoa_SRP
ENSCJAG00000060937,HYLS1
ENSCJAG00000006205,ATP2A1
ENSCJAG00000044202,MCFD2
ENSCJAG00000072072,
ENSCJAG00000022809,
ENSCJAG00000082477,
ENSCJAG00000085035,Metazoa_SRP
ENSCJAG00000002191,MTOR
ENSCJAG00000085315,
ENSCJAG00000051431,Metazoa_SRP
ENSCJAG00000003613,SFSWAP
ENSCJAG00000016750,RFX2
ENSCJAG00000087044,Metazoa_SRP
ENSCJAG00000009593,NR2F6
ENSCJAG00000010442,POU2AF2
ENSCJAG00000017938,CATSPERB
ENSCJAG00000074941,
ENSCJAG00000014000,KRIT1
ENSCJAG00000071966,Metazoa_SRP
ENSCJAG00000075068,
ENSCJAG00000000453,ZNF704
ENSCJAG00000072609,
ENSCJAG00000080692,
ENSCJAG00000082090,
ENSCJAG00000004470,LACTB
ENSCJAG00000080531,
ENSCJAG00000044275,KIAA0040
ENSCJAG00000014170,RPS16
ENSCJAG00000007869,TMEM47
ENSCJAG00000075040,
ENSCJAG00000053302,Metazoa_SRP
ENSCJAG00000022780,
ENSCJAG00000047511,BMERB1
ENSCJAG00000006619,VRK1
ENSCJAG00000008956,TOX4
ENSCJAG00000008600,DDX25
ENSCJAG00000073037,
ENSCJAG00000048611,OPRK1
ENSCJAG00000016837,AHSA1
ENSCJAG00000009305,PDE7A
ENSCJAG00000016781,IQSEC1
ENSCJAG00000082245,
ENSCJAG00000000476,UBE2F
ENSCJAG00000028164,U6
ENSCJAG00000004545,RBBP7
ENSCJAG00000038488,Metazoa_SRP
ENSCJAG00000070702,
ENSCJAG00000085523,Metazoa_SRP
ENSCJAG00000004336,NOM1
ENSCJAG00000084744,
ENSCJAG00000019921,EBF2
ENSCJAG00000072002,
ENSCJAG00000077724,
ENSCJAG00000057304,cja-mir-9909
ENSCJAG00000070480,
ENSCJAG00000069712,Metazoa_SRP
ENSCJAG00000083401,CHTF8
ENSCJAG00000077072,
ENSCJAG00000071719,
ENSCJAG00000084325,Metazoa_SRP
ENSCJAG00000081941,
ENSCJAG00000056955,
ENSCJAG00000071607,
ENSCJAG00000054326,
ENSCJAG00000078847,
ENSCJAG00000072786,
ENSCJAG00000019686,
ENSCJAG00000081991,
ENSCJAG00000082660,Y_RNA
ENSCJAG00000044005,U6
ENSCJAG00000077293,
ENSCJAG00000043971,Metazoa_SRP
ENSCJAG00000046736,Metazoa_SRP
ENSCJAG00000083591,
ENSCJAG00000072105,
ENSCJAG00000078991,MAP1LC3B
ENSCJAG00000012948,COQ8A
ENSCJAG00000044434,RPS27L
ENSCJAG00000074969,
ENSCJAG00000040712,Metazoa_SRP
ENSCJAG00000018208,WDHD1
ENSCJAG00000012130,
ENSCJAG00000021527,PPP1R12C
ENSCJAG00000081528,
ENSCJAG00000070763,
ENSCJAG00000069732,
ENSCJAG00000082372,
ENSCJAG00000079336,Metazoa_SRP
ENSCJAG00000047205,Metazoa_SRP
ENSCJAG00000086159,
ENSCJAG00000074198,PDC
ENSCJAG00000075587,
ENSCJAG00000010455,POU2AF3
ENSCJAG00000076388,
ENSCJAG00000042439,VSIG10L2
ENSCJAG00000030611,U8
ENSCJAG00000077795,
ENSCJAG00000079948,
ENSCJAG00000077256,
ENSCJAG00000083552,
ENSCJAG00000045845,
ENSCJAG00000084986,Metazoa_SRP
ENSCJAG00000009614,USHBP1
ENSCJAG00000048540,Metazoa_SRP
ENSCJAG00000077762,
ENSCJAG00000016904,DCAF6
ENSCJAG00000038595,TRIQK
ENSCJAG00000045720,Metazoa_SRP
ENSCJAG00000034330,U6
ENSCJAG00000072721,Metazoa_SRP
ENSCJAG00000001110,MED12L
ENSCJAG00000077834,
ENSCJAG00000016880,ISM2
ENSCJAG00000006407,NUDCD1
ENSCJAG00000025911,U2
ENSCJAG00000086011,
ENSCJAG00000072227,U5
ENSCJAG00000042287,SOCS5
ENSCJAG00000019704,MAGEB16
ENSCJAG00000005608,TRAPPC10
ENSCJAG00000086608,Metazoa_SRP
ENSCJAG00000009364,ANAPC7
ENSCJAG00000085662,
ENSCJAG00000077809,U4
ENSCJAG00000073874,
ENSCJAG00000044890,U6
ENSCJAG00000081111,
ENSCJAG00000010702,GRAMD1A
ENSCJAG00000059949,
ENSCJAG00000072300,U7
ENSCJAG00000013377,MSMB
ENSCJAG00000079562,Metazoa_SRP
ENSCJAG00000006064,PTGS2
ENSCJAG00000043662,CRIPT
ENSCJAG00000072741,
ENSCJAG00000069623,
ENSCJAG00000017940,TC2N
ENSCJAG00000073585,Metazoa_SRP
ENSCJAG00000077206,
ENSCJAG00000083055,U6
ENSCJAG00000079983,
ENSCJAG00000008893,METTL3
ENSCJAG00000070944,
ENSCJAG00000002324,ANGPTL7
ENSCJAG00000044757,KRAS
ENSCJAG00000016903,SPTLC2
ENSCJAG00000042696,RAB8B
ENSCJAG00000032700,U4
ENSCJAG00000012388,TRANK1
ENSCJAG00000005426,MARF1
ENSCJAG00000070799,
ENSCJAG00000004460,ZCCHC14
ENSCJAG00000003654,MMP17
ENSCJAG00000033935,Y_RNA
ENSCJAG00000003437,CHODL
ENSCJAG00000078466,
ENSCJAG00000015411,UTP4
ENSCJAG00000079229,Metazoa_SRP
ENSCJAG00000079831,
ENSCJAG00000046854,POU2AF1
ENSCJAG00000008669,CDON
ENSCJAG00000018177,FERMT3
ENSCJAG00000012475,MMP21
ENSCJAG00000084845,
ENSCJAG00000014016,LRRD1
ENSCJAG00000076424,
ENSCJAG00000007582,TDRD15
ENSCJAG00000070180,5S_rRNA
ENSCJAG00000000454,ZBTB10
ENSCJAG00000074821,Metazoa_SRP
ENSCJAG00000000680,PIGF
ENSCJAG00000016734,ACSBG2
ENSCJAG00000075075,
ENSCJAG00000052553,cja-mir-548c-2
ENSCJAG00000085463,Vault
ENSCJAG00000025093,
ENSCJAG00000040931,Metazoa_SRP
ENSCJAG00000078020,Metazoa_SRP
ENSCJAG00000082339,Metazoa_SRP
ENSCJAG00000078744,Metazoa_SRP
ENSCJAG00000043360,
ENSCJAG00000061619,Metazoa_SRP
ENSCJAG00000039147,
ENSCJAG00000086285,Metazoa_SRP
ENSCJAG00000058941,B3GALNT1
ENSCJAG00000080302,Metazoa_SRP
ENSCJAG00000011023,L1CAM
ENSCJAG00000024310,Y_RNA
ENSCJAG00000076834,
ENSCJAG00000056642,U2
ENSCJAG00000004344,LMBR1
ENSCJAG00000012295,CALD1
ENSCJAG00000072895,
ENSCJAG00000082700,ETFRF1
ENSCJAG00000016933,
ENSCJAG00000079015,
ENSCJAG00000080839,
ENSCJAG00000028553,U6
ENSCJAG00000084648,
ENSCJAG00000018889,GPAM
ENSCJAG00000073954,Metazoa_SRP
ENSCJAG00000081555,
ENSCJAG00000009360,ARPC3
ENSCJAG00000055583,Metazoa_SRP
ENSCJAG00000009641,BABAM1
ENSCJAG00000006433,TRHR
ENSCJAG00000062154,
ENSCJAG00000005148,DCUN1D1
ENSCJAG00000069737,
ENSCJAG00000000471,SCLY
ENSCJAG00000069811,U6
ENSCJAG00000045174,
ENSCJAG00000044422,RHOQ
ENSCJAG00000009369,DNAJC5B
ENSCJAG00000065334,
ENSCJAG00000072375,
ENSCJAG00000069889,Metazoa_SRP
ENSCJAG00000044302,ARL6IP5
ENSCJAG00000008855,SALL2
ENSCJAG00000084832,Metazoa_SRP
ENSCJAG00000002187,UBIAD1
ENSCJAG00000026072,cja-mir-484
ENSCJAG00000016936,ALKBH1
ENSCJAG00000078282,
ENSCJAG00000006080,PLA2G4A
ENSCJAG00000011305,APH1B
ENSCJAG00000074459,Metazoa_SRP
ENSCJAG00000076053,5S_rRNA
ENSCJAG00000076941,
ENSCJAG00000081096,U4
ENSCJAG00000072165,U6
ENSCJAG00000085246,
ENSCJAG00000008930,TNN
ENSCJAG00000007525,RAPGEF4
ENSCJAG00000014182,SUPT5H
ENSCJAG00000083411,
ENSCJAG00000070291,
ENSCJAG00000053531,
ENSCJAG00000078876,Metazoa_SRP
ENSCJAG00000084015,U6
ENSCJAG00000077236,Metazoa_SRP
ENSCJAG00000079143,Metazoa_SRP
ENSCJAG00000076805,Metazoa_SRP
ENSCJAG00000002587,ATP6V1E2
ENSCJAG00000014019,CYP51A1
ENSCJAG00000084226,
ENSCJAG00000005570,PWP2
ENSCJAG00000005503,NDE1
ENSCJAG00000009339,GPN3
ENSCJAG00000044059,MLLT1
ENSCJAG00000054917,
ENSCJAG00000018169,TRPT1
ENSCJAG00000062340,
ENSCJAG00000072001,
ENSCJAG00000086081,
ENSCJAG00000078022,
ENSCJAG00000074405,Metazoa_SRP
ENSCJAG00000016891,
ENSCJAG00000055074,
ENSCJAG00000012453,UROS
ENSCJAG00000079106,U6
ENSCJAG00000039946,PPM1L
ENSCJAG00000004607,REPS2
ENSCJAG00000002573,GPR160
ENSCJAG00000023212,TMEM74
ENSCJAG00000019055,PCNX4
ENSCJAG00000069746,U6
ENSCJAG00000016946,SLIRP
ENSCJAG00000063948,
ENSCJAG00000041258,Metazoa_SRP
ENSCJAG00000054528,
ENSCJAG00000013357,LMOD3
ENSCJAG00000032081,
ENSCJAG00000000699,TMEM247
ENSCJAG00000009656,ANKLE1
ENSCJAG00000013352,NCOA4
ENSCJAG00000083501,Metazoa_SRP
ENSCJAG00000086552,
ENSCJAG00000079594,
ENSCJAG00000080095,
ENSCJAG00000084774,U7
ENSCJAG00000017963,FBLN5
ENSCJAG00000002576,SEC62
ENSCJAG00000080820,
ENSCJAG00000070087,Metazoa_SRP
ENSCJAG00000007533,APOB
ENSCJAG00000072830,
ENSCJAG00000009328,FAM216A
ENSCJAG00000030174,U1
ENSCJAG00000011891,PPP5C
ENSCJAG00000081675,
ENSCJAG00000080965,
ENSCJAG00000035965,Metazoa_SRP
ENSCJAG00000074621,
ENSCJAG00000003693,ULK1
ENSCJAG00000036236,Metazoa_SRP
ENSCJAG00000072591,
ENSCJAG00000077756,
ENSCJAG00000078575,
ENSCJAG00000083904,
ENSCJAG00000083433,
ENSCJAG00000077549,ESPNL
ENSCJAG00000055806,
ENSCJAG00000028224,cja-mir-190b
ENSCJAG00000074618,
ENSCJAG00000085471,
ENSCJAG00000008620,UCHL5
ENSCJAG00000015408,SNTB2
ENSCJAG00000044393,
ENSCJAG00000002175,DISP3
ENSCJAG00000016035,TSNAXIP1
ENSCJAG00000076693,
ENSCJAG00000080618,
ENSCJAG00000018289,SOCS4
ENSCJAG00000073391,
ENSCJAG00000016947,SNW1
ENSCJAG00000006437,EMC2
ENSCJAG00000075887,
ENSCJAG00000009699,ABHD8
ENSCJAG00000048221,BCL11B
ENSCJAG00000024611,MIR122
ENSCJAG00000014530,RB1CC1
ENSCJAG00000000144,RUNX1T1
ENSCJAG00000071516,Metazoa_SRP
ENSCJAG00000078243,
ENSCJAG00000080060,
ENSCJAG00000084138,
ENSCJAG00000024720,SNORA72
ENSCJAG00000072551,
ENSCJAG00000081049,
ENSCJAG00000074270,Metazoa_SRP
ENSCJAG00000023226,OR10G3
ENSCJAG00000002602,SAMD7
ENSCJAG00000071453,
ENSCJAG00000000459,KLHL30
ENSCJAG00000002943,
ENSCJAG00000081251,
ENSCJAG00000085844,MAPK1IP1L
ENSCJAG00000008014,CEP350
ENSCJAG00000085154,
ENSCJAG00000085478,U4
ENSCJAG00000079035,
ENSCJAG00000019958,CDCA2
ENSCJAG00000076358,Y_RNA
ENSCJAG00000079280,RPUSD4
ENSCJAG00000078089,5S_rRNA
ENSCJAG00000012411,BCCIP
ENSCJAG00000008845,OR10G2
ENSCJAG00000011284,CA12
ENSCJAG00000005992,SLITRK2
ENSCJAG00000076353,
ENSCJAG00000000700,EPAS1
ENSCJAG00000073593,Y_RNA
ENSCJAG00000018163,NUDT22
ENSCJAG00000080819,MRPL34
ENSCJAG00000042670,ZNF473
ENSCJAG00000059410,SNORD115
ENSCJAG00000076979,Metazoa_SRP
ENSCJAG00000061677,
ENSCJAG00000003594,ALPK2
ENSCJAG00000009384,TRIM55
ENSCJAG00000004357,RNF32
ENSCJAG00000003442,TMPRSS15
ENSCJAG00000082920,Metazoa_SRP
ENSCJAG00000008836,
ENSCJAG00000005560,GATD3
ENSCJAG00000077400,U6
ENSCJAG00000006210,SH2B1
ENSCJAG00000016705,ACER1
ENSCJAG00000019070,DHRS7
ENSCJAG00000084196,
ENSCJAG00000000456,ERFE
ENSCJAG00000039318,Metazoa_SRP
ENSCJAG00000076579,Metazoa_SRP
ENSCJAG00000069013,
ENSCJAG00000009677,UBAP2L
ENSCJAG00000018940,TECTB
ENSCJAG00000009321,VPS29
ENSCJAG00000018296,LGALS3
ENSCJAG00000046290,IFRD1
ENSCJAG00000038718,DNAI7
ENSCJAG00000071214,Metazoa_SRP
ENSCJAG00000013312,FRMD4B
ENSCJAG00000072510,U1
ENSCJAG00000070855,DDA1
ENSCJAG00000080054,
ENSCJAG00000016488,FYTTD1
ENSCJAG00000008801,JPH3
ENSCJAG00000006717,SETD3
ENSCJAG00000056301,OR4E1
ENSCJAG00000060165,U3
ENSCJAG00000005132,PRRG1
ENSCJAG00000012409,EPM2AIP1
ENSCJAG00000069731,
ENSCJAG00000012356,DHX32
ENSCJAG00000078095,U6
ENSCJAG00000056884,SAGE1
ENSCJAG00000002947,KPNA4
ENSCJAG00000026596,
ENSCJAG00000005103,MCCC1
ENSCJAG00000012908,PSEN2
ENSCJAG00000008701,FAM118B
ENSCJAG00000063220,cja-mir-891d
ENSCJAG00000071925,Metazoa_SRP
ENSCJAG00000003720,PUS1
ENSCJAG00000081380,
ENSCJAG00000045760,TRAV2
ENSCJAG00000018151,DNAJC4
ENSCJAG00000045114,TNNT1
ENSCJAG00000046044,U6
ENSCJAG00000046904,CLPP
ENSCJAG00000019087,PPM1A
ENSCJAG00000002610,LRRC31
ENSCJAG00000006458,EIF3E
ENSCJAG00000084230,
ENSCJAG00000065922,cja-mir-891c
ENSCJAG00000074744,Metazoa_SRP
ENSCJAG00000075150,
ENSCJAG00000060808,
ENSCJAG00000085829,U4
ENSCJAG00000040310,ANO8
ENSCJAG00000038681,
ENSCJAG00000074769,CCDC8
ENSCJAG00000058630,cja-mir-891b-1
ENSCJAG00000083196,
ENSCJAG00000074915,Metazoa_SRP
ENSCJAG00000008831,TRAV3
ENSCJAG00000015386,VPS4A
ENSCJAG00000079629,SCARNA18B
ENSCJAG00000036215,Metazoa_SRP
ENSCJAG00000017995,TRIP11
ENSCJAG00000077576,
ENSCJAG00000078711,Metazoa_SRP
ENSCJAG00000074521,
ENSCJAG00000087048,
ENSCJAG00000081859,
ENSCJAG00000064398,
ENSCJAG00000053841,U2
ENSCJAG00000062247,TRAV4
ENSCJAG00000075292,PNMA8C
ENSCJAG00000086770,
ENSCJAG00000081559,
ENSCJAG00000071277,
ENSCJAG00000085505,
ENSCJAG00000020677,TNRC6A
ENSCJAG00000077266,
ENSCJAG00000082648,
ENSCJAG00000083476,
ENSCJAG00000004260,IZUMO2
ENSCJAG00000078044,Y_RNA
ENSCJAG00000072175,
ENSCJAG00000057339,
ENSCJAG00000016022,CENPT
ENSCJAG00000012335,FANK1
ENSCJAG00000057834,
ENSCJAG00000000443,ILKAP
ENSCJAG00000003576,ICOSLG
ENSCJAG00000070341,
ENSCJAG00000078512,Metazoa_SRP
ENSCJAG00000073986,
ENSCJAG00000085538,
ENSCJAG00000080339,Metazoa_SRP
ENSCJAG00000077140,
ENSCJAG00000018306,DLGAP5
ENSCJAG00000078909,Metazoa_SRP
ENSCJAG00000086316,Metazoa_SRP
ENSCJAG00000085866,
ENSCJAG00000009731,GTPBP3
ENSCJAG00000079879,Metazoa_SRP
ENSCJAG00000038420,cja-mir-513a-3
ENSCJAG00000070156,
ENSCJAG00000076573,Metazoa_SRP
ENSCJAG00000008566,RO60
ENSCJAG00000075071,
ENSCJAG00000029228,
ENSCJAG00000045117,U4
ENSCJAG00000016691,ALKBH7
ENSCJAG00000071325,U6
ENSCJAG00000048070,TMX1
ENSCJAG00000076748,Y_RNA
ENSCJAG00000084709,Y_RNA
ENSCJAG00000011875,PNMAL2
ENSCJAG00000054773,cja-mir-513a-2
ENSCJAG00000084011,cja-mir-548y-1
ENSCJAG00000086511,Metazoa_SRP
ENSCJAG00000019107,C14orf39
ENSCJAG00000008484,EPG5
ENSCJAG00000046547,TRAV9-1
ENSCJAG00000079492,
ENSCJAG00000053123,
ENSCJAG00000075656,
ENSCJAG00000081664,
ENSCJAG00000078852,cja-mir-513f-3
ENSCJAG00000016795,NUP210
ENSCJAG00000087076,DNMT3L
ENSCJAG00000002617,LRRIQ4
ENSCJAG00000005543,MYH11
ENSCJAG00000018126,VEGFB
ENSCJAG00000077197,Metazoa_SRP
ENSCJAG00000072384,
ENSCJAG00000029280,U4
ENSCJAG00000006738,CCNK
ENSCJAG00000075281,Y_RNA
ENSCJAG00000053354,cja-mir-513f-2
ENSCJAG00000046511,TRAV10
ENSCJAG00000038415,Metazoa_SRP
ENSCJAG00000041187,
ENSCJAG00000048170,
ENSCJAG00000075730,Metazoa_SRP
ENSCJAG00000071702,Metazoa_SRP
ENSCJAG00000086169,MSMB
ENSCJAG00000004660,NHS
ENSCJAG00000084959,cja-mir-513b-2
ENSCJAG00000005150,XK
ENSCJAG00000022068,CMTR2
ENSCJAG00000042714,TRAV12-1
ENSCJAG00000087385,Metazoa_SRP
ENSCJAG00000018943,ACSL5
ENSCJAG00000012414,MLH1
ENSCJAG00000062770,
ENSCJAG00000085850,cja-mir-513h
ENSCJAG00000072656,
ENSCJAG00000009753,PLVAP
ENSCJAG00000003580,MALT1
ENSCJAG00000008702,KLHDC4
ENSCJAG00000079378,Metazoa_SRP
ENSCJAG00000045427,Metazoa_SRP
ENSCJAG00000081193,cja-mir-513f-1
ENSCJAG00000074319,
ENSCJAG00000019969,KCTD9
ENSCJAG00000019120,SIX6
ENSCJAG00000058246,NUTF2
ENSCJAG00000070348,cja-mir-513h
ENSCJAG00000027427,SCARNA7
ENSCJAG00000009289,RAD9B
ENSCJAG00000086199,Metazoa_SRP
ENSCJAG00000085508,
ENSCJAG00000008752,SRPRA
ENSCJAG00000031368,SNORA70
ENSCJAG00000000724,PRKCE
ENSCJAG00000078405,CALM3
ENSCJAG00000045926,Metazoa_SRP
ENSCJAG00000055816,cja-mir-513a-1
ENSCJAG00000038946,FKBP2
ENSCJAG00000071141,
ENSCJAG00000016688,PSPN
ENSCJAG00000052724,TRAV8-3
ENSCJAG00000084039,
ENSCJAG00000071798,
ENSCJAG00000035850,Metazoa_SRP
ENSCJAG00000042060,
ENSCJAG00000013230,FBXO2
ENSCJAG00000013336,TIMM23B
ENSCJAG00000018323,DISC1
ENSCJAG00000008562,GLRX2
ENSCJAG00000079943,CCDC85C
ENSCJAG00000000434,HES6
ENSCJAG00000041991,TRAV13-1
ENSCJAG00000016506,LRCH3
ENSCJAG00000012314,ADAM12
ENSCJAG00000037252,PDF
ENSCJAG00000082942,
ENSCJAG00000012283,BPGM
ENSCJAG00000007531,LDAH
ENSCJAG00000063759,SIX1
ENSCJAG00000075626,
ENSCJAG00000017677,TNNI3
ENSCJAG00000082915,
ENSCJAG00000040584,CCDC194
ENSCJAG00000039190,TRAV12-2
ENSCJAG00000002624,LRRC34
ENSCJAG00000044138,LSMEM1
ENSCJAG00000085025,Metazoa_SRP
ENSCJAG00000039494,Metazoa_SRP
ENSCJAG00000080140,
ENSCJAG00000015963,EDC4
ENSCJAG00000080614,SNORD38C
ENSCJAG00000070198,
ENSCJAG00000012894,ITPKB
ENSCJAG00000076403,
ENSCJAG00000013748,AIRE
ENSCJAG00000025791,SNORA74
ENSCJAG00000076706,
ENSCJAG00000067970,MMGT1
ENSCJAG00000064458,
ENSCJAG00000007390,
ENSCJAG00000065654,
ENSCJAG00000086897,
ENSCJAG00000016669,GTF2F1
ENSCJAG00000006515,RSPO2
ENSCJAG00000004506,USP3
ENSCJAG00000033644,
ENSCJAG00000015376,COG8
ENSCJAG00000070034,Y_RNA
ENSCJAG00000013224,PARG
ENSCJAG00000005191,CYBB
ENSCJAG00000047020,PPP1R14B
ENSCJAG00000019133,SIX4
ENSCJAG00000009764,BST2
ENSCJAG00000008803,TRAV12-3
ENSCJAG00000072876,
ENSCJAG00000000428,PER2
ENSCJAG00000069676,
ENSCJAG00000012250,AKR1B10
ENSCJAG00000006907,FRMD6
ENSCJAG00000015962,NRN1L
ENSCJAG00000086749,
ENSCJAG00000007563,CHDH
ENSCJAG00000014875,HYDIN
ENSCJAG00000081553,TRAV8-6
ENSCJAG00000072201,U1
ENSCJAG00000083180,U6
ENSCJAG00000002974,SMC4
ENSCJAG00000008505,CDC73
ENSCJAG00000071688,U1
ENSCJAG00000052876,Metazoa_SRP
ENSCJAG00000071362,cja-mir-513h
ENSCJAG00000084526,DNAAF3
ENSCJAG00000076488,
ENSCJAG00000018025,ATXN3
ENSCJAG00000070134,
ENSCJAG00000012889,STUM
ENSCJAG00000087347,
ENSCJAG00000060898,
ENSCJAG00000074729,cja-mir-513d-2
ENSCJAG00000078412,
ENSCJAG00000052073,TRAV16
ENSCJAG00000015958,PSKH1
ENSCJAG00000014035,AKAP9
ENSCJAG00000005479,LAD1
ENSCJAG00000070953,
ENSCJAG00000020690,SLC5A11
ENSCJAG00000006522,ANGPT1
ENSCJAG00000008850,FOXRED1
ENSCJAG00000064515,
ENSCJAG00000016982,TMEM168
ENSCJAG00000082122,cja-mir-513g
ENSCJAG00000006767,HHIPL1
ENSCJAG00000086992,
ENSCJAG00000019143,MNAT1
ENSCJAG00000046659,TPD52
ENSCJAG00000070771,
ENSCJAG00000017630,PFKL
ENSCJAG00000000419,TRAF3IP1
ENSCJAG00000074401,cja-mir-513d-1
ENSCJAG00000077987,
ENSCJAG00000079473,U6
ENSCJAG00000081255,TRAV17
ENSCJAG00000013764,MVB12A
ENSCJAG00000079891,
ENSCJAG00000057680,cja-mir-513b-1
ENSCJAG00000015364,NIP7
ENSCJAG00000018956,ZDHHC6
ENSCJAG00000085701,
ENSCJAG00000072571,Metazoa_SRP
ENSCJAG00000007546,IL17RB
ENSCJAG00000004043,SLC9A6
ENSCJAG00000006164,BRINP3
ENSCJAG00000051537,
ENSCJAG00000073009,cja-mir-513c-1
ENSCJAG00000017136,CNTN2
ENSCJAG00000048653,CRH
ENSCJAG00000078610,
ENSCJAG00000077161,U6
ENSCJAG00000082155,Metazoa_SRP
ENSCJAG00000082964,
ENSCJAG00000074698,
ENSCJAG00000064293,
ENSCJAG00000086064,cja-mir-513d-1
ENSCJAG00000079206,
ENSCJAG00000074761,
ENSCJAG00000055013,BMT2
ENSCJAG00000084605,
ENSCJAG00000080388,
ENSCJAG00000075958,
ENSCJAG00000013181,OGDHL
ENSCJAG00000051466,cja-mir-506
ENSCJAG00000015948,CTRL
ENSCJAG00000076730,Metazoa_SRP
ENSCJAG00000007529,GDF7
ENSCJAG00000012231,
ENSCJAG00000054414,TRAV19
ENSCJAG00000036544,TMEM221
ENSCJAG00000061274,cja-mir-507
ENSCJAG00000083963,
ENSCJAG00000080057,
ENSCJAG00000084673,U6
ENSCJAG00000075812,ALKAL1
ENSCJAG00000076356,
ENSCJAG00000076813,
ENSCJAG00000062452,cja-mir-508
ENSCJAG00000077145,Metazoa_SRP
ENSCJAG00000078843,
ENSCJAG00000000727,SRBD1
ENSCJAG00000011850,PTGIR
ENSCJAG00000018081,PLCB3
ENSCJAG00000080483,cja-mir-548y-2
ENSCJAG00000044448,Metazoa_SRP
ENSCJAG00000036469,cja-mir-514b
ENSCJAG00000078477,
ENSCJAG00000022034,RRS1
ENSCJAG00000052937,TRAV20
ENSCJAG00000015355,TMED6
ENSCJAG00000071073,
ENSCJAG00000084100,Y_RNA
ENSCJAG00000066877,GPR85
ENSCJAG00000058438,
ENSCJAG00000074279,U6
ENSCJAG00000019157,TRMT5
ENSCJAG00000007566,ACTR8
ENSCJAG00000056809,
ENSCJAG00000073345,
ENSCJAG00000072137,
ENSCJAG00000085968,
ENSCJAG00000087377,
ENSCJAG00000061175,
ENSCJAG00000006236,TUFM
ENSCJAG00000013780,NXNL1
ENSCJAG00000003733,EP400
ENSCJAG00000041204,PPTC7
ENSCJAG00000071148,
ENSCJAG00000022992,SMIM30
ENSCJAG00000022803,
ENSCJAG00000060101,Metazoa_SRP
ENSCJAG00000075224,
ENSCJAG00000086545,
ENSCJAG00000072886,U4
ENSCJAG00000074670,TRAV21
ENSCJAG00000008886,TIRAP
ENSCJAG00000016627,KHSRP
ENSCJAG00000057227,
ENSCJAG00000023213,
ENSCJAG00000076459,
ENSCJAG00000078842,
ENSCJAG00000007517,HS1BP3
ENSCJAG00000042984,Metazoa_SRP
ENSCJAG00000071846,
ENSCJAG00000040514,Metazoa_SRP
ENSCJAG00000015339,TERF2
ENSCJAG00000082697,
ENSCJAG00000083508,
ENSCJAG00000053823,PSMB10
ENSCJAG00000017651,SYT5
ENSCJAG00000082054,
ENSCJAG00000036657,Metazoa_SRP
ENSCJAG00000082476,Metazoa_SRP
ENSCJAG00000076225,
ENSCJAG00000078785,Y_RNA
ENSCJAG00000021876,FBXO34
ENSCJAG00000044139,Y_RNA
ENSCJAG00000011973,
ENSCJAG00000079788,
ENSCJAG00000053276,B3GALT2
ENSCJAG00000007612,
ENSCJAG00000040325,ABRA
ENSCJAG00000012197,SLC35B4
ENSCJAG00000004434,ADHFE1
ENSCJAG00000011841,GNG8
ENSCJAG00000082727,
ENSCJAG00000011008,ARHGAP4
ENSCJAG00000056379,cja-mir-3940
ENSCJAG00000000414,ASB1
ENSCJAG00000005242,SYTL5
ENSCJAG00000055948,U6
ENSCJAG00000053604,RGS18
ENSCJAG00000014276,TIMM50
ENSCJAG00000032238,
ENSCJAG00000013783,SLC27A1
ENSCJAG00000072484,
ENSCJAG00000085562,
ENSCJAG00000070873,
ENSCJAG00000016615,
ENSCJAG00000006251,ATXN2L
ENSCJAG00000008986,MRPS14
ENSCJAG00000070650,U6
ENSCJAG00000045707,VTI1A
ENSCJAG00000070151,U6
ENSCJAG00000083596,LCAT
ENSCJAG00000008896,DCPS
ENSCJAG00000018362,ATG14
ENSCJAG00000068143,P2RY12
ENSCJAG00000004268,MYH14
ENSCJAG00000079295,
ENSCJAG00000064800,TRAV23DV6
ENSCJAG00000067936,CYB5B
ENSCJAG00000074815,U4
ENSCJAG00000086542,U6
ENSCJAG00000036892,SLC22A31
ENSCJAG00000084842,
ENSCJAG00000068069,
ENSCJAG00000042712,Metazoa_SRP
ENSCJAG00000002629,MYNN
ENSCJAG00000057044,P2RY13
ENSCJAG00000084060,U6
ENSCJAG00000078897,U6
ENSCJAG00000042823,DACT3
ENSCJAG00000071652,RGS21
ENSCJAG00000061898,
ENSCJAG00000047980,
ENSCJAG00000075136,
ENSCJAG00000006798,CYP46A1
ENSCJAG00000040306,Metazoa_SRP
ENSCJAG00000019161,SLC38A6
ENSCJAG00000013260,MITF
ENSCJAG00000071312,
ENSCJAG00000077234,U6
ENSCJAG00000013717,NCAM2
ENSCJAG00000012831,PARP1
ENSCJAG00000002356,TACC1
ENSCJAG00000071604,
ENSCJAG00000074989,
ENSCJAG00000001138,GPR87
ENSCJAG00000077306,U6
ENSCJAG00000008769,TRAV24
ENSCJAG00000018372,TBPL2
ENSCJAG00000045584,
ENSCJAG00000007659,CGN
ENSCJAG00000075458,
ENSCJAG00000045154,Metazoa_SRP
ENSCJAG00000026742,SNORA58B
ENSCJAG00000012164,LRGUK
ENSCJAG00000022935,
ENSCJAG00000068156,U3
ENSCJAG00000039065,SIX2
ENSCJAG00000071741,U6
ENSCJAG00000004563,FBXL22
ENSCJAG00000083422,5S_rRNA
ENSCJAG00000086494,Metazoa_SRP
ENSCJAG00000075109,
ENSCJAG00000034755,U6
ENSCJAG00000036805,Metazoa_SRP
ENSCJAG00000017640,PTPRH
ENSCJAG00000042871,
ENSCJAG00000074896,
ENSCJAG00000008766,
ENSCJAG00000068278,P2RY14
ENSCJAG00000001398,CACYBP
ENSCJAG00000082886,NOP10
ENSCJAG00000023006,TWIST2
ENSCJAG00000023313,
ENSCJAG00000007622,CACNA2D3
ENSCJAG00000016577,SLC25A23
ENSCJAG00000081113,
ENSCJAG00000008708,RGS1
ENSCJAG00000053059,
ENSCJAG00000079241,Metazoa_SRP
ENSCJAG00000078865,
ENSCJAG00000059282,GPR171
ENSCJAG00000045326,TRAV26-1
ENSCJAG00000083541,
ENSCJAG00000052229,
ENSCJAG00000076016,
ENSCJAG00000009202,TCTN1
ENSCJAG00000013798,PGLS
ENSCJAG00000000736,SIX3
ENSCJAG00000077424,
ENSCJAG00000057722,U8
ENSCJAG00000072508,Metazoa_SRP
ENSCJAG00000015262,NFAT5
ENSCJAG00000076469,
ENSCJAG00000078881,U6
ENSCJAG00000085756,
ENSCJAG00000057346,
ENSCJAG00000076743,U6
ENSCJAG00000033483,Y_RNA
ENSCJAG00000079527,
ENSCJAG00000009660,HAX1
ENSCJAG00000070727,
ENSCJAG00000038354,
ENSCJAG00000073971,U6
ENSCJAG00000085007,U6
ENSCJAG00000000059,IFNAR2
ENSCJAG00000008699,RGS13
ENSCJAG00000070852,
ENSCJAG00000008901,ST3GAL4
ENSCJAG00000078799,Metazoa_SRP
ENSCJAG00000044939,CRB3
ENSCJAG00000070267,Metazoa_SRP
ENSCJAG00000002650,ACTRT3
ENSCJAG00000014280,DLL3
ENSCJAG00000077207,RHOB
ENSCJAG00000084633,
ENSCJAG00000080774,Metazoa_SRP
ENSCJAG00000070545,
ENSCJAG00000003685,RAI2
ENSCJAG00000085709,
ENSCJAG00000019986,DOCK5
ENSCJAG00000018074,BAD
ENSCJAG00000047139,
ENSCJAG00000085644,
ENSCJAG00000039953,TRIM59
ENSCJAG00000067281,VXN
ENSCJAG00000066180,
ENSCJAG00000040967,cja-mir-548n-2
ENSCJAG00000001146,CLRN1
ENSCJAG00000083201,
ENSCJAG00000074894,
ENSCJAG00000060345,TRAV29DV5
ENSCJAG00000013171,C10orf53
ENSCJAG00000086212,
ENSCJAG00000078228,
ENSCJAG00000026215,cja-mir-16-2
ENSCJAG00000071637,U6
ENSCJAG00000006341,
ENSCJAG00000047142,PRKD2
ENSCJAG00000076755,
ENSCJAG00000021205,MCF2L2
ENSCJAG00000083883,
ENSCJAG00000080340,
ENSCJAG00000054615,MRPS28
ENSCJAG00000056889,
ENSCJAG00000039539,TRAV26-2
ENSCJAG00000028495,cja-mir-15b
ENSCJAG00000072577,
ENSCJAG00000071179,U6
ENSCJAG00000013497,
ENSCJAG00000085700,Metazoa_SRP
ENSCJAG00000045785,TRAV34
ENSCJAG00000045243,TNNI1
ENSCJAG00000008679,SLC7A5
ENSCJAG00000028598,
ENSCJAG00000000749,CAMKMT
ENSCJAG00000020698,ARHGAP17
ENSCJAG00000003543,ZNF532
ENSCJAG00000039956,TSNAX
ENSCJAG00000045700,PRTN3
ENSCJAG00000066501,Metazoa_SRP
ENSCJAG00000005292,SRPX
ENSCJAG00000078570,U3
ENSCJAG00000008680,RGS2
ENSCJAG00000084717,
ENSCJAG00000007992,TOR1AIP1
ENSCJAG00000010864,ANKRD11
ENSCJAG00000009423,HDAC4
ENSCJAG00000053640,
ENSCJAG00000016543,DENND1C
ENSCJAG00000000786,IQCG
ENSCJAG00000027842,U1
ENSCJAG00000071451,IL10RB
ENSCJAG00000003036,IFT80
ENSCJAG00000012082,EXOC4
ENSCJAG00000014847,VAC14
ENSCJAG00000086921,
ENSCJAG00000070463,U4
ENSCJAG00000018062,GPR137
ENSCJAG00000017595,PPP6R1
ENSCJAG00000011022,AVPR2
ENSCJAG00000001151,MINDY4B
ENSCJAG00000076622,
ENSCJAG00000071275,
ENSCJAG00000074817,Metazoa_SRP
ENSCJAG00000071704,TRAV36DV7
ENSCJAG00000071916,
ENSCJAG00000083419,Metazoa_SRP
ENSCJAG00000013143,CHAT
ENSCJAG00000059459,B3GNT5
ENSCJAG00000072548,
ENSCJAG00000004567,HERC1
ENSCJAG00000076501,Metazoa_SRP
ENSCJAG00000073418,
ENSCJAG00000083795,
ENSCJAG00000061633,U4
ENSCJAG00000073960,
ENSCJAG00000068012,Metazoa_SRP
ENSCJAG00000007748,TUFT1
ENSCJAG00000060204,U7
ENSCJAG00000062741,
ENSCJAG00000080306,
ENSCJAG00000015875,SLC12A4
ENSCJAG00000071954,Metazoa_SRP
ENSCJAG00000070947,Metazoa_SRP
ENSCJAG00000078497,Metazoa_SRP
ENSCJAG00000005875,SCML2
ENSCJAG00000013801,NIBAN3
ENSCJAG00000079124,
ENSCJAG00000082165,
ENSCJAG00000071659,
ENSCJAG00000077029,Metazoa_SRP
ENSCJAG00000036381,U6
ENSCJAG00000069707,
ENSCJAG00000012285,C10orf90
ENSCJAG00000078053,
ENSCJAG00000039343,FHL1
ENSCJAG00000037712,Metazoa_SRP
ENSCJAG00000035304,ELANE
ENSCJAG00000031584,
ENSCJAG00000070329,
ENSCJAG00000047999,EGLN1
ENSCJAG00000073242,
ENSCJAG00000006842,EML1
ENSCJAG00000063075,
ENSCJAG00000087256,Metazoa_SRP
ENSCJAG00000083094,U6
ENSCJAG00000087088,
ENSCJAG00000059499,Metazoa_SRP
ENSCJAG00000029575,SNORA63
ENSCJAG00000004443,YJU2B
ENSCJAG00000074895,Metazoa_SRP
ENSCJAG00000071619,Metazoa_SRP
ENSCJAG00000047836,TRAV38-1
ENSCJAG00000056634,Metazoa_SRP
ENSCJAG00000086337,HEY1
ENSCJAG00000070026,U6
ENSCJAG00000075270,
ENSCJAG00000082863,
ENSCJAG00000085827,
ENSCJAG00000021212,KLHL6
ENSCJAG00000069892,
ENSCJAG00000086248,
ENSCJAG00000009181,HVCN1
ENSCJAG00000016985,MPC2
ENSCJAG00000068988,SIAH2
ENSCJAG00000076280,Y_RNA
ENSCJAG00000068819,
ENSCJAG00000084254,
ENSCJAG00000069976,
ENSCJAG00000009657,AQP10
ENSCJAG00000018067,NDUFB1
ENSCJAG00000081851,
ENSCJAG00000079761,Metazoa_SRP
ENSCJAG00000014506,NAA10
ENSCJAG00000019178,PRKCH
ENSCJAG00000007738,LRTM1
ENSCJAG00000044187,MRI1
ENSCJAG00000053184,
ENSCJAG00000085205,
ENSCJAG00000077437,
ENSCJAG00000083882,
ENSCJAG00000042384,
ENSCJAG00000042763,U6
ENSCJAG00000087373,U6
ENSCJAG00000017172,RBBP5
ENSCJAG00000046953,TRAV40
ENSCJAG00000014831,MTSS2
ENSCJAG00000074057,
ENSCJAG00000007450,PUM2
ENSCJAG00000079279,
ENSCJAG00000075107,CFD
ENSCJAG00000069651,U6
ENSCJAG00000073660,U4
ENSCJAG00000078018,
ENSCJAG00000016435,COL13A1
ENSCJAG00000082211,KLHL24
ENSCJAG00000083080,
ENSCJAG00000087299,U6
ENSCJAG00000051847,
ENSCJAG00000018340,SPRTN
ENSCJAG00000070520,U6
ENSCJAG00000083863,C22H19orf53
ENSCJAG00000045541,NQO1
ENSCJAG00000081479,
ENSCJAG00000086715,U1
ENSCJAG00000081897,
ENSCJAG00000075910,Metazoa_SRP
ENSCJAG00000038715,PHLDA3
ENSCJAG00000071223,Metazoa_SRP
ENSCJAG00000000056,IFNAR1
ENSCJAG00000081952,HSPE1
ENSCJAG00000013140,SLC18A3
ENSCJAG00000085543,
ENSCJAG00000039785,Metazoa_SRP
ENSCJAG00000006571,OXR1
ENSCJAG00000080765,
ENSCJAG00000083754,
ENSCJAG00000003521,SEC11C
ENSCJAG00000074169,
ENSCJAG00000070499,
ENSCJAG00000082604,
ENSCJAG00000042880,TRDV2
ENSCJAG00000081518,CSRP1
ENSCJAG00000055388,
ENSCJAG00000018069,CPSF2
ENSCJAG00000069795,
ENSCJAG00000073452,Metazoa_SRP
ENSCJAG00000000785,RPL35A
ENSCJAG00000000809,HSPBP1
ENSCJAG00000086647,Metazoa_SRP
ENSCJAG00000080842,
ENSCJAG00000000485,STMN2
ENSCJAG00000004397,ZSWIM4
ENSCJAG00000012743,LIN9
ENSCJAG00000074345,U6
ENSCJAG00000001182,ERICH6
ENSCJAG00000002336,PLEKHA2
ENSCJAG00000084322,
ENSCJAG00000012550,LRRFIP2
ENSCJAG00000075423,Metazoa_SRP
ENSCJAG00000000754,PREPL
ENSCJAG00000037626,Metazoa_SRP
ENSCJAG00000075928,Y_RNA
ENSCJAG00000086230,U4
ENSCJAG00000078295,
ENSCJAG00000011749,STRN4
ENSCJAG00000028367,
ENSCJAG00000014500,RENBP
ENSCJAG00000085557,TRDC
ENSCJAG00000008996,KIRREL3
ENSCJAG00000074926,BANP
ENSCJAG00000035792,CHCHD3
ENSCJAG00000041790,Metazoa_SRP
ENSCJAG00000079638,
ENSCJAG00000059036,Metazoa_SRP
ENSCJAG00000007750,WNT5A
ENSCJAG00000081270,Metazoa_SRP
ENSCJAG00000053796,
ENSCJAG00000045632,
ENSCJAG00000083577,
ENSCJAG00000043744,Metazoa_SRP
ENSCJAG00000016534,TUBB4A
ENSCJAG00000071677,Metazoa_SRP
ENSCJAG00000009147,PPP1CC
ENSCJAG00000077943,
ENSCJAG00000077333,
ENSCJAG00000013427,ERCC6
ENSCJAG00000085841,
ENSCJAG00000047190,
ENSCJAG00000045447,TOR1AIP2
ENSCJAG00000000431,IL12A
ENSCJAG00000006469,CLN3
ENSCJAG00000020729,LCMT1
ENSCJAG00000064939,MDFIC2
ENSCJAG00000015230,NOB1
ENSCJAG00000009018,RABGAP1L
ENSCJAG00000018060,KCNK4
ENSCJAG00000021917,EXOC8
ENSCJAG00000045740,
ENSCJAG00000016844,HDAC11
ENSCJAG00000077243,Metazoa_SRP
ENSCJAG00000071316,
ENSCJAG00000021219,YEATS2
ENSCJAG00000043096,Metazoa_SRP
ENSCJAG00000003515,GRP
ENSCJAG00000042576,
ENSCJAG00000080925,Metazoa_SRP
ENSCJAG00000004466,MYBL1
ENSCJAG00000070231,
ENSCJAG00000014452,IRAK1
ENSCJAG00000009583,ATP8B2
ENSCJAG00000085464,U6
ENSCJAG00000072251,
ENSCJAG00000077118,
ENSCJAG00000066746,cja-mir-3074-2
ENSCJAG00000010892,ZNF778
ENSCJAG00000082412,
ENSCJAG00000038280,
ENSCJAG00000081648,U2
ENSCJAG00000086888,
ENSCJAG00000072171,Y_RNA
ENSCJAG00000079803,MIR27A
ENSCJAG00000074972,
ENSCJAG00000040785,FBL
ENSCJAG00000079061,
ENSCJAG00000034696,
ENSCJAG00000034976,
ENSCJAG00000058291,Y_RNA
ENSCJAG00000025599,MIR99B
ENSCJAG00000073885,Metazoa_SRP
ENSCJAG00000008093,FAM163A
ENSCJAG00000073653,U4
ENSCJAG00000000772,LMLN
ENSCJAG00000015149,WWP2
ENSCJAG00000039105,
ENSCJAG00000028220,MIR23A
ENSCJAG00000018987,TCF7L2
ENSCJAG00000035211,IFNGR2
ENSCJAG00000071220,U6
ENSCJAG00000059638,
ENSCJAG00000037960,cja-let-7e
ENSCJAG00000082462,U4
ENSCJAG00000083297,
ENSCJAG00000077440,
ENSCJAG00000073932,
ENSCJAG00000044064,BCAT1
ENSCJAG00000011548,CCDC9
ENSCJAG00000083130,U6
ENSCJAG00000080038,Metazoa_SRP
ENSCJAG00000045350,
ENSCJAG00000024610,MIR125A
ENSCJAG00000018046,CATSPERZ
ENSCJAG00000068498,
ENSCJAG00000071079,
ENSCJAG00000084714,
ENSCJAG00000020747,AQP8
ENSCJAG00000007765,ERC2
ENSCJAG00000028955,U6
ENSCJAG00000081741,
ENSCJAG00000016530,TNFSF9
ENSCJAG00000025680,cja-mir-181c
ENSCJAG00000072356,
ENSCJAG00000018350,GNPAT
ENSCJAG00000046757,
ENSCJAG00000077722,
ENSCJAG00000079452,Metazoa_SRP
ENSCJAG00000027450,U1
ENSCJAG00000002103,SPACA6
ENSCJAG00000072795,
ENSCJAG00000028201,cja-mir-181d
ENSCJAG00000014830,IL34
ENSCJAG00000081077,
ENSCJAG00000084143,
ENSCJAG00000071469,Metazoa_SRP
ENSCJAG00000046331,
ENSCJAG00000007507,PDK1
ENSCJAG00000017201,DSTYK
ENSCJAG00000019202,HIF1A
ENSCJAG00000018030,ESRRA
ENSCJAG00000039641,Metazoa_SRP
ENSCJAG00000074937,Metazoa_SRP
ENSCJAG00000083756,Y_RNA
ENSCJAG00000081299,
ENSCJAG00000002651,MECOM
ENSCJAG00000072724,
ENSCJAG00000074549,
ENSCJAG00000085212,
ENSCJAG00000004388,NANOS3
ENSCJAG00000075869,U7
ENSCJAG00000001158,SELENOT
ENSCJAG00000005834,CDKL5
ENSCJAG00000000812,BRSK1
ENSCJAG00000081455,CD70
ENSCJAG00000076503,Y_RNA
ENSCJAG00000070652,Metazoa_SRP
ENSCJAG00000043706,ZKSCAN2
ENSCJAG00000055116,U4
ENSCJAG00000020771,RPGR
ENSCJAG00000071858,
ENSCJAG00000003509,RAX
ENSCJAG00000008098,TDRD5
ENSCJAG00000013476,DRGX
ENSCJAG00000083992,U6
ENSCJAG00000020119,MED16
ENSCJAG00000070191,Metazoa_SRP
ENSCJAG00000072896,Metazoa_SRP
ENSCJAG00000033579,U6
ENSCJAG00000005850,TSPYL2
ENSCJAG00000008469,KCNT2
ENSCJAG00000026998,cja-mir-140
ENSCJAG00000075190,Metazoa_SRP
ENSCJAG00000039194,Metazoa_SRP
ENSCJAG00000016796,MECP2
ENSCJAG00000083505,U6
ENSCJAG00000013838,GLT25D1
ENSCJAG00000077623,Metazoa_SRP
ENSCJAG00000071145,Metazoa_SRP
ENSCJAG00000074782,
ENSCJAG00000004372,
ENSCJAG00000072718,Metazoa_SRP
ENSCJAG00000039283,SDC1
ENSCJAG00000011660,CCDC63
ENSCJAG00000040417,TMEM50B
ENSCJAG00000054116,Metazoa_SRP
ENSCJAG00000013484,C10orf71
ENSCJAG00000042906,HAS1
ENSCJAG00000011741,FKRP
ENSCJAG00000019091,NDUFA10
ENSCJAG00000085938,TNFSF14
ENSCJAG00000003766,MAP7D3
ENSCJAG00000014737,
ENSCJAG00000014773,SF3B3
ENSCJAG00000075608,
ENSCJAG00000020752,HS3ST4
ENSCJAG00000018026,TRMT112
ENSCJAG00000018103,SLC24A4
ENSCJAG00000016999,ADCY10
ENSCJAG00000061675,
ENSCJAG00000079398,Y_RNA
ENSCJAG00000038431,CPLX4
ENSCJAG00000063042,
ENSCJAG00000014325,DYRK1B
ENSCJAG00000087236,U6
ENSCJAG00000072963,Metazoa_SRP
ENSCJAG00000007791,SNX27
ENSCJAG00000070783,U6
ENSCJAG00000040990,SPG7
ENSCJAG00000074475,PRR24
ENSCJAG00000000494,IL7
ENSCJAG00000082851,Metazoa_SRP
ENSCJAG00000070212,Metazoa_SRP
ENSCJAG00000015129,PSMD7
ENSCJAG00000018382,KTN1
ENSCJAG00000020114,R3HDM4
ENSCJAG00000005829,RS1
ENSCJAG00000071069,SNX12
ENSCJAG00000083610,U7
ENSCJAG00000022334,C16orf82
ENSCJAG00000073054,C5AR1
ENSCJAG00000031846,DNAH12
ENSCJAG00000083686,
ENSCJAG00000000416,SCHIP1
ENSCJAG00000077643,C21ORF55
ENSCJAG00000011717,SLC1A5
ENSCJAG00000057031,U6
ENSCJAG00000000766,SLC3A1
ENSCJAG00000016804,EVL
ENSCJAG00000038558,LMAN1
ENSCJAG00000070104,Metazoa_SRP
ENSCJAG00000036735,Metazoa_SRP
ENSCJAG00000006559,APOBR
ENSCJAG00000000260,PLXNA4
ENSCJAG00000011534,C5AR2
ENSCJAG00000086364,
ENSCJAG00000072775,
ENSCJAG00000003083,GART
ENSCJAG00000070730,U6
ENSCJAG00000082065,Metazoa_SRP
ENSCJAG00000022267,
ENSCJAG00000005585,NAV1
ENSCJAG00000001199,EIF2A
ENSCJAG00000072119,
ENSCJAG00000073478,
ENSCJAG00000081879,U6
ENSCJAG00000082237,
ENSCJAG00000002102,FPR1
ENSCJAG00000052975,SNORD111
ENSCJAG00000013752,MRPL39
ENSCJAG00000081012,Metazoa_SRP
ENSCJAG00000075629,U6
ENSCJAG00000041889,MYL2
ENSCJAG00000004333,CC2D1A
ENSCJAG00000075343,
ENSCJAG00000059593,SNORD111B
ENSCJAG00000084781,KDM5C
ENSCJAG00000020777,OTC
ENSCJAG00000018014,
ENSCJAG00000021776,KISS1R
ENSCJAG00000073818,Metazoa_SRP
ENSCJAG00000083146,
ENSCJAG00000061577,COPS9
ENSCJAG00000071528,Metazoa_SRP
ENSCJAG00000016466,C3
ENSCJAG00000082134,U1
ENSCJAG00000018389,C1orf131
ENSCJAG00000079481,
ENSCJAG00000060842,
ENSCJAG00000073311,Metazoa_SRP
ENSCJAG00000006568,IL27
ENSCJAG00000047178,
ENSCJAG00000086782,U6
ENSCJAG00000022458,FPR2
ENSCJAG00000011504,DHX34
ENSCJAG00000003456,CCBE1
ENSCJAG00000073367,
ENSCJAG00000085861,Metazoa_SRP
ENSCJAG00000005798,PPEF1
ENSCJAG00000071531,U5
ENSCJAG00000014699,COG4
ENSCJAG00000071467,LAPTM4A
ENSCJAG00000013651,FOXO4
ENSCJAG00000019076,OTOS
ENSCJAG00000081386,U6
ENSCJAG00000073213,U6
ENSCJAG00000076520,PRKAB2
ENSCJAG00000040062,
ENSCJAG00000082154,U6
ENSCJAG00000013138,FOXP1
ENSCJAG00000018405,TRIM67
ENSCJAG00000084072,U6
ENSCJAG00000007399,ITGA6
ENSCJAG00000019905,PDE12
ENSCJAG00000012840,ZFPM1
ENSCJAG00000054737,
ENSCJAG00000046975,SON
ENSCJAG00000083170,Metazoa_SRP
ENSCJAG00000046320,Metazoa_SRP
ENSCJAG00000070998,NUPR1
ENSCJAG00000076257,
ENSCJAG00000074927,U5
ENSCJAG00000086909,
ENSCJAG00000043080,ZFHX3
ENSCJAG00000071799,
ENSCJAG00000063685,U3
ENSCJAG00000082542,ARID3A
ENSCJAG00000014082,DOCK1
ENSCJAG00000054093,
ENSCJAG00000018131,RIN3
ENSCJAG00000080959,SLC16A2
ENSCJAG00000074863,
ENSCJAG00000017230,TMCC2
ENSCJAG00000076653,Metazoa_SRP
ENSCJAG00000037090,Metazoa_SRP
ENSCJAG00000042801,ADGRG4
ENSCJAG00000056470,FMO5
ENSCJAG00000038213,TENT5D
ENSCJAG00000035170,CXorf65
ENSCJAG00000007406,MATN3
ENSCJAG00000087241,U4
ENSCJAG00000009672,RPL13
ENSCJAG00000000758,TSPAN7
ENSCJAG00000006577,SGF29
ENSCJAG00000004515,VCPIP1
ENSCJAG00000040282,ARF4
ENSCJAG00000078872,
ENSCJAG00000077267,
ENSCJAG00000019058,GPC1
ENSCJAG00000086553,FAM89A
ENSCJAG00000083136,Metazoa_SRP
ENSCJAG00000008137,NPHS2
ENSCJAG00000087285,
ENSCJAG00000042683,ETS1
ENSCJAG00000014678,FCSK
ENSCJAG00000075339,U7
ENSCJAG00000079622,
ENSCJAG00000029933,Y_RNA
ENSCJAG00000073714,
ENSCJAG00000048244,FPR3
ENSCJAG00000084348,Metazoa_SRP
ENSCJAG00000080324,
ENSCJAG00000042767,MID1IP1
ENSCJAG00000074225,
ENSCJAG00000081204,Metazoa_SRP
ENSCJAG00000086006,
ENSCJAG00000075061,
ENSCJAG00000042072,MIR6501
ENSCJAG00000078795,Metazoa_SRP
ENSCJAG00000061752,SNORD68
ENSCJAG00000086832,U7
ENSCJAG00000020105,WDR18
ENSCJAG00000070759,U6
ENSCJAG00000011475,MEIS3
ENSCJAG00000007650,LEUTX
ENSCJAG00000002084,ZNF577
ENSCJAG00000018429,ARV1
ENSCJAG00000021241,PARL
ENSCJAG00000075713,
ENSCJAG00000039766,
ENSCJAG00000066527,
ENSCJAG00000078411,
ENSCJAG00000077042,Metazoa_SRP
ENSCJAG00000086276,
ENSCJAG00000074695,5S_rRNA
ENSCJAG00000041146,Metazoa_SRP
ENSCJAG00000011694,CUX2
ENSCJAG00000047904,U7
ENSCJAG00000002329,HTRA4
ENSCJAG00000045011,IL2RG
ENSCJAG00000081139,
ENSCJAG00000013235,RLIM
ENSCJAG00000079469,U7
ENSCJAG00000060548,U6
ENSCJAG00000073129,Metazoa_SRP
ENSCJAG00000026571,
ENSCJAG00000080387,
ENSCJAG00000086819,
ENSCJAG00000042150,Metazoa_SRP
ENSCJAG00000060941,
ENSCJAG00000071699,
ENSCJAG00000003034,DONSON
ENSCJAG00000055507,ZNF613
ENSCJAG00000077617,PMAIP1
ENSCJAG00000005629,CEP20
ENSCJAG00000070265,
ENSCJAG00000085745,Metazoa_SRP
ENSCJAG00000004535,SGK3
ENSCJAG00000071367,
ENSCJAG00000017980,CCDC88B
ENSCJAG00000082004,
ENSCJAG00000072128,GRIN3B
ENSCJAG00000081338,Metazoa_SRP
ENSCJAG00000071209,
ENSCJAG00000087047,
ENSCJAG00000023047,
ENSCJAG00000018162,LGMN
ENSCJAG00000078435,U6
ENSCJAG00000010770,CPNE7
ENSCJAG00000086772,Metazoa_SRP
ENSCJAG00000054925,
ENSCJAG00000069682,
ENSCJAG00000082730,
ENSCJAG00000043754,TM2D2
ENSCJAG00000000781,PPM1B
ENSCJAG00000086087,Metazoa_SRP
ENSCJAG00000012740,MIXL1
ENSCJAG00000042362,Metazoa_SRP
ENSCJAG00000019910,DENND6A
ENSCJAG00000054475,cja-mir-9978
ENSCJAG00000070880,
ENSCJAG00000085097,Metazoa_SRP
ENSCJAG00000008147,AXDND1
ENSCJAG00000019219,SNAPC1
ENSCJAG00000072538,Metazoa_SRP
ENSCJAG00000014673,ST3GAL2
ENSCJAG00000000235,NEXMIF
ENSCJAG00000087270,Metazoa_SRP
ENSCJAG00000004297,PODNL1
ENSCJAG00000027854,U6
ENSCJAG00000062042,
ENSCJAG00000003758,BCOR
ENSCJAG00000087142,Metazoa_SRP
ENSCJAG00000012844,ZC3H18
ENSCJAG00000056860,ZNF841
ENSCJAG00000039342,PHETA1
ENSCJAG00000016419,GPR108
ENSCJAG00000078094,
ENSCJAG00000074866,
ENSCJAG00000080255,
ENSCJAG00000082312,U6
ENSCJAG00000018450,TTC13
ENSCJAG00000071748,
ENSCJAG00000086009,
ENSCJAG00000007386,WDR35
ENSCJAG00000077599,U4
ENSCJAG00000007857,CELF3
ENSCJAG00000045074,Metazoa_SRP
ENSCJAG00000073429,Metazoa_SRP
ENSCJAG00000070826,
ENSCJAG00000077413,SERP1
ENSCJAG00000031829,PMFBP1
ENSCJAG00000079539,
ENSCJAG00000035806,Metazoa_SRP
ENSCJAG00000003727,BRS3
ENSCJAG00000052137,U2
ENSCJAG00000074677,
ENSCJAG00000004806,DAPK2
ENSCJAG00000019839,BRWD3
ENSCJAG00000009567,IL6R
ENSCJAG00000005668,PHKA2
ENSCJAG00000081658,5S_rRNA
ENSCJAG00000060931,
ENSCJAG00000013584,MED12
ENSCJAG00000065867,U6
ENSCJAG00000038924,ACBD3
ENSCJAG00000024669,U5
ENSCJAG00000073793,
ENSCJAG00000036273,SCN1B
ENSCJAG00000071072,
ENSCJAG00000022877,MC4R
ENSCJAG00000024458,cja-mir-155
ENSCJAG00000044495,EID2
ENSCJAG00000071456,Metazoa_SRP
ENSCJAG00000019236,SYT16
ENSCJAG00000054505,
ENSCJAG00000081503,
ENSCJAG00000072592,ZNF616
ENSCJAG00000076776,U6
ENSCJAG00000071359,Metazoa_SRP
ENSCJAG00000003676,HTATSF1
ENSCJAG00000036404,SULT1A3
ENSCJAG00000082234,TSC22D2
ENSCJAG00000015864,DPEP3
ENSCJAG00000071629,
ENSCJAG00000054585,ANKMY1
ENSCJAG00000014402,EID2B
ENSCJAG00000085951,
ENSCJAG00000018184,GOLGA5
ENSCJAG00000002406,CHD1L
ENSCJAG00000040851,Metazoa_SRP
ENSCJAG00000077999,
ENSCJAG00000045762,ZNF432
ENSCJAG00000047835,Metazoa_SRP
ENSCJAG00000020035,NEFL
ENSCJAG00000084327,
ENSCJAG00000016334,TRIP10
ENSCJAG00000009034,FLI1
ENSCJAG00000000495,ZC2HC1A
ENSCJAG00000000412,IQCJ
ENSCJAG00000074820,U6
ENSCJAG00000037369,CRYZL1
ENSCJAG00000077212,
ENSCJAG00000080888,
ENSCJAG00000084357,Y_RNA
ENSCJAG00000042836,SELENOV
ENSCJAG00000002262,ADAM9
ENSCJAG00000005014,DCAF15
ENSCJAG00000073004,
ENSCJAG00000064110,
ENSCJAG00000011710,
ENSCJAG00000011750,SH2B3
ENSCJAG00000082977,
ENSCJAG00000066166,
ENSCJAG00000013566,NLGN3
ENSCJAG00000005948,IQSEC2
ENSCJAG00000070637,TMEM259
ENSCJAG00000073931,
ENSCJAG00000081911,
ENSCJAG00000023356,
ENSCJAG00000015850,DPEP2
ENSCJAG00000067423,
ENSCJAG00000040262,NUAK2
ENSCJAG00000003722,VGLL1
ENSCJAG00000078913,
ENSCJAG00000017957,RPS6KA4
ENSCJAG00000005641,ABCC1
ENSCJAG00000060648,
ENSCJAG00000013678,CEBPD
ENSCJAG00000040052,U2
ENSCJAG00000086439,
ENSCJAG00000082858,Metazoa_SRP
ENSCJAG00000034569,U6
ENSCJAG00000010608,
ENSCJAG00000083043,
ENSCJAG00000086135,ZNF614
ENSCJAG00000013778,JAM2
ENSCJAG00000065146,
ENSCJAG00000087269,
ENSCJAG00000075990,Metazoa_SRP
ENSCJAG00000023646,cja-mir-342
ENSCJAG00000069127,Metazoa_SRP
ENSCJAG00000004970,RFX1
ENSCJAG00000004573,MCMDC2
ENSCJAG00000079384,Metazoa_SRP
ENSCJAG00000084364,
ENSCJAG00000076301,Metazoa_SRP
ENSCJAG00000029163,Y_RNA
ENSCJAG00000087077,
ENSCJAG00000085017,
ENSCJAG00000062176,
ENSCJAG00000063294,U7
ENSCJAG00000074940,Metazoa_SRP
ENSCJAG00000086280,
ENSCJAG00000069880,
ENSCJAG00000083607,
ENSCJAG00000036290,SH2D3A
ENSCJAG00000080230,
ENSCJAG00000079151,
ENSCJAG00000075011,Metazoa_SRP
ENSCJAG00000010660,HPN
ENSCJAG00000014417,PSMC4
ENSCJAG00000080632,U6
ENSCJAG00000079503,Metazoa_SRP
ENSCJAG00000082023,
ENSCJAG00000085547,
ENSCJAG00000000794,LRPPRC
ENSCJAG00000078077,IL17C
ENSCJAG00000015103,DHX38
ENSCJAG00000063911,
ENSCJAG00000081098,
ENSCJAG00000068557,
ENSCJAG00000085157,H3F3A
ENSCJAG00000078690,U6
ENSCJAG00000040070,DPEP2NB
ENSCJAG00000087092,U4
ENSCJAG00000016847,DEGS2
ENSCJAG00000016979,ABCB7
ENSCJAG00000079282,U6
ENSCJAG00000003409,CDH20
ENSCJAG00000072186,TMEM150B
ENSCJAG00000013681,SPIDR
ENSCJAG00000046922,
ENSCJAG00000060601,Metazoa_SRP
ENSCJAG00000077627,5S_rRNA
ENSCJAG00000072704,
ENSCJAG00000010841,DPEP1
ENSCJAG00000080708,U6
ENSCJAG00000073147,Metazoa_SRP
ENSCJAG00000084496,CIAO2A
ENSCJAG00000003696,CD40LG
ENSCJAG00000056923,DDX19B
ENSCJAG00000069514,Metazoa_SRP
ENSCJAG00000071826,
ENSCJAG00000004965,RLN3
ENSCJAG00000064025,
ENSCJAG00000072749,SLX1A
ENSCJAG00000078182,
ENSCJAG00000020047,NEFM
ENSCJAG00000042627,CNN2
ENSCJAG00000032085,U6
ENSCJAG00000045079,KLHDC8A
ENSCJAG00000082750,Metazoa_SRP
ENSCJAG00000077503,U6
ENSCJAG00000013861,UNC13A
ENSCJAG00000051709,
ENSCJAG00000019255,KCNH5
ENSCJAG00000084513,
ENSCJAG00000072952,Y_RNA
ENSCJAG00000015846,
ENSCJAG00000081572,Y_RNA
ENSCJAG00000040526,RNF152
ENSCJAG00000082910,Metazoa_SRP
ENSCJAG00000085945,U7
ENSCJAG00000080299,
ENSCJAG00000085567,
ENSCJAG00000018227,CHGA
ENSCJAG00000070574,SLC22A11
ENSCJAG00000012685,SDE2
ENSCJAG00000046414,DDX51
ENSCJAG00000013172,ABCC5
ENSCJAG00000028433,Y_RNA
ENSCJAG00000051917,
ENSCJAG00000002045,ZNF615
ENSCJAG00000015100,TXNL4B
ENSCJAG00000009106,RC3H1
ENSCJAG00000013803,ATP5PF
ENSCJAG00000070744,U5
ENSCJAG00000004940,IL27RA
ENSCJAG00000000843,KMT5C
ENSCJAG00000032425,U7
ENSCJAG00000074168,U7
ENSCJAG00000070353,Metazoa_SRP
ENSCJAG00000037171,RIIAD1
ENSCJAG00000014169,MTERF1
ENSCJAG00000051807,CYBA
ENSCJAG00000081612,U6
ENSCJAG00000077061,
ENSCJAG00000046520,BOLA2B
ENSCJAG00000013713,MAP4K1
ENSCJAG00000060439,
ENSCJAG00000044866,SOX5
ENSCJAG00000008415,CFH
ENSCJAG00000087370,CHMP1A
ENSCJAG00000081482,5S_rRNA
ENSCJAG00000080128,
ENSCJAG00000025525,U1
ENSCJAG00000072246,Metazoa_SRP
ENSCJAG00000014496,ZNF546
ENSCJAG00000015797,DUS2
ENSCJAG00000076019,
ENSCJAG00000023040,
ENSCJAG00000016864,SLC25A29
ENSCJAG00000084341,U6
ENSCJAG00000070619,SLC8A2
ENSCJAG00000083204,
ENSCJAG00000009551,SHE
ENSCJAG00000007549,ABCA7
ENSCJAG00000070069,
ENSCJAG00000077621,Metazoa_SRP
ENSCJAG00000086152,
ENSCJAG00000082645,PKIA
ENSCJAG00000000395,MFSD1
ENSCJAG00000085312,
ENSCJAG00000071514,
ENSCJAG00000067855,
ENSCJAG00000074352,
ENSCJAG00000007926,MRPL9
ENSCJAG00000044929,KCNJ1
ENSCJAG00000086257,
ENSCJAG00000082213,
ENSCJAG00000045182,GABPA
ENSCJAG00000015091,HP
ENSCJAG00000016873,FBLN2
ENSCJAG00000069778,SPATA33
ENSCJAG00000044889,TCF24
ENSCJAG00000026761,cja-mir-345
ENSCJAG00000079874,COX6B2
ENSCJAG00000085352,Metazoa_SRP
ENSCJAG00000008194,SOAT1
ENSCJAG00000079390,U6
ENSCJAG00000006672,CORO1A
ENSCJAG00000026090,5S_rRNA
ENSCJAG00000074055,
ENSCJAG00000003630,ARHGEF6
ENSCJAG00000003800,ATP6AP2
ENSCJAG00000076578,Metazoa_SRP
ENSCJAG00000014507,ZNF780B
ENSCJAG00000076297,Y_RNA
ENSCJAG00000073206,
ENSCJAG00000019000,HABP2
ENSCJAG00000043794,Metazoa_SRP
ENSCJAG00000004935,PALM3
ENSCJAG00000019287,RHOJ
ENSCJAG00000074776,Metazoa_SRP
ENSCJAG00000010643,FXYD3
ENSCJAG00000071576,
ENSCJAG00000028833,U6
ENSCJAG00000029189,U6
ENSCJAG00000054240,
ENSCJAG00000055086,ZNF350
ENSCJAG00000070673,
ENSCJAG00000009078,KCNJ5
ENSCJAG00000077878,
ENSCJAG00000083677,
ENSCJAG00000039735,LEMD1
ENSCJAG00000071915,
ENSCJAG00000039417,FZD1
ENSCJAG00000078553,
ENSCJAG00000016878,SLC25A47
ENSCJAG00000001271,
ENSCJAG00000035770,PYCR2
ENSCJAG00000009543,TDRD10
ENSCJAG00000074880,
ENSCJAG00000038688,ARHGAP45
ENSCJAG00000083450,
ENSCJAG00000072645,Metazoa_SRP
ENSCJAG00000058357,
ENSCJAG00000000833,ABCG8
ENSCJAG00000080011,Metazoa_SRP
ENSCJAG00000012897,MVD
ENSCJAG00000073118,
ENSCJAG00000066340,U6
ENSCJAG00000080369,U6
ENSCJAG00000057697,
ENSCJAG00000086481,
ENSCJAG00000000858,IL11
ENSCJAG00000078406,5S_rRNA
ENSCJAG00000071504,
ENSCJAG00000035623,Metazoa_SRP
ENSCJAG00000040856,
ENSCJAG00000082026,
ENSCJAG00000062814,Metazoa_SRP
ENSCJAG00000004616,PPP1R42
ENSCJAG00000004926,MISP3
ENSCJAG00000075276,
ENSCJAG00000054410,Metazoa_SRP
ENSCJAG00000071635,
ENSCJAG00000013481,ZMYM3
ENSCJAG00000012387,
ENSCJAG00000018944,SHCBP1
ENSCJAG00000075801,
ENSCJAG00000007666,POLR2E
ENSCJAG00000044013,ZNF780A
ENSCJAG00000005140,SLC25A43
ENSCJAG00000083078,GPHB5
ENSCJAG00000053356,U2
ENSCJAG00000080861,
ENSCJAG00000083875,
ENSCJAG00000016912,WARS1
ENSCJAG00000075662,Metazoa_SRP
ENSCJAG00000082430,
ENSCJAG00000043438,
ENSCJAG00000010752,CDK10
ENSCJAG00000016236,VAV1
ENSCJAG00000015085,DHODH
ENSCJAG00000007939,OAZ3
ENSCJAG00000084716,Metazoa_SRP
ENSCJAG00000002058,ZNF836
ENSCJAG00000004924,C19orf67
ENSCJAG00000011460,KPTN
ENSCJAG00000006770,MAPK3
ENSCJAG00000018249,ITPK1
ENSCJAG00000051850,Metazoa_SRP
ENSCJAG00000074131,
ENSCJAG00000000512,PEX2
ENSCJAG00000022190,TMEM238
ENSCJAG00000061807,SNORD38D
ENSCJAG00000055047,Metazoa_SRP
ENSCJAG00000080251,
ENSCJAG00000080229,Metazoa_SRP
ENSCJAG00000009182,SERPINC1
ENSCJAG00000042751,Metazoa_SRP
ENSCJAG00000014175,CDK14
ENSCJAG00000004632,COPS5
ENSCJAG00000078784,Metazoa_SRP
ENSCJAG00000082940,
ENSCJAG00000081248,
ENSCJAG00000077646,Y_RNA
ENSCJAG00000078258,
ENSCJAG00000024548,Y_RNA
ENSCJAG00000019290,PPP2R5E
ENSCJAG00000006583,DUSP28
ENSCJAG00000072578,
ENSCJAG00000071050,
ENSCJAG00000012922,SNAI3
ENSCJAG00000080668,Metazoa_SRP
ENSCJAG00000035248,SAMD1
ENSCJAG00000001297,RNF13
ENSCJAG00000000869,RPL28
ENSCJAG00000042573,GPX4
ENSCJAG00000014412,
ENSCJAG00000000517,ZFHX4
ENSCJAG00000010203,VPS35
ENSCJAG00000076417,
ENSCJAG00000002977,SLC22A12
ENSCJAG00000000847,ABCG5
ENSCJAG00000003367,PIGN
ENSCJAG00000009215,ZBTB37
ENSCJAG00000080108,
ENSCJAG00000010603,LGI4
ENSCJAG00000011701,ARHGAP35
ENSCJAG00000033335,
ENSCJAG00000073014,
ENSCJAG00000005405,NOC4L
ENSCJAG00000014541,MAP3K10
ENSCJAG00000078725,U6
ENSCJAG00000009446,UBE2Q1
ENSCJAG00000020053,ADAM7
ENSCJAG00000007389,DLX2
ENSCJAG00000006582,RNPEPL1
ENSCJAG00000037347,CFHR5
ENSCJAG00000085570,Metazoa_SRP
ENSCJAG00000032503,U6
ENSCJAG00000068677,UBE2S
ENSCJAG00000073486,Metazoa_SRP
ENSCJAG00000002251,ADAM32
ENSCJAG00000085679,
ENSCJAG00000002882,ITSN1
ENSCJAG00000058800,BLACAT1
ENSCJAG00000011756,ATXN2
ENSCJAG00000010745,SPATA2L
ENSCJAG00000080991,Metazoa_SRP
ENSCJAG00000067860,
ENSCJAG00000016951,WDR25
ENSCJAG00000082837,Metazoa_SRP
ENSCJAG00000028211,MIR135B
ENSCJAG00000012927,RNF166
ENSCJAG00000004906,PRKACA
ENSCJAG00000064502,
ENSCJAG00000042205,NAPA
ENSCJAG00000079749,
ENSCJAG00000074825,U6
ENSCJAG00000078100,Metazoa_SRP
ENSCJAG00000015072,PKD1L3
ENSCJAG00000062127,SNORD24
ENSCJAG00000086116,
ENSCJAG00000076811,NPAS1
ENSCJAG00000007381,DLX1
ENSCJAG00000012604,TMEM63A
ENSCJAG00000008392,F13B
ENSCJAG00000078859,U7
ENSCJAG00000014563,TTC9B
ENSCJAG00000048648,SHISA7
ENSCJAG00000087103,U6
ENSCJAG00000042631,TEX28
ENSCJAG00000075362,Metazoa_SRP
ENSCJAG00000075507,
ENSCJAG00000001315,ANKUB1
ENSCJAG00000017016,MPZL1
ENSCJAG00000024661,U4
ENSCJAG00000010597,FXYD1
ENSCJAG00000080546,
ENSCJAG00000005985,SMC1A
ENSCJAG00000006809,GDPD3
ENSCJAG00000010878,CDK18
ENSCJAG00000012602,GOLGA4
ENSCJAG00000001967,PPP2R1A
ENSCJAG00000006636,
ENSCJAG00000043735,STEEP1
ENSCJAG00000070875,
ENSCJAG00000084694,
ENSCJAG00000055310,
ENSCJAG00000044823,Metazoa_SRP
ENSCJAG00000072091,Metazoa_SRP
ENSCJAG00000078046,LYSET
ENSCJAG00000085147,SBNO2
ENSCJAG00000042185,ETNK1
ENSCJAG00000019871,SLMAP
ENSCJAG00000009523,CHRNB2
ENSCJAG00000071563,
ENSCJAG00000009093,ARHGAP32
ENSCJAG00000038716,
ENSCJAG00000054242,
ENSCJAG00000087095,Y_RNA
ENSCJAG00000014570,CCNP
ENSCJAG00000010280,ORC6
ENSCJAG00000000389,RARRES1
ENSCJAG00000087365,
ENSCJAG00000010650,VPS9D1
ENSCJAG00000055717,
ENSCJAG00000072536,U4
ENSCJAG00000086416,
ENSCJAG00000057292,SNORD79
ENSCJAG00000044449,MOAP1
ENSCJAG00000017068,ISOC2
ENSCJAG00000075146,
ENSCJAG00000017056,UPRT
ENSCJAG00000026956,
ENSCJAG00000015051,IST1
ENSCJAG00000082522,
ENSCJAG00000054686,
ENSCJAG00000007373,METAP1D
ENSCJAG00000040528,RBMX
ENSCJAG00000064406,
ENSCJAG00000084736,
ENSCJAG00000072172,
ENSCJAG00000038916,GON7
ENSCJAG00000040252,FXYD7
ENSCJAG00000001327,COMMD2
ENSCJAG00000007955,TDRKH
ENSCJAG00000004674,CSPP1
ENSCJAG00000068523,SNORD81
ENSCJAG00000082890,
ENSCJAG00000005769,ABCC6
ENSCJAG00000004898,ASF1B
ENSCJAG00000006565,CAPN10
ENSCJAG00000000860,DYNC2LI1
ENSCJAG00000016957,BEGAIN
ENSCJAG00000006829,YPEL3
ENSCJAG00000010494,GALNT9
ENSCJAG00000000363,GFM1
ENSCJAG00000014368,TKTL1
ENSCJAG00000043426,CTU2
ENSCJAG00000007929,CNIH3
ENSCJAG00000010287,MYLK3
ENSCJAG00000043940,MPC1L
ENSCJAG00000000541,HNF4G
ENSCJAG00000006642,ZFPM2
ENSCJAG00000037724,Metazoa_SRP
ENSCJAG00000018283,UBR7
ENSCJAG00000072867,
ENSCJAG00000045714,C19orf85
ENSCJAG00000044756,SNORD61
ENSCJAG00000009410,ADAR
ENSCJAG00000044614,Metazoa_SRP
ENSCJAG00000084369,Metazoa_SRP
ENSCJAG00000047750,CXorf38
ENSCJAG00000001336,WWTR1
ENSCJAG00000011435,ZNF541
ENSCJAG00000040315,ZNF628
ENSCJAG00000077850,
ENSCJAG00000079315,Metazoa_SRP
ENSCJAG00000013149,HTR3C
ENSCJAG00000084200,Metazoa_SRP
ENSCJAG00000015044,ZNF821
ENSCJAG00000071428,U4
ENSCJAG00000041401,NAT14
ENSCJAG00000078256,Y_RNA
ENSCJAG00000046072,UBE2A
ENSCJAG00000080952,Y_RNA
ENSCJAG00000008603,SIGLEC15
ENSCJAG00000070217,
ENSCJAG00000082760,TMEM160
ENSCJAG00000077411,5S_rRNA
ENSCJAG00000002930,NRXN2
ENSCJAG00000077497,Y_RNA
ENSCJAG00000074786,U7
ENSCJAG00000010903,MFSD4A
ENSCJAG00000035904,TBX6
ENSCJAG00000084095,Metazoa_SRP
ENSCJAG00000014574,AKT2
ENSCJAG00000075368,Metazoa_SRP
ENSCJAG00000085236,
ENSCJAG00000079984,
ENSCJAG00000011601,ZC3H4
ENSCJAG00000077199,
ENSCJAG00000003871,
ENSCJAG00000076580,U6
ENSCJAG00000017070,ZDHHC15
ENSCJAG00000017084,SSC5D
ENSCJAG00000070059,Metazoa_SRP
ENSCJAG00000074752,
ENSCJAG00000078277,Y_RNA
ENSCJAG00000044237,EIF4E3
ENSCJAG00000017035,RCSD1
ENSCJAG00000080292,U6
ENSCJAG00000060322,cja-mir-5191
ENSCJAG00000014562,AARS
ENSCJAG00000083334,
ENSCJAG00000010721,ZNF276
ENSCJAG00000086162,
ENSCJAG00000081413,
ENSCJAG00000034788,U6
ENSCJAG00000076547,
ENSCJAG00000082531,
ENSCJAG00000083212,TM4SF4
ENSCJAG00000005571,ADGRG2
ENSCJAG00000011418,BICRA
ENSCJAG00000072331,
ENSCJAG00000010568,FXYD5
ENSCJAG00000077283,
ENSCJAG00000007305,SLC25A12
ENSCJAG00000082284,
ENSCJAG00000000386,LXN
ENSCJAG00000008319,ATP5A1
ENSCJAG00000074001,
ENSCJAG00000071343,U6
ENSCJAG00000016972,
ENSCJAG00000085228,
ENSCJAG00000013139,HTR3E
ENSCJAG00000045005,
ENSCJAG00000073207,
ENSCJAG00000014559,EXOSC6
ENSCJAG00000085132,U6
ENSCJAG00000026697,Y_RNA
ENSCJAG00000042586,RORC
ENSCJAG00000081126,
ENSCJAG00000006846,PPP4C
ENSCJAG00000072698,
ENSCJAG00000013760,EIF3K
ENSCJAG00000022936,GPR35
ENSCJAG00000002167,ADAM18
ENSCJAG00000087025,
ENSCJAG00000085019,
ENSCJAG00000043435,ZNF766
ENSCJAG00000019017,NRAP
ENSCJAG00000080350,
ENSCJAG00000043526,STK11
ENSCJAG00000074093,TM4SF1
ENSCJAG00000074676,Metazoa_SRP
ENSCJAG00000018265,BTBD7
ENSCJAG00000015840,PLA2G10
ENSCJAG00000033007,ATXN1L
ENSCJAG00000071248,U6
ENSCJAG00000069937,
ENSCJAG00000012582,EPHX1
ENSCJAG00000080721,
ENSCJAG00000085189,
ENSCJAG00000033733,
ENSCJAG00000066178,Metazoa_SRP
ENSCJAG00000009390,KCNN3
ENSCJAG00000005627,IPO9
ENSCJAG00000012943,PIEZO1
ENSCJAG00000084029,
ENSCJAG00000005088,NKRF
ENSCJAG00000059186,
ENSCJAG00000014539,
ENSCJAG00000083488,Metazoa_SRP
ENSCJAG00000075157,U6
ENSCJAG00000017097,SBK2
ENSCJAG00000002384,BCL9
ENSCJAG00000040260,GPR27
ENSCJAG00000056704,U2
ENSCJAG00000083227,C16orf87
ENSCJAG00000029233,cja-mir-551
ENSCJAG00000073709,
ENSCJAG00000083345,AQP12B
ENSCJAG00000011565,SAE1
ENSCJAG00000080512,U4
ENSCJAG00000026474,U2
ENSCJAG00000045324,TM4SF18
ENSCJAG00000007937,WDR26
ENSCJAG00000081760,Metazoa_SRP
ENSCJAG00000060139,HMGN5
ENSCJAG00000085295,
ENSCJAG00000079412,SBK3
ENSCJAG00000082118,
ENSCJAG00000071763,
ENSCJAG00000080226,PROK2
ENSCJAG00000015851,BFAR
ENSCJAG00000006874,ALDOA
ENSCJAG00000013857,APP
ENSCJAG00000038778,CBARP
ENSCJAG00000084696,U7
ENSCJAG00000082781,
ENSCJAG00000000352,MLF1
ENSCJAG00000047559,C2CD5
ENSCJAG00000015028,AP1G1
ENSCJAG00000048392,FBRSL1
ENSCJAG00000085173,
ENSCJAG00000081058,
ENSCJAG00000011415,EHD2
ENSCJAG00000006044,RIBC1
ENSCJAG00000071671,
ENSCJAG00000085905,
ENSCJAG00000077912,Metazoa_SRP
ENSCJAG00000017105,ZNF579
ENSCJAG00000078186,
ENSCJAG00000004850,ADGRL1
ENSCJAG00000036744,NONO
ENSCJAG00000074041,
ENSCJAG00000077133,
ENSCJAG00000081315,Metazoa_SRP
ENSCJAG00000079631,
ENSCJAG00000077028,CREG1
ENSCJAG00000056979,FIZ1
ENSCJAG00000073165,
ENSCJAG00000000549,CRISPLD1
ENSCJAG00000074593,U4
ENSCJAG00000046409,
ENSCJAG00000085305,
ENSCJAG00000085621,
ENSCJAG00000087309,
ENSCJAG00000075324,U6
ENSCJAG00000026743,U6
ENSCJAG00000010566,FAM187B
ENSCJAG00000062521,
ENSCJAG00000086296,Metazoa_SRP
ENSCJAG00000070436,
ENSCJAG00000084787,
ENSCJAG00000003568,SH3BGRL
ENSCJAG00000070751,U7
ENSCJAG00000083908,
ENSCJAG00000025514,U6
ENSCJAG00000034881,FLNA
ENSCJAG00000080988,U3
ENSCJAG00000008303,HAUS1
ENSCJAG00000010469,ATP5D
ENSCJAG00000076658,Metazoa_SRP
ENSCJAG00000002669,CDC42BPG
ENSCJAG00000084856,
ENSCJAG00000028800,cja-mir-770
ENSCJAG00000074178,
ENSCJAG00000039634,Metazoa_SRP
ENSCJAG00000085817,Metazoa_SRP
ENSCJAG00000074840,
ENSCJAG00000072120,
ENSCJAG00000073551,COX8C
ENSCJAG00000009135,BARX2
ENSCJAG00000081423,
ENSCJAG00000002370,ACP6
ENSCJAG00000039853,SLC45A3
ENSCJAG00000025491,cja-mir-493
ENSCJAG00000042485,THEM5
ENSCJAG00000077344,Metazoa_SRP
ENSCJAG00000041508,
ENSCJAG00000035912,Metazoa_SRP
ENSCJAG00000072124,Metazoa_SRP
ENSCJAG00000014373,PLEKHH2
ENSCJAG00000044686,Y_RNA
ENSCJAG00000001947,ZNF480
ENSCJAG00000041248,HSD17B10
ENSCJAG00000076916,U6
ENSCJAG00000083354,
ENSCJAG00000054867,cja-mir-9945
ENSCJAG00000038802,LRP12
ENSCJAG00000087052,
ENSCJAG00000039311,MIDN
ENSCJAG00000035778,Metazoa_SRP
ENSCJAG00000059563,
ENSCJAG00000075384,
ENSCJAG00000014501,PDPR
ENSCJAG00000011385,NOP53
ENSCJAG00000013429,ITGB1BP2
ENSCJAG00000045283,PMVK
ENSCJAG00000007578,GPT2
ENSCJAG00000068150,cja-mir-3544
ENSCJAG00000057987,
ENSCJAG00000083480,
ENSCJAG00000085946,
ENSCJAG00000052320,Metazoa_SRP
ENSCJAG00000078955,
ENSCJAG00000073570,
ENSCJAG00000002711,GOLIM4
ENSCJAG00000017048,CD247
ENSCJAG00000009149,TMEM45B
ENSCJAG00000008288,ABL2
ENSCJAG00000032601,
ENSCJAG00000056630,RTL1
ENSCJAG00000070921,
ENSCJAG00000080709,
ENSCJAG00000013108,EIF2B5
ENSCJAG00000083416,
ENSCJAG00000080879,
ENSCJAG00000007646,THEM4
ENSCJAG00000038880,CNIH4
ENSCJAG00000071674,
ENSCJAG00000073108,
ENSCJAG00000083226,5S_rRNA
ENSCJAG00000024757,MIR431
ENSCJAG00000082630,
ENSCJAG00000075050,U6
ENSCJAG00000072983,Metazoa_SRP
ENSCJAG00000062890,
ENSCJAG00000085753,
ENSCJAG00000067239,
ENSCJAG00000080587,
ENSCJAG00000084203,
ENSCJAG00000074986,Metazoa_SRP
ENSCJAG00000080941,
ENSCJAG00000013749,MELTF
ENSCJAG00000068267,
ENSCJAG00000024183,MIR433
ENSCJAG00000052026,SNORD71
ENSCJAG00000067484,
ENSCJAG00000068028,
ENSCJAG00000017118,ZNF784
ENSCJAG00000054433,C1GALT1C1L
ENSCJAG00000070653,
ENSCJAG00000085411,U6
ENSCJAG00000068410,
ENSCJAG00000074604,Metazoa_SRP
ENSCJAG00000005022,SEPTIN6
ENSCJAG00000072329,
ENSCJAG00000026365,MIR127
ENSCJAG00000078464,
ENSCJAG00000084416,CXNI
ENSCJAG00000080253,
ENSCJAG00000086890,Metazoa_SRP
ENSCJAG00000082216,
ENSCJAG00000077650,
ENSCJAG00000040532,SHISA4
ENSCJAG00000077022,Metazoa_SRP
ENSCJAG00000075268,U6
ENSCJAG00000081710,Metazoa_SRP
ENSCJAG00000085791,TLCD3B
ENSCJAG00000078242,Metazoa_SRP
ENSCJAG00000040771,WNT7A
ENSCJAG00000040930,ZNF580
ENSCJAG00000082391,
ENSCJAG00000069830,
ENSCJAG00000047979,S100A10
ENSCJAG00000084980,
ENSCJAG00000063165,
ENSCJAG00000044207,MIR136
ENSCJAG00000037895,Metazoa_SRP
ENSCJAG00000085667,Metazoa_SRP
ENSCJAG00000087201,NUCKS1
ENSCJAG00000086202,
ENSCJAG00000069927,Metazoa_SRP
ENSCJAG00000072979,
ENSCJAG00000076049,U6
ENSCJAG00000074810,ZNF581
ENSCJAG00000009241,DARS2
ENSCJAG00000084576,Metazoa_SRP
ENSCJAG00000078829,
ENSCJAG00000052585,SNORD112
ENSCJAG00000072466,
ENSCJAG00000010544,LSR
ENSCJAG00000081931,
ENSCJAG00000006703,DPYS
ENSCJAG00000044553,MAGEE2
ENSCJAG00000078330,
ENSCJAG00000077490,U1
ENSCJAG00000073047,Metazoa_SRP
ENSCJAG00000002526,POU3F4
ENSCJAG00000077583,Y_RNA
ENSCJAG00000029250,MIR370
ENSCJAG00000000555,PI15
ENSCJAG00000009346,PBXIP1
ENSCJAG00000083802,
ENSCJAG00000086795,U6
ENSCJAG00000002367,GJA8
ENSCJAG00000075204,Metazoa_SRP
ENSCJAG00000087258,
ENSCJAG00000052864,SNORD23
ENSCJAG00000077512,
ENSCJAG00000072791,
ENSCJAG00000087001,
ENSCJAG00000070030,
ENSCJAG00000072360,ZNF880
ENSCJAG00000004005,USP9X
ENSCJAG00000062096,LMOD1
ENSCJAG00000045093,
ENSCJAG00000010686,FANCA
ENSCJAG00000016924,TMEM43
ENSCJAG00000039153,
ENSCJAG00000051982,
ENSCJAG00000015005,PHLPP2
ENSCJAG00000063281,SNORD113-1
ENSCJAG00000085966,
ENSCJAG00000075885,
ENSCJAG00000071813,Metazoa_SRP
ENSCJAG00000006902,C16orf92
ENSCJAG00000078093,
ENSCJAG00000002362,
ENSCJAG00000004396,KCNC3
ENSCJAG00000043090,CCDC106
ENSCJAG00000081676,
ENSCJAG00000061008,
ENSCJAG00000073410,
ENSCJAG00000072291,SNORD113-3
ENSCJAG00000077682,Y_RNA
ENSCJAG00000070541,
ENSCJAG00000073661,
ENSCJAG00000036696,RSRC1
ENSCJAG00000082538,
ENSCJAG00000069361,CYLC1
ENSCJAG00000014464,THADA
ENSCJAG00000080938,RAB7L1
ENSCJAG00000070654,
ENSCJAG00000038317,TMEM164
ENSCJAG00000076606,
ENSCJAG00000081926,SNORD113-4
ENSCJAG00000085006,
ENSCJAG00000072780,
ENSCJAG00000041477,TIMM17A
ENSCJAG00000080902,U6
ENSCJAG00000006716,DCSTAMP
ENSCJAG00000015866,PARN
ENSCJAG00000043185,SELENOW
ENSCJAG00000044486,PIGZ
ENSCJAG00000067930,SNORD113-5
ENSCJAG00000078374,
ENSCJAG00000055894,Metazoa_SRP
ENSCJAG00000083946,
ENSCJAG00000006908,DOC2A
ENSCJAG00000016187,ADGRE1
ENSCJAG00000009163,NFRKB
ENSCJAG00000076869,SNORD113-6
ENSCJAG00000075390,
ENSCJAG00000003333,RELCH
ENSCJAG00000056287,
ENSCJAG00000001377,CP
ENSCJAG00000078297,
ENSCJAG00000072663,
ENSCJAG00000058850,SNORD113-7
ENSCJAG00000075764,U6
ENSCJAG00000017095,POU2F1
ENSCJAG00000040095,SRP9
ENSCJAG00000042375,NCBP2AS2
ENSCJAG00000072125,
ENSCJAG00000076319,
ENSCJAG00000067881,SNORD113-8
ENSCJAG00000002353,PDZK1
ENSCJAG00000005609,DAZAP1
ENSCJAG00000070408,U6
ENSCJAG00000079309,
ENSCJAG00000008031,NVL
ENSCJAG00000077909,
ENSCJAG00000018571,PBDC1
ENSCJAG00000073872,
ENSCJAG00000083689,SNORD113-9
ENSCJAG00000083337,U6
ENSCJAG00000068316,
ENSCJAG00000011015,SLC41A1
ENSCJAG00000071686,
ENSCJAG00000006436,ADAM2
ENSCJAG00000072492,SNORD114-1
ENSCJAG00000007552,DNAJA2
ENSCJAG00000071864,Y_RNA
ENSCJAG00000072338,
ENSCJAG00000014476,GLG1
ENSCJAG00000040587,Metazoa_SRP
ENSCJAG00000077685,
ENSCJAG00000072999,
ENSCJAG00000039693,NCBP2
ENSCJAG00000063240,
ENSCJAG00000074598,
ENSCJAG00000075288,Metazoa_SRP
ENSCJAG00000075045,
ENSCJAG00000087072,CHCHD4
ENSCJAG00000075647,
ENSCJAG00000008317,RPS6KA6
ENSCJAG00000004730,ARFGEF1
ENSCJAG00000058925,
ENSCJAG00000006954,INO80E
ENSCJAG00000082843,U6
ENSCJAG00000004417,NAPSA
ENSCJAG00000012661,ITGA9
ENSCJAG00000040555,PYGO2
ENSCJAG00000078298,CRX
ENSCJAG00000076792,
ENSCJAG00000079976,
ENSCJAG00000036348,Metazoa_SRP
ENSCJAG00000005745,RNPEP
ENSCJAG00000027194,MIR652
ENSCJAG00000017128,U2AF2
ENSCJAG00000082956,KDM5D
ENSCJAG00000047673,BRAP
ENSCJAG00000085708,Metazoa_SRP
ENSCJAG00000046024,Metazoa_SRP
ENSCJAG00000008285,ARK2N
ENSCJAG00000078627,
ENSCJAG00000087017,
ENSCJAG00000013060,DVL3
ENSCJAG00000073951,SHOX2
ENSCJAG00000076245,
ENSCJAG00000073249,Metazoa_SRP
ENSCJAG00000002349,CD160
ENSCJAG00000078379,
ENSCJAG00000082100,
ENSCJAG00000005496,
ENSCJAG00000080430,
ENSCJAG00000075101,Metazoa_SRP
ENSCJAG00000074315,
ENSCJAG00000074278,Metazoa_SRP
ENSCJAG00000077407,Metazoa_SRP
ENSCJAG00000071597,Metazoa_SRP
ENSCJAG00000085614,5_8S_rRNA
ENSCJAG00000084266,
ENSCJAG00000011061,
ENSCJAG00000086016,Metazoa_SRP
ENSCJAG00000014624,C19orf47
ENSCJAG00000071828,
ENSCJAG00000077195,
ENSCJAG00000071340,SNORA70
ENSCJAG00000047124,AMMECR1
ENSCJAG00000077499,
ENSCJAG00000081632,Metazoa_SRP
ENSCJAG00000006978,HIRIP3
ENSCJAG00000082661,
ENSCJAG00000034163,
ENSCJAG00000039761,ATP5PO
ENSCJAG00000016952,XPC
ENSCJAG00000037107,Metazoa_SRP
ENSCJAG00000012986,CDT1
ENSCJAG00000011944,ACAD10
ENSCJAG00000070303,Metazoa_SRP
ENSCJAG00000074506,
ENSCJAG00000005269,SULT2A1
ENSCJAG00000072657,
ENSCJAG00000082499,
ENSCJAG00000077779,Metazoa_SRP
ENSCJAG00000066987,U6
ENSCJAG00000071412,U6
ENSCJAG00000070068,
ENSCJAG00000084656,
ENSCJAG00000072679,
ENSCJAG00000057942,
ENSCJAG00000072157,
ENSCJAG00000055534,cja-mir-9923
ENSCJAG00000082894,
ENSCJAG00000007534,NETO2
ENSCJAG00000085774,
ENSCJAG00000014571,ZFP36L2
ENSCJAG00000085876,
ENSCJAG00000086066,
ENSCJAG00000077463,
ENSCJAG00000070971,
ENSCJAG00000009236,SHC1
ENSCJAG00000044719,MARVELD3
ENSCJAG00000075589,5_8S_rRNA
ENSCJAG00000008133,CABP5
ENSCJAG00000008295,HDX
ENSCJAG00000080805,
ENSCJAG00000039813,U6
ENSCJAG00000074406,
ENSCJAG00000075745,
ENSCJAG00000081486,
ENSCJAG00000012990,APRT
ENSCJAG00000086735,
ENSCJAG00000075854,
ENSCJAG00000075981,
ENSCJAG00000085442,Y_RNA
ENSCJAG00000082694,
ENSCJAG00000049546,
ENSCJAG00000013704,SENP5
ENSCJAG00000054655,SNORD114-3
ENSCJAG00000086433,
ENSCJAG00000084466,
ENSCJAG00000011853,EMD
ENSCJAG00000020062,ADAMDEC1
ENSCJAG00000072682,
ENSCJAG00000070116,
ENSCJAG00000061892,U6
ENSCJAG00000011074,SLC26A9
ENSCJAG00000070982,
ENSCJAG00000062142,SNORD114-4
ENSCJAG00000081704,
ENSCJAG00000086079,ATP5H
ENSCJAG00000022309,
ENSCJAG00000081160,
ENSCJAG00000075210,
ENSCJAG00000012998,AP2M1
ENSCJAG00000087381,
ENSCJAG00000084487,
ENSCJAG00000014984,TAT
ENSCJAG00000071055,
ENSCJAG00000011989,ALDH2
ENSCJAG00000077563,
ENSCJAG00000074493,Metazoa_SRP
ENSCJAG00000014593,HAAO
ENSCJAG00000057654,
ENSCJAG00000073766,ARK2C
ENSCJAG00000076325,
ENSCJAG00000081367,
ENSCJAG00000004439,NR1H2
ENSCJAG00000078652,U1
ENSCJAG00000079491,
ENSCJAG00000076799,
ENSCJAG00000071980,
ENSCJAG00000078568,
ENSCJAG00000081629,
ENSCJAG00000077788,
ENSCJAG00000081938,Metazoa_SRP
ENSCJAG00000076045,
ENSCJAG00000073513,
ENSCJAG00000041314,RTL9
ENSCJAG00000067062,
ENSCJAG00000069766,Metazoa_SRP
ENSCJAG00000033843,U6
ENSCJAG00000085860,FGF16
ENSCJAG00000060472,SNORD114-9
ENSCJAG00000077452,5_8S_rRNA
ENSCJAG00000042664,LSM3
ENSCJAG00000014633,PLD3
ENSCJAG00000002332,RNF115
ENSCJAG00000063128,
ENSCJAG00000047426,Metazoa_SRP
ENSCJAG00000077924,
ENSCJAG00000031230,U6
ENSCJAG00000002746,SERPINI1
ENSCJAG00000017140,EPN1
ENSCJAG00000069914,
ENSCJAG00000084184,Y_RNA
ENSCJAG00000076763,KCNE2
ENSCJAG00000006995,TAOK2
ENSCJAG00000058331,
ENSCJAG00000084688,
ENSCJAG00000030810,
ENSCJAG00000073996,
ENSCJAG00000075184,U6
ENSCJAG00000011822,RPL10
ENSCJAG00000073957,Metazoa_SRP
ENSCJAG00000070838,
ENSCJAG00000085409,
ENSCJAG00000018388,ITFG1
ENSCJAG00000080384,
ENSCJAG00000081104,
ENSCJAG00000065595,
ENSCJAG00000043693,
ENSCJAG00000045673,DEGS1
ENSCJAG00000076835,
ENSCJAG00000014607,OXER1
ENSCJAG00000086503,
ENSCJAG00000022069,CHST4
ENSCJAG00000084906,Metazoa_SRP
ENSCJAG00000081467,
ENSCJAG00000006076,HUWE1
ENSCJAG00000075051,
ENSCJAG00000064936,
ENSCJAG00000038516,
ENSCJAG00000007238,CHRDL1
ENSCJAG00000017175,NLRP9
ENSCJAG00000045683,
ENSCJAG00000079420,
ENSCJAG00000081953,
ENSCJAG00000016212,RIMS2
ENSCJAG00000070333,
ENSCJAG00000081725,
ENSCJAG00000033112,SNORA72
ENSCJAG00000076589,
ENSCJAG00000080296,
ENSCJAG00000012993,GALNS
ENSCJAG00000056920,
ENSCJAG00000058754,
ENSCJAG00000085109,
ENSCJAG00000070884,
ENSCJAG00000083484,U1
ENSCJAG00000002763,PDCD10
ENSCJAG00000072662,
ENSCJAG00000085264,
ENSCJAG00000084467,RPL39
ENSCJAG00000012817,P2RX2
ENSCJAG00000014614,MTA3
ENSCJAG00000084543,
ENSCJAG00000079927,Metazoa_SRP
ENSCJAG00000012029,MAPKAPK5
ENSCJAG00000058661,
ENSCJAG00000012959,ABCF3
ENSCJAG00000076322,Y_RNA
ENSCJAG00000082868,
ENSCJAG00000084782,
ENSCJAG00000081576,SNORA70
ENSCJAG00000048559,FBXO28
ENSCJAG00000084947,Metazoa_SRP
ENSCJAG00000080189,
ENSCJAG00000044042,
ENSCJAG00000085088,
ENSCJAG00000079599,
ENSCJAG00000070204,
ENSCJAG00000025598,SNORA69
ENSCJAG00000028007,Y_RNA
ENSCJAG00000008249,
ENSCJAG00000011800,DNASE1L1
ENSCJAG00000076099,Y_RNA
ENSCJAG00000071464,
ENSCJAG00000000504,LIG1
ENSCJAG00000059867,
ENSCJAG00000070404,SMIM11
ENSCJAG00000074662,
ENSCJAG00000005541,C19orf24
ENSCJAG00000086488,
ENSCJAG00000087026,
ENSCJAG00000081185,Metazoa_SRP
ENSCJAG00000057280,PELI2
ENSCJAG00000005857,GPR37L1
ENSCJAG00000002314,POLR3C
ENSCJAG00000080781,
ENSCJAG00000042743,ZNF19
ENSCJAG00000071442,U7
ENSCJAG00000049980,
ENSCJAG00000077539,
ENSCJAG00000004747,VEPH1
ENSCJAG00000077248,
ENSCJAG00000072633,
ENSCJAG00000008221,LOXHD1
ENSCJAG00000022487,C21orf140
ENSCJAG00000014644,HIPK4
ENSCJAG00000073599,
ENSCJAG00000079513,
ENSCJAG00000056687,
ENSCJAG00000084394,
ENSCJAG00000078058,
ENSCJAG00000044743,RAB7B
ENSCJAG00000046283,NLRP11
ENSCJAG00000084297,Metazoa_SRP
ENSCJAG00000009235,PRDM10
ENSCJAG00000076871,Metazoa_SRP
ENSCJAG00000086835,EFNA2
ENSCJAG00000076662,
ENSCJAG00000072989,
ENSCJAG00000083922,
ENSCJAG00000084841,Metazoa_SRP
ENSCJAG00000002854,SMIM34
ENSCJAG00000086930,U4
ENSCJAG00000020075,ADAM28
ENSCJAG00000057448,
ENSCJAG00000070083,U7
ENSCJAG00000013777,ACTN4
ENSCJAG00000005865,ARL8A
ENSCJAG00000084098,U6
ENSCJAG00000015206,VWA5B2
ENSCJAG00000004975,UPF3B
ENSCJAG00000018916,MAGT1
ENSCJAG00000080395,
ENSCJAG00000002774,WDR49
ENSCJAG00000081015,KCNE1
ENSCJAG00000019382,
ENSCJAG00000072421,
ENSCJAG00000074946,
ENSCJAG00000058817,
ENSCJAG00000014649,PRX
ENSCJAG00000082878,U6
ENSCJAG00000079975,
ENSCJAG00000012699,CTDSPL
ENSCJAG00000064207,
ENSCJAG00000071303,
ENSCJAG00000074938,NUDT17
ENSCJAG00000033222,
ENSCJAG00000047786,Metazoa_SRP
ENSCJAG00000081601,
ENSCJAG00000012510,ENAH
ENSCJAG00000005556,PWWP3A
ENSCJAG00000084653,
ENSCJAG00000033026,U6
ENSCJAG00000069678,
ENSCJAG00000076081,Metazoa_SRP
ENSCJAG00000069990,Metazoa_SRP
ENSCJAG00000082052,
ENSCJAG00000001358,HPS3
ENSCJAG00000018332,UNC79
ENSCJAG00000081296,Y_RNA
ENSCJAG00000035945,U1
ENSCJAG00000016995,TAZ
ENSCJAG00000058854,
ENSCJAG00000076120,Metazoa_SRP
ENSCJAG00000083343,Metazoa_SRP
ENSCJAG00000064185,
ENSCJAG00000066450,
ENSCJAG00000070312,Metazoa_SRP
ENSCJAG00000070153,Metazoa_SRP
ENSCJAG00000072005,Metazoa_SRP
ENSCJAG00000081920,
ENSCJAG00000010311,ZNF711
ENSCJAG00000070770,
ENSCJAG00000072199,
ENSCJAG00000008154,NLRP4
ENSCJAG00000008144,TP53BP2
ENSCJAG00000083496,Y_RNA
ENSCJAG00000081478,
ENSCJAG00000014972,ZNF23
ENSCJAG00000076336,Metazoa_SRP
ENSCJAG00000073319,Metazoa_SRP
ENSCJAG00000004849,CPA6
ENSCJAG00000005882,PTPN7
ENSCJAG00000080625,U4
ENSCJAG00000002795,SERPINI2
ENSCJAG00000071120,Metazoa_SRP
ENSCJAG00000013687,PAK2
ENSCJAG00000080785,Metazoa_SRP
ENSCJAG00000044469,
ENSCJAG00000026918,cja-mir-26a-1
ENSCJAG00000011559,
ENSCJAG00000016992,SLC6A6
ENSCJAG00000069691,Metazoa_SRP
ENSCJAG00000077775,
ENSCJAG00000082505,
ENSCJAG00000039573,ST8SIA1
ENSCJAG00000005459,
ENSCJAG00000077125,NDUFA1
ENSCJAG00000004771,PTX3
ENSCJAG00000026641,cja-mir-365-1
ENSCJAG00000080101,
ENSCJAG00000039038,Metazoa_SRP
ENSCJAG00000002257,PIAS3
ENSCJAG00000071231,
ENSCJAG00000012100,TMEM116
ENSCJAG00000024066,cja-mir-193
ENSCJAG00000073697,Metazoa_SRP
ENSCJAG00000005587,NDUFS7
ENSCJAG00000002861,RASGRP2
ENSCJAG00000073762,U4
ENSCJAG00000072460,Metazoa_SRP
ENSCJAG00000083359,NLRP13
ENSCJAG00000054003,ADGRE5
ENSCJAG00000027448,U6
ENSCJAG00000014665,BLVRB
ENSCJAG00000079524,
ENSCJAG00000041700,U6
ENSCJAG00000015787,DDX3X
ENSCJAG00000013011,TRAPPC2L
ENSCJAG00000082975,
ENSCJAG00000014695,KCNG3
ENSCJAG00000047002,TLE7
ENSCJAG00000079040,U5
ENSCJAG00000044078,U1
ENSCJAG00000071546,
ENSCJAG00000075733,
ENSCJAG00000004955,AKAP14
ENSCJAG00000010342,POF1B
ENSCJAG00000084850,
ENSCJAG00000013676,PIGX
ENSCJAG00000041487,CMAS
ENSCJAG00000087317,Metazoa_SRP
ENSCJAG00000079548,RPL39
ENSCJAG00000013390,TAF1
ENSCJAG00000004692,CCNL1
ENSCJAG00000073815,Metazoa_SRP
ENSCJAG00000071804,
ENSCJAG00000061936,COX7A2L
ENSCJAG00000052634,Metazoa_SRP
ENSCJAG00000078536,COX7B
ENSCJAG00000076443,Metazoa_SRP
ENSCJAG00000044466,U7
ENSCJAG00000085016,
ENSCJAG00000041709,Metazoa_SRP
ENSCJAG00000015172,ALG3
ENSCJAG00000083514,Metazoa_SRP
ENSCJAG00000035433,U6
ENSCJAG00000014231,INSYN2A
ENSCJAG00000064666,
ENSCJAG00000007082,TMEM219
ENSCJAG00000018771,CTSE
ENSCJAG00000017165,STYXL2
ENSCJAG00000070868,
ENSCJAG00000085619,
ENSCJAG00000085820,Y_RNA
ENSCJAG00000014962,CALB2
ENSCJAG00000005596,GAMT
ENSCJAG00000086560,
ENSCJAG00000039129,Metazoa_SRP
ENSCJAG00000002838,RCAN1
ENSCJAG00000077870,
ENSCJAG00000012715,VILL
ENSCJAG00000079123,Metazoa_SRP
ENSCJAG00000042624,
ENSCJAG00000022066,
ENSCJAG00000032099,NLRP5
ENSCJAG00000009331,CKS1B
ENSCJAG00000071242,
ENSCJAG00000080328,
ENSCJAG00000075948,Metazoa_SRP
ENSCJAG00000059482,NPS
ENSCJAG00000007098,KCTD13
ENSCJAG00000080572,Y_RNA
ENSCJAG00000074122,Metazoa_SRP
ENSCJAG00000002808,ZBBX
ENSCJAG00000085677,
ENSCJAG00000031551,U6
ENSCJAG00000085209,
ENSCJAG00000061551,
ENSCJAG00000084371,
ENSCJAG00000015925,MRTFB
ENSCJAG00000071625,
ENSCJAG00000017174,GPA33
ENSCJAG00000083816,Metazoa_SRP
ENSCJAG00000072882,Metazoa_SRP
ENSCJAG00000059688,Metazoa_SRP
ENSCJAG00000018324,PHKB
ENSCJAG00000004941,NKAP
ENSCJAG00000054354,cja-mir-9911
ENSCJAG00000078223,U6
ENSCJAG00000085107,
ENSCJAG00000069751,
ENSCJAG00000087331,
ENSCJAG00000023354,
ENSCJAG00000081047,ST8SIA5
ENSCJAG00000009320,FLAD1
ENSCJAG00000086104,U7
ENSCJAG00000041399,
ENSCJAG00000059286,
ENSCJAG00000001677,NRROS
ENSCJAG00000014240,FOXI2
ENSCJAG00000005632,RPS15
ENSCJAG00000080245,
ENSCJAG00000004760,DDX39A
ENSCJAG00000042081,POLD1
ENSCJAG00000082889,Metazoa_SRP
ENSCJAG00000002836,PYGM
ENSCJAG00000000489,CARD8
ENSCJAG00000080529,
ENSCJAG00000032751,
ENSCJAG00000014460,RFWD3
ENSCJAG00000071660,Metazoa_SRP
ENSCJAG00000004676,LEKR1
ENSCJAG00000076608,Metazoa_SRP
ENSCJAG00000078986,
ENSCJAG00000082578,
ENSCJAG00000048643,ERP29
ENSCJAG00000004052,ATP7A
ENSCJAG00000018766,RHEX
ENSCJAG00000074144,
ENSCJAG00000055404,ERVV-2
ENSCJAG00000014719,EML4
ENSCJAG00000076619,
ENSCJAG00000014242,CLRN3
ENSCJAG00000001685,FBXO45
ENSCJAG00000071005,U1
ENSCJAG00000003331,TNFRSF11A
ENSCJAG00000045284,PABPN1L
ENSCJAG00000018238,ZNF160
ENSCJAG00000045691,BCLAF3
ENSCJAG00000042358,ABCC9
ENSCJAG00000017185,MAEL
ENSCJAG00000071041,Metazoa_SRP
ENSCJAG00000075715,CLIC6
ENSCJAG00000012131,NAA25
ENSCJAG00000080789,
ENSCJAG00000077099,Metazoa_SRP
ENSCJAG00000062392,Y_RNA
ENSCJAG00000015803,
ENSCJAG00000005906,LGR6
ENSCJAG00000074218,LENEP
ENSCJAG00000079025,
ENSCJAG00000002247,ANKRD35
ENSCJAG00000038900,FAM72A
ENSCJAG00000001689,WDR53
ENSCJAG00000042317,
ENSCJAG00000079789,
ENSCJAG00000082834,
ENSCJAG00000065303,EEF1AKMT4
ENSCJAG00000070551,ZNF415
ENSCJAG00000020268,ZNF787
ENSCJAG00000080184,
ENSCJAG00000086111,SPTBN4
ENSCJAG00000060600,
ENSCJAG00000009307,ZBTB7B
ENSCJAG00000075116,APC2
ENSCJAG00000081485,
ENSCJAG00000055210,
ENSCJAG00000075208,Y_RNA
ENSCJAG00000076680,
ENSCJAG00000069650,
ENSCJAG00000004657,TIPARP
ENSCJAG00000022233,CAMK2N2
ENSCJAG00000075435,Metazoa_SRP
ENSCJAG00000007113,SEZ6L2
ENSCJAG00000014247,PTPRE
ENSCJAG00000071235,
ENSCJAG00000080416,U2
ENSCJAG00000041465,SMCO1
ENSCJAG00000060862,cja-mir-9956
ENSCJAG00000076636,
ENSCJAG00000056731,
ENSCJAG00000010451,USF2
ENSCJAG00000053072,U7
ENSCJAG00000080947,Metazoa_SRP
ENSCJAG00000038129,C19orf25
ENSCJAG00000038679,
ENSCJAG00000079225,Y_RNA
ENSCJAG00000023668,U6
ENSCJAG00000044749,ZNF347
ENSCJAG00000083285,RBMY
ENSCJAG00000020269,ZNF444
ENSCJAG00000086789,U6
ENSCJAG00000077438,
ENSCJAG00000021082,PGK1
ENSCJAG00000057233,
ENSCJAG00000083369,
ENSCJAG00000014444,FA2H
ENSCJAG00000082653,U6
ENSCJAG00000005665,
ENSCJAG00000001693,RNF168
ENSCJAG00000009296,DCST2
ENSCJAG00000022120,
ENSCJAG00000015982,ERCC4
ENSCJAG00000086518,U6
ENSCJAG00000008199,PIAS2
ENSCJAG00000082232,
ENSCJAG00000052863,CBFA2T3
ENSCJAG00000012271,TRAFD1
ENSCJAG00000017014,GRIP2
ENSCJAG00000016144,
ENSCJAG00000076005,Metazoa_SRP
ENSCJAG00000020271,GALP
ENSCJAG00000045770,
ENSCJAG00000007168,PAK3
ENSCJAG00000076202,SPIRE2
ENSCJAG00000070366,
ENSCJAG00000002816,RUNX1
ENSCJAG00000082097,
ENSCJAG00000070461,
ENSCJAG00000001426,HLTF
ENSCJAG00000082740,
ENSCJAG00000064111,
ENSCJAG00000034776,
ENSCJAG00000040642,ATP6AP1
ENSCJAG00000002780,SF1
ENSCJAG00000061631,
ENSCJAG00000084251,U6
ENSCJAG00000081195,U6
ENSCJAG00000082189,
ENSCJAG00000025921,U1
ENSCJAG00000047274,AVPR1B
ENSCJAG00000001698,CYP8B1
ENSCJAG00000008168,CAPN2
ENSCJAG00000018497,
ENSCJAG00000005705,REEP6
ENSCJAG00000004713,PKN1
ENSCJAG00000071986,TSPY
ENSCJAG00000075529,
ENSCJAG00000056730,ZSCAN5B
ENSCJAG00000007544,FSIP2
ENSCJAG00000076971,5S_rRNA
ENSCJAG00000010392,CHM
ENSCJAG00000056074,
ENSCJAG00000016134,
ENSCJAG00000004920,RHOXF2B
ENSCJAG00000072265,
ENSCJAG00000000486,ODAD1
ENSCJAG00000068586,ACKR2
ENSCJAG00000019520,TAF9B
ENSCJAG00000078945,
ENSCJAG00000082609,
ENSCJAG00000003312,ZCCHC2
ENSCJAG00000073735,
ENSCJAG00000046930,U4
ENSCJAG00000073268,Y_RNA
ENSCJAG00000075325,U6
ENSCJAG00000083966,
ENSCJAG00000070365,Metazoa_SRP
ENSCJAG00000074527,U6
ENSCJAG00000075041,
ENSCJAG00000073631,U1
ENSCJAG00000077094,
ENSCJAG00000074285,Y_RNA
ENSCJAG00000081929,STC1
ENSCJAG00000070457,
ENSCJAG00000034608,
ENSCJAG00000081168,
ENSCJAG00000014835,PKDCC
ENSCJAG00000081522,
ENSCJAG00000004877,PREX2
ENSCJAG00000043837,CASP7
ENSCJAG00000076101,ZBTB33
ENSCJAG00000076412,
ENSCJAG00000082379,
ENSCJAG00000070210,
ENSCJAG00000038452,ADAMTSL5
ENSCJAG00000079693,
ENSCJAG00000035331,SHISA9
ENSCJAG00000010545,TCF25
ENSCJAG00000010899,CDH15
ENSCJAG00000084601,KRBOX1
ENSCJAG00000078661,Metazoa_SRP
ENSCJAG00000073259,
ENSCJAG00000025752,
ENSCJAG00000085043,
ENSCJAG00000015132,ECE2
ENSCJAG00000023257,CYSLTR1
ENSCJAG00000074983,Metazoa_SRP
ENSCJAG00000071409,
ENSCJAG00000073395,
ENSCJAG00000076521,Metazoa_SRP
ENSCJAG00000085390,NKX2-6
ENSCJAG00000073435,
ENSCJAG00000064493,
ENSCJAG00000078436,
ENSCJAG00000075214,
ENSCJAG00000004577,KCNAB1
ENSCJAG00000082480,
ENSCJAG00000016910,GDI1
ENSCJAG00000083981,
ENSCJAG00000027751,
ENSCJAG00000012853,POLE
ENSCJAG00000043299,BCHE
ENSCJAG00000010193,MYD88
ENSCJAG00000017212,ILDR2
ENSCJAG00000078479,
ENSCJAG00000002805,SETD4
ENSCJAG00000057012,
ENSCJAG00000009273,DCST1
ENSCJAG00000060555,NKX3-1
ENSCJAG00000087215,Y_RNA
ENSCJAG00000074064,
ENSCJAG00000066119,Metazoa_SRP
ENSCJAG00000056818,
ENSCJAG00000082269,
ENSCJAG00000076932,
ENSCJAG00000008107,KATNAL2
ENSCJAG00000084489,
ENSCJAG00000085022,
ENSCJAG00000014399,WDR59
ENSCJAG00000047863,
ENSCJAG00000014323,MKI67
ENSCJAG00000076545,
ENSCJAG00000016005,CPPED1
ENSCJAG00000072580,
ENSCJAG00000084898,
ENSCJAG00000072415,U6
ENSCJAG00000042677,VN1R4
ENSCJAG00000084610,5S_rRNA
ENSCJAG00000046601,Metazoa_SRP
ENSCJAG00000075081,
ENSCJAG00000028675,U1
ENSCJAG00000005371,EIF1AY
ENSCJAG00000081982,
ENSCJAG00000037761,Metazoa_SRP
ENSCJAG00000045120,CDIPT
ENSCJAG00000006744,WASHC1
ENSCJAG00000017449,
ENSCJAG00000034001,U6
ENSCJAG00000076111,
ENSCJAG00000043821,HAMP
ENSCJAG00000002730,MAP4K2
ENSCJAG00000061125,
ENSCJAG00000079339,Y_RNA
ENSCJAG00000042770,LPAR4
ENSCJAG00000071950,U4
ENSCJAG00000085725,TMEM255A
ENSCJAG00000084862,
ENSCJAG00000070605,
ENSCJAG00000061377,
ENSCJAG00000009288,APLP2
ENSCJAG00000075159,GH1
ENSCJAG00000009576,P2RY10
ENSCJAG00000012317,HECTD4
ENSCJAG00000084941,MEX3D
ENSCJAG00000002231,ITGA10
ENSCJAG00000085509,Metazoa_SRP
ENSCJAG00000008366,TOR3A
ENSCJAG00000075088,
ENSCJAG00000078758,Y_RNA
ENSCJAG00000055375,ZNF331
ENSCJAG00000076826,SLC25A37
ENSCJAG00000067712,U3
ENSCJAG00000084953,
ENSCJAG00000001716,GASK1A
ENSCJAG00000059213,Y_RNA
ENSCJAG00000034394,PSMD2
ENSCJAG00000013403,KDM7A
ENSCJAG00000019191,PLEKHS1
ENSCJAG00000000482,EMP3
ENSCJAG00000079046,
ENSCJAG00000085348,
ENSCJAG00000086156,
ENSCJAG00000004629,LBR
ENSCJAG00000020283,ZNF582
ENSCJAG00000075039,
ENSCJAG00000047022,Metazoa_SRP
ENSCJAG00000080221,U6
ENSCJAG00000016010,SNX29
ENSCJAG00000073764,SNORA70
ENSCJAG00000009588,GPR174
ENSCJAG00000074357,Metazoa_SRP
ENSCJAG00000078110,
ENSCJAG00000003250,PHLPP1
ENSCJAG00000057927,
ENSCJAG00000080185,Metazoa_SRP
ENSCJAG00000040447,Metazoa_SRP
ENSCJAG00000073017,Metazoa_SRP
ENSCJAG00000075526,
ENSCJAG00000080275,
ENSCJAG00000084982,
ENSCJAG00000001467,GYG1
ENSCJAG00000071768,Metazoa_SRP
ENSCJAG00000038661,MAG
ENSCJAG00000084382,Metazoa_SRP
ENSCJAG00000014351,MGMT
ENSCJAG00000059873,
ENSCJAG00000008371,FAM20B
ENSCJAG00000046104,MC1R
ENSCJAG00000081662,
ENSCJAG00000084105,
ENSCJAG00000028650,U6
ENSCJAG00000024663,Y_RNA
ENSCJAG00000073603,MBD3
ENSCJAG00000002835,SLITRK3
ENSCJAG00000075277,
ENSCJAG00000086655,Metazoa_SRP
ENSCJAG00000018702,SRGAP2
ENSCJAG00000016181,DCAF13
ENSCJAG00000023118,SLC8A1
ENSCJAG00000001724,POMGNT2
ENSCJAG00000084884,U6
ENSCJAG00000018746,FKBP4
ENSCJAG00000013351,PARP12
ENSCJAG00000009591,ITM2A
ENSCJAG00000071575,
ENSCJAG00000023026,PXMP2
ENSCJAG00000082203,
ENSCJAG00000018567,DPRX
ENSCJAG00000075304,Metazoa_SRP
ENSCJAG00000077941,
ENSCJAG00000085495,
ENSCJAG00000008115,
ENSCJAG00000013920,MAP1S
ENSCJAG00000083166,
ENSCJAG00000007166,MVP
ENSCJAG00000076980,
ENSCJAG00000063509,FAM50A
ENSCJAG00000070973,Metazoa_SRP
ENSCJAG00000067815,U2
ENSCJAG00000004826,TUBB3
ENSCJAG00000016091,INSR
ENSCJAG00000038083,CBR1
ENSCJAG00000078535,
ENSCJAG00000077081,Metazoa_SRP
ENSCJAG00000000479,TMEM143
ENSCJAG00000066976,ZNF583
ENSCJAG00000085024,
ENSCJAG00000079197,cja-mir-1323
ENSCJAG00000020099,LOXL2
ENSCJAG00000055227,
ENSCJAG00000009304,CENPL
ENSCJAG00000065264,cja-mir-498
ENSCJAG00000014763,SHKBP1
ENSCJAG00000078315,U6
ENSCJAG00000039859,cja-mir-519b
ENSCJAG00000073149,CDY
ENSCJAG00000055887,
ENSCJAG00000086158,Metazoa_SRP
ENSCJAG00000075823,UQCR11
ENSCJAG00000081159,
ENSCJAG00000007182,PAGR1
ENSCJAG00000061919,cja-mir-519c
ENSCJAG00000042289,SPIB
ENSCJAG00000055325,
ENSCJAG00000083764,
ENSCJAG00000087384,
ENSCJAG00000022320,
ENSCJAG00000020292,ZNF667
ENSCJAG00000054313,
ENSCJAG00000045664,cja-mir-519a
ENSCJAG00000041980,
ENSCJAG00000043411,SLC25A32
ENSCJAG00000084228,Y_RNA
ENSCJAG00000079028,Metazoa_SRP
ENSCJAG00000060346,
ENSCJAG00000074826,
ENSCJAG00000001727,SNRK
ENSCJAG00000085712,
ENSCJAG00000082724,
ENSCJAG00000009617,TBX22
ENSCJAG00000079762,
ENSCJAG00000070600,
ENSCJAG00000018765,ITFG2
ENSCJAG00000034887,
ENSCJAG00000080918,
ENSCJAG00000007186,PRRT2
ENSCJAG00000078245,
ENSCJAG00000082572,Metazoa_SRP
ENSCJAG00000085376,Metazoa_SRP
ENSCJAG00000030268,cja-mir-361
ENSCJAG00000072558,
ENSCJAG00000074412,Metazoa_SRP
ENSCJAG00000074184,
ENSCJAG00000043107,EBF3
ENSCJAG00000004578,HDHD2
ENSCJAG00000022984,
ENSCJAG00000073862,
ENSCJAG00000072334,
ENSCJAG00000074855,
ENSCJAG00000078048,Metazoa_SRP
ENSCJAG00000017045,CCDC174
ENSCJAG00000074091,Metazoa_SRP
ENSCJAG00000012734,PLCD1
ENSCJAG00000084646,Metazoa_SRP
ENSCJAG00000008270,CAPN8
ENSCJAG00000019207,DCLRE1A
ENSCJAG00000007124,CAPN6
ENSCJAG00000041324,PGAM5
ENSCJAG00000069024,
ENSCJAG00000025963,Y_RNA
ENSCJAG00000031179,
ENSCJAG00000081966,cja-mir-518b-4
ENSCJAG00000074283,Y_RNA
ENSCJAG00000072228,
ENSCJAG00000016042,TNFRSF17
ENSCJAG00000002837,SI
ENSCJAG00000008385,RALGPS2
ENSCJAG00000004706,PTGER1
ENSCJAG00000065233,
ENSCJAG00000081554,CBR3
ENSCJAG00000073128,cja-mir-518b-4
ENSCJAG00000085511,
ENSCJAG00000041578,KCNJ8
ENSCJAG00000070497,
ENSCJAG00000074080,
ENSCJAG00000072618,cja-mir-521
ENSCJAG00000020296,ZNF471
ENSCJAG00000001100,
ENSCJAG00000085190,
ENSCJAG00000016167,CTHRC1
ENSCJAG00000004642,TCF3
ENSCJAG00000010490,DEF8
ENSCJAG00000084296,
ENSCJAG00000080074,cja-mir-518b-2
ENSCJAG00000064178,
ENSCJAG00000013325,TBXAS1
ENSCJAG00000079711,TADA1
ENSCJAG00000081565,
ENSCJAG00000046918,DCX
ENSCJAG00000036500,Metazoa_SRP
ENSCJAG00000086464,RPL29
ENSCJAG00000016816,PLXNA3
ENSCJAG00000072341,IER3IP1
ENSCJAG00000075410,U6
ENSCJAG00000071842,
ENSCJAG00000073559,cja-mir-523
ENSCJAG00000004679,GIPC1
ENSCJAG00000014233,ATP1B4
ENSCJAG00000087305,Metazoa_SRP
ENSCJAG00000081254,5S_rRNA
ENSCJAG00000082561,Metazoa_SRP
ENSCJAG00000038568,
ENSCJAG00000058435,cja-mir-371b
ENSCJAG00000009306,KLHL20
ENSCJAG00000002223,PEX11B
ENSCJAG00000078225,
ENSCJAG00000020297,ZFP28
ENSCJAG00000069597,
ENSCJAG00000047275,LDHB
ENSCJAG00000074885,U4
ENSCJAG00000083523,NRIP2
ENSCJAG00000035057,U6
ENSCJAG00000005383,MAP7D2
ENSCJAG00000000863,GMPS
ENSCJAG00000013943,FCHO1
ENSCJAG00000064408,cja-mir-372
ENSCJAG00000012978,ANKLE2
ENSCJAG00000084090,
ENSCJAG00000063417,
ENSCJAG00000070664,Metazoa_SRP
ENSCJAG00000079875,
ENSCJAG00000057979,cja-mir-373
ENSCJAG00000007794,MYBPC2
ENSCJAG00000048253,SKOR2
ENSCJAG00000019217,NHLRC2
ENSCJAG00000018191,GSPT1
ENSCJAG00000080478,
ENSCJAG00000000478,SYNGR4
ENSCJAG00000002716,MEN1
ENSCJAG00000042791,BCL2
ENSCJAG00000004666,DNAJB1
ENSCJAG00000038675,SERTM2
ENSCJAG00000017083,C3orf20
ENSCJAG00000056700,cja-mir-383b
ENSCJAG00000007189,MAZ
ENSCJAG00000002216,GNRHR2
ENSCJAG00000006463,IDO1
ENSCJAG00000013871,SUSD4
ENSCJAG00000018779,TEX52
ENSCJAG00000064023,
ENSCJAG00000085577,Metazoa_SRP
ENSCJAG00000010422,DACH2
ENSCJAG00000069759,
ENSCJAG00000001501,CPA3
ENSCJAG00000014999,EIF4G1
ENSCJAG00000084505,
ENSCJAG00000072499,Metazoa_SRP
ENSCJAG00000072864,
ENSCJAG00000041092,ZNF470
ENSCJAG00000010380,CD22
ENSCJAG00000054364,Metazoa_SRP
ENSCJAG00000067547,
ENSCJAG00000076470,
ENSCJAG00000078418,Metazoa_SRP
ENSCJAG00000016150,FZD6
ENSCJAG00000062481,
ENSCJAG00000083998,
ENSCJAG00000046869,RBM8A
ENSCJAG00000071063,
ENSCJAG00000072860,
ENSCJAG00000018390,MYADM
ENSCJAG00000051247,
ENSCJAG00000002725,DOP1B
ENSCJAG00000044223,GYS2
ENSCJAG00000018790,RHNO1
ENSCJAG00000002638,LAMP2
ENSCJAG00000074832,
ENSCJAG00000077045,
ENSCJAG00000048527,POGK
ENSCJAG00000080280,
ENSCJAG00000075864,
ENSCJAG00000019237,ADRB1
ENSCJAG00000004626,TECR
ENSCJAG00000000902,SLC33A1
ENSCJAG00000076946,Y_RNA
ENSCJAG00000006662,KDSR
ENSCJAG00000072312,U6
ENSCJAG00000086836,
ENSCJAG00000005917,UBE2T
ENSCJAG00000001510,CPB1
ENSCJAG00000001744,ANO10
ENSCJAG00000073196,
ENSCJAG00000004680,ASPM
ENSCJAG00000010454,GAS8
ENSCJAG00000002198,LIX1L
ENSCJAG00000083957,
ENSCJAG00000020302,ZNF71
ENSCJAG00000063723,
ENSCJAG00000014378,ZNRF1
ENSCJAG00000063495,
ENSCJAG00000022060,TLR5
ENSCJAG00000072036,
ENSCJAG00000077154,U6
ENSCJAG00000081535,
ENSCJAG00000000475,KDELR1
ENSCJAG00000002193,ANKRD34A
ENSCJAG00000008403,ZC3H7A
ENSCJAG00000003644,GARIN5A
ENSCJAG00000072403,U1
ENSCJAG00000041230,
ENSCJAG00000086446,Metazoa_SRP
ENSCJAG00000010226,DLEC1
ENSCJAG00000040464,SMIM17
ENSCJAG00000018781,FOXM1
ENSCJAG00000062126,
ENSCJAG00000054739,cja-mir-548i-1
ENSCJAG00000020118,R3HCC1
ENSCJAG00000001517,AGTR1
ENSCJAG00000000910,C3orf33
ENSCJAG00000008391,
ENSCJAG00000076599,U7
ENSCJAG00000072859,
ENSCJAG00000084914,
ENSCJAG00000002179,POLR3GL
ENSCJAG00000006481,IDO2
ENSCJAG00000069165,U7
ENSCJAG00000048478,SPX
ENSCJAG00000079416,Metazoa_SRP
ENSCJAG00000052679,Metazoa_SRP
ENSCJAG00000018393,PRKCG
ENSCJAG00000077729,U6
ENSCJAG00000061797,
ENSCJAG00000055919,SNORD66
ENSCJAG00000006594,DISP1
ENSCJAG00000061825,U6
ENSCJAG00000082985,ATP8B3
ENSCJAG00000007056,ALG13
ENSCJAG00000014891,THUMPD2
ENSCJAG00000041329,LAGE3
ENSCJAG00000004511,FAM78B
ENSCJAG00000008434,ANGPTL1
ENSCJAG00000053621,
ENSCJAG00000014621,TXNDC11
ENSCJAG00000080662,Y_RNA
ENSCJAG00000002660,EHD1
ENSCJAG00000074513,Metazoa_SRP
ENSCJAG00000079330,
ENSCJAG00000085073,
ENSCJAG00000044439,C10orf143
ENSCJAG00000019239,CCDC186
ENSCJAG00000046825,FAM131A
ENSCJAG00000043716,BAALC
ENSCJAG00000013000,GOLGA3
ENSCJAG00000010044,PEG3
ENSCJAG00000085053,Metazoa_SRP
ENSCJAG00000004611,NDUFB7
ENSCJAG00000052074,
ENSCJAG00000014356,LDHD
ENSCJAG00000076536,
ENSCJAG00000071181,
ENSCJAG00000003629,EMC10
ENSCJAG00000086170,
ENSCJAG00000006696,VPS4B
ENSCJAG00000000450,GRIN2D
ENSCJAG00000002161,TXNIP
ENSCJAG00000043833,SNN
ENSCJAG00000040613,Metazoa_SRP
ENSCJAG00000074416,UBL4A
ENSCJAG00000017099,FGD5
ENSCJAG00000071574,Metazoa_SRP
ENSCJAG00000043256,Metazoa_SRP
ENSCJAG00000077960,Metazoa_SRP
ENSCJAG00000051615,ANKRD45
ENSCJAG00000044214,GOLT1B
ENSCJAG00000086388,
ENSCJAG00000072206,Metazoa_SRP
ENSCJAG00000080212,Metazoa_SRP
ENSCJAG00000082783,
ENSCJAG00000004523,UCK2
ENSCJAG00000037941,LTBP4
ENSCJAG00000040463,TMEM178A
ENSCJAG00000005239,RPS6KA3
ENSCJAG00000071540,U6
ENSCJAG00000014400,GLRX3
ENSCJAG00000082431,FAM177B
ENSCJAG00000069845,
ENSCJAG00000002632,ATG2A
ENSCJAG00000004630,SMAD2
ENSCJAG00000043083,C8orf4
ENSCJAG00000073256,TEX35
ENSCJAG00000038259,
ENSCJAG00000070136,Metazoa_SRP
ENSCJAG00000079236,
ENSCJAG00000025421,MIR98
ENSCJAG00000077479,SLC10A3
ENSCJAG00000026068,MIRLET7F2
ENSCJAG00000071452,
ENSCJAG00000073786,
ENSCJAG00000070795,U7
ENSCJAG00000041142,HFE2
ENSCJAG00000072854,U6
ENSCJAG00000078734,U6
ENSCJAG00000070820,Metazoa_SRP
ENSCJAG00000085854,
ENSCJAG00000007193,
ENSCJAG00000084149,Metazoa_SRP
ENSCJAG00000016057,LITAF
ENSCJAG00000000440,GRWD1
ENSCJAG00000068354,Metazoa_SRP
ENSCJAG00000077204,Metazoa_SRP
ENSCJAG00000008397,ARHGEF18
ENSCJAG00000042579,Metazoa_SRP
ENSCJAG00000084793,
ENSCJAG00000084150,
ENSCJAG00000081072,
ENSCJAG00000083648,Metazoa_SRP
ENSCJAG00000087210,
ENSCJAG00000051567,ZFP1
ENSCJAG00000086851,
ENSCJAG00000020123,CHMP7
ENSCJAG00000074467,
ENSCJAG00000072071,ZMAT4
ENSCJAG00000018796,TEAD4
ENSCJAG00000075205,U1
ENSCJAG00000006530,BROX
ENSCJAG00000060226,
ENSCJAG00000004557,ADGRE3
ENSCJAG00000011816,B3GNT3
ENSCJAG00000007053,TRPC5
ENSCJAG00000074349,U4
ENSCJAG00000004561,TMCO1
ENSCJAG00000082685,
ENSCJAG00000040655,KCNJ14
ENSCJAG00000078510,
ENSCJAG00000016054,
ENSCJAG00000070014,Metazoa_SRP
ENSCJAG00000010477,DBNDD1
ENSCJAG00000016100,ATP6V1C1
ENSCJAG00000077055,Y_RNA
ENSCJAG00000074478,Metazoa_SRP
ENSCJAG00000084281,Metazoa_SRP
ENSCJAG00000007220,ZG16
ENSCJAG00000044420,RECQL
ENSCJAG00000086209,
ENSCJAG00000072112,
ENSCJAG00000041211,CLEC20A
ENSCJAG00000087078,Y_RNA
ENSCJAG00000006260,PHF8
ENSCJAG00000081330,
ENSCJAG00000075888,
ENSCJAG00000046018,TRPC5OS
ENSCJAG00000054431,
ENSCJAG00000010212,ACAA1
ENSCJAG00000074898,INSL3
ENSCJAG00000053026,
ENSCJAG00000014418,TCERG1L
ENSCJAG00000077399,
ENSCJAG00000080610,
ENSCJAG00000014964,CLCN2
ENSCJAG00000076621,U6
ENSCJAG00000087161,
ENSCJAG00000084620,
ENSCJAG00000070269,
ENSCJAG00000041421,TEX50
ENSCJAG00000038222,C16orf54
ENSCJAG00000005949,PPP1R12B
ENSCJAG00000084459,Metazoa_SRP
ENSCJAG00000058701,Metazoa_SRP
ENSCJAG00000012514,ABCC11
ENSCJAG00000080066,
ENSCJAG00000016787,FAM3A
ENSCJAG00000077221,CACNG7
ENSCJAG00000080355,
ENSCJAG00000081448,
ENSCJAG00000052411,Metazoa_SRP
ENSCJAG00000086322,
ENSCJAG00000070331,
ENSCJAG00000078028,
ENSCJAG00000073850,
ENSCJAG00000086395,
ENSCJAG00000014320,
ENSCJAG00000085746,Metazoa_SRP
ENSCJAG00000080458,
ENSCJAG00000039021,
ENSCJAG00000016052,PRM2
ENSCJAG00000000917,PLCH1
ENSCJAG00000073648,
ENSCJAG00000007227,QPRT
ENSCJAG00000080507,
ENSCJAG00000076371,
ENSCJAG00000075143,
ENSCJAG00000041514,TNFRSF10A
ENSCJAG00000075729,U1
ENSCJAG00000002574,PPP2R5B
ENSCJAG00000069740,
ENSCJAG00000023199,
ENSCJAG00000073530,
ENSCJAG00000074503,U6
ENSCJAG00000071260,Metazoa_SRP
ENSCJAG00000032282,
ENSCJAG00000046230,Metazoa_SRP
ENSCJAG00000027192,U6
ENSCJAG00000017131,NR2C2
ENSCJAG00000085227,U6
ENSCJAG00000063807,
ENSCJAG00000079237,AIDA
ENSCJAG00000008979,
ENSCJAG00000010479,KLHL4
ENSCJAG00000070219,LHFPL1
ENSCJAG00000084961,
ENSCJAG00000037297,SERPINB5
ENSCJAG00000082498,
ENSCJAG00000071032,
ENSCJAG00000000018,USP29
ENSCJAG00000085062,U6
ENSCJAG00000004794,ZBTB41
ENSCJAG00000081281,SPN
ENSCJAG00000021468,REXO1
ENSCJAG00000004575,ALDH9A1
ENSCJAG00000074756,
ENSCJAG00000004704,ZBTB7C
ENSCJAG00000073392,Metazoa_SRP
ENSCJAG00000086584,U6
ENSCJAG00000082552,
ENSCJAG00000079992,Metazoa_SRP
ENSCJAG00000016087,AZIN1
ENSCJAG00000070662,Y_RNA
ENSCJAG00000086512,Metazoa_SRP
ENSCJAG00000038589,JAK3
ENSCJAG00000080490,
ENSCJAG00000039557,TNP2
ENSCJAG00000086468,U6
ENSCJAG00000000020,ZIM3
ENSCJAG00000018484,CACNG8
ENSCJAG00000043129,PRDX6
ENSCJAG00000085997,
ENSCJAG00000076170,
ENSCJAG00000076597,U6
ENSCJAG00000002596,CUL4B
ENSCJAG00000017208,JOSD2
ENSCJAG00000014920,MAP4K3
ENSCJAG00000007235,CD2BP2
ENSCJAG00000085455,U6
ENSCJAG00000013030,CHFR
ENSCJAG00000010419,PRDM9
ENSCJAG00000062700,SOCS1
ENSCJAG00000071194,
ENSCJAG00000073104,GPHA2
ENSCJAG00000080576,Metazoa_SRP
ENSCJAG00000085843,Metazoa_SRP
ENSCJAG00000032190,Y_RNA
ENSCJAG00000073277,
ENSCJAG00000083141,Metazoa_SRP
ENSCJAG00000042572,MIR935
ENSCJAG00000038724,Metazoa_SRP
ENSCJAG00000072695,
ENSCJAG00000063970,
ENSCJAG00000007004,AMOT
ENSCJAG00000044990,DUXA
ENSCJAG00000014335,CTRB1
ENSCJAG00000083286,Metazoa_SRP
ENSCJAG00000081951,Metazoa_SRP
ENSCJAG00000080492,
ENSCJAG00000061835,
ENSCJAG00000048579,U7
ENSCJAG00000084088,U6
ENSCJAG00000035996,SERPINB12
ENSCJAG00000081430,Metazoa_SRP
ENSCJAG00000037587,Metazoa_SRP
ENSCJAG00000084529,
ENSCJAG00000000219,PPP2R2D
ENSCJAG00000071746,LGALS7
ENSCJAG00000086491,
ENSCJAG00000081209,
ENSCJAG00000007260,TBC1D10B
ENSCJAG00000082722,U6
ENSCJAG00000070617,Y_RNA
ENSCJAG00000074215,
ENSCJAG00000078103,
ENSCJAG00000074893,Metazoa_SRP
ENSCJAG00000074501,
ENSCJAG00000083581,
ENSCJAG00000019270,TDRD1
ENSCJAG00000018488,CACNG6
ENSCJAG00000048444,
ENSCJAG00000083256,
ENSCJAG00000016069,KLF10
ENSCJAG00000061611,
ENSCJAG00000054196,
ENSCJAG00000084186,
ENSCJAG00000042076,KLF16
ENSCJAG00000070389,
ENSCJAG00000073502,Metazoa_SRP
ENSCJAG00000083457,
ENSCJAG00000085529,
ENSCJAG00000017216,ASPDH
ENSCJAG00000084902,
ENSCJAG00000070137,
ENSCJAG00000067505,PEX11G
ENSCJAG00000000408,CYTH2
ENSCJAG00000006802,SERPINB13
ENSCJAG00000002554,MAJIN
ENSCJAG00000029768,Y_RNA
ENSCJAG00000077174,
ENSCJAG00000004619,MGST3
ENSCJAG00000002781,MORC3
ENSCJAG00000074595,
ENSCJAG00000087147,5S_rRNA
ENSCJAG00000072922,
ENSCJAG00000006315,FAM120C
ENSCJAG00000036983,ABHD17A
ENSCJAG00000016025,CLEC16A
ENSCJAG00000081661,Metazoa_SRP
ENSCJAG00000072818,Y_RNA
ENSCJAG00000076396,Y_RNA
ENSCJAG00000009075,ADAM15
ENSCJAG00000040183,RPL18A
ENSCJAG00000048673,TNFSF4
ENSCJAG00000080843,
ENSCJAG00000047544,ZIC1
ENSCJAG00000010173,OXSR1
ENSCJAG00000040053,PYROXD1
ENSCJAG00000035236,U1
ENSCJAG00000058864,
ENSCJAG00000002571,MYL11
ENSCJAG00000081006,
ENSCJAG00000030827,
ENSCJAG00000050580,
ENSCJAG00000061628,MIA3
ENSCJAG00000083284,Metazoa_SRP
ENSCJAG00000079537,
ENSCJAG00000062460,Metazoa_SRP
ENSCJAG00000004729,CTIF
ENSCJAG00000081318,ODF1
ENSCJAG00000073700,Metazoa_SRP
ENSCJAG00000073801,
ENSCJAG00000020135,TNFRSF10B
ENSCJAG00000006825,SERPINB4
ENSCJAG00000008413,SAXO5
ENSCJAG00000016221,FFAR1
ENSCJAG00000013931,HNRNPL
ENSCJAG00000072009,Metazoa_SRP
ENSCJAG00000076203,
ENSCJAG00000082596,5S_rRNA
ENSCJAG00000018494,VSTM1
ENSCJAG00000075211,U1
ENSCJAG00000002550,BATF2
ENSCJAG00000057644,
ENSCJAG00000082256,U6
ENSCJAG00000004825,CRB1
ENSCJAG00000075615,U1
ENSCJAG00000071039,LRRC4B
ENSCJAG00000076138,
ENSCJAG00000074027,Metazoa_SRP
ENSCJAG00000081175,
ENSCJAG00000010377,FFAR3
ENSCJAG00000008458,RASAL2
ENSCJAG00000084541,
ENSCJAG00000046193,ABHD5
ENSCJAG00000082607,
ENSCJAG00000058001,
ENSCJAG00000085301,U1
ENSCJAG00000073287,
ENSCJAG00000076905,
ENSCJAG00000080527,Metazoa_SRP
ENSCJAG00000034534,U6
ENSCJAG00000042588,TNFSF18
ENSCJAG00000000022,ZNF805
ENSCJAG00000014296,BCAR1
ENSCJAG00000080404,U1
ENSCJAG00000087145,U6
ENSCJAG00000004653,LRRC52
ENSCJAG00000080852,
ENSCJAG00000078388,
ENSCJAG00000045267,Metazoa_SRP
ENSCJAG00000040989,
ENSCJAG00000054572,U4
ENSCJAG00000002577,SEPTIN1
ENSCJAG00000080276,U1
ENSCJAG00000063373,U7
ENSCJAG00000025628,SNORA68
ENSCJAG00000014829,NUMBL
ENSCJAG00000073865,Metazoa_SRP
ENSCJAG00000079329,U6
ENSCJAG00000017160,MRPS25
ENSCJAG00000021478,SCAMP4
ENSCJAG00000000883,
ENSCJAG00000086867,
ENSCJAG00000085787,Metazoa_SRP
ENSCJAG00000004543,ZNF333
ENSCJAG00000042301,DEXI
ENSCJAG00000077409,
ENSCJAG00000044681,FFAR2
ENSCJAG00000019284,VWA2
ENSCJAG00000023432,
ENSCJAG00000008491,GABRR3
ENSCJAG00000000228,BNIP3
ENSCJAG00000009434,ST14
ENSCJAG00000070373,
ENSCJAG00000017227,SYT3
ENSCJAG00000006731,SERPINB11
ENSCJAG00000081844,U6
ENSCJAG00000045015,ZNF358
ENSCJAG00000042087,Metazoa_SRP
ENSCJAG00000012577,LONP2
ENSCJAG00000072203,
ENSCJAG00000038849,SFRP1
ENSCJAG00000081677,
ENSCJAG00000080569,U6
ENSCJAG00000014011,SLC5A5
ENSCJAG00000044970,
ENSCJAG00000010550,
ENSCJAG00000058468,
ENSCJAG00000002772,CHAF1B
ENSCJAG00000078698,U6
ENSCJAG00000004656,RXRG
ENSCJAG00000015960,UBR5
ENSCJAG00000020143,RHOBTB2
ENSCJAG00000038835,Metazoa_SRP
ENSCJAG00000001529,ZIC4
ENSCJAG00000063408,FASLG
ENSCJAG00000008429,MCOLN1
ENSCJAG00000017163,ZFYVE20
ENSCJAG00000066287,
ENSCJAG00000085037,Metazoa_SRP
ENSCJAG00000072379,
ENSCJAG00000034097,KRTDAP
ENSCJAG00000009451,ZBTB44
ENSCJAG00000002371,CAPN1
ENSCJAG00000077709,
ENSCJAG00000013074,ZNF605
ENSCJAG00000043166,Metazoa_SRP
ENSCJAG00000083763,U3
ENSCJAG00000025459,U6
ENSCJAG00000071690,
ENSCJAG00000081689,
ENSCJAG00000084723,Metazoa_SRP
ENSCJAG00000043760,MINA
ENSCJAG00000018882,TSPAN9
ENSCJAG00000070913,Metazoa_SRP
ENSCJAG00000070057,Metazoa_SRP
ENSCJAG00000082664,U4
ENSCJAG00000079571,Metazoa_SRP
ENSCJAG00000014959,POLR2H
ENSCJAG00000079188,U1
ENSCJAG00000077301,Metazoa_SRP
ENSCJAG00000004537,
ENSCJAG00000084173,Metazoa_SRP
ENSCJAG00000041432,
ENSCJAG00000073497,
ENSCJAG00000040116,IAPP
ENSCJAG00000052984,SNORD30
ENSCJAG00000082305,U1
ENSCJAG00000018505,OSCAR
ENSCJAG00000041536,
ENSCJAG00000040672,ZNF48
ENSCJAG00000032438,C19orf81
ENSCJAG00000002769,CLDN14
ENSCJAG00000065956,
ENSCJAG00000047087,TRH
ENSCJAG00000000221,WNK3
ENSCJAG00000086884,
ENSCJAG00000054592,
ENSCJAG00000020687,
ENSCJAG00000038355,Metazoa_SRP
ENSCJAG00000077041,Metazoa_SRP
ENSCJAG00000076352,
ENSCJAG00000033719,SERPINB7
ENSCJAG00000078677,
ENSCJAG00000021480,
ENSCJAG00000013888,RINL
ENSCJAG00000086336,
ENSCJAG00000002611,ZNF771
ENSCJAG00000081334,
ENSCJAG00000084018,
ENSCJAG00000071970,
ENSCJAG00000046592,OR7C2
ENSCJAG00000001760,TOPAZ1
ENSCJAG00000083639,Metazoa_SRP
ENSCJAG00000044367,CYYR1
ENSCJAG00000080601,
ENSCJAG00000053207,Metazoa_SRP
ENSCJAG00000008539,CRYBG3
ENSCJAG00000072089,U1
ENSCJAG00000048180,
ENSCJAG00000057766,U3
ENSCJAG00000013090,ZNF26
ENSCJAG00000039582,CCDC124
ENSCJAG00000072802,Metazoa_SRP
ENSCJAG00000045935,SLCO1A2
ENSCJAG00000062728,
ENSCJAG00000051621,SNORA80C
ENSCJAG00000069782,
ENSCJAG00000000231,JAKMIP3
ENSCJAG00000015997,CIITA
ENSCJAG00000005365,
ENSCJAG00000021040,
ENSCJAG00000016775,G6PD
ENSCJAG00000070719,U6
ENSCJAG00000081611,
ENSCJAG00000079623,U1
ENSCJAG00000081145,
ENSCJAG00000002704,SIM2
ENSCJAG00000045091,Metazoa_SRP
ENSCJAG00000078782,
ENSCJAG00000084619,
ENSCJAG00000074697,Metazoa_SRP
ENSCJAG00000074551,DCTPP1
ENSCJAG00000073623,
ENSCJAG00000021486,BTBD2
ENSCJAG00000006967,HTR2C
ENSCJAG00000083346,
ENSCJAG00000079088,Metazoa_SRP
ENSCJAG00000073658,
ENSCJAG00000077984,
ENSCJAG00000079954,Y_RNA
ENSCJAG00000084465,
ENSCJAG00000086917,
ENSCJAG00000079575,
ENSCJAG00000045159,Metazoa_SRP
ENSCJAG00000017178,TMCC1
ENSCJAG00000080244,
ENSCJAG00000009481,ADAMTS8
ENSCJAG00000019289,AFAP1L2
ENSCJAG00000080832,Metazoa_SRP
ENSCJAG00000087248,
ENSCJAG00000070154,Y_RNA
ENSCJAG00000075957,
ENSCJAG00000079798,Metazoa_SRP
ENSCJAG00000004498,SLC1A6
ENSCJAG00000087079,
ENSCJAG00000069894,Metazoa_SRP
ENSCJAG00000039611,SMAD7
ENSCJAG00000082002,LMX1A
ENSCJAG00000061841,
ENSCJAG00000077847,Metazoa_SRP
ENSCJAG00000061261,Metazoa_SRP
ENSCJAG00000069627,
ENSCJAG00000071570,Metazoa_SRP
ENSCJAG00000076864,
ENSCJAG00000086531,
ENSCJAG00000034737,U6
ENSCJAG00000086895,
ENSCJAG00000079432,TSR2
ENSCJAG00000014833,COQ8B
ENSCJAG00000002533,SNX15
ENSCJAG00000070284,
ENSCJAG00000076103,Y_RNA
ENSCJAG00000047825,Metazoa_SRP
ENSCJAG00000072626,
ENSCJAG00000080080,GOLGA7
ENSCJAG00000028101,Y_RNA
ENSCJAG00000074574,
ENSCJAG00000080030,
ENSCJAG00000003655,
ENSCJAG00000006860,SERPINB2
ENSCJAG00000059441,ZNF84
ENSCJAG00000072544,
ENSCJAG00000000023,AURKC
ENSCJAG00000081713,
ENSCJAG00000025614,SNORA35
ENSCJAG00000076373,
ENSCJAG00000084191,Y_RNA
ENSCJAG00000014925,CHRD
ENSCJAG00000070314,Metazoa_SRP
ENSCJAG00000076740,
ENSCJAG00000010167,SLC22A13
ENSCJAG00000070385,
ENSCJAG00000015923,RRM2B
ENSCJAG00000078930,U6
ENSCJAG00000062347,
ENSCJAG00000076477,
ENSCJAG00000079156,Metazoa_SRP
ENSCJAG00000067507,cja-mir-1264
ENSCJAG00000083114,ACTB
ENSCJAG00000081745,Metazoa_SRP
ENSCJAG00000077102,
ENSCJAG00000082415,
ENSCJAG00000000398,LMTK3
ENSCJAG00000019764,FLNB
ENSCJAG00000044381,SLCO1B1
ENSCJAG00000009521,ADAMTS15
ENSCJAG00000072217,
ENSCJAG00000073650,
ENSCJAG00000028957,cja-mir-1298
ENSCJAG00000078825,
ENSCJAG00000086535,
ENSCJAG00000002527,SAC3D1
ENSCJAG00000002697,HLCS
ENSCJAG00000082008,
ENSCJAG00000085247,
ENSCJAG00000074830,ARL6
ENSCJAG00000067581,
ENSCJAG00000042748,SERPINB10
ENSCJAG00000024787,cja-mir-1911
ENSCJAG00000077210,
ENSCJAG00000087230,
ENSCJAG00000018518,
ENSCJAG00000078846,
ENSCJAG00000009309,HHIPL2
ENSCJAG00000077084,
ENSCJAG00000000230,FGD1
ENSCJAG00000085070,
ENSCJAG00000066460,
ENSCJAG00000024546,cja-mir-448
ENSCJAG00000077465,U6
ENSCJAG00000061884,
ENSCJAG00000072151,
ENSCJAG00000080457,
ENSCJAG00000082951,
ENSCJAG00000054467,
ENSCJAG00000037780,PNPLA6
ENSCJAG00000053793,SIAH1
ENSCJAG00000076252,ZNF140
ENSCJAG00000086113,Metazoa_SRP
ENSCJAG00000086352,
ENSCJAG00000000539,MKNK2
ENSCJAG00000001771,TCAIM
ENSCJAG00000060917,
ENSCJAG00000081016,Metazoa_SRP
ENSCJAG00000083674,
ENSCJAG00000014283,CFDP1
ENSCJAG00000004489,TEKTL1
ENSCJAG00000016713,SHANK1
ENSCJAG00000054308,
ENSCJAG00000062537,
ENSCJAG00000011026,GINS4
ENSCJAG00000014026,KCNN1
ENSCJAG00000082454,
ENSCJAG00000087083,
ENSCJAG00000006949,IL13RA2
ENSCJAG00000025980,U6
ENSCJAG00000036075,Metazoa_SRP
ENSCJAG00000002628,ITGAL
ENSCJAG00000039808,Metazoa_SRP
ENSCJAG00000060576,
ENSCJAG00000036473,U1
ENSCJAG00000081300,
ENSCJAG00000071021,Metazoa_SRP
ENSCJAG00000000026,ZNF460
ENSCJAG00000077014,
ENSCJAG00000017679,DPYSL4
ENSCJAG00000023027,ZNF891
ENSCJAG00000040690,Metazoa_SRP
ENSCJAG00000009048,NYX
ENSCJAG00000076684,
ENSCJAG00000075262,
ENSCJAG00000073626,
ENSCJAG00000070525,
ENSCJAG00000008553,EPHA6
ENSCJAG00000039971,
ENSCJAG00000074134,
ENSCJAG00000020669,
ENSCJAG00000004476,CASP14
ENSCJAG00000009574,SNX19
ENSCJAG00000075696,
ENSCJAG00000061435,
ENSCJAG00000073156,
ENSCJAG00000078453,
ENSCJAG00000018891,PRMT8
ENSCJAG00000071193,
ENSCJAG00000075327,U6
ENSCJAG00000042341,STRIT1
ENSCJAG00000038606,Y_RNA
ENSCJAG00000012640,N4BP1
ENSCJAG00000078024,
ENSCJAG00000018519,TFPT
ENSCJAG00000081922,
ENSCJAG00000082699,U6
ENSCJAG00000085648,ZNF543
ENSCJAG00000037412,U1
ENSCJAG00000070477,Metazoa_SRP
ENSCJAG00000020158,PEBP4
ENSCJAG00000014755,ITPKC
ENSCJAG00000044040,
ENSCJAG00000073943,Metazoa_SRP
ENSCJAG00000077595,
ENSCJAG00000085617,
ENSCJAG00000007464,
ENSCJAG00000086334,U4
ENSCJAG00000006086,DUSP10
ENSCJAG00000004964,C8orf34
ENSCJAG00000072244,Y_RNA
ENSCJAG00000004471,
ENSCJAG00000081821,Metazoa_SRP
ENSCJAG00000016764,IKBKG
ENSCJAG00000070981,
ENSCJAG00000081472,Metazoa_SRP
ENSCJAG00000078148,U4
ENSCJAG00000009416,SUCO
ENSCJAG00000073274,
ENSCJAG00000058511,
ENSCJAG00000061055,Metazoa_SRP
ENSCJAG00000066072,Metazoa_SRP
ENSCJAG00000002515,NAALADL1
ENSCJAG00000085585,
ENSCJAG00000005220,CNKSR2
ENSCJAG00000075953,
ENSCJAG00000076550,U7
ENSCJAG00000082401,Metazoa_SRP
ENSCJAG00000075992,Metazoa_SRP
ENSCJAG00000000388,SULT2B1
ENSCJAG00000013969,SIRT2
ENSCJAG00000070544,
ENSCJAG00000070772,
ENSCJAG00000006875,
ENSCJAG00000043863,U6
ENSCJAG00000073112,
ENSCJAG00000077291,Metazoa_SRP
ENSCJAG00000080370,
ENSCJAG00000074457,
ENSCJAG00000061741,
ENSCJAG00000028390,U6
ENSCJAG00000073596,Metazoa_SRP
ENSCJAG00000041042,ZNF304
ENSCJAG00000001780,ZNF445
ENSCJAG00000014857,ACTMAP
ENSCJAG00000047036,Metazoa_SRP
ENSCJAG00000075672,PRIMA1
ENSCJAG00000027073,U6
ENSCJAG00000084927,Metazoa_SRP
ENSCJAG00000078544,Metazoa_SRP
ENSCJAG00000082310,U6
ENSCJAG00000086914,Y_RNA
ENSCJAG00000018525,PRPF31
ENSCJAG00000081103,
ENSCJAG00000044631,Metazoa_SRP
ENSCJAG00000080611,
ENSCJAG00000076402,
ENSCJAG00000071133,Metazoa_SRP
ENSCJAG00000084089,
ENSCJAG00000087170,
ENSCJAG00000073676,
ENSCJAG00000072348,
ENSCJAG00000023015,
ENSCJAG00000060149,
ENSCJAG00000007448,SLC35E3
ENSCJAG00000028094,
ENSCJAG00000041834,
ENSCJAG00000066036,
ENSCJAG00000078907,
ENSCJAG00000013112,ZNF268
ENSCJAG00000071670,SNORA70
ENSCJAG00000027483,SNORA35B
ENSCJAG00000072170,U4
ENSCJAG00000057961,
ENSCJAG00000044946,ZNF768
ENSCJAG00000002683,PIGP
ENSCJAG00000041905,CYP4F22
ENSCJAG00000045025,GPAT4
ENSCJAG00000013051,MOB3A
ENSCJAG00000040249,Metazoa_SRP
ENSCJAG00000000252,GNL3L
ENSCJAG00000025578,U4
ENSCJAG00000086239,
ENSCJAG00000080977,Y_RNA
ENSCJAG00000032536,U7
ENSCJAG00000004712,PBX1
ENSCJAG00000014865,SNRPA
ENSCJAG00000014281,CHST6
ENSCJAG00000002877,SERPINB8
ENSCJAG00000086716,
ENSCJAG00000001968,LUZP4
ENSCJAG00000000959,MME
ENSCJAG00000057658,
ENSCJAG00000084332,
ENSCJAG00000012660,CBLN1
ENSCJAG00000086048,U6
ENSCJAG00000062445,NCALD
ENSCJAG00000010114,XYLB
ENSCJAG00000059573,EGR3
ENSCJAG00000080199,STK32C
ENSCJAG00000009639,FAM181A
ENSCJAG00000077185,
ENSCJAG00000041702,
ENSCJAG00000084451,U6
ENSCJAG00000079263,ZNF747
ENSCJAG00000086245,
ENSCJAG00000070916,U1
ENSCJAG00000015995,TVP23A
ENSCJAG00000077783,
ENSCJAG00000082594,Metazoa_SRP
ENSCJAG00000071500,
ENSCJAG00000074038,
ENSCJAG00000040563,Metazoa_SRP
ENSCJAG00000071368,
ENSCJAG00000083958,U1
ENSCJAG00000077598,Metazoa_SRP
ENSCJAG00000027357,
ENSCJAG00000004754,DYM
ENSCJAG00000070817,Metazoa_SRP
ENSCJAG00000078496,U1
ENSCJAG00000083245,
ENSCJAG00000036002,ARRDC2
ENSCJAG00000069867,
ENSCJAG00000077451,
ENSCJAG00000014879,MIA
ENSCJAG00000004205,NKX6-3
ENSCJAG00000075805,Metazoa_SRP
ENSCJAG00000063173,
ENSCJAG00000039689,Metazoa_SRP
ENSCJAG00000077358,
ENSCJAG00000070915,5S_rRNA
ENSCJAG00000075552,ZNF764
ENSCJAG00000072302,
ENSCJAG00000077069,ZKSCAN7
ENSCJAG00000066319,
ENSCJAG00000009646,ASB2
ENSCJAG00000077841,
ENSCJAG00000073563,5S_rRNA
ENSCJAG00000077744,Metazoa_SRP
ENSCJAG00000015978,NUBP1
ENSCJAG00000043827,Metazoa_SRP
ENSCJAG00000000384,FAM83E
ENSCJAG00000085369,
ENSCJAG00000042153,U6
ENSCJAG00000012672,C16orf78
ENSCJAG00000083905,5S_rRNA
ENSCJAG00000078682,
ENSCJAG00000027033,
ENSCJAG00000074703,
ENSCJAG00000074092,
ENSCJAG00000062623,
ENSCJAG00000047458,RAB4B
ENSCJAG00000055251,
ENSCJAG00000071785,
ENSCJAG00000072729,
ENSCJAG00000072607,
ENSCJAG00000006146,MTARC1
ENSCJAG00000084272,ZNF688
ENSCJAG00000082792,Metazoa_SRP
ENSCJAG00000057696,SPACA4
ENSCJAG00000045128,TMEM231
ENSCJAG00000001094,CNOT3
ENSCJAG00000085922,Metazoa_SRP
ENSCJAG00000082398,
ENSCJAG00000074185,
ENSCJAG00000015029,SOS1
ENSCJAG00000071291,Metazoa_SRP
ENSCJAG00000003665,PABPC5
ENSCJAG00000016753,GAB3
ENSCJAG00000084950,
ENSCJAG00000081909,
ENSCJAG00000018917,CRACR2A
ENSCJAG00000073652,
ENSCJAG00000013059,IZUMO4
ENSCJAG00000000771,FCGR1A
ENSCJAG00000073438,
ENSCJAG00000069004,ZNF197
ENSCJAG00000077732,
ENSCJAG00000077071,U6
ENSCJAG00000078583,U1
ENSCJAG00000042262,Metazoa_SRP
ENSCJAG00000071262,
ENSCJAG00000007309,NUP107
ENSCJAG00000031505,ITIH6
ENSCJAG00000083441,
ENSCJAG00000044827,Metazoa_SRP
ENSCJAG00000069641,Metazoa_SRP
ENSCJAG00000082205,
ENSCJAG00000079100,
ENSCJAG00000041270,KLHL34
ENSCJAG00000075723,Metazoa_SRP
ENSCJAG00000001982,PLS3
ENSCJAG00000069066,
ENSCJAG00000076629,
ENSCJAG00000071859,U6
ENSCJAG00000005003,SULF1
ENSCJAG00000015952,
ENSCJAG00000015886,GRHL2
ENSCJAG00000018679,IKBKE
ENSCJAG00000082602,
ENSCJAG00000081685,
ENSCJAG00000020166,BIN3
ENSCJAG00000034060,SNORA70
ENSCJAG00000008493,SEC16B
ENSCJAG00000052828,
ENSCJAG00000004852,DENND1B
ENSCJAG00000075663,
ENSCJAG00000083769,
ENSCJAG00000002702,ZNF689
ENSCJAG00000001827,ZNF35
ENSCJAG00000034533,CCDC197
ENSCJAG00000005429,PLXND1
ENSCJAG00000009606,NTM
ENSCJAG00000000377,RPL18
ENSCJAG00000005203,SMPX
ENSCJAG00000014887,EGLN2
ENSCJAG00000014907,PWWP2B
ENSCJAG00000014045,IL12RB1
ENSCJAG00000074017,
ENSCJAG00000073673,TOLLIP
ENSCJAG00000077351,
ENSCJAG00000008892,CASK
ENSCJAG00000079960,SYT2
ENSCJAG00000001831,ZNF502
ENSCJAG00000008606,NSUN3
ENSCJAG00000041683,H2BC18
ENSCJAG00000073733,
ENSCJAG00000009667,OTUB2
ENSCJAG00000078361,
ENSCJAG00000081244,U1
ENSCJAG00000002640,TTC3
ENSCJAG00000004210,DKC1
ENSCJAG00000037085,Metazoa_SRP
ENSCJAG00000064718,Metazoa_SRP
ENSCJAG00000000982,GPR149
ENSCJAG00000002265,WIZ
ENSCJAG00000011975,ZNF423
ENSCJAG00000014911,EPHB3
ENSCJAG00000082508,U6
ENSCJAG00000017447,
ENSCJAG00000071812,U6
ENSCJAG00000010067,ACVR2B
ENSCJAG00000078126,U6
ENSCJAG00000086645,
ENSCJAG00000075305,Metazoa_SRP
ENSCJAG00000008533,CAMSAP3
ENSCJAG00000044956,KIAA1143
ENSCJAG00000077415,
ENSCJAG00000069297,
ENSCJAG00000076561,
ENSCJAG00000073531,Metazoa_SRP
ENSCJAG00000087228,
ENSCJAG00000036225,Metazoa_SRP
ENSCJAG00000046733,MBTPS2
ENSCJAG00000009683,DDX24
ENSCJAG00000002593,MCTS1
ENSCJAG00000001106,LENG1
ENSCJAG00000080474,
ENSCJAG00000082222,RPS3A
ENSCJAG00000041846,GABARAPL2
ENSCJAG00000002708,
ENSCJAG00000085297,Metazoa_SRP
ENSCJAG00000083438,
ENSCJAG00000041076,
ENSCJAG00000075086,Y_RNA
ENSCJAG00000034902,CYP2F1
ENSCJAG00000016708,CLEC11A
ENSCJAG00000077423,Metazoa_SRP
ENSCJAG00000073890,
ENSCJAG00000077608,cja-mir-9954
ENSCJAG00000070056,Metazoa_SRP
ENSCJAG00000075681,Metazoa_SRP
ENSCJAG00000074868,
ENSCJAG00000001108,TMC4
ENSCJAG00000015942,XYLT1
ENSCJAG00000078427,Metazoa_SRP
ENSCJAG00000078694,
ENSCJAG00000025362,
ENSCJAG00000000986,DHX36
ENSCJAG00000080135,U6
ENSCJAG00000074709,Metazoa_SRP
ENSCJAG00000074962,
ENSCJAG00000002590,C1GALT1C1
ENSCJAG00000083708,Y_RNA
ENSCJAG00000080103,Metazoa_SRP
ENSCJAG00000014241,ADAT1
ENSCJAG00000062991,U7
ENSCJAG00000078934,
ENSCJAG00000042256,SMIM47
ENSCJAG00000083600,C1orf115
ENSCJAG00000043209,Metazoa_SRP
ENSCJAG00000073155,Metazoa_SRP
ENSCJAG00000079630,
ENSCJAG00000008568,XAB2
ENSCJAG00000081241,
ENSCJAG00000085364,
ENSCJAG00000072514,IFI27L2
ENSCJAG00000072185,
ENSCJAG00000008622,ARL13B
ENSCJAG00000086954,
ENSCJAG00000072110,Metazoa_SRP
ENSCJAG00000010353,DMKN
ENSCJAG00000078239,
ENSCJAG00000077696,
ENSCJAG00000053333,
ENSCJAG00000070613,
ENSCJAG00000081464,H2BC21
ENSCJAG00000002502,CDCA5
ENSCJAG00000001840,KIF15
ENSCJAG00000071461,
ENSCJAG00000018661,RASSF5
ENSCJAG00000007581,TRO
ENSCJAG00000086294,U6
ENSCJAG00000057203,
ENSCJAG00000081686,Metazoa_SRP
ENSCJAG00000033933,SMS
ENSCJAG00000072243,U6
ENSCJAG00000010063,EXOG
ENSCJAG00000085380,Metazoa_SRP
ENSCJAG00000000366,SPHK2
ENSCJAG00000048427,HIST2H2AC
ENSCJAG00000040975,SNORD88B
ENSCJAG00000008597,PET100
ENSCJAG00000013091,AP3D1
ENSCJAG00000048196,Metazoa_SRP
ENSCJAG00000074336,
ENSCJAG00000014213,KARS1
ENSCJAG00000085018,Y_RNA
ENSCJAG00000013308,OGT
ENSCJAG00000080790,SNORD88A
ENSCJAG00000024729,SNORA36A
ENSCJAG00000001123,MBOAT7
ENSCJAG00000081730,
ENSCJAG00000039779,ZNF706
ENSCJAG00000015081,ARHGEF33
ENSCJAG00000002760,SRCAP
ENSCJAG00000081924,Metazoa_SRP
ENSCJAG00000069896,Metazoa_SRP
ENSCJAG00000044018,BOLA1
ENSCJAG00000085772,
ENSCJAG00000072160,SNORD88C
ENSCJAG00000002496,ZFPL1
ENSCJAG00000028452,SNORA56
ENSCJAG00000013991,NFKBIB
ENSCJAG00000036060,CYP2A7
ENSCJAG00000002516,AGTR2
ENSCJAG00000001997,CNEP1R1
ENSCJAG00000083823,U6
ENSCJAG00000085955,Y_RNA
ENSCJAG00000086129,
ENSCJAG00000065164,STX19
ENSCJAG00000001036,ARHGEF26
ENSCJAG00000016668,KLK1
ENSCJAG00000014057,MAST3
ENSCJAG00000008598,PCP2
ENSCJAG00000082078,
ENSCJAG00000083423,U6
ENSCJAG00000040357,U4
ENSCJAG00000002495,TMEM262
ENSCJAG00000039300,U6
ENSCJAG00000056596,
ENSCJAG00000073445,U4
ENSCJAG00000005106,SLCO5A1
ENSCJAG00000000779,SV2A
ENSCJAG00000072730,
ENSCJAG00000041349,CCER2
ENSCJAG00000014196,TERF2IP
ENSCJAG00000082120,
ENSCJAG00000079647,
ENSCJAG00000045844,KLK15
ENSCJAG00000043509,SLC6A14
ENSCJAG00000085094,U6
ENSCJAG00000047075,
ENSCJAG00000077954,
ENSCJAG00000001972,HEATR3
ENSCJAG00000081643,
ENSCJAG00000020174,CCAR2
ENSCJAG00000002459,VPS51
ENSCJAG00000072519,Y_RNA
ENSCJAG00000005121,PHEX
ENSCJAG00000000360,DBP
ENSCJAG00000047752,Metazoa_SRP
ENSCJAG00000004227,MPP1
ENSCJAG00000001128,TSEN34
ENSCJAG00000083453,
ENSCJAG00000002291,RASAL3
ENSCJAG00000072296,U6
ENSCJAG00000077535,U6
ENSCJAG00000008608,STXBP2
ENSCJAG00000075024,
ENSCJAG00000009721,PPP4R4
ENSCJAG00000020079,
ENSCJAG00000034565,
ENSCJAG00000081192,Metazoa_SRP
ENSCJAG00000007261,RAP1B
ENSCJAG00000083126,
ENSCJAG00000072136,Y_RNA
ENSCJAG00000086896,
ENSCJAG00000039600,Metazoa_SRP
ENSCJAG00000067633,Metazoa_SRP
ENSCJAG00000075960,
ENSCJAG00000081974,U6
ENSCJAG00000008648,PROS1
ENSCJAG00000043510,Metazoa_SRP
ENSCJAG00000079959,U6
ENSCJAG00000079672,
ENSCJAG00000054890,
ENSCJAG00000070037,
ENSCJAG00000075120,
ENSCJAG00000038482,Metazoa_SRP
ENSCJAG00000077189,
ENSCJAG00000005119,
ENSCJAG00000020649,MARK1
ENSCJAG00000026620,U3
ENSCJAG00000034168,SNORA70
ENSCJAG00000008052,PRDM14
ENSCJAG00000075254,
ENSCJAG00000002485,
ENSCJAG00000082731,Y_RNA
ENSCJAG00000014073,PIK3R2
ENSCJAG00000000345,CA11
ENSCJAG00000060011,
ENSCJAG00000082461,
ENSCJAG00000016648,KLK2
ENSCJAG00000002227,AKAP8L
ENSCJAG00000074258,
ENSCJAG00000040859,MORN2
ENSCJAG00000078189,
ENSCJAG00000079208,U6
ENSCJAG00000002441,TM7SF2
ENSCJAG00000086540,Metazoa_SRP
ENSCJAG00000072321,
ENSCJAG00000075860,
ENSCJAG00000078021,
ENSCJAG00000076050,
ENSCJAG00000086371,Metazoa_SRP
ENSCJAG00000020082,CYP2B6
ENSCJAG00000074687,
ENSCJAG00000013994,SARS2
ENSCJAG00000053773,
ENSCJAG00000086394,
ENSCJAG00000076735,RETN
ENSCJAG00000022232,MAGEF1
ENSCJAG00000070630,
ENSCJAG00000001130,RPS9
ENSCJAG00000018600,EIF2D
ENSCJAG00000035147,U5
ENSCJAG00000073087,
ENSCJAG00000075806,
ENSCJAG00000031514,GCNA
ENSCJAG00000083115,
ENSCJAG00000001932,TENT4B
ENSCJAG00000085769,
ENSCJAG00000072524,
ENSCJAG00000022195,ZNHIT2
ENSCJAG00000078040,
ENSCJAG00000078485,
ENSCJAG00000074120,
ENSCJAG00000002212,AKAP8
ENSCJAG00000085990,BRINP2
ENSCJAG00000044642,
ENSCJAG00000073282,
ENSCJAG00000008706,MCEMP1
ENSCJAG00000086037,
ENSCJAG00000000341,NTN5
ENSCJAG00000002432,FAU
ENSCJAG00000060367,
ENSCJAG00000014094,IFI30
ENSCJAG00000009613,OPCML
ENSCJAG00000016110,GRIA3
ENSCJAG00000001139,
ENSCJAG00000085384,
ENSCJAG00000007974,NCOA2
ENSCJAG00000004256,SMIM9
ENSCJAG00000002747,FBRS
ENSCJAG00000002626,VPS26C
ENSCJAG00000014128,CNTNAP4
ENSCJAG00000080796,Metazoa_SRP
ENSCJAG00000014104,MPV17L2
ENSCJAG00000023164,FUT2
ENSCJAG00000006395,CXCR3
ENSCJAG00000020085,CYP2S1
ENSCJAG00000056568,Metazoa_SRP
ENSCJAG00000071512,Y_RNA
ENSCJAG00000087099,TRAPPC5
ENSCJAG00000081816,
ENSCJAG00000034763,Y_RNA
ENSCJAG00000025409,Y_RNA
ENSCJAG00000002447,KLHL13
ENSCJAG00000056770,
ENSCJAG00000032793,
ENSCJAG00000073449,
ENSCJAG00000070403,U6
ENSCJAG00000053659,
ENSCJAG00000065265,U3
ENSCJAG00000056316,
ENSCJAG00000043917,MRPL49
ENSCJAG00000008723,FCER2
ENSCJAG00000032034,
ENSCJAG00000058085,
ENSCJAG00000074056,
ENSCJAG00000000326,MAMSTR
ENSCJAG00000006050,KDM5B
ENSCJAG00000025528,U6
ENSCJAG00000020218,C8orf58
ENSCJAG00000076398,Metazoa_SRP
ENSCJAG00000052068,
ENSCJAG00000070359,Metazoa_SRP
ENSCJAG00000004910,C1orf53
ENSCJAG00000077328,Metazoa_SRP
ENSCJAG00000002178,BRD4
ENSCJAG00000001166,
ENSCJAG00000042536,PDE4C
ENSCJAG00000016629,KLK4
ENSCJAG00000083128,
ENSCJAG00000085347,
ENSCJAG00000009761,SERPINA10
ENSCJAG00000078254,U6
ENSCJAG00000008692,EPHA3
ENSCJAG00000009537,C1orf105
ENSCJAG00000086496,
ENSCJAG00000007230,MDM1
ENSCJAG00000075925,Metazoa_SRP
ENSCJAG00000078563,
ENSCJAG00000029846,U3
ENSCJAG00000023712,SNORA11
ENSCJAG00000073355,
ENSCJAG00000001898,ADCY7
ENSCJAG00000070013,Y_RNA
ENSCJAG00000013182,DOT1L
ENSCJAG00000041424,KLK5
ENSCJAG00000014866,VPS8
ENSCJAG00000002413,SYVN1
ENSCJAG00000084928,
ENSCJAG00000015545,CLEC4G
ENSCJAG00000080700,
ENSCJAG00000009769,SERPINA6
ENSCJAG00000019760,DNASE1L3
ENSCJAG00000039391,Metazoa_SRP
ENSCJAG00000039155,LILRA4
ENSCJAG00000020090,AXL
ENSCJAG00000004916,LHX9
ENSCJAG00000082720,SNORD29
ENSCJAG00000084094,
ENSCJAG00000056899,PIGC
ENSCJAG00000084084,
ENSCJAG00000035952,KLK6
ENSCJAG00000005012,NHSL2
ENSCJAG00000016542,ALAS2
ENSCJAG00000081214,SERPINA2
ENSCJAG00000058748,
ENSCJAG00000015556,
ENSCJAG00000080438,
ENSCJAG00000000320,RASIP1
ENSCJAG00000070872,Y_RNA
ENSCJAG00000015097,DHX57
ENSCJAG00000083658,
ENSCJAG00000004258,F8
ENSCJAG00000043906,cja-mir-548g
ENSCJAG00000001832,BRD7
ENSCJAG00000002403,SPDYC
ENSCJAG00000082080,Y_RNA
ENSCJAG00000076420,
ENSCJAG00000019303,ABLIM1
ENSCJAG00000086922,
ENSCJAG00000020226,PDLIM2
ENSCJAG00000008558,ASTN1
ENSCJAG00000071787,
ENSCJAG00000075623,
ENSCJAG00000081332,U6
ENSCJAG00000018585,DYRK3
ENSCJAG00000076494,Metazoa_SRP
ENSCJAG00000067693,
ENSCJAG00000046958,KLK7
ENSCJAG00000036518,Metazoa_SRP
ENSCJAG00000002609,DYRK1A
ENSCJAG00000064303,RGAG4
ENSCJAG00000074839,U5
ENSCJAG00000030491,U1
ENSCJAG00000070462,
ENSCJAG00000081409,
ENSCJAG00000065876,CIST1
ENSCJAG00000020646,
ENSCJAG00000066336,
ENSCJAG00000067074,
ENSCJAG00000082230,
ENSCJAG00000069877,
ENSCJAG00000081906,
ENSCJAG00000024195,SNORA11G
ENSCJAG00000070590,
ENSCJAG00000083236,
ENSCJAG00000014148,IQCN
ENSCJAG00000002330,POLA2
ENSCJAG00000043176,MRPS12
ENSCJAG00000038762,U2
ENSCJAG00000078633,
ENSCJAG00000086361,
ENSCJAG00000007893,TRAM1
ENSCJAG00000001801,NKD1
ENSCJAG00000002408,WDR44
ENSCJAG00000024918,Y_RNA
ENSCJAG00000004992,
ENSCJAG00000059058,JUND
ENSCJAG00000077586,cja-mir-9948b
ENSCJAG00000004930,NEK7
ENSCJAG00000004050,NUF2
ENSCJAG00000054348,
ENSCJAG00000041853,Metazoa_SRP
ENSCJAG00000018551,MAPKAPK2
ENSCJAG00000073752,U6
ENSCJAG00000032831,FBXO17
ENSCJAG00000085559,
ENSCJAG00000047069,CDC42EP2
ENSCJAG00000071866,
ENSCJAG00000073657,Metazoa_SRP
ENSCJAG00000041206,PLEKHJ1
ENSCJAG00000081283,Metazoa_SRP
ENSCJAG00000052692,cja-mir-9908
ENSCJAG00000074956,U6
ENSCJAG00000070749,
ENSCJAG00000006032,CD209
ENSCJAG00000055552,Metazoa_SRP
ENSCJAG00000080799,Y_RNA
ENSCJAG00000008780,C3orf38
ENSCJAG00000014025,FBXO27
ENSCJAG00000001791,SNX20
ENSCJAG00000002169,EPHX3
ENSCJAG00000078953,
ENSCJAG00000014171,LSM4
ENSCJAG00000064019,GPR34
ENSCJAG00000074350,
ENSCJAG00000054905,U3
ENSCJAG00000022231,C3orf70
ENSCJAG00000007866,LACTB2
ENSCJAG00000073186,
ENSCJAG00000009032,
ENSCJAG00000000311,IZUMO1
ENSCJAG00000009782,SERPINA1
ENSCJAG00000045526,Metazoa_SRP
ENSCJAG00000016601,PFKFB1
ENSCJAG00000013206,SF3A2
ENSCJAG00000052040,Metazoa_SRP
ENSCJAG00000020235,SORBS3
ENSCJAG00000077755,Metazoa_SRP
ENSCJAG00000078605,Metazoa_SRP
ENSCJAG00000022332,ERCC6L
ENSCJAG00000037728,Metazoa_SRP
ENSCJAG00000077347,IF2A
ENSCJAG00000045391,ZNF654
ENSCJAG00000052313,IL22
ENSCJAG00000009550,DNM3
ENSCJAG00000071913,Metazoa_SRP
ENSCJAG00000083294,
ENSCJAG00000078055,Metazoa_SRP
ENSCJAG00000014113,MON1B
ENSCJAG00000048235,FUT1
ENSCJAG00000013212,AMH
ENSCJAG00000071047,XKR9
ENSCJAG00000002121,NOTCH3
ENSCJAG00000057316,EHHADH
ENSCJAG00000002301,DPF2
ENSCJAG00000019608,IGSF9B
ENSCJAG00000004192,
ENSCJAG00000009806,SERPINA11
ENSCJAG00000081531,
ENSCJAG00000004219,ANK1
ENSCJAG00000006269,KLK8
ENSCJAG00000073413,RGS4
ENSCJAG00000007192,IL26
ENSCJAG00000000299,FGF21
ENSCJAG00000020106,HNRNPUL1
ENSCJAG00000078993,
ENSCJAG00000046292,CGGBP1
ENSCJAG00000072173,Y_RNA
ENSCJAG00000016157,THOC2
ENSCJAG00000074683,
ENSCJAG00000013217,JSRP1
ENSCJAG00000082121,U6
ENSCJAG00000009809,SERPINA9
ENSCJAG00000075479,
ENSCJAG00000075924,Metazoa_SRP
ENSCJAG00000002599,KCNJ6
ENSCJAG00000080514,
ENSCJAG00000065068,U6
ENSCJAG00000073475,Metazoa_SRP
ENSCJAG00000039495,IFNG
ENSCJAG00000022621,HTR1F
ENSCJAG00000014101,SYCE1L
ENSCJAG00000065092,Metazoa_SRP
ENSCJAG00000018527,IL19
ENSCJAG00000061876,
ENSCJAG00000014176,PGPEP1
ENSCJAG00000004200,CITED1
ENSCJAG00000085045,
ENSCJAG00000077092,
ENSCJAG00000013227,OAZ1
ENSCJAG00000081517,U6
ENSCJAG00000069997,
ENSCJAG00000075231,
ENSCJAG00000051694,
ENSCJAG00000009820,SERPINA12
ENSCJAG00000069912,
ENSCJAG00000063314,
ENSCJAG00000038106,KLK9
ENSCJAG00000010390,PEAK3
ENSCJAG00000014053,ADAMTS18
ENSCJAG00000017209,H1-8
ENSCJAG00000080323,
ENSCJAG00000081604,
ENSCJAG00000083828,U6
ENSCJAG00000074203,U1
ENSCJAG00000068260,
ENSCJAG00000087195,
ENSCJAG00000010391,LINGO3
ENSCJAG00000046677,KLNJ
ENSCJAG00000075694,
ENSCJAG00000058709,
ENSCJAG00000002096,ILVBL
ENSCJAG00000079056,
ENSCJAG00000078244,
ENSCJAG00000016584,APEX2
ENSCJAG00000022193,TIGD3
ENSCJAG00000009827,SERPINA4
ENSCJAG00000007771,EYA1
ENSCJAG00000081431,
ENSCJAG00000085030,
ENSCJAG00000039713,LSM7
ENSCJAG00000018515,IL20
ENSCJAG00000039990,KCNJ15
ENSCJAG00000067890,
ENSCJAG00000000293,BCAT2
ENSCJAG00000061505,U2
ENSCJAG00000008810,POU1F1
ENSCJAG00000065745,
ENSCJAG00000017195,RHO
ENSCJAG00000060456,
ENSCJAG00000085251,U4
ENSCJAG00000047719,FAM104B
ENSCJAG00000043664,KLK11
ENSCJAG00000014818,MAP3K13
ENSCJAG00000009344,
ENSCJAG00000069615,
ENSCJAG00000030487,cja-mir-488
ENSCJAG00000002286,SLC25A45
ENSCJAG00000002073,SYDE1
ENSCJAG00000043913,NUDT7
ENSCJAG00000081137,
ENSCJAG00000059135,Metazoa_SRP
ENSCJAG00000010410,SPPL2B
ENSCJAG00000079780,Metazoa_SRP
ENSCJAG00000048614,GDF15
ENSCJAG00000076224,
ENSCJAG00000008842,CHMP2B
ENSCJAG00000076498,
ENSCJAG00000087235,
ENSCJAG00000016507,
ENSCJAG00000079192,F8A1
ENSCJAG00000004176,HSD17B7
ENSCJAG00000000915,LRRC25
ENSCJAG00000009846,
ENSCJAG00000006302,
ENSCJAG00000083520,U6
ENSCJAG00000004287,FUNDC2
ENSCJAG00000008617,PAPPA2
ENSCJAG00000045369,5S_rRNA
ENSCJAG00000018496,FCMR
ENSCJAG00000026284,U8
ENSCJAG00000009484,
ENSCJAG00000070512,
ENSCJAG00000014046,VAT1L
ENSCJAG00000078864,CMC4
ENSCJAG00000008119,ERG
ENSCJAG00000073962,
ENSCJAG00000040591,MSC
ENSCJAG00000082887,KLK13
ENSCJAG00000042284,MTCP1
ENSCJAG00000001012,SPATA19
ENSCJAG00000016523,PAGE3
ENSCJAG00000074146,
ENSCJAG00000080973,EFNA4
ENSCJAG00000006059,EVI5L
ENSCJAG00000039841,CLEC3A
ENSCJAG00000073409,
ENSCJAG00000045988,MAGEH1
ENSCJAG00000067895,
ENSCJAG00000043491,Metazoa_SRP
ENSCJAG00000014185,SSBP4
ENSCJAG00000020251,PPP3CC
ENSCJAG00000007735,TRPA1
ENSCJAG00000023436,USP51
ENSCJAG00000047351,Metazoa_SRP
ENSCJAG00000041712,KLK14
ENSCJAG00000002274,FRMD8
ENSCJAG00000048454,FOXR2
ENSCJAG00000004217,HDAC8
ENSCJAG00000076752,
ENSCJAG00000013546,TMPRSS9
ENSCJAG00000004308,BRCC3
ENSCJAG00000043320,CTU1
ENSCJAG00000046949,CCDC97
ENSCJAG00000019593,JAM3
ENSCJAG00000014032,WWOX
ENSCJAG00000073460,
ENSCJAG00000065884,
ENSCJAG00000009049,EFNA3
ENSCJAG00000054197,Metazoa_SRP
ENSCJAG00000000291,HSD17B14
ENSCJAG00000004163,CCDC190
ENSCJAG00000076942,Metazoa_SRP
ENSCJAG00000084406,
ENSCJAG00000078581,
ENSCJAG00000070632,
ENSCJAG00000006077,LRRC8E
ENSCJAG00000007441,U4
ENSCJAG00000018510,IL24
ENSCJAG00000081200,
ENSCJAG00000020149,TGFB1
ENSCJAG00000075755,
ENSCJAG00000071679,
ENSCJAG00000085918,
ENSCJAG00000083469,
ENSCJAG00000009031,EFNA1
ENSCJAG00000007317,RRAGB
ENSCJAG00000083347,
ENSCJAG00000086420,
ENSCJAG00000018593,CD33
ENSCJAG00000079796,
ENSCJAG00000045008,B9D2
ENSCJAG00000071417,U6
ENSCJAG00000085645,
ENSCJAG00000082705,MAP2K7
ENSCJAG00000036928,Metazoa_SRP
ENSCJAG00000073989,U4
ENSCJAG00000042250,MIR199A2
ENSCJAG00000072502,Metazoa_SRP
ENSCJAG00000046095,
ENSCJAG00000029625,cja-mir-612
ENSCJAG00000030390,cja-mir-3120
ENSCJAG00000041654,MAF
ENSCJAG00000055953,
ENSCJAG00000018483,PIGR
ENSCJAG00000014230,ISYNA1
ENSCJAG00000069250,
ENSCJAG00000047435,
ENSCJAG00000073674,
ENSCJAG00000080628,
ENSCJAG00000004221,DDR2
ENSCJAG00000072275,
ENSCJAG00000075042,CYP4F12
ENSCJAG00000019563,NCAPD3
ENSCJAG00000007724,KCNB2
ENSCJAG00000030654,cja-mir-548h
ENSCJAG00000004338,VBP1
ENSCJAG00000077816,Metazoa_SRP
ENSCJAG00000059587,
ENSCJAG00000073897,U7
ENSCJAG00000022834,TMEM91
ENSCJAG00000087006,Metazoa_SRP
ENSCJAG00000085333,Y_RNA
ENSCJAG00000084007,
ENSCJAG00000059866,U6
ENSCJAG00000074484,
ENSCJAG00000084234,Metazoa_SRP
ENSCJAG00000013577,TIMM13
ENSCJAG00000080145,
ENSCJAG00000002235,SCYL1
ENSCJAG00000042000,U4
ENSCJAG00000070989,
ENSCJAG00000046411,TGFBR3L
ENSCJAG00000064579,RAB39B
ENSCJAG00000080194,
ENSCJAG00000071023,Metazoa_SRP
ENSCJAG00000018586,
ENSCJAG00000015279,ELL
ENSCJAG00000018466,FCAMR
ENSCJAG00000080982,
ENSCJAG00000023176,
ENSCJAG00000081317,Metazoa_SRP
ENSCJAG00000013578,LMNB2
ENSCJAG00000002281,DOCK11
ENSCJAG00000004362,CLIC2
ENSCJAG00000072631,Metazoa_SRP
ENSCJAG00000006117,SNAPC2
ENSCJAG00000077896,
ENSCJAG00000000281,PLEKHA4
ENSCJAG00000009633,METTL13
ENSCJAG00000039185,OR10H1
ENSCJAG00000020553,BIRC4
ENSCJAG00000008102,ETS2
ENSCJAG00000016709,DYNLRB2
ENSCJAG00000069814,
ENSCJAG00000087139,
ENSCJAG00000023177,
ENSCJAG00000046027,CTXN1
ENSCJAG00000020152,EXOSC5
ENSCJAG00000073788,F8A1
ENSCJAG00000018557,VSIG10L
ENSCJAG00000083348,Metazoa_SRP
ENSCJAG00000074113,Y_RNA
ENSCJAG00000018463,C1orf116
ENSCJAG00000075674,Metazoa_SRP
ENSCJAG00000008662,COP1
ENSCJAG00000071739,
ENSCJAG00000075234,Metazoa_SRP
ENSCJAG00000013616,GADD45B
ENSCJAG00000058228,
ENSCJAG00000067568,U2
ENSCJAG00000086430,Y_RNA
ENSCJAG00000021685,TMLHE
ENSCJAG00000006140,TIMM44
ENSCJAG00000056095,U3
ENSCJAG00000018541,ETFB
ENSCJAG00000078424,U4
ENSCJAG00000009027,SLC50A1
ENSCJAG00000075773,
ENSCJAG00000016685,CDYL2
ENSCJAG00000083063,
ENSCJAG00000071869,GNG7
ENSCJAG00000024480,
ENSCJAG00000074753,
ENSCJAG00000042753,CYP4F2
ENSCJAG00000082014,
ENSCJAG00000032076,
ENSCJAG00000078378,Metazoa_SRP
ENSCJAG00000081998,
ENSCJAG00000086617,Metazoa_SRP
ENSCJAG00000085750,U6
ENSCJAG00000020559,STAG2
ENSCJAG00000071738,CLDND2
ENSCJAG00000083012,
ENSCJAG00000079365,Metazoa_SRP
ENSCJAG00000038250,Metazoa_SRP
ENSCJAG00000069749,Metazoa_SRP
ENSCJAG00000071309,Y_RNA
ENSCJAG00000040794,VAMP4
ENSCJAG00000087288,
ENSCJAG00000017213,IFT122
ENSCJAG00000074760,Metazoa_SRP
ENSCJAG00000073952,
ENSCJAG00000081000,
ENSCJAG00000023307,DIRAS1
ENSCJAG00000070294,PPP1R15A
ENSCJAG00000020155,BCKDHA
ENSCJAG00000070168,NKG7
ENSCJAG00000084918,
ENSCJAG00000038713,SLC39A14
ENSCJAG00000080433,
ENSCJAG00000046587,ELAVL1
ENSCJAG00000072359,CMC2
ENSCJAG00000074801,
ENSCJAG00000057869,SLC39A3
ENSCJAG00000084384,
ENSCJAG00000018370,PFKFB2
ENSCJAG00000054850,
ENSCJAG00000079322,Metazoa_SRP
ENSCJAG00000004244,PHKA1
ENSCJAG00000084852,LIM2
ENSCJAG00000071226,MYOC
ENSCJAG00000000266,NUCB1
ENSCJAG00000055016,U7
ENSCJAG00000047535,VAMP7
ENSCJAG00000015016,PSMG1
ENSCJAG00000006163,CCL25
ENSCJAG00000076143,Metazoa_SRP
ENSCJAG00000007304,KLF8
ENSCJAG00000035529,Metazoa_SRP
ENSCJAG00000045018,MYOCOS
ENSCJAG00000073254,U6
ENSCJAG00000039694,B3GNT8
ENSCJAG00000016673,CENPN
ENSCJAG00000014135,TPM4
ENSCJAG00000083813,C19orf84
ENSCJAG00000074046,
ENSCJAG00000075605,
ENSCJAG00000042570,KRTCAP2
ENSCJAG00000016670,ATMIN
ENSCJAG00000008510,IL9R
ENSCJAG00000064229,
ENSCJAG00000064772,
ENSCJAG00000020190,DMAC2
ENSCJAG00000051325,
ENSCJAG00000034242,
ENSCJAG00000007299,UBQLN2
ENSCJAG00000078060,Metazoa_SRP
ENSCJAG00000016662,C16orf46
ENSCJAG00000086299,Metazoa_SRP
ENSCJAG00000000256,DHDH
ENSCJAG00000071287,
ENSCJAG00000071517,
ENSCJAG00000074049,
ENSCJAG00000079064,Metazoa_SRP
ENSCJAG00000029914,SCARNA3
ENSCJAG00000077252,SH2D1A
ENSCJAG00000000229,DMRTC1B
ENSCJAG00000070248,SPIN3
ENSCJAG00000083719,PLCXD1
ENSCJAG00000079003,
ENSCJAG00000083289,GCSH
ENSCJAG00000039886,RAB8A
ENSCJAG00000073083,Metazoa_SRP
ENSCJAG00000018511,SIGLEC10
ENSCJAG00000086955,
ENSCJAG00000004264,UAP1
ENSCJAG00000084035,U7
ENSCJAG00000054785,U3
ENSCJAG00000020204,ERICH4
ENSCJAG00000087119,Metazoa_SRP
ENSCJAG00000084491,Metazoa_SRP
ENSCJAG00000020263,PIWIL2
ENSCJAG00000040385,
ENSCJAG00000079573,
ENSCJAG00000078179,U6
ENSCJAG00000044690,HSH2D
ENSCJAG00000045275,Metazoa_SRP
ENSCJAG00000056546,
ENSCJAG00000071157,
ENSCJAG00000075692,Metazoa_SRP
ENSCJAG00000082911,Metazoa_SRP
ENSCJAG00000018460,YOD1
ENSCJAG00000079778,
ENSCJAG00000085583,
ENSCJAG00000087000,PPP2R3B
ENSCJAG00000008829,TNR
ENSCJAG00000006168,FBN3
ENSCJAG00000014103,CIB3
ENSCJAG00000072982,Metazoa_SRP
ENSCJAG00000069950,
ENSCJAG00000073896,
ENSCJAG00000086575,
ENSCJAG00000016609,
ENSCJAG00000077317,
ENSCJAG00000070459,
ENSCJAG00000071324,
ENSCJAG00000018353,C4BPB
ENSCJAG00000077425,Metazoa_SRP
ENSCJAG00000015042,BRWD1
ENSCJAG00000057922,
ENSCJAG00000073913,
ENSCJAG00000084826,SPIN4
ENSCJAG00000014097,FAM32A
ENSCJAG00000033585,
ENSCJAG00000081881,
ENSCJAG00000008969,TRIM46
ENSCJAG00000020589,TENM1
ENSCJAG00000074437,
ENSCJAG00000018336,C4BPA
ENSCJAG00000087364,Metazoa_SRP
ENSCJAG00000069505,Metazoa_SRP
ENSCJAG00000078738,
ENSCJAG00000041679,U6
ENSCJAG00000074613,
ENSCJAG00000077714,BCO1
ENSCJAG00000076375,
ENSCJAG00000020278,POLR3D
ENSCJAG00000000250,FTL
ENSCJAG00000084463,
ENSCJAG00000077905,
ENSCJAG00000083190,SLC25A6
ENSCJAG00000009700,PRRC2C
ENSCJAG00000080298,
ENSCJAG00000016571,GAN
ENSCJAG00000071801,
ENSCJAG00000085182,
ENSCJAG00000081570,
ENSCJAG00000074429,Y_RNA
ENSCJAG00000086450,
ENSCJAG00000025354,MIR320A
ENSCJAG00000085503,IL3RA
ENSCJAG00000000232,GYS1
ENSCJAG00000083239,
ENSCJAG00000073630,
ENSCJAG00000014070,AP1M1
ENSCJAG00000070896,
ENSCJAG00000072837,
ENSCJAG00000086057,Metazoa_SRP
ENSCJAG00000059701,PHYHIP
ENSCJAG00000011367,CDX4
ENSCJAG00000081979,Metazoa_SRP
ENSCJAG00000077534,
ENSCJAG00000068955,RABIF
ENSCJAG00000019494,ARHGEF9
ENSCJAG00000086603,Y_RNA
ENSCJAG00000085207,Metazoa_SRP
ENSCJAG00000035674,Metazoa_SRP
ENSCJAG00000006231,KLHL12
ENSCJAG00000016436,CHIC1
ENSCJAG00000056224,
ENSCJAG00000040019,TEX13C
ENSCJAG00000000222,RUVBL2
ENSCJAG00000010661,CERS4
ENSCJAG00000083703,
ENSCJAG00000004291,UHMK1
ENSCJAG00000075191,Metazoa_SRP
ENSCJAG00000020290,BMP1
ENSCJAG00000075657,
ENSCJAG00000075365,Metazoa_SRP
ENSCJAG00000072344,U6
ENSCJAG00000045561,KLF2
ENSCJAG00000083195,
ENSCJAG00000008923,
ENSCJAG00000071465,Metazoa_SRP
ENSCJAG00000038461,
ENSCJAG00000044335,
ENSCJAG00000073272,cja-mir-92b
ENSCJAG00000018508,CEACAM18
ENSCJAG00000006268,ADIPOR1
ENSCJAG00000013263,HIPK2
ENSCJAG00000078577,
ENSCJAG00000010700,NDUFA7
ENSCJAG00000079380,U6
ENSCJAG00000085690,
ENSCJAG00000081679,U7
ENSCJAG00000018503,ZNF175
ENSCJAG00000037621,Metazoa_SRP
ENSCJAG00000074089,UTY
ENSCJAG00000028219,U6
ENSCJAG00000087031,
ENSCJAG00000000216,CGB
ENSCJAG00000067434,
ENSCJAG00000079557,CYB5R1
ENSCJAG00000079246,Metazoa_SRP
ENSCJAG00000082287,U6
ENSCJAG00000045192,HMGN1
ENSCJAG00000072868,
ENSCJAG00000079299,
ENSCJAG00000075516,SAXO3
ENSCJAG00000010338,
ENSCJAG00000026756,cja-mir-421
ENSCJAG00000038602,
ENSCJAG00000054386,
ENSCJAG00000025671,MIR374B
ENSCJAG00000071661,
ENSCJAG00000073598,
ENSCJAG00000013258,CLEC2L
ENSCJAG00000036265,Metazoa_SRP
ENSCJAG00000010315,GAPDHS
ENSCJAG00000023162,NTF4
ENSCJAG00000020313,SFTPC
ENSCJAG00000025905,cja-mir-1468
ENSCJAG00000022419,
ENSCJAG00000008715,THBS3
ENSCJAG00000079881,U4
ENSCJAG00000042518,Metazoa_SRP
ENSCJAG00000017848,
ENSCJAG00000000212,KCNA7
ENSCJAG00000027240,cja-mir-374a
ENSCJAG00000004342,KIAA1614
ENSCJAG00000041031,Metazoa_SRP
ENSCJAG00000032351,KLRG2
ENSCJAG00000040114,U4
ENSCJAG00000006297,TMEM183A
ENSCJAG00000010604,
ENSCJAG00000075501,Metazoa_SRP
ENSCJAG00000017823,ASB12
ENSCJAG00000081345,
ENSCJAG00000083283,
ENSCJAG00000069824,Y_RNA
ENSCJAG00000013985,EPS15L1
ENSCJAG00000038251,GET1
ENSCJAG00000078329,TMEM147
ENSCJAG00000064943,RBBP8P1
ENSCJAG00000040309,MTMR8
ENSCJAG00000075597,
ENSCJAG00000078193,
ENSCJAG00000000193,SNRNP70
ENSCJAG00000086389,
ENSCJAG00000020317,LGI3
ENSCJAG00000013198,LUC7L2
ENSCJAG00000004356,STX6
ENSCJAG00000040932,IL13RA1
ENSCJAG00000010270,ATP4A
ENSCJAG00000005693,LCA5L
ENSCJAG00000071800,C7orf55
ENSCJAG00000078509,U6
ENSCJAG00000020323,REEP4
ENSCJAG00000039059,ZCCHC12
ENSCJAG00000006353,PPFIA4
ENSCJAG00000048337,
ENSCJAG00000004391,MR1
ENSCJAG00000013176,UBN2
ENSCJAG00000000189,LIN7B
ENSCJAG00000086300,
ENSCJAG00000005687,SH3BGR
ENSCJAG00000075709,
ENSCJAG00000073601,
ENSCJAG00000085331,Metazoa_SRP
ENSCJAG00000000188,
ENSCJAG00000080459,
ENSCJAG00000010239,HAUS5
ENSCJAG00000004423,IER5
ENSCJAG00000086894,
ENSCJAG00000072685,
ENSCJAG00000077659,
ENSCJAG00000083465,
ENSCJAG00000072556,
ENSCJAG00000085039,
ENSCJAG00000017293,MBD4
ENSCJAG00000076311,Metazoa_SRP
ENSCJAG00000085074,
ENSCJAG00000008683,MTX1
ENSCJAG00000079073,Metazoa_SRP
ENSCJAG00000020347,HR
ENSCJAG00000086025,
ENSCJAG00000082587,
ENSCJAG00000084417,
ENSCJAG00000074634,
ENSCJAG00000070994,
ENSCJAG00000017314,EFCAB12
ENSCJAG00000009773,FMO4
ENSCJAG00000000151,PPFIA3
ENSCJAG00000006443,MYOG
ENSCJAG00000013133,IFT56
ENSCJAG00000005189,LONRF3
ENSCJAG00000084402,
ENSCJAG00000078569,ZFY
ENSCJAG00000073741,
ENSCJAG00000039596,H1FX
ENSCJAG00000017396,HMCES
ENSCJAG00000020357,NUDT18
ENSCJAG00000010220,RBM42
ENSCJAG00000075796,HRC
ENSCJAG00000081678,RPS4Y1
ENSCJAG00000064726,CT47C1
ENSCJAG00000039351,MIR486-1
ENSCJAG00000074105,Y_RNA
ENSCJAG00000077540,SRY
ENSCJAG00000080335,Metazoa_SRP
ENSCJAG00000017327,COPG1
ENSCJAG00000044838,Metazoa_SRP
ENSCJAG00000056182,
ENSCJAG00000020359,FHIP2B
ENSCJAG00000004274,KAT6A
ENSCJAG00000080784,
ENSCJAG00000009792,FMO1
ENSCJAG00000019337,FHIP2A
ENSCJAG00000076197,DDX3Y
ENSCJAG00000050075,KIAA1210
ENSCJAG00000013080,ZC3HAV1
ENSCJAG00000070877,
ENSCJAG00000080055,
ENSCJAG00000083673,
ENSCJAG00000066496,
ENSCJAG00000071879,Metazoa_SRP
ENSCJAG00000085434,
ENSCJAG00000071232,U6
ENSCJAG00000013066,ZC3HAV1L
ENSCJAG00000073426,
ENSCJAG00000066704,
ENSCJAG00000079422,
ENSCJAG00000073564,Metazoa_SRP
ENSCJAG00000075446,Metazoa_SRP
ENSCJAG00000017430,CNBP
ENSCJAG00000081754,TRPM4
ENSCJAG00000006505,
ENSCJAG00000041692,AKAP17A
ENSCJAG00000009848,FMO2
ENSCJAG00000041554,ETV2
ENSCJAG00000047815,TRUB1
ENSCJAG00000083868,
ENSCJAG00000044658,PGRMC1
ENSCJAG00000073238,
ENSCJAG00000008061,C8orf40
ENSCJAG00000008613,GBA1
ENSCJAG00000082337,U5
ENSCJAG00000071996,
ENSCJAG00000071610,Metazoa_SRP
ENSCJAG00000081442,Metazoa_SRP
ENSCJAG00000017419,ISY1
ENSCJAG00000042102,FMO3
ENSCJAG00000008029,SLC20A2
ENSCJAG00000071990,
ENSCJAG00000010211,
ENSCJAG00000047391,Metazoa_SRP
ENSCJAG00000078578,Metazoa_SRP
ENSCJAG00000009923,UPK1A
ENSCJAG00000035984,RAB43
ENSCJAG00000046270,ZBTB32
ENSCJAG00000009912,MROH9
ENSCJAG00000020366,DMTN
ENSCJAG00000087267,
ENSCJAG00000064444,
ENSCJAG00000008002,VDAC3
ENSCJAG00000085590,U6
ENSCJAG00000017461,GP9
ENSCJAG00000078455,
ENSCJAG00000010126,KMT2B
ENSCJAG00000086803,
ENSCJAG00000017469,EFCC1
ENSCJAG00000009928,PRRX1
ENSCJAG00000019375,ATRNL1
ENSCJAG00000084139,Metazoa_SRP
ENSCJAG00000007996,DKK4
ENSCJAG00000072638,
ENSCJAG00000017479,CFAP92
ENSCJAG00000047922,CD37
ENSCJAG00000009937,GORAB
ENSCJAG00000008526,ENTREP3
ENSCJAG00000043217,
ENSCJAG00000073312,
ENSCJAG00000074723,
ENSCJAG00000085071,U6
ENSCJAG00000010122,IGFLR1
ENSCJAG00000009943,NTMT2
ENSCJAG00000017490,ACAD9
ENSCJAG00000019471,CD79B
ENSCJAG00000007917,POLB
ENSCJAG00000041417,U2AF1L4
ENSCJAG00000008486,SCAMP3
ENSCJAG00000000104,TEAD2
ENSCJAG00000044061,PSENEN
ENSCJAG00000053023,
ENSCJAG00000079805,
ENSCJAG00000075941,
ENSCJAG00000019443,SCN4A
ENSCJAG00000042144,
ENSCJAG00000008447,CLK2
ENSCJAG00000010100,LIN37
ENSCJAG00000020336,FGF17
ENSCJAG00000009954,KIFAP3
ENSCJAG00000017521,RAB7A
ENSCJAG00000000102,DKKL1
ENSCJAG00000008422,HCN3
ENSCJAG00000019442,PRR29
ENSCJAG00000020389,NPM2
ENSCJAG00000078750,
ENSCJAG00000083962,
ENSCJAG00000019438,ICAM2
ENSCJAG00000037642,Metazoa_SRP
ENSCJAG00000073180,C10orf35
ENSCJAG00000000094,KASH5
ENSCJAG00000008393,PKLR
ENSCJAG00000058285,
ENSCJAG00000007805,IKBKB
ENSCJAG00000016485,NEUROG3
ENSCJAG00000019415,ERN1
ENSCJAG00000016486,TSPAN15
ENSCJAG00000080183,Metazoa_SRP
ENSCJAG00000048453,TACR2
ENSCJAG00000077135,U4
ENSCJAG00000048539,HSPB6
ENSCJAG00000037744,Metazoa_SRP
ENSCJAG00000000093,PTH2
ENSCJAG00000087280,U6
ENSCJAG00000043345,GFY
ENSCJAG00000069287,
ENSCJAG00000074725,U6
ENSCJAG00000077511,
ENSCJAG00000019377,TEX2
ENSCJAG00000009534,PROSER3
ENSCJAG00000070225,
ENSCJAG00000037551,Metazoa_SRP
ENSCJAG00000082096,
ENSCJAG00000000089,SLC17A7
ENSCJAG00000016503,HK1
ENSCJAG00000019380,GFRA1
ENSCJAG00000056805,SNORD104
ENSCJAG00000000084,PIH1D1
ENSCJAG00000024721,SNORA50C
ENSCJAG00000020396,XPO7
ENSCJAG00000007769,PLAT
ENSCJAG00000010050,SCYL3
ENSCJAG00000008364,FDPS
ENSCJAG00000019401,CCDC172
ENSCJAG00000083970,U7
ENSCJAG00000064517,Metazoa_SRP
ENSCJAG00000051776,U3
ENSCJAG00000019367,PECAM1
ENSCJAG00000008263,RUSC1
ENSCJAG00000019410,PNLIPRP3
ENSCJAG00000086591,ALDH16A1
ENSCJAG00000010016,ARHGAP33
ENSCJAG00000042828,Metazoa_SRP
ENSCJAG00000007751,AP3M2
ENSCJAG00000070025,
ENSCJAG00000053637,
ENSCJAG00000052048,
ENSCJAG00000077828,
ENSCJAG00000078082,
ENSCJAG00000085579,
ENSCJAG00000010088,FIRRM
ENSCJAG00000007709,CHRNB3
ENSCJAG00000020429,DOK2
ENSCJAG00000022714,
ENSCJAG00000008157,ASH1L
ENSCJAG00000040527,
ENSCJAG00000028829,Y_RNA
ENSCJAG00000069666,
ENSCJAG00000076079,Metazoa_SRP
ENSCJAG00000047607,
ENSCJAG00000066215,
ENSCJAG00000085218,
ENSCJAG00000007684,CHRNA6
ENSCJAG00000082689,
ENSCJAG00000078313,
ENSCJAG00000075118,
ENSCJAG00000038318,THAP1
ENSCJAG00000009939,
ENSCJAG00000000081,FLT3LG
ENSCJAG00000022732,METTL18
ENSCJAG00000047550,RNF170
ENSCJAG00000070594,U4
ENSCJAG00000020432,GFRA2
ENSCJAG00000071024,U6
ENSCJAG00000060457,
ENSCJAG00000064873,U6
ENSCJAG00000037114,Metazoa_SRP
ENSCJAG00000043311,Metazoa_SRP
ENSCJAG00000071910,Metazoa_SRP
ENSCJAG00000003487,HOOK3
ENSCJAG00000071009,
ENSCJAG00000086443,Metazoa_SRP
ENSCJAG00000081873,
ENSCJAG00000036156,Metazoa_SRP
ENSCJAG00000076746,
ENSCJAG00000071280,U4
ENSCJAG00000070891,
ENSCJAG00000082024,
ENSCJAG00000010133,SELE
ENSCJAG00000074814,
ENSCJAG00000076295,
ENSCJAG00000009900,KIRREL2
ENSCJAG00000076970,
ENSCJAG00000063202,
ENSCJAG00000008092,MSTO1
ENSCJAG00000014459,LZTS1
ENSCJAG00000042285,YY1AP1
ENSCJAG00000078150,Metazoa_SRP
ENSCJAG00000010174,SELL
ENSCJAG00000009828,APLP1
ENSCJAG00000040239,Metazoa_SRP
ENSCJAG00000010185,SELP
ENSCJAG00000009808,NFKBID
ENSCJAG00000009797,HCST
ENSCJAG00000008125,DAP3
ENSCJAG00000072016,TYROBP
ENSCJAG00000010195,F5
ENSCJAG00000041921,LRFN3
ENSCJAG00000063148,
ENSCJAG00000010232,SLC19A2
ENSCJAG00000007977,GON4L
ENSCJAG00000010246,CCDC181
ENSCJAG00000010255,BLZF1
ENSCJAG00000075028,Metazoa_SRP
ENSCJAG00000079347,U1
ENSCJAG00000039801,Metazoa_SRP
ENSCJAG00000010278,NME7
ENSCJAG00000043885,SYT11
ENSCJAG00000083260,Metazoa_SRP
ENSCJAG00000079005,Metazoa_SRP
ENSCJAG00000032919,
ENSCJAG00000058579,U4
ENSCJAG00000010317,ATP1B1
ENSCJAG00000061243,RIT1
ENSCJAG00000071317,Metazoa_SRP
ENSCJAG00000071761,
ENSCJAG00000007881,KIAA0907
ENSCJAG00000063697,
ENSCJAG00000027572,SNORA80E
ENSCJAG00000081493,
ENSCJAG00000087311,
ENSCJAG00000007878,RXFP4
ENSCJAG00000007846,ARHGEF2
ENSCJAG00000046590,SSR2
ENSCJAG00000007755,UBQLN4
ENSCJAG00000007739,LAMTOR2
ENSCJAG00000007715,RAB25
ENSCJAG00000052758,Metazoa_SRP
ENSCJAG00000019250,MILR1
ENSCJAG00000085944,Metazoa_SRP
ENSCJAG00000065145,
ENSCJAG00000019350,POLG2
ENSCJAG00000019310,DDX5
ENSCJAG00000036033,
ENSCJAG00000041246,MIR5047
ENSCJAG00000019293,CEP95
ENSCJAG00000019260,SMURF2
ENSCJAG00000084707,
ENSCJAG00000076460,Metazoa_SRP
ENSCJAG00000075640,U6
ENSCJAG00000045924,
ENSCJAG00000083853,
ENSCJAG00000065370,
ENSCJAG00000081146,
ENSCJAG00000073466,KPNA2
ENSCJAG00000075828,
ENSCJAG00000041812,C17orf58
ENSCJAG00000031506,BPTF
ENSCJAG00000012603,
ENSCJAG00000008775,NOL11
ENSCJAG00000081182,SNORA38B
ENSCJAG00000083152,Metazoa_SRP
ENSCJAG00000008726,PITPNC1
ENSCJAG00000077104,Metazoa_SRP
ENSCJAG00000076240,U6
ENSCJAG00000043641,Metazoa_SRP
ENSCJAG00000008691,PSMD12
ENSCJAG00000034437,
ENSCJAG00000040934,
ENSCJAG00000014837,KAT2A
ENSCJAG00000014852,DHX58
ENSCJAG00000071951,Y_RNA
ENSCJAG00000079621,
ENSCJAG00000047842,ZNF385C
ENSCJAG00000014878,C17orf113
ENSCJAG00000086729,NKIRAS2
ENSCJAG00000014973,CNP
ENSCJAG00000036444,ODAD4
ENSCJAG00000071259,Metazoa_SRP
ENSCJAG00000014988,ACLY
ENSCJAG00000084540,Y_RNA
ENSCJAG00000015068,KLHL11
ENSCJAG00000075103,KLHL10
ENSCJAG00000080903,
ENSCJAG00000012205,NT5C3B
ENSCJAG00000043634,Metazoa_SRP
ENSCJAG00000066555,
ENSCJAG00000012179,FKBP10
ENSCJAG00000012157,LEPREL4
ENSCJAG00000012139,JUP
ENSCJAG00000044089,Metazoa_SRP
ENSCJAG00000012135,GAST
ENSCJAG00000045145,EIF1
ENSCJAG00000037508,KRT14
ENSCJAG00000047935,KRT16
ENSCJAG00000085219,Metazoa_SRP
ENSCJAG00000048395,KRT9
ENSCJAG00000029756,
ENSCJAG00000002399,KRT13
