mouse_gene,marmoset_gene
ENSMUSG00000094722,ENSCJAG00000013747
ENSMUSG00000094741,ENSCJAG00000013747
ENSMUSG00000095666,ENSCJAG00000013747
ENSMUSG00000094303,ENSCJAG00000013747
ENSMUSG00000095041,ENSCJAG00000011154
ENSMUSG00000095250,ENSCJAG00000013254
ENSMUSG00000094836,ENSCJAG00000013747
ENSMUSG00000079808,ENSCJAG00000013254
ENSMUSG00000074720,ENSCJAG00000013747
ENSMUSG00000096236,ENSCJAG00000013747
ENSMUSG00000095092,ENSCJAG00000013254
ENSMUSG00000094383,ENSCJAG00000013747
ENSMUSG00000094874,ENSCJAG00000013254
ENSMUSG00000096680,ENSCJAG00000013747
ENSMUSG00000094337,ENSCJAG00000013747
ENSMUSG00000096756,ENSCJAG00000013747
ENSMUSG00000095672,ENSCJAG00000013254
ENSMUSG00000095505,ENSCJAG00000013747
ENSMUSG00000094474,ENSCJAG00000013747
ENSMUSG00000094799,ENSCJAG00000013254
ENSMUSG00000095570,ENSCJAG00000013747
ENSMUSG00000094791,ENSCJAG00000013747
ENSMUSG00000096728,ENSCJAG00000013747
ENSMUSG00000096808,ENSCJAG00000082849
ENSMUSG00000096550,ENSCJAG00000013747
ENSMUSG00000094172,ENSCJAG00000013747
ENSMUSG00000094887,ENSCJAG00000013747
ENSMUSG00000091585,ENSCJAG00000013747
ENSMUSG00000095763,ENSCJAG00000013747
ENSMUSG00000095523,ENSCJAG00000013747
ENSMUSG00000095475,ENSCJAG00000013747
ENSMUSG00000094855,ENSCJAG00000013747
ENSMUSG00000095634,ENSCJAG00000040385
ENSMUSG00000100032,ENSCJAG00000001658
ENSMUSG00000100032,ENSCJAG00000047041
ENSMUSG00000100535,ENSCJAG00000001658
ENSMUSG00000100535,ENSCJAG00000047041
ENSMUSG00000099782,ENSCJAG00000001658
ENSMUSG00000099782,ENSCJAG00000047041
ENSMUSG00000101157,ENSCJAG00000001658
ENSMUSG00000101157,ENSCJAG00000047041
ENSMUSG00000094575,ENSCJAG00000040385
ENSMUSG00000101146,ENSCJAG00000001658
ENSMUSG00000101146,ENSCJAG00000047041
ENSMUSG00000100902,ENSCJAG00000001658
ENSMUSG00000100902,ENSCJAG00000047041
ENSMUSG00000100892,ENSCJAG00000001658
ENSMUSG00000100892,ENSCJAG00000047041
ENSMUSG00000096898,ENSCJAG00000040385
ENSMUSG00000094739,ENSCJAG00000040385
ENSMUSG00000101471,ENSCJAG00000001658
ENSMUSG00000101471,ENSCJAG00000047041
ENSMUSG00000095650,ENSCJAG00000040385
ENSMUSG00000100240,ENSCJAG00000001658
ENSMUSG00000100240,ENSCJAG00000047041
ENSMUSG00000102122,ENSCJAG00000001658
ENSMUSG00000102122,ENSCJAG00000047041
ENSMUSG00000099856,ENSCJAG00000001658
ENSMUSG00000099856,ENSCJAG00000047041
ENSMUSG00000094729,ENSCJAG00000040385
ENSMUSG00000100045,ENSCJAG00000001658
ENSMUSG00000100045,ENSCJAG00000047041
ENSMUSG00000093950,ENSCJAG00000040385
ENSMUSG00000100856,ENSCJAG00000001658
ENSMUSG00000100856,ENSCJAG00000047041
ENSMUSG00000101766,ENSCJAG00000001658
ENSMUSG00000101766,ENSCJAG00000047041
ENSMUSG00000095785,ENSCJAG00000040385
ENSMUSG00000093993,ENSCJAG00000001658
ENSMUSG00000093993,ENSCJAG00000047041
ENSMUSG00000096666,ENSCJAG00000040385
ENSMUSG00000095302,ENSCJAG00000040385
ENSMUSG00000096016,ENSCJAG00000001658
ENSMUSG00000096016,ENSCJAG00000047041
ENSMUSG00000103919,ENSCJAG00000001658
ENSMUSG00000103919,ENSCJAG00000047041
ENSMUSG00000093868,ENSCJAG00000040385
ENSMUSG00000101667,ENSCJAG00000083285
ENSMUSG00000101667,ENSCJAG00000075041
ENSMUSG00000093918,ENSCJAG00000083285
ENSMUSG00000093918,ENSCJAG00000075041
ENSMUSG00000094511,ENSCJAG00000083285
ENSMUSG00000094511,ENSCJAG00000075041
ENSMUSG00000093987,ENSCJAG00000083285
ENSMUSG00000093987,ENSCJAG00000075041
ENSMUSG00000095948,ENSCJAG00000083285
ENSMUSG00000095948,ENSCJAG00000075041
ENSMUSG00000096520,ENSCJAG00000083285
ENSMUSG00000096520,ENSCJAG00000075041
ENSMUSG00000093927,ENSCJAG00000040385
ENSMUSG00000095148,ENSCJAG00000040385
ENSMUSG00000096686,ENSCJAG00000040385
ENSMUSG00000100939,ENSCJAG00000001658
ENSMUSG00000100939,ENSCJAG00000047041
ENSMUSG00000094081,ENSCJAG00000040385
ENSMUSG00000100645,ENSCJAG00000001658
ENSMUSG00000100645,ENSCJAG00000047041
ENSMUSG00000099861,ENSCJAG00000040385
ENSMUSG00000095324,ENSCJAG00000040385
ENSMUSG00000101928,ENSCJAG00000001658
ENSMUSG00000101928,ENSCJAG00000047041
ENSMUSG00000101053,ENSCJAG00000040385
ENSMUSG00000095032,ENSCJAG00000040385
ENSMUSG00000095242,ENSCJAG00000040385
ENSMUSG00000094838,ENSCJAG00000040385
ENSMUSG00000095172,ENSCJAG00000040385
ENSMUSG00000094294,ENSCJAG00000040385
ENSMUSG00000093848,ENSCJAG00000040385
ENSMUSG00000053211,ENSCJAG00000040902
ENSMUSG00000053211,ENSCJAG00000046873
ENSMUSG00000053211,ENSCJAG00000042684
ENSMUSG00000053211,ENSCJAG00000041042
ENSMUSG00000053211,ENSCJAG00000000036
ENSMUSG00000053211,ENSCJAG00000000381
ENSMUSG00000053211,ENSCJAG00000038560
ENSMUSG00000053211,ENSCJAG00000045864
ENSMUSG00000053211,ENSCJAG00000058328
ENSMUSG00000053211,ENSCJAG00000000028
ENSMUSG00000053211,ENSCJAG00000078341
ENSMUSG00000053211,ENSCJAG00000042550
ENSMUSG00000053211,ENSCJAG00000053037
ENSMUSG00000053211,ENSCJAG00000001947
ENSMUSG00000053211,ENSCJAG00000046843
ENSMUSG00000053211,ENSCJAG00000006139
ENSMUSG00000053211,ENSCJAG00000006113
ENSMUSG00000069053,ENSCJAG00000058055
ENSMUSG00000069053,ENSCJAG00000065730
ENSMUSG00000056673,ENSCJAG00000082956
ENSMUSG00000069049,ENSCJAG00000004867
ENSMUSG00000069049,ENSCJAG00000039431
ENSMUSG00000068457,ENSCJAG00000074089
ENSMUSG00000069045,ENSCJAG00000070436
ENSMUSG00000069045,ENSCJAG00000086894
ENSMUSG00000069045,ENSCJAG00000076197
ENSMUSG00000069045,ENSCJAG00000087052
ENSMUSG00000077793,ENSCJAG00000034636
ENSMUSG00000000103,ENSCJAG00000040902
ENSMUSG00000000103,ENSCJAG00000046873
ENSMUSG00000000103,ENSCJAG00000042684
ENSMUSG00000000103,ENSCJAG00000041042
ENSMUSG00000000103,ENSCJAG00000000036
ENSMUSG00000000103,ENSCJAG00000000381
ENSMUSG00000000103,ENSCJAG00000038560
ENSMUSG00000000103,ENSCJAG00000045864
ENSMUSG00000000103,ENSCJAG00000058328
ENSMUSG00000000103,ENSCJAG00000000028
ENSMUSG00000000103,ENSCJAG00000078341
ENSMUSG00000000103,ENSCJAG00000042550
ENSMUSG00000000103,ENSCJAG00000053037
ENSMUSG00000000103,ENSCJAG00000001947
ENSMUSG00000000103,ENSCJAG00000046843
ENSMUSG00000000103,ENSCJAG00000006139
ENSMUSG00000000103,ENSCJAG00000006113
ENSMUSG00000094881,ENSCJAG00000061898
ENSMUSG00000069036,ENSCJAG00000077540
ENSMUSG00000095573,ENSCJAG00000061898
ENSMUSG00000102053,ENSCJAG00000083285
ENSMUSG00000102053,ENSCJAG00000075041
ENSMUSG00000094658,ENSCJAG00000083285
ENSMUSG00000094658,ENSCJAG00000075041
ENSMUSG00000095852,ENSCJAG00000083285
ENSMUSG00000095852,ENSCJAG00000075041
ENSMUSG00000091987,ENSCJAG00000083285
ENSMUSG00000091987,ENSCJAG00000075041
ENSMUSG00000102739,ENSCJAG00000040385
ENSMUSG00000094325,ENSCJAG00000040385
ENSMUSG00000095267,ENSCJAG00000040385
ENSMUSG00000095520,ENSCJAG00000040385
ENSMUSG00000104267,ENSCJAG00000040385
ENSMUSG00000103468,ENSCJAG00000040385
ENSMUSG00000093903,ENSCJAG00000040385
ENSMUSG00000101155,ENSCJAG00000001658
ENSMUSG00000101155,ENSCJAG00000047041
ENSMUSG00000096122,ENSCJAG00000040385
ENSMUSG00000101399,ENSCJAG00000001658
ENSMUSG00000101399,ENSCJAG00000047041
ENSMUSG00000094052,ENSCJAG00000040385
ENSMUSG00000099948,ENSCJAG00000040385
ENSMUSG00000100231,ENSCJAG00000001658
ENSMUSG00000100231,ENSCJAG00000047041
ENSMUSG00000095508,ENSCJAG00000040385
ENSMUSG00000095606,ENSCJAG00000001658
ENSMUSG00000095606,ENSCJAG00000047041
ENSMUSG00000094570,ENSCJAG00000001658
ENSMUSG00000094570,ENSCJAG00000047041
ENSMUSG00000095867,ENSCJAG00000040385
ENSMUSG00000094746,ENSCJAG00000001658
ENSMUSG00000094746,ENSCJAG00000047041
ENSMUSG00000095793,ENSCJAG00000001658
ENSMUSG00000095793,ENSCJAG00000047041
ENSMUSG00000096650,ENSCJAG00000001658
ENSMUSG00000096650,ENSCJAG00000047041
ENSMUSG00000099531,ENSCJAG00000001658
ENSMUSG00000099531,ENSCJAG00000047041
ENSMUSG00000094660,ENSCJAG00000040385
ENSMUSG00000099840,ENSCJAG00000001658
ENSMUSG00000099840,ENSCJAG00000047041
ENSMUSG00000100485,ENSCJAG00000001658
ENSMUSG00000100485,ENSCJAG00000047041
ENSMUSG00000101158,ENSCJAG00000001658
ENSMUSG00000101158,ENSCJAG00000047041
ENSMUSG00000101286,ENSCJAG00000001658
ENSMUSG00000101286,ENSCJAG00000047041
ENSMUSG00000101933,ENSCJAG00000001658
ENSMUSG00000101933,ENSCJAG00000047041
ENSMUSG00000099894,ENSCJAG00000001658
ENSMUSG00000099894,ENSCJAG00000047041
ENSMUSG00000096769,ENSCJAG00000001658
ENSMUSG00000096769,ENSCJAG00000047041
ENSMUSG00000094616,ENSCJAG00000001658
ENSMUSG00000094616,ENSCJAG00000047041
ENSMUSG00000094647,ENSCJAG00000001658
ENSMUSG00000094647,ENSCJAG00000047041
ENSMUSG00000094821,ENSCJAG00000001658
ENSMUSG00000094821,ENSCJAG00000047041
ENSMUSG00000095979,ENSCJAG00000001658
ENSMUSG00000095979,ENSCJAG00000047041
ENSMUSG00000096902,ENSCJAG00000001658
ENSMUSG00000096902,ENSCJAG00000047041
ENSMUSG00000102045,ENSCJAG00000001658
ENSMUSG00000102045,ENSCJAG00000047041
ENSMUSG00000095153,ENSCJAG00000001658
ENSMUSG00000095153,ENSCJAG00000047041
ENSMUSG00000099541,ENSCJAG00000001658
ENSMUSG00000099541,ENSCJAG00000047041
ENSMUSG00000100055,ENSCJAG00000001658
ENSMUSG00000100055,ENSCJAG00000047041
ENSMUSG00000100708,ENSCJAG00000001658
ENSMUSG00000100708,ENSCJAG00000047041
ENSMUSG00000100726,ENSCJAG00000001658
ENSMUSG00000100726,ENSCJAG00000047041
ENSMUSG00000100972,ENSCJAG00000001658
ENSMUSG00000100972,ENSCJAG00000047041
ENSMUSG00000095578,ENSCJAG00000001658
ENSMUSG00000095578,ENSCJAG00000047041
ENSMUSG00000095135,ENSCJAG00000001658
ENSMUSG00000095135,ENSCJAG00000047041
ENSMUSG00000100667,ENSCJAG00000001658
ENSMUSG00000100667,ENSCJAG00000047041
ENSMUSG00000101653,ENSCJAG00000001658
ENSMUSG00000101653,ENSCJAG00000047041
ENSMUSG00000093895,ENSCJAG00000001658
ENSMUSG00000093895,ENSCJAG00000047041
ENSMUSG00000103371,ENSCJAG00000001658
ENSMUSG00000103371,ENSCJAG00000047041
ENSMUSG00000104191,ENSCJAG00000001658
ENSMUSG00000104191,ENSCJAG00000047041
ENSMUSG00000100608,ENSCJAG00000001658
ENSMUSG00000100608,ENSCJAG00000047041
ENSMUSG00000101915,ENSCJAG00000001658
ENSMUSG00000101915,ENSCJAG00000047041
ENSMUSG00000094789,ENSCJAG00000001658
ENSMUSG00000094789,ENSCJAG00000047041
ENSMUSG00000100467,ENSCJAG00000001658
ENSMUSG00000100467,ENSCJAG00000047041
ENSMUSG00000100338,ENSCJAG00000001658
ENSMUSG00000100338,ENSCJAG00000047041
ENSMUSG00000094181,ENSCJAG00000001658
ENSMUSG00000094181,ENSCJAG00000047041
ENSMUSG00000094782,ENSCJAG00000001658
ENSMUSG00000094782,ENSCJAG00000047041
ENSMUSG00000095011,ENSCJAG00000001658
ENSMUSG00000095011,ENSCJAG00000047041
ENSMUSG00000095141,ENSCJAG00000001658
ENSMUSG00000095141,ENSCJAG00000047041
ENSMUSG00000096178,ENSCJAG00000001658
ENSMUSG00000096178,ENSCJAG00000047041
ENSMUSG00000096626,ENSCJAG00000001658
ENSMUSG00000096626,ENSCJAG00000047041
ENSMUSG00000099740,ENSCJAG00000001658
ENSMUSG00000099740,ENSCJAG00000047041
ENSMUSG00000099792,ENSCJAG00000001658
ENSMUSG00000099792,ENSCJAG00000047041
ENSMUSG00000099925,ENSCJAG00000001658
ENSMUSG00000099925,ENSCJAG00000047041
ENSMUSG00000101528,ENSCJAG00000001658
ENSMUSG00000101528,ENSCJAG00000047041
ENSMUSG00000103528,ENSCJAG00000001658
ENSMUSG00000103528,ENSCJAG00000047041
ENSMUSG00000102668,ENSCJAG00000001658
ENSMUSG00000102668,ENSCJAG00000047041
ENSMUSG00000094813,ENSCJAG00000040385
ENSMUSG00000101396,ENSCJAG00000001658
ENSMUSG00000101396,ENSCJAG00000047041
ENSMUSG00000095950,ENSCJAG00000040385
ENSMUSG00000101243,ENSCJAG00000001658
ENSMUSG00000101243,ENSCJAG00000047041
ENSMUSG00000079806,ENSCJAG00000040385
ENSMUSG00000100634,ENSCJAG00000040385
ENSMUSG00000096036,ENSCJAG00000040385
ENSMUSG00000096706,ENSCJAG00000040385
ENSMUSG00000096268,ENSCJAG00000040385
ENSMUSG00000094773,ENSCJAG00000040385
ENSMUSG00000096223,ENSCJAG00000040385
ENSMUSG00000094556,ENSCJAG00000040385
ENSMUSG00000094484,ENSCJAG00000040385
ENSMUSG00000091077,ENSCJAG00000040385
ENSMUSG00000094679,ENSCJAG00000040385
ENSMUSG00000096820,ENSCJAG00000040385
ENSMUSG00000095900,ENSCJAG00000040385
ENSMUSG00000095452,ENSCJAG00000040385
ENSMUSG00000095263,ENSCJAG00000001658
ENSMUSG00000095263,ENSCJAG00000047041
ENSMUSG00000094399,ENSCJAG00000001658
ENSMUSG00000094399,ENSCJAG00000047041
ENSMUSG00000047161,ENSCJAG00000020745
ENSMUSG00000024304,ENSCJAG00000020748
ENSMUSG00000048799,ENSCJAG00000017322
ENSMUSG00000073563,ENSCJAG00000017348
ENSMUSG00000052713,ENSCJAG00000008225
ENSMUSG00000088227,ENSCJAG00000047326
ENSMUSG00000088227,ENSCJAG00000074481
ENSMUSG00000001700,ENSCJAG00000008280
ENSMUSG00000001700,ENSCJAG00000085599
ENSMUSG00000024331,ENSCJAG00000020776
ENSMUSG00000034774,ENSCJAG00000020778
ENSMUSG00000069441,ENSCJAG00000020778
ENSMUSG00000061928,ENSCJAG00000020778
ENSMUSG00000053644,ENSCJAG00000011102
ENSMUSG00000053644,ENSCJAG00000073070
ENSMUSG00000008301,ENSCJAG00000055757
ENSMUSG00000032900,ENSCJAG00000011071
ENSMUSG00000024590,ENSCJAG00000019144
ENSMUSG00000033863,ENSCJAG00000086654
ENSMUSG00000032656,ENSCJAG00000019167
ENSMUSG00000025075,ENSCJAG00000019000
ENSMUSG00000056632,ENSCJAG00000020796
ENSMUSG00000024592,ENSCJAG00000048624
ENSMUSG00000024592,ENSCJAG00000065191
ENSMUSG00000024943,ENSCJAG00000001577
ENSMUSG00000044393,ENSCJAG00000020804
ENSMUSG00000061808,ENSCJAG00000059037
ENSMUSG00000056124,ENSCJAG00000020816
ENSMUSG00000024593,ENSCJAG00000019171
ENSMUSG00000118919,ENSCJAG00000071694
ENSMUSG00000033207,ENSCJAG00000001644
ENSMUSG00000033382,ENSCJAG00000020835
ENSMUSG00000033053,ENSCJAG00000043410
ENSMUSG00000074925,ENSCJAG00000001663
ENSMUSG00000024897,ENSCJAG00000001668
ENSMUSG00000033107,ENSCJAG00000062320
ENSMUSG00000024317,ENSCJAG00000020875
ENSMUSG00000071604,ENSCJAG00000001686
ENSMUSG00000024812,ENSCJAG00000001713
ENSMUSG00000024313,ENSCJAG00000020878
ENSMUSG00000042680,ENSCJAG00000041730
ENSMUSG00000119849,ENSCJAG00000027955
ENSMUSG00000119907,ENSCJAG00000079408
ENSMUSG00000024598,ENSCJAG00000019242
ENSMUSG00000059363,ENSCJAG00000055135
ENSMUSG00000024867,ENSCJAG00000001751
ENSMUSG00000042514,ENSCJAG00000020891
ENSMUSG00000048572,ENSCJAG00000047141
ENSMUSG00000041731,ENSCJAG00000016121
ENSMUSG00000024600,ENSCJAG00000019300
ENSMUSG00000024601,ENSCJAG00000041714
ENSMUSG00000058927,ENSCJAG00000084433
ENSMUSG00000058927,ENSCJAG00000084043
ENSMUSG00000058927,ENSCJAG00000074356
ENSMUSG00000051490,ENSCJAG00000040149
ENSMUSG00000051490,ENSCJAG00000008647
ENSMUSG00000053441,ENSCJAG00000019311
ENSMUSG00000049134,ENSCJAG00000019017
ENSMUSG00000024306,ENSCJAG00000020902
ENSMUSG00000056380,ENSCJAG00000060490
ENSMUSG00000073257,ENSCJAG00000001658
ENSMUSG00000073257,ENSCJAG00000047041
ENSMUSG00000050875,ENSCJAG00000019327
ENSMUSG00000065022,ENSCJAG00000086825
ENSMUSG00000065022,ENSCJAG00000072492
ENSMUSG00000065022,ENSCJAG00000054655
ENSMUSG00000065022,ENSCJAG00000076931
ENSMUSG00000065022,ENSCJAG00000054423
ENSMUSG00000073131,ENSCJAG00000074761
ENSMUSG00000064545,ENSCJAG00000086825
ENSMUSG00000064545,ENSCJAG00000072492
ENSMUSG00000064545,ENSCJAG00000054655
ENSMUSG00000064545,ENSCJAG00000076931
ENSMUSG00000064545,ENSCJAG00000054423
ENSMUSG00000064720,ENSCJAG00000086825
ENSMUSG00000064720,ENSCJAG00000072492
ENSMUSG00000064720,ENSCJAG00000054655
ENSMUSG00000064720,ENSCJAG00000076931
ENSMUSG00000064720,ENSCJAG00000054423
ENSMUSG00000084487,ENSCJAG00000075981
ENSMUSG00000084487,ENSCJAG00000086421
ENSMUSG00000064726,ENSCJAG00000072441
ENSMUSG00000064726,ENSCJAG00000057135
ENSMUSG00000084604,ENSCJAG00000072590
ENSMUSG00000084604,ENSCJAG00000078568
ENSMUSG00000084604,ENSCJAG00000067651
ENSMUSG00000088820,ENSCJAG00000069991
ENSMUSG00000106653,ENSCJAG00000030045
ENSMUSG00000020607,ENSCJAG00000046159
ENSMUSG00000073255,ENSCJAG00000001658
ENSMUSG00000073255,ENSCJAG00000047041
ENSMUSG00000065617,ENSCJAG00000025915
ENSMUSG00000070141,ENSCJAG00000028414
ENSMUSG00000119624,ENSCJAG00000071377
ENSMUSG00000058152,ENSCJAG00000019330
ENSMUSG00000064386,ENSCJAG00000070074
ENSMUSG00000020601,ENSCJAG00000046267
ENSMUSG00000041380,ENSCJAG00000006967
ENSMUSG00000041923,ENSCJAG00000020928
ENSMUSG00000065426,ENSCJAG00000024569
ENSMUSG00000065448,ENSCJAG00000030411
ENSMUSG00000071234,ENSCJAG00000072523
ENSMUSG00000056537,ENSCJAG00000013235
ENSMUSG00000065570,ENSCJAG00000069194
ENSMUSG00000065497,ENSCJAG00000027774
ENSMUSG00000035142,ENSCJAG00000005582
ENSMUSG00000065968,ENSCJAG00000078879
ENSMUSG00000065968,ENSCJAG00000071553
ENSMUSG00000065968,ENSCJAG00000070647
ENSMUSG00000065968,ENSCJAG00000083961
ENSMUSG00000065968,ENSCJAG00000072282
ENSMUSG00000065968,ENSCJAG00000084962
ENSMUSG00000065968,ENSCJAG00000083257
ENSMUSG00000065968,ENSCJAG00000083522
ENSMUSG00000065968,ENSCJAG00000077319
ENSMUSG00000065968,ENSCJAG00000044209
ENSMUSG00000065968,ENSCJAG00000085591
ENSMUSG00000065968,ENSCJAG00000078416
ENSMUSG00000084576,ENSCJAG00000033085
ENSMUSG00000084576,ENSCJAG00000035470
ENSMUSG00000084576,ENSCJAG00000064873
ENSMUSG00000091212,ENSCJAG00000022606
ENSMUSG00000044117,ENSCJAG00000047511
ENSMUSG00000077767,ENSCJAG00000025614
ENSMUSG00000064876,ENSCJAG00000051696
ENSMUSG00000064876,ENSCJAG00000027019
ENSMUSG00000021242,ENSCJAG00000020476
ENSMUSG00000024604,ENSCJAG00000020963
ENSMUSG00000024604,ENSCJAG00000072251
ENSMUSG00000022820,ENSCJAG00000008695
ENSMUSG00000021241,ENSCJAG00000020479
ENSMUSG00000060657,ENSCJAG00000005426
ENSMUSG00000065450,ENSCJAG00000024546
ENSMUSG00000094759,ENSCJAG00000001658
ENSMUSG00000094759,ENSCJAG00000047041
ENSMUSG00000035133,ENSCJAG00000005538
ENSMUSG00000033361,ENSCJAG00000070964
ENSMUSG00000024302,ENSCJAG00000020947
ENSMUSG00000119273,ENSCJAG00000080919
ENSMUSG00000119013,ENSCJAG00000080919
ENSMUSG00000061603,ENSCJAG00000005474
ENSMUSG00000046449,ENSCJAG00000000235
ENSMUSG00000070074,ENSCJAG00000026072
ENSMUSG00000053593,ENSCJAG00000003890
ENSMUSG00000022816,ENSCJAG00000008700
ENSMUSG00000031289,ENSCJAG00000006949
ENSMUSG00000024878,ENSCJAG00000070173
ENSMUSG00000024878,ENSCJAG00000008658
ENSMUSG00000024878,ENSCJAG00000010423
ENSMUSG00000024878,ENSCJAG00000032275
ENSMUSG00000021010,ENSCJAG00000047425
ENSMUSG00000034158,ENSCJAG00000008751
ENSMUSG00000046961,ENSCJAG00000038418
ENSMUSG00000005864,ENSCJAG00000003872
ENSMUSG00000022812,ENSCJAG00000008783
ENSMUSG00000035105,ENSCJAG00000005424
ENSMUSG00002075381,ENSCJAG00000026252
ENSMUSG00000025076,ENSCJAG00000043837
ENSMUSG00002076688,ENSCJAG00000023818
ENSMUSG00000033343,ENSCJAG00000003841
ENSMUSG00000002020,ENSCJAG00000020480
ENSMUSG00000031333,ENSCJAG00000016979
ENSMUSG00000052085,ENSCJAG00000010485
ENSMUSG00000022678,ENSCJAG00000005503
ENSMUSG00000073016,ENSCJAG00000017056
ENSMUSG00000031340,ENSCJAG00000003848
ENSMUSG00000043453,ENSCJAG00000003841
ENSMUSG00000033906,ENSCJAG00000017070
ENSMUSG00000024277,ENSCJAG00000020995
ENSMUSG00000032702,ENSCJAG00000010595
ENSMUSG00000031224,ENSCJAG00000044553
ENSMUSG00000088960,ENSCJAG00000073780
ENSMUSG00000031343,ENSCJAG00000003815
ENSMUSG00000064843,ENSCJAG00000076049
ENSMUSG00000002489,ENSCJAG00000008881
ENSMUSG00000017843,ENSCJAG00000011621
ENSMUSG00000042372,ENSCJAG00000063670
ENSMUSG00000077847,ENSCJAG00000069346
ENSMUSG00000073247,ENSCJAG00000001658
ENSMUSG00000073247,ENSCJAG00000047041
ENSMUSG00000048138,ENSCJAG00000010690
ENSMUSG00000024276,ENSCJAG00000021000
ENSMUSG00000025078,ENSCJAG00000019217
ENSMUSG00000051469,ENSCJAG00000077326
ENSMUSG00000068114,ENSCJAG00000002415
ENSMUSG00000047989,ENSCJAG00000021025
ENSMUSG00000035283,ENSCJAG00000019237
ENSMUSG00000035173,ENSCJAG00000019239
ENSMUSG00000073245,ENSCJAG00000001658
ENSMUSG00000073245,ENSCJAG00000047041
ENSMUSG00000000420,ENSCJAG00000021030
ENSMUSG00000022155,ENSCJAG00000007279
ENSMUSG00000024855,ENSCJAG00000001648
ENSMUSG00000042350,ENSCJAG00000020497
ENSMUSG00000022982,ENSCJAG00000008983
ENSMUSG00000065532,ENSCJAG00000029226
ENSMUSG00000024273,ENSCJAG00000021041
ENSMUSG00000022983,ENSCJAG00000008993
ENSMUSG00000079105,ENSCJAG00000007321
ENSMUSG00000040446,ENSCJAG00000021044
ENSMUSG00000041849,ENSCJAG00000007376
ENSMUSG00000024619,ENSCJAG00000021069
ENSMUSG00000024269,ENSCJAG00000021123
ENSMUSG00000077737,ENSCJAG00000053558
ENSMUSG00000050697,ENSCJAG00000007341
ENSMUSG00000024853,ENSCJAG00000001656
ENSMUSG00000031226,ENSCJAG00000086946
ENSMUSG00000031226,ENSCJAG00000053184
ENSMUSG00000031226,ENSCJAG00000018571
ENSMUSG00000033871,ENSCJAG00000021113
ENSMUSG00000022463,ENSCJAG00000002378
ENSMUSG00000018707,ENSCJAG00000011576
ENSMUSG00000053414,ENSCJAG00000045743
ENSMUSG00000031230,ENSCJAG00000085860
ENSMUSG00000105200,ENSCJAG00000024711
ENSMUSG00000024268,ENSCJAG00000021135
ENSMUSG00000022978,ENSCJAG00000009090
ENSMUSG00000022978,ENSCJAG00000068059
ENSMUSG00000047658,ENSCJAG00000001701
ENSMUSG00000038498,ENSCJAG00000001712
ENSMUSG00000039956,ENSCJAG00000009105
ENSMUSG00000022369,ENSCJAG00000005324
ENSMUSG00000039929,ENSCJAG00000009118
ENSMUSG00000024846,ENSCJAG00000085336
ENSMUSG00000025081,ENSCJAG00000019270
ENSMUSG00000021243,ENSCJAG00000020518
ENSMUSG00000021270,ENSCJAG00000033945
ENSMUSG00000018830,ENSCJAG00000005543
ENSMUSG00000065465,ENSCJAG00000036626
ENSMUSG00000096883,ENSCJAG00000014945
ENSMUSG00000020593,ENSCJAG00000006976
ENSMUSG00000060429,ENSCJAG00000005315
ENSMUSG00000033628,ENSCJAG00000003901
ENSMUSG00000022151,ENSCJAG00000047411
ENSMUSG00000065256,ENSCJAG00000082735
ENSMUSG00000084575,ENSCJAG00000069857
ENSMUSG00000041353,ENSCJAG00000057349
ENSMUSG00000022367,ENSCJAG00000055536
ENSMUSG00000033063,ENSCJAG00000004536
ENSMUSG00000039942,ENSCJAG00000007410
ENSMUSG00000031232,ENSCJAG00000018916
ENSMUSG00000041817,ENSCJAG00000016884
ENSMUSG00000024844,ENSCJAG00000070577
ENSMUSG00000024844,ENSCJAG00000051760
ENSMUSG00000071757,ENSCJAG00000022247
ENSMUSG00000024841,ENSCJAG00000001732
ENSMUSG00000022365,ENSCJAG00000038870
ENSMUSG00000025082,ENSCJAG00000019284
ENSMUSG00000022364,ENSCJAG00000000953
ENSMUSG00000057762,ENSCJAG00000002681
ENSMUSG00000060739,ENSCJAG00000016874
ENSMUSG00000022677,ENSCJAG00000005629
ENSMUSG00000057455,ENSCJAG00000003987
ENSMUSG00000021359,ENSCJAG00000021312
ENSMUSG00000024578,ENSCJAG00000021136
ENSMUSG00000025269,ENSCJAG00000016584
ENSMUSG00000039903,ENSCJAG00000009130
ENSMUSG00000024579,ENSCJAG00000021137
ENSMUSG00000039148,ENSCJAG00000001741
ENSMUSG00000033032,ENSCJAG00000021140
ENSMUSG00000037106,ENSCJAG00000082085
ENSMUSG00000062373,ENSCJAG00000000756
ENSMUSG00000039330,ENSCJAG00000001757
ENSMUSG00000022972,ENSCJAG00000009160
ENSMUSG00000041138,ENSCJAG00000012554
ENSMUSG00000025270,ENSCJAG00000016542
ENSMUSG00000037085,ENSCJAG00000022174
ENSMUSG00000024914,ENSCJAG00000040572
ENSMUSG00000037075,ENSCJAG00000038974
ENSMUSG00000032735,ENSCJAG00000021152
ENSMUSG00000022150,ENSCJAG00000007426
ENSMUSG00000037957,ENSCJAG00000009920
ENSMUSG00000022790,ENSCJAG00000009128
ENSMUSG00000020591,ENSCJAG00000006958
ENSMUSG00000033792,ENSCJAG00000004052
ENSMUSG00000118928,ENSCJAG00000073153
ENSMUSG00000068617,ENSCJAG00000013505
ENSMUSG00000021244,ENSCJAG00000020522
ENSMUSG00000047423,ENSCJAG00000084275
ENSMUSG00002076078,ENSCJAG00000040092
ENSMUSG00000024912,ENSCJAG00000001776
ENSMUSG00000045629,ENSCJAG00000021183
ENSMUSG00000095098,ENSCJAG00000001793
ENSMUSG00000025083,ENSCJAG00000019289
ENSMUSG00000022973,ENSCJAG00000009187
ENSMUSG00000021322,ENSCJAG00000012461
ENSMUSG00000045730,ENSCJAG00000046663
ENSMUSG00000024400,ENSCJAG00000010706
ENSMUSG00000056458,ENSCJAG00000009899
ENSMUSG00000062070,ENSCJAG00000034433
ENSMUSG00000042320,ENSCJAG00000020548
ENSMUSG00000047242,ENSCJAG00000019520
ENSMUSG00000021666,ENSCJAG00000016802
ENSMUSG00000021271,ENSCJAG00000009880
ENSMUSG00000112449,ENSCJAG00000006581
ENSMUSG00000079641,ENSCJAG00000084467
ENSMUSG00000044982,ENSCJAG00000022397
ENSMUSG00000026322,ENSCJAG00000021192
ENSMUSG00000022674,ENSCJAG00000079097
ENSMUSG00000022674,ENSCJAG00000036984
ENSMUSG00000022673,ENSCJAG00000013526
ENSMUSG00000024911,ENSCJAG00000046377
ENSMUSG00000094103,ENSCJAG00000069586
ENSMUSG00000024395,ENSCJAG00000010669
ENSMUSG00000005705,ENSCJAG00000016184
ENSMUSG00000021276,ENSCJAG00000009870
ENSMUSG00000036572,ENSCJAG00000004975
ENSMUSG00000038604,ENSCJAG00000016148
ENSMUSG00000022974,ENSCJAG00000009330
ENSMUSG00000024910,ENSCJAG00000001836
ENSMUSG00000052229,ENSCJAG00000051220
ENSMUSG00000024388,ENSCJAG00000010630
ENSMUSG00000021938,ENSCJAG00000004554
ENSMUSG00000016409,ENSCJAG00000004941
ENSMUSG00000004789,ENSCJAG00000039766
ENSMUSG00000004789,ENSCJAG00000020551
ENSMUSG00000050891,ENSCJAG00000012826
ENSMUSG00000005698,ENSCJAG00000016139
ENSMUSG00000024909,ENSCJAG00000001847
ENSMUSG00000036551,ENSCJAG00000004955
ENSMUSG00000016427,ENSCJAG00000075567
ENSMUSG00000016427,ENSCJAG00000086006
ENSMUSG00000016427,ENSCJAG00000077125
ENSMUSG00000016427,ENSCJAG00000077137
ENSMUSG00000016427,ENSCJAG00000080582
ENSMUSG00000055639,ENSCJAG00000021093
ENSMUSG00000031618,ENSCJAG00000002360
ENSMUSG00000039851,ENSCJAG00000009437
ENSMUSG00000024384,ENSCJAG00000010560
ENSMUSG00000022708,ENSCJAG00000009211
ENSMUSG00000022354,ENSCJAG00000012818
ENSMUSG00000022149,ENSCJAG00000007477
ENSMUSG00000079108,ENSCJAG00000006581
ENSMUSG00000050357,ENSCJAG00000016125
ENSMUSG00000022148,ENSCJAG00000007485
ENSMUSG00000040123,ENSCJAG00000004584
ENSMUSG00000036523,ENSCJAG00000006946
ENSMUSG00000024386,ENSCJAG00000010515
ENSMUSG00000052821,ENSCJAG00000023257
ENSMUSG00000031592,ENSCJAG00000014105
ENSMUSG00000024906,ENSCJAG00000001894
ENSMUSG00000021665,ENSCJAG00000016664
ENSMUSG00000077685,ENSCJAG00000040092
ENSMUSG00000037572,ENSCJAG00000018208
ENSMUSG00000024383,ENSCJAG00000010475
ENSMUSG00000065733,ENSCJAG00000070135
ENSMUSG00000022353,ENSCJAG00000012784
ENSMUSG00000055341,ENSCJAG00000060061
ENSMUSG00000055341,ENSCJAG00000077980
ENSMUSG00000055341,ENSCJAG00000082577
ENSMUSG00000055341,ENSCJAG00000011995
ENSMUSG00000055341,ENSCJAG00000074735
ENSMUSG00000057842,ENSCJAG00000060061
ENSMUSG00000057842,ENSCJAG00000077980
ENSMUSG00000057842,ENSCJAG00000082577
ENSMUSG00000057842,ENSCJAG00000011995
ENSMUSG00000057842,ENSCJAG00000074735
ENSMUSG00000024382,ENSCJAG00000010416
ENSMUSG00000049929,ENSCJAG00000042770
ENSMUSG00000021366,ENSCJAG00000005100
ENSMUSG00000050921,ENSCJAG00000009576
ENSMUSG00000118809,ENSCJAG00000080851
ENSMUSG00000056185,ENSCJAG00000001930
ENSMUSG00000071552,ENSCJAG00000009240
ENSMUSG00000021367,ENSCJAG00000047990
ENSMUSG00000021022,ENSCJAG00000041694
ENSMUSG00000022672,ENSCJAG00000013572
ENSMUSG00000109238,ENSCJAG00000041118
ENSMUSG00000024135,ENSCJAG00000000727
ENSMUSG00000041852,ENSCJAG00000002308
ENSMUSG00000090523,ENSCJAG00000084616
ENSMUSG00000021662,ENSCJAG00000016645
ENSMUSG00000019235,ENSCJAG00000020566
ENSMUSG00000024379,ENSCJAG00000076522
ENSMUSG00000038299,ENSCJAG00000016277
ENSMUSG00000024922,ENSCJAG00000001957
ENSMUSG00000050310,ENSCJAG00000007501
ENSMUSG00000048379,ENSCJAG00000018289
ENSMUSG00000004791,ENSCJAG00000020572
ENSMUSG00000049562,ENSCJAG00000045485
ENSMUSG00000073008,ENSCJAG00000009588
ENSMUSG00000038000,ENSCJAG00000016106
ENSMUSG00000021945,ENSCJAG00000004621
ENSMUSG00000024925,ENSCJAG00000001965
ENSMUSG00000071267,ENSCJAG00000036389
ENSMUSG00000053347,ENSCJAG00000036389
ENSMUSG00000021275,ENSCJAG00000009815
ENSMUSG00000063383,ENSCJAG00000036389
ENSMUSG00000024921,ENSCJAG00000010710
ENSMUSG00000096433,ENSCJAG00000036389
ENSMUSG00000117284,ENSCJAG00000036389
ENSMUSG00000033972,ENSCJAG00000036389
ENSMUSG00000021840,ENSCJAG00000069682
ENSMUSG00000021840,ENSCJAG00000085844
ENSMUSG00000031239,ENSCJAG00000009591
ENSMUSG00000038128,ENSCJAG00000016346
ENSMUSG00000050335,ENSCJAG00000018296
ENSMUSG00000031591,ENSCJAG00000014144
ENSMUSG00000071266,ENSCJAG00000036389
ENSMUSG00000024378,ENSCJAG00000046512
ENSMUSG00000037689,ENSCJAG00000000699
ENSMUSG00000053375,ENSCJAG00000002587
ENSMUSG00000004788,ENSCJAG00000044557
ENSMUSG00000024143,ENSCJAG00000077832
ENSMUSG00000024143,ENSCJAG00000044422
ENSMUSG00000042834,ENSCJAG00000049786
ENSMUSG00002075974,ENSCJAG00000085283
ENSMUSG00000021023,ENSCJAG00000006750
ENSMUSG00000022064,ENSCJAG00000021133
ENSMUSG00000087651,ENSCJAG00000085241
ENSMUSG00000031241,ENSCJAG00000009617
ENSMUSG00000024376,ENSCJAG00000016406
ENSMUSG00000024145,ENSCJAG00000000680
ENSMUSG00000022705,ENSCJAG00000009251
ENSMUSG00000005699,ENSCJAG00000016098
ENSMUSG00000039031,ENSCJAG00000003308
ENSMUSG00000037531,ENSCJAG00000014820
ENSMUSG00000037531,ENSCJAG00000013028
ENSMUSG00000024146,ENSCJAG00000043662
ENSMUSG00000059586,ENSCJAG00000012645
ENSMUSG00000039167,ENSCJAG00000007171
ENSMUSG00000022671,ENSCJAG00000062931
ENSMUSG00000022671,ENSCJAG00000015271
ENSMUSG00000022671,ENSCJAG00000000889
ENSMUSG00000031590,ENSCJAG00000011272
ENSMUSG00002074987,ENSCJAG00000027994
ENSMUSG00000020171,ENSCJAG00000001779
ENSMUSG00000037104,ENSCJAG00000042287
ENSMUSG00000071637,ENSCJAG00000013678
ENSMUSG00000041974,ENSCJAG00000013681
ENSMUSG00000032501,ENSCJAG00000061218
ENSMUSG00000059142,ENSCJAG00000036389
ENSMUSG00000007817,ENSCJAG00000000976
ENSMUSG00000054728,ENSCJAG00000005137
ENSMUSG00000013155,ENSCJAG00000016088
ENSMUSG00000058099,ENSCJAG00000084850
ENSMUSG00000058099,ENSCJAG00000006644
ENSMUSG00000041482,ENSCJAG00000004648
ENSMUSG00000027673,ENSCJAG00000013015
ENSMUSG00002075771,ENSCJAG00000056961
ENSMUSG00000088312,ENSCJAG00000072811
ENSMUSG00000088312,ENSCJAG00000081646
ENSMUSG00000088312,ENSCJAG00000082995
ENSMUSG00000021245,ENSCJAG00000020596
ENSMUSG00000013158,ENSCJAG00000016084
ENSMUSG00000037148,ENSCJAG00000002375
ENSMUSG00000024150,ENSCJAG00000044202
ENSMUSG00000019899,ENSCJAG00000003343
ENSMUSG00000073007,ENSCJAG00000038213
ENSMUSG00000030131,ENSCJAG00000009438
ENSMUSG00000030131,ENSCJAG00000018648
ENSMUSG00000118687,ENSCJAG00000077238
ENSMUSG00000054414,ENSCJAG00000003508
ENSMUSG00000041957,ENSCJAG00000018114
ENSMUSG00000063663,ENSCJAG00000019839
ENSMUSG00000008822,ENSCJAG00000083598
ENSMUSG00000022792,ENSCJAG00000018129
ENSMUSG00000071749,ENSCJAG00000032793
ENSMUSG00000071749,ENSCJAG00000086496
ENSMUSG00000071749,ENSCJAG00000032034
ENSMUSG00000045064,ENSCJAG00000046911
ENSMUSG00000077511,ENSCJAG00000080932
ENSMUSG00000005148,ENSCJAG00000021146
ENSMUSG00000022146,ENSCJAG00000007577
ENSMUSG00000030235,ENSCJAG00000012242
ENSMUSG00000034290,ENSCJAG00000020610
ENSMUSG00000084700,ENSCJAG00000066892
ENSMUSG00000036304,ENSCJAG00000009345
ENSMUSG00000072294,ENSCJAG00000021151
ENSMUSG00000028036,ENSCJAG00000007162
ENSMUSG00000036918,ENSCJAG00000000656
ENSMUSG00000022967,ENSCJAG00000000056
ENSMUSG00000088160,ENSCJAG00000080917
ENSMUSG00000056900,ENSCJAG00000012999
ENSMUSG00000021248,ENSCJAG00000057118
ENSMUSG00002076744,ENSCJAG00000027160
ENSMUSG00002076744,ENSCJAG00000027262
ENSMUSG00000037544,ENSCJAG00000018306
ENSMUSG00000021250,ENSCJAG00000020633
ENSMUSG00000061458,ENSCJAG00000006602
ENSMUSG00000031651,ENSCJAG00000010806
ENSMUSG00000094491,ENSCJAG00000013875
ENSMUSG00000031245,ENSCJAG00000060139
ENSMUSG00000096580,ENSCJAG00000013875
ENSMUSG00000076505,ENSCJAG00000013875
ENSMUSG00000013150,ENSCJAG00000016078
ENSMUSG00000013150,ENSCJAG00000071140
ENSMUSG00000072568,ENSCJAG00000012629
ENSMUSG00000027963,ENSCJAG00000003497
ENSMUSG00000077652,ENSCJAG00000024068
ENSMUSG00000119240,ENSCJAG00000070612
ENSMUSG00000022965,ENSCJAG00000035211
ENSMUSG00000031246,ENSCJAG00000074782
ENSMUSG00000031246,ENSCJAG00000003568
ENSMUSG00000031246,ENSCJAG00000078350
ENSMUSG00000076508,ENSCJAG00000008551
ENSMUSG00000091490,ENSCJAG00000046738
ENSMUSG00000022347,ENSCJAG00000000314
ENSMUSG00000055531,ENSCJAG00000001798
ENSMUSG00000021368,ENSCJAG00000005152
ENSMUSG00000030236,ENSCJAG00000012282
ENSMUSG00000030236,ENSCJAG00000044381
ENSMUSG00000036502,ENSCJAG00000085725
ENSMUSG00000011179,ENSCJAG00000006576
ENSMUSG00000022964,ENSCJAG00000040417
ENSMUSG00000058586,ENSCJAG00000081818
ENSMUSG00000037134,ENSCJAG00000002411
ENSMUSG00000036292,ENSCJAG00000009359
ENSMUSG00000036557,ENSCJAG00000000655
ENSMUSG00000095497,ENSCJAG00000013875
ENSMUSG00000039131,ENSCJAG00000059871
ENSMUSG00000084927,ENSCJAG00000045935
ENSMUSG00000071379,ENSCJAG00000041528
ENSMUSG00000076514,ENSCJAG00000008551
ENSMUSG00000036438,ENSCJAG00000000638
ENSMUSG00002075997,ENSCJAG00000075059
ENSMUSG00002075997,ENSCJAG00000084259
ENSMUSG00002075997,ENSCJAG00000082761
ENSMUSG00002075997,ENSCJAG00000074345
ENSMUSG00002075997,ENSCJAG00000077200
ENSMUSG00000094335,ENSCJAG00000013875
ENSMUSG00000064063,ENSCJAG00000075083
ENSMUSG00000020037,ENSCJAG00000015034
ENSMUSG00000030237,ENSCJAG00000045935
ENSMUSG00000051335,ENSCJAG00000039228
ENSMUSG00000028035,ENSCJAG00000045975
ENSMUSG00000037415,ENSCJAG00000016055
ENSMUSG00000065907,ENSCJAG00000078488
ENSMUSG00000056854,ENSCJAG00000002526
ENSMUSG00000005371,ENSCJAG00000010907
ENSMUSG00000016327,ENSCJAG00000014233
ENSMUSG00000062518,ENSCJAG00000036389
ENSMUSG00000078495,ENSCJAG00000036389
ENSMUSG00000022346,ENSCJAG00000012620
ENSMUSG00000076518,ENSCJAG00000041158
ENSMUSG00000076518,ENSCJAG00000045663
ENSMUSG00000076518,ENSCJAG00000061975
ENSMUSG00000028517,ENSCJAG00000015880
ENSMUSG00000027962,ENSCJAG00000003455
ENSMUSG00000093861,ENSCJAG00000013875
ENSMUSG00000029022,ENSCJAG00000013541
ENSMUSG00000033083,ENSCJAG00000021156
ENSMUSG00000054021,ENSCJAG00000019802
ENSMUSG00000016534,ENSCJAG00000002638
ENSMUSG00000105606,ENSCJAG00000079247
ENSMUSG00000105606,ENSCJAG00000078945
ENSMUSG00000039763,ENSCJAG00000077643
ENSMUSG00000079025,ENSCJAG00000012609
ENSMUSG00000031617,ENSCJAG00000002418
ENSMUSG00000052459,ENSCJAG00000020256
ENSMUSG00000076523,ENSCJAG00000085465
ENSMUSG00000076523,ENSCJAG00000082042
ENSMUSG00000076523,ENSCJAG00000038358
ENSMUSG00000106403,ENSCJAG00000077077
ENSMUSG00000049792,ENSCJAG00000017123
ENSMUSG00000041698,ENSCJAG00000045935
ENSMUSG00000037787,ENSCJAG00000044883
ENSMUSG00000068696,ENSCJAG00000040608
ENSMUSG00000031893,ENSCJAG00000016035
ENSMUSG00000054263,ENSCJAG00000007608
ENSMUSG00000033502,ENSCJAG00000003430
ENSMUSG00000021028,ENSCJAG00000006938
ENSMUSG00000034617,ENSCJAG00000008934
ENSMUSG00000031616,ENSCJAG00000002424
ENSMUSG00002074857,ENSCJAG00000042747
ENSMUSG00000001496,ENSCJAG00000055766
ENSMUSG00000020183,ENSCJAG00000001828
ENSMUSG00000029020,ENSCJAG00000013494
ENSMUSG00000031990,ENSCJAG00000019593
ENSMUSG00000058669,ENSCJAG00000039564
ENSMUSG00000001497,ENSCJAG00000051342
ENSMUSG00000036672,ENSCJAG00000016022
ENSMUSG00000007908,ENSCJAG00000010832
ENSMUSG00000088791,ENSCJAG00000071361
ENSMUSG00000119680,ENSCJAG00000075000
ENSMUSG00000034998,ENSCJAG00000010894
ENSMUSG00000035472,ENSCJAG00000016449
ENSMUSG00000076531,ENSCJAG00000059289
ENSMUSG00000025262,ENSCJAG00000006315
ENSMUSG00000076532,ENSCJAG00000059289
ENSMUSG00000035620,ENSCJAG00000015061
ENSMUSG00000076533,ENSCJAG00000059289
ENSMUSG00000034709,ENSCJAG00000010751
ENSMUSG00000076535,ENSCJAG00000013875
ENSMUSG00000063200,ENSCJAG00000019798
ENSMUSG00000088656,ENSCJAG00000085232
ENSMUSG00000088656,ENSCJAG00000042995
ENSMUSG00000005871,ENSCJAG00000016440
ENSMUSG00000021288,ENSCJAG00000017134
ENSMUSG00000037101,ENSCJAG00000002445
ENSMUSG00000079263,ENSCJAG00000045935
ENSMUSG00000022789,ENSCJAG00000018143
ENSMUSG00000059383,ENSCJAG00000010859
ENSMUSG00000027784,ENSCJAG00000039946
ENSMUSG00000064416,ENSCJAG00000027039
ENSMUSG00000031095,ENSCJAG00000002596
ENSMUSG00000037536,ENSCJAG00000021876
ENSMUSG00000021532,ENSCJAG00000008921
ENSMUSG00000031511,ENSCJAG00000014093
ENSMUSG00000050035,ENSCJAG00000039343
ENSMUSG00000033855,ENSCJAG00000010678
ENSMUSG00000043300,ENSCJAG00000058941
ENSMUSG00000060935,ENSCJAG00000086624
ENSMUSG00000032572,ENSCJAG00000060750
ENSMUSG00000027787,ENSCJAG00000002900
ENSMUSG00000049038,ENSCJAG00000015094
ENSMUSG00000024154,ENSCJAG00000041412
ENSMUSG00000020038,ENSCJAG00000015099
ENSMUSG00000079262,ENSCJAG00000045935
ENSMUSG00000024107,ENSCJAG00000010733
ENSMUSG00000046351,ENSCJAG00000011175
ENSMUSG00000020184,ENSCJAG00000002750
ENSMUSG00000020184,ENSCJAG00000007464
ENSMUSG00000021973,ENSCJAG00000018710
ENSMUSG00000032937,ENSCJAG00000010640
ENSMUSG00000058499,ENSCJAG00000009535
ENSMUSG00000066878,ENSCJAG00000069790
ENSMUSG00000066878,ENSCJAG00000073466
ENSMUSG00000066878,ENSCJAG00000003742
ENSMUSG00000040490,ENSCJAG00000048505
ENSMUSG00000032360,ENSCJAG00000010863
ENSMUSG00000021974,ENSCJAG00000041037
ENSMUSG00000064120,ENSCJAG00000010427
ENSMUSG00000027674,ENSCJAG00000012957
ENSMUSG00000021534,ENSCJAG00000076097
ENSMUSG00000056293,ENSCJAG00000012609
ENSMUSG00000036376,ENSCJAG00000011174
ENSMUSG00000037526,ENSCJAG00000018362
ENSMUSG00000000706,ENSCJAG00000011050
ENSMUSG00000047102,ENSCJAG00000046297
ENSMUSG00000063975,ENSCJAG00000045935
ENSMUSG00000019055,ENSCJAG00000013459
ENSMUSG00000024583,ENSCJAG00000004012
ENSMUSG00000084714,ENSCJAG00000062335
ENSMUSG00000032358,ENSCJAG00000057418
ENSMUSG00000055827,ENSCJAG00000012609
ENSMUSG00000021536,ENSCJAG00000008816
ENSMUSG00000044703,ENSCJAG00000038757
ENSMUSG00000008590,ENSCJAG00000012037
ENSMUSG00000035451,ENSCJAG00000040054
ENSMUSG00000051917,ENSCJAG00000021984
ENSMUSG00000046782,ENSCJAG00000016408
ENSMUSG00000041681,ENSCJAG00000040116
ENSMUSG00000091649,ENSCJAG00000038757
ENSMUSG00000040260,ENSCJAG00000010452
ENSMUSG00000029864,ENSCJAG00000009548
ENSMUSG00000062257,ENSCJAG00000009613
ENSMUSG00000044496,ENSCJAG00000047928
ENSMUSG00000055748,ENSCJAG00000012609
ENSMUSG00000021287,ENSCJAG00000017182
ENSMUSG00000061887,ENSCJAG00000005029
ENSMUSG00000060181,ENSCJAG00000007448
ENSMUSG00002075110,ENSCJAG00000029689
ENSMUSG00000068245,ENSCJAG00000038757
ENSMUSG00000019889,ENSCJAG00000003496
ENSMUSG00000071506,ENSCJAG00000075612
ENSMUSG00000038546,ENSCJAG00000019797
ENSMUSG00000020258,ENSCJAG00000006155
ENSMUSG00000042961,ENSCJAG00000007668
ENSMUSG00000041671,ENSCJAG00000040053
ENSMUSG00000020986,ENSCJAG00000016324
ENSMUSG00000040560,ENSCJAG00000003937
ENSMUSG00000025525,ENSCJAG00000008249
ENSMUSG00000025525,ENSCJAG00000059115
ENSMUSG00000023999,ENSCJAG00000005922
ENSMUSG00000029863,ENSCJAG00000009586
ENSMUSG00000032357,ENSCJAG00000010887
ENSMUSG00000091144,ENSCJAG00000038757
ENSMUSG00000060121,ENSCJAG00000077352
ENSMUSG00000060121,ENSCJAG00000016248
ENSMUSG00000022698,ENSCJAG00000063781
ENSMUSG00000022698,ENSCJAG00000046205
ENSMUSG00000000355,ENSCJAG00000002593
ENSMUSG00000024926,ENSCJAG00000001971
ENSMUSG00002075822,ENSCJAG00000036065
ENSMUSG00000071350,ENSCJAG00000008864
ENSMUSG00000065407,ENSCJAG00000025436
ENSMUSG00000039316,ENSCJAG00000003585
ENSMUSG00000104769,ENSCJAG00000059629
ENSMUSG00000021371,ENSCJAG00000016050
ENSMUSG00000059974,ENSCJAG00000009606
ENSMUSG00000021255,ENSCJAG00000020709
ENSMUSG00000076577,ENSCJAG00000059629
ENSMUSG00000094356,ENSCJAG00000059629
ENSMUSG00000044164,ENSCJAG00000045361
ENSMUSG00000048970,ENSCJAG00000002590
ENSMUSG00000068284,ENSCJAG00000078027
ENSMUSG00000030243,ENSCJAG00000044420
ENSMUSG00000015396,ENSCJAG00000039142
ENSMUSG00000119318,ENSCJAG00000085447
ENSMUSG00000010592,ENSCJAG00000039120
ENSMUSG00000020257,ENSCJAG00000047163
ENSMUSG00000022962,ENSCJAG00000003083
ENSMUSG00000025529,ENSCJAG00000010311
ENSMUSG00000022144,ENSCJAG00000007761
ENSMUSG00000039828,ENSCJAG00000007784
ENSMUSG00000031993,ENSCJAG00000009574
ENSMUSG00000034607,ENSCJAG00000010342
ENSMUSG00000038910,ENSCJAG00000003599
ENSMUSG00000021286,ENSCJAG00000017190
ENSMUSG00000008450,ENSCJAG00000058246
ENSMUSG00000008450,ENSCJAG00000075727
ENSMUSG00000006611,ENSCJAG00000010993
ENSMUSG00000024109,ENSCJAG00000010631
ENSMUSG00000021981,ENSCJAG00000047061
ENSMUSG00000022378,ENSCJAG00000012575
ENSMUSG00000070047,ENSCJAG00000020301
ENSMUSG00000043461,ENSCJAG00000045921
ENSMUSG00000036181,ENSCJAG00000048138
ENSMUSG00000049109,ENSCJAG00000003598
ENSMUSG00000033453,ENSCJAG00000009521
ENSMUSG00000069266,ENSCJAG00000087176
ENSMUSG00000009470,ENSCJAG00000016409
ENSMUSG00000025531,ENSCJAG00000010392
ENSMUSG00000020253,ENSCJAG00000006090
ENSMUSG00000027788,ENSCJAG00000002888
ENSMUSG00000076580,ENSCJAG00000059629
ENSMUSG00000028136,ENSCJAG00000007791
ENSMUSG00000076581,ENSCJAG00000059629
ENSMUSG00000022142,ENSCJAG00000017976
ENSMUSG00000030245,ENSCJAG00000044214
ENSMUSG00000021982,ENSCJAG00000008925
ENSMUSG00000020993,ENSCJAG00000016314
ENSMUSG00000076583,ENSCJAG00000059629
ENSMUSG00000031994,ENSCJAG00000009481
ENSMUSG00000020042,ENSCJAG00000015118
ENSMUSG00000105432,ENSCJAG00000059629
ENSMUSG00000071112,ENSCJAG00000048478
ENSMUSG00000047412,ENSCJAG00000009451
ENSMUSG00000065510,ENSCJAG00000030268
ENSMUSG00000041229,ENSCJAG00000006260
ENSMUSG00000021285,ENSCJAG00000017204
ENSMUSG00000024927,ENSCJAG00000002037
ENSMUSG00000076586,ENSCJAG00000059629
ENSMUSG00000054764,ENSCJAG00000020300
ENSMUSG00000056812,ENSCJAG00000003917
ENSMUSG00000030244,ENSCJAG00000044223
ENSMUSG00000031645,ENSCJAG00000020294
ENSMUSG00000032355,ENSCJAG00000010939
ENSMUSG00000045991,ENSCJAG00000076587
ENSMUSG00000096594,ENSCJAG00000059629
ENSMUSG00000044461,ENSCJAG00000056356
ENSMUSG00000020994,ENSCJAG00000016291
ENSMUSG00000021983,ENSCJAG00000019263
ENSMUSG00000076589,ENSCJAG00000059629
ENSMUSG00000024588,ENSCJAG00000003873
ENSMUSG00000109764,ENSCJAG00000020276
ENSMUSG00000034168,ENSCJAG00000016689
ENSMUSG00000021290,ENSCJAG00000044960
ENSMUSG00000005968,ENSCJAG00000007748
ENSMUSG00000079057,ENSCJAG00000006073
ENSMUSG00000094117,ENSCJAG00000070264
ENSMUSG00000076596,ENSCJAG00000070264
ENSMUSG00000034157,ENSCJAG00000046132
ENSMUSG00000095338,ENSCJAG00000070264
ENSMUSG00000069265,ENSCJAG00000086824
ENSMUSG00000024924,ENSCJAG00000010772
ENSMUSG00000076598,ENSCJAG00000070264
ENSMUSG00000041544,ENSCJAG00000002175
ENSMUSG00000039801,ENSCJAG00000018003
ENSMUSG00000030246,ENSCJAG00000084278
ENSMUSG00000030246,ENSCJAG00000047275
ENSMUSG00000064140,ENSCJAG00000010938
ENSMUSG00000036270,ENSCJAG00000015963
ENSMUSG00000050919,ENSCJAG00000016387
ENSMUSG00000021650,ENSCJAG00000016364
ENSMUSG00000114797,ENSCJAG00000019231
ENSMUSG00000048483,ENSCJAG00000043263
ENSMUSG00000054003,ENSCJAG00000017235
ENSMUSG00000036110,ENSCJAG00000010898
ENSMUSG00000022696,ENSCJAG00000020266
ENSMUSG00000028622,ENSCJAG00000005018
ENSMUSG00000095335,ENSCJAG00000070264
ENSMUSG00000029862,ENSCJAG00000009651
ENSMUSG00000027790,ENSCJAG00000002837
ENSMUSG00000024587,ENSCJAG00000003837
ENSMUSG00000064566,ENSCJAG00000075212
ENSMUSG00000022141,ENSCJAG00000018052
ENSMUSG00000052681,ENSCJAG00000007261
ENSMUSG00000031995,ENSCJAG00000009434
ENSMUSG00000041632,ENSCJAG00000016356
ENSMUSG00000026312,ENSCJAG00000002895
ENSMUSG00000047719,ENSCJAG00000002187
ENSMUSG00000064648,ENSCJAG00000028172
ENSMUSG00000028621,ENSCJAG00000065837
ENSMUSG00000038916,ENSCJAG00000048256
ENSMUSG00000023277,ENSCJAG00000048516
ENSMUSG00000052727,ENSCJAG00000016333
ENSMUSG00000036955,ENSCJAG00000012896
ENSMUSG00000021647,ENSCJAG00000048631
ENSMUSG00000039748,ENSCJAG00000017241
ENSMUSG00000091402,ENSCJAG00000082473
ENSMUSG00000046182,ENSCJAG00000044404
ENSMUSG00000038518,ENSCJAG00000005717
ENSMUSG00000048304,ENSCJAG00000002835
ENSMUSG00000040818,ENSCJAG00000019910
ENSMUSG00000047636,ENSCJAG00000004989
ENSMUSG00000027792,ENSCJAG00000043299
ENSMUSG00000016763,ENSCJAG00000001645
ENSMUSG00000039257,ENSCJAG00000001884
ENSMUSG00000028991,ENSCJAG00000002191
ENSMUSG00000034151,ENSCJAG00000002808
ENSMUSG00000044287,ENSCJAG00000015962
ENSMUSG00000023923,ENSCJAG00000003617
ENSMUSG00000048310,ENSCJAG00000015958
ENSMUSG00000091692,ENSCJAG00000085191
ENSMUSG00000091692,ENSCJAG00000073881
ENSMUSG00000091692,ENSCJAG00000070391
ENSMUSG00000091692,ENSCJAG00000083544
ENSMUSG00000065574,ENSCJAG00000026013
ENSMUSG00000031896,ENSCJAG00000015948
ENSMUSG00000052593,ENSCJAG00000006369
ENSMUSG00000048312,ENSCJAG00000085191
ENSMUSG00000048312,ENSCJAG00000073881
ENSMUSG00000048312,ENSCJAG00000070391
ENSMUSG00000048312,ENSCJAG00000083544
ENSMUSG00000118715,ENSCJAG00000081221
ENSMUSG00000104158,ENSCJAG00000021914
ENSMUSG00000045322,ENSCJAG00000006069
ENSMUSG00000057363,ENSCJAG00000071602
ENSMUSG00000004360,ENSCJAG00000003616
ENSMUSG00000032786,ENSCJAG00000006000
ENSMUSG00000072259,ENSCJAG00000085191
ENSMUSG00000072259,ENSCJAG00000073881
ENSMUSG00000072259,ENSCJAG00000070391
ENSMUSG00000072259,ENSCJAG00000083544
ENSMUSG00000020075,ENSCJAG00000012876
ENSMUSG00000071550,ENSCJAG00000020284
ENSMUSG00000034139,ENSCJAG00000002795
ENSMUSG00000035529,ENSCJAG00000015261
ENSMUSG00000096715,ENSCJAG00000070264
ENSMUSG00000030247,ENSCJAG00000041578
ENSMUSG00000104301,ENSCJAG00000002774
ENSMUSG00000037541,ENSCJAG00000001019
ENSMUSG00000094478,ENSCJAG00000070264
ENSMUSG00000095351,ENSCJAG00000070264
ENSMUSG00000095682,ENSCJAG00000070264
ENSMUSG00000040929,ENSCJAG00000010996
ENSMUSG00000032352,ENSCJAG00000010969
ENSMUSG00000027835,ENSCJAG00000002763
ENSMUSG00000020739,ENSCJAG00000069947
ENSMUSG00000020739,ENSCJAG00000014508
ENSMUSG00000039529,ENSCJAG00000003813
ENSMUSG00000047216,ENSCJAG00000002951
ENSMUSG00000022961,ENSCJAG00000046975
ENSMUSG00000028989,ENSCJAG00000002324
ENSMUSG00000031897,ENSCJAG00000053823
ENSMUSG00000089081,ENSCJAG00000072944
ENSMUSG00000088625,ENSCJAG00000031867
ENSMUSG00000028619,ENSCJAG00000066809
ENSMUSG00000033386,ENSCJAG00000018284
ENSMUSG00000088691,ENSCJAG00000028971
ENSMUSG00000020076,ENSCJAG00000018844
ENSMUSG00000024256,ENSCJAG00000045833
ENSMUSG00000118781,ENSCJAG00000081343
ENSMUSG00000035237,ENSCJAG00000083596
ENSMUSG00000001986,ENSCJAG00000016110
ENSMUSG00000055214,ENSCJAG00000017218
ENSMUSG00000005360,ENSCJAG00000018196
ENSMUSG00000071064,ENSCJAG00000002484
ENSMUSG00002075018,ENSCJAG00000027160
ENSMUSG00002075018,ENSCJAG00000027262
ENSMUSG00000050010,ENSCJAG00000084799
ENSMUSG00000021646,ENSCJAG00000016310
ENSMUSG00000029861,ENSCJAG00000038348
ENSMUSG00000035187,ENSCJAG00000005335
ENSMUSG00000037815,ENSCJAG00000006820
ENSMUSG00000037815,ENSCJAG00000076035
ENSMUSG00000055660,ENSCJAG00000000092
ENSMUSG00000001783,ENSCJAG00000006128
ENSMUSG00000029330,ENSCJAG00000044197
ENSMUSG00000000751,ENSCJAG00000001848
ENSMUSG00002076104,ENSCJAG00000078503
ENSMUSG00000028618,ENSCJAG00000004912
ENSMUSG00000041708,ENSCJAG00000001643
ENSMUSG00000065658,ENSCJAG00000028560
ENSMUSG00000023927,ENSCJAG00000003645
ENSMUSG00000019883,ENSCJAG00000003649
ENSMUSG00000033377,ENSCJAG00000018277
ENSMUSG00000078184,ENSCJAG00000046869
ENSMUSG00000036083,ENSCJAG00000010877
ENSMUSG00000021987,ENSCJAG00000019209
ENSMUSG00000038582,ENSCJAG00000041204
ENSMUSG00000062444,ENSCJAG00000015979
ENSMUSG00000031682,ENSCJAG00000002521
ENSMUSG00000027677,ENSCJAG00000012923
ENSMUSG00000021986,ENSCJAG00000019200
ENSMUSG00000037022,ENSCJAG00000002525
ENSMUSG00000065625,ENSCJAG00000072495
ENSMUSG00000071862,ENSCJAG00000040209
ENSMUSG00000021990,ENSCJAG00000018870
ENSMUSG00000061024,ENSCJAG00000022034
ENSMUSG00000040274,ENSCJAG00000043437
ENSMUSG00000031639,ENSCJAG00000006057
ENSMUSG00000025911,ENSCJAG00000004434
ENSMUSG00000024357,ENSCJAG00000006861
ENSMUSG00000022687,ENSCJAG00000020310
ENSMUSG00000044938,ENSCJAG00000011053
ENSMUSG00000036923,ENSCJAG00000018901
ENSMUSG00000022441,ENSCJAG00000015219
ENSMUSG00000070877,ENSCJAG00000004890
ENSMUSG00000032350,ENSCJAG00000011063
ENSMUSG00000028617,ENSCJAG00000004868
ENSMUSG00000018809,ENSCJAG00000001865
ENSMUSG00000038569,ENSCJAG00000009289
ENSMUSG00000050108,ENSCJAG00000006209
ENSMUSG00000025085,ENSCJAG00000019303
ENSMUSG00000025592,ENSCJAG00000010422
ENSMUSG00000034525,ENSCJAG00000008637
ENSMUSG00000060275,ENSCJAG00000016833
ENSMUSG00000038876,ENSCJAG00000056389
ENSMUSG00000023345,ENSCJAG00000005972
ENSMUSG00000020740,ENSCJAG00000014468
ENSMUSG00000017264,ENSCJAG00000002327
ENSMUSG00000029462,ENSCJAG00000009321
ENSMUSG00000022788,ENSCJAG00000018234
ENSMUSG00000034145,ENSCJAG00000016712
ENSMUSG00000031681,ENSCJAG00000002542
ENSMUSG00000021335,ENSCJAG00000010852
ENSMUSG00000022122,ENSCJAG00000021257
ENSMUSG00000119317,ENSCJAG00000085115
ENSMUSG00000043991,ENSCJAG00000047468
ENSMUSG00000029860,ENSCJAG00000009741
ENSMUSG00000110185,ENSCJAG00000043302
ENSMUSG00000001786,ENSCJAG00000006238
ENSMUSG00000046727,ENSCJAG00000047318
ENSMUSG00000067879,ENSCJAG00000067281
ENSMUSG00000017765,ENSCJAG00000015875
ENSMUSG00000048349,ENSCJAG00000040854
ENSMUSG00000018865,ENSCJAG00000015192
ENSMUSG00000022120,ENSCJAG00000061059
ENSMUSG00000057335,ENSCJAG00000017155
ENSMUSG00000024346,ENSCJAG00000043672
ENSMUSG00000029463,ENSCJAG00000009328
ENSMUSG00000035580,ENSCJAG00000003681
ENSMUSG00000037475,ENSCJAG00000016157
ENSMUSG00000037475,ENSCJAG00000084982
ENSMUSG00000077265,ENSCJAG00000083064
ENSMUSG00000019880,ENSCJAG00000053376
ENSMUSG00000024589,ENSCJAG00000003597
ENSMUSG00000029464,ENSCJAG00000009339
ENSMUSG00000023931,ENSCJAG00000003700
ENSMUSG00000018868,ENSCJAG00000015166
ENSMUSG00000021336,ENSCJAG00000010830
ENSMUSG00000046756,ENSCJAG00000022706
ENSMUSG00000046756,ENSCJAG00000014458
ENSMUSG00000031996,ENSCJAG00000009288
ENSMUSG00000075266,ENSCJAG00000038479
ENSMUSG00000017831,ENSCJAG00000048394
ENSMUSG00000059602,ENSCJAG00000006266
ENSMUSG00000000753,ENSCJAG00000001881
ENSMUSG00000053604,ENSCJAG00000008523
ENSMUSG00000044957,ENSCJAG00000003735
ENSMUSG00000119373,ENSCJAG00000072543
ENSMUSG00000119373,ENSCJAG00000073369
ENSMUSG00000119373,ENSCJAG00000074438
ENSMUSG00000119373,ENSCJAG00000080778
ENSMUSG00000119373,ENSCJAG00000080956
ENSMUSG00000000708,ENSCJAG00000003744
ENSMUSG00000118996,ENSCJAG00000072543
ENSMUSG00000118996,ENSCJAG00000073369
ENSMUSG00000118996,ENSCJAG00000074438
ENSMUSG00000118996,ENSCJAG00000080778
ENSMUSG00000118996,ENSCJAG00000080956
ENSMUSG00000119769,ENSCJAG00000072543
ENSMUSG00000119769,ENSCJAG00000073369
ENSMUSG00000119769,ENSCJAG00000074438
ENSMUSG00000119769,ENSCJAG00000080778
ENSMUSG00000119769,ENSCJAG00000080956
ENSMUSG00000119371,ENSCJAG00000072543
ENSMUSG00000119371,ENSCJAG00000073369
ENSMUSG00000119371,ENSCJAG00000074438
ENSMUSG00000119371,ENSCJAG00000080778
ENSMUSG00000119371,ENSCJAG00000080956
ENSMUSG00000041653,ENSCJAG00000015142
ENSMUSG00000050799,ENSCJAG00000081457
ENSMUSG00000000131,ENSCJAG00000006014
ENSMUSG00000049658,ENSCJAG00000034364
ENSMUSG00000060548,ENSCJAG00000018750
ENSMUSG00000029465,ENSCJAG00000072049
ENSMUSG00000030079,ENSCJAG00000005310
ENSMUSG00000022437,ENSCJAG00000015070
ENSMUSG00000021294,ENSCJAG00000017272
ENSMUSG00000118726,ENSCJAG00000071988
ENSMUSG00000020044,ENSCJAG00000044183
ENSMUSG00000020212,ENSCJAG00000007230
ENSMUSG00000022438,ENSCJAG00000015066
ENSMUSG00000029859,ENSCJAG00000009766
ENSMUSG00000022439,ENSCJAG00000000029
ENSMUSG00000076432,ENSCJAG00000040849
ENSMUSG00000025860,ENSCJAG00000020553
ENSMUSG00000023940,ENSCJAG00000003760
ENSMUSG00000036990,ENSCJAG00000002563
ENSMUSG00000034785,ENSCJAG00000004861
ENSMUSG00000048279,ENSCJAG00000018745
ENSMUSG00000062760,ENSCJAG00000008436
ENSMUSG00000031668,ENSCJAG00000008471
ENSMUSG00000023122,ENSCJAG00000020217
ENSMUSG00000037685,ENSCJAG00000019105
ENSMUSG00000025597,ENSCJAG00000010479
ENSMUSG00000057375,ENSCJAG00000004828
ENSMUSG00000025912,ENSCJAG00000004466
ENSMUSG00000025912,ENSCJAG00000076267
ENSMUSG00000039676,ENSCJAG00000018371
ENSMUSG00000023945,ENSCJAG00000042583
ENSMUSG00000034126,ENSCJAG00000016739
ENSMUSG00000003882,ENSCJAG00000018379
ENSMUSG00000038175,ENSCJAG00000052093
ENSMUSG00000038175,ENSCJAG00000078076
ENSMUSG00000065750,ENSCJAG00000028271
ENSMUSG00000031898,ENSCJAG00000015864
ENSMUSG00000024172,ENSCJAG00000039769
ENSMUSG00000038224,ENSCJAG00000001889
ENSMUSG00000053687,ENSCJAG00000015850
ENSMUSG00000035296,ENSCJAG00000018729
ENSMUSG00000022435,ENSCJAG00000000546
ENSMUSG00000028243,ENSCJAG00000008666
ENSMUSG00000051896,ENSCJAG00000007468
ENSMUSG00000022434,ENSCJAG00000000548
ENSMUSG00000024174,ENSCJAG00000017555
ENSMUSG00000048284,ENSCJAG00000021986
ENSMUSG00000028034,ENSCJAG00000007062
ENSMUSG00000055874,ENSCJAG00000074494
ENSMUSG00000049538,ENSCJAG00000008588
ENSMUSG00000077369,ENSCJAG00000078967
ENSMUSG00000058355,ENSCJAG00000002636
ENSMUSG00000043157,ENSCJAG00000022614
ENSMUSG00000021928,ENSCJAG00000008764
ENSMUSG00000030082,ENSCJAG00000005358
ENSMUSG00000038663,ENSCJAG00000015939
ENSMUSG00002075443,ENSCJAG00000073720
ENSMUSG00002075443,ENSCJAG00000034109
ENSMUSG00002075443,ENSCJAG00000048319
ENSMUSG00002075443,ENSCJAG00000083187
ENSMUSG00002075443,ENSCJAG00000071724
ENSMUSG00000021895,ENSCJAG00000010916
ENSMUSG00000039542,ENSCJAG00000012342
ENSMUSG00000072663,ENSCJAG00000018398
ENSMUSG00000082482,ENSCJAG00000076498
ENSMUSG00000082482,ENSCJAG00000071739
ENSMUSG00002075399,ENSCJAG00000073359
ENSMUSG00000067441,ENSCJAG00000076498
ENSMUSG00000067441,ENSCJAG00000071739
ENSMUSG00000045210,ENSCJAG00000004515
ENSMUSG00000036473,ENSCJAG00000014910
ENSMUSG00000048101,ENSCJAG00000054592
ENSMUSG00000036208,ENSCJAG00000020314
ENSMUSG00000042978,ENSCJAG00000055391
ENSMUSG00000036977,ENSCJAG00000002663
ENSMUSG00000021929,ENSCJAG00000044787
ENSMUSG00000021929,ENSCJAG00000081145
ENSMUSG00000041763,ENSCJAG00000020115
ENSMUSG00000020744,ENSCJAG00000014414
ENSMUSG00000034732,ENSCJAG00000003665
ENSMUSG00000064325,ENSCJAG00000002666
ENSMUSG00000020074,ENSCJAG00000018912
ENSMUSG00000071494,ENSCJAG00000074468
ENSMUSG00000083616,ENSCJAG00000076498
ENSMUSG00000083616,ENSCJAG00000071739
ENSMUSG00000022119,ENSCJAG00000021261
ENSMUSG00000074272,ENSCJAG00000017073
ENSMUSG00000074272,ENSCJAG00000020206
ENSMUSG00000074272,ENSCJAG00000037018
ENSMUSG00000074272,ENSCJAG00000012987
ENSMUSG00000074272,ENSCJAG00000046660
ENSMUSG00000074272,ENSCJAG00000047070
ENSMUSG00000022783,ENSCJAG00000007956
ENSMUSG00002075736,ENSCJAG00000054807
ENSMUSG00000025862,ENSCJAG00000020559
ENSMUSG00000033182,ENSCJAG00000005305
ENSMUSG00000021337,ENSCJAG00000010693
ENSMUSG00000021033,ENSCJAG00000016778
ENSMUSG00000051839,ENSCJAG00000002707
ENSMUSG00000054474,ENSCJAG00000019349
ENSMUSG00000119677,ENSCJAG00000083782
ENSMUSG00000058443,ENSCJAG00000011822
ENSMUSG00000059305,ENSCJAG00000065858
ENSMUSG00000059305,ENSCJAG00000020333
ENSMUSG00000032068,ENSCJAG00000005902
ENSMUSG00000115067,ENSCJAG00000015850
ENSMUSG00000045374,ENSCJAG00000001895
ENSMUSG00000022668,ENSCJAG00000020325
ENSMUSG00000021643,ENSCJAG00000034789
ENSMUSG00000042496,ENSCJAG00000009235
ENSMUSG00000000253,ENSCJAG00000006527
ENSMUSG00000034111,ENSCJAG00000016788
ENSMUSG00000022667,ENSCJAG00000037191
ENSMUSG00000022667,ENSCJAG00000020339
ENSMUSG00000090812,ENSCJAG00000016793
ENSMUSG00000060969,ENSCJAG00000039020
ENSMUSG00000041272,ENSCJAG00000008958
ENSMUSG00000072919,ENSCJAG00000016798
ENSMUSG00000021645,ENSCJAG00000016290
ENSMUSG00000032067,ENSCJAG00000047808
ENSMUSG00000042353,ENSCJAG00000002729
ENSMUSG00000029851,ENSCJAG00000009823
ENSMUSG00000074695,ENSCJAG00000052313
ENSMUSG00000031901,ENSCJAG00000015797
ENSMUSG00000065529,ENSCJAG00000031081
ENSMUSG00000022432,ENSCJAG00000000550
ENSMUSG00000059923,ENSCJAG00000043335
ENSMUSG00000059669,ENSCJAG00000006420
ENSMUSG00000112216,ENSCJAG00000012210
ENSMUSG00000080469,ENSCJAG00000067610
ENSMUSG00000112252,ENSCJAG00000012210
ENSMUSG00000019792,ENSCJAG00000003686
ENSMUSG00000054422,ENSCJAG00000045252
ENSMUSG00000066151,ENSCJAG00000017793
ENSMUSG00000022960,ENSCJAG00000003034
ENSMUSG00000001504,ENSCJAG00000008516
ENSMUSG00000032066,ENSCJAG00000012446
ENSMUSG00000089183,ENSCJAG00000036422
ENSMUSG00000036667,ENSCJAG00000009841
ENSMUSG00000021604,ENSCJAG00000009376
ENSMUSG00000115768,ENSCJAG00000040070
ENSMUSG00000039217,ENSCJAG00000012499
ENSMUSG00000022431,ENSCJAG00000022546
ENSMUSG00000031902,ENSCJAG00000015726
ENSMUSG00000063529,ENSCJAG00000059273
ENSMUSG00000038132,ENSCJAG00000064665
ENSMUSG00000022377,ENSCJAG00000012483
ENSMUSG00000032065,ENSCJAG00000012498
ENSMUSG00000020656,ENSCJAG00000006431
ENSMUSG00000021606,ENSCJAG00000075297
ENSMUSG00000021606,ENSCJAG00000019382
ENSMUSG00000000171,ENSCJAG00000010975
ENSMUSG00000090461,ENSCJAG00000052313
ENSMUSG00000056342,ENSCJAG00000044195
ENSMUSG00000029466,ENSCJAG00000009364
ENSMUSG00000039016,ENSCJAG00000082488
ENSMUSG00000039016,ENSCJAG00000010970
ENSMUSG00000112814,ENSCJAG00000012210
ENSMUSG00000112419,ENSCJAG00000012210
ENSMUSG00000112027,ENSCJAG00000012210
ENSMUSG00000112781,ENSCJAG00000012210
ENSMUSG00000112495,ENSCJAG00000012210
ENSMUSG00000112919,ENSCJAG00000012210
ENSMUSG00000042185,ENSCJAG00000009163
ENSMUSG00000031078,ENSCJAG00000000985
ENSMUSG00000055170,ENSCJAG00000039495
ENSMUSG00000021607,ENSCJAG00000083587
ENSMUSG00000021607,ENSCJAG00000071050
ENSMUSG00000021373,ENSCJAG00000006598
ENSMUSG00000117406,ENSCJAG00000014914
ENSMUSG00000019791,ENSCJAG00000043717
ENSMUSG00000040651,ENSCJAG00000010847
ENSMUSG00000095831,ENSCJAG00000079688
ENSMUSG00000095831,ENSCJAG00000076690
ENSMUSG00000023349,ENSCJAG00000037433
ENSMUSG00000024118,ENSCJAG00000084462
ENSMUSG00000062082,ENSCJAG00000037191
ENSMUSG00000062082,ENSCJAG00000020339
ENSMUSG00000047146,ENSCJAG00000019005
ENSMUSG00000069237,ENSCJAG00000006674
ENSMUSG00000020653,ENSCJAG00000046813
ENSMUSG00002076384,ENSCJAG00000064766
ENSMUSG00002076384,ENSCJAG00000081373
ENSMUSG00002076384,ENSCJAG00000085620
ENSMUSG00002076384,ENSCJAG00000074668
ENSMUSG00002076384,ENSCJAG00000087032
ENSMUSG00002076384,ENSCJAG00000081523
ENSMUSG00002076384,ENSCJAG00000058853
ENSMUSG00002076384,ENSCJAG00000064528
ENSMUSG00002076384,ENSCJAG00000077419
ENSMUSG00002076384,ENSCJAG00000082623
ENSMUSG00002076384,ENSCJAG00000083841
ENSMUSG00002076384,ENSCJAG00000082851
ENSMUSG00002076384,ENSCJAG00000073166
ENSMUSG00002076384,ENSCJAG00000073491
ENSMUSG00002076384,ENSCJAG00000083630
ENSMUSG00002076384,ENSCJAG00000081708
ENSMUSG00002076384,ENSCJAG00000081895
ENSMUSG00002076384,ENSCJAG00000064517
ENSMUSG00002076384,ENSCJAG00000073957
ENSMUSG00002076384,ENSCJAG00000085963
ENSMUSG00002076384,ENSCJAG00000053899
ENSMUSG00000038250,ENSCJAG00000002831
ENSMUSG00000043940,ENSCJAG00000005382
ENSMUSG00000090176,ENSCJAG00000037191
ENSMUSG00000090176,ENSCJAG00000020339
ENSMUSG00000021038,ENSCJAG00000016801
ENSMUSG00000046753,ENSCJAG00000010819
ENSMUSG00000072082,ENSCJAG00000014784
ENSMUSG00000022779,ENSCJAG00000020334
ENSMUSG00000028630,ENSCJAG00000007177
ENSMUSG00000084128,ENSCJAG00000031546
ENSMUSG00000084128,ENSCJAG00000015709
ENSMUSG00000071253,ENSCJAG00000019032
ENSMUSG00000041737,ENSCJAG00000009149
ENSMUSG00000077772,ENSCJAG00000084739
ENSMUSG00000077772,ENSCJAG00000023718
ENSMUSG00000077772,ENSCJAG00000024537
ENSMUSG00000077772,ENSCJAG00000033795
ENSMUSG00000045795,ENSCJAG00000015916
ENSMUSG00000030144,ENSCJAG00000080376
ENSMUSG00000032033,ENSCJAG00000009135
ENSMUSG00002076276,ENSCJAG00000084534
ENSMUSG00000022114,ENSCJAG00000021285
ENSMUSG00000022114,ENSCJAG00000022514
ENSMUSG00000026504,ENSCJAG00000017112
ENSMUSG00000059820,ENSCJAG00000010961
ENSMUSG00000020114,ENSCJAG00000007105
ENSMUSG00000031903,ENSCJAG00000043152
ENSMUSG00002076417,ENSCJAG00000078307
ENSMUSG00002076417,ENSCJAG00000077676
ENSMUSG00000073110,ENSCJAG00000079101
ENSMUSG00000076500,ENSCJAG00000041158
ENSMUSG00000076500,ENSCJAG00000045663
ENSMUSG00000076500,ENSCJAG00000061975
ENSMUSG00000105993,ENSCJAG00000040019
ENSMUSG00000005696,ENSCJAG00000077252
ENSMUSG00000094669,ENSCJAG00000079101
ENSMUSG00000077191,ENSCJAG00000028033
ENSMUSG00000075478,ENSCJAG00000021725
ENSMUSG00000089375,ENSCJAG00000064186
ENSMUSG00000030742,ENSCJAG00000033767
ENSMUSG00000094200,ENSCJAG00000079101
ENSMUSG00000030142,ENSCJAG00000018899
ENSMUSG00000031904,ENSCJAG00000015675
ENSMUSG00000048281,ENSCJAG00000074671
ENSMUSG00000045871,ENSCJAG00000003187
ENSMUSG00000021932,ENSCJAG00000008585
ENSMUSG00000021932,ENSCJAG00000003822
ENSMUSG00000000167,ENSCJAG00000010954
ENSMUSG00000025261,ENSCJAG00000006076
ENSMUSG00000036875,ENSCJAG00000019040
ENSMUSG00000033214,ENSCJAG00000003189
ENSMUSG00000074088,ENSCJAG00000023281
ENSMUSG00000074088,ENSCJAG00000006212
ENSMUSG00000071481,ENSCJAG00000080523
ENSMUSG00000054385,ENSCJAG00000017073
ENSMUSG00000054385,ENSCJAG00000020206
ENSMUSG00000054385,ENSCJAG00000037018
ENSMUSG00000054385,ENSCJAG00000012987
ENSMUSG00000054385,ENSCJAG00000046660
ENSMUSG00000054385,ENSCJAG00000047070
ENSMUSG00000043605,ENSCJAG00000077435
ENSMUSG00000058126,ENSCJAG00000071744
ENSMUSG00000058126,ENSCJAG00000085913
ENSMUSG00000058126,ENSCJAG00000039293
ENSMUSG00000058126,ENSCJAG00000047068
ENSMUSG00000033106,ENSCJAG00000015670
ENSMUSG00000021338,ENSCJAG00000010717
ENSMUSG00000078532,ENSCJAG00000038268
ENSMUSG00000065508,ENSCJAG00000023458
ENSMUSG00000065403,ENSCJAG00000024826
ENSMUSG00000065416,ENSCJAG00000030780
ENSMUSG00000021933,ENSCJAG00000053019
ENSMUSG00000060098,ENSCJAG00000015643
ENSMUSG00000000168,ENSCJAG00000010906
ENSMUSG00000028358,ENSCJAG00000031440
ENSMUSG00000033174,ENSCJAG00000005274
ENSMUSG00000037649,ENSCJAG00000021558
ENSMUSG00000021037,ENSCJAG00000016837
ENSMUSG00000047343,ENSCJAG00000020113
ENSMUSG00000026483,ENSCJAG00000005422
ENSMUSG00000032344,ENSCJAG00000009988
ENSMUSG00000028356,ENSCJAG00000017997
ENSMUSG00000024130,ENSCJAG00000014934
ENSMUSG00000102252,ENSCJAG00000003759
ENSMUSG00000102252,ENSCJAG00000082506
ENSMUSG00000035459,ENSCJAG00000014363
ENSMUSG00000031906,ENSCJAG00000015622
ENSMUSG00000020747,ENSCJAG00000014327
ENSMUSG00000041444,ENSCJAG00000009093
ENSMUSG00000028988,ENSCJAG00000082020
ENSMUSG00000050671,ENSCJAG00000016880
ENSMUSG00000100486,ENSCJAG00000086462
ENSMUSG00000037940,ENSCJAG00000002842
ENSMUSG00000035184,ENSCJAG00000008541
ENSMUSG00000028357,ENSCJAG00000018007
ENSMUSG00000020649,ENSCJAG00000006533
ENSMUSG00000022112,ENSCJAG00000003211
ENSMUSG00000036172,ENSCJAG00000037191
ENSMUSG00000036172,ENSCJAG00000020339
ENSMUSG00000102627,ENSCJAG00000003753
ENSMUSG00000102627,ENSCJAG00000052183
ENSMUSG00000074261,ENSCJAG00000020204
ENSMUSG00000091155,ENSCJAG00000008536
ENSMUSG00000057229,ENSCJAG00000020190
ENSMUSG00000020646,ENSCJAG00000006207
ENSMUSG00000035161,ENSCJAG00000008453
ENSMUSG00000019699,ENSCJAG00000017090
ENSMUSG00000059479,ENSCJAG00000039694
ENSMUSG00000025813,ENSCJAG00000015884
ENSMUSG00000028580,ENSCJAG00000006035
ENSMUSG00000021374,ENSCJAG00000006685
ENSMUSG00000044667,ENSCJAG00000039484
ENSMUSG00000040640,ENSCJAG00000007765
ENSMUSG00000037653,ENSCJAG00000019097
ENSMUSG00000119086,ENSCJAG00000086683
ENSMUSG00000029158,ENSCJAG00000019090
ENSMUSG00000032342,ENSCJAG00000010003
ENSMUSG00000057315,ENSCJAG00000005600
ENSMUSG00000016252,ENSCJAG00000073740
ENSMUSG00000016252,ENSCJAG00000086172
ENSMUSG00000027676,ENSCJAG00000012901
ENSMUSG00000063659,ENSCJAG00000040735
ENSMUSG00000080713,ENSCJAG00000058668
ENSMUSG00000080713,ENSCJAG00000067587
ENSMUSG00000021000,ENSCJAG00000016105
ENSMUSG00000020850,ENSCJAG00000001911
ENSMUSG00000033542,ENSCJAG00000009894
ENSMUSG00000083855,ENSCJAG00000058668
ENSMUSG00000083855,ENSCJAG00000067587
ENSMUSG00000032852,ENSCJAG00000020885
ENSMUSG00000032034,ENSCJAG00000009078
ENSMUSG00000021375,ENSCJAG00000006752
ENSMUSG00000026049,ENSCJAG00000040633
ENSMUSG00000052942,ENSCJAG00000011083
ENSMUSG00000060376,ENSCJAG00000020155
ENSMUSG00000041248,ENSCJAG00000044929
ENSMUSG00000027304,ENSCJAG00000020746
ENSMUSG00000026181,ENSCJAG00000045377
ENSMUSG00000037742,ENSCJAG00000074073
ENSMUSG00000037742,ENSCJAG00000082049
ENSMUSG00000037742,ENSCJAG00000074972
ENSMUSG00000034098,ENSCJAG00000012371
ENSMUSG00000038646,ENSCJAG00000086251
ENSMUSG00000038646,ENSCJAG00000038259
ENSMUSG00000058240,ENSCJAG00000037369
ENSMUSG00000039697,ENSCJAG00000003719
ENSMUSG00000031712,ENSCJAG00000002909
ENSMUSG00000037519,ENSCJAG00000000936
ENSMUSG00000075128,ENSCJAG00000058668
ENSMUSG00000075128,ENSCJAG00000067587
ENSMUSG00000016087,ENSCJAG00000009034
ENSMUSG00000000394,ENSCJAG00000005852
ENSMUSG00000118804,ENSCJAG00000083625
ENSMUSG00000029736,ENSCJAG00000009917
ENSMUSG00000016257,ENSCJAG00000048161
ENSMUSG00000016257,ENSCJAG00000079069
ENSMUSG00000018001,ENSCJAG00000046741
ENSMUSG00000064492,ENSCJAG00000079406
ENSMUSG00000031711,ENSCJAG00000002931
ENSMUSG00000033342,ENSCJAG00000018231
ENSMUSG00000049624,ENSCJAG00000004888
ENSMUSG00000054843,ENSCJAG00000019375
ENSMUSG00000064558,ENSCJAG00000026487
ENSMUSG00000027296,ENSCJAG00000046222
ENSMUSG00000014873,ENSCJAG00000009532
ENSMUSG00000043019,ENSCJAG00000005374
ENSMUSG00000047747,ENSCJAG00000002960
ENSMUSG00000046186,ENSCJAG00000010082
ENSMUSG00000028007,ENSCJAG00000018195
ENSMUSG00000034681,ENSCJAG00000014969
ENSMUSG00000031709,ENSCJAG00000002968
ENSMUSG00000030741,ENSCJAG00000006100
ENSMUSG00000050600,ENSCJAG00000047641
ENSMUSG00000058571,ENSCJAG00000003215
ENSMUSG00000014867,ENSCJAG00000014836
ENSMUSG00000025089,ENSCJAG00000019380
ENSMUSG00000014547,ENSCJAG00000049478
ENSMUSG00000029735,ENSCJAG00000009941
ENSMUSG00000033308,ENSCJAG00000018179
ENSMUSG00000075574,ENSCJAG00000079929
ENSMUSG00000050530,ENSCJAG00000041174
ENSMUSG00000022665,ENSCJAG00000020341
ENSMUSG00000075573,ENSCJAG00000003945
ENSMUSG00000022129,ENSCJAG00000003225
ENSMUSG00000029467,ENSCJAG00000009429
ENSMUSG00000096727,ENSCJAG00000021553
ENSMUSG00000038195,ENSCJAG00000040878
ENSMUSG00000031710,ENSCJAG00000003017
ENSMUSG00000021994,ENSCJAG00000007750
ENSMUSG00000041308,ENSCJAG00000015408
ENSMUSG00000032035,ENSCJAG00000042683
ENSMUSG00000022664,ENSCJAG00000020355
ENSMUSG00000061286,ENSCJAG00000020152
ENSMUSG00000034471,ENSCJAG00000014303
ENSMUSG00000033152,ENSCJAG00000005226
ENSMUSG00000062232,ENSCJAG00000001355
ENSMUSG00000015962,ENSCJAG00000017074
ENSMUSG00000024132,ENSCJAG00000014986
ENSMUSG00000088969,ENSCJAG00000075867
ENSMUSG00000035151,ENSCJAG00000003032
ENSMUSG00000075571,ENSCJAG00000083420
ENSMUSG00000032666,ENSCJAG00000065334
ENSMUSG00000030722,ENSCJAG00000006133
ENSMUSG00000022663,ENSCJAG00000020358
ENSMUSG00000054763,ENSCJAG00000003953
ENSMUSG00000049897,ENSCJAG00000009746
ENSMUSG00000070526,ENSCJAG00000058491
ENSMUSG00000061702,ENSCJAG00000022834
ENSMUSG00000064399,ENSCJAG00000085356
ENSMUSG00000021939,ENSCJAG00000003955
ENSMUSG00000024136,ENSCJAG00000014997
ENSMUSG00000084557,ENSCJAG00000042359
ENSMUSG00000063358,ENSCJAG00000015743
ENSMUSG00000015961,ENSCJAG00000017069
ENSMUSG00000025090,ENSCJAG00000019401
ENSMUSG00000063439,ENSCJAG00000045008
ENSMUSG00000038188,ENSCJAG00000002011
ENSMUSG00000035057,ENSCJAG00000039765
ENSMUSG00000030525,ENSCJAG00000021542
ENSMUSG00000022130,ENSCJAG00000003252
ENSMUSG00000052406,ENSCJAG00000009774
ENSMUSG00000030249,ENSCJAG00000042358
ENSMUSG00000046008,ENSCJAG00000034627
ENSMUSG00000102483,ENSCJAG00000017054
ENSMUSG00000031913,ENSCJAG00000015386
ENSMUSG00000037321,ENSCJAG00000021552
ENSMUSG00000002603,ENSCJAG00000020149
ENSMUSG00000014980,ENSCJAG00000068903
ENSMUSG00000020781,ENSCJAG00000014278
ENSMUSG00000089413,ENSCJAG00000071441
ENSMUSG00000038068,ENSCJAG00000006964
ENSMUSG00000026235,ENSCJAG00000012036
ENSMUSG00000026643,ENSCJAG00000009169
ENSMUSG00000030724,ENSCJAG00000006147
ENSMUSG00000022131,ENSCJAG00000043138
ENSMUSG00000078931,ENSCJAG00000037252
ENSMUSG00000091685,ENSCJAG00000001403
ENSMUSG00000031916,ENSCJAG00000015376
ENSMUSG00000032064,ENSCJAG00000010812
ENSMUSG00000061517,ENSCJAG00000046080
ENSMUSG00000039103,ENSCJAG00000006981
ENSMUSG00000021991,ENSCJAG00000007622
ENSMUSG00000052013,ENSCJAG00000081607
ENSMUSG00000052013,ENSCJAG00000046187
ENSMUSG00000025091,ENSCJAG00000019429
ENSMUSG00000020070,ENSCJAG00000019088
ENSMUSG00000021379,ENSCJAG00000083070
ENSMUSG00000002190,ENSCJAG00000003045
ENSMUSG00000024789,ENSCJAG00000011228
ENSMUSG00000036006,ENSCJAG00000006184
ENSMUSG00000002608,ENSCJAG00000046949
ENSMUSG00000065196,ENSCJAG00000063221
ENSMUSG00000119649,ENSCJAG00000071071
ENSMUSG00000119649,ENSCJAG00000082351
ENSMUSG00000119144,ENSCJAG00000071071
ENSMUSG00000119144,ENSCJAG00000082351
ENSMUSG00000039953,ENSCJAG00000000470
ENSMUSG00000075837,ENSCJAG00000077526
ENSMUSG00000075837,ENSCJAG00000029687
ENSMUSG00000049950,ENSCJAG00000046117
ENSMUSG00000089892,ENSCJAG00000086783
ENSMUSG00000022661,ENSCJAG00000074037
ENSMUSG00000022661,ENSCJAG00000087042
ENSMUSG00000026644,ENSCJAG00000009249
ENSMUSG00000033510,ENSCJAG00000017621
ENSMUSG00000031917,ENSCJAG00000015364
ENSMUSG00000038178,ENSCJAG00000002031
ENSMUSG00000021273,ENSCJAG00000003988
ENSMUSG00000016150,ENSCJAG00000020589
ENSMUSG00000088583,ENSCJAG00000070514
ENSMUSG00000051306,ENSCJAG00000015403
ENSMUSG00000059023,ENSCJAG00000075179
ENSMUSG00000064084,ENSCJAG00000085085
ENSMUSG00000064084,ENSCJAG00000084116
ENSMUSG00000057447,ENSCJAG00000075179
ENSMUSG00000061798,ENSCJAG00000085085
ENSMUSG00000061798,ENSCJAG00000084116
ENSMUSG00000031919,ENSCJAG00000015355
ENSMUSG00000062757,ENSCJAG00000075179
ENSMUSG00000026645,ENSCJAG00000009252
ENSMUSG00000063253,ENSCJAG00000039536
ENSMUSG00000063253,ENSCJAG00000032975
ENSMUSG00000052040,ENSCJAG00000017617
ENSMUSG00000045776,ENSCJAG00000007738
ENSMUSG00000032649,ENSCJAG00000005331
ENSMUSG00000014852,ENSCJAG00000009791
ENSMUSG00000025105,ENSCJAG00000015761
ENSMUSG00000035121,ENSCJAG00000004010
ENSMUSG00000063582,ENSCJAG00000021777
ENSMUSG00000056782,ENSCJAG00000021777
ENSMUSG00000030727,ENSCJAG00000006169
ENSMUSG00000029208,ENSCJAG00000019056
ENSMUSG00000025743,ENSCJAG00000085360
ENSMUSG00000024339,ENSCJAG00000021550
ENSMUSG00000031921,ENSCJAG00000015339
ENSMUSG00000026047,ENSCJAG00000020091
ENSMUSG00000021944,ENSCJAG00000004032
ENSMUSG00000020883,ENSCJAG00000008532
ENSMUSG00000075113,ENSCJAG00000086783
ENSMUSG00000050957,ENSCJAG00000011358
ENSMUSG00000042682,ENSCJAG00000085986
ENSMUSG00000042682,ENSCJAG00000087131
ENSMUSG00000042682,ENSCJAG00000007612
ENSMUSG00000039097,ENSCJAG00000038187
ENSMUSG00000024137,ENSCJAG00000015000
ENSMUSG00000040901,ENSCJAG00000019505
ENSMUSG00000026650,ENSCJAG00000076818
ENSMUSG00000016495,ENSCJAG00000011374
ENSMUSG00000014453,ENSCJAG00000004076
ENSMUSG00000065622,ENSCJAG00000026001
ENSMUSG00000006369,ENSCJAG00000012893
ENSMUSG00000078320,ENSCJAG00000040019
ENSMUSG00000051323,ENSCJAG00000013461
ENSMUSG00000022659,ENSCJAG00000067103
ENSMUSG00000022659,ENSCJAG00000009946
ENSMUSG00000057770,ENSCJAG00000021777
ENSMUSG00000020782,ENSCJAG00000014252
ENSMUSG00000035095,ENSCJAG00000062421
ENSMUSG00000094531,ENSCJAG00000077158
ENSMUSG00000032849,ENSCJAG00000003300
ENSMUSG00000000392,ENSCJAG00000005868
ENSMUSG00000040725,ENSCJAG00000020106
ENSMUSG00000091476,ENSCJAG00000017054
ENSMUSG00000025094,ENSCJAG00000019511
ENSMUSG00000033187,ENSCJAG00000020245
ENSMUSG00000031924,ENSCJAG00000067936
ENSMUSG00000061175,ENSCJAG00000001410
ENSMUSG00000047129,ENSCJAG00000014347
ENSMUSG00000033177,ENSCJAG00000020242
ENSMUSG00000019789,ENSCJAG00000056139
ENSMUSG00000031250,ENSCJAG00000004270
ENSMUSG00000031442,ENSCJAG00000059789
ENSMUSG00000016496,ENSCJAG00000011388
ENSMUSG00000119396,ENSCJAG00000082878
ENSMUSG00000118948,ENSCJAG00000070397
ENSMUSG00000020052,ENSCJAG00000014345
ENSMUSG00000000295,ENSCJAG00000003773
ENSMUSG00000037086,ENSCJAG00000002938
ENSMUSG00000074746,ENSCJAG00000019527
ENSMUSG00000119236,ENSCJAG00000086000
ENSMUSG00000046615,ENSCJAG00000085274
ENSMUSG00000046615,ENSCJAG00000087225
ENSMUSG00000043969,ENSCJAG00000038805
ENSMUSG00000022658,ENSCJAG00000020237
ENSMUSG00000119789,ENSCJAG00000081470
ENSMUSG00000067377,ENSCJAG00000042454
ENSMUSG00000067377,ENSCJAG00000004288
ENSMUSG00000041684,ENSCJAG00000020073
ENSMUSG00000020069,ENSCJAG00000019154
ENSMUSG00000033157,ENSCJAG00000020230
ENSMUSG00000016498,ENSCJAG00000048652
ENSMUSG00000016541,ENSCJAG00000012879
ENSMUSG00000033149,ENSCJAG00000020212
ENSMUSG00000032062,ENSCJAG00000082918
ENSMUSG00000040022,ENSCJAG00000019543
ENSMUSG00000028134,ENSCJAG00000018172
ENSMUSG00000038086,ENSCJAG00000061508
ENSMUSG00000031253,ENSCJAG00000004321
ENSMUSG00000029613,ENSCJAG00000015372
ENSMUSG00000032060,ENSCJAG00000010788
ENSMUSG00000005268,ENSCJAG00000018457
ENSMUSG00000015971,ENSCJAG00000007566
ENSMUSG00000043445,ENSCJAG00000015011
ENSMUSG00000026048,ENSCJAG00000020073
ENSMUSG00000041538,ENSCJAG00000035217
ENSMUSG00000030730,ENSCJAG00000006205
ENSMUSG00000057858,ENSCJAG00000019565
ENSMUSG00000020051,ENSCJAG00000014328
ENSMUSG00000006127,ENSCJAG00000022850
ENSMUSG00000006127,ENSCJAG00000002060
ENSMUSG00000070102,ENSCJAG00000024634
ENSMUSG00000039196,ENSCJAG00000004491
ENSMUSG00000085861,ENSCJAG00000006181
ENSMUSG00000006715,ENSCJAG00000006161
ENSMUSG00000029469,ENSCJAG00000009518
ENSMUSG00000028581,ENSCJAG00000062185
ENSMUSG00000037971,ENSCJAG00000010781
ENSMUSG00000077505,ENSCJAG00000028288
ENSMUSG00000035329,ENSCJAG00000016096
ENSMUSG00000020072,ENSCJAG00000019181
ENSMUSG00000021953,ENSCJAG00000045521
ENSMUSG00000045052,ENSCJAG00000019575
ENSMUSG00000031099,ENSCJAG00000002868
ENSMUSG00000038658,ENSCJAG00000011447
ENSMUSG00000077603,ENSCJAG00000025097
ENSMUSG00000077603,ENSCJAG00000075963
ENSMUSG00000073421,ENSCJAG00000021548
ENSMUSG00000035653,ENSCJAG00000016083
ENSMUSG00000034427,ENSCJAG00000014244
ENSMUSG00000019132,ENSCJAG00000006136
ENSMUSG00000000296,ENSCJAG00000003786
ENSMUSG00000026245,ENSCJAG00000012181
ENSMUSG00000032059,ENSCJAG00000010680
ENSMUSG00000064644,ENSCJAG00000080528
ENSMUSG00000088468,ENSCJAG00000080200
ENSMUSG00000035078,ENSCJAG00000039182
ENSMUSG00000027804,ENSCJAG00000001437
ENSMUSG00000036333,ENSCJAG00000006054
ENSMUSG00000006717,ENSCJAG00000051510
ENSMUSG00000040367,ENSCJAG00000014016
ENSMUSG00000035958,ENSCJAG00000006074
ENSMUSG00000035958,ENSCJAG00000021963
ENSMUSG00000024142,ENSCJAG00000015030
ENSMUSG00000040429,ENSCJAG00000014169
ENSMUSG00000076049,ENSCJAG00000029531
ENSMUSG00000027809,ENSCJAG00000001451
ENSMUSG00000044120,ENSCJAG00000079530
ENSMUSG00000015488,ENSCJAG00000047455
ENSMUSG00000029209,ENSCJAG00000019049
ENSMUSG00000047225,ENSCJAG00000079530
ENSMUSG00000070469,ENSCJAG00000015699
ENSMUSG00000032332,ENSCJAG00000010171
ENSMUSG00000006711,ENSCJAG00000006084
ENSMUSG00000063760,ENSCJAG00000003808
ENSMUSG00000090486,ENSCJAG00000070613
ENSMUSG00000090486,ENSCJAG00000075452
ENSMUSG00000090486,ENSCJAG00000087079
ENSMUSG00000090486,ENSCJAG00000070306
ENSMUSG00000090486,ENSCJAG00000085540
ENSMUSG00000090486,ENSCJAG00000072189
ENSMUSG00000090486,ENSCJAG00000073453
ENSMUSG00000090486,ENSCJAG00000083459
ENSMUSG00000090486,ENSCJAG00000067823
ENSMUSG00000090486,ENSCJAG00000077219
ENSMUSG00000090486,ENSCJAG00000083805
ENSMUSG00000090486,ENSCJAG00000082318
ENSMUSG00000090486,ENSCJAG00000079433
ENSMUSG00000090486,ENSCJAG00000078412
ENSMUSG00000090486,ENSCJAG00000080387
ENSMUSG00000090486,ENSCJAG00000064609
ENSMUSG00000090486,ENSCJAG00000059587
ENSMUSG00000090486,ENSCJAG00000056223
ENSMUSG00000090486,ENSCJAG00000065949
ENSMUSG00000090486,ENSCJAG00000082822
ENSMUSG00000090486,ENSCJAG00000073966
ENSMUSG00000090486,ENSCJAG00000085014
ENSMUSG00000090486,ENSCJAG00000082796
ENSMUSG00000090486,ENSCJAG00000080816
ENSMUSG00000090486,ENSCJAG00000073594
ENSMUSG00000090486,ENSCJAG00000077963
ENSMUSG00000090486,ENSCJAG00000084180
ENSMUSG00000090486,ENSCJAG00000071627
ENSMUSG00000026482,ENSCJAG00000005265
ENSMUSG00000021958,ENSCJAG00000068375
ENSMUSG00000058550,ENSCJAG00000082442
ENSMUSG00000027811,ENSCJAG00000070486
ENSMUSG00000020053,ENSCJAG00000040664
ENSMUSG00000028133,ENSCJAG00000018158
ENSMUSG00000047794,ENSCJAG00000071880
ENSMUSG00000047794,ENSCJAG00000070215
ENSMUSG00000033417,ENSCJAG00000019578
ENSMUSG00000028359,ENSCJAG00000004491
ENSMUSG00000063060,ENSCJAG00000047277
ENSMUSG00000038570,ENSCJAG00000062415
ENSMUSG00000015966,ENSCJAG00000007546
ENSMUSG00000072419,ENSCJAG00000020168
ENSMUSG00000041417,ENSCJAG00000016007
ENSMUSG00000040533,ENSCJAG00000005964
ENSMUSG00000020273,ENSCJAG00000009102
ENSMUSG00000002602,ENSCJAG00000020090
ENSMUSG00000031255,ENSCJAG00000004343
ENSMUSG00000061540,ENSCJAG00000004491
ENSMUSG00000027297,ENSCJAG00000020723
ENSMUSG00000039158,ENSCJAG00000020473
ENSMUSG00000110573,ENSCJAG00000038975
ENSMUSG00002075422,ENSCJAG00000085308
ENSMUSG00002075422,ENSCJAG00000077411
ENSMUSG00000022650,ENSCJAG00000060337
ENSMUSG00000034009,ENSCJAG00000001492
ENSMUSG00000061100,ENSCJAG00000060337
ENSMUSG00000118736,ENSCJAG00000079208
ENSMUSG00000118736,ENSCJAG00000073858
ENSMUSG00000020644,ENSCJAG00000006037
ENSMUSG00000022651,ENSCJAG00000060337
ENSMUSG00000084579,ENSCJAG00000043456
ENSMUSG00000118789,ENSCJAG00000045981
ENSMUSG00000040407,ENSCJAG00000014035
ENSMUSG00000022957,ENSCJAG00000002882
ENSMUSG00000072437,ENSCJAG00000044351
ENSMUSG00000024991,ENSCJAG00000019595
ENSMUSG00000047227,ENSCJAG00000016071
ENSMUSG00000035936,ENSCJAG00000006063
ENSMUSG00000028909,ENSCJAG00000010031
ENSMUSG00000021961,ENSCJAG00000004183
ENSMUSG00000002870,ENSCJAG00000008943
ENSMUSG00000035614,ENSCJAG00000016027
ENSMUSG00000065402,ENSCJAG00000024611
ENSMUSG00000032845,ENSCJAG00000003594
ENSMUSG00000046049,ENSCJAG00000082129
ENSMUSG00000018160,ENSCJAG00000008593
ENSMUSG00000034623,ENSCJAG00000004193
ENSMUSG00000021624,ENSCJAG00000015999
ENSMUSG00000015970,ENSCJAG00000007563
ENSMUSG00000021340,ENSCJAG00000006038
ENSMUSG00002075991,ENSCJAG00000026252
ENSMUSG00000045744,ENSCJAG00000015015
ENSMUSG00002075125,ENSCJAG00000026089
ENSMUSG00000046324,ENSCJAG00000011528
ENSMUSG00000035383,ENSCJAG00000068164
ENSMUSG00000055547,ENSCJAG00000040026
ENSMUSG00000089678,ENSCJAG00000018485
ENSMUSG00000112129,ENSCJAG00000019181
ENSMUSG00000012187,ENSCJAG00000012293
ENSMUSG00000040703,ENSCJAG00000020085
ENSMUSG00000032688,ENSCJAG00000003580
ENSMUSG00000030282,ENSCJAG00000041487
ENSMUSG00000052099,ENSCJAG00000004206
ENSMUSG00000035944,ENSCJAG00000076461
ENSMUSG00000008475,ENSCJAG00000038699
ENSMUSG00000052852,ENSCJAG00000038576
ENSMUSG00000035365,ENSCJAG00000014265
ENSMUSG00000050917,ENSCJAG00000005026
ENSMUSG00000092999,ENSCJAG00000056204
ENSMUSG00000092999,ENSCJAG00000033513
ENSMUSG00000092999,ENSCJAG00000081021
ENSMUSG00000092999,ENSCJAG00000069948
ENSMUSG00000001173,ENSCJAG00000002748
ENSMUSG00000056870,ENSCJAG00000005197
ENSMUSG00000038563,ENSCJAG00000015607
ENSMUSG00000042156,ENSCJAG00000003362
ENSMUSG00000033597,ENSCJAG00000015039
ENSMUSG00000063632,ENSCJAG00000038240
ENSMUSG00000044224,ENSCJAG00000018495
ENSMUSG00000035597,ENSCJAG00000015991
ENSMUSG00000052962,ENSCJAG00000019467
ENSMUSG00000052962,ENSCJAG00000070442
ENSMUSG00000021339,ENSCJAG00000006007
ENSMUSG00000024806,ENSCJAG00000011596
ENSMUSG00000030283,ENSCJAG00000039573
ENSMUSG00000044674,ENSCJAG00000039417
ENSMUSG00000022385,ENSCJAG00000000195
ENSMUSG00000000560,ENSCJAG00000018998
ENSMUSG00000024993,ENSCJAG00000019618
ENSMUSG00000035910,ENSCJAG00000005984
ENSMUSG00000019787,ENSCJAG00000003835
ENSMUSG00000032036,ENSCJAG00000008996
ENSMUSG00000002871,ENSCJAG00000008960
ENSMUSG00000049387,ENSCJAG00000076426
ENSMUSG00000022247,ENSCJAG00000018506
ENSMUSG00000022247,ENSCJAG00000007390
ENSMUSG00000029211,ENSCJAG00000018992
ENSMUSG00000057706,ENSCJAG00000008043
ENSMUSG00000048978,ENSCJAG00000085262
ENSMUSG00000087790,ENSCJAG00000061496
ENSMUSG00000064954,ENSCJAG00000071926
ENSMUSG00000064954,ENSCJAG00000073215
ENSMUSG00000020949,ENSCJAG00000015972
ENSMUSG00000026495,ENSCJAG00000016907
ENSMUSG00000046138,ENSCJAG00000045189
ENSMUSG00000045835,ENSCJAG00000034032
ENSMUSG00000021342,ENSCJAG00000005967
ENSMUSG00000032883,ENSCJAG00000012308
ENSMUSG00000022386,ENSCJAG00000000198
ENSMUSG00000061462,ENSCJAG00000054288
ENSMUSG00000036067,ENSCJAG00000033837
ENSMUSG00000027956,ENSCJAG00000001546
ENSMUSG00000063698,ENSCJAG00000034798
ENSMUSG00000029468,ENSCJAG00000001404
ENSMUSG00000054733,ENSCJAG00000015731
ENSMUSG00000057170,ENSCJAG00000005967
ENSMUSG00000015002,ENSCJAG00000004367
ENSMUSG00000031256,ENSCJAG00000004422
ENSMUSG00000062737,ENSCJAG00000005967
ENSMUSG00000035351,ENSCJAG00000014245
ENSMUSG00000028132,ENSCJAG00000018153
ENSMUSG00000066392,ENSCJAG00000017061
ENSMUSG00000024997,ENSCJAG00000019636
ENSMUSG00000030733,ENSCJAG00000006210
ENSMUSG00000062201,ENSCJAG00000005967
ENSMUSG00000009214,ENSCJAG00000084227
ENSMUSG00000024810,ENSCJAG00000011610
ENSMUSG00000039936,ENSCJAG00000000442
ENSMUSG00000017922,ENSCJAG00000005967
ENSMUSG00000020056,ENSCJAG00000014225
ENSMUSG00000022136,ENSCJAG00000003402
ENSMUSG00000026896,ENSCJAG00000005956
ENSMUSG00000037966,ENSCJAG00000071616
ENSMUSG00000026480,ENSCJAG00000005237
ENSMUSG00000065597,ENSCJAG00000030494
ENSMUSG00000060012,ENSCJAG00000015694
ENSMUSG00000038891,ENSCJAG00000005967
ENSMUSG00000003228,ENSCJAG00000019648
ENSMUSG00000038883,ENSCJAG00000005967
ENSMUSG00000077461,ENSCJAG00000082974
ENSMUSG00000077461,ENSCJAG00000085337
ENSMUSG00000077461,ENSCJAG00000087242
ENSMUSG00000077461,ENSCJAG00000077397
ENSMUSG00000077461,ENSCJAG00000083751
ENSMUSG00000077461,ENSCJAG00000085650
ENSMUSG00000027955,ENSCJAG00000001549
ENSMUSG00000037960,ENSCJAG00000013220
ENSMUSG00000039887,ENSCJAG00000058282
ENSMUSG00000024817,ENSCJAG00000011619
ENSMUSG00000020057,ENSCJAG00000085601
ENSMUSG00000020057,ENSCJAG00000055064
ENSMUSG00000020057,ENSCJAG00000083752
ENSMUSG00000020057,ENSCJAG00000057579
ENSMUSG00000029661,ENSCJAG00000013547
ENSMUSG00000069259,ENSCJAG00000005967
ENSMUSG00000037400,ENSCJAG00000005176
ENSMUSG00000042104,ENSCJAG00000003433
ENSMUSG00000052752,ENSCJAG00000015047
ENSMUSG00000035311,ENSCJAG00000001633
ENSMUSG00000021384,ENSCJAG00000041233
ENSMUSG00000095079,ENSCJAG00000076997
ENSMUSG00000026494,ENSCJAG00000016866
ENSMUSG00000104318,ENSCJAG00000016159
ENSMUSG00000103800,ENSCJAG00000016159
ENSMUSG00000032328,ENSCJAG00000010325
ENSMUSG00000036123,ENSCJAG00000017670
ENSMUSG00000036040,ENSCJAG00000009961
ENSMUSG00000034898,ENSCJAG00000010350
ENSMUSG00000055884,ENSCJAG00000015945
ENSMUSG00000024827,ENSCJAG00000011661
ENSMUSG00000053465,ENSCJAG00000052214
ENSMUSG00000025915,ENSCJAG00000004535
ENSMUSG00000044819,ENSCJAG00000043695
ENSMUSG00000037005,ENSCJAG00000002719
ENSMUSG00000028926,ENSCJAG00000014175
ENSMUSG00000022139,ENSCJAG00000004294
ENSMUSG00000018259,ENSCJAG00000005967
ENSMUSG00000032038,ENSCJAG00000008901
ENSMUSG00000009216,ENSCJAG00000081775
ENSMUSG00000024863,ENSCJAG00000005002
ENSMUSG00000026893,ENSCJAG00000005993
ENSMUSG00000046130,ENSCJAG00000057697
ENSMUSG00000069258,ENSCJAG00000005967
ENSMUSG00000024868,ENSCJAG00000068173
ENSMUSG00000074254,ENSCJAG00000036060
ENSMUSG00000060002,ENSCJAG00000001667
ENSMUSG00000052920,ENSCJAG00000005021
ENSMUSG00000022248,ENSCJAG00000062614
ENSMUSG00000034152,ENSCJAG00000017659
ENSMUSG00000070811,ENSCJAG00000005269
ENSMUSG00000075090,ENSCJAG00000075506
ENSMUSG00000040614,ENSCJAG00000017175
ENSMUSG00000027708,ENSCJAG00000005148
ENSMUSG00000000889,ENSCJAG00000009999
ENSMUSG00000053536,ENSCJAG00000078173
ENSMUSG00000053536,ENSCJAG00000011554
ENSMUSG00000052595,ENSCJAG00000005045
ENSMUSG00000042439,ENSCJAG00000003543
ENSMUSG00000032040,ENSCJAG00000008896
ENSMUSG00000078798,ENSCJAG00000005269
ENSMUSG00000026648,ENSCJAG00000009261
ENSMUSG00000021345,ENSCJAG00000005967
ENSMUSG00000022249,ENSCJAG00000018521
ENSMUSG00000073838,ENSCJAG00000006236
ENSMUSG00000032041,ENSCJAG00000008886
ENSMUSG00000031101,ENSCJAG00000002703
ENSMUSG00000031626,ENSCJAG00000006015
ENSMUSG00000034573,ENSCJAG00000005723
ENSMUSG00000076617,ENSCJAG00000057231
ENSMUSG00000016028,ENSCJAG00000055693
ENSMUSG00000037946,ENSCJAG00000020520
ENSMUSG00000047534,ENSCJAG00000015929
ENSMUSG00000091863,ENSCJAG00000071198
ENSMUSG00000036985,ENSCJAG00000002664
ENSMUSG00000024887,ENSCJAG00000005129
ENSMUSG00000033981,ENSCJAG00000001564
ENSMUSG00000021972,ENSCJAG00000015654
ENSMUSG00000074377,ENSCJAG00000005269
ENSMUSG00000020059,ENSCJAG00000001658
ENSMUSG00000020059,ENSCJAG00000047041
ENSMUSG00000074375,ENSCJAG00000005269
ENSMUSG00000029321,ENSCJAG00000006010
ENSMUSG00000040601,ENSCJAG00000008154
ENSMUSG00000032042,ENSCJAG00000008752
ENSMUSG00000052271,ENSCJAG00000023085
ENSMUSG00000029320,ENSCJAG00000070848
ENSMUSG00000021575,ENSCJAG00000061622
ENSMUSG00000019873,ENSCJAG00000038962
ENSMUSG00000035900,ENSCJAG00000078404
ENSMUSG00000032058,ENSCJAG00000010559
ENSMUSG00000061533,ENSCJAG00000017088
ENSMUSG00000020061,ENSCJAG00000001676
ENSMUSG00000054102,ENSCJAG00000017175
ENSMUSG00000079562,ENSCJAG00000078979
ENSMUSG00000022246,ENSCJAG00000018539
ENSMUSG00000034751,ENSCJAG00000033226
ENSMUSG00000064945,ENSCJAG00000081863
ENSMUSG00000065701,ENSCJAG00000081826
ENSMUSG00000025823,ENSCJAG00000010187
ENSMUSG00000028910,ENSCJAG00000009994
ENSMUSG00000052549,ENSCJAG00000004565
ENSMUSG00000066621,ENSCJAG00000033050
ENSMUSG00000051499,ENSCJAG00000010198
ENSMUSG00000063785,ENSCJAG00000002637
ENSMUSG00000063785,ENSCJAG00000084286
ENSMUSG00000063785,ENSCJAG00000008414
ENSMUSG00000062519,ENSCJAG00000010213
ENSMUSG00000111517,ENSCJAG00000081651
ENSMUSG00000111517,ENSCJAG00000072086
ENSMUSG00000111517,ENSCJAG00000071562
ENSMUSG00000111517,ENSCJAG00000078291
ENSMUSG00000032637,ENSCJAG00000006251
ENSMUSG00000059742,ENSCJAG00000005995
ENSMUSG00000015001,ENSCJAG00000004467
ENSMUSG00000035560,ENSCJAG00000009920
ENSMUSG00000025821,ENSCJAG00000041244
ENSMUSG00000088441,ENSCJAG00000052820
ENSMUSG00000088441,ENSCJAG00000057409
ENSMUSG00000088441,ENSCJAG00000059709
ENSMUSG00000088441,ENSCJAG00000058567
ENSMUSG00000088441,ENSCJAG00000072752
ENSMUSG00000088441,ENSCJAG00000060557
ENSMUSG00000088441,ENSCJAG00000045473
ENSMUSG00000060499,ENSCJAG00000076382
ENSMUSG00000028911,ENSCJAG00000047192
ENSMUSG00000020963,ENSCJAG00000017144
ENSMUSG00000052337,ENSCJAG00000019480
ENSMUSG00000046610,ENSCJAG00000068819
ENSMUSG00000019779,ENSCJAG00000004595
ENSMUSG00000022952,ENSCJAG00000002816
ENSMUSG00002076619,ENSCJAG00000034543
ENSMUSG00002076619,ENSCJAG00000073233
ENSMUSG00000075324,ENSCJAG00000044708
ENSMUSG00002076264,ENSCJAG00000077711
ENSMUSG00002076264,ENSCJAG00000086945
ENSMUSG00000071665,ENSCJAG00000048454
ENSMUSG00000041658,ENSCJAG00000007317
ENSMUSG00000051615,ENSCJAG00000078079
ENSMUSG00000051615,ENSCJAG00000071851
ENSMUSG00000044700,ENSCJAG00000000432
ENSMUSG00000119265,ENSCJAG00000045388
ENSMUSG00000021975,ENSCJAG00000015614
ENSMUSG00000041649,ENSCJAG00000007304
ENSMUSG00000000861,ENSCJAG00000009226
ENSMUSG00000063953,ENSCJAG00000058614
ENSMUSG00000063953,ENSCJAG00000005257
ENSMUSG00000063953,ENSCJAG00000069955
ENSMUSG00000027709,ENSCJAG00000005103
ENSMUSG00000005220,ENSCJAG00000018936
ENSMUSG00000004359,ENSCJAG00000001906
ENSMUSG00000111715,ENSCJAG00000081651
ENSMUSG00000111715,ENSCJAG00000072086
ENSMUSG00000111715,ENSCJAG00000071562
ENSMUSG00000111715,ENSCJAG00000078291
ENSMUSG00000079657,ENSCJAG00000015059
ENSMUSG00000024768,ENSCJAG00000005360
ENSMUSG00000086316,ENSCJAG00000076226
ENSMUSG00000021978,ENSCJAG00000015598
ENSMUSG00000091924,ENSCJAG00000057697
ENSMUSG00000009614,ENSCJAG00000009864
ENSMUSG00000030738,ENSCJAG00000006341
ENSMUSG00000036959,ENSCJAG00000002614
ENSMUSG00000044499,ENSCJAG00000086455
ENSMUSG00000035891,ENSCJAG00000002195
ENSMUSG00000024771,ENSCJAG00000005403
ENSMUSG00000007989,ENSCJAG00000015561
ENSMUSG00000020752,ENSCJAG00000014183
ENSMUSG00000024516,ENSCJAG00000003521
ENSMUSG00000028982,ENSCJAG00000000424
ENSMUSG00000034532,ENSCJAG00000015578
ENSMUSG00000064768,ENSCJAG00000027051
ENSMUSG00000028020,ENSCJAG00000001632
ENSMUSG00000072511,ENSCJAG00000036496
ENSMUSG00000030523,ENSCJAG00000017565
ENSMUSG00000039911,ENSCJAG00000000422
ENSMUSG00000034252,ENSCJAG00000010386
ENSMUSG00000060904,ENSCJAG00000001966
ENSMUSG00000024770,ENSCJAG00000005432
ENSMUSG00000022758,ENSCJAG00000015940
ENSMUSG00000079470,ENSCJAG00000002637
ENSMUSG00000079470,ENSCJAG00000084286
ENSMUSG00000079470,ENSCJAG00000008414
ENSMUSG00000034522,ENSCJAG00000015540
ENSMUSG00000028980,ENSCJAG00000042326
ENSMUSG00000051864,ENSCJAG00000002185
ENSMUSG00000025437,ENSCJAG00000006932
ENSMUSG00000047330,ENSCJAG00000012344
ENSMUSG00000056078,ENSCJAG00000005454
ENSMUSG00000045731,ENSCJAG00000015535
ENSMUSG00000111567,ENSCJAG00000081651
ENSMUSG00000111567,ENSCJAG00000072086
ENSMUSG00000111567,ENSCJAG00000071562
ENSMUSG00000111567,ENSCJAG00000078291
ENSMUSG00000037876,ENSCJAG00000007163
ENSMUSG00000050711,ENSCJAG00000012345
ENSMUSG00000065493,ENSCJAG00000029974
ENSMUSG00000047875,ENSCJAG00000074232
ENSMUSG00000109865,ENSCJAG00000009318
ENSMUSG00000048442,ENSCJAG00000074395
ENSMUSG00000055067,ENSCJAG00000016856
ENSMUSG00000028976,ENSCJAG00000000405
ENSMUSG00000020962,ENSCJAG00000017169
ENSMUSG00000022031,ENSCJAG00000015478
ENSMUSG00000067369,ENSCJAG00000004570
ENSMUSG00000024774,ENSCJAG00000052310
ENSMUSG00002076333,ENSCJAG00000052701
ENSMUSG00000047843,ENSCJAG00000071589
ENSMUSG00000020755,ENSCJAG00000014157
ENSMUSG00000024517,ENSCJAG00000003515
ENSMUSG00000056258,ENSCJAG00000004480
ENSMUSG00000022756,ENSCJAG00000015953
ENSMUSG00000024776,ENSCJAG00000005484
ENSMUSG00000062064,ENSCJAG00000000382
ENSMUSG00000024518,ENSCJAG00000003509
ENSMUSG00000054702,ENSCJAG00000012352
ENSMUSG00000038859,ENSCJAG00000031937
ENSMUSG00000039137,ENSCJAG00000020462
ENSMUSG00000022375,ENSCJAG00000004490
ENSMUSG00000024519,ENSCJAG00000038431
ENSMUSG00000026492,ENSCJAG00000016845
ENSMUSG00000075075,ENSCJAG00000081651
ENSMUSG00000075075,ENSCJAG00000072086
ENSMUSG00000075075,ENSCJAG00000071562
ENSMUSG00000075075,ENSCJAG00000078291
ENSMUSG00000026888,ENSCJAG00000006031
ENSMUSG00000041891,ENSCJAG00000038558
ENSMUSG00000064761,ENSCJAG00000027160
ENSMUSG00000064761,ENSCJAG00000027262
ENSMUSG00000119883,ENSCJAG00000027450
ENSMUSG00000034912,ENSCJAG00000017353
ENSMUSG00000003119,ENSCJAG00000008635
ENSMUSG00000029313,ENSCJAG00000006047
ENSMUSG00000055447,ENSCJAG00000004949
ENSMUSG00000054863,ENSCJAG00000048177
ENSMUSG00000038949,ENSCJAG00000016834
ENSMUSG00000036944,ENSCJAG00000004582
ENSMUSG00000026043,ENSCJAG00000005210
ENSMUSG00000022387,ENSCJAG00000016639
ENSMUSG00000021576,ENSCJAG00000017613
ENSMUSG00000035783,ENSCJAG00000005576
ENSMUSG00000022032,ENSCJAG00000015467
ENSMUSG00000039048,ENSCJAG00000008850
ENSMUSG00000045148,ENSCJAG00000009220
ENSMUSG00000118897,ENSCJAG00000029843
ENSMUSG00000118897,ENSCJAG00000077229
ENSMUSG00000118897,ENSCJAG00000081184
ENSMUSG00000118897,ENSCJAG00000070731
ENSMUSG00000118897,ENSCJAG00000081969
ENSMUSG00000118897,ENSCJAG00000070098
ENSMUSG00000118897,ENSCJAG00000078325
ENSMUSG00000039496,ENSCJAG00000009397
ENSMUSG00000084448,ENSCJAG00000030086
ENSMUSG00000021346,ENSCJAG00000005967
ENSMUSG00000020961,ENSCJAG00000017200
ENSMUSG00000033578,ENSCJAG00000061111
ENSMUSG00000024778,ENSCJAG00000005615
ENSMUSG00000031103,ENSCJAG00000002612
ENSMUSG00000049057,ENSCJAG00000085085
ENSMUSG00000049057,ENSCJAG00000084116
ENSMUSG00000089498,ENSCJAG00000080252
ENSMUSG00000019777,ENSCJAG00000004635
ENSMUSG00000049149,ENSCJAG00000085085
ENSMUSG00000049149,ENSCJAG00000084116
ENSMUSG00000068806,ENSCJAG00000009220
ENSMUSG00000026655,ENSCJAG00000009401
ENSMUSG00000034333,ENSCJAG00000083912
ENSMUSG00000024781,ENSCJAG00000005689
ENSMUSG00000046318,ENSCJAG00000003456
ENSMUSG00000034883,ENSCJAG00000017394
ENSMUSG00000022206,ENSCJAG00000018712
ENSMUSG00000075000,ENSCJAG00000043457
ENSMUSG00000022033,ENSCJAG00000015448
ENSMUSG00000049751,ENSCJAG00000004864
ENSMUSG00000049751,ENSCJAG00000056619
ENSMUSG00000038255,ENSCJAG00000038430
ENSMUSG00000072100,ENSCJAG00000071198
ENSMUSG00000063728,ENSCJAG00000003841
ENSMUSG00000009900,ENSCJAG00000016650
ENSMUSG00000094196,ENSCJAG00000003841
ENSMUSG00000059991,ENSCJAG00000015220
ENSMUSG00002075357,ENSCJAG00000072823
ENSMUSG00000079350,ENSCJAG00000003841
ENSMUSG00000069662,ENSCJAG00000063272
ENSMUSG00000000126,ENSCJAG00000080517
ENSMUSG00000006490,ENSCJAG00000005967
ENSMUSG00000043998,ENSCJAG00000017412
ENSMUSG00000036932,ENSCJAG00000002528
ENSMUSG00000020973,ENSCJAG00000047844
ENSMUSG00000043388,ENSCJAG00000016109
ENSMUSG00002076946,ENSCJAG00000069451
ENSMUSG00000004018,ENSCJAG00000009275
ENSMUSG00000009621,ENSCJAG00000010024
ENSMUSG00000022034,ENSCJAG00000015416
ENSMUSG00000119503,ENSCJAG00000073814
ENSMUSG00000037933,ENSCJAG00000020519
ENSMUSG00000033610,ENSCJAG00000011177
ENSMUSG00000037855,ENSCJAG00000007112
ENSMUSG00000035845,ENSCJAG00000016677
ENSMUSG00000072889,ENSCJAG00000018893
ENSMUSG00000022035,ENSCJAG00000052322
ENSMUSG00000024521,ENSCJAG00000077617
ENSMUSG00000004356,ENSCJAG00000001913
ENSMUSG00000037112,ENSCJAG00000010533
ENSMUSG00000047259,ENSCJAG00000022877
ENSMUSG00000034463,ENSCJAG00000019539
ENSMUSG00000024524,ENSCJAG00000004728
ENSMUSG00000022641,ENSCJAG00000004843
ENSMUSG00000024795,ENSCJAG00000011110
ENSMUSG00000071477,ENSCJAG00000032232
ENSMUSG00000022037,ENSCJAG00000019662
ENSMUSG00000023272,ENSCJAG00000016693
ENSMUSG00000063884,ENSCJAG00000019523
ENSMUSG00000031104,ENSCJAG00000070720
ENSMUSG00000031262,ENSCJAG00000004612
ENSMUSG00000119353,ENSCJAG00000082953
ENSMUSG00000035828,ENSCJAG00000044399
ENSMUSG00000019756,ENSCJAG00000005967
ENSMUSG00000063935,ENSCJAG00000018797
ENSMUSG00000060204,ENSCJAG00000018818
ENSMUSG00000061718,ENSCJAG00000008712
ENSMUSG00000021347,ENSCJAG00000005967
ENSMUSG00000029312,ENSCJAG00000006088
ENSMUSG00000072501,ENSCJAG00000004502
ENSMUSG00000021577,ENSCJAG00000017583
ENSMUSG00000046101,ENSCJAG00000004573
ENSMUSG00000034032,ENSCJAG00000020713
ENSMUSG00000039716,ENSCJAG00000005394
ENSMUSG00000028019,ENSCJAG00000001653
ENSMUSG00000009894,ENSCJAG00000039821
ENSMUSG00000119515,ENSCJAG00000069818
ENSMUSG00000067220,ENSCJAG00000018878
ENSMUSG00000022039,ENSCJAG00000006436
ENSMUSG00000020974,ENSCJAG00000017431
ENSMUSG00000019846,ENSCJAG00000004703
ENSMUSG00000028015,ENSCJAG00000001666
ENSMUSG00000064090,ENSCJAG00000009299
ENSMUSG00000093178,ENSCJAG00000030163
ENSMUSG00000093178,ENSCJAG00000067855
ENSMUSG00000067219,ENSCJAG00000060232
ENSMUSG00000080465,ENSCJAG00000025561
ENSMUSG00000080465,ENSCJAG00000028190
ENSMUSG00000099032,ENSCJAG00000044889
ENSMUSG00000038936,ENSCJAG00000016806
ENSMUSG00000006488,ENSCJAG00000005967
ENSMUSG00000027710,ENSCJAG00000017490
ENSMUSG00000057691,ENSCJAG00000010276
ENSMUSG00000022040,ENSCJAG00000019677
ENSMUSG00000034528,ENSCJAG00000006120
ENSMUSG00000046899,ENSCJAG00000005967
ENSMUSG00000025287,ENSCJAG00000040134
ENSMUSG00000030279,ENSCJAG00000047559
ENSMUSG00000062526,ENSCJAG00000004773
ENSMUSG00000021391,ENSCJAG00000020482
ENSMUSG00000020062,ENSCJAG00000001983
ENSMUSG00000018167,ENSCJAG00000008731
ENSMUSG00000029311,ENSCJAG00000006150
ENSMUSG00000028011,ENSCJAG00000001672
ENSMUSG00000042772,ENSCJAG00000005135
ENSMUSG00000113255,ENSCJAG00000005148
ENSMUSG00000051736,ENSCJAG00000086953
ENSMUSG00000025289,ENSCJAG00000005061
ENSMUSG00000051890,ENSCJAG00000006013
ENSMUSG00000048677,ENSCJAG00000015902
ENSMUSG00002076303,ENSCJAG00000082502
ENSMUSG00000024798,ENSCJAG00000011075
ENSMUSG00000024525,ENSCJAG00000044372
ENSMUSG00000029310,ENSCJAG00000006159
ENSMUSG00000032577,ENSCJAG00000036648
ENSMUSG00000007877,ENSCJAG00000044481
ENSMUSG00000024526,ENSCJAG00000004814
ENSMUSG00000024800,ENSCJAG00000011045
ENSMUSG00000041552,ENSCJAG00000005108
ENSMUSG00000038216,ENSCJAG00000008824
ENSMUSG00000001473,ENSCJAG00000039593
ENSMUSG00000039105,ENSCJAG00000022780
ENSMUSG00000039105,ENSCJAG00000061527
ENSMUSG00000022201,ENSCJAG00000018740
ENSMUSG00000036819,ENSCJAG00000011727
ENSMUSG00000028972,ENSCJAG00000000376
ENSMUSG00000058400,ENSCJAG00000003105
ENSMUSG00000024527,ENSCJAG00000004847
ENSMUSG00000000223,ENSCJAG00000004685
ENSMUSG00000024803,ENSCJAG00000011021
ENSMUSG00000021578,ENSCJAG00000052648
ENSMUSG00000045917,ENSCJAG00000045636
ENSMUSG00000028008,ENSCJAG00000001691
ENSMUSG00000022041,ENSCJAG00000019690
ENSMUSG00000019845,ENSCJAG00000004829
ENSMUSG00000050471,ENSCJAG00000008701
ENSMUSG00000024831,ENSCJAG00000015887
ENSMUSG00000088380,ENSCJAG00000030937
ENSMUSG00000118814,ENSCJAG00000079832
ENSMUSG00000029309,ENSCJAG00000006192
ENSMUSG00000054519,ENSCJAG00000041901
ENSMUSG00000021579,ENSCJAG00000017581
ENSMUSG00000062713,ENSCJAG00000002704
ENSMUSG00000059456,ENSCJAG00000019574
ENSMUSG00000020978,ENSCJAG00000006021
ENSMUSG00000038208,ENSCJAG00000008841
ENSMUSG00002076292,ENSCJAG00000027160
ENSMUSG00002076292,ENSCJAG00000027262
ENSMUSG00000024530,ENSCJAG00000004931
ENSMUSG00000028005,ENSCJAG00000001694
ENSMUSG00000043631,ENSCJAG00000020502
ENSMUSG00000058935,ENSCJAG00000040765
ENSMUSG00000063524,ENSCJAG00000084443
ENSMUSG00000037846,ENSCJAG00000007086
ENSMUSG00000092094,ENSCJAG00000014282
ENSMUSG00000024533,ENSCJAG00000004952
ENSMUSG00000064851,ENSCJAG00000046145
ENSMUSG00000053268,ENSCJAG00000040393
ENSMUSG00000021348,ENSCJAG00000005967
ENSMUSG00000040820,ENSCJAG00000002697
ENSMUSG00000040514,ENSCJAG00000061584
ENSMUSG00000029307,ENSCJAG00000006215
ENSMUSG00000017774,ENSCJAG00000002077
ENSMUSG00002076430,ENSCJAG00000072267
ENSMUSG00002076430,ENSCJAG00000075548
ENSMUSG00000062382,ENSCJAG00000000250
ENSMUSG00000027712,ENSCJAG00000003072
ENSMUSG00000035805,ENSCJAG00000003866
ENSMUSG00000051804,ENSCJAG00000051339
ENSMUSG00000060738,ENSCJAG00000005967
ENSMUSG00000012428,ENSCJAG00000044219
ENSMUSG00000043945,ENSCJAG00000051339
ENSMUSG00000022886,ENSCJAG00000005967
ENSMUSG00000029306,ENSCJAG00000006284
ENSMUSG00000032578,ENSCJAG00000044893
ENSMUSG00000028362,ENSCJAG00000040124
ENSMUSG00000021388,ENSCJAG00000020495
ENSMUSG00000032044,ENSCJAG00000079280
ENSMUSG00000039852,ENSCJAG00000000334
ENSMUSG00000053863,ENSCJAG00000006293
ENSMUSG00000024829,ENSCJAG00000015881
ENSMUSG00000054892,ENSCJAG00000018872
ENSMUSG00000026042,ENSCJAG00000005283
ENSMUSG00000062551,ENSCJAG00000005967
ENSMUSG00000022940,ENSCJAG00000002683
ENSMUSG00000039458,ENSCJAG00000018783
ENSMUSG00000065164,ENSCJAG00000080641
ENSMUSG00000033910,ENSCJAG00000001736
ENSMUSG00000042745,ENSCJAG00000085635
ENSMUSG00000032579,ENSCJAG00000005321
ENSMUSG00002075635,ENSCJAG00000032915
ENSMUSG00002075635,ENSCJAG00000041108
ENSMUSG00002075635,ENSCJAG00000075264
ENSMUSG00002075635,ENSCJAG00000046783
ENSMUSG00000005891,ENSCJAG00000005967
ENSMUSG00000009876,ENSCJAG00000045771
ENSMUSG00000065303,ENSCJAG00000075852
ENSMUSG00000076431,ENSCJAG00000047251
ENSMUSG00000073295,ENSCJAG00000074035
ENSMUSG00000073295,ENSCJAG00000086755
ENSMUSG00000024900,ENSCJAG00000015871
ENSMUSG00000020982,ENSCJAG00000006093
ENSMUSG00000021583,ENSCJAG00000009832
ENSMUSG00000007659,ENSCJAG00000020780
ENSMUSG00000028125,ENSCJAG00000017910
ENSMUSG00000037977,ENSCJAG00000057943
ENSMUSG00000073293,ENSCJAG00000074035
ENSMUSG00000073293,ENSCJAG00000086755
ENSMUSG00000009596,ENSCJAG00000004710
ENSMUSG00002075295,ENSCJAG00000071599
ENSMUSG00000028364,ENSCJAG00000020421
ENSMUSG00000062074,ENSCJAG00000004862
ENSMUSG00000031443,ENSCJAG00000006721
ENSMUSG00000053199,ENSCJAG00000010405
ENSMUSG00000019947,ENSCJAG00000051725
ENSMUSG00000073542,ENSCJAG00000005028
ENSMUSG00000027525,ENSCJAG00000045721
ENSMUSG00000003847,ENSCJAG00000015262
ENSMUSG00000031070,ENSCJAG00000079141
ENSMUSG00000024537,ENSCJAG00000005007
ENSMUSG00000005547,ENSCJAG00000036060
ENSMUSG00000022637,ENSCJAG00000004804
ENSMUSG00000073643,ENSCJAG00000012362
ENSMUSG00000019945,ENSCJAG00000007069
ENSMUSG00000023279,ENSCJAG00000073925
ENSMUSG00000038119,ENSCJAG00000008669
ENSMUSG00000024539,ENSCJAG00000005102
ENSMUSG00000036916,ENSCJAG00000002491
ENSMUSG00000006191,ENSCJAG00000007384
ENSMUSG00000053469,ENSCJAG00000004602
ENSMUSG00000060044,ENSCJAG00000007057
ENSMUSG00000024905,ENSCJAG00000015860
ENSMUSG00000030522,ENSCJAG00000017528
ENSMUSG00000035189,ENSCJAG00000001995
ENSMUSG00000039068,ENSCJAG00000006894
ENSMUSG00000032051,ENSCJAG00000082157
ENSMUSG00000003161,ENSCJAG00000014298
ENSMUSG00000032050,ENSCJAG00000010343
ENSMUSG00000064977,ENSCJAG00000084403
ENSMUSG00000091867,ENSCJAG00000036060
ENSMUSG00000044147,ENSCJAG00000039337
ENSMUSG00000024907,ENSCJAG00000015858
ENSMUSG00000060407,ENSCJAG00000036060
ENSMUSG00000033458,ENSCJAG00000061356
ENSMUSG00000033458,ENSCJAG00000017520
ENSMUSG00000025916,ENSCJAG00000004616
ENSMUSG00000049882,ENSCJAG00000057893
ENSMUSG00000040565,ENSCJAG00000008359
ENSMUSG00000035164,ENSCJAG00000082470
ENSMUSG00000024542,ENSCJAG00000005208
ENSMUSG00000003849,ENSCJAG00000045541
ENSMUSG00000078307,ENSCJAG00000043178
ENSMUSG00000029304,ENSCJAG00000006299
ENSMUSG00000030521,ENSCJAG00000019423
ENSMUSG00000053289,ENSCJAG00000010281
ENSMUSG00000031636,ENSCJAG00000005997
ENSMUSG00000094509,ENSCJAG00000078829
ENSMUSG00000094509,ENSCJAG00000076412
ENSMUSG00000094509,ENSCJAG00000082872
ENSMUSG00000094509,ENSCJAG00000075647
ENSMUSG00000094509,ENSCJAG00000077463
ENSMUSG00000094509,ENSCJAG00000082480
ENSMUSG00000094509,ENSCJAG00000072999
ENSMUSG00000094509,ENSCJAG00000080397
ENSMUSG00000094509,ENSCJAG00000044155
ENSMUSG00000094509,ENSCJAG00000072566
ENSMUSG00000094509,ENSCJAG00000074685
ENSMUSG00000094509,ENSCJAG00000073570
ENSMUSG00000094509,ENSCJAG00000069729
ENSMUSG00000094509,ENSCJAG00000080709
ENSMUSG00000094509,ENSCJAG00000057942
ENSMUSG00000094509,ENSCJAG00000071911
ENSMUSG00000094509,ENSCJAG00000072663
ENSMUSG00000094509,ENSCJAG00000067041
ENSMUSG00000094509,ENSCJAG00000074322
ENSMUSG00000094509,ENSCJAG00000084680
ENSMUSG00000094509,ENSCJAG00000076210
ENSMUSG00000094509,ENSCJAG00000085672
ENSMUSG00000024908,ENSCJAG00000015752
ENSMUSG00000016477,ENSCJAG00000019544
ENSMUSG00000095583,ENSCJAG00000078829
ENSMUSG00000095583,ENSCJAG00000076412
ENSMUSG00000095583,ENSCJAG00000082872
ENSMUSG00000095583,ENSCJAG00000075647
ENSMUSG00000095583,ENSCJAG00000077463
ENSMUSG00000095583,ENSCJAG00000082480
ENSMUSG00000095583,ENSCJAG00000072999
ENSMUSG00000095583,ENSCJAG00000080397
ENSMUSG00000095583,ENSCJAG00000044155
ENSMUSG00000095583,ENSCJAG00000072566
ENSMUSG00000095583,ENSCJAG00000074685
ENSMUSG00000095583,ENSCJAG00000073570
ENSMUSG00000095583,ENSCJAG00000069729
ENSMUSG00000095583,ENSCJAG00000080709
ENSMUSG00000095583,ENSCJAG00000057942
ENSMUSG00000095583,ENSCJAG00000071911
ENSMUSG00000095583,ENSCJAG00000072663
ENSMUSG00000095583,ENSCJAG00000067041
ENSMUSG00000095583,ENSCJAG00000074322
ENSMUSG00000095583,ENSCJAG00000084680
ENSMUSG00000095583,ENSCJAG00000076210
ENSMUSG00000095583,ENSCJAG00000085672
ENSMUSG00000033429,ENSCJAG00000060924
ENSMUSG00000026248,ENSCJAG00000012401
ENSMUSG00000030275,ENSCJAG00000042185
ENSMUSG00000063177,ENSCJAG00000016668
ENSMUSG00000063177,ENSCJAG00000016648
ENSMUSG00000021003,ENSCJAG00000017259
ENSMUSG00000119658,ENSCJAG00000081613
ENSMUSG00000026249,ENSCJAG00000012404
ENSMUSG00000034584,ENSCJAG00000042417
ENSMUSG00000030519,ENSCJAG00000017493
ENSMUSG00000003848,ENSCJAG00000015230
ENSMUSG00000034487,ENSCJAG00000042526
ENSMUSG00000024544,ENSCJAG00000005295
ENSMUSG00000028370,ENSCJAG00000020401
ENSMUSG00000049553,ENSCJAG00000019547
ENSMUSG00000089859,ENSCJAG00000022697
ENSMUSG00000022200,ENSCJAG00000043003
ENSMUSG00000005131,ENSCJAG00000010238
ENSMUSG00000038732,ENSCJAG00000019529
ENSMUSG00000119052,ENSCJAG00000030083
ENSMUSG00000027298,ENSCJAG00000020700
ENSMUSG00000022636,ENSCJAG00000004708
ENSMUSG00000034462,ENSCJAG00000006321
ENSMUSG00000071103,ENSCJAG00000005969
ENSMUSG00000042751,ENSCJAG00000005105
ENSMUSG00000051375,ENSCJAG00000018174
ENSMUSG00000032110,ENSCJAG00000044455
ENSMUSG00000084669,ENSCJAG00000035838
ENSMUSG00000049115,ENSCJAG00000001517
ENSMUSG00000015365,ENSCJAG00000003399
ENSMUSG00000066516,ENSCJAG00000016668
ENSMUSG00000066516,ENSCJAG00000016648
ENSMUSG00000015968,ENSCJAG00000007392
ENSMUSG00000031444,ENSCJAG00000006736
ENSMUSG00000034218,ENSCJAG00000010159
ENSMUSG00000030518,ENSCJAG00000082089
ENSMUSG00000024442,ENSCJAG00000018193
ENSMUSG00000027714,ENSCJAG00000003038
ENSMUSG00000048007,ENSCJAG00000046375
ENSMUSG00000048007,ENSCJAG00000070919
ENSMUSG00000068270,ENSCJAG00000008300
ENSMUSG00000095642,ENSCJAG00000078829
ENSMUSG00000095642,ENSCJAG00000076412
ENSMUSG00000095642,ENSCJAG00000082872
ENSMUSG00000095642,ENSCJAG00000075647
ENSMUSG00000095642,ENSCJAG00000077463
ENSMUSG00000095642,ENSCJAG00000082480
ENSMUSG00000095642,ENSCJAG00000072999
ENSMUSG00000095642,ENSCJAG00000080397
ENSMUSG00000095642,ENSCJAG00000044155
ENSMUSG00000095642,ENSCJAG00000072566
ENSMUSG00000095642,ENSCJAG00000074685
ENSMUSG00000095642,ENSCJAG00000073570
ENSMUSG00000095642,ENSCJAG00000069729
ENSMUSG00000095642,ENSCJAG00000080709
ENSMUSG00000095642,ENSCJAG00000057942
ENSMUSG00000095642,ENSCJAG00000071911
ENSMUSG00000095642,ENSCJAG00000072663
ENSMUSG00000095642,ENSCJAG00000067041
ENSMUSG00000095642,ENSCJAG00000074322
ENSMUSG00000095642,ENSCJAG00000084680
ENSMUSG00000095642,ENSCJAG00000076210
ENSMUSG00000095642,ENSCJAG00000085672
ENSMUSG00000028373,ENSCJAG00000020386
ENSMUSG00000067586,ENSCJAG00000045198
ENSMUSG00000056758,ENSCJAG00000014566
ENSMUSG00000021886,ENSCJAG00000017275
ENSMUSG00000015709,ENSCJAG00000007640
ENSMUSG00000021709,ENSCJAG00000015895
ENSMUSG00000096805,ENSCJAG00000080611
ENSMUSG00000096805,ENSCJAG00000072487
ENSMUSG00000096805,ENSCJAG00000070633
ENSMUSG00000034801,ENSCJAG00000006256
ENSMUSG00000051236,ENSCJAG00000086549
ENSMUSG00000043230,ENSCJAG00000012445
ENSMUSG00000049694,ENSCJAG00000011278
ENSMUSG00000026491,ENSCJAG00000016790
ENSMUSG00000041476,ENSCJAG00000005203
ENSMUSG00000024440,ENSCJAG00000043015
ENSMUSG00000056643,ENSCJAG00000077604
ENSMUSG00000017776,ENSCJAG00000002099
ENSMUSG00000048661,ENSCJAG00000014586
ENSMUSG00000056091,ENSCJAG00000019564
ENSMUSG00000119653,ENSCJAG00000045482
ENSMUSG00000031445,ENSCJAG00000006758
ENSMUSG00000034438,ENSCJAG00000001945
ENSMUSG00000034438,ENSCJAG00000001955
ENSMUSG00000060450,ENSCJAG00000018220
ENSMUSG00000039058,ENSCJAG00000006856
ENSMUSG00000064310,ENSCJAG00000000461
ENSMUSG00000062312,ENSCJAG00000008874
ENSMUSG00000031634,ENSCJAG00000005943
ENSMUSG00000029298,ENSCJAG00000001945
ENSMUSG00000029298,ENSCJAG00000001955
ENSMUSG00000064481,ENSCJAG00000070691
ENSMUSG00000064481,ENSCJAG00000031965
ENSMUSG00000064481,ENSCJAG00000035945
ENSMUSG00000058441,ENSCJAG00000003392
ENSMUSG00000034903,ENSCJAG00000006065
ENSMUSG00000051675,ENSCJAG00000058141
ENSMUSG00000022197,ENSCJAG00000018841
ENSMUSG00000027715,ENSCJAG00000003023
ENSMUSG00000047485,ENSCJAG00000041270
ENSMUSG00000031264,ENSCJAG00000004727
ENSMUSG00000037621,ENSCJAG00000019571
ENSMUSG00000039005,ENSCJAG00000065341
ENSMUSG00000020218,ENSCJAG00000014629
ENSMUSG00000034456,ENSCJAG00000034319
ENSMUSG00000079363,ENSCJAG00000001945
ENSMUSG00000079363,ENSCJAG00000001955
ENSMUSG00000119820,ENSCJAG00000042108
ENSMUSG00000094102,ENSCJAG00000080611
ENSMUSG00000094102,ENSCJAG00000072487
ENSMUSG00000094102,ENSCJAG00000070633
ENSMUSG00000088450,ENSCJAG00000074785
ENSMUSG00000005899,ENSCJAG00000066008
ENSMUSG00000041429,ENSCJAG00000015178
ENSMUSG00000065919,ENSCJAG00000081946
ENSMUSG00000096459,ENSCJAG00000080611
ENSMUSG00000096459,ENSCJAG00000072487
ENSMUSG00000096459,ENSCJAG00000070633
ENSMUSG00000025917,ENSCJAG00000004632
ENSMUSG00000020988,ENSCJAG00000006308
ENSMUSG00000028351,ENSCJAG00000020375
ENSMUSG00000033577,ENSCJAG00000010541
ENSMUSG00000075908,ENSCJAG00000032074
ENSMUSG00000024913,ENSCJAG00000015736
ENSMUSG00000002504,ENSCJAG00000015182
ENSMUSG00000076666,ENSCJAG00000078829
ENSMUSG00000076666,ENSCJAG00000076412
ENSMUSG00000076666,ENSCJAG00000082872
ENSMUSG00000076666,ENSCJAG00000075647
ENSMUSG00000076666,ENSCJAG00000077463
ENSMUSG00000076666,ENSCJAG00000082480
ENSMUSG00000076666,ENSCJAG00000072999
ENSMUSG00000076666,ENSCJAG00000080397
ENSMUSG00000076666,ENSCJAG00000044155
ENSMUSG00000076666,ENSCJAG00000072566
ENSMUSG00000076666,ENSCJAG00000074685
ENSMUSG00000076666,ENSCJAG00000073570
ENSMUSG00000076666,ENSCJAG00000069729
ENSMUSG00000076666,ENSCJAG00000080709
ENSMUSG00000076666,ENSCJAG00000057942
ENSMUSG00000076666,ENSCJAG00000071911
ENSMUSG00000076666,ENSCJAG00000072663
ENSMUSG00000076666,ENSCJAG00000067041
ENSMUSG00000076666,ENSCJAG00000074322
ENSMUSG00000076666,ENSCJAG00000084680
ENSMUSG00000076666,ENSCJAG00000076210
ENSMUSG00000076666,ENSCJAG00000085672
ENSMUSG00000015363,ENSCJAG00000003384
ENSMUSG00000050914,ENSCJAG00000005934
ENSMUSG00000033900,ENSCJAG00000001761
ENSMUSG00000033854,ENSCJAG00000017280
ENSMUSG00000052302,ENSCJAG00000014651
ENSMUSG00000065815,ENSCJAG00000062200
ENSMUSG00000029217,ENSCJAG00000018849
ENSMUSG00000002580,ENSCJAG00000008895
ENSMUSG00000039298,ENSCJAG00000020351
ENSMUSG00000038542,ENSCJAG00000006773
ENSMUSG00000020472,ENSCJAG00000011781
ENSMUSG00000034430,ENSCJAG00000006974
ENSMUSG00000054894,ENSCJAG00000006325
ENSMUSG00000034707,ENSCJAG00000014674
ENSMUSG00000026479,ENSCJAG00000005053
ENSMUSG00000022372,ENSCJAG00000004667
ENSMUSG00000094322,ENSCJAG00000080611
ENSMUSG00000094322,ENSCJAG00000072487
ENSMUSG00000094322,ENSCJAG00000070633
ENSMUSG00000020990,ENSCJAG00000006334
ENSMUSG00000030630,ENSCJAG00000007600
ENSMUSG00000035372,ENSCJAG00000043469
ENSMUSG00000031105,ENSCJAG00000002456
ENSMUSG00000031930,ENSCJAG00000015149
ENSMUSG00000025795,ENSCJAG00000038684
ENSMUSG00000048794,ENSCJAG00000006945
ENSMUSG00000053799,ENSCJAG00000008643
ENSMUSG00000064732,ENSCJAG00000026459
ENSMUSG00000004364,ENSCJAG00000071796
ENSMUSG00000004364,ENSCJAG00000012449
ENSMUSG00000030516,ENSCJAG00000017370
ENSMUSG00000102301,ENSCJAG00000085585
ENSMUSG00000102301,ENSCJAG00000073412
ENSMUSG00000019838,ENSCJAG00000005204
ENSMUSG00000095442,ENSCJAG00000078829
ENSMUSG00000095442,ENSCJAG00000076412
ENSMUSG00000095442,ENSCJAG00000082872
ENSMUSG00000095442,ENSCJAG00000075647
ENSMUSG00000095442,ENSCJAG00000077463
ENSMUSG00000095442,ENSCJAG00000082480
ENSMUSG00000095442,ENSCJAG00000072999
ENSMUSG00000095442,ENSCJAG00000080397
ENSMUSG00000095442,ENSCJAG00000044155
ENSMUSG00000095442,ENSCJAG00000072566
ENSMUSG00000095442,ENSCJAG00000074685
ENSMUSG00000095442,ENSCJAG00000073570
ENSMUSG00000095442,ENSCJAG00000069729
ENSMUSG00000095442,ENSCJAG00000080709
ENSMUSG00000095442,ENSCJAG00000057942
ENSMUSG00000095442,ENSCJAG00000071911
ENSMUSG00000095442,ENSCJAG00000072663
ENSMUSG00000095442,ENSCJAG00000067041
ENSMUSG00000095442,ENSCJAG00000074322
ENSMUSG00000095442,ENSCJAG00000084680
ENSMUSG00000095442,ENSCJAG00000076210
ENSMUSG00000095442,ENSCJAG00000085672
ENSMUSG00000064570,ENSCJAG00000027961
ENSMUSG00000064570,ENSCJAG00000072883
ENSMUSG00000048915,ENSCJAG00000016099
ENSMUSG00000096499,ENSCJAG00000078829
ENSMUSG00000096499,ENSCJAG00000076412
ENSMUSG00000096499,ENSCJAG00000082872
ENSMUSG00000096499,ENSCJAG00000075647
ENSMUSG00000096499,ENSCJAG00000077463
ENSMUSG00000096499,ENSCJAG00000082480
ENSMUSG00000096499,ENSCJAG00000072999
ENSMUSG00000096499,ENSCJAG00000080397
ENSMUSG00000096499,ENSCJAG00000044155
ENSMUSG00000096499,ENSCJAG00000072566
ENSMUSG00000096499,ENSCJAG00000074685
ENSMUSG00000096499,ENSCJAG00000073570
ENSMUSG00000096499,ENSCJAG00000069729
ENSMUSG00000096499,ENSCJAG00000080709
ENSMUSG00000096499,ENSCJAG00000057942
ENSMUSG00000096499,ENSCJAG00000071911
ENSMUSG00000096499,ENSCJAG00000072663
ENSMUSG00000096499,ENSCJAG00000067041
ENSMUSG00000096499,ENSCJAG00000074322
ENSMUSG00000096499,ENSCJAG00000084680
ENSMUSG00000096499,ENSCJAG00000076210
ENSMUSG00000096499,ENSCJAG00000085672
ENSMUSG00000020849,ENSCJAG00000002109
ENSMUSG00000021007,ENSCJAG00000017294
ENSMUSG00000023965,ENSCJAG00000016107
ENSMUSG00000028004,ENSCJAG00000021810
ENSMUSG00000020115,ENSCJAG00000014734
ENSMUSG00000089296,ENSCJAG00000033430
ENSMUSG00000052102,ENSCJAG00000018247
ENSMUSG00000030087,ENSCJAG00000006941
ENSMUSG00000039270,ENSCJAG00000020344
ENSMUSG00000033882,ENSCJAG00000001768
ENSMUSG00000035757,ENSCJAG00000003360
ENSMUSG00000020848,ENSCJAG00000040180
ENSMUSG00000026478,ENSCJAG00000004998
ENSMUSG00002076358,ENSCJAG00000082502
ENSMUSG00000024425,ENSCJAG00000018271
ENSMUSG00000041540,ENSCJAG00000044866
ENSMUSG00000000127,ENSCJAG00000016120
ENSMUSG00000028906,ENSCJAG00000009831
ENSMUSG00000028003,ENSCJAG00000062081
ENSMUSG00000019312,ENSCJAG00000008900
ENSMUSG00000033860,ENSCJAG00000001782
ENSMUSG00000022195,ENSCJAG00000018871
ENSMUSG00000060445,ENSCJAG00000018836
ENSMUSG00000062432,ENSCJAG00000008762
ENSMUSG00000034667,ENSCJAG00000014762
ENSMUSG00000024987,ENSCJAG00000008795
ENSMUSG00000031266,ENSCJAG00000004865
ENSMUSG00000065439,ENSCJAG00000026998
ENSMUSG00000039067,ENSCJAG00000015129
ENSMUSG00000039047,ENSCJAG00000048297
ENSMUSG00000045098,ENSCJAG00000015727
ENSMUSG00000110100,ENSCJAG00000040006
ENSMUSG00000042708,ENSCJAG00000004967
ENSMUSG00000024431,ENSCJAG00000018337
ENSMUSG00000018168,ENSCJAG00000008957
ENSMUSG00000031107,ENSCJAG00000057423
ENSMUSG00000031107,ENSCJAG00000002436
ENSMUSG00000031446,ENSCJAG00000006831
ENSMUSG00000095200,ENSCJAG00000078829
ENSMUSG00000095200,ENSCJAG00000076412
ENSMUSG00000095200,ENSCJAG00000082872
ENSMUSG00000095200,ENSCJAG00000075647
ENSMUSG00000095200,ENSCJAG00000077463
ENSMUSG00000095200,ENSCJAG00000082480
ENSMUSG00000095200,ENSCJAG00000072999
ENSMUSG00000095200,ENSCJAG00000080397
ENSMUSG00000095200,ENSCJAG00000044155
ENSMUSG00000095200,ENSCJAG00000072566
ENSMUSG00000095200,ENSCJAG00000074685
ENSMUSG00000095200,ENSCJAG00000073570
ENSMUSG00000095200,ENSCJAG00000069729
ENSMUSG00000095200,ENSCJAG00000080709
ENSMUSG00000095200,ENSCJAG00000057942
ENSMUSG00000095200,ENSCJAG00000071911
ENSMUSG00000095200,ENSCJAG00000072663
ENSMUSG00000095200,ENSCJAG00000067041
ENSMUSG00000095200,ENSCJAG00000074322
ENSMUSG00000095200,ENSCJAG00000084680
ENSMUSG00000095200,ENSCJAG00000076210
ENSMUSG00000095200,ENSCJAG00000085672
ENSMUSG00000084621,ENSCJAG00000025926
ENSMUSG00000020464,ENSCJAG00000009740
ENSMUSG00000102888,ENSCJAG00000078829
ENSMUSG00000102888,ENSCJAG00000076412
ENSMUSG00000102888,ENSCJAG00000082872
ENSMUSG00000102888,ENSCJAG00000075647
ENSMUSG00000102888,ENSCJAG00000077463
ENSMUSG00000102888,ENSCJAG00000082480
ENSMUSG00000102888,ENSCJAG00000072999
ENSMUSG00000102888,ENSCJAG00000080397
ENSMUSG00000102888,ENSCJAG00000044155
ENSMUSG00000102888,ENSCJAG00000072566
ENSMUSG00000102888,ENSCJAG00000074685
ENSMUSG00000102888,ENSCJAG00000073570
ENSMUSG00000102888,ENSCJAG00000069729
ENSMUSG00000102888,ENSCJAG00000080709
ENSMUSG00000102888,ENSCJAG00000057942
ENSMUSG00000102888,ENSCJAG00000071911
ENSMUSG00000102888,ENSCJAG00000072663
ENSMUSG00000102888,ENSCJAG00000067041
ENSMUSG00000102888,ENSCJAG00000074322
ENSMUSG00000102888,ENSCJAG00000084680
ENSMUSG00000102888,ENSCJAG00000076210
ENSMUSG00000102888,ENSCJAG00000085672
ENSMUSG00000050089,ENSCJAG00000048404
ENSMUSG00000095416,ENSCJAG00000078829
ENSMUSG00000095416,ENSCJAG00000076412
ENSMUSG00000095416,ENSCJAG00000082872
ENSMUSG00000095416,ENSCJAG00000075647
ENSMUSG00000095416,ENSCJAG00000077463
ENSMUSG00000095416,ENSCJAG00000082480
ENSMUSG00000095416,ENSCJAG00000072999
ENSMUSG00000095416,ENSCJAG00000080397
ENSMUSG00000095416,ENSCJAG00000044155
ENSMUSG00000095416,ENSCJAG00000072566
ENSMUSG00000095416,ENSCJAG00000074685
ENSMUSG00000095416,ENSCJAG00000073570
ENSMUSG00000095416,ENSCJAG00000069729
ENSMUSG00000095416,ENSCJAG00000080709
ENSMUSG00000095416,ENSCJAG00000057942
ENSMUSG00000095416,ENSCJAG00000071911
ENSMUSG00000095416,ENSCJAG00000072663
ENSMUSG00000095416,ENSCJAG00000067041
ENSMUSG00000095416,ENSCJAG00000074322
ENSMUSG00000095416,ENSCJAG00000084680
ENSMUSG00000095416,ENSCJAG00000076210
ENSMUSG00000095416,ENSCJAG00000085672
ENSMUSG00000041144,ENSCJAG00000003569
ENSMUSG00000005124,ENSCJAG00000004700
ENSMUSG00000103254,ENSCJAG00000078829
ENSMUSG00000103254,ENSCJAG00000076412
ENSMUSG00000103254,ENSCJAG00000082872
ENSMUSG00000103254,ENSCJAG00000075647
ENSMUSG00000103254,ENSCJAG00000077463
ENSMUSG00000103254,ENSCJAG00000082480
ENSMUSG00000103254,ENSCJAG00000072999
ENSMUSG00000103254,ENSCJAG00000080397
ENSMUSG00000103254,ENSCJAG00000044155
ENSMUSG00000103254,ENSCJAG00000072566
ENSMUSG00000103254,ENSCJAG00000074685
ENSMUSG00000103254,ENSCJAG00000073570
ENSMUSG00000103254,ENSCJAG00000069729
ENSMUSG00000103254,ENSCJAG00000080709
ENSMUSG00000103254,ENSCJAG00000057942
ENSMUSG00000103254,ENSCJAG00000071911
ENSMUSG00000103254,ENSCJAG00000072663
ENSMUSG00000103254,ENSCJAG00000067041
ENSMUSG00000103254,ENSCJAG00000074322
ENSMUSG00000103254,ENSCJAG00000084680
ENSMUSG00000103254,ENSCJAG00000076210
ENSMUSG00000103254,ENSCJAG00000085672
ENSMUSG00000095554,ENSCJAG00000078829
ENSMUSG00000095554,ENSCJAG00000076412
ENSMUSG00000095554,ENSCJAG00000082872
ENSMUSG00000095554,ENSCJAG00000075647
ENSMUSG00000095554,ENSCJAG00000077463
ENSMUSG00000095554,ENSCJAG00000082480
ENSMUSG00000095554,ENSCJAG00000072999
ENSMUSG00000095554,ENSCJAG00000080397
ENSMUSG00000095554,ENSCJAG00000044155
ENSMUSG00000095554,ENSCJAG00000072566
ENSMUSG00000095554,ENSCJAG00000074685
ENSMUSG00000095554,ENSCJAG00000073570
ENSMUSG00000095554,ENSCJAG00000069729
ENSMUSG00000095554,ENSCJAG00000080709
ENSMUSG00000095554,ENSCJAG00000057942
ENSMUSG00000095554,ENSCJAG00000071911
ENSMUSG00000095554,ENSCJAG00000072663
ENSMUSG00000095554,ENSCJAG00000067041
ENSMUSG00000095554,ENSCJAG00000074322
ENSMUSG00000095554,ENSCJAG00000084680
ENSMUSG00000095554,ENSCJAG00000076210
ENSMUSG00000095554,ENSCJAG00000085672
ENSMUSG00000094561,ENSCJAG00000078829
ENSMUSG00000094561,ENSCJAG00000076412
ENSMUSG00000094561,ENSCJAG00000082872
ENSMUSG00000094561,ENSCJAG00000075647
ENSMUSG00000094561,ENSCJAG00000077463
ENSMUSG00000094561,ENSCJAG00000082480
ENSMUSG00000094561,ENSCJAG00000072999
ENSMUSG00000094561,ENSCJAG00000080397
ENSMUSG00000094561,ENSCJAG00000044155
ENSMUSG00000094561,ENSCJAG00000072566
ENSMUSG00000094561,ENSCJAG00000074685
ENSMUSG00000094561,ENSCJAG00000073570
ENSMUSG00000094561,ENSCJAG00000069729
ENSMUSG00000094561,ENSCJAG00000080709
ENSMUSG00000094561,ENSCJAG00000057942
ENSMUSG00000094561,ENSCJAG00000071911
ENSMUSG00000094561,ENSCJAG00000072663
ENSMUSG00000094561,ENSCJAG00000067041
ENSMUSG00000094561,ENSCJAG00000074322
ENSMUSG00000094561,ENSCJAG00000084680
ENSMUSG00000094561,ENSCJAG00000076210
ENSMUSG00000094561,ENSCJAG00000085672
ENSMUSG00000049999,ENSCJAG00000018830
ENSMUSG00000070476,ENSCJAG00000018823
ENSMUSG00000103290,ENSCJAG00000078829
ENSMUSG00000103290,ENSCJAG00000076412
ENSMUSG00000103290,ENSCJAG00000082872
ENSMUSG00000103290,ENSCJAG00000075647
ENSMUSG00000103290,ENSCJAG00000077463
ENSMUSG00000103290,ENSCJAG00000082480
ENSMUSG00000103290,ENSCJAG00000072999
ENSMUSG00000103290,ENSCJAG00000080397
ENSMUSG00000103290,ENSCJAG00000044155
ENSMUSG00000103290,ENSCJAG00000072566
ENSMUSG00000103290,ENSCJAG00000074685
ENSMUSG00000103290,ENSCJAG00000073570
ENSMUSG00000103290,ENSCJAG00000069729
ENSMUSG00000103290,ENSCJAG00000080709
ENSMUSG00000103290,ENSCJAG00000057942
ENSMUSG00000103290,ENSCJAG00000071911
ENSMUSG00000103290,ENSCJAG00000072663
ENSMUSG00000103290,ENSCJAG00000067041
ENSMUSG00000103290,ENSCJAG00000074322
ENSMUSG00000103290,ENSCJAG00000084680
ENSMUSG00000103290,ENSCJAG00000076210
ENSMUSG00000103290,ENSCJAG00000085672
ENSMUSG00000094241,ENSCJAG00000078829
ENSMUSG00000094241,ENSCJAG00000076412
ENSMUSG00000094241,ENSCJAG00000082872
ENSMUSG00000094241,ENSCJAG00000075647
ENSMUSG00000094241,ENSCJAG00000077463
ENSMUSG00000094241,ENSCJAG00000082480
ENSMUSG00000094241,ENSCJAG00000072999
ENSMUSG00000094241,ENSCJAG00000080397
ENSMUSG00000094241,ENSCJAG00000044155
ENSMUSG00000094241,ENSCJAG00000072566
ENSMUSG00000094241,ENSCJAG00000074685
ENSMUSG00000094241,ENSCJAG00000073570
ENSMUSG00000094241,ENSCJAG00000069729
ENSMUSG00000094241,ENSCJAG00000080709
ENSMUSG00000094241,ENSCJAG00000057942
ENSMUSG00000094241,ENSCJAG00000071911
ENSMUSG00000094241,ENSCJAG00000072663
ENSMUSG00000094241,ENSCJAG00000067041
ENSMUSG00000094241,ENSCJAG00000074322
ENSMUSG00000094241,ENSCJAG00000084680
ENSMUSG00000094241,ENSCJAG00000076210
ENSMUSG00000094241,ENSCJAG00000085672
ENSMUSG00000051786,ENSCJAG00000003351
ENSMUSG00000038510,ENSCJAG00000038330
ENSMUSG00000030629,ENSCJAG00000007572
ENSMUSG00000094546,ENSCJAG00000078829
ENSMUSG00000094546,ENSCJAG00000076412
ENSMUSG00000094546,ENSCJAG00000082872
ENSMUSG00000094546,ENSCJAG00000075647
ENSMUSG00000094546,ENSCJAG00000077463
ENSMUSG00000094546,ENSCJAG00000082480
ENSMUSG00000094546,ENSCJAG00000072999
ENSMUSG00000094546,ENSCJAG00000080397
ENSMUSG00000094546,ENSCJAG00000044155
ENSMUSG00000094546,ENSCJAG00000072566
ENSMUSG00000094546,ENSCJAG00000074685
ENSMUSG00000094546,ENSCJAG00000073570
ENSMUSG00000094546,ENSCJAG00000069729
ENSMUSG00000094546,ENSCJAG00000080709
ENSMUSG00000094546,ENSCJAG00000057942
ENSMUSG00000094546,ENSCJAG00000071911
ENSMUSG00000094546,ENSCJAG00000072663
ENSMUSG00000094546,ENSCJAG00000067041
ENSMUSG00000094546,ENSCJAG00000074322
ENSMUSG00000094546,ENSCJAG00000084680
ENSMUSG00000094546,ENSCJAG00000076210
ENSMUSG00000094546,ENSCJAG00000085672
ENSMUSG00000038872,ENSCJAG00000043080
ENSMUSG00000051732,ENSCJAG00000015833
ENSMUSG00000051732,ENSCJAG00000018953
ENSMUSG00000051732,ENSCJAG00000000131
ENSMUSG00000024083,ENSCJAG00000016168
ENSMUSG00000096649,ENSCJAG00000078829
ENSMUSG00000096649,ENSCJAG00000076412
ENSMUSG00000096649,ENSCJAG00000082872
ENSMUSG00000096649,ENSCJAG00000075647
ENSMUSG00000096649,ENSCJAG00000077463
ENSMUSG00000096649,ENSCJAG00000082480
ENSMUSG00000096649,ENSCJAG00000072999
ENSMUSG00000096649,ENSCJAG00000080397
ENSMUSG00000096649,ENSCJAG00000044155
ENSMUSG00000096649,ENSCJAG00000072566
ENSMUSG00000096649,ENSCJAG00000074685
ENSMUSG00000096649,ENSCJAG00000073570
ENSMUSG00000096649,ENSCJAG00000069729
ENSMUSG00000096649,ENSCJAG00000080709
ENSMUSG00000096649,ENSCJAG00000057942
ENSMUSG00000096649,ENSCJAG00000071911
ENSMUSG00000096649,ENSCJAG00000072663
ENSMUSG00000096649,ENSCJAG00000067041
ENSMUSG00000096649,ENSCJAG00000074322
ENSMUSG00000096649,ENSCJAG00000084680
ENSMUSG00000096649,ENSCJAG00000076210
ENSMUSG00000096649,ENSCJAG00000085672
ENSMUSG00000024487,ENSCJAG00000021347
ENSMUSG00000045427,ENSCJAG00000004908
ENSMUSG00000093955,ENSCJAG00000078829
ENSMUSG00000093955,ENSCJAG00000076412
ENSMUSG00000093955,ENSCJAG00000082872
ENSMUSG00000093955,ENSCJAG00000075647
ENSMUSG00000093955,ENSCJAG00000077463
ENSMUSG00000093955,ENSCJAG00000082480
ENSMUSG00000093955,ENSCJAG00000072999
ENSMUSG00000093955,ENSCJAG00000080397
ENSMUSG00000093955,ENSCJAG00000044155
ENSMUSG00000093955,ENSCJAG00000072566
ENSMUSG00000093955,ENSCJAG00000074685
ENSMUSG00000093955,ENSCJAG00000073570
ENSMUSG00000093955,ENSCJAG00000069729
ENSMUSG00000093955,ENSCJAG00000080709
ENSMUSG00000093955,ENSCJAG00000057942
ENSMUSG00000093955,ENSCJAG00000071911
ENSMUSG00000093955,ENSCJAG00000072663
ENSMUSG00000093955,ENSCJAG00000067041
ENSMUSG00000093955,ENSCJAG00000074322
ENSMUSG00000093955,ENSCJAG00000084680
ENSMUSG00000093955,ENSCJAG00000076210
ENSMUSG00000093955,ENSCJAG00000085672
ENSMUSG00000051401,ENSCJAG00000021346
ENSMUSG00000021009,ENSCJAG00000017324
ENSMUSG00000031447,ENSCJAG00000006900
ENSMUSG00002075105,ENSCJAG00000025721
ENSMUSG00000049804,ENSCJAG00000084639
ENSMUSG00000027469,ENSCJAG00000020774
ENSMUSG00000025658,ENSCJAG00000005220
ENSMUSG00000033831,ENSCJAG00000001822
ENSMUSG00000031637,ENSCJAG00000005918
ENSMUSG00000022191,ENSCJAG00000018881
ENSMUSG00000073574,ENSCJAG00000047925
ENSMUSG00000039037,ENSCJAG00000081117
ENSMUSG00000020847,ENSCJAG00000018737
ENSMUSG00000057719,ENSCJAG00000021336
ENSMUSG00000024085,ENSCJAG00000016199
ENSMUSG00000045482,ENSCJAG00000016008
ENSMUSG00000119743,ENSCJAG00000077798
ENSMUSG00000119743,ENSCJAG00000086348
ENSMUSG00000119743,ENSCJAG00000026099
ENSMUSG00000042699,ENSCJAG00000004821
ENSMUSG00000052544,ENSCJAG00000006823
ENSMUSG00000047642,ENSCJAG00000014810
ENSMUSG00000037325,ENSCJAG00000003015
ENSMUSG00000053783,ENSCJAG00000065754
ENSMUSG00000032691,ENSCJAG00000011813
ENSMUSG00000045036,ENSCJAG00000016241
ENSMUSG00000059455,ENSCJAG00000021335
ENSMUSG00000053684,ENSCJAG00000040427
ENSMUSG00000024493,ENSCJAG00000021314
ENSMUSG00000095130,ENSCJAG00000078829
ENSMUSG00000095130,ENSCJAG00000076412
ENSMUSG00000095130,ENSCJAG00000082872
ENSMUSG00000095130,ENSCJAG00000075647
ENSMUSG00000095130,ENSCJAG00000077463
ENSMUSG00000095130,ENSCJAG00000082480
ENSMUSG00000095130,ENSCJAG00000072999
ENSMUSG00000095130,ENSCJAG00000080397
ENSMUSG00000095130,ENSCJAG00000044155
ENSMUSG00000095130,ENSCJAG00000072566
ENSMUSG00000095130,ENSCJAG00000074685
ENSMUSG00000095130,ENSCJAG00000073570
ENSMUSG00000095130,ENSCJAG00000069729
ENSMUSG00000095130,ENSCJAG00000080709
ENSMUSG00000095130,ENSCJAG00000057942
ENSMUSG00000095130,ENSCJAG00000071911
ENSMUSG00000095130,ENSCJAG00000072663
ENSMUSG00000095130,ENSCJAG00000067041
ENSMUSG00000095130,ENSCJAG00000074322
ENSMUSG00000095130,ENSCJAG00000084680
ENSMUSG00000095130,ENSCJAG00000076210
ENSMUSG00000095130,ENSCJAG00000085672
ENSMUSG00000031727,ENSCJAG00000031829
ENSMUSG00000019837,ENSCJAG00000005248
ENSMUSG00000030088,ENSCJAG00000006865
ENSMUSG00000094652,ENSCJAG00000078829
ENSMUSG00000094652,ENSCJAG00000076412
ENSMUSG00000094652,ENSCJAG00000082872
ENSMUSG00000094652,ENSCJAG00000075647
ENSMUSG00000094652,ENSCJAG00000077463
ENSMUSG00000094652,ENSCJAG00000082480
ENSMUSG00000094652,ENSCJAG00000072999
ENSMUSG00000094652,ENSCJAG00000080397
ENSMUSG00000094652,ENSCJAG00000044155
ENSMUSG00000094652,ENSCJAG00000072566
ENSMUSG00000094652,ENSCJAG00000074685
ENSMUSG00000094652,ENSCJAG00000073570
ENSMUSG00000094652,ENSCJAG00000069729
ENSMUSG00000094652,ENSCJAG00000080709
ENSMUSG00000094652,ENSCJAG00000057942
ENSMUSG00000094652,ENSCJAG00000071911
ENSMUSG00000094652,ENSCJAG00000072663
ENSMUSG00000094652,ENSCJAG00000067041
ENSMUSG00000094652,ENSCJAG00000074322
ENSMUSG00000094652,ENSCJAG00000084680
ENSMUSG00000094652,ENSCJAG00000076210
ENSMUSG00000094652,ENSCJAG00000085672
ENSMUSG00000095859,ENSCJAG00000078829
ENSMUSG00000095859,ENSCJAG00000076412
ENSMUSG00000095859,ENSCJAG00000082872
ENSMUSG00000095859,ENSCJAG00000075647
ENSMUSG00000095859,ENSCJAG00000077463
ENSMUSG00000095859,ENSCJAG00000082480
ENSMUSG00000095859,ENSCJAG00000072999
ENSMUSG00000095859,ENSCJAG00000080397
ENSMUSG00000095859,ENSCJAG00000044155
ENSMUSG00000095859,ENSCJAG00000072566
ENSMUSG00000095859,ENSCJAG00000074685
ENSMUSG00000095859,ENSCJAG00000073570
ENSMUSG00000095859,ENSCJAG00000069729
ENSMUSG00000095859,ENSCJAG00000080709
ENSMUSG00000095859,ENSCJAG00000057942
ENSMUSG00000095859,ENSCJAG00000071911
ENSMUSG00000095859,ENSCJAG00000072663
ENSMUSG00000095859,ENSCJAG00000067041
ENSMUSG00000095859,ENSCJAG00000074322
ENSMUSG00000095859,ENSCJAG00000084680
ENSMUSG00000095859,ENSCJAG00000076210
ENSMUSG00000095859,ENSCJAG00000085672
ENSMUSG00000021448,ENSCJAG00000011207
ENSMUSG00000076709,ENSCJAG00000078829
ENSMUSG00000076709,ENSCJAG00000076412
ENSMUSG00000076709,ENSCJAG00000082872
ENSMUSG00000076709,ENSCJAG00000075647
ENSMUSG00000076709,ENSCJAG00000077463
ENSMUSG00000076709,ENSCJAG00000082480
ENSMUSG00000076709,ENSCJAG00000072999
ENSMUSG00000076709,ENSCJAG00000080397
ENSMUSG00000076709,ENSCJAG00000044155
ENSMUSG00000076709,ENSCJAG00000072566
ENSMUSG00000076709,ENSCJAG00000074685
ENSMUSG00000076709,ENSCJAG00000073570
ENSMUSG00000076709,ENSCJAG00000069729
ENSMUSG00000076709,ENSCJAG00000080709
ENSMUSG00000076709,ENSCJAG00000057942
ENSMUSG00000076709,ENSCJAG00000071911
ENSMUSG00000076709,ENSCJAG00000072663
ENSMUSG00000076709,ENSCJAG00000067041
ENSMUSG00000076709,ENSCJAG00000074322
ENSMUSG00000076709,ENSCJAG00000084680
ENSMUSG00000076709,ENSCJAG00000076210
ENSMUSG00000076709,ENSCJAG00000085672
ENSMUSG00000020846,ENSCJAG00000018731
ENSMUSG00000096355,ENSCJAG00000085585
ENSMUSG00000096355,ENSCJAG00000073412
ENSMUSG00000037993,ENSCJAG00000015103
ENSMUSG00000059610,ENSCJAG00000075428
ENSMUSG00000076710,ENSCJAG00000078829
ENSMUSG00000076710,ENSCJAG00000076412
ENSMUSG00000076710,ENSCJAG00000082872
ENSMUSG00000076710,ENSCJAG00000075647
ENSMUSG00000076710,ENSCJAG00000077463
ENSMUSG00000076710,ENSCJAG00000082480
ENSMUSG00000076710,ENSCJAG00000072999
ENSMUSG00000076710,ENSCJAG00000080397
ENSMUSG00000076710,ENSCJAG00000044155
ENSMUSG00000076710,ENSCJAG00000072566
ENSMUSG00000076710,ENSCJAG00000074685
ENSMUSG00000076710,ENSCJAG00000073570
ENSMUSG00000076710,ENSCJAG00000069729
ENSMUSG00000076710,ENSCJAG00000080709
ENSMUSG00000076710,ENSCJAG00000057942
ENSMUSG00000076710,ENSCJAG00000071911
ENSMUSG00000076710,ENSCJAG00000072663
ENSMUSG00000076710,ENSCJAG00000067041
ENSMUSG00000076710,ENSCJAG00000074322
ENSMUSG00000076710,ENSCJAG00000084680
ENSMUSG00000076710,ENSCJAG00000076210
ENSMUSG00000076710,ENSCJAG00000085672
ENSMUSG00000102364,ENSCJAG00000085585
ENSMUSG00000102364,ENSCJAG00000073412
ENSMUSG00000027470,ENSCJAG00000020773
ENSMUSG00000017195,ENSCJAG00000039193
ENSMUSG00000094198,ENSCJAG00000078829
ENSMUSG00000094198,ENSCJAG00000076412
ENSMUSG00000094198,ENSCJAG00000082872
ENSMUSG00000094198,ENSCJAG00000075647
ENSMUSG00000094198,ENSCJAG00000077463
ENSMUSG00000094198,ENSCJAG00000082480
ENSMUSG00000094198,ENSCJAG00000072999
ENSMUSG00000094198,ENSCJAG00000080397
ENSMUSG00000094198,ENSCJAG00000044155
ENSMUSG00000094198,ENSCJAG00000072566
ENSMUSG00000094198,ENSCJAG00000074685
ENSMUSG00000094198,ENSCJAG00000073570
ENSMUSG00000094198,ENSCJAG00000069729
ENSMUSG00000094198,ENSCJAG00000080709
ENSMUSG00000094198,ENSCJAG00000057942
ENSMUSG00000094198,ENSCJAG00000071911
ENSMUSG00000094198,ENSCJAG00000072663
ENSMUSG00000094198,ENSCJAG00000067041
ENSMUSG00000094198,ENSCJAG00000074322
ENSMUSG00000094198,ENSCJAG00000084680
ENSMUSG00000094198,ENSCJAG00000076210
ENSMUSG00000094198,ENSCJAG00000085672
ENSMUSG00002074875,ENSCJAG00000071683
ENSMUSG00000106147,ENSCJAG00000028914
ENSMUSG00000004317,ENSCJAG00000002945
ENSMUSG00000075232,ENSCJAG00000058614
ENSMUSG00000075232,ENSCJAG00000005257
ENSMUSG00000075232,ENSCJAG00000069955
ENSMUSG00000093894,ENSCJAG00000078829
ENSMUSG00000093894,ENSCJAG00000076412
ENSMUSG00000093894,ENSCJAG00000082872
ENSMUSG00000093894,ENSCJAG00000075647
ENSMUSG00000093894,ENSCJAG00000077463
ENSMUSG00000093894,ENSCJAG00000082480
ENSMUSG00000093894,ENSCJAG00000072999
ENSMUSG00000093894,ENSCJAG00000080397
ENSMUSG00000093894,ENSCJAG00000044155
ENSMUSG00000093894,ENSCJAG00000072566
ENSMUSG00000093894,ENSCJAG00000074685
ENSMUSG00000093894,ENSCJAG00000073570
ENSMUSG00000093894,ENSCJAG00000069729
ENSMUSG00000093894,ENSCJAG00000080709
ENSMUSG00000093894,ENSCJAG00000057942
ENSMUSG00000093894,ENSCJAG00000071911
ENSMUSG00000093894,ENSCJAG00000072663
ENSMUSG00000093894,ENSCJAG00000067041
ENSMUSG00000093894,ENSCJAG00000074322
ENSMUSG00000093894,ENSCJAG00000084680
ENSMUSG00000093894,ENSCJAG00000076210
ENSMUSG00000093894,ENSCJAG00000085672
ENSMUSG00000094505,ENSCJAG00000085585
ENSMUSG00000094505,ENSCJAG00000073412
ENSMUSG00000039385,ENSCJAG00000018954
ENSMUSG00000094787,ENSCJAG00000078829
ENSMUSG00000094787,ENSCJAG00000076412
ENSMUSG00000094787,ENSCJAG00000082872
ENSMUSG00000094787,ENSCJAG00000075647
ENSMUSG00000094787,ENSCJAG00000077463
ENSMUSG00000094787,ENSCJAG00000082480
ENSMUSG00000094787,ENSCJAG00000072999
ENSMUSG00000094787,ENSCJAG00000080397
ENSMUSG00000094787,ENSCJAG00000044155
ENSMUSG00000094787,ENSCJAG00000072566
ENSMUSG00000094787,ENSCJAG00000074685
ENSMUSG00000094787,ENSCJAG00000073570
ENSMUSG00000094787,ENSCJAG00000069729
ENSMUSG00000094787,ENSCJAG00000080709
ENSMUSG00000094787,ENSCJAG00000057942
ENSMUSG00000094787,ENSCJAG00000071911
ENSMUSG00000094787,ENSCJAG00000072663
ENSMUSG00000094787,ENSCJAG00000067041
ENSMUSG00000094787,ENSCJAG00000074322
ENSMUSG00000094787,ENSCJAG00000084680
ENSMUSG00000094787,ENSCJAG00000076210
ENSMUSG00000094787,ENSCJAG00000085672
ENSMUSG00000074676,ENSCJAG00000023288
ENSMUSG00000000305,ENSCJAG00000042612
ENSMUSG00000095589,ENSCJAG00000078829
ENSMUSG00000095589,ENSCJAG00000076412
ENSMUSG00000095589,ENSCJAG00000082872
ENSMUSG00000095589,ENSCJAG00000075647
ENSMUSG00000095589,ENSCJAG00000077463
ENSMUSG00000095589,ENSCJAG00000082480
ENSMUSG00000095589,ENSCJAG00000072999
ENSMUSG00000095589,ENSCJAG00000080397
ENSMUSG00000095589,ENSCJAG00000044155
ENSMUSG00000095589,ENSCJAG00000072566
ENSMUSG00000095589,ENSCJAG00000074685
ENSMUSG00000095589,ENSCJAG00000073570
ENSMUSG00000095589,ENSCJAG00000069729
ENSMUSG00000095589,ENSCJAG00000080709
ENSMUSG00000095589,ENSCJAG00000057942
ENSMUSG00000095589,ENSCJAG00000071911
ENSMUSG00000095589,ENSCJAG00000072663
ENSMUSG00000095589,ENSCJAG00000067041
ENSMUSG00000095589,ENSCJAG00000074322
ENSMUSG00000095589,ENSCJAG00000084680
ENSMUSG00000095589,ENSCJAG00000076210
ENSMUSG00000095589,ENSCJAG00000085672
ENSMUSG00000062248,ENSCJAG00000044458
ENSMUSG00000062248,ENSCJAG00000082907
ENSMUSG00000094862,ENSCJAG00000078829
ENSMUSG00000094862,ENSCJAG00000076412
ENSMUSG00000094862,ENSCJAG00000082872
ENSMUSG00000094862,ENSCJAG00000075647
ENSMUSG00000094862,ENSCJAG00000077463
ENSMUSG00000094862,ENSCJAG00000082480
ENSMUSG00000094862,ENSCJAG00000072999
ENSMUSG00000094862,ENSCJAG00000080397
ENSMUSG00000094862,ENSCJAG00000044155
ENSMUSG00000094862,ENSCJAG00000072566
ENSMUSG00000094862,ENSCJAG00000074685
ENSMUSG00000094862,ENSCJAG00000073570
ENSMUSG00000094862,ENSCJAG00000069729
ENSMUSG00000094862,ENSCJAG00000080709
ENSMUSG00000094862,ENSCJAG00000057942
ENSMUSG00000094862,ENSCJAG00000071911
ENSMUSG00000094862,ENSCJAG00000072663
ENSMUSG00000094862,ENSCJAG00000067041
ENSMUSG00000094862,ENSCJAG00000074322
ENSMUSG00000094862,ENSCJAG00000084680
ENSMUSG00000094862,ENSCJAG00000076210
ENSMUSG00000094862,ENSCJAG00000085672
ENSMUSG00000064672,ENSCJAG00000074823
ENSMUSG00000064672,ENSCJAG00000072965
ENSMUSG00000064672,ENSCJAG00000082692
ENSMUSG00000021710,ENSCJAG00000015865
ENSMUSG00000104452,ENSCJAG00000085585
ENSMUSG00000104452,ENSCJAG00000073412
ENSMUSG00000095889,ENSCJAG00000078829
ENSMUSG00000095889,ENSCJAG00000076412
ENSMUSG00000095889,ENSCJAG00000082872
ENSMUSG00000095889,ENSCJAG00000075647
ENSMUSG00000095889,ENSCJAG00000077463
ENSMUSG00000095889,ENSCJAG00000082480
ENSMUSG00000095889,ENSCJAG00000072999
ENSMUSG00000095889,ENSCJAG00000080397
ENSMUSG00000095889,ENSCJAG00000044155
ENSMUSG00000095889,ENSCJAG00000072566
ENSMUSG00000095889,ENSCJAG00000074685
ENSMUSG00000095889,ENSCJAG00000073570
ENSMUSG00000095889,ENSCJAG00000069729
ENSMUSG00000095889,ENSCJAG00000080709
ENSMUSG00000095889,ENSCJAG00000057942
ENSMUSG00000095889,ENSCJAG00000071911
ENSMUSG00000095889,ENSCJAG00000072663
ENSMUSG00000095889,ENSCJAG00000067041
ENSMUSG00000095889,ENSCJAG00000074322
ENSMUSG00000095889,ENSCJAG00000084680
ENSMUSG00000095889,ENSCJAG00000076210
ENSMUSG00000095889,ENSCJAG00000085672
ENSMUSG00000062906,ENSCJAG00000003337
ENSMUSG00000031723,ENSCJAG00000015100
ENSMUSG00000020121,ENSCJAG00000014842
ENSMUSG00000075701,ENSCJAG00000017258
ENSMUSG00000094087,ENSCJAG00000078829
ENSMUSG00000094087,ENSCJAG00000076412
ENSMUSG00000094087,ENSCJAG00000082872
ENSMUSG00000094087,ENSCJAG00000075647
ENSMUSG00000094087,ENSCJAG00000077463
ENSMUSG00000094087,ENSCJAG00000082480
ENSMUSG00000094087,ENSCJAG00000072999
ENSMUSG00000094087,ENSCJAG00000080397
ENSMUSG00000094087,ENSCJAG00000044155
ENSMUSG00000094087,ENSCJAG00000072566
ENSMUSG00000094087,ENSCJAG00000074685
ENSMUSG00000094087,ENSCJAG00000073570
ENSMUSG00000094087,ENSCJAG00000069729
ENSMUSG00000094087,ENSCJAG00000080709
ENSMUSG00000094087,ENSCJAG00000057942
ENSMUSG00000094087,ENSCJAG00000071911
ENSMUSG00000094087,ENSCJAG00000072663
ENSMUSG00000094087,ENSCJAG00000067041
ENSMUSG00000094087,ENSCJAG00000074322
ENSMUSG00000094087,ENSCJAG00000084680
ENSMUSG00000094087,ENSCJAG00000076210
ENSMUSG00000094087,ENSCJAG00000085672
ENSMUSG00000102313,ENSCJAG00000078829
ENSMUSG00000102313,ENSCJAG00000076412
ENSMUSG00000102313,ENSCJAG00000082872
ENSMUSG00000102313,ENSCJAG00000075647
ENSMUSG00000102313,ENSCJAG00000077463
ENSMUSG00000102313,ENSCJAG00000082480
ENSMUSG00000102313,ENSCJAG00000072999
ENSMUSG00000102313,ENSCJAG00000080397
ENSMUSG00000102313,ENSCJAG00000044155
ENSMUSG00000102313,ENSCJAG00000072566
ENSMUSG00000102313,ENSCJAG00000074685
ENSMUSG00000102313,ENSCJAG00000073570
ENSMUSG00000102313,ENSCJAG00000069729
ENSMUSG00000102313,ENSCJAG00000080709
ENSMUSG00000102313,ENSCJAG00000057942
ENSMUSG00000102313,ENSCJAG00000071911
ENSMUSG00000102313,ENSCJAG00000072663
ENSMUSG00000102313,ENSCJAG00000067041
ENSMUSG00000102313,ENSCJAG00000074322
ENSMUSG00000102313,ENSCJAG00000084680
ENSMUSG00000102313,ENSCJAG00000076210
ENSMUSG00000102313,ENSCJAG00000085672
ENSMUSG00000038515,ENSCJAG00000006915
ENSMUSG00000042662,ENSCJAG00000020772
ENSMUSG00000096078,ENSCJAG00000078829
ENSMUSG00000096078,ENSCJAG00000076412
ENSMUSG00000096078,ENSCJAG00000082872
ENSMUSG00000096078,ENSCJAG00000075647
ENSMUSG00000096078,ENSCJAG00000077463
ENSMUSG00000096078,ENSCJAG00000082480
ENSMUSG00000096078,ENSCJAG00000072999
ENSMUSG00000096078,ENSCJAG00000080397
ENSMUSG00000096078,ENSCJAG00000044155
ENSMUSG00000096078,ENSCJAG00000072566
ENSMUSG00000096078,ENSCJAG00000074685
ENSMUSG00000096078,ENSCJAG00000073570
ENSMUSG00000096078,ENSCJAG00000069729
ENSMUSG00000096078,ENSCJAG00000080709
ENSMUSG00000096078,ENSCJAG00000057942
ENSMUSG00000096078,ENSCJAG00000071911
ENSMUSG00000096078,ENSCJAG00000072663
ENSMUSG00000096078,ENSCJAG00000067041
ENSMUSG00000096078,ENSCJAG00000074322
ENSMUSG00000096078,ENSCJAG00000084680
ENSMUSG00000096078,ENSCJAG00000076210
ENSMUSG00000096078,ENSCJAG00000085672
ENSMUSG00000096767,ENSCJAG00000078829
ENSMUSG00000096767,ENSCJAG00000076412
ENSMUSG00000096767,ENSCJAG00000082872
ENSMUSG00000096767,ENSCJAG00000075647
ENSMUSG00000096767,ENSCJAG00000077463
ENSMUSG00000096767,ENSCJAG00000082480
ENSMUSG00000096767,ENSCJAG00000072999
ENSMUSG00000096767,ENSCJAG00000080397
ENSMUSG00000096767,ENSCJAG00000044155
ENSMUSG00000096767,ENSCJAG00000072566
ENSMUSG00000096767,ENSCJAG00000074685
ENSMUSG00000096767,ENSCJAG00000073570
ENSMUSG00000096767,ENSCJAG00000069729
ENSMUSG00000096767,ENSCJAG00000080709
ENSMUSG00000096767,ENSCJAG00000057942
ENSMUSG00000096767,ENSCJAG00000071911
ENSMUSG00000096767,ENSCJAG00000072663
ENSMUSG00000096767,ENSCJAG00000067041
ENSMUSG00000096767,ENSCJAG00000074322
ENSMUSG00000096767,ENSCJAG00000084680
ENSMUSG00000096767,ENSCJAG00000076210
ENSMUSG00000096767,ENSCJAG00000085672
ENSMUSG00000089127,ENSCJAG00000032794
ENSMUSG00000070108,ENSCJAG00000052516
ENSMUSG00000065398,ENSCJAG00000030572
ENSMUSG00000070139,ENSCJAG00000026634
ENSMUSG00000046269,ENSCJAG00000002942
ENSMUSG00000095117,ENSCJAG00000085585
ENSMUSG00000095117,ENSCJAG00000073412
ENSMUSG00000038997,ENSCJAG00000006817
ENSMUSG00000024091,ENSCJAG00000004552
ENSMUSG00000021066,ENSCJAG00000006480
ENSMUSG00000032640,ENSCJAG00000058237
ENSMUSG00000042684,ENSCJAG00000004793
ENSMUSG00000033460,ENSCJAG00000019667
ENSMUSG00000024491,ENSCJAG00000021308
ENSMUSG00000039735,ENSCJAG00000017821
ENSMUSG00000035139,ENSCJAG00000007806
ENSMUSG00000039117,ENSCJAG00000014438
ENSMUSG00000101337,ENSCJAG00000003569
ENSMUSG00000050612,ENSCJAG00000085038
ENSMUSG00000020463,ENSCJAG00000009837
ENSMUSG00000056515,ENSCJAG00000048382
ENSMUSG00000056515,ENSCJAG00000074368
ENSMUSG00000034620,ENSCJAG00000066329
ENSMUSG00000096672,ENSCJAG00000078829
ENSMUSG00000096672,ENSCJAG00000076412
ENSMUSG00000096672,ENSCJAG00000082872
ENSMUSG00000096672,ENSCJAG00000075647
ENSMUSG00000096672,ENSCJAG00000077463
ENSMUSG00000096672,ENSCJAG00000082480
ENSMUSG00000096672,ENSCJAG00000072999
ENSMUSG00000096672,ENSCJAG00000080397
ENSMUSG00000096672,ENSCJAG00000044155
ENSMUSG00000096672,ENSCJAG00000072566
ENSMUSG00000096672,ENSCJAG00000074685
ENSMUSG00000096672,ENSCJAG00000073570
ENSMUSG00000096672,ENSCJAG00000069729
ENSMUSG00000096672,ENSCJAG00000080709
ENSMUSG00000096672,ENSCJAG00000057942
ENSMUSG00000096672,ENSCJAG00000071911
ENSMUSG00000096672,ENSCJAG00000072663
ENSMUSG00000096672,ENSCJAG00000067041
ENSMUSG00000096672,ENSCJAG00000074322
ENSMUSG00000096672,ENSCJAG00000084680
ENSMUSG00000096672,ENSCJAG00000076210
ENSMUSG00000096672,ENSCJAG00000085672
ENSMUSG00000015133,ENSCJAG00000017202
ENSMUSG00000094088,ENSCJAG00000078829
ENSMUSG00000094088,ENSCJAG00000076412
ENSMUSG00000094088,ENSCJAG00000082872
ENSMUSG00000094088,ENSCJAG00000075647
ENSMUSG00000094088,ENSCJAG00000077463
ENSMUSG00000094088,ENSCJAG00000082480
ENSMUSG00000094088,ENSCJAG00000072999
ENSMUSG00000094088,ENSCJAG00000080397
ENSMUSG00000094088,ENSCJAG00000044155
ENSMUSG00000094088,ENSCJAG00000072566
ENSMUSG00000094088,ENSCJAG00000074685
ENSMUSG00000094088,ENSCJAG00000073570
ENSMUSG00000094088,ENSCJAG00000069729
ENSMUSG00000094088,ENSCJAG00000080709
ENSMUSG00000094088,ENSCJAG00000057942
ENSMUSG00000094088,ENSCJAG00000071911
ENSMUSG00000094088,ENSCJAG00000072663
ENSMUSG00000094088,ENSCJAG00000067041
ENSMUSG00000094088,ENSCJAG00000074322
ENSMUSG00000094088,ENSCJAG00000084680
ENSMUSG00000094088,ENSCJAG00000076210
ENSMUSG00000094088,ENSCJAG00000085672
ENSMUSG00000061950,ENSCJAG00000004459
ENSMUSG00000033054,ENSCJAG00000010132
ENSMUSG00000021067,ENSCJAG00000006590
ENSMUSG00000030268,ENSCJAG00000044064
ENSMUSG00000038481,ENSCJAG00000005299
ENSMUSG00000025986,ENSCJAG00000003534
ENSMUSG00000039108,ENSCJAG00000014434
ENSMUSG00000050394,ENSCJAG00000019673
ENSMUSG00000095170,ENSCJAG00000085585
ENSMUSG00000095170,ENSCJAG00000073412
ENSMUSG00000038372,ENSCJAG00000019610
ENSMUSG00002075853,ENSCJAG00000032916
ENSMUSG00002075853,ENSCJAG00000079138
ENSMUSG00000031722,ENSCJAG00000015091
ENSMUSG00000095519,ENSCJAG00000078829
ENSMUSG00000095519,ENSCJAG00000076412
ENSMUSG00000095519,ENSCJAG00000082872
ENSMUSG00000095519,ENSCJAG00000075647
ENSMUSG00000095519,ENSCJAG00000077463
ENSMUSG00000095519,ENSCJAG00000082480
ENSMUSG00000095519,ENSCJAG00000072999
ENSMUSG00000095519,ENSCJAG00000080397
ENSMUSG00000095519,ENSCJAG00000044155
ENSMUSG00000095519,ENSCJAG00000072566
ENSMUSG00000095519,ENSCJAG00000074685
ENSMUSG00000095519,ENSCJAG00000073570
ENSMUSG00000095519,ENSCJAG00000069729
ENSMUSG00000095519,ENSCJAG00000080709
ENSMUSG00000095519,ENSCJAG00000057942
ENSMUSG00000095519,ENSCJAG00000071911
ENSMUSG00000095519,ENSCJAG00000072663
ENSMUSG00000095519,ENSCJAG00000067041
ENSMUSG00000095519,ENSCJAG00000074322
ENSMUSG00000095519,ENSCJAG00000084680
ENSMUSG00000095519,ENSCJAG00000076210
ENSMUSG00000095519,ENSCJAG00000085672
ENSMUSG00000095863,ENSCJAG00000078829
ENSMUSG00000095863,ENSCJAG00000076412
ENSMUSG00000095863,ENSCJAG00000082872
ENSMUSG00000095863,ENSCJAG00000075647
ENSMUSG00000095863,ENSCJAG00000077463
ENSMUSG00000095863,ENSCJAG00000082480
ENSMUSG00000095863,ENSCJAG00000072999
ENSMUSG00000095863,ENSCJAG00000080397
ENSMUSG00000095863,ENSCJAG00000044155
ENSMUSG00000095863,ENSCJAG00000072566
ENSMUSG00000095863,ENSCJAG00000074685
ENSMUSG00000095863,ENSCJAG00000073570
ENSMUSG00000095863,ENSCJAG00000069729
ENSMUSG00000095863,ENSCJAG00000080709
ENSMUSG00000095863,ENSCJAG00000057942
ENSMUSG00000095863,ENSCJAG00000071911
ENSMUSG00000095863,ENSCJAG00000072663
ENSMUSG00000095863,ENSCJAG00000067041
ENSMUSG00000095863,ENSCJAG00000074322
ENSMUSG00000095863,ENSCJAG00000084680
ENSMUSG00000095863,ENSCJAG00000076210
ENSMUSG00000095863,ENSCJAG00000085672
ENSMUSG00000005125,ENSCJAG00000004715
ENSMUSG00000039556,ENSCJAG00000002866
ENSMUSG00000096577,ENSCJAG00000078829
ENSMUSG00000096577,ENSCJAG00000076412
ENSMUSG00000096577,ENSCJAG00000082872
ENSMUSG00000096577,ENSCJAG00000075647
ENSMUSG00000096577,ENSCJAG00000077463
ENSMUSG00000096577,ENSCJAG00000082480
ENSMUSG00000096577,ENSCJAG00000072999
ENSMUSG00000096577,ENSCJAG00000080397
ENSMUSG00000096577,ENSCJAG00000044155
ENSMUSG00000096577,ENSCJAG00000072566
ENSMUSG00000096577,ENSCJAG00000074685
ENSMUSG00000096577,ENSCJAG00000073570
ENSMUSG00000096577,ENSCJAG00000069729
ENSMUSG00000096577,ENSCJAG00000080709
ENSMUSG00000096577,ENSCJAG00000057942
ENSMUSG00000096577,ENSCJAG00000071911
ENSMUSG00000096577,ENSCJAG00000072663
ENSMUSG00000096577,ENSCJAG00000067041
ENSMUSG00000096577,ENSCJAG00000074322
ENSMUSG00000096577,ENSCJAG00000084680
ENSMUSG00000096577,ENSCJAG00000076210
ENSMUSG00000096577,ENSCJAG00000085672
ENSMUSG00000038291,ENSCJAG00000005873
ENSMUSG00000027566,ENSCJAG00000014419
ENSMUSG00000096074,ENSCJAG00000078829
ENSMUSG00000096074,ENSCJAG00000076412
ENSMUSG00000096074,ENSCJAG00000082872
ENSMUSG00000096074,ENSCJAG00000075647
ENSMUSG00000096074,ENSCJAG00000077463
ENSMUSG00000096074,ENSCJAG00000082480
ENSMUSG00000096074,ENSCJAG00000072999
ENSMUSG00000096074,ENSCJAG00000080397
ENSMUSG00000096074,ENSCJAG00000044155
ENSMUSG00000096074,ENSCJAG00000072566
ENSMUSG00000096074,ENSCJAG00000074685
ENSMUSG00000096074,ENSCJAG00000073570
ENSMUSG00000096074,ENSCJAG00000069729
ENSMUSG00000096074,ENSCJAG00000080709
ENSMUSG00000096074,ENSCJAG00000057942
ENSMUSG00000096074,ENSCJAG00000071911
ENSMUSG00000096074,ENSCJAG00000072663
ENSMUSG00000096074,ENSCJAG00000067041
ENSMUSG00000096074,ENSCJAG00000074322
ENSMUSG00000096074,ENSCJAG00000084680
ENSMUSG00000096074,ENSCJAG00000076210
ENSMUSG00000096074,ENSCJAG00000085672
ENSMUSG00000042743,ENSCJAG00000015847
ENSMUSG00000076733,ENSCJAG00000085585
ENSMUSG00000076733,ENSCJAG00000073412
ENSMUSG00000038150,ENSCJAG00000083107
ENSMUSG00000056763,ENSCJAG00000004674
ENSMUSG00000096020,ENSCJAG00000078829
ENSMUSG00000096020,ENSCJAG00000076412
ENSMUSG00000096020,ENSCJAG00000082872
ENSMUSG00000096020,ENSCJAG00000075647
ENSMUSG00000096020,ENSCJAG00000077463
ENSMUSG00000096020,ENSCJAG00000082480
ENSMUSG00000096020,ENSCJAG00000072999
ENSMUSG00000096020,ENSCJAG00000080397
ENSMUSG00000096020,ENSCJAG00000044155
ENSMUSG00000096020,ENSCJAG00000072566
ENSMUSG00000096020,ENSCJAG00000074685
ENSMUSG00000096020,ENSCJAG00000073570
ENSMUSG00000096020,ENSCJAG00000069729
ENSMUSG00000096020,ENSCJAG00000080709
ENSMUSG00000096020,ENSCJAG00000057942
ENSMUSG00000096020,ENSCJAG00000071911
ENSMUSG00000096020,ENSCJAG00000072663
ENSMUSG00000096020,ENSCJAG00000067041
ENSMUSG00000096020,ENSCJAG00000074322
ENSMUSG00000096020,ENSCJAG00000084680
ENSMUSG00000096020,ENSCJAG00000076210
ENSMUSG00000096020,ENSCJAG00000085672
ENSMUSG00000020462,ENSCJAG00000009868
ENSMUSG00000039086,ENSCJAG00000014377
ENSMUSG00000049047,ENSCJAG00000039375
ENSMUSG00000027716,ENSCJAG00000002975
ENSMUSG00000093896,ENSCJAG00000078829
ENSMUSG00000093896,ENSCJAG00000076412
ENSMUSG00000093896,ENSCJAG00000082872
ENSMUSG00000093896,ENSCJAG00000075647
ENSMUSG00000093896,ENSCJAG00000077463
ENSMUSG00000093896,ENSCJAG00000082480
ENSMUSG00000093896,ENSCJAG00000072999
ENSMUSG00000093896,ENSCJAG00000080397
ENSMUSG00000093896,ENSCJAG00000044155
ENSMUSG00000093896,ENSCJAG00000072566
ENSMUSG00000093896,ENSCJAG00000074685
ENSMUSG00000093896,ENSCJAG00000073570
ENSMUSG00000093896,ENSCJAG00000069729
ENSMUSG00000093896,ENSCJAG00000080709
ENSMUSG00000093896,ENSCJAG00000057942
ENSMUSG00000093896,ENSCJAG00000071911
ENSMUSG00000093896,ENSCJAG00000072663
ENSMUSG00000093896,ENSCJAG00000067041
ENSMUSG00000093896,ENSCJAG00000074322
ENSMUSG00000093896,ENSCJAG00000084680
ENSMUSG00000093896,ENSCJAG00000076210
ENSMUSG00000093896,ENSCJAG00000085672
ENSMUSG00000024497,ENSCJAG00000081093
ENSMUSG00000020123,ENSCJAG00000006111
ENSMUSG00000096452,ENSCJAG00000078829
ENSMUSG00000096452,ENSCJAG00000076412
ENSMUSG00000096452,ENSCJAG00000082872
ENSMUSG00000096452,ENSCJAG00000075647
ENSMUSG00000096452,ENSCJAG00000077463
ENSMUSG00000096452,ENSCJAG00000082480
ENSMUSG00000096452,ENSCJAG00000072999
ENSMUSG00000096452,ENSCJAG00000080397
ENSMUSG00000096452,ENSCJAG00000044155
ENSMUSG00000096452,ENSCJAG00000072566
ENSMUSG00000096452,ENSCJAG00000074685
ENSMUSG00000096452,ENSCJAG00000073570
ENSMUSG00000096452,ENSCJAG00000069729
ENSMUSG00000096452,ENSCJAG00000080709
ENSMUSG00000096452,ENSCJAG00000057942
ENSMUSG00000096452,ENSCJAG00000071911
ENSMUSG00000096452,ENSCJAG00000072663
ENSMUSG00000096452,ENSCJAG00000067041
ENSMUSG00000096452,ENSCJAG00000074322
ENSMUSG00000096452,ENSCJAG00000084680
ENSMUSG00000096452,ENSCJAG00000076210
ENSMUSG00000096452,ENSCJAG00000085672
ENSMUSG00000096326,ENSCJAG00000078829
ENSMUSG00000096326,ENSCJAG00000076412
ENSMUSG00000096326,ENSCJAG00000082872
ENSMUSG00000096326,ENSCJAG00000075647
ENSMUSG00000096326,ENSCJAG00000077463
ENSMUSG00000096326,ENSCJAG00000082480
ENSMUSG00000096326,ENSCJAG00000072999
ENSMUSG00000096326,ENSCJAG00000080397
ENSMUSG00000096326,ENSCJAG00000044155
ENSMUSG00000096326,ENSCJAG00000072566
ENSMUSG00000096326,ENSCJAG00000074685
ENSMUSG00000096326,ENSCJAG00000073570
ENSMUSG00000096326,ENSCJAG00000069729
ENSMUSG00000096326,ENSCJAG00000080709
ENSMUSG00000096326,ENSCJAG00000057942
ENSMUSG00000096326,ENSCJAG00000071911
ENSMUSG00000096326,ENSCJAG00000072663
ENSMUSG00000096326,ENSCJAG00000067041
ENSMUSG00000096326,ENSCJAG00000074322
ENSMUSG00000096326,ENSCJAG00000084680
ENSMUSG00000096326,ENSCJAG00000076210
ENSMUSG00000096326,ENSCJAG00000085672
ENSMUSG00000024498,ENSCJAG00000021301
ENSMUSG00000019834,ENSCJAG00000005357
ENSMUSG00000044951,ENSCJAG00000032058
ENSMUSG00000039069,ENSCJAG00000014360
ENSMUSG00000021012,ENSCJAG00000017345
ENSMUSG00000064224,ENSCJAG00000000318
ENSMUSG00000031309,ENSCJAG00000005239
ENSMUSG00000027998,ENSCJAG00000001846
ENSMUSG00000021400,ENSCJAG00000019628
ENSMUSG00000074673,ENSCJAG00000020768
ENSMUSG00000034613,ENSCJAG00000006123
ENSMUSG00000017211,ENSCJAG00000000318
ENSMUSG00000015134,ENSCJAG00000017159
ENSMUSG00000030089,ENSCJAG00000006850
ENSMUSG00000048612,ENSCJAG00000008827
ENSMUSG00000021451,ENSCJAG00000007883
ENSMUSG00000017204,ENSCJAG00000000318
ENSMUSG00000031448,ENSCJAG00000075654
ENSMUSG00000017221,ENSCJAG00000041751
ENSMUSG00000034312,ENSCJAG00000016781
ENSMUSG00000030509,ENSCJAG00000017150
ENSMUSG00000022610,ENSCJAG00000003322
ENSMUSG00000024096,ENSCJAG00000004430
ENSMUSG00000032343,ENSCJAG00000010664
ENSMUSG00000031730,ENSCJAG00000015085
ENSMUSG00000102692,ENSCJAG00000064074
ENSMUSG00000063428,ENSCJAG00000035740
ENSMUSG00000038067,ENSCJAG00000069447
ENSMUSG00000038067,ENSCJAG00000017435
ENSMUSG00000005493,ENSCJAG00000006791
ENSMUSG00000001773,ENSCJAG00000000784
ENSMUSG00000032740,ENSCJAG00000009891
ENSMUSG00000025370,ENSCJAG00000007662
ENSMUSG00000044734,ENSCJAG00000041877
ENSMUSG00000031631,ENSCJAG00000005867
ENSMUSG00000067194,ENSCJAG00000054495
ENSMUSG00000067194,ENSCJAG00000077946
ENSMUSG00000065406,ENSCJAG00000028706
ENSMUSG00000045555,ENSCJAG00000005395
ENSMUSG00000053137,ENSCJAG00000078559
ENSMUSG00000021453,ENSCJAG00000075792
ENSMUSG00000026657,ENSCJAG00000009404
ENSMUSG00000038446,ENSCJAG00000005410
ENSMUSG00000024098,ENSCJAG00000040675
ENSMUSG00000079049,ENSCJAG00000041877
ENSMUSG00000049511,ENSCJAG00000022374
ENSMUSG00000030263,ENSCJAG00000047139
ENSMUSG00000043289,ENSCJAG00000034767
ENSMUSG00000047842,ENSCJAG00000039042
ENSMUSG00000031633,ENSCJAG00000076040
ENSMUSG00000013846,ENSCJAG00000005232
ENSMUSG00000042842,ENSCJAG00000047812
ENSMUSG00000042842,ENSCJAG00000010562
ENSMUSG00000034647,ENSCJAG00000045973
ENSMUSG00000041020,ENSCJAG00000005383
ENSMUSG00000036087,ENSCJAG00000042883
ENSMUSG00000019831,ENSCJAG00000005488
ENSMUSG00000047171,ENSCJAG00000005863
ENSMUSG00000032116,ENSCJAG00000008400
ENSMUSG00000053091,ENSCJAG00000017135
ENSMUSG00000038506,ENSCJAG00000038309
ENSMUSG00000045827,ENSCJAG00000042376
ENSMUSG00000022321,ENSCJAG00000011702
ENSMUSG00000046922,ENSCJAG00000005525
ENSMUSG00000038417,ENSCJAG00000005542
ENSMUSG00000041617,ENSCJAG00000010676
ENSMUSG00000042816,ENSCJAG00000021711
ENSMUSG00002076468,ENSCJAG00000071179
ENSMUSG00000024099,ENSCJAG00000004307
ENSMUSG00000024500,ENSCJAG00000021299
ENSMUSG00000021711,ENSCJAG00000015812
ENSMUSG00000046079,ENSCJAG00000001919
ENSMUSG00000032673,ENSCJAG00000022366
ENSMUSG00000094075,ENSCJAG00000078829
ENSMUSG00000094075,ENSCJAG00000076412
ENSMUSG00000094075,ENSCJAG00000082872
ENSMUSG00000094075,ENSCJAG00000075647
ENSMUSG00000094075,ENSCJAG00000077463
ENSMUSG00000094075,ENSCJAG00000082480
ENSMUSG00000094075,ENSCJAG00000072999
ENSMUSG00000094075,ENSCJAG00000080397
ENSMUSG00000094075,ENSCJAG00000044155
ENSMUSG00000094075,ENSCJAG00000072566
ENSMUSG00000094075,ENSCJAG00000074685
ENSMUSG00000094075,ENSCJAG00000073570
ENSMUSG00000094075,ENSCJAG00000069729
ENSMUSG00000094075,ENSCJAG00000080709
ENSMUSG00000094075,ENSCJAG00000057942
ENSMUSG00000094075,ENSCJAG00000071911
ENSMUSG00000094075,ENSCJAG00000072663
ENSMUSG00000094075,ENSCJAG00000067041
ENSMUSG00000094075,ENSCJAG00000074322
ENSMUSG00000094075,ENSCJAG00000084680
ENSMUSG00000094075,ENSCJAG00000076210
ENSMUSG00000094075,ENSCJAG00000085672
ENSMUSG00000050315,ENSCJAG00000003271
ENSMUSG00000094689,ENSCJAG00000078829
ENSMUSG00000094689,ENSCJAG00000076412
ENSMUSG00000094689,ENSCJAG00000082872
ENSMUSG00000094689,ENSCJAG00000075647
ENSMUSG00000094689,ENSCJAG00000077463
ENSMUSG00000094689,ENSCJAG00000082480
ENSMUSG00000094689,ENSCJAG00000072999
ENSMUSG00000094689,ENSCJAG00000080397
ENSMUSG00000094689,ENSCJAG00000044155
ENSMUSG00000094689,ENSCJAG00000072566
ENSMUSG00000094689,ENSCJAG00000074685
ENSMUSG00000094689,ENSCJAG00000073570
ENSMUSG00000094689,ENSCJAG00000069729
ENSMUSG00000094689,ENSCJAG00000080709
ENSMUSG00000094689,ENSCJAG00000057942
ENSMUSG00000094689,ENSCJAG00000071911
ENSMUSG00000094689,ENSCJAG00000072663
ENSMUSG00000094689,ENSCJAG00000067041
ENSMUSG00000094689,ENSCJAG00000074322
ENSMUSG00000094689,ENSCJAG00000084680
ENSMUSG00000094689,ENSCJAG00000076210
ENSMUSG00000094689,ENSCJAG00000085672
ENSMUSG00000091415,ENSCJAG00000005643
ENSMUSG00000020758,ENSCJAG00000014116
ENSMUSG00000022335,ENSCJAG00000004348
ENSMUSG00000095127,ENSCJAG00000078829
ENSMUSG00000095127,ENSCJAG00000076412
ENSMUSG00000095127,ENSCJAG00000082872
ENSMUSG00000095127,ENSCJAG00000075647
ENSMUSG00000095127,ENSCJAG00000077463
ENSMUSG00000095127,ENSCJAG00000082480
ENSMUSG00000095127,ENSCJAG00000072999
ENSMUSG00000095127,ENSCJAG00000080397
ENSMUSG00000095127,ENSCJAG00000044155
ENSMUSG00000095127,ENSCJAG00000072566
ENSMUSG00000095127,ENSCJAG00000074685
ENSMUSG00000095127,ENSCJAG00000073570
ENSMUSG00000095127,ENSCJAG00000069729
ENSMUSG00000095127,ENSCJAG00000080709
ENSMUSG00000095127,ENSCJAG00000057942
ENSMUSG00000095127,ENSCJAG00000071911
ENSMUSG00000095127,ENSCJAG00000072663
ENSMUSG00000095127,ENSCJAG00000067041
ENSMUSG00000095127,ENSCJAG00000074322
ENSMUSG00000095127,ENSCJAG00000084680
ENSMUSG00000095127,ENSCJAG00000076210
ENSMUSG00000095127,ENSCJAG00000085672
ENSMUSG00000035356,ENSCJAG00000000465
ENSMUSG00000119364,ENSCJAG00000082276
ENSMUSG00000089026,ENSCJAG00000084314
ENSMUSG00000024101,ENSCJAG00000006744
ENSMUSG00000038497,ENSCJAG00000006931
ENSMUSG00000034602,ENSCJAG00000006144
ENSMUSG00000094940,ENSCJAG00000078829
ENSMUSG00000094940,ENSCJAG00000076412
ENSMUSG00000094940,ENSCJAG00000082872
ENSMUSG00000094940,ENSCJAG00000075647
ENSMUSG00000094940,ENSCJAG00000077463
ENSMUSG00000094940,ENSCJAG00000082480
ENSMUSG00000094940,ENSCJAG00000072999
ENSMUSG00000094940,ENSCJAG00000080397
ENSMUSG00000094940,ENSCJAG00000044155
ENSMUSG00000094940,ENSCJAG00000072566
ENSMUSG00000094940,ENSCJAG00000074685
ENSMUSG00000094940,ENSCJAG00000073570
ENSMUSG00000094940,ENSCJAG00000069729
ENSMUSG00000094940,ENSCJAG00000080709
ENSMUSG00000094940,ENSCJAG00000057942
ENSMUSG00000094940,ENSCJAG00000071911
ENSMUSG00000094940,ENSCJAG00000072663
ENSMUSG00000094940,ENSCJAG00000067041
ENSMUSG00000094940,ENSCJAG00000074322
ENSMUSG00000094940,ENSCJAG00000084680
ENSMUSG00000094940,ENSCJAG00000076210
ENSMUSG00000094940,ENSCJAG00000085672
ENSMUSG00000015112,ENSCJAG00000000554
ENSMUSG00000029290,ENSCJAG00000001897
ENSMUSG00000039234,ENSCJAG00000003283
ENSMUSG00000096150,ENSCJAG00000078829
ENSMUSG00000096150,ENSCJAG00000076412
ENSMUSG00000096150,ENSCJAG00000082872
ENSMUSG00000096150,ENSCJAG00000075647
ENSMUSG00000096150,ENSCJAG00000077463
ENSMUSG00000096150,ENSCJAG00000082480
ENSMUSG00000096150,ENSCJAG00000072999
ENSMUSG00000096150,ENSCJAG00000080397
ENSMUSG00000096150,ENSCJAG00000044155
ENSMUSG00000096150,ENSCJAG00000072566
ENSMUSG00000096150,ENSCJAG00000074685
ENSMUSG00000096150,ENSCJAG00000073570
ENSMUSG00000096150,ENSCJAG00000069729
ENSMUSG00000096150,ENSCJAG00000080709
ENSMUSG00000096150,ENSCJAG00000057942
ENSMUSG00000096150,ENSCJAG00000071911
ENSMUSG00000096150,ENSCJAG00000072663
ENSMUSG00000096150,ENSCJAG00000067041
ENSMUSG00000096150,ENSCJAG00000074322
ENSMUSG00000096150,ENSCJAG00000084680
ENSMUSG00000096150,ENSCJAG00000076210
ENSMUSG00000096150,ENSCJAG00000085672
ENSMUSG00000044150,ENSCJAG00000045691
ENSMUSG00000030510,ENSCJAG00000017114
ENSMUSG00000011171,ENSCJAG00000014084
ENSMUSG00000042671,ENSCJAG00000004758
ENSMUSG00000058145,ENSCJAG00000017094
ENSMUSG00000035842,ENSCJAG00000005153
ENSMUSG00000018796,ENSCJAG00000005780
ENSMUSG00000039954,ENSCJAG00000021297
ENSMUSG00000050511,ENSCJAG00000009824
ENSMUSG00000036198,ENSCJAG00000014442
ENSMUSG00000042195,ENSCJAG00000038166
ENSMUSG00000040025,ENSCJAG00000009804
ENSMUSG00000051166,ENSCJAG00000017438
ENSMUSG00000088760,ENSCJAG00000030577
ENSMUSG00000032251,ENSCJAG00000010684
ENSMUSG00000119467,ENSCJAG00000074202
ENSMUSG00000119467,ENSCJAG00000078849
ENSMUSG00000119467,ENSCJAG00000082810
ENSMUSG00000036606,ENSCJAG00000003197
ENSMUSG00000038780,ENSCJAG00000046325
ENSMUSG00000028901,ENSCJAG00000009754
ENSMUSG00000074345,ENSCJAG00000065209
ENSMUSG00000043831,ENSCJAG00000046782
ENSMUSG00000032274,ENSCJAG00000001188
ENSMUSG00000024501,ENSCJAG00000021289
ENSMUSG00000056737,ENSCJAG00000041726
ENSMUSG00000046167,ENSCJAG00000001160
ENSMUSG00000039521,ENSCJAG00000002813
ENSMUSG00000030562,ENSCJAG00000000704
ENSMUSG00000024989,ENSCJAG00000033299
ENSMUSG00000026109,ENSCJAG00000003484
ENSMUSG00000021457,ENSCJAG00000005666
ENSMUSG00000028899,ENSCJAG00000009742
ENSMUSG00000032253,ENSCJAG00000010691
ENSMUSG00000052105,ENSCJAG00000004279
ENSMUSG00000089687,ENSCJAG00000009733
ENSMUSG00000064604,ENSCJAG00000030212
ENSMUSG00000064949,ENSCJAG00000027160
ENSMUSG00000064949,ENSCJAG00000027262
ENSMUSG00000080615,ENSCJAG00000064058
ENSMUSG00000028898,ENSCJAG00000009717
ENSMUSG00000022043,ENSCJAG00000019863
ENSMUSG00000026475,ENSCJAG00000073390
ENSMUSG00000045954,ENSCJAG00000065456
ENSMUSG00000066800,ENSCJAG00000004725
ENSMUSG00000038482,ENSCJAG00000077811
ENSMUSG00000022044,ENSCJAG00000019866
ENSMUSG00000021013,ENSCJAG00000017543
ENSMUSG00000054200,ENSCJAG00000009157
ENSMUSG00000021403,ENSCJAG00000042376
ENSMUSG00000024990,ENSCJAG00000009170
ENSMUSG00000065476,ENSCJAG00000025199
ENSMUSG00000075033,ENSCJAG00000000487
ENSMUSG00000064731,ENSCJAG00000070111
ENSMUSG00000022604,ENSCJAG00000000493
ENSMUSG00000065738,ENSCJAG00000029945
ENSMUSG00000065738,ENSCJAG00000025999
ENSMUSG00000065463,ENSCJAG00000052828
ENSMUSG00000065463,ENSCJAG00000025524
ENSMUSG00000051029,ENSCJAG00000041877
ENSMUSG00000033767,ENSCJAG00000001931
ENSMUSG00000034384,ENSCJAG00000001885
ENSMUSG00000043424,ENSCJAG00000002412
ENSMUSG00000067851,ENSCJAG00000004730
ENSMUSG00000047565,ENSCJAG00000040134
ENSMUSG00000024502,ENSCJAG00000021276
ENSMUSG00000119259,ENSCJAG00000082843
ENSMUSG00000021404,ENSCJAG00000042376
ENSMUSG00000070733,ENSCJAG00000018669
ENSMUSG00000024992,ENSCJAG00000015570
ENSMUSG00000015377,ENSCJAG00000077008
ENSMUSG00000029754,ENSCJAG00000085344
ENSMUSG00000028559,ENSCJAG00000021574
ENSMUSG00000024503,ENSCJAG00000021274
ENSMUSG00000025558,ENSCJAG00000020855
ENSMUSG00000043541,ENSCJAG00000038718
ENSMUSG00000062762,ENSCJAG00000008390
ENSMUSG00000054266,ENSCJAG00000042376
ENSMUSG00000038791,ENSCJAG00000021268
ENSMUSG00000062342,ENSCJAG00000042376
ENSMUSG00000051329,ENSCJAG00000020260
ENSMUSG00000071858,ENSCJAG00000082790
ENSMUSG00000021712,ENSCJAG00000015796
ENSMUSG00000031449,ENSCJAG00000006956
ENSMUSG00000055561,ENSCJAG00000021245
ENSMUSG00000033713,ENSCJAG00000083898
ENSMUSG00000031450,ENSCJAG00000006957
ENSMUSG00000033278,ENSCJAG00000015472
ENSMUSG00000040420,ENSCJAG00000011808
ENSMUSG00000054237,ENSCJAG00000015574
ENSMUSG00000038457,ENSCJAG00000044914
ENSMUSG00000004651,ENSCJAG00000000698
ENSMUSG00000067242,ENSCJAG00000015588
ENSMUSG00000042029,ENSCJAG00000015156
ENSMUSG00000038608,ENSCJAG00000012521
ENSMUSG00000049583,ENSCJAG00000000695
ENSMUSG00000038327,ENSCJAG00000042376
ENSMUSG00000031629,ENSCJAG00000044593
ENSMUSG00000051050,ENSCJAG00000073560
ENSMUSG00000071452,ENSCJAG00000042376
ENSMUSG00000021713,ENSCJAG00000015769
ENSMUSG00000022601,ENSCJAG00000000499
ENSMUSG00000024472,ENSCJAG00000016536
ENSMUSG00000020124,ENSCJAG00000006305
ENSMUSG00000030091,ENSCJAG00000016795
ENSMUSG00000064675,ENSCJAG00000023818
ENSMUSG00000036800,ENSCJAG00000004293
ENSMUSG00000030560,ENSCJAG00000000679
ENSMUSG00000021585,ENSCJAG00000009882
ENSMUSG00000027472,ENSCJAG00000020766
ENSMUSG00000012114,ENSCJAG00000016378
ENSMUSG00000021176,ENSCJAG00000044416
ENSMUSG00000032118,ENSCJAG00000008336
ENSMUSG00000071856,ENSCJAG00000016557
ENSMUSG00000038770,ENSCJAG00000015943
ENSMUSG00000075826,ENSCJAG00000079966
ENSMUSG00000075826,ENSCJAG00000073255
ENSMUSG00000088895,ENSCJAG00000042002
ENSMUSG00000088895,ENSCJAG00000040829
ENSMUSG00000044026,ENSCJAG00000048091
ENSMUSG00000036561,ENSCJAG00000019031
ENSMUSG00000033943,ENSCJAG00000020688
ENSMUSG00000024998,ENSCJAG00000015641
ENSMUSG00000030557,ENSCJAG00000017029
ENSMUSG00000031143,ENSCJAG00000002771
ENSMUSG00000073375,ENSCJAG00000015552
ENSMUSG00000032796,ENSCJAG00000015553
ENSMUSG00000056553,ENSCJAG00000005320
ENSMUSG00000034653,ENSCJAG00000016598
ENSMUSG00000066456,ENSCJAG00000010800
ENSMUSG00000031451,ENSCJAG00000018947
ENSMUSG00000031111,ENSCJAG00000014463
ENSMUSG00000048827,ENSCJAG00000015072
ENSMUSG00000033752,ENSCJAG00000001993
ENSMUSG00000033752,ENSCJAG00000072529
ENSMUSG00000033752,ENSCJAG00000014693
ENSMUSG00000043410,ENSCJAG00000001843
ENSMUSG00000045763,ENSCJAG00000046235
ENSMUSG00000028114,ENSCJAG00000003361
ENSMUSG00000024043,ENSCJAG00000015612
ENSMUSG00000033949,ENSCJAG00000016675
ENSMUSG00000021177,ENSCJAG00000017649
ENSMUSG00000029755,ENSCJAG00000000589
ENSMUSG00000032258,ENSCJAG00000046658
ENSMUSG00000024477,ENSCJAG00000077460
ENSMUSG00000040370,ENSCJAG00000082700
ENSMUSG00000030559,ENSCJAG00000000671
ENSMUSG00000045404,ENSCJAG00000066412
ENSMUSG00000071855,ENSCJAG00000016720
ENSMUSG00000062908,ENSCJAG00000006692
ENSMUSG00000056698,ENSCJAG00000019718
ENSMUSG00000029152,ENSCJAG00000018644
ENSMUSG00000036760,ENSCJAG00000086842
ENSMUSG00000022272,ENSCJAG00000011831
ENSMUSG00000021178,ENSCJAG00000023104
ENSMUSG00000051680,ENSCJAG00000082395
ENSMUSG00000051680,ENSCJAG00000054604
ENSMUSG00000041268,ENSCJAG00000001038
ENSMUSG00000064223,ENSCJAG00000082395
ENSMUSG00000064223,ENSCJAG00000054604
ENSMUSG00000033319,ENSCJAG00000060349
ENSMUSG00000044071,ENSCJAG00000038656
ENSMUSG00000108948,ENSCJAG00000082395
ENSMUSG00000108948,ENSCJAG00000054604
ENSMUSG00000033022,ENSCJAG00000016752
ENSMUSG00000039428,ENSCJAG00000000661
ENSMUSG00000071533,ENSCJAG00000052282
ENSMUSG00000084461,ENSCJAG00000041672
ENSMUSG00000032905,ENSCJAG00000066192
ENSMUSG00000020102,ENSCJAG00000006419
ENSMUSG00000021179,ENSCJAG00000017711
ENSMUSG00000024480,ENSCJAG00000016767
ENSMUSG00000027978,ENSCJAG00000003386
ENSMUSG00000024999,ENSCJAG00000015753
ENSMUSG00000092730,ENSCJAG00000072651
ENSMUSG00000028360,ENSCJAG00000006591
ENSMUSG00000034245,ENSCJAG00000016844
ENSMUSG00000048720,ENSCJAG00000015806
ENSMUSG00000031112,ENSCJAG00000014527
ENSMUSG00000041992,ENSCJAG00000036784
ENSMUSG00000024481,ENSCJAG00000016789
ENSMUSG00000044763,ENSCJAG00000000514
ENSMUSG00000052917,ENSCJAG00000000515
ENSMUSG00000027474,ENSCJAG00000020759
ENSMUSG00000020459,ENSCJAG00000010030
ENSMUSG00000020105,ENSCJAG00000006423
ENSMUSG00000025001,ENSCJAG00000015819
ENSMUSG00000073568,ENSCJAG00000031693
ENSMUSG00000095407,ENSCJAG00000038374
ENSMUSG00000036131,ENSCJAG00000014601
ENSMUSG00000051591,ENSCJAG00000082395
ENSMUSG00000051591,ENSCJAG00000054604
ENSMUSG00000042705,ENSCJAG00000048303
ENSMUSG00000069729,ENSCJAG00000012474
ENSMUSG00000039449,ENSCJAG00000009432
ENSMUSG00000030556,ENSCJAG00000046196
ENSMUSG00000030556,ENSCJAG00000016965
ENSMUSG00000096225,ENSCJAG00000006569
ENSMUSG00000051124,ENSCJAG00000072447
ENSMUSG00000030265,ENSCJAG00000044757
ENSMUSG00000050029,ENSCJAG00000041323
ENSMUSG00000019961,ENSCJAG00000002421
ENSMUSG00000036109,ENSCJAG00000004080
ENSMUSG00000008200,ENSCJAG00000020254
ENSMUSG00000017210,ENSCJAG00000017441
ENSMUSG00000047583,ENSCJAG00000006550
ENSMUSG00000117621,ENSCJAG00000041512
ENSMUSG00000117621,ENSCJAG00000081952
ENSMUSG00000054435,ENSCJAG00000051224
ENSMUSG00000042501,ENSCJAG00000004849
ENSMUSG00000059040,ENSCJAG00000084443
ENSMUSG00000022270,ENSCJAG00000042515
ENSMUSG00000025002,ENSCJAG00000015911
ENSMUSG00000062184,ENSCJAG00000004130
ENSMUSG00000024505,ENSCJAG00000041866
ENSMUSG00000029283,ENSCJAG00000045959
ENSMUSG00000004945,ENSCJAG00000043673
ENSMUSG00000119312,ENSCJAG00000076566
ENSMUSG00000119312,ENSCJAG00000071566
ENSMUSG00000027977,ENSCJAG00000003390
ENSMUSG00000042641,ENSCJAG00000004689
ENSMUSG00000021175,ENSCJAG00000001351
ENSMUSG00000049791,ENSCJAG00000000657
ENSMUSG00000054966,ENSCJAG00000045286
ENSMUSG00000032261,ENSCJAG00000010860
ENSMUSG00000035270,ENSCJAG00000000522
ENSMUSG00000059087,ENSCJAG00000082395
ENSMUSG00000059087,ENSCJAG00000054604
ENSMUSG00000096714,ENSCJAG00000082395
ENSMUSG00000096714,ENSCJAG00000054604
ENSMUSG00000037416,ENSCJAG00000016870
ENSMUSG00000101959,ENSCJAG00000054541
ENSMUSG00000031729,ENSCJAG00000015051
ENSMUSG00000034265,ENSCJAG00000003465
ENSMUSG00000035934,ENSCJAG00000008279
ENSMUSG00000028896,ENSCJAG00000009686
ENSMUSG00000044647,ENSCJAG00000006264
ENSMUSG00000001175,ENSCJAG00000042125
ENSMUSG00000094493,ENSCJAG00000082395
ENSMUSG00000094493,ENSCJAG00000054604
ENSMUSG00000047867,ENSCJAG00000020121
ENSMUSG00000060601,ENSCJAG00000004439
ENSMUSG00000031452,ENSCJAG00000033547
ENSMUSG00000002365,ENSCJAG00000003470
ENSMUSG00000067338,ENSCJAG00000066131
ENSMUSG00000067338,ENSCJAG00000070363
ENSMUSG00000026107,ENSCJAG00000082844
ENSMUSG00000030259,ENSCJAG00000038818
ENSMUSG00000024044,ENSCJAG00000062347
ENSMUSG00000024044,ENSCJAG00000015728
ENSMUSG00000043811,ENSCJAG00000047001
ENSMUSG00000090019,ENSCJAG00000042381
ENSMUSG00000090019,ENSCJAG00000010517
ENSMUSG00000090777,ENSCJAG00000033357
ENSMUSG00000022269,ENSCJAG00000047285
ENSMUSG00000060166,ENSCJAG00000010730
ENSMUSG00000043505,ENSCJAG00000020126
ENSMUSG00000021068,ENSCJAG00000006611
ENSMUSG00000043556,ENSCJAG00000010823
ENSMUSG00000031728,ENSCJAG00000015044
ENSMUSG00000025436,ENSCJAG00000006490
ENSMUSG00000022265,ENSCJAG00000010839
ENSMUSG00000030256,ENSCJAG00000045144
ENSMUSG00000035258,ENSCJAG00000000533
ENSMUSG00000046460,ENSCJAG00000010111
ENSMUSG00000024507,ENSCJAG00000017062
ENSMUSG00000039264,ENSCJAG00000020126
ENSMUSG00000078429,ENSCJAG00000075892
ENSMUSG00000078429,ENSCJAG00000006503
ENSMUSG00000059343,ENSCJAG00000052143
ENSMUSG00000059343,ENSCJAG00000006874
ENSMUSG00000036698,ENSCJAG00000004132
ENSMUSG00002076608,ENSCJAG00000079283
ENSMUSG00000064080,ENSCJAG00000016873
ENSMUSG00000037493,ENSCJAG00000010115
ENSMUSG00000031453,ENSCJAG00000018972
ENSMUSG00000020460,ENSCJAG00000070351
ENSMUSG00000032262,ENSCJAG00000066970
ENSMUSG00000119894,ENSCJAG00000081332
ENSMUSG00000065430,ENSCJAG00000026687
ENSMUSG00000046034,ENSCJAG00000010884
ENSMUSG00000025432,ENSCJAG00000006549
ENSMUSG00000044528,ENSCJAG00000039409
ENSMUSG00000026994,ENSCJAG00000006274
ENSMUSG00000032121,ENSCJAG00000044833
ENSMUSG00000088169,ENSCJAG00000074190
ENSMUSG00000088169,ENSCJAG00000072962
ENSMUSG00000020766,ENSCJAG00000014102
ENSMUSG00000029153,ENSCJAG00000018637
ENSMUSG00000027993,ENSCJAG00000002004
ENSMUSG00000066797,ENSCJAG00000004652
ENSMUSG00000048960,ENSCJAG00000004877
ENSMUSG00000032279,ENSCJAG00000010136
ENSMUSG00000036529,ENSCJAG00000019051
ENSMUSG00000038225,ENSCJAG00000005747
ENSMUSG00000035420,ENSCJAG00000017157
ENSMUSG00000033902,ENSCJAG00000020630
ENSMUSG00000020461,ENSCJAG00000010057
ENSMUSG00000048875,ENSCJAG00000040308
ENSMUSG00000039713,ENSCJAG00000000180
ENSMUSG00000029287,ENSCJAG00000001778
ENSMUSG00000073565,ENSCJAG00000017168
ENSMUSG00000119809,ENSCJAG00000085130
ENSMUSG00000119171,ENSCJAG00000075401
ENSMUSG00000119171,ENSCJAG00000033434
ENSMUSG00000024510,ENSCJAG00000074582
ENSMUSG00000024528,ENSCJAG00000017177
ENSMUSG00000036744,ENSCJAG00000082395
ENSMUSG00000036744,ENSCJAG00000054604
ENSMUSG00000016559,ENSCJAG00000085157
ENSMUSG00000024529,ENSCJAG00000043472
ENSMUSG00000060613,ENSCJAG00000015961
ENSMUSG00000019988,ENSCJAG00000002430
ENSMUSG00000088429,ENSCJAG00000075020
ENSMUSG00000088429,ENSCJAG00000086682
ENSMUSG00000088429,ENSCJAG00000079312
ENSMUSG00000088429,ENSCJAG00000072573
ENSMUSG00000029154,ENSCJAG00000018615
ENSMUSG00000068794,ENSCJAG00000000636
ENSMUSG00000002204,ENSCJAG00000004417
ENSMUSG00000038379,ENSCJAG00000010886
ENSMUSG00000055044,ENSCJAG00000034064
ENSMUSG00000067158,ENSCJAG00000012774
ENSMUSG00000058756,ENSCJAG00000040429
ENSMUSG00000069895,ENSCJAG00000033007
ENSMUSG00000090336,ENSCJAG00000042504
ENSMUSG00000025006,ENSCJAG00000015981
ENSMUSG00000024532,ENSCJAG00000081497
ENSMUSG00000030621,ENSCJAG00000000649
ENSMUSG00000031628,ENSCJAG00000005740
ENSMUSG00000098789,ENSCJAG00000045051
ENSMUSG00000024534,ENSCJAG00000017196
ENSMUSG00000030255,ENSCJAG00000041997
ENSMUSG00000088412,ENSCJAG00000024374
ENSMUSG00000051674,ENSCJAG00000018601
ENSMUSG00000051674,ENSCJAG00000040096
ENSMUSG00000040521,ENSCJAG00000006600
ENSMUSG00000040521,ENSCJAG00000038990
ENSMUSG00000026662,ENSCJAG00000012493
ENSMUSG00000026662,ENSCJAG00000053776
ENSMUSG00000026662,ENSCJAG00000009494
ENSMUSG00000030093,ENSCJAG00000040771
ENSMUSG00000020889,ENSCJAG00000015973
ENSMUSG00000038416,ENSCJAG00000019010
ENSMUSG00000034203,ENSCJAG00000001402
ENSMUSG00000034203,ENSCJAG00000087072
ENSMUSG00000062785,ENSCJAG00000004396
ENSMUSG00000038332,ENSCJAG00000005880
ENSMUSG00000017288,ENSCJAG00000046714
ENSMUSG00000017288,ENSCJAG00000078241
ENSMUSG00000030095,ENSCJAG00000016924
ENSMUSG00000003283,ENSCJAG00000020750
ENSMUSG00000021460,ENSCJAG00000082202
ENSMUSG00000021460,ENSCJAG00000005695
ENSMUSG00000056708,ENSCJAG00000004423
ENSMUSG00000026471,ENSCJAG00000004391
ENSMUSG00000045875,ENSCJAG00000080222
ENSMUSG00000039391,ENSCJAG00000012092
ENSMUSG00000032281,ENSCJAG00000010176
ENSMUSG00000021962,ENSCJAG00000007337
ENSMUSG00000080115,ENSCJAG00000045095
ENSMUSG00000030094,ENSCJAG00000016952
ENSMUSG00000057715,ENSCJAG00000004964
ENSMUSG00000006732,ENSCJAG00000006615
ENSMUSG00000038398,ENSCJAG00000019102
ENSMUSG00000096530,ENSCJAG00000065896
ENSMUSG00000032122,ENSCJAG00000008209
ENSMUSG00000096750,ENSCJAG00000065896
ENSMUSG00000067206,ENSCJAG00000018599
ENSMUSG00000030555,ENSCJAG00000016950
ENSMUSG00000057116,ENSCJAG00000014775
ENSMUSG00000006724,ENSCJAG00000006652
ENSMUSG00000047710,ENSCJAG00000019117
ENSMUSG00000024793,ENSCJAG00000000177
ENSMUSG00000029156,ENSCJAG00000018579
ENSMUSG00000065817,ENSCJAG00000030131
ENSMUSG00000031458,ENSCJAG00000014110
ENSMUSG00000096333,ENSCJAG00000065896
ENSMUSG00000031627,ENSCJAG00000042693
ENSMUSG00000040502,ENSCJAG00000045412
ENSMUSG00000075552,ENSCJAG00000064350
ENSMUSG00000075552,ENSCJAG00000015744
ENSMUSG00000075552,ENSCJAG00000006505
ENSMUSG00000075552,ENSCJAG00000064981
ENSMUSG00000104043,ENSCJAG00000080015
ENSMUSG00000093962,ENSCJAG00000065896
ENSMUSG00000027971,ENSCJAG00000003443
ENSMUSG00000071324,ENSCJAG00000005915
ENSMUSG00000041765,ENSCJAG00000020946
ENSMUSG00000075551,ENSCJAG00000064350
ENSMUSG00000075551,ENSCJAG00000015744
ENSMUSG00000075551,ENSCJAG00000006505
ENSMUSG00000075551,ENSCJAG00000064981
ENSMUSG00000031119,ENSCJAG00000041836
ENSMUSG00000056749,ENSCJAG00000005728
ENSMUSG00000021714,ENSCJAG00000015759
ENSMUSG00000049122,ENSCJAG00000003554
ENSMUSG00000050350,ENSCJAG00000065240
ENSMUSG00000029810,ENSCJAG00000020128
ENSMUSG00000051212,ENSCJAG00000081936
ENSMUSG00000048040,ENSCJAG00000073297
ENSMUSG00000048355,ENSCJAG00000073297
ENSMUSG00000034484,ENSCJAG00000017239
ENSMUSG00000026664,ENSCJAG00000009507
ENSMUSG00000042750,ENSCJAG00000003425
ENSMUSG00000032854,ENSCJAG00000003461
ENSMUSG00000021957,ENSCJAG00000007253
ENSMUSG00000054417,ENSCJAG00000064350
ENSMUSG00000054417,ENSCJAG00000015744
ENSMUSG00000054417,ENSCJAG00000006505
ENSMUSG00000054417,ENSCJAG00000064981
ENSMUSG00000055653,ENSCJAG00000004195
ENSMUSG00000056035,ENSCJAG00000064350
ENSMUSG00000056035,ENSCJAG00000015744
ENSMUSG00000056035,ENSCJAG00000006505
ENSMUSG00000056035,ENSCJAG00000064981
ENSMUSG00000041842,ENSCJAG00000075233
ENSMUSG00000031731,ENSCJAG00000015028
ENSMUSG00000024538,ENSCJAG00000065144
ENSMUSG00000025544,ENSCJAG00000020955
ENSMUSG00000048756,ENSCJAG00000005929
ENSMUSG00000031303,ENSCJAG00000005459
ENSMUSG00000029276,ENSCJAG00000017552
ENSMUSG00000021587,ENSCJAG00000010166
ENSMUSG00000046561,ENSCJAG00000070815
ENSMUSG00000069378,ENSCJAG00000017318
ENSMUSG00000062797,ENSCJAG00000041472
ENSMUSG00000026831,ENSCJAG00000080942
ENSMUSG00000006728,ENSCJAG00000006697
ENSMUSG00000074513,ENSCJAG00000002029
ENSMUSG00000026668,ENSCJAG00000009517
ENSMUSG00000028552,ENSCJAG00000021570
ENSMUSG00000032285,ENSCJAG00000010194
ENSMUSG00000049674,ENSCJAG00000076047
ENSMUSG00000049674,ENSCJAG00000081805
ENSMUSG00000073897,ENSCJAG00000087046
ENSMUSG00000077111,ENSCJAG00000051273
ENSMUSG00000065456,ENSCJAG00000024620
ENSMUSG00000057000,ENSCJAG00000003435
ENSMUSG00000030554,ENSCJAG00000016926
ENSMUSG00000028199,ENSCJAG00000038279
ENSMUSG00000028199,ENSCJAG00000006521
ENSMUSG00000053477,ENSCJAG00000004038
ENSMUSG00000035772,ENSCJAG00000010436
ENSMUSG00000032263,ENSCJAG00000010953
ENSMUSG00000025545,ENSCJAG00000020979
ENSMUSG00000073207,ENSCJAG00000033234
ENSMUSG00000001542,ENSCJAG00000010200
ENSMUSG00000006736,ENSCJAG00000006760
ENSMUSG00000047844,ENSCJAG00000039760
ENSMUSG00000098488,ENSCJAG00000020668
ENSMUSG00000031299,ENSCJAG00000080871
ENSMUSG00000031299,ENSCJAG00000005496
ENSMUSG00000119874,ENSCJAG00000076064
ENSMUSG00000041703,ENSCJAG00000040575
ENSMUSG00000038302,ENSCJAG00000045868
ENSMUSG00000034192,ENSCJAG00000022979
ENSMUSG00000034192,ENSCJAG00000042664
ENSMUSG00000061524,ENSCJAG00000020988
ENSMUSG00000054136,ENSCJAG00000041530
ENSMUSG00000022613,ENSCJAG00000019118
ENSMUSG00000073896,ENSCJAG00000051477
ENSMUSG00000022053,ENSCJAG00000019921
ENSMUSG00000016626,ENSCJAG00000013765
ENSMUSG00000021478,ENSCJAG00000046402
ENSMUSG00000026470,ENSCJAG00000004356
ENSMUSG00000051579,ENSCJAG00000076011
ENSMUSG00000051579,ENSCJAG00000036572
ENSMUSG00000021591,ENSCJAG00000047220
ENSMUSG00000119127,ENSCJAG00000081612
ENSMUSG00000021474,ENSCJAG00000005397
ENSMUSG00000020015,ENSCJAG00000002538
ENSMUSG00000026829,ENSCJAG00000043109
ENSMUSG00000061559,ENSCJAG00000010208
ENSMUSG00000029630,ENSCJAG00000064350
ENSMUSG00000029630,ENSCJAG00000015744
ENSMUSG00000029630,ENSCJAG00000006505
ENSMUSG00000029630,ENSCJAG00000064981
ENSMUSG00000054034,ENSCJAG00000003405
ENSMUSG00000054034,ENSCJAG00000046955
ENSMUSG00000054034,ENSCJAG00000080214
ENSMUSG00000005533,ENSCJAG00000016895
ENSMUSG00000029811,ENSCJAG00000020136
ENSMUSG00000034987,ENSCJAG00000005384
ENSMUSG00000038365,ENSCJAG00000011914
ENSMUSG00000074899,ENSCJAG00000020664
ENSMUSG00000050071,ENSCJAG00000003425
ENSMUSG00000056069,ENSCJAG00000010893
ENSMUSG00000046169,ENSCJAG00000015704
ENSMUSG00000038963,ENSCJAG00000009785
ENSMUSG00000029813,ENSCJAG00000020136
ENSMUSG00000041650,ENSCJAG00000020998
ENSMUSG00000061292,ENSCJAG00000064350
ENSMUSG00000061292,ENSCJAG00000015744
ENSMUSG00000061292,ENSCJAG00000006505
ENSMUSG00000061292,ENSCJAG00000064981
ENSMUSG00000031142,ENSCJAG00000002728
ENSMUSG00000068536,ENSCJAG00000020136
ENSMUSG00000038173,ENSCJAG00000005711
ENSMUSG00000039215,ENSCJAG00000020136
ENSMUSG00000019804,ENSCJAG00000005955
ENSMUSG00000062542,ENSCJAG00000013762
ENSMUSG00000062110,ENSCJAG00000018545
ENSMUSG00000064408,ENSCJAG00000074328
ENSMUSG00000033722,ENSCJAG00000004342
ENSMUSG00000072476,ENSCJAG00000014065
ENSMUSG00000008398,ENSCJAG00000065738
ENSMUSG00000050052,ENSCJAG00000011957
ENSMUSG00000051041,ENSCJAG00000081729
ENSMUSG00000029816,ENSCJAG00000001480
ENSMUSG00000022614,ENSCJAG00000019135
ENSMUSG00000027568,ENSCJAG00000041245
ENSMUSG00000030619,ENSCJAG00000014209
ENSMUSG00000032291,ENSCJAG00000006115
ENSMUSG00000049672,ENSCJAG00000048541
ENSMUSG00000051978,ENSCJAG00000011983
ENSMUSG00000019803,ENSCJAG00000005966
ENSMUSG00000026469,ENSCJAG00000007895
ENSMUSG00000047819,ENSCJAG00000021812
ENSMUSG00000033530,ENSCJAG00000017767
ENSMUSG00000026669,ENSCJAG00000009531
ENSMUSG00000056498,ENSCJAG00000043561
ENSMUSG00000034303,ENSCJAG00000008183
ENSMUSG00000021589,ENSCJAG00000010252
ENSMUSG00000038143,ENSCJAG00000005690
ENSMUSG00000091636,ENSCJAG00000042385
ENSMUSG00000028397,ENSCJAG00000011746
ENSMUSG00000037270,ENSCJAG00000002804
ENSMUSG00000023805,ENSCJAG00000003570
ENSMUSG00000022263,ENSCJAG00000010904
ENSMUSG00000041625,ENSCJAG00000044425
ENSMUSG00000025867,ENSCJAG00000074026
ENSMUSG00000025422,ENSCJAG00000006784
ENSMUSG00000025872,ENSCJAG00000071600
ENSMUSG00000025872,ENSCJAG00000046031
ENSMUSG00000030287,ENSCJAG00000047807
ENSMUSG00000041594,ENSCJAG00000021012
ENSMUSG00000021590,ENSCJAG00000010268
ENSMUSG00000029634,ENSCJAG00000019285
ENSMUSG00000018581,ENSCJAG00000001301
ENSMUSG00000021715,ENSCJAG00000015673
ENSMUSG00000028398,ENSCJAG00000079307
ENSMUSG00002075396,ENSCJAG00000029731
ENSMUSG00002075396,ENSCJAG00000026424
ENSMUSG00000028555,ENSCJAG00000021569
ENSMUSG00000027569,ENSCJAG00000041703
ENSMUSG00000047495,ENSCJAG00000004541
ENSMUSG00000022755,ENSCJAG00000000558
ENSMUSG00000020770,ENSCJAG00000014056
ENSMUSG00000021716,ENSCJAG00000015668
ENSMUSG00000049401,ENSCJAG00000043786
ENSMUSG00000015889,ENSCJAG00000002595
ENSMUSG00000022754,ENSCJAG00000000576
ENSMUSG00000042655,ENSCJAG00000074167
ENSMUSG00000018417,ENSCJAG00000003380
ENSMUSG00000010045,ENSCJAG00000005213
ENSMUSG00000043183,ENSCJAG00000012354
ENSMUSG00000026672,ENSCJAG00000009575
ENSMUSG00000109588,ENSCJAG00000000579
ENSMUSG00000037190,ENSCJAG00000005206
ENSMUSG00000046748,ENSCJAG00000000576
ENSMUSG00000078779,ENSCJAG00000044013
ENSMUSG00000078779,ENSCJAG00000058357
ENSMUSG00000042659,ENSCJAG00000016533
ENSMUSG00000032293,ENSCJAG00000010259
ENSMUSG00000038280,ENSCJAG00000040617
ENSMUSG00000022752,ENSCJAG00000000584
ENSMUSG00000021719,ENSCJAG00000074552
ENSMUSG00000020420,ENSCJAG00000044013
ENSMUSG00000020420,ENSCJAG00000058357
ENSMUSG00000050211,ENSCJAG00000020620
ENSMUSG00000043190,ENSCJAG00000047244
ENSMUSG00000046240,ENSCJAG00000008171
ENSMUSG00000036528,ENSCJAG00000013335
ENSMUSG00000040462,ENSCJAG00000006838
ENSMUSG00000022751,ENSCJAG00000000590
ENSMUSG00000088311,ENSCJAG00000025577
ENSMUSG00000088311,ENSCJAG00000023633
ENSMUSG00000088311,ENSCJAG00000033151
ENSMUSG00000038102,ENSCJAG00000005616
ENSMUSG00000046518,ENSCJAG00000038997
ENSMUSG00000035799,ENSCJAG00000048476
ENSMUSG00000025323,ENSCJAG00000001282
ENSMUSG00000035878,ENSCJAG00000010363
ENSMUSG00000060147,ENSCJAG00000047812
ENSMUSG00000060147,ENSCJAG00000010562
ENSMUSG00000119869,ENSCJAG00000081173
ENSMUSG00000022749,ENSCJAG00000000594
ENSMUSG00000048562,ENSCJAG00000001245
ENSMUSG00000052915,ENSCJAG00000016012
ENSMUSG00000072791,ENSCJAG00000001194
ENSMUSG00000010057,ENSCJAG00000005172
ENSMUSG00000026676,ENSCJAG00000061142
ENSMUSG00000028557,ENSCJAG00000071727
ENSMUSG00000084606,ENSCJAG00000057415
ENSMUSG00000041845,ENSCJAG00000001124
ENSMUSG00000070719,ENSCJAG00000020613
ENSMUSG00000060491,ENSCJAG00000021565
ENSMUSG00000022055,ENSCJAG00000020035
ENSMUSG00000020017,ENSCJAG00000002643
ENSMUSG00000025321,ENSCJAG00000001171
ENSMUSG00000049303,ENSCJAG00000001134
ENSMUSG00000028551,ENSCJAG00000060144
ENSMUSG00000021948,ENSCJAG00000007197
ENSMUSG00000035941,ENSCJAG00000009418
ENSMUSG00000010517,ENSCJAG00000021555
ENSMUSG00000008690,ENSCJAG00000019155
ENSMUSG00000042041,ENSCJAG00000001141
ENSMUSG00000026317,ENSCJAG00000004564
ENSMUSG00000025007,ENSCJAG00000016133
ENSMUSG00000039145,ENSCJAG00000009623
ENSMUSG00000070709,ENSCJAG00000021249
ENSMUSG00000021180,ENSCJAG00000017801
ENSMUSG00000031568,ENSCJAG00000045540
ENSMUSG00000118803,ENSCJAG00000079895
ENSMUSG00000078676,ENSCJAG00000016032
ENSMUSG00000022753,ENSCJAG00000000607
ENSMUSG00000096916,ENSCJAG00000044013
ENSMUSG00000096916,ENSCJAG00000058357
ENSMUSG00000047143,ENSCJAG00000041134
ENSMUSG00000079555,ENSCJAG00000036903
ENSMUSG00000048065,ENSCJAG00000013315
ENSMUSG00000015890,ENSCJAG00000002672
ENSMUSG00000028546,ENSCJAG00000013725
ENSMUSG00000022748,ENSCJAG00000000610
ENSMUSG00000063049,ENSCJAG00000005602
ENSMUSG00000077454,ENSCJAG00000085940
ENSMUSG00000037235,ENSCJAG00000066421
ENSMUSG00000038020,ENSCJAG00000016049
ENSMUSG00000006731,ENSCJAG00000006905
ENSMUSG00000059854,ENSCJAG00000014875
ENSMUSG00000043336,ENSCJAG00000000617
ENSMUSG00000046971,ENSCJAG00000003212
ENSMUSG00000038384,ENSCJAG00000016930
ENSMUSG00000030551,ENSCJAG00000047032
ENSMUSG00000040785,ENSCJAG00000002640
ENSMUSG00000065706,ENSCJAG00000027160
ENSMUSG00000065706,ENSCJAG00000027262
ENSMUSG00000010044,ENSCJAG00000005151
ENSMUSG00000040441,ENSCJAG00000064140
ENSMUSG00002075277,ENSCJAG00000079255
ENSMUSG00002075277,ENSCJAG00000073451
ENSMUSG00000017286,ENSCJAG00000021702
ENSMUSG00000040812,ENSCJAG00000020239
ENSMUSG00000119032,ENSCJAG00000073171
ENSMUSG00000095910,ENSCJAG00000032827
ENSMUSG00000021720,ENSCJAG00000015644
ENSMUSG00000032415,ENSCJAG00000009395
ENSMUSG00000109542,ENSCJAG00000032827
ENSMUSG00000036168,ENSCJAG00000002685
ENSMUSG00000064572,ENSCJAG00000074554
ENSMUSG00000064572,ENSCJAG00000085381
ENSMUSG00000041886,ENSCJAG00000001164
ENSMUSG00000029815,ENSCJAG00000042462
ENSMUSG00000037224,ENSCJAG00000038192
ENSMUSG00000032301,ENSCJAG00000010369
ENSMUSG00000031145,ENSCJAG00000040589
ENSMUSG00000029814,ENSCJAG00000001499
ENSMUSG00000046949,ENSCJAG00000017717
ENSMUSG00000021185,ENSCJAG00000017837
ENSMUSG00000032776,ENSCJAG00000005975
ENSMUSG00000109572,ENSCJAG00000038947
ENSMUSG00000038069,ENSCJAG00000005591
ENSMUSG00000029635,ENSCJAG00000019296
ENSMUSG00000025008,ENSCJAG00000016206
ENSMUSG00000020018,ENSCJAG00000002705
ENSMUSG00000035671,ENSCJAG00000004397
ENSMUSG00000040250,ENSCJAG00000044044
ENSMUSG00000031146,ENSCJAG00000002681
ENSMUSG00000038248,ENSCJAG00000006119
ENSMUSG00000031147,ENSCJAG00000002679
ENSMUSG00000110171,ENSCJAG00000032827
ENSMUSG00000108995,ENSCJAG00000032827
ENSMUSG00000020019,ENSCJAG00000002709
ENSMUSG00000096068,ENSCJAG00000032827
ENSMUSG00000028943,ENSCJAG00000000170
ENSMUSG00000031563,ENSCJAG00000005554
ENSMUSG00000010067,ENSCJAG00000005126
ENSMUSG00000021592,ENSCJAG00000010294
ENSMUSG00000095929,ENSCJAG00000032827
ENSMUSG00000020458,ENSCJAG00000010079
ENSMUSG00000096465,ENSCJAG00000032827
ENSMUSG00000118842,ENSCJAG00000081173
ENSMUSG00000020020,ENSCJAG00000002734
ENSMUSG00000067909,ENSCJAG00000001658
ENSMUSG00000067909,ENSCJAG00000047041
ENSMUSG00000029817,ENSCJAG00000001509
ENSMUSG00000019863,ENSCJAG00000006200
ENSMUSG00000059203,ENSCJAG00000008213
ENSMUSG00000109884,ENSCJAG00000032827
ENSMUSG00000050786,ENSCJAG00000039115
ENSMUSG00000091780,ENSCJAG00000019173
ENSMUSG00000109497,ENSCJAG00000032827
ENSMUSG00000093980,ENSCJAG00000032827
ENSMUSG00000109631,ENSCJAG00000032827
ENSMUSG00000118858,ENSCJAG00000082523
ENSMUSG00000022615,ENSCJAG00000037938
ENSMUSG00000047115,ENSCJAG00000007603
ENSMUSG00000110253,ENSCJAG00000032827
ENSMUSG00000033773,ENSCJAG00000017591
ENSMUSG00000035967,ENSCJAG00000014469
ENSMUSG00000019362,ENSCJAG00000045125
ENSMUSG00000019362,ENSCJAG00000083863
ENSMUSG00000019467,ENSCJAG00000006921
ENSMUSG00000024892,ENSCJAG00000001143
ENSMUSG00000047394,ENSCJAG00000019177
ENSMUSG00000010936,ENSCJAG00000014847
ENSMUSG00000035594,ENSCJAG00000010409
ENSMUSG00000064854,ENSCJAG00000032288
ENSMUSG00000095239,ENSCJAG00000032827
ENSMUSG00000025871,ENSCJAG00000012337
ENSMUSG00000091680,ENSCJAG00000073214
ENSMUSG00000078938,ENSCJAG00000041610
ENSMUSG00000063063,ENSCJAG00000017015
ENSMUSG00000078937,ENSCJAG00000018317
ENSMUSG00000054005,ENSCJAG00000003232
ENSMUSG00000004698,ENSCJAG00000001076
ENSMUSG00000010054,ENSCJAG00000048104
ENSMUSG00000070509,ENSCJAG00000020452
ENSMUSG00000022262,ENSCJAG00000009326
ENSMUSG00002075355,ENSCJAG00000030815
ENSMUSG00000026490,ENSCJAG00000012980
ENSMUSG00000032303,ENSCJAG00000010437
ENSMUSG00000004996,ENSCJAG00000044187
ENSMUSG00000058244,ENSCJAG00000032827
ENSMUSG00000004994,ENSCJAG00000004443
ENSMUSG00000061000,ENSCJAG00000032827
ENSMUSG00000035200,ENSCJAG00000010457
ENSMUSG00000025870,ENSCJAG00000012332
ENSMUSG00000010051,ENSCJAG00000005093
ENSMUSG00000096209,ENSCJAG00000032827
ENSMUSG00000025869,ENSCJAG00000057017
ENSMUSG00000064016,ENSCJAG00000072895
ENSMUSG00000064016,ENSCJAG00000054917
ENSMUSG00000064016,ENSCJAG00000082942
ENSMUSG00000064016,ENSCJAG00000085154
ENSMUSG00000033763,ENSCJAG00000014831
ENSMUSG00000022056,ENSCJAG00000020053
ENSMUSG00000056946,ENSCJAG00000082340
ENSMUSG00000025868,ENSCJAG00000084164
ENSMUSG00000061273,ENSCJAG00000067970
ENSMUSG00000021408,ENSCJAG00000017707
ENSMUSG00000040242,ENSCJAG00000043357
ENSMUSG00000036091,ENSCJAG00000005065
ENSMUSG00000027719,ENSCJAG00000002796
ENSMUSG00000066241,ENSCJAG00000082340
ENSMUSG00000032307,ENSCJAG00000040362
ENSMUSG00000062434,ENSCJAG00000082340
ENSMUSG00000060681,ENSCJAG00000004043
ENSMUSG00000019864,ENSCJAG00000006218
ENSMUSG00000066240,ENSCJAG00000082340
ENSMUSG00000022057,ENSCJAG00000020062
ENSMUSG00000031750,ENSCJAG00000014830
ENSMUSG00000046431,ENSCJAG00000082340
ENSMUSG00000066239,ENSCJAG00000082340
ENSMUSG00000049709,ENSCJAG00000011939
ENSMUSG00000040415,ENSCJAG00000006966
ENSMUSG00000000197,ENSCJAG00000021036
ENSMUSG00000027720,ENSCJAG00000041260
ENSMUSG00000038286,ENSCJAG00000017700
ENSMUSG00000038286,ENSCJAG00000057366
ENSMUSG00000029440,ENSCJAG00000046038
ENSMUSG00000022617,ENSCJAG00000018358
ENSMUSG00000028086,ENSCJAG00000002101
ENSMUSG00000005417,ENSCJAG00000046001
ENSMUSG00000071176,ENSCJAG00000041196
ENSMUSG00000060780,ENSCJAG00000065289
ENSMUSG00000025417,ENSCJAG00000006988
ENSMUSG00000031029,ENSCJAG00000011903
ENSMUSG00000047547,ENSCJAG00000048164
ENSMUSG00000038932,ENSCJAG00000009980
ENSMUSG00000108929,ENSCJAG00000016232
ENSMUSG00000019866,ENSCJAG00000006246
ENSMUSG00000040234,ENSCJAG00000046477
ENSMUSG00000032125,ENSCJAG00000008130
ENSMUSG00000029636,ENSCJAG00000019325
ENSMUSG00000025010,ENSCJAG00000040339
ENSMUSG00000026821,ENSCJAG00000018000
ENSMUSG00000029275,ENSCJAG00000017609
ENSMUSG00000049164,ENSCJAG00000016267
ENSMUSG00000071356,ENSCJAG00000062192
ENSMUSG00000060675,ENSCJAG00000018470
ENSMUSG00000078671,ENSCJAG00000020444
ENSMUSG00000042473,ENSCJAG00000008049
ENSMUSG00000022607,ENSCJAG00000003921
ENSMUSG00000036112,ENSCJAG00000002740
ENSMUSG00000029445,ENSCJAG00000016882
ENSMUSG00000033991,ENSCJAG00000010321
ENSMUSG00000023403,ENSCJAG00000007625
ENSMUSG00000052395,ENSCJAG00000007179
ENSMUSG00000061132,ENSCJAG00000016270
ENSMUSG00000072945,ENSCJAG00000008035
ENSMUSG00000027718,ENSCJAG00000002755
ENSMUSG00000047230,ENSCJAG00000008030
ENSMUSG00000023092,ENSCJAG00000039343
ENSMUSG00000092305,ENSCJAG00000084763
ENSMUSG00000048285,ENSCJAG00000006907
ENSMUSG00000029110,ENSCJAG00000014371
ENSMUSG00000024972,ENSCJAG00000018504
ENSMUSG00000051444,ENSCJAG00000002751
ENSMUSG00000021076,ENSCJAG00000018680
ENSMUSG00000003279,ENSCJAG00000012856
ENSMUSG00000045136,ENSCJAG00000045954
ENSMUSG00000037225,ENSCJAG00000002744
ENSMUSG00000030291,ENSCJAG00000083235
ENSMUSG00000032925,ENSCJAG00000021057
ENSMUSG00000109228,ENSCJAG00000010329
ENSMUSG00000031028,ENSCJAG00000011854
ENSMUSG00000071451,ENSCJAG00000017623
ENSMUSG00000119582,ENSCJAG00000081453
ENSMUSG00000060073,ENSCJAG00000008304
ENSMUSG00000040537,ENSCJAG00000014311
ENSMUSG00000029819,ENSCJAG00000078083
ENSMUSG00000042590,ENSCJAG00000015559
ENSMUSG00000028085,ENSCJAG00000002147
ENSMUSG00000029629,ENSCJAG00000000753
ENSMUSG00000025014,ENSCJAG00000016325
ENSMUSG00000025551,ENSCJAG00000045288
ENSMUSG00000065729,ENSCJAG00000078141
ENSMUSG00000040987,ENSCJAG00000003232
ENSMUSG00000014725,ENSCJAG00000020075
ENSMUSG00000038160,ENSCJAG00000006306
ENSMUSG00000074657,ENSCJAG00000007033
ENSMUSG00000033732,ENSCJAG00000014773
ENSMUSG00000010048,ENSCJAG00000004993
ENSMUSG00000088944,ENSCJAG00000035242
ENSMUSG00000067878,ENSCJAG00000003766
ENSMUSG00000019256,ENSCJAG00000001029
ENSMUSG00000050121,ENSCJAG00000047907
ENSMUSG00000065807,ENSCJAG00000069851
ENSMUSG00000024973,ENSCJAG00000038446
ENSMUSG00000048330,ENSCJAG00000011836
ENSMUSG00000051000,ENSCJAG00000002164
ENSMUSG00000118906,ENSCJAG00000072032
ENSMUSG00000030413,ENSCJAG00000012095
ENSMUSG00000053852,ENSCJAG00000042801
ENSMUSG00000078670,ENSCJAG00000054103
ENSMUSG00000050174,ENSCJAG00000002741
ENSMUSG00000034973,ENSCJAG00000009155
ENSMUSG00000036111,ENSCJAG00000011812
ENSMUSG00000027282,ENSCJAG00000020213
ENSMUSG00000036231,ENSCJAG00000001020
ENSMUSG00000025013,ENSCJAG00000016371
ENSMUSG00000031298,ENSCJAG00000005571
ENSMUSG00000025789,ENSCJAG00000072840
ENSMUSG00000038151,ENSCJAG00000006332
ENSMUSG00000020581,ENSCJAG00000000997
ENSMUSG00000031561,ENSCJAG00000005501
ENSMUSG00000068341,ENSCJAG00000062192
ENSMUSG00000028940,ENSCJAG00000000166
ENSMUSG00000074358,ENSCJAG00000012104
ENSMUSG00000020577,ENSCJAG00000048668
ENSMUSG00000028937,ENSCJAG00000000157
ENSMUSG00000028937,ENSCJAG00000058063
ENSMUSG00000038267,ENSCJAG00000017606
ENSMUSG00002075155,ENSCJAG00000030032
ENSMUSG00000040037,ENSCJAG00000006382
ENSMUSG00000048118,ENSCJAG00000018764
ENSMUSG00000079516,ENSCJAG00000062192
ENSMUSG00000025410,ENSCJAG00000007091
ENSMUSG00000023140,ENSCJAG00000074572
ENSMUSG00000023140,ENSCJAG00000085169
ENSMUSG00000023140,ENSCJAG00000080067
ENSMUSG00000023140,ENSCJAG00000061676
ENSMUSG00000030411,ENSCJAG00000012121
ENSMUSG00000118829,ENSCJAG00000071325
ENSMUSG00000027722,ENSCJAG00000004346
ENSMUSG00000014813,ENSCJAG00000081929
ENSMUSG00000001630,ENSCJAG00000041419
ENSMUSG00000051965,ENSCJAG00000012141
ENSMUSG00000048481,ENSCJAG00000063769
ENSMUSG00000025016,ENSCJAG00000016413
ENSMUSG00000025873,ENSCJAG00000040255
ENSMUSG00000044186,ENSCJAG00000085390
ENSMUSG00000026818,ENSCJAG00000018024
ENSMUSG00000044030,ENSCJAG00000038370
ENSMUSG00000040891,ENSCJAG00000073792
ENSMUSG00000022061,ENSCJAG00000060555
ENSMUSG00000025790,ENSCJAG00000020426
ENSMUSG00000034248,ENSCJAG00000076826
ENSMUSG00000042804,ENSCJAG00000000155
ENSMUSG00000019849,ENSCJAG00000001710
ENSMUSG00000026816,ENSCJAG00000018039
ENSMUSG00000080396,ENSCJAG00000052975
ENSMUSG00000080518,ENSCJAG00000059593
ENSMUSG00000055675,ENSCJAG00000082472
ENSMUSG00000047977,ENSCJAG00000043062
ENSMUSG00000047977,ENSCJAG00000072934
ENSMUSG00000028946,ENSCJAG00000000154
ENSMUSG00000059654,ENSCJAG00000074572
ENSMUSG00000059654,ENSCJAG00000085169
ENSMUSG00000059654,ENSCJAG00000080067
ENSMUSG00000059654,ENSCJAG00000061676
ENSMUSG00000039662,ENSCJAG00000000150
ENSMUSG00000031461,ENSCJAG00000004613
ENSMUSG00000030017,ENSCJAG00000062192
ENSMUSG00000025017,ENSCJAG00000016474
ENSMUSG00000019848,ENSCJAG00000001700
ENSMUSG00000031027,ENSCJAG00000011801
ENSMUSG00000047014,ENSCJAG00000017938
ENSMUSG00000021411,ENSCJAG00000017603
ENSMUSG00000071317,ENSCJAG00000001683
ENSMUSG00000037211,ENSCJAG00000021817
ENSMUSG00000118890,ENSCJAG00000024191
ENSMUSG00000089055,ENSCJAG00000070026
ENSMUSG00000089055,ENSCJAG00000058794
ENSMUSG00000039063,ENSCJAG00000079617
ENSMUSG00000052581,ENSCJAG00000021936
ENSMUSG00000025409,ENSCJAG00000007202
ENSMUSG00000021692,ENSCJAG00000015527
ENSMUSG00000026815,ENSCJAG00000018071
ENSMUSG00000098773,ENSCJAG00000043062
ENSMUSG00000098773,ENSCJAG00000072934
ENSMUSG00000103409,ENSCJAG00000004984
ENSMUSG00000032309,ENSCJAG00000012331
ENSMUSG00000032309,ENSCJAG00000074115
ENSMUSG00000092986,ENSCJAG00000064766
ENSMUSG00000092986,ENSCJAG00000081373
ENSMUSG00000092986,ENSCJAG00000085620
ENSMUSG00000092986,ENSCJAG00000074668
ENSMUSG00000092986,ENSCJAG00000087032
ENSMUSG00000092986,ENSCJAG00000081523
ENSMUSG00000092986,ENSCJAG00000058853
ENSMUSG00000092986,ENSCJAG00000064528
ENSMUSG00000092986,ENSCJAG00000077419
ENSMUSG00000092986,ENSCJAG00000082623
ENSMUSG00000092986,ENSCJAG00000083841
ENSMUSG00000092986,ENSCJAG00000082851
ENSMUSG00000092986,ENSCJAG00000073166
ENSMUSG00000092986,ENSCJAG00000073491
ENSMUSG00000092986,ENSCJAG00000083630
ENSMUSG00000092986,ENSCJAG00000081708
ENSMUSG00000092986,ENSCJAG00000081895
ENSMUSG00000092986,ENSCJAG00000064517
ENSMUSG00000092986,ENSCJAG00000073957
ENSMUSG00000092986,ENSCJAG00000085963
ENSMUSG00000092986,ENSCJAG00000053899
ENSMUSG00000038246,ENSCJAG00000017601
ENSMUSG00000028082,ENSCJAG00000002215
ENSMUSG00000065212,ENSCJAG00000036618
ENSMUSG00000038914,ENSCJAG00000003827
ENSMUSG00000030020,ENSCJAG00000019532
ENSMUSG00000021597,ENSCJAG00000010388
ENSMUSG00000021079,ENSCJAG00000041647
ENSMUSG00000025019,ENSCJAG00000022966
ENSMUSG00000031521,ENSCJAG00000005476
ENSMUSG00000017499,ENSCJAG00000011073
ENSMUSG00000034205,ENSCJAG00000020099
ENSMUSG00000047407,ENSCJAG00000012865
ENSMUSG00000047407,ENSCJAG00000061682
ENSMUSG00000032311,ENSCJAG00000012330
ENSMUSG00000028936,ENSCJAG00000081575
ENSMUSG00000023118,ENSCJAG00000012172
ENSMUSG00000035125,ENSCJAG00000017096
ENSMUSG00000022619,ENSCJAG00000018368
ENSMUSG00000063804,ENSCJAG00000001671
ENSMUSG00000020547,ENSCJAG00000000954
ENSMUSG00000025408,ENSCJAG00000022553
ENSMUSG00000025408,ENSCJAG00000007243
ENSMUSG00000005045,ENSCJAG00000000101
ENSMUSG00000039396,ENSCJAG00000005464
ENSMUSG00000065612,ENSCJAG00000039378
ENSMUSG00000088005,ENSCJAG00000032843
ENSMUSG00000034868,ENSCJAG00000080160
ENSMUSG00000022620,ENSCJAG00000003186
ENSMUSG00000036099,ENSCJAG00000002761
ENSMUSG00000006527,ENSCJAG00000007089
ENSMUSG00000042742,ENSCJAG00000055013
ENSMUSG00000032128,ENSCJAG00000008040
ENSMUSG00000030045,ENSCJAG00000017116
ENSMUSG00000030045,ENSCJAG00000086098
ENSMUSG00000063796,ENSCJAG00000046805
ENSMUSG00000022240,ENSCJAG00000009238
ENSMUSG00000031753,ENSCJAG00000014699
ENSMUSG00000071252,ENSCJAG00000010418
ENSMUSG00000048216,ENSCJAG00000066877
ENSMUSG00000052419,ENSCJAG00000022992
ENSMUSG00000040866,ENSCJAG00000053794
ENSMUSG00000025020,ENSCJAG00000036372
ENSMUSG00000040187,ENSCJAG00000046502
ENSMUSG00000043648,ENSCJAG00000007814
ENSMUSG00000036188,ENSCJAG00000000950
ENSMUSG00000049396,ENSCJAG00000038327
ENSMUSG00000049013,ENSCJAG00000002204
ENSMUSG00000021413,ENSCJAG00000021385
ENSMUSG00000041831,ENSCJAG00000003730
ENSMUSG00000053025,ENSCJAG00000019298
ENSMUSG00000044864,ENSCJAG00000003581
ENSMUSG00000005994,ENSCJAG00000011907
ENSMUSG00000038046,ENSCJAG00000021701
ENSMUSG00000028081,ENSCJAG00000074789
ENSMUSG00000028081,ENSCJAG00000082222
ENSMUSG00000021187,ENSCJAG00000017940
ENSMUSG00000020844,ENSCJAG00000021700
ENSMUSG00000027573,ENSCJAG00000010007
ENSMUSG00000048706,ENSCJAG00000011941
ENSMUSG00000064984,ENSCJAG00000056128
ENSMUSG00000064390,ENSCJAG00000056396
ENSMUSG00000046743,ENSCJAG00000003565
ENSMUSG00000023393,ENSCJAG00000082534
ENSMUSG00000033701,ENSCJAG00000007953
ENSMUSG00000056131,ENSCJAG00000009086
ENSMUSG00000044072,ENSCJAG00000010107
ENSMUSG00000065454,ENSCJAG00000045768
ENSMUSG00000030410,ENSCJAG00000012286
ENSMUSG00000065945,ENSCJAG00000027898
ENSMUSG00000027291,ENSCJAG00000003170
ENSMUSG00000028180,ENSCJAG00000006356
ENSMUSG00000031026,ENSCJAG00000011782
ENSMUSG00000036661,ENSCJAG00000003842
ENSMUSG00000036661,ENSCJAG00000078600
ENSMUSG00000026468,ENSCJAG00000007973
ENSMUSG00000119614,ENSCJAG00000035020
ENSMUSG00000031520,ENSCJAG00000039809
ENSMUSG00000054408,ENSCJAG00000073297
ENSMUSG00000036169,ENSCJAG00000000941
ENSMUSG00000062939,ENSCJAG00000005895
ENSMUSG00000052397,ENSCJAG00000003763
ENSMUSG00000021186,ENSCJAG00000017963
ENSMUSG00000021414,ENSCJAG00000021382
ENSMUSG00000060924,ENSCJAG00000012584
ENSMUSG00000065607,ENSCJAG00000030941
ENSMUSG00000020021,ENSCJAG00000002776
ENSMUSG00000078157,ENSCJAG00000017463
ENSMUSG00000032633,ENSCJAG00000007820
ENSMUSG00000021415,ENSCJAG00000040689
ENSMUSG00000032417,ENSCJAG00000064674
ENSMUSG00000034601,ENSCJAG00000018807
ENSMUSG00000021416,ENSCJAG00000021377
ENSMUSG00000023806,ENSCJAG00000011581
ENSMUSG00000035104,ENSCJAG00000066426
ENSMUSG00000032313,ENSCJAG00000010771
ENSMUSG00000028931,ENSCJAG00000000086
ENSMUSG00000022623,ENSCJAG00000018406
ENSMUSG00000024049,ENSCJAG00000012917
ENSMUSG00000077334,ENSCJAG00000071849
ENSMUSG00000077334,ENSCJAG00000085957
ENSMUSG00000042717,ENSCJAG00000017032
ENSMUSG00000034928,ENSCJAG00000007338
ENSMUSG00000030292,ENSCJAG00000041251
ENSMUSG00000025154,ENSCJAG00000016514
ENSMUSG00000042138,ENSCJAG00000038206
ENSMUSG00000020843,ENSCJAG00000021699
ENSMUSG00000040354,ENSCJAG00000007249
ENSMUSG00000030043,ENSCJAG00000079068
ENSMUSG00000033684,ENSCJAG00000007966
ENSMUSG00000046364,ENSCJAG00000079777
ENSMUSG00000046364,ENSCJAG00000011775
ENSMUSG00000030042,ENSCJAG00000017156
ENSMUSG00000037992,ENSCJAG00000013440
ENSMUSG00000034194,ENSCJAG00000020118
ENSMUSG00000032314,ENSCJAG00000010791
ENSMUSG00000031519,ENSCJAG00000005400
ENSMUSG00000065016,ENSCJAG00000030131
ENSMUSG00000077575,ENSCJAG00000076837
ENSMUSG00000066406,ENSCJAG00000009388
ENSMUSG00000000628,ENSCJAG00000017161
ENSMUSG00000044548,ENSCJAG00000018902
ENSMUSG00000032318,ENSCJAG00000010855
ENSMUSG00000006526,ENSCJAG00000031804
ENSMUSG00000022237,ENSCJAG00000009224
ENSMUSG00000031518,ENSCJAG00000005386
ENSMUSG00000033703,ENSCJAG00000014678
ENSMUSG00000001946,ENSCJAG00000008016
ENSMUSG00000021188,ENSCJAG00000017995
ENSMUSG00000047197,ENSCJAG00000046154
ENSMUSG00000020914,ENSCJAG00000013478
ENSMUSG00000038822,ENSCJAG00000001597
ENSMUSG00000042485,ENSCJAG00000087173
ENSMUSG00000065431,ENSCJAG00000027274
ENSMUSG00000040016,ENSCJAG00000022946
ENSMUSG00000038388,ENSCJAG00000007689
ENSMUSG00000034190,ENSCJAG00000020123
ENSMUSG00000022622,ENSCJAG00000018409
ENSMUSG00000060798,ENSCJAG00000003524
ENSMUSG00000001943,ENSCJAG00000007995
ENSMUSG00000067199,ENSCJAG00000058491
ENSMUSG00000035049,ENSCJAG00000016549
ENSMUSG00000022074,ENSCJAG00000002555
ENSMUSG00000019373,ENSCJAG00000007845
ENSMUSG00000079020,ENSCJAG00000003889
ENSMUSG00000043153,ENSCJAG00000000937
ENSMUSG00000022075,ENSCJAG00000020143
ENSMUSG00000028080,ENSCJAG00000002279
ENSMUSG00000053310,ENSCJAG00000040740
ENSMUSG00000034007,ENSCJAG00000010868
ENSMUSG00000016918,ENSCJAG00000005003
ENSMUSG00000022085,ENSCJAG00000020158
ENSMUSG00000011752,ENSCJAG00000069022
ENSMUSG00000033730,ENSCJAG00000059573
ENSMUSG00000034321,ENSCJAG00000016586
ENSMUSG00000022089,ENSCJAG00000020166
ENSMUSG00000031749,ENSCJAG00000014673
ENSMUSG00002075782,ENSCJAG00000033516
ENSMUSG00002075782,ENSCJAG00000023668
ENSMUSG00000031024,ENSCJAG00000011712
ENSMUSG00000031024,ENSCJAG00000038362
ENSMUSG00000017493,ENSCJAG00000013550
ENSMUSG00000045281,ENSCJAG00000045235
ENSMUSG00000033712,ENSCJAG00000020174
ENSMUSG00000025157,ENSCJAG00000016605
ENSMUSG00000039100,ENSCJAG00000009091
ENSMUSG00000024052,ENSCJAG00000012946
ENSMUSG00000032615,ENSCJAG00000031433
ENSMUSG00000038848,ENSCJAG00000010056
ENSMUSG00000118904,ENSCJAG00000070033
ENSMUSG00000118904,ENSCJAG00000082904
ENSMUSG00000118904,ENSCJAG00000073446
ENSMUSG00000118904,ENSCJAG00000079936
ENSMUSG00000118904,ENSCJAG00000073904
ENSMUSG00000064138,ENSCJAG00000010444
ENSMUSG00000065630,ENSCJAG00000041103
ENSMUSG00000034656,ENSCJAG00000004458
ENSMUSG00000040345,ENSCJAG00000007264
ENSMUSG00000025159,ENSCJAG00000016651
ENSMUSG00000044551,ENSCJAG00000020218
ENSMUSG00000017607,ENSCJAG00000013560
ENSMUSG00000021189,ENSCJAG00000034776
ENSMUSG00000021189,ENSCJAG00000018025
ENSMUSG00000021189,ENSCJAG00000040858
ENSMUSG00000038840,ENSCJAG00000009955
ENSMUSG00000022621,ENSCJAG00000018414
ENSMUSG00000057948,ENSCJAG00000014002
ENSMUSG00000064472,ENSCJAG00000031432
ENSMUSG00000064472,ENSCJAG00000079609
ENSMUSG00000022090,ENSCJAG00000020226
ENSMUSG00000001942,ENSCJAG00000007950
ENSMUSG00000063260,ENSCJAG00000018100
ENSMUSG00000024053,ENSCJAG00000012955
ENSMUSG00000075470,ENSCJAG00000064319
ENSMUSG00000025407,ENSCJAG00000007324
ENSMUSG00000022898,ENSCJAG00000002626
ENSMUSG00000026812,ENSCJAG00000018087
ENSMUSG00000022235,ENSCJAG00000059870
ENSMUSG00000022235,ENSCJAG00000045979
ENSMUSG00000036144,ENSCJAG00000000930
ENSMUSG00000021218,ENSCJAG00000020512
ENSMUSG00000030409,ENSCJAG00000012303
ENSMUSG00000113902,ENSCJAG00000018067
ENSMUSG00000113902,ENSCJAG00000038932
ENSMUSG00000022091,ENSCJAG00000020235
ENSMUSG00000041781,ENSCJAG00000018069
ENSMUSG00000022897,ENSCJAG00000002609
ENSMUSG00000022234,ENSCJAG00000015280
ENSMUSG00000022234,ENSCJAG00000008977
ENSMUSG00000047492,ENSCJAG00000007356
ENSMUSG00000050103,ENSCJAG00000000927
ENSMUSG00000025405,ENSCJAG00000045679
ENSMUSG00000020023,ENSCJAG00000042544
ENSMUSG00000031434,ENSCJAG00000007983
ENSMUSG00000070867,ENSCJAG00000042725
ENSMUSG00000039577,ENSCJAG00000000076
ENSMUSG00000029821,ENSCJAG00000007718
ENSMUSG00000001948,ENSCJAG00000040807
ENSMUSG00000032320,ENSCJAG00000083884
ENSMUSG00000056073,ENSCJAG00000001552
ENSMUSG00000022747,ENSCJAG00000000658
ENSMUSG00000052560,ENSCJAG00000018036
ENSMUSG00000011114,ENSCJAG00000007920
ENSMUSG00000034574,ENSCJAG00000018906
ENSMUSG00000022092,ENSCJAG00000020251
ENSMUSG00000024054,ENSCJAG00000049819
ENSMUSG00000024054,ENSCJAG00000000071
ENSMUSG00000011118,ENSCJAG00000007913
ENSMUSG00000021922,ENSCJAG00000007045
ENSMUSG00000057969,ENSCJAG00000004845
ENSMUSG00000016487,ENSCJAG00000038353
ENSMUSG00000039546,ENSCJAG00000026490
ENSMUSG00000069171,ENSCJAG00000010492
ENSMUSG00000033671,ENSCJAG00000008014
ENSMUSG00000047613,ENSCJAG00000002869
ENSMUSG00000055652,ENSCJAG00000021976
ENSMUSG00000034918,ENSCJAG00000007310
ENSMUSG00000039065,ENSCJAG00000070705
ENSMUSG00000029027,ENSCJAG00000002834
ENSMUSG00000040841,ENSCJAG00000012372
ENSMUSG00000045267,ENSCJAG00000077757
ENSMUSG00000031023,ENSCJAG00000011704
ENSMUSG00000089317,ENSCJAG00000023838
ENSMUSG00000022231,ENSCJAG00000008962
ENSMUSG00000043301,ENSCJAG00000002599
ENSMUSG00000026489,ENSCJAG00000012948
ENSMUSG00000004221,ENSCJAG00000016764
ENSMUSG00000020024,ENSCJAG00000002860
ENSMUSG00000039523,ENSCJAG00000002820
ENSMUSG00000050428,ENSCJAG00000012379
ENSMUSG00000031022,ENSCJAG00000011696
ENSMUSG00000024056,ENSCJAG00000000078
ENSMUSG00000064867,ENSCJAG00000084631
ENSMUSG00000064867,ENSCJAG00000028885
ENSMUSG00000064867,ENSCJAG00000087103
ENSMUSG00000053819,ENSCJAG00000003480
ENSMUSG00000022742,ENSCJAG00000000664
ENSMUSG00000069227,ENSCJAG00000007308
ENSMUSG00000035951,ENSCJAG00000011693
ENSMUSG00000030407,ENSCJAG00000082509
ENSMUSG00000021693,ENSCJAG00000015422
ENSMUSG00000047293,ENSCJAG00000023185
ENSMUSG00000022744,ENSCJAG00000047211
ENSMUSG00000037944,ENSCJAG00000075739
ENSMUSG00000061650,ENSCJAG00000008916
ENSMUSG00000040824,ENSCJAG00000070880
ENSMUSG00000049892,ENSCJAG00000043563
ENSMUSG00000034341,ENSCJAG00000037619
ENSMUSG00000034341,ENSCJAG00000022901
ENSMUSG00000031021,ENSCJAG00000040214
ENSMUSG00000045761,ENSCJAG00000008912
ENSMUSG00000029028,ENSCJAG00000002819
ENSMUSG00000074785,ENSCJAG00000002890
ENSMUSG00000033808,ENSCJAG00000003113
ENSMUSG00000034825,ENSCJAG00000011630
ENSMUSG00000119024,ENSCJAG00000081879
ENSMUSG00000025754,ENSCJAG00000013146
ENSMUSG00000043398,ENSCJAG00000018962
ENSMUSG00000019718,ENSCJAG00000018964
ENSMUSG00000022261,ENSCJAG00000020570
ENSMUSG00000062609,ENSCJAG00000039990
ENSMUSG00000078350,ENSCJAG00000072875
ENSMUSG00000041771,ENSCJAG00000018103
ENSMUSG00000039842,ENSCJAG00000000217
ENSMUSG00000039007,ENSCJAG00000020579
ENSMUSG00000000301,ENSCJAG00000008932
ENSMUSG00000038774,ENSCJAG00000001507
ENSMUSG00000044375,ENSCJAG00000065308
ENSMUSG00000037210,ENSCJAG00000014343
ENSMUSG00000023868,ENSCJAG00000012410
ENSMUSG00000020773,ENSCJAG00000013980
ENSMUSG00000039492,ENSCJAG00000002791
ENSMUSG00000038984,ENSCJAG00000048561
ENSMUSG00000022255,ENSCJAG00000005059
ENSMUSG00000028716,ENSCJAG00000046011
ENSMUSG00000030406,ENSCJAG00000012422
ENSMUSG00000040163,ENSCJAG00000072248
ENSMUSG00000025938,ENSCJAG00000005106
ENSMUSG00000064392,ENSCJAG00000027961
ENSMUSG00000064392,ENSCJAG00000072883
ENSMUSG00000033658,ENSCJAG00000056923
ENSMUSG00000040121,ENSCJAG00000054786
ENSMUSG00000029438,ENSCJAG00000046878
ENSMUSG00000040112,ENSCJAG00000043200
ENSMUSG00000019913,ENSCJAG00000001495
ENSMUSG00000047155,ENSCJAG00000043987
ENSMUSG00000062115,ENSCJAG00000008947
ENSMUSG00000029563,ENSCJAG00000017044
ENSMUSG00000105037,ENSCJAG00000085285
ENSMUSG00000005078,ENSCJAG00000018970
ENSMUSG00000039361,ENSCJAG00000014262
ENSMUSG00000031465,ENSCJAG00000000227
ENSMUSG00000020027,ENSCJAG00000002958
ENSMUSG00000042414,ENSCJAG00000008052
ENSMUSG00000010609,ENSCJAG00000012908
ENSMUSG00000031467,ENSCJAG00000000204
ENSMUSG00000054517,ENSCJAG00000064677
ENSMUSG00000021086,ENSCJAG00000018979
ENSMUSG00000031400,ENSCJAG00000016775
ENSMUSG00000074991,ENSCJAG00000008491
ENSMUSG00000006522,ENSCJAG00000006989
ENSMUSG00000025171,ENSCJAG00000016722
ENSMUSG00000044456,ENSCJAG00000018131
ENSMUSG00000025172,ENSCJAG00000016726
ENSMUSG00000022724,ENSCJAG00000043760
ENSMUSG00000031960,ENSCJAG00000014562
ENSMUSG00000020775,ENSCJAG00000013973
ENSMUSG00000061165,ENSCJAG00000038255
ENSMUSG00000025176,ENSCJAG00000047404
ENSMUSG00000110526,ENSCJAG00000038255
ENSMUSG00000032322,ENSCJAG00000011058
ENSMUSG00000084346,ENSCJAG00000062966
ENSMUSG00000084346,ENSCJAG00000070632
ENSMUSG00000084346,ENSCJAG00000075042
ENSMUSG00000065291,ENSCJAG00000071182
ENSMUSG00000031433,ENSCJAG00000007957
ENSMUSG00000026809,ENSCJAG00000046099
ENSMUSG00000034891,ENSCJAG00000007301
ENSMUSG00000049670,ENSCJAG00000016744
ENSMUSG00000025178,ENSCJAG00000016755
ENSMUSG00000026807,ENSCJAG00000018142
ENSMUSG00000020315,ENSCJAG00000010149
ENSMUSG00000022723,ENSCJAG00000008539
ENSMUSG00000066072,ENSCJAG00000062966
ENSMUSG00000066072,ENSCJAG00000070632
ENSMUSG00000066072,ENSCJAG00000075042
ENSMUSG00000063350,ENSCJAG00000053698
ENSMUSG00000058628,ENSCJAG00000053698
ENSMUSG00002075329,ENSCJAG00000027516
ENSMUSG00002075329,ENSCJAG00000032601
ENSMUSG00002075329,ENSCJAG00000026933
ENSMUSG00000033799,ENSCJAG00000020506
ENSMUSG00000036095,ENSCJAG00000000897
ENSMUSG00000022257,ENSCJAG00000069717
ENSMUSG00000066750,ENSCJAG00000053698
ENSMUSG00000006529,ENSCJAG00000048486
ENSMUSG00000035666,ENSCJAG00000018166
ENSMUSG00000066749,ENSCJAG00000060012
ENSMUSG00000032562,ENSCJAG00000004925
ENSMUSG00000018821,ENSCJAG00000062664
ENSMUSG00000044345,ENSCJAG00000016782
ENSMUSG00002076372,ENSCJAG00000080790
ENSMUSG00002076372,ENSCJAG00000040975
ENSMUSG00000063522,ENSCJAG00000059726
ENSMUSG00000042401,ENSCJAG00000016821
ENSMUSG00000039814,ENSCJAG00000038600
ENSMUSG00000026163,ENSCJAG00000013076
ENSMUSG00000066748,ENSCJAG00000022117
ENSMUSG00000040732,ENSCJAG00000008119
ENSMUSG00000032324,ENSCJAG00000011087
ENSMUSG00000026806,ENSCJAG00000018173
ENSMUSG00000065899,ENSCJAG00000073536
ENSMUSG00000065899,ENSCJAG00000029719
ENSMUSG00000065899,ENSCJAG00000024720
ENSMUSG00000065899,ENSCJAG00000031921
ENSMUSG00000065899,ENSCJAG00000073806
ENSMUSG00000028712,ENSCJAG00000062966
ENSMUSG00000028712,ENSCJAG00000070632
ENSMUSG00000028712,ENSCJAG00000075042
ENSMUSG00000044726,ENSCJAG00000015555
ENSMUSG00000022323,ENSCJAG00000015560
ENSMUSG00000051706,ENSCJAG00000081399
ENSMUSG00000079534,ENSCJAG00000052872
ENSMUSG00000031295,ENSCJAG00000005668
ENSMUSG00000109941,ENSCJAG00000014559
ENSMUSG00000066747,ENSCJAG00000007894
ENSMUSG00000055782,ENSCJAG00000017942
ENSMUSG00000060579,ENSCJAG00000019708
ENSMUSG00000038855,ENSCJAG00000012894
ENSMUSG00000084661,ENSCJAG00000053509
ENSMUSG00000019909,ENSCJAG00000055731
ENSMUSG00000033781,ENSCJAG00000020501
ENSMUSG00000063929,ENSCJAG00000062966
ENSMUSG00000063929,ENSCJAG00000070632
ENSMUSG00000063929,ENSCJAG00000075042
ENSMUSG00000074305,ENSCJAG00000011124
ENSMUSG00000039375,ENSCJAG00000005304
ENSMUSG00000078932,ENSCJAG00000017927
ENSMUSG00000034780,ENSCJAG00000042126
ENSMUSG00000019905,ENSCJAG00000004373
ENSMUSG00000026805,ENSCJAG00000018212
ENSMUSG00000025184,ENSCJAG00000016839
ENSMUSG00000053963,ENSCJAG00000012889
ENSMUSG00000036298,ENSCJAG00000017922
ENSMUSG00000063130,ENSCJAG00000044574
ENSMUSG00000033765,ENSCJAG00000043208
ENSMUSG00000099269,ENSCJAG00000043208
ENSMUSG00000074794,ENSCJAG00000010525
ENSMUSG00000079502,ENSCJAG00000018226
ENSMUSG00000045658,ENSCJAG00000085982
ENSMUSG00000025185,ENSCJAG00000016875
ENSMUSG00000021918,ENSCJAG00000006955
ENSMUSG00000022325,ENSCJAG00000015567
ENSMUSG00000047897,ENSCJAG00000084575
ENSMUSG00000032329,ENSCJAG00000011131
ENSMUSG00000072662,ENSCJAG00000042221
ENSMUSG00000015484,ENSCJAG00000008093
ENSMUSG00000019929,ENSCJAG00000019513
ENSMUSG00000062646,ENSCJAG00000045036
ENSMUSG00000040102,ENSCJAG00000047536
ENSMUSG00000048402,ENSCJAG00000013342
ENSMUSG00000021087,ENSCJAG00000018989
ENSMUSG00000048776,ENSCJAG00000043999
ENSMUSG00000068184,ENSCJAG00000080965
ENSMUSG00000068184,ENSCJAG00000071115
ENSMUSG00000041390,ENSCJAG00000062950
ENSMUSG00000059866,ENSCJAG00000014338
ENSMUSG00000029026,ENSCJAG00000002773
ENSMUSG00000036446,ENSCJAG00000039709
ENSMUSG00000021215,ENSCJAG00000020490
ENSMUSG00000019932,ENSCJAG00000019551
ENSMUSG00000019936,ENSCJAG00000019555
ENSMUSG00000030301,ENSCJAG00000040247
ENSMUSG00000038879,ENSCJAG00000040562
ENSMUSG00000021090,ENSCJAG00000019037
ENSMUSG00000011831,ENSCJAG00000017619
ENSMUSG00000037035,ENSCJAG00000048402
ENSMUSG00000036766,ENSCJAG00000013102
ENSMUSG00000024059,ENSCJAG00000008811
ENSMUSG00000019900,ENSCJAG00000004349
ENSMUSG00000032872,ENSCJAG00000015140
ENSMUSG00000050963,ENSCJAG00000045971
ENSMUSG00000025188,ENSCJAG00000016915
ENSMUSG00000022329,ENSCJAG00000015597
ENSMUSG00000029553,ENSCJAG00000047848
ENSMUSG00000021216,ENSCJAG00000020489
ENSMUSG00000005886,ENSCJAG00000007974
ENSMUSG00000044988,ENSCJAG00000000529
ENSMUSG00000072944,ENSCJAG00000007942
ENSMUSG00000026803,ENSCJAG00000018230
ENSMUSG00000074895,ENSCJAG00000007291
ENSMUSG00000029822,ENSCJAG00000007746
ENSMUSG00000118653,ENSCJAG00000068677
ENSMUSG00000042761,ENSCJAG00000031597
ENSMUSG00000017631,ENSCJAG00000021698
ENSMUSG00000027030,ENSCJAG00000006518
ENSMUSG00000022722,ENSCJAG00000074830
ENSMUSG00000042433,ENSCJAG00000007925
ENSMUSG00000021917,ENSCJAG00000006947
ENSMUSG00000049556,ENSCJAG00000011159
ENSMUSG00000031517,ENSCJAG00000005275
ENSMUSG00000062168,ENSCJAG00000005798
ENSMUSG00000022330,ENSCJAG00000015627
ENSMUSG00000002297,ENSCJAG00000014413
ENSMUSG00000037646,ENSCJAG00000015651
ENSMUSG00000021843,ENSCJAG00000018382
ENSMUSG00000031293,ENSCJAG00000005829
ENSMUSG00000056919,ENSCJAG00000015177
ENSMUSG00000046258,ENSCJAG00000005263
ENSMUSG00000109482,ENSCJAG00000019070
ENSMUSG00000042425,ENSCJAG00000007898
ENSMUSG00000096265,ENSCJAG00000073997
ENSMUSG00000021094,ENSCJAG00000019070
ENSMUSG00000043535,ENSCJAG00000018245
ENSMUSG00000049641,ENSCJAG00000004345
ENSMUSG00000038257,ENSCJAG00000005246
ENSMUSG00000022895,ENSCJAG00000008102
ENSMUSG00000019943,ENSCJAG00000019568
ENSMUSG00000032750,ENSCJAG00000016753
ENSMUSG00000045620,ENSCJAG00000079718
ENSMUSG00000021096,ENSCJAG00000019087
ENSMUSG00000033633,ENSCJAG00000014539
ENSMUSG00000014313,ENSCJAG00000076638
ENSMUSG00000014313,ENSCJAG00000021005
ENSMUSG00000032911,ENSCJAG00000046088
ENSMUSG00000004151,ENSCJAG00000000857
ENSMUSG00000031432,ENSCJAG00000007891
ENSMUSG00000037627,ENSCJAG00000015721
ENSMUSG00000032733,ENSCJAG00000004860
ENSMUSG00000055540,ENSCJAG00000008553
ENSMUSG00000032419,ENSCJAG00000046597
ENSMUSG00000058558,ENSCJAG00000017673
ENSMUSG00000058558,ENSCJAG00000023337
ENSMUSG00000063694,ENSCJAG00000084433
ENSMUSG00000063694,ENSCJAG00000084043
ENSMUSG00000063694,ENSCJAG00000074356
ENSMUSG00000021694,ENSCJAG00000015351
ENSMUSG00000079324,ENSCJAG00000071891
ENSMUSG00000019960,ENSCJAG00000083917
ENSMUSG00000045095,ENSCJAG00000019439
ENSMUSG00000029029,ENSCJAG00000002757
ENSMUSG00000032288,ENSCJAG00000044585
ENSMUSG00000031431,ENSCJAG00000071403
ENSMUSG00000048230,ENSCJAG00000015760
ENSMUSG00000005262,ENSCJAG00000001566
ENSMUSG00000004451,ENSCJAG00000013326
ENSMUSG00000074852,ENSCJAG00000016974
ENSMUSG00000119124,ENSCJAG00000027955
ENSMUSG00000038903,ENSCJAG00000004164
ENSMUSG00000046934,ENSCJAG00000011275
ENSMUSG00000045996,ENSCJAG00000071190
ENSMUSG00000045996,ENSCJAG00000080456
ENSMUSG00000045996,ENSCJAG00000075363
ENSMUSG00000064453,ENSCJAG00000023637
ENSMUSG00000077426,ENSCJAG00000073857
ENSMUSG00000077426,ENSCJAG00000070352
ENSMUSG00000032290,ENSCJAG00000015619
ENSMUSG00000038342,ENSCJAG00000020340
ENSMUSG00000025404,ENSCJAG00000007365
ENSMUSG00000025404,ENSCJAG00000052259
ENSMUSG00000025189,ENSCJAG00000016989
ENSMUSG00000037617,ENSCJAG00000015770
ENSMUSG00000098923,ENSCJAG00000004108
ENSMUSG00000087782,ENSCJAG00000027448
ENSMUSG00000031403,ENSCJAG00000004210
ENSMUSG00000084505,ENSCJAG00000085839
ENSMUSG00000029030,ENSCJAG00000002752
ENSMUSG00000026496,ENSCJAG00000012831
ENSMUSG00000034684,ENSCJAG00000004851
ENSMUSG00000024511,ENSCJAG00000004175
ENSMUSG00000057751,ENSCJAG00000002676
ENSMUSG00000027035,ENSCJAG00000006173
ENSMUSG00000110591,ENSCJAG00000073997
ENSMUSG00000025190,ENSCJAG00000017037
ENSMUSG00000031613,ENSCJAG00000005216
ENSMUSG00000071632,ENSCJAG00000078029
ENSMUSG00000071632,ENSCJAG00000044605
ENSMUSG00000074449,ENSCJAG00000073997
ENSMUSG00000044220,ENSCJAG00000017049
ENSMUSG00000034738,ENSCJAG00000006199
ENSMUSG00000040414,ENSCJAG00000042303
ENSMUSG00000055471,ENSCJAG00000008763
ENSMUSG00000033624,ENSCJAG00000014501
ENSMUSG00000070173,ENSCJAG00000034755
ENSMUSG00000070173,ENSCJAG00000033113
ENSMUSG00000025192,ENSCJAG00000017079
ENSMUSG00000029270,ENSCJAG00000017678
ENSMUSG00000022280,ENSCJAG00000015794
ENSMUSG00000022706,ENSCJAG00000001584
ENSMUSG00002076036,ENSCJAG00000072201
ENSMUSG00000050312,ENSCJAG00000008606
ENSMUSG00000039770,ENSCJAG00000076602
ENSMUSG00000021417,ENSCJAG00000021377
ENSMUSG00000026799,ENSCJAG00000018305
ENSMUSG00000000266,ENSCJAG00000007802
ENSMUSG00000054520,ENSCJAG00000014306
ENSMUSG00000048307,ENSCJAG00000015816
ENSMUSG00000010392,ENSCJAG00000013915
ENSMUSG00000038215,ENSCJAG00000005195
ENSMUSG00000024063,ENSCJAG00000036106
ENSMUSG00000040018,ENSCJAG00000017107
ENSMUSG00000022911,ENSCJAG00000008622
ENSMUSG00000023873,ENSCJAG00000048432
ENSMUSG00000055022,ENSCJAG00000017809
ENSMUSG00000020538,ENSCJAG00000008953
ENSMUSG00000089437,ENSCJAG00000078315
ENSMUSG00000089014,ENSCJAG00000028081
ENSMUSG00000025935,ENSCJAG00000007893
ENSMUSG00000031292,ENSCJAG00000005834
ENSMUSG00000047854,ENSCJAG00000065164
ENSMUSG00000038425,ENSCJAG00000001851
ENSMUSG00000022912,ENSCJAG00000008648
ENSMUSG00000025193,ENSCJAG00000017121
ENSMUSG00000029032,ENSCJAG00000002662
ENSMUSG00000005233,ENSCJAG00000006242
ENSMUSG00000094687,ENSCJAG00000059647
ENSMUSG00000094687,ENSCJAG00000003891
ENSMUSG00000094687,ENSCJAG00000055991
ENSMUSG00000094687,ENSCJAG00000003884
ENSMUSG00000094687,ENSCJAG00000042440
ENSMUSG00000094687,ENSCJAG00000003882
ENSMUSG00000094687,ENSCJAG00000051525
ENSMUSG00000022702,ENSCJAG00000001591
ENSMUSG00000061958,ENSCJAG00000059647
ENSMUSG00000061958,ENSCJAG00000003891
ENSMUSG00000061958,ENSCJAG00000055991
ENSMUSG00000061958,ENSCJAG00000003884
ENSMUSG00000061958,ENSCJAG00000042440
ENSMUSG00000061958,ENSCJAG00000003882
ENSMUSG00000061958,ENSCJAG00000051525
ENSMUSG00000038206,ENSCJAG00000045228
ENSMUSG00000025194,ENSCJAG00000017142
ENSMUSG00000025937,ENSCJAG00000007866
ENSMUSG00000046173,ENSCJAG00000015833
ENSMUSG00000046173,ENSCJAG00000018953
ENSMUSG00000046173,ENSCJAG00000000131
ENSMUSG00000047446,ENSCJAG00000066925
ENSMUSG00000054099,ENSCJAG00000014451
ENSMUSG00000054469,ENSCJAG00000048252
ENSMUSG00000039410,ENSCJAG00000002653
ENSMUSG00000021099,ENSCJAG00000019120
ENSMUSG00000067813,ENSCJAG00000071047
ENSMUSG00000074444,ENSCJAG00000059647
ENSMUSG00000074444,ENSCJAG00000003891
ENSMUSG00000074444,ENSCJAG00000055991
ENSMUSG00000074444,ENSCJAG00000003884
ENSMUSG00000074444,ENSCJAG00000042440
ENSMUSG00000074444,ENSCJAG00000003882
ENSMUSG00000074444,ENSCJAG00000051525
ENSMUSG00000074443,ENSCJAG00000059647
ENSMUSG00000074443,ENSCJAG00000003891
ENSMUSG00000074443,ENSCJAG00000055991
ENSMUSG00000074443,ENSCJAG00000003884
ENSMUSG00000074443,ENSCJAG00000042440
ENSMUSG00000074443,ENSCJAG00000003882
ENSMUSG00000074443,ENSCJAG00000051525
ENSMUSG00000074442,ENSCJAG00000059647
ENSMUSG00000074442,ENSCJAG00000003891
ENSMUSG00000074442,ENSCJAG00000055991
ENSMUSG00000074442,ENSCJAG00000003884
ENSMUSG00000074442,ENSCJAG00000042440
ENSMUSG00000074442,ENSCJAG00000003882
ENSMUSG00000074442,ENSCJAG00000051525
ENSMUSG00000026219,ENSCJAG00000013123
ENSMUSG00000051367,ENSCJAG00000063759
ENSMUSG00000079116,ENSCJAG00000059647
ENSMUSG00000079116,ENSCJAG00000003891
ENSMUSG00000079116,ENSCJAG00000055991
ENSMUSG00000079116,ENSCJAG00000003884
ENSMUSG00000079116,ENSCJAG00000042440
ENSMUSG00000079116,ENSCJAG00000003882
ENSMUSG00000079116,ENSCJAG00000051525
ENSMUSG00000074441,ENSCJAG00000059647
ENSMUSG00000074441,ENSCJAG00000003891
ENSMUSG00000074441,ENSCJAG00000055991
ENSMUSG00000074441,ENSCJAG00000003884
ENSMUSG00000074441,ENSCJAG00000042440
ENSMUSG00000074441,ENSCJAG00000003882
ENSMUSG00000074441,ENSCJAG00000051525
ENSMUSG00000042557,ENSCJAG00000015537
ENSMUSG00000074440,ENSCJAG00000059647
ENSMUSG00000074440,ENSCJAG00000003891
ENSMUSG00000074440,ENSCJAG00000055991
ENSMUSG00000074440,ENSCJAG00000003884
ENSMUSG00000074440,ENSCJAG00000042440
ENSMUSG00000074440,ENSCJAG00000003882
ENSMUSG00000074440,ENSCJAG00000051525
ENSMUSG00000034460,ENSCJAG00000019133
ENSMUSG00000025762,ENSCJAG00000003338
ENSMUSG00000074439,ENSCJAG00000059647
ENSMUSG00000074439,ENSCJAG00000003891
ENSMUSG00000074439,ENSCJAG00000055991
ENSMUSG00000074439,ENSCJAG00000003884
ENSMUSG00000074439,ENSCJAG00000042440
ENSMUSG00000074439,ENSCJAG00000003882
ENSMUSG00000074439,ENSCJAG00000051525
ENSMUSG00000003316,ENSCJAG00000014476
ENSMUSG00000002565,ENSCJAG00000000815
ENSMUSG00000062078,ENSCJAG00000012368
ENSMUSG00000036218,ENSCJAG00000017792
ENSMUSG00000025195,ENSCJAG00000017162
ENSMUSG00000005232,ENSCJAG00000006252
ENSMUSG00000040570,ENSCJAG00000014488
ENSMUSG00000067860,ENSCJAG00000013792
ENSMUSG00000013611,ENSCJAG00000015820
ENSMUSG00000027068,ENSCJAG00000006320
ENSMUSG00000028175,ENSCJAG00000017579
ENSMUSG00000024513,ENSCJAG00000040234
ENSMUSG00000105906,ENSCJAG00000070082
ENSMUSG00000105906,ENSCJAG00000081711
ENSMUSG00000031402,ENSCJAG00000004227
ENSMUSG00000105547,ENSCJAG00000070082
ENSMUSG00000105547,ENSCJAG00000081711
ENSMUSG00000027070,ENSCJAG00000006333
ENSMUSG00000021103,ENSCJAG00000019143
ENSMUSG00000106039,ENSCJAG00000070082
ENSMUSG00000106039,ENSCJAG00000081711
ENSMUSG00000020841,ENSCJAG00000013845
ENSMUSG00000076937,ENSCJAG00000070082
ENSMUSG00000076937,ENSCJAG00000081711
ENSMUSG00000054594,ENSCJAG00000018505
ENSMUSG00000037196,ENSCJAG00000012365
ENSMUSG00000088627,ENSCJAG00000059579
ENSMUSG00000029828,ENSCJAG00000063137
ENSMUSG00000050742,ENSCJAG00000041193
ENSMUSG00000060534,ENSCJAG00000001868
ENSMUSG00000050158,ENSCJAG00000041193
ENSMUSG00000023827,ENSCJAG00000012323
ENSMUSG00000056822,ENSCJAG00000047890
ENSMUSG00000056822,ENSCJAG00000086568
ENSMUSG00000034442,ENSCJAG00000019157
ENSMUSG00000034442,ENSCJAG00000023404
ENSMUSG00000061361,ENSCJAG00000047890
ENSMUSG00000061361,ENSCJAG00000086568
ENSMUSG00000035674,ENSCJAG00000082708
ENSMUSG00000035674,ENSCJAG00000018518
ENSMUSG00000036197,ENSCJAG00000017773
ENSMUSG00000029552,ENSCJAG00000005193
ENSMUSG00000021198,ENSCJAG00000018332
ENSMUSG00000052504,ENSCJAG00000008692
ENSMUSG00000074437,ENSCJAG00000059647
ENSMUSG00000074437,ENSCJAG00000003891
ENSMUSG00000074437,ENSCJAG00000055991
ENSMUSG00000074437,ENSCJAG00000003884
ENSMUSG00000074437,ENSCJAG00000042440
ENSMUSG00000074437,ENSCJAG00000003882
ENSMUSG00000074437,ENSCJAG00000051525
ENSMUSG00000007279,ENSCJAG00000011533
ENSMUSG00000024066,ENSCJAG00000003090
ENSMUSG00000020839,ENSCJAG00000013832
ENSMUSG00000088490,ENSCJAG00000085839
ENSMUSG00000096295,ENSCJAG00000059647
ENSMUSG00000096295,ENSCJAG00000003891
ENSMUSG00000096295,ENSCJAG00000055991
ENSMUSG00000096295,ENSCJAG00000003884
ENSMUSG00000096295,ENSCJAG00000042440
ENSMUSG00000096295,ENSCJAG00000003882
ENSMUSG00000096295,ENSCJAG00000051525
ENSMUSG00000025196,ENSCJAG00000017197
ENSMUSG00000094362,ENSCJAG00000059647
ENSMUSG00000094362,ENSCJAG00000003891
ENSMUSG00000094362,ENSCJAG00000055991
ENSMUSG00000094362,ENSCJAG00000003884
ENSMUSG00000094362,ENSCJAG00000042440
ENSMUSG00000094362,ENSCJAG00000003882
ENSMUSG00000094362,ENSCJAG00000051525
ENSMUSG00000094662,ENSCJAG00000059647
ENSMUSG00000094662,ENSCJAG00000003891
ENSMUSG00000094662,ENSCJAG00000055991
ENSMUSG00000094662,ENSCJAG00000003884
ENSMUSG00000094662,ENSCJAG00000042440
ENSMUSG00000094662,ENSCJAG00000003882
ENSMUSG00000094662,ENSCJAG00000051525
ENSMUSG00000079114,ENSCJAG00000059647
ENSMUSG00000079114,ENSCJAG00000003891
ENSMUSG00000079114,ENSCJAG00000055991
ENSMUSG00000079114,ENSCJAG00000003884
ENSMUSG00000079114,ENSCJAG00000042440
ENSMUSG00000079114,ENSCJAG00000003882
ENSMUSG00000079114,ENSCJAG00000051525
ENSMUSG00000049940,ENSCJAG00000003328
ENSMUSG00000033596,ENSCJAG00000014460
ENSMUSG00000054312,ENSCJAG00000042724
ENSMUSG00000054312,ENSCJAG00000041203
ENSMUSG00000029831,ENSCJAG00000007888
ENSMUSG00000028174,ENSCJAG00000017542
ENSMUSG00002075795,ENSCJAG00000024848
ENSMUSG00000037253,ENSCJAG00000072158
ENSMUSG00000020776,ENSCJAG00000013928
ENSMUSG00000064527,ENSCJAG00000056204
ENSMUSG00000064527,ENSCJAG00000033513
ENSMUSG00000064527,ENSCJAG00000081021
ENSMUSG00000064527,ENSCJAG00000069948
ENSMUSG00000024515,ENSCJAG00000001910
ENSMUSG00000073094,ENSCJAG00000004256
ENSMUSG00000000058,ENSCJAG00000054908
ENSMUSG00000025198,ENSCJAG00000017211
ENSMUSG00000095066,ENSCJAG00000059647
ENSMUSG00000095066,ENSCJAG00000003891
ENSMUSG00000095066,ENSCJAG00000055991
ENSMUSG00000095066,ENSCJAG00000003884
ENSMUSG00000095066,ENSCJAG00000042440
ENSMUSG00000095066,ENSCJAG00000003882
ENSMUSG00000095066,ENSCJAG00000051525
ENSMUSG00000045100,ENSCJAG00000013660
ENSMUSG00000094818,ENSCJAG00000059647
ENSMUSG00000094818,ENSCJAG00000003891
ENSMUSG00000094818,ENSCJAG00000055991
ENSMUSG00000094818,ENSCJAG00000003884
ENSMUSG00000094818,ENSCJAG00000042440
ENSMUSG00000094818,ENSCJAG00000003882
ENSMUSG00000094818,ENSCJAG00000051525
ENSMUSG00000029228,ENSCJAG00000018469
ENSMUSG00000065956,ENSCJAG00000059647
ENSMUSG00000065956,ENSCJAG00000003891
ENSMUSG00000065956,ENSCJAG00000055991
ENSMUSG00000065956,ENSCJAG00000003884
ENSMUSG00000065956,ENSCJAG00000042440
ENSMUSG00000065956,ENSCJAG00000003882
ENSMUSG00000065956,ENSCJAG00000051525
ENSMUSG00000074434,ENSCJAG00000059647
ENSMUSG00000074434,ENSCJAG00000003891
ENSMUSG00000074434,ENSCJAG00000055991
ENSMUSG00000074434,ENSCJAG00000003884
ENSMUSG00000074434,ENSCJAG00000042440
ENSMUSG00000074434,ENSCJAG00000003882
ENSMUSG00000074434,ENSCJAG00000051525
ENSMUSG00000079113,ENSCJAG00000059647
ENSMUSG00000079113,ENSCJAG00000003891
ENSMUSG00000079113,ENSCJAG00000055991
ENSMUSG00000079113,ENSCJAG00000003884
ENSMUSG00000079113,ENSCJAG00000042440
ENSMUSG00000079113,ENSCJAG00000003882
ENSMUSG00000079113,ENSCJAG00000051525
ENSMUSG00000060070,ENSCJAG00000059647
ENSMUSG00000060070,ENSCJAG00000003891
ENSMUSG00000060070,ENSCJAG00000055991
ENSMUSG00000060070,ENSCJAG00000003884
ENSMUSG00000060070,ENSCJAG00000042440
ENSMUSG00000060070,ENSCJAG00000003882
ENSMUSG00000060070,ENSCJAG00000051525
ENSMUSG00000060208,ENSCJAG00000059647
ENSMUSG00000060208,ENSCJAG00000003891
ENSMUSG00000060208,ENSCJAG00000055991
ENSMUSG00000060208,ENSCJAG00000003884
ENSMUSG00000060208,ENSCJAG00000042440
ENSMUSG00000060208,ENSCJAG00000003882
ENSMUSG00000060208,ENSCJAG00000051525
ENSMUSG00000022634,ENSCJAG00000017762
ENSMUSG00000063206,ENSCJAG00000059647
ENSMUSG00000063206,ENSCJAG00000003891
ENSMUSG00000063206,ENSCJAG00000055991
ENSMUSG00000063206,ENSCJAG00000003884
ENSMUSG00000063206,ENSCJAG00000042440
ENSMUSG00000063206,ENSCJAG00000003882
ENSMUSG00000063206,ENSCJAG00000051525
ENSMUSG00000031273,ENSCJAG00000007564
ENSMUSG00000021696,ENSCJAG00000015335
ENSMUSG00000036941,ENSCJAG00000001925
ENSMUSG00000024556,ENSCJAG00000001929
ENSMUSG00000038550,ENSCJAG00000009905
ENSMUSG00000030617,ENSCJAG00000014339
ENSMUSG00000073633,ENSCJAG00000013238
ENSMUSG00000088454,ENSCJAG00000069823
ENSMUSG00000007655,ENSCJAG00000063550
ENSMUSG00000025199,ENSCJAG00000017244
ENSMUSG00000022635,ENSCJAG00000017749
ENSMUSG00000026220,ENSCJAG00000013244
ENSMUSG00000008575,ENSCJAG00000012155
ENSMUSG00000119734,ENSCJAG00000081612
ENSMUSG00000030029,ENSCJAG00000013635
ENSMUSG00000026104,ENSCJAG00000005819
ENSMUSG00000024561,ENSCJAG00000004959
ENSMUSG00000058618,ENSCJAG00000059647
ENSMUSG00000058618,ENSCJAG00000003891
ENSMUSG00000058618,ENSCJAG00000055991
ENSMUSG00000058618,ENSCJAG00000003884
ENSMUSG00000058618,ENSCJAG00000042440
ENSMUSG00000058618,ENSCJAG00000003882
ENSMUSG00000058618,ENSCJAG00000051525
ENSMUSG00000038543,ENSCJAG00000009890
ENSMUSG00000064213,ENSCJAG00000059647
ENSMUSG00000064213,ENSCJAG00000003891
ENSMUSG00000064213,ENSCJAG00000055991
ENSMUSG00000064213,ENSCJAG00000003884
ENSMUSG00000064213,ENSCJAG00000042440
ENSMUSG00000064213,ENSCJAG00000003882
ENSMUSG00000064213,ENSCJAG00000051525
ENSMUSG00000033579,ENSCJAG00000014444
ENSMUSG00000022285,ENSCJAG00000015844
ENSMUSG00000022285,ENSCJAG00000003646
ENSMUSG00000038541,ENSCJAG00000003082
ENSMUSG00000031196,ENSCJAG00000004258
ENSMUSG00000022686,ENSCJAG00000059459
ENSMUSG00000025875,ENSCJAG00000007278
ENSMUSG00000015750,ENSCJAG00000009786
ENSMUSG00000093934,ENSCJAG00000056966
ENSMUSG00000006335,ENSCJAG00000018519
ENSMUSG00000014426,ENSCJAG00000012176
ENSMUSG00000031870,ENSCJAG00000000583
ENSMUSG00000028173,ENSCJAG00000017517
ENSMUSG00000058052,ENSCJAG00000003913
ENSMUSG00000044222,ENSCJAG00000071992
ENSMUSG00000050730,ENSCJAG00000000566
ENSMUSG00000079112,ENSCJAG00000003919
ENSMUSG00000004843,ENSCJAG00000008842
ENSMUSG00000030598,ENSCJAG00000032831
ENSMUSG00000062397,ENSCJAG00000039779
ENSMUSG00000043008,ENSCJAG00000021212
ENSMUSG00000001930,ENSCJAG00000000613
ENSMUSG00000006567,ENSCJAG00000008347
ENSMUSG00000020840,ENSCJAG00000038993
ENSMUSG00000075307,ENSCJAG00000040542
ENSMUSG00000035901,ENSCJAG00000011458
ENSMUSG00000055917,ENSCJAG00000022053
ENSMUSG00000055917,ENSCJAG00000016891
ENSMUSG00000091243,ENSCJAG00000042898
ENSMUSG00000036167,ENSCJAG00000017726
ENSMUSG00000025780,ENSCJAG00000020618
ENSMUSG00000062901,ENSCJAG00000082211
ENSMUSG00000025602,ENSCJAG00000007782
ENSMUSG00000027086,ENSCJAG00000006566
ENSMUSG00000031198,ENSCJAG00000047554
ENSMUSG00000031198,ENSCJAG00000004287
ENSMUSG00000021697,ENSCJAG00000015283
ENSMUSG00000039488,ENSCJAG00000000543
ENSMUSG00000090110,ENSCJAG00000078864
ENSMUSG00000064115,ENSCJAG00000008885
ENSMUSG00000038526,ENSCJAG00000009756
ENSMUSG00000063362,ENSCJAG00000036951
ENSMUSG00000031139,ENSCJAG00000010156
ENSMUSG00000025200,ENSCJAG00000017176
ENSMUSG00000029229,ENSCJAG00000041961
ENSMUSG00000020305,ENSCJAG00000010478
ENSMUSG00000034402,ENSCJAG00000019255
ENSMUSG00000065727,ENSCJAG00000086269
ENSMUSG00000059146,ENSCJAG00000013026
ENSMUSG00000057228,ENSCJAG00000005048
ENSMUSG00000032826,ENSCJAG00000003564
ENSMUSG00000025885,ENSCJAG00000004857
ENSMUSG00000042476,ENSCJAG00000014528
ENSMUSG00000035954,ENSCJAG00000016740
ENSMUSG00000059481,ENSCJAG00000012132
ENSMUSG00000027487,ENSCJAG00000018500
ENSMUSG00000059288,ENSCJAG00000021374
ENSMUSG00000032580,ENSCJAG00000004740
ENSMUSG00000077391,ENSCJAG00000024256
ENSMUSG00000024743,ENSCJAG00000019261
ENSMUSG00000020838,ENSCJAG00000013726
ENSMUSG00000031647,ENSCJAG00000005041
ENSMUSG00000038172,ENSCJAG00000012336
ENSMUSG00000058704,ENSCJAG00000011442
ENSMUSG00000058704,ENSCJAG00000003208
ENSMUSG00000058704,ENSCJAG00000048011
ENSMUSG00000036158,ENSCJAG00000017695
ENSMUSG00000035946,ENSCJAG00000018454
ENSMUSG00000119019,ENSCJAG00000082878
ENSMUSG00000037738,ENSCJAG00000077025
ENSMUSG00000037738,ENSCJAG00000055329
ENSMUSG00000003623,ENSCJAG00000014683
ENSMUSG00000027488,ENSCJAG00000046751
ENSMUSG00000022883,ENSCJAG00000000145
ENSMUSG00000021418,ENSCJAG00000021373
ENSMUSG00000022292,ENSCJAG00000015923
ENSMUSG00000020777,ENSCJAG00000013890
ENSMUSG00000023828,ENSCJAG00000012093
ENSMUSG00000031200,ENSCJAG00000042284
ENSMUSG00000019893,ENSCJAG00000004286
ENSMUSG00000061186,ENSCJAG00000020608
ENSMUSG00000079659,ENSCJAG00000052886
ENSMUSG00000040855,ENSCJAG00000004607
ENSMUSG00000022449,ENSCJAG00000013458
ENSMUSG00000024067,ENSCJAG00000044850
ENSMUSG00000029267,ENSCJAG00000017687
ENSMUSG00000040811,ENSCJAG00000012469
ENSMUSG00000009376,ENSCJAG00000005145
ENSMUSG00000031959,ENSCJAG00000014399
ENSMUSG00000050423,ENSCJAG00000021371
ENSMUSG00000090223,ENSCJAG00000086635
ENSMUSG00000046573,ENSCJAG00000021370
ENSMUSG00000046573,ENSCJAG00000039957
ENSMUSG00000050272,ENSCJAG00000005540
ENSMUSG00000028483,ENSCJAG00000012442
ENSMUSG00000036880,ENSCJAG00000004820
ENSMUSG00000040966,ENSCJAG00000012056
ENSMUSG00000031201,ENSCJAG00000004308
ENSMUSG00000053846,ENSCJAG00000004803
ENSMUSG00000069170,ENSCJAG00000010578
ENSMUSG00000037958,ENSCJAG00000013710
ENSMUSG00000015733,ENSCJAG00000005079
ENSMUSG00000064871,ENSCJAG00000059042
ENSMUSG00000064647,ENSCJAG00000052848
ENSMUSG00000036299,ENSCJAG00000045977
ENSMUSG00000036299,ENSCJAG00000048100
ENSMUSG00000036299,ENSCJAG00000076436
ENSMUSG00000046768,ENSCJAG00000019287
ENSMUSG00000035765,ENSCJAG00000004754
ENSMUSG00000022876,ENSCJAG00000003304
ENSMUSG00000077639,ENSCJAG00000023472
ENSMUSG00000077639,ENSCJAG00000079556
ENSMUSG00000065518,ENSCJAG00000026719
ENSMUSG00000020303,ENSCJAG00000054466
ENSMUSG00000023830,ENSCJAG00000011908
ENSMUSG00000044502,ENSCJAG00000031971
ENSMUSG00000044502,ENSCJAG00000071032
ENSMUSG00000042133,ENSCJAG00000006612
ENSMUSG00000028484,ENSCJAG00000012471
ENSMUSG00000050944,ENSCJAG00000013688
ENSMUSG00000022938,ENSCJAG00000011329
ENSMUSG00000048982,ENSCJAG00000083078
ENSMUSG00000056899,ENSCJAG00000016728
ENSMUSG00000065543,ENSCJAG00000025015
ENSMUSG00000044317,ENSCJAG00000047762
ENSMUSG00000030612,ENSCJAG00000013019
ENSMUSG00000038115,ENSCJAG00000000606
ENSMUSG00000033356,ENSCJAG00000013448
ENSMUSG00000048490,ENSCJAG00000077498
ENSMUSG00000052214,ENSCJAG00000045305
ENSMUSG00000089369,ENSCJAG00000080569
ENSMUSG00000031274,ENSCJAG00000007434
ENSMUSG00000040287,ENSCJAG00000037826
ENSMUSG00000036295,ENSCJAG00000068471
ENSMUSG00000030611,ENSCJAG00000013012
ENSMUSG00002075461,ENSCJAG00000076474
ENSMUSG00000052928,ENSCJAG00000004729
ENSMUSG00000059883,ENSCJAG00000013388
ENSMUSG00000090291,ENSCJAG00000021864
ENSMUSG00000057506,ENSCJAG00000017269
ENSMUSG00000020780,ENSCJAG00000013738
ENSMUSG00000021051,ENSCJAG00000019290
ENSMUSG00000037578,ENSCJAG00000042503
ENSMUSG00000022865,ENSCJAG00000003385
ENSMUSG00000044646,ENSCJAG00000004704
ENSMUSG00000030403,ENSCJAG00000048447
ENSMUSG00000030403,ENSCJAG00000012536
ENSMUSG00000040280,ENSCJAG00000039126
ENSMUSG00000024563,ENSCJAG00000004630
ENSMUSG00000022451,ENSCJAG00000013346
ENSMUSG00000043259,ENSCJAG00000010716
ENSMUSG00000020300,ENSCJAG00000019166
ENSMUSG00000030610,ENSCJAG00000012996
ENSMUSG00000014905,ENSCJAG00000064973
ENSMUSG00000035179,ENSCJAG00000019272
ENSMUSG00000022863,ENSCJAG00000003406
ENSMUSG00000024068,ENSCJAG00000003248
ENSMUSG00000045690,ENSCJAG00000019333
ENSMUSG00000038005,ENSCJAG00000012327
ENSMUSG00000059834,ENSCJAG00000003278
ENSMUSG00000021054,ENSCJAG00000062560
ENSMUSG00000030402,ENSCJAG00000012560
ENSMUSG00000088959,ENSCJAG00000083276
ENSMUSG00000063296,ENSCJAG00000013333
ENSMUSG00000049107,ENSCJAG00000000605
ENSMUSG00000036257,ENSCJAG00000016680
ENSMUSG00000064862,ENSCJAG00000024547
ENSMUSG00000064862,ENSCJAG00000030177
ENSMUSG00000022864,ENSCJAG00000003434
ENSMUSG00000008373,ENSCJAG00000018525
ENSMUSG00000022454,ENSCJAG00000013215
ENSMUSG00000028826,ENSCJAG00000018625
ENSMUSG00000072878,ENSCJAG00000016242
ENSMUSG00000072878,ENSCJAG00000083283
ENSMUSG00000065239,ENSCJAG00000082420
ENSMUSG00000065239,ENSCJAG00000074149
ENSMUSG00000065239,ENSCJAG00000074796
ENSMUSG00000077598,ENSCJAG00000034782
ENSMUSG00000077598,ENSCJAG00000076916
ENSMUSG00000046500,ENSCJAG00000057637
ENSMUSG00000031478,ENSCJAG00000073411
ENSMUSG00000035245,ENSCJAG00000013564
ENSMUSG00000024668,ENSCJAG00000019276
ENSMUSG00000063406,ENSCJAG00000017759
ENSMUSG00000020299,ENSCJAG00000076312
ENSMUSG00000037926,ENSCJAG00000013673
ENSMUSG00000052407,ENSCJAG00000012538
ENSMUSG00000070883,ENSCJAG00000081525
ENSMUSG00000034820,ENSCJAG00000019282
ENSMUSG00000025403,ENSCJAG00000007438
ENSMUSG00000022860,ENSCJAG00000003437
ENSMUSG00000030059,ENSCJAG00000013491
ENSMUSG00000032818,ENSCJAG00000008221
ENSMUSG00000041468,ENSCJAG00000019338
ENSMUSG00000027088,ENSCJAG00000037335
ENSMUSG00000029106,ENSCJAG00000014227
ENSMUSG00000021209,ENSCJAG00000009721
ENSMUSG00000015749,ENSCJAG00000009710
ENSMUSG00000037725,ENSCJAG00000071385
ENSMUSG00000037725,ENSCJAG00000081654
ENSMUSG00000089560,ENSCJAG00000072389
ENSMUSG00000026383,ENSCJAG00000013283
ENSMUSG00000045608,ENSCJAG00000013213
ENSMUSG00000000538,ENSCJAG00000009003
ENSMUSG00000022857,ENSCJAG00000003442
ENSMUSG00000030061,ENSCJAG00000013395
ENSMUSG00000037487,ENSCJAG00000015960
ENSMUSG00000040258,ENSCJAG00000071109
ENSMUSG00000028825,ENSCJAG00000018582
ENSMUSG00000031479,ENSCJAG00000080418
ENSMUSG00000031479,ENSCJAG00000083123
ENSMUSG00000032295,ENSCJAG00000015481
ENSMUSG00000032295,ENSCJAG00000066491
ENSMUSG00000032295,ENSCJAG00000065716
ENSMUSG00000037747,ENSCJAG00000010699
ENSMUSG00000024667,ENSCJAG00000019299
ENSMUSG00000069020,ENSCJAG00000020036
ENSMUSG00000028822,ENSCJAG00000044784
ENSMUSG00000047554,ENSCJAG00000011454
ENSMUSG00000031480,ENSCJAG00000084063
ENSMUSG00000031480,ENSCJAG00000078533
ENSMUSG00000073460,ENSCJAG00000011865
ENSMUSG00000037266,ENSCJAG00000018568
ENSMUSG00000024666,ENSCJAG00000039370
ENSMUSG00000033545,ENSCJAG00000014378
ENSMUSG00000038533,ENSCJAG00000018475
ENSMUSG00000038602,ENSCJAG00000004231
ENSMUSG00000021420,ENSCJAG00000021369
ENSMUSG00000034445,ENSCJAG00000019302
ENSMUSG00000118918,ENSCJAG00000080444
ENSMUSG00000038594,ENSCJAG00000004178
ENSMUSG00000054667,ENSCJAG00000007424
ENSMUSG00000028821,ENSCJAG00000046570
ENSMUSG00000031197,ENSCJAG00000004338
ENSMUSG00000015745,ENSCJAG00000000867
ENSMUSG00000070691,ENSCJAG00000077193
ENSMUSG00000038583,ENSCJAG00000053732
ENSMUSG00002076249,ENSCJAG00000074116
ENSMUSG00002076249,ENSCJAG00000034402
ENSMUSG00000057388,ENSCJAG00000011859
ENSMUSG00000022762,ENSCJAG00000013717
ENSMUSG00000035199,ENSCJAG00000044302
ENSMUSG00000040249,ENSCJAG00000010289
ENSMUSG00000024069,ENSCJAG00000003273
ENSMUSG00000025427,ENSCJAG00000073766
ENSMUSG00000000183,ENSCJAG00000001613
ENSMUSG00000061947,ENSCJAG00000009761
ENSMUSG00000027968,ENSCJAG00000003711
ENSMUSG00000035840,ENSCJAG00000066019
ENSMUSG00000037242,ENSCJAG00000039482
ENSMUSG00000044086,ENSCJAG00000013357
ENSMUSG00000000182,ENSCJAG00000069632
ENSMUSG00000030401,ENSCJAG00000012569
ENSMUSG00000031202,ENSCJAG00000064579
ENSMUSG00000038028,ENSCJAG00000040111
ENSMUSG00000028487,ENSCJAG00000012578
ENSMUSG00000060807,ENSCJAG00000009769
ENSMUSG00000031353,ENSCJAG00000004545
ENSMUSG00000039840,ENSCJAG00000008484
ENSMUSG00000034371,ENSCJAG00000019305
ENSMUSG00000059182,ENSCJAG00000007979
ENSMUSG00000021081,ENSCJAG00000081214
ENSMUSG00000015747,ENSCJAG00000000845
ENSMUSG00000041134,ENSCJAG00000044367
ENSMUSG00000031958,ENSCJAG00000014356
ENSMUSG00000039114,ENSCJAG00000084548
ENSMUSG00000030609,ENSCJAG00000012988
ENSMUSG00000022893,ENSCJAG00000013983
ENSMUSG00000071178,ENSCJAG00000009782
ENSMUSG00000038495,ENSCJAG00000000821
ENSMUSG00000091055,ENSCJAG00000008603
ENSMUSG00000059336,ENSCJAG00000039971
ENSMUSG00000059336,ENSCJAG00000053051
ENSMUSG00000059336,ENSCJAG00000048632
ENSMUSG00000055835,ENSCJAG00000051567
ENSMUSG00000042155,ENSCJAG00000006681
ENSMUSG00000051098,ENSCJAG00000039786
ENSMUSG00000000184,ENSCJAG00000001593
ENSMUSG00000071177,ENSCJAG00000009782
ENSMUSG00000022894,ENSCJAG00000013997
ENSMUSG00000031957,ENSCJAG00000014320
ENSMUSG00000031957,ENSCJAG00000014335
ENSMUSG00000045410,ENSCJAG00000020448
ENSMUSG00000066232,ENSCJAG00000011395
ENSMUSG00000031955,ENSCJAG00000014296
ENSMUSG00000089007,ENSCJAG00000028971
ENSMUSG00000084560,ENSCJAG00000040132
ENSMUSG00000066366,ENSCJAG00000009782
ENSMUSG00000038070,ENSCJAG00000012600
ENSMUSG00000022935,ENSCJAG00000008672
ENSMUSG00000079110,ENSCJAG00000003026
ENSMUSG00000042282,ENSCJAG00000007378
ENSMUSG00000040029,ENSCJAG00000001057
ENSMUSG00000020598,ENSCJAG00000016572
ENSMUSG00000024740,ENSCJAG00000019319
ENSMUSG00000031481,ENSCJAG00000017791
ENSMUSG00000049281,ENSCJAG00000007754
ENSMUSG00000049281,ENSCJAG00000071464
ENSMUSG00000064451,ENSCJAG00000027962
ENSMUSG00000020836,ENSCJAG00000013646
ENSMUSG00000003545,ENSCJAG00000012636
ENSMUSG00000021537,ENSCJAG00000010761
ENSMUSG00000002147,ENSCJAG00000010327
ENSMUSG00000024552,ENSCJAG00000004051
ENSMUSG00000038344,ENSCJAG00000038897
ENSMUSG00000029055,ENSCJAG00000002498
ENSMUSG00000035632,ENSCJAG00000001094
ENSMUSG00000021423,ENSCJAG00000021363
ENSMUSG00000065852,ENSCJAG00000074823
ENSMUSG00000065852,ENSCJAG00000072965
ENSMUSG00000065852,ENSCJAG00000082692
ENSMUSG00000061923,ENSCJAG00000081318
ENSMUSG00000024072,ENSCJAG00000003292
ENSMUSG00000037465,ENSCJAG00000016069
ENSMUSG00000000078,ENSCJAG00000032379
ENSMUSG00000014329,ENSCJAG00000010639
ENSMUSG00000037997,ENSCJAG00000001570
ENSMUSG00000068039,ENSCJAG00000011792
ENSMUSG00000031925,ENSCJAG00000004359
ENSMUSG00000021193,ENSCJAG00000020425
ENSMUSG00000084558,ENSCJAG00000034806
ENSMUSG00000038806,ENSCJAG00000012685
ENSMUSG00000064210,ENSCJAG00000013160
ENSMUSG00000043789,ENSCJAG00000019384
ENSMUSG00000078813,ENSCJAG00000001106
ENSMUSG00000032298,ENSCJAG00000070278
ENSMUSG00000032298,ENSCJAG00000043801
ENSMUSG00000032298,ENSCJAG00000038494
ENSMUSG00000029640,ENSCJAG00000019344
ENSMUSG00000031482,ENSCJAG00000069518
ENSMUSG00000039236,ENSCJAG00000034923
ENSMUSG00000027967,ENSCJAG00000003772
ENSMUSG00000031533,ENSCJAG00000017805
ENSMUSG00000025766,ENSCJAG00000068844
ENSMUSG00000061414,ENSCJAG00000018917
ENSMUSG00000048832,ENSCJAG00000054957
ENSMUSG00000029231,ENSCJAG00000018415
ENSMUSG00000119659,ENSCJAG00000079634
ENSMUSG00000088733,ENSCJAG00000034378
ENSMUSG00000031534,ENSCJAG00000008061
ENSMUSG00000032299,ENSCJAG00000023199
ENSMUSG00000032299,ENSCJAG00000011168
ENSMUSG00000032299,ENSCJAG00000067731
ENSMUSG00000024548,ENSCJAG00000004035
ENSMUSG00000037907,ENSCJAG00000013623
ENSMUSG00000030811,ENSCJAG00000002985
ENSMUSG00000037656,ENSCJAG00000008029
ENSMUSG00000041225,ENSCJAG00000013435
ENSMUSG00000050520,ENSCJAG00000022699
ENSMUSG00000050239,ENSCJAG00000043903
ENSMUSG00000024669,ENSCJAG00000017364
ENSMUSG00000071471,ENSCJAG00000038290
ENSMUSG00000066652,ENSCJAG00000081248
ENSMUSG00000066652,ENSCJAG00000074352
ENSMUSG00000088195,ENSCJAG00000046702
ENSMUSG00000088195,ENSCJAG00000082865
ENSMUSG00000030350,ENSCJAG00000018891
ENSMUSG00000056350,ENSCJAG00000008784
ENSMUSG00000031357,ENSCJAG00000004462
ENSMUSG00000025932,ENSCJAG00000007771
ENSMUSG00000004319,ENSCJAG00000004980
ENSMUSG00000030351,ENSCJAG00000001200
ENSMUSG00000025215,ENSCJAG00000017563
ENSMUSG00000031179,ENSCJAG00000003841
ENSMUSG00000025216,ENSCJAG00000017569
ENSMUSG00000033237,ENSCJAG00000013099
ENSMUSG00000032582,ENSCJAG00000004620
ENSMUSG00000024670,ENSCJAG00000016561
ENSMUSG00000065105,ENSCJAG00000028195
ENSMUSG00000064637,ENSCJAG00000078666
ENSMUSG00000062480,ENSCJAG00000011777
ENSMUSG00000030064,ENSCJAG00000013312
ENSMUSG00000049871,ENSCJAG00000019666
ENSMUSG00000058298,ENSCJAG00000004148
ENSMUSG00000084459,ENSCJAG00000069991
ENSMUSG00000065903,ENSCJAG00000070696
ENSMUSG00000020289,ENSCJAG00000011598
ENSMUSG00000036790,ENSCJAG00000005992
ENSMUSG00000023832,ENSCJAG00000011777
ENSMUSG00000087708,ENSCJAG00000044075
ENSMUSG00000043964,ENSCJAG00000034708
ENSMUSG00000033228,ENSCJAG00000013077
ENSMUSG00000079578,ENSCJAG00000000906
ENSMUSG00000079577,ENSCJAG00000000906
ENSMUSG00000030607,ENSCJAG00000012944
ENSMUSG00000003549,ENSCJAG00000038856
ENSMUSG00000023169,ENSCJAG00000012989
ENSMUSG00000047996,ENSCJAG00000005132
ENSMUSG00000025402,ENSCJAG00000010414
ENSMUSG00000021699,ENSCJAG00000015215
ENSMUSG00000045934,ENSCJAG00000000802
ENSMUSG00000039738,ENSCJAG00000019684
ENSMUSG00002075818,ENSCJAG00000085001
ENSMUSG00000031918,ENSCJAG00000004327
ENSMUSG00000024737,ENSCJAG00000070349
ENSMUSG00000055609,ENSCJAG00000043819
ENSMUSG00000060475,ENSCJAG00000011722
ENSMUSG00000073077,ENSCJAG00000070944
ENSMUSG00000069919,ENSCJAG00000011647
ENSMUSG00000046314,ENSCJAG00000045104
ENSMUSG00000064928,ENSCJAG00000079966
ENSMUSG00000064928,ENSCJAG00000073255
ENSMUSG00000022462,ENSCJAG00000012956
ENSMUSG00000047649,ENSCJAG00000012689
ENSMUSG00000019857,ENSCJAG00000068342
ENSMUSG00000024736,ENSCJAG00000016603
ENSMUSG00000073063,ENSCJAG00000011671
ENSMUSG00000030606,ENSCJAG00000012941
ENSMUSG00000069917,ENSCJAG00000011647
ENSMUSG00000031360,ENSCJAG00000004421
ENSMUSG00000040195,ENSCJAG00000010449
ENSMUSG00000020295,ENSCJAG00000011671
ENSMUSG00000022300,ENSCJAG00000016181
ENSMUSG00000011877,ENSCJAG00000013586
ENSMUSG00000034659,ENSCJAG00000016556
ENSMUSG00000005980,ENSCJAG00000019687
ENSMUSG00000040734,ENSCJAG00000012693
ENSMUSG00000021047,ENSCJAG00000039497
ENSMUSG00000068856,ENSCJAG00000042351
ENSMUSG00000022464,ENSCJAG00000012877
ENSMUSG00000025217,ENSCJAG00000017573
ENSMUSG00000028028,ENSCJAG00000003780
ENSMUSG00000020950,ENSCJAG00000006213
ENSMUSG00000030309,ENSCJAG00000001080
ENSMUSG00000019734,ENSCJAG00000001108
ENSMUSG00000002688,ENSCJAG00000006180
ENSMUSG00000019856,ENSCJAG00000004071
ENSMUSG00000032583,ENSCJAG00000004579
ENSMUSG00002076732,ENSCJAG00000040512
ENSMUSG00000044328,ENSCJAG00000013575
ENSMUSG00000038486,ENSCJAG00000000779
ENSMUSG00000063450,ENSCJAG00000019341
ENSMUSG00000048218,ENSCJAG00000012873
ENSMUSG00000032300,ENSCJAG00000044594
ENSMUSG00000044250,ENSCJAG00000012864
ENSMUSG00000006818,ENSCJAG00000011664
ENSMUSG00000005981,ENSCJAG00000086454
ENSMUSG00000005981,ENSCJAG00000019693
ENSMUSG00000026520,ENSCJAG00000035770
ENSMUSG00000000686,ENSCJAG00000013574
ENSMUSG00000015943,ENSCJAG00000044018
ENSMUSG00000022466,ENSCJAG00000012838
ENSMUSG00000089078,ENSCJAG00000082406
ENSMUSG00000001082,ENSCJAG00000014217
ENSMUSG00000063849,ENSCJAG00000015648
ENSMUSG00000040711,ENSCJAG00000019258
ENSMUSG00000046688,ENSCJAG00000038735
ENSMUSG00000022468,ENSCJAG00000012819
ENSMUSG00000022468,ENSCJAG00000044206
ENSMUSG00000025930,ENSCJAG00000040591
ENSMUSG00000055602,ENSCJAG00000077331
ENSMUSG00000055602,ENSCJAG00000080705
ENSMUSG00000055602,ENSCJAG00000082400
ENSMUSG00000068855,ENSCJAG00000048427
ENSMUSG00000029047,ENSCJAG00000002487
ENSMUSG00000038793,ENSCJAG00000081248
ENSMUSG00000038793,ENSCJAG00000074352
ENSMUSG00000068854,ENSCJAG00000069935
ENSMUSG00000025401,ENSCJAG00000010493
ENSMUSG00000061079,ENSCJAG00000011327
ENSMUSG00000063954,ENSCJAG00000073890
ENSMUSG00000074238,ENSCJAG00000043368
ENSMUSG00000029048,ENSCJAG00000002471
ENSMUSG00000026384,ENSCJAG00000013214
ENSMUSG00000031535,ENSCJAG00000007996
ENSMUSG00000064724,ENSCJAG00000029575
ENSMUSG00002076989,ENSCJAG00000024296
ENSMUSG00000033016,ENSCJAG00000023446
ENSMUSG00000029776,ENSCJAG00000008204
ENSMUSG00000031536,ENSCJAG00000007917
ENSMUSG00000025218,ENSCJAG00000017600
ENSMUSG00000037386,ENSCJAG00000016212
ENSMUSG00000044949,ENSCJAG00000046779
ENSMUSG00000022521,ENSCJAG00000019712
ENSMUSG00000050549,ENSCJAG00000083097
ENSMUSG00000044056,ENSCJAG00000019273
ENSMUSG00000041035,ENSCJAG00000017614
ENSMUSG00000029049,ENSCJAG00000002429
ENSMUSG00000004535,ENSCJAG00000008245
ENSMUSG00000049100,ENSCJAG00000003244
ENSMUSG00000020272,ENSCJAG00000019275
ENSMUSG00000003923,ENSCJAG00000010625
ENSMUSG00000024735,ENSCJAG00000016509
ENSMUSG00000040722,ENSCJAG00000015635
ENSMUSG00000067049,ENSCJAG00000012850
ENSMUSG00000017291,ENSCJAG00000013516
ENSMUSG00000031772,ENSCJAG00000014128
ENSMUSG00000063568,ENSCJAG00000048491
ENSMUSG00000064579,ENSCJAG00000078794
ENSMUSG00000089584,ENSCJAG00000033943
ENSMUSG00000062309,ENSCJAG00000043872
ENSMUSG00000079427,ENSCJAG00000007560
ENSMUSG00000030352,ENSCJAG00000018882
ENSMUSG00000028809,ENSCJAG00000020822
ENSMUSG00000000088,ENSCJAG00000048553
ENSMUSG00000000088,ENSCJAG00000015613
ENSMUSG00000042308,ENSCJAG00000003000
ENSMUSG00000040111,ENSCJAG00000007699
ENSMUSG00000091405,ENSCJAG00000086954
ENSMUSG00000016510,ENSCJAG00000019378
ENSMUSG00000118871,ENSCJAG00000070125
ENSMUSG00000118871,ENSCJAG00000077112
ENSMUSG00000074403,ENSCJAG00000078934
ENSMUSG00000073458,ENSCJAG00000078235
ENSMUSG00000073458,ENSCJAG00000071689
ENSMUSG00000073458,ENSCJAG00000076576
ENSMUSG00000073458,ENSCJAG00000084010
ENSMUSG00000073458,ENSCJAG00000070665
ENSMUSG00000073458,ENSCJAG00000075712
ENSMUSG00000073458,ENSCJAG00000078947
ENSMUSG00000073458,ENSCJAG00000077015
ENSMUSG00000073458,ENSCJAG00000083764
ENSMUSG00000073458,ENSCJAG00000082871
ENSMUSG00000073458,ENSCJAG00000070049
ENSMUSG00000036975,ENSCJAG00000080051
ENSMUSG00000088258,ENSCJAG00000024191
ENSMUSG00000105827,ENSCJAG00000041683
ENSMUSG00000078908,ENSCJAG00000014113
ENSMUSG00000073457,ENSCJAG00000078235
ENSMUSG00000073457,ENSCJAG00000071689
ENSMUSG00000073457,ENSCJAG00000076576
ENSMUSG00000073457,ENSCJAG00000084010
ENSMUSG00000073457,ENSCJAG00000070665
ENSMUSG00000073457,ENSCJAG00000075712
ENSMUSG00000073457,ENSCJAG00000078947
ENSMUSG00000073457,ENSCJAG00000077015
ENSMUSG00000073457,ENSCJAG00000083764
ENSMUSG00000073457,ENSCJAG00000082871
ENSMUSG00000073457,ENSCJAG00000070049
ENSMUSG00000032769,ENSCJAG00000007735
ENSMUSG00000119115,ENSCJAG00000034870
ENSMUSG00000024073,ENSCJAG00000003301
ENSMUSG00000119731,ENSCJAG00000023486
ENSMUSG00000119731,ENSCJAG00000077784
ENSMUSG00000028023,ENSCJAG00000003830
ENSMUSG00000033409,ENSCJAG00000014101
ENSMUSG00000037857,ENSCJAG00000013508
ENSMUSG00000016520,ENSCJAG00000019379
ENSMUSG00000044617,ENSCJAG00000045887
ENSMUSG00000070331,ENSCJAG00000013612
ENSMUSG00000058396,ENSCJAG00000010632
ENSMUSG00000031016,ENSCJAG00000011292
ENSMUSG00000019927,ENSCJAG00000010573
ENSMUSG00000036693,ENSCJAG00000014174
ENSMUSG00000053007,ENSCJAG00000042700
ENSMUSG00000031015,ENSCJAG00000011252
ENSMUSG00000005580,ENSCJAG00000019746
ENSMUSG00000089789,ENSCJAG00000071462
ENSMUSG00000046942,ENSCJAG00000019704
ENSMUSG00000026519,ENSCJAG00000012604
ENSMUSG00000037892,ENSCJAG00000003221
ENSMUSG00000000724,ENSCJAG00000013501
ENSMUSG00000037710,ENSCJAG00000040027
ENSMUSG00000056148,ENSCJAG00000071462
ENSMUSG00000035596,ENSCJAG00000001123
ENSMUSG00000047045,ENSCJAG00000038317
ENSMUSG00000053399,ENSCJAG00000014053
ENSMUSG00000020271,ENSCJAG00000019297
ENSMUSG00000040913,ENSCJAG00000017627
ENSMUSG00000029642,ENSCJAG00000044669
ENSMUSG00000069456,ENSCJAG00000071462
ENSMUSG00000076946,ENSCJAG00000026192
ENSMUSG00000021700,ENSCJAG00000015195
ENSMUSG00000003746,ENSCJAG00000004049
ENSMUSG00000027737,ENSCJAG00000003185
ENSMUSG00000022843,ENSCJAG00000014964
ENSMUSG00000053129,ENSCJAG00000080181
ENSMUSG00000022303,ENSCJAG00000006716
ENSMUSG00000029644,ENSCJAG00000078316
ENSMUSG00000029646,ENSCJAG00000019398
ENSMUSG00000039087,ENSCJAG00000021358
ENSMUSG00000030605,ENSCJAG00000012940
ENSMUSG00000075543,ENSCJAG00000019404
ENSMUSG00000052783,ENSCJAG00000014129
ENSMUSG00000034117,ENSCJAG00000045071
ENSMUSG00000119449,ENSCJAG00000086427
ENSMUSG00000030353,ENSCJAG00000018796
ENSMUSG00000025219,ENSCJAG00000084172
ENSMUSG00000024566,ENSCJAG00000007347
ENSMUSG00000022304,ENSCJAG00000006703
ENSMUSG00000031537,ENSCJAG00000007805
ENSMUSG00000020270,ENSCJAG00000019324
ENSMUSG00000036962,ENSCJAG00000021440
ENSMUSG00000076011,ENSCJAG00000027194
ENSMUSG00000028024,ENSCJAG00000003856
ENSMUSG00000040808,ENSCJAG00000077217
ENSMUSG00000054052,ENSCJAG00000071462
ENSMUSG00000119760,ENSCJAG00000080581
ENSMUSG00000119760,ENSCJAG00000034994
ENSMUSG00000057967,ENSCJAG00000019329
ENSMUSG00000074639,ENSCJAG00000071462
ENSMUSG00000042817,ENSCJAG00000019405
ENSMUSG00000118912,ENSCJAG00000025833
ENSMUSG00000022305,ENSCJAG00000038802
ENSMUSG00000040594,ENSCJAG00000019368
ENSMUSG00000029050,ENSCJAG00000002469
ENSMUSG00000031364,ENSCJAG00000004402
ENSMUSG00000040134,ENSCJAG00000071462
ENSMUSG00000025666,ENSCJAG00000007869
ENSMUSG00000026387,ENSCJAG00000021438
ENSMUSG00000073684,ENSCJAG00000002454
ENSMUSG00000040127,ENSCJAG00000042213
ENSMUSG00000022306,ENSCJAG00000006642
ENSMUSG00000005672,ENSCJAG00000018396
ENSMUSG00000043496,ENSCJAG00000045826
ENSMUSG00000060733,ENSCJAG00000010551
ENSMUSG00000031367,ENSCJAG00000022619
ENSMUSG00000031367,ENSCJAG00000044763
ENSMUSG00000031367,ENSCJAG00000072237
ENSMUSG00000022469,ENSCJAG00000014874
ENSMUSG00000038776,ENSCJAG00000012582
ENSMUSG00000056209,ENSCJAG00000017650
ENSMUSG00000056209,ENSCJAG00000081421
ENSMUSG00000043924,ENSCJAG00000042100
ENSMUSG00000025220,ENSCJAG00000017657
ENSMUSG00000099974,ENSCJAG00000007569
ENSMUSG00000041220,ENSCJAG00000038180
ENSMUSG00000042289,ENSCJAG00000003030
ENSMUSG00000068250,ENSCJAG00000013047
ENSMUSG00000032305,ENSCJAG00000015600
ENSMUSG00000028017,ENSCJAG00000003982
ENSMUSG00000050777,ENSCJAG00000032138
ENSMUSG00000022519,ENSCJAG00000019750
ENSMUSG00000067399,ENSCJAG00000000830
ENSMUSG00000020159,ENSCJAG00000019417
ENSMUSG00000038768,ENSCJAG00000045673
ENSMUSG00000025396,ENSCJAG00000010652
ENSMUSG00000026516,ENSCJAG00000008031
ENSMUSG00000048668,ENSCJAG00000018790
ENSMUSG00000031922,ENSCJAG00000004281
ENSMUSG00000066113,ENSCJAG00000032318
ENSMUSG00000020802,ENSCJAG00000013570
ENSMUSG00000101389,ENSCJAG00000016376
ENSMUSG00000027489,ENSCJAG00000018455
ENSMUSG00000021018,ENSCJAG00000014959
ENSMUSG00000034832,ENSCJAG00000017853
ENSMUSG00000038122,ENSCJAG00000004029
ENSMUSG00000031373,ENSCJAG00000004353
ENSMUSG00000005718,ENSCJAG00000019756
ENSMUSG00000062169,ENSCJAG00000038880
ENSMUSG00000079419,ENSCJAG00000016355
ENSMUSG00000035158,ENSCJAG00000013260
ENSMUSG00000040749,ENSCJAG00000053793
ENSMUSG00000046006,ENSCJAG00000047410
ENSMUSG00000039202,ENSCJAG00000073988
ENSMUSG00000020804,ENSCJAG00000013563
ENSMUSG00000021701,ENSCJAG00000015153
ENSMUSG00000026103,ENSCJAG00000005763
ENSMUSG00000014303,ENSCJAG00000071028
ENSMUSG00000015401,ENSCJAG00000004341
ENSMUSG00000031538,ENSCJAG00000007769
ENSMUSG00000025221,ENSCJAG00000017676
ENSMUSG00000053519,ENSCJAG00000019441
ENSMUSG00000047669,ENSCJAG00000063077
ENSMUSG00000039231,ENSCJAG00000002376
ENSMUSG00000050953,ENSCJAG00000065421
ENSMUSG00000068882,ENSCJAG00000045073
ENSMUSG00000030806,ENSCJAG00000003042
ENSMUSG00000022847,ENSCJAG00000048180
ENSMUSG00000031644,ENSCJAG00000004881
ENSMUSG00000024565,ENSCJAG00000007332
ENSMUSG00000090210,ENSCJAG00000002231
ENSMUSG00000021427,ENSCJAG00000044370
ENSMUSG00000019923,ENSCJAG00000004927
ENSMUSG00000035585,ENSCJAG00000001128
ENSMUSG00000062234,ENSCJAG00000053012
ENSMUSG00000041607,ENSCJAG00000047439
ENSMUSG00000042678,ENSCJAG00000000964
ENSMUSG00000039637,ENSCJAG00000019778
ENSMUSG00000055194,ENSCJAG00000076839
ENSMUSG00000035293,ENSCJAG00000006106
ENSMUSG00000031165,ENSCJAG00000002365
ENSMUSG00000044566,ENSCJAG00000021351
ENSMUSG00000059713,ENSCJAG00000020838
ENSMUSG00000061315,ENSCJAG00000045644
ENSMUSG00000038354,ENSCJAG00000002247
ENSMUSG00000028492,ENSCJAG00000012762
ENSMUSG00002076242,ENSCJAG00000046702
ENSMUSG00002076242,ENSCJAG00000082865
ENSMUSG00000045103,ENSCJAG00000007775
ENSMUSG00000021428,ENSCJAG00000042960
ENSMUSG00000078129,ENSCJAG00000058257
ENSMUSG00000026778,ENSCJAG00000020594
ENSMUSG00000077597,ENSCJAG00000033516
ENSMUSG00000077597,ENSCJAG00000023668
ENSMUSG00000070934,ENSCJAG00000022413
ENSMUSG00000070934,ENSCJAG00000001550
ENSMUSG00000070934,ENSCJAG00000055111
ENSMUSG00000019878,ENSCJAG00000003956
ENSMUSG00000030805,ENSCJAG00000003059
ENSMUSG00000029053,ENSCJAG00000002409
ENSMUSG00000028101,ENSCJAG00000002257
ENSMUSG00000032306,ENSCJAG00000015581
ENSMUSG00000021095,ENSCJAG00000041716
ENSMUSG00000021055,ENSCJAG00000019502
ENSMUSG00000006333,ENSCJAG00000001130
ENSMUSG00000119491,ENSCJAG00000062825
ENSMUSG00000102037,ENSCJAG00000007569
ENSMUSG00000071072,ENSCJAG00000010724
ENSMUSG00000118728,ENSCJAG00000062825
ENSMUSG00000040188,ENSCJAG00000015565
ENSMUSG00000051730,ENSCJAG00000046846
ENSMUSG00000051730,ENSCJAG00000006777
ENSMUSG00000032745,ENSCJAG00000045148
ENSMUSG00000039646,ENSCJAG00000059224
ENSMUSG00000006958,ENSCJAG00000014925
ENSMUSG00000052955,ENSCJAG00000008379
ENSMUSG00000037808,ENSCJAG00000040122
ENSMUSG00000027490,ENSCJAG00000018451
ENSMUSG00000019877,ENSCJAG00000003940
ENSMUSG00000049728,ENSCJAG00000003078
ENSMUSG00000038047,ENSCJAG00000009094
ENSMUSG00000038047,ENSCJAG00000070670
ENSMUSG00000049739,ENSCJAG00000040923
ENSMUSG00000044139,ENSCJAG00000036127
ENSMUSG00000000876,ENSCJAG00000080526
ENSMUSG00000025393,ENSCJAG00000043934
ENSMUSG00000025393,ENSCJAG00000033571
ENSMUSG00000027288,ENSCJAG00000003012
ENSMUSG00000079162,ENSCJAG00000000830
ENSMUSG00000090667,ENSCJAG00000064939
ENSMUSG00000001517,ENSCJAG00000018781
ENSMUSG00000032308,ENSCJAG00000015551
ENSMUSG00000064778,ENSCJAG00000073159
ENSMUSG00002075374,ENSCJAG00000053341
ENSMUSG00000019876,ENSCJAG00000040212
ENSMUSG00000028803,ENSCJAG00000020848
ENSMUSG00000038371,ENSCJAG00000011147
ENSMUSG00000029104,ENSCJAG00000014069
ENSMUSG00000002881,ENSCJAG00000005748
ENSMUSG00000021484,ENSCJAG00000006916
ENSMUSG00000032712,ENSCJAG00000013037
ENSMUSG00000035476,ENSCJAG00000007710
ENSMUSG00000089929,ENSCJAG00000007569
ENSMUSG00000039714,ENSCJAG00000038349
ENSMUSG00000054889,ENSCJAG00000021333
ENSMUSG00000039901,ENSCJAG00000017743
ENSMUSG00000020952,ENSCJAG00000005938
ENSMUSG00000046844,ENSCJAG00000014046
ENSMUSG00000058665,ENSCJAG00000041223
ENSMUSG00000066442,ENSCJAG00000007560
ENSMUSG00000081534,ENSCJAG00000014975
ENSMUSG00000043015,ENSCJAG00000005743
ENSMUSG00000031166,ENSCJAG00000002328
ENSMUSG00000022307,ENSCJAG00000006571
ENSMUSG00000042064,ENSCJAG00000006877
ENSMUSG00000008874,ENSCJAG00000039841
ENSMUSG00000056271,ENSCJAG00000015507
ENSMUSG00000031539,ENSCJAG00000007751
ENSMUSG00000063273,ENSCJAG00000003095
ENSMUSG00000079304,ENSCJAG00000018779
ENSMUSG00000028801,ENSCJAG00000020857
ENSMUSG00000004069,ENSCJAG00000019815
ENSMUSG00000021196,ENSCJAG00000020417
ENSMUSG00000074811,ENSCJAG00000022973
ENSMUSG00000014554,ENSCJAG00000017868
ENSMUSG00000067526,ENSCJAG00000075105
ENSMUSG00000044994,ENSCJAG00000075105
ENSMUSG00000028494,ENSCJAG00000078157
ENSMUSG00000028494,ENSCJAG00000008088
ENSMUSG00000028494,ENSCJAG00000040973
ENSMUSG00000039313,ENSCJAG00000087217
ENSMUSG00000039313,ENSCJAG00000087135
ENSMUSG00000089484,ENSCJAG00000080252
ENSMUSG00000031642,ENSCJAG00000004855
ENSMUSG00000084425,ENSCJAG00000079032
ENSMUSG00000084425,ENSCJAG00000087116
ENSMUSG00000084425,ENSCJAG00000071867
ENSMUSG00000084425,ENSCJAG00000078816
ENSMUSG00000084425,ENSCJAG00000078768
ENSMUSG00000084425,ENSCJAG00000023827
ENSMUSG00000084425,ENSCJAG00000077892
ENSMUSG00000084425,ENSCJAG00000073381
ENSMUSG00000038733,ENSCJAG00000007937
ENSMUSG00000067524,ENSCJAG00000022829
ENSMUSG00000032353,ENSCJAG00000005277
ENSMUSG00000067522,ENSCJAG00000022830
ENSMUSG00000047606,ENSCJAG00000005284
ENSMUSG00000094133,ENSCJAG00000042768
ENSMUSG00000023886,ENSCJAG00000043849
ENSMUSG00000032356,ENSCJAG00000002316
ENSMUSG00000067519,ENSCJAG00000042768
ENSMUSG00000063683,ENSCJAG00000042527
ENSMUSG00000019874,ENSCJAG00000043644
ENSMUSG00000021048,ENSCJAG00000019526
ENSMUSG00000019872,ENSCJAG00000048484
ENSMUSG00000027598,ENSCJAG00000018204
ENSMUSG00000037188,ENSCJAG00000020858
ENSMUSG00000029534,ENSCJAG00000004988
ENSMUSG00000065892,ENSCJAG00000074252
ENSMUSG00000031641,ENSCJAG00000086762
ENSMUSG00000015405,ENSCJAG00000004290
ENSMUSG00000028100,ENSCJAG00000074938
ENSMUSG00000064630,ENSCJAG00000082411
ENSMUSG00000089019,ENSCJAG00000040215
ENSMUSG00000004637,ENSCJAG00000014032
ENSMUSG00000062157,ENSCJAG00000020867
ENSMUSG00000036019,ENSCJAG00000019420
ENSMUSG00000037157,ENSCJAG00000020877
ENSMUSG00000024078,ENSCJAG00000003388
ENSMUSG00000062960,ENSCJAG00000018352
ENSMUSG00000037139,ENSCJAG00000020880
ENSMUSG00000079415,ENSCJAG00000075241
ENSMUSG00000058897,ENSCJAG00000016026
ENSMUSG00000024695,ENSCJAG00000008421
ENSMUSG00000058818,ENSCJAG00000039155
ENSMUSG00000058818,ENSCJAG00000001166
ENSMUSG00000058818,ENSCJAG00000036927
ENSMUSG00000058818,ENSCJAG00000001139
ENSMUSG00000005958,ENSCJAG00000014911
ENSMUSG00000038039,ENSCJAG00000001137
ENSMUSG00000032312,ENSCJAG00000015430
ENSMUSG00000021057,ENSCJAG00000059824
ENSMUSG00000024696,ENSCJAG00000008449
ENSMUSG00000055435,ENSCJAG00000041654
ENSMUSG00000056459,ENSCJAG00000019576
ENSMUSG00000038024,ENSCJAG00000020600
ENSMUSG00000034467,ENSCJAG00000016709
ENSMUSG00000091014,ENSCJAG00000073393
ENSMUSG00000031758,ENSCJAG00000016685
ENSMUSG00000041258,ENSCJAG00000008039
ENSMUSG00000045126,ENSCJAG00000071154
ENSMUSG00000003721,ENSCJAG00000021424
ENSMUSG00000033454,ENSCJAG00000019591
ENSMUSG00000014633,ENSCJAG00000072359
ENSMUSG00000048456,ENSCJAG00000071154
ENSMUSG00000059970,ENSCJAG00000042264
ENSMUSG00000074604,ENSCJAG00000003073
ENSMUSG00000052221,ENSCJAG00000019603
ENSMUSG00000031540,ENSCJAG00000004274
ENSMUSG00002075417,ENSCJAG00000069673
ENSMUSG00000051246,ENSCJAG00000014062
ENSMUSG00000039194,ENSCJAG00000012881
ENSMUSG00000063445,ENSCJAG00000019832
ENSMUSG00000077791,ENSCJAG00000053433
ENSMUSG00000021097,ENSCJAG00000006324
ENSMUSG00000061143,ENSCJAG00000003065
ENSMUSG00000029233,ENSCJAG00000052753
ENSMUSG00000047459,ENSCJAG00000080958
ENSMUSG00000047459,ENSCJAG00000086845
ENSMUSG00000047459,ENSCJAG00000070703
ENSMUSG00000047459,ENSCJAG00000085138
ENSMUSG00000047459,ENSCJAG00000075366
ENSMUSG00000047459,ENSCJAG00000079373
ENSMUSG00000041439,ENSCJAG00000005733
ENSMUSG00000028099,ENSCJAG00000002314
ENSMUSG00000027602,ENSCJAG00000045544
ENSMUSG00000004070,ENSCJAG00000019834
ENSMUSG00000024190,ENSCJAG00000067622
ENSMUSG00000038383,ENSCJAG00000018152
ENSMUSG00000013495,ENSCJAG00000001891
ENSMUSG00000028690,ENSCJAG00000004805
ENSMUSG00000031377,ENSCJAG00000004237
ENSMUSG00000020806,ENSCJAG00000013527
ENSMUSG00000028495,ENSCJAG00000020612
ENSMUSG00000028495,ENSCJAG00000085934
ENSMUSG00000028495,ENSCJAG00000073182
ENSMUSG00000058881,ENSCJAG00000022733
ENSMUSG00000051156,ENSCJAG00000022667
ENSMUSG00000050865,ENSCJAG00000022667
ENSMUSG00000026514,ENSCJAG00000007929
ENSMUSG00000047207,ENSCJAG00000022667
ENSMUSG00000038007,ENSCJAG00000020617
ENSMUSG00000032359,ENSCJAG00000002305
ENSMUSG00000048410,ENSCJAG00000003204
ENSMUSG00000004071,ENSCJAG00000019837
ENSMUSG00000045395,ENSCJAG00000022669
ENSMUSG00000040054,ENSCJAG00000010774
ENSMUSG00000038375,ENSCJAG00000057751
ENSMUSG00000056162,ENSCJAG00000003184
ENSMUSG00000056858,ENSCJAG00000022669
ENSMUSG00000031756,ENSCJAG00000016673
ENSMUSG00000039004,ENSCJAG00000021326
ENSMUSG00000059401,ENSCJAG00000004077
ENSMUSG00000062314,ENSCJAG00000022669
ENSMUSG00000026102,ENSCJAG00000005706
ENSMUSG00000065669,ENSCJAG00000028271
ENSMUSG00000019232,ENSCJAG00000016009
ENSMUSG00002076668,ENSCJAG00000079278
ENSMUSG00002076668,ENSCJAG00000072547
ENSMUSG00002076668,ENSCJAG00000073710
ENSMUSG00002076668,ENSCJAG00000084422
ENSMUSG00002076668,ENSCJAG00000030106
ENSMUSG00002076668,ENSCJAG00000087229
ENSMUSG00002076668,ENSCJAG00000070201
ENSMUSG00002076668,ENSCJAG00000079385
ENSMUSG00002076668,ENSCJAG00000029330
ENSMUSG00002076668,ENSCJAG00000023904
ENSMUSG00002076668,ENSCJAG00000072800
ENSMUSG00002076668,ENSCJAG00000076677
ENSMUSG00002076668,ENSCJAG00000087137
ENSMUSG00002076668,ENSCJAG00000076389
ENSMUSG00000029234,ENSCJAG00000046061
ENSMUSG00000024640,ENSCJAG00000003319
ENSMUSG00000041997,ENSCJAG00000007075
ENSMUSG00000052551,ENSCJAG00000008412
ENSMUSG00000030790,ENSCJAG00000011137
ENSMUSG00000001576,ENSCJAG00000019238
ENSMUSG00000024644,ENSCJAG00000085960
ENSMUSG00000020810,ENSCJAG00000013520
ENSMUSG00000041426,ENSCJAG00000005679
ENSMUSG00000081665,ENSCJAG00000039155
ENSMUSG00000081665,ENSCJAG00000001166
ENSMUSG00000081665,ENSCJAG00000036927
ENSMUSG00000081665,ENSCJAG00000001139
ENSMUSG00002076212,ENSCJAG00000072140
ENSMUSG00000031379,ENSCJAG00000004204
ENSMUSG00000065640,ENSCJAG00000061729
ENSMUSG00000077604,ENSCJAG00000061729
ENSMUSG00000057286,ENSCJAG00000013500
ENSMUSG00000042508,ENSCJAG00000014730
ENSMUSG00000058056,ENSCJAG00000004780
ENSMUSG00000030616,ENSCJAG00000014359
ENSMUSG00000062270,ENSCJAG00000002214
ENSMUSG00000062270,ENSCJAG00000079907
ENSMUSG00000039568,ENSCJAG00000040824
ENSMUSG00000009588,ENSCJAG00000013495
ENSMUSG00000028676,ENSCJAG00000044116
ENSMUSG00000028676,ENSCJAG00000021801
ENSMUSG00000022517,ENSCJAG00000019844
ENSMUSG00000049985,ENSCJAG00000002120
ENSMUSG00000026339,ENSCJAG00000021418
ENSMUSG00000041491,ENSCJAG00000003289
ENSMUSG00000031380,ENSCJAG00000004194
ENSMUSG00000041084,ENSCJAG00000041938
ENSMUSG00000041084,ENSCJAG00000080504
ENSMUSG00000041084,ENSCJAG00000047099
ENSMUSG00000047992,ENSCJAG00000003178
ENSMUSG00000031284,ENSCJAG00000007168
ENSMUSG00000044167,ENSCJAG00000068966
ENSMUSG00000028098,ENSCJAG00000002332
ENSMUSG00000054150,ENSCJAG00000006351
ENSMUSG00000065746,ENSCJAG00000066904
ENSMUSG00000117781,ENSCJAG00000003172
ENSMUSG00000024646,ENSCJAG00000003163
ENSMUSG00000038369,ENSCJAG00000018049
ENSMUSG00000024697,ENSCJAG00000074827
ENSMUSG00000038304,ENSCJAG00000002349
ENSMUSG00000039126,ENSCJAG00000008738
ENSMUSG00000034391,ENSCJAG00000003151
ENSMUSG00000062006,ENSCJAG00000084084
ENSMUSG00000062006,ENSCJAG00000053141
ENSMUSG00000038991,ENSCJAG00000021322
ENSMUSG00000024645,ENSCJAG00000043210
ENSMUSG00000037705,ENSCJAG00000007401
ENSMUSG00000050534,ENSCJAG00000021415
ENSMUSG00000048249,ENSCJAG00000019193
ENSMUSG00000037996,ENSCJAG00000009047
ENSMUSG00002075059,ENSCJAG00000027160
ENSMUSG00002075059,ENSCJAG00000027262
ENSMUSG00000043629,ENSCJAG00000005673
ENSMUSG00000042895,ENSCJAG00000040325
ENSMUSG00000038298,ENSCJAG00000002353
ENSMUSG00000021102,ENSCJAG00000005517
ENSMUSG00000020814,ENSCJAG00000047281
ENSMUSG00000022309,ENSCJAG00000006522
ENSMUSG00000041341,ENSCJAG00000006410
ENSMUSG00000026100,ENSCJAG00000005664
ENSMUSG00000050321,ENSCJAG00000003126
ENSMUSG00000056962,ENSCJAG00000013442
ENSMUSG00000051920,ENSCJAG00000006515
ENSMUSG00000001674,ENSCJAG00000072550
ENSMUSG00000001674,ENSCJAG00000021414
ENSMUSG00000001674,ENSCJAG00000067434
ENSMUSG00000022336,ENSCJAG00000006458
ENSMUSG00000041975,ENSCJAG00000007144
ENSMUSG00000024647,ENSCJAG00000084858
ENSMUSG00000024191,ENSCJAG00000019186
ENSMUSG00000024712,ENSCJAG00000066699
ENSMUSG00000024712,ENSCJAG00000031573
ENSMUSG00000090266,ENSCJAG00000013434
ENSMUSG00000024713,ENSCJAG00000012841
ENSMUSG00000022337,ENSCJAG00000006437
ENSMUSG00000069324,ENSCJAG00000059013
ENSMUSG00000028675,ENSCJAG00000039836
ENSMUSG00000028675,ENSCJAG00000074386
ENSMUSG00000004661,ENSCJAG00000017758
ENSMUSG00000037921,ENSCJAG00000004726
ENSMUSG00000056153,ENSCJAG00000022864
ENSMUSG00000056427,ENSCJAG00000015563
ENSMUSG00000028096,ENSCJAG00000002362
ENSMUSG00000036707,ENSCJAG00000043487
ENSMUSG00000036707,ENSCJAG00000023103
ENSMUSG00000036707,ENSCJAG00000013349
ENSMUSG00000054409,ENSCJAG00000023212
ENSMUSG00000015579,ENSCJAG00000078127
ENSMUSG00000038760,ENSCJAG00000006433
ENSMUSG00000044715,ENSCJAG00000006459
ENSMUSG00000062585,ENSCJAG00000033442
ENSMUSG00000028673,ENSCJAG00000020898
ENSMUSG00000014773,ENSCJAG00000020658
ENSMUSG00000023066,ENSCJAG00000003057
ENSMUSG00000022475,ENSCJAG00000014979
ENSMUSG00000002812,ENSCJAG00000000999
ENSMUSG00000033985,ENSCJAG00000004755
ENSMUSG00000026223,ENSCJAG00000038764
ENSMUSG00000057123,ENSCJAG00000084416
ENSMUSG00000027742,ENSCJAG00000017833
ENSMUSG00000021065,ENSCJAG00000003756
ENSMUSG00000024301,ENSCJAG00000021681
ENSMUSG00000043391,ENSCJAG00000022231
ENSMUSG00000022853,ENSCJAG00000057316
ENSMUSG00000019920,ENSCJAG00000001153
ENSMUSG00000049608,ENSCJAG00000022443
ENSMUSG00000037287,ENSCJAG00000007368
ENSMUSG00002075139,ENSCJAG00000030738
ENSMUSG00002075139,ENSCJAG00000079603
ENSMUSG00002075139,ENSCJAG00000079262
ENSMUSG00000033618,ENSCJAG00000014818
ENSMUSG00000036815,ENSCJAG00000014051
ENSMUSG00000031635,ENSCJAG00000004702
ENSMUSG00000014763,ENSCJAG00000020655
ENSMUSG00000028496,ENSCJAG00000008994
ENSMUSG00000088002,ENSCJAG00000074725
ENSMUSG00000099418,ENSCJAG00000041012
ENSMUSG00000047454,ENSCJAG00000015520
ENSMUSG00000041966,ENSCJAG00000007161
ENSMUSG00000089593,ENSCJAG00000072129
ENSMUSG00000089593,ENSCJAG00000031256
ENSMUSG00000022715,ENSCJAG00000017346
ENSMUSG00000014769,ENSCJAG00000078476
ENSMUSG00000024725,ENSCJAG00000012808
ENSMUSG00000040043,ENSCJAG00000010803
ENSMUSG00000040043,ENSCJAG00000038571
ENSMUSG00000018846,ENSCJAG00000015550
ENSMUSG00000059430,ENSCJAG00000017882
ENSMUSG00000034028,ENSCJAG00000003050
ENSMUSG00000028672,ENSCJAG00000020903
ENSMUSG00000031233,ENSCJAG00000022394
ENSMUSG00000001870,ENSCJAG00000003410
ENSMUSG00000034390,ENSCJAG00000016538
ENSMUSG00000034120,ENSCJAG00000041154
ENSMUSG00000013089,ENSCJAG00000014672
ENSMUSG00000064105,ENSCJAG00000018118
ENSMUSG00000031381,ENSCJAG00000004172
ENSMUSG00000032017,ENSCJAG00000007360
ENSMUSG00000018599,ENSCJAG00000001046
ENSMUSG00000028671,ENSCJAG00000020906
ENSMUSG00000056987,ENSCJAG00000015489
ENSMUSG00000089581,ENSCJAG00000041601
ENSMUSG00000051062,ENSCJAG00000015548
ENSMUSG00000018848,ENSCJAG00000015491
ENSMUSG00000001520,ENSCJAG00000083523
ENSMUSG00000049908,ENSCJAG00000002367
ENSMUSG00000037847,ENSCJAG00000012794
ENSMUSG00000048332,ENSCJAG00000017847
ENSMUSG00000021147,ENSCJAG00000008441
ENSMUSG00000021112,ENSCJAG00000015428
ENSMUSG00000055720,ENSCJAG00000073198
ENSMUSG00000055720,ENSCJAG00000017784
ENSMUSG00000055720,ENSCJAG00000017000
ENSMUSG00000018849,ENSCJAG00000000040
ENSMUSG00000057880,ENSCJAG00000017292
ENSMUSG00000053825,ENSCJAG00000019370
ENSMUSG00000027985,ENSCJAG00000015947
ENSMUSG00000028688,ENSCJAG00000004716
ENSMUSG00000065340,ENSCJAG00000035433
ENSMUSG00000065340,ENSCJAG00000027004
ENSMUSG00000073514,ENSCJAG00000003043
ENSMUSG00000025939,ENSCJAG00000007605
ENSMUSG00000025059,ENSCJAG00000007633
ENSMUSG00000025059,ENSCJAG00000004026
ENSMUSG00002076950,ENSCJAG00000034755
ENSMUSG00002076950,ENSCJAG00000033113
ENSMUSG00000021114,ENSCJAG00000015396
ENSMUSG00000010797,ENSCJAG00000004983
ENSMUSG00000024726,ENSCJAG00000001131
ENSMUSG00000006906,ENSCJAG00000017897
ENSMUSG00000024614,ENSCJAG00000002993
ENSMUSG00000096141,ENSCJAG00000003569
ENSMUSG00000031696,ENSCJAG00000010203
ENSMUSG00000021116,ENSCJAG00000015368
ENSMUSG00000027015,ENSCJAG00000007191
ENSMUSG00000020818,ENSCJAG00000013361
ENSMUSG00000064941,ENSCJAG00000072510
ENSMUSG00000024727,ENSCJAG00000001156
ENSMUSG00000027613,ENSCJAG00000017846
ENSMUSG00000021118,ENSCJAG00000015361
ENSMUSG00000046157,ENSCJAG00000015358
ENSMUSG00000003452,ENSCJAG00000018291
ENSMUSG00000028670,ENSCJAG00000020914
ENSMUSG00000026768,ENSCJAG00000009080
ENSMUSG00000021111,ENSCJAG00000051243
ENSMUSG00000021111,ENSCJAG00000006462
ENSMUSG00000038264,ENSCJAG00000017807
ENSMUSG00000036192,ENSCJAG00000001216
ENSMUSG00000041238,ENSCJAG00000020545
ENSMUSG00000026094,ENSCJAG00000003591
ENSMUSG00000032363,ENSCJAG00000002181
ENSMUSG00000034330,ENSCJAG00000016515
ENSMUSG00000044362,ENSCJAG00000014446
ENSMUSG00000028669,ENSCJAG00000020925
ENSMUSG00000049336,ENSCJAG00000000032
ENSMUSG00000043140,ENSCJAG00000037847
ENSMUSG00000026341,ENSCJAG00000014091
ENSMUSG00000022861,ENSCJAG00000014637
ENSMUSG00000042997,ENSCJAG00000017851
ENSMUSG00000030615,ENSCJAG00000022253
ENSMUSG00000030615,ENSCJAG00000014466
ENSMUSG00000037990,ENSCJAG00000001299
ENSMUSG00000034308,ENSCJAG00000054745
ENSMUSG00000030614,ENSCJAG00000014472
ENSMUSG00000027984,ENSCJAG00000015938
ENSMUSG00000028687,ENSCJAG00000004634
ENSMUSG00000031697,ENSCJAG00000010280
ENSMUSG00000030802,ENSCJAG00000003108
ENSMUSG00000027581,ENSCJAG00000010324
ENSMUSG00000014542,ENSCJAG00000019365
ENSMUSG00000065173,ENSCJAG00000080917
ENSMUSG00000043857,ENSCJAG00000013327
ENSMUSG00000044005,ENSCJAG00000010875
ENSMUSG00000025041,ENSCJAG00000018148
ENSMUSG00000021756,ENSCJAG00000002068
ENSMUSG00000034783,ENSCJAG00000019371
ENSMUSG00000026767,ENSCJAG00000009028
ENSMUSG00000049504,ENSCJAG00000017859
ENSMUSG00000029647,ENSCJAG00000019421
ENSMUSG00000010796,ENSCJAG00000004944
ENSMUSG00000031844,ENSCJAG00000016505
ENSMUSG00000027983,ENSCJAG00000019545
ENSMUSG00000040957,ENSCJAG00000020547
ENSMUSG00000031843,ENSCJAG00000016498
ENSMUSG00000027744,ENSCJAG00000017876
ENSMUSG00000022711,ENSCJAG00000017287
ENSMUSG00000054162,ENSCJAG00000004671
ENSMUSG00000067276,ENSCJAG00000007124
ENSMUSG00000002814,ENSCJAG00000001058
ENSMUSG00000079658,ENSCJAG00000077448
ENSMUSG00000079658,ENSCJAG00000041466
ENSMUSG00000079658,ENSCJAG00000075555
ENSMUSG00000079658,ENSCJAG00000072635
ENSMUSG00000079658,ENSCJAG00000071348
ENSMUSG00000043155,ENSCJAG00000023336
ENSMUSG00000037016,ENSCJAG00000017883
ENSMUSG00000028668,ENSCJAG00000020934
ENSMUSG00000049411,ENSCJAG00000020550
ENSMUSG00000087995,ENSCJAG00000031867
ENSMUSG00000001518,ENSCJAG00000018765
ENSMUSG00000024193,ENSCJAG00000021684
ENSMUSG00000031167,ENSCJAG00000047341
ENSMUSG00000038368,ENSCJAG00000008887
ENSMUSG00000033501,ENSCJAG00000062411
ENSMUSG00000035948,ENSCJAG00000019352
ENSMUSG00000008393,ENSCJAG00000017286
ENSMUSG00000026342,ENSCJAG00000014139
ENSMUSG00000005686,ENSCJAG00000011041
ENSMUSG00000107252,ENSCJAG00000040635
ENSMUSG00000004462,ENSCJAG00000014620
ENSMUSG00000038982,ENSCJAG00000010580
ENSMUSG00000088653,ENSCJAG00000071994
ENSMUSG00000028032,ENSCJAG00000015905
ENSMUSG00000022479,ENSCJAG00000015018
ENSMUSG00000032323,ENSCJAG00000017820
ENSMUSG00000025940,ENSCJAG00000000582
ENSMUSG00000031841,ENSCJAG00000008343
ENSMUSG00000001707,ENSCJAG00000079478
ENSMUSG00000030357,ENSCJAG00000018746
ENSMUSG00000051346,ENSCJAG00000039389
ENSMUSG00000025389,ENSCJAG00000010971
ENSMUSG00000064783,ENSCJAG00000084480
ENSMUSG00000034336,ENSCJAG00000018178
ENSMUSG00000026343,ENSCJAG00000014203
ENSMUSG00000037410,ENSCJAG00000010097
ENSMUSG00000005583,ENSCJAG00000010799
ENSMUSG00000025779,ENSCJAG00000000577
ENSMUSG00000030801,ENSCJAG00000003122
ENSMUSG00000019917,ENSCJAG00000017754
ENSMUSG00000025050,ENSCJAG00000018192
ENSMUSG00000071042,ENSCJAG00000003493
ENSMUSG00000004460,ENSCJAG00000014557
ENSMUSG00000006269,ENSCJAG00000019383
ENSMUSG00000049323,ENSCJAG00000001062
ENSMUSG00000026344,ENSCJAG00000056495
ENSMUSG00000084652,ENSCJAG00000040357
ENSMUSG00000084652,ENSCJAG00000057076
ENSMUSG00000084652,ENSCJAG00000084825
ENSMUSG00000084652,ENSCJAG00000007441
ENSMUSG00000084652,ENSCJAG00000029196
ENSMUSG00000119036,ENSCJAG00000083111
ENSMUSG00000059495,ENSCJAG00000014200
ENSMUSG00000042032,ENSCJAG00000015401
ENSMUSG00000025049,ENSCJAG00000018213
ENSMUSG00000031698,ENSCJAG00000010287
ENSMUSG00000042686,ENSCJAG00000000567
ENSMUSG00000028031,ENSCJAG00000057432
ENSMUSG00000030800,ENSCJAG00000003135
ENSMUSG00000071528,ENSCJAG00000081808
ENSMUSG00000071528,ENSCJAG00000074077
ENSMUSG00000071528,ENSCJAG00000018253
ENSMUSG00000098188,ENSCJAG00000017753
ENSMUSG00000025777,ENSCJAG00000068466
ENSMUSG00000019906,ENSCJAG00000019343
ENSMUSG00000024404,ENSCJAG00000020556
ENSMUSG00002075594,ENSCJAG00000066465
ENSMUSG00000027746,ENSCJAG00000017903
ENSMUSG00000022710,ENSCJAG00000017192
ENSMUSG00000025047,ENSCJAG00000018257
ENSMUSG00000060716,ENSCJAG00000015298
ENSMUSG00000004815,ENSCJAG00000001866
ENSMUSG00000014747,ENSCJAG00000019374
ENSMUSG00000030788,ENSCJAG00000011014
ENSMUSG00000024194,ENSCJAG00000021690
ENSMUSG00000022342,ENSCJAG00000006183
ENSMUSG00000014748,ENSCJAG00000040577
ENSMUSG00000000435,ENSCJAG00000019340
ENSMUSG00000065312,ENSCJAG00000073534
ENSMUSG00000065312,ENSCJAG00000073284
ENSMUSG00000091721,ENSCJAG00000015900
ENSMUSG00000022483,ENSCJAG00000015054
ENSMUSG00000035923,ENSCJAG00000081789
ENSMUSG00000042807,ENSCJAG00000003608
ENSMUSG00000004633,ENSCJAG00000008406
ENSMUSG00000020823,ENSCJAG00000013261
ENSMUSG00000035916,ENSCJAG00000019332
ENSMUSG00000028029,ENSCJAG00000015885
ENSMUSG00000026730,ENSCJAG00000009020
ENSMUSG00000070077,ENSCJAG00000027101
ENSMUSG00000033948,ENSCJAG00000004596
ENSMUSG00000048503,ENSCJAG00000014193
ENSMUSG00000030787,ENSCJAG00000011002
ENSMUSG00000027748,ENSCJAG00000017909
ENSMUSG00002074989,ENSCJAG00000075308
ENSMUSG00000059291,ENSCJAG00000080619
ENSMUSG00000032368,ENSCJAG00000047544
ENSMUSG00000049630,ENSCJAG00000075165
ENSMUSG00000070371,ENSCJAG00000003144
ENSMUSG00000033033,ENSCJAG00000018290
ENSMUSG00000014767,ENSCJAG00000020638
ENSMUSG00000026727,ENSCJAG00000043733
ENSMUSG00000053626,ENSCJAG00000009353
ENSMUSG00000032015,ENSCJAG00000014166
ENSMUSG00000024410,ENSCJAG00000020571
ENSMUSG00000079258,ENSCJAG00000018294
ENSMUSG00000094219,ENSCJAG00000018295
ENSMUSG00000091455,ENSCJAG00000019323
ENSMUSG00000021120,ENSCJAG00000039073
ENSMUSG00000024659,ENSCJAG00000001252
ENSMUSG00000007872,ENSCJAG00000040172
ENSMUSG00000021125,ENSCJAG00000015277
ENSMUSG00000031382,ENSCJAG00000004142
ENSMUSG00000018983,ENSCJAG00000020962
ENSMUSG00000021124,ENSCJAG00000038922
ENSMUSG00000021124,ENSCJAG00000015263
ENSMUSG00000036934,ENSCJAG00000083227
ENSMUSG00000039187,ENSCJAG00000012809
ENSMUSG00000028684,ENSCJAG00000004492
ENSMUSG00000027254,ENSCJAG00000002767
ENSMUSG00000020330,ENSCJAG00000015371
ENSMUSG00000037852,ENSCJAG00000009311
ENSMUSG00000032014,ENSCJAG00000067985
ENSMUSG00000029238,ENSCJAG00000018261
ENSMUSG00000066441,ENSCJAG00000015232
ENSMUSG00000036972,ENSCJAG00000001529
ENSMUSG00000019916,ENSCJAG00000007429
ENSMUSG00000025056,ENSCJAG00000007615
ENSMUSG00000031700,ENSCJAG00000007578
ENSMUSG00000087949,ENSCJAG00000024796
ENSMUSG00000031384,ENSCJAG00000004125
ENSMUSG00000025776,ENSCJAG00000000549
ENSMUSG00000028030,ENSCJAG00000015822
ENSMUSG00000020328,ENSCJAG00000015367
ENSMUSG00000027012,ENSCJAG00000007196
ENSMUSG00000039201,ENSCJAG00000002300
ENSMUSG00000036995,ENSCJAG00000001861
ENSMUSG00000020534,ENSCJAG00000001063
ENSMUSG00000002017,ENSCJAG00000052058
ENSMUSG00000032013,ENSCJAG00000014137
ENSMUSG00000021123,ENSCJAG00000015207
ENSMUSG00000024413,ENSCJAG00000020581
ENSMUSG00000031604,ENSCJAG00000009301
ENSMUSG00000022868,ENSCJAG00000069483
ENSMUSG00000025983,ENSCJAG00000003683
ENSMUSG00000021115,ENSCJAG00000006619
ENSMUSG00000031701,ENSCJAG00000007552
ENSMUSG00000014771,ENSCJAG00000011691
ENSMUSG00000014771,ENSCJAG00000014106
ENSMUSG00000014771,ENSCJAG00000020634
ENSMUSG00000032012,ENSCJAG00000014126
ENSMUSG00000031605,ENSCJAG00000009218
ENSMUSG00000001604,ENSCJAG00000001850
ENSMUSG00000052372,ENSCJAG00000007604
ENSMUSG00000057766,ENSCJAG00000020590
ENSMUSG00000006435,ENSCJAG00000047912
ENSMUSG00000065293,ENSCJAG00000056204
ENSMUSG00000065293,ENSCJAG00000033513
ENSMUSG00000065293,ENSCJAG00000081021
ENSMUSG00000065293,ENSCJAG00000069948
ENSMUSG00000037716,ENSCJAG00000017841
ENSMUSG00000023930,ENSCJAG00000047298
ENSMUSG00000022507,ENSCJAG00000039049
ENSMUSG00000065747,ENSCJAG00000026149
ENSMUSG00000040998,ENSCJAG00000015795
ENSMUSG00000031168,ENSCJAG00000002295
ENSMUSG00000022871,ENSCJAG00000014536
ENSMUSG00000046861,ENSCJAG00000004440
ENSMUSG00000036902,ENSCJAG00000007534
ENSMUSG00000045725,ENSCJAG00000085693
ENSMUSG00000034744,ENSCJAG00000019403
ENSMUSG00000025774,ENSCJAG00000011614
ENSMUSG00000024421,ENSCJAG00000020598
ENSMUSG00000053279,ENSCJAG00000001331
ENSMUSG00000029235,ENSCJAG00000018258
ENSMUSG00000035395,ENSCJAG00000066733
ENSMUSG00000020326,ENSCJAG00000015341
ENSMUSG00000073735,ENSCJAG00000011605
ENSMUSG00000041303,ENSCJAG00000003694
ENSMUSG00000019907,ENSCJAG00000019271
ENSMUSG00000031285,ENSCJAG00000046918
ENSMUSG00000029648,ENSCJAG00000019447
ENSMUSG00000054808,ENSCJAG00000013777
ENSMUSG00000024747,ENSCJAG00000001331
ENSMUSG00000045896,ENSCJAG00000019433
ENSMUSG00000031703,ENSCJAG00000018388
ENSMUSG00000042569,ENSCJAG00000018837
ENSMUSG00000049690,ENSCJAG00000014208
ENSMUSG00000024749,ENSCJAG00000001348
ENSMUSG00000086040,ENSCJAG00000008466
ENSMUSG00000039209,ENSCJAG00000086734
ENSMUSG00000051351,ENSCJAG00000048577
ENSMUSG00000043284,ENSCJAG00000018834
ENSMUSG00000025521,ENSCJAG00000009198
ENSMUSG00000022877,ENSCJAG00000014523
ENSMUSG00000018931,ENSCJAG00000070596
ENSMUSG00000039200,ENSCJAG00000017153
ENSMUSG00000053617,ENSCJAG00000018307
ENSMUSG00000066037,ENSCJAG00000005512
ENSMUSG00000059248,ENSCJAG00000013203
ENSMUSG00000019124,ENSCJAG00000047722
ENSMUSG00000024074,ENSCJAG00000003575
ENSMUSG00000071089,ENSCJAG00000043313
ENSMUSG00000038074,ENSCJAG00000052671
ENSMUSG00000038074,ENSCJAG00000055715
ENSMUSG00000022311,ENSCJAG00000005957
ENSMUSG00000109718,ENSCJAG00000064577
ENSMUSG00002074847,ENSCJAG00000070078
ENSMUSG00002074847,ENSCJAG00000074117
ENSMUSG00002074847,ENSCJAG00000032852
ENSMUSG00000036469,ENSCJAG00000012479
ENSMUSG00000088044,ENSCJAG00000071805
ENSMUSG00000035873,ENSCJAG00000019265
ENSMUSG00000041301,ENSCJAG00000004895
ENSMUSG00000079513,ENSCJAG00000032445
ENSMUSG00000032011,ENSCJAG00000068403
ENSMUSG00000085139,ENSCJAG00000038675
ENSMUSG00000111409,ENSCJAG00000014065
ENSMUSG00000073069,ENSCJAG00000007122
ENSMUSG00000094861,ENSCJAG00000007122
ENSMUSG00000096072,ENSCJAG00000007122
ENSMUSG00000024750,ENSCJAG00000067211
ENSMUSG00000058173,ENSCJAG00000045722
ENSMUSG00000023921,ENSCJAG00000011774
ENSMUSG00000040653,ENSCJAG00000077421
ENSMUSG00000040653,ENSCJAG00000069566
ENSMUSG00000040653,ENSCJAG00000059562
ENSMUSG00000045414,ENSCJAG00000001605
ENSMUSG00000024424,ENSCJAG00000020629
ENSMUSG00000018589,ENSCJAG00000004058
ENSMUSG00000029649,ENSCJAG00000019473
ENSMUSG00000029649,ENSCJAG00000071424
ENSMUSG00000019762,ENSCJAG00000013438
ENSMUSG00000031129,ENSCJAG00000001617
ENSMUSG00000042694,ENSCJAG00000040388
ENSMUSG00000066440,ENSCJAG00000015147
ENSMUSG00000035864,ENSCJAG00000019262
ENSMUSG00000067773,ENSCJAG00000076216
ENSMUSG00000005611,ENSCJAG00000010880
ENSMUSG00000031337,ENSCJAG00000004040
ENSMUSG00000060459,ENSCJAG00000014495
ENSMUSG00000027878,ENSCJAG00000019931
ENSMUSG00000042256,ENSCJAG00000011815
ENSMUSG00000042596,ENSCJAG00000011580
ENSMUSG00000033540,ENSCJAG00000001838
ENSMUSG00000018932,ENSCJAG00000048160
ENSMUSG00000043972,ENSCJAG00000011823
ENSMUSG00000064763,ENSCJAG00000072058
ENSMUSG00000064763,ENSCJAG00000028833
ENSMUSG00000025591,ENSCJAG00000012470
ENSMUSG00000025060,ENSCJAG00000018363
ENSMUSG00000023852,ENSCJAG00000009559
ENSMUSG00000039977,ENSCJAG00000003734
ENSMUSG00000043753,ENSCJAG00000008059
ENSMUSG00000024430,ENSCJAG00000020641
ENSMUSG00000008489,ENSCJAG00000008064
ENSMUSG00000089431,ENSCJAG00000085686
ENSMUSG00000027750,ENSCJAG00000017968
ENSMUSG00000044014,ENSCJAG00000012452
ENSMUSG00000036155,ENSCJAG00000011518
ENSMUSG00000112039,ENSCJAG00000004308
ENSMUSG00000053886,ENSCJAG00000014251
ENSMUSG00000065802,ENSCJAG00000084223
ENSMUSG00000020181,ENSCJAG00000019176
ENSMUSG00000036356,ENSCJAG00000014270
ENSMUSG00000043885,ENSCJAG00000011030
ENSMUSG00000005225,ENSCJAG00000008504
ENSMUSG00000022505,ENSCJAG00000081337
ENSMUSG00000053565,ENSCJAG00000032081
ENSMUSG00000053565,ENSCJAG00000013760
ENSMUSG00000025927,ENSCJAG00000011561
ENSMUSG00002076182,ENSCJAG00000070443
ENSMUSG00000039179,ENSCJAG00000017139
ENSMUSG00000020436,ENSCJAG00000015272
ENSMUSG00000059060,ENSCJAG00000015123
ENSMUSG00000029650,ENSCJAG00000019491
ENSMUSG00000032010,ENSCJAG00000014080
ENSMUSG00000022503,ENSCJAG00000015978
ENSMUSG00000089942,ENSCJAG00000039155
ENSMUSG00000089942,ENSCJAG00000001166
ENSMUSG00000089942,ENSCJAG00000036927
ENSMUSG00000089942,ENSCJAG00000001139
ENSMUSG00000046959,ENSCJAG00000001864
ENSMUSG00000056121,ENSCJAG00000003610
ENSMUSG00000024754,ENSCJAG00000001452
ENSMUSG00000056004,ENSCJAG00000003589
ENSMUSG00000048251,ENSCJAG00000048221
ENSMUSG00000026347,ENSCJAG00000011546
ENSMUSG00000038065,ENSCJAG00000040887
ENSMUSG00000005609,ENSCJAG00000010795
ENSMUSG00000058446,ENSCJAG00000008540
ENSMUSG00000050908,ENSCJAG00000015995
ENSMUSG00000049106,ENSCJAG00000042954
ENSMUSG00000044252,ENSCJAG00000020648
ENSMUSG00000031864,ENSCJAG00000014313
ENSMUSG00000000416,ENSCJAG00000004816
ENSMUSG00000032705,ENSCJAG00000014987
ENSMUSG00000022875,ENSCJAG00000014495
ENSMUSG00000040624,ENSCJAG00000013414
ENSMUSG00000028533,ENSCJAG00000080921
ENSMUSG00000026348,ENSCJAG00000011557
ENSMUSG00000021130,ENSCJAG00000014947
ENSMUSG00000026510,ENSCJAG00000008144
ENSMUSG00000066107,ENSCJAG00000003711
ENSMUSG00000054000,ENSCJAG00000043194
ENSMUSG00000064850,ENSCJAG00000027160
ENSMUSG00000064850,ENSCJAG00000027262
ENSMUSG00002076402,ENSCJAG00000027160
ENSMUSG00002076402,ENSCJAG00000027262
ENSMUSG00002074983,ENSCJAG00000074823
ENSMUSG00002074983,ENSCJAG00000072965
ENSMUSG00002074983,ENSCJAG00000082692
ENSMUSG00000028578,ENSCJAG00000007987
ENSMUSG00000048027,ENSCJAG00000009679
ENSMUSG00000025064,ENSCJAG00000018404
ENSMUSG00000074417,ENSCJAG00000039155
ENSMUSG00000074417,ENSCJAG00000001166
ENSMUSG00000074417,ENSCJAG00000036927
ENSMUSG00000074417,ENSCJAG00000001139
ENSMUSG00000028577,ENSCJAG00000007921
ENSMUSG00000030427,ENSCJAG00000039155
ENSMUSG00000030427,ENSCJAG00000001166
ENSMUSG00000030427,ENSCJAG00000036927
ENSMUSG00000030427,ENSCJAG00000001139
ENSMUSG00000023918,ENSCJAG00000011845
ENSMUSG00000043760,ENSCJAG00000011434
ENSMUSG00000119543,ENSCJAG00000080581
ENSMUSG00000119543,ENSCJAG00000034994
ENSMUSG00000044155,ENSCJAG00000077574
ENSMUSG00000025571,ENSCJAG00000019431
ENSMUSG00000038058,ENSCJAG00000008570
ENSMUSG00000022312,ENSCJAG00000047852
ENSMUSG00000022504,ENSCJAG00000015997
ENSMUSG00000039176,ENSCJAG00000012773
ENSMUSG00000028576,ENSCJAG00000018308
ENSMUSG00000119728,ENSCJAG00000069818
ENSMUSG00000021916,ENSCJAG00000006883
ENSMUSG00000067649,ENSCJAG00000045820
ENSMUSG00000119580,ENSCJAG00000033186
ENSMUSG00000040621,ENSCJAG00000004054
ENSMUSG00000048833,ENSCJAG00000014935
ENSMUSG00000024076,ENSCJAG00000003620
ENSMUSG00000029517,ENSCJAG00000073997
ENSMUSG00000022313,ENSCJAG00000005903
ENSMUSG00000066438,ENSCJAG00000047929
ENSMUSG00000028018,ENSCJAG00000015763
ENSMUSG00000006678,ENSCJAG00000004743
ENSMUSG00000022314,ENSCJAG00000005844
ENSMUSG00000002797,ENSCJAG00000008589
ENSMUSG00000045333,ENSCJAG00000011975
ENSMUSG00000070175,ENSCJAG00000085130
ENSMUSG00000065702,ENSCJAG00000075249
ENSMUSG00000065702,ENSCJAG00000081355
ENSMUSG00000062961,ENSCJAG00000044147
ENSMUSG00000025929,ENSCJAG00000011432
ENSMUSG00000050377,ENSCJAG00000002043
ENSMUSG00000021133,ENSCJAG00000014926
ENSMUSG00000087831,ENSCJAG00000033112
ENSMUSG00000060882,ENSCJAG00000022123
ENSMUSG00000026349,ENSCJAG00000011573
ENSMUSG00000020185,ENSCJAG00000019162
ENSMUSG00000049799,ENSCJAG00000064085
ENSMUSG00000116564,ENSCJAG00000040045
ENSMUSG00000068522,ENSCJAG00000077370
ENSMUSG00000029777,ENSCJAG00000008595
ENSMUSG00000022315,ENSCJAG00000005833
ENSMUSG00000010803,ENSCJAG00000015200
ENSMUSG00000056296,ENSCJAG00000019605
ENSMUSG00000028677,ENSCJAG00000004057
ENSMUSG00000021134,ENSCJAG00000014884
ENSMUSG00000088830,ENSCJAG00000027854
ENSMUSG00000038622,ENSCJAG00000071887
ENSMUSG00000038622,ENSCJAG00000005824
ENSMUSG00000036810,ENSCJAG00000001997
ENSMUSG00000053128,ENSCJAG00000014065
ENSMUSG00000008090,ENSCJAG00000001812
ENSMUSG00000061731,ENSCJAG00000005815
ENSMUSG00000015214,ENSCJAG00000003991
ENSMUSG00000074505,ENSCJAG00000011067
ENSMUSG00000028016,ENSCJAG00000015751
ENSMUSG00000029669,ENSCJAG00000017120
ENSMUSG00000061665,ENSCJAG00000011867
ENSMUSG00000001418,ENSCJAG00000005757
ENSMUSG00000044772,ENSCJAG00000041591
ENSMUSG00000058656,ENSCJAG00000046228
ENSMUSG00000041872,ENSCJAG00000043579
ENSMUSG00000025066,ENSCJAG00000018436
ENSMUSG00000003974,ENSCJAG00000003556
ENSMUSG00000042354,ENSCJAG00000006864
ENSMUSG00000089399,ENSCJAG00000026921
ENSMUSG00000052331,ENSCJAG00000003803
ENSMUSG00000063727,ENSCJAG00000005804
ENSMUSG00000015568,ENSCJAG00000014346
ENSMUSG00000044948,ENSCJAG00000018443
ENSMUSG00000038591,ENSCJAG00000047934
ENSMUSG00000024479,ENSCJAG00000043157
ENSMUSG00000001420,ENSCJAG00000005765
ENSMUSG00000004821,ENSCJAG00000012473
ENSMUSG00000037362,ENSCJAG00000005759
ENSMUSG00000087718,ENSCJAG00000025442
ENSMUSG00000039994,ENSCJAG00000010984
ENSMUSG00000032327,ENSCJAG00000017863
ENSMUSG00000028013,ENSCJAG00000015715
ENSMUSG00000022425,ENSCJAG00000005628
ENSMUSG00000026726,ENSCJAG00000008967
ENSMUSG00000020428,ENSCJAG00000015176
ENSMUSG00000029101,ENSCJAG00000014023
ENSMUSG00000023915,ENSCJAG00000011904
ENSMUSG00000025068,ENSCJAG00000018474
ENSMUSG00000025068,ENSCJAG00000021835
ENSMUSG00000024077,ENSCJAG00000003643
ENSMUSG00000089728,ENSCJAG00000067364
ENSMUSG00000077212,ENSCJAG00000030724
ENSMUSG00000087912,ENSCJAG00000023482
ENSMUSG00000077797,ENSCJAG00000069380
ENSMUSG00000036339,ENSCJAG00000018523
ENSMUSG00000030154,ENSCJAG00000011120
ENSMUSG00000030154,ENSCJAG00000081130
ENSMUSG00000025069,ENSCJAG00000018486
ENSMUSG00000035762,ENSCJAG00000041282
ENSMUSG00000028664,ENSCJAG00000005696
ENSMUSG00000036330,ENSCJAG00000014369
ENSMUSG00000027871,ENSCJAG00000085345
ENSMUSG00000027871,ENSCJAG00000074294
ENSMUSG00000027871,ENSCJAG00000073117
ENSMUSG00000041710,ENSCJAG00000007053
ENSMUSG00000093238,ENSCJAG00000040525
ENSMUSG00000001415,ENSCJAG00000005684
ENSMUSG00000037337,ENSCJAG00000013713
ENSMUSG00000003476,ENSCJAG00000008694
ENSMUSG00000007653,ENSCJAG00000015148
ENSMUSG00000041293,ENSCJAG00000011931
ENSMUSG00000072934,ENSCJAG00000046018
ENSMUSG00000026723,ENSCJAG00000008937
ENSMUSG00000006273,ENSCJAG00000014436
ENSMUSG00000021135,ENSCJAG00000014870
ENSMUSG00000041700,ENSCJAG00000070219
ENSMUSG00000021432,ENSCJAG00000021320
ENSMUSG00000067629,ENSCJAG00000021691
ENSMUSG00000031169,ENSCJAG00000002259
ENSMUSG00000055415,ENSCJAG00000015122
ENSMUSG00000021136,ENSCJAG00000014855
ENSMUSG00000026234,ENSCJAG00000013538
ENSMUSG00000027010,ENSCJAG00000007305
ENSMUSG00000044950,ENSCJAG00000019106
ENSMUSG00000117975,ENSCJAG00000018498
ENSMUSG00000036306,ENSCJAG00000014459
ENSMUSG00000046585,ENSCJAG00000018501
ENSMUSG00000027870,ENSCJAG00000005623
ENSMUSG00000041278,ENSCJAG00000019084
ENSMUSG00000038055,ENSCJAG00000042301
ENSMUSG00000022884,ENSCJAG00000032965
ENSMUSG00000036246,ENSCJAG00000005633
ENSMUSG00000063434,ENSCJAG00000018513
ENSMUSG00000041423,ENSCJAG00000005656
ENSMUSG00000050541,ENSCJAG00000019081
ENSMUSG00002076827,ENSCJAG00000058335
ENSMUSG00000064823,ENSCJAG00000069430
ENSMUSG00000026509,ENSCJAG00000008168
ENSMUSG00000004296,ENSCJAG00000019062
ENSMUSG00000036905,ENSCJAG00000067396
ENSMUSG00000041231,ENSCJAG00000019057
ENSMUSG00000040943,ENSCJAG00000015737
ENSMUSG00000036896,ENSCJAG00000074975
ENSMUSG00000027018,ENSCJAG00000007340
ENSMUSG00000079055,ENSCJAG00000014823
ENSMUSG00000036887,ENSCJAG00000065906
ENSMUSG00000028661,ENSCJAG00000005832
ENSMUSG00000019189,ENSCJAG00000019025
ENSMUSG00000003477,ENSCJAG00000008786
ENSMUSG00000035804,ENSCJAG00000035804
ENSMUSG00000021548,ENSCJAG00000010902
ENSMUSG00000060862,ENSCJAG00000005869
ENSMUSG00002075402,ENSCJAG00000085703
ENSMUSG00002075402,ENSCJAG00000087299
ENSMUSG00000025027,ENSCJAG00000018543
ENSMUSG00000021848,ENSCJAG00000081594
ENSMUSG00000021848,ENSCJAG00000018583
ENSMUSG00000038022,ENSCJAG00000008833
ENSMUSG00000026237,ENSCJAG00000070417
ENSMUSG00000026728,ENSCJAG00000008688
ENSMUSG00000051590,ENSCJAG00000011631
ENSMUSG00000057098,ENSCJAG00000019016
ENSMUSG00000052572,ENSCJAG00000014492
ENSMUSG00000074489,ENSCJAG00000046802
ENSMUSG00000021262,ENSCJAG00000016804
ENSMUSG00000006386,ENSCJAG00000018394
ENSMUSG00000074486,ENSCJAG00000046802
ENSMUSG00000074483,ENSCJAG00000046802
ENSMUSG00000041859,ENSCJAG00000012664
ENSMUSG00000041859,ENSCJAG00000011389
ENSMUSG00000004233,ENSCJAG00000005653
ENSMUSG00000031861,ENSCJAG00000005646
ENSMUSG00000030156,ENSCJAG00000018576
ENSMUSG00000021758,ENSCJAG00000001951
ENSMUSG00000037206,ENSCJAG00000017885
ENSMUSG00000001751,ENSCJAG00000038325
ENSMUSG00000001774,ENSCJAG00000047151
ENSMUSG00000037343,ENSCJAG00000005547
ENSMUSG00000003418,ENSCJAG00000008685
ENSMUSG00000019301,ENSCJAG00000047763
ENSMUSG00000019301,ENSCJAG00000057055
ENSMUSG00000119848,ENSCJAG00000073332
ENSMUSG00000004654,ENSCJAG00000008846
ENSMUSG00000093117,ENSCJAG00000081271
ENSMUSG00000001755,ENSCJAG00000005064
ENSMUSG00000061244,ENSCJAG00000018592
ENSMUSG00000041921,ENSCJAG00000007373
ENSMUSG00000025982,ENSCJAG00000003902
ENSMUSG00000044006,ENSCJAG00000005650
ENSMUSG00000051243,ENSCJAG00000068388
ENSMUSG00000027868,ENSCJAG00000005662
ENSMUSG00000048967,ENSCJAG00000005654
ENSMUSG00000029670,ENSCJAG00000017145
ENSMUSG00000041688,ENSCJAG00000007004
ENSMUSG00000036199,ENSCJAG00000064808
ENSMUSG00000022422,ENSCJAG00000005518
ENSMUSG00000006169,ENSCJAG00000018990
ENSMUSG00000064890,ENSCJAG00000074328
ENSMUSG00000028172,ENSCJAG00000072109
ENSMUSG00000031661,ENSCJAG00000001801
ENSMUSG00000026238,ENSCJAG00000084642
ENSMUSG00000050144,ENSCJAG00000005625
ENSMUSG00002076159,ENSCJAG00000031678
ENSMUSG00000041911,ENSCJAG00000007381
ENSMUSG00000036856,ENSCJAG00000066659
ENSMUSG00000036291,ENSCJAG00000018620
ENSMUSG00000022419,ENSCJAG00000005497
ENSMUSG00000029651,ENSCJAG00000019500
ENSMUSG00000047789,ENSCJAG00000001907
ENSMUSG00000023391,ENSCJAG00000007389
ENSMUSG00000006699,ENSCJAG00000046126
ENSMUSG00000027867,ENSCJAG00000076495
ENSMUSG00000025931,ENSCJAG00000011379
ENSMUSG00000027111,ENSCJAG00000007399
ENSMUSG00000034739,ENSCJAG00000014068
ENSMUSG00000031662,ENSCJAG00000001791
ENSMUSG00000041809,ENSCJAG00000011346
ENSMUSG00000079605,ENSCJAG00000021692
ENSMUSG00000036180,ENSCJAG00000040704
ENSMUSG00000035776,ENSCJAG00000003949
ENSMUSG00000056492,ENSCJAG00000011952
ENSMUSG00000021759,ENSCJAG00000001879
ENSMUSG00000026239,ENSCJAG00000013615
ENSMUSG00000044847,ENSCJAG00000018985
ENSMUSG00000036282,ENSCJAG00000018629
ENSMUSG00000022370,ENSCJAG00000023047
ENSMUSG00000022370,ENSCJAG00000005359
ENSMUSG00000088524,ENSCJAG00000053654
ENSMUSG00000087935,ENSCJAG00000042002
ENSMUSG00000087935,ENSCJAG00000040829
ENSMUSG00000064382,ENSCJAG00000030371
ENSMUSG00000065208,ENSCJAG00000026983
ENSMUSG00000022881,ENSCJAG00000014480
ENSMUSG00000011254,ENSCJAG00000018973
ENSMUSG00000025981,ENSCJAG00000039085
ENSMUSG00000025026,ENSCJAG00000018560
ENSMUSG00000021549,ENSCJAG00000010941
ENSMUSG00000045328,ENSCJAG00000015594
ENSMUSG00000021850,ENSCJAG00000018651
ENSMUSG00000065436,ENSCJAG00000023646
ENSMUSG00000021263,ENSCJAG00000016847
ENSMUSG00000078520,ENSCJAG00000005927
ENSMUSG00000051934,ENSCJAG00000020920
ENSMUSG00000021264,ENSCJAG00000085567
ENSMUSG00000023433,ENSCJAG00000005927
ENSMUSG00000040489,ENSCJAG00000018960
ENSMUSG00000041779,ENSCJAG00000011314
ENSMUSG00000069899,ENSCJAG00000012533
ENSMUSG00000022878,ENSCJAG00000055281
ENSMUSG00000017801,ENSCJAG00000005011
ENSMUSG00000021852,ENSCJAG00000018660
ENSMUSG00000022885,ENSCJAG00000044937
ENSMUSG00000021265,ENSCJAG00000016864
ENSMUSG00000039414,ENSCJAG00000003707
ENSMUSG00000091803,ENSCJAG00000082417
ENSMUSG00000036104,ENSCJAG00000011643
ENSMUSG00000028573,ENSCJAG00000016043
ENSMUSG00000029102,ENSCJAG00000014013
ENSMUSG00000062980,ENSCJAG00000017180
ENSMUSG00000036242,ENSCJAG00000018672
ENSMUSG00000033285,ENSCJAG00000005749
ENSMUSG00000055994,ENSCJAG00000041425
ENSMUSG00000033383,ENSCJAG00000082912
ENSMUSG00000022887,ENSCJAG00000014429
ENSMUSG00000017778,ENSCJAG00000071165
ENSMUSG00000017778,ENSCJAG00000075814
ENSMUSG00000017778,ENSCJAG00000018377
ENSMUSG00000017778,ENSCJAG00000081461
ENSMUSG00000017778,ENSCJAG00000087022
ENSMUSG00000017778,ENSCJAG00000071091
ENSMUSG00000017778,ENSCJAG00000078802
ENSMUSG00000031171,ENSCJAG00000002256
ENSMUSG00000043943,ENSCJAG00000000859
ENSMUSG00000048933,ENSCJAG00000086090
ENSMUSG00000037579,ENSCJAG00000020923
ENSMUSG00000016018,ENSCJAG00000001773
ENSMUSG00000033470,ENSCJAG00000075551
ENSMUSG00000025933,ENSCJAG00000011309
ENSMUSG00000030549,ENSCJAG00000054474
ENSMUSG00000072974,ENSCJAG00000022097
ENSMUSG00000072972,ENSCJAG00000022097
ENSMUSG00000047631,ENSCJAG00000011065
ENSMUSG00000044716,ENSCJAG00000014004
ENSMUSG00000048856,ENSCJAG00000016878
ENSMUSG00000020186,ENSCJAG00000019153
ENSMUSG00000020186,ENSCJAG00000078904
ENSMUSG00000026240,ENSCJAG00000044335
ENSMUSG00000026240,ENSCJAG00000013630
ENSMUSG00000028167,ENSCJAG00000039643
ENSMUSG00000037570,ENSCJAG00000020935
ENSMUSG00000029671,ENSCJAG00000039822
ENSMUSG00000065429,ENSCJAG00000026761
ENSMUSG00000090935,ENSCJAG00000038700
ENSMUSG00000057789,ENSCJAG00000016047
ENSMUSG00000024423,ENSCJAG00000020674
ENSMUSG00000050030,ENSCJAG00000010040
ENSMUSG00000049011,ENSCJAG00000023235
ENSMUSG00002074863,ENSCJAG00000034678
ENSMUSG00000030162,ENSCJAG00000072989
ENSMUSG00000030162,ENSCJAG00000021672
ENSMUSG00000064403,ENSCJAG00000084103
ENSMUSG00000005610,ENSCJAG00000010633
ENSMUSG00000070565,ENSCJAG00000008458
ENSMUSG00000041313,ENSCJAG00000019515
ENSMUSG00000033355,ENSCJAG00000014427
ENSMUSG00000015217,ENSCJAG00000051437
ENSMUSG00000015217,ENSCJAG00000005187
ENSMUSG00000015217,ENSCJAG00000060163
ENSMUSG00000045306,ENSCJAG00000023234
ENSMUSG00000025383,ENSCJAG00000048090
ENSMUSG00000037994,ENSCJAG00000015568
ENSMUSG00000031665,ENSCJAG00000001740
ENSMUSG00000046210,ENSCJAG00000023232
ENSMUSG00000074502,ENSCJAG00000000817
ENSMUSG00000088651,ENSCJAG00000047299
ENSMUSG00000042426,ENSCJAG00000001692
ENSMUSG00000033306,ENSCJAG00000014354
ENSMUSG00000008438,ENSCJAG00000081717
ENSMUSG00000008438,ENSCJAG00000085989
ENSMUSG00000064948,ENSCJAG00000039813
ENSMUSG00000040675,ENSCJAG00000013404
ENSMUSG00000047508,ENSCJAG00000038679
ENSMUSG00000047508,ENSCJAG00000016144
ENSMUSG00000002679,ENSCJAG00000014796
ENSMUSG00000043668,ENSCJAG00000001731
ENSMUSG00000032407,ENSCJAG00000001639
ENSMUSG00000094692,ENSCJAG00000010005
ENSMUSG00000023914,ENSCJAG00000012000
ENSMUSG00000029672,ENSCJAG00000017203
ENSMUSG00000021806,ENSCJAG00000006959
ENSMUSG00000028572,ENSCJAG00000016077
ENSMUSG00000031543,ENSCJAG00000004219
ENSMUSG00000027793,ENSCJAG00000018144
ENSMUSG00000037346,ENSCJAG00000020684
ENSMUSG00000119747,ENSCJAG00000070075
ENSMUSG00000118554,ENSCJAG00000032487
ENSMUSG00000024420,ENSCJAG00000020691
ENSMUSG00000043549,ENSCJAG00000003919
ENSMUSG00000042734,ENSCJAG00000064430
ENSMUSG00000078907,ENSCJAG00000020977
ENSMUSG00000020411,ENSCJAG00000018926
ENSMUSG00000031170,ENSCJAG00000014797
ENSMUSG00000042724,ENSCJAG00000014758
ENSMUSG00000026241,ENSCJAG00000013669
ENSMUSG00000019303,ENSCJAG00000004997
ENSMUSG00000023007,ENSCJAG00000020982
ENSMUSG00000042417,ENSCJAG00000001680
ENSMUSG00000001687,ENSCJAG00000019517
ENSMUSG00000025980,ENSCJAG00000003990
ENSMUSG00000006494,ENSCJAG00000007507
ENSMUSG00000096140,ENSCJAG00000044505
ENSMUSG00000074651,ENSCJAG00000001678
ENSMUSG00000037013,ENSCJAG00000020695
ENSMUSG00000119546,ENSCJAG00000072535
ENSMUSG00000119546,ENSCJAG00000081963
ENSMUSG00000119546,ENSCJAG00000085655
ENSMUSG00000089287,ENSCJAG00000078388
ENSMUSG00000089287,ENSCJAG00000079625
ENSMUSG00000089287,ENSCJAG00000081182
ENSMUSG00000089287,ENSCJAG00000082617
ENSMUSG00000050150,ENSCJAG00000015534
ENSMUSG00000034488,ENSCJAG00000040007
ENSMUSG00000030160,ENSCJAG00000057235
ENSMUSG00000021266,ENSCJAG00000016912
ENSMUSG00000029103,ENSCJAG00000013237
ENSMUSG00000017802,ENSCJAG00000004971
ENSMUSG00000042644,ENSCJAG00000012111
ENSMUSG00000030161,ENSCJAG00000048408
ENSMUSG00000073676,ENSCJAG00000041512
ENSMUSG00000073676,ENSCJAG00000081952
ENSMUSG00000068663,ENSCJAG00000016025
ENSMUSG00000021807,ENSCJAG00000006926
ENSMUSG00000021807,ENSCJAG00000076644
ENSMUSG00000028165,ENSCJAG00000043402
ENSMUSG00000050241,ENSCJAG00000021663
ENSMUSG00000033526,ENSCJAG00000002715
ENSMUSG00000027865,ENSCJAG00000005808
ENSMUSG00000030067,ENSCJAG00000013138
ENSMUSG00000022106,ENSCJAG00000009006
ENSMUSG00000045318,ENSCJAG00000040081
ENSMUSG00000067438,ENSCJAG00000044848
ENSMUSG00000036086,ENSCJAG00000071953
ENSMUSG00000036086,ENSCJAG00000011678
ENSMUSG00000031342,ENSCJAG00000004016
ENSMUSG00000040254,ENSCJAG00000003522
ENSMUSG00000078926,ENSCJAG00000001654
ENSMUSG00000028571,ENSCJAG00000016130
ENSMUSG00000045007,ENSCJAG00000063999
ENSMUSG00000021613,ENSCJAG00000063471
ENSMUSG00000088948,ENSCJAG00000030668
ENSMUSG00000023913,ENSCJAG00000040484
ENSMUSG00000038296,ENSCJAG00000010607
ENSMUSG00000065575,ENSCJAG00000024744
ENSMUSG00000021760,ENSCJAG00000052197
ENSMUSG00000042348,ENSCJAG00000042706
ENSMUSG00000004798,ENSCJAG00000011832
ENSMUSG00000088217,ENSCJAG00000032101
ENSMUSG00000088217,ENSCJAG00000077603
ENSMUSG00000036743,ENSCJAG00000020707
ENSMUSG00000089473,ENSCJAG00000027966
ENSMUSG00000040877,ENSCJAG00000016951
ENSMUSG00000035798,ENSCJAG00000019075
ENSMUSG00000064573,ENSCJAG00000068523
ENSMUSG00000064573,ENSCJAG00000027320
ENSMUSG00000064573,ENSCJAG00000048218
ENSMUSG00000044468,ENSCJAG00000039217
ENSMUSG00000048264,ENSCJAG00000039229
ENSMUSG00000030613,ENSCJAG00000022998
ENSMUSG00000030613,ENSCJAG00000014547
ENSMUSG00000066551,ENSCJAG00000084719
ENSMUSG00000066551,ENSCJAG00000020439
ENSMUSG00000028538,ENSCJAG00000003737
ENSMUSG00000025255,ENSCJAG00000000517
ENSMUSG00000054321,ENSCJAG00000020711
ENSMUSG00000040867,ENSCJAG00000016957
ENSMUSG00000024208,ENSCJAG00000012180
ENSMUSG00000033488,ENSCJAG00000066036
ENSMUSG00000020340,ENSCJAG00000018862
ENSMUSG00000024210,ENSCJAG00000044270
ENSMUSG00000008763,ENSCJAG00000005860
ENSMUSG00000036225,ENSCJAG00000020728
ENSMUSG00000040140,ENSCJAG00000012035
ENSMUSG00000074500,ENSCJAG00000011049
ENSMUSG00000065751,ENSCJAG00000034815
ENSMUSG00000046591,ENSCJAG00000012742
ENSMUSG00000021140,ENSCJAG00000014664
ENSMUSG00000024411,ENSCJAG00000020734
ENSMUSG00000079592,ENSCJAG00000057413
ENSMUSG00000067750,ENSCJAG00000055378
ENSMUSG00000041722,ENSCJAG00000055378
ENSMUSG00000025979,ENSCJAG00000045626
ENSMUSG00000063531,ENSCJAG00000003462
ENSMUSG00000044857,ENSCJAG00000012200
ENSMUSG00000036580,ENSCJAG00000044775
ENSMUSG00000023008,ENSCJAG00000021023
ENSMUSG00000064225,ENSCJAG00000040620
ENSMUSG00000015224,ENSCJAG00000016130
ENSMUSG00000038691,ENSCJAG00000022428
ENSMUSG00000015354,ENSCJAG00000001714
ENSMUSG00000061601,ENSCJAG00000003444
ENSMUSG00000023912,ENSCJAG00000012042
ENSMUSG00002075246,ENSCJAG00000072541
ENSMUSG00000038587,ENSCJAG00000013402
ENSMUSG00000085079,ENSCJAG00000055378
ENSMUSG00000053333,ENSCJAG00000013674
ENSMUSG00000078639,ENSCJAG00000016137
ENSMUSG00000054141,ENSCJAG00000022913
ENSMUSG00000047466,ENSCJAG00000008285
ENSMUSG00000036986,ENSCJAG00000017890
ENSMUSG00000075327,ENSCJAG00000057010
ENSMUSG00000041840,ENSCJAG00000008303
ENSMUSG00000019763,ENSCJAG00000013350
ENSMUSG00000071276,ENSCJAG00000022458
ENSMUSG00000023963,ENSCJAG00000012072
ENSMUSG00000025428,ENSCJAG00000046431
ENSMUSG00000025428,ENSCJAG00000008319
ENSMUSG00000033326,ENSCJAG00000003704
ENSMUSG00000040374,ENSCJAG00000000512
ENSMUSG00000034765,ENSCJAG00000059386
ENSMUSG00000041343,ENSCJAG00000014555
ENSMUSG00000071497,ENSCJAG00000058246
ENSMUSG00000071497,ENSCJAG00000075727
ENSMUSG00000024974,ENSCJAG00000018717
ENSMUSG00000048721,ENSCJAG00000068975
ENSMUSG00000035172,ENSCJAG00000013486
ENSMUSG00000103034,ENSCJAG00000074805
ENSMUSG00000051076,ENSCJAG00000005878
ENSMUSG00002076178,ENSCJAG00000081254
ENSMUSG00000020189,ENSCJAG00000001055
ENSMUSG00000040856,ENSCJAG00000016972
ENSMUSG00000084474,ENSCJAG00000038500
ENSMUSG00000025978,ENSCJAG00000058836
ENSMUSG00000039601,ENSCJAG00000012084
ENSMUSG00000084435,ENSCJAG00000076092
ENSMUSG00000084435,ENSCJAG00000031255
ENSMUSG00000027499,ENSCJAG00000082645
ENSMUSG00000041264,ENSCJAG00000021616
ENSMUSG00000021764,ENSCJAG00000001607
ENSMUSG00000048655,ENSCJAG00000031495
ENSMUSG00000043639,ENSCJAG00000018786
ENSMUSG00000095957,ENSCJAG00000040900
ENSMUSG00000095525,ENSCJAG00000040900
ENSMUSG00000032333,ENSCJAG00000017932
ENSMUSG00000046994,ENSCJAG00000022885
ENSMUSG00000021765,ENSCJAG00000001590
ENSMUSG00000026246,ENSCJAG00000013693
ENSMUSG00000026246,ENSCJAG00000013702
ENSMUSG00000024975,ENSCJAG00000018795
ENSMUSG00000091151,ENSCJAG00000057697
ENSMUSG00000032334,ENSCJAG00000017949
ENSMUSG00000079508,ENSCJAG00000075721
ENSMUSG00000023960,ENSCJAG00000012097
ENSMUSG00000079440,ENSCJAG00000013693
ENSMUSG00000079440,ENSCJAG00000013702
ENSMUSG00000017167,ENSCJAG00000013408
ENSMUSG00000032135,ENSCJAG00000014034
ENSMUSG00000021614,ENSCJAG00000011161
ENSMUSG00000035759,ENSCJAG00000001113
ENSMUSG00000028033,ENSCJAG00000009916
ENSMUSG00000061759,ENSCJAG00000013343
ENSMUSG00000043542,ENSCJAG00000000495
ENSMUSG00000050382,ENSCJAG00000012723
ENSMUSG00000043537,ENSCJAG00000057697
ENSMUSG00000065494,ENSCJAG00000024765
ENSMUSG00000048399,ENSCJAG00000014348
ENSMUSG00000023961,ENSCJAG00000012114
ENSMUSG00000047804,ENSCJAG00000011871
ENSMUSG00000022498,ENSCJAG00000014621
ENSMUSG00000052387,ENSCJAG00000001494
ENSMUSG00000023010,ENSCJAG00000052430
ENSMUSG00000023010,ENSCJAG00000021032
ENSMUSG00000019767,ENSCJAG00000013339
ENSMUSG00000065371,ENSCJAG00000076207
ENSMUSG00000060701,ENSCJAG00000022458
ENSMUSG00000033233,ENSCJAG00000005897
ENSMUSG00000023959,ENSCJAG00000039777
ENSMUSG00000005682,ENSCJAG00000011141
ENSMUSG00000033295,ENSCJAG00000003578
ENSMUSG00000032839,ENSCJAG00000001739
ENSMUSG00000042848,ENSCJAG00000057697
ENSMUSG00000067951,ENSCJAG00000057697
ENSMUSG00000036500,ENSCJAG00000013693
ENSMUSG00000036500,ENSCJAG00000013702
ENSMUSG00000060245,ENSCJAG00000057697
ENSMUSG00000117148,ENSCJAG00000057697
ENSMUSG00000045417,ENSCJAG00000057697
ENSMUSG00000084450,ENSCJAG00000024195
ENSMUSG00000050933,ENSCJAG00000057697
ENSMUSG00000062165,ENSCJAG00000057697
ENSMUSG00000063889,ENSCJAG00000014066
ENSMUSG00000036533,ENSCJAG00000003993
ENSMUSG00000044052,ENSCJAG00000013482
ENSMUSG00000119501,ENSCJAG00000075476
ENSMUSG00000007564,ENSCJAG00000001967
ENSMUSG00000025977,ENSCJAG00000004092
ENSMUSG00000076451,ENSCJAG00000028800
ENSMUSG00000020395,ENSCJAG00000018825
ENSMUSG00000042700,ENSCJAG00000014597
ENSMUSG00000027794,ENSCJAG00000018188
ENSMUSG00000037965,ENSCJAG00000008403
ENSMUSG00000041328,ENSCJAG00000014595
ENSMUSG00000040329,ENSCJAG00000000494
ENSMUSG00000045575,ENSCJAG00000042677
ENSMUSG00000036368,ENSCJAG00000003996
ENSMUSG00000049775,ENSCJAG00000087148
ENSMUSG00000027500,ENSCJAG00000000485
ENSMUSG00000036244,ENSCJAG00000072279
ENSMUSG00000038349,ENSCJAG00000004100
ENSMUSG00000060063,ENSCJAG00000021617
ENSMUSG00000040522,ENSCJAG00000003929
ENSMUSG00000077713,ENSCJAG00000044078
ENSMUSG00000061065,ENSCJAG00000061898
ENSMUSG00000029406,ENSCJAG00000016487
ENSMUSG00000059939,ENSCJAG00000011405
ENSMUSG00000044583,ENSCJAG00000003924
ENSMUSG00000059263,ENSCJAG00000010537
ENSMUSG00000056211,ENSCJAG00000011718
ENSMUSG00000033222,ENSCJAG00000005909
ENSMUSG00000022105,ENSCJAG00000009076
ENSMUSG00000024087,ENSCJAG00000041053
ENSMUSG00000066607,ENSCJAG00000065813
ENSMUSG00000067942,ENSCJAG00000018238
ENSMUSG00000025742,ENSCJAG00000047794
ENSMUSG00000049493,ENSCJAG00000001762
ENSMUSG00000031176,ENSCJAG00000022737
ENSMUSG00000031176,ENSCJAG00000071073
ENSMUSG00000021615,ENSCJAG00000011227
ENSMUSG00000023009,ENSCJAG00000046299
ENSMUSG00000020401,ENSCJAG00000018822
ENSMUSG00000054453,ENSCJAG00000005242
ENSMUSG00000020397,ENSCJAG00000018815
ENSMUSG00000110404,ENSCJAG00000011411
ENSMUSG00000035914,ENSCJAG00000017996
ENSMUSG00000028565,ENSCJAG00000016165
ENSMUSG00000057203,ENSCJAG00000042677
ENSMUSG00000050102,ENSCJAG00000042677
ENSMUSG00000034997,ENSCJAG00000060527
ENSMUSG00000028064,ENSCJAG00000005605
ENSMUSG00000000308,ENSCJAG00000002677
ENSMUSG00000054142,ENSCJAG00000042677
ENSMUSG00000058030,ENSCJAG00000042677
ENSMUSG00000042323,ENSCJAG00000006635
ENSMUSG00000039153,ENSCJAG00000012153
ENSMUSG00000023022,ENSCJAG00000021115
ENSMUSG00000020399,ENSCJAG00000018791
ENSMUSG00002075582,ENSCJAG00000085372
ENSMUSG00000012422,ENSCJAG00000077051
ENSMUSG00000012422,ENSCJAG00000013378
ENSMUSG00000057551,ENSCJAG00000006214
ENSMUSG00000064565,ENSCJAG00000024191
ENSMUSG00000005846,ENSCJAG00000042606
ENSMUSG00000088308,ENSCJAG00000085783
ENSMUSG00000078958,ENSCJAG00000042632
ENSMUSG00000033498,ENSCJAG00000002654
ENSMUSG00000049176,ENSCJAG00000006179
ENSMUSG00000034342,ENSCJAG00000014015
ENSMUSG00000049517,ENSCJAG00000054491
ENSMUSG00000049517,ENSCJAG00000011247
ENSMUSG00000070080,ENSCJAG00000024757
ENSMUSG00000070072,ENSCJAG00000024183
ENSMUSG00000070076,ENSCJAG00000026365
ENSMUSG00000019768,ENSCJAG00000013293
ENSMUSG00000065520,ENSCJAG00000056130
ENSMUSG00000026247,ENSCJAG00000013711
ENSMUSG00000022510,ENSCJAG00000014256
ENSMUSG00000006920,ENSCJAG00000013311
ENSMUSG00000033486,ENSCJAG00000037831
ENSMUSG00000065433,ENSCJAG00000029250
ENSMUSG00000064452,ENSCJAG00000072291
ENSMUSG00002075266,ENSCJAG00000081926
ENSMUSG00002076155,ENSCJAG00000076869
ENSMUSG00002076195,ENSCJAG00000083689
ENSMUSG00002076690,ENSCJAG00000069991
ENSMUSG00000084691,ENSCJAG00000069991
ENSMUSG00000084549,ENSCJAG00000069991
ENSMUSG00000064496,ENSCJAG00000069991
ENSMUSG00000065013,ENSCJAG00000069991
ENSMUSG00000064621,ENSCJAG00000069991
ENSMUSG00000064417,ENSCJAG00000069991
ENSMUSG00000064679,ENSCJAG00000069991
ENSMUSG00002074888,ENSCJAG00000069991
ENSMUSG00000065757,ENSCJAG00000072441
ENSMUSG00000065757,ENSCJAG00000057135
ENSMUSG00000020671,ENSCJAG00000056072
ENSMUSG00000015536,ENSCJAG00000001568
ENSMUSG00000065749,ENSCJAG00000086825
ENSMUSG00000065749,ENSCJAG00000072492
ENSMUSG00000065749,ENSCJAG00000054655
ENSMUSG00000065749,ENSCJAG00000076931
ENSMUSG00000065749,ENSCJAG00000054423
ENSMUSG00000064487,ENSCJAG00000086825
ENSMUSG00000064487,ENSCJAG00000072492
ENSMUSG00000064487,ENSCJAG00000054655
ENSMUSG00000064487,ENSCJAG00000076931
ENSMUSG00000064487,ENSCJAG00000054423
ENSMUSG00000020668,ENSCJAG00000008138
ENSMUSG00002076514,ENSCJAG00000024148
ENSMUSG00000023025,ENSCJAG00000021131
ENSMUSG00000026707,ENSCJAG00000008427
ENSMUSG00000030643,ENSCJAG00000041773
ENSMUSG00000025381,ENSCJAG00000011259
ENSMUSG00000026353,ENSCJAG00000011842
ENSMUSG00000037486,ENSCJAG00000008396
ENSMUSG00000058254,ENSCJAG00000000758
ENSMUSG00000030772,ENSCJAG00000010506
ENSMUSG00000005683,ENSCJAG00000011275
ENSMUSG00000030546,ENSCJAG00000012709
ENSMUSG00000036480,ENSCJAG00000047887
ENSMUSG00000008035,ENSCJAG00000042767
ENSMUSG00000026589,ENSCJAG00000008493
ENSMUSG00000039914,ENSCJAG00000078174
ENSMUSG00000039914,ENSCJAG00000011319
ENSMUSG00000088236,ENSCJAG00000034705
ENSMUSG00000029659,ENSCJAG00000018674
ENSMUSG00000100626,ENSCJAG00000061898
ENSMUSG00000101819,ENSCJAG00000061898
ENSMUSG00000096097,ENSCJAG00000061898
ENSMUSG00000094904,ENSCJAG00000061898
ENSMUSG00000095413,ENSCJAG00000061898
ENSMUSG00000095655,ENSCJAG00000061898
ENSMUSG00000095662,ENSCJAG00000061898
ENSMUSG00000099443,ENSCJAG00000061898
ENSMUSG00000095445,ENSCJAG00000061898
ENSMUSG00000069038,ENSCJAG00000061898
ENSMUSG00000023026,ENSCJAG00000021142
ENSMUSG00000027248,ENSCJAG00000002591
ENSMUSG00000021219,ENSCJAG00000014537
ENSMUSG00000035045,ENSCJAG00000001427
ENSMUSG00000014498,ENSCJAG00000011349
ENSMUSG00000093661,ENSCJAG00000044237
ENSMUSG00000038954,ENSCJAG00000012182
ENSMUSG00000074269,ENSCJAG00000017991
ENSMUSG00000029660,ENSCJAG00000018665
ENSMUSG00000057421,ENSCJAG00000001434
ENSMUSG00000027246,ENSCJAG00000002572
ENSMUSG00000064883,ENSCJAG00000056204
ENSMUSG00000064883,ENSCJAG00000033513
ENSMUSG00000064883,ENSCJAG00000081021
ENSMUSG00000064883,ENSCJAG00000069948
ENSMUSG00000033253,ENSCJAG00000003519
ENSMUSG00000072875,ENSCJAG00000040260
ENSMUSG00000068748,ENSCJAG00000017225
ENSMUSG00000032409,ENSCJAG00000001797
ENSMUSG00000030545,ENSCJAG00000012706
ENSMUSG00000017418,ENSCJAG00000039276
ENSMUSG00000030641,ENSCJAG00000014654
ENSMUSG00000001240,ENSCJAG00000013296
ENSMUSG00000015533,ENSCJAG00000001514
ENSMUSG00000038126,ENSCJAG00000016546
ENSMUSG00000058799,ENSCJAG00000015202
ENSMUSG00000058799,ENSCJAG00000001115
ENSMUSG00000023932,ENSCJAG00000012210
ENSMUSG00000039099,ENSCJAG00000012691
ENSMUSG00000023935,ENSCJAG00000012267
ENSMUSG00000046110,ENSCJAG00000002552
ENSMUSG00000031207,ENSCJAG00000001453
ENSMUSG00000030544,ENSCJAG00000007088
ENSMUSG00000030543,ENSCJAG00000080320
ENSMUSG00000030069,ENSCJAG00000080226
ENSMUSG00000061119,ENSCJAG00000014662
ENSMUSG00000023938,ENSCJAG00000048207
ENSMUSG00000042284,ENSCJAG00000001502
ENSMUSG00000026354,ENSCJAG00000011870
ENSMUSG00000086564,ENSCJAG00000005944
ENSMUSG00000030149,ENSCJAG00000021667
ENSMUSG00000075520,ENSCJAG00000008267
ENSMUSG00000074884,ENSCJAG00000061735
ENSMUSG00000074884,ENSCJAG00000022274
ENSMUSG00000078656,ENSCJAG00000013276
ENSMUSG00000028563,ENSCJAG00000042963
ENSMUSG00000023949,ENSCJAG00000012297
ENSMUSG00000040269,ENSCJAG00000054615
ENSMUSG00000043323,ENSCJAG00000048392
ENSMUSG00000004031,ENSCJAG00000085990
ENSMUSG00000024097,ENSCJAG00000015185
ENSMUSG00000027864,ENSCJAG00000005961
ENSMUSG00000080374,ENSCJAG00000047515
ENSMUSG00000027245,ENSCJAG00000057715
ENSMUSG00000029778,ENSCJAG00000008919
ENSMUSG00000003992,ENSCJAG00000019418
ENSMUSG00000039062,ENSCJAG00000007096
ENSMUSG00000026251,ENSCJAG00000013756
ENSMUSG00000027863,ENSCJAG00000062649
ENSMUSG00000070306,ENSCJAG00000066293
ENSMUSG00000048222,ENSCJAG00000002529
ENSMUSG00000076066,ENSCJAG00000029561
ENSMUSG00000044206,ENSCJAG00000001459
ENSMUSG00000023032,ENSCJAG00000017737
ENSMUSG00000023032,ENSCJAG00000055107
ENSMUSG00002076552,ENSCJAG00000058478
ENSMUSG00000006392,ENSCJAG00000003499
ENSMUSG00000078578,ENSCJAG00000038989
ENSMUSG00000068479,ENSCJAG00000002529
ENSMUSG00000026355,ENSCJAG00000011898
ENSMUSG00000026748,ENSCJAG00000008238
ENSMUSG00000053368,ENSCJAG00000018522
ENSMUSG00000026356,ENSCJAG00000011967
ENSMUSG00000062203,ENSCJAG00000057222
ENSMUSG00000062203,ENSCJAG00000018191
ENSMUSG00000096847,ENSCJAG00000012307
ENSMUSG00000032338,ENSCJAG00000045223
ENSMUSG00000023947,ENSCJAG00000062014
ENSMUSG00000063801,ENSCJAG00000083796
ENSMUSG00000042331,ENSCJAG00000021695
ENSMUSG00000032105,ENSCJAG00000014003
ENSMUSG00000040363,ENSCJAG00000003758
ENSMUSG00000037089,ENSCJAG00000046050
ENSMUSG00000039043,ENSCJAG00000007127
ENSMUSG00000049044,ENSCJAG00000007525
ENSMUSG00000088432,ENSCJAG00000064423
ENSMUSG00000026253,ENSCJAG00000013767
ENSMUSG00000038244,ENSCJAG00000010368
ENSMUSG00000038244,ENSCJAG00000069607
ENSMUSG00000020205,ENSCJAG00000072700
ENSMUSG00000006398,ENSCJAG00000003414
ENSMUSG00000039878,ENSCJAG00000011444
ENSMUSG00000023944,ENSCJAG00000046966
ENSMUSG00000059475,ENSCJAG00000006145
ENSMUSG00000042275,ENSCJAG00000035190
ENSMUSG00000118824,ENSCJAG00000075504
ENSMUSG00000022496,ENSCJAG00000016042
ENSMUSG00000021620,ENSCJAG00000019453
ENSMUSG00000041936,ENSCJAG00000011412
ENSMUSG00000065333,ENSCJAG00000070808
ENSMUSG00000056602,ENSCJAG00000018482
ENSMUSG00000038168,ENSCJAG00000014239
ENSMUSG00000063334,ENSCJAG00000001181
ENSMUSG00000024231,ENSCJAG00000014005
ENSMUSG00000045382,ENSCJAG00000012046
ENSMUSG00000022512,ENSCJAG00000046185
ENSMUSG00000042258,ENSCJAG00000046690
ENSMUSG00000042581,ENSCJAG00000012054
ENSMUSG00000038148,ENSCJAG00000014218
ENSMUSG00000032109,ENSCJAG00000014001
ENSMUSG00000091972,ENSCJAG00000046748
ENSMUSG00000025374,ENSCJAG00000011455
ENSMUSG00000071669,ENSCJAG00000016010
ENSMUSG00000056692,ENSCJAG00000015304
ENSMUSG00002076507,ENSCJAG00000069673
ENSMUSG00000021621,ENSCJAG00000042621
ENSMUSG00000022443,ENSCJAG00000013642
ENSMUSG00000021156,ENSCJAG00000018489
ENSMUSG00000026401,ENSCJAG00000018314
ENSMUSG00000042035,ENSCJAG00000006006
ENSMUSG00000060510,ENSCJAG00000006176
ENSMUSG00000024242,ENSCJAG00000014920
ENSMUSG00000056888,ENSCJAG00000001210
ENSMUSG00000028164,ENSCJAG00000015423
ENSMUSG00000032340,ENSCJAG00000018044
ENSMUSG00000065979,ENSCJAG00000047057
ENSMUSG00000065979,ENSCJAG00000016005
ENSMUSG00000026254,ENSCJAG00000012387
ENSMUSG00000026254,ENSCJAG00000013786
ENSMUSG00000026254,ENSCJAG00000061556
ENSMUSG00000071454,ENSCJAG00000008281
ENSMUSG00000072872,ENSCJAG00000053393
ENSMUSG00000020214,ENSCJAG00000001222
ENSMUSG00000033027,ENSCJAG00000021663
ENSMUSG00000005354,ENSCJAG00000038379
ENSMUSG00000053175,ENSCJAG00000041992
ENSMUSG00000022494,ENSCJAG00000035331
ENSMUSG00000025576,ENSCJAG00000009563
ENSMUSG00000025373,ENSCJAG00000011457
ENSMUSG00000029695,ENSCJAG00000017282
ENSMUSG00000016552,ENSCJAG00000013822
ENSMUSG00000056586,ENSCJAG00000018479
ENSMUSG00000014686,ENSCJAG00000013177
ENSMUSG00000022514,ENSCJAG00000014191
ENSMUSG00000029095,ENSCJAG00000001053
ENSMUSG00000024232,ENSCJAG00000013174
ENSMUSG00000033161,ENSCJAG00000006058
ENSMUSG00000024233,ENSCJAG00000039731
ENSMUSG00000024233,ENSCJAG00000044826
ENSMUSG00000016554,ENSCJAG00000013831
ENSMUSG00000033960,ENSCJAG00000013253
ENSMUSG00000037984,ENSCJAG00000008997
ENSMUSG00000024217,ENSCJAG00000015321
ENSMUSG00000096054,ENSCJAG00000012842
ENSMUSG00000029697,ENSCJAG00000017326
ENSMUSG00000024236,ENSCJAG00000013199
ENSMUSG00000037973,ENSCJAG00000009007
ENSMUSG00000034457,ENSCJAG00000003590
ENSMUSG00000044313,ENSCJAG00000006194
ENSMUSG00000024245,ENSCJAG00000040463
ENSMUSG00000049848,ENSCJAG00000013193
ENSMUSG00000024246,ENSCJAG00000014891
ENSMUSG00000002930,ENSCJAG00000046946
ENSMUSG00000019146,ENSCJAG00000013947
ENSMUSG00000035378,ENSCJAG00000015131
ENSMUSG00000030770,ENSCJAG00000010314
ENSMUSG00000028063,ENSCJAG00000005413
ENSMUSG00000016637,ENSCJAG00000013961
ENSMUSG00000046532,ENSCJAG00000003563
ENSMUSG00000039512,ENSCJAG00000015333
ENSMUSG00000027242,ENSCJAG00000002506
ENSMUSG00000000787,ENSCJAG00000015787
ENSMUSG00000000787,ENSCJAG00000063364
ENSMUSG00000005716,ENSCJAG00000013970
ENSMUSG00000006389,ENSCJAG00000003389
ENSMUSG00000066892,ENSCJAG00000065299
ENSMUSG00000052736,ENSCJAG00000021663
ENSMUSG00000022545,ENSCJAG00000015982
ENSMUSG00000071715,ENSCJAG00000013982
ENSMUSG00000024218,ENSCJAG00000015388
ENSMUSG00000040511,ENSCJAG00000013209
ENSMUSG00000088318,ENSCJAG00000031792
ENSMUSG00000073730,ENSCJAG00000047020
ENSMUSG00000031214,ENSCJAG00000001702
ENSMUSG00000025236,ENSCJAG00000018161
ENSMUSG00000026255,ENSCJAG00000061912
ENSMUSG00000024247,ENSCJAG00000014835
ENSMUSG00000071714,ENSCJAG00000012695
ENSMUSG00000068428,ENSCJAG00000074485
ENSMUSG00000040498,ENSCJAG00000085582
ENSMUSG00000026158,ENSCJAG00000003635
ENSMUSG00000088410,ENSCJAG00000028189
ENSMUSG00000030167,ENSCJAG00000021663
ENSMUSG00000024219,ENSCJAG00000034880
ENSMUSG00000030541,ENSCJAG00000009440
ENSMUSG00000026156,ENSCJAG00000064513
ENSMUSG00000035692,ENSCJAG00000011428
ENSMUSG00000052276,ENSCJAG00000064215
ENSMUSG00000078486,ENSCJAG00000086937
ENSMUSG00000032131,ENSCJAG00000013965
ENSMUSG00000053702,ENSCJAG00000008182
ENSMUSG00000033191,ENSCJAG00000003353
ENSMUSG00000009569,ENSCJAG00000015925
ENSMUSG00000022986,ENSCJAG00000018016
ENSMUSG00000070777,ENSCJAG00000044671
ENSMUSG00000018500,ENSCJAG00000012216
ENSMUSG00000067610,ENSCJAG00000021663
ENSMUSG00000039349,ENSCJAG00000083600
ENSMUSG00000051228,ENSCJAG00000009048
ENSMUSG00000043932,ENSCJAG00000021663
ENSMUSG00000033147,ENSCJAG00000012813
ENSMUSG00000047694,ENSCJAG00000001748
ENSMUSG00000026587,ENSCJAG00000008558
ENSMUSG00000071713,ENSCJAG00000012695
ENSMUSG00000035357,ENSCJAG00000015181
ENSMUSG00000048078,ENSCJAG00000014733
ENSMUSG00000076972,ENSCJAG00000024066
ENSMUSG00000065449,ENSCJAG00000026641
ENSMUSG00000022685,ENSCJAG00000015866
ENSMUSG00000028536,ENSCJAG00000007833
ENSMUSG00000031216,ENSCJAG00000001753
ENSMUSG00000074480,ENSCJAG00000007711
ENSMUSG00000048540,ENSCJAG00000079748
ENSMUSG00000004085,ENSCJAG00000007736
ENSMUSG00000030075,ENSCJAG00000015217
ENSMUSG00000008601,ENSCJAG00000007715
ENSMUSG00000095567,ENSCJAG00000011380
ENSMUSG00000014243,ENSCJAG00000045674
ENSMUSG00000025235,ENSCJAG00000018181
ENSMUSG00000028062,ENSCJAG00000007739
ENSMUSG00000055546,ENSCJAG00000007284
ENSMUSG00000027506,ENSCJAG00000046659
ENSMUSG00000034403,ENSCJAG00000012576
ENSMUSG00000046697,ENSCJAG00000009621
ENSMUSG00000019969,ENSCJAG00000014387
ENSMUSG00000022682,ENSCJAG00000005268
ENSMUSG00000028730,ENSCJAG00000003341
ENSMUSG00000089288,ENSCJAG00000024730
ENSMUSG00000071719,ENSCJAG00000012571
ENSMUSG00000059327,ENSCJAG00000012562
ENSMUSG00000035694,ENSCJAG00000001238
ENSMUSG00000038127,ENSCJAG00000014177
ENSMUSG00000035112,ENSCJAG00000013197
ENSMUSG00000035493,ENSCJAG00000005930
ENSMUSG00000058351,ENSCJAG00000075056
ENSMUSG00000070235,ENSCJAG00000026550
ENSMUSG00000021996,ENSCJAG00000009380
ENSMUSG00000021996,ENSCJAG00000076283
ENSMUSG00000028729,ENSCJAG00000003318
ENSMUSG00000020657,ENSCJAG00000008094
ENSMUSG00000062859,ENSCJAG00000015429
ENSMUSG00000032410,ENSCJAG00000001872
ENSMUSG00000042507,ENSCJAG00000009935
ENSMUSG00000062154,ENSCJAG00000083445
ENSMUSG00000119411,ENSCJAG00000035256
ENSMUSG00000020354,ENSCJAG00000007288
ENSMUSG00000019772,ENSCJAG00000012816
ENSMUSG00000035681,ENSCJAG00000001261
ENSMUSG00000017188,ENSCJAG00000041927
ENSMUSG00000055612,ENSCJAG00000007809
ENSMUSG00000065804,ENSCJAG00000024191
ENSMUSG00000025578,ENSCJAG00000017786
ENSMUSG00000072946,ENSCJAG00000011505
ENSMUSG00000019773,ENSCJAG00000012799
ENSMUSG00000044986,ENSCJAG00000039266
ENSMUSG00000074748,ENSCJAG00000045947
ENSMUSG00000042298,ENSCJAG00000012193
ENSMUSG00000019774,ENSCJAG00000044179
ENSMUSG00000071711,ENSCJAG00000003612
ENSMUSG00000030077,ENSCJAG00000015257
ENSMUSG00000056605,ENSCJAG00000079785
ENSMUSG00000019775,ENSCJAG00000012783
ENSMUSG00000060508,ENSCJAG00000017175
ENSMUSG00000028645,ENSCJAG00000003279
ENSMUSG00000014850,ENSCJAG00000019548
ENSMUSG00000026740,ENSCJAG00000008044
ENSMUSG00000071547,ENSCJAG00000006610
ENSMUSG00000078653,ENSCJAG00000046418
ENSMUSG00000064201,ENSCJAG00000048158
ENSMUSG00000031220,ENSCJAG00000012549
ENSMUSG00000027861,ENSCJAG00000012776
ENSMUSG00000050663,ENSCJAG00000047134
ENSMUSG00000039989,ENSCJAG00000017772
ENSMUSG00000119136,ENSCJAG00000078216
ENSMUSG00000030539,ENSCJAG00000009482
ENSMUSG00000046834,ENSCJAG00000076722
ENSMUSG00000022681,ENSCJAG00000005318
ENSMUSG00000051582,ENSCJAG00000039624
ENSMUSG00000039976,ENSCJAG00000017755
ENSMUSG00000031012,ENSCJAG00000008892
ENSMUSG00000032624,ENSCJAG00000014719
ENSMUSG00000008604,ENSCJAG00000007755
ENSMUSG00000045268,ENSCJAG00000003267
ENSMUSG00000027620,ENSCJAG00000017535
ENSMUSG00000070103,ENSCJAG00000030487
ENSMUSG00000026620,ENSCJAG00000020649
ENSMUSG00000119363,ENSCJAG00000033834
ENSMUSG00000006764,ENSCJAG00000001306
ENSMUSG00000061859,ENSCJAG00000016186
ENSMUSG00000020654,ENSCJAG00000008027
ENSMUSG00000075402,ENSCJAG00000044935
ENSMUSG00000035086,ENSCJAG00000013144
ENSMUSG00000020130,ENSCJAG00000001329
ENSMUSG00000069114,ENSCJAG00000000454
ENSMUSG00000021707,ENSCJAG00000019556
ENSMUSG00000021707,ENSCJAG00000007747
ENSMUSG00000068015,ENSCJAG00000009392
ENSMUSG00000041355,ENSCJAG00000046590
ENSMUSG00000076143,ENSCJAG00000028688
ENSMUSG00000026155,ENSCJAG00000003659
ENSMUSG00000070084,ENSCJAG00000039351
ENSMUSG00000063672,ENSCJAG00000004205
ENSMUSG00000021540,ENSCJAG00000005968
ENSMUSG00000022523,ENSCJAG00000040892
ENSMUSG00000031545,ENSCJAG00000045025
ENSMUSG00000061397,ENSCJAG00000047304
ENSMUSG00000087980,ENSCJAG00000083823
ENSMUSG00000109166,ENSCJAG00000078235
ENSMUSG00000109166,ENSCJAG00000071689
ENSMUSG00000109166,ENSCJAG00000076576
ENSMUSG00000109166,ENSCJAG00000084010
ENSMUSG00000109166,ENSCJAG00000070665
ENSMUSG00000109166,ENSCJAG00000075712
ENSMUSG00000109166,ENSCJAG00000078947
ENSMUSG00000109166,ENSCJAG00000077015
ENSMUSG00000109166,ENSCJAG00000083764
ENSMUSG00000109166,ENSCJAG00000082871
ENSMUSG00000109166,ENSCJAG00000070049
ENSMUSG00000040209,ENSCJAG00000000453
ENSMUSG00000050945,ENSCJAG00000013316
ENSMUSG00000051065,ENSCJAG00000057912
ENSMUSG00000109060,ENSCJAG00000078235
ENSMUSG00000109060,ENSCJAG00000071689
ENSMUSG00000109060,ENSCJAG00000076576
ENSMUSG00000109060,ENSCJAG00000084010
ENSMUSG00000109060,ENSCJAG00000070665
ENSMUSG00000109060,ENSCJAG00000075712
ENSMUSG00000109060,ENSCJAG00000078947
ENSMUSG00000109060,ENSCJAG00000077015
ENSMUSG00000109060,ENSCJAG00000083764
ENSMUSG00000109060,ENSCJAG00000082871
ENSMUSG00000109060,ENSCJAG00000070049
ENSMUSG00000020132,ENSCJAG00000053443
ENSMUSG00000022525,ENSCJAG00000014159
ENSMUSG00000049382,ENSCJAG00000080473
ENSMUSG00000049382,ENSCJAG00000069688
ENSMUSG00000049382,ENSCJAG00000086150
ENSMUSG00000049382,ENSCJAG00000073380
ENSMUSG00000049382,ENSCJAG00000084786
ENSMUSG00000049382,ENSCJAG00000063292
ENSMUSG00000049382,ENSCJAG00000069612
ENSMUSG00000049382,ENSCJAG00000075543
ENSMUSG00000049382,ENSCJAG00000070158
ENSMUSG00000049382,ENSCJAG00000075564
ENSMUSG00000049382,ENSCJAG00000076063
ENSMUSG00000049382,ENSCJAG00000052027
ENSMUSG00000049382,ENSCJAG00000062860
ENSMUSG00000049382,ENSCJAG00000082115
ENSMUSG00000031546,ENSCJAG00000011026
ENSMUSG00000006740,ENSCJAG00000013540
ENSMUSG00000015341,ENSCJAG00000080080
ENSMUSG00000025369,ENSCJAG00000011483
ENSMUSG00000026154,ENSCJAG00000003698
ENSMUSG00000027508,ENSCJAG00000000451
ENSMUSG00000022680,ENSCJAG00000005346
ENSMUSG00000023043,ENSCJAG00000011637
ENSMUSG00000023043,ENSCJAG00000018165
ENSMUSG00000023043,ENSCJAG00000016079
ENSMUSG00000032171,ENSCJAG00000048251
ENSMUSG00000021725,ENSCJAG00000001446
ENSMUSG00000073530,ENSCJAG00000008617
ENSMUSG00000032119,ENSCJAG00000013942
ENSMUSG00000058655,ENSCJAG00000071504
ENSMUSG00000027859,ENSCJAG00000070914
ENSMUSG00000039963,ENSCJAG00000009194
ENSMUSG00000031548,ENSCJAG00000038849
ENSMUSG00000095190,ENSCJAG00000078235
ENSMUSG00000095190,ENSCJAG00000071689
ENSMUSG00000095190,ENSCJAG00000076576
ENSMUSG00000095190,ENSCJAG00000084010
ENSMUSG00000095190,ENSCJAG00000070665
ENSMUSG00000095190,ENSCJAG00000075712
ENSMUSG00000095190,ENSCJAG00000078947
ENSMUSG00000095190,ENSCJAG00000077015
ENSMUSG00000095190,ENSCJAG00000083764
ENSMUSG00000095190,ENSCJAG00000082871
ENSMUSG00000095190,ENSCJAG00000070049
ENSMUSG00000030538,ENSCJAG00000009505
ENSMUSG00000037492,ENSCJAG00000072071
ENSMUSG00000028163,ENSCJAG00000015382
ENSMUSG00000042286,ENSCJAG00000006484
ENSMUSG00000119108,ENSCJAG00000080377
ENSMUSG00000032172,ENSCJAG00000006061
ENSMUSG00000040782,ENSCJAG00000008662
ENSMUSG00000037003,ENSCJAG00000018241
ENSMUSG00000024240,ENSCJAG00000013637
ENSMUSG00000025234,ENSCJAG00000018219
ENSMUSG00000056313,ENSCJAG00000043083
ENSMUSG00000031549,ENSCJAG00000006481
ENSMUSG00000084957,ENSCJAG00000081605
ENSMUSG00000000631,ENSCJAG00000013358
ENSMUSG00000050973,ENSCJAG00000009511
ENSMUSG00000031551,ENSCJAG00000006463
ENSMUSG00000004508,ENSCJAG00000014753
ENSMUSG00000020652,ENSCJAG00000008019
ENSMUSG00000024976,ENSCJAG00000018854
ENSMUSG00000005534,ENSCJAG00000016091
ENSMUSG00000065507,ENSCJAG00000024032
ENSMUSG00000033717,ENSCJAG00000039854
ENSMUSG00000039318,ENSCJAG00000011310
ENSMUSG00000030092,ENSCJAG00000015346
ENSMUSG00000024978,ENSCJAG00000018889
ENSMUSG00000035713,ENSCJAG00000014781
ENSMUSG00000025232,ENSCJAG00000018254
ENSMUSG00000056608,ENSCJAG00000001573
ENSMUSG00000096199,ENSCJAG00000008012
ENSMUSG00000042472,ENSCJAG00000020308
ENSMUSG00000048939,ENSCJAG00000014131
ENSMUSG00000045467,ENSCJAG00000009514
ENSMUSG00000073639,ENSCJAG00000045749
ENSMUSG00000041440,ENSCJAG00000001924
ENSMUSG00000038116,ENSCJAG00000017501
ENSMUSG00000031221,ENSCJAG00000022937
ENSMUSG00000031221,ENSCJAG00000084641
ENSMUSG00000031221,ENSCJAG00000012525
ENSMUSG00000110086,ENSCJAG00000005981
ENSMUSG00000061013,ENSCJAG00000013033
ENSMUSG00000045034,ENSCJAG00000019567
ENSMUSG00000044952,ENSCJAG00000043935
ENSMUSG00000047084,ENSCJAG00000009520
ENSMUSG00000067597,ENSCJAG00000012517
ENSMUSG00000027533,ENSCJAG00000061348
ENSMUSG00000061802,ENSCJAG00000013045
ENSMUSG00000035704,ENSCJAG00000014792
ENSMUSG00000034334,ENSCJAG00000052350
ENSMUSG00000041147,ENSCJAG00000018462
ENSMUSG00000021997,ENSCJAG00000016849
ENSMUSG00000049230,ENSCJAG00000001875
ENSMUSG00000040229,ENSCJAG00000064019
ENSMUSG00000052468,ENSCJAG00000085806
ENSMUSG00000021728,ENSCJAG00000001432
ENSMUSG00000027528,ENSCJAG00000000441
ENSMUSG00000021998,ENSCJAG00000016813
ENSMUSG00000046229,ENSCJAG00000017498
ENSMUSG00000027238,ENSCJAG00000002478
ENSMUSG00000030188,ENSCJAG00000055431
ENSMUSG00000030188,ENSCJAG00000058939
ENSMUSG00000030188,ENSCJAG00000021662
ENSMUSG00000024979,ENSCJAG00000018940
ENSMUSG00000015665,ENSCJAG00000032564
ENSMUSG00000062515,ENSCJAG00000041930
ENSMUSG00000030647,ENSCJAG00000066176
ENSMUSG00000069520,ENSCJAG00000001375
ENSMUSG00000078346,ENSCJAG00000061898
ENSMUSG00000035686,ENSCJAG00000022085
ENSMUSG00000027858,ENSCJAG00000046657
ENSMUSG00000044359,ENSCJAG00000038850
ENSMUSG00000004098,ENSCJAG00000006008
ENSMUSG00000051727,ENSCJAG00000014824
ENSMUSG00002075146,ENSCJAG00000080382
ENSMUSG00002075146,ENSCJAG00000075935
ENSMUSG00000063558,ENSCJAG00000004230
ENSMUSG00001118666,ENSCJAG00000077220
ENSMUSG00000025037,ENSCJAG00000043444
ENSMUSG00000057440,ENSCJAG00000013079
ENSMUSG00000032899,ENSCJAG00000038521
ENSMUSG00000021234,ENSCJAG00000020363
ENSMUSG00000023942,ENSCJAG00000012328
ENSMUSG00000095976,ENSCJAG00000078235
ENSMUSG00000095976,ENSCJAG00000071689
ENSMUSG00000095976,ENSCJAG00000076576
ENSMUSG00000095976,ENSCJAG00000084010
ENSMUSG00000095976,ENSCJAG00000070665
ENSMUSG00000095976,ENSCJAG00000075712
ENSMUSG00000095976,ENSCJAG00000078947
ENSMUSG00000095976,ENSCJAG00000077015
ENSMUSG00000095976,ENSCJAG00000083764
ENSMUSG00000095976,ENSCJAG00000082871
ENSMUSG00000095976,ENSCJAG00000070049
ENSMUSG00000060890,ENSCJAG00000012455
ENSMUSG00000096283,ENSCJAG00000078235
ENSMUSG00000096283,ENSCJAG00000071689
ENSMUSG00000096283,ENSCJAG00000076576
ENSMUSG00000096283,ENSCJAG00000084010
ENSMUSG00000096283,ENSCJAG00000070665
ENSMUSG00000096283,ENSCJAG00000075712
ENSMUSG00000096283,ENSCJAG00000078947
ENSMUSG00000096283,ENSCJAG00000077015
ENSMUSG00000096283,ENSCJAG00000083764
ENSMUSG00000096283,ENSCJAG00000082871
ENSMUSG00000096283,ENSCJAG00000070049
ENSMUSG00000030534,ENSCJAG00000009526
ENSMUSG00000024981,ENSCJAG00000018943
ENSMUSG00000053897,ENSCJAG00000015331
ENSMUSG00000021730,ENSCJAG00000043822
ENSMUSG00000030189,ENSCJAG00000021660
ENSMUSG00000020647,ENSCJAG00000007912
ENSMUSG00000021703,ENSCJAG00000019619
ENSMUSG00000022679,ENSCJAG00000005411
ENSMUSG00000026153,ENSCJAG00000003701
ENSMUSG00000036966,ENSCJAG00000018286
ENSMUSG00000032120,ENSCJAG00000013932
ENSMUSG00000118914,ENSCJAG00000048344
ENSMUSG00000118914,ENSCJAG00000085201
ENSMUSG00000088482,ENSCJAG00000034678
ENSMUSG00000021731,ENSCJAG00000040653
ENSMUSG00000041132,ENSCJAG00000018453
ENSMUSG00000040147,ENSCJAG00000010763
ENSMUSG00000020137,ENSCJAG00000063171
ENSMUSG00000034163,ENSCJAG00000001384
ENSMUSG00000024982,ENSCJAG00000018956
ENSMUSG00000021702,ENSCJAG00000019641
ENSMUSG00000021999,ENSCJAG00000016797
ENSMUSG00000029094,ENSCJAG00000001034
ENSMUSG00000065036,ENSCJAG00000032843
ENSMUSG00000038094,ENSCJAG00000014072
ENSMUSG00000023046,ENSCJAG00000018309
ENSMUSG00000027857,ENSCJAG00000059226
ENSMUSG00000022000,ENSCJAG00000016756
ENSMUSG00000023045,ENSCJAG00000018319
ENSMUSG00000054497,ENSCJAG00000073081
ENSMUSG00000054497,ENSCJAG00000021658
ENSMUSG00000015668,ENSCJAG00000073956
ENSMUSG00000021704,ENSCJAG00000019700
ENSMUSG00000004347,ENSCJAG00000009192
ENSMUSG00000025133,ENSCJAG00000014825
ENSMUSG00000027530,ENSCJAG00000000433
ENSMUSG00000033099,ENSCJAG00000070089
ENSMUSG00000021732,ENSCJAG00000039806
ENSMUSG00000091722,ENSCJAG00000023214
ENSMUSG00000034913,ENSCJAG00000042308
ENSMUSG00000021541,ENSCJAG00000005983
ENSMUSG00000025038,ENSCJAG00000010837
ENSMUSG00000023044,ENSCJAG00000018351
ENSMUSG00000029655,ENSCJAG00000018437
ENSMUSG00000022002,ENSCJAG00000073347
ENSMUSG00000027531,ENSCJAG00000000425
ENSMUSG00000064394,ENSCJAG00000078145
ENSMUSG00000064394,ENSCJAG00000071114
ENSMUSG00000053773,ENSCJAG00000005990
ENSMUSG00000034893,ENSCJAG00000019251
ENSMUSG00000119745,ENSCJAG00000082287
ENSMUSG00000034311,ENSCJAG00000003236
ENSMUSG00000034311,ENSCJAG00000015566
ENSMUSG00000029093,ENSCJAG00000001022
ENSMUSG00000032123,ENSCJAG00000013916
ENSMUSG00000024283,ENSCJAG00000013110
ENSMUSG00000109396,ENSCJAG00000078235
ENSMUSG00000109396,ENSCJAG00000071689
ENSMUSG00000109396,ENSCJAG00000076576
ENSMUSG00000109396,ENSCJAG00000084010
ENSMUSG00000109396,ENSCJAG00000070665
ENSMUSG00000109396,ENSCJAG00000075712
ENSMUSG00000109396,ENSCJAG00000078947
ENSMUSG00000109396,ENSCJAG00000077015
ENSMUSG00000109396,ENSCJAG00000083764
ENSMUSG00000109396,ENSCJAG00000082871
ENSMUSG00000109396,ENSCJAG00000070049
ENSMUSG00000049932,ENSCJAG00000042532
ENSMUSG00000025040,ENSCJAG00000042445
ENSMUSG00000038930,ENSCJAG00000065812
ENSMUSG00000032297,ENSCJAG00000018355
ENSMUSG00000037922,ENSCJAG00000015314
ENSMUSG00000022003,ENSCJAG00000043939
ENSMUSG00000015829,ENSCJAG00000008829
ENSMUSG00000029198,ENSCJAG00000040936
ENSMUSG00000020640,ENSCJAG00000007772
ENSMUSG00000027108,ENSCJAG00000007877
ENSMUSG00000029196,ENSCJAG00000004932
ENSMUSG00000019359,ENSCJAG00000078968
ENSMUSG00000050677,ENSCJAG00000004152
ENSMUSG00000038023,ENSCJAG00000020504
ENSMUSG00000031552,ENSCJAG00000002167
ENSMUSG00000095363,ENSCJAG00000078235
ENSMUSG00000095363,ENSCJAG00000071689
ENSMUSG00000095363,ENSCJAG00000076576
ENSMUSG00000095363,ENSCJAG00000084010
ENSMUSG00000095363,ENSCJAG00000070665
ENSMUSG00000095363,ENSCJAG00000075712
ENSMUSG00000095363,ENSCJAG00000078947
ENSMUSG00000095363,ENSCJAG00000077015
ENSMUSG00000095363,ENSCJAG00000083764
ENSMUSG00000095363,ENSCJAG00000082871
ENSMUSG00000095363,ENSCJAG00000070049
ENSMUSG00000047419,ENSCJAG00000019709
ENSMUSG00000028644,ENSCJAG00000039335
ENSMUSG00000058921,ENSCJAG00000023158
ENSMUSG00000035642,ENSCJAG00000014890
ENSMUSG00000035642,ENSCJAG00000070516
ENSMUSG00000027855,ENSCJAG00000012678
ENSMUSG00000039824,ENSCJAG00000011620
ENSMUSG00000056222,ENSCJAG00000006070
ENSMUSG00000065147,ENSCJAG00000028189
ENSMUSG00000067995,ENSCJAG00000019220
ENSMUSG00000020140,ENSCJAG00000001428
ENSMUSG00000000881,ENSCJAG00000015453
ENSMUSG00000046523,ENSCJAG00000056150
ENSMUSG00000024983,ENSCJAG00000045707
ENSMUSG00000065799,ENSCJAG00000028271
ENSMUSG00000090394,ENSCJAG00000044275
ENSMUSG00000031666,ENSCJAG00000001518
ENSMUSG00000022009,ENSCJAG00000019195
ENSMUSG00000032126,ENSCJAG00000013900
ENSMUSG00000032126,ENSCJAG00000042659
ENSMUSG00000021815,ENSCJAG00000001711
ENSMUSG00000095683,ENSCJAG00000078235
ENSMUSG00000095683,ENSCJAG00000071689
ENSMUSG00000095683,ENSCJAG00000076576
ENSMUSG00000095683,ENSCJAG00000084010
ENSMUSG00000095683,ENSCJAG00000070665
ENSMUSG00000095683,ENSCJAG00000075712
ENSMUSG00000095683,ENSCJAG00000078947
ENSMUSG00000095683,ENSCJAG00000077015
ENSMUSG00000095683,ENSCJAG00000083764
ENSMUSG00000095683,ENSCJAG00000082871
ENSMUSG00000095683,ENSCJAG00000070049
ENSMUSG00000024843,ENSCJAG00000015722
ENSMUSG00000021910,ENSCJAG00000006457
ENSMUSG00000094682,ENSCJAG00000078235
ENSMUSG00000094682,ENSCJAG00000071689
ENSMUSG00000094682,ENSCJAG00000076576
ENSMUSG00000094682,ENSCJAG00000084010
ENSMUSG00000094682,ENSCJAG00000070665
ENSMUSG00000094682,ENSCJAG00000075712
ENSMUSG00000094682,ENSCJAG00000078947
ENSMUSG00000094682,ENSCJAG00000077015
ENSMUSG00000094682,ENSCJAG00000083764
ENSMUSG00000094682,ENSCJAG00000082871
ENSMUSG00000094682,ENSCJAG00000070049
ENSMUSG00002074914,ENSCJAG00000086581
ENSMUSG00002074914,ENSCJAG00000060655
ENSMUSG00000038011,ENSCJAG00000020511
ENSMUSG00000035623,ENSCJAG00000014899
ENSMUSG00000038085,ENSCJAG00000017475
ENSMUSG00000034127,ENSCJAG00000001462
ENSMUSG00000038084,ENSCJAG00000014052
ENSMUSG00000027797,ENSCJAG00000018203
ENSMUSG00000045693,ENSCJAG00000008154
ENSMUSG00000028643,ENSCJAG00000081329
ENSMUSG00000055320,ENSCJAG00000010263
ENSMUSG00000004568,ENSCJAG00000008397
ENSMUSG00000025366,ENSCJAG00000011638
ENSMUSG00000021311,ENSCJAG00000017612
ENSMUSG00000046897,ENSCJAG00000044519
ENSMUSG00000068859,ENSCJAG00000061755
ENSMUSG00000026618,ENSCJAG00000036768
ENSMUSG00000035407,ENSCJAG00000016275
ENSMUSG00000037369,ENSCJAG00000010889
ENSMUSG00000041777,ENSCJAG00000007884
ENSMUSG00000001750,ENSCJAG00000015705
ENSMUSG00000078584,ENSCJAG00000003243
ENSMUSG00000037979,ENSCJAG00000038706
ENSMUSG00000079215,ENSCJAG00000038572
ENSMUSG00000001281,ENSCJAG00000018387
ENSMUSG00000060176,ENSCJAG00000003691
ENSMUSG00000008226,ENSCJAG00000007909
ENSMUSG00000032127,ENSCJAG00000013850
ENSMUSG00000028560,ENSCJAG00000016287
ENSMUSG00000037962,ENSCJAG00000012305
ENSMUSG00000001288,ENSCJAG00000018408
ENSMUSG00000033209,ENSCJAG00000020132
ENSMUSG00000037683,ENSCJAG00000007880
ENSMUSG00000065581,ENSCJAG00000024437
ENSMUSG00000026725,ENSCJAG00000008930
ENSMUSG00000021550,ENSCJAG00000003739
ENSMUSG00000052374,ENSCJAG00000017702
ENSMUSG00000028753,ENSCJAG00000006551
ENSMUSG00000069633,ENSCJAG00000067505
ENSMUSG00000025237,ENSCJAG00000018392
ENSMUSG00000039810,ENSCJAG00000045638
ENSMUSG00000036904,ENSCJAG00000069147
ENSMUSG00000036855,ENSCJAG00000014112
ENSMUSG00000034021,ENSCJAG00000018428
ENSMUSG00000024286,ENSCJAG00000014076
ENSMUSG00000033088,ENSCJAG00000012438
ENSMUSG00000059734,ENSCJAG00000015686
ENSMUSG00000059734,ENSCJAG00000054608
ENSMUSG00000023094,ENSCJAG00000007871
ENSMUSG00002074957,ENSCJAG00000081990
ENSMUSG00000028641,ENSCJAG00000083836
ENSMUSG00000079177,ENSCJAG00000007770
ENSMUSG00000007617,ENSCJAG00000019722
ENSMUSG00000026735,ENSCJAG00000007862
ENSMUSG00000025364,ENSCJAG00000011811
ENSMUSG00000060227,ENSCJAG00000002443
ENSMUSG00000050996,ENSCJAG00000081806
ENSMUSG00000036103,ENSCJAG00000000146
ENSMUSG00000050545,ENSCJAG00000007757
ENSMUSG00000037358,ENSCJAG00000011115
ENSMUSG00000024885,ENSCJAG00000015676
ENSMUSG00000089054,ENSCJAG00000055702
ENSMUSG00000024287,ENSCJAG00000020450
ENSMUSG00000077277,ENSCJAG00000027346
ENSMUSG00000040340,ENSCJAG00000008413
ENSMUSG00000037347,ENSCJAG00000041345
ENSMUSG00000009670,ENSCJAG00000008159
ENSMUSG00000018166,ENSCJAG00000011936
ENSMUSG00000119679,ENSCJAG00000073971
ENSMUSG00000119679,ENSCJAG00000079379
ENSMUSG00000020639,ENSCJAG00000007745
ENSMUSG00000026617,ENSCJAG00000080513
ENSMUSG00000026617,ENSCJAG00000077553
ENSMUSG00000031667,ENSCJAG00000001498
ENSMUSG00000031667,ENSCJAG00000080579
ENSMUSG00000037263,ENSCJAG00000077097
ENSMUSG00000037361,ENSCJAG00000007716
ENSMUSG00000091898,ENSCJAG00000006439
ENSMUSG00000075296,ENSCJAG00000077097
ENSMUSG00000020635,ENSCJAG00000083698
ENSMUSG00000024866,ENSCJAG00000070289
ENSMUSG00000022010,ENSCJAG00000019808
ENSMUSG00000051721,ENSCJAG00000007696
ENSMUSG00000058267,ENSCJAG00000008986
ENSMUSG00000058267,ENSCJAG00000035652
ENSMUSG00000037336,ENSCJAG00000007691
ENSMUSG00000026734,ENSCJAG00000062181
ENSMUSG00000014226,ENSCJAG00000016295
ENSMUSG00000014226,ENSCJAG00000001398
ENSMUSG00000002578,ENSCJAG00000006230
ENSMUSG00000047953,ENSCJAG00000085892
ENSMUSG00000022533,ENSCJAG00000013996
ENSMUSG00000042942,ENSCJAG00000020496
ENSMUSG00000074881,ENSCJAG00000007122
ENSMUSG00000027253,ENSCJAG00000019944
ENSMUSG00000079554,ENSCJAG00000033419
ENSMUSG00000021904,ENSCJAG00000006415
ENSMUSG00000110949,ENSCJAG00000041608
ENSMUSG00000091625,ENSCJAG00000077712
ENSMUSG00000024248,ENSCJAG00000061936
ENSMUSG00000060412,ENSCJAG00000085714
ENSMUSG00000056901,ENSCJAG00000085714
ENSMUSG00000053217,ENSCJAG00000070929
ENSMUSG00000033282,ENSCJAG00000001445
ENSMUSG00000029787,ENSCJAG00000009074
ENSMUSG00000079471,ENSCJAG00000022396
ENSMUSG00000021816,ENSCJAG00000001651
ENSMUSG00000045053,ENSCJAG00000014695
ENSMUSG00000037916,ENSCJAG00000000839
ENSMUSG00000037341,ENSCJAG00000012004
ENSMUSG00000020634,ENSCJAG00000007665
ENSMUSG00000026147,ENSCJAG00000003767
ENSMUSG00000055817,ENSCJAG00000014614
ENSMUSG00000032411,ENSCJAG00000001950
ENSMUSG00000032411,ENSCJAG00000022803
ENSMUSG00000098132,ENSCJAG00000085759
ENSMUSG00000049858,ENSCJAG00000006272
ENSMUSG00000030774,ENSCJAG00000014954
ENSMUSG00000089541,ENSCJAG00000023478
ENSMUSG00000045094,ENSCJAG00000021116
ENSMUSG00000000711,ENSCJAG00000041780
ENSMUSG00000059486,ENSCJAG00000009166
ENSMUSG00000066058,ENSCJAG00000039298
ENSMUSG00000025358,ENSCJAG00000007404
ENSMUSG00000041762,ENSCJAG00000007947
ENSMUSG00000052812,ENSCJAG00000007628
ENSMUSG00000029781,ENSCJAG00000009141
ENSMUSG00000024576,ENSCJAG00000021121
ENSMUSG00000028639,ENSCJAG00000003155
ENSMUSG00000072704,ENSCJAG00000039764
ENSMUSG00000022537,ENSCJAG00000013987
ENSMUSG00000050017,ENSCJAG00000020141
ENSMUSG00000087780,ENSCJAG00000077273
ENSMUSG00000020627,ENSCJAG00000007588
ENSMUSG00000064293,ENSCJAG00000015394
ENSMUSG00000021690,ENSCJAG00000019743
ENSMUSG00000096210,ENSCJAG00000039608
ENSMUSG00000006378,ENSCJAG00000012403
ENSMUSG00000039795,ENSCJAG00000066942
ENSMUSG00000058488,ENSCJAG00000018421
ENSMUSG00000025359,ENSCJAG00000007553
ENSMUSG00000038943,ENSCJAG00000009561
ENSMUSG00000065074,ENSCJAG00000075269
ENSMUSG00000064685,ENSCJAG00000081693
ENSMUSG00000036782,ENSCJAG00000002447
ENSMUSG00000070576,ENSCJAG00000020170
ENSMUSG00000037669,ENSCJAG00000007531
ENSMUSG00000074768,ENSCJAG00000059013
ENSMUSG00000060288,ENSCJAG00000003145
ENSMUSG00000016128,ENSCJAG00000018399
ENSMUSG00000114755,ENSCJAG00000012394
ENSMUSG00000025357,ENSCJAG00000007591
ENSMUSG00000033055,ENSCJAG00000012378
ENSMUSG00000027536,ENSCJAG00000000415
ENSMUSG00000050244,ENSCJAG00000017734
ENSMUSG00000028161,ENSCJAG00000015260
ENSMUSG00000104921,ENSCJAG00000085285
ENSMUSG00000024857,ENSCJAG00000000890
ENSMUSG00000022538,ENSCJAG00000013962
ENSMUSG00000033047,ENSCJAG00000012225
ENSMUSG00000033047,ENSCJAG00000073498
ENSMUSG00000064030,ENSCJAG00000041077
ENSMUSG00000000673,ENSCJAG00000014593
ENSMUSG00000036769,ENSCJAG00000002408
ENSMUSG00000028864,ENSCJAG00000003339
ENSMUSG00000025355,ENSCJAG00000007789
ENSMUSG00000092974,ENSCJAG00000064766
ENSMUSG00000092974,ENSCJAG00000081373
ENSMUSG00000092974,ENSCJAG00000085620
ENSMUSG00000092974,ENSCJAG00000074668
ENSMUSG00000092974,ENSCJAG00000087032
ENSMUSG00000092974,ENSCJAG00000081523
ENSMUSG00000092974,ENSCJAG00000058853
ENSMUSG00000092974,ENSCJAG00000064528
ENSMUSG00000092974,ENSCJAG00000077419
ENSMUSG00000092974,ENSCJAG00000082623
ENSMUSG00000092974,ENSCJAG00000083841
ENSMUSG00000092974,ENSCJAG00000082851
ENSMUSG00000092974,ENSCJAG00000073166
ENSMUSG00000092974,ENSCJAG00000073491
ENSMUSG00000092974,ENSCJAG00000083630
ENSMUSG00000092974,ENSCJAG00000081708
ENSMUSG00000092974,ENSCJAG00000081895
ENSMUSG00000092974,ENSCJAG00000064517
ENSMUSG00000092974,ENSCJAG00000073957
ENSMUSG00000092974,ENSCJAG00000085963
ENSMUSG00000092974,ENSCJAG00000053899
ENSMUSG00000033039,ENSCJAG00000012085
ENSMUSG00000045817,ENSCJAG00000014571
ENSMUSG00000024251,ENSCJAG00000014464
ENSMUSG00000027534,ENSCJAG00000000407
ENSMUSG00000021902,ENSCJAG00000006361
ENSMUSG00000024856,ENSCJAG00000044071
ENSMUSG00000042118,ENSCJAG00000019766
ENSMUSG00000025354,ENSCJAG00000007817
ENSMUSG00000037660,ENSCJAG00000007529
ENSMUSG00000020605,ENSCJAG00000007517
ENSMUSG00000051223,ENSCJAG00000004267
ENSMUSG00000046546,ENSCJAG00000033800
ENSMUSG00000024851,ENSCJAG00000000908
ENSMUSG00000047434,ENSCJAG00000044809
ENSMUSG00000042102,ENSCJAG00000019768
ENSMUSG00000033029,ENSCJAG00000012220
ENSMUSG00000049076,ENSCJAG00000013894
ENSMUSG00000054364,ENSCJAG00000077207
ENSMUSG00000084063,ENSCJAG00000001658
ENSMUSG00000084063,ENSCJAG00000047041
ENSMUSG00000081218,ENSCJAG00000001658
ENSMUSG00000081218,ENSCJAG00000047041
ENSMUSG00000033411,ENSCJAG00000002423
ENSMUSG00000066637,ENSCJAG00000065690
ENSMUSG00000023951,ENSCJAG00000012459
ENSMUSG00000093923,ENSCJAG00000001658
ENSMUSG00000093923,ENSCJAG00000047041
ENSMUSG00000015202,ENSCJAG00000012720
ENSMUSG00000055932,ENSCJAG00000001425
ENSMUSG00000048387,ENSCJAG00000007379
ENSMUSG00000096620,ENSCJAG00000001658
ENSMUSG00000096620,ENSCJAG00000047041
ENSMUSG00000073267,ENSCJAG00000001658
ENSMUSG00000073267,ENSCJAG00000047041
ENSMUSG00000020622,ENSCJAG00000007361
ENSMUSG00000089486,ENSCJAG00000065940
ENSMUSG00000045312,ENSCJAG00000085814
ENSMUSG00000026615,ENSCJAG00000003967
ENSMUSG00000028556,ENSCJAG00000016311
ENSMUSG00000024847,ENSCJAG00000000929
ENSMUSG00000078427,ENSCJAG00000007853
ENSMUSG00000079655,ENSCJAG00000001658
ENSMUSG00000079655,ENSCJAG00000047041
ENSMUSG00000022012,ENSCJAG00000017557
ENSMUSG00000057554,ENSCJAG00000017839
ENSMUSG00000033020,ENSCJAG00000048241
ENSMUSG00000082639,ENSCJAG00000001658
ENSMUSG00000082639,ENSCJAG00000047041
ENSMUSG00000083628,ENSCJAG00000001658
ENSMUSG00000083628,ENSCJAG00000047041
ENSMUSG00000024845,ENSCJAG00000000933
ENSMUSG00000015721,ENSCJAG00000032099
ENSMUSG00000033006,ENSCJAG00000062620
ENSMUSG00000065708,ENSCJAG00000027450
ENSMUSG00000079685,ENSCJAG00000060226
ENSMUSG00000079685,ENSCJAG00000084847
ENSMUSG00000079685,ENSCJAG00000084150
ENSMUSG00000079685,ENSCJAG00000072859
ENSMUSG00000079685,ENSCJAG00000077951
ENSMUSG00000079685,ENSCJAG00000013469
ENSMUSG00000027854,ENSCJAG00000012663
ENSMUSG00000024842,ENSCJAG00000000939
ENSMUSG00000095063,ENSCJAG00000001658
ENSMUSG00000095063,ENSCJAG00000047041
ENSMUSG00000029192,ENSCJAG00000004156
ENSMUSG00000068206,ENSCJAG00000012142
ENSMUSG00000054690,ENSCJAG00000015247
ENSMUSG00000071788,ENSCJAG00000001658
ENSMUSG00000071788,ENSCJAG00000047041
ENSMUSG00000044724,ENSCJAG00000000943
ENSMUSG00000024835,ENSCJAG00000000945
ENSMUSG00000080725,ENSCJAG00000001658
ENSMUSG00000080725,ENSCJAG00000047041
ENSMUSG00000025353,ENSCJAG00000044739
ENSMUSG00000029780,ENSCJAG00000009035
ENSMUSG00000031737,ENSCJAG00000012968
ENSMUSG00000094347,ENSCJAG00000074199
ENSMUSG00000095696,ENSCJAG00000022584
ENSMUSG00000095546,ENSCJAG00000001658
ENSMUSG00000095546,ENSCJAG00000047041
ENSMUSG00000031738,ENSCJAG00000012962
ENSMUSG00000047714,ENSCJAG00000013876
ENSMUSG00000049217,ENSCJAG00000022585
ENSMUSG00000032115,ENSCJAG00000013761
ENSMUSG00000023967,ENSCJAG00000017382
ENSMUSG00000047712,ENSCJAG00000019562
ENSMUSG00000077582,ENSCJAG00000034806
ENSMUSG00000031740,ENSCJAG00000012929
ENSMUSG00000026614,ENSCJAG00000004103
ENSMUSG00000045826,ENSCJAG00000000963
ENSMUSG00000032988,ENSCJAG00000012113
ENSMUSG00000023966,ENSCJAG00000017374
ENSMUSG00000021901,ENSCJAG00000006322
ENSMUSG00000095293,ENSCJAG00000001658
ENSMUSG00000095293,ENSCJAG00000047041
ENSMUSG00000024830,ENSCJAG00000000967
ENSMUSG00000027799,ENSCJAG00000018225
ENSMUSG00000027236,ENSCJAG00000002412
ENSMUSG00000022548,ENSCJAG00000055860
ENSMUSG00000052012,ENSCJAG00000022588
ENSMUSG00000039246,ENSCJAG00000042058
ENSMUSG00000023055,ENSCJAG00000018726
ENSMUSG00000021687,ENSCJAG00000019794
ENSMUSG00000034509,ENSCJAG00000005854
ENSMUSG00000015305,ENSCJAG00000019537
ENSMUSG00000023952,ENSCJAG00000005800
ENSMUSG00000033396,ENSCJAG00000002382
ENSMUSG00000033192,ENSCJAG00000012902
ENSMUSG00000046598,ENSCJAG00000013869
ENSMUSG00000046598,ENSCJAG00000073005
ENSMUSG00000048000,ENSCJAG00000013816
ENSMUSG00000005364,ENSCJAG00000015437
ENSMUSG00000094624,ENSCJAG00000001658
ENSMUSG00000094624,ENSCJAG00000047041
ENSMUSG00000034235,ENSCJAG00000001615
ENSMUSG00000043673,ENSCJAG00000007354
ENSMUSG00000058513,ENSCJAG00000074199
ENSMUSG00000047002,ENSCJAG00000032633
ENSMUSG00000051235,ENSCJAG00000007327
ENSMUSG00000093866,ENSCJAG00000022584
ENSMUSG00000096858,ENSCJAG00000074199
ENSMUSG00000096457,ENSCJAG00000001658
ENSMUSG00000096457,ENSCJAG00000047041
ENSMUSG00000075284,ENSCJAG00000048519
ENSMUSG00000022770,ENSCJAG00000013773
ENSMUSG00000071065,ENSCJAG00000074199
ENSMUSG00000030199,ENSCJAG00000021646
ENSMUSG00000095105,ENSCJAG00000047849
ENSMUSG00000063173,ENSCJAG00000074199
ENSMUSG00000049052,ENSCJAG00000074199
ENSMUSG00000055368,ENSCJAG00000012830
ENSMUSG00000021686,ENSCJAG00000019804
ENSMUSG00000059134,ENSCJAG00000075788
ENSMUSG00000023953,ENSCJAG00000005770
ENSMUSG00000061961,ENSCJAG00000075788
ENSMUSG00000075394,ENSCJAG00000078505
ENSMUSG00000079481,ENSCJAG00000005012
ENSMUSG00000042428,ENSCJAG00000045381
ENSMUSG00000022412,ENSCJAG00000002588
ENSMUSG00000068697,ENSCJAG00000067787
ENSMUSG00000067150,ENSCJAG00000005612
ENSMUSG00000065592,ENSCJAG00000075598
ENSMUSG00000065445,ENSCJAG00000027811
ENSMUSG00000038121,ENSCJAG00000040371
ENSMUSG00000095887,ENSCJAG00000001658
ENSMUSG00000095887,ENSCJAG00000047041
ENSMUSG00000030200,ENSCJAG00000021645
ENSMUSG00000058084,ENSCJAG00000022576
ENSMUSG00000019027,ENSCJAG00000006182
ENSMUSG00000019790,ENSCJAG00000019476
ENSMUSG00000009535,ENSCJAG00000041136
ENSMUSG00000056947,ENSCJAG00000081780
ENSMUSG00000077276,ENSCJAG00000025598
ENSMUSG00000039717,ENSCJAG00000000402
ENSMUSG00000075289,ENSCJAG00000000981
ENSMUSG00000042406,ENSCJAG00000002594
ENSMUSG00000030533,ENSCJAG00000009605
ENSMUSG00000020608,ENSCJAG00000007282
ENSMUSG00000087712,ENSCJAG00000076284
ENSMUSG00000057069,ENSCJAG00000017881
ENSMUSG00000049191,ENSCJAG00000064303
ENSMUSG00000051518,ENSCJAG00000047117
ENSMUSG00000027233,ENSCJAG00000002379
ENSMUSG00000030201,ENSCJAG00000021643
ENSMUSG00000079480,ENSCJAG00000059699
ENSMUSG00000079480,ENSCJAG00000004992
ENSMUSG00000040247,ENSCJAG00000000998
ENSMUSG00000022416,ENSCJAG00000044108
ENSMUSG00000051220,ENSCJAG00000022332
ENSMUSG00000078964,ENSCJAG00000038677
ENSMUSG00000078964,ENSCJAG00000076318
ENSMUSG00000031320,ENSCJAG00000076754
ENSMUSG00000031320,ENSCJAG00000075402
ENSMUSG00000027624,ENSCJAG00000017428
ENSMUSG00000057400,ENSCJAG00000038677
ENSMUSG00000057400,ENSCJAG00000076318
ENSMUSG00000118813,ENSCJAG00000027787
ENSMUSG00000051159,ENSCJAG00000004200
ENSMUSG00000044201,ENSCJAG00000082458
ENSMUSG00000032413,ENSCJAG00000001994
ENSMUSG00000013736,ENSCJAG00000015466
ENSMUSG00000022015,ENSCJAG00000083138
ENSMUSG00000031748,ENSCJAG00000012765
ENSMUSG00000067567,ENSCJAG00000004217
ENSMUSG00000074212,ENSCJAG00000055214
ENSMUSG00000119770,ENSCJAG00000025900
ENSMUSG00000047888,ENSCJAG00000002732
ENSMUSG00000056457,ENSCJAG00000005967
ENSMUSG00000022016,ENSCJAG00000017644
ENSMUSG00000071074,ENSCJAG00000005563
ENSMUSG00000078240,ENSCJAG00000082163
ENSMUSG00000078240,ENSCJAG00000076464
ENSMUSG00000078240,ENSCJAG00000075479
ENSMUSG00000078240,ENSCJAG00000084007
ENSMUSG00000078240,ENSCJAG00000085256
ENSMUSG00000078240,ENSCJAG00000086222
ENSMUSG00000078240,ENSCJAG00000074244
ENSMUSG00000078240,ENSCJAG00000082814
ENSMUSG00000078240,ENSCJAG00000086377
ENSMUSG00000078240,ENSCJAG00000085398
ENSMUSG00000078240,ENSCJAG00000079569
ENSMUSG00000078240,ENSCJAG00000070176
ENSMUSG00000078240,ENSCJAG00000078183
ENSMUSG00000078240,ENSCJAG00000069972
ENSMUSG00000078240,ENSCJAG00000079677
ENSMUSG00000078240,ENSCJAG00000074249
ENSMUSG00000078240,ENSCJAG00000085859
ENSMUSG00000078240,ENSCJAG00000082132
ENSMUSG00000078240,ENSCJAG00000079988
ENSMUSG00000078240,ENSCJAG00000077110
ENSMUSG00000078240,ENSCJAG00000070480
ENSMUSG00000078240,ENSCJAG00000085790
ENSMUSG00000078240,ENSCJAG00000073191
ENSMUSG00000078240,ENSCJAG00000070060
ENSMUSG00000078240,ENSCJAG00000082224
ENSMUSG00000078240,ENSCJAG00000069887
ENSMUSG00000078240,ENSCJAG00000085578
ENSMUSG00000078240,ENSCJAG00000070621
ENSMUSG00000078240,ENSCJAG00000079829
ENSMUSG00000078240,ENSCJAG00000077742
ENSMUSG00000078240,ENSCJAG00000083085
ENSMUSG00000078240,ENSCJAG00000077338
ENSMUSG00000078240,ENSCJAG00000075032
ENSMUSG00000078240,ENSCJAG00000083529
ENSMUSG00000078240,ENSCJAG00000084224
ENSMUSG00000078240,ENSCJAG00000085180
ENSMUSG00000078240,ENSCJAG00000072138
ENSMUSG00000078240,ENSCJAG00000079055
ENSMUSG00000078240,ENSCJAG00000078087
ENSMUSG00000078240,ENSCJAG00000077523
ENSMUSG00000078240,ENSCJAG00000079190
ENSMUSG00000078240,ENSCJAG00000086464
ENSMUSG00000078240,ENSCJAG00000071985
ENSMUSG00000034300,ENSCJAG00000048646
ENSMUSG00000035429,ENSCJAG00000017640
ENSMUSG00000046982,ENSCJAG00000046603
ENSMUSG00000027800,ENSCJAG00000074093
ENSMUSG00000021893,ENSCJAG00000003376
ENSMUSG00000079092,ENSCJAG00000005967
ENSMUSG00000034055,ENSCJAG00000004244
ENSMUSG00000040433,ENSCJAG00000048397
ENSMUSG00000024234,ENSCJAG00000013270
ENSMUSG00000031751,ENSCJAG00000012741
ENSMUSG00000027801,ENSCJAG00000083212
ENSMUSG00000065876,ENSCJAG00000083169
ENSMUSG00000054459,ENSCJAG00000002578
ENSMUSG00000012819,ENSCJAG00000034339
ENSMUSG00000032114,ENSCJAG00000013716
ENSMUSG00000055116,ENSCJAG00000010162
ENSMUSG00000071073,ENSCJAG00000005532
ENSMUSG00000027803,ENSCJAG00000001336
ENSMUSG00000040385,ENSCJAG00000000983
ENSMUSG00000055360,ENSCJAG00000005967
ENSMUSG00000037826,ENSCJAG00000006428
ENSMUSG00000086022,ENSCJAG00000007262
ENSMUSG00000066975,ENSCJAG00000008564
ENSMUSG00002076654,ENSCJAG00000064766
ENSMUSG00002076654,ENSCJAG00000081373
ENSMUSG00002076654,ENSCJAG00000085620
ENSMUSG00002076654,ENSCJAG00000074668
ENSMUSG00002076654,ENSCJAG00000087032
ENSMUSG00002076654,ENSCJAG00000081523
ENSMUSG00002076654,ENSCJAG00000058853
ENSMUSG00002076654,ENSCJAG00000064528
ENSMUSG00002076654,ENSCJAG00000077419
ENSMUSG00002076654,ENSCJAG00000082623
ENSMUSG00002076654,ENSCJAG00000083841
ENSMUSG00002076654,ENSCJAG00000082851
ENSMUSG00002076654,ENSCJAG00000073166
ENSMUSG00002076654,ENSCJAG00000073491
ENSMUSG00002076654,ENSCJAG00000083630
ENSMUSG00002076654,ENSCJAG00000081708
ENSMUSG00002076654,ENSCJAG00000081895
ENSMUSG00002076654,ENSCJAG00000064517
ENSMUSG00002076654,ENSCJAG00000073957
ENSMUSG00002076654,ENSCJAG00000085963
ENSMUSG00002076654,ENSCJAG00000053899
ENSMUSG00000033184,ENSCJAG00000081352
ENSMUSG00000020589,ENSCJAG00000043048
ENSMUSG00000061130,ENSCJAG00000000781
ENSMUSG00000057561,ENSCJAG00000005371
ENSMUSG00000057561,ENSCJAG00000074080
ENSMUSG00000042992,ENSCJAG00000021640
ENSMUSG00002076365,ENSCJAG00000032915
ENSMUSG00002076365,ENSCJAG00000041108
ENSMUSG00002076365,ENSCJAG00000075264
ENSMUSG00002076365,ENSCJAG00000046783
ENSMUSG00000119542,ENSCJAG00000025900
ENSMUSG00000021306,ENSCJAG00000017900
ENSMUSG00000021306,ENSCJAG00000012806
ENSMUSG00000036513,ENSCJAG00000001327
ENSMUSG00000029798,ENSCJAG00000006441
ENSMUSG00000049090,ENSCJAG00000003219
ENSMUSG00000022407,ENSCJAG00000002764
ENSMUSG00000031754,ENSCJAG00000053553
ENSMUSG00000024824,ENSCJAG00000047617
ENSMUSG00000074591,ENSCJAG00000001315
ENSMUSG00000024594,ENSCJAG00000019201
ENSMUSG00000029190,ENSCJAG00000004174
ENSMUSG00000021892,ENSCJAG00000080725
ENSMUSG00000032294,ENSCJAG00000010406
ENSMUSG00000069372,ENSCJAG00000048534
ENSMUSG00000068823,ENSCJAG00000012565
ENSMUSG00000037169,ENSCJAG00000039364
ENSMUSG00000005397,ENSCJAG00000017921
ENSMUSG00000030203,ENSCJAG00000021639
ENSMUSG00000064717,ENSCJAG00000027966
ENSMUSG00000037149,ENSCJAG00000007076
ENSMUSG00000033009,ENSCJAG00000012630
ENSMUSG00000060708,ENSCJAG00000033540
ENSMUSG00000055302,ENSCJAG00000076429
ENSMUSG00000055302,ENSCJAG00000082845
ENSMUSG00000055302,ENSCJAG00000022014
ENSMUSG00000088776,ENSCJAG00000083079
ENSMUSG00000024597,ENSCJAG00000019224
ENSMUSG00000028780,ENSCJAG00000003297
ENSMUSG00000040663,ENSCJAG00000042907
ENSMUSG00000024854,ENSCJAG00000085771
ENSMUSG00000019726,ENSCJAG00000017931
ENSMUSG00000062190,ENSCJAG00000000972
ENSMUSG00000034616,ENSCJAG00000000956
ENSMUSG00000024366,ENSCJAG00000006454
ENSMUSG00000024235,ENSCJAG00000013285
ENSMUSG00000034731,ENSCJAG00000017656
ENSMUSG00000024131,ENSCJAG00000000766
ENSMUSG00000029343,ENSCJAG00000008583
ENSMUSG00000032652,ENSCJAG00000021638
ENSMUSG00000012296,ENSCJAG00000005594
ENSMUSG00000024486,ENSCJAG00000016803
ENSMUSG00000028553,ENSCJAG00000016461
ENSMUSG00000005362,ENSCJAG00000015738
ENSMUSG00000005362,ENSCJAG00000015479
ENSMUSG00000020576,ENSCJAG00000007028
ENSMUSG00000024427,ENSCJAG00000044286
ENSMUSG00000028549,ENSCJAG00000016555
ENSMUSG00000036585,ENSCJAG00000075128
ENSMUSG00000033970,ENSCJAG00000018380
ENSMUSG00000037679,ENSCJAG00000009247
ENSMUSG00000042303,ENSCJAG00000002827
ENSMUSG00000035305,ENSCJAG00000016620
ENSMUSG00000036452,ENSCJAG00000018315
ENSMUSG00000031755,ENSCJAG00000012681
ENSMUSG00000021303,ENSCJAG00000063269
ENSMUSG00000029119,ENSCJAG00000004190
ENSMUSG00000069733,ENSCJAG00000016640
ENSMUSG00000021684,ENSCJAG00000019876
ENSMUSG00000037788,ENSCJAG00000086820
ENSMUSG00000031757,ENSCJAG00000012675
ENSMUSG00000005986,ENSCJAG00000001059
ENSMUSG00000028637,ENSCJAG00000003131
ENSMUSG00000032112,ENSCJAG00000013703
ENSMUSG00000032112,ENSCJAG00000081400
ENSMUSG00000031760,ENSCJAG00000080783
ENSMUSG00000119117,ENSCJAG00000057929
ENSMUSG00000079436,ENSCJAG00000055490
ENSMUSG00000026141,ENSCJAG00000003875
ENSMUSG00000029344,ENSCJAG00000008612
ENSMUSG00000024127,ENSCJAG00000000754
ENSMUSG00000011148,ENSCJAG00000054537
ENSMUSG00000084447,ENSCJAG00000063975
ENSMUSG00000021891,ENSCJAG00000003415
ENSMUSG00000032939,ENSCJAG00000012507
ENSMUSG00000024858,ENSCJAG00000001006
ENSMUSG00000030532,ENSCJAG00000009674
ENSMUSG00000060802,ENSCJAG00000002377
ENSMUSG00000033368,ENSCJAG00000002369
ENSMUSG00000030101,ENSCJAG00000015516
ENSMUSG00000043587,ENSCJAG00000002072
ENSMUSG00000022780,ENSCJAG00000013749
ENSMUSG00000027628,ENSCJAG00000017423
ENSMUSG00000029120,ENSCJAG00000017336
ENSMUSG00000038187,ENSCJAG00000010121
ENSMUSG00000029345,ENSCJAG00000008628
ENSMUSG00000064326,ENSCJAG00000009290
ENSMUSG00000032641,ENSCJAG00000021637
ENSMUSG00000107002,ENSCJAG00000042375
ENSMUSG00000022774,ENSCJAG00000039693
ENSMUSG00000042292,ENSCJAG00000002850
ENSMUSG00000027227,ENSCJAG00000002346
ENSMUSG00000021890,ENSCJAG00000043266
ENSMUSG00000055095,ENSCJAG00000048610
ENSMUSG00000001729,ENSCJAG00000009300
ENSMUSG00000022772,ENSCJAG00000013704
ENSMUSG00000068452,ENSCJAG00000002307
ENSMUSG00000058997,ENSCJAG00000017682
ENSMUSG00000059077,ENSCJAG00000010117
ENSMUSG00000070366,ENSCJAG00000006402
ENSMUSG00000071037,ENSCJAG00000000749
ENSMUSG00000026258,ENSCJAG00000013948
ENSMUSG00000039474,ENSCJAG00000017354
ENSMUSG00000046997,ENSCJAG00000002091
ENSMUSG00000110628,ENSCJAG00000043278
ENSMUSG00000012042,ENSCJAG00000015119
ENSMUSG00000053729,ENSCJAG00000021232
ENSMUSG00000026034,ENSCJAG00000004319
ENSMUSG00000073573,ENSCJAG00000021232
ENSMUSG00000054611,ENSCJAG00000001071
ENSMUSG00000047428,ENSCJAG00000005485
ENSMUSG00000074259,ENSCJAG00000018524
ENSMUSG00000024471,ENSCJAG00000006134
ENSMUSG00000052296,ENSCJAG00000017595
ENSMUSG00000037638,ENSCJAG00000009308
ENSMUSG00000003031,ENSCJAG00000021636
ENSMUSG00000022781,ENSCJAG00000013687
ENSMUSG00000052160,ENSCJAG00000002039
ENSMUSG00000027225,ENSCJAG00000002302
ENSMUSG00000029346,ENSCJAG00000008709
ENSMUSG00000032842,ENSCJAG00000005446
ENSMUSG00000027224,ENSCJAG00000002289
ENSMUSG00000036503,ENSCJAG00000001297
ENSMUSG00000090698,ENSCJAG00000021635
ENSMUSG00000091519,ENSCJAG00000048253
ENSMUSG00000042328,ENSCJAG00000008718
ENSMUSG00000043865,ENSCJAG00000021941
ENSMUSG00000023791,ENSCJAG00000013676
ENSMUSG00000043122,ENSCJAG00000007904
ENSMUSG00000090000,ENSCJAG00000072341
ENSMUSG00000029700,ENSCJAG00000044845
ENSMUSG00000025421,ENSCJAG00000004578
ENSMUSG00000054013,ENSCJAG00000069879
ENSMUSG00000033268,ENSCJAG00000002197
ENSMUSG00000026721,ENSCJAG00000009018
ENSMUSG00000063802,ENSCJAG00000000809
ENSMUSG00000118667,ENSCJAG00000072135
ENSMUSG00000051705,ENSCJAG00000038231
ENSMUSG00000037594,ENSCJAG00000081358
ENSMUSG00000065987,ENSCJAG00000006032
ENSMUSG00000065987,ENSCJAG00000015556
ENSMUSG00000047832,ENSCJAG00000002020
ENSMUSG00000032449,ENSCJAG00000002092
ENSMUSG00000002799,ENSCJAG00000011762
ENSMUSG00000046192,ENSCJAG00000017429
ENSMUSG00000042055,ENSCJAG00000006430
ENSMUSG00000063646,ENSCJAG00000010675
ENSMUSG00000036617,ENSCJAG00000007722
ENSMUSG00000035790,ENSCJAG00000042624
ENSMUSG00000035790,ENSCJAG00000033459
ENSMUSG00000023089,ENSCJAG00000045877
ENSMUSG00000023089,ENSCJAG00000063508
ENSMUSG00000023089,ENSCJAG00000017449
ENSMUSG00000023089,ENSCJAG00000071605
ENSMUSG00000023089,ENSCJAG00000083616
ENSMUSG00000023089,ENSCJAG00000083655
ENSMUSG00000052384,ENSCJAG00000001677
ENSMUSG00000032451,ENSCJAG00000002126
ENSMUSG00000033788,ENSCJAG00000003605
ENSMUSG00000032452,ENSCJAG00000002137
ENSMUSG00000028636,ENSCJAG00000055663
ENSMUSG00000028636,ENSCJAG00000003121
ENSMUSG00000025420,ENSCJAG00000008107
ENSMUSG00000070806,ENSCJAG00000003111
ENSMUSG00000075269,ENSCJAG00000039760
ENSMUSG00000011158,ENSCJAG00000046093
ENSMUSG00000035764,ENSCJAG00000001685
ENSMUSG00000022787,ENSCJAG00000001689
ENSMUSG00000048899,ENSCJAG00000003106
ENSMUSG00000079479,ENSCJAG00000069950
ENSMUSG00000079479,ENSCJAG00000081881
ENSMUSG00000079479,ENSCJAG00000079778
ENSMUSG00000024816,ENSCJAG00000002274
ENSMUSG00000041995,ENSCJAG00000019950
ENSMUSG00000073027,ENSCJAG00000000229
ENSMUSG00000046345,ENSCJAG00000041465
ENSMUSG00000014074,ENSCJAG00000001693
ENSMUSG00000071262,ENSCJAG00000002308
ENSMUSG00000088108,ENSCJAG00000024539
ENSMUSG00000088108,ENSCJAG00000081086
ENSMUSG00000088108,ENSCJAG00000082328
ENSMUSG00000077380,ENSCJAG00000028971
ENSMUSG00000021681,ENSCJAG00000019955
ENSMUSG00000032456,ENSCJAG00000041699
ENSMUSG00000087385,ENSCJAG00000056672
ENSMUSG00000065763,ENSCJAG00000078171
ENSMUSG00000038886,ENSCJAG00000009678
ENSMUSG00000022018,ENSCJAG00000017692
ENSMUSG00000002803,ENSCJAG00000019754
ENSMUSG00000029348,ENSCJAG00000045407
ENSMUSG00000028532,ENSCJAG00000016656
ENSMUSG00000053774,ENSCJAG00000018130
ENSMUSG00000022020,ENSCJAG00000017696
ENSMUSG00000064587,ENSCJAG00000044571
ENSMUSG00000050164,ENSCJAG00000002884
ENSMUSG00000117286,ENSCJAG00000045596
ENSMUSG00000024818,ENSCJAG00000002286
ENSMUSG00000022404,ENSCJAG00000004636
ENSMUSG00000046402,ENSCJAG00000085868
ENSMUSG00000021143,ENSCJAG00000019763
ENSMUSG00002075080,ENSCJAG00000073140
ENSMUSG00000002944,ENSCJAG00000003269
ENSMUSG00000043923,ENSCJAG00000013671
ENSMUSG00000074207,ENSCJAG00000015102
ENSMUSG00000039242,ENSCJAG00000018018
ENSMUSG00000040165,ENSCJAG00000006032
ENSMUSG00000040165,ENSCJAG00000015556
ENSMUSG00000079625,ENSCJAG00000018141
ENSMUSG00000022403,ENSCJAG00000014737
ENSMUSG00000022403,ENSCJAG00000004644
ENSMUSG00000022403,ENSCJAG00000007677
ENSMUSG00000022403,ENSCJAG00000084057
ENSMUSG00000022403,ENSCJAG00000006158
ENSMUSG00000022403,ENSCJAG00000005365
ENSMUSG00000014075,ENSCJAG00000082888
ENSMUSG00000014075,ENSCJAG00000061192
ENSMUSG00000039239,ENSCJAG00000012931
ENSMUSG00000027805,ENSCJAG00000001271
ENSMUSG00000015597,ENSCJAG00000005420
ENSMUSG00000022022,ENSCJAG00000017739
ENSMUSG00000073001,ENSCJAG00000069361
ENSMUSG00000005615,ENSCJAG00000015086
ENSMUSG00000051592,ENSCJAG00000056643
ENSMUSG00000044390,ENSCJAG00000022193
ENSMUSG00000024826,ENSCJAG00000002301
ENSMUSG00000027550,ENSCJAG00000000393
ENSMUSG00000075502,ENSCJAG00000017764
ENSMUSG00000022023,ENSCJAG00000017768
ENSMUSG00000034361,ENSCJAG00000012206
ENSMUSG00000001305,ENSCJAG00000012916
ENSMUSG00000023968,ENSCJAG00000005390
ENSMUSG00000062393,ENSCJAG00000003016
ENSMUSG00000036461,ENSCJAG00000017782
ENSMUSG00000021144,ENSCJAG00000019780
ENSMUSG00000030759,ENSCJAG00000010077
ENSMUSG00000035699,ENSCJAG00000015082
ENSMUSG00000026259,ENSCJAG00000013953
ENSMUSG00000022401,ENSCJAG00000004718
ENSMUSG00000025423,ENSCJAG00000008199
ENSMUSG00000031430,ENSCJAG00000007781
ENSMUSG00000022024,ENSCJAG00000003604
ENSMUSG00000022024,ENSCJAG00000023305
ENSMUSG00000052363,ENSCJAG00000076029
ENSMUSG00000035275,ENSCJAG00000016724
ENSMUSG00000045664,ENSCJAG00000047069
ENSMUSG00000024833,ENSCJAG00000002330
ENSMUSG00000021884,ENSCJAG00000003426
ENSMUSG00000022811,ENSCJAG00000006741
ENSMUSG00000067144,ENSCJAG00000005355
ENSMUSG00000011832,ENSCJAG00000006059
ENSMUSG00000078652,ENSCJAG00000013111
ENSMUSG00000047108,ENSCJAG00000004759
ENSMUSG00000028530,ENSCJAG00000016743
ENSMUSG00000031429,ENSCJAG00000047854
ENSMUSG00000022400,ENSCJAG00000004763
ENSMUSG00000079418,ENSCJAG00000007676
ENSMUSG00000055024,ENSCJAG00000004770
ENSMUSG00000035506,ENSCJAG00000006687
ENSMUSG00000015599,ENSCJAG00000005343
ENSMUSG00000021680,ENSCJAG00000019970
ENSMUSG00000032454,ENSCJAG00000002188
ENSMUSG00000026035,ENSCJAG00000041811
ENSMUSG00000025425,ENSCJAG00000081047
ENSMUSG00000021679,ENSCJAG00000081437
ENSMUSG00000021678,ENSCJAG00000062182
ENSMUSG00000019326,ENSCJAG00000046747
ENSMUSG00000048376,ENSCJAG00000086495
ENSMUSG00000074397,ENSCJAG00000013656
ENSMUSG00000040658,ENSCJAG00000005337
ENSMUSG00000039233,ENSCJAG00000018023
ENSMUSG00000028777,ENSCJAG00000003257
ENSMUSG00000040327,ENSCJAG00000005240
ENSMUSG00000025579,ENSCJAG00000009129
ENSMUSG00000035390,ENSCJAG00000000812
ENSMUSG00000051851,ENSCJAG00000086327
ENSMUSG00000051851,ENSCJAG00000064125
ENSMUSG00000051851,ENSCJAG00000076726
ENSMUSG00000067925,ENSCJAG00000086327
ENSMUSG00000067925,ENSCJAG00000064125
ENSMUSG00000067925,ENSCJAG00000076726
ENSMUSG00000067924,ENSCJAG00000086327
ENSMUSG00000067924,ENSCJAG00000064125
ENSMUSG00000067924,ENSCJAG00000076726
ENSMUSG00000054727,ENSCJAG00000001658
ENSMUSG00000054727,ENSCJAG00000047041
ENSMUSG00000041523,ENSCJAG00000013652
ENSMUSG00000032998,ENSCJAG00000003088
ENSMUSG00000057614,ENSCJAG00000003237
ENSMUSG00000032458,ENSCJAG00000002200
ENSMUSG00000054626,ENSCJAG00000001658
ENSMUSG00000054626,ENSCJAG00000047041
ENSMUSG00000022394,ENSCJAG00000004817
ENSMUSG00000022025,ENSCJAG00000003648
ENSMUSG00000029121,ENSCJAG00000010648
ENSMUSG00000021900,ENSCJAG00000003498
ENSMUSG00000036422,ENSCJAG00000045669
ENSMUSG00000088793,ENSCJAG00000024239
ENSMUSG00000032459,ENSCJAG00000002236
ENSMUSG00000006356,ENSCJAG00000019783
ENSMUSG00000026611,ENSCJAG00000012909
ENSMUSG00000022026,ENSCJAG00000003690
ENSMUSG00000021676,ENSCJAG00000019985
ENSMUSG00000017453,ENSCJAG00000013348
ENSMUSG00000091080,ENSCJAG00000002248
ENSMUSG00000091080,ENSCJAG00000046249
ENSMUSG00000045179,ENSCJAG00000038803
ENSMUSG00000063058,ENSCJAG00000002248
ENSMUSG00000063058,ENSCJAG00000046249
ENSMUSG00000090470,ENSCJAG00000002248
ENSMUSG00000090470,ENSCJAG00000046249
ENSMUSG00000025333,ENSCJAG00000000922
ENSMUSG00000074123,ENSCJAG00000002248
ENSMUSG00000074123,ENSCJAG00000046249
ENSMUSG00000065649,ENSCJAG00000028214
ENSMUSG00000031774,ENSCJAG00000012189
ENSMUSG00000037236,ENSCJAG00000006888
ENSMUSG00000032601,ENSCJAG00000003255
ENSMUSG00000006360,ENSCJAG00000019788
ENSMUSG00002075834,ENSCJAG00000024191
ENSMUSG00000075254,ENSCJAG00000006666
ENSMUSG00000035566,ENSCJAG00000003715
ENSMUSG00000078650,ENSCJAG00000013097
ENSMUSG00000067215,ENSCJAG00000023436
ENSMUSG00000047238,ENSCJAG00000045988
ENSMUSG00000064781,ENSCJAG00000042108
ENSMUSG00000046180,ENSCJAG00000003862
ENSMUSG00000046180,ENSCJAG00000008338
ENSMUSG00000046180,ENSCJAG00000079854
ENSMUSG00000046180,ENSCJAG00000076094
ENSMUSG00000024942,ENSCJAG00000002371
ENSMUSG00000064759,ENSCJAG00000058381
ENSMUSG00000064407,ENSCJAG00000071733
ENSMUSG00000025580,ENSCJAG00000048589
ENSMUSG00000025580,ENSCJAG00000072470
ENSMUSG00000070110,ENSCJAG00000026813
ENSMUSG00000087812,ENSCJAG00000029067
ENSMUSG00000087812,ENSCJAG00000035291
ENSMUSG00000014496,ENSCJAG00000003502
ENSMUSG00000045180,ENSCJAG00000000928
ENSMUSG00000037466,ENSCJAG00000019791
ENSMUSG00000065722,ENSCJAG00000033274
ENSMUSG00000038156,ENSCJAG00000010055
ENSMUSG00000079434,ENSCJAG00000013977
ENSMUSG00000029122,ENSCJAG00000010606
ENSMUSG00000033256,ENSCJAG00000002159
ENSMUSG00000049036,ENSCJAG00000006338
ENSMUSG00000077677,ENSCJAG00000031294
ENSMUSG00000077677,ENSCJAG00000076779
ENSMUSG00000065451,ENSCJAG00000024821
ENSMUSG00000023247,ENSCJAG00000003087
ENSMUSG00000052609,ENSCJAG00000019611
ENSMUSG00000015605,ENSCJAG00000005223
ENSMUSG00000050397,ENSCJAG00000041357
ENSMUSG00000006373,ENSCJAG00000044658
ENSMUSG00000046456,ENSCJAG00000072186
ENSMUSG00000075528,ENSCJAG00000013086
ENSMUSG00000032978,ENSCJAG00000040403
ENSMUSG00000063382,ENSCJAG00000013622
ENSMUSG00000027852,ENSCJAG00000036517
ENSMUSG00000040423,ENSCJAG00000009106
ENSMUSG00000023972,ENSCJAG00000005136
ENSMUSG00000024807,ENSCJAG00000002413
ENSMUSG00000028634,ENSCJAG00000015848
ENSMUSG00000022824,ENSCJAG00000006640
ENSMUSG00000055723,ENSCJAG00000022341
ENSMUSG00000055723,ENSCJAG00000076980
ENSMUSG00000055723,ENSCJAG00000040842
ENSMUSG00000037636,ENSCJAG00000005140
ENSMUSG00000003546,ENSCJAG00000004979
ENSMUSG00000021675,ENSCJAG00000020029
ENSMUSG00000064530,ENSCJAG00000028081
ENSMUSG00000016319,ENSCJAG00000076691
ENSMUSG00000016319,ENSCJAG00000075916
ENSMUSG00000016319,ENSCJAG00000072970
ENSMUSG00000016319,ENSCJAG00000073014
ENSMUSG00000053158,ENSCJAG00000009738
ENSMUSG00000063765,ENSCJAG00000043984
ENSMUSG00000065866,ENSCJAG00000028849
ENSMUSG00000021302,ENSCJAG00000018045
ENSMUSG00000118880,ENSCJAG00000078942
ENSMUSG00000016308,ENSCJAG00000047448
ENSMUSG00000016308,ENSCJAG00000046072
ENSMUSG00000016308,ENSCJAG00000023348
ENSMUSG00000061689,ENSCJAG00000001360
ENSMUSG00000022391,ENSCJAG00000004844
ENSMUSG00000039585,ENSCJAG00000018532
ENSMUSG00000022817,ENSCJAG00000006606
ENSMUSG00000035007,ENSCJAG00000013082
ENSMUSG00000028527,ENSCJAG00000046466
ENSMUSG00000002767,ENSCJAG00000073816
ENSMUSG00000000632,ENSCJAG00000013338
ENSMUSG00000027806,ENSCJAG00000082234
ENSMUSG00000021061,ENSCJAG00000019629
ENSMUSG00000051111,ENSCJAG00000020031
ENSMUSG00000027808,ENSCJAG00000077413
ENSMUSG00000020100,ENSCJAG00000044812
ENSMUSG00000036430,ENSCJAG00000084405
ENSMUSG00000036430,ENSCJAG00000074599
ENSMUSG00000023978,ENSCJAG00000004580
ENSMUSG00000050248,ENSCJAG00000010561
ENSMUSG00000037797,ENSCJAG00000007244
ENSMUSG00000026036,ENSCJAG00000004400
ENSMUSG00000026036,ENSCJAG00000076151
ENSMUSG00000023977,ENSCJAG00000004399
ENSMUSG00000093191,ENSCJAG00000039327
ENSMUSG00000021903,ENSCJAG00000003566
ENSMUSG00000090112,ENSCJAG00000019395
ENSMUSG00000046589,ENSCJAG00000006077
ENSMUSG00000070385,ENSCJAG00000012494
ENSMUSG00000050079,ENSCJAG00000012138
ENSMUSG00000028635,ENSCJAG00000003074
ENSMUSG00000021905,ENSCJAG00000072075
ENSMUSG00000021546,ENSCJAG00000003750
ENSMUSG00000052135,ENSCJAG00000047939
ENSMUSG00000006423,ENSCJAG00000043735
ENSMUSG00000006423,ENSCJAG00000075027
ENSMUSG00000006423,ENSCJAG00000077348
ENSMUSG00000000085,ENSCJAG00000003039
ENSMUSG00000029123,ENSCJAG00000011911
ENSMUSG00000026715,ENSCJAG00000009182
ENSMUSG00000078784,ENSCJAG00000079645
ENSMUSG00000030754,ENSCJAG00000038149
ENSMUSG00000022019,ENSCJAG00000003853
ENSMUSG00000062329,ENSCJAG00000011895
ENSMUSG00000048450,ENSCJAG00000011280
ENSMUSG00000063316,ENSCJAG00000013067
ENSMUSG00000058153,ENSCJAG00000003084
ENSMUSG00000028138,ENSCJAG00000007198
ENSMUSG00000028138,ENSCJAG00000061688
ENSMUSG00000022814,ENSCJAG00000006554
ENSMUSG00000022390,ENSCJAG00000004889
ENSMUSG00000037058,ENSCJAG00000006982
ENSMUSG00000010358,ENSCJAG00000013057
ENSMUSG00000044149,ENSCJAG00000005088
ENSMUSG00000030751,ENSCJAG00000009850
ENSMUSG00000061751,ENSCJAG00000006440
ENSMUSG00000043467,ENSCJAG00000009215
ENSMUSG00000050379,ENSCJAG00000005022
ENSMUSG00000034993,ENSCJAG00000013035
ENSMUSG00000050505,ENSCJAG00000016415
ENSMUSG00000007338,ENSCJAG00000043917
ENSMUSG00000027810,ENSCJAG00000001199
ENSMUSG00000030530,ENSCJAG00000009790
ENSMUSG00000021906,ENSCJAG00000003582
ENSMUSG00000038274,ENSCJAG00000002432
ENSMUSG00000038274,ENSCJAG00000059010
ENSMUSG00000001313,ENSCJAG00000047924
ENSMUSG00000022389,ENSCJAG00000004977
ENSMUSG00000024354,ENSCJAG00000006997
ENSMUSG00000026037,ENSCJAG00000004465
ENSMUSG00000037791,ENSCJAG00000013252
ENSMUSG00000090258,ENSCJAG00000047676
ENSMUSG00000048546,ENSCJAG00000038649
ENSMUSG00000061360,ENSCJAG00000075143
ENSMUSG00000061360,ENSCJAG00000075199
ENSMUSG00000061360,ENSCJAG00000004999
ENSMUSG00000033373,ENSCJAG00000019689
ENSMUSG00000031776,ENSCJAG00000047953
ENSMUSG00000031776,ENSCJAG00000012466
ENSMUSG00000075227,ENSCJAG00000022195
ENSMUSG00000047880,ENSCJAG00000013620
ENSMUSG00000024799,ENSCJAG00000002441
ENSMUSG00000024353,ENSCJAG00000007055
ENSMUSG00000028633,ENSCJAG00000003003
ENSMUSG00000032463,ENSCJAG00000002299
ENSMUSG00000073600,ENSCJAG00000040085
ENSMUSG00000067818,ENSCJAG00000035540
ENSMUSG00000005813,ENSCJAG00000007178
ENSMUSG00000024352,ENSCJAG00000007068
ENSMUSG00000047648,ENSCJAG00000019390
ENSMUSG00000030671,ENSCJAG00000009800
ENSMUSG00000027219,ENSCJAG00000002124
ENSMUSG00000020099,ENSCJAG00000007027
ENSMUSG00000042808,ENSCJAG00000043228
ENSMUSG00000021062,ENSCJAG00000019696
ENSMUSG00000059851,ENSCJAG00000000843
ENSMUSG00000021907,ENSCJAG00000045845
ENSMUSG00000021907,ENSCJAG00000086169
ENSMUSG00000021907,ENSCJAG00000013377
ENSMUSG00000044860,ENSCJAG00000003385
ENSMUSG00000024350,ENSCJAG00000042703
ENSMUSG00000055421,ENSCJAG00000016402
ENSMUSG00000075700,ENSCJAG00000001158
ENSMUSG00000017146,ENSCJAG00000012938
ENSMUSG00000032292,ENSCJAG00000018552
ENSMUSG00000022476,ENSCJAG00000005072
ENSMUSG00000028528,ENSCJAG00000016859
ENSMUSG00000093059,ENSCJAG00000064766
ENSMUSG00000093059,ENSCJAG00000081373
ENSMUSG00000093059,ENSCJAG00000085620
ENSMUSG00000093059,ENSCJAG00000074668
ENSMUSG00000093059,ENSCJAG00000087032
ENSMUSG00000093059,ENSCJAG00000081523
ENSMUSG00000093059,ENSCJAG00000058853
ENSMUSG00000093059,ENSCJAG00000064528
ENSMUSG00000093059,ENSCJAG00000077419
ENSMUSG00000093059,ENSCJAG00000082623
ENSMUSG00000093059,ENSCJAG00000083841
ENSMUSG00000093059,ENSCJAG00000082851
ENSMUSG00000093059,ENSCJAG00000073166
ENSMUSG00000093059,ENSCJAG00000073491
ENSMUSG00000093059,ENSCJAG00000083630
ENSMUSG00000093059,ENSCJAG00000081708
ENSMUSG00000093059,ENSCJAG00000081895
ENSMUSG00000093059,ENSCJAG00000064517
ENSMUSG00000093059,ENSCJAG00000073957
ENSMUSG00000093059,ENSCJAG00000085963
ENSMUSG00000093059,ENSCJAG00000053899
ENSMUSG00000039210,ENSCJAG00000047537
ENSMUSG00000031775,ENSCJAG00000084499
ENSMUSG00000027556,ENSCJAG00000000373
ENSMUSG00000024797,ENSCJAG00000002459
ENSMUSG00000073598,ENSCJAG00000016897
ENSMUSG00000073599,ENSCJAG00000041195
ENSMUSG00000031779,ENSCJAG00000086967
ENSMUSG00000022076,ENSCJAG00000016532
ENSMUSG00000031778,ENSCJAG00000075185
ENSMUSG00000042109,ENSCJAG00000085773
ENSMUSG00000070471,ENSCJAG00000001182
ENSMUSG00000059436,ENSCJAG00000019702
ENSMUSG00000065042,ENSCJAG00000036233
ENSMUSG00000065042,ENSCJAG00000074250
ENSMUSG00000032097,ENSCJAG00000013591
ENSMUSG00000064581,ENSCJAG00000024160
ENSMUSG00000056234,ENSCJAG00000013352
ENSMUSG00000031780,ENSCJAG00000083701
ENSMUSG00000047733,ENSCJAG00000002495
ENSMUSG00000022474,ENSCJAG00000002559
ENSMUSG00000062175,ENSCJAG00000001354
ENSMUSG00000027559,ENSCJAG00000000369
ENSMUSG00000031781,ENSCJAG00000012055
ENSMUSG00000024792,ENSCJAG00000002496
ENSMUSG00000021235,ENSCJAG00000065534
ENSMUSG00000036432,ENSCJAG00000068988
ENSMUSG00000055493,ENSCJAG00000019389
ENSMUSG00000079071,ENSCJAG00000002124
ENSMUSG00000007379,ENSCJAG00000012467
ENSMUSG00000064057,ENSCJAG00000009787
ENSMUSG00000020098,ENSCJAG00000039995
ENSMUSG00000020362,ENSCJAG00000009795
ENSMUSG00000024008,ENSCJAG00000016086
ENSMUSG00000030670,ENSCJAG00000009776
ENSMUSG00000065096,ENSCJAG00000036618
ENSMUSG00000065181,ENSCJAG00000025900
ENSMUSG00000020097,ENSCJAG00000014777
ENSMUSG00000024349,ENSCJAG00000016886
ENSMUSG00002075925,ENSCJAG00000064766
ENSMUSG00002075925,ENSCJAG00000081373
ENSMUSG00002075925,ENSCJAG00000085620
ENSMUSG00002075925,ENSCJAG00000074668
ENSMUSG00002075925,ENSCJAG00000087032
ENSMUSG00002075925,ENSCJAG00000081523
ENSMUSG00002075925,ENSCJAG00000058853
ENSMUSG00002075925,ENSCJAG00000064528
ENSMUSG00002075925,ENSCJAG00000077419
ENSMUSG00002075925,ENSCJAG00000082623
ENSMUSG00002075925,ENSCJAG00000083841
ENSMUSG00002075925,ENSCJAG00000082851
ENSMUSG00002075925,ENSCJAG00000073166
ENSMUSG00002075925,ENSCJAG00000073491
ENSMUSG00002075925,ENSCJAG00000083630
ENSMUSG00002075925,ENSCJAG00000081708
ENSMUSG00002075925,ENSCJAG00000081895
ENSMUSG00002075925,ENSCJAG00000064517
ENSMUSG00002075925,ENSCJAG00000073957
ENSMUSG00002075925,ENSCJAG00000085963
ENSMUSG00002075925,ENSCJAG00000053899
ENSMUSG00000027637,ENSCJAG00000047916
ENSMUSG00000032462,ENSCJAG00000002252
ENSMUSG00000061633,ENSCJAG00000012090
ENSMUSG00000040549,ENSCJAG00000019878
ENSMUSG00000022471,ENSCJAG00000080227
ENSMUSG00000022471,ENSCJAG00000087313
ENSMUSG00000022471,ENSCJAG00000086935
ENSMUSG00000022471,ENSCJAG00000053100
ENSMUSG00000022471,ENSCJAG00000073944
ENSMUSG00000022471,ENSCJAG00000045512
ENSMUSG00000022471,ENSCJAG00000058197
ENSMUSG00000024791,ENSCJAG00000002502
ENSMUSG00000031782,ENSCJAG00000012043
ENSMUSG00000051811,ENSCJAG00000079874
ENSMUSG00000072720,ENSCJAG00000003112
ENSMUSG00000026610,ENSCJAG00000015141
ENSMUSG00000020363,ENSCJAG00000010359
ENSMUSG00000054999,ENSCJAG00000002515
ENSMUSG00000032098,ENSCJAG00000013576
ENSMUSG00000024007,ENSCJAG00000078975
ENSMUSG00000018501,ENSCJAG00000012051
ENSMUSG00000024790,ENSCJAG00000002527
ENSMUSG00000031783,ENSCJAG00000012016
ENSMUSG00000024787,ENSCJAG00000002533
ENSMUSG00000030528,ENSCJAG00000009803
ENSMUSG00000029478,ENSCJAG00000011676
ENSMUSG00000052712,ENSCJAG00000009979
ENSMUSG00000027562,ENSCJAG00000000351
ENSMUSG00000101860,ENSCJAG00000001151
ENSMUSG00000022472,ENSCJAG00000018941
ENSMUSG00000046668,ENSCJAG00000016877
ENSMUSG00000021236,ENSCJAG00000020391
ENSMUSG00000043850,ENSCJAG00000001146
ENSMUSG00000032289,ENSCJAG00000018572
ENSMUSG00000024347,ENSCJAG00000016848
ENSMUSG00000013701,ENSCJAG00000013336
ENSMUSG00000019820,ENSCJAG00000019315
ENSMUSG00000039699,ENSCJAG00000002550
ENSMUSG00000063480,ENSCJAG00000070172
ENSMUSG00000037300,ENSCJAG00000018450
ENSMUSG00000005687,ENSCJAG00000012448
ENSMUSG00000035212,ENSCJAG00000039286
ENSMUSG00000022184,ENSCJAG00000001220
ENSMUSG00000047810,ENSCJAG00000017980
ENSMUSG00000062028,ENSCJAG00000076565
ENSMUSG00000041935,ENSCJAG00000056589
ENSMUSG00000041025,ENSCJAG00000007173
ENSMUSG00000088152,ENSCJAG00000034815
ENSMUSG00000030669,ENSCJAG00000009757
ENSMUSG00000077611,ENSCJAG00000025791
ENSMUSG00000095030,ENSCJAG00000023226
ENSMUSG00000028156,ENSCJAG00000007151
ENSMUSG00000094140,ENSCJAG00000023226
ENSMUSG00000022186,ENSCJAG00000007199
ENSMUSG00000063867,ENSCJAG00000008845
ENSMUSG00000026032,ENSCJAG00000004496
ENSMUSG00000063106,ENSCJAG00000008845
ENSMUSG00000026430,ENSCJAG00000018661
ENSMUSG00002075160,ENSCJAG00000030641
ENSMUSG00002075160,ENSCJAG00000074641
ENSMUSG00000057564,ENSCJAG00000056301
ENSMUSG00000047766,ENSCJAG00000018602
ENSMUSG00000025665,ENSCJAG00000008317
ENSMUSG00000021911,ENSCJAG00000013224
ENSMUSG00000028737,ENSCJAG00000007183
ENSMUSG00000030527,ENSCJAG00000009892
ENSMUSG00000028152,ENSCJAG00000007128
ENSMUSG00000028738,ENSCJAG00000007516
ENSMUSG00000026609,ENSCJAG00000015184
ENSMUSG00000068117,ENSCJAG00000002425
ENSMUSG00000057265,ENSCJAG00000020404
ENSMUSG00000032897,ENSCJAG00000002987
ENSMUSG00000024953,ENSCJAG00000034904
ENSMUSG00000024953,ENSCJAG00000018014
ENSMUSG00000021238,ENSCJAG00000020412
ENSMUSG00000030536,ENSCJAG00000009910
ENSMUSG00000074677,ENSCJAG00000043683
ENSMUSG00000074677,ENSCJAG00000020939
ENSMUSG00000021239,ENSCJAG00000020442
ENSMUSG00000031982,ENSCJAG00000018429
ENSMUSG00000038812,ENSCJAG00000018026
ENSMUSG00000043068,ENSCJAG00000086553
ENSMUSG00000021240,ENSCJAG00000020446
ENSMUSG00000002948,ENSCJAG00000082705
ENSMUSG00000033014,ENSCJAG00000012339
ENSMUSG00000024955,ENSCJAG00000018030
ENSMUSG00000065490,ENSCJAG00000025962
ENSMUSG00000118731,ENSCJAG00000024403
ENSMUSG00000028736,ENSCJAG00000007521
ENSMUSG00000047528,ENSCJAG00000004558
ENSMUSG00000088516,ENSCJAG00000082471
ENSMUSG00000039232,ENSCJAG00000019312
ENSMUSG00000044906,ENSCJAG00000001841
ENSMUSG00000050623,ENSCJAG00000018046
ENSMUSG00000032890,ENSCJAG00000002973
ENSMUSG00000022832,ENSCJAG00000086606
ENSMUSG00000022832,ENSCJAG00000081179
ENSMUSG00000022832,ENSCJAG00000083009
ENSMUSG00000022832,ENSCJAG00000048078
ENSMUSG00000020096,ENSCJAG00000014795
ENSMUSG00000059887,ENSCJAG00000056301
ENSMUSG00000085793,ENSCJAG00000047702
ENSMUSG00000022833,ENSCJAG00000015908
ENSMUSG00000022833,ENSCJAG00000069303
ENSMUSG00000024959,ENSCJAG00000018074
ENSMUSG00000039197,ENSCJAG00000001291
ENSMUSG00000038797,ENSCJAG00000016119
ENSMUSG00000041415,ENSCJAG00000006225
ENSMUSG00000089381,ENSCJAG00000031371
ENSMUSG00000028629,ENSCJAG00000002961
ENSMUSG00000034839,ENSCJAG00000046236
ENSMUSG00000084550,ENSCJAG00000039081
ENSMUSG00000084550,ENSCJAG00000076705
ENSMUSG00000084550,ENSCJAG00000084098
ENSMUSG00000084550,ENSCJAG00000058561
ENSMUSG00000042349,ENSCJAG00000018679
ENSMUSG00000058402,ENSCJAG00000077685
ENSMUSG00000037953,ENSCJAG00000002444
ENSMUSG00000064141,ENSCJAG00000062374
ENSMUSG00000034485,ENSCJAG00000018655
ENSMUSG00000025722,ENSCJAG00000016128
ENSMUSG00000024960,ENSCJAG00000018081
ENSMUSG00000032870,ENSCJAG00000002908
ENSMUSG00000022836,ENSCJAG00000007474
ENSMUSG00000049148,ENSCJAG00000007232
ENSMUSG00000119891,ENSCJAG00000075980
ENSMUSG00000022181,ENSCJAG00000007234
ENSMUSG00000028626,ENSCJAG00000002851
ENSMUSG00000039519,ENSCJAG00000009244
ENSMUSG00000076760,ENSCJAG00000057834
ENSMUSG00000076761,ENSCJAG00000041991
ENSMUSG00000034551,ENSCJAG00000008295
ENSMUSG00000104620,ENSCJAG00000008803
ENSMUSG00000104620,ENSCJAG00000042714
ENSMUSG00000104620,ENSCJAG00000039190
ENSMUSG00000105533,ENSCJAG00000008803
ENSMUSG00000105533,ENSCJAG00000042714
ENSMUSG00000105533,ENSCJAG00000039190
ENSMUSG00000096746,ENSCJAG00000008803
ENSMUSG00000096746,ENSCJAG00000042714
ENSMUSG00000096746,ENSCJAG00000039190
ENSMUSG00000021913,ENSCJAG00000013181
ENSMUSG00000028059,ENSCJAG00000007846
ENSMUSG00000024011,ENSCJAG00000005267
ENSMUSG00000036136,ENSCJAG00000046573
ENSMUSG00000002900,ENSCJAG00000016477
ENSMUSG00000026031,ENSCJAG00000004505
ENSMUSG00000026031,ENSCJAG00000046254
ENSMUSG00000043207,ENSCJAG00000002833
ENSMUSG00000048424,ENSCJAG00000018235
ENSMUSG00000043463,ENSCJAG00000003347
ENSMUSG00000025723,ENSCJAG00000016140
ENSMUSG00000059901,ENSCJAG00000086368
ENSMUSG00000022253,ENSCJAG00000018248
ENSMUSG00000078577,ENSCJAG00000002830
ENSMUSG00000048155,ENSCJAG00000070962
ENSMUSG00000048155,ENSCJAG00000033818
ENSMUSG00000048155,ENSCJAG00000085484
ENSMUSG00000059975,ENSCJAG00000013444
ENSMUSG00000049878,ENSCJAG00000042605
ENSMUSG00000094023,ENSCJAG00000008803
ENSMUSG00000094023,ENSCJAG00000042714
ENSMUSG00000094023,ENSCJAG00000039190
ENSMUSG00000054115,ENSCJAG00000018275
ENSMUSG00000054115,ENSCJAG00000079460
ENSMUSG00000076770,ENSCJAG00000081255
ENSMUSG00000096478,ENSCJAG00000052724
ENSMUSG00000096478,ENSCJAG00000070156
ENSMUSG00000072473,ENSCJAG00000013171
ENSMUSG00000025724,ENSCJAG00000016146
ENSMUSG00000042498,ENSCJAG00000008118
ENSMUSG00000095426,ENSCJAG00000046547
ENSMUSG00000094792,ENSCJAG00000041991
ENSMUSG00000024012,ENSCJAG00000075713
ENSMUSG00000095088,ENSCJAG00000046511
ENSMUSG00000026029,ENSCJAG00000004551
ENSMUSG00000105393,ENSCJAG00000008803
ENSMUSG00000105393,ENSCJAG00000042714
ENSMUSG00000105393,ENSCJAG00000039190
ENSMUSG00000076778,ENSCJAG00000082054
ENSMUSG00000076778,ENSCJAG00000032238
ENSMUSG00000095854,ENSCJAG00000064800
ENSMUSG00000094914,ENSCJAG00000052724
ENSMUSG00000094914,ENSCJAG00000070156
ENSMUSG00000024962,ENSCJAG00000018126
ENSMUSG00000028525,ENSCJAG00000017022
ENSMUSG00000035376,ENSCJAG00000041536
ENSMUSG00000035376,ENSCJAG00000045524
ENSMUSG00000077221,ENSCJAG00000031099
ENSMUSG00000027636,ENSCJAG00000040296
ENSMUSG00000095495,ENSCJAG00000052724
ENSMUSG00000095495,ENSCJAG00000070156
ENSMUSG00000020087,ENSCJAG00000016374
ENSMUSG00000094758,ENSCJAG00000082054
ENSMUSG00000094758,ENSCJAG00000032238
ENSMUSG00000022840,ENSCJAG00000007619
ENSMUSG00000095560,ENSCJAG00000064800
ENSMUSG00000093953,ENSCJAG00000057834
ENSMUSG00000029685,ENSCJAG00000017456
ENSMUSG00000090868,ENSCJAG00000052724
ENSMUSG00000090868,ENSCJAG00000070156
ENSMUSG00000064440,ENSCJAG00000067860
ENSMUSG00000024963,ENSCJAG00000018151
ENSMUSG00000080463,ENSCJAG00000064502
ENSMUSG00000064816,ENSCJAG00000062127
ENSMUSG00000084667,ENSCJAG00000070875
ENSMUSG00000077220,ENSCJAG00000051799
ENSMUSG00000077220,ENSCJAG00000054242
ENSMUSG00000065735,ENSCJAG00000026956
ENSMUSG00000096106,ENSCJAG00000041991
ENSMUSG00000064968,ENSCJAG00000064406
ENSMUSG00000065228,ENSCJAG00000068523
ENSMUSG00000065228,ENSCJAG00000027320
ENSMUSG00000065228,ENSCJAG00000048218
ENSMUSG00000026028,ENSCJAG00000004568
ENSMUSG00000105721,ENSCJAG00000008803
ENSMUSG00000105721,ENSCJAG00000042714
ENSMUSG00000105721,ENSCJAG00000039190
ENSMUSG00000021919,ENSCJAG00000013143
ENSMUSG00000053985,ENSCJAG00000086586
ENSMUSG00000029683,ENSCJAG00000017483
ENSMUSG00000005621,ENSCJAG00000016173
ENSMUSG00000029802,ENSCJAG00000006370
ENSMUSG00000027249,ENSCJAG00000019864
ENSMUSG00000037349,ENSCJAG00000018163
ENSMUSG00000042211,ENSCJAG00000021201
ENSMUSG00000048047,ENSCJAG00000076101
ENSMUSG00002075911,ENSCJAG00000070887
ENSMUSG00002075911,ENSCJAG00000076964
ENSMUSG00002075911,ENSCJAG00000073445
ENSMUSG00002075911,ENSCJAG00000082257
ENSMUSG00002075911,ENSCJAG00000074449
ENSMUSG00002075911,ENSCJAG00000076193
ENSMUSG00002075911,ENSCJAG00000069961
ENSMUSG00002075911,ENSCJAG00000086689
ENSMUSG00002075911,ENSCJAG00000081118
ENSMUSG00002075911,ENSCJAG00000079871
ENSMUSG00002075911,ENSCJAG00000077587
ENSMUSG00000034473,ENSCJAG00000007704
ENSMUSG00000025626,ENSCJAG00000004238
ENSMUSG00000038763,ENSCJAG00000016211
ENSMUSG00000039704,ENSCJAG00000018328
ENSMUSG00000019817,ENSCJAG00000061349
ENSMUSG00000047656,ENSCJAG00000018169
ENSMUSG00000044176,ENSCJAG00000021232
ENSMUSG00000022844,ENSCJAG00000007712
ENSMUSG00000088620,ENSCJAG00000085023
ENSMUSG00000026425,ENSCJAG00000018702
ENSMUSG00000098022,ENSCJAG00000085005
ENSMUSG00000005804,ENSCJAG00000002038
ENSMUSG00000024965,ENSCJAG00000018177
ENSMUSG00000052133,ENSCJAG00000007825
ENSMUSG00000075040,ENSCJAG00000019859
ENSMUSG00000030204,ENSCJAG00000021633
ENSMUSG00000025726,ENSCJAG00000016215
ENSMUSG00000095643,ENSCJAG00000082054
ENSMUSG00000095643,ENSCJAG00000032238
ENSMUSG00000100241,ENSCJAG00000013140
ENSMUSG00000076796,ENSCJAG00000054414
ENSMUSG00000060201,ENSCJAG00000021238
ENSMUSG00000024966,ENSCJAG00000018209
ENSMUSG00000096329,ENSCJAG00000082054
ENSMUSG00000096329,ENSCJAG00000032238
ENSMUSG00000094619,ENSCJAG00000064800
ENSMUSG00000025630,ENSCJAG00000004273
ENSMUSG00000095736,ENSCJAG00000008803
ENSMUSG00000095736,ENSCJAG00000042714
ENSMUSG00000095736,ENSCJAG00000039190
ENSMUSG00000005803,ENSCJAG00000002026
ENSMUSG00000024261,ENSCJAG00000004002
ENSMUSG00000076800,ENSCJAG00000046547
ENSMUSG00000095646,ENSCJAG00000041991
ENSMUSG00000064036,ENSCJAG00000041277
ENSMUSG00000020664,ENSCJAG00000016418
ENSMUSG00000076140,ENSCJAG00000030296
ENSMUSG00000076122,ENSCJAG00000057703
ENSMUSG00000105629,ENSCJAG00000008803
ENSMUSG00000105629,ENSCJAG00000042714
ENSMUSG00000105629,ENSCJAG00000039190
ENSMUSG00002075483,ENSCJAG00000076820
ENSMUSG00000036273,ENSCJAG00000017840
ENSMUSG00000054051,ENSCJAG00000013427
ENSMUSG00000051910,ENSCJAG00000009643
ENSMUSG00000118668,ENSCJAG00000017957
ENSMUSG00000024558,ENSCJAG00000001974
ENSMUSG00000039652,ENSCJAG00000008495
ENSMUSG00000071738,ENSCJAG00000071198
ENSMUSG00000040935,ENSCJAG00000007733
ENSMUSG00000001225,ENSCJAG00000016400
ENSMUSG00000065434,ENSCJAG00000024345
ENSMUSG00000035367,ENSCJAG00000003860
ENSMUSG00000040631,ENSCJAG00000011994
ENSMUSG00000022905,ENSCJAG00000008033
ENSMUSG00000014245,ENSCJAG00000012025
ENSMUSG00000073085,ENSCJAG00000071198
ENSMUSG00000079525,ENSCJAG00000071198
ENSMUSG00000036223,ENSCJAG00000084830
ENSMUSG00000049699,ENSCJAG00000021834
ENSMUSG00000027634,ENSCJAG00000001323
ENSMUSG00000021553,ENSCJAG00000003868
ENSMUSG00000104629,ENSCJAG00000082054
ENSMUSG00000104629,ENSCJAG00000032238
ENSMUSG00000037784,ENSCJAG00000002446
ENSMUSG00000096827,ENSCJAG00000064800
ENSMUSG00000020366,ENSCJAG00000010293
ENSMUSG00000093813,ENSCJAG00000052724
ENSMUSG00000093813,ENSCJAG00000070156
ENSMUSG00000029684,ENSCJAG00000038944
ENSMUSG00000024013,ENSCJAG00000005381
ENSMUSG00000028651,ENSCJAG00000002589
ENSMUSG00000024560,ENSCJAG00000005044
ENSMUSG00000024560,ENSCJAG00000072085
ENSMUSG00000096541,ENSCJAG00000052724
ENSMUSG00000096541,ENSCJAG00000070156
ENSMUSG00000079450,ENSCJAG00000071198
ENSMUSG00000094779,ENSCJAG00000082054
ENSMUSG00000094779,ENSCJAG00000032238
ENSMUSG00000093801,ENSCJAG00000064800
ENSMUSG00000036913,ENSCJAG00000018405
ENSMUSG00000041730,ENSCJAG00000013476
ENSMUSG00000118415,ENSCJAG00000071198
ENSMUSG00000095474,ENSCJAG00000071198
ENSMUSG00000118430,ENSCJAG00000071198
ENSMUSG00000118483,ENSCJAG00000071198
ENSMUSG00000050148,ENSCJAG00000007299
ENSMUSG00000119184,ENSCJAG00000074252
ENSMUSG00000046093,ENSCJAG00000041542
ENSMUSG00000024270,ENSCJAG00000021051
ENSMUSG00000039219,ENSCJAG00000018055
ENSMUSG00000026058,ENSCJAG00000001766
ENSMUSG00000031410,ENSCJAG00000073269
ENSMUSG00000031410,ENSCJAG00000019686
ENSMUSG00000034379,ENSCJAG00000022130
ENSMUSG00000003955,ENSCJAG00000008116
ENSMUSG00000063415,ENSCJAG00000072683
ENSMUSG00000054958,ENSCJAG00000002566
ENSMUSG00000089736,ENSCJAG00000046411
ENSMUSG00000051726,ENSCJAG00000022930
ENSMUSG00000007682,ENSCJAG00000039244
ENSMUSG00000064688,ENSCJAG00000079889
ENSMUSG00000063605,ENSCJAG00000011982
ENSMUSG00000055184,ENSCJAG00000038900
ENSMUSG00000075229,ENSCJAG00000048162
ENSMUSG00000075229,ENSCJAG00000008132
ENSMUSG00000032744,ENSCJAG00000065395
ENSMUSG00000020585,ENSCJAG00000071467
ENSMUSG00000020585,ENSCJAG00000041856
ENSMUSG00000091318,ENSCJAG00000014775
ENSMUSG00000024271,ENSCJAG00000021063
ENSMUSG00000026432,ENSCJAG00000047274
ENSMUSG00000031984,ENSCJAG00000018389
ENSMUSG00000088750,ENSCJAG00000060554
ENSMUSG00000071540,ENSCJAG00000013484
ENSMUSG00000028524,ENSCJAG00000017101
ENSMUSG00000065223,ENSCJAG00000078840
ENSMUSG00000065223,ENSCJAG00000024951
ENSMUSG00000065223,ENSCJAG00000028553
ENSMUSG00000065223,ENSCJAG00000034796
ENSMUSG00000065223,ENSCJAG00000035057
ENSMUSG00000065223,ENSCJAG00000045221
ENSMUSG00000065223,ENSCJAG00000055656
ENSMUSG00000065223,ENSCJAG00000051310
ENSMUSG00000065223,ENSCJAG00000066987
ENSMUSG00000011837,ENSCJAG00000006117
ENSMUSG00000065260,ENSCJAG00000072068
ENSMUSG00000026709,ENSCJAG00000009241
ENSMUSG00000034362,ENSCJAG00000039985
ENSMUSG00000029680,ENSCJAG00000017533
ENSMUSG00000090083,ENSCJAG00000005529
ENSMUSG00000094877,ENSCJAG00000057834
ENSMUSG00000088471,ENSCJAG00000076617
ENSMUSG00000059657,ENSCJAG00000039985
ENSMUSG00000094231,ENSCJAG00000052724
ENSMUSG00000094231,ENSCJAG00000070156
ENSMUSG00000029682,ENSCJAG00000017536
ENSMUSG00002076436,ENSCJAG00000076617
ENSMUSG00000079597,ENSCJAG00000039985
ENSMUSG00000040003,ENSCJAG00000006304
ENSMUSG00000118690,ENSCJAG00000076617
ENSMUSG00000048644,ENSCJAG00000046027
ENSMUSG00000094733,ENSCJAG00000039985
ENSMUSG00002075226,ENSCJAG00000076617
ENSMUSG00000095620,ENSCJAG00000039985
ENSMUSG00000036591,ENSCJAG00000007642
ENSMUSG00000096168,ENSCJAG00000041991
ENSMUSG00000061577,ENSCJAG00000011956
ENSMUSG00000041707,ENSCJAG00000013489
ENSMUSG00000029678,ENSCJAG00000017536
ENSMUSG00000118857,ENSCJAG00000076617
ENSMUSG00000071562,ENSCJAG00000039985
ENSMUSG00000020642,ENSCJAG00000010225
ENSMUSG00000048022,ENSCJAG00000017545
ENSMUSG00002075883,ENSCJAG00000076617
ENSMUSG00002075042,ENSCJAG00000076617
ENSMUSG00000088517,ENSCJAG00000076617
ENSMUSG00000079594,ENSCJAG00000039985
ENSMUSG00000029804,ENSCJAG00000006525
ENSMUSG00002075419,ENSCJAG00000076617
ENSMUSG00000071561,ENSCJAG00000039985
ENSMUSG00000105080,ENSCJAG00000008803
ENSMUSG00000105080,ENSCJAG00000042714
ENSMUSG00000105080,ENSCJAG00000039190
ENSMUSG00000078127,ENSCJAG00000013498
ENSMUSG00000024019,ENSCJAG00000005567
ENSMUSG00000096038,ENSCJAG00000082054
ENSMUSG00000096038,ENSCJAG00000032238
ENSMUSG00000119194,ENSCJAG00000076617
ENSMUSG00000048537,ENSCJAG00000013463
ENSMUSG00000076821,ENSCJAG00000081255
ENSMUSG00002075800,ENSCJAG00000076617
ENSMUSG00000022902,ENSCJAG00000039985
ENSMUSG00000076822,ENSCJAG00000054414
ENSMUSG00000050666,ENSCJAG00000013502
ENSMUSG00000119903,ENSCJAG00000076617
ENSMUSG00000089117,ENSCJAG00000076617
ENSMUSG00000054905,ENSCJAG00000039985
ENSMUSG00000051980,ENSCJAG00000008145
ENSMUSG00000020641,ENSCJAG00000010219
ENSMUSG00000076823,ENSCJAG00000082054
ENSMUSG00000076823,ENSCJAG00000032238
ENSMUSG00000020086,ENSCJAG00000016412
ENSMUSG00000076824,ENSCJAG00000064800
ENSMUSG00000096417,ENSCJAG00000008803
ENSMUSG00000096417,ENSCJAG00000042714
ENSMUSG00000096417,ENSCJAG00000039190
ENSMUSG00000096908,ENSCJAG00000008803
ENSMUSG00000096908,ENSCJAG00000042714
ENSMUSG00000096908,ENSCJAG00000039190
ENSMUSG00000002949,ENSCJAG00000070680
ENSMUSG00000002949,ENSCJAG00000006140
ENSMUSG00000026134,ENSCJAG00000010236
ENSMUSG00000094766,ENSCJAG00000008803
ENSMUSG00000094766,ENSCJAG00000042714
ENSMUSG00000094766,ENSCJAG00000039190
ENSMUSG00000023307,ENSCJAG00000008509
ENSMUSG00000019815,ENSCJAG00000019307
ENSMUSG00000076831,ENSCJAG00000081255
ENSMUSG00000058252,ENSCJAG00000019717
ENSMUSG00000096900,ENSCJAG00000052724
ENSMUSG00000096900,ENSCJAG00000070156
ENSMUSG00000096149,ENSCJAG00000046547
ENSMUSG00000022901,ENSCJAG00000008181
ENSMUSG00000096551,ENSCJAG00000041991
ENSMUSG00000096615,ENSCJAG00000046511
ENSMUSG00000039616,ENSCJAG00000021092
ENSMUSG00000106620,ENSCJAG00000008803
ENSMUSG00000106620,ENSCJAG00000042714
ENSMUSG00000106620,ENSCJAG00000039190
ENSMUSG00000019814,ENSCJAG00000019295
ENSMUSG00000076839,ENSCJAG00000082054
ENSMUSG00000076839,ENSCJAG00000032238
ENSMUSG00000076840,ENSCJAG00000064800
ENSMUSG00000060726,ENSCJAG00000082114
ENSMUSG00000094966,ENSCJAG00000052724
ENSMUSG00000094966,ENSCJAG00000070156
ENSMUSG00000004552,ENSCJAG00000018771
ENSMUSG00000009941,ENSCJAG00000073269
ENSMUSG00000009941,ENSCJAG00000019686
ENSMUSG00000089143,ENSCJAG00000070527
ENSMUSG00000056999,ENSCJAG00000008515
ENSMUSG00000062866,ENSCJAG00000019286
ENSMUSG00000076846,ENSCJAG00000082054
ENSMUSG00000076846,ENSCJAG00000032238
ENSMUSG00000095711,ENSCJAG00000064800
ENSMUSG00000031985,ENSCJAG00000018350
ENSMUSG00000051506,ENSCJAG00000013528
ENSMUSG00000051506,ENSCJAG00000067460
ENSMUSG00000056214,ENSCJAG00000023142
ENSMUSG00000056214,ENSCJAG00000045685
ENSMUSG00000039904,ENSCJAG00000017546
ENSMUSG00000053950,ENSCJAG00000010119
ENSMUSG00000022900,ENSCJAG00000008227
ENSMUSG00000025584,ENSCJAG00000006029
ENSMUSG00000055430,ENSCJAG00000068187
ENSMUSG00000033769,ENSCJAG00000003846
ENSMUSG00000024570,ENSCJAG00000072239
ENSMUSG00000024570,ENSCJAG00000010125
ENSMUSG00000020638,ENSCJAG00000085281
ENSMUSG00000022575,ENSCJAG00000021434
ENSMUSG00000012443,ENSCJAG00000008594
ENSMUSG00000024018,ENSCJAG00000005622
ENSMUSG00000057130,ENSCJAG00000010130
ENSMUSG00000098678,ENSCJAG00000021428
ENSMUSG00000067889,ENSCJAG00000001228
ENSMUSG00000026027,ENSCJAG00000004661
ENSMUSG00000022574,ENSCJAG00000047504
ENSMUSG00000018509,ENSCJAG00000042033
ENSMUSG00000078963,ENSCJAG00000048675
ENSMUSG00000066027,ENSCJAG00000013747
ENSMUSG00000030663,ENSCJAG00000041748
ENSMUSG00000074030,ENSCJAG00000021917
ENSMUSG00000031986,ENSCJAG00000018340
ENSMUSG00000034006,ENSCJAG00000082565
ENSMUSG00000031987,ENSCJAG00000047999
ENSMUSG00000019505,ENSCJAG00000065452
ENSMUSG00000022899,ENSCJAG00000008258
ENSMUSG00000056820,ENSCJAG00000039956
ENSMUSG00000029676,ENSCJAG00000017555
ENSMUSG00000094828,ENSCJAG00000057834
ENSMUSG00000043557,ENSCJAG00000005637
ENSMUSG00000096678,ENSCJAG00000052724
ENSMUSG00000096678,ENSCJAG00000070156
ENSMUSG00000017119,ENSCJAG00000012878
ENSMUSG00000019810,ENSCJAG00000019246
ENSMUSG00000021036,ENSCJAG00000016903
ENSMUSG00000061787,ENSCJAG00000054842
ENSMUSG00000031785,ENSCJAG00000011920
ENSMUSG00000095607,ENSCJAG00000041991
ENSMUSG00000096138,ENSCJAG00000008803
ENSMUSG00000096138,ENSCJAG00000042714
ENSMUSG00000096138,ENSCJAG00000039190
ENSMUSG00000076855,ENSCJAG00000054414
ENSMUSG00000103906,ENSCJAG00000021417
ENSMUSG00000052676,ENSCJAG00000019724
ENSMUSG00000022571,ENSCJAG00000021413
ENSMUSG00000094562,ENSCJAG00000082054
ENSMUSG00000094562,ENSCJAG00000032238
ENSMUSG00000021301,ENSCJAG00000007768
ENSMUSG00000094212,ENSCJAG00000064800
ENSMUSG00000041673,ENSCJAG00000013525
ENSMUSG00000019809,ENSCJAG00000019230
ENSMUSG00000025586,ENSCJAG00000016048
ENSMUSG00000022570,ENSCJAG00000021409
ENSMUSG00000011257,ENSCJAG00000069789
ENSMUSG00000011257,ENSCJAG00000002512
ENSMUSG00000031409,ENSCJAG00000003405
ENSMUSG00000031409,ENSCJAG00000046955
ENSMUSG00000031409,ENSCJAG00000080214
ENSMUSG00000033735,ENSCJAG00000073980
ENSMUSG00000079036,ENSCJAG00000016936
ENSMUSG00000076858,ENSCJAG00000057834
ENSMUSG00000087666,ENSCJAG00000082054
ENSMUSG00000087666,ENSCJAG00000032238
ENSMUSG00000033760,ENSCJAG00000085947
ENSMUSG00000076862,ENSCJAG00000060345
ENSMUSG00000037709,ENSCJAG00000006632
ENSMUSG00000043384,ENSCJAG00000003479
ENSMUSG00000076866,ENSCJAG00000047836
ENSMUSG00000023990,ENSCJAG00000004199
ENSMUSG00000052688,ENSCJAG00000044743
ENSMUSG00000027635,ENSCJAG00000001308
ENSMUSG00000094936,ENSCJAG00000081798
ENSMUSG00000072964,ENSCJAG00000048365
ENSMUSG00000063506,ENSCJAG00000013537
ENSMUSG00002076596,ENSCJAG00000030608
ENSMUSG00002076596,ENSCJAG00000023706
ENSMUSG00000021040,ENSCJAG00000016946
ENSMUSG00000109398,ENSCJAG00000020283
ENSMUSG00000050846,ENSCJAG00000080979
ENSMUSG00000055150,ENSCJAG00000023027
ENSMUSG00000055150,ENSCJAG00000011765
ENSMUSG00000055150,ENSCJAG00000011611
ENSMUSG00000055150,ENSCJAG00000047520
ENSMUSG00000055150,ENSCJAG00000011965
ENSMUSG00000055150,ENSCJAG00000048657
ENSMUSG00000055150,ENSCJAG00000010419
ENSMUSG00000055150,ENSCJAG00000067047
ENSMUSG00000055150,ENSCJAG00000071525
ENSMUSG00000055150,ENSCJAG00000068037
ENSMUSG00000035818,ENSCJAG00000019191
ENSMUSG00000021039,ENSCJAG00000016947
ENSMUSG00000072295,ENSCJAG00000004698
ENSMUSG00000062861,ENSCJAG00000020297
ENSMUSG00000019808,ENSCJAG00000019222
ENSMUSG00000059852,ENSCJAG00000053684
ENSMUSG00000063704,ENSCJAG00000031670
ENSMUSG00000033323,ENSCJAG00000010153
ENSMUSG00000042249,ENSCJAG00000009283
ENSMUSG00000019806,ENSCJAG00000019215
ENSMUSG00000033726,ENSCJAG00000039703
ENSMUSG00000015672,ENSCJAG00000007749
ENSMUSG00000113805,ENSCJAG00000005371
ENSMUSG00000113805,ENSCJAG00000074080
ENSMUSG00000055485,ENSCJAG00000001273
ENSMUSG00000079034,ENSCJAG00000005371
ENSMUSG00000079034,ENSCJAG00000074080
ENSMUSG00000092019,ENSCJAG00000005371
ENSMUSG00000092019,ENSCJAG00000074080
ENSMUSG00000113489,ENSCJAG00000006097
ENSMUSG00000095724,ENSCJAG00000005371
ENSMUSG00000095724,ENSCJAG00000074080
ENSMUSG00000015671,ENSCJAG00000039517
ENSMUSG00000045441,ENSCJAG00000022026
ENSMUSG00000113201,ENSCJAG00000005371
ENSMUSG00000113201,ENSCJAG00000074080
ENSMUSG00000046761,ENSCJAG00000021492
ENSMUSG00000079031,ENSCJAG00000005371
ENSMUSG00000079031,ENSCJAG00000074080
ENSMUSG00000104876,ENSCJAG00000085557
ENSMUSG00000113951,ENSCJAG00000006097
ENSMUSG00000072905,ENSCJAG00000005371
ENSMUSG00000072905,ENSCJAG00000074080
ENSMUSG00000113971,ENSCJAG00000005371
ENSMUSG00000113971,ENSCJAG00000074080
ENSMUSG00000096619,ENSCJAG00000005371
ENSMUSG00000096619,ENSCJAG00000074080
ENSMUSG00000096276,ENSCJAG00000013747
ENSMUSG00000039081,ENSCJAG00000064189
ENSMUSG00000024211,ENSCJAG00000017585
ENSMUSG00000074628,ENSCJAG00000001264
ENSMUSG00000026604,ENSCJAG00000015389
ENSMUSG00000027247,ENSCJAG00000019849
ENSMUSG00000024293,ENSCJAG00000020517
ENSMUSG00000093536,ENSCJAG00000040464
ENSMUSG00002076340,ENSCJAG00000027898
ENSMUSG00000022568,ENSCJAG00000021467
ENSMUSG00000015501,ENSCJAG00000019190
ENSMUSG00000022838,ENSCJAG00000008358
ENSMUSG00000008206,ENSCJAG00000010661
ENSMUSG00000063458,ENSCJAG00000001111
ENSMUSG00000039182,ENSCJAG00000007729
ENSMUSG00000076067,ENSCJAG00000030817
ENSMUSG00000033720,ENSCJAG00000003886
ENSMUSG00000025077,ENSCJAG00000019207
ENSMUSG00000064655,ENSCJAG00000026487
ENSMUSG00000065778,ENSCJAG00000026487
ENSMUSG00000055254,ENSCJAG00000003897
ENSMUSG00000029125,ENSCJAG00000000139
ENSMUSG00000096049,ENSCJAG00000005371
ENSMUSG00000096049,ENSCJAG00000074080
ENSMUSG00000096803,ENSCJAG00000005371
ENSMUSG00000096803,ENSCJAG00000074080
ENSMUSG00000095717,ENSCJAG00000005371
ENSMUSG00000095717,ENSCJAG00000074080
ENSMUSG00000114075,ENSCJAG00000005371
ENSMUSG00000114075,ENSCJAG00000074080
ENSMUSG00000046913,ENSCJAG00000078501
ENSMUSG00000095799,ENSCJAG00000005371
ENSMUSG00000095799,ENSCJAG00000074080
ENSMUSG00000079029,ENSCJAG00000005371
ENSMUSG00000079029,ENSCJAG00000074080
ENSMUSG00000093847,ENSCJAG00000005371
ENSMUSG00000093847,ENSCJAG00000074080
ENSMUSG00000021044,ENSCJAG00000017038
ENSMUSG00000045659,ENSCJAG00000009589
ENSMUSG00000028519,ENSCJAG00000015941
ENSMUSG00000119251,ENSCJAG00000075700
ENSMUSG00000119251,ENSCJAG00000074783
ENSMUSG00000119251,ENSCJAG00000085168
ENSMUSG00000030102,ENSCJAG00000015544
ENSMUSG00000039116,ENSCJAG00000019158
ENSMUSG00000042268,ENSCJAG00000011074
ENSMUSG00000022837,ENSCJAG00000008369
ENSMUSG00000044477,ENSCJAG00000005670
ENSMUSG00000018820,ENSCJAG00000016783
ENSMUSG00000060470,ENSCJAG00000011884
ENSMUSG00000062202,ENSCJAG00000005701
ENSMUSG00000026603,ENSCJAG00000015441
ENSMUSG00000032473,ENSCJAG00000002453
ENSMUSG00000022174,ENSCJAG00000074739
ENSMUSG00000036655,ENSCJAG00000016457
ENSMUSG00000002477,ENSCJAG00000063007
ENSMUSG00000085795,ENSCJAG00000002785
ENSMUSG00000021936,ENSCJAG00000013551
ENSMUSG00000034243,ENSCJAG00000008408
ENSMUSG00000019868,ENSCJAG00000019131
ENSMUSG00000031428,ENSCJAG00000008252
ENSMUSG00000031428,ENSCJAG00000039059
ENSMUSG00000006445,ENSCJAG00000008362
ENSMUSG00000002475,ENSCJAG00000020529
ENSMUSG00000022322,ENSCJAG00000018944
ENSMUSG00000045967,ENSCJAG00000007574
ENSMUSG00000035062,ENSCJAG00000017813
ENSMUSG00000042532,ENSCJAG00000087255
ENSMUSG00000061477,ENSCJAG00000016462
ENSMUSG00000061477,ENSCJAG00000086839
ENSMUSG00000061477,ENSCJAG00000087191
ENSMUSG00000084421,ENSCJAG00000027483
ENSMUSG00000088668,ENSCJAG00000084673
ENSMUSG00000119744,ENSCJAG00000072243
ENSMUSG00000119744,ENSCJAG00000081550
ENSMUSG00000119744,ENSCJAG00000085069
ENSMUSG00000096468,ENSCJAG00000001658
ENSMUSG00000096468,ENSCJAG00000047041
ENSMUSG00000064658,ENSCJAG00000074823
ENSMUSG00000064658,ENSCJAG00000072965
ENSMUSG00000064658,ENSCJAG00000082692
ENSMUSG00000053747,ENSCJAG00000080134
ENSMUSG00000094714,ENSCJAG00000001658
ENSMUSG00000094714,ENSCJAG00000047041
ENSMUSG00000039987,ENSCJAG00000006202
ENSMUSG00000018822,ENSCJAG00000016808
ENSMUSG00000071662,ENSCJAG00000017291
ENSMUSG00000071662,ENSCJAG00000018688
ENSMUSG00000044244,ENSCJAG00000002455
ENSMUSG00000006218,ENSCJAG00000008417
ENSMUSG00000020630,ENSCJAG00000035450
ENSMUSG00000019865,ENSCJAG00000019122
ENSMUSG00000005732,ENSCJAG00000010749
ENSMUSG00000033770,ENSCJAG00000008426
ENSMUSG00000033770,ENSCJAG00000081309
ENSMUSG00000026786,ENSCJAG00000079345
ENSMUSG00000026786,ENSCJAG00000007458
ENSMUSG00000031786,ENSCJAG00000011862
ENSMUSG00000071661,ENSCJAG00000018693
ENSMUSG00000032096,ENSCJAG00000013436
ENSMUSG00000071660,ENSCJAG00000018703
ENSMUSG00000020629,ENSCJAG00000007906
ENSMUSG00000013275,ENSCJAG00000011015
ENSMUSG00000031438,ENSCJAG00000008099
ENSMUSG00000071659,ENSCJAG00000018709
ENSMUSG00000020628,ENSCJAG00000007867
ENSMUSG00000080364,ENSCJAG00000028848
ENSMUSG00000022721,ENSCJAG00000010758
ENSMUSG00000093064,ENSCJAG00000047765
ENSMUSG00000026433,ENSCJAG00000080938
ENSMUSG00000024294,ENSCJAG00000020532
ENSMUSG00000036022,ENSCJAG00000004313
ENSMUSG00000027244,ENSCJAG00000019823
ENSMUSG00002076853,ENSCJAG00000073549
ENSMUSG00000071658,ENSCJAG00000069907
ENSMUSG00000119639,ENSCJAG00000084590
ENSMUSG00000119639,ENSCJAG00000036128
ENSMUSG00000039910,ENSCJAG00000063751
ENSMUSG00000039910,ENSCJAG00000045756
ENSMUSG00000023073,ENSCJAG00000020061
ENSMUSG00000071657,ENSCJAG00000018730
ENSMUSG00000045435,ENSCJAG00000006198
ENSMUSG00000039891,ENSCJAG00000019115
ENSMUSG00000089162,ENSCJAG00000041601
ENSMUSG00000039968,ENSCJAG00000006177
ENSMUSG00000026434,ENSCJAG00000087201
ENSMUSG00000025648,ENSCJAG00000002921
ENSMUSG00000049537,ENSCJAG00000053305
ENSMUSG00000031787,ENSCJAG00000011825
ENSMUSG00000018507,ENSCJAG00000011970
ENSMUSG00000006216,ENSCJAG00000008426
ENSMUSG00000006216,ENSCJAG00000081309
ENSMUSG00000038079,ENSCJAG00000004720
ENSMUSG00000039879,ENSCJAG00000044502
ENSMUSG00000084731,ENSCJAG00000076059
ENSMUSG00000084731,ENSCJAG00000056005
ENSMUSG00000037936,ENSCJAG00000011642
ENSMUSG00000078453,ENSCJAG00000085952
ENSMUSG00000089222,ENSCJAG00000034379
ENSMUSG00000024026,ENSCJAG00000041239
ENSMUSG00000019854,ENSCJAG00000019093
ENSMUSG00000036013,ENSCJAG00000004360
ENSMUSG00000036613,ENSCJAG00000007858
ENSMUSG00000027599,ENSCJAG00000009253
ENSMUSG00000065734,ENSCJAG00000065222
ENSMUSG00000077457,ENSCJAG00000070707
ENSMUSG00000020374,ENSCJAG00000010277
ENSMUSG00000001995,ENSCJAG00000018281
ENSMUSG00000065399,ENSCJAG00000029861
ENSMUSG00000005836,ENSCJAG00000020543
ENSMUSG00000028149,ENSCJAG00000007058
ENSMUSG00000023074,ENSCJAG00000045299
ENSMUSG00000021190,ENSCJAG00000018162
ENSMUSG00000045215,ENSCJAG00000020922
ENSMUSG00000108841,ENSCJAG00000013608
ENSMUSG00000006221,ENSCJAG00000087159
ENSMUSG00000070637,ENSCJAG00000082259
ENSMUSG00000071656,ENSCJAG00000047970
ENSMUSG00000040997,ENSCJAG00000008681
ENSMUSG00000006215,ENSCJAG00000008499
ENSMUSG00000071655,ENSCJAG00000018751
ENSMUSG00000024359,ENSCJAG00000006643
ENSMUSG00000033826,ENSCJAG00000005738
ENSMUSG00000021192,ENSCJAG00000018184
ENSMUSG00000060090,ENSCJAG00000038917
ENSMUSG00000027243,ENSCJAG00000046232
ENSMUSG00000071654,ENSCJAG00000082326
ENSMUSG00000046417,ENSCJAG00000011947
ENSMUSG00000028771,ENSCJAG00000006056
ENSMUSG00000002524,ENSCJAG00000021485
ENSMUSG00000027639,ENSCJAG00000001230
ENSMUSG00000070167,ENSCJAG00000027070
ENSMUSG00000071652,ENSCJAG00000018821
ENSMUSG00000026700,ENSCJAG00000048673
ENSMUSG00000021318,ENSCJAG00000007690
ENSMUSG00000071650,ENSCJAG00000018826
ENSMUSG00000020376,ENSCJAG00000010215
ENSMUSG00000089872,ENSCJAG00000015526
ENSMUSG00000091896,ENSCJAG00000063692
ENSMUSG00000032475,ENSCJAG00000002476
ENSMUSG00000040761,ENSCJAG00000008527
ENSMUSG00000021194,ENSCJAG00000018227
ENSMUSG00000021940,ENSCJAG00000013632
ENSMUSG00000087813,ENSCJAG00000047299
ENSMUSG00000070287,ENSCJAG00000002492
ENSMUSG00000057963,ENSCJAG00000018249
ENSMUSG00000002031,ENSCJAG00000013411
ENSMUSG00000029480,ENSCJAG00000021400
ENSMUSG00000034947,ENSCJAG00000012857
ENSMUSG00000023070,ENSCJAG00000012065
ENSMUSG00000051343,ENSCJAG00000003950
ENSMUSG00000050930,ENSCJAG00000018278
ENSMUSG00000031483,ENSCJAG00000002768
ENSMUSG00000066755,ENSCJAG00000042588
ENSMUSG00000049173,ENSCJAG00000020967
ENSMUSG00000064398,ENSCJAG00000026474
ENSMUSG00000021943,ENSCJAG00000013653
ENSMUSG00000025889,ENSCJAG00000006670
ENSMUSG00000031059,ENSCJAG00000012090
ENSMUSG00000041324,ENSCJAG00000007682
ENSMUSG00002076072,ENSCJAG00000082502
ENSMUSG00000072625,ENSCJAG00000013659
ENSMUSG00000043079,ENSCJAG00000020973
ENSMUSG00000000817,ENSCJAG00000063408
ENSMUSG00000031060,ENSCJAG00000012101
ENSMUSG00000057637,ENSCJAG00000013782
ENSMUSG00000041534,ENSCJAG00000013661
ENSMUSG00000075590,ENSCJAG00000021482
ENSMUSG00000096458,ENSCJAG00000044449
ENSMUSG00000000959,ENSCJAG00000041286
ENSMUSG00000000959,ENSCJAG00000008664
ENSMUSG00000068302,ENSCJAG00000043188
ENSMUSG00000055137,ENSCJAG00000007656
ENSMUSG00000022718,ENSCJAG00000010780
ENSMUSG00000056476,ENSCJAG00000001110
ENSMUSG00000028583,ENSCJAG00000013772
ENSMUSG00000046675,ENSCJAG00000078046
ENSMUSG00000026634,ENSCJAG00000015618
ENSMUSG00000054641,ENSCJAG00000006712
ENSMUSG00000091931,ENSCJAG00000038916
ENSMUSG00000071392,ENSCJAG00000019079
ENSMUSG00000041712,ENSCJAG00000018283
ENSMUSG00000037905,ENSCJAG00000021398
ENSMUSG00000085486,ENSCJAG00000044957
ENSMUSG00000118859,ENSCJAG00000083877
ENSMUSG00000010362,ENSCJAG00000015031
ENSMUSG00000012429,ENSCJAG00000007653
ENSMUSG00000041297,ENSCJAG00000007641
ENSMUSG00000029482,ENSCJAG00000021394
ENSMUSG00000028584,ENSCJAG00000013769
ENSMUSG00000000958,ENSCJAG00000008592
ENSMUSG00000041702,ENSCJAG00000018265
ENSMUSG00000030103,ENSCJAG00000062049
ENSMUSG00000078503,ENSCJAG00000036389
ENSMUSG00000059554,ENSCJAG00000019065
ENSMUSG00000034936,ENSCJAG00000010785
ENSMUSG00000024608,ENSCJAG00000022758
ENSMUSG00000058186,ENSCJAG00000036389
ENSMUSG00000033706,ENSCJAG00000003966
ENSMUSG00000047821,ENSCJAG00000044463
ENSMUSG00000080452,ENSCJAG00000029741
ENSMUSG00000093246,ENSCJAG00000036918
ENSMUSG00000013539,ENSCJAG00000010829
ENSMUSG00000002032,ENSCJAG00000013374
ENSMUSG00000066009,ENSCJAG00000036389
ENSMUSG00000039835,ENSCJAG00000019042
ENSMUSG00000021223,ENSCJAG00000014352
ENSMUSG00000001300,ENSCJAG00000014704
ENSMUSG00000034931,ENSCJAG00000010659
ENSMUSG00000034931,ENSCJAG00000034437
ENSMUSG00000024610,ENSCJAG00000038854
ENSMUSG00000070605,ENSCJAG00000036389
ENSMUSG00000040297,ENSCJAG00000009416
ENSMUSG00000030008,ENSCJAG00000003970
ENSMUSG00000056300,ENSCJAG00000036389
ENSMUSG00000070498,ENSCJAG00000004381
ENSMUSG00000071649,ENSCJAG00000018860
ENSMUSG00000022565,ENSCJAG00000021472
ENSMUSG00000063245,ENSCJAG00000036389
ENSMUSG00000118773,ENSCJAG00000072344
ENSMUSG00000029245,ENSCJAG00000020565
ENSMUSG00000041236,ENSCJAG00000012686
ENSMUSG00000040459,ENSCJAG00000048586
ENSMUSG00000071647,ENSCJAG00000018884
ENSMUSG00000078498,ENSCJAG00000036389
ENSMUSG00000030105,ENSCJAG00000046554
ENSMUSG00000044624,ENSCJAG00000078235
ENSMUSG00000044624,ENSCJAG00000071689
ENSMUSG00000044624,ENSCJAG00000076576
ENSMUSG00000044624,ENSCJAG00000084010
ENSMUSG00000044624,ENSCJAG00000070665
ENSMUSG00000044624,ENSCJAG00000075712
ENSMUSG00000044624,ENSCJAG00000078947
ENSMUSG00000044624,ENSCJAG00000077015
ENSMUSG00000044624,ENSCJAG00000083764
ENSMUSG00000044624,ENSCJAG00000082871
ENSMUSG00000044624,ENSCJAG00000070049
ENSMUSG00000078497,ENSCJAG00000036389
ENSMUSG00000019851,ENSCJAG00000045509
ENSMUSG00000031851,ENSCJAG00000018274
ENSMUSG00000025647,ENSCJAG00000002915
ENSMUSG00000019850,ENSCJAG00000019019
ENSMUSG00000024613,ENSCJAG00000020993
ENSMUSG00000065999,ENSCJAG00000036389
ENSMUSG00000026784,ENSCJAG00000004695
ENSMUSG00000065464,ENSCJAG00000027530
ENSMUSG00000000326,ENSCJAG00000014538
ENSMUSG00000010406,ENSCJAG00000035615
ENSMUSG00000066000,ENSCJAG00000036389
ENSMUSG00000090173,ENSCJAG00000004384
ENSMUSG00000079157,ENSCJAG00000014696
ENSMUSG00000028648,ENSCJAG00000058916
ENSMUSG00000028648,ENSCJAG00000045917
ENSMUSG00000039578,ENSCJAG00000006723
ENSMUSG00000071531,ENSCJAG00000045811
ENSMUSG00002074996,ENSCJAG00000082502
ENSMUSG00000040105,ENSCJAG00000063898
ENSMUSG00000060212,ENSCJAG00000018267
ENSMUSG00002074918,ENSCJAG00000028650
ENSMUSG00000024780,ENSCJAG00000011155
ENSMUSG00000090125,ENSCJAG00000048677
ENSMUSG00000028907,ENSCJAG00000002244
ENSMUSG00000000957,ENSCJAG00000008538
ENSMUSG00000037568,ENSCJAG00000042796
ENSMUSG00000021314,ENSCJAG00000012658
ENSMUSG00000032643,ENSCJAG00000002239
ENSMUSG00000075704,ENSCJAG00000014546
ENSMUSG00000045591,ENSCJAG00000019011
ENSMUSG00000027641,ENSCJAG00000001178
ENSMUSG00000020009,ENSCJAG00000069510
ENSMUSG00000028902,ENSCJAG00000002176
ENSMUSG00000086277,ENSCJAG00000009537
ENSMUSG00000021224,ENSCJAG00000014264
ENSMUSG00000088721,ENSCJAG00000034678
ENSMUSG00000030104,ENSCJAG00000015856
ENSMUSG00000014177,ENSCJAG00000031526
ENSMUSG00000041479,ENSCJAG00000011770
ENSMUSG00000026698,ENSCJAG00000056899
ENSMUSG00000001924,ENSCJAG00000020499
ENSMUSG00000027849,ENSCJAG00000012333
ENSMUSG00000066595,ENSCJAG00000015690
ENSMUSG00000042200,ENSCJAG00000035268
ENSMUSG00000090862,ENSCJAG00000009564
ENSMUSG00000042189,ENSCJAG00000004463
ENSMUSG00000071424,ENSCJAG00000006737
ENSMUSG00000057072,ENSCJAG00000015706
ENSMUSG00000039760,ENSCJAG00000018991
ENSMUSG00000028894,ENSCJAG00000002125
ENSMUSG00000052957,ENSCJAG00000062210
ENSMUSG00000079550,ENSCJAG00000004750
ENSMUSG00000017724,ENSCJAG00000010626
ENSMUSG00000031853,ENSCJAG00000018228
ENSMUSG00000041471,ENSCJAG00000011757
ENSMUSG00000020007,ENSCJAG00000018982
ENSMUSG00000031485,ENSCJAG00000002756
ENSMUSG00000071573,ENSCJAG00000045289
ENSMUSG00000064741,ENSCJAG00000023510
ENSMUSG00000064775,ENSCJAG00000075001
ENSMUSG00000073043,ENSCJAG00000022028
ENSMUSG00000050473,ENSCJAG00000008524
ENSMUSG00000021456,ENSCJAG00000021334
ENSMUSG00000030849,ENSCJAG00000001438
ENSMUSG00000030213,ENSCJAG00000021620
ENSMUSG00000020003,ENSCJAG00000008514
ENSMUSG00000036908,ENSCJAG00000045026
ENSMUSG00000064555,ENSCJAG00000075069
ENSMUSG00000034324,ENSCJAG00000003634
ENSMUSG00000021794,ENSCJAG00000011633
ENSMUSG00000039438,ENSCJAG00000013365
ENSMUSG00000027104,ENSCJAG00000008085
ENSMUSG00000069805,ENSCJAG00000041493
ENSMUSG00000029253,ENSCJAG00000019497
ENSMUSG00000025646,ENSCJAG00000002874
ENSMUSG00000043681,ENSCJAG00000011628
ENSMUSG00000050075,ENSCJAG00000059282
ENSMUSG00000021461,ENSCJAG00000021324
ENSMUSG00000023064,ENSCJAG00000065128
ENSMUSG00000087119,ENSCJAG00000007676
ENSMUSG00000047940,ENSCJAG00000007049
ENSMUSG00000039934,ENSCJAG00000006020
ENSMUSG00000071369,ENSCJAG00000008383
ENSMUSG00000041445,ENSCJAG00000011588
ENSMUSG00000031065,ENSCJAG00000012261
ENSMUSG00000036412,ENSCJAG00000047946
ENSMUSG00000024782,ENSCJAG00000011188
ENSMUSG00000036097,ENSCJAG00000017425
ENSMUSG00000024617,ENSCJAG00000021031
ENSMUSG00000030007,ENSCJAG00000003978
ENSMUSG00000028890,ENSCJAG00000002097
ENSMUSG00000021796,ENSCJAG00000011555
ENSMUSG00000036381,ENSCJAG00000068278
ENSMUSG00000091537,ENSCJAG00000070908
ENSMUSG00000020829,ENSCJAG00000012677
ENSMUSG00000025645,ENSCJAG00000070203
ENSMUSG00000065159,ENSCJAG00000070305
ENSMUSG00000078570,ENSCJAG00000071251
ENSMUSG00000025207,ENSCJAG00000070347
ENSMUSG00000051431,ENSCJAG00000001138
ENSMUSG00000002028,ENSCJAG00000013288
ENSMUSG00000033998,ENSCJAG00000048323
ENSMUSG00000001493,ENSCJAG00000073036
ENSMUSG00000036362,ENSCJAG00000057044
ENSMUSG00000018217,ENSCJAG00000004481
ENSMUSG00000057060,ENSCJAG00000018207
ENSMUSG00000047674,ENSCJAG00000022029
ENSMUSG00000046791,ENSCJAG00000042587
ENSMUSG00000090843,ENSCJAG00000009908
ENSMUSG00000036353,ENSCJAG00000068143
ENSMUSG00000028889,ENSCJAG00000002078
ENSMUSG00000021798,ENSCJAG00000011521
ENSMUSG00000051671,ENSCJAG00000018183
ENSMUSG00000052392,ENSCJAG00000009911
ENSMUSG00000027601,ENSCJAG00000009268
ENSMUSG00000056019,ENSCJAG00000046073
ENSMUSG00000042763,ENSCJAG00000002066
ENSMUSG00000031066,ENSCJAG00000012294
ENSMUSG00000028876,ENSCJAG00000002019
ENSMUSG00000070407,ENSCJAG00000043789
ENSMUSG00000090290,ENSCJAG00000018155
ENSMUSG00000056755,ENSCJAG00000015891
ENSMUSG00000050132,ENSCJAG00000012608
ENSMUSG00000028873,ENSCJAG00000002008
ENSMUSG00000043487,ENSCJAG00000037095
ENSMUSG00000019996,ENSCJAG00000008294
ENSMUSG00000042523,ENSCJAG00000009922
ENSMUSG00000030214,ENSCJAG00000021618
ENSMUSG00000025208,ENSCJAG00000062174
ENSMUSG00000025208,ENSCJAG00000017480
ENSMUSG00000051495,ENSCJAG00000018139
ENSMUSG00000031486,ENSCJAG00000002733
ENSMUSG00000025209,ENSCJAG00000078679
ENSMUSG00000025209,ENSCJAG00000017487
ENSMUSG00000028060,ENSCJAG00000007881
ENSMUSG00000042148,ENSCJAG00000041859
ENSMUSG00000035342,ENSCJAG00000041968
ENSMUSG00000024030,ENSCJAG00000033076
ENSMUSG00000037315,ENSCJAG00000012041
ENSMUSG00000057604,ENSCJAG00000015896
ENSMUSG00000026632,ENSCJAG00000015712
ENSMUSG00000003518,ENSCJAG00000068151
ENSMUSG00000052026,ENSCJAG00000021053
ENSMUSG00000054383,ENSCJAG00000042056
ENSMUSG00000020948,ENSCJAG00000016063
ENSMUSG00000047013,ENSCJAG00000004115
ENSMUSG00000044730,ENSCJAG00000062886
ENSMUSG00000020590,ENSCJAG00000001040
ENSMUSG00000074818,ENSCJAG00000017518
ENSMUSG00000037286,ENSCJAG00000002501
ENSMUSG00000073551,ENSCJAG00000044950
ENSMUSG00000031130,ENSCJAG00000003727
ENSMUSG00000067873,ENSCJAG00000003676
ENSMUSG00000071847,ENSCJAG00000076724
ENSMUSG00000017344,ENSCJAG00000012655
ENSMUSG00000024029,ENSCJAG00000077292
ENSMUSG00000028869,ENSCJAG00000077652
ENSMUSG00000028869,ENSCJAG00000001998
ENSMUSG00000024028,ENSCJAG00000007364
ENSMUSG00000024581,ENSCJAG00000004590
ENSMUSG00000024032,ENSCJAG00000007371
ENSMUSG00000029254,ENSCJAG00000044149
ENSMUSG00000093904,ENSCJAG00000047923
ENSMUSG00000047759,ENSCJAG00000044142
ENSMUSG00000024034,ENSCJAG00000007372
ENSMUSG00000071341,ENSCJAG00000052100
ENSMUSG00000010841,ENSCJAG00000010586
ENSMUSG00000065637,ENSCJAG00000030194
ENSMUSG00000065637,ENSCJAG00000027140
ENSMUSG00000031788,ENSCJAG00000011810
ENSMUSG00000034387,ENSCJAG00000082032
ENSMUSG00000037608,ENSCJAG00000008200
ENSMUSG00000042707,ENSCJAG00000057297
ENSMUSG00000025212,ENSCJAG00000017527
ENSMUSG00000036334,ENSCJAG00000001101
ENSMUSG00000001103,ENSCJAG00000044307
ENSMUSG00000050213,ENSCJAG00000001963
ENSMUSG00000051232,ENSCJAG00000034523
ENSMUSG00000118669,ENSCJAG00000014479
ENSMUSG00000028863,ENSCJAG00000001927
ENSMUSG00000021280,ENSCJAG00000017071
ENSMUSG00000029416,ENSCJAG00000003622
ENSMUSG00000022797,ENSCJAG00000020043
ENSMUSG00000031131,ENSCJAG00000003722
ENSMUSG00000062694,ENSCJAG00000061163
ENSMUSG00000040265,ENSCJAG00000009550
ENSMUSG00000049112,ENSCJAG00000015914
ENSMUSG00000065599,ENSCJAG00000030231
ENSMUSG00000105904,ENSCJAG00000037936
ENSMUSG00000119802,ENSCJAG00000086470
ENSMUSG00000028057,ENSCJAG00000061243
ENSMUSG00000025377,ENSCJAG00000000052
ENSMUSG00000021466,ENSCJAG00000021318
ENSMUSG00000029920,ENSCJAG00000006778
ENSMUSG00000042677,ENSCJAG00000056482
ENSMUSG00000031132,ENSCJAG00000003696
ENSMUSG00000064280,ENSCJAG00000005976
ENSMUSG00000001985,ENSCJAG00000001873
ENSMUSG00000025213,ENSCJAG00000017554
ENSMUSG00000031134,ENSCJAG00000040528
ENSMUSG00000031134,ENSCJAG00000072766
ENSMUSG00000025880,ENSCJAG00000039611
ENSMUSG00000042345,ENSCJAG00000007403
ENSMUSG00000028859,ENSCJAG00000001860
ENSMUSG00000118672,ENSCJAG00000016442
ENSMUSG00000071648,ENSCJAG00000044995
ENSMUSG00000067279,ENSCJAG00000075367
ENSMUSG00000035638,ENSCJAG00000016448
ENSMUSG00000025203,ENSCJAG00000045682
ENSMUSG00000025203,ENSCJAG00000062698
ENSMUSG00000068923,ENSCJAG00000043885
ENSMUSG00000021281,ENSCJAG00000017086
ENSMUSG00000039899,ENSCJAG00000068096
ENSMUSG00000047221,ENSCJAG00000021233
ENSMUSG00000050195,ENSCJAG00000045682
ENSMUSG00000050195,ENSCJAG00000062698
ENSMUSG00000022800,ENSCJAG00000016488
ENSMUSG00000059921,ENSCJAG00000006998
ENSMUSG00000033632,ENSCJAG00000021130
ENSMUSG00000078572,ENSCJAG00000055989
ENSMUSG00000049971,ENSCJAG00000003602
ENSMUSG00000036961,ENSCJAG00000046770
ENSMUSG00000001100,ENSCJAG00000012566
ENSMUSG00000051984,ENSCJAG00000017347
ENSMUSG00000024033,ENSCJAG00000005333
ENSMUSG00000028861,ENSCJAG00000001852
ENSMUSG00000034310,ENSCJAG00000003601
ENSMUSG00000042638,ENSCJAG00000021614
ENSMUSG00000054477,ENSCJAG00000016659
ENSMUSG00000042616,ENSCJAG00000001826
ENSMUSG00000021282,ENSCJAG00000017104
ENSMUSG00000021282,ENSCJAG00000055685
ENSMUSG00000063430,ENSCJAG00000015311
ENSMUSG00000017615,ENSCJAG00000043671
ENSMUSG00000035898,ENSCJAG00000009707
ENSMUSG00000032846,ENSCJAG00000015391
ENSMUSG00000071180,ENSCJAG00000015387
ENSMUSG00000050188,ENSCJAG00000044880
ENSMUSG00000062510,ENSCJAG00000015718
ENSMUSG00000019647,ENSCJAG00000072188
ENSMUSG00000019647,ENSCJAG00000016830
ENSMUSG00000042608,ENSCJAG00000001818
ENSMUSG00000025204,ENSCJAG00000037906
ENSMUSG00000024036,ENSCJAG00000005291
ENSMUSG00000039109,ENSCJAG00000021366
ENSMUSG00000069094,ENSCJAG00000009305
ENSMUSG00000069094,ENSCJAG00000051686
ENSMUSG00000018770,ENSCJAG00000077143
ENSMUSG00000070126,ENSCJAG00000042250
ENSMUSG00000065516,ENSCJAG00000030390
ENSMUSG00000059003,ENSCJAG00000017164
ENSMUSG00000026630,ENSCJAG00000077626
ENSMUSG00000019992,ENSCJAG00000008189
ENSMUSG00000052373,ENSCJAG00000010482
ENSMUSG00000063810,ENSCJAG00000004144
ENSMUSG00000053646,ENSCJAG00000002762
ENSMUSG00000065110,ENSCJAG00000044756
ENSMUSG00000026628,ENSCJAG00000047183
ENSMUSG00000036450,ENSCJAG00000041066
ENSMUSG00000019990,ENSCJAG00000008164
ENSMUSG00000027642,ENSCJAG00000021517
ENSMUSG00000036357,ENSCJAG00000022249
ENSMUSG00000026024,ENSCJAG00000004769
ENSMUSG00000024732,ENSCJAG00000016483
ENSMUSG00000052446,ENSCJAG00000005481
ENSMUSG00000052446,ENSCJAG00000040772
ENSMUSG00000052446,ENSCJAG00000039839
ENSMUSG00000052446,ENSCJAG00000070557
ENSMUSG00000052446,ENSCJAG00000040104
ENSMUSG00000052446,ENSCJAG00000065136
ENSMUSG00000052446,ENSCJAG00000041226
ENSMUSG00000031133,ENSCJAG00000003630
ENSMUSG00000024731,ENSCJAG00000016478
ENSMUSG00000041408,ENSCJAG00000003491
ENSMUSG00000050212,ENSCJAG00000001807
ENSMUSG00000073758,ENSCJAG00000001796
ENSMUSG00000070225,ENSCJAG00000086941
ENSMUSG00000035578,ENSCJAG00000000786
ENSMUSG00000033931,ENSCJAG00000018125
ENSMUSG00000021622,ENSCJAG00000019489
ENSMUSG00000081683,ENSCJAG00000048092
ENSMUSG00000029255,ENSCJAG00000040295
ENSMUSG00000029919,ENSCJAG00000006866
ENSMUSG00000048520,ENSCJAG00000021213
ENSMUSG00000021708,ENSCJAG00000019512
ENSMUSG00000060636,ENSCJAG00000076104
ENSMUSG00000060636,ENSCJAG00000069891
ENSMUSG00000060636,ENSCJAG00000074245
ENSMUSG00000060636,ENSCJAG00000000785
ENSMUSG00000060636,ENSCJAG00000022564
ENSMUSG00000047237,ENSCJAG00000002742
ENSMUSG00000089694,ENSCJAG00000011364
ENSMUSG00000089694,ENSCJAG00000043277
ENSMUSG00000067571,ENSCJAG00000016453
ENSMUSG00000051262,ENSCJAG00000011364
ENSMUSG00000051262,ENSCJAG00000043277
ENSMUSG00000087839,ENSCJAG00000075219
ENSMUSG00000049625,ENSCJAG00000043900
ENSMUSG00000094584,ENSCJAG00000042523
ENSMUSG00000064493,ENSCJAG00000035119
ENSMUSG00000007411,ENSCJAG00000038489
ENSMUSG00000039057,ENSCJAG00000014617
ENSMUSG00000024730,ENSCJAG00000016432
ENSMUSG00000079495,ENSCJAG00000011364
ENSMUSG00000079495,ENSCJAG00000043277
ENSMUSG00000021508,ENSCJAG00000005888
ENSMUSG00000019986,ENSCJAG00000008068
ENSMUSG00000027845,ENSCJAG00000079501
ENSMUSG00000088149,ENSCJAG00000032010
ENSMUSG00000021509,ENSCJAG00000005904
ENSMUSG00000029917,ENSCJAG00000003105
ENSMUSG00000024729,ENSCJAG00000068743
ENSMUSG00000026694,ENSCJAG00000009633
ENSMUSG00000027643,ENSCJAG00000021515
ENSMUSG00000032527,ENSCJAG00000002613
ENSMUSG00000001105,ENSCJAG00000023418
ENSMUSG00000041119,ENSCJAG00000085834
ENSMUSG00000022802,ENSCJAG00000000772
ENSMUSG00000043962,ENSCJAG00000001754
ENSMUSG00000021538,ENSCJAG00000005916
ENSMUSG00000000037,ENSCJAG00000005875
ENSMUSG00000063019,ENSCJAG00000076632
ENSMUSG00000035509,ENSCJAG00000041175
ENSMUSG00000009207,ENSCJAG00000008226
ENSMUSG00002076382,ENSCJAG00000074667
ENSMUSG00000041078,ENSCJAG00000020533
ENSMUSG00000052430,ENSCJAG00000006930
ENSMUSG00000021539,ENSCJAG00000043329
ENSMUSG00000037499,ENSCJAG00000070569
ENSMUSG00000065481,ENSCJAG00000027037
ENSMUSG00000039883,ENSCJAG00000021225
ENSMUSG00000057240,ENSCJAG00000016444
ENSMUSG00000057726,ENSCJAG00000042376
ENSMUSG00000036545,ENSCJAG00000018919
ENSMUSG00000026627,ENSCJAG00000015742
ENSMUSG00000028849,ENSCJAG00000001746
ENSMUSG00000040605,ENSCJAG00000011344
ENSMUSG00000047889,ENSCJAG00000047812
ENSMUSG00000047889,ENSCJAG00000010562
ENSMUSG00002074864,ENSCJAG00000070587
ENSMUSG00000058690,ENSCJAG00000002054
ENSMUSG00000061259,ENSCJAG00000009845
ENSMUSG00000026023,ENSCJAG00000004892
ENSMUSG00000101031,ENSCJAG00000037098
ENSMUSG00000024673,ENSCJAG00000038434
ENSMUSG00000069248,ENSCJAG00000047812
ENSMUSG00000069248,ENSCJAG00000010562
ENSMUSG00000049314,ENSCJAG00000002742
ENSMUSG00000052180,ENSCJAG00000047812
ENSMUSG00000052180,ENSCJAG00000010562
ENSMUSG00000065530,ENSCJAG00000028975
ENSMUSG00000065557,ENSCJAG00000026996
ENSMUSG00000054523,ENSCJAG00000016411
ENSMUSG00000062210,ENSCJAG00000017059
ENSMUSG00000001424,ENSCJAG00000017668
ENSMUSG00000019982,ENSCJAG00000007798
ENSMUSG00000078139,ENSCJAG00000082074
ENSMUSG00000063894,ENSCJAG00000018671
ENSMUSG00000099398,ENSCJAG00000060742
ENSMUSG00000038525,ENSCJAG00000021208
ENSMUSG00000024672,ENSCJAG00000038663
ENSMUSG00000066415,ENSCJAG00000040702
ENSMUSG00000044807,ENSCJAG00000086065
ENSMUSG00000061701,ENSCJAG00000002742
ENSMUSG00000024381,ENSCJAG00000010218
ENSMUSG00000024381,ENSCJAG00000002713
ENSMUSG00000017376,ENSCJAG00000012490
ENSMUSG00000032952,ENSCJAG00000012178
ENSMUSG00000026626,ENSCJAG00000015748
ENSMUSG00000043154,ENSCJAG00000002646
ENSMUSG00000036658,ENSCJAG00000046765
ENSMUSG00000038894,ENSCJAG00000042782
ENSMUSG00000072845,ENSCJAG00000009860
ENSMUSG00000001270,ENSCJAG00000012790
ENSMUSG00000044296,ENSCJAG00000018904
ENSMUSG00000119655,ENSCJAG00000031756
ENSMUSG00000001815,ENSCJAG00000077487
ENSMUSG00000064288,ENSCJAG00000075329
ENSMUSG00000019970,ENSCJAG00000002727
ENSMUSG00000044968,ENSCJAG00000021207
ENSMUSG00000001819,ENSCJAG00000040882
ENSMUSG00000058773,ENSCJAG00000043977
ENSMUSG00000101972,ENSCJAG00000072078
ENSMUSG00000049489,ENSCJAG00000011407
ENSMUSG00000049489,ENSCJAG00000013010
ENSMUSG00000000385,ENSCJAG00000011236
ENSMUSG00000026696,ENSCJAG00000040794
ENSMUSG00000001823,ENSCJAG00000079626
ENSMUSG00000072640,ENSCJAG00000012486
ENSMUSG00000069308,ENSCJAG00000070189
ENSMUSG00000040506,ENSCJAG00000002155
ENSMUSG00000076744,ENSCJAG00000075352
ENSMUSG00000025025,ENSCJAG00000040477
ENSMUSG00000060950,ENSCJAG00000017117
ENSMUSG00000000617,ENSCJAG00000018865
ENSMUSG00000108981,ENSCJAG00000080939
ENSMUSG00000108981,ENSCJAG00000080431
ENSMUSG00000108981,ENSCJAG00000087174
ENSMUSG00000108981,ENSCJAG00000078340
ENSMUSG00000108981,ENSCJAG00000084004
ENSMUSG00000108981,ENSCJAG00000076770
ENSMUSG00000108981,ENSCJAG00000082217
ENSMUSG00000108981,ENSCJAG00000070048
ENSMUSG00000108981,ENSCJAG00000066013
ENSMUSG00000108981,ENSCJAG00000073481
ENSMUSG00000108981,ENSCJAG00000084304
ENSMUSG00000108981,ENSCJAG00000079037
ENSMUSG00000108981,ENSCJAG00000070689
ENSMUSG00000108981,ENSCJAG00000079937
ENSMUSG00000108981,ENSCJAG00000074413
ENSMUSG00000108981,ENSCJAG00000084129
ENSMUSG00000108981,ENSCJAG00000083204
ENSMUSG00000108981,ENSCJAG00000085057
ENSMUSG00000108981,ENSCJAG00000070489
ENSMUSG00000108981,ENSCJAG00000071096
ENSMUSG00000108981,ENSCJAG00000085290
ENSMUSG00000108981,ENSCJAG00000085492
ENSMUSG00000108981,ENSCJAG00000075622
ENSMUSG00000108981,ENSCJAG00000072959
ENSMUSG00000108981,ENSCJAG00000073855
ENSMUSG00000108981,ENSCJAG00000077202
ENSMUSG00000108981,ENSCJAG00000064391
ENSMUSG00000108981,ENSCJAG00000078682
ENSMUSG00000108981,ENSCJAG00000066215
ENSMUSG00000108981,ENSCJAG00000075139
ENSMUSG00000108981,ENSCJAG00000084417
ENSMUSG00000108981,ENSCJAG00000086352
ENSMUSG00000108981,ENSCJAG00000070725
ENSMUSG00000108981,ENSCJAG00000075791
ENSMUSG00000108981,ENSCJAG00000082184
ENSMUSG00000108981,ENSCJAG00000081847
ENSMUSG00000108981,ENSCJAG00000077228
ENSMUSG00000108981,ENSCJAG00000086423
ENSMUSG00000108981,ENSCJAG00000065871
ENSMUSG00000108981,ENSCJAG00000053652
ENSMUSG00000108981,ENSCJAG00000076320
ENSMUSG00000108981,ENSCJAG00000077686
ENSMUSG00000108981,ENSCJAG00000077941
ENSMUSG00000108981,ENSCJAG00000078234
ENSMUSG00000108981,ENSCJAG00000083135
ENSMUSG00000108981,ENSCJAG00000078912
ENSMUSG00000108981,ENSCJAG00000074557
ENSMUSG00000108981,ENSCJAG00000078564
ENSMUSG00000108981,ENSCJAG00000073777
ENSMUSG00000108981,ENSCJAG00000075908
ENSMUSG00000108981,ENSCJAG00000083004
ENSMUSG00000108981,ENSCJAG00000060377
ENSMUSG00000108981,ENSCJAG00000077834
ENSMUSG00000108981,ENSCJAG00000086514
ENSMUSG00000108981,ENSCJAG00000074488
ENSMUSG00000108981,ENSCJAG00000079096
ENSMUSG00000108981,ENSCJAG00000073410
ENSMUSG00000108981,ENSCJAG00000064341
ENSMUSG00000108981,ENSCJAG00000074878
ENSMUSG00000108981,ENSCJAG00000066717
ENSMUSG00000108981,ENSCJAG00000066070
ENSMUSG00000108981,ENSCJAG00000081251
ENSMUSG00000108981,ENSCJAG00000071138
ENSMUSG00000108981,ENSCJAG00000076955
ENSMUSG00000118864,ENSCJAG00000026616
ENSMUSG00000118751,ENSCJAG00000026616
ENSMUSG00000119670,ENSCJAG00000026616
ENSMUSG00000044162,ENSCJAG00000003110
ENSMUSG00000119206,ENSCJAG00000026616
ENSMUSG00000005656,ENSCJAG00000044761
ENSMUSG00000105589,ENSCJAG00000002742
ENSMUSG00000043518,ENSCJAG00000003685
ENSMUSG00000028847,ENSCJAG00000001734
ENSMUSG00000017309,ENSCJAG00000010468
ENSMUSG00000048764,ENSCJAG00000009889
ENSMUSG00000039639,ENSCJAG00000081015
ENSMUSG00000056174,ENSCJAG00000046041
ENSMUSG00000017057,ENSCJAG00000040932
ENSMUSG00000022949,ENSCJAG00000075715
ENSMUSG00000003062,ENSCJAG00000040400
ENSMUSG00000042558,ENSCJAG00000001719
ENSMUSG00000022684,ENSCJAG00000015851
ENSMUSG00000021804,ENSCJAG00000015338
ENSMUSG00000029423,ENSCJAG00000010879
ENSMUSG00000043298,ENSCJAG00000040937
ENSMUSG00000049939,ENSCJAG00000045218
ENSMUSG00000049001,ENSCJAG00000003128
ENSMUSG00000119686,ENSCJAG00000072728
ENSMUSG00000062929,ENSCJAG00000041665
ENSMUSG00000054087,ENSCJAG00000002742
ENSMUSG00000028845,ENSCJAG00000001705
ENSMUSG00000065469,ENSCJAG00000028499
ENSMUSG00000030217,ENSCJAG00000059177
ENSMUSG00000036699,ENSCJAG00000008252
ENSMUSG00000036699,ENSCJAG00000039059
ENSMUSG00000041044,ENSCJAG00000015350
ENSMUSG00000059201,ENSCJAG00000017729
ENSMUSG00000043418,ENSCJAG00000056097
ENSMUSG00000044165,ENSCJAG00000012160
ENSMUSG00000021803,ENSCJAG00000084607
ENSMUSG00000022683,ENSCJAG00000015840
ENSMUSG00000030218,ENSCJAG00000048083
ENSMUSG00000073079,ENSCJAG00000006581
ENSMUSG00000026697,ENSCJAG00000071226
ENSMUSG00000027763,ENSCJAG00000040560
ENSMUSG00000016239,ENSCJAG00000005189
ENSMUSG00000099517,ENSCJAG00000077530
ENSMUSG00000028842,ENSCJAG00000031580
ENSMUSG00000030219,ENSCJAG00000021606
ENSMUSG00000022951,ENSCJAG00000002838
ENSMUSG00000096001,ENSCJAG00000068554
ENSMUSG00000096001,ENSCJAG00000042274
ENSMUSG00000069274,ENSCJAG00000086954
ENSMUSG00000052565,ENSCJAG00000041597
ENSMUSG00000069273,ENSCJAG00000083438
ENSMUSG00000041028,ENSCJAG00000083247
ENSMUSG00000041028,ENSCJAG00000085907
ENSMUSG00000041028,ENSCJAG00000079480
ENSMUSG00000058385,ENSCJAG00000083750
ENSMUSG00000037474,ENSCJAG00000015774
ENSMUSG00000030254,ENSCJAG00000040303
ENSMUSG00000039830,ENSCJAG00000040469
ENSMUSG00000047879,ENSCJAG00000020464
ENSMUSG00000090206,ENSCJAG00000011752
ENSMUSG00000065031,ENSCJAG00000078788
ENSMUSG00000000838,ENSCJAG00000003925
ENSMUSG00000047246,ENSCJAG00000078629
ENSMUSG00000022971,ENSCJAG00000000059
ENSMUSG00000025024,ENSCJAG00000018624
ENSMUSG00000051627,ENSCJAG00000041025
ENSMUSG00000095595,ENSCJAG00000069586
ENSMUSG00000069270,ENSCJAG00000081878
ENSMUSG00000119199,ENSCJAG00000074912
ENSMUSG00000032537,ENSCJAG00000002682
ENSMUSG00000048728,ENSCJAG00000018857
ENSMUSG00000041530,ENSCJAG00000032023
ENSMUSG00000037904,ENSCJAG00000009811
ENSMUSG00000036211,ENSCJAG00000047743
ENSMUSG00000024899,ENSCJAG00000005236
ENSMUSG00000041014,ENSCJAG00000043195
ENSMUSG00000037896,ENSCJAG00000009784
ENSMUSG00000005103,ENSCJAG00000011293
ENSMUSG00000058258,ENSCJAG00000008483
ENSMUSG00000119736,ENSCJAG00000070305
ENSMUSG00000064882,ENSCJAG00000077746
ENSMUSG00000064882,ENSCJAG00000076709
ENSMUSG00000046556,ENSCJAG00000077794
ENSMUSG00000037833,ENSCJAG00000003404
ENSMUSG00000024290,ENSCJAG00000020477
ENSMUSG00000013662,ENSCJAG00000005296
ENSMUSG00000021277,ENSCJAG00000009729
ENSMUSG00000017314,ENSCJAG00000010393
ENSMUSG00000031502,ENSCJAG00000014430
ENSMUSG00000021596,ENSCJAG00000010345
ENSMUSG00000037461,ENSCJAG00000015814
ENSMUSG00000037461,ENSCJAG00000082675
ENSMUSG00000070324,ENSCJAG00000002742
ENSMUSG00000037824,ENSCJAG00000075943
ENSMUSG00000029017,ENSCJAG00000021200
ENSMUSG00000029017,ENSCJAG00000022309
ENSMUSG00002075265,ENSCJAG00000070174
ENSMUSG00000074062,ENSCJAG00000002742
ENSMUSG00000021792,ENSCJAG00000003657
ENSMUSG00000042500,ENSCJAG00000001610
ENSMUSG00000074061,ENSCJAG00000002742
ENSMUSG00000022969,ENSCJAG00000071451
ENSMUSG00000021278,ENSCJAG00000003281
ENSMUSG00000020335,ENSCJAG00000018848
ENSMUSG00000035606,ENSCJAG00000002743
ENSMUSG00000021362,ENSCJAG00000043141
ENSMUSG00000021362,ENSCJAG00000073772
ENSMUSG00000021362,ENSCJAG00000076671
ENSMUSG00000020826,ENSCJAG00000012477
ENSMUSG00000038651,ENSCJAG00000005025
ENSMUSG00000021279,ENSCJAG00000003298
ENSMUSG00000074060,ENSCJAG00000002742
ENSMUSG00000119180,ENSCJAG00000084270
ENSMUSG00000065397,ENSCJAG00000024458
ENSMUSG00000022889,ENSCJAG00000013752
ENSMUSG00000046572,ENSCJAG00000022790
ENSMUSG00000029913,ENSCJAG00000003133
ENSMUSG00000042499,ENSCJAG00000048503
ENSMUSG00000021364,ENSCJAG00000045732
ENSMUSG00000042489,ENSCJAG00000001559
ENSMUSG00000054537,ENSCJAG00000009972
ENSMUSG00000026623,ENSCJAG00000015870
ENSMUSG00000050368,ENSCJAG00000008269
ENSMUSG00000027765,ENSCJAG00000046851
ENSMUSG00000043342,ENSCJAG00000046789
ENSMUSG00000062275,ENSCJAG00000002742
ENSMUSG00000027102,ENSCJAG00000008284
ENSMUSG00000051022,ENSCJAG00000012119
ENSMUSG00000027843,ENSCJAG00000012107
ENSMUSG00000079277,ENSCJAG00000063715
ENSMUSG00000053062,ENSCJAG00000013778
ENSMUSG00000091264,ENSCJAG00000047089
ENSMUSG00000021791,ENSCJAG00000080313
ENSMUSG00000094992,ENSCJAG00000002742
ENSMUSG00000034295,ENSCJAG00000021104
ENSMUSG00000029128,ENSCJAG00000012136
ENSMUSG00000021365,ENSCJAG00000005060
ENSMUSG00000027646,ENSCJAG00000021512
ENSMUSG00000013663,ENSCJAG00000040914
ENSMUSG00000021790,ENSCJAG00000003641
ENSMUSG00000074059,ENSCJAG00000002742
ENSMUSG00000022890,ENSCJAG00000013803
ENSMUSG00000069712,ENSCJAG00000014775
ENSMUSG00000073755,ENSCJAG00000044395
ENSMUSG00000053219,ENSCJAG00000021540
ENSMUSG00000031792,ENSCJAG00000011733
ENSMUSG00000064330,ENSCJAG00000044288
ENSMUSG00000119660,ENSCJAG00000080252
ENSMUSG00000026622,ENSCJAG00000015883
ENSMUSG00000028837,ENSCJAG00000038344
ENSMUSG00000037798,ENSCJAG00000003632
ENSMUSG00000049691,ENSCJAG00000044366
ENSMUSG00000096576,ENSCJAG00000013747
ENSMUSG00000059547,ENSCJAG00000002742
ENSMUSG00000017316,ENSCJAG00000086810
ENSMUSG00000035851,ENSCJAG00000009934
ENSMUSG00000021109,ENSCJAG00000019202
ENSMUSG00000029701,ENSCJAG00000017731
ENSMUSG00000031790,ENSCJAG00000011709
ENSMUSG00000008976,ENSCJAG00000045182
ENSMUSG00000044542,ENSCJAG00000012060
ENSMUSG00000042477,ENSCJAG00000001531
ENSMUSG00000032534,ENSCJAG00000002753
ENSMUSG00000014164,ENSCJAG00000006075
ENSMUSG00000036885,ENSCJAG00000001036
ENSMUSG00000050343,ENSCJAG00000012069
ENSMUSG00000072601,ENSCJAG00000009638
ENSMUSG00000045045,ENSCJAG00000001191
ENSMUSG00000061952,ENSCJAG00000012069
ENSMUSG00000037434,ENSCJAG00000015892
ENSMUSG00000024889,ENSCJAG00000001196
ENSMUSG00000017311,ENSCJAG00000010381
ENSMUSG00000022210,ENSCJAG00000007452
ENSMUSG00000040225,ENSCJAG00000009700
ENSMUSG00000087987,ENSCJAG00000081536
ENSMUSG00000050234,ENSCJAG00000001383
ENSMUSG00000031796,ENSCJAG00000011700
ENSMUSG00000077962,ENSCJAG00000028477
ENSMUSG00000042367,ENSCJAG00000001380
ENSMUSG00000050002,ENSCJAG00000042371
ENSMUSG00000046623,ENSCJAG00000023374
ENSMUSG00000078452,ENSCJAG00000021540
ENSMUSG00000060918,ENSCJAG00000012069
ENSMUSG00000044098,ENSCJAG00000012063
ENSMUSG00000042357,ENSCJAG00000001379
ENSMUSG00000024037,ENSCJAG00000015778
ENSMUSG00000048217,ENSCJAG00000010358
ENSMUSG00000028813,ENSCJAG00000001370
ENSMUSG00000022892,ENSCJAG00000013857
ENSMUSG00000028804,ENSCJAG00000001262
ENSMUSG00000005312,ENSCJAG00000003609
ENSMUSG00000037490,ENSCJAG00000038249
ENSMUSG00000020364,ENSCJAG00000012077
ENSMUSG00000031503,ENSCJAG00000014238
ENSMUSG00000079654,ENSCJAG00000041855
ENSMUSG00000003617,ENSCJAG00000001377
ENSMUSG00000071489,ENSCJAG00000007025
ENSMUSG00000071359,ENSCJAG00000002794
ENSMUSG00000020921,ENSCJAG00000010348
ENSMUSG00000071691,ENSCJAG00000001212
ENSMUSG00000037759,ENSCJAG00000007034
ENSMUSG00000030222,ENSCJAG00000021602
ENSMUSG00000022211,ENSCJAG00000007382
ENSMUSG00000061469,ENSCJAG00000065896
ENSMUSG00000020922,ENSCJAG00000048480
ENSMUSG00000104614,ENSCJAG00000002742
ENSMUSG00000045680,ENSCJAG00000058563
ENSMUSG00000048686,ENSCJAG00000084519
ENSMUSG00000061894,ENSCJAG00000001247
ENSMUSG00000101174,ENSCJAG00000008286
ENSMUSG00000045942,ENSCJAG00000065896
ENSMUSG00000006456,ENSCJAG00000073353
ENSMUSG00000050074,ENSCJAG00000002737
ENSMUSG00000019998,ENSCJAG00000002932
ENSMUSG00000001123,ENSCJAG00000070265
ENSMUSG00000029910,ENSCJAG00000003156
ENSMUSG00000034108,ENSCJAG00000001305
ENSMUSG00000067787,ENSCJAG00000048212
ENSMUSG00000035048,ENSCJAG00000074888
ENSMUSG00000024038,ENSCJAG00000015786
ENSMUSG00000021113,ENSCJAG00000019219
ENSMUSG00000042448,ENSCJAG00000008290
ENSMUSG00000027099,ENSCJAG00000039174
ENSMUSG00000032478,ENSCJAG00000002722
ENSMUSG00000028796,ENSCJAG00000001193
ENSMUSG00000031504,ENSCJAG00000075926
ENSMUSG00000020000,ENSCJAG00000002971
ENSMUSG00000030257,ENSCJAG00000015927
ENSMUSG00000063626,ENSCJAG00000002818
ENSMUSG00000006705,ENSCJAG00000040086
ENSMUSG00000021552,ENSCJAG00000003667
ENSMUSG00000020633,ENSCJAG00000083758
ENSMUSG00000042121,ENSCJAG00000015460
ENSMUSG00000062170,ENSCJAG00000049119
ENSMUSG00000067872,ENSCJAG00000001313
ENSMUSG00000118807,ENSCJAG00000084533
ENSMUSG00000042050,ENSCJAG00000014109
ENSMUSG00000083282,ENSCJAG00000001318
ENSMUSG00000084417,ENSCJAG00000035271
ENSMUSG00000084417,ENSCJAG00000044890
ENSMUSG00000019997,ENSCJAG00000046248
ENSMUSG00000027200,ENSCJAG00000001936
ENSMUSG00000061306,ENSCJAG00000078733
ENSMUSG00000038357,ENSCJAG00000082484
ENSMUSG00000037370,ENSCJAG00000003010
ENSMUSG00000021319,ENSCJAG00000069938
ENSMUSG00000071748,ENSCJAG00000042227
ENSMUSG00000032477,ENSCJAG00000002673
ENSMUSG00000021171,ENSCJAG00000014123
ENSMUSG00000065689,ENSCJAG00000077627
ENSMUSG00000031189,ENSCJAG00000000061
ENSMUSG00000006457,ENSCJAG00000001334
ENSMUSG00000024485,ENSCJAG00000016762
ENSMUSG00000035847,ENSCJAG00000000073
ENSMUSG00000006463,ENSCJAG00000001369
ENSMUSG00000039661,ENSCJAG00000007554
ENSMUSG00000028794,ENSCJAG00000001190
ENSMUSG00000030660,ENSCJAG00000009472
ENSMUSG00000039328,ENSCJAG00000040195
ENSMUSG00000006464,ENSCJAG00000032439
ENSMUSG00000032531,ENSCJAG00000002778
ENSMUSG00000030264,ENSCJAG00000015949
ENSMUSG00000028799,ENSCJAG00000046438
ENSMUSG00000071909,ENSCJAG00000008312
ENSMUSG00000071909,ENSCJAG00000065387
ENSMUSG00000071909,ENSCJAG00000069820
ENSMUSG00000071909,ENSCJAG00000064549
ENSMUSG00000071909,ENSCJAG00000062836
ENSMUSG00000071909,ENSCJAG00000065723
ENSMUSG00000071909,ENSCJAG00000013291
ENSMUSG00000071909,ENSCJAG00000056845
ENSMUSG00000058670,ENSCJAG00000014730
ENSMUSG00000089372,ENSCJAG00000033085
ENSMUSG00000089372,ENSCJAG00000035470
ENSMUSG00000089372,ENSCJAG00000064873
ENSMUSG00000043569,ENSCJAG00000071198
ENSMUSG00000024039,ENSCJAG00000015824
ENSMUSG00000021830,ENSCJAG00000007050
ENSMUSG00000046707,ENSCJAG00000011673
ENSMUSG00000052854,ENSCJAG00000008160
ENSMUSG00000021595,ENSCJAG00000008689
ENSMUSG00000075983,ENSCJAG00000078942
ENSMUSG00000084478,ENSCJAG00000042467
ENSMUSG00000084478,ENSCJAG00000040961
ENSMUSG00000084478,ENSCJAG00000029898
ENSMUSG00000084478,ENSCJAG00000044859
ENSMUSG00000084478,ENSCJAG00000029126
ENSMUSG00000025791,ENSCJAG00000016590
ENSMUSG00000027770,ENSCJAG00000000986
ENSMUSG00000003500,ENSCJAG00000017770
ENSMUSG00000061755,ENSCJAG00000012166
ENSMUSG00000044912,ENSCJAG00000019236
ENSMUSG00000040616,ENSCJAG00000008910
ENSMUSG00000040606,ENSCJAG00000008920
ENSMUSG00000020661,ENSCJAG00000008172
ENSMUSG00000063904,ENSCJAG00000001381
ENSMUSG00000043441,ENSCJAG00000000982
ENSMUSG00000027615,ENSCJAG00000001358
ENSMUSG00000019989,ENSCJAG00000079905
ENSMUSG00000042096,ENSCJAG00000015484
ENSMUSG00000031271,ENSCJAG00000052375
ENSMUSG00000026017,ENSCJAG00000005224
ENSMUSG00000007892,ENSCJAG00000073393
ENSMUSG00000031577,ENSCJAG00000007580
ENSMUSG00000032254,ENSCJAG00000007038
ENSMUSG00000030659,ENSCJAG00000009422
ENSMUSG00000028426,ENSCJAG00000023354
ENSMUSG00000028426,ENSCJAG00000016908
ENSMUSG00000029015,ENSCJAG00000012752
ENSMUSG00000036598,ENSCJAG00000011662
ENSMUSG00000043421,ENSCJAG00000072209
ENSMUSG00000054931,ENSCJAG00000018650
ENSMUSG00000031505,ENSCJAG00000014207
ENSMUSG00000079652,ENSCJAG00000017814
ENSMUSG00000002808,ENSCJAG00000012617
ENSMUSG00000003032,ENSCJAG00000016955
ENSMUSG00000021594,ENSCJAG00000008724
ENSMUSG00000032278,ENSCJAG00000042293
ENSMUSG00000039166,ENSCJAG00000003157
ENSMUSG00000030223,ENSCJAG00000021600
ENSMUSG00000024901,ENSCJAG00000001460
ENSMUSG00000040410,ENSCJAG00000001288
ENSMUSG00000034575,ENSCJAG00000008742
ENSMUSG00000055357,ENSCJAG00000013548
ENSMUSG00000065602,ENSCJAG00000026068
ENSMUSG00000065536,ENSCJAG00000025421
ENSMUSG00000020385,ENSCJAG00000012089
ENSMUSG00000019978,ENSCJAG00000003171
ENSMUSG00002076803,ENSCJAG00000080734
ENSMUSG00000025260,ENSCJAG00000041248
ENSMUSG00000032252,ENSCJAG00000007136
ENSMUSG00002075642,ENSCJAG00000082600
ENSMUSG00000027820,ENSCJAG00000000959
ENSMUSG00000024902,ENSCJAG00000001470
ENSMUSG00000026692,ENSCJAG00000009773
ENSMUSG00000022809,ENSCJAG00000008854
ENSMUSG00000095139,ENSCJAG00000039179
ENSMUSG00000022212,ENSCJAG00000007314
ENSMUSG00000046846,ENSCJAG00000008560
ENSMUSG00000003380,ENSCJAG00000012607
ENSMUSG00000045751,ENSCJAG00000001254
ENSMUSG00000024483,ENSCJAG00000016624
ENSMUSG00000052981,ENSCJAG00000008686
ENSMUSG00000032087,ENSCJAG00000012950
ENSMUSG00000021598,ENSCJAG00000008674
ENSMUSG00000061613,ENSCJAG00000015843
ENSMUSG00000045903,ENSCJAG00000001482
ENSMUSG00000022805,ENSCJAG00000008891
ENSMUSG00000042078,ENSCJAG00000015499
ENSMUSG00000030657,ENSCJAG00000015942
ENSMUSG00000025257,ENSCJAG00000006044
ENSMUSG00000037395,ENSCJAG00000000282
ENSMUSG00000024891,ENSCJAG00000001496
ENSMUSG00000041133,ENSCJAG00000005985
ENSMUSG00000046516,ENSCJAG00000008938
ENSMUSG00000046516,ENSCJAG00000069444
ENSMUSG00000046516,ENSCJAG00000031579
ENSMUSG00000022803,ENSCJAG00000008939
ENSMUSG00000029420,ENSCJAG00000010919
ENSMUSG00000033352,ENSCJAG00000004752
ENSMUSG00000002847,ENSCJAG00000008949
ENSMUSG00000031578,ENSCJAG00000061000
ENSMUSG00000002844,ENSCJAG00000008966
ENSMUSG00000075122,ENSCJAG00000008972
ENSMUSG00000078302,ENSCJAG00000045258
ENSMUSG00000008683,ENSCJAG00000020071
ENSMUSG00000046082,ENSCJAG00000034922
ENSMUSG00000024041,ENSCJAG00000070733
ENSMUSG00000048400,ENSCJAG00000086163
ENSMUSG00000052485,ENSCJAG00000016582
ENSMUSG00000018334,ENSCJAG00000012392
ENSMUSG00000041096,ENSCJAG00000005850
ENSMUSG00000021520,ENSCJAG00000020560
ENSMUSG00000032249,ENSCJAG00000081725
ENSMUSG00000032249,ENSCJAG00000002339
ENSMUSG00000090264,ENSCJAG00000041408
ENSMUSG00000006050,ENSCJAG00000054601
ENSMUSG00000006050,ENSCJAG00000016613
ENSMUSG00000002846,ENSCJAG00000008990
ENSMUSG00000074826,ENSCJAG00000086251
ENSMUSG00000074826,ENSCJAG00000038259
ENSMUSG00000047379,ENSCJAG00000001508
ENSMUSG00000021519,ENSCJAG00000020561
ENSMUSG00000058388,ENSCJAG00000012018
ENSMUSG00000024042,ENSCJAG00000015879
ENSMUSG00000056679,ENSCJAG00000005830
ENSMUSG00000080268,ENSCJAG00000001511
ENSMUSG00000031669,ENSCJAG00000072367
ENSMUSG00000034064,ENSCJAG00000044114
ENSMUSG00000041115,ENSCJAG00000005948
ENSMUSG00000049092,ENSCJAG00000007087
ENSMUSG00000046152,ENSCJAG00000007543
ENSMUSG00000040632,ENSCJAG00000023219
ENSMUSG00000117679,ENSCJAG00000016553
ENSMUSG00000034269,ENSCJAG00000015959
ENSMUSG00000002076,ENSCJAG00000059885
ENSMUSG00000024883,ENSCJAG00000001528
ENSMUSG00000030732,ENSCJAG00000015616
ENSMUSG00000004366,ENSCJAG00000014415
ENSMUSG00000041729,ENSCJAG00000002319
ENSMUSG00000021831,ENSCJAG00000007097
ENSMUSG00000021518,ENSCJAG00000038465
ENSMUSG00000047531,ENSCJAG00000014409
ENSMUSG00000022508,ENSCJAG00000014375
ENSMUSG00000055296,ENSCJAG00000017154
ENSMUSG00000056228,ENSCJAG00000014187
ENSMUSG00000058392,ENSCJAG00000017077
ENSMUSG00000056481,ENSCJAG00000001537
ENSMUSG00000061451,ENSCJAG00000001538
ENSMUSG00000020660,ENSCJAG00000045765
ENSMUSG00000023088,ENSCJAG00000005641
ENSMUSG00000024875,ENSCJAG00000001544
ENSMUSG00000121920,ENSCJAG00000074508
ENSMUSG00000033272,ENSCJAG00000038978
ENSMUSG00000030850,ENSCJAG00000001411
ENSMUSG00000063564,ENSCJAG00000012175
ENSMUSG00000090641,ENSCJAG00000080328
ENSMUSG00000020658,ENSCJAG00000008127
ENSMUSG00000040181,ENSCJAG00000009792
ENSMUSG00000021832,ENSCJAG00000007126
ENSMUSG00000045589,ENSCJAG00000017183
ENSMUSG00000051439,ENSCJAG00000052964
ENSMUSG00000032243,ENSCJAG00000002269
ENSMUSG00000006850,ENSCJAG00000016529
ENSMUSG00000028434,ENSCJAG00000017184
ENSMUSG00000038146,ENSCJAG00000002121
ENSMUSG00000018347,ENSCJAG00000045900
ENSMUSG00000024873,ENSCJAG00000001576
ENSMUSG00000041718,ENSCJAG00000007056
ENSMUSG00000057396,ENSCJAG00000080328
ENSMUSG00000024870,ENSCJAG00000001599
ENSMUSG00000024870,ENSCJAG00000047933
ENSMUSG00000045969,ENSCJAG00000014168
ENSMUSG00000017677,ENSCJAG00000012351
ENSMUSG00000031508,ENSCJAG00000014141
ENSMUSG00000037577,ENSCJAG00000002169
ENSMUSG00000032244,ENSCJAG00000002264
ENSMUSG00000040387,ENSCJAG00000001239
ENSMUSG00000043987,ENSCJAG00000012899
ENSMUSG00000027649,ENSCJAG00000021507
ENSMUSG00000026442,ENSCJAG00000017046
ENSMUSG00000055480,ENSCJAG00000080328
ENSMUSG00000020594,ENSCJAG00000007450
ENSMUSG00000024862,ENSCJAG00000001614
ENSMUSG00000042660,ENSCJAG00000016359
ENSMUSG00000024002,ENSCJAG00000002178
ENSMUSG00000040618,ENSCJAG00000007267
ENSMUSG00000074715,ENSCJAG00000076822
ENSMUSG00000042873,ENSCJAG00000060927
ENSMUSG00000095930,ENSCJAG00000001300
ENSMUSG00000044595,ENSCJAG00000016345
ENSMUSG00000056752,ENSCJAG00000004802
ENSMUSG00000015766,ENSCJAG00000021598
ENSMUSG00000094870,ENSCJAG00000001280
ENSMUSG00000037843,ENSCJAG00000071630
ENSMUSG00000001380,ENSCJAG00000016282
ENSMUSG00000035183,ENSCJAG00000001909
ENSMUSG00000106677,ENSCJAG00000014192
ENSMUSG00000028261,ENSCJAG00000001235
ENSMUSG00000093345,ENSCJAG00000064766
ENSMUSG00000093345,ENSCJAG00000081373
ENSMUSG00000093345,ENSCJAG00000085620
ENSMUSG00000093345,ENSCJAG00000074668
ENSMUSG00000093345,ENSCJAG00000087032
ENSMUSG00000093345,ENSCJAG00000081523
ENSMUSG00000093345,ENSCJAG00000058853
ENSMUSG00000093345,ENSCJAG00000064528
ENSMUSG00000093345,ENSCJAG00000077419
ENSMUSG00000093345,ENSCJAG00000082623
ENSMUSG00000093345,ENSCJAG00000083841
ENSMUSG00000093345,ENSCJAG00000082851
ENSMUSG00000093345,ENSCJAG00000073166
ENSMUSG00000093345,ENSCJAG00000073491
ENSMUSG00000093345,ENSCJAG00000083630
ENSMUSG00000093345,ENSCJAG00000081708
ENSMUSG00000093345,ENSCJAG00000081895
ENSMUSG00000093345,ENSCJAG00000064517
ENSMUSG00000093345,ENSCJAG00000073957
ENSMUSG00000093345,ENSCJAG00000085963
ENSMUSG00000093345,ENSCJAG00000053899
ENSMUSG00000048148,ENSCJAG00000009420
ENSMUSG00000029592,ENSCJAG00000010157
ENSMUSG00000027650,ENSCJAG00000021505
ENSMUSG00000022676,ENSCJAG00000013499
ENSMUSG00000000884,ENSCJAG00000037354
ENSMUSG00000038764,ENSCJAG00000017223
ENSMUSG00000031351,ENSCJAG00000016363
ENSMUSG00000059005,ENSCJAG00000013830
ENSMUSG00000053930,ENSCJAG00000004887
ENSMUSG00000024650,ENSCJAG00000018534
ENSMUSG00000061111,ENSCJAG00000047857
ENSMUSG00000025129,ENSCJAG00000002956
ENSMUSG00000044339,ENSCJAG00000010151
ENSMUSG00000032773,ENSCJAG00000018561
ENSMUSG00000025130,ENSCJAG00000002940
ENSMUSG00000019143,ENSCJAG00000016237
ENSMUSG00000010095,ENSCJAG00000018569
ENSMUSG00000010095,ENSCJAG00000077109
ENSMUSG00000118853,ENSCJAG00000076049
ENSMUSG00000041747,ENSCJAG00000016617
ENSMUSG00000053205,ENSCJAG00000042227
ENSMUSG00000024045,ENSCJAG00000002212
ENSMUSG00000039782,ENSCJAG00000038767
ENSMUSG00000032245,ENSCJAG00000002250
ENSMUSG00000030654,ENSCJAG00000052544
ENSMUSG00000030654,ENSCJAG00000020068
ENSMUSG00000002428,ENSCJAG00000001426
ENSMUSG00000028259,ENSCJAG00000001218
ENSMUSG00000050424,ENSCJAG00000016373
ENSMUSG00000046287,ENSCJAG00000022542
ENSMUSG00000079845,ENSCJAG00000000906
ENSMUSG00000025132,ENSCJAG00000047620
ENSMUSG00000025132,ENSCJAG00000078212
ENSMUSG00000025132,ENSCJAG00000084845
ENSMUSG00000015839,ENSCJAG00000008340
ENSMUSG00000032479,ENSCJAG00000071990
ENSMUSG00000030225,ENSCJAG00000021592
ENSMUSG00000021661,ENSCJAG00000016612
ENSMUSG00000044320,ENSCJAG00000020306
ENSMUSG00000001383,ENSCJAG00000058864
ENSMUSG00000001383,ENSCJAG00000021456
ENSMUSG00000001383,ENSCJAG00000016231
ENSMUSG00000057836,ENSCJAG00000000906
ENSMUSG00000037722,ENSCJAG00000039720
ENSMUSG00002074846,ENSCJAG00000070078
ENSMUSG00002074846,ENSCJAG00000074117
ENSMUSG00002074846,ENSCJAG00000032852
ENSMUSG00000024238,ENSCJAG00000013332
ENSMUSG00000064721,ENSCJAG00000064595
ENSMUSG00000065392,ENSCJAG00000058912
ENSMUSG00000065281,ENSCJAG00000059619
ENSMUSG00000025134,ENSCJAG00000039942
ENSMUSG00000065280,ENSCJAG00000075514
ENSMUSG00000065378,ENSCJAG00000082720
ENSMUSG00000065782,ENSCJAG00000082376
ENSMUSG00000065782,ENSCJAG00000052984
ENSMUSG00000065305,ENSCJAG00000045428
ENSMUSG00000065305,ENSCJAG00000081004
ENSMUSG00000065087,ENSCJAG00000085164
ENSMUSG00000042729,ENSCJAG00000018581
ENSMUSG00000096546,ENSCJAG00000044876
ENSMUSG00000049420,ENSCJAG00000003205
ENSMUSG00000040359,ENSCJAG00000001179
ENSMUSG00000025135,ENSCJAG00000087043
ENSMUSG00000036564,ENSCJAG00000011550
ENSMUSG00000051354,ENSCJAG00000003214
ENSMUSG00000029428,ENSCJAG00000012395
ENSMUSG00000002625,ENSCJAG00000002227
ENSMUSG00000044034,ENSCJAG00000018299
ENSMUSG00000009097,ENSCJAG00000014591
ENSMUSG00000035575,ENSCJAG00000014115
ENSMUSG00000090840,ENSCJAG00000047769
ENSMUSG00000072479,ENSCJAG00000000906
ENSMUSG00000045498,ENSCJAG00000084247
ENSMUSG00000045689,ENSCJAG00000046665
ENSMUSG00000010110,ENSCJAG00000018606
ENSMUSG00000063687,ENSCJAG00000082856
ENSMUSG00000030269,ENSCJAG00000016029
ENSMUSG00000051678,ENSCJAG00000046665
ENSMUSG00000045062,ENSCJAG00000082856
ENSMUSG00000045876,ENSCJAG00000046665
ENSMUSG00000051242,ENSCJAG00000082856
ENSMUSG00000045657,ENSCJAG00000046665
ENSMUSG00000051486,ENSCJAG00000046665
ENSMUSG00000040907,ENSCJAG00000012623
ENSMUSG00000043458,ENSCJAG00000046665
ENSMUSG00000047307,ENSCJAG00000039993
ENSMUSG00000044043,ENSCJAG00000080951
ENSMUSG00000041378,ENSCJAG00000021820
ENSMUSG00000039089,ENSCJAG00000003235
ENSMUSG00000037712,ENSCJAG00000007170
ENSMUSG00000047033,ENSCJAG00000077866
ENSMUSG00000000028,ENSCJAG00000001523
ENSMUSG00000073125,ENSCJAG00000000906
ENSMUSG00000046387,ENSCJAG00000082423
ENSMUSG00000046387,ENSCJAG00000077002
ENSMUSG00000048347,ENSCJAG00000084194
ENSMUSG00000048347,ENSCJAG00000083491
ENSMUSG00000043313,ENSCJAG00000075757
ENSMUSG00000046191,ENSCJAG00000080089
ENSMUSG00000073591,ENSCJAG00000056521
ENSMUSG00000050304,ENSCJAG00000042244
ENSMUSG00000051316,ENSCJAG00000047684
ENSMUSG00000029269,ENSCJAG00000014206
ENSMUSG00000067768,ENSCJAG00000000906
ENSMUSG00000105504,ENSCJAG00000042694
ENSMUSG00000065421,ENSCJAG00000023988
ENSMUSG00000026857,ENSCJAG00000020309
ENSMUSG00000038042,ENSCJAG00000017408
ENSMUSG00000025137,ENSCJAG00000018279
ENSMUSG00000038729,ENSCJAG00000048660
ENSMUSG00000037697,ENSCJAG00000007229
ENSMUSG00000040253,ENSCJAG00000085410
ENSMUSG00000039483,ENSCJAG00000020312
ENSMUSG00000024050,ENSCJAG00000002265
ENSMUSG00000073664,ENSCJAG00000031696
ENSMUSG00000021381,ENSCJAG00000045992
ENSMUSG00000050761,ENSCJAG00000001520
ENSMUSG00000103677,ENSCJAG00000036751
ENSMUSG00000072214,ENSCJAG00000031147
ENSMUSG00000078317,ENSCJAG00000073788
ENSMUSG00000078317,ENSCJAG00000079192
ENSMUSG00000052539,ENSCJAG00000011928
ENSMUSG00000039476,ENSCJAG00000020303
ENSMUSG00000017548,ENSCJAG00000014133
ENSMUSG00000009070,ENSCJAG00000009770
ENSMUSG00000031362,ENSCJAG00000000906
ENSMUSG00000044378,ENSCJAG00000021591
ENSMUSG00000052117,ENSCJAG00000078080
ENSMUSG00000055373,ENSCJAG00000043135
ENSMUSG00000029591,ENSCJAG00000010134
ENSMUSG00000042410,ENSCJAG00000021508
ENSMUSG00000031671,ENSCJAG00000011535
ENSMUSG00000065048,ENSCJAG00000085839
ENSMUSG00000040520,ENSCJAG00000047130
ENSMUSG00000055560,ENSCJAG00000080328
ENSMUSG00000030000,ENSCJAG00000019331
ENSMUSG00000058147,ENSCJAG00000000906
ENSMUSG00000028289,ENSCJAG00000001086
ENSMUSG00000031622,ENSCJAG00000085022
ENSMUSG00000031622,ENSCJAG00000016111
ENSMUSG00000040009,ENSCJAG00000082829
ENSMUSG00000022956,ENSCJAG00000039761
ENSMUSG00000020175,ENSCJAG00000009762
ENSMUSG00000010097,ENSCJAG00000018635
ENSMUSG00000015342,ENSCJAG00000005150
ENSMUSG00000017561,ENSCJAG00000039568
ENSMUSG00000100200,ENSCJAG00000061898
ENSMUSG00000065155,ENSCJAG00000044078
ENSMUSG00000100448,ENSCJAG00000061898
ENSMUSG00000015340,ENSCJAG00000005191
ENSMUSG00000026443,ENSCJAG00000017024
ENSMUSG00000040170,ENSCJAG00000009848
ENSMUSG00000029272,ENSCJAG00000014226
ENSMUSG00000052142,ENSCJAG00000002291
ENSMUSG00000042453,ENSCJAG00000012643
ENSMUSG00000039672,ENSCJAG00000076763
ENSMUSG00000030725,ENSCJAG00000038278
ENSMUSG00000002845,ENSCJAG00000009036
ENSMUSG00000049439,ENSCJAG00000039360
ENSMUSG00000031297,ENSCJAG00000013431
ENSMUSG00000035165,ENSCJAG00000042738
ENSMUSG00002076048,ENSCJAG00000077161
ENSMUSG00000025138,ENSCJAG00000018273
ENSMUSG00000009681,ENSCJAG00000009728
ENSMUSG00000028268,ENSCJAG00000085410
ENSMUSG00000050147,ENSCJAG00000009441
ENSMUSG00000049866,ENSCJAG00000042179
ENSMUSG00000095432,ENSCJAG00000080328
ENSMUSG00000004383,ENSCJAG00000000968
ENSMUSG00000058248,ENSCJAG00000038943
ENSMUSG00000058093,ENSCJAG00000080328
ENSMUSG00000021838,ENSCJAG00000018182
ENSMUSG00000075273,ENSCJAG00000021732
ENSMUSG00000050737,ENSCJAG00000086828
ENSMUSG00000021510,ENSCJAG00000080328
ENSMUSG00000003378,ENSCJAG00000012725
ENSMUSG00000048280,ENSCJAG00000060061
ENSMUSG00000048280,ENSCJAG00000077980
ENSMUSG00000048280,ENSCJAG00000082577
ENSMUSG00000048280,ENSCJAG00000011995
ENSMUSG00000048280,ENSCJAG00000074735
ENSMUSG00000075272,ENSCJAG00000021732
ENSMUSG00000075271,ENSCJAG00000021732
ENSMUSG00000026848,ENSCJAG00000020343
ENSMUSG00000032246,ENSCJAG00000002243
ENSMUSG00000046032,ENSCJAG00000071069
ENSMUSG00000040264,ENSCJAG00000042317
ENSMUSG00000117924,ENSCJAG00000018681
ENSMUSG00000118346,ENSCJAG00000018683
ENSMUSG00000033444,ENSCJAG00000009691
ENSMUSG00000071281,ENSCJAG00000015577
ENSMUSG00000071281,ENSCJAG00000084601
ENSMUSG00000003680,ENSCJAG00000040347
ENSMUSG00000051510,ENSCJAG00000018272
ENSMUSG00000028270,ENSCJAG00000042317
ENSMUSG00000031621,ENSCJAG00000071825
ENSMUSG00000075270,ENSCJAG00000014554
ENSMUSG00000032086,ENSCJAG00000012845
ENSMUSG00000034518,ENSCJAG00000000537
ENSMUSG00000088114,ENSCJAG00000030966
ENSMUSG00000042903,ENSCJAG00000013651
ENSMUSG00000017550,ENSCJAG00000014179
ENSMUSG00000022799,ENSCJAG00000009060
ENSMUSG00000036206,ENSCJAG00000014272
ENSMUSG00000090141,ENSCJAG00000035170
ENSMUSG00000032913,ENSCJAG00000013709
ENSMUSG00000026691,ENSCJAG00000042102
ENSMUSG00000045252,ENSCJAG00000043982
ENSMUSG00000031304,ENSCJAG00000045011
ENSMUSG00000043066,ENSCJAG00000057697
ENSMUSG00000026849,ENSCJAG00000020346
ENSMUSG00000028284,ENSCJAG00000001026
ENSMUSG00000030729,ENSCJAG00000015692
ENSMUSG00000022793,ENSCJAG00000009072
ENSMUSG00000071890,ENSCJAG00000009912
ENSMUSG00000079487,ENSCJAG00000013584
ENSMUSG00000042870,ENSCJAG00000000519
ENSMUSG00000020178,ENSCJAG00000081783
ENSMUSG00000029012,ENSCJAG00000012572
ENSMUSG00000042369,ENSCJAG00000021516
ENSMUSG00000042369,ENSCJAG00000085664
ENSMUSG00000089174,ENSCJAG00000047299
ENSMUSG00000032405,ENSCJAG00000002224
ENSMUSG00000037375,ENSCJAG00000000310
ENSMUSG00000033416,ENSCJAG00000009635
ENSMUSG00000020592,ENSCJAG00000039283
ENSMUSG00000020389,ENSCJAG00000004765
ENSMUSG00000026851,ENSCJAG00000047901
ENSMUSG00000026851,ENSCJAG00000020318
ENSMUSG00000094649,ENSCJAG00000007653
ENSMUSG00000059326,ENSCJAG00000074567
ENSMUSG00000059326,ENSCJAG00000072837
ENSMUSG00000020583,ENSCJAG00000007406
ENSMUSG00000049436,ENSCJAG00000009095
ENSMUSG00000046716,ENSCJAG00000057697
ENSMUSG00000030393,ENSCJAG00000000037
ENSMUSG00000058835,ENSCJAG00000004711
ENSMUSG00000066643,ENSCJAG00000007386
ENSMUSG00000032902,ENSCJAG00000039688
ENSMUSG00000047031,ENSCJAG00000057697
ENSMUSG00000022798,ENSCJAG00000009123
ENSMUSG00000022245,ENSCJAG00000002196
ENSMUSG00000030655,ENSCJAG00000020006
ENSMUSG00000089607,ENSCJAG00000070043
ENSMUSG00000089607,ENSCJAG00000070412
ENSMUSG00000038037,ENSCJAG00000062700
ENSMUSG00000005413,ENSCJAG00000000516
ENSMUSG00000040213,ENSCJAG00000007493
ENSMUSG00000043050,ENSCJAG00000039557
ENSMUSG00000038015,ENSCJAG00000016052
ENSMUSG00000005410,ENSCJAG00000000511
ENSMUSG00000044017,ENSCJAG00000072406
ENSMUSG00000061126,ENSCJAG00000041905
ENSMUSG00000024811,ENSCJAG00000008230
ENSMUSG00000119403,ENSCJAG00000077458
ENSMUSG00000037991,ENSCJAG00000020669
ENSMUSG00000055013,ENSCJAG00000004382
ENSMUSG00000022500,ENSCJAG00000016057
ENSMUSG00000021557,ENSCJAG00000014822
ENSMUSG00000033427,ENSCJAG00000042269
ENSMUSG00000037972,ENSCJAG00000043833
ENSMUSG00000005251,ENSCJAG00000011251
ENSMUSG00000058444,ENSCJAG00000002156
ENSMUSG00000014039,ENSCJAG00000013815
ENSMUSG00000020180,ENSCJAG00000009630
ENSMUSG00000037580,ENSCJAG00000042456
ENSMUSG00000034472,ENSCJAG00000000509
ENSMUSG00000055865,ENSCJAG00000069199
ENSMUSG00000110469,ENSCJAG00000044469
ENSMUSG00000110469,ENSCJAG00000065510
ENSMUSG00000110469,ENSCJAG00000071766
ENSMUSG00000110469,ENSCJAG00000046997
ENSMUSG00000110469,ENSCJAG00000044576
ENSMUSG00000110469,ENSCJAG00000023377
ENSMUSG00000110469,ENSCJAG00000008234
ENSMUSG00000110469,ENSCJAG00000021040
ENSMUSG00000026586,ENSCJAG00000009928
ENSMUSG00000006345,ENSCJAG00000009592
ENSMUSG00000031620,ENSCJAG00000002355
ENSMUSG00000002228,ENSCJAG00000013680
ENSMUSG00000040314,ENSCJAG00000006323
ENSMUSG00000028271,ENSCJAG00000007469
ENSMUSG00000032403,ENSCJAG00000054412
ENSMUSG00000022156,ENSCJAG00000006291
ENSMUSG00000008540,ENSCJAG00000061905
ENSMUSG00000059256,ENSCJAG00000006291
ENSMUSG00000042790,ENSCJAG00000012793
ENSMUSG00000065130,ENSCJAG00000073971
ENSMUSG00000065130,ENSCJAG00000079379
ENSMUSG00000002233,ENSCJAG00000042030
ENSMUSG00000042010,ENSCJAG00000010041
ENSMUSG00000024456,ENSCJAG00000017973
ENSMUSG00000040284,ENSCJAG00000006291
ENSMUSG00000034486,ENSCJAG00000004419
ENSMUSG00000020953,ENSCJAG00000005886
ENSMUSG00000015443,ENSCJAG00000006291
ENSMUSG00000016262,ENSCJAG00000042537
ENSMUSG00000084440,ENSCJAG00000042359
ENSMUSG00000040270,ENSCJAG00000001013
ENSMUSG00000119876,ENSCJAG00000085580
ENSMUSG00000119876,ENSCJAG00000040066
ENSMUSG00000036550,ENSCJAG00000011318
ENSMUSG00000051048,ENSCJAG00000015710
ENSMUSG00000033478,ENSCJAG00000019337
ENSMUSG00000015441,ENSCJAG00000006291
ENSMUSG00000030226,ENSCJAG00000021589
ENSMUSG00000045975,ENSCJAG00000079596
ENSMUSG00000045975,ENSCJAG00000013827
ENSMUSG00000079186,ENSCJAG00000006291
ENSMUSG00000040124,ENSCJAG00000009937
ENSMUSG00000102758,ENSCJAG00000031211
ENSMUSG00000051056,ENSCJAG00000001005
ENSMUSG00000028282,ENSCJAG00000000992
ENSMUSG00000015437,ENSCJAG00000006291
ENSMUSG00000070227,ENSCJAG00000087038
ENSMUSG00000020954,ENSCJAG00000005822
ENSMUSG00000063887,ENSCJAG00000002114
ENSMUSG00000040113,ENSCJAG00000009943
ENSMUSG00000090700,ENSCJAG00000042753
ENSMUSG00000022229,ENSCJAG00000018931
ENSMUSG00000067081,ENSCJAG00000004432
ENSMUSG00000065874,ENSCJAG00000084480
ENSMUSG00000087922,ENSCJAG00000087167
ENSMUSG00000087922,ENSCJAG00000075889
ENSMUSG00000087922,ENSCJAG00000085259
ENSMUSG00000091662,ENSCJAG00000057697
ENSMUSG00000092164,ENSCJAG00000039368
ENSMUSG00000039335,ENSCJAG00000002119
ENSMUSG00000073424,ENSCJAG00000042753
ENSMUSG00000004285,ENSCJAG00000046281
ENSMUSG00000046962,ENSCJAG00000064368
ENSMUSG00000090685,ENSCJAG00000045477
ENSMUSG00000000365,ENSCJAG00000018937
ENSMUSG00000030230,ENSCJAG00000007242
ENSMUSG00000050812,ENSCJAG00000017495
ENSMUSG00000026782,ENSCJAG00000005399
ENSMUSG00000020955,ENSCJAG00000005786
ENSMUSG00000025086,ENSCJAG00000047815
ENSMUSG00000030718,ENSCJAG00000015734
ENSMUSG00000024454,ENSCJAG00000018086
ENSMUSG00000022773,ENSCJAG00000081266
ENSMUSG00000089346,ENSCJAG00000069320
ENSMUSG00000035247,ENSCJAG00000005631
ENSMUSG00000002227,ENSCJAG00000013592
ENSMUSG00000042002,ENSCJAG00000010010
ENSMUSG00000077338,ENSCJAG00000027039
ENSMUSG00000059022,ENSCJAG00000018035
ENSMUSG00000034087,ENSCJAG00000008154
ENSMUSG00000106379,ENSCJAG00000015765
ENSMUSG00000024958,ENSCJAG00000018062
ENSMUSG00000070702,ENSCJAG00000014246
ENSMUSG00000024292,ENSCJAG00000042753
ENSMUSG00000059206,ENSCJAG00000057697
ENSMUSG00000058420,ENSCJAG00000009906
ENSMUSG00000035181,ENSCJAG00000005593
ENSMUSG00000022771,ENSCJAG00000015771
ENSMUSG00000064128,ENSCJAG00000018946
ENSMUSG00000044024,ENSCJAG00000018091
ENSMUSG00000006344,ENSCJAG00000009566
ENSMUSG00000095115,ENSCJAG00000021775
ENSMUSG00000031302,ENSCJAG00000013566
ENSMUSG00000087734,ENSCJAG00000079182
ENSMUSG00000032558,ENSCJAG00000013933
ENSMUSG00000054387,ENSCJAG00000016986
ENSMUSG00000025140,ENSCJAG00000018243
ENSMUSG00002075720,ENSCJAG00000071381
ENSMUSG00000054509,ENSCJAG00000004452
ENSMUSG00000030652,ENSCJAG00000019999
ENSMUSG00000036278,ENSCJAG00000018256
ENSMUSG00000047787,ENSCJAG00000055401
ENSMUSG00000024767,ENSCJAG00000018269
ENSMUSG00000031310,ENSCJAG00000013481
ENSMUSG00000079184,ENSCJAG00000004525
ENSMUSG00000020956,ENSCJAG00000073851
ENSMUSG00000046909,ENSCJAG00000014201
ENSMUSG00000038524,ENSCJAG00000018093
ENSMUSG00000035885,ENSCJAG00000074447
ENSMUSG00000004591,ENSCJAG00000007409
ENSMUSG00000035148,ENSCJAG00000035428
ENSMUSG00000066952,ENSCJAG00000009995
ENSMUSG00000024764,ENSCJAG00000018311
ENSMUSG00000006342,ENSCJAG00000039271
ENSMUSG00000025141,ENSCJAG00000047053
ENSMUSG00000030852,ENSCJAG00000001289
ENSMUSG00000044408,ENSCJAG00000086959
ENSMUSG00000020349,ENSCJAG00000045966
ENSMUSG00000054302,ENSCJAG00000042239
ENSMUSG00000029771,ENSCJAG00000018061
ENSMUSG00000119835,ENSCJAG00000080984
ENSMUSG00000024968,ENSCJAG00000018326
ENSMUSG00000035021,ENSCJAG00000006421
ENSMUSG00000058317,ENSCJAG00000039905
ENSMUSG00000035382,ENSCJAG00000012763
ENSMUSG00000067430,ENSCJAG00000010892
ENSMUSG00000042988,ENSCJAG00000018236
ENSMUSG00000048602,ENSCJAG00000010729
ENSMUSG00000024969,ENSCJAG00000018341
ENSMUSG00000094891,ENSCJAG00000023177
ENSMUSG00000094891,ENSCJAG00000039185
ENSMUSG00000021024,ENSCJAG00000084075
ENSMUSG00000024451,ENSCJAG00000018098
ENSMUSG00000030231,ENSCJAG00000001320
ENSMUSG00000093884,ENSCJAG00000023177
ENSMUSG00000093884,ENSCJAG00000039185
ENSMUSG00000096169,ENSCJAG00000023177
ENSMUSG00000096169,ENSCJAG00000039185
ENSMUSG00000021774,ENSCJAG00000003784
ENSMUSG00000020196,ENSCJAG00000031332
ENSMUSG00000054666,ENSCJAG00000023176
ENSMUSG00000016200,ENSCJAG00000000322
ENSMUSG00000022769,ENSCJAG00000015792
ENSMUSG00000021772,ENSCJAG00000003797
ENSMUSG00000036309,ENSCJAG00000071446
ENSMUSG00000036309,ENSCJAG00000067181
ENSMUSG00000036309,ENSCJAG00000022954
ENSMUSG00000022768,ENSCJAG00000015805
ENSMUSG00000063129,ENSCJAG00000052143
ENSMUSG00000063129,ENSCJAG00000006874
ENSMUSG00000045440,ENSCJAG00000006816
ENSMUSG00000021027,ENSCJAG00000006821
ENSMUSG00000001098,ENSCJAG00000042982
ENSMUSG00000012405,ENSCJAG00000043224
ENSMUSG00000092519,ENSCJAG00000022426
ENSMUSG00000037801,ENSCJAG00000002130
ENSMUSG00000117495,ENSCJAG00000083414
ENSMUSG00000024299,ENSCJAG00000010967
ENSMUSG00000041774,ENSCJAG00000015809
ENSMUSG00000000782,ENSCJAG00000013603
ENSMUSG00000026301,ENSCJAG00000004446
ENSMUSG00000021775,ENSCJAG00000003844
ENSMUSG00000062604,ENSCJAG00000016056
ENSMUSG00000021779,ENSCJAG00000003887
ENSMUSG00000038965,ENSCJAG00000081416
ENSMUSG00000038965,ENSCJAG00000079142
ENSMUSG00000038965,ENSCJAG00000082926
ENSMUSG00000020905,ENSCJAG00000012679
ENSMUSG00000001665,ENSCJAG00000074689
ENSMUSG00000044337,ENSCJAG00000022033
ENSMUSG00000026014,ENSCJAG00000005339
ENSMUSG00002075656,ENSCJAG00000029689
ENSMUSG00000118744,ENSCJAG00000055809
ENSMUSG00000057541,ENSCJAG00000016081
ENSMUSG00000070372,ENSCJAG00000013548
ENSMUSG00000071636,ENSCJAG00000067237
ENSMUSG00000001663,ENSCJAG00000015974
ENSMUSG00000058006,ENSCJAG00000000907
ENSMUSG00000017491,ENSCJAG00000003911
ENSMUSG00000088851,ENSCJAG00000027516
ENSMUSG00000088851,ENSCJAG00000032601
ENSMUSG00000088851,ENSCJAG00000026933
ENSMUSG00000020904,ENSCJAG00000012652
ENSMUSG00000009093,ENSCJAG00000009483
ENSMUSG00000009093,ENSCJAG00000047647
ENSMUSG00000009093,ENSCJAG00000081143
ENSMUSG00000009093,ENSCJAG00000051690
ENSMUSG00000026447,ENSCJAG00000016736
ENSMUSG00000064068,ENSCJAG00000008683
ENSMUSG00000042246,ENSCJAG00000020002
ENSMUSG00000031311,ENSCJAG00000036744
ENSMUSG00000027201,ENSCJAG00000001875
ENSMUSG00000033307,ENSCJAG00000080438
ENSMUSG00000033307,ENSCJAG00000079366
ENSMUSG00000033307,ENSCJAG00000075226
ENSMUSG00000020402,ENSCJAG00000013556
ENSMUSG00000017485,ENSCJAG00000003963
ENSMUSG00000026012,ENSCJAG00000042321
ENSMUSG00000012535,ENSCJAG00000018085
ENSMUSG00000041720,ENSCJAG00000015845
ENSMUSG00000000902,ENSCJAG00000046335
ENSMUSG00000026585,ENSCJAG00000009954
ENSMUSG00000063268,ENSCJAG00000034531
ENSMUSG00000028999,ENSCJAG00000016090
ENSMUSG00000093137,ENSCJAG00000024049
ENSMUSG00000047248,ENSCJAG00000015764
ENSMUSG00000032085,ENSCJAG00000012755
ENSMUSG00000031312,ENSCJAG00000013429
ENSMUSG00002075172,ENSCJAG00000054083
ENSMUSG00000048581,ENSCJAG00000000910
ENSMUSG00000037257,ENSCJAG00000002113
ENSMUSG00000065089,ENSCJAG00000079297
ENSMUSG00000065211,ENSCJAG00000075444
ENSMUSG00000028266,ENSCJAG00000077709
ENSMUSG00000105690,ENSCJAG00000082733
ENSMUSG00000038598,ENSCJAG00000017593
ENSMUSG00000061104,ENSCJAG00000060241
ENSMUSG00000031156,ENSCJAG00000002479
ENSMUSG00000036534,ENSCJAG00000011285
ENSMUSG00000032557,ENSCJAG00000014009
ENSMUSG00000022564,ENSCJAG00000021466
ENSMUSG00000028381,ENSCJAG00000017653
ENSMUSG00000021785,ENSCJAG00000004039
ENSMUSG00000021555,ENSCJAG00000014933
ENSMUSG00000036275,ENSCJAG00000013543
ENSMUSG00000049653,ENSCJAG00000021464
ENSMUSG00000020903,ENSCJAG00000012613
ENSMUSG00000032402,ENSCJAG00000002088
ENSMUSG00000024300,ENSCJAG00000038608
ENSMUSG00000038578,ENSCJAG00000017674
ENSMUSG00000065329,ENSCJAG00000079932
ENSMUSG00000028998,ENSCJAG00000047185
ENSMUSG00000028998,ENSCJAG00000041353
ENSMUSG00000027822,ENSCJAG00000000902
ENSMUSG00000118905,ENSCJAG00000055809
ENSMUSG00000031672,ENSCJAG00000011234
ENSMUSG00000028995,ENSCJAG00000001415
ENSMUSG00000000901,ENSCJAG00000010798
ENSMUSG00000022562,ENSCJAG00000021459
ENSMUSG00000034432,ENSCJAG00000040503
ENSMUSG00000021786,ENSCJAG00000004087
ENSMUSG00000001763,ENSCJAG00000010295
ENSMUSG00000090150,ENSCJAG00000003027
ENSMUSG00000040151,ENSCJAG00000038902
ENSMUSG00000028232,ENSCJAG00000038709
ENSMUSG00000036264,ENSCJAG00000013506
ENSMUSG00000028047,ENSCJAG00000008715
ENSMUSG00000045201,ENSCJAG00000071256
ENSMUSG00000026011,ENSCJAG00000005495
ENSMUSG00000062991,ENSCJAG00000007626
ENSMUSG00000031157,ENSCJAG00000002452
ENSMUSG00000022766,ENSCJAG00000015854
ENSMUSG00000042567,ENSCJAG00000004112
ENSMUSG00000065331,ENSCJAG00000085580
ENSMUSG00000065331,ENSCJAG00000040066
ENSMUSG00000020902,ENSCJAG00000044822
ENSMUSG00000022765,ENSCJAG00000015857
ENSMUSG00000001761,ENSCJAG00000010304
ENSMUSG00000026009,ENSCJAG00000005516
ENSMUSG00000006134,ENSCJAG00000057682
ENSMUSG00000020229,ENSCJAG00000044264
ENSMUSG00000028986,ENSCJAG00000001422
ENSMUSG00000028233,ENSCJAG00000016657
ENSMUSG00000020901,ENSCJAG00000018276
ENSMUSG00000079355,ENSCJAG00000053155
ENSMUSG00002076579,ENSCJAG00000031869
ENSMUSG00000022763,ENSCJAG00000015869
ENSMUSG00000032480,ENSCJAG00000002635
ENSMUSG00000064043,ENSCJAG00000004347
ENSMUSG00000020230,ENSCJAG00000001571
ENSMUSG00000040183,ENSCJAG00000000878
ENSMUSG00000026584,ENSCJAG00000010050
ENSMUSG00000037072,ENSCJAG00000038701
ENSMUSG00000046207,ENSCJAG00000018268
ENSMUSG00000021556,ENSCJAG00000014995
ENSMUSG00000119511,ENSCJAG00000087089
ENSMUSG00002076123,ENSCJAG00000030064
ENSMUSG00000042784,ENSCJAG00000008923
ENSMUSG00000048439,ENSCJAG00000001466
ENSMUSG00000039278,ENSCJAG00000047969
ENSMUSG00000032942,ENSCJAG00000032440
ENSMUSG00000034259,ENSCJAG00000021458
ENSMUSG00000031160,ENSCJAG00000040987
ENSMUSG00000031161,ENSCJAG00000002395
ENSMUSG00000027823,ENSCJAG00000000863
ENSMUSG00000041741,ENSCJAG00000012237
ENSMUSG00000022561,ENSCJAG00000021455
ENSMUSG00000021733,ENSCJAG00000004141
ENSMUSG00000070697,ENSCJAG00000042824
ENSMUSG00000034729,ENSCJAG00000075253
ENSMUSG00000025532,ENSCJAG00000004225
ENSMUSG00000118793,ENSCJAG00000085071
ENSMUSG00000057230,ENSCJAG00000019159
ENSMUSG00000074872,ENSCJAG00000040189
ENSMUSG00000042359,ENSCJAG00000021518
ENSMUSG00000033685,ENSCJAG00000073476
ENSMUSG00000044792,ENSCJAG00000082074
ENSMUSG00000029291,ENSCJAG00000014529
ENSMUSG00000022761,ENSCJAG00000040898
ENSMUSG00000048329,ENSCJAG00000074183
ENSMUSG00000045915,ENSCJAG00000018255
ENSMUSG00000035248,ENSCJAG00000001845
ENSMUSG00000052062,ENSCJAG00000005521
ENSMUSG00000045576,ENSCJAG00000013490
ENSMUSG00000022551,ENSCJAG00000021454
ENSMUSG00000020231,ENSCJAG00000001624
ENSMUSG00000017686,ENSCJAG00000014248
ENSMUSG00000023979,ENSCJAG00000070620
ENSMUSG00000023982,ENSCJAG00000004301
ENSMUSG00000022552,ENSCJAG00000021452
ENSMUSG00000040136,ENSCJAG00000009368
ENSMUSG00000012076,ENSCJAG00000043608
ENSMUSG00000047150,ENSCJAG00000042922
ENSMUSG00000034382,ENSCJAG00000039441
ENSMUSG00000023980,ENSCJAG00000004292
ENSMUSG00000048126,ENSCJAG00000002226
ENSMUSG00000029772,ENSCJAG00000010323
ENSMUSG00000021127,ENSCJAG00000067422
ENSMUSG00000015143,ENSCJAG00000015020
ENSMUSG00000022553,ENSCJAG00000021450
ENSMUSG00000042228,ENSCJAG00000016635
ENSMUSG00000002731,ENSCJAG00000021521
ENSMUSG00000024970,ENSCJAG00000018418
ENSMUSG00000075267,ENSCJAG00000021522
ENSMUSG00000053080,ENSCJAG00000047167
ENSMUSG00000002732,ENSCJAG00000021523
ENSMUSG00000034071,ENSCJAG00000070414
ENSMUSG00000034165,ENSCJAG00000004284
ENSMUSG00000002733,ENSCJAG00000045213
ENSMUSG00000030708,ENSCJAG00000015823
ENSMUSG00000024758,ENSCJAG00000018422
ENSMUSG00000098905,ENSCJAG00000060061
ENSMUSG00000098905,ENSCJAG00000077980
ENSMUSG00000098905,ENSCJAG00000082577
ENSMUSG00000098905,ENSCJAG00000011995
ENSMUSG00000098905,ENSCJAG00000074735
ENSMUSG00000026854,ENSCJAG00000020348
ENSMUSG00000021221,ENSCJAG00000014522
ENSMUSG00000022760,ENSCJAG00000015921
ENSMUSG00000025340,ENSCJAG00000004252
ENSMUSG00000022554,ENSCJAG00000021446
ENSMUSG00000004341,ENSCJAG00000018596
ENSMUSG00000044881,ENSCJAG00000041230
ENSMUSG00000044881,ENSCJAG00000045808
ENSMUSG00000030386,ENSCJAG00000000374
ENSMUSG00000051225,ENSCJAG00000074548
ENSMUSG00000021327,ENSCJAG00000018650
ENSMUSG00000001155,ENSCJAG00000080609
ENSMUSG00000041215,ENSCJAG00000021219
ENSMUSG00000042766,ENSCJAG00000008969
ENSMUSG00000028234,ENSCJAG00000086116
ENSMUSG00000101892,ENSCJAG00000035957
ENSMUSG00000088351,ENSCJAG00000025676
ENSMUSG00000078365,ENSCJAG00000021905
ENSMUSG00000003282,ENSCJAG00000016621
ENSMUSG00000030650,ENSCJAG00000009819
ENSMUSG00000044221,ENSCJAG00000014477
ENSMUSG00000028277,ENSCJAG00000000850
ENSMUSG00000020241,ENSCJAG00000001863
ENSMUSG00000055313,ENSCJAG00000018636
ENSMUSG00000022360,ENSCJAG00000000868
ENSMUSG00000021222,ENSCJAG00000023155
ENSMUSG00000021222,ENSCJAG00000087067
ENSMUSG00000021222,ENSCJAG00000014514
ENSMUSG00000022228,ENSCJAG00000018640
ENSMUSG00000023988,ENSCJAG00000004266
ENSMUSG00000079941,ENSCJAG00000016911
ENSMUSG00000060404,ENSCJAG00000023009
ENSMUSG00000031162,ENSCJAG00000040521
ENSMUSG00000042747,ENSCJAG00000042570
ENSMUSG00000071522,ENSCJAG00000023009
ENSMUSG00000023267,ENSCJAG00000000835
ENSMUSG00000006262,ENSCJAG00000014456
ENSMUSG00000021326,ENSCJAG00000012363
ENSMUSG00000092558,ENSCJAG00000004259
ENSMUSG00000042628,ENSCJAG00000014498
ENSMUSG00000024759,ENSCJAG00000018444
ENSMUSG00000031163,ENSCJAG00000042238
ENSMUSG00000042737,ENSCJAG00000023227
ENSMUSG00000042737,ENSCJAG00000054850
ENSMUSG00000090115,ENSCJAG00000004251
ENSMUSG00000031158,ENSCJAG00000002426
ENSMUSG00000029366,ENSCJAG00000046940
ENSMUSG00000042198,ENSCJAG00000043436
ENSMUSG00000037062,ENSCJAG00000007335
ENSMUSG00000032560,ENSCJAG00000003035
ENSMUSG00000060371,ENSCJAG00000070904
ENSMUSG00000022359,ENSCJAG00000000865
ENSMUSG00000033475,ENSCJAG00000081865
ENSMUSG00000033475,ENSCJAG00000085399
ENSMUSG00000033475,ENSCJAG00000078561
ENSMUSG00000033475,ENSCJAG00000041364
ENSMUSG00000065648,ENSCJAG00000042763
ENSMUSG00000065648,ENSCJAG00000024759
ENSMUSG00000065648,ENSCJAG00000033466
ENSMUSG00002075540,ENSCJAG00000079278
ENSMUSG00002075540,ENSCJAG00000072547
ENSMUSG00002075540,ENSCJAG00000073710
ENSMUSG00002075540,ENSCJAG00000084422
ENSMUSG00002075540,ENSCJAG00000030106
ENSMUSG00002075540,ENSCJAG00000087229
ENSMUSG00002075540,ENSCJAG00000070201
ENSMUSG00002075540,ENSCJAG00000079385
ENSMUSG00002075540,ENSCJAG00000029330
ENSMUSG00002075540,ENSCJAG00000023904
ENSMUSG00002075540,ENSCJAG00000072800
ENSMUSG00002075540,ENSCJAG00000076677
ENSMUSG00002075540,ENSCJAG00000087137
ENSMUSG00002075540,ENSCJAG00000076389
ENSMUSG00000010608,ENSCJAG00000046744
ENSMUSG00000010608,ENSCJAG00000014441
ENSMUSG00000041757,ENSCJAG00000016921
ENSMUSG00000096549,ENSCJAG00000004246
ENSMUSG00000080461,ENSCJAG00000033222
ENSMUSG00000022358,ENSCJAG00000000844
ENSMUSG00000023266,ENSCJAG00000004240
ENSMUSG00000034040,ENSCJAG00000005178
ENSMUSG00000068113,ENSCJAG00000005193
ENSMUSG00000042271,ENSCJAG00000007369
ENSMUSG00000022357,ENSCJAG00000000837
ENSMUSG00000001119,ENSCJAG00000078346
ENSMUSG00000055114,ENSCJAG00000000819
ENSMUSG00000037119,ENSCJAG00000000803
ENSMUSG00000023987,ENSCJAG00000004226
ENSMUSG00000050747,ENSCJAG00000020699
ENSMUSG00000030706,ENSCJAG00000015867
ENSMUSG00000026931,ENSCJAG00000019437
ENSMUSG00000027202,ENSCJAG00000001821
ENSMUSG00000039706,ENSCJAG00000012590
ENSMUSG00000073400,ENSCJAG00000020701
ENSMUSG00000017692,ENSCJAG00000014342
ENSMUSG00000001120,ENSCJAG00000077507
ENSMUSG00000025092,ENSCJAG00000019440
ENSMUSG00000031278,ENSCJAG00000007315
ENSMUSG00000022295,ENSCJAG00000016100
ENSMUSG00000054659,ENSCJAG00000042730
ENSMUSG00000073399,ENSCJAG00000020702
ENSMUSG00000025142,ENSCJAG00000018216
ENSMUSG00000040896,ENSCJAG00000013456
ENSMUSG00000034908,ENSCJAG00000012713
ENSMUSG00000030704,ENSCJAG00000039039
ENSMUSG00000028236,ENSCJAG00000016608
ENSMUSG00000054679,ENSCJAG00000038575
ENSMUSG00000048029,ENSCJAG00000019455
ENSMUSG00000036492,ENSCJAG00000020706
ENSMUSG00000056770,ENSCJAG00000006717
ENSMUSG00000041362,ENSCJAG00000019457
ENSMUSG00000022296,ENSCJAG00000043716
ENSMUSG00000071019,ENSCJAG00000054039
ENSMUSG00000022297,ENSCJAG00000016150
ENSMUSG00000036398,ENSCJAG00000048275
ENSMUSG00000033918,ENSCJAG00000021241
ENSMUSG00000027953,ENSCJAG00000009027
ENSMUSG00000028382,ENSCJAG00000017686
ENSMUSG00000038415,ENSCJAG00000041271
ENSMUSG00000001436,ENSCJAG00000001943
ENSMUSG00000038402,ENSCJAG00000038579
ENSMUSG00000036315,ENSCJAG00000020719
ENSMUSG00000015944,ENSCJAG00000014937
ENSMUSG00000065843,ENSCJAG00000034569
ENSMUSG00000065843,ENSCJAG00000080623
ENSMUSG00000065843,ENSCJAG00000076697
ENSMUSG00000054196,ENSCJAG00000016167
ENSMUSG00000025876,ENSCJAG00000007237
ENSMUSG00000022299,ENSCJAG00000043411
ENSMUSG00000038204,ENSCJAG00000020364
ENSMUSG00000040205,ENSCJAG00000001132
ENSMUSG00000027699,ENSCJAG00000002129
ENSMUSG00000038199,ENSCJAG00000020368
ENSMUSG00000041406,ENSCJAG00000010088
ENSMUSG00000006270,ENSCJAG00000019496
ENSMUSG00000030046,ENSCJAG00000019096
ENSMUSG00000056201,ENSCJAG00000055857
ENSMUSG00000021258,ENSCJAG00000006738
ENSMUSG00000030047,ENSCJAG00000019073
ENSMUSG00000040177,ENSCJAG00000001125
ENSMUSG00000024642,ENSCJAG00000003336
ENSMUSG00000036036,ENSCJAG00000015161
ENSMUSG00000036036,ENSCJAG00000015380
ENSMUSG00000022822,ENSCJAG00000013172
ENSMUSG00000084883,ENSCJAG00000079943
ENSMUSG00000025877,ENSCJAG00000007223
ENSMUSG00000001435,ENSCJAG00000083421
ENSMUSG00000021260,ENSCJAG00000006767
ENSMUSG00000063179,ENSCJAG00000001117
ENSMUSG00000060961,ENSCJAG00000014318
ENSMUSG00000044294,ENSCJAG00000043323
ENSMUSG00000043531,ENSCJAG00000018526
ENSMUSG00000049548,ENSCJAG00000017960
ENSMUSG00000021259,ENSCJAG00000006798
ENSMUSG00000040167,ENSCJAG00000065257
ENSMUSG00000091119,ENSCJAG00000001260
ENSMUSG00000058070,ENSCJAG00000006842
ENSMUSG00000003235,ENSCJAG00000013108
ENSMUSG00000016942,ENSCJAG00000012718
ENSMUSG00000030861,ENSCJAG00000001092
ENSMUSG00000037503,ENSCJAG00000011038
ENSMUSG00000027203,ENSCJAG00000001813
ENSMUSG00000089370,ENSCJAG00000034243
ENSMUSG00000036510,ENSCJAG00000017003
ENSMUSG00000076439,ENSCJAG00000043626
ENSMUSG00000030307,ENSCJAG00000016541
ENSMUSG00000024985,ENSCJAG00000018987
ENSMUSG00000032561,ENSCJAG00000003103
ENSMUSG00000003233,ENSCJAG00000013060
ENSMUSG00000040148,ENSCJAG00000085658
ENSMUSG00000027204,ENSCJAG00000001735
ENSMUSG00000050100,ENSCJAG00000001081
ENSMUSG00000053004,ENSCJAG00000043961
ENSMUSG00000024462,ENSCJAG00000004265
ENSMUSG00000008496,ENSCJAG00000012753
ENSMUSG00000079699,ENSCJAG00000014776
ENSMUSG00000065619,ENSCJAG00000028283
ENSMUSG00000039159,ENSCJAG00000010520
ENSMUSG00000039159,ENSCJAG00000074530
ENSMUSG00000068219,ENSCJAG00000014776
ENSMUSG00000079705,ENSCJAG00000014776
ENSMUSG00000022841,ENSCJAG00000012998
ENSMUSG00000026639,ENSCJAG00000014913
ENSMUSG00000079702,ENSCJAG00000014776
ENSMUSG00000039130,ENSCJAG00000010536
ENSMUSG00000079701,ENSCJAG00000014776
ENSMUSG00000003131,ENSCJAG00000012698
ENSMUSG00000079703,ENSCJAG00000014776
ENSMUSG00000035371,ENSCJAG00000014776
ENSMUSG00000119307,ENSCJAG00000076621
ENSMUSG00000068218,ENSCJAG00000014776
ENSMUSG00002076868,ENSCJAG00000034678
ENSMUSG00000031673,ENSCJAG00000016939
ENSMUSG00000023165,ENSCJAG00000014776
ENSMUSG00000068227,ENSCJAG00000002133
ENSMUSG00000045573,ENSCJAG00000016597
ENSMUSG00000068394,ENSCJAG00000001706
ENSMUSG00000079704,ENSCJAG00000014776
ENSMUSG00000066324,ENSCJAG00000016573
ENSMUSG00000031583,ENSCJAG00000012511
ENSMUSG00000025878,ENSCJAG00000007106
ENSMUSG00000071816,ENSCJAG00000014776
ENSMUSG00000079697,ENSCJAG00000014776
ENSMUSG00000032564,ENSCJAG00000003118
ENSMUSG00000061778,ENSCJAG00000004091
ENSMUSG00000028274,ENSCJAG00000000780
ENSMUSG00000026123,ENSCJAG00000011033
ENSMUSG00000044933,ENSCJAG00000002142
ENSMUSG00000035109,ENSCJAG00000001673
ENSMUSG00000033220,ENSCJAG00000002144
ENSMUSG00000003234,ENSCJAG00000012959
ENSMUSG00002074950,ENSCJAG00000086063
ENSMUSG00000030314,ENSCJAG00000016583
ENSMUSG00000056025,ENSCJAG00000007329
ENSMUSG00000033287,ENSCJAG00000012707
ENSMUSG00000062327,ENSCJAG00000012508
ENSMUSG00000072825,ENSCJAG00000002052
ENSMUSG00000049119,ENSCJAG00000008657
ENSMUSG00000026781,ENSCJAG00000004775
ENSMUSG00000064601,ENSCJAG00000072993
ENSMUSG00000064601,ENSCJAG00000084114
ENSMUSG00000016194,ENSCJAG00000014941
ENSMUSG00000032563,ENSCJAG00000003143
ENSMUSG00002075261,ENSCJAG00000078503
ENSMUSG00000036775,ENSCJAG00000011883
ENSMUSG00000020260,ENSCJAG00000081850
ENSMUSG00000027954,ENSCJAG00000009031
ENSMUSG00000044288,ENSCJAG00000000775
ENSMUSG00000028383,ENSCJAG00000017708
ENSMUSG00000047757,ENSCJAG00000004079
ENSMUSG00000027698,ENSCJAG00000074580
ENSMUSG00000021481,ENSCJAG00000007194
ENSMUSG00000028264,ENSCJAG00000000773
ENSMUSG00000049184,ENSCJAG00000012509
ENSMUSG00000009633,ENSCJAG00000041485
ENSMUSG00000042225,ENSCJAG00000047124
ENSMUSG00000068391,ENSCJAG00000085338
ENSMUSG00000068391,ENSCJAG00000076203
ENSMUSG00000068391,ENSCJAG00000085434
ENSMUSG00000020262,ENSCJAG00000018646
ENSMUSG00000028039,ENSCJAG00000009049
ENSMUSG00000009628,ENSCJAG00000043077
ENSMUSG00000045216,ENSCJAG00000084339
ENSMUSG00000047921,ENSCJAG00000004191
ENSMUSG00000016179,ENSCJAG00000014868
ENSMUSG00000085584,ENSCJAG00000041314
ENSMUSG00000024177,ENSCJAG00000078136
ENSMUSG00000028262,ENSCJAG00000007329
ENSMUSG00000001127,ENSCJAG00000012431
ENSMUSG00000032481,ENSCJAG00000002511
ENSMUSG00000045071,ENSCJAG00000017741
ENSMUSG00000031871,ENSCJAG00000016885
ENSMUSG00000028040,ENSCJAG00000080973
ENSMUSG00000028240,ENSCJAG00000008684
ENSMUSG00000046613,ENSCJAG00000015206
ENSMUSG00000025145,ENSCJAG00000018201
ENSMUSG00000024180,ENSCJAG00000011857
ENSMUSG00000009630,ENSCJAG00000012460
ENSMUSG00000039304,ENSCJAG00000086478
ENSMUSG00000052906,ENSCJAG00000012451
ENSMUSG00000038544,ENSCJAG00000070256
ENSMUSG00000065533,ENSCJAG00000025637
ENSMUSG00000020659,ENSCJAG00000016379
ENSMUSG00000026579,ENSCJAG00000010195
ENSMUSG00000031872,ENSCJAG00000016872
ENSMUSG00000005320,ENSCJAG00000007147
ENSMUSG00000037033,ENSCJAG00000007329
ENSMUSG00000018012,ENSCJAG00000018194
ENSMUSG00000051136,ENSCJAG00000002211
ENSMUSG00000074195,ENSCJAG00000007319
ENSMUSG00000028953,ENSCJAG00000020371
ENSMUSG00000040918,ENSCJAG00000010232
ENSMUSG00000028386,ENSCJAG00000017757
ENSMUSG00000039450,ENSCJAG00000048198
ENSMUSG00000021488,ENSCJAG00000007009
ENSMUSG00002076201,ENSCJAG00000039676
ENSMUSG00000027827,ENSCJAG00000004577
ENSMUSG00000031584,ENSCJAG00000012407
ENSMUSG00000038181,ENSCJAG00000020380
ENSMUSG00000037470,ENSCJAG00000010861
ENSMUSG00000034761,ENSCJAG00000006357
ENSMUSG00000024181,ENSCJAG00000083388
ENSMUSG00000035540,ENSCJAG00000014314
ENSMUSG00000028291,ENSCJAG00000044443
ENSMUSG00000035528,ENSCJAG00000014295
ENSMUSG00000028949,ENSCJAG00000020387
ENSMUSG00000037217,ENSCJAG00000012506
ENSMUSG00000028249,ENSCJAG00000008697
ENSMUSG00000078249,ENSCJAG00000039587
ENSMUSG00000025812,ENSCJAG00000013814
ENSMUSG00000020900,ENSCJAG00000014308
ENSMUSG00000073433,ENSCJAG00000061079
ENSMUSG00000034789,ENSCJAG00000006969
ENSMUSG00000033809,ENSCJAG00000015172
ENSMUSG00000032977,ENSCJAG00000010599
ENSMUSG00000024186,ENSCJAG00000011745
ENSMUSG00000001131,ENSCJAG00000012555
ENSMUSG00000021486,ENSCJAG00000020687
ENSMUSG00000021486,ENSCJAG00000006953
ENSMUSG00000021486,ENSCJAG00000053788
ENSMUSG00000068547,ENSCJAG00000007319
ENSMUSG00000000290,ENSCJAG00000010554
ENSMUSG00000076387,ENSCJAG00000030730
ENSMUSG00000043635,ENSCJAG00000014220
ENSMUSG00000021485,ENSCJAG00000006943
ENSMUSG00000001128,ENSCJAG00000012592
ENSMUSG00000001655,ENSCJAG00000044250
ENSMUSG00000050328,ENSCJAG00000018806
ENSMUSG00000017064,ENSCJAG00000005967
ENSMUSG00000001656,ENSCJAG00000018808
ENSMUSG00000026640,ENSCJAG00000003770
ENSMUSG00000009406,ENSCJAG00000034978
ENSMUSG00000039286,ENSCJAG00000002213
ENSMUSG00000022484,ENSCJAG00000018811
ENSMUSG00000069117,ENSCJAG00000073637
ENSMUSG00000022485,ENSCJAG00000044096
ENSMUSG00000001134,ENSCJAG00000015636
ENSMUSG00000056223,ENSCJAG00000085474
ENSMUSG00000056223,ENSCJAG00000071852
ENSMUSG00000056223,ENSCJAG00000086372
ENSMUSG00000056223,ENSCJAG00000071482
ENSMUSG00000056223,ENSCJAG00000073324
ENSMUSG00000056223,ENSCJAG00000073088
ENSMUSG00000056223,ENSCJAG00000062843
ENSMUSG00000056223,ENSCJAG00000070214
ENSMUSG00000056223,ENSCJAG00000054232
ENSMUSG00000056223,ENSCJAG00000059464
ENSMUSG00000056223,ENSCJAG00000054365
ENSMUSG00000056223,ENSCJAG00000053641
ENSMUSG00000065488,ENSCJAG00000047402
ENSMUSG00000036139,ENSCJAG00000018819
ENSMUSG00000001661,ENSCJAG00000043282
ENSMUSG00000038212,ENSCJAG00000013248
ENSMUSG00000009291,ENSCJAG00000085899
ENSMUSG00000076010,ENSCJAG00000028614
ENSMUSG00000024187,ENSCJAG00000037284
ENSMUSG00000022587,ENSCJAG00000021460
ENSMUSG00000022587,ENSCJAG00000063162
ENSMUSG00000028954,ENSCJAG00000020400
ENSMUSG00000054737,ENSCJAG00000048633
ENSMUSG00000021098,ENSCJAG00000019107
ENSMUSG00000037167,ENSCJAG00000015593
ENSMUSG00000020265,ENSCJAG00000010529
ENSMUSG00000043164,ENSCJAG00000002292
ENSMUSG00000031079,ENSCJAG00000019468
ENSMUSG00000032999,ENSCJAG00000008154
ENSMUSG00000088772,ENSCJAG00000035094
ENSMUSG00000027828,ENSCJAG00000080419
ENSMUSG00000027828,ENSCJAG00000045770
ENSMUSG00000068122,ENSCJAG00000002516
ENSMUSG00000026578,ENSCJAG00000010246
ENSMUSG00000055235,ENSCJAG00000020408
ENSMUSG00000031148,ENSCJAG00000002656
ENSMUSG00000047180,ENSCJAG00000007758
ENSMUSG00000028255,ENSCJAG00000007285
ENSMUSG00000026779,ENSCJAG00000004808
ENSMUSG00000026577,ENSCJAG00000010255
ENSMUSG00000035505,ENSCJAG00000014202
ENSMUSG00000115219,ENSCJAG00000065303
ENSMUSG00000020964,ENSCJAG00000017220
ENSMUSG00000105187,ENSCJAG00000027545
ENSMUSG00000034135,ENSCJAG00000012659
ENSMUSG00000087825,ENSCJAG00000075059
ENSMUSG00000087825,ENSCJAG00000084259
ENSMUSG00000087825,ENSCJAG00000082761
ENSMUSG00000087825,ENSCJAG00000074345
ENSMUSG00000087825,ENSCJAG00000077200
ENSMUSG00000034640,ENSCJAG00000004657
ENSMUSG00000021514,ENSCJAG00000000329
ENSMUSG00000039382,ENSCJAG00000002633
ENSMUSG00000009293,ENSCJAG00000041224
ENSMUSG00000029775,ENSCJAG00000044282
ENSMUSG00000074579,ENSCJAG00000004676
ENSMUSG00000026775,ENSCJAG00000004830
ENSMUSG00000028945,ENSCJAG00000042669
ENSMUSG00000040044,ENSCJAG00000000730
ENSMUSG00000084466,ENSCJAG00000045461
ENSMUSG00000044231,ENSCJAG00000039154
ENSMUSG00000036960,ENSCJAG00000007251
ENSMUSG00000021376,ENSCJAG00000006906
ENSMUSG00000024188,ENSCJAG00000011674
ENSMUSG00000069581,ENSCJAG00000015329
ENSMUSG00000015882,ENSCJAG00000012800
ENSMUSG00000026305,ENSCJAG00000000491
ENSMUSG00000027655,ENSCJAG00000011495
ENSMUSG00000095970,ENSCJAG00000000301
ENSMUSG00000095970,ENSCJAG00000041374
ENSMUSG00000095970,ENSCJAG00000047635
ENSMUSG00000024957,ENSCJAG00000018060
ENSMUSG00000112170,ENSCJAG00000000301
ENSMUSG00000112170,ENSCJAG00000041374
ENSMUSG00000112170,ENSCJAG00000047635
ENSMUSG00000069584,ENSCJAG00000000301
ENSMUSG00000069584,ENSCJAG00000041374
ENSMUSG00000069584,ENSCJAG00000047635
ENSMUSG00000094012,ENSCJAG00000000301
ENSMUSG00000094012,ENSCJAG00000041374
ENSMUSG00000094012,ENSCJAG00000047635
ENSMUSG00000054499,ENSCJAG00000012770
ENSMUSG00000094146,ENSCJAG00000000301
ENSMUSG00000094146,ENSCJAG00000041374
ENSMUSG00000094146,ENSCJAG00000047635
ENSMUSG00000069583,ENSCJAG00000000301
ENSMUSG00000069583,ENSCJAG00000041374
ENSMUSG00000069583,ENSCJAG00000047635
ENSMUSG00000096421,ENSCJAG00000000301
ENSMUSG00000096421,ENSCJAG00000041374
ENSMUSG00000096421,ENSCJAG00000047635
ENSMUSG00000112864,ENSCJAG00000000301
ENSMUSG00000112864,ENSCJAG00000041374
ENSMUSG00000112864,ENSCJAG00000047635
ENSMUSG00000112380,ENSCJAG00000000301
ENSMUSG00000112380,ENSCJAG00000041374
ENSMUSG00000112380,ENSCJAG00000047635
ENSMUSG00000046541,ENSCJAG00000012788
ENSMUSG00000094120,ENSCJAG00000000301
ENSMUSG00000094120,ENSCJAG00000041374
ENSMUSG00000094120,ENSCJAG00000047635
ENSMUSG00000095817,ENSCJAG00000000301
ENSMUSG00000095817,ENSCJAG00000041374
ENSMUSG00000095817,ENSCJAG00000047635
ENSMUSG00000096852,ENSCJAG00000037046
ENSMUSG00000096852,ENSCJAG00000002321
ENSMUSG00000095593,ENSCJAG00000000301
ENSMUSG00000095593,ENSCJAG00000041374
ENSMUSG00000095593,ENSCJAG00000047635
ENSMUSG00000066979,ENSCJAG00000001066
ENSMUSG00000096481,ENSCJAG00000000301
ENSMUSG00000096481,ENSCJAG00000041374
ENSMUSG00000096481,ENSCJAG00000047635
ENSMUSG00000004231,ENSCJAG00000017397
ENSMUSG00000095721,ENSCJAG00000000301
ENSMUSG00000095721,ENSCJAG00000041374
ENSMUSG00000095721,ENSCJAG00000047635
ENSMUSG00000096131,ENSCJAG00000000301
ENSMUSG00000096131,ENSCJAG00000041374
ENSMUSG00000096131,ENSCJAG00000047635
ENSMUSG00000096380,ENSCJAG00000000301
ENSMUSG00000096380,ENSCJAG00000041374
ENSMUSG00000096380,ENSCJAG00000047635
ENSMUSG00000094913,ENSCJAG00000000301
ENSMUSG00000094913,ENSCJAG00000041374
ENSMUSG00000094913,ENSCJAG00000047635
ENSMUSG00000069582,ENSCJAG00000000301
ENSMUSG00000069582,ENSCJAG00000041374
ENSMUSG00000069582,ENSCJAG00000047635
ENSMUSG00000119678,ENSCJAG00000085234
ENSMUSG00000119678,ENSCJAG00000071431
ENSMUSG00000119678,ENSCJAG00000033402
ENSMUSG00000112223,ENSCJAG00000000301
ENSMUSG00000112223,ENSCJAG00000041374
ENSMUSG00000112223,ENSCJAG00000047635
ENSMUSG00000112653,ENSCJAG00000000301
ENSMUSG00000112653,ENSCJAG00000041374
ENSMUSG00000112653,ENSCJAG00000047635
ENSMUSG00000027829,ENSCJAG00000004692
ENSMUSG00000111915,ENSCJAG00000000301
ENSMUSG00000111915,ENSCJAG00000041374
ENSMUSG00000111915,ENSCJAG00000047635
ENSMUSG00000051652,ENSCJAG00000081918
ENSMUSG00000009292,ENSCJAG00000073600
ENSMUSG00000047298,ENSCJAG00000042809
ENSMUSG00000038080,ENSCJAG00000006934
ENSMUSG00000041360,ENSCJAG00000010917
ENSMUSG00000094559,ENSCJAG00000037046
ENSMUSG00000094559,ENSCJAG00000002321
ENSMUSG00000040125,ENSCJAG00000008190
ENSMUSG00000023926,ENSCJAG00000011684
ENSMUSG00000118516,ENSCJAG00000037046
ENSMUSG00000118516,ENSCJAG00000002321
ENSMUSG00000030838,ENSCJAG00000009310
ENSMUSG00000025158,ENSCJAG00000018159
ENSMUSG00000068083,ENSCJAG00000037046
ENSMUSG00000068083,ENSCJAG00000002321
ENSMUSG00000051146,ENSCJAG00000022233
ENSMUSG00000054951,ENSCJAG00000075192
ENSMUSG00000022842,ENSCJAG00000015132
ENSMUSG00000091043,ENSCJAG00000083861
ENSMUSG00000032083,ENSCJAG00000012644
ENSMUSG00000030315,ENSCJAG00000016643
ENSMUSG00000017421,ENSCJAG00000014376
ENSMUSG00000023919,ENSCJAG00000011759
ENSMUSG00000022445,ENSCJAG00000037046
ENSMUSG00000022445,ENSCJAG00000002321
ENSMUSG00000032482,ENSCJAG00000002499
ENSMUSG00000021377,ENSCJAG00000006952
ENSMUSG00000069132,ENSCJAG00000012152
ENSMUSG00000002307,ENSCJAG00000021679
ENSMUSG00000026771,ENSCJAG00000041394
ENSMUSG00000027831,ENSCJAG00000004747
ENSMUSG00000029524,ENSCJAG00000039472
ENSMUSG00000076688,ENSCJAG00000078829
ENSMUSG00000076688,ENSCJAG00000076412
ENSMUSG00000076688,ENSCJAG00000082872
ENSMUSG00000076688,ENSCJAG00000075647
ENSMUSG00000076688,ENSCJAG00000077463
ENSMUSG00000076688,ENSCJAG00000082480
ENSMUSG00000076688,ENSCJAG00000072999
ENSMUSG00000076688,ENSCJAG00000080397
ENSMUSG00000076688,ENSCJAG00000044155
ENSMUSG00000076688,ENSCJAG00000072566
ENSMUSG00000076688,ENSCJAG00000074685
ENSMUSG00000076688,ENSCJAG00000073570
ENSMUSG00000076688,ENSCJAG00000069729
ENSMUSG00000076688,ENSCJAG00000080709
ENSMUSG00000076688,ENSCJAG00000057942
ENSMUSG00000076688,ENSCJAG00000071911
ENSMUSG00000076688,ENSCJAG00000072663
ENSMUSG00000076688,ENSCJAG00000067041
ENSMUSG00000076688,ENSCJAG00000074322
ENSMUSG00000076688,ENSCJAG00000084680
ENSMUSG00000076688,ENSCJAG00000076210
ENSMUSG00000076688,ENSCJAG00000085672
ENSMUSG00000094694,ENSCJAG00000078829
ENSMUSG00000094694,ENSCJAG00000076412
ENSMUSG00000094694,ENSCJAG00000082872
ENSMUSG00000094694,ENSCJAG00000075647
ENSMUSG00000094694,ENSCJAG00000077463
ENSMUSG00000094694,ENSCJAG00000082480
ENSMUSG00000094694,ENSCJAG00000072999
ENSMUSG00000094694,ENSCJAG00000080397
ENSMUSG00000094694,ENSCJAG00000044155
ENSMUSG00000094694,ENSCJAG00000072566
ENSMUSG00000094694,ENSCJAG00000074685
ENSMUSG00000094694,ENSCJAG00000073570
ENSMUSG00000094694,ENSCJAG00000069729
ENSMUSG00000094694,ENSCJAG00000080709
ENSMUSG00000094694,ENSCJAG00000057942
ENSMUSG00000094694,ENSCJAG00000071911
ENSMUSG00000094694,ENSCJAG00000072663
ENSMUSG00000094694,ENSCJAG00000067041
ENSMUSG00000094694,ENSCJAG00000074322
ENSMUSG00000094694,ENSCJAG00000084680
ENSMUSG00000094694,ENSCJAG00000076210
ENSMUSG00000094694,ENSCJAG00000085672
ENSMUSG00000076695,ENSCJAG00000078829
ENSMUSG00000076695,ENSCJAG00000076412
ENSMUSG00000076695,ENSCJAG00000082872
ENSMUSG00000076695,ENSCJAG00000075647
ENSMUSG00000076695,ENSCJAG00000077463
ENSMUSG00000076695,ENSCJAG00000082480
ENSMUSG00000076695,ENSCJAG00000072999
ENSMUSG00000076695,ENSCJAG00000080397
ENSMUSG00000076695,ENSCJAG00000044155
ENSMUSG00000076695,ENSCJAG00000072566
ENSMUSG00000076695,ENSCJAG00000074685
ENSMUSG00000076695,ENSCJAG00000073570
ENSMUSG00000076695,ENSCJAG00000069729
ENSMUSG00000076695,ENSCJAG00000080709
ENSMUSG00000076695,ENSCJAG00000057942
ENSMUSG00000076695,ENSCJAG00000071911
ENSMUSG00000076695,ENSCJAG00000072663
ENSMUSG00000076695,ENSCJAG00000067041
ENSMUSG00000076695,ENSCJAG00000074322
ENSMUSG00000076695,ENSCJAG00000084680
ENSMUSG00000076695,ENSCJAG00000076210
ENSMUSG00000076695,ENSCJAG00000085672
ENSMUSG00000028245,ENSCJAG00000008834
ENSMUSG00000096410,ENSCJAG00000078829
ENSMUSG00000096410,ENSCJAG00000076412
ENSMUSG00000096410,ENSCJAG00000082872
ENSMUSG00000096410,ENSCJAG00000075647
ENSMUSG00000096410,ENSCJAG00000077463
ENSMUSG00000096410,ENSCJAG00000082480
ENSMUSG00000096410,ENSCJAG00000072999
ENSMUSG00000096410,ENSCJAG00000080397
ENSMUSG00000096410,ENSCJAG00000044155
ENSMUSG00000096410,ENSCJAG00000072566
ENSMUSG00000096410,ENSCJAG00000074685
ENSMUSG00000096410,ENSCJAG00000073570
ENSMUSG00000096410,ENSCJAG00000069729
ENSMUSG00000096410,ENSCJAG00000080709
ENSMUSG00000096410,ENSCJAG00000057942
ENSMUSG00000096410,ENSCJAG00000071911
ENSMUSG00000096410,ENSCJAG00000072663
ENSMUSG00000096410,ENSCJAG00000067041
ENSMUSG00000096410,ENSCJAG00000074322
ENSMUSG00000096410,ENSCJAG00000084680
ENSMUSG00000096410,ENSCJAG00000076210
ENSMUSG00000096410,ENSCJAG00000085672
ENSMUSG00000032081,ENSCJAG00000012639
ENSMUSG00000095761,ENSCJAG00000078829
ENSMUSG00000095761,ENSCJAG00000076412
ENSMUSG00000095761,ENSCJAG00000082872
ENSMUSG00000095761,ENSCJAG00000075647
ENSMUSG00000095761,ENSCJAG00000077463
ENSMUSG00000095761,ENSCJAG00000082480
ENSMUSG00000095761,ENSCJAG00000072999
ENSMUSG00000095761,ENSCJAG00000080397
ENSMUSG00000095761,ENSCJAG00000044155
ENSMUSG00000095761,ENSCJAG00000072566
ENSMUSG00000095761,ENSCJAG00000074685
ENSMUSG00000095761,ENSCJAG00000073570
ENSMUSG00000095761,ENSCJAG00000069729
ENSMUSG00000095761,ENSCJAG00000080709
ENSMUSG00000095761,ENSCJAG00000057942
ENSMUSG00000095761,ENSCJAG00000071911
ENSMUSG00000095761,ENSCJAG00000072663
ENSMUSG00000095761,ENSCJAG00000067041
ENSMUSG00000095761,ENSCJAG00000074322
ENSMUSG00000095761,ENSCJAG00000084680
ENSMUSG00000095761,ENSCJAG00000076210
ENSMUSG00000095761,ENSCJAG00000085672
ENSMUSG00000022440,ENSCJAG00000081983
ENSMUSG00000119520,ENSCJAG00000081131
ENSMUSG00000094051,ENSCJAG00000078829
ENSMUSG00000094051,ENSCJAG00000076412
ENSMUSG00000094051,ENSCJAG00000082872
ENSMUSG00000094051,ENSCJAG00000075647
ENSMUSG00000094051,ENSCJAG00000077463
ENSMUSG00000094051,ENSCJAG00000082480
ENSMUSG00000094051,ENSCJAG00000072999
ENSMUSG00000094051,ENSCJAG00000080397
ENSMUSG00000094051,ENSCJAG00000044155
ENSMUSG00000094051,ENSCJAG00000072566
ENSMUSG00000094051,ENSCJAG00000074685
ENSMUSG00000094051,ENSCJAG00000073570
ENSMUSG00000094051,ENSCJAG00000069729
ENSMUSG00000094051,ENSCJAG00000080709
ENSMUSG00000094051,ENSCJAG00000057942
ENSMUSG00000094051,ENSCJAG00000071911
ENSMUSG00000094051,ENSCJAG00000072663
ENSMUSG00000094051,ENSCJAG00000067041
ENSMUSG00000094051,ENSCJAG00000074322
ENSMUSG00000094051,ENSCJAG00000084680
ENSMUSG00000094051,ENSCJAG00000076210
ENSMUSG00000094051,ENSCJAG00000085672
ENSMUSG00000119132,ENSCJAG00000080088
ENSMUSG00000028944,ENSCJAG00000020422
ENSMUSG00000095923,ENSCJAG00000078829
ENSMUSG00000095923,ENSCJAG00000076412
ENSMUSG00000095923,ENSCJAG00000082872
ENSMUSG00000095923,ENSCJAG00000075647
ENSMUSG00000095923,ENSCJAG00000077463
ENSMUSG00000095923,ENSCJAG00000082480
ENSMUSG00000095923,ENSCJAG00000072999
ENSMUSG00000095923,ENSCJAG00000080397
ENSMUSG00000095923,ENSCJAG00000044155
ENSMUSG00000095923,ENSCJAG00000072566
ENSMUSG00000095923,ENSCJAG00000074685
ENSMUSG00000095923,ENSCJAG00000073570
ENSMUSG00000095923,ENSCJAG00000069729
ENSMUSG00000095923,ENSCJAG00000080709
ENSMUSG00000095923,ENSCJAG00000057942
ENSMUSG00000095923,ENSCJAG00000071911
ENSMUSG00000095923,ENSCJAG00000072663
ENSMUSG00000095923,ENSCJAG00000067041
ENSMUSG00000095923,ENSCJAG00000074322
ENSMUSG00000095923,ENSCJAG00000084680
ENSMUSG00000095923,ENSCJAG00000076210
ENSMUSG00000095923,ENSCJAG00000085672
ENSMUSG00000000440,ENSCJAG00000016687
ENSMUSG00000095204,ENSCJAG00000078829
ENSMUSG00000095204,ENSCJAG00000076412
ENSMUSG00000095204,ENSCJAG00000082872
ENSMUSG00000095204,ENSCJAG00000075647
ENSMUSG00000095204,ENSCJAG00000077463
ENSMUSG00000095204,ENSCJAG00000082480
ENSMUSG00000095204,ENSCJAG00000072999
ENSMUSG00000095204,ENSCJAG00000080397
ENSMUSG00000095204,ENSCJAG00000044155
ENSMUSG00000095204,ENSCJAG00000072566
ENSMUSG00000095204,ENSCJAG00000074685
ENSMUSG00000095204,ENSCJAG00000073570
ENSMUSG00000095204,ENSCJAG00000069729
ENSMUSG00000095204,ENSCJAG00000080709
ENSMUSG00000095204,ENSCJAG00000057942
ENSMUSG00000095204,ENSCJAG00000071911
ENSMUSG00000095204,ENSCJAG00000072663
ENSMUSG00000095204,ENSCJAG00000067041
ENSMUSG00000095204,ENSCJAG00000074322
ENSMUSG00000095204,ENSCJAG00000084680
ENSMUSG00000095204,ENSCJAG00000076210
ENSMUSG00000095204,ENSCJAG00000085672
ENSMUSG00000064373,ENSCJAG00000076517
ENSMUSG00000095197,ENSCJAG00000078829
ENSMUSG00000095197,ENSCJAG00000076412
ENSMUSG00000095197,ENSCJAG00000082872
ENSMUSG00000095197,ENSCJAG00000075647
ENSMUSG00000095197,ENSCJAG00000077463
ENSMUSG00000095197,ENSCJAG00000082480
ENSMUSG00000095197,ENSCJAG00000072999
ENSMUSG00000095197,ENSCJAG00000080397
ENSMUSG00000095197,ENSCJAG00000044155
ENSMUSG00000095197,ENSCJAG00000072566
ENSMUSG00000095197,ENSCJAG00000074685
ENSMUSG00000095197,ENSCJAG00000073570
ENSMUSG00000095197,ENSCJAG00000069729
ENSMUSG00000095197,ENSCJAG00000080709
ENSMUSG00000095197,ENSCJAG00000057942
ENSMUSG00000095197,ENSCJAG00000071911
ENSMUSG00000095197,ENSCJAG00000072663
ENSMUSG00000095197,ENSCJAG00000067041
ENSMUSG00000095197,ENSCJAG00000074322
ENSMUSG00000095197,ENSCJAG00000084680
ENSMUSG00000095197,ENSCJAG00000076210
ENSMUSG00000095197,ENSCJAG00000085672
ENSMUSG00000087370,ENSCJAG00000076652
ENSMUSG00000094502,ENSCJAG00000078829
ENSMUSG00000094502,ENSCJAG00000076412
ENSMUSG00000094502,ENSCJAG00000082872
ENSMUSG00000094502,ENSCJAG00000075647
ENSMUSG00000094502,ENSCJAG00000077463
ENSMUSG00000094502,ENSCJAG00000082480
ENSMUSG00000094502,ENSCJAG00000072999
ENSMUSG00000094502,ENSCJAG00000080397
ENSMUSG00000094502,ENSCJAG00000044155
ENSMUSG00000094502,ENSCJAG00000072566
ENSMUSG00000094502,ENSCJAG00000074685
ENSMUSG00000094502,ENSCJAG00000073570
ENSMUSG00000094502,ENSCJAG00000069729
ENSMUSG00000094502,ENSCJAG00000080709
ENSMUSG00000094502,ENSCJAG00000057942
ENSMUSG00000094502,ENSCJAG00000071911
ENSMUSG00000094502,ENSCJAG00000072663
ENSMUSG00000094502,ENSCJAG00000067041
ENSMUSG00000094502,ENSCJAG00000074322
ENSMUSG00000094502,ENSCJAG00000084680
ENSMUSG00000094502,ENSCJAG00000076210
ENSMUSG00000094502,ENSCJAG00000085672
ENSMUSG00000032080,ENSCJAG00000070367
ENSMUSG00000076731,ENSCJAG00000085585
ENSMUSG00000076731,ENSCJAG00000073412
ENSMUSG00000094124,ENSCJAG00000078829
ENSMUSG00000094124,ENSCJAG00000076412
ENSMUSG00000094124,ENSCJAG00000082872
ENSMUSG00000094124,ENSCJAG00000075647
ENSMUSG00000094124,ENSCJAG00000077463
ENSMUSG00000094124,ENSCJAG00000082480
ENSMUSG00000094124,ENSCJAG00000072999
ENSMUSG00000094124,ENSCJAG00000080397
ENSMUSG00000094124,ENSCJAG00000044155
ENSMUSG00000094124,ENSCJAG00000072566
ENSMUSG00000094124,ENSCJAG00000074685
ENSMUSG00000094124,ENSCJAG00000073570
ENSMUSG00000094124,ENSCJAG00000069729
ENSMUSG00000094124,ENSCJAG00000080709
ENSMUSG00000094124,ENSCJAG00000057942
ENSMUSG00000094124,ENSCJAG00000071911
ENSMUSG00000094124,ENSCJAG00000072663
ENSMUSG00000094124,ENSCJAG00000067041
ENSMUSG00000094124,ENSCJAG00000074322
ENSMUSG00000094124,ENSCJAG00000084680
ENSMUSG00000094124,ENSCJAG00000076210
ENSMUSG00000094124,ENSCJAG00000085672
ENSMUSG00000064522,ENSCJAG00000034193
ENSMUSG00000058022,ENSCJAG00000005080
ENSMUSG00000035032,ENSCJAG00000003164
ENSMUSG00000062778,ENSCJAG00000013278
ENSMUSG00000093784,ENSCJAG00000032998
ENSMUSG00000093443,ENSCJAG00000087204
ENSMUSG00000070544,ENSCJAG00000018101
ENSMUSG00000020284,ENSCJAG00000017611
ENSMUSG00000024308,ENSCJAG00000021675
ENSMUSG00000024935,ENSCJAG00000011113
ENSMUSG00000033075,ENSCJAG00000015180
ENSMUSG00000052632,ENSCJAG00000006233
ENSMUSG00000026986,ENSCJAG00000012109
ENSMUSG00000020277,ENSCJAG00000017630
ENSMUSG00000048368,ENSCJAG00000047888
ENSMUSG00000032079,ENSCJAG00000012611
ENSMUSG00000021390,ENSCJAG00000020486
ENSMUSG00000064202,ENSCJAG00000011136
ENSMUSG00000021392,ENSCJAG00000039875
ENSMUSG00000051390,ENSCJAG00000021676
ENSMUSG00000027832,ENSCJAG00000004771
ENSMUSG00000042389,ENSCJAG00000080511
ENSMUSG00000041354,ENSCJAG00000021668
ENSMUSG00000032567,ENSCJAG00000003181
ENSMUSG00000027695,ENSCJAG00000002296
ENSMUSG00000028292,ENSCJAG00000000692
ENSMUSG00000061809,ENSCJAG00000018372
ENSMUSG00000033065,ENSCJAG00000085813
ENSMUSG00000016494,ENSCJAG00000003776
ENSMUSG00000068011,ENSCJAG00000040602
ENSMUSG00000000439,ENSCJAG00000079990
ENSMUSG00000000439,ENSCJAG00000016733
ENSMUSG00000000731,ENSCJAG00000013748
ENSMUSG00000016933,ENSCJAG00000018013
ENSMUSG00000029782,ENSCJAG00000010584
ENSMUSG00000032078,ENSCJAG00000012583
ENSMUSG00000024309,ENSCJAG00000021665
ENSMUSG00000024785,ENSCJAG00000011202
ENSMUSG00000041261,ENSCJAG00000008976
ENSMUSG00000018736,ENSCJAG00000014341
ENSMUSG00000006998,ENSCJAG00000034394
ENSMUSG00000070732,ENSCJAG00000000484
ENSMUSG00000048175,ENSCJAG00000073495
ENSMUSG00000047187,ENSCJAG00000009000
ENSMUSG00000058624,ENSCJAG00000001414
ENSMUSG00000024312,ENSCJAG00000021659
ENSMUSG00000029875,ENSCJAG00000079358
ENSMUSG00000034353,ENSCJAG00000086220
ENSMUSG00000032077,ENSCJAG00000012570
ENSMUSG00000026575,ENSCJAG00000010278
ENSMUSG00000022987,ENSCJAG00000082757
ENSMUSG00000028938,ENSCJAG00000019740
ENSMUSG00000046490,ENSCJAG00000023106
ENSMUSG00000037851,ENSCJAG00000020465
ENSMUSG00000041235,ENSCJAG00000009025
ENSMUSG00000060938,ENSCJAG00000070356
ENSMUSG00000067370,ENSCJAG00000043225
ENSMUSG00000008668,ENSCJAG00000022467
ENSMUSG00000008668,ENSCJAG00000021650
ENSMUSG00000022427,ENSCJAG00000083336
ENSMUSG00000022427,ENSCJAG00000080411
ENSMUSG00000022427,ENSCJAG00000011731
ENSMUSG00000035171,ENSCJAG00000042660
ENSMUSG00000038059,ENSCJAG00000041943
ENSMUSG00000062352,ENSCJAG00000021951
ENSMUSG00000062352,ENSCJAG00000006250
ENSMUSG00000024603,ENSCJAG00000020943
ENSMUSG00000025156,ENSCJAG00000018123
ENSMUSG00000035877,ENSCJAG00000018012
ENSMUSG00000029528,ENSCJAG00000008639
ENSMUSG00000022426,ENSCJAG00000011713
ENSMUSG00000042535,ENSCJAG00000011652
ENSMUSG00000016493,ENSCJAG00000003807
ENSMUSG00000064673,ENSCJAG00000024164
ENSMUSG00000064673,ENSCJAG00000066340
ENSMUSG00000064673,ENSCJAG00000065870
ENSMUSG00000047368,ENSCJAG00000001448
ENSMUSG00000036466,ENSCJAG00000007353
ENSMUSG00000091809,ENSCJAG00000034656
ENSMUSG00000027412,ENSCJAG00000017986
ENSMUSG00000024319,ENSCJAG00000021644
ENSMUSG00000045983,ENSCJAG00000014999
ENSMUSG00000028294,ENSCJAG00000036461
ENSMUSG00000030862,ENSCJAG00000046273
ENSMUSG00000054309,ENSCJAG00000006276
ENSMUSG00000065412,ENSCJAG00000026565
ENSMUSG00000065548,ENSCJAG00000025617
ENSMUSG00000026576,ENSCJAG00000010317
ENSMUSG00000087963,ENSCJAG00000030083
ENSMUSG00000040809,ENSCJAG00000013278
ENSMUSG00000052087,ENSCJAG00000006873
ENSMUSG00000042524,ENSCJAG00000011606
ENSMUSG00000057177,ENSCJAG00000012791
ENSMUSG00000025969,ENSCJAG00000005577
ENSMUSG00000021490,ENSCJAG00000006845
ENSMUSG00000027833,ENSCJAG00000073951
ENSMUSG00000072707,ENSCJAG00000036519
ENSMUSG00000071015,ENSCJAG00000000651
ENSMUSG00000050700,ENSCJAG00000081544
ENSMUSG00000052417,ENSCJAG00000037545
ENSMUSG00000041216,ENSCJAG00000040445
ENSMUSG00000021737,ENSCJAG00000019540
ENSMUSG00000057133,ENSCJAG00000017920
ENSMUSG00000024259,ENSCJAG00000083730
ENSMUSG00000052921,ENSCJAG00000014397
ENSMUSG00000062054,ENSCJAG00000006360
ENSMUSG00000063779,ENSCJAG00000013278
ENSMUSG00000024260,ENSCJAG00000010759
ENSMUSG00000030930,ENSCJAG00000010285
ENSMUSG00000021738,ENSCJAG00000019570
ENSMUSG00000047022,ENSCJAG00000016434
ENSMUSG00000028295,ENSCJAG00000084430
ENSMUSG00000027902,ENSCJAG00000013278
ENSMUSG00000029784,ENSCJAG00000010598
ENSMUSG00000028041,ENSCJAG00000009075
ENSMUSG00000044444,ENSCJAG00000006841
ENSMUSG00000021492,ENSCJAG00000006834
ENSMUSG00000031149,ENSCJAG00000078035
ENSMUSG00000040857,ENSCJAG00000058052
ENSMUSG00000018740,ENSCJAG00000014416
ENSMUSG00000031150,ENSCJAG00000002605
ENSMUSG00000038072,ENSCJAG00000019732
ENSMUSG00000071553,ENSCJAG00000010612
ENSMUSG00000030701,ENSCJAG00000015909
ENSMUSG00000032892,ENSCJAG00000014422
ENSMUSG00000039967,ENSCJAG00000000634
ENSMUSG00000075415,ENSCJAG00000020360
ENSMUSG00000004771,ENSCJAG00000042037
ENSMUSG00000053453,ENSCJAG00000034899
ENSMUSG00000074886,ENSCJAG00000006775
ENSMUSG00000017428,ENSCJAG00000014450
ENSMUSG00000075832,ENSCJAG00000086432
ENSMUSG00000021256,ENSCJAG00000020720
ENSMUSG00000041915,ENSCJAG00000010743
ENSMUSG00000039070,ENSCJAG00000010655
ENSMUSG00000001348,ENSCJAG00000005507
ENSMUSG00000028298,ENSCJAG00000000626
ENSMUSG00000021257,ENSCJAG00000020726
ENSMUSG00000067274,ENSCJAG00000032302
ENSMUSG00000000441,ENSCJAG00000016737
ENSMUSG00000024258,ENSCJAG00000021814
ENSMUSG00000024258,ENSCJAG00000079581
ENSMUSG00000073910,ENSCJAG00000038687
ENSMUSG00000059114,ENSCJAG00000020736
ENSMUSG00000053641,ENSCJAG00000007209
ENSMUSG00000022420,ENSCJAG00000044212
ENSMUSG00000028300,ENSCJAG00000018440
ENSMUSG00000024325,ENSCJAG00000081691
ENSMUSG00000034501,ENSCJAG00000019055
ENSMUSG00000029368,ENSCJAG00000013986
ENSMUSG00000057469,ENSCJAG00000006910
ENSMUSG00000065555,ENSCJAG00000029305
ENSMUSG00000073422,ENSCJAG00000021632
ENSMUSG00000079357,ENSCJAG00000019599
ENSMUSG00000034452,ENSCJAG00000007180
ENSMUSG00000020580,ENSCJAG00000006805
ENSMUSG00000021747,ENSCJAG00000019711
ENSMUSG00000034263,ENSCJAG00000007118
ENSMUSG00000054932,ENSCJAG00000013971
ENSMUSG00000089715,ENSCJAG00000056228
ENSMUSG00000045083,ENSCJAG00000022711
ENSMUSG00000065344,ENSCJAG00000086291
ENSMUSG00000065344,ENSCJAG00000083299
ENSMUSG00000021749,ENSCJAG00000019719
ENSMUSG00000029369,ENSCJAG00000013963
ENSMUSG00000088339,ENSCJAG00000066775
ENSMUSG00000088339,ENSCJAG00000055140
ENSMUSG00000048895,ENSCJAG00000047608
ENSMUSG00000028405,ENSCJAG00000007687
ENSMUSG00000021750,ENSCJAG00000019725
ENSMUSG00000020899,ENSCJAG00000014431
ENSMUSG00000029788,ENSCJAG00000010683
ENSMUSG00000033629,ENSCJAG00000007084
ENSMUSG00000024327,ENSCJAG00000021622
ENSMUSG00000021751,ENSCJAG00000019727
ENSMUSG00000032393,ENSCJAG00000006987
ENSMUSG00000009585,ENSCJAG00000012524
ENSMUSG00000041638,ENSCJAG00000008897
ENSMUSG00000040296,ENSCJAG00000007741
ENSMUSG00000039656,ENSCJAG00000021619
ENSMUSG00000025155,ENSCJAG00000018104
ENSMUSG00000021752,ENSCJAG00000077075
ENSMUSG00000021748,ENSCJAG00000071329
ENSMUSG00000021748,ENSCJAG00000019739
ENSMUSG00000059900,ENSCJAG00000016751
ENSMUSG00000045679,ENSCJAG00000044173
ENSMUSG00000032570,ENSCJAG00000003182
ENSMUSG00000033885,ENSCJAG00000019744
ENSMUSG00000030934,ENSCJAG00000012633
ENSMUSG00000030934,ENSCJAG00000081194
ENSMUSG00000031153,ENSCJAG00000002531
ENSMUSG00000026574,ENSCJAG00000082086
ENSMUSG00000026573,ENSCJAG00000086614
ENSMUSG00000048528,ENSCJAG00000068730
ENSMUSG00000034343,ENSCJAG00000000476
ENSMUSG00000020571,ENSCJAG00000006694
ENSMUSG00000009487,ENSCJAG00000009263
ENSMUSG00000029518,ENSCJAG00000008955
ENSMUSG00000028256,ENSCJAG00000007184
ENSMUSG00000024330,ENSCJAG00000021577
ENSMUSG00002075398,ENSCJAG00000044380
ENSMUSG00000030319,ENSCJAG00000016770
ENSMUSG00000036822,ENSCJAG00000007840
ENSMUSG00000031558,ENSCJAG00000012812
ENSMUSG00000071014,ENSCJAG00000046540
ENSMUSG00000071014,ENSCJAG00000077184
ENSMUSG00000071014,ENSCJAG00000007852
ENSMUSG00000020566,ENSCJAG00000006660
ENSMUSG00000035441,ENSCJAG00000014516
ENSMUSG00000034686,ENSCJAG00000006764
ENSMUSG00000034675,ENSCJAG00000006729
ENSMUSG00000064563,ENSCJAG00000069776
ENSMUSG00000029790,ENSCJAG00000010737
ENSMUSG00000028207,ENSCJAG00000009122
ENSMUSG00000026572,ENSCJAG00000016812
ENSMUSG00000053411,ENSCJAG00000012537
ENSMUSG00000037447,ENSCJAG00000007759
ENSMUSG00000030946,ENSCJAG00000012614
ENSMUSG00000009471,ENSCJAG00000009258
ENSMUSG00000058975,ENSCJAG00000007290
ENSMUSG00000035413,ENSCJAG00000014550
ENSMUSG00000000489,ENSCJAG00000011366
ENSMUSG00000053184,ENSCJAG00000014561
ENSMUSG00000066197,ENSCJAG00000009595
ENSMUSG00000024620,ENSCJAG00000021070
ENSMUSG00000030956,ENSCJAG00000012593
ENSMUSG00000022421,ENSCJAG00000041862
ENSMUSG00000020704,ENSCJAG00000051816
ENSMUSG00000031585,ENSCJAG00000012399
ENSMUSG00000030322,ENSCJAG00000017293
ENSMUSG00000060036,ENSCJAG00000012574
ENSMUSG00000060036,ENSCJAG00000085777
ENSMUSG00000021203,ENSCJAG00000009667
ENSMUSG00000051855,ENSCJAG00000010760
ENSMUSG00000063652,ENSCJAG00000012972
ENSMUSG00000025810,ENSCJAG00000013753
ENSMUSG00000077734,ENSCJAG00000081614
ENSMUSG00000077734,ENSCJAG00000072219
ENSMUSG00000077734,ENSCJAG00000085002
ENSMUSG00002075255,ENSCJAG00000080900
ENSMUSG00002075255,ENSCJAG00000073313
ENSMUSG00002075255,ENSCJAG00000072506
ENSMUSG00000064884,ENSCJAG00000086344
ENSMUSG00000022415,ENSCJAG00000086031
ENSMUSG00000021493,ENSCJAG00000006678
ENSMUSG00000009731,ENSCJAG00000002523
ENSMUSG00000031586,ENSCJAG00000012366
ENSMUSG00000009185,ENSCJAG00000038352
ENSMUSG00000029461,ENSCJAG00000015915
ENSMUSG00000041645,ENSCJAG00000009683
ENSMUSG00000020334,ENSCJAG00000012966
ENSMUSG00000042672,ENSCJAG00000009273
ENSMUSG00000025279,ENSCJAG00000019760
ENSMUSG00000031154,ENSCJAG00000002507
ENSMUSG00000016481,ENSCJAG00000079270
ENSMUSG00000022414,ENSCJAG00000016297
ENSMUSG00000025278,ENSCJAG00000019764
ENSMUSG00000000730,ENSCJAG00000087076
ENSMUSG00000020388,ENSCJAG00000012942
ENSMUSG00000038736,ENSCJAG00000006407
ENSMUSG00000024621,ENSCJAG00000021077
ENSMUSG00000109293,ENSCJAG00000009296
ENSMUSG00000028042,ENSCJAG00000009307
ENSMUSG00000020701,ENSCJAG00000014632
ENSMUSG00000027359,ENSCJAG00000001504
ENSMUSG00000034544,ENSCJAG00000036696
ENSMUSG00000022338,ENSCJAG00000087121
ENSMUSG00000022338,ENSCJAG00000076126
ENSMUSG00000119381,ENSCJAG00000041283
ENSMUSG00000119381,ENSCJAG00000082278
ENSMUSG00000119381,ENSCJAG00000027941
ENSMUSG00000119381,ENSCJAG00000032102
ENSMUSG00000119381,ENSCJAG00000070405
ENSMUSG00000040848,ENSCJAG00000016838
ENSMUSG00000040848,ENSCJAG00000073749
ENSMUSG00000025153,ENSCJAG00000018059
ENSMUSG00000068742,ENSCJAG00000011551
ENSMUSG00000038725,ENSCJAG00000006282
ENSMUSG00000000732,ENSCJAG00000003576
ENSMUSG00000040843,ENSCJAG00000040736
ENSMUSG00000024622,ENSCJAG00000021088
ENSMUSG00000030960,ENSCJAG00000078355
ENSMUSG00000046794,ENSCJAG00000065392
ENSMUSG00000040836,ENSCJAG00000016889
ENSMUSG00000053329,ENSCJAG00000005560
ENSMUSG00000031527,ENSCJAG00000012129
ENSMUSG00000121606,ENSCJAG00000041692
ENSMUSG00000093806,ENSCJAG00000073238
ENSMUSG00000093806,ENSCJAG00000003880
ENSMUSG00000065603,ENSCJAG00000036291
ENSMUSG00000029370,ENSCJAG00000013949
ENSMUSG00000026307,ENSCJAG00000000471
ENSMUSG00000040046,ENSCJAG00000007283
ENSMUSG00000070056,ENSCJAG00000012125
ENSMUSG00000032834,ENSCJAG00000005570
ENSMUSG00000062949,ENSCJAG00000010095
ENSMUSG00000065501,ENSCJAG00000030095
ENSMUSG00000030323,ENSCJAG00000017213
ENSMUSG00000035711,ENSCJAG00000006649
ENSMUSG00000049922,ENSCJAG00000011547
ENSMUSG00000041669,ENSCJAG00000075672
ENSMUSG00000089125,ENSCJAG00000064928
ENSMUSG00000050271,ENSCJAG00000012108
ENSMUSG00000034320,ENSCJAG00000021099
ENSMUSG00000021494,ENSCJAG00000006595
ENSMUSG00000032394,ENSCJAG00000006940
ENSMUSG00000027221,ENSCJAG00000011537
ENSMUSG00000039633,ENSCJAG00000012070
ENSMUSG00000024575,ENSCJAG00000021102
ENSMUSG00000000374,ENSCJAG00000005608
ENSMUSG00000027220,ENSCJAG00000038216
ENSMUSG00000096753,ENSCJAG00000009639
ENSMUSG00000021200,ENSCJAG00000009646
ENSMUSG00000029371,ENSCJAG00000065339
ENSMUSG00000029372,ENSCJAG00000013918
ENSMUSG00000030954,ENSCJAG00000047270
ENSMUSG00000039620,ENSCJAG00000012066
ENSMUSG00000000194,ENSCJAG00000020376
ENSMUSG00000041609,ENSCJAG00000008974
ENSMUSG00000049515,ENSCJAG00000077549
ENSMUSG00000078173,ENSCJAG00000074218
ENSMUSG00000040774,ENSCJAG00000013188
ENSMUSG00000001211,ENSCJAG00000086643
ENSMUSG00000021495,ENSCJAG00000006553
ENSMUSG00000026571,ENSCJAG00000016904
ENSMUSG00000031523,ENSCJAG00000012014
ENSMUSG00000021868,ENSCJAG00000000973
ENSMUSG00000035919,ENSCJAG00000009008
ENSMUSG00000055538,ENSCJAG00000040780
ENSMUSG00000014504,ENSCJAG00000038676
ENSMUSG00000021866,ENSCJAG00000043070
ENSMUSG00000021866,ENSCJAG00000055667
ENSMUSG00000029373,ENSCJAG00000055104
ENSMUSG00000029379,ENSCJAG00000061765
ENSMUSG00000030965,ENSCJAG00000068604
ENSMUSG00000048416,ENSCJAG00000000352
ENSMUSG00000026308,ENSCJAG00000000459
ENSMUSG00000005873,ENSCJAG00000016517
ENSMUSG00000058569,ENSCJAG00000044100
ENSMUSG00000029089,ENSCJAG00000012915
ENSMUSG00000075028,ENSCJAG00000011508
ENSMUSG00000070081,ENSCJAG00000025659
ENSMUSG00000079583,ENSCJAG00000010089
ENSMUSG00000014503,ENSCJAG00000006165
ENSMUSG00000095304,ENSCJAG00000087361
ENSMUSG00000095304,ENSCJAG00000005520
ENSMUSG00000026616,ENSCJAG00000018263
ENSMUSG00000021504,ENSCJAG00000011183
ENSMUSG00000031391,ENSCJAG00000011023
ENSMUSG00000042642,ENSCJAG00000009320
ENSMUSG00000072676,ENSCJAG00000039784
ENSMUSG00000072676,ENSCJAG00000071422
ENSMUSG00000072676,ENSCJAG00000078491
ENSMUSG00000072676,ENSCJAG00000077470
ENSMUSG00000020698,ENSCJAG00000014646
ENSMUSG00000008318,ENSCJAG00000015934
ENSMUSG00000029380,ENSCJAG00000061765
ENSMUSG00000048502,ENSCJAG00000083749
ENSMUSG00000021501,ENSCJAG00000005675
ENSMUSG00000058427,ENSCJAG00000061765
ENSMUSG00000045767,ENSCJAG00000005779
ENSMUSG00000021497,ENSCJAG00000047658
ENSMUSG00000053141,ENSCJAG00000017913
ENSMUSG00000038056,ENSCJAG00000019672
ENSMUSG00000021496,ENSCJAG00000038461
ENSMUSG00000021496,ENSCJAG00000005793
ENSMUSG00002075838,ENSCJAG00000074103
ENSMUSG00000036501,ENSCJAG00000006206
ENSMUSG00000028044,ENSCJAG00000009331
ENSMUSG00000046010,ENSCJAG00000058086
ENSMUSG00000048445,ENSCJAG00000018041
ENSMUSG00000021870,ENSCJAG00000019871
ENSMUSG00000042043,ENSCJAG00000019848
ENSMUSG00000042043,ENSCJAG00000016933
ENSMUSG00000042043,ENSCJAG00000043771
ENSMUSG00000022340,ENSCJAG00000006204
ENSMUSG00000027774,ENSCJAG00000000363
ENSMUSG00000026568,ENSCJAG00000016985
ENSMUSG00000021685,ENSCJAG00000071567
ENSMUSG00000039539,ENSCJAG00000011991
ENSMUSG00000021671,ENSCJAG00000017148
ENSMUSG00000018906,ENSCJAG00000012936
ENSMUSG00000047443,ENSCJAG00000000456
ENSMUSG00000025044,ENSCJAG00000011905
ENSMUSG00000047557,ENSCJAG00000000386
ENSMUSG00000010453,ENSCJAG00000007688
ENSMUSG00000049404,ENSCJAG00000000389
ENSMUSG00000012282,ENSCJAG00000006245
ENSMUSG00000074182,ENSCJAG00000007041
ENSMUSG00000035984,ENSCJAG00000006262
ENSMUSG00000025607,ENSCJAG00000016441
ENSMUSG00000047117,ENSCJAG00000017129
ENSMUSG00000040017,ENSCJAG00000007213
ENSMUSG00000005054,ENSCJAG00000080268
ENSMUSG00000005054,ENSCJAG00000072810
ENSMUSG00000005054,ENSCJAG00000070329
ENSMUSG00000005054,ENSCJAG00000082521
ENSMUSG00000005054,ENSCJAG00000080197
ENSMUSG00000005054,ENSCJAG00000071745
ENSMUSG00000005054,ENSCJAG00000076666
ENSMUSG00000031603,ENSCJAG00000076090
ENSMUSG00000030967,ENSCJAG00000012573
ENSMUSG00000032788,ENSCJAG00000043205
ENSMUSG00000039478,ENSCJAG00000011856
ENSMUSG00000003778,ENSCJAG00000006280
ENSMUSG00000031389,ENSCJAG00000011008
ENSMUSG00000005442,ENSCJAG00000012847
ENSMUSG00000032763,ENSCJAG00000002096
ENSMUSG00000069922,ENSCJAG00000016564
ENSMUSG00000021668,ENSCJAG00000017052
ENSMUSG00000022339,ENSCJAG00000006248
ENSMUSG00000032392,ENSCJAG00000006929
ENSMUSG00000068735,ENSCJAG00000011462
ENSMUSG00000027775,ENSCJAG00000000395
ENSMUSG00000022557,ENSCJAG00000021437
ENSMUSG00000037432,ENSCJAG00000007780
ENSMUSG00000118734,ENSCJAG00000074592
ENSMUSG00000042254,ENSCJAG00000047691
ENSMUSG00000030324,ENSCJAG00000017195
ENSMUSG00000028195,ENSCJAG00000012726
ENSMUSG00000034161,ENSCJAG00000021441
ENSMUSG00000022556,ENSCJAG00000021431
ENSMUSG00000031963,ENSCJAG00000012015
ENSMUSG00000016921,ENSCJAG00000067472
ENSMUSG00000018916,ENSCJAG00000012924
ENSMUSG00000029376,ENSCJAG00000013883
ENSMUSG00000031600,ENSCJAG00000011769
ENSMUSG00000077239,ENSCJAG00000055919
ENSMUSG00000077239,ENSCJAG00000029251
ENSMUSG00000039032,ENSCJAG00000087350
ENSMUSG00000050821,ENSCJAG00000046825
ENSMUSG00000026309,ENSCJAG00000000443
ENSMUSG00000046593,ENSCJAG00000041764
ENSMUSG00000018914,ENSCJAG00000012921
ENSMUSG00000042279,ENSCJAG00000017209
ENSMUSG00000042279,ENSCJAG00000087235
ENSMUSG00000028411,ENSCJAG00000007940
ENSMUSG00000055632,ENSCJAG00000020578
ENSMUSG00000035020,ENSCJAG00000013872
ENSMUSG00000020928,ENSCJAG00000039133
ENSMUSG00000032571,ENSCJAG00000003293
ENSMUSG00000029377,ENSCJAG00000079559
ENSMUSG00000020929,ENSCJAG00000012349
ENSMUSG00000028933,ENSCJAG00000032080
ENSMUSG00000035629,ENSCJAG00000016456
ENSMUSG00000029378,ENSCJAG00000013848
ENSMUSG00000030123,ENSCJAG00000005429
ENSMUSG00000051777,ENSCJAG00000000412
ENSMUSG00000119278,ENSCJAG00000073096
ENSMUSG00000082361,ENSCJAG00000060942
ENSMUSG00000028194,ENSCJAG00000040455
ENSMUSG00000034981,ENSCJAG00000019977
ENSMUSG00000062181,ENSCJAG00000016564
ENSMUSG00000029088,ENSCJAG00000012939
ENSMUSG00000051279,ENSCJAG00000073278
ENSMUSG00000028191,ENSCJAG00000052966
ENSMUSG00000067071,ENSCJAG00000000434
ENSMUSG00000059482,ENSCJAG00000047965
ENSMUSG00000056260,ENSCJAG00000013162
ENSMUSG00000001143,ENSCJAG00000007901
ENSMUSG00000028410,ENSCJAG00000063697
ENSMUSG00000028410,ENSCJAG00000008022
ENSMUSG00000027217,ENSCJAG00000011479
ENSMUSG00000030963,ENSCJAG00000009544
ENSMUSG00000030126,ENSCJAG00000078317
ENSMUSG00000030126,ENSCJAG00000017178
ENSMUSG00000036873,ENSCJAG00000063173
ENSMUSG00000036873,ENSCJAG00000007022
ENSMUSG00000003779,ENSCJAG00000006393
ENSMUSG00000060560,ENSCJAG00000016544
ENSMUSG00000022555,ENSCJAG00000021408
ENSMUSG00000040747,ENSCJAG00000046967
ENSMUSG00000032714,ENSCJAG00000002073
ENSMUSG00000015357,ENSCJAG00000006870
ENSMUSG00000039431,ENSCJAG00000075923
ENSMUSG00000039431,ENSCJAG00000011725
ENSMUSG00000035576,ENSCJAG00000003964
ENSMUSG00000055866,ENSCJAG00000000428
ENSMUSG00000036863,ENSCJAG00000007003
ENSMUSG00000056367,ENSCJAG00000019650
ENSMUSG00000005355,ENSCJAG00000004476
ENSMUSG00000043020,ENSCJAG00000006895
ENSMUSG00000028409,ENSCJAG00000007863
ENSMUSG00000025609,ENSCJAG00000016384
ENSMUSG00000043659,ENSCJAG00000012118
ENSMUSG00000022559,ENSCJAG00000042759
ENSMUSG00000030968,ENSCJAG00000009504
ENSMUSG00000065937,ENSCJAG00000033819
ENSMUSG00000042626,ENSCJAG00000009236
ENSMUSG00000076441,ENSCJAG00000020554
ENSMUSG00000034292,ENSCJAG00000000419
ENSMUSG00000078442,ENSCJAG00000004489
ENSMUSG00000024334,ENSCJAG00000021571
ENSMUSG00000005447,ENSCJAG00000012900
ENSMUSG00000041837,ENSCJAG00000045698
ENSMUSG00000022560,ENSCJAG00000043941
ENSMUSG00000022560,ENSCJAG00000011543
ENSMUSG00000028413,ENSCJAG00000041955
ENSMUSG00000005357,ENSCJAG00000004498
ENSMUSG00000021669,ENSCJAG00000017020
ENSMUSG00000024370,ENSCJAG00000006418
ENSMUSG00000029090,ENSCJAG00000012977
ENSMUSG00000022550,ENSCJAG00000021412
ENSMUSG00000086228,ENSCJAG00000035221
ENSMUSG00000024335,ENSCJAG00000022997
ENSMUSG00000024335,ENSCJAG00000021566
ENSMUSG00000071937,ENSCJAG00000014805
ENSMUSG00000046282,ENSCJAG00000014805
ENSMUSG00000021670,ENSCJAG00000016954
ENSMUSG00000017868,ENSCJAG00000017869
ENSMUSG00000026311,ENSCJAG00000000414
ENSMUSG00000054033,ENSCJAG00000014805
ENSMUSG00000054978,ENSCJAG00000023428
ENSMUSG00000041696,ENSCJAG00000080082
ENSMUSG00000031885,ENSCJAG00000046152
ENSMUSG00000051190,ENSCJAG00000046592
ENSMUSG00000058741,ENSCJAG00000012914
ENSMUSG00000028415,ENSCJAG00000008067
ENSMUSG00000062873,ENSCJAG00000004537
ENSMUSG00000032875,ENSCJAG00000015946
ENSMUSG00000025608,ENSCJAG00000016372
ENSMUSG00000094673,ENSCJAG00000054592
ENSMUSG00000053862,ENSCJAG00000006852
ENSMUSG00000028416,ENSCJAG00000008074
ENSMUSG00000059183,ENSCJAG00000006848
ENSMUSG00000094080,ENSCJAG00000054592
ENSMUSG00000042774,ENSCJAG00000004537
ENSMUSG00000046493,ENSCJAG00000054592
ENSMUSG00000119176,ENSCJAG00000078063
ENSMUSG00000007805,ENSCJAG00000023006
ENSMUSG00000029765,ENSCJAG00000000260
ENSMUSG00000043719,ENSCJAG00000003330
ENSMUSG00000026567,ENSCJAG00000016999
ENSMUSG00000022801,ENSCJAG00000016506
ENSMUSG00000020930,ENSCJAG00000047692
ENSMUSG00000064857,ENSCJAG00000073547
ENSMUSG00000038773,ENSCJAG00000006510
ENSMUSG00000017858,ENSCJAG00000017838
ENSMUSG00000028419,ENSCJAG00000008104
ENSMUSG00000075510,ENSCJAG00000062458
ENSMUSG00000109561,ENSCJAG00000016943
ENSMUSG00000029167,ENSCJAG00000013024
ENSMUSG00000020932,ENSCJAG00000012563
ENSMUSG00000028423,ENSCJAG00000008142
ENSMUSG00000031596,ENSCJAG00000011665
ENSMUSG00000091387,ENSCJAG00000016941
ENSMUSG00000052151,ENSCJAG00000079961
ENSMUSG00000052151,ENSCJAG00000014560
ENSMUSG00000048779,ENSCJAG00000022091
ENSMUSG00000026843,ENSCJAG00000020542
ENSMUSG00000034022,ENSCJAG00000021421
ENSMUSG00000024104,ENSCJAG00000013387
ENSMUSG00000027777,ENSCJAG00000000416
ENSMUSG00000043843,ENSCJAG00000012919
ENSMUSG00000051378,ENSCJAG00000012595
ENSMUSG00000043067,ENSCJAG00000012150
ENSMUSG00000025280,ENSCJAG00000001015
ENSMUSG00000020156,ENSCJAG00000005556
ENSMUSG00000045532,ENSCJAG00000012638
ENSMUSG00000020935,ENSCJAG00000048133
ENSMUSG00000045039,ENSCJAG00000012930
ENSMUSG00000038555,ENSCJAG00000006743
ENSMUSG00000029169,ENSCJAG00000013069
ENSMUSG00000020696,ENSCJAG00000014721
ENSMUSG00000038418,ENSCJAG00000064846
ENSMUSG00000021639,ENSCJAG00000016246
ENSMUSG00000023460,ENSCJAG00000015468
ENSMUSG00000024360,ENSCJAG00000006776
ENSMUSG00000031390,ENSCJAG00000011022
ENSMUSG00000071984,ENSCJAG00000011622
ENSMUSG00000024805,ENSCJAG00000011001
ENSMUSG00000031388,ENSCJAG00000014506
ENSMUSG00000079466,ENSCJAG00000081665
ENSMUSG00000089239,ENSCJAG00000059297
ENSMUSG00000065904,ENSCJAG00000059505
ENSMUSG00000025290,ENSCJAG00000070346
ENSMUSG00000085576,ENSCJAG00000012198
ENSMUSG00000047824,ENSCJAG00000040555
ENSMUSG00000031595,ENSCJAG00000011634
ENSMUSG00000017861,ENSCJAG00000017819
ENSMUSG00000063651,ENSCJAG00000012952
ENSMUSG00000028427,ENSCJAG00000008175
ENSMUSG00000031889,ENSCJAG00000016510
ENSMUSG00000030970,ENSCJAG00000012539
ENSMUSG00000032492,ENSCJAG00000002254
ENSMUSG00000028435,ENSCJAG00000048002
ENSMUSG00000044033,ENSCJAG00000032110
ENSMUSG00000042613,ENSCJAG00000009346
ENSMUSG00000004730,ENSCJAG00000016187
ENSMUSG00000063354,ENSCJAG00000021420
ENSMUSG00000020153,ENSCJAG00000070276
ENSMUSG00000020153,ENSCJAG00000005587
ENSMUSG00000045205,ENSCJAG00000000034
ENSMUSG00002076109,ENSCJAG00000069624
ENSMUSG00000006288,ENSCJAG00000009975
ENSMUSG00000027952,ENSCJAG00000045283
ENSMUSG00000026566,ENSCJAG00000017016
ENSMUSG00000032388,ENSCJAG00000005282
ENSMUSG00000032388,ENSCJAG00000079221
ENSMUSG00000020150,ENSCJAG00000005596
ENSMUSG00000021638,ENSCJAG00000016225
ENSMUSG00000022948,ENSCJAG00000002805
ENSMUSG00000069920,ENSCJAG00000041278
ENSMUSG00000071470,ENSCJAG00000009967
ENSMUSG00000000794,ENSCJAG00000009390
ENSMUSG00000031887,ENSCJAG00000016502
ENSMUSG00000039230,ENSCJAG00000017857
ENSMUSG00000036023,ENSCJAG00000009885
ENSMUSG00002075892,ENSCJAG00000075273
ENSMUSG00000072941,ENSCJAG00000013121
ENSMUSG00000045790,ENSCJAG00000013127
ENSMUSG00002076963,ENSCJAG00000082353
ENSMUSG00000011008,ENSCJAG00000006843
ENSMUSG00000041180,ENSCJAG00000010937
ENSMUSG00000074607,ENSCJAG00000017806
ENSMUSG00000033313,ENSCJAG00000016495
ENSMUSG00000053768,ENSCJAG00000022672
ENSMUSG00000053768,ENSCJAG00000035792
ENSMUSG00000039252,ENSCJAG00000042679
ENSMUSG00000071275,ENSCJAG00000022458
ENSMUSG00000045636,ENSCJAG00000011583
ENSMUSG00000039356,ENSCJAG00000020537
ENSMUSG00000066510,ENSCJAG00000031989
ENSMUSG00000026313,ENSCJAG00000009423
ENSMUSG00000031387,ENSCJAG00000014500
ENSMUSG00000021636,ENSCJAG00000016202
ENSMUSG00000028430,ENSCJAG00000008222
ENSMUSG00000031965,ENSCJAG00000012232
ENSMUSG00000006281,ENSCJAG00000009781
ENSMUSG00000004187,ENSCJAG00000021392
ENSMUSG00000030691,ENSCJAG00000014990
ENSMUSG00000061576,ENSCJAG00000000167
ENSMUSG00000017817,ENSCJAG00000017802
ENSMUSG00000051483,ENSCJAG00000038083
ENSMUSG00000035399,ENSCJAG00000017794
ENSMUSG00000082815,ENSCJAG00000038083
ENSMUSG00000041565,ENSCJAG00000015716
ENSMUSG00000022947,ENSCJAG00000081554
ENSMUSG00000065678,ENSCJAG00000070084
ENSMUSG00000021635,ENSCJAG00000016163
ENSMUSG00000018841,ENSCJAG00000014732
ENSMUSG00000050721,ENSCJAG00000040691
ENSMUSG00000022946,ENSCJAG00000002725
ENSMUSG00000042272,ENSCJAG00000021532
ENSMUSG00000059741,ENSCJAG00000043990
ENSMUSG00000029763,ENSCJAG00000012082
ENSMUSG00000033837,ENSCJAG00000021407
ENSMUSG00000033819,ENSCJAG00000021405
ENSMUSG00000071256,ENSCJAG00000015554
ENSMUSG00000040723,ENSCJAG00000017035
ENSMUSG00000036832,ENSCJAG00000039205
ENSMUSG00000062012,ENSCJAG00000047263
ENSMUSG00000088218,ENSCJAG00000063609
ENSMUSG00000088218,ENSCJAG00000074238
ENSMUSG00000036825,ENSCJAG00000007456
ENSMUSG00000027215,ENSCJAG00000011453
ENSMUSG00000036241,ENSCJAG00000063287
ENSMUSG00000023902,ENSCJAG00000015532
ENSMUSG00000026260,ENSCJAG00000019091
ENSMUSG00000046605,ENSCJAG00000017835
ENSMUSG00002076291,ENSCJAG00000070403
ENSMUSG00000040728,ENSCJAG00000000043
ENSMUSG00000047257,ENSCJAG00000002232
ENSMUSG00000048924,ENSCJAG00000016122
ENSMUSG00000022546,ENSCJAG00000021404
ENSMUSG00000090799,ENSCJAG00000009772
ENSMUSG00000006289,ENSCJAG00000009755
ENSMUSG00000040713,ENSCJAG00000077028
ENSMUSG00000063457,ENSCJAG00000005632
ENSMUSG00000063457,ENSCJAG00000075858
ENSMUSG00000048752,ENSCJAG00000002220
ENSMUSG00000003123,ENSCJAG00000012963
ENSMUSG00000069089,ENSCJAG00000016093
ENSMUSG00000020135,ENSCJAG00000075116
ENSMUSG00000049555,ENSCJAG00000002217
ENSMUSG00000067064,ENSCJAG00000022267
ENSMUSG00000057464,ENSCJAG00000022267
ENSMUSG00000023903,ENSCJAG00000084342
ENSMUSG00000042849,ENSCJAG00000022267
ENSMUSG00000031594,ENSCJAG00000011564
ENSMUSG00000036611,ENSCJAG00000012400
ENSMUSG00000019080,ENSCJAG00000021402
ENSMUSG00000060049,ENSCJAG00000042768
ENSMUSG00000039208,ENSCJAG00000017834
ENSMUSG00000033762,ENSCJAG00000021401
ENSMUSG00000095640,ENSCJAG00000042768
ENSMUSG00000043782,ENSCJAG00000015462
ENSMUSG00000067513,ENSCJAG00000042768
ENSMUSG00000033249,ENSCJAG00000016481
ENSMUSG00000041064,ENSCJAG00000005214
ENSMUSG00000096436,ENSCJAG00000042768
ENSMUSG00000025702,ENSCJAG00000043002
ENSMUSG00000109328,ENSCJAG00000046913
ENSMUSG00000044055,ENSCJAG00000019076
ENSMUSG00000039198,ENSCJAG00000013002
ENSMUSG00000028189,ENSCJAG00000007444
ENSMUSG00000040065,ENSCJAG00000083681
ENSMUSG00000035960,ENSCJAG00000009726
ENSMUSG00000046805,ENSCJAG00000083681
ENSMUSG00000061474,ENSCJAG00000038451
ENSMUSG00000039982,ENSCJAG00000008349
ENSMUSG00000034220,ENSCJAG00000019058
ENSMUSG00000028433,ENSCJAG00000008324
ENSMUSG00000020333,ENSCJAG00000012835
ENSMUSG00000020133,ENSCJAG00000038129
ENSMUSG00000030972,ENSCJAG00000036244
ENSMUSG00000086213,ENSCJAG00000032132
ENSMUSG00000086213,ENSCJAG00000085413
ENSMUSG00000041319,ENSCJAG00000015451
ENSMUSG00000028188,ENSCJAG00000007432
ENSMUSG00000024691,ENSCJAG00000032132
ENSMUSG00000024691,ENSCJAG00000085413
ENSMUSG00000045273,ENSCJAG00000016089
ENSMUSG00000065470,ENSCJAG00000026571
ENSMUSG00000034212,ENSCJAG00000054585
ENSMUSG00000035953,ENSCJAG00000009687
ENSMUSG00000033728,ENSCJAG00000021399
ENSMUSG00000041431,ENSCJAG00000016075
ENSMUSG00000041431,ENSCJAG00000056429
ENSMUSG00000031392,ENSCJAG00000014452
ENSMUSG00000039456,ENSCJAG00000002781
ENSMUSG00000045994,ENSCJAG00000007744
ENSMUSG00000005763,ENSCJAG00000017048
ENSMUSG00000017943,ENSCJAG00000017789
ENSMUSG00000068417,ENSCJAG00000009676
ENSMUSG00000068523,ENSCJAG00000076362
ENSMUSG00000033707,ENSCJAG00000021397
ENSMUSG00000023904,ENSCJAG00000015444
ENSMUSG00000028187,ENSCJAG00000007400
ENSMUSG00000029173,ENSCJAG00000013178
ENSMUSG00000116138,ENSCJAG00000041782
ENSMUSG00000023905,ENSCJAG00000015434
ENSMUSG00000089265,ENSCJAG00000062937
ENSMUSG00000089308,ENSCJAG00000061309
ENSMUSG00000040720,ENSCJAG00000000064
ENSMUSG00000033697,ENSCJAG00000021395
ENSMUSG00000068407,ENSCJAG00000023229
ENSMUSG00000048486,ENSCJAG00000017787
ENSMUSG00000025701,ENSCJAG00000013406
ENSMUSG00000032387,ENSCJAG00000005200
ENSMUSG00000022945,ENSCJAG00000002772
ENSMUSG00000002221,ENSCJAG00000000161
ENSMUSG00000040600,ENSCJAG00000003180
ENSMUSG00000021846,ENSCJAG00000057280
ENSMUSG00000026842,ENSCJAG00000020525
ENSMUSG00000066720,ENSCJAG00000023120
ENSMUSG00000021629,ENSCJAG00000016039
ENSMUSG00000067341,ENSCJAG00000079011
ENSMUSG00000028186,ENSCJAG00000007377
ENSMUSG00000044037,ENSCJAG00000002182
ENSMUSG00000047109,ENSCJAG00000002769
ENSMUSG00000043822,ENSCJAG00000038452
ENSMUSG00000028185,ENSCJAG00000007380
ENSMUSG00002076656,ENSCJAG00000082502
ENSMUSG00000021743,ENSCJAG00000079813
ENSMUSG00000030945,ENSCJAG00000009414
ENSMUSG00000033653,ENSCJAG00000014866
ENSMUSG00000025451,ENSCJAG00000001340
ENSMUSG00000014776,ENSCJAG00000016465
ENSMUSG00000033111,ENSCJAG00000068672
ENSMUSG00000014837,ENSCJAG00000039578
ENSMUSG00000048652,ENSCJAG00000038186
ENSMUSG00000093562,ENSCJAG00000061309
ENSMUSG00000043913,ENSCJAG00000009133
ENSMUSG00000028436,ENSCJAG00000008463
ENSMUSG00000043102,ENSCJAG00000023270
ENSMUSG00000004032,ENSCJAG00000086630
ENSMUSG00000004032,ENSCJAG00000077476
ENSMUSG00000027016,ENSCJAG00000021534
ENSMUSG00000035486,ENSCJAG00000084898
ENSMUSG00000022526,ENSCJAG00000021390
ENSMUSG00000088528,ENSCJAG00000078393
ENSMUSG00000078773,ENSCJAG00000000080
ENSMUSG00000107906,ENSCJAG00000048589
ENSMUSG00000107906,ENSCJAG00000072470
ENSMUSG00000047067,ENSCJAG00000006583
ENSMUSG00000029762,ENSCJAG00000012250
ENSMUSG00000043251,ENSCJAG00000016422
ENSMUSG00000003970,ENSCJAG00000021388
ENSMUSG00000118799,ENSCJAG00000077278
ENSMUSG00000026269,ENSCJAG00000006582
ENSMUSG00000055413,ENSCJAG00000075526
ENSMUSG00000055413,ENSCJAG00000085978
ENSMUSG00000055413,ENSCJAG00000073373
ENSMUSG00000054967,ENSCJAG00000021381
ENSMUSG00000063236,ENSCJAG00000021378
ENSMUSG00000096393,ENSCJAG00000075167
ENSMUSG00000014859,ENSCJAG00000016403
ENSMUSG00000059878,ENSCJAG00000046651
ENSMUSG00000028437,ENSCJAG00000008473
ENSMUSG00000032494,ENSCJAG00000059066
ENSMUSG00000004035,ENSCJAG00000043588
ENSMUSG00000026270,ENSCJAG00000006565
ENSMUSG00000061758,ENSCJAG00000012250
ENSMUSG00000048696,ENSCJAG00000084941
ENSMUSG00000026841,ENSCJAG00000070440
ENSMUSG00000014791,ENSCJAG00000016361
ENSMUSG00000035478,ENSCJAG00000073603
ENSMUSG00000040524,ENSCJAG00000005128
ENSMUSG00000121583,ENSCJAG00000021410
ENSMUSG00000017950,ENSCJAG00000017746
ENSMUSG00000062822,ENSCJAG00000001333
ENSMUSG00000032495,ENSCJAG00000041750
ENSMUSG00000016624,ENSCJAG00000016227
ENSMUSG00000028438,ENSCJAG00000008519
ENSMUSG00000041548,ENSCJAG00000083788
ENSMUSG00000048271,ENSCJAG00000020427
ENSMUSG00000066319,ENSCJAG00000002148
ENSMUSG00000052131,ENSCJAG00000012250
ENSMUSG00000097148,ENSCJAG00000044469
ENSMUSG00000097148,ENSCJAG00000065510
ENSMUSG00000097148,ENSCJAG00000071766
ENSMUSG00000097148,ENSCJAG00000046997
ENSMUSG00000097148,ENSCJAG00000044576
ENSMUSG00000097148,ENSCJAG00000023377
ENSMUSG00000097148,ENSCJAG00000008234
ENSMUSG00000097148,ENSCJAG00000021040
ENSMUSG00000026271,ENSCJAG00000022936
ENSMUSG00000014418,ENSCJAG00000007185
ENSMUSG00000090166,ENSCJAG00000009638
ENSMUSG00000026116,ENSCJAG00000011421
ENSMUSG00000042129,ENSCJAG00000014680
ENSMUSG00000072596,ENSCJAG00000009638
ENSMUSG00000017679,ENSCJAG00000017736
ENSMUSG00000070130,ENSCJAG00000027667
ENSMUSG00000041679,ENSCJAG00000016352
ENSMUSG00000028443,ENSCJAG00000046200
ENSMUSG00000020163,ENSCJAG00000075823
ENSMUSG00000074634,ENSCJAG00000038913
ENSMUSG00000016619,ENSCJAG00000016242
ENSMUSG00000016619,ENSCJAG00000083283
ENSMUSG00000046312,ENSCJAG00000083712
ENSMUSG00000014856,ENSCJAG00000016332
ENSMUSG00000028441,ENSCJAG00000008549
ENSMUSG00000026840,ENSCJAG00000008567
ENSMUSG00000020167,ENSCJAG00000004642
ENSMUSG00000035469,ENSCJAG00000008772
ENSMUSG00000036046,ENSCJAG00000016255
ENSMUSG00000002633,ENSCJAG00000020423
ENSMUSG00000063919,ENSCJAG00000009146
ENSMUSG00000021431,ENSCJAG00000021330
ENSMUSG00000038871,ENSCJAG00000012283
ENSMUSG00000003352,ENSCJAG00000020762
ENSMUSG00000028439,ENSCJAG00000008563
ENSMUSG00000048489,ENSCJAG00000065688
ENSMUSG00000066900,ENSCJAG00000045161
ENSMUSG00000048108,ENSCJAG00000014713
ENSMUSG00000045091,ENSCJAG00000083345
ENSMUSG00000057531,ENSCJAG00000005751
ENSMUSG00000025959,ENSCJAG00000006023
ENSMUSG00000061353,ENSCJAG00000016304
ENSMUSG00000005034,ENSCJAG00000007331
ENSMUSG00000121513,ENSCJAG00000019680
ENSMUSG00000032496,ENSCJAG00000002108
ENSMUSG00000017707,ENSCJAG00000017722
ENSMUSG00002076080,ENSCJAG00000076447
ENSMUSG00002076080,ENSCJAG00000028377
ENSMUSG00000055963,ENSCJAG00000038595
ENSMUSG00000014786,ENSCJAG00000016263
ENSMUSG00000115726,ENSCJAG00000044868
ENSMUSG00000003360,ENSCJAG00000020775
ENSMUSG00000029130,ENSCJAG00000004357
ENSMUSG00000042793,ENSCJAG00000005906
ENSMUSG00000061322,ENSCJAG00000008574
ENSMUSG00000014782,ENSCJAG00000016239
ENSMUSG00000047441,ENSCJAG00000044868
ENSMUSG00000054855,ENSCJAG00000051836
ENSMUSG00000042097,ENSCJAG00000016278
ENSMUSG00000035268,ENSCJAG00000041532
ENSMUSG00000028445,ENSCJAG00000073482
ENSMUSG00000003354,ENSCJAG00000020792
ENSMUSG00000025958,ENSCJAG00000006039
ENSMUSG00000006586,ENSCJAG00000000144
ENSMUSG00000031966,ENSCJAG00000045554
ENSMUSG00000021500,ENSCJAG00000005697
ENSMUSG00000042079,ENSCJAG00000008291
ENSMUSG00000021950,ENSCJAG00000008101
ENSMUSG00000051648,ENSCJAG00000016220
ENSMUSG00000003355,ENSCJAG00000046812
ENSMUSG00000029176,ENSCJAG00000013271
ENSMUSG00000051853,ENSCJAG00000020800
ENSMUSG00000017697,ENSCJAG00000017705
ENSMUSG00000022996,ENSCJAG00000020802
ENSMUSG00000043953,ENSCJAG00000021831
ENSMUSG00000056917,ENSCJAG00000002062
ENSMUSG00000004842,ENSCJAG00000008810
ENSMUSG00000027656,ENSCJAG00000017699
ENSMUSG00000021458,ENSCJAG00000021327
ENSMUSG00000041130,ENSCJAG00000015194
ENSMUSG00000028444,ENSCJAG00000008660
ENSMUSG00000032386,ENSCJAG00000005107
ENSMUSG00000035238,ENSCJAG00000083736
ENSMUSG00000029761,ENSCJAG00000012295
ENSMUSG00000035226,ENSCJAG00000017675
ENSMUSG00000022179,ENSCJAG00000008320
ENSMUSG00000022997,ENSCJAG00000020813
ENSMUSG00000018326,ENSCJAG00000056863
ENSMUSG00000054320,ENSCJAG00000016213
ENSMUSG00000059213,ENSCJAG00000048410
ENSMUSG00000022193,ENSCJAG00000042177
ENSMUSG00000067713,ENSCJAG00000020827
ENSMUSG00000067713,ENSCJAG00000011613
ENSMUSG00000022707,ENSCJAG00000000191
ENSMUSG00000072423,ENSCJAG00000046458
ENSMUSG00000059674,ENSCJAG00000008170
ENSMUSG00000054582,ENSCJAG00000017628
ENSMUSG00000019320,ENSCJAG00000015221
ENSMUSG00000022185,ENSCJAG00000008076
ENSMUSG00000018322,ENSCJAG00000017607
ENSMUSG00000040569,ENSCJAG00000087303
ENSMUSG00000022528,ENSCJAG00000069910
ENSMUSG00000048154,ENSCJAG00000058349
ENSMUSG00000031393,ENSCJAG00000016796
ENSMUSG00000023176,ENSCJAG00000022226
ENSMUSG00000040688,ENSCJAG00000015245
ENSMUSG00000052316,ENSCJAG00000014042
ENSMUSG00000043252,ENSCJAG00000045533
ENSMUSG00000068196,ENSCJAG00000055644
ENSMUSG00000073889,ENSCJAG00000046015
ENSMUSG00000027011,ENSCJAG00000011559
ENSMUSG00000027011,ENSCJAG00000071216
ENSMUSG00000025956,ENSCJAG00000006072
ENSMUSG00000035107,ENSCJAG00000000646
ENSMUSG00000029413,ENSCJAG00000014374
ENSMUSG00000014846,ENSCJAG00000042043
ENSMUSG00000070871,ENSCJAG00000002901
ENSMUSG00000018209,ENSCJAG00000017580
ENSMUSG00000031394,ENSCJAG00000014412
ENSMUSG00000036745,ENSCJAG00000007255
ENSMUSG00000039199,ENSCJAG00000016204
ENSMUSG00000008482,ENSCJAG00000015265
ENSMUSG00000040204,ENSCJAG00000037051
ENSMUSG00002076528,ENSCJAG00000075049
ENSMUSG00000040164,ENSCJAG00000017576
ENSMUSG00000045005,ENSCJAG00000022490
ENSMUSG00000062564,ENSCJAG00000042631
ENSMUSG00000044533,ENSCJAG00000044987
ENSMUSG00000044533,ENSCJAG00000082897
ENSMUSG00000044533,ENSCJAG00000076943
ENSMUSG00000044533,ENSCJAG00000073345
ENSMUSG00000044533,ENSCJAG00000074990
ENSMUSG00000040154,ENSCJAG00000075207
ENSMUSG00000022807,ENSCJAG00000006828
ENSMUSG00000065301,ENSCJAG00000077898
ENSMUSG00000031969,ENSCJAG00000019530
ENSMUSG00000051344,ENSCJAG00000002896
ENSMUSG00000031397,ENSCJAG00000014368
ENSMUSG00000031891,ENSCJAG00000016198
ENSMUSG00000042845,ENSCJAG00000017567
ENSMUSG00000013160,ENSCJAG00000016190
ENSMUSG00000051769,ENSCJAG00000067403
ENSMUSG00000051769,ENSCJAG00000086097
ENSMUSG00000008658,ENSCJAG00000017351
ENSMUSG00000018211,ENSCJAG00000067403
ENSMUSG00000018211,ENSCJAG00000086097
ENSMUSG00000031328,ENSCJAG00000034881
ENSMUSG00000089255,ENSCJAG00000031251
ENSMUSG00000089255,ENSCJAG00000026855
ENSMUSG00000077709,ENSCJAG00000027859
ENSMUSG00000040048,ENSCJAG00000047303
ENSMUSG00000023755,ENSCJAG00000020856
ENSMUSG00000035443,ENSCJAG00000019542
ENSMUSG00000040132,ENSCJAG00000017560
ENSMUSG00000006599,ENSCJAG00000007129
ENSMUSG00000014602,ENSCJAG00000006425
ENSMUSG00000002500,ENSCJAG00000031300
ENSMUSG00000029188,ENSCJAG00000013366
ENSMUSG00000003573,ENSCJAG00000080144
ENSMUSG00000027195,ENSCJAG00000011325
ENSMUSG00000031988,ENSCJAG00000019546
ENSMUSG00000027692,ENSCJAG00000002326
ENSMUSG00000029415,ENSCJAG00000014396
ENSMUSG00000032497,ENSCJAG00000012550
ENSMUSG00000075705,ENSCJAG00000046785
ENSMUSG00000047026,ENSCJAG00000005054
ENSMUSG00000050383,ENSCJAG00000017560
ENSMUSG00000028222,ENSCJAG00000000196
ENSMUSG00000039628,ENSCJAG00000038529
ENSMUSG00000023000,ENSCJAG00000020862
ENSMUSG00000042015,ENSCJAG00000019853
ENSMUSG00000022999,ENSCJAG00000020863
ENSMUSG00000106336,ENSCJAG00000027868
ENSMUSG00000017003,ENSCJAG00000017560
ENSMUSG00000030942,ENSCJAG00000009499
ENSMUSG00000020332,ENSCJAG00000048685
ENSMUSG00000027009,ENSCJAG00000011542
ENSMUSG00000057788,ENSCJAG00000042114
ENSMUSG00000056978,ENSCJAG00000043821
ENSMUSG00000028223,ENSCJAG00000000199
ENSMUSG00000005237,ENSCJAG00000014881
ENSMUSG00000050440,ENSCJAG00000043821
ENSMUSG00000065743,ENSCJAG00000026466
ENSMUSG00000065743,ENSCJAG00000028764
ENSMUSG00000058626,ENSCJAG00000012346
ENSMUSG00000004988,ENSCJAG00000039442
ENSMUSG00000055681,ENSCJAG00000019706
ENSMUSG00000028224,ENSCJAG00000000205
ENSMUSG00000054555,ENSCJAG00000012314
ENSMUSG00000041685,ENSCJAG00000016496
ENSMUSG00000036026,ENSCJAG00000012369
ENSMUSG00000041153,ENSCJAG00000064348
ENSMUSG00000023004,ENSCJAG00000086136
ENSMUSG00000029189,ENSCJAG00000021061
ENSMUSG00000041135,ENSCJAG00000043196
ENSMUSG00000058239,ENSCJAG00000010451
ENSMUSG00000058301,ENSCJAG00000019627
ENSMUSG00000030134,ENSCJAG00000016210
ENSMUSG00000072235,ENSCJAG00000071730
ENSMUSG00000043091,ENSCJAG00000075171
ENSMUSG00000096423,ENSCJAG00000074328
ENSMUSG00000064619,ENSCJAG00000081876
ENSMUSG00000017002,ENSCJAG00000017558
ENSMUSG00000028226,ENSCJAG00000000239
ENSMUSG00000023484,ENSCJAG00000020904
ENSMUSG00000075256,ENSCJAG00000042373
ENSMUSG00000035992,ENSCJAG00000014616
ENSMUSG00000042042,ENSCJAG00000016195
ENSMUSG00000029417,ENSCJAG00000069895
ENSMUSG00000061461,ENSCJAG00000081638
ENSMUSG00000038836,ENSCJAG00000012370
ENSMUSG00002075450,ENSCJAG00000081254
ENSMUSG00000010721,ENSCJAG00000004344
ENSMUSG00000054874,ENSCJAG00000002115
ENSMUSG00000032783,ENSCJAG00000020910
ENSMUSG00000023939,ENSCJAG00000012454
ENSMUSG00000034701,ENSCJAG00000011529
ENSMUSG00000088437,ENSCJAG00000079774
ENSMUSG00000078632,ENSCJAG00000071646
ENSMUSG00000078632,ENSCJAG00000058074
ENSMUSG00000095675,ENSCJAG00000008940
ENSMUSG00000034239,ENSCJAG00000071646
ENSMUSG00000034239,ENSCJAG00000058074
ENSMUSG00000025453,ENSCJAG00000001373
ENSMUSG00000027194,ENSCJAG00000011232
ENSMUSG00000032498,ENSCJAG00000012414
ENSMUSG00000094695,ENSCJAG00000061694
ENSMUSG00000036322,ENSCJAG00000047567
ENSMUSG00000031849,ENSCJAG00000001175
ENSMUSG00000040899,ENSCJAG00000076944
ENSMUSG00000093996,ENSCJAG00000081837
ENSMUSG00000093996,ENSCJAG00000044079
ENSMUSG00000095234,ENSCJAG00000061694
ENSMUSG00000020945,ENSCJAG00000015046
ENSMUSG00000022704,ENSCJAG00000009294
ENSMUSG00000094066,ENSCJAG00000081837
ENSMUSG00000094066,ENSCJAG00000044079
ENSMUSG00000030994,ENSCJAG00000012285
ENSMUSG00000001076,ENSCJAG00000047886
ENSMUSG00000096596,ENSCJAG00000008940
ENSMUSG00000038009,ENSCJAG00000020919
ENSMUSG00000020946,ENSCJAG00000020030
ENSMUSG00000073468,ENSCJAG00000012533
ENSMUSG00000033669,ENSCJAG00000021384
ENSMUSG00000028456,ENSCJAG00000009239
ENSMUSG00000003575,ENSCJAG00000007421
ENSMUSG00000055041,ENSCJAG00000042992
ENSMUSG00000018486,ENSCJAG00000020024
ENSMUSG00000018008,ENSCJAG00000058542
ENSMUSG00000000125,ENSCJAG00000020014
ENSMUSG00000046785,ENSCJAG00000012409
ENSMUSG00000032384,ENSCJAG00000005023
ENSMUSG00000055707,ENSCJAG00000007445
ENSMUSG00000119162,ENSCJAG00000030083
ENSMUSG00000030935,ENSCJAG00000035643
ENSMUSG00000022701,ENSCJAG00000009315
ENSMUSG00000034187,ENSCJAG00000019994
ENSMUSG00000055945,ENSCJAG00000012527
ENSMUSG00000116207,ENSCJAG00000001373
ENSMUSG00000035964,ENSCJAG00000007447
ENSMUSG00000008859,ENSCJAG00000039772
ENSMUSG00000024406,ENSCJAG00000019789
ENSMUSG00000024406,ENSCJAG00000075006
ENSMUSG00000016995,ENSCJAG00000017541
ENSMUSG00000007888,ENSCJAG00000007427
ENSMUSG00000075054,ENSCJAG00000041871
ENSMUSG00000058833,ENSCJAG00000007459
ENSMUSG00000030110,ENSCJAG00000016166
ENSMUSG00000001964,ENSCJAG00000011853
ENSMUSG00000039000,ENSCJAG00000004298
ENSMUSG00000009734,ENSCJAG00000007618
ENSMUSG00000050410,ENSCJAG00000019800
ENSMUSG00000077535,ENSCJAG00000034104
ENSMUSG00000077535,ENSCJAG00000075453
ENSMUSG00000077535,ENSCJAG00000046532
ENSMUSG00000077535,ENSCJAG00000028164
ENSMUSG00000077535,ENSCJAG00000025233
ENSMUSG00000077535,ENSCJAG00000080902
ENSMUSG00000077535,ENSCJAG00000065189
ENSMUSG00000077535,ENSCJAG00000079582
ENSMUSG00000077535,ENSCJAG00000031689
ENSMUSG00000061080,ENSCJAG00000009172
ENSMUSG00000040312,ENSCJAG00000019801
ENSMUSG00000008682,ENSCJAG00000087139
ENSMUSG00000041112,ENSCJAG00000012484
ENSMUSG00000043460,ENSCJAG00000043363
ENSMUSG00000061288,ENSCJAG00000009225
ENSMUSG00000018169,ENSCJAG00000015996
ENSMUSG00000047261,ENSCJAG00000009175
ENSMUSG00000026272,ENSCJAG00000006403
ENSMUSG00000040822,ENSCJAG00000062341
ENSMUSG00000033170,ENSCJAG00000000530
ENSMUSG00000019428,ENSCJAG00000039606
ENSMUSG00000114865,ENSCJAG00000044082
ENSMUSG00000044626,ENSCJAG00000014798
ENSMUSG00000052435,ENSCJAG00000042468
ENSMUSG00000018634,ENSCJAG00000083546
ENSMUSG00000022180,ENSCJAG00000008020
ENSMUSG00000034159,ENSCJAG00000006386
ENSMUSG00000017007,ENSCJAG00000017526
ENSMUSG00000019088,ENSCJAG00000011800
ENSMUSG00000084989,ENSCJAG00000075544
ENSMUSG00000049506,ENSCJAG00000045646
ENSMUSG00000112858,ENSCJAG00000007807
ENSMUSG00000024409,ENSCJAG00000019811
ENSMUSG00000039518,ENSCJAG00000071715
ENSMUSG00000037533,ENSCJAG00000014433
ENSMUSG00000049521,ENSCJAG00000000527
ENSMUSG00000039269,ENSCJAG00000019814
ENSMUSG00000043501,ENSCJAG00000046141
ENSMUSG00000038838,ENSCJAG00000019826
ENSMUSG00000017009,ENSCJAG00000055105
ENSMUSG00000057156,ENSCJAG00000076572
ENSMUSG00000093930,ENSCJAG00000001303
ENSMUSG00000004054,ENSCJAG00000002128
ENSMUSG00000033128,ENSCJAG00000000513
ENSMUSG00000030138,ENSCJAG00000054685
ENSMUSG00000072494,ENSCJAG00000046304
ENSMUSG00000070002,ENSCJAG00000015279
ENSMUSG00000003660,ENSCJAG00000007514
ENSMUSG00000003660,ENSCJAG00000042959
ENSMUSG00000038462,ENSCJAG00000045005
ENSMUSG00000038462,ENSCJAG00000001887
ENSMUSG00000019139,ENSCJAG00000014230
ENSMUSG00000019139,ENSCJAG00000080990
ENSMUSG00000019139,ENSCJAG00000076001
ENSMUSG00000009995,ENSCJAG00000016995
ENSMUSG00000025946,ENSCJAG00000002754
ENSMUSG00000069255,ENSCJAG00000017655
ENSMUSG00000030145,ENSCJAG00000048147
ENSMUSG00000022194,ENSCJAG00000007960
ENSMUSG00000024937,ENSCJAG00000002150
ENSMUSG00000001247,ENSCJAG00000010544
ENSMUSG00000022436,ENSCJAG00000031694
ENSMUSG00000022855,ENSCJAG00000014775
ENSMUSG00000070003,ENSCJAG00000014185
ENSMUSG00000072623,ENSCJAG00000047737
ENSMUSG00000060568,ENSCJAG00000004511
ENSMUSG00000021356,ENSCJAG00000019524
ENSMUSG00000032383,ENSCJAG00000004981
ENSMUSG00000062296,ENSCJAG00000012388
ENSMUSG00000026558,ENSCJAG00000004523
ENSMUSG00000045613,ENSCJAG00000012782
ENSMUSG00000021357,ENSCJAG00000019533
ENSMUSG00000029838,ENSCJAG00000012786
ENSMUSG00000029838,ENSCJAG00000082943
ENSMUSG00000003341,ENSCJAG00000082985
ENSMUSG00000049988,ENSCJAG00000073950
ENSMUSG00000049988,ENSCJAG00000000915
ENSMUSG00000038665,ENSCJAG00000012805
ENSMUSG00000039452,ENSCJAG00000005006
ENSMUSG00000038508,ENSCJAG00000048614
ENSMUSG00000056204,ENSCJAG00000014176
ENSMUSG00000116165,ENSCJAG00000012519
ENSMUSG00000033581,ENSCJAG00000014731
ENSMUSG00000001524,ENSCJAG00000048231
ENSMUSG00000032500,ENSCJAG00000012380
ENSMUSG00000068220,ENSCJAG00000039253
ENSMUSG00000052428,ENSCJAG00000004561
ENSMUSG00000017720,ENSCJAG00000017512
ENSMUSG00000023027,ENSCJAG00000043330
ENSMUSG00000003662,ENSCJAG00000007497
ENSMUSG00000032382,ENSCJAG00000004856
ENSMUSG00000032959,ENSCJAG00000043105
ENSMUSG00000030929,ENSCJAG00000009400
ENSMUSG00000034850,ENSCJAG00000041902
ENSMUSG00000110622,ENSCJAG00000014148
ENSMUSG00000095026,ENSCJAG00000065876
ENSMUSG00000026687,ENSCJAG00000004575
ENSMUSG00000032381,ENSCJAG00000084496
ENSMUSG00000031842,ENSCJAG00000042536
ENSMUSG00000045631,ENSCJAG00000086687
ENSMUSG00000017734,ENSCJAG00000017510
ENSMUSG00000032502,ENSCJAG00000012350
ENSMUSG00000054619,ENSCJAG00000044461
ENSMUSG00000054619,ENSCJAG00000076455
ENSMUSG00000047417,ENSCJAG00000021468
ENSMUSG00000058057,ENSCJAG00000044461
ENSMUSG00000058057,ENSCJAG00000076455
ENSMUSG00000034842,ENSCJAG00000014490
ENSMUSG00000032380,ENSCJAG00000004806
ENSMUSG00000022203,ENSCJAG00000007915
ENSMUSG00000026688,ENSCJAG00000004619
ENSMUSG00000056487,ENSCJAG00000044461
ENSMUSG00000056487,ENSCJAG00000076455
ENSMUSG00000052298,ENSCJAG00000058648
ENSMUSG00000093550,ENSCJAG00000071793
ENSMUSG00000093550,ENSCJAG00000058293
ENSMUSG00000064686,ENSCJAG00000075298
ENSMUSG00000040485,ENSCJAG00000004653
ENSMUSG00000022858,ENSCJAG00000014710
ENSMUSG00000015843,ENSCJAG00000004656
ENSMUSG00000027367,ENSCJAG00000079110
ENSMUSG00000040770,ENSCJAG00000007874
ENSMUSG00000003534,ENSCJAG00000019860
ENSMUSG00000023030,ENSCJAG00000021689
ENSMUSG00000023030,ENSCJAG00000083028
ENSMUSG00000046826,ENSCJAG00000010566
ENSMUSG00000040759,ENSCJAG00000007844
ENSMUSG00000019087,ENSCJAG00000040642
ENSMUSG00000058325,ENSCJAG00000014082
ENSMUSG00000020268,ENSCJAG00000046384
ENSMUSG00000038648,ENSCJAG00000012834
ENSMUSG00000038664,ENSCJAG00000004567
ENSMUSG00000038641,ENSCJAG00000012872
ENSMUSG00000035559,ENSCJAG00000014104
ENSMUSG00002075772,ENSCJAG00000074520
ENSMUSG00000020267,ENSCJAG00000076696
ENSMUSG00000020267,ENSCJAG00000085318
ENSMUSG00000020267,ENSCJAG00000080656
ENSMUSG00000020267,ENSCJAG00000074343
ENSMUSG00000020267,ENSCJAG00000083482
ENSMUSG00000020267,ENSCJAG00000046852
ENSMUSG00000029833,ENSCJAG00000012885
ENSMUSG00000022867,ENSCJAG00000003327
ENSMUSG00000071001,ENSCJAG00000062051
ENSMUSG00000027368,ENSCJAG00000018749
ENSMUSG00000018339,ENSCJAG00000020924
ENSMUSG00000028475,ENSCJAG00000045403
ENSMUSG00000031834,ENSCJAG00000014073
ENSMUSG00000028476,ENSCJAG00000010143
ENSMUSG00000017721,ENSCJAG00000017414
ENSMUSG00000026686,ENSCJAG00000082002
ENSMUSG00000035397,ENSCJAG00000042076
ENSMUSG00000024939,ENSCJAG00000041490
ENSMUSG00000018411,ENSCJAG00000019935
ENSMUSG00000003346,ENSCJAG00000036983
ENSMUSG00000038683,ENSCJAG00000010588
ENSMUSG00000038683,ENSCJAG00000042232
ENSMUSG00000038683,ENSCJAG00000073614
ENSMUSG00000079478,ENSCJAG00000002186
ENSMUSG00000031833,ENSCJAG00000014057
ENSMUSG00000113949,ENSCJAG00000021478
ENSMUSG00000026110,ENSCJAG00000007102
ENSMUSG00000024940,ENSCJAG00000002190
ENSMUSG00000022848,ENSCJAG00000007855
ENSMUSG00000037353,ENSCJAG00000017564
ENSMUSG00000084437,ENSCJAG00000069065
ENSMUSG00000050503,ENSCJAG00000004563
ENSMUSG00000032376,ENSCJAG00000004506
ENSMUSG00000015291,ENSCJAG00000016910
ENSMUSG00000087793,ENSCJAG00000083942
ENSMUSG00000022849,ENSCJAG00000007911
ENSMUSG00000021363,ENSCJAG00000001070
ENSMUSG00000021363,ENSCJAG00000041834
ENSMUSG00000021363,ENSCJAG00000055470
ENSMUSG00000065432,ENSCJAG00000030103
ENSMUSG00000053093,ENSCJAG00000007545
ENSMUSG00000028480,ENSCJAG00000040643
ENSMUSG00000034422,ENSCJAG00000007930
ENSMUSG00000070999,ENSCJAG00000010202
ENSMUSG00000028478,ENSCJAG00000010206
ENSMUSG00000001962,ENSCJAG00000063509
ENSMUSG00000029364,ENSCJAG00000009323
ENSMUSG00000029830,ENSCJAG00000012965
ENSMUSG00000044636,ENSCJAG00000086711
ENSMUSG00000049502,ENSCJAG00000007986
ENSMUSG00000073804,ENSCJAG00000059482
ENSMUSG00000009733,ENSCJAG00000017599
ENSMUSG00000000791,ENSCJAG00000014045
ENSMUSG00000048377,ENSCJAG00000014240
ENSMUSG00000031398,ENSCJAG00000016816
ENSMUSG00000050866,ENSCJAG00000014242
ENSMUSG00000024941,ENSCJAG00000002235
ENSMUSG00000032373,ENSCJAG00000011284
ENSMUSG00000034855,ENSCJAG00000072216
ENSMUSG00000030924,ENSCJAG00000009363
ENSMUSG00000038600,ENSCJAG00000012974
ENSMUSG00000022906,ENSCJAG00000008000
ENSMUSG00000032864,ENSCJAG00000011084
ENSMUSG00000034826,ENSCJAG00000014583
ENSMUSG00000061311,ENSCJAG00000039101
ENSMUSG00000061589,ENSCJAG00000013182
ENSMUSG00000017723,ENSCJAG00000017405
ENSMUSG00000026090,ENSCJAG00000072755
ENSMUSG00000002910,ENSCJAG00000036002
ENSMUSG00000052534,ENSCJAG00000004712
ENSMUSG00000032375,ENSCJAG00000011305
ENSMUSG00000074596,ENSCJAG00000017400
ENSMUSG00000007721,ENSCJAG00000039582
ENSMUSG00000027164,ENSCJAG00000011070
ENSMUSG00000000792,ENSCJAG00000014011
ENSMUSG00000039191,ENSCJAG00000021033
ENSMUSG00000028479,ENSCJAG00000010234
ENSMUSG00000029829,ENSCJAG00000038524
ENSMUSG00000048787,ENSCJAG00000009358
ENSMUSG00000087924,ENSCJAG00000082575
ENSMUSG00000063455,ENSCJAG00000013046
ENSMUSG00000015289,ENSCJAG00000041329
ENSMUSG00000045128,ENSCJAG00000071581
ENSMUSG00000015290,ENSCJAG00000052734
ENSMUSG00000015290,ENSCJAG00000074416
ENSMUSG00000030922,ENSCJAG00000009350
ENSMUSG00000053040,ENSCJAG00000011305
ENSMUSG00000017733,ENSCJAG00000084523
ENSMUSG00000077928,ENSCJAG00000027453
ENSMUSG00000021835,ENSCJAG00000054138
ENSMUSG00000000346,ENSCJAG00000055962
ENSMUSG00000049902,ENSCJAG00000001954
ENSMUSG00000032806,ENSCJAG00000077479
ENSMUSG00000077563,ENSCJAG00000025628
ENSMUSG00000036943,ENSCJAG00000042696
ENSMUSG00000019261,ENSCJAG00000013920
ENSMUSG00000053559,ENSCJAG00000073609
ENSMUSG00000084609,ENSCJAG00000025388
ENSMUSG00000047749,ENSCJAG00000013066
ENSMUSG00000021395,ENSCJAG00000038940
ENSMUSG00000015222,ENSCJAG00000010689
ENSMUSG00000031399,ENSCJAG00000016787
ENSMUSG00000048582,ENSCJAG00000044007
ENSMUSG00000065797,ENSCJAG00000075843
ENSMUSG00000050468,ENSCJAG00000018757
ENSMUSG00000018412,ENSCJAG00000019927
ENSMUSG00000035278,ENSCJAG00000041206
ENSMUSG00000046352,ENSCJAG00000022036
ENSMUSG00000029826,ENSCJAG00000013080
ENSMUSG00000040055,ENSCJAG00000046739
ENSMUSG00000021396,ENSCJAG00000040941
ENSMUSG00000032370,ENSCJAG00000004470
ENSMUSG00000035439,ENSCJAG00000009466
ENSMUSG00000021947,ENSCJAG00000004800
ENSMUSG00000098112,ENSCJAG00000017685
ENSMUSG00000065424,ENSCJAG00000024244
ENSMUSG00000024786,ENSCJAG00000002554
ENSMUSG00000020211,ENSCJAG00000013206
ENSMUSG00002076756,ENSCJAG00000031754
ENSMUSG00002076756,ENSCJAG00000031467
ENSMUSG00000032503,ENSCJAG00000012301
ENSMUSG00000077497,ENSCJAG00000030041
ENSMUSG00000024784,ENSCJAG00000073104
ENSMUSG00000024777,ENSCJAG00000002574
ENSMUSG00000021876,ENSCJAG00000045336
ENSMUSG00000035262,ENSCJAG00000013212
ENSMUSG00000002395,ENSCJAG00000009547
ENSMUSG00000020216,ENSCJAG00000013217
ENSMUSG00000021880,ENSCJAG00000056903
ENSMUSG00000044348,ENSCJAG00000085438
ENSMUSG00000020400,ENSCJAG00000020905
ENSMUSG00000035696,ENSCJAG00000010299
ENSMUSG00000023031,ENSCJAG00000017706
ENSMUSG00000035896,ENSCJAG00000009640
ENSMUSG00000027690,ENSCJAG00000002414
ENSMUSG00000059606,ENSCJAG00000009638
ENSMUSG00000056832,ENSCJAG00000013133
ENSMUSG00000051067,ENSCJAG00000010391
ENSMUSG00000058620,ENSCJAG00000075043
ENSMUSG00000050766,ENSCJAG00000009638
ENSMUSG00000035215,ENSCJAG00000039713
ENSMUSG00000118894,ENSCJAG00000075505
ENSMUSG00000022175,ENSCJAG00000008522
ENSMUSG00000074594,ENSCJAG00000057692
ENSMUSG00000024773,ENSCJAG00000002632
ENSMUSG00000070529,ENSCJAG00000046344
ENSMUSG00000078940,ENSCJAG00000017378
ENSMUSG00000067704,ENSCJAG00000046754
ENSMUSG00000027889,ENSCJAG00000003092
ENSMUSG00000017310,ENSCJAG00000017371
ENSMUSG00000037280,ENSCJAG00000017712
ENSMUSG00000035206,ENSCJAG00000010410
ENSMUSG00000042595,ENSCJAG00000008241
ENSMUSG00000046338,ENSCJAG00000076750
ENSMUSG00000046338,ENSCJAG00000018773
ENSMUSG00000022176,ENSCJAG00000037144
ENSMUSG00000038538,ENSCJAG00000013176
ENSMUSG00000023110,ENSCJAG00000008409
ENSMUSG00000023110,ENSCJAG00000022354
ENSMUSG00000023443,ENSCJAG00000008237
ENSMUSG00000022286,ENSCJAG00000015886
ENSMUSG00000076434,ENSCJAG00000017367
ENSMUSG00000031283,ENSCJAG00000007238
ENSMUSG00000002396,ENSCJAG00000009584
ENSMUSG00000032841,ENSCJAG00000044403
ENSMUSG00000002393,ENSCJAG00000009593
ENSMUSG00000052273,ENSCJAG00000064522
ENSMUSG00000022177,ENSCJAG00000008389
ENSMUSG00000022177,ENSCJAG00000041362
ENSMUSG00000034911,ENSCJAG00000009614
ENSMUSG00000029193,ENSCJAG00000083281
ENSMUSG00000024772,ENSCJAG00000002660
ENSMUSG00000022178,ENSCJAG00000008376
ENSMUSG00000051359,ENSCJAG00000062445
ENSMUSG00000050192,ENSCJAG00000002422
ENSMUSG00000059406,ENSCJAG00000013546
ENSMUSG00000031820,ENSCJAG00000009641
ENSMUSG00000019689,ENSCJAG00000071800
ENSMUSG00000057068,ENSCJAG00000036537
ENSMUSG00001118668,ENSCJAG00000044936
ENSMUSG00001118668,ENSCJAG00000071380
ENSMUSG00000039221,ENSCJAG00000002427
ENSMUSG00000064742,ENSCJAG00000071795
ENSMUSG00000033446,ENSCJAG00000060429
ENSMUSG00000029823,ENSCJAG00000013198
ENSMUSG00000022108,ENSCJAG00000073561
ENSMUSG00000035683,ENSCJAG00000078334
ENSMUSG00000035683,ENSCJAG00000010362
ENSMUSG00000046295,ENSCJAG00000009656
ENSMUSG00000024769,ENSCJAG00000002669
ENSMUSG00000035299,ENSCJAG00000000987
ENSMUSG00000050668,ENSCJAG00000003790
ENSMUSG00000047963,ENSCJAG00000014639
ENSMUSG00000050650,ENSCJAG00000006924
ENSMUSG00000050650,ENSCJAG00000022906
ENSMUSG00000022109,ENSCJAG00000009256
ENSMUSG00000119701,ENSCJAG00000077959
ENSMUSG00000093973,ENSCJAG00000006924
ENSMUSG00000093973,ENSCJAG00000022906
ENSMUSG00000039178,ENSCJAG00000021004
ENSMUSG00000096719,ENSCJAG00000006924
ENSMUSG00000096719,ENSCJAG00000022906
ENSMUSG00000009108,ENSCJAG00000003071
ENSMUSG00000007950,ENSCJAG00000009699
ENSMUSG00000024079,ENSCJAG00000003819
ENSMUSG00000078698,ENSCJAG00000006924
ENSMUSG00000078698,ENSCJAG00000022906
ENSMUSG00000033405,ENSCJAG00000043795
ENSMUSG00000034771,ENSCJAG00000018666
ENSMUSG00000034880,ENSCJAG00000080819
ENSMUSG00000017299,ENSCJAG00000017366
ENSMUSG00000014030,ENSCJAG00000010379
ENSMUSG00000074247,ENSCJAG00000070855
ENSMUSG00000022110,ENSCJAG00000078780
ENSMUSG00000022110,ENSCJAG00000068487
ENSMUSG00000022110,ENSCJAG00000009278
ENSMUSG00000024947,ENSCJAG00000002716
ENSMUSG00000038045,ENSCJAG00000003850
ENSMUSG00000030917,ENSCJAG00000009272
ENSMUSG00000034863,ENSCJAG00000040310
ENSMUSG00000027163,ENSCJAG00000011032
ENSMUSG00000023034,ENSCJAG00000017915
ENSMUSG00000062691,ENSCJAG00000052176
ENSMUSG00000119684,ENSCJAG00000082996
ENSMUSG00000026683,ENSCJAG00000004050
ENSMUSG00000071537,ENSCJAG00000032351
ENSMUSG00000050050,ENSCJAG00000014647
ENSMUSG00000033186,ENSCJAG00000079180
ENSMUSG00000001403,ENSCJAG00000039113
ENSMUSG00000001403,ENSCJAG00000071252
ENSMUSG00000022070,ENSCJAG00000021112
ENSMUSG00000024081,ENSCJAG00000003858
ENSMUSG00000037204,ENSCJAG00000017929
ENSMUSG00000067173,ENSCJAG00000006924
ENSMUSG00000067173,ENSCJAG00000022906
ENSMUSG00000079598,ENSCJAG00000013258
ENSMUSG00000070552,ENSCJAG00000006924
ENSMUSG00000070552,ENSCJAG00000022906
ENSMUSG00000034845,ENSCJAG00000009753
ENSMUSG00000017300,ENSCJAG00000017357
ENSMUSG00000037185,ENSCJAG00000017933
ENSMUSG00000061436,ENSCJAG00000013263
ENSMUSG00000070551,ENSCJAG00000006924
ENSMUSG00000070551,ENSCJAG00000022906
ENSMUSG00000108900,ENSCJAG00000040584
ENSMUSG00000046718,ENSCJAG00000009764
ENSMUSG00000070550,ENSCJAG00000006924
ENSMUSG00000070550,ENSCJAG00000022906
ENSMUSG00000048058,ENSCJAG00000011017
ENSMUSG00000025246,ENSCJAG00000000909
ENSMUSG00000031813,ENSCJAG00000013764
ENSMUSG00000000001,ENSCJAG00000003054
ENSMUSG00000050870,ENSCJAG00000006924
ENSMUSG00000050870,ENSCJAG00000022906
ENSMUSG00000070547,ENSCJAG00000006924
ENSMUSG00000070547,ENSCJAG00000022906
ENSMUSG00000033166,ENSCJAG00000021117
ENSMUSG00000074109,ENSCJAG00000006924
ENSMUSG00000074109,ENSCJAG00000022906
ENSMUSG00000024082,ENSCJAG00000003932
ENSMUSG00000023039,ENSCJAG00000017950
ENSMUSG00000023039,ENSCJAG00000042931
ENSMUSG00000050425,ENSCJAG00000006924
ENSMUSG00000050425,ENSCJAG00000022906
ENSMUSG00000043664,ENSCJAG00000036544
ENSMUSG00000070546,ENSCJAG00000006924
ENSMUSG00000070546,ENSCJAG00000022906
ENSMUSG00000030911,ENSCJAG00000009206
ENSMUSG00000050373,ENSCJAG00000017344
ENSMUSG00000031808,ENSCJAG00000013783
ENSMUSG00002076902,ENSCJAG00000031630
ENSMUSG00000035725,ENSCJAG00000013771
ENSMUSG00000027189,ENSCJAG00000011000
ENSMUSG00000039156,ENSCJAG00000020997
ENSMUSG00000044581,ENSCJAG00000078565
ENSMUSG00000044581,ENSCJAG00000072220
ENSMUSG00000075012,ENSCJAG00000010998
ENSMUSG00000017307,ENSCJAG00000017332
ENSMUSG00000024070,ENSCJAG00000003965
ENSMUSG00000050947,ENSCJAG00000075465
ENSMUSG00000038530,ENSCJAG00000073413
ENSMUSG00000034612,ENSCJAG00000014697
ENSMUSG00000035649,ENSCJAG00000010465
ENSMUSG00002075065,ENSCJAG00000066465
ENSMUSG00000034591,ENSCJAG00000014708
ENSMUSG00000070532,ENSCJAG00000004163
ENSMUSG00000031807,ENSCJAG00000013798
ENSMUSG00000045822,ENSCJAG00000017328
ENSMUSG00000027188,ENSCJAG00000010977
ENSMUSG00000026675,ENSCJAG00000004176
ENSMUSG00000020255,ENSCJAG00000014728
ENSMUSG00000020255,ENSCJAG00000065150
ENSMUSG00000048997,ENSCJAG00000003025
ENSMUSG00000020256,ENSCJAG00000014729
ENSMUSG00000022376,ENSCJAG00000004325
ENSMUSG00000001588,ENSCJAG00000016450
ENSMUSG00000035572,ENSCJAG00000010621
ENSMUSG00000043243,ENSCJAG00000013801
ENSMUSG00000017764,ENSCJAG00000017325
ENSMUSG00000017767,ENSCJAG00000017323
ENSMUSG00000030471,ENSCJAG00000006851
ENSMUSG00000021789,ENSCJAG00000038466
ENSMUSG00000021789,ENSCJAG00000046541
ENSMUSG00000021789,ENSCJAG00000001964
ENSMUSG00000060771,ENSCJAG00000011456
ENSMUSG00000024948,ENSCJAG00000002730
ENSMUSG00000039873,ENSCJAG00000017320
ENSMUSG00000026974,ENSCJAG00000013432
ENSMUSG00000037780,ENSCJAG00000018197
ENSMUSG00000037780,ENSCJAG00000044249
ENSMUSG00000034807,ENSCJAG00000013838
ENSMUSG00000023017,ENSCJAG00000021071
ENSMUSG00000045973,ENSCJAG00000010651
ENSMUSG00000021795,ENSCJAG00000013038
ENSMUSG00000021795,ENSCJAG00000059975
ENSMUSG00000021795,ENSCJAG00000085816
ENSMUSG00000021795,ENSCJAG00000086814
ENSMUSG00000018340,ENSCJAG00000020887
ENSMUSG00000030909,ENSCJAG00000044858
ENSMUSG00000029108,ENSCJAG00000020994
ENSMUSG00000119692,ENSCJAG00000083977
ENSMUSG00000029925,ENSCJAG00000013325
ENSMUSG00000027004,ENSCJAG00000046070
ENSMUSG00000031344,ENSCJAG00000003787
ENSMUSG00000044813,ENSCJAG00000010656
ENSMUSG00000030470,ENSCJAG00000006844
ENSMUSG00000034560,ENSCJAG00000014770
ENSMUSG00000034799,ENSCJAG00000013861
ENSMUSG00000029361,ENSCJAG00000009419
ENSMUSG00000030905,ENSCJAG00000085128
ENSMUSG00000005089,ENSCJAG00000010952
ENSMUSG00000027887,ENSCJAG00000082501
ENSMUSG00000031347,ENSCJAG00000077737
ENSMUSG00000031347,ENSCJAG00000074624
ENSMUSG00000031347,ENSCJAG00000016338
ENSMUSG00000035561,ENSCJAG00000010672
ENSMUSG00000023018,ENSCJAG00000021079
ENSMUSG00000068749,ENSCJAG00000003004
ENSMUSG00000046179,ENSCJAG00000006811
ENSMUSG00000035551,ENSCJAG00000010685
ENSMUSG00000038507,ENSCJAG00000013351
ENSMUSG00000031349,ENSCJAG00000016347
ENSMUSG00000028327,ENSCJAG00000084355
ENSMUSG00000024084,ENSCJAG00000039612
ENSMUSG00000042599,ENSCJAG00000013403
ENSMUSG00000027684,ENSCJAG00000002651
ENSMUSG00000071230,ENSCJAG00000039358
ENSMUSG00000024155,ENSCJAG00000014767
ENSMUSG00000034755,ENSCJAG00000003672
ENSMUSG00000020263,ENSCJAG00000014883
ENSMUSG00000041836,ENSCJAG00000014247
ENSMUSG00000023019,ENSCJAG00000021089
ENSMUSG00000089422,ENSCJAG00000043863
ENSMUSG00000029924,ENSCJAG00000013424
ENSMUSG00000024158,ENSCJAG00000014745
ENSMUSG00000041245,ENSCJAG00000000221
ENSMUSG00000023020,ENSCJAG00000072013
ENSMUSG00000023021,ENSCJAG00000039684
ENSMUSG00000035539,ENSCJAG00000010698
ENSMUSG00000027375,ENSCJAG00000018948
ENSMUSG00000035517,ENSCJAG00000010731
ENSMUSG00000031805,ENSCJAG00000038589
ENSMUSG00000017760,ENSCJAG00000017300
ENSMUSG00000049588,ENSCJAG00000015512
ENSMUSG00000026674,ENSCJAG00000004221
ENSMUSG00000057615,ENSCJAG00000075895
ENSMUSG00000031109,ENSCJAG00000014408
ENSMUSG00000010461,ENSCJAG00000002817
ENSMUSG00000029923,ENSCJAG00000013457
ENSMUSG00000028328,ENSCJAG00000010783
ENSMUSG00000029922,ENSCJAG00000013474
ENSMUSG00000000594,ENSCJAG00000073480
ENSMUSG00000037216,ENSCJAG00000007099
ENSMUSG00000026088,ENSCJAG00000007090
ENSMUSG00000035495,ENSCJAG00000010818
ENSMUSG00000119859,ENSCJAG00000072058
ENSMUSG00000119859,ENSCJAG00000028833
ENSMUSG00000055567,ENSCJAG00000010773
ENSMUSG00000022332,ENSCJAG00000004331
ENSMUSG00000089992,ENSCJAG00000016775
ENSMUSG00000029381,ENSCJAG00000014716
ENSMUSG00000038456,ENSCJAG00000013487
ENSMUSG00000028330,ENSCJAG00000010840
ENSMUSG00000015519,ENSCJAG00000003611
ENSMUSG00000049491,ENSCJAG00000015538
ENSMUSG00000024949,ENSCJAG00000002780
ENSMUSG00000038679,ENSCJAG00000005928
ENSMUSG00000037661,ENSCJAG00000002573
ENSMUSG00000020264,ENSCJAG00000015624
ENSMUSG00000028329,ENSCJAG00000010911
ENSMUSG00000017754,ENSCJAG00000017262
ENSMUSG00000075600,ENSCJAG00000021439
ENSMUSG00000046947,ENSCJAG00000013509
ENSMUSG00000040412,ENSCJAG00000002736
ENSMUSG00000048922,ENSCJAG00000019958
ENSMUSG00000019802,ENSCJAG00000005998
ENSMUSG00000020261,ENSCJAG00000015590
ENSMUSG00000070990,ENSCJAG00000045597
ENSMUSG00000055762,ENSCJAG00000021419
ENSMUSG00000079019,ENSCJAG00000074898
ENSMUSG00000028331,ENSCJAG00000010923
ENSMUSG00000002416,ENSCJAG00000013524
ENSMUSG00000031803,ENSCJAG00000011816
ENSMUSG00000070000,ENSCJAG00000013943
ENSMUSG00000002413,ENSCJAG00000013536
ENSMUSG00000032366,ENSCJAG00000004355
ENSMUSG00000044770,ENSCJAG00000006102
ENSMUSG00000028332,ENSCJAG00000010940
ENSMUSG00000055333,ENSCJAG00000015562
ENSMUSG00000038880,ENSCJAG00000014694
ENSMUSG00000073435,ENSCJAG00000014687
ENSMUSG00000028333,ENSCJAG00000010946
ENSMUSG00000029918,ENSCJAG00000070993
ENSMUSG00000029918,ENSCJAG00000081978
ENSMUSG00000029918,ENSCJAG00000070207
ENSMUSG00000031004,ENSCJAG00000014323
ENSMUSG00000045314,ENSCJAG00000040356
ENSMUSG00000027002,ENSCJAG00000011170
ENSMUSG00000024165,ENSCJAG00000014626
ENSMUSG00000024165,ENSCJAG00000082929
ENSMUSG00000032898,ENSCJAG00000045999
ENSMUSG00000032898,ENSCJAG00000009509
ENSMUSG00000027886,ENSCJAG00000002720
ENSMUSG00000057716,ENSCJAG00000013588
ENSMUSG00000028334,ENSCJAG00000010966
ENSMUSG00000020532,ENSCJAG00000015336
ENSMUSG00000048100,ENSCJAG00000022551
ENSMUSG00000036570,ENSCJAG00000010597
ENSMUSG00000029916,ENSCJAG00000013589
ENSMUSG00000038002,ENSCJAG00000014596
ENSMUSG00000026087,ENSCJAG00000007085
ENSMUSG00000039853,ENSCJAG00000087007
ENSMUSG00000040389,ENSCJAG00000002658
ENSMUSG00000034813,ENSCJAG00000014483
ENSMUSG00000026279,ENSCJAG00000000540
ENSMUSG00000027884,ENSCJAG00000002641
ENSMUSG00000034327,ENSCJAG00000019969
ENSMUSG00000028337,ENSCJAG00000011027
ENSMUSG00000037172,ENSCJAG00000013621
ENSMUSG00000037999,ENSCJAG00000020975
ENSMUSG00000024228,ENSCJAG00000009113
ENSMUSG00000061584,ENSCJAG00000007074
ENSMUSG00000026085,ENSCJAG00000007070
ENSMUSG00000037159,ENSCJAG00000013627
ENSMUSG00000118664,ENSCJAG00000011929
ENSMUSG00000026005,ENSCJAG00000010822
ENSMUSG00000027883,ENSCJAG00000002616
ENSMUSG00000039813,ENSCJAG00000011059
ENSMUSG00000045237,ENSCJAG00000067463
ENSMUSG00000045237,ENSCJAG00000072760
ENSMUSG00000056629,ENSCJAG00000038946
ENSMUSG00000029911,ENSCJAG00000013650
ENSMUSG00000090326,ENSCJAG00000020974
ENSMUSG00000073139,ENSCJAG00000075434
ENSMUSG00000073139,ENSCJAG00000085048
ENSMUSG00000044447,ENSCJAG00000019986
ENSMUSG00000029359,ENSCJAG00000023388
ENSMUSG00000046196,ENSCJAG00000015183
ENSMUSG00000039809,ENSCJAG00000042994
ENSMUSG00000055760,ENSCJAG00000015169
ENSMUSG00000035051,ENSCJAG00000015097
ENSMUSG00000049565,ENSCJAG00000002585
ENSMUSG00000058407,ENSCJAG00000009936
ENSMUSG00000073102,ENSCJAG00000001461
ENSMUSG00000029909,ENSCJAG00000013663
ENSMUSG00000020609,ENSCJAG00000007533
ENSMUSG00000031358,ENSCJAG00000001061
ENSMUSG00000037652,ENSCJAG00000002517
ENSMUSG00000066191,ENSCJAG00000011142
ENSMUSG00000029915,ENSCJAG00000087307
ENSMUSG00000090061,ENSCJAG00000020972
ENSMUSG00000048385,ENSCJAG00000061387
ENSMUSG00000032867,ENSCJAG00000009513
ENSMUSG00000018893,ENSCJAG00000000506
ENSMUSG00000039849,ENSCJAG00000017232
ENSMUSG00000026004,ENSCJAG00000010851
ENSMUSG00000022094,ENSCJAG00000038713
ENSMUSG00000040451,ENSCJAG00000005202
ENSMUSG00000039774,ENSCJAG00000011172
ENSMUSG00000054612,ENSCJAG00000014351
ENSMUSG00000033576,ENSCJAG00000080326
ENSMUSG00000058250,ENSCJAG00000013686
ENSMUSG00000068587,ENSCJAG00000013692
ENSMUSG00000036560,ENSCJAG00000010603
ENSMUSG00000031355,ENSCJAG00000001025
ENSMUSG00000018698,ENSCJAG00000015449
ENSMUSG00000060512,ENSCJAG00000020970
ENSMUSG00000033565,ENSCJAG00000038886
ENSMUSG00000018593,ENSCJAG00000042722
ENSMUSG00000027001,ENSCJAG00000011160
ENSMUSG00000047881,ENSCJAG00000020965
ENSMUSG00000028339,ENSCJAG00000011193
ENSMUSG00000045257,ENSCJAG00000040859
ENSMUSG00000054901,ENSCJAG00000046151
ENSMUSG00000054901,ENSCJAG00000015081
ENSMUSG00000057092,ENSCJAG00000010643
ENSMUSG00000039834,ENSCJAG00000017215
ENSMUSG00000026083,ENSCJAG00000009960
ENSMUSG00000029171,ENSCJAG00000020941
ENSMUSG00000033644,ENSCJAG00000020263
ENSMUSG00000024241,ENSCJAG00000015029
ENSMUSG00000024896,ENSCJAG00000005222
ENSMUSG00000030507,ENSCJAG00000006734
ENSMUSG00000029174,ENSCJAG00000020921
ENSMUSG00000074896,ENSCJAG00000005737
ENSMUSG00000018405,ENSCJAG00000001023
ENSMUSG00000079339,ENSCJAG00000005746
ENSMUSG00000062488,ENSCJAG00000005737
ENSMUSG00000067297,ENSCJAG00000005746
ENSMUSG00000034459,ENSCJAG00000005746
ENSMUSG00000018585,ENSCJAG00000015505
ENSMUSG00000018585,ENSCJAG00000023313
ENSMUSG00000026999,ENSCJAG00000011104
ENSMUSG00000024014,ENSCJAG00000072701
ENSMUSG00000009378,ENSCJAG00000039416
ENSMUSG00000034449,ENSCJAG00000001031
ENSMUSG00000046096,ENSCJAG00000059695
ENSMUSG00000025223,ENSCJAG00000017777
ENSMUSG00000061816,ENSCJAG00000010924
ENSMUSG00000098557,ENSCJAG00000041977
ENSMUSG00000018583,ENSCJAG00000015407
ENSMUSG00000007613,ENSCJAG00000011244
ENSMUSG00000022126,ENSCJAG00000021189
ENSMUSG00000030505,ENSCJAG00000006650
ENSMUSG00000091614,ENSCJAG00000061553
ENSMUSG00000031354,ENSCJAG00000001049
ENSMUSG00000022125,ENSCJAG00000021191
ENSMUSG00000102802,ENSCJAG00000036807
ENSMUSG00000065141,ENSCJAG00000079297
ENSMUSG00000022124,ENSCJAG00000047401
ENSMUSG00000070866,ENSCJAG00000011088
ENSMUSG00000042203,ENSCJAG00000005473
ENSMUSG00000000263,ENSCJAG00000015379
ENSMUSG00000051331,ENSCJAG00000000732
ENSMUSG00000017737,ENSCJAG00000017207
ENSMUSG00000026082,ENSCJAG00000010048
ENSMUSG00000047866,ENSCJAG00000012577
ENSMUSG00000093009,ENSCJAG00000069291
ENSMUSG00000092687,ENSCJAG00000051381
ENSMUSG00000090877,ENSCJAG00000039800
ENSMUSG00000091971,ENSCJAG00000039800
ENSMUSG00000028341,ENSCJAG00000011288
ENSMUSG00000027882,ENSCJAG00000002539
ENSMUSG00000021877,ENSCJAG00000040282
ENSMUSG00000007050,ENSCJAG00000080887
ENSMUSG00000001249,ENSCJAG00000010660
ENSMUSG00000037393,ENSCJAG00000086451
ENSMUSG00000031352,ENSCJAG00000001007
ENSMUSG00000065635,ENSCJAG00000061729
ENSMUSG00000020695,ENSCJAG00000019796
ENSMUSG00000075249,ENSCJAG00000007544
ENSMUSG00000075249,ENSCJAG00000085286
ENSMUSG00000038473,ENSCJAG00000004517
ENSMUSG00000027091,ENSCJAG00000005931
ENSMUSG00000043702,ENSCJAG00000019905
ENSMUSG00000028343,ENSCJAG00000011361
ENSMUSG00000021879,ENSCJAG00000031846
ENSMUSG00000121607,ENSCJAG00000070902
ENSMUSG00000121607,ENSCJAG00000082578
ENSMUSG00000028344,ENSCJAG00000011404
ENSMUSG00000121914,ENSCJAG00000000274
ENSMUSG00000031314,ENSCJAG00000013390
ENSMUSG00000062372,ENSCJAG00000001409
ENSMUSG00000037643,ENSCJAG00000002470
ENSMUSG00000027087,ENSCJAG00000005883
ENSMUSG00000055491,ENSCJAG00000017812
ENSMUSG00000007029,ENSCJAG00000002604
ENSMUSG00000047284,ENSCJAG00000016494
ENSMUSG00000064624,ENSCJAG00000073752
ENSMUSG00000036840,ENSCJAG00000053793
ENSMUSG00000031652,ENSCJAG00000012640
ENSMUSG00000038463,ENSCJAG00000004556
ENSMUSG00000019194,ENSCJAG00000036273
ENSMUSG00000037363,ENSCJAG00000002468
ENSMUSG00000028345,ENSCJAG00000011446
ENSMUSG00000026663,ENSCJAG00000004572
ENSMUSG00000040760,ENSCJAG00000010992
ENSMUSG00000039728,ENSCJAG00000006534
ENSMUSG00000045326,ENSCJAG00000002532
ENSMUSG00000119049,ENSCJAG00000071812
ENSMUSG00000119049,ENSCJAG00000072432
ENSMUSG00000026000,ENSCJAG00000038860
ENSMUSG00000054823,ENSCJAG00000002489
ENSMUSG00000028347,ENSCJAG00000011484
ENSMUSG00000015176,ENSCJAG00000017832
ENSMUSG00000048388,ENSCJAG00000047370
ENSMUSG00000040726,ENSCJAG00000048644
ENSMUSG00000040717,ENSCJAG00000010960
ENSMUSG00000034552,ENSCJAG00000086099
ENSMUSG00000028348,ENSCJAG00000011496
ENSMUSG00000094125,ENSCJAG00000047313
ENSMUSG00000017740,ENSCJAG00000017149
ENSMUSG00000063446,ENSCJAG00000016264
ENSMUSG00000026659,ENSCJAG00000072262
ENSMUSG00000027660,ENSCJAG00000006578
ENSMUSG00000018126,ENSCJAG00000012023
ENSMUSG00000007030,ENSCJAG00000002647
ENSMUSG00000030889,ENSCJAG00000009062
ENSMUSG00000037138,ENSCJAG00000010071
ENSMUSG00000055128,ENSCJAG00000007328
ENSMUSG00000039653,ENSCJAG00000016292
ENSMUSG00000042632,ENSCJAG00000011999
ENSMUSG00000044018,ENSCJAG00000083876
ENSMUSG00000038754,ENSCJAG00000079228
ENSMUSG00000039634,ENSCJAG00000016305
ENSMUSG00000036185,ENSCJAG00000042253
ENSMUSG00000025229,ENSCJAG00000017858
ENSMUSG00000115338,ENSCJAG00000009676
ENSMUSG00000028307,ENSCJAG00000016312
ENSMUSG00000037625,ENSCJAG00000043153
ENSMUSG00000031570,ENSCJAG00000002560
ENSMUSG00000025224,ENSCJAG00000017861
ENSMUSG00000042390,ENSCJAG00000010131
ENSMUSG00000007035,ENSCJAG00000002698
ENSMUSG00000057132,ENSCJAG00000009298
ENSMUSG00000039611,ENSCJAG00000016348
ENSMUSG00000028309,ENSCJAG00000016354
ENSMUSG00000040693,ENSCJAG00000009487
ENSMUSG00000031209,ENSCJAG00000001469
ENSMUSG00000070524,ENSCJAG00000004627
ENSMUSG00000109392,ENSCJAG00000009056
ENSMUSG00000029185,ENSCJAG00000000820
ENSMUSG00000091002,ENSCJAG00000014418
ENSMUSG00000069072,ENSCJAG00000002451
ENSMUSG00000025991,ENSCJAG00000010985
ENSMUSG00000037316,ENSCJAG00000002619
ENSMUSG00000037913,ENSCJAG00000000810
ENSMUSG00000031838,ENSCJAG00000014094
ENSMUSG00000031840,ENSCJAG00000072185
ENSMUSG00000045662,ENSCJAG00000002494
ENSMUSG00000054920,ENSCJAG00000000789
ENSMUSG00000055409,ENSCJAG00000034303
ENSMUSG00000118881,ENSCJAG00000076049
ENSMUSG00000007041,ENSCJAG00000017416
ENSMUSG00000007041,ENSCJAG00000002788
ENSMUSG00000061313,ENSCJAG00000002575
ENSMUSG00000038421,ENSCJAG00000004663
ENSMUSG00000078627,ENSCJAG00000019792
ENSMUSG00000094336,ENSCJAG00000047313
ENSMUSG00000039804,ENSCJAG00000017137
ENSMUSG00000029594,ENSCJAG00000009798
ENSMUSG00000007039,ENSCJAG00000002823
ENSMUSG00000041775,ENSCJAG00000069682
ENSMUSG00000041775,ENSCJAG00000085844
ENSMUSG00000025225,ENSCJAG00000017928
ENSMUSG00000041769,ENSCJAG00000000219
ENSMUSG00000040339,ENSCJAG00000002480
ENSMUSG00000039579,ENSCJAG00000016471
ENSMUSG00000026331,ENSCJAG00000009478
ENSMUSG00000023170,ENSCJAG00000036993
ENSMUSG00000073414,ENSCJAG00000002843
ENSMUSG00000096729,ENSCJAG00000047313
ENSMUSG00000096484,ENSCJAG00000047313
ENSMUSG00000017652,ENSCJAG00000017119
ENSMUSG00000092586,ENSCJAG00000053870
ENSMUSG00000073413,ENSCJAG00000002898
ENSMUSG00000001248,ENSCJAG00000010702
ENSMUSG00000040322,ENSCJAG00000008602
ENSMUSG00000028312,ENSCJAG00000016524
ENSMUSG00000071076,ENSCJAG00000059058
ENSMUSG00000013766,ENSCJAG00000053728
ENSMUSG00000031845,ENSCJAG00000077714
ENSMUSG00000029595,ENSCJAG00000009813
ENSMUSG00000034923,ENSCJAG00000045693
ENSMUSG00000023764,ENSCJAG00000011107
ENSMUSG00000029596,ENSCJAG00000038341
ENSMUSG00000026078,ENSCJAG00000010160
ENSMUSG00000033721,ENSCJAG00000008623
ENSMUSG00000007036,ENSCJAG00000002906
ENSMUSG00000062209,ENSCJAG00000011307
ENSMUSG00000035726,ENSCJAG00000009196
ENSMUSG00000037296,ENSCJAG00000048015
ENSMUSG00000031574,ENSCJAG00000002634
ENSMUSG00000032431,ENSCJAG00000011966
ENSMUSG00000029166,ENSCJAG00000001341
ENSMUSG00000034482,ENSCJAG00000002989
ENSMUSG00000071342,ENSCJAG00000044138
ENSMUSG00000043807,ENSCJAG00000040243
ENSMUSG00000037126,ENSCJAG00000017941
ENSMUSG00000045594,ENSCJAG00000011922
ENSMUSG00000024387,ENSCJAG00000002996
ENSMUSG00000001627,ENSCJAG00000046290
ENSMUSG00000031575,ENSCJAG00000002642
ENSMUSG00000042622,ENSCJAG00000053088
ENSMUSG00000029597,ENSCJAG00000057048
ENSMUSG00000053754,ENSCJAG00000009002
ENSMUSG00000009035,ENSCJAG00000011962
ENSMUSG00000096337,ENSCJAG00000047313
ENSMUSG00000053166,ENSCJAG00000017106
ENSMUSG00000026656,ENSCJAG00000004742
ENSMUSG00000047898,ENSCJAG00000022769
ENSMUSG00000029598,ENSCJAG00000009859
ENSMUSG00000079259,ENSCJAG00000011921
ENSMUSG00000095824,ENSCJAG00000047313
ENSMUSG00000079247,ENSCJAG00000047313
ENSMUSG00000005087,ENSCJAG00000010912
ENSMUSG00000056167,ENSCJAG00000011843
ENSMUSG00000065872,ENSCJAG00000055948
ENSMUSG00000022433,ENSCJAG00000011879
ENSMUSG00000049300,ENSCJAG00000072532
ENSMUSG00000049300,ENSCJAG00000062136
ENSMUSG00000049300,ENSCJAG00000022625
ENSMUSG00000049300,ENSCJAG00000077070
ENSMUSG00000089717,ENSCJAG00000063123
ENSMUSG00000015243,ENSCJAG00000016653
ENSMUSG00000025226,ENSCJAG00000017990
ENSMUSG00000037890,ENSCJAG00000000737
ENSMUSG00000036748,ENSCJAG00000065966
ENSMUSG00000092417,ENSCJAG00000003002
ENSMUSG00000059089,ENSCJAG00000087008
ENSMUSG00000020228,ENSCJAG00000014511
ENSMUSG00000061911,ENSCJAG00000007286
ENSMUSG00000044216,ENSCJAG00000011954
ENSMUSG00000026077,ENSCJAG00000021202
ENSMUSG00000027671,ENSCJAG00000013036
ENSMUSG00000010830,ENSCJAG00000011872
ENSMUSG00000043311,ENSCJAG00000040688
ENSMUSG00000121950,ENSCJAG00000064943
ENSMUSG00000024391,ENSCJAG00000003011
ENSMUSG00000055065,ENSCJAG00000011797
ENSMUSG00000020227,ENSCJAG00000014525
ENSMUSG00000093044,ENSCJAG00000028874
ENSMUSG00000022159,ENSCJAG00000008981
ENSMUSG00000028412,ENSCJAG00000016784
ENSMUSG00000024392,ENSCJAG00000003019
ENSMUSG00000024392,ENSCJAG00000047273
ENSMUSG00000059498,ENSCJAG00000004742
ENSMUSG00000032435,ENSCJAG00000011783
ENSMUSG00000020225,ENSCJAG00000014558
ENSMUSG00000031576,ENSCJAG00000002801
ENSMUSG00000032434,ENSCJAG00000040951
ENSMUSG00000025997,ENSCJAG00000043858
ENSMUSG00000032436,ENSCJAG00000043564
ENSMUSG00000088979,ENSCJAG00000033112
ENSMUSG00000016831,ENSCJAG00000008956
ENSMUSG00000051989,ENSCJAG00000070404
ENSMUSG00000044597,ENSCJAG00000039364
ENSMUSG00000020224,ENSCJAG00000060811
ENSMUSG00000025227,ENSCJAG00000018006
ENSMUSG00000041012,ENSCJAG00000011776
ENSMUSG00000034674,ENSCJAG00000014510
ENSMUSG00000079531,ENSCJAG00000052872
ENSMUSG00000050627,ENSCJAG00000039489
ENSMUSG00000056270,ENSCJAG00000022917
ENSMUSG00000027927,ENSCJAG00000022918
ENSMUSG00000107280,ENSCJAG00000073997
ENSMUSG00000119217,ENSCJAG00000071377
ENSMUSG00000022160,ENSCJAG00000008893
ENSMUSG00000106824,ENSCJAG00000073997
ENSMUSG00000047264,ENSCJAG00000045015
ENSMUSG00000027981,ENSCJAG00000035686
ENSMUSG00000004567,ENSCJAG00000008429
ENSMUSG00000031118,ENSCJAG00000003841
ENSMUSG00000028414,ENSCJAG00000016840
ENSMUSG00000070127,ENSCJAG00000025783
ENSMUSG00000099655,ENSCJAG00000048294
ENSMUSG00000025228,ENSCJAG00000018011
ENSMUSG00000055489,ENSCJAG00000006456
ENSMUSG00000022429,ENSCJAG00000011766
ENSMUSG00000073702,ENSCJAG00000085278
ENSMUSG00000035387,ENSCJAG00000032445
ENSMUSG00000121974,ENSCJAG00000010940
ENSMUSG00000016382,ENSCJAG00000001982
ENSMUSG00000034687,ENSCJAG00000014882
ENSMUSG00000040875,ENSCJAG00000004447
ENSMUSG00000025231,ENSCJAG00000018029
ENSMUSG00000020524,ENSCJAG00000004624
ENSMUSG00000028417,ENSCJAG00000063376
ENSMUSG00000028420,ENSCJAG00000058401
ENSMUSG00000065887,ENSCJAG00000045369
ENSMUSG00000049532,ENSCJAG00000008855
ENSMUSG00000020251,ENSCJAG00000086331
ENSMUSG00000004565,ENSCJAG00000037780
ENSMUSG00000022214,ENSCJAG00000007214
ENSMUSG00000022428,ENSCJAG00000011737
ENSMUSG00000060206,ENSCJAG00000016879
ENSMUSG00000051728,ENSCJAG00000022487
ENSMUSG00000116967,ENSCJAG00000002854
ENSMUSG00000040648,ENSCJAG00000009127
ENSMUSG00000018040,ENSCJAG00000009668
ENSMUSG00000050621,ENSCJAG00000073895
ENSMUSG00000032437,ENSCJAG00000004428
ENSMUSG00000025352,ENSCJAG00000007914
ENSMUSG00000041815,ENSCJAG00000009628
ENSMUSG00000041815,ENSCJAG00000066555
ENSMUSG00000040706,ENSCJAG00000008645
ENSMUSG00000052698,ENSCJAG00000004289
ENSMUSG00000025351,ENSCJAG00000007935
ENSMUSG00000040697,ENSCJAG00000008656
ENSMUSG00000029484,ENSCJAG00000014968
ENSMUSG00000020674,ENSCJAG00000051702
ENSMUSG00000030500,ENSCJAG00000006408
ENSMUSG00000065176,ENSCJAG00000046145
ENSMUSG00000018042,ENSCJAG00000009596
ENSMUSG00000020457,ENSCJAG00000011009
ENSMUSG00000028914,ENSCJAG00000008732
ENSMUSG00000025350,ENSCJAG00000046469
ENSMUSG00000027966,ENSCJAG00000008922
ENSMUSG00000090247,ENSCJAG00000022603
ENSMUSG00000025034,ENSCJAG00000018057
ENSMUSG00000032754,ENSCJAG00000009862
ENSMUSG00000031093,ENSCJAG00000002281
ENSMUSG00000053580,ENSCJAG00000019781
ENSMUSG00000025347,ENSCJAG00000008201
ENSMUSG00000025035,ENSCJAG00000040244
ENSMUSG00000056853,ENSCJAG00000081557
ENSMUSG00000025348,ENSCJAG00000008045
ENSMUSG00000058579,ENSCJAG00000008785
ENSMUSG00000030498,ENSCJAG00000006376
ENSMUSG00000020673,ENSCJAG00000011579
ENSMUSG00000025036,ENSCJAG00000018068
ENSMUSG00000040659,ENSCJAG00000068517
ENSMUSG00000047878,ENSCJAG00000022137
ENSMUSG00000051435,ENSCJAG00000008888
ENSMUSG00000054277,ENSCJAG00000009816
ENSMUSG00000020672,ENSCJAG00000071111
ENSMUSG00000047731,ENSCJAG00000046138
ENSMUSG00000026649,ENSCJAG00000023045
ENSMUSG00000026649,ENSCJAG00000004753
ENSMUSG00000020530,ENSCJAG00000001044
ENSMUSG00000064853,ENSCJAG00000080736
ENSMUSG00000024397,ENSCJAG00000003075
ENSMUSG00000022215,ENSCJAG00000007211
ENSMUSG00000016664,ENSCJAG00000009771
ENSMUSG00000022216,ENSCJAG00000012692
ENSMUSG00000022216,ENSCJAG00000084306
ENSMUSG00000094445,ENSCJAG00000039116
ENSMUSG00000053153,ENSCJAG00000011448
ENSMUSG00000027965,ENSCJAG00000041573
ENSMUSG00000003555,ENSCJAG00000018089
ENSMUSG00000078485,ENSCJAG00000082373
ENSMUSG00000034663,ENSCJAG00000014993
ENSMUSG00000043061,ENSCJAG00000011644
ENSMUSG00000063297,ENSCJAG00000006364
ENSMUSG00000073412,ENSCJAG00000034315
ENSMUSG00000022442,ENSCJAG00000009758
ENSMUSG00000054204,ENSCJAG00000011653
ENSMUSG00000024399,ENSCJAG00000003102
ENSMUSG00000019843,ENSCJAG00000004878
ENSMUSG00000062376,ENSCJAG00000039007
ENSMUSG00000034160,ENSCJAG00000013308
ENSMUSG00000044573,ENSCJAG00000048428
ENSMUSG00000024401,ENSCJAG00000040100
ENSMUSG00000058076,ENSCJAG00000004757
ENSMUSG00000050931,ENSCJAG00000015928
ENSMUSG00000055725,ENSCJAG00000046327
ENSMUSG00000024402,ENSCJAG00000082158
ENSMUSG00000027630,ENSCJAG00000002082
ENSMUSG00000042419,ENSCJAG00000077633
ENSMUSG00000045648,ENSCJAG00000052055
ENSMUSG00002076083,ENSCJAG00000037008
ENSMUSG00000050395,ENSCJAG00000042615
ENSMUSG00000024403,ENSCJAG00000039010
ENSMUSG00000024677,ENSCJAG00000016355
ENSMUSG00000016758,ENSCJAG00000001723
ENSMUSG00000020669,ENSCJAG00000011675
ENSMUSG00000026333,ENSCJAG00000009265
ENSMUSG00000043621,ENSCJAG00000023243
ENSMUSG00000032741,ENSCJAG00000009898
ENSMUSG00000019432,ENSCJAG00000003152
ENSMUSG00000044433,ENSCJAG00000008533
ENSMUSG00000048755,ENSCJAG00000001717
ENSMUSG00000022217,ENSCJAG00000007207
ENSMUSG00000041736,ENSCJAG00000052262
ENSMUSG00000024679,ENSCJAG00000016355
ENSMUSG00000079197,ENSCJAG00000085472
ENSMUSG00000079197,ENSCJAG00000007167
ENSMUSG00000079197,ENSCJAG00000022320
ENSMUSG00000079197,ENSCJAG00000073678
ENSMUSG00000028749,ENSCJAG00000006586
ENSMUSG00000016757,ENSCJAG00000001674
ENSMUSG00000003134,ENSCJAG00000021215
ENSMUSG00000024680,ENSCJAG00000016336
ENSMUSG00000041202,ENSCJAG00000070261
ENSMUSG00000041193,ENSCJAG00000079859
ENSMUSG00000055745,ENSCJAG00000022802
ENSMUSG00000036106,ENSCJAG00000056936
ENSMUSG00000010914,ENSCJAG00000010888
ENSMUSG00000075770,ENSCJAG00000062054
ENSMUSG00000065273,ENSCJAG00000059856
ENSMUSG00000050553,ENSCJAG00000023111
ENSMUSG00000049823,ENSCJAG00000044185
ENSMUSG00000029601,ENSCJAG00000009998
ENSMUSG00000050232,ENSCJAG00000006395
ENSMUSG00000020651,ENSCJAG00000016357
ENSMUSG00000045010,ENSCJAG00000032793
ENSMUSG00000045010,ENSCJAG00000086496
ENSMUSG00000045010,ENSCJAG00000032034
ENSMUSG00000024681,ENSCJAG00000016335
ENSMUSG00000013787,ENSCJAG00000037618
ENSMUSG00000046774,ENSCJAG00000032793
ENSMUSG00000046774,ENSCJAG00000086496
ENSMUSG00000046774,ENSCJAG00000032034
ENSMUSG00000029338,ENSCJAG00000015024
ENSMUSG00000078954,ENSCJAG00000016200
ENSMUSG00000045140,ENSCJAG00000023386
ENSMUSG00000055895,ENSCJAG00000040670
ENSMUSG00000087894,ENSCJAG00000026707
ENSMUSG00000087894,ENSCJAG00000067657
ENSMUSG00000087894,ENSCJAG00000058867
ENSMUSG00000087894,ENSCJAG00000029198
ENSMUSG00000087894,ENSCJAG00000032797
ENSMUSG00000087894,ENSCJAG00000023896
ENSMUSG00000087894,ENSCJAG00000029526
ENSMUSG00000118638,ENSCJAG00000032793
ENSMUSG00000118638,ENSCJAG00000086496
ENSMUSG00000118638,ENSCJAG00000032034
ENSMUSG00000090084,ENSCJAG00000005292
ENSMUSG00000028751,ENSCJAG00000006628
ENSMUSG00000041857,ENSCJAG00000067826
ENSMUSG00000020523,ENSCJAG00000004547
ENSMUSG00000010911,ENSCJAG00000065396
ENSMUSG00000047098,ENSCJAG00000007073
ENSMUSG00000020650,ENSCJAG00000016329
ENSMUSG00000041161,ENSCJAG00000006633
ENSMUSG00000017664,ENSCJAG00000017091
ENSMUSG00000036114,ENSCJAG00000008716
ENSMUSG00000020648,ENSCJAG00000016323
ENSMUSG00000028447,ENSCJAG00000008717
ENSMUSG00000023011,ENSCJAG00000021045
ENSMUSG00000024682,ENSCJAG00000016313
ENSMUSG00000026196,ENSCJAG00000011473
ENSMUSG00000029600,ENSCJAG00000043916
ENSMUSG00000035933,ENSCJAG00000016283
ENSMUSG00000024683,ENSCJAG00000016306
ENSMUSG00000076379,ENSCJAG00000030012
ENSMUSG00000041488,ENSCJAG00000016262
ENSMUSG00000066224,ENSCJAG00000008754
ENSMUSG00000065629,ENSCJAG00000060216
ENSMUSG00000031174,ENSCJAG00000020771
ENSMUSG00002076218,ENSCJAG00000085285
ENSMUSG00000003135,ENSCJAG00000021229
ENSMUSG00000035284,ENSCJAG00000004011
ENSMUSG00000019842,ENSCJAG00000004951
ENSMUSG00000044067,ENSCJAG00000016322
ENSMUSG00000029335,ENSCJAG00000062893
ENSMUSG00000078780,ENSCJAG00000043683
ENSMUSG00000078780,ENSCJAG00000020939
ENSMUSG00000036078,ENSCJAG00000008767
ENSMUSG00000047213,ENSCJAG00000009217
ENSMUSG00000029599,ENSCJAG00000010039
ENSMUSG00000002996,ENSCJAG00000016260
ENSMUSG00000056569,ENSCJAG00000004767
ENSMUSG00000002325,ENSCJAG00000007065
ENSMUSG00000020522,ENSCJAG00000056328
ENSMUSG00000096687,ENSCJAG00000070847
ENSMUSG00000096687,ENSCJAG00000083633
ENSMUSG00000019470,ENSCJAG00000008568
ENSMUSG00000003344,ENSCJAG00000021486
ENSMUSG00000073888,ENSCJAG00000008928
ENSMUSG00000020527,ENSCJAG00000001068
ENSMUSG00000023013,ENSCJAG00000021049
ENSMUSG00000044217,ENSCJAG00000070257
ENSMUSG00000068747,ENSCJAG00000002962
ENSMUSG00000043144,ENSCJAG00000021055
ENSMUSG00000020190,ENSCJAG00000000539
ENSMUSG00000038370,ENSCJAG00000047221
ENSMUSG00000050296,ENSCJAG00000011510
ENSMUSG00000023015,ENSCJAG00000021058
ENSMUSG00000087687,ENSCJAG00000008597
ENSMUSG00000002324,ENSCJAG00000007023
ENSMUSG00000094282,ENSCJAG00000012751
ENSMUSG00000004630,ENSCJAG00000008598
ENSMUSG00000029191,ENSCJAG00000020703
ENSMUSG00000060878,ENSCJAG00000022523
ENSMUSG00000046139,ENSCJAG00000016192
ENSMUSG00000030878,ENSCJAG00000008902
ENSMUSG00000020526,ENSCJAG00000001093
ENSMUSG00000003348,ENSCJAG00000013051
ENSMUSG00000027400,ENSCJAG00000073299
ENSMUSG00000002319,ENSCJAG00000006937
ENSMUSG00000055862,ENSCJAG00000013059
ENSMUSG00000024687,ENSCJAG00000016132
ENSMUSG00000025477,ENSCJAG00000076817
ENSMUSG00000037885,ENSCJAG00000020949
ENSMUSG00000020520,ENSCJAG00000004500
ENSMUSG00000004626,ENSCJAG00000008608
ENSMUSG00000036073,ENSCJAG00000008848
ENSMUSG00000067529,ENSCJAG00000075102
ENSMUSG00000026335,ENSCJAG00000009287
ENSMUSG00000067528,ENSCJAG00000075105
ENSMUSG00000032648,ENSCJAG00000002836
ENSMUSG00000017670,ENSCJAG00000017007
ENSMUSG00000020198,ENSCJAG00000013091
ENSMUSG00000020519,ENSCJAG00000042193
ENSMUSG00000037335,ENSCJAG00000078853
ENSMUSG00000002997,ENSCJAG00000016244
ENSMUSG00000078812,ENSCJAG00000069759
ENSMUSG00000078812,ENSCJAG00000041936
ENSMUSG00000068745,ENSCJAG00000002949
ENSMUSG00000032946,ENSCJAG00000002861
ENSMUSG00000118816,ENSCJAG00000081076
ENSMUSG00002075243,ENSCJAG00000076869
ENSMUSG00000032238,ENSCJAG00000003989
ENSMUSG00000068744,ENSCJAG00000002944
ENSMUSG00000073792,ENSCJAG00000016521
ENSMUSG00000088935,ENSCJAG00000065407
ENSMUSG00000041309,ENSCJAG00000010137
ENSMUSG00000002320,ENSCJAG00000006911
ENSMUSG00000019984,ENSCJAG00000003056
ENSMUSG00000026192,ENSCJAG00000042369
ENSMUSG00000026192,ENSCJAG00000011695
ENSMUSG00000032235,ENSCJAG00000003977
ENSMUSG00000012705,ENSCJAG00000076735
ENSMUSG00000030876,ENSCJAG00000046586
ENSMUSG00000007034,ENSCJAG00000002493
ENSMUSG00000066150,ENSCJAG00000017843
ENSMUSG00000013974,ENSCJAG00000008706
ENSMUSG00000068740,ENSCJAG00000002840
ENSMUSG00000066149,ENSCJAG00000070311
ENSMUSG00000040236,ENSCJAG00000087099
ENSMUSG00000099280,ENSCJAG00000082194
ENSMUSG00000099280,ENSCJAG00000025093
ENSMUSG00000099280,ENSCJAG00000073244
ENSMUSG00000005540,ENSCJAG00000008723
ENSMUSG00000066148,ENSCJAG00000017856
ENSMUSG00000035004,ENSCJAG00000020568
ENSMUSG00000005677,ENSCJAG00000004783
ENSMUSG00000032231,ENSCJAG00000003888
ENSMUSG00000007591,ENSCJAG00000006901
ENSMUSG00000036459,ENSCJAG00000010790
ENSMUSG00000063851,ENSCJAG00000039560
ENSMUSG00000020573,ENSCJAG00000016223
ENSMUSG00000028391,ENSCJAG00000073217
ENSMUSG00000022324,ENSCJAG00000015501
ENSMUSG00000049571,ENSCJAG00000074031
ENSMUSG00000049571,ENSCJAG00000010091
ENSMUSG00000007038,ENSCJAG00000036139
ENSMUSG00000033768,ENSCJAG00000002930
ENSMUSG00000068739,ENSCJAG00000048384
ENSMUSG00000059246,ENSCJAG00000023331
ENSMUSG00000067928,ENSCJAG00000036389
ENSMUSG00000011958,ENSCJAG00000014722
ENSMUSG00000011958,ENSCJAG00000076266
ENSMUSG00000026336,ENSCJAG00000009478
ENSMUSG00000010376,ENSCJAG00000079648
ENSMUSG00000010376,ENSCJAG00000044040
ENSMUSG00000010376,ENSCJAG00000084293
ENSMUSG00000010376,ENSCJAG00000074549
ENSMUSG00000069743,ENSCJAG00000036389
ENSMUSG00000002326,ENSCJAG00000006792
ENSMUSG00000078546,ENSCJAG00000036389
ENSMUSG00000029195,ENSCJAG00000000729
ENSMUSG00000020572,ENSCJAG00000048544
ENSMUSG00000089188,ENSCJAG00000032843
ENSMUSG00000054199,ENSCJAG00000042285
ENSMUSG00000054199,ENSCJAG00000007977
ENSMUSG00000045038,ENSCJAG00000000724
ENSMUSG00000029334,ENSCJAG00000015083
ENSMUSG00000028392,ENSCJAG00000041274
ENSMUSG00000007589,ENSCJAG00000006774
ENSMUSG00000087804,ENSCJAG00000085686
ENSMUSG00000005674,ENSCJAG00000004919
ENSMUSG00000022371,ENSCJAG00000005370
ENSMUSG00000033790,ENSCJAG00000005261
ENSMUSG00000020454,ENSCJAG00000011034
ENSMUSG00000038422,ENSCJAG00000022540
ENSMUSG00000028393,ENSCJAG00000017894
ENSMUSG00000064738,ENSCJAG00000028128
ENSMUSG00000068922,ENSCJAG00000008092
ENSMUSG00000033543,ENSCJAG00000015225
ENSMUSG00000031173,ENSCJAG00000020777
ENSMUSG00000024140,ENSCJAG00000000700
ENSMUSG00000022218,ENSCJAG00000006740
ENSMUSG00000029602,ENSCJAG00000012690
ENSMUSG00000057457,ENSCJAG00000005121
ENSMUSG00000028394,ENSCJAG00000045733
ENSMUSG00000020570,ENSCJAG00000016176
ENSMUSG00000032226,ENSCJAG00000022726
ENSMUSG00000039607,ENSCJAG00000004312
ENSMUSG00000036009,ENSCJAG00000019400
ENSMUSG00000059810,ENSCJAG00000017934
ENSMUSG00000118681,ENSCJAG00000070009
ENSMUSG00000068921,ENSCJAG00000008125
ENSMUSG00000029603,ENSCJAG00000037126
ENSMUSG00000035860,ENSCJAG00000016156
ENSMUSG00000040472,ENSCJAG00000006726
ENSMUSG00000019897,ENSCJAG00000019396
ENSMUSG00000071708,ENSCJAG00000033933
ENSMUSG00000002279,ENSCJAG00000012302
ENSMUSG00002076481,ENSCJAG00000027160
ENSMUSG00002076481,ENSCJAG00000027262
ENSMUSG00000035835,ENSCJAG00000020154
ENSMUSG00000061742,ENSCJAG00000002977
ENSMUSG00000046873,ENSCJAG00000046733
ENSMUSG00000034990,ENSCJAG00000020569
ENSMUSG00000019214,ENSCJAG00000012262
ENSMUSG00000031494,ENSCJAG00000006032
ENSMUSG00000031494,ENSCJAG00000015556
ENSMUSG00000046230,ENSCJAG00000003147
ENSMUSG00000050840,ENSCJAG00000003409
ENSMUSG00000042564,ENSCJAG00000011747
ENSMUSG00000020125,ENSCJAG00000035304
ENSMUSG00000061780,ENSCJAG00000075107
ENSMUSG00000029199,ENSCJAG00000000710
ENSMUSG00000040197,ENSCJAG00000006032
ENSMUSG00000040197,ENSCJAG00000015556
ENSMUSG00000047496,ENSCJAG00000040526
ENSMUSG00000056536,ENSCJAG00000003367
ENSMUSG00000031495,ENSCJAG00000006032
ENSMUSG00000031495,ENSCJAG00000015556
ENSMUSG00000013833,ENSCJAG00000020119
ENSMUSG00000029201,ENSCJAG00000044411
ENSMUSG00000029201,ENSCJAG00000044132
ENSMUSG00000020564,ENSCJAG00000016114
ENSMUSG00000022629,ENSCJAG00000017961
ENSMUSG00000046321,ENSCJAG00000054677
ENSMUSG00000058046,ENSCJAG00000017924
ENSMUSG00000041199,ENSCJAG00000012253
ENSMUSG00000052997,ENSCJAG00000010797
ENSMUSG00000002332,ENSCJAG00000006700
ENSMUSG00000062937,ENSCJAG00000023299
ENSMUSG00000062937,ENSCJAG00000008021
ENSMUSG00000062937,ENSCJAG00000021940
ENSMUSG00000056824,ENSCJAG00000064113
ENSMUSG00000035773,ENSCJAG00000021776
ENSMUSG00000018554,ENSCJAG00000042146
ENSMUSG00000018554,ENSCJAG00000016581
ENSMUSG00000089809,ENSCJAG00000015113
ENSMUSG00000019297,ENSCJAG00000006675
ENSMUSG00000017667,ENSCJAG00000016964
ENSMUSG00000019564,ENSCJAG00000082542
ENSMUSG00000033965,ENSCJAG00000080959
ENSMUSG00000063011,ENSCJAG00000012194
ENSMUSG00000026820,ENSCJAG00000019932
ENSMUSG00000073802,ENSCJAG00000008048
ENSMUSG00000018459,ENSCJAG00000016913
ENSMUSG00000028649,ENSCJAG00000002323
ENSMUSG00000022219,ENSCJAG00000006658
ENSMUSG00000031970,ENSCJAG00000010477
ENSMUSG00000020453,ENSCJAG00000010978
ENSMUSG00000035754,ENSCJAG00000020105
ENSMUSG00000119738,ENSCJAG00000070302
ENSMUSG00000119738,ENSCJAG00000079380
ENSMUSG00000045092,ENSCJAG00000003530
ENSMUSG00000040432,ENSCJAG00000035653
ENSMUSG00000063317,ENSCJAG00000020583
ENSMUSG00000033554,ENSCJAG00000003472
ENSMUSG00000026404,ENSCJAG00000005183
ENSMUSG00000022220,ENSCJAG00000006470
ENSMUSG00000020562,ENSCJAG00000016112
ENSMUSG00000031562,ENSCJAG00000005526
ENSMUSG00000035745,ENSCJAG00000072128
ENSMUSG00000020561,ENSCJAG00000001148
ENSMUSG00000002635,ENSCJAG00000010896
ENSMUSG00000041483,ENSCJAG00000005104
ENSMUSG00000002280,ENSCJAG00000012185
ENSMUSG00000092912,ENSCJAG00000035285
ENSMUSG00000092912,ENSCJAG00000023468
ENSMUSG00000092912,ENSCJAG00000072653
ENSMUSG00000027661,ENSCJAG00000041476
ENSMUSG00000013858,ENSCJAG00000070637
ENSMUSG00000026398,ENSCJAG00000077720
ENSMUSG00000026398,ENSCJAG00000005055
ENSMUSG00000000216,ENSCJAG00000020591
ENSMUSG00000017688,ENSCJAG00000000541
ENSMUSG00000017897,ENSCJAG00000016843
ENSMUSG00000018566,ENSCJAG00000016587
ENSMUSG00000043787,ENSCJAG00000003913
ENSMUSG00000044712,ENSCJAG00000019161
ENSMUSG00000059463,ENSCJAG00000003899
ENSMUSG00000030873,ENSCJAG00000020597
ENSMUSG00000046354,ENSCJAG00000003894
ENSMUSG00000079476,ENSCJAG00000069950
ENSMUSG00000079476,ENSCJAG00000081881
ENSMUSG00000079476,ENSCJAG00000079778
ENSMUSG00000034189,ENSCJAG00000003920
ENSMUSG00000027834,ENSCJAG00000002746
ENSMUSG00000037822,ENSCJAG00000077743
ENSMUSG00000031831,ENSCJAG00000003933
ENSMUSG00000077207,ENSCJAG00000076819
ENSMUSG00000026319,ENSCJAG00000003333
ENSMUSG00000056829,ENSCJAG00000047238
ENSMUSG00000018569,ENSCJAG00000016622
ENSMUSG00000034951,ENSCJAG00000020599
ENSMUSG00000031832,ENSCJAG00000003961
ENSMUSG00000004665,ENSCJAG00000022376
ENSMUSG00000004665,ENSCJAG00000067895
ENSMUSG00000053765,ENSCJAG00000012624
ENSMUSG00000061046,ENSCJAG00000012174
ENSMUSG00000084617,ENSCJAG00000037924
ENSMUSG00000027776,ENSCJAG00000000431
ENSMUSG00000071646,ENSCJAG00000018928
ENSMUSG00000022221,ENSCJAG00000006467
ENSMUSG00000001168,ENSCJAG00000012624
ENSMUSG00000034614,ENSCJAG00000010973
ENSMUSG00000068373,ENSCJAG00000010403
ENSMUSG00000021108,ENSCJAG00000019178
ENSMUSG00000066861,ENSCJAG00000012624
ENSMUSG00000024266,ENSCJAG00000003981
ENSMUSG00000036427,ENSCJAG00000010910
ENSMUSG00000028145,ENSCJAG00000007646
ENSMUSG00000023336,ENSCJAG00000013707
ENSMUSG00000029203,ENSCJAG00000041652
ENSMUSG00000028148,ENSCJAG00000042485
ENSMUSG00000071645,ENSCJAG00000033294
ENSMUSG00000060863,ENSCJAG00000070969
ENSMUSG00000023411,ENSCJAG00000006414
ENSMUSG00000071644,ENSCJAG00000006131
ENSMUSG00000071644,ENSCJAG00000018949
ENSMUSG00000018565,ENSCJAG00000016633
ENSMUSG00000020151,ENSCJAG00000001472
ENSMUSG00000028150,ENSCJAG00000042586
ENSMUSG00000034112,ENSCJAG00000004001
ENSMUSG00000066359,ENSCJAG00000070969
ENSMUSG00000027177,ENSCJAG00000010402
ENSMUSG00000000701,ENSCJAG00000070969
ENSMUSG00000068940,ENSCJAG00000070969
ENSMUSG00000079007,ENSCJAG00000070969
ENSMUSG00000041359,ENSCJAG00000073704
ENSMUSG00000052776,ENSCJAG00000012624
ENSMUSG00000034105,ENSCJAG00000004046
ENSMUSG00000071202,ENSCJAG00000012165
ENSMUSG00000032623,ENSCJAG00000012624
ENSMUSG00000024653,ENSCJAG00000019012
ENSMUSG00000031828,ENSCJAG00000004060
ENSMUSG00000024654,ENSCJAG00000078407
ENSMUSG00000024654,ENSCJAG00000055515
ENSMUSG00000057411,ENSCJAG00000012154
ENSMUSG00000018559,ENSCJAG00000016644
ENSMUSG00000029202,ENSCJAG00000019428
ENSMUSG00000094910,ENSCJAG00000087075
ENSMUSG00000031826,ENSCJAG00000004067
ENSMUSG00000041912,ENSCJAG00000007955
ENSMUSG00000075592,ENSCJAG00000006385
ENSMUSG00000021070,ENSCJAG00000006399
ENSMUSG00000025738,ENSCJAG00000012128
ENSMUSG00000096872,ENSCJAG00000019059
ENSMUSG00000096872,ENSCJAG00000019050
ENSMUSG00000018567,ENSCJAG00000044745
ENSMUSG00000034271,ENSCJAG00000020645
ENSMUSG00000040380,ENSCJAG00000048039
ENSMUSG00000024660,ENSCJAG00000019069
ENSMUSG00000047153,ENSCJAG00000006373
ENSMUSG00000030872,ENSCJAG00000020601
ENSMUSG00000025737,ENSCJAG00000012087
ENSMUSG00000032224,ENSCJAG00000044349
ENSMUSG00000039671,ENSCJAG00000016698
ENSMUSG00000018572,ENSCJAG00000016665
ENSMUSG00000034266,ENSCJAG00000081507
ENSMUSG00000022223,ENSCJAG00000006362
ENSMUSG00000025736,ENSCJAG00000012079
ENSMUSG00000119481,ENSCJAG00000078349
ENSMUSG00000032443,ENSCJAG00000004300
ENSMUSG00000034258,ENSCJAG00000020653
ENSMUSG00000032220,ENSCJAG00000001979
ENSMUSG00000026321,ENSCJAG00000003331
ENSMUSG00000009739,ENSCJAG00000017646
ENSMUSG00000021252,ENSCJAG00000020659
ENSMUSG00000088494,ENSCJAG00000070520
ENSMUSG00000088494,ENSCJAG00000031671
ENSMUSG00000088494,ENSCJAG00000034863
ENSMUSG00000029608,ENSCJAG00000012544
ENSMUSG00000028140,ENSCJAG00000007926
ENSMUSG00000020451,ENSCJAG00000010908
ENSMUSG00000118795,ENSCJAG00000078223
ENSMUSG00000051951,ENSCJAG00000016679
ENSMUSG00000031825,ENSCJAG00000004090
ENSMUSG00000028139,ENSCJAG00000037171
ENSMUSG00000039615,ENSCJAG00000012062
ENSMUSG00000025900,ENSCJAG00000016695
ENSMUSG00000020317,ENSCJAG00000040326
ENSMUSG00000022225,ENSCJAG00000006344
ENSMUSG00000028137,ENSCJAG00000007857
ENSMUSG00000030871,ENSCJAG00000020611
ENSMUSG00000025902,ENSCJAG00000067378
ENSMUSG00000032218,ENSCJAG00000047995
ENSMUSG00000045912,ENSCJAG00000041048
ENSMUSG00000025735,ENSCJAG00000012045
ENSMUSG00000066571,ENSCJAG00000010433
ENSMUSG00000038866,ENSCJAG00000003312
ENSMUSG00000039285,ENSCJAG00000004276
ENSMUSG00000097050,ENSCJAG00000046838
ENSMUSG00000024661,ENSCJAG00000070051
ENSMUSG00000024661,ENSCJAG00000039561
ENSMUSG00000024661,ENSCJAG00000047003
ENSMUSG00000024661,ENSCJAG00000071056
ENSMUSG00000045665,ENSCJAG00000018442
ENSMUSG00000043733,ENSCJAG00000012464
ENSMUSG00000058290,ENSCJAG00000018446
ENSMUSG00000035963,ENSCJAG00000076114
ENSMUSG00000037418,ENSCJAG00000019095
ENSMUSG00000020308,ENSCJAG00000012861
ENSMUSG00000019966,ENSCJAG00000019661
ENSMUSG00000019966,ENSCJAG00000078453
ENSMUSG00000031823,ENSCJAG00000004119
ENSMUSG00000025733,ENSCJAG00000012012
ENSMUSG00000024663,ENSCJAG00000019137
ENSMUSG00000040040,ENSCJAG00000004815
ENSMUSG00000031824,ENSCJAG00000004127
ENSMUSG00000027176,ENSCJAG00000005533
ENSMUSG00000030870,ENSCJAG00000020614
ENSMUSG00000030870,ENSCJAG00000038289
ENSMUSG00000044340,ENSCJAG00000003250
ENSMUSG00000030869,ENSCJAG00000020616
ENSMUSG00000036676,ENSCJAG00000019685
ENSMUSG00000006641,ENSCJAG00000001184
ENSMUSG00000057329,ENSCJAG00000042791
ENSMUSG00000050222,ENSCJAG00000004884
ENSMUSG00000039163,ENSCJAG00000004272
ENSMUSG00000021951,ENSCJAG00000004891
ENSMUSG00000001289,ENSCJAG00000018477
ENSMUSG00000001289,ENSCJAG00000072011
ENSMUSG00000027175,ENSCJAG00000005638
ENSMUSG00000033845,ENSCJAG00000061327
ENSMUSG00000033845,ENSCJAG00000002016
ENSMUSG00000032217,ENSCJAG00000020373
ENSMUSG00000027752,ENSCJAG00000018078
ENSMUSG00000066568,ENSCJAG00000010360
ENSMUSG00000021952,ENSCJAG00000004899
ENSMUSG00000073434,ENSCJAG00000073873
ENSMUSG00000074997,ENSCJAG00000048251
ENSMUSG00000059439,ENSCJAG00000001233
ENSMUSG00000027173,ENSCJAG00000005688
ENSMUSG00000001285,ENSCJAG00000018493
ENSMUSG00000074994,ENSCJAG00000005754
ENSMUSG00000009905,ENSCJAG00000006662
ENSMUSG00000019971,ENSCJAG00000019698
ENSMUSG00000030499,ENSCJAG00000046488
ENSMUSG00000009907,ENSCJAG00000006696
ENSMUSG00000024665,ENSCJAG00000019168
ENSMUSG00000021959,ENSCJAG00000005013
ENSMUSG00000031822,ENSCJAG00000017301
ENSMUSG00000036678,ENSCJAG00000018507
ENSMUSG00000036678,ENSCJAG00000000767
ENSMUSG00000036632,ENSCJAG00000018099
ENSMUSG00000059920,ENSCJAG00000008780
ENSMUSG00000047141,ENSCJAG00000045391
ENSMUSG00000045106,ENSCJAG00000005803
ENSMUSG00000060402,ENSCJAG00000010344
ENSMUSG00000065202,ENSCJAG00000086656
ENSMUSG00000065202,ENSCJAG00000025638
ENSMUSG00000054604,ENSCJAG00000046292
ENSMUSG00002076837,ENSCJAG00000077867
ENSMUSG00000119759,ENSCJAG00000071774
ENSMUSG00000038708,ENSCJAG00000012602
ENSMUSG00000010663,ENSCJAG00000047481
ENSMUSG00000036615,ENSCJAG00000072585
ENSMUSG00000021963,ENSCJAG00000060241
ENSMUSG00000067006,ENSCJAG00000037297
ENSMUSG00000044702,ENSCJAG00000020619
ENSMUSG00000055436,ENSCJAG00000017704
ENSMUSG00000022791,ENSCJAG00000016427
ENSMUSG00000029614,ENSCJAG00000072339
ENSMUSG00000029614,ENSCJAG00000084186
ENSMUSG00000029614,ENSCJAG00000083255
ENSMUSG00000029614,ENSCJAG00000084051
ENSMUSG00000029614,ENSCJAG00000074181
ENSMUSG00000029614,ENSCJAG00000076373
ENSMUSG00000029614,ENSCJAG00000078413
ENSMUSG00000029614,ENSCJAG00000071860
ENSMUSG00000029614,ENSCJAG00000074175
ENSMUSG00000029614,ENSCJAG00000085968
ENSMUSG00000029614,ENSCJAG00000086015
ENSMUSG00000021965,ENSCJAG00000018664
ENSMUSG00000059956,ENSCJAG00000035996
ENSMUSG00000021967,ENSCJAG00000073120
ENSMUSG00000021967,ENSCJAG00000076350
ENSMUSG00000024742,ENSCJAG00000055903
ENSMUSG00000021969,ENSCJAG00000018677
ENSMUSG00000027170,ENSCJAG00000005845
ENSMUSG00000013622,ENSCJAG00000001170
ENSMUSG00000036372,ENSCJAG00000019216
ENSMUSG00000032212,ENSCJAG00000020395
ENSMUSG00000060284,ENSCJAG00000018549
ENSMUSG00000048775,ENSCJAG00000006802
ENSMUSG00002075874,ENSCJAG00000084241
ENSMUSG00000001280,ENSCJAG00000018553
ENSMUSG00000044594,ENSCJAG00000006825
ENSMUSG00000023047,ENSCJAG00000018563
ENSMUSG00000031821,ENSCJAG00000075149
ENSMUSG00000046567,ENSCJAG00000019751
ENSMUSG00000039621,ENSCJAG00000016539
ENSMUSG00000058017,ENSCJAG00000006825
ENSMUSG00000025732,ENSCJAG00000040210
ENSMUSG00000000776,ENSCJAG00000020278
ENSMUSG00000043687,ENSCJAG00000042932
ENSMUSG00000043687,ENSCJAG00000086831
ENSMUSG00000025903,ENSCJAG00000011562
ENSMUSG00000031819,ENSCJAG00000072941
ENSMUSG00000070780,ENSCJAG00000019385
ENSMUSG00000025731,ENSCJAG00000011974
ENSMUSG00000003469,ENSCJAG00000059701
ENSMUSG00000039115,ENSCJAG00000012661
ENSMUSG00000056851,ENSCJAG00000018590
ENSMUSG00000056912,ENSCJAG00000019757
ENSMUSG00000022098,ENSCJAG00000020290
ENSMUSG00000063931,ENSCJAG00000000637
ENSMUSG00000031818,ENSCJAG00000017319
ENSMUSG00000071192,ENSCJAG00000011961
ENSMUSG00000025728,ENSCJAG00000011948
ENSMUSG00000022097,ENSCJAG00000020313
ENSMUSG00000056216,ENSCJAG00000045796
ENSMUSG00000041515,ENSCJAG00000017331
ENSMUSG00000035735,ENSCJAG00000019248
ENSMUSG00000063052,ENSCJAG00000017669
ENSMUSG00000033595,ENSCJAG00000020317
ENSMUSG00000030868,ENSCJAG00000020623
ENSMUSG00000042744,ENSCJAG00000012317
ENSMUSG00000042444,ENSCJAG00000020424
ENSMUSG00000020888,ENSCJAG00000016678
ENSMUSG00000033589,ENSCJAG00000020323
ENSMUSG00000030867,ENSCJAG00000020626
ENSMUSG00000091779,ENSCJAG00000039942
ENSMUSG00000022096,ENSCJAG00000020347
ENSMUSG00000097427,ENSCJAG00000039942
ENSMUSG00000097878,ENSCJAG00000039942
ENSMUSG00000097550,ENSCJAG00000039942
ENSMUSG00000094144,ENSCJAG00000039942
ENSMUSG00000030447,ENSCJAG00000005289
ENSMUSG00000095022,ENSCJAG00000039942
ENSMUSG00000073602,ENSCJAG00000006825
ENSMUSG00000021253,ENSCJAG00000020680
ENSMUSG00000090854,ENSCJAG00000039942
ENSMUSG00000042812,ENSCJAG00000041793
ENSMUSG00000027309,ENSCJAG00000021125
ENSMUSG00000054693,ENSCJAG00000020430
ENSMUSG00000091101,ENSCJAG00000039942
ENSMUSG00000028176,ENSCJAG00000017648
ENSMUSG00000112931,ENSCJAG00000039942
ENSMUSG00000112856,ENSCJAG00000039942
ENSMUSG00000096744,ENSCJAG00000039942
ENSMUSG00000031816,ENSCJAG00000017146
ENSMUSG00000095673,ENSCJAG00000039942
ENSMUSG00000096640,ENSCJAG00000039942
ENSMUSG00000007867,ENSCJAG00000020692
ENSMUSG00000074780,ENSCJAG00000069144
ENSMUSG00000074780,ENSCJAG00000067708
ENSMUSG00000020310,ENSCJAG00000012849
ENSMUSG00000073601,ENSCJAG00000006825
ENSMUSG00000020219,ENSCJAG00000013577
ENSMUSG00000025727,ENSCJAG00000011940
ENSMUSG00000037326,ENSCJAG00000011919
ENSMUSG00000032207,ENSCJAG00000080400
ENSMUSG00000062075,ENSCJAG00000013578
ENSMUSG00000026393,ENSCJAG00000004930
ENSMUSG00000042726,ENSCJAG00000012271
ENSMUSG00000020715,ENSCJAG00000019415
ENSMUSG00000045211,ENSCJAG00000020357
ENSMUSG00000022095,ENSCJAG00000020359
ENSMUSG00000032204,ENSCJAG00000085239
ENSMUSG00000026327,ENSCJAG00000006731
ENSMUSG00000021254,ENSCJAG00000020696
ENSMUSG00000022099,ENSCJAG00000020366
ENSMUSG00000015312,ENSCJAG00000013616
ENSMUSG00000079588,ENSCJAG00000043937
ENSMUSG00000065126,ENSCJAG00000056805
ENSMUSG00000080540,ENSCJAG00000024721
ENSMUSG00000034329,ENSCJAG00000082233
ENSMUSG00000048240,ENSCJAG00000071869
ENSMUSG00000013584,ENSCJAG00000002282
ENSMUSG00000088225,ENSCJAG00000047299
ENSMUSG00000003541,ENSCJAG00000045140
ENSMUSG00000033813,ENSCJAG00000014407
ENSMUSG00000044442,ENSCJAG00000047026
ENSMUSG00000059714,ENSCJAG00000019874
ENSMUSG00000046714,ENSCJAG00000017143
ENSMUSG00000097084,ENSCJAG00000040651
ENSMUSG00000047415,ENSCJAG00000021923
ENSMUSG00000031809,ENSCJAG00000004497
ENSMUSG00000042719,ENSCJAG00000012131
ENSMUSG00000043670,ENSCJAG00000023307
ENSMUSG00000018574,ENSCJAG00000016703
ENSMUSG00000032232,ENSCJAG00000040972
ENSMUSG00000046822,ENSCJAG00000057869
ENSMUSG00000052299,ENSCJAG00000008373
ENSMUSG00000037111,ENSCJAG00000003081
ENSMUSG00000052934,ENSCJAG00000004482
ENSMUSG00000021182,ENSCJAG00000017878
ENSMUSG00000004937,ENSCJAG00000003539
ENSMUSG00000067001,ENSCJAG00000033719
ENSMUSG00000041477,ENSCJAG00000039529
ENSMUSG00000026193,ENSCJAG00000011714
ENSMUSG00000064952,ENSCJAG00000028077
ENSMUSG00000064590,ENSCJAG00000074209
ENSMUSG00000008958,ENSCJAG00000070474
ENSMUSG00000005628,ENSCJAG00000007296
ENSMUSG00000074582,ENSCJAG00000016470
ENSMUSG00000041460,ENSCJAG00000000690
ENSMUSG00000065647,ENSCJAG00000074823
ENSMUSG00000065647,ENSCJAG00000072965
ENSMUSG00000065647,ENSCJAG00000082692
ENSMUSG00000025318,ENSCJAG00000008801
ENSMUSG00000041079,ENSCJAG00000008428
ENSMUSG00000025616,ENSCJAG00000008437
ENSMUSG00000040263,ENSCJAG00000008702
ENSMUSG00000092607,ENSCJAG00000007277
ENSMUSG00000004929,ENSCJAG00000084222
ENSMUSG00000022101,ENSCJAG00000020336
ENSMUSG00000040548,ENSCJAG00000019377
ENSMUSG00000035041,ENSCJAG00000015105
ENSMUSG00000005973,ENSCJAG00000005925
ENSMUSG00000047911,ENSCJAG00000020389
ENSMUSG00000013629,ENSCJAG00000001126
ENSMUSG00000013707,ENSCJAG00000046203
ENSMUSG00000042787,ENSCJAG00000010063
ENSMUSG00000057777,ENSCJAG00000077403
ENSMUSG00000040010,ENSCJAG00000008679
ENSMUSG00000036646,ENSCJAG00000012934
ENSMUSG00000028069,ENSCJAG00000083191
ENSMUSG00000028069,ENSCJAG00000075350
ENSMUSG00000028069,ENSCJAG00000006048
ENSMUSG00000022100,ENSCJAG00000020396
ENSMUSG00000001525,ENSCJAG00000078641
ENSMUSG00000035027,ENSCJAG00000015084
ENSMUSG00000041846,ENSCJAG00000017905
ENSMUSG00000018068,ENSCJAG00000001324
ENSMUSG00000025613,ENSCJAG00000008503
ENSMUSG00000025317,ENSCJAG00000078053
ENSMUSG00000061607,ENSCJAG00000019900
ENSMUSG00000025316,ENSCJAG00000074926
ENSMUSG00002075003,ENSCJAG00000025218
ENSMUSG00000032511,ENSCJAG00000009878
ENSMUSG00000026958,ENSCJAG00000012949
ENSMUSG00000059791,ENSCJAG00000019904
ENSMUSG00000034595,ENSCJAG00000019906
ENSMUSG00000028070,ENSCJAG00000006018
ENSMUSG00000028068,ENSCJAG00000005862
ENSMUSG00000035011,ENSCJAG00000036210
ENSMUSG00000027312,ENSCJAG00000021148
ENSMUSG00000024422,ENSCJAG00000019914
ENSMUSG00000034297,ENSCJAG00000001350
ENSMUSG00000055003,ENSCJAG00000041358
ENSMUSG00000004934,ENSCJAG00000015065
ENSMUSG00000030168,ENSCJAG00000000683
ENSMUSG00000119861,ENSCJAG00000080139
ENSMUSG00000079015,ENSCJAG00000009782
ENSMUSG00000072849,ENSCJAG00000009782
ENSMUSG00000020521,ENSCJAG00000032128
ENSMUSG00000064670,ENSCJAG00000073691
ENSMUSG00000064670,ENSCJAG00000086071
ENSMUSG00000064670,ENSCJAG00000081589
ENSMUSG00000063232,ENSCJAG00000009806
ENSMUSG00000025612,ENSCJAG00000008651
ENSMUSG00000020516,ENSCJAG00000001416
ENSMUSG00000034994,ENSCJAG00000015045
ENSMUSG00000052516,ENSCJAG00000000110
ENSMUSG00000001419,ENSCJAG00000005848
ENSMUSG00000058260,ENSCJAG00000009809
ENSMUSG00000030170,ENSCJAG00000000677
ENSMUSG00000050705,ENSCJAG00000019930
ENSMUSG00000041567,ENSCJAG00000009820
ENSMUSG00000032228,ENSCJAG00000043084
ENSMUSG00000030019,ENSCJAG00000000675
ENSMUSG00000078123,ENSCJAG00000007122
ENSMUSG00000030172,ENSCJAG00000000643
ENSMUSG00000041550,ENSCJAG00000009846
ENSMUSG00000062162,ENSCJAG00000007122
ENSMUSG00000064441,ENSCJAG00000069328
ENSMUSG00000002718,ENSCJAG00000016296
ENSMUSG00000034974,ENSCJAG00000015041
ENSMUSG00000030866,ENSCJAG00000020632
ENSMUSG00000078593,ENSCJAG00000047009
ENSMUSG00000028698,ENSCJAG00000021001
ENSMUSG00000093073,ENSCJAG00000024838
ENSMUSG00000037737,ENSCJAG00000002650
ENSMUSG00000037730,ENSCJAG00000002629
ENSMUSG00000020513,ENSCJAG00000001458
ENSMUSG00000030865,ENSCJAG00000085909
ENSMUSG00000022013,ENSCJAG00000071289
ENSMUSG00000004939,ENSCJAG00000015033
ENSMUSG00000030452,ENSCJAG00000005448
ENSMUSG00000022014,ENSCJAG00000017594
ENSMUSG00000028696,ENSCJAG00000013788
ENSMUSG00000034958,ENSCJAG00000015022
ENSMUSG00000026956,ENSCJAG00000012920
ENSMUSG00000049577,ENSCJAG00000012840
ENSMUSG00000034042,ENSCJAG00000013727
ENSMUSG00000029151,ENSCJAG00000001114
ENSMUSG00000027702,ENSCJAG00000002624
ENSMUSG00000045655,ENSCJAG00000079498
ENSMUSG00000017478,ENSCJAG00000012844
ENSMUSG00000047037,ENSCJAG00000084460
ENSMUSG00000027316,ENSCJAG00000021160
ENSMUSG00000027703,ENSCJAG00000002617
ENSMUSG00000054423,ENSCJAG00000019620
ENSMUSG00000052889,ENSCJAG00000020643
ENSMUSG00000023050,ENSCJAG00000018634
ENSMUSG00000018171,ENSCJAG00000001479
ENSMUSG00000004933,ENSCJAG00000015004
ENSMUSG00000074653,ENSCJAG00000002610
ENSMUSG00000053856,ENSCJAG00000001112
ENSMUSG00000051860,ENSCJAG00000002602
ENSMUSG00000003810,ENSCJAG00000020964
ENSMUSG00000065455,ENSCJAG00000026222
ENSMUSG00000072582,ENSCJAG00000001503
ENSMUSG00000062077,ENSCJAG00000001102
ENSMUSG00000026955,ENSCJAG00000012905
ENSMUSG00000090121,ENSCJAG00000006780
ENSMUSG00000027706,ENSCJAG00000002576
ENSMUSG00000047126,ENSCJAG00000001505
ENSMUSG00000024436,ENSCJAG00000019949
ENSMUSG00000027901,ENSCJAG00000047311
ENSMUSG00000021069,ENSCJAG00000006807
ENSMUSG00000038676,ENSCJAG00000023372
ENSMUSG00000107283,ENSCJAG00000001098
ENSMUSG00000015085,ENSCJAG00000037121
ENSMUSG00000066189,ENSCJAG00000044940
ENSMUSG00000030779,ENSCJAG00000020661
ENSMUSG00000021071,ENSCJAG00000039388
ENSMUSG00000023051,ENSCJAG00000018668
ENSMUSG00000039220,ENSCJAG00000019956
ENSMUSG00000039536,ENSCJAG00000016233
ENSMUSG00000032948,ENSCJAG00000003201
ENSMUSG00000045539,ENSCJAG00000079053
ENSMUSG00000030166,ENSCJAG00000000631
ENSMUSG00000046108,ENSCJAG00000078077
ENSMUSG00000045566,ENSCJAG00000039910
ENSMUSG00000006519,ENSCJAG00000051807
ENSMUSG00000032940,ENSCJAG00000003218
ENSMUSG00000103523,ENSCJAG00000052117
ENSMUSG00000042165,ENSCJAG00000014274
ENSMUSG00000042165,ENSCJAG00000074967
ENSMUSG00000027996,ENSCJAG00000001920
ENSMUSG00000040289,ENSCJAG00000086337
ENSMUSG00000006517,ENSCJAG00000012897
ENSMUSG00000020435,ENSCJAG00000010679
ENSMUSG00000093865,ENSCJAG00000004015
ENSMUSG00000052707,ENSCJAG00000020677
ENSMUSG00000028012,ENSCJAG00000004028
ENSMUSG00000038762,ENSCJAG00000019968
ENSMUSG00000023052,ENSCJAG00000018696
ENSMUSG00000032932,ENSCJAG00000003284
ENSMUSG00000006587,ENSCJAG00000012922
ENSMUSG00000021767,ENSCJAG00000001227
ENSMUSG00000099083,ENSCJAG00000018699
ENSMUSG00000014470,ENSCJAG00000012927
ENSMUSG00000106864,ENSCJAG00000001065
ENSMUSG00000067771,ENSCJAG00000052872
ENSMUSG00000071745,ENSCJAG00000052872
ENSMUSG00000034932,ENSCJAG00000014998
ENSMUSG00000049482,ENSCJAG00000043426
ENSMUSG00000004931,ENSCJAG00000014981
ENSMUSG00000028010,ENSCJAG00000082261
ENSMUSG00000022831,ENSCJAG00000008451
ENSMUSG00000021499,ENSCJAG00000005799
ENSMUSG00000045962,ENSCJAG00000000575
ENSMUSG00000028833,ENSCJAG00000001525
ENSMUSG00000038500,ENSCJAG00000039422
ENSMUSG00000058952,ENSCJAG00000004249
ENSMUSG00000020434,ENSCJAG00000018969
ENSMUSG00000020108,ENSCJAG00000069599
ENSMUSG00000047205,ENSCJAG00000039119
ENSMUSG00000020107,ENSCJAG00000086671
ENSMUSG00000048807,ENSCJAG00000010663
ENSMUSG00000027999,ENSCJAG00000085363
ENSMUSG00000021506,ENSCJAG00000086657
ENSMUSG00000018425,ENSCJAG00000001554
ENSMUSG00000034206,ENSCJAG00000008508
ENSMUSG00000024429,ENSCJAG00000019996
ENSMUSG00000030769,ENSCJAG00000020690
ENSMUSG00000028830,ENSCJAG00000001486
ENSMUSG00000015094,ENSCJAG00000012859
ENSMUSG00000044475,ENSCJAG00000007273
ENSMUSG00000065080,ENSCJAG00000074589
ENSMUSG00000065080,ENSCJAG00000073448
ENSMUSG00000065080,ENSCJAG00000073582
ENSMUSG00000065080,ENSCJAG00000084251
ENSMUSG00000006585,ENSCJAG00000012986
ENSMUSG00000027997,ENSCJAG00000016170
ENSMUSG00000058297,ENSCJAG00000007252
ENSMUSG00000053835,ENSCJAG00000081869
ENSMUSG00000027994,ENSCJAG00000016158
ENSMUSG00000006589,ENSCJAG00000012990
ENSMUSG00000018427,ENSCJAG00000040676
ENSMUSG00000001052,ENSCJAG00000016082
ENSMUSG00000015937,ENSCJAG00000005818
ENSMUSG00000061666,ENSCJAG00000035998
ENSMUSG00000015027,ENSCJAG00000012993
ENSMUSG00000065111,ENSCJAG00000075825
ENSMUSG00000065111,ENSCJAG00000075907
ENSMUSG00000065111,ENSCJAG00000033439
ENSMUSG00000062683,ENSCJAG00000039433
ENSMUSG00000036587,ENSCJAG00000012851
ENSMUSG00000116376,ENSCJAG00000021429
ENSMUSG00000055737,ENSCJAG00000038769
ENSMUSG00000020495,ENSCJAG00000001649
ENSMUSG00000063142,ENSCJAG00000001073
ENSMUSG00000017999,ENSCJAG00000016135
ENSMUSG00000020493,ENSCJAG00000001640
ENSMUSG00000002459,ENSCJAG00000014461
ENSMUSG00000037736,ENSCJAG00000019269
ENSMUSG00000015013,ENSCJAG00000013011
ENSMUSG00000022829,ENSCJAG00000008529
ENSMUSG00000069867,ENSCJAG00000045284
ENSMUSG00000090439,ENSCJAG00000057054
ENSMUSG00000021072,ENSCJAG00000048070
ENSMUSG00000019796,ENSCJAG00000009284
ENSMUSG00000034875,ENSCJAG00000018441
ENSMUSG00000020432,ENSCJAG00000010645
ENSMUSG00000056043,ENSCJAG00000075946
ENSMUSG00000006362,ENSCJAG00000052863
ENSMUSG00000119756,ENSCJAG00000074328
ENSMUSG00000027739,ENSCJAG00000067266
ENSMUSG00000015697,ENSCJAG00000006972
ENSMUSG00000019230,ENSCJAG00000004916
ENSMUSG00000024446,ENSCJAG00000069205
ENSMUSG00000040034,ENSCJAG00000009221
ENSMUSG00000045409,ENSCJAG00000020681
ENSMUSG00000089530,ENSCJAG00000082471
ENSMUSG00000038535,ENSCJAG00000045928
ENSMUSG00000026796,ENSCJAG00000018109
ENSMUSG00000019794,ENSCJAG00000019640
ENSMUSG00000108728,ENSCJAG00000060436
ENSMUSG00000022991,ENSCJAG00000020732
ENSMUSG00000030451,ENSCJAG00000011798
ENSMUSG00000039501,ENSCJAG00000016115
ENSMUSG00000022992,ENSCJAG00000020735
ENSMUSG00000039395,ENSCJAG00000037790
ENSMUSG00000042446,ENSCJAG00000001447
ENSMUSG00000079283,ENSCJAG00000004910
ENSMUSG00000040006,ENSCJAG00000019634
ENSMUSG00000026315,ENSCJAG00000002877
ENSMUSG00000073423,ENSCJAG00000010927
ENSMUSG00000031962,ENSCJAG00000010899
ENSMUSG00000020430,ENSCJAG00000010617
ENSMUSG00000119815,ENSCJAG00000076339
ENSMUSG00000000738,ENSCJAG00000040990
ENSMUSG00000060679,ENSCJAG00000022933
ENSMUSG00000060679,ENSCJAG00000008156
ENSMUSG00000015757,ENSCJAG00000019613
ENSMUSG00000027318,ENSCJAG00000021161
ENSMUSG00000032739,ENSCJAG00000010913
ENSMUSG00000026189,ENSCJAG00000012258
ENSMUSG00000059208,ENSCJAG00000010802
ENSMUSG00000018548,ENSCJAG00000001664
ENSMUSG00000019795,ENSCJAG00000009230
ENSMUSG00000019795,ENSCJAG00000022751
ENSMUSG00002076288,ENSCJAG00000030248
ENSMUSG00002076288,ENSCJAG00000023457
ENSMUSG00000065939,ENSCJAG00000084551
ENSMUSG00000011960,ENSCJAG00000020739
ENSMUSG00000033122,ENSCJAG00000008899
ENSMUSG00000041907,ENSCJAG00000022736
ENSMUSG00000026188,ENSCJAG00000068065
ENSMUSG00000043872,ENSCJAG00000001420
ENSMUSG00000033114,ENSCJAG00000012556
ENSMUSG00000026187,ENSCJAG00000012291
ENSMUSG00000022993,ENSCJAG00000041983
ENSMUSG00000028111,ENSCJAG00000006804
ENSMUSG00000022994,ENSCJAG00000020756
ENSMUSG00000038642,ENSCJAG00000006790
ENSMUSG00000039372,ENSCJAG00000012374
ENSMUSG00000046442,ENSCJAG00000001738
ENSMUSG00000033793,ENSCJAG00000014482
ENSMUSG00000042408,ENSCJAG00000001408
ENSMUSG00000064181,ENSCJAG00000001641
ENSMUSG00000019368,ENSCJAG00000035869
ENSMUSG00000028109,ENSCJAG00000006705
ENSMUSG00000000740,ENSCJAG00000063754
ENSMUSG00000000740,ENSCJAG00000009672
ENSMUSG00000020169,ENSCJAG00000001684
ENSMUSG00000034634,ENSCJAG00000055788
ENSMUSG00000064450,ENSCJAG00000061752
ENSMUSG00000064450,ENSCJAG00000026755
ENSMUSG00000034796,ENSCJAG00000010770
ENSMUSG00000060187,ENSCJAG00000044346
ENSMUSG00000034024,ENSCJAG00000001715
ENSMUSG00000044934,ENSCJAG00000040778
ENSMUSG00000044678,ENSCJAG00000021484
ENSMUSG00000070737,ENSCJAG00000080573
ENSMUSG00000007646,ENSCJAG00000078828
ENSMUSG00000007646,ENSCJAG00000084146
ENSMUSG00000042388,ENSCJAG00000001385
ENSMUSG00000068349,ENSCJAG00000021469
ENSMUSG00000068600,ENSCJAG00000021469
ENSMUSG00000021476,ENSCJAG00000012589
ENSMUSG00000000739,ENSCJAG00000087047
ENSMUSG00000000739,ENSCJAG00000036404
ENSMUSG00000070939,ENSCJAG00000008126
ENSMUSG00000038619,ENSCJAG00000055287
ENSMUSG00000038619,ENSCJAG00000046173
ENSMUSG00000041377,ENSCJAG00000000568
ENSMUSG00000038612,ENSCJAG00000006605
ENSMUSG00000054986,ENSCJAG00000010523
ENSMUSG00000019278,ENSCJAG00000010841
ENSMUSG00000028820,ENSCJAG00000001431
ENSMUSG00000033102,ENSCJAG00000012598
ENSMUSG00000020170,ENSCJAG00000001774
ENSMUSG00000041372,ENSCJAG00000000556
ENSMUSG00000012520,ENSCJAG00000039048
ENSMUSG00000015850,ENSCJAG00000006555
ENSMUSG00000032221,ENSCJAG00000046558
ENSMUSG00000022382,ENSCJAG00000082663
ENSMUSG00000079557,ENSCJAG00000010794
ENSMUSG00000037720,ENSCJAG00000038683
ENSMUSG00000004748,ENSCJAG00000010513
ENSMUSG00000000743,ENSCJAG00000087370
ENSMUSG00000062981,ENSCJAG00000058968
ENSMUSG00000062981,ENSCJAG00000045359
ENSMUSG00000022383,ENSCJAG00000000176
ENSMUSG00000010342,ENSCJAG00000073487
ENSMUSG00000028108,ENSCJAG00000006499
ENSMUSG00000006932,ENSCJAG00000017918
ENSMUSG00000010290,ENSCJAG00000008106
ENSMUSG00000051586,ENSCJAG00000017316
ENSMUSG00000074781,ENSCJAG00000002979
ENSMUSG00000070983,ENSCJAG00000022533
ENSMUSG00000025905,ENSCJAG00000048611
ENSMUSG00000015242,ENSCJAG00000064518
ENSMUSG00000015242,ENSCJAG00000016628
ENSMUSG00000033862,ENSCJAG00000010752
ENSMUSG00000020029,ENSCJAG00000084713
ENSMUSG00000064284,ENSCJAG00000000179
ENSMUSG00000008136,ENSCJAG00000008087
ENSMUSG00000036499,ENSCJAG00000019460
ENSMUSG00000015247,ENSCJAG00000064518
ENSMUSG00000015247,ENSCJAG00000016628
ENSMUSG00000077450,ENSCJAG00000010778
ENSMUSG00000029145,ENSCJAG00000001028
ENSMUSG00000044801,ENSCJAG00000080137
ENSMUSG00000044801,ENSCJAG00000084027
ENSMUSG00000056268,ENSCJAG00000004852
ENSMUSG00002076650,ENSCJAG00000072442
ENSMUSG00002076650,ENSCJAG00000077012
ENSMUSG00000111338,ENSCJAG00000080137
ENSMUSG00000111338,ENSCJAG00000084027
ENSMUSG00000119262,ENSCJAG00000028914
ENSMUSG00002075453,ENSCJAG00000072442
ENSMUSG00002075453,ENSCJAG00000077012
ENSMUSG00000119648,ENSCJAG00000028914
ENSMUSG00000020886,ENSCJAG00000016759
ENSMUSG00000052496,ENSCJAG00000040524
ENSMUSG00000071000,ENSCJAG00000080137
ENSMUSG00000071000,ENSCJAG00000084027
ENSMUSG00000070803,ENSCJAG00000046475
ENSMUSG00000028631,ENSCJAG00000002997
ENSMUSG00000033594,ENSCJAG00000010745
ENSMUSG00000096486,ENSCJAG00000042981
ENSMUSG00000096486,ENSCJAG00000070243
ENSMUSG00000096486,ENSCJAG00000083662
ENSMUSG00000096486,ENSCJAG00000076596
ENSMUSG00000096486,ENSCJAG00000086420
ENSMUSG00000096486,ENSCJAG00000081448
ENSMUSG00000096486,ENSCJAG00000055817
ENSMUSG00000094314,ENSCJAG00000039942
ENSMUSG00000001062,ENSCJAG00000010650
ENSMUSG00000057722,ENSCJAG00000016945
ENSMUSG00000002289,ENSCJAG00000010768
ENSMUSG00000028107,ENSCJAG00000006429
ENSMUSG00000077515,ENSCJAG00000054723
ENSMUSG00000077565,ENSCJAG00000053593
ENSMUSG00000077698,ENSCJAG00000051223
ENSMUSG00000050556,ENSCJAG00000022600
ENSMUSG00000042099,ENSCJAG00000010732
ENSMUSG00000047617,ENSCJAG00000052807
ENSMUSG00000030450,ENSCJAG00000011780
ENSMUSG00000022828,ENSCJAG00000008605
ENSMUSG00000022827,ENSCJAG00000008611
ENSMUSG00000021482,ENSCJAG00000076685
ENSMUSG00000065296,ENSCJAG00000025009
ENSMUSG00000020022,ENSCJAG00000046407
ENSMUSG00000090626,ENSCJAG00000046992
ENSMUSG00000027322,ENSCJAG00000021174
ENSMUSG00000066877,ENSCJAG00000008073
ENSMUSG00000022821,ENSCJAG00000008626
ENSMUSG00000067288,ENSCJAG00000010726
ENSMUSG00000067288,ENSCJAG00000059463
ENSMUSG00000067288,ENSCJAG00000058823
ENSMUSG00000058071,ENSCJAG00000074199
ENSMUSG00000055026,ENSCJAG00000009977
ENSMUSG00000026051,ENSCJAG00000013467
ENSMUSG00000026051,ENSCJAG00000074180
ENSMUSG00000019944,ENSCJAG00000007026
ENSMUSG00000029221,ENSCJAG00000019226
ENSMUSG00000035246,ENSCJAG00000004756
ENSMUSG00002076820,ENSCJAG00000034870
ENSMUSG00000039354,ENSCJAG00000012377
ENSMUSG00000001065,ENSCJAG00000010721
ENSMUSG00000041881,ENSCJAG00000032428
ENSMUSG00000073971,ENSCJAG00000023147
ENSMUSG00000022534,ENSCJAG00000079504
ENSMUSG00000055078,ENSCJAG00000001665
ENSMUSG00000002308,ENSCJAG00000010700
ENSMUSG00000073969,ENSCJAG00000023148
ENSMUSG00000073969,ENSCJAG00000038909
ENSMUSG00000073968,ENSCJAG00000015615
ENSMUSG00000025656,ENSCJAG00000019494
ENSMUSG00000032815,ENSCJAG00000010686
ENSMUSG00000026792,ENSCJAG00000018088
ENSMUSG00000022529,ENSCJAG00000019612
ENSMUSG00000115113,ENSCJAG00000052899
ENSMUSG00000092349,ENSCJAG00000052899
ENSMUSG00000070423,ENSCJAG00000062985
ENSMUSG00000033676,ENSCJAG00000003857
ENSMUSG00000054939,ENSCJAG00000019642
ENSMUSG00000028106,ENSCJAG00000006424
ENSMUSG00000039789,ENSCJAG00000019643
ENSMUSG00000021483,ENSCJAG00000047796
ENSMUSG00000005982,ENSCJAG00000019645
ENSMUSG00000019942,ENSCJAG00000007001
ENSMUSG00000019942,ENSCJAG00000000923
ENSMUSG00000045394,ENSCJAG00000000624
ENSMUSG00000063681,ENSCJAG00000004825
ENSMUSG00000030137,ENSCJAG00000017386
ENSMUSG00000035201,ENSCJAG00000013747
ENSMUSG00000030107,ENSCJAG00000068425
ENSMUSG00000046133,ENSCJAG00000013747
ENSMUSG00000015748,ENSCJAG00000009926
ENSMUSG00000024151,ENSCJAG00000000620
ENSMUSG00000042605,ENSCJAG00000011756
ENSMUSG00000038900,ENSCJAG00000087114
ENSMUSG00000038900,ENSCJAG00000018082
ENSMUSG00000038900,ENSCJAG00000085235
ENSMUSG00000038900,ENSCJAG00000083690
ENSMUSG00000037028,ENSCJAG00000013747
ENSMUSG00000070890,ENSCJAG00000013747
ENSMUSG00000096537,ENSCJAG00000040192
ENSMUSG00000078626,ENSCJAG00000013747
ENSMUSG00000078625,ENSCJAG00000013747
ENSMUSG00000040550,ENSCJAG00000037181
ENSMUSG00000034867,ENSCJAG00000018416
ENSMUSG00000034758,ENSCJAG00000018653
ENSMUSG00000010154,ENSCJAG00000076202
ENSMUSG00000030108,ENSCJAG00000006840
ENSMUSG00000065124,ENSCJAG00000030273
ENSMUSG00000015093,ENSCJAG00000012814
ENSMUSG00000028221,ENSCJAG00000068336
ENSMUSG00000021559,ENSCJAG00000005569
ENSMUSG00000025907,ENSCJAG00000014530
ENSMUSG00000005983,ENSCJAG00000019654
ENSMUSG00000056494,ENSCJAG00000000249
ENSMUSG00000030109,ENSCJAG00000006797
ENSMUSG00000064735,ENSCJAG00000080007
ENSMUSG00000040936,ENSCJAG00000017964
ENSMUSG00000026791,ENSCJAG00000018048
ENSMUSG00000050138,ENSCJAG00000060645
ENSMUSG00000014232,ENSCJAG00000019656
ENSMUSG00000046519,ENSCJAG00000055606
ENSMUSG00000005370,ENSCJAG00000011019
ENSMUSG00000028228,ENSCJAG00000000264
ENSMUSG00000001472,ENSCJAG00000010545
ENSMUSG00000074862,ENSCJAG00000003471
ENSMUSG00000054640,ENSCJAG00000023118
ENSMUSG00000034748,ENSCJAG00000015120
ENSMUSG00000053769,ENSCJAG00000045898
ENSMUSG00000028229,ENSCJAG00000000279
ENSMUSG00002076447,ENSCJAG00000085686
ENSMUSG00000091512,ENSCJAG00000055886
ENSMUSG00000022913,ENSCJAG00000015016
ENSMUSG00000027168,ENSCJAG00000005942
ENSMUSG00000073991,ENSCJAG00000000247
ENSMUSG00000028589,ENSCJAG00000040949
ENSMUSG00000023861,ENSCJAG00000045204
ENSMUSG00000023861,ENSCJAG00000012552
ENSMUSG00000054708,ENSCJAG00000015134
ENSMUSG00000022914,ENSCJAG00000023360
ENSMUSG00000028159,ENSCJAG00000015189
ENSMUSG00000078507,ENSCJAG00000013722
ENSMUSG00000078511,ENSCJAG00000013747
ENSMUSG00000078509,ENSCJAG00000013747
ENSMUSG00000028591,ENSCJAG00000013747
ENSMUSG00000040797,ENSCJAG00000006769
ENSMUSG00000046435,ENSCJAG00000013747
ENSMUSG00000041805,ENSCJAG00000013747
ENSMUSG00000046862,ENSCJAG00000013747
ENSMUSG00000023885,ENSCJAG00000003506
ENSMUSG00000090066,ENSCJAG00000081327
ENSMUSG00000033964,ENSCJAG00000004794
ENSMUSG00000028158,ENSCJAG00000015144
ENSMUSG00000029146,ENSCJAG00000001001
ENSMUSG00000047799,ENSCJAG00000013747
ENSMUSG00000095409,ENSCJAG00000013747
ENSMUSG00000070616,ENSCJAG00000013747
ENSMUSG00000096154,ENSCJAG00000013747
ENSMUSG00000046991,ENSCJAG00000003481
ENSMUSG00000070618,ENSCJAG00000013747
ENSMUSG00000039342,ENSCJAG00000086335
ENSMUSG00000066688,ENSCJAG00000013747
ENSMUSG00000078513,ENSCJAG00000013747
ENSMUSG00000070617,ENSCJAG00000013747
ENSMUSG00000032216,ENSCJAG00000002183
ENSMUSG00000019952,ENSCJAG00000019637
ENSMUSG00000066031,ENSCJAG00000013747
ENSMUSG00000108022,ENSCJAG00000009438
ENSMUSG00000108022,ENSCJAG00000018648
ENSMUSG00000059218,ENSCJAG00000013747
ENSMUSG00000029451,ENSCJAG00000013747
ENSMUSG00000059908,ENSCJAG00000009438
ENSMUSG00000059908,ENSCJAG00000018648
ENSMUSG00000078512,ENSCJAG00000013747
ENSMUSG00000004127,ENSCJAG00000041587
ENSMUSG00000050088,ENSCJAG00000072984
ENSMUSG00000078510,ENSCJAG00000013747
ENSMUSG00000073724,ENSCJAG00000013747
ENSMUSG00000025324,ENSCJAG00000074536
ENSMUSG00000023883,ENSCJAG00000003436
ENSMUSG00000087247,ENSCJAG00000075812
ENSMUSG00000073723,ENSCJAG00000013747
ENSMUSG00000050810,ENSCJAG00000013747
ENSMUSG00000066030,ENSCJAG00000013747
ENSMUSG00000092060,ENSCJAG00000019212
ENSMUSG00000039323,ENSCJAG00000012426
ENSMUSG00000046262,ENSCJAG00000013747
ENSMUSG00000060256,ENSCJAG00000045260
ENSMUSG00000058005,ENSCJAG00000045260
ENSMUSG00000019828,ENSCJAG00000019434
ENSMUSG00000043059,ENSCJAG00000000995
ENSMUSG00000116780,ENSCJAG00000003429
ENSMUSG00000026185,ENSCJAG00000062900
ENSMUSG00000094163,ENSCJAG00000045260
ENSMUSG00000036749,ENSCJAG00000013747
ENSMUSG00000094328,ENSCJAG00000045260
ENSMUSG00000078508,ENSCJAG00000013747
ENSMUSG00000116953,ENSCJAG00000003391
ENSMUSG00000030417,ENSCJAG00000042871
ENSMUSG00000030417,ENSCJAG00000041121
ENSMUSG00000030417,ENSCJAG00000018410
ENSMUSG00000095251,ENSCJAG00000045260
ENSMUSG00000070619,ENSCJAG00000013747
ENSMUSG00000026182,ENSCJAG00000012458
ENSMUSG00000032536,ENSCJAG00000017993
ENSMUSG00000073721,ENSCJAG00000013747
ENSMUSG00000074424,ENSCJAG00000045260
ENSMUSG00000096826,ENSCJAG00000008928
ENSMUSG00000000693,ENSCJAG00000017255
ENSMUSG00000029147,ENSCJAG00000000975
ENSMUSG00000033952,ENSCJAG00000004680
ENSMUSG00000027840,ENSCJAG00000013473
ENSMUSG00000078735,ENSCJAG00000046015
ENSMUSG00000079710,ENSCJAG00000003429
ENSMUSG00000116895,ENSCJAG00000003391
ENSMUSG00000062127,ENSCJAG00000058885
ENSMUSG00000068329,ENSCJAG00000017285
ENSMUSG00000079707,ENSCJAG00000003429
ENSMUSG00000042594,ENSCJAG00000011750
ENSMUSG00000071005,ENSCJAG00000008935
ENSMUSG00000043671,ENSCJAG00000018385
ENSMUSG00000036552,ENSCJAG00000003391
ENSMUSG00000000766,ENSCJAG00000012747
ENSMUSG00000094686,ENSCJAG00000008940
ENSMUSG00000074037,ENSCJAG00000046104
ENSMUSG00000047959,ENSCJAG00000003459
ENSMUSG00000040724,ENSCJAG00000047659
ENSMUSG00000062380,ENSCJAG00000004826
ENSMUSG00000046876,ENSCJAG00000006563
ENSMUSG00000078722,ENSCJAG00000081837
ENSMUSG00000078722,ENSCJAG00000044079
ENSMUSG00000078721,ENSCJAG00000081837
ENSMUSG00000078721,ENSCJAG00000044079
ENSMUSG00000050141,ENSCJAG00000064359
ENSMUSG00000046213,ENSCJAG00000003447
ENSMUSG00000001482,ENSCJAG00000010490
ENSMUSG00000070368,ENSCJAG00000083188
ENSMUSG00000036062,ENSCJAG00000047761
ENSMUSG00000087260,ENSCJAG00000003438
ENSMUSG00000026368,ENSCJAG00000008392
ENSMUSG00000009145,ENSCJAG00000017388
ENSMUSG00000027896,ENSCJAG00000003423
ENSMUSG00000031204,ENSCJAG00000017823
ENSMUSG00000046159,ENSCJAG00000017470
ENSMUSG00000030766,ENSCJAG00000020698
ENSMUSG00000025730,ENSCJAG00000036629
ENSMUSG00000069678,ENSCJAG00000017432
ENSMUSG00000119797,ENSCJAG00000045981
ENSMUSG00000044134,ENSCJAG00000039342
ENSMUSG00000048109,ENSCJAG00000003411
ENSMUSG00000027895,ENSCJAG00000003396
ENSMUSG00000021313,ENSCJAG00000017504
ENSMUSG00000029148,ENSCJAG00000000946
ENSMUSG00002074955,ENSCJAG00000072442
ENSMUSG00002074955,ENSCJAG00000077012
ENSMUSG00000003585,ENSCJAG00000010447
ENSMUSG00000027894,ENSCJAG00000003381
ENSMUSG00000031007,ENSCJAG00000003800
ENSMUSG00000036052,ENSCJAG00000008968
ENSMUSG00000037098,ENSCJAG00000011897
ENSMUSG00000107499,ENSCJAG00000017481
ENSMUSG00000040681,ENSCJAG00000045192
ENSMUSG00000040681,ENSCJAG00000067753
ENSMUSG00000040681,ENSCJAG00000072073
ENSMUSG00000119851,ENSCJAG00000028914
ENSMUSG00002075931,ENSCJAG00000072442
ENSMUSG00002075931,ENSCJAG00000077012
ENSMUSG00000119761,ENSCJAG00000028914
ENSMUSG00000003581,ENSCJAG00000046059
ENSMUSG00000030037,ENSCJAG00000043158
ENSMUSG00000079871,ENSCJAG00000043940
ENSMUSG00000044148,ENSCJAG00000047750
ENSMUSG00000032532,ENSCJAG00000018017
ENSMUSG00000030036,ENSCJAG00000017489
ENSMUSG00000030035,ENSCJAG00000017511
ENSMUSG00000119360,ENSCJAG00000045981
ENSMUSG00000032530,ENSCJAG00000018020
ENSMUSG00000028451,ENSCJAG00000053691
ENSMUSG00000040430,ENSCJAG00000008726
ENSMUSG00000045275,ENSCJAG00000005693
ENSMUSG00000015947,ENSCJAG00000000771
ENSMUSG00000087930,ENSCJAG00000026487
ENSMUSG00000030034,ENSCJAG00000017525
ENSMUSG00000032528,ENSCJAG00000018028
ENSMUSG00000034930,ENSCJAG00000017531
ENSMUSG00000051427,ENSCJAG00000010413
ENSMUSG00000040666,ENSCJAG00000005687
ENSMUSG00000061536,ENSCJAG00000052359
ENSMUSG00000015090,ENSCJAG00000011224
ENSMUSG00000028453,ENSCJAG00000009059
ENSMUSG00000038403,ENSCJAG00000041142
ENSMUSG00000042589,ENSCJAG00000011694
ENSMUSG00000074892,ENSCJAG00000005667
ENSMUSG00000038393,ENSCJAG00000002161
ENSMUSG00000032526,ENSCJAG00000077325
ENSMUSG00000000159,ENSCJAG00000083298
ENSMUSG00000024182,ENSCJAG00000011809
ENSMUSG00000020884,ENSCJAG00000044555
ENSMUSG00000032525,ENSCJAG00000018070
ENSMUSG00000028455,ENSCJAG00000009137
ENSMUSG00000040220,ENSCJAG00000010454
ENSMUSG00000030032,ENSCJAG00000017568
ENSMUSG00000027167,ENSCJAG00000005994
ENSMUSG00000091556,ENSCJAG00000050075
ENSMUSG00000055746,ENSCJAG00000003841
ENSMUSG00002075311,ENSCJAG00000072823
ENSMUSG00000079349,ENSCJAG00000003841
ENSMUSG00000118907,ENSCJAG00000078486
ENSMUSG00000030030,ENSCJAG00000017577
ENSMUSG00000119440,ENSCJAG00000078123
ENSMUSG00000119767,ENSCJAG00000078123
ENSMUSG00000119175,ENSCJAG00000073203
ENSMUSG00000119399,ENSCJAG00000085555
ENSMUSG00000096644,ENSCJAG00000003841
ENSMUSG00000119430,ENSCJAG00000073203
ENSMUSG00000118867,ENSCJAG00000078123
ENSMUSG00000057402,ENSCJAG00000071198
ENSMUSG00000034413,ENSCJAG00000019254
ENSMUSG00000119904,ENSCJAG00000078123
ENSMUSG00000031865,ENSCJAG00000017578
ENSMUSG00000026943,ENSCJAG00000011213
ENSMUSG00000118717,ENSCJAG00000074103
ENSMUSG00000029149,ENSCJAG00000000942
ENSMUSG00000119002,ENSCJAG00000073203
ENSMUSG00000025283,ENSCJAG00000044803
ENSMUSG00000118945,ENSCJAG00000083440
ENSMUSG00000049097,ENSCJAG00000002193
ENSMUSG00000118920,ENSCJAG00000084785
ENSMUSG00000119014,ENSCJAG00000084785
ENSMUSG00000049288,ENSCJAG00000002198
ENSMUSG00000119808,ENSCJAG00000078326
ENSMUSG00000021464,ENSCJAG00000017532
ENSMUSG00000039960,ENSCJAG00000046177
ENSMUSG00000063239,ENSCJAG00000084753
ENSMUSG00000015083,ENSCJAG00000011199
ENSMUSG00000052726,ENSCJAG00000008469
ENSMUSG00000038374,ENSCJAG00000046869
ENSMUSG00000036002,ENSCJAG00000009210
ENSMUSG00000019478,ENSCJAG00000011215
ENSMUSG00000019478,ENSCJAG00000052178
ENSMUSG00000002129,ENSCJAG00000010370
ENSMUSG00000021468,ENSCJAG00000001785
ENSMUSG00000062151,ENSCJAG00000000796
ENSMUSG00000027330,ENSCJAG00000021199
ENSMUSG00000028102,ENSCJAG00000002223
ENSMUSG00000031971,ENSCJAG00000011187
ENSMUSG00000034480,ENSCJAG00000013479
ENSMUSG00000038564,ENSCJAG00000043061
ENSMUSG00000031972,ENSCJAG00000011114
ENSMUSG00000039509,ENSCJAG00000011040
ENSMUSG00000022750,ENSCJAG00000016358
ENSMUSG00000020720,ENSCJAG00000076695
ENSMUSG00000020720,ENSCJAG00000008691
ENSMUSG00000027905,ENSCJAG00000013428
ENSMUSG00000033740,ENSCJAG00000014630
ENSMUSG00002076471,ENSCJAG00000027160
ENSMUSG00002076471,ENSCJAG00000027262
ENSMUSG00000044976,ENSCJAG00000000823
ENSMUSG00000012017,ENSCJAG00000016327
ENSMUSG00000068798,ENSCJAG00000013392
ENSMUSG00000068798,ENSCJAG00000057253
ENSMUSG00000094035,ENSCJAG00000043030
ENSMUSG00000031974,ENSCJAG00000011011
ENSMUSG00000084725,ENSCJAG00000086023
ENSMUSG00000043411,ENSCJAG00000005962
ENSMUSG00000043013,ENSCJAG00000046644
ENSMUSG00000037949,ENSCJAG00000001744
ENSMUSG00000038697,ENSCJAG00000010986
ENSMUSG00000116652,ENSCJAG00000068046
ENSMUSG00000059493,ENSCJAG00000004660
ENSMUSG00000074344,ENSCJAG00000013385
ENSMUSG00000031976,ENSCJAG00000010968
ENSMUSG00000015095,ENSCJAG00000048064
ENSMUSG00000040963,ENSCJAG00000043957
ENSMUSG00000119084,ENSCJAG00000081655
ENSMUSG00000119452,ENSCJAG00000078791
ENSMUSG00000003166,ENSCJAG00000001699
ENSMUSG00000044452,ENSCJAG00000018378
ENSMUSG00000074342,ENSCJAG00000013381
ENSMUSG00000089704,ENSCJAG00000010925
ENSMUSG00000038552,ENSCJAG00000045072
ENSMUSG00000000563,ENSCJAG00000013353
ENSMUSG00000034412,ENSCJAG00000010347
ENSMUSG00000064065,ENSCJAG00000012736
ENSMUSG00000042604,ENSCJAG00000006129
ENSMUSG00000059434,ENSCJAG00000000899
ENSMUSG00000038860,ENSCJAG00000017982
ENSMUSG00000021217,ENSCJAG00000018374
ENSMUSG00000031979,ENSCJAG00000011909
ENSMUSG00000030763,ENSCJAG00000020729
ENSMUSG00000000561,ENSCJAG00000013344
ENSMUSG00000044550,ENSCJAG00000003405
ENSMUSG00000044550,ENSCJAG00000046955
ENSMUSG00000044550,ENSCJAG00000080214
ENSMUSG00000020424,ENSCJAG00000010328
ENSMUSG00000021469,ENSCJAG00000070729
ENSMUSG00000040950,ENSCJAG00000016819
ENSMUSG00000004455,ENSCJAG00000080881
ENSMUSG00000030762,ENSCJAG00000020747
ENSMUSG00000031980,ENSCJAG00000038998
ENSMUSG00000041566,ENSCJAG00000066483
ENSMUSG00000045521,ENSCJAG00000064480
ENSMUSG00000003527,ENSCJAG00000001679
ENSMUSG00000032540,ENSCJAG00000046193
ENSMUSG00000031610,ENSCJAG00000005138
ENSMUSG00000031609,ENSCJAG00000065744
ENSMUSG00000074340,ENSCJAG00000013301
ENSMUSG00000030757,ENSCJAG00000043706
ENSMUSG00000054717,ENSCJAG00000005112
ENSMUSG00000041351,ENSCJAG00000006124
ENSMUSG00000054206,ENSCJAG00000071081
ENSMUSG00000021149,ENSCJAG00000008494
ENSMUSG00000021149,ENSCJAG00000022962
ENSMUSG00000034394,ENSCJAG00000010302
ENSMUSG00000068323,ENSCJAG00000017747
ENSMUSG00000065220,ENSCJAG00000077154
ENSMUSG00000065220,ENSCJAG00000073330
ENSMUSG00000023175,ENSCJAG00000012880
ENSMUSG00000031608,ENSCJAG00000005081
ENSMUSG00000025326,ENSCJAG00000003764
ENSMUSG00000022738,ENSCJAG00000065946
ENSMUSG00000020419,ENSCJAG00000010297
ENSMUSG00000032191,ENSCJAG00000000960
ENSMUSG00000058587,ENSCJAG00000048246
ENSMUSG00000003528,ENSCJAG00000073426
ENSMUSG00000003528,ENSCJAG00000001657
ENSMUSG00000010136,ENSCJAG00000013286
ENSMUSG00000062761,ENSCJAG00000009180
ENSMUSG00000062753,ENSCJAG00000015241
ENSMUSG00000005667,ENSCJAG00000056918
ENSMUSG00000005667,ENSCJAG00000017810
ENSMUSG00000043873,ENSCJAG00000013278
ENSMUSG00000020486,ENSCJAG00000083853
ENSMUSG00000020486,ENSCJAG00000076824
ENSMUSG00000020486,ENSCJAG00000082319
ENSMUSG00000020486,ENSCJAG00000058365
ENSMUSG00000020486,ENSCJAG00000004962
ENSMUSG00000020329,ENSCJAG00000012913
ENSMUSG00000059280,ENSCJAG00000065858
ENSMUSG00000059280,ENSCJAG00000020333
ENSMUSG00000003531,ENSCJAG00000073059
ENSMUSG00000003531,ENSCJAG00000055379
ENSMUSG00000003531,ENSCJAG00000073511
ENSMUSG00000003531,ENSCJAG00000082971
ENSMUSG00000043131,ENSCJAG00000043659
ENSMUSG00000027950,ENSCJAG00000009523
ENSMUSG00000031767,ENSCJAG00000043913
ENSMUSG00000042572,ENSCJAG00000009446
ENSMUSG00000045160,ENSCJAG00000017844
ENSMUSG00000064267,ENSCJAG00000009181
ENSMUSG00000018595,ENSCJAG00000003374
ENSMUSG00000024213,ENSCJAG00000039344
ENSMUSG00000033499,ENSCJAG00000018434
ENSMUSG00000003526,ENSCJAG00000010707
ENSMUSG00000057234,ENSCJAG00000042420
ENSMUSG00000004677,ENSCJAG00000009486
ENSMUSG00000031425,ENSCJAG00000003349
ENSMUSG00000000942,ENSCJAG00000008058
ENSMUSG00000038253,ENSCJAG00000047690
ENSMUSG00000027540,ENSCJAG00000000531
ENSMUSG00000027540,ENSCJAG00000023432
ENSMUSG00000043219,ENSCJAG00000077854
ENSMUSG00000038236,ENSCJAG00000080800
ENSMUSG00000038227,ENSCJAG00000038531
ENSMUSG00000046280,ENSCJAG00000009551
ENSMUSG00000032184,ENSCJAG00000059165
ENSMUSG00000064037,ENSCJAG00000046633
ENSMUSG00000065266,ENSCJAG00000026596
ENSMUSG00000027947,ENSCJAG00000009567
ENSMUSG00000065443,ENSCJAG00000029102
ENSMUSG00000000938,ENSCJAG00000081224
ENSMUSG00000032181,ENSCJAG00000001016
ENSMUSG00000057530,ENSCJAG00000006170
ENSMUSG00000084484,ENSCJAG00000062459
ENSMUSG00000084484,ENSCJAG00000058984
ENSMUSG00000035277,ENSCJAG00000039277
ENSMUSG00000038210,ENSCJAG00000008187
ENSMUSG00000078591,ENSCJAG00000020752
ENSMUSG00000060671,ENSCJAG00000009583
ENSMUSG00002075391,ENSCJAG00000027955
ENSMUSG00000027115,ENSCJAG00000006149
ENSMUSG00000056370,ENSCJAG00000019581
ENSMUSG00000043456,ENSCJAG00000018365
ENSMUSG00000040276,ENSCJAG00000015266
ENSMUSG00000020327,ENSCJAG00000012945
ENSMUSG00000056305,ENSCJAG00000019594
ENSMUSG00000038593,ENSCJAG00000009202
ENSMUSG00000035890,ENSCJAG00000012960
ENSMUSG00000026361,ENSCJAG00000008505
ENSMUSG00000064061,ENSCJAG00000005143
ENSMUSG00000020325,ENSCJAG00000077429
ENSMUSG00000058706,ENSCJAG00000019632
ENSMUSG00000074577,ENSCJAG00000000534
ENSMUSG00000028766,ENSCJAG00000006148
ENSMUSG00000032179,ENSCJAG00000010807
ENSMUSG00000055912,ENSCJAG00000019638
ENSMUSG00000020323,ENSCJAG00000012976
ENSMUSG00000035202,ENSCJAG00000001949
ENSMUSG00000077681,ENSCJAG00000078345
ENSMUSG00000077681,ENSCJAG00000080029
ENSMUSG00000077681,ENSCJAG00000079446
ENSMUSG00000077681,ENSCJAG00000075706
ENSMUSG00000035863,ENSCJAG00000038253
ENSMUSG00000048482,ENSCJAG00000042188
ENSMUSG00000033849,ENSCJAG00000053276
ENSMUSG00000058662,ENSCJAG00000020223
ENSMUSG00000061626,ENSCJAG00000020223
ENSMUSG00000038034,ENSCJAG00000041164
ENSMUSG00000030421,ENSCJAG00000001823
ENSMUSG00000032727,ENSCJAG00000002152
ENSMUSG00000053134,ENSCJAG00000009131
ENSMUSG00000041058,ENSCJAG00000000292
ENSMUSG00000027162,ENSCJAG00000047296
ENSMUSG00000029141,ENSCJAG00000009108
ENSMUSG00000000318,ENSCJAG00000016819
ENSMUSG00000073002,ENSCJAG00000019651
ENSMUSG00000038831,ENSCJAG00000017946
ENSMUSG00000050732,ENSCJAG00000046213
ENSMUSG00000053460,ENSCJAG00000019657
ENSMUSG00000024215,ENSCJAG00000015294
ENSMUSG00000035852,ENSCJAG00000020198
ENSMUSG00000025241,ENSCJAG00000002057
ENSMUSG00000027944,ENSCJAG00000009660
ENSMUSG00000038677,ENSCJAG00000015443
ENSMUSG00000060565,ENSCJAG00000085191
ENSMUSG00000060565,ENSCJAG00000073881
ENSMUSG00000060565,ENSCJAG00000070391
ENSMUSG00000060565,ENSCJAG00000083544
ENSMUSG00000035722,ENSCJAG00000007549
ENSMUSG00000053907,ENSCJAG00000019681
ENSMUSG00000062814,ENSCJAG00000014776
ENSMUSG00000018199,ENSCJAG00000008566
ENSMUSG00000053742,ENSCJAG00000085191
ENSMUSG00000053742,ENSCJAG00000073881
ENSMUSG00000053742,ENSCJAG00000070391
ENSMUSG00000053742,ENSCJAG00000083544
ENSMUSG00000021754,ENSCJAG00000002136
ENSMUSG00000070236,ENSCJAG00000029776
ENSMUSG00000070236,ENSCJAG00000074474
ENSMUSG00000070236,ENSCJAG00000087111
ENSMUSG00000070236,ENSCJAG00000033577
ENSMUSG00000070236,ENSCJAG00000072117
ENSMUSG00000070236,ENSCJAG00000083035
ENSMUSG00000070236,ENSCJAG00000074279
ENSMUSG00000031010,ENSCJAG00000004005
ENSMUSG00000065667,ENSCJAG00000072281
ENSMUSG00000025495,ENSCJAG00000071940
ENSMUSG00000028550,ENSCJAG00000016480
ENSMUSG00000033031,ENSCJAG00000005069
ENSMUSG00000007097,ENSCJAG00000006022
ENSMUSG00000029844,ENSCJAG00000008024
ENSMUSG00000020721,ENSCJAG00000032527
ENSMUSG00000060509,ENSCJAG00000021829
ENSMUSG00000031529,ENSCJAG00000012143
ENSMUSG00000042520,ENSCJAG00000009677
ENSMUSG00000106918,ENSCJAG00000046753
ENSMUSG00000025804,ENSCJAG00000021830
ENSMUSG00000014704,ENSCJAG00000008032
ENSMUSG00000064039,ENSCJAG00000021830
ENSMUSG00000079560,ENSCJAG00000043202
ENSMUSG00000035448,ENSCJAG00000084054
ENSMUSG00000055210,ENSCJAG00000021263
ENSMUSG00000049103,ENSCJAG00000002106
ENSMUSG00000044518,ENSCJAG00000038878
ENSMUSG00000028719,ENSCJAG00000021250
ENSMUSG00000021608,ENSCJAG00000011062
ENSMUSG00000079227,ENSCJAG00000038668
ENSMUSG00000005503,ENSCJAG00000008197
ENSMUSG00000029136,ENSCJAG00000009065
ENSMUSG00000044156,ENSCJAG00000013864
ENSMUSG00000046603,ENSCJAG00000001771
ENSMUSG00000076759,ENSCJAG00000062247
ENSMUSG00000065047,ENSCJAG00000056204
ENSMUSG00000065047,ENSCJAG00000033513
ENSMUSG00000065047,ENSCJAG00000081021
ENSMUSG00000065047,ENSCJAG00000069948
ENSMUSG00000028718,ENSCJAG00000021228
ENSMUSG00000076795,ENSCJAG00000081255
ENSMUSG00000092009,ENSCJAG00000005009
ENSMUSG00000063146,ENSCJAG00000003947
ENSMUSG00000050199,ENSCJAG00000006208
ENSMUSG00000001376,ENSCJAG00000013774
ENSMUSG00000076864,ENSCJAG00000045785
ENSMUSG00000022021,ENSCJAG00000003729
ENSMUSG00000047036,ENSCJAG00000001780
ENSMUSG00000040586,ENSCJAG00000003979
ENSMUSG00000032743,ENSCJAG00000005965
ENSMUSG00000063488,ENSCJAG00000077069
ENSMUSG00000038026,ENSCJAG00000006092
ENSMUSG00000057895,ENSCJAG00000001827
ENSMUSG00000044708,ENSCJAG00000044098
ENSMUSG00000026548,ENSCJAG00000006099
ENSMUSG00000079317,ENSCJAG00000039280
ENSMUSG00000025239,ENSCJAG00000068005
ENSMUSG00000064961,ENSCJAG00000084551
ENSMUSG00000004105,ENSCJAG00000017978
ENSMUSG00000018189,ENSCJAG00000008620
ENSMUSG00000032965,ENSCJAG00000004974
ENSMUSG00000035697,ENSCJAG00000038688
ENSMUSG00000063821,ENSCJAG00000001221
ENSMUSG00000068966,ENSCJAG00000021856
ENSMUSG00000021609,ENSCJAG00000011089
ENSMUSG00000027160,ENSCJAG00000006253
ENSMUSG00000021768,ENSCJAG00000001195
ENSMUSG00000079316,ENSCJAG00000003973
ENSMUSG00000025240,ENSCJAG00000001977
ENSMUSG00000085957,ENSCJAG00000043062
ENSMUSG00000085957,ENSCJAG00000072934
ENSMUSG00000023104,ENSCJAG00000003985
ENSMUSG00000024220,ENSCJAG00000015519
ENSMUSG00000085880,ENSCJAG00000012762
ENSMUSG00000051224,ENSCJAG00000003969
ENSMUSG00000000402,ENSCJAG00000003944
ENSMUSG00000020722,ENSCJAG00000000361
ENSMUSG00000026788,ENSCJAG00000046123
ENSMUSG00000040938,ENSCJAG00000016855
ENSMUSG00000094443,ENSCJAG00000004216
ENSMUSG00000118908,ENSCJAG00000084478
ENSMUSG00000118908,ENSCJAG00000083269
ENSMUSG00000118908,ENSCJAG00000077165
ENSMUSG00000118908,ENSCJAG00000075573
ENSMUSG00000118908,ENSCJAG00000072778
ENSMUSG00000118908,ENSCJAG00000077023
ENSMUSG00000118908,ENSCJAG00000080976
ENSMUSG00000041660,ENSCJAG00000006265
ENSMUSG00000021610,ENSCJAG00000039799
ENSMUSG00000031530,ENSCJAG00000038284
ENSMUSG00000028717,ENSCJAG00000053562
ENSMUSG00000031138,ENSCJAG00000010284
ENSMUSG00000052139,ENSCJAG00000009026
ENSMUSG00000021770,ENSCJAG00000001186
ENSMUSG00000038765,ENSCJAG00000072150
ENSMUSG00000142832,ENSCJAG00000015849
ENSMUSG00000142832,ENSCJAG00000043892
ENSMUSG00000081341,ENSCJAG00000045300
ENSMUSG00000028967,ENSCJAG00000040332
ENSMUSG00000020723,ENSCJAG00000057540
ENSMUSG00002075969,ENSCJAG00000078924
ENSMUSG00000035232,ENSCJAG00000004785
ENSMUSG00000031799,ENSCJAG00000053304
ENSMUSG00000044367,ENSCJAG00000016892
ENSMUSG00000021611,ENSCJAG00000048026
ENSMUSG00000065836,ENSCJAG00000046145
ENSMUSG00000028964,ENSCJAG00000022809
ENSMUSG00000028964,ENSCJAG00000000319
ENSMUSG00000028964,ENSCJAG00000053023
ENSMUSG00000021771,ENSCJAG00000001145
ENSMUSG00000025243,ENSCJAG00000002021
ENSMUSG00000040373,ENSCJAG00000018478
ENSMUSG00000003037,ENSCJAG00000039886
ENSMUSG00000038740,ENSCJAG00000042322
ENSMUSG00000088323,ENSCJAG00000079629
ENSMUSG00000026360,ENSCJAG00000008680
ENSMUSG00000081044,ENSCJAG00000001402
ENSMUSG00000081044,ENSCJAG00000087072
ENSMUSG00000048087,ENSCJAG00000018303
ENSMUSG00000025139,ENSCJAG00000080238
ENSMUSG00000025139,ENSCJAG00000073673
ENSMUSG00000084842,ENSCJAG00000071801
ENSMUSG00000084842,ENSCJAG00000084463
ENSMUSG00000086524,ENSCJAG00000071801
ENSMUSG00000086524,ENSCJAG00000084463
ENSMUSG00000062007,ENSCJAG00000044690
ENSMUSG00000022656,ENSCJAG00000020182
ENSMUSG00000000317,ENSCJAG00000016905
ENSMUSG00000036814,ENSCJAG00000002021
ENSMUSG00000051079,ENSCJAG00000008699
ENSMUSG00000074240,ENSCJAG00000014103
ENSMUSG00000021612,ENSCJAG00000036709
ENSMUSG00000041644,ENSCJAG00000006336
ENSMUSG00000003039,ENSCJAG00000059733
ENSMUSG00000003039,ENSCJAG00000059326
ENSMUSG00000003039,ENSCJAG00000014097
ENSMUSG00000031326,ENSCJAG00000011367
ENSMUSG00000105220,ENSCJAG00000053194
ENSMUSG00000003033,ENSCJAG00000014070
ENSMUSG00000031327,ENSCJAG00000016436
ENSMUSG00000053046,ENSCJAG00000083781
ENSMUSG00000037995,ENSCJAG00000006107
ENSMUSG00000050965,ENSCJAG00000000333
ENSMUSG00000028965,ENSCJAG00000000317
ENSMUSG00000021773,ENSCJAG00000001135
ENSMUSG00000025245,ENSCJAG00000002035
ENSMUSG00000070713,ENSCJAG00000071285
ENSMUSG00000055148,ENSCJAG00000045561
ENSMUSG00000019732,ENSCJAG00000013978
ENSMUSG00000023964,ENSCJAG00000013758
ENSMUSG00000047222,ENSCJAG00000009638
ENSMUSG00000000049,ENSCJAG00000000327
ENSMUSG00000027544,ENSCJAG00000000574
ENSMUSG00000022652,ENSCJAG00000020148
ENSMUSG00000052794,ENSCJAG00000013966
ENSMUSG00000004667,ENSCJAG00000007666
ENSMUSG00000018401,ENSCJAG00000017418
ENSMUSG00000052488,ENSCJAG00000040462
ENSMUSG00000119509,ENSCJAG00000086569
ENSMUSG00000053253,ENSCJAG00000053620
ENSMUSG00000030775,ENSCJAG00000020142
ENSMUSG00000070107,ENSCJAG00000086773
ENSMUSG00000029664,ENSCJAG00000013741
ENSMUSG00000075706,ENSCJAG00000042573
ENSMUSG00000022515,ENSCJAG00000019862
ENSMUSG00000029663,ENSCJAG00000084556
ENSMUSG00000002250,ENSCJAG00000015604
ENSMUSG00000064715,ENSCJAG00000071694
ENSMUSG00000026358,ENSCJAG00000008708
ENSMUSG00000075486,ENSCJAG00000040016
ENSMUSG00000032766,ENSCJAG00000070690
ENSMUSG00000032757,ENSCJAG00000039175
ENSMUSG00000048521,ENSCJAG00000058101
ENSMUSG00000022111,ENSCJAG00000073731
ENSMUSG00000064476,ENSCJAG00000082344
ENSMUSG00000028963,ENSCJAG00000000294
ENSMUSG00000028957,ENSCJAG00000058235
ENSMUSG00000028957,ENSCJAG00000000288
ENSMUSG00000015189,ENSCJAG00000013493
ENSMUSG00000005800,ENSCJAG00000003743
ENSMUSG00000033060,ENSCJAG00000021177
ENSMUSG00000040751,ENSCJAG00000003998
ENSMUSG00000019731,ENSCJAG00000013952
ENSMUSG00000098509,ENSCJAG00000071652
ENSMUSG00000077569,ENSCJAG00000026742
ENSMUSG00000027942,ENSCJAG00000009722
ENSMUSG00000027942,ENSCJAG00000067977
ENSMUSG00000026547,ENSCJAG00000006156
ENSMUSG00000070323,ENSCJAG00000003769
ENSMUSG00000007570,ENSCJAG00000015623
ENSMUSG00000074968,ENSCJAG00000006285
ENSMUSG00000045248,ENSCJAG00000013939
ENSMUSG00000022543,ENSCJAG00000019877
ENSMUSG00000035673,ENSCJAG00000085147
ENSMUSG00000044600,ENSCJAG00000013936
ENSMUSG00000043089,ENSCJAG00000014107
ENSMUSG00000026357,ENSCJAG00000053604
ENSMUSG00000079083,ENSCJAG00000043270
ENSMUSG00000022542,ENSCJAG00000019889
ENSMUSG00000028955,ENSCJAG00000047745
ENSMUSG00000079084,ENSCJAG00000004365
ENSMUSG00000031791,ENSCJAG00000013929
ENSMUSG00000039740,ENSCJAG00000039443
ENSMUSG00000035131,ENSCJAG00000006164
ENSMUSG00000053317,ENSCJAG00000021748
ENSMUSG00000053317,ENSCJAG00000074754
ENSMUSG00000061410,ENSCJAG00000004460
ENSMUSG00000004631,ENSCJAG00000013426
ENSMUSG00000032599,ENSCJAG00000003247
ENSMUSG00000096215,ENSCJAG00000041318
ENSMUSG00000121585,ENSCJAG00000065896
ENSMUSG00000094116,ENSCJAG00000065896
ENSMUSG00000096700,ENSCJAG00000065896
ENSMUSG00000095935,ENSCJAG00000065896
ENSMUSG00000095048,ENSCJAG00000065896
ENSMUSG00000095341,ENSCJAG00000065896
ENSMUSG00000043003,ENSCJAG00000003547
ENSMUSG00000050808,ENSCJAG00000006359
ENSMUSG00000022540,ENSCJAG00000019901
ENSMUSG00000088626,ENSCJAG00000035056
ENSMUSG00000032598,ENSCJAG00000003195
ENSMUSG00000037251,ENSCJAG00000037203
ENSMUSG00000070345,ENSCJAG00000017380
ENSMUSG00000015994,ENSCJAG00000003507
ENSMUSG00000038718,ENSCJAG00000007020
ENSMUSG00000026546,ENSCJAG00000006175
ENSMUSG00000023473,ENSCJAG00000003177
ENSMUSG00000020831,ENSCJAG00000085189
ENSMUSG00000020831,ENSCJAG00000045672
ENSMUSG00000037805,ENSCJAG00000023039
ENSMUSG00000118506,ENSCJAG00000009736
ENSMUSG00000027939,ENSCJAG00000009801
ENSMUSG00000037234,ENSCJAG00000003487
ENSMUSG00000022536,ENSCJAG00000019912
ENSMUSG00000021565,ENSCJAG00000011196
ENSMUSG00000049598,ENSCJAG00000006224
ENSMUSG00000066137,ENSCJAG00000065896
ENSMUSG00000003068,ENSCJAG00000043526
ENSMUSG00000079037,ENSCJAG00000038964
ENSMUSG00000038630,ENSCJAG00000017561
ENSMUSG00000053318,ENSCJAG00000006239
ENSMUSG00000028378,ENSCJAG00000017571
ENSMUSG00000064930,ENSCJAG00000024801
ENSMUSG00000084527,ENSCJAG00000046702
ENSMUSG00000084527,ENSCJAG00000082865
ENSMUSG00000090733,ENSCJAG00000081135
ENSMUSG00000027338,ENSCJAG00000046612
ENSMUSG00000039473,ENSCJAG00000019945
ENSMUSG00000027935,ENSCJAG00000009933
ENSMUSG00000026544,ENSCJAG00000080143
ENSMUSG00000040731,ENSCJAG00000019820
ENSMUSG00000038696,ENSCJAG00000006963
ENSMUSG00000037942,ENSCJAG00000006271
ENSMUSG00000002249,ENSCJAG00000015661
ENSMUSG00000025652,ENSCJAG00000003139
ENSMUSG00000013878,ENSCJAG00000047550
ENSMUSG00000026542,ENSCJAG00000006279
ENSMUSG00000070972,ENSCJAG00000017584
ENSMUSG00000025651,ENSCJAG00000003132
ENSMUSG00000017756,ENSCJAG00000077601
ENSMUSG00000027937,ENSCJAG00000009973
ENSMUSG00000022048,ENSCJAG00000042451
ENSMUSG00000046643,ENSCJAG00000061455
ENSMUSG00000038607,ENSCJAG00000047686
ENSMUSG00000027938,ENSCJAG00000009978
ENSMUSG00000049456,ENSCJAG00000061455
ENSMUSG00000032827,ENSCJAG00000013400
ENSMUSG00000005339,ENSCJAG00000006292
ENSMUSG00000045699,ENSCJAG00000036389
ENSMUSG00000086147,ENSCJAG00000036389
ENSMUSG00000067919,ENSCJAG00000036389
ENSMUSG00000037872,ENSCJAG00000006303
ENSMUSG00000093989,ENSCJAG00000016931
ENSMUSG00000025899,ENSCJAG00000009957
ENSMUSG00000005338,ENSCJAG00000006307
ENSMUSG00000067916,ENSCJAG00000036389
ENSMUSG00000022051,ENSCJAG00000075722
ENSMUSG00000029674,ENSCJAG00000045813
ENSMUSG00000000320,ENSCJAG00000016940
ENSMUSG00000029063,ENSCJAG00000010843
ENSMUSG00000039457,ENSCJAG00000019959
ENSMUSG00000052310,ENSCJAG00000010006
ENSMUSG00000037446,ENSCJAG00000015713
ENSMUSG00000076269,ENSCJAG00000025671
ENSMUSG00000022052,ENSCJAG00000019902
ENSMUSG00000003072,ENSCJAG00000010469
ENSMUSG00000027936,ENSCJAG00000010045
ENSMUSG00000071723,ENSCJAG00000000368
ENSMUSG00000027339,ENSCJAG00000021256
ENSMUSG00000091712,ENSCJAG00000019976
ENSMUSG00000035621,ENSCJAG00000039311
ENSMUSG00000037860,ENSCJAG00000006327
ENSMUSG00000071722,ENSCJAG00000084826
ENSMUSG00000079509,ENSCJAG00000004841
ENSMUSG00000033004,ENSCJAG00000021196
ENSMUSG00000023143,ENSCJAG00000019998
ENSMUSG00000034177,ENSCJAG00000017375
ENSMUSG00000042202,ENSCJAG00000010871
ENSMUSG00000037214,ENSCJAG00000038318
ENSMUSG00000029759,ENSCJAG00000045831
ENSMUSG00000025898,ENSCJAG00000009951
ENSMUSG00000037260,ENSCJAG00000003561
ENSMUSG00000042404,ENSCJAG00000010062
ENSMUSG00000035150,ENSCJAG00000004867
ENSMUSG00000035150,ENSCJAG00000039431
ENSMUSG00000051669,ENSCJAG00000019991
ENSMUSG00000045193,ENSCJAG00000005609
ENSMUSG00000029134,ENSCJAG00000033289
ENSMUSG00000024222,ENSCJAG00000015725
ENSMUSG00000039427,ENSCJAG00000020001
ENSMUSG00000027340,ENSCJAG00000021258
ENSMUSG00000032667,ENSCJAG00000013295
ENSMUSG00000029062,ENSCJAG00000010900
ENSMUSG00000021567,ENSCJAG00000043259
ENSMUSG00000042607,ENSCJAG00000013280
ENSMUSG00000043929,ENSCJAG00000051881
ENSMUSG00000019577,ENSCJAG00000047805
ENSMUSG00000041624,ENSCJAG00000009948
ENSMUSG00000087792,ENSCJAG00000082642
ENSMUSG00000020485,ENSCJAG00000017369
ENSMUSG00000035595,ENSCJAG00000005541
ENSMUSG00000003070,ENSCJAG00000086835
ENSMUSG00000022544,ENSCJAG00000020005
ENSMUSG00000029757,ENSCJAG00000000528
ENSMUSG00000052557,ENSCJAG00000016571
ENSMUSG00000105196,ENSCJAG00000037901
ENSMUSG00000109528,ENSCJAG00000014759
ENSMUSG00000020728,ENSCJAG00000079848
ENSMUSG00000021569,ENSCJAG00000003849
ENSMUSG00000027341,ENSCJAG00000041447
ENSMUSG00000013033,ENSCJAG00000004850
ENSMUSG00000025271,ENSCJAG00000016601
ENSMUSG00000024223,ENSCJAG00000015745
ENSMUSG00000019861,ENSCJAG00000004242
ENSMUSG00000032006,ENSCJAG00000009788
ENSMUSG00000027342,ENSCJAG00000021278
ENSMUSG00000057649,ENSCJAG00000003867
ENSMUSG00000024224,ENSCJAG00000015754
ENSMUSG00000024225,ENSCJAG00000015758
ENSMUSG00000047619,ENSCJAG00000053103
ENSMUSG00000058793,ENSCJAG00000021280
ENSMUSG00000062252,ENSCJAG00000060773
ENSMUSG00000047193,ENSCJAG00000009549
ENSMUSG00000004865,ENSCJAG00000015768
ENSMUSG00000122072,ENSCJAG00000035007
ENSMUSG00000025147,ENSCJAG00000018357
ENSMUSG00000029060,ENSCJAG00000010931
ENSMUSG00000023068,ENSCJAG00000033961
ENSMUSG00000023068,ENSCJAG00000053976
ENSMUSG00000064915,ENSCJAG00000086583
ENSMUSG00000051509,ENSCJAG00000022045
ENSMUSG00000003226,ENSCJAG00000001189
ENSMUSG00000025272,ENSCJAG00000007581
ENSMUSG00000028354,ENSCJAG00000077453
ENSMUSG00000077409,ENSCJAG00000080917
ENSMUSG00000037887,ENSCJAG00000040604
ENSMUSG00000027606,ENSCJAG00000009369
ENSMUSG00000109859,ENSCJAG00000079301
ENSMUSG00000109859,ENSCJAG00000000301
ENSMUSG00000109859,ENSCJAG00000067750
ENSMUSG00000109859,ENSCJAG00000074243
ENSMUSG00000109859,ENSCJAG00000082655
ENSMUSG00000109859,ENSCJAG00000080141
ENSMUSG00000109859,ENSCJAG00000081670
ENSMUSG00000109859,ENSCJAG00000041374
ENSMUSG00000109859,ENSCJAG00000047635
ENSMUSG00000088784,ENSCJAG00000026487
ENSMUSG00000050069,ENSCJAG00000040319
ENSMUSG00000109655,ENSCJAG00000072739
ENSMUSG00000027546,ENSCJAG00000000586
ENSMUSG00000026527,ENSCJAG00000017379
ENSMUSG00000073785,ENSCJAG00000072739
ENSMUSG00000110324,ENSCJAG00000079301
ENSMUSG00000110324,ENSCJAG00000000301
ENSMUSG00000110324,ENSCJAG00000067750
ENSMUSG00000110324,ENSCJAG00000074243
ENSMUSG00000110324,ENSCJAG00000082655
ENSMUSG00000110324,ENSCJAG00000080141
ENSMUSG00000110324,ENSCJAG00000081670
ENSMUSG00000110324,ENSCJAG00000041374
ENSMUSG00000110324,ENSCJAG00000047635
ENSMUSG00000056885,ENSCJAG00000079301
ENSMUSG00000056885,ENSCJAG00000000301
ENSMUSG00000056885,ENSCJAG00000067750
ENSMUSG00000056885,ENSCJAG00000074243
ENSMUSG00000056885,ENSCJAG00000082655
ENSMUSG00000056885,ENSCJAG00000080141
ENSMUSG00000056885,ENSCJAG00000081670
ENSMUSG00000056885,ENSCJAG00000041374
ENSMUSG00000056885,ENSCJAG00000047635
ENSMUSG00000119106,ENSCJAG00000073441
ENSMUSG00000119106,ENSCJAG00000045296
ENSMUSG00000119106,ENSCJAG00000071240
ENSMUSG00000119106,ENSCJAG00000071146
ENSMUSG00000119106,ENSCJAG00000075077
ENSMUSG00000119106,ENSCJAG00000077021
ENSMUSG00000119106,ENSCJAG00000086585
ENSMUSG00000119106,ENSCJAG00000027230
ENSMUSG00000119106,ENSCJAG00000030477
ENSMUSG00000119106,ENSCJAG00000073631
ENSMUSG00000049796,ENSCJAG00000048653
ENSMUSG00000045236,ENSCJAG00000072739
ENSMUSG00000053931,ENSCJAG00000018128
ENSMUSG00000038010,ENSCJAG00000001240
ENSMUSG00000021573,ENSCJAG00000038939
ENSMUSG00000007891,ENSCJAG00000018407
ENSMUSG00000021572,ENSCJAG00000015720
ENSMUSG00000003227,ENSCJAG00000001257
ENSMUSG00000022123,ENSCJAG00000021235
ENSMUSG00000014956,ENSCJAG00000012316
ENSMUSG00000014956,ENSCJAG00000008984
ENSMUSG00000074738,ENSCJAG00000066377
ENSMUSG00000029038,ENSCJAG00000010957
ENSMUSG00000039865,ENSCJAG00000018117
ENSMUSG00002075731,ENSCJAG00000069991
ENSMUSG00000024027,ENSCJAG00000005874
ENSMUSG00000059762,ENSCJAG00000081557
ENSMUSG00002076380,ENSCJAG00000024708
ENSMUSG00000042505,ENSCJAG00000042876
ENSMUSG00000061762,ENSCJAG00000068961
ENSMUSG00000064916,ENSCJAG00000071479
ENSMUSG00000029036,ENSCJAG00000010991
ENSMUSG00000019977,ENSCJAG00000007678
ENSMUSG00000028128,ENSCJAG00000018108
ENSMUSG00000026526,ENSCJAG00000017359
ENSMUSG00000029752,ENSCJAG00000000618
ENSMUSG00000028127,ENSCJAG00000018054
ENSMUSG00000005470,ENSCJAG00000004898
ENSMUSG00000055717,ENSCJAG00000021252
ENSMUSG00000039783,ENSCJAG00000017333
ENSMUSG00000059119,ENSCJAG00000011636
ENSMUSG00000074217,ENSCJAG00000004926
ENSMUSG00000047986,ENSCJAG00000004935
ENSMUSG00000034156,ENSCJAG00000017335
ENSMUSG00000005465,ENSCJAG00000004940
ENSMUSG00000042460,ENSCJAG00000057327
ENSMUSG00000040576,ENSCJAG00000016758
ENSMUSG00002075238,ENSCJAG00000025097
ENSMUSG00002075238,ENSCJAG00000075963
ENSMUSG00000042447,ENSCJAG00000000686
ENSMUSG00000016982,ENSCJAG00000044785
ENSMUSG00000006179,ENSCJAG00000011186
ENSMUSG00000054134,ENSCJAG00000007292
ENSMUSG00000045232,ENSCJAG00000004965
ENSMUSG00000008843,ENSCJAG00000021928
ENSMUSG00000012483,ENSCJAG00000085113
ENSMUSG00000031706,ENSCJAG00000004970
ENSMUSG00000040557,ENSCJAG00000016763
ENSMUSG00000089862,ENSCJAG00000087186
ENSMUSG00000021930,ENSCJAG00000007818
ENSMUSG00000069302,ENSCJAG00000085388
ENSMUSG00000035235,ENSCJAG00000008633
ENSMUSG00000029638,ENSCJAG00000047899
ENSMUSG00000026525,ENSCJAG00000017298
ENSMUSG00000042116,ENSCJAG00000060872
ENSMUSG00000093007,ENSCJAG00000027196
ENSMUSG00000078185,ENSCJAG00000079662
ENSMUSG00000022204,ENSCJAG00000007530
ENSMUSG00000026523,ENSCJAG00000017281
ENSMUSG00000073680,ENSCJAG00000011035
ENSMUSG00000080582,ENSCJAG00000024195
ENSMUSG00000029066,ENSCJAG00000039231
ENSMUSG00000087149,ENSCJAG00000031505
ENSMUSG00000037103,ENSCJAG00000005014
ENSMUSG00000037542,ENSCJAG00000007652
ENSMUSG00000025266,ENSCJAG00000000252
ENSMUSG00000025266,ENSCJAG00000072205
ENSMUSG00000039831,ENSCJAG00000018008
ENSMUSG00000040721,ENSCJAG00000007523
ENSMUSG00000065118,ENSCJAG00000025114
ENSMUSG00000010755,ENSCJAG00000011585
ENSMUSG00000037868,ENSCJAG00000062137
ENSMUSG00000045691,ENSCJAG00000007522
ENSMUSG00000029068,ENSCJAG00000011043
ENSMUSG00000040701,ENSCJAG00000058609
ENSMUSG00000070473,ENSCJAG00000016766
ENSMUSG00000062995,ENSCJAG00000000720
ENSMUSG00000023132,ENSCJAG00000001650
ENSMUSG00000040532,ENSCJAG00000016768
ENSMUSG00000057134,ENSCJAG00000042988
ENSMUSG00000020154,ENSCJAG00000001515
ENSMUSG00000012889,ENSCJAG00000004297
ENSMUSG00000042385,ENSCJAG00000001646
ENSMUSG00000036686,ENSCJAG00000004333
ENSMUSG00000042379,ENSCJAG00000064617
ENSMUSG00000000142,ENSCJAG00000017488
ENSMUSG00000025265,ENSCJAG00000000230
ENSMUSG00000007207,ENSCJAG00000016769
ENSMUSG00000065990,ENSCJAG00000034618
ENSMUSG00000079553,ENSCJAG00000021681
ENSMUSG00000026385,ENSCJAG00000080731
ENSMUSG00000042364,ENSCJAG00000001635
ENSMUSG00000119031,ENSCJAG00000034569
ENSMUSG00000119031,ENSCJAG00000080623
ENSMUSG00000119031,ENSCJAG00000076697
ENSMUSG00000009073,ENSCJAG00000019833
ENSMUSG00000029070,ENSCJAG00000040810
ENSMUSG00000026389,ENSCJAG00000021433
ENSMUSG00000022208,ENSCJAG00000007476
ENSMUSG00000054934,ENSCJAG00000082877
ENSMUSG00000020166,ENSCJAG00000001567
ENSMUSG00000095822,ENSCJAG00000045260
ENSMUSG00000028053,ENSCJAG00000008157
ENSMUSG00000051456,ENSCJAG00000021806
ENSMUSG00000025264,ENSCJAG00000079432
ENSMUSG00000029071,ENSCJAG00000005366
ENSMUSG00000022209,ENSCJAG00000007465
ENSMUSG00000005378,ENSCJAG00000016799
ENSMUSG00000036907,ENSCJAG00000040759
ENSMUSG00000008129,ENSCJAG00000004372
ENSMUSG00000026390,ENSCJAG00000021426
ENSMUSG00000031125,ENSCJAG00000001658
ENSMUSG00000031125,ENSCJAG00000047041
ENSMUSG00000037628,ENSCJAG00000007280
ENSMUSG00000003206,ENSCJAG00000013202
ENSMUSG00000073177,ENSCJAG00000001658
ENSMUSG00000073177,ENSCJAG00000047041
ENSMUSG00000003208,ENSCJAG00000038170
ENSMUSG00000046178,ENSCJAG00000000746
ENSMUSG00000050558,ENSCJAG00000075683
ENSMUSG00000038147,ENSCJAG00000005734
ENSMUSG00000038025,ENSCJAG00000017343
ENSMUSG00000041263,ENSCJAG00000008263
ENSMUSG00000071337,ENSCJAG00000019278
ENSMUSG00000056155,ENSCJAG00000004388
ENSMUSG00000039154,ENSCJAG00000008444
ENSMUSG00000065611,ENSCJAG00000028220
ENSMUSG00000065444,ENSCJAG00000079803
ENSMUSG00000005469,ENSCJAG00000004906
ENSMUSG00000027547,ENSCJAG00000000591
ENSMUSG00000027547,ENSCJAG00000021107
ENSMUSG00000073176,ENSCJAG00000066594
ENSMUSG00000045362,ENSCJAG00000020135
ENSMUSG00000015314,ENSCJAG00000080867
ENSMUSG00000015759,ENSCJAG00000038806
ENSMUSG00000054850,ENSCJAG00000080173
ENSMUSG00000054850,ENSCJAG00000083349
ENSMUSG00000029072,ENSCJAG00000011121
ENSMUSG00000011589,ENSCJAG00000014650
ENSMUSG00000038014,ENSCJAG00000011461
ENSMUSG00000010751,ENSCJAG00000020135
ENSMUSG00000058328,ENSCJAG00000000906
ENSMUSG00000029073,ENSCJAG00000011139
ENSMUSG00000050751,ENSCJAG00000011901
ENSMUSG00000027551,ENSCJAG00000000596
ENSMUSG00000029034,ENSCJAG00000011144
ENSMUSG00000062014,ENSCJAG00000007312
ENSMUSG00000062014,ENSCJAG00000021920
ENSMUSG00000038781,ENSCJAG00000003656
ENSMUSG00000032002,ENSCJAG00000009502
ENSMUSG00000031981,ENSCJAG00000011997
ENSMUSG00000037613,ENSCJAG00000020135
ENSMUSG00000037989,ENSCJAG00000011431
ENSMUSG00000052423,ENSCJAG00000005146
ENSMUSG00000067764,ENSCJAG00000000906
ENSMUSG00000050578,ENSCJAG00000009477
ENSMUSG00000003199,ENSCJAG00000007387
ENSMUSG00000027130,ENSCJAG00000021120
ENSMUSG00000037606,ENSCJAG00000011522
ENSMUSG00000109368,ENSCJAG00000042286
ENSMUSG00000109368,ENSCJAG00000048415
ENSMUSG00000061118,ENSCJAG00000040176
ENSMUSG00000043614,ENSCJAG00000016807
ENSMUSG00000031983,ENSCJAG00000012038
ENSMUSG00000049723,ENSCJAG00000009452
ENSMUSG00000049717,ENSCJAG00000014689
ENSMUSG00000005373,ENSCJAG00000016824
ENSMUSG00000040396,ENSCJAG00000014685
ENSMUSG00000096966,ENSCJAG00000042286
ENSMUSG00000096966,ENSCJAG00000048415
ENSMUSG00000031374,ENSCJAG00000011538
ENSMUSG00000031497,ENSCJAG00000014666
ENSMUSG00000059743,ENSCJAG00000075451
ENSMUSG00000059743,ENSCJAG00000008364
ENSMUSG00000059743,ENSCJAG00000043725
ENSMUSG00000059743,ENSCJAG00000070903
ENSMUSG00000062729,ENSCJAG00000005201
ENSMUSG00000031372,ENSCJAG00000011515
ENSMUSG00000031371,ENSCJAG00000036194
ENSMUSG00000025809,ENSCJAG00000013701
ENSMUSG00000051557,ENSCJAG00000010972
ENSMUSG00000048965,ENSCJAG00000074916
ENSMUSG00000031090,ENSCJAG00000085647
ENSMUSG00000029033,ENSCJAG00000011211
ENSMUSG00000062963,ENSCJAG00000014132
ENSMUSG00000062963,ENSCJAG00000005303
ENSMUSG00000031375,ENSCJAG00000011493
ENSMUSG00000041237,ENSCJAG00000008393
ENSMUSG00000013973,ENSCJAG00000005311
ENSMUSG00000003200,ENSCJAG00000007394
ENSMUSG00000058454,ENSCJAG00000040023
ENSMUSG00000031376,ENSCJAG00000011413
ENSMUSG00000028051,ENSCJAG00000008422
ENSMUSG00000002835,ENSCJAG00000007402
ENSMUSG00000041620,ENSCJAG00000014107
ENSMUSG00000028049,ENSCJAG00000008486
ENSMUSG00000023286,ENSCJAG00000011315
ENSMUSG00000052056,ENSCJAG00000000615
ENSMUSG00000019578,ENSCJAG00000007418
ENSMUSG00000046679,ENSCJAG00000019294
ENSMUSG00000031937,ENSCJAG00000003861
ENSMUSG00000053560,ENSCJAG00000045878
ENSMUSG00000031085,ENSCJAG00000066476
ENSMUSG00000001910,ENSCJAG00000043018
ENSMUSG00000034057,ENSCJAG00000037154
ENSMUSG00000031935,ENSCJAG00000003839
ENSMUSG00000009350,ENSCJAG00000017310
ENSMUSG00000005374,ENSCJAG00000016836
ENSMUSG00000027131,ENSCJAG00000021118
ENSMUSG00000013997,ENSCJAG00000005352
ENSMUSG00000001909,ENSCJAG00000004566
ENSMUSG00000031383,ENSCJAG00000047408
ENSMUSG00000019082,ENSCJAG00000011869
ENSMUSG00000032657,ENSCJAG00000008526
ENSMUSG00000027132,ENSCJAG00000054882
ENSMUSG00000027132,ENSCJAG00000021110
ENSMUSG00000002012,ENSCJAG00000081213
ENSMUSG00000040021,ENSCJAG00000009197
ENSMUSG00000002833,ENSCJAG00000017556
ENSMUSG00000029681,ENSCJAG00000016860
ENSMUSG00000039981,ENSCJAG00000019606
ENSMUSG00000055943,ENSCJAG00000021103
ENSMUSG00000015755,ENSCJAG00000019580
ENSMUSG00000119025,ENSCJAG00000076339
ENSMUSG00000074939,ENSCJAG00000023282
ENSMUSG00000028048,ENSCJAG00000008613
ENSMUSG00000013523,ENSCJAG00000000622
ENSMUSG00000006412,ENSCJAG00000005376
ENSMUSG00000031939,ENSCJAG00000003782
ENSMUSG00000051695,ENSCJAG00000069647
ENSMUSG00000051695,ENSCJAG00000080621
ENSMUSG00000019841,ENSCJAG00000005032
ENSMUSG00000101355,ENSCJAG00000080786
ENSMUSG00000001156,ENSCJAG00000019266
ENSMUSG00000114279,ENSCJAG00000084623
ENSMUSG00000002748,ENSCJAG00000016867
ENSMUSG00000045259,ENSCJAG00000005389
ENSMUSG00000020599,ENSCJAG00000000267
ENSMUSG00000006411,ENSCJAG00000005452
ENSMUSG00000000339,ENSCJAG00000003398
ENSMUSG00000023571,ENSCJAG00000011323
ENSMUSG00000050796,ENSCJAG00000011328
ENSMUSG00000029076,ENSCJAG00000011333
ENSMUSG00000003604,ENSCJAG00000021101
ENSMUSG00000001157,ENSCJAG00000019232
ENSMUSG00000019558,ENSCJAG00000011356
ENSMUSG00000000340,ENSCJAG00000003363
ENSMUSG00000049551,ENSCJAG00000045266
ENSMUSG00000040013,ENSCJAG00000016944
ENSMUSG00000002831,ENSCJAG00000086686
ENSMUSG00000080622,ENSCJAG00000023898
ENSMUSG00000027067,ENSCJAG00000009013
ENSMUSG00000011305,ENSCJAG00000017538
ENSMUSG00000027961,ENSCJAG00000000197
ENSMUSG00000038528,ENSCJAG00000070847
ENSMUSG00000038528,ENSCJAG00000083633
ENSMUSG00000048865,ENSCJAG00000005467
ENSMUSG00000029994,ENSCJAG00000040330
ENSMUSG00000033439,ENSCJAG00000000200
ENSMUSG00000065282,ENSCJAG00000086887
ENSMUSG00000088929,ENSCJAG00000027180
ENSMUSG00000088929,ENSCJAG00000030999
ENSMUSG00000065226,ENSCJAG00000024515
ENSMUSG00000065226,ENSCJAG00000070796
ENSMUSG00000065226,ENSCJAG00000026852
ENSMUSG00000065226,ENSCJAG00000075718
ENSMUSG00000065226,ENSCJAG00000071275
ENSMUSG00000065226,ENSCJAG00000029475
ENSMUSG00000065226,ENSCJAG00000080191
ENSMUSG00000064634,ENSCJAG00000079250
ENSMUSG00000064634,ENSCJAG00000079712
ENSMUSG00000064634,ENSCJAG00000071963
ENSMUSG00000064797,ENSCJAG00000066339
ENSMUSG00000046111,ENSCJAG00000003748
ENSMUSG00000026641,ENSCJAG00000005396
ENSMUSG00000037095,ENSCJAG00000017537
ENSMUSG00000034285,ENSCJAG00000019879
ENSMUSG00000029075,ENSCJAG00000011350
ENSMUSG00000001227,ENSCJAG00000017506
ENSMUSG00000038522,ENSCJAG00000070847
ENSMUSG00000038522,ENSCJAG00000083633
ENSMUSG00000041954,ENSCJAG00000011360
ENSMUSG00000019826,ENSCJAG00000005712
ENSMUSG00000053388,ENSCJAG00000016956
ENSMUSG00000044469,ENSCJAG00000022512
ENSMUSG00000019579,ENSCJAG00000017503
ENSMUSG00000000916,ENSCJAG00000016968
ENSMUSG00000019823,ENSCJAG00000005732
ENSMUSG00000001229,ENSCJAG00000017466
ENSMUSG00000027959,ENSCJAG00000004048
ENSMUSG00000009356,ENSCJAG00000034661
ENSMUSG00000103711,ENSCJAG00000005513
ENSMUSG00000038235,ENSCJAG00000005522
ENSMUSG00000053293,ENSCJAG00000016983
ENSMUSG00000020611,ENSCJAG00000000265
ENSMUSG00000043683,ENSCJAG00000017463
ENSMUSG00000053483,ENSCJAG00000005255
ENSMUSG00000020830,ENSCJAG00000012039
ENSMUSG00000024197,ENSCJAG00000017442
ENSMUSG00000039959,ENSCJAG00000016998
ENSMUSG00000046811,ENSCJAG00000012028
ENSMUSG00000018286,ENSCJAG00000012010
ENSMUSG00000027560,ENSCJAG00000002600
ENSMUSG00000073380,ENSCJAG00000017437
ENSMUSG00000068328,ENSCJAG00000017289
ENSMUSG00000001228,ENSCJAG00000017420
ENSMUSG00000001911,ENSCJAG00000004603
ENSMUSG00000089911,ENSCJAG00000047109
ENSMUSG00000002015,ENSCJAG00000011348
ENSMUSG00000109833,ENSCJAG00000045517
ENSMUSG00000020610,ENSCJAG00000000254
ENSMUSG00000067578,ENSCJAG00000080243
ENSMUSG00000038537,ENSCJAG00000011249
ENSMUSG00000027495,ENSCJAG00000041865
ENSMUSG00000031378,ENSCJAG00000011337
ENSMUSG00000033955,ENSCJAG00000009043
ENSMUSG00000033423,ENSCJAG00000003995
ENSMUSG00000038599,ENSCJAG00000008270
ENSMUSG00000034121,ENSCJAG00000017254
ENSMUSG00000077506,ENSCJAG00000077509
ENSMUSG00000077394,ENSCJAG00000081908
ENSMUSG00000077394,ENSCJAG00000078255
ENSMUSG00000077394,ENSCJAG00000055512
ENSMUSG00000031385,ENSCJAG00000011267
ENSMUSG00000032440,ENSCJAG00000004363
ENSMUSG00000025507,ENSCJAG00000011846
ENSMUSG00000039742,ENSCJAG00000017818
ENSMUSG00000009640,ENSCJAG00000003922
ENSMUSG00000033400,ENSCJAG00000046452
ENSMUSG00000052234,ENSCJAG00000017240
ENSMUSG00000029767,ENSCJAG00000017825
ENSMUSG00000034041,ENSCJAG00000004598
ENSMUSG00000048626,ENSCJAG00000003910
ENSMUSG00000075224,ENSCJAG00000009066
ENSMUSG00000035047,ENSCJAG00000006629
ENSMUSG00000028542,ENSCJAG00000003879
ENSMUSG00000053226,ENSCJAG00000004639
ENSMUSG00000033751,ENSCJAG00000004645
ENSMUSG00000003813,ENSCJAG00000078872
ENSMUSG00000003813,ENSCJAG00000004494
ENSMUSG00000041920,ENSCJAG00000000248
ENSMUSG00000027496,ENSCJAG00000011266
ENSMUSG00000038576,ENSCJAG00000013871
ENSMUSG00000003814,ENSCJAG00000004650
ENSMUSG00000096472,ENSCJAG00000083382
ENSMUSG00000004814,ENSCJAG00000077010
ENSMUSG00000002007,ENSCJAG00000011233
ENSMUSG00000003309,ENSCJAG00000045767
ENSMUSG00000003309,ENSCJAG00000006616
ENSMUSG00000003309,ENSCJAG00000071603
ENSMUSG00000053965,ENSCJAG00000003176
ENSMUSG00000034274,ENSCJAG00000019894
ENSMUSG00000039917,ENSCJAG00000066535
ENSMUSG00000058831,ENSCJAG00000017852
ENSMUSG00000079164,ENSCJAG00000022060
ENSMUSG00000003808,ENSCJAG00000004686
ENSMUSG00000030768,ENSCJAG00000006594
ENSMUSG00000068699,ENSCJAG00000017889
ENSMUSG00000027346,ENSCJAG00000021287
ENSMUSG00000064666,ENSCJAG00000078307
ENSMUSG00000064666,ENSCJAG00000077676
ENSMUSG00000025509,ENSCJAG00000011807
ENSMUSG00000005514,ENSCJAG00000012804
ENSMUSG00000024201,ENSCJAG00000017363
ENSMUSG00000023057,ENSCJAG00000003228
ENSMUSG00000019822,ENSCJAG00000005756
ENSMUSG00000003824,ENSCJAG00000004733
ENSMUSG00000054091,ENSCJAG00000038895
ENSMUSG00000054091,ENSCJAG00000045160
ENSMUSG00000057193,ENSCJAG00000035886
ENSMUSG00000039701,ENSCJAG00000003234
ENSMUSG00000046836,ENSCJAG00000006530
ENSMUSG00000002014,ENSCJAG00000011167
ENSMUSG00000003809,ENSCJAG00000004741
ENSMUSG00000019818,ENSCJAG00000041178
ENSMUSG00000002006,ENSCJAG00000011185
ENSMUSG00000020483,ENSCJAG00000086484
ENSMUSG00000078588,ENSCJAG00000008465
ENSMUSG00000054191,ENSCJAG00000004762
ENSMUSG00000019813,ENSCJAG00000005825
ENSMUSG00000003812,ENSCJAG00000004764
ENSMUSG00000064536,ENSCJAG00000086307
ENSMUSG00000055733,ENSCJAG00000072661
ENSMUSG00000020604,ENSCJAG00000000244
ENSMUSG00000028116,ENSCJAG00000048574
ENSMUSG00000039886,ENSCJAG00000042829
ENSMUSG00000059811,ENSCJAG00000004030
ENSMUSG00000048200,ENSCJAG00000011785
ENSMUSG00000028541,ENSCJAG00000009313
ENSMUSG00000053693,ENSCJAG00000004772
ENSMUSG00000014603,ENSCJAG00000003365
ENSMUSG00000042901,ENSCJAG00000079237
ENSMUSG00000014601,ENSCJAG00000003306
ENSMUSG00000019178,ENSCJAG00000001347
ENSMUSG00000088106,ENSCJAG00000073346
ENSMUSG00000020828,ENSCJAG00000011918
ENSMUSG00000025510,ENSCJAG00000011754
ENSMUSG00000024095,ENSCJAG00000004088
ENSMUSG00000032178,ENSCJAG00000006374
ENSMUSG00000053461,ENSCJAG00000009309
ENSMUSG00000033379,ENSCJAG00000009279
ENSMUSG00000027893,ENSCJAG00000003233
ENSMUSG00000029769,ENSCJAG00000017866
ENSMUSG00000019179,ENSCJAG00000016316
ENSMUSG00000056050,ENSCJAG00000061628
ENSMUSG00000074300,ENSCJAG00000043535
ENSMUSG00000090071,ENSCJAG00000084028
ENSMUSG00000077549,ENSCJAG00000052026
ENSMUSG00000031732,ENSCJAG00000015005
ENSMUSG00000035473,ENSCJAG00000004171
ENSMUSG00000055197,ENSCJAG00000070578
ENSMUSG00000028540,ENSCJAG00000009266
ENSMUSG00000038489,ENSCJAG00000079989
ENSMUSG00000038489,ENSCJAG00000059266
ENSMUSG00000006546,ENSCJAG00000011426
ENSMUSG00000025511,ENSCJAG00000011724
ENSMUSG00000039860,ENSCJAG00000016307
ENSMUSG00000033365,ENSCJAG00000007453
ENSMUSG00000038240,ENSCJAG00000006153
ENSMUSG00000065616,ENSCJAG00000029307
ENSMUSG00000047021,ENSCJAG00000011429
ENSMUSG00000038805,ENSCJAG00000000736
ENSMUSG00000001672,ENSCJAG00000044719
ENSMUSG00000014599,ENSCJAG00000003199
ENSMUSG00000024134,ENSCJAG00000039065
ENSMUSG00000001670,ENSCJAG00000014984
ENSMUSG00000035930,ENSCJAG00000022069
ENSMUSG00000018379,ENSCJAG00000041713
ENSMUSG00000018379,ENSCJAG00000066029
ENSMUSG00000018379,ENSCJAG00000008111
ENSMUSG00000044676,ENSCJAG00000014972
ENSMUSG00000024176,ENSCJAG00000073860
ENSMUSG00000025512,ENSCJAG00000011689
ENSMUSG00000028539,ENSCJAG00000003859
ENSMUSG00000095941,ENSCJAG00000068654
ENSMUSG00000095941,ENSCJAG00000047002
ENSMUSG00000118770,ENSCJAG00000079062
ENSMUSG00000023826,ENSCJAG00000012355
ENSMUSG00000038214,ENSCJAG00000039628
ENSMUSG00000004951,ENSCJAG00000080264
ENSMUSG00000004951,ENSCJAG00000016303
ENSMUSG00000006538,ENSCJAG00000046454
ENSMUSG00000003657,ENSCJAG00000014962
ENSMUSG00000026162,ENSCJAG00000045816
ENSMUSG00000026162,ENSCJAG00000011471
ENSMUSG00000051391,ENSCJAG00000041774
ENSMUSG00000034926,ENSCJAG00000015653
ENSMUSG00000019797,ENSCJAG00000046921
ENSMUSG00000026205,ENSCJAG00000011478
ENSMUSG00000029699,ENSCJAG00000016269
ENSMUSG00000018377,ENSCJAG00000014022
ENSMUSG00000047139,ENSCJAG00000058620
ENSMUSG00000047139,ENSCJAG00000044688
ENSMUSG00000009646,ENSCJAG00000007420
ENSMUSG00000046441,ENSCJAG00000022068
ENSMUSG00000031487,ENSCJAG00000084614
ENSMUSG00000018378,ENSCJAG00000014010
ENSMUSG00000009654,ENSCJAG00000007405
ENSMUSG00000024163,ENSCJAG00000053951
ENSMUSG00000033159,ENSCJAG00000011492
ENSMUSG00000033933,ENSCJAG00000070661
ENSMUSG00000031488,ENSCJAG00000002706
ENSMUSG00000054362,ENSCJAG00000015646
ENSMUSG00000060477,ENSCJAG00000016405
ENSMUSG00000009647,ENSCJAG00000007351
ENSMUSG00000004948,ENSCJAG00000016252
ENSMUSG00000034919,ENSCJAG00000015639
ENSMUSG00000075220,ENSCJAG00000022674
ENSMUSG00000009090,ENSCJAG00000019957
ENSMUSG00000027498,ENSCJAG00000072839
ENSMUSG00000027498,ENSCJAG00000011281
ENSMUSG00000039720,ENSCJAG00000002687
ENSMUSG00000004947,ENSCJAG00000016235
ENSMUSG00000008730,ENSCJAG00000012221
ENSMUSG00000020111,ENSCJAG00000007320
ENSMUSG00000043572,ENSCJAG00000074829
ENSMUSG00000075219,ENSCJAG00000022674
ENSMUSG00000075218,ENSCJAG00000022674
ENSMUSG00000025413,ENSCJAG00000015611
ENSMUSG00000031489,ENSCJAG00000002674
ENSMUSG00000049339,ENSCJAG00000046567
ENSMUSG00000031490,ENSCJAG00000077730
ENSMUSG00000031492,ENSCJAG00000007709
ENSMUSG00000064413,ENSCJAG00000035250
ENSMUSG00000027350,ENSCJAG00000021295
ENSMUSG00000074570,ENSCJAG00000011299
ENSMUSG00000002825,ENSCJAG00000006506
ENSMUSG00000002957,ENSCJAG00000011607
ENSMUSG00000064177,ENSCJAG00000016424
ENSMUSG00000031491,ENSCJAG00000007684
ENSMUSG00000047502,ENSCJAG00000015580
ENSMUSG00000065547,ENSCJAG00000029840
ENSMUSG00000032180,ENSCJAG00000006313
ENSMUSG00000118763,ENSCJAG00000083423
ENSMUSG00000118661,ENSCJAG00000079223
ENSMUSG00000072258,ENSCJAG00000015904
ENSMUSG00000051515,ENSCJAG00000014709
ENSMUSG00000002068,ENSCJAG00000001857
ENSMUSG00000037376,ENSCJAG00000021296
ENSMUSG00000049353,ENSCJAG00000074339
ENSMUSG00000030298,ENSCJAG00000016439
ENSMUSG00000032182,ENSCJAG00000006294
ENSMUSG00000088634,ENSCJAG00000027844
ENSMUSG00000041895,ENSCJAG00000000236
ENSMUSG00000026637,ENSCJAG00000000257
ENSMUSG00000031512,ENSCJAG00000014083
ENSMUSG00000030302,ENSCJAG00000016455
ENSMUSG00000004952,ENSCJAG00000016216
ENSMUSG00000032997,ENSCJAG00000011894
ENSMUSG00000027848,ENSCJAG00000075679
ENSMUSG00000034871,ENSCJAG00000015564
ENSMUSG00000020109,ENSCJAG00000080598
ENSMUSG00000020109,ENSCJAG00000007303
ENSMUSG00000048429,ENSCJAG00000006287
ENSMUSG00000027907,ENSCJAG00000038853
ENSMUSG00000027907,ENSCJAG00000077933
ENSMUSG00000027907,ENSCJAG00000081431
ENSMUSG00000027907,ENSCJAG00000075557
ENSMUSG00000027907,ENSCJAG00000082522
ENSMUSG00000027907,ENSCJAG00000075085
ENSMUSG00000010435,ENSCJAG00000071735
ENSMUSG00000032193,ENSCJAG00000005907
ENSMUSG00000026211,ENSCJAG00000011924
ENSMUSG00000041959,ENSCJAG00000047979
ENSMUSG00000041959,ENSCJAG00000083278
ENSMUSG00000041959,ENSCJAG00000085881
ENSMUSG00000034853,ENSCJAG00000015521
ENSMUSG00000103362,ENSCJAG00000045260
ENSMUSG00000094084,ENSCJAG00000045260
ENSMUSG00000027502,ENSCJAG00000011308
ENSMUSG00000000759,ENSCJAG00000006651
ENSMUSG00000068879,ENSCJAG00000045260
ENSMUSG00000028089,ENSCJAG00000002406
ENSMUSG00000054676,ENSCJAG00000086068
ENSMUSG00000023723,ENSCJAG00000077536
ENSMUSG00000023723,ENSCJAG00000014008
ENSMUSG00000037202,ENSCJAG00000014858
ENSMUSG00000074569,ENSCJAG00000011336
ENSMUSG00000020092,ENSCJAG00000016917
ENSMUSG00000027505,ENSCJAG00000011338
ENSMUSG00000059873,ENSCJAG00000079968
ENSMUSG00000059873,ENSCJAG00000076074
ENSMUSG00000074170,ENSCJAG00000001871
ENSMUSG00000030423,ENSCJAG00000046750
ENSMUSG00000027353,ENSCJAG00000021298
ENSMUSG00000020612,ENSCJAG00000000214
ENSMUSG00000074476,ENSCJAG00000005896
ENSMUSG00000037171,ENSCJAG00000016288
ENSMUSG00000028088,ENSCJAG00000056470
ENSMUSG00000020091,ENSCJAG00000082174
ENSMUSG00000034201,ENSCJAG00000019981
ENSMUSG00000037151,ENSCJAG00000016341
ENSMUSG00000048351,ENSCJAG00000084097
ENSMUSG00000048351,ENSCJAG00000033985
ENSMUSG00000048351,ENSCJAG00000021584
ENSMUSG00000032194,ENSCJAG00000005881
ENSMUSG00000051703,ENSCJAG00000011913
ENSMUSG00000059816,ENSCJAG00000021585
ENSMUSG00000028597,ENSCJAG00000054201
ENSMUSG00000020090,ENSCJAG00000016344
ENSMUSG00000038205,ENSCJAG00000076520
ENSMUSG00000034610,ENSCJAG00000021588
ENSMUSG00000032968,ENSCJAG00000075937
ENSMUSG00000026213,ENSCJAG00000011938
ENSMUSG00000043267,ENSCJAG00000009126
ENSMUSG00002075408,ENSCJAG00000024148
ENSMUSG00000042796,ENSCJAG00000056527
ENSMUSG00000039771,ENSCJAG00000016203
ENSMUSG00000038170,ENSCJAG00000019954
ENSMUSG00000045392,ENSCJAG00000056527
ENSMUSG00000031441,ENSCJAG00000006683
ENSMUSG00000057191,ENSCJAG00000006309
ENSMUSG00000034209,ENSCJAG00000019974
ENSMUSG00000020088,ENSCJAG00000023301
ENSMUSG00000020088,ENSCJAG00000042744
ENSMUSG00000028640,ENSCJAG00000011343
ENSMUSG00000020614,ENSCJAG00000000202
ENSMUSG00000029703,ENSCJAG00000016191
ENSMUSG00000056880,ENSCJAG00000004395
ENSMUSG00000065299,ENSCJAG00000080135
ENSMUSG00000084593,ENSCJAG00000033031
ENSMUSG00000084593,ENSCJAG00000075454
ENSMUSG00000084593,ENSCJAG00000075467
ENSMUSG00000084593,ENSCJAG00000074201
ENSMUSG00000084593,ENSCJAG00000078704
ENSMUSG00000084593,ENSCJAG00000086506
ENSMUSG00000084593,ENSCJAG00000071668
ENSMUSG00000084593,ENSCJAG00000029588
ENSMUSG00000084593,ENSCJAG00000081154
ENSMUSG00000063800,ENSCJAG00000021594
ENSMUSG00000058806,ENSCJAG00000016435
ENSMUSG00000076548,ENSCJAG00000059289
ENSMUSG00000076549,ENSCJAG00000059289
ENSMUSG00000009079,ENSCJAG00000019987
ENSMUSG00000028587,ENSCJAG00000021595
ENSMUSG00000038203,ENSCJAG00000008192
ENSMUSG00000056215,ENSCJAG00000012164
ENSMUSG00000027357,ENSCJAG00000021302
ENSMUSG00000039754,ENSCJAG00000048420
ENSMUSG00000006576,ENSCJAG00000011943
ENSMUSG00000064622,ENSCJAG00000027160
ENSMUSG00000064622,ENSCJAG00000027262
ENSMUSG00000055069,ENSCJAG00000010058
ENSMUSG00000032030,ENSCJAG00000010059
ENSMUSG00000039747,ENSCJAG00000016180
ENSMUSG00000028582,ENSCJAG00000021596
ENSMUSG00000005649,ENSCJAG00000008133
ENSMUSG00000039737,ENSCJAG00000042036
ENSMUSG00000034275,ENSCJAG00000019608
ENSMUSG00000018999,ENSCJAG00000012197
ENSMUSG00000075200,ENSCJAG00000009145
ENSMUSG00000005057,ENSCJAG00000016164
ENSMUSG00000025475,ENSCJAG00000080822
ENSMUSG00000075198,ENSCJAG00000061562
ENSMUSG00000075198,ENSCJAG00000074379
ENSMUSG00000043110,ENSCJAG00000076718
ENSMUSG00000075197,ENSCJAG00000009152
ENSMUSG00000031991,ENSCJAG00000001012
ENSMUSG00000075196,ENSCJAG00000079496
ENSMUSG00000047751,ENSCJAG00000060059
ENSMUSG00000047751,ENSCJAG00000005071
ENSMUSG00000065502,ENSCJAG00000028724
ENSMUSG00000029705,ENSCJAG00000016076
ENSMUSG00000041670,ENSCJAG00000009737
ENSMUSG00000034557,ENSCJAG00000021597
ENSMUSG00000027356,ENSCJAG00000021304
ENSMUSG00000032310,ENSCJAG00000017716
ENSMUSG00000001642,ENSCJAG00000023399
ENSMUSG00000001642,ENSCJAG00000008906
ENSMUSG00000001642,ENSCJAG00000084240
ENSMUSG00000001642,ENSCJAG00000012231
ENSMUSG00000032315,ENSCJAG00000017698
ENSMUSG00000074127,ENSCJAG00000016827
ENSMUSG00000020083,ENSCJAG00000073180
ENSMUSG00000027879,ENSCJAG00000043279
ENSMUSG00000075190,ENSCJAG00000079496
ENSMUSG00000065050,ENSCJAG00000072250
ENSMUSG00000049093,ENSCJAG00000017407
ENSMUSG00000098578,ENSCJAG00000031230
ENSMUSG00000028568,ENSCJAG00000023403
ENSMUSG00000038957,ENSCJAG00000017681
ENSMUSG00000035785,ENSCJAG00000016827
ENSMUSG00000046818,ENSCJAG00000014949
ENSMUSG00000046818,ENSCJAG00000059532
ENSMUSG00000027358,ENSCJAG00000056600
ENSMUSG00000031875,ENSCJAG00000043772
ENSMUSG00000051397,ENSCJAG00000016017
ENSMUSG00000044312,ENSCJAG00000016485
ENSMUSG00000076501,ENSCJAG00000041158
ENSMUSG00000076501,ENSCJAG00000045663
ENSMUSG00000076501,ENSCJAG00000061975
ENSMUSG00000065012,ENSCJAG00000078171
ENSMUSG00000000278,ENSCJAG00000013972
ENSMUSG00000037031,ENSCJAG00000016486
ENSMUSG00000037031,ENSCJAG00000054890
ENSMUSG00000119228,ENSCJAG00000079819
ENSMUSG00000075186,ENSCJAG00000079496
ENSMUSG00000096336,ENSCJAG00000013875
ENSMUSG00000027261,ENSCJAG00000021311
ENSMUSG00000032316,ENSCJAG00000017624
ENSMUSG00000030330,ENSCJAG00000008004
ENSMUSG00000028567,ENSCJAG00000039897
ENSMUSG00000020081,ENSCJAG00000048453
ENSMUSG00000034723,ENSCJAG00000021316
ENSMUSG00000033983,ENSCJAG00000013960
ENSMUSG00000037012,ENSCJAG00000016503
ENSMUSG00000003411,ENSCJAG00000021580
ENSMUSG00000096188,ENSCJAG00000016863
ENSMUSG00000035770,ENSCJAG00000016771
ENSMUSG00000034175,ENSCJAG00000020040
ENSMUSG00002076737,ENSCJAG00000066465
ENSMUSG00000119828,ENSCJAG00000069922
ENSMUSG00000119828,ENSCJAG00000087085
ENSMUSG00000053510,ENSCJAG00000021578
ENSMUSG00000090268,ENSCJAG00000045260
ENSMUSG00000110804,ENSCJAG00000079496
ENSMUSG00000075176,ENSCJAG00000079496
ENSMUSG00000075175,ENSCJAG00000036203
ENSMUSG00000068877,ENSCJAG00000007509
ENSMUSG00000075174,ENSCJAG00000079496
ENSMUSG00000111711,ENSCJAG00000079496
ENSMUSG00000075172,ENSCJAG00000079496
ENSMUSG00000072770,ENSCJAG00000008090
ENSMUSG00000047969,ENSCJAG00000009165
ENSMUSG00000047969,ENSCJAG00000009167
ENSMUSG00000078420,ENSCJAG00000036203
ENSMUSG00000044213,ENSCJAG00000009165
ENSMUSG00000044213,ENSCJAG00000009167
ENSMUSG00000025993,ENSCJAG00000003266
ENSMUSG00000025993,ENSCJAG00000005498
ENSMUSG00000075171,ENSCJAG00000036203
ENSMUSG00000086338,ENSCJAG00000086600
ENSMUSG00000086338,ENSCJAG00000084378
ENSMUSG00000075170,ENSCJAG00000086600
ENSMUSG00000075170,ENSCJAG00000084378
ENSMUSG00000075169,ENSCJAG00000086600
ENSMUSG00000075169,ENSCJAG00000084378
ENSMUSG00000075168,ENSCJAG00000086600
ENSMUSG00000075168,ENSCJAG00000084378
ENSMUSG00000070875,ENSCJAG00000086600
ENSMUSG00000070875,ENSCJAG00000084378
ENSMUSG00000075167,ENSCJAG00000036203
ENSMUSG00000049843,ENSCJAG00000009165
ENSMUSG00000049843,ENSCJAG00000009167
ENSMUSG00000052616,ENSCJAG00000016748
ENSMUSG00000032606,ENSCJAG00000003992
ENSMUSG00000075166,ENSCJAG00000009173
ENSMUSG00000067714,ENSCJAG00000083060
ENSMUSG00000075165,ENSCJAG00000022689
ENSMUSG00000075164,ENSCJAG00000034320
ENSMUSG00000062345,ENSCJAG00000006860
ENSMUSG00000032607,ENSCJAG00000003962
ENSMUSG00000075158,ENSCJAG00000074163
ENSMUSG00000079299,ENSCJAG00000011120
ENSMUSG00000079299,ENSCJAG00000081130
ENSMUSG00000051177,ENSCJAG00000021317
ENSMUSG00000000275,ENSCJAG00000075265
ENSMUSG00000060985,ENSCJAG00000008098
ENSMUSG00000039461,ENSCJAG00000070394
ENSMUSG00000030361,ENSCJAG00000011120
ENSMUSG00000030361,ENSCJAG00000081130
ENSMUSG00000007815,ENSCJAG00000086138
ENSMUSG00000007815,ENSCJAG00000062741
ENSMUSG00000007815,ENSCJAG00000013657
ENSMUSG00000077633,ENSCJAG00000042589
ENSMUSG00000077633,ENSCJAG00000086640
ENSMUSG00000031878,ENSCJAG00000016658
ENSMUSG00000025474,ENSCJAG00000005082
ENSMUSG00000000276,ENSCJAG00000013909
ENSMUSG00000063856,ENSCJAG00000063859
ENSMUSG00000063856,ENSCJAG00000070831
ENSMUSG00000063856,ENSCJAG00000022999
ENSMUSG00000063856,ENSCJAG00000073628
ENSMUSG00000063856,ENSCJAG00000031398
ENSMUSG00000032612,ENSCJAG00000003788
ENSMUSG00000046733,ENSCJAG00000021631
ENSMUSG00000026602,ENSCJAG00000008137
ENSMUSG00000030205,ENSCJAG00000021630
ENSMUSG00000005779,ENSCJAG00000074292
ENSMUSG00000034164,ENSCJAG00000020041
ENSMUSG00000076444,ENSCJAG00000028467
ENSMUSG00000029656,ENSCJAG00000015932
ENSMUSG00000042770,ENSCJAG00000021628
ENSMUSG00000068874,ENSCJAG00000007509
ENSMUSG00000026601,ENSCJAG00000008147
ENSMUSG00000030207,ENSCJAG00000021626
ENSMUSG00000025470,ENSCJAG00000042396
ENSMUSG00000035031,ENSCJAG00000015926
ENSMUSG00000005774,ENSCJAG00000063255
ENSMUSG00000031883,ENSCJAG00000041008
ENSMUSG00000025468,ENSCJAG00000005192
ENSMUSG00000078193,ENSCJAG00000006724
ENSMUSG00000026600,ENSCJAG00000008194
ENSMUSG00000078612,ENSCJAG00000015907
ENSMUSG00000025467,ENSCJAG00000005205
ENSMUSG00000048371,ENSCJAG00000016637
ENSMUSG00000072553,ENSCJAG00000037887
ENSMUSG00000031881,ENSCJAG00000016616
ENSMUSG00000025466,ENSCJAG00000005221
ENSMUSG00000020080,ENSCJAG00000012961
ENSMUSG00000048616,ENSCJAG00000013903
ENSMUSG00000020827,ENSCJAG00000011830
ENSMUSG00000028518,ENSCJAG00000015889
ENSMUSG00000032611,ENSCJAG00000003785
ENSMUSG00000028497,ENSCJAG00000008870
ENSMUSG00000030208,ENSCJAG00000065122
ENSMUSG00000047220,ENSCJAG00000003765
ENSMUSG00000020079,ENSCJAG00000012937
ENSMUSG00000050641,ENSCJAG00000038262
ENSMUSG00000032609,ENSCJAG00000003745
ENSMUSG00000065255,ENSCJAG00000026487
ENSMUSG00000025995,ENSCJAG00000005427
ENSMUSG00000025465,ENSCJAG00000005233
ENSMUSG00000025839,ENSCJAG00000013747
ENSMUSG00000030325,ENSCJAG00000011120
ENSMUSG00000030325,ENSCJAG00000081130
ENSMUSG00000025838,ENSCJAG00000013747
ENSMUSG00000038861,ENSCJAG00000007455
ENSMUSG00000020078,ENSCJAG00000012907
ENSMUSG00000096011,ENSCJAG00000082610
ENSMUSG00000096011,ENSCJAG00000073023
ENSMUSG00000096011,ENSCJAG00000083249
ENSMUSG00000095896,ENSCJAG00000082610
ENSMUSG00000095896,ENSCJAG00000073023
ENSMUSG00000095896,ENSCJAG00000083249
ENSMUSG00000025464,ENSCJAG00000005249
ENSMUSG00000095270,ENSCJAG00000082610
ENSMUSG00000095270,ENSCJAG00000073023
ENSMUSG00000095270,ENSCJAG00000083249
ENSMUSG00000073811,ENSCJAG00000082610
ENSMUSG00000073811,ENSCJAG00000073023
ENSMUSG00000073811,ENSCJAG00000083249
ENSMUSG00000038330,ENSCJAG00000013747
ENSMUSG00000049305,ENSCJAG00000003741
ENSMUSG00000052911,ENSCJAG00000003674
ENSMUSG00000079298,ENSCJAG00000011120
ENSMUSG00000079298,ENSCJAG00000081130
ENSMUSG00000068818,ENSCJAG00000022691
ENSMUSG00000031880,ENSCJAG00000016611
ENSMUSG00000063376,ENSCJAG00000082610
ENSMUSG00000063376,ENSCJAG00000073023
ENSMUSG00000063376,ENSCJAG00000083249
ENSMUSG00000078355,ENSCJAG00000082610
ENSMUSG00000078355,ENSCJAG00000073023
ENSMUSG00000078355,ENSCJAG00000083249
ENSMUSG00000078354,ENSCJAG00000082610
ENSMUSG00000078354,ENSCJAG00000073023
ENSMUSG00000078354,ENSCJAG00000083249
ENSMUSG00000020077,ENSCJAG00000038711
ENSMUSG00000100079,ENSCJAG00000082610
ENSMUSG00000100079,ENSCJAG00000073023
ENSMUSG00000100079,ENSCJAG00000083249
ENSMUSG00000070923,ENSCJAG00000022401
ENSMUSG00000031879,ENSCJAG00000016595
ENSMUSG00000020307,ENSCJAG00000012867
ENSMUSG00000100713,ENSCJAG00000082610
ENSMUSG00000100713,ENSCJAG00000073023
ENSMUSG00000100713,ENSCJAG00000083249
ENSMUSG00000057378,ENSCJAG00000035611
ENSMUSG00000100549,ENSCJAG00000082610
ENSMUSG00000100549,ENSCJAG00000073023
ENSMUSG00000100549,ENSCJAG00000083249
ENSMUSG00000075598,ENSCJAG00000078235
ENSMUSG00000075598,ENSCJAG00000071689
ENSMUSG00000075598,ENSCJAG00000076576
ENSMUSG00000075598,ENSCJAG00000084010
ENSMUSG00000075598,ENSCJAG00000070665
ENSMUSG00000075598,ENSCJAG00000075712
ENSMUSG00000075598,ENSCJAG00000078947
ENSMUSG00000075598,ENSCJAG00000077015
ENSMUSG00000075598,ENSCJAG00000083764
ENSMUSG00000075598,ENSCJAG00000082871
ENSMUSG00000075598,ENSCJAG00000070049
ENSMUSG00000101252,ENSCJAG00000082610
ENSMUSG00000101252,ENSCJAG00000073023
ENSMUSG00000101252,ENSCJAG00000083249
ENSMUSG00000096682,ENSCJAG00000082610
ENSMUSG00000096682,ENSCJAG00000073023
ENSMUSG00000096682,ENSCJAG00000083249
ENSMUSG00000045733,ENSCJAG00000074994
ENSMUSG00000070904,ENSCJAG00000082610
ENSMUSG00000070904,ENSCJAG00000073023
ENSMUSG00000070904,ENSCJAG00000083249
ENSMUSG00000036968,ENSCJAG00000015497
ENSMUSG00000095498,ENSCJAG00000082610
ENSMUSG00000095498,ENSCJAG00000073023
ENSMUSG00000095498,ENSCJAG00000083249
ENSMUSG00000065408,ENSCJAG00000029903
ENSMUSG00000070980,ENSCJAG00000047256
ENSMUSG00000115958,ENSCJAG00000016902
ENSMUSG00000070979,ENSCJAG00000086076
ENSMUSG00000070979,ENSCJAG00000071222
ENSMUSG00000032604,ENSCJAG00000003457
ENSMUSG00000028431,ENSCJAG00000016966
ENSMUSG00000028431,ENSCJAG00000077244
ENSMUSG00000049285,ENSCJAG00000015496
ENSMUSG00000066129,ENSCJAG00000012312
ENSMUSG00000055730,ENSCJAG00000038169
ENSMUSG00000084469,ENSCJAG00000042467
ENSMUSG00000084469,ENSCJAG00000040961
ENSMUSG00000084469,ENSCJAG00000029898
ENSMUSG00000084469,ENSCJAG00000044859
ENSMUSG00000084469,ENSCJAG00000029126
ENSMUSG00000070645,ENSCJAG00000016857
ENSMUSG00000020331,ENSCJAG00000044532
ENSMUSG00000035781,ENSCJAG00000020114
ENSMUSG00000050552,ENSCJAG00000015475
ENSMUSG00000070644,ENSCJAG00000016828
ENSMUSG00000034917,ENSCJAG00000014958
ENSMUSG00000036948,ENSCJAG00000015483
ENSMUSG00000047720,ENSCJAG00000021663
ENSMUSG00000019338,ENSCJAG00000033395
ENSMUSG00000053063,ENSCJAG00000021678
ENSMUSG00000070643,ENSCJAG00000016794
ENSMUSG00000030158,ENSCJAG00000033688
ENSMUSG00000050097,ENSCJAG00000038169
ENSMUSG00000005625,ENSCJAG00000007357
ENSMUSG00000024340,ENSCJAG00000001722
ENSMUSG00000075593,ENSCJAG00000040305
ENSMUSG00000078566,ENSCJAG00000000228
ENSMUSG00000026226,ENSCJAG00000070672
ENSMUSG00000030159,ENSCJAG00000021680
ENSMUSG00000061825,ENSCJAG00000038169
ENSMUSG00000029510,ENSCJAG00000015439
ENSMUSG00000025478,ENSCJAG00000017679
ENSMUSG00000038827,ENSCJAG00000038185
ENSMUSG00000046080,ENSCJAG00000021677
ENSMUSG00000031886,ENSCJAG00000038169
ENSMUSG00000034902,ENSCJAG00000014951
ENSMUSG00000024457,ENSCJAG00000047960
ENSMUSG00000038816,ENSCJAG00000017065
ENSMUSG00000026227,ENSCJAG00000041411
ENSMUSG00000036928,ENSCJAG00000015392
ENSMUSG00000026229,ENSCJAG00000013379
ENSMUSG00000062826,ENSCJAG00000038169
ENSMUSG00000033082,ENSCJAG00000021674
ENSMUSG00000028126,ENSCJAG00000007344
ENSMUSG00000079293,ENSCJAG00000021673
ENSMUSG00000015981,ENSCJAG00000080199
ENSMUSG00000037458,ENSCJAG00000016087
ENSMUSG00000031877,ENSCJAG00000038169
ENSMUSG00000035521,ENSCJAG00000013166
ENSMUSG00000065544,ENSCJAG00000024334
ENSMUSG00000094065,ENSCJAG00000008940
ENSMUSG00000089997,ENSCJAG00000017479
ENSMUSG00000078747,ENSCJAG00000061694
ENSMUSG00000026228,ENSCJAG00000013503
ENSMUSG00000068263,ENSCJAG00000017469
ENSMUSG00000062590,ENSCJAG00000037919
ENSMUSG00000024112,ENSCJAG00000013323
ENSMUSG00000078746,ENSCJAG00000081837
ENSMUSG00000078746,ENSCJAG00000044079
ENSMUSG00000015980,ENSCJAG00000082205
ENSMUSG00000030054,ENSCJAG00000017461
ENSMUSG00000065737,ENSCJAG00000077101
ENSMUSG00000073878,ENSCJAG00000008940
ENSMUSG00000030055,ENSCJAG00000035984
ENSMUSG00000095294,ENSCJAG00000073997
ENSMUSG00000073877,ENSCJAG00000008928
ENSMUSG00000073876,ENSCJAG00000046015
ENSMUSG00000071165,ENSCJAG00000066238
ENSMUSG00000030056,ENSCJAG00000017419
ENSMUSG00000079120,ENSCJAG00000059647
ENSMUSG00000079120,ENSCJAG00000003891
ENSMUSG00000079120,ENSCJAG00000055991
ENSMUSG00000079120,ENSCJAG00000003884
ENSMUSG00000079120,ENSCJAG00000042440
ENSMUSG00000079120,ENSCJAG00000003882
ENSMUSG00000079120,ENSCJAG00000051525
ENSMUSG00000074447,ENSCJAG00000059647
ENSMUSG00000074447,ENSCJAG00000003891
ENSMUSG00000074447,ENSCJAG00000055991
ENSMUSG00000074447,ENSCJAG00000003884
ENSMUSG00000074447,ENSCJAG00000042440
ENSMUSG00000074447,ENSCJAG00000003882
ENSMUSG00000074447,ENSCJAG00000051525
ENSMUSG00000074446,ENSCJAG00000059647
ENSMUSG00000074446,ENSCJAG00000003891
ENSMUSG00000074446,ENSCJAG00000055991
ENSMUSG00000074446,ENSCJAG00000003884
ENSMUSG00000074446,ENSCJAG00000042440
ENSMUSG00000074446,ENSCJAG00000003882
ENSMUSG00000074446,ENSCJAG00000051525
ENSMUSG00000060260,ENSCJAG00000014907
ENSMUSG00000061845,ENSCJAG00000059647
ENSMUSG00000061845,ENSCJAG00000003891
ENSMUSG00000061845,ENSCJAG00000055991
ENSMUSG00000061845,ENSCJAG00000003884
ENSMUSG00000061845,ENSCJAG00000042440
ENSMUSG00000061845,ENSCJAG00000003882
ENSMUSG00000061845,ENSCJAG00000051525
ENSMUSG00000037437,ENSCJAG00000002251
ENSMUSG00000068105,ENSCJAG00000002372
ENSMUSG00000056856,ENSCJAG00000000231
ENSMUSG00000068101,ENSCJAG00000002359
ENSMUSG00000028575,ENSCJAG00000018426
ENSMUSG00000038902,ENSCJAG00000007565
ENSMUSG00000030058,ENSCJAG00000017327
ENSMUSG00000033961,ENSCJAG00000000273
ENSMUSG00000062627,ENSCJAG00000016020
ENSMUSG00000034889,ENSCJAG00000014929
ENSMUSG00000025854,ENSCJAG00000048288
ENSMUSG00000068099,ENSCJAG00000044184
ENSMUSG00000022456,ENSCJAG00000043636
ENSMUSG00002076653,ENSCJAG00000085975
ENSMUSG00002076653,ENSCJAG00000042392
ENSMUSG00000039470,ENSCJAG00000011824
ENSMUSG00000034881,ENSCJAG00000014921
ENSMUSG00000030382,ENSCJAG00000000268
ENSMUSG00000034872,ENSCJAG00000014904
ENSMUSG00000047773,ENSCJAG00000011229
ENSMUSG00000020232,ENSCJAG00000071167
ENSMUSG00000020232,ENSCJAG00000003488
ENSMUSG00000094504,ENSCJAG00000039156
ENSMUSG00000025856,ENSCJAG00000004948
ENSMUSG00000031601,ENSCJAG00000011795
ENSMUSG00000005566,ENSCJAG00000000240
ENSMUSG00000014609,ENSCJAG00000011799
ENSMUSG00000030060,ENSCJAG00000017396
ENSMUSG00000058908,ENSCJAG00000056034
ENSMUSG00000041000,ENSCJAG00000045422
ENSMUSG00000087279,ENSCJAG00000042888
ENSMUSG00000028789,ENSCJAG00000034957
ENSMUSG00000079477,ENSCJAG00000017521
ENSMUSG00000050675,ENSCJAG00000076324
ENSMUSG00000036437,ENSCJAG00000012433
ENSMUSG00000014606,ENSCJAG00000011768
ENSMUSG00000014907,ENSCJAG00000012406
ENSMUSG00000025855,ENSCJAG00000034617
ENSMUSG00000022455,ENSCJAG00000002344
ENSMUSG00000023084,ENSCJAG00000006379
ENSMUSG00000022453,ENSCJAG00000002338
ENSMUSG00000006673,ENSCJAG00000003440
ENSMUSG00000025588,ENSCJAG00000003066
ENSMUSG00000051147,ENSCJAG00000003066
ENSMUSG00000024175,ENSCJAG00000018908
ENSMUSG00000056426,ENSCJAG00000003066
ENSMUSG00000030465,ENSCJAG00000040768
ENSMUSG00000040746,ENSCJAG00000011735
ENSMUSG00000033916,ENSCJAG00000000234
ENSMUSG00000050824,ENSCJAG00000002659
ENSMUSG00000028792,ENSCJAG00000001105
ENSMUSG00000028792,ENSCJAG00000005491
ENSMUSG00000028072,ENSCJAG00000006249
ENSMUSG00000079445,ENSCJAG00000013533
ENSMUSG00000015126,ENSCJAG00000013185
ENSMUSG00000048814,ENSCJAG00000010105
ENSMUSG00000047507,ENSCJAG00000013194
ENSMUSG00000034854,ENSCJAG00000014897
ENSMUSG00000005575,ENSCJAG00000000223
ENSMUSG00000028071,ENSCJAG00000006232
ENSMUSG00000025857,ENSCJAG00000001527
ENSMUSG00000025857,ENSCJAG00000035362
ENSMUSG00000062867,ENSCJAG00000003400
ENSMUSG00000026080,ENSCJAG00000066367
ENSMUSG00000049687,ENSCJAG00000002334
ENSMUSG00000020234,ENSCJAG00000014896
ENSMUSG00000030062,ENSCJAG00000017529
ENSMUSG00000028793,ENSCJAG00000001085
ENSMUSG00000022452,ENSCJAG00000002333
ENSMUSG00000060600,ENSCJAG00000039030
ENSMUSG00000020235,ENSCJAG00000014877
ENSMUSG00000015120,ENSCJAG00000043035
ENSMUSG00000004895,ENSCJAG00000006211
ENSMUSG00000030380,ENSCJAG00000066175
ENSMUSG00000022450,ENSCJAG00000074627
ENSMUSG00000044927,ENSCJAG00000039596
ENSMUSG00000067604,ENSCJAG00000010158
ENSMUSG00000030310,ENSCJAG00000016551
ENSMUSG00000019710,ENSCJAG00000006151
ENSMUSG00000070283,ENSCJAG00000003387
ENSMUSG00000036817,ENSCJAG00000015835
ENSMUSG00000061740,ENSCJAG00000037046
ENSMUSG00000061740,ENSCJAG00000002321
ENSMUSG00000016181,ENSCJAG00000015049
ENSMUSG00002076293,ENSCJAG00000037060
ENSMUSG00000065579,ENSCJAG00000027646
ENSMUSG00000019039,ENSCJAG00000003370
ENSMUSG00000028786,ENSCJAG00000001079
ENSMUSG00000070814,ENSCJAG00000071055
ENSMUSG00000070814,ENSCJAG00000076045
ENSMUSG00000004896,ENSCJAG00000006132
ENSMUSG00000068085,ENSCJAG00000037046
ENSMUSG00000068085,ENSCJAG00000002321
ENSMUSG00000094806,ENSCJAG00000037046
ENSMUSG00000094806,ENSCJAG00000002321
ENSMUSG00000056394,ENSCJAG00000000504
ENSMUSG00000037318,ENSCJAG00000014957
ENSMUSG00000018287,ENSCJAG00000011659
ENSMUSG00000031555,ENSCJAG00000002262
ENSMUSG00000028785,ENSCJAG00000006560
ENSMUSG00000066357,ENSCJAG00000003354
ENSMUSG00000078440,ENSCJAG00000014871
ENSMUSG00000031556,ENSCJAG00000043754
ENSMUSG00000048039,ENSCJAG00000006126
ENSMUSG00000006675,ENSCJAG00000003342
ENSMUSG00000037406,ENSCJAG00000002329
ENSMUSG00000004885,ENSCJAG00000083721
ENSMUSG00000020623,ENSCJAG00000000122
ENSMUSG00000004891,ENSCJAG00000006103
ENSMUSG00000068086,ENSCJAG00000037046
ENSMUSG00000068086,ENSCJAG00000002321
ENSMUSG00000001334,ENSCJAG00000055137
ENSMUSG00000114004,ENSCJAG00000039325
ENSMUSG00000078439,ENSCJAG00000069968
ENSMUSG00000004892,ENSCJAG00000006078
ENSMUSG00000031557,ENSCJAG00000002336
ENSMUSG00000040928,ENSCJAG00000001064
ENSMUSG00000064145,ENSCJAG00000003305
ENSMUSG00000068816,ENSCJAG00000022690
ENSMUSG00000004894,ENSCJAG00000006071
ENSMUSG00000047039,ENSCJAG00000022691
ENSMUSG00000065034,ENSCJAG00000080877
ENSMUSG00000004897,ENSCJAG00000006157
ENSMUSG00000049168,ENSCJAG00000021988
ENSMUSG00000051497,ENSCJAG00000023169
ENSMUSG00000050439,ENSCJAG00000002696
ENSMUSG00000056197,ENSCJAG00000018970
ENSMUSG00000027932,ENSCJAG00000010147
ENSMUSG00000034968,ENSCJAG00000039349
ENSMUSG00002076687,ENSCJAG00000052784
ENSMUSG00002076687,ENSCJAG00000057809
ENSMUSG00000038279,ENSCJAG00000008179
ENSMUSG00000023150,ENSCJAG00000005584
ENSMUSG00000042351,ENSCJAG00000056000
ENSMUSG00000075145,ENSCJAG00000009179
ENSMUSG00000041695,ENSCJAG00000000121
ENSMUSG00000093660,ENSCJAG00000072250
ENSMUSG00000075144,ENSCJAG00000087379
ENSMUSG00000075144,ENSCJAG00000075502
ENSMUSG00000065954,ENSCJAG00000002356
ENSMUSG00000075143,ENSCJAG00000087379
ENSMUSG00000075143,ENSCJAG00000075502
ENSMUSG00000075142,ENSCJAG00000044664
ENSMUSG00000000567,ENSCJAG00000087023
ENSMUSG00000039943,ENSCJAG00000021323
ENSMUSG00000032602,ENSCJAG00000003285
ENSMUSG00000038271,ENSCJAG00000037676
ENSMUSG00000056158,ENSCJAG00000011392
ENSMUSG00000022408,ENSCJAG00000002721
ENSMUSG00000078799,ENSCJAG00000005269
ENSMUSG00000006676,ENSCJAG00000003571
ENSMUSG00000027933,ENSCJAG00000010155
ENSMUSG00000062116,ENSCJAG00000041216
ENSMUSG00000058914,ENSCJAG00000048210
ENSMUSG00000063535,ENSCJAG00000041216
ENSMUSG00000028811,ENSCJAG00000001037
ENSMUSG00000119015,ENSCJAG00000072407
ENSMUSG00000119015,ENSCJAG00000076009
ENSMUSG00000022244,ENSCJAG00000043981
ENSMUSG00000041654,ENSCJAG00000019941
ENSMUSG00000041420,ENSCJAG00000011475
ENSMUSG00000022243,ENSCJAG00000018622
ENSMUSG00000047497,ENSCJAG00000018638
ENSMUSG00000050390,ENSCJAG00000001035
ENSMUSG00000057666,ENSCJAG00000044469
ENSMUSG00000057666,ENSCJAG00000065510
ENSMUSG00000057666,ENSCJAG00000071766
ENSMUSG00000057666,ENSCJAG00000046997
ENSMUSG00000057666,ENSCJAG00000044576
ENSMUSG00000057666,ENSCJAG00000023377
ENSMUSG00000057666,ENSCJAG00000008234
ENSMUSG00000057666,ENSCJAG00000021040
ENSMUSG00000034818,ENSCJAG00000039430
ENSMUSG00000011306,ENSCJAG00000005755
ENSMUSG00000038252,ENSCJAG00000007561
ENSMUSG00000036151,ENSCJAG00000039656
ENSMUSG00000022241,ENSCJAG00000018663
ENSMUSG00000001333,ENSCJAG00000001030
ENSMUSG00000033825,ENSCJAG00000013282
ENSMUSG00000057236,ENSCJAG00000001021
ENSMUSG00000007594,ENSCJAG00000073329
ENSMUSG00000052748,ENSCJAG00000005544
ENSMUSG00000002341,ENSCJAG00000008512
ENSMUSG00000040712,ENSCJAG00000011609
ENSMUSG00000059895,ENSCJAG00000071027
ENSMUSG00000006019,ENSCJAG00000011504
ENSMUSG00000057572,ENSCJAG00000046897
ENSMUSG00000033200,ENSCJAG00000013318
ENSMUSG00000027931,ENSCJAG00000010210
ENSMUSG00000036120,ENSCJAG00000019775
ENSMUSG00000027270,ENSCJAG00000021338
ENSMUSG00000040888,ENSCJAG00000045500
ENSMUSG00000039913,ENSCJAG00000021343
ENSMUSG00000028807,ENSCJAG00000001003
ENSMUSG00000053286,ENSCJAG00000005456
ENSMUSG00000028214,ENSCJAG00000000088
ENSMUSG00000019528,ENSCJAG00000060296
ENSMUSG00000028217,ENSCJAG00000000090
ENSMUSG00000071078,ENSCJAG00000019782
ENSMUSG00000074771,ENSCJAG00000021349
ENSMUSG00000074361,ENSCJAG00000011534
ENSMUSG00000049130,ENSCJAG00000073054
ENSMUSG00000002345,ENSCJAG00000046526
ENSMUSG00000091811,ENSCJAG00000074475
ENSMUSG00000041375,ENSCJAG00000011548
ENSMUSG00000001865,ENSCJAG00000001501
ENSMUSG00000034792,ENSCJAG00000040313
ENSMUSG00000079033,ENSCJAG00000019767
ENSMUSG00000089617,ENSCJAG00000024163
ENSMUSG00000030335,ENSCJAG00000065290
ENSMUSG00000030335,ENSCJAG00000084549
ENSMUSG00000046667,ENSCJAG00000000124
ENSMUSG00000011463,ENSCJAG00000001510
ENSMUSG00000034781,ENSCJAG00000016160
ENSMUSG00000030337,ENSCJAG00000044254
ENSMUSG00000028218,ENSCJAG00000000126
ENSMUSG00000026484,ENSCJAG00000005442
ENSMUSG00000026484,ENSCJAG00000059284
ENSMUSG00000054452,ENSCJAG00000016149
ENSMUSG00000054988,ENSCJAG00000001517
ENSMUSG00000037610,ENSCJAG00000070092
ENSMUSG00000027273,ENSCJAG00000046312
ENSMUSG00000042474,ENSCJAG00000018496
ENSMUSG00000038213,ENSCJAG00000000722
ENSMUSG00000030336,ENSCJAG00000000719
ENSMUSG00000027663,ENSCJAG00000013399
ENSMUSG00000020032,ENSCJAG00000080048
ENSMUSG00000025439,ENSCJAG00000014927
ENSMUSG00000028760,ENSCJAG00000006258
ENSMUSG00000026420,ENSCJAG00000018510
ENSMUSG00000027665,ENSCJAG00000013294
ENSMUSG00000046841,ENSCJAG00000065358
ENSMUSG00000034730,ENSCJAG00000010346
ENSMUSG00000034673,ENSCJAG00000001886
ENSMUSG00000067702,ENSCJAG00000066131
ENSMUSG00000067702,ENSCJAG00000070363
ENSMUSG00000020034,ENSCJAG00000014977
ENSMUSG00000034829,ENSCJAG00000013780
ENSMUSG00000026416,ENSCJAG00000018515
ENSMUSG00000031654,ENSCJAG00000012660
ENSMUSG00000030339,ENSCJAG00000000706
ENSMUSG00000027274,ENSCJAG00000021355
ENSMUSG00000069971,ENSCJAG00000012672
ENSMUSG00000016524,ENSCJAG00000018527
ENSMUSG00000042797,ENSCJAG00000014939
ENSMUSG00000034453,ENSCJAG00000014985
ENSMUSG00000056973,ENSCJAG00000038677
ENSMUSG00000056973,ENSCJAG00000076318
ENSMUSG00000030340,ENSCJAG00000000689
ENSMUSG00000030666,ENSCJAG00000072821
ENSMUSG00000026930,ENSCJAG00000010741
ENSMUSG00000025968,ENSCJAG00000005725
ENSMUSG00000034837,ENSCJAG00000004870
ENSMUSG00000048782,ENSCJAG00000009705
ENSMUSG00000025858,ENSCJAG00000044392
ENSMUSG00000015452,ENSCJAG00000001904
ENSMUSG00000019888,ENSCJAG00000067772
ENSMUSG00000091091,ENSCJAG00000069983
ENSMUSG00000027667,ENSCJAG00000013246
ENSMUSG00000073805,ENSCJAG00000014231
ENSMUSG00000070837,ENSCJAG00000000023
ENSMUSG00000010064,ENSCJAG00000004893
ENSMUSG00000030341,ENSCJAG00000000674
ENSMUSG00000056413,ENSCJAG00000015811
ENSMUSG00000027668,ENSCJAG00000013155
ENSMUSG00000063229,ENSCJAG00000071834
ENSMUSG00000063229,ENSCJAG00000070259
ENSMUSG00000063229,ENSCJAG00000070038
ENSMUSG00000063229,ENSCJAG00000082070
ENSMUSG00000063229,ENSCJAG00000069794
ENSMUSG00000063229,ENSCJAG00000042060
ENSMUSG00000063229,ENSCJAG00000073048
ENSMUSG00000063229,ENSCJAG00000082055
ENSMUSG00000057074,ENSCJAG00000038677
ENSMUSG00000057074,ENSCJAG00000076318
ENSMUSG00000038167,ENSCJAG00000000666
ENSMUSG00000019890,ENSCJAG00000046622
ENSMUSG00000030342,ENSCJAG00000000659
ENSMUSG00002076025,ENSCJAG00000064766
ENSMUSG00002076025,ENSCJAG00000081373
ENSMUSG00002076025,ENSCJAG00000085620
ENSMUSG00002076025,ENSCJAG00000074668
ENSMUSG00002076025,ENSCJAG00000087032
ENSMUSG00002076025,ENSCJAG00000081523
ENSMUSG00002076025,ENSCJAG00000058853
ENSMUSG00002076025,ENSCJAG00000064528
ENSMUSG00002076025,ENSCJAG00000077419
ENSMUSG00002076025,ENSCJAG00000082623
ENSMUSG00002076025,ENSCJAG00000083841
ENSMUSG00002076025,ENSCJAG00000082851
ENSMUSG00002076025,ENSCJAG00000073166
ENSMUSG00002076025,ENSCJAG00000073491
ENSMUSG00002076025,ENSCJAG00000083630
ENSMUSG00002076025,ENSCJAG00000081708
ENSMUSG00002076025,ENSCJAG00000081895
ENSMUSG00002076025,ENSCJAG00000064517
ENSMUSG00002076025,ENSCJAG00000073957
ENSMUSG00002076025,ENSCJAG00000085963
ENSMUSG00002076025,ENSCJAG00000053899
ENSMUSG00000045438,ENSCJAG00000038117
ENSMUSG00000074156,ENSCJAG00000038677
ENSMUSG00000074156,ENSCJAG00000076318
ENSMUSG00000044921,ENSCJAG00000038441
ENSMUSG00000029541,ENSCJAG00000015785
ENSMUSG00000033963,ENSCJAG00000016380
ENSMUSG00000033940,ENSCJAG00000084754
ENSMUSG00000033940,ENSCJAG00000020769
ENSMUSG00000015478,ENSCJAG00000001948
ENSMUSG00000015478,ENSCJAG00000065200
ENSMUSG00000053553,ENSCJAG00000015780
ENSMUSG00000027669,ENSCJAG00000064977
ENSMUSG00000056952,ENSCJAG00000016416
ENSMUSG00000044042,ENSCJAG00000021067
ENSMUSG00000031907,ENSCJAG00000015605
ENSMUSG00000034254,ENSCJAG00000044488
ENSMUSG00000044197,ENSCJAG00000041662
ENSMUSG00000044350,ENSCJAG00000017549
ENSMUSG00000050994,ENSCJAG00000019454
ENSMUSG00000061048,ENSCJAG00000035631
ENSMUSG00000053647,ENSCJAG00000059063
ENSMUSG00000029993,ENSCJAG00000019156
ENSMUSG00000053581,ENSCJAG00000045357
ENSMUSG00000053581,ENSCJAG00000015776
ENSMUSG00000034795,ENSCJAG00000017551
ENSMUSG00000025967,ENSCJAG00000076219
ENSMUSG00000025967,ENSCJAG00000005805
ENSMUSG00000049098,ENSCJAG00000007890
ENSMUSG00000032566,ENSCJAG00000003160
ENSMUSG00000052584,ENSCJAG00000075831
ENSMUSG00000015467,ENSCJAG00000001969
ENSMUSG00000000303,ENSCJAG00000015504
ENSMUSG00000029546,ENSCJAG00000039117
ENSMUSG00000046150,ENSCJAG00000007890
ENSMUSG00000025757,ENSCJAG00000003450
ENSMUSG00000023186,ENSCJAG00000007804
ENSMUSG00000048988,ENSCJAG00000041161
ENSMUSG00000064612,ENSCJAG00000042603
ENSMUSG00000064602,ENSCJAG00000024801
ENSMUSG00000046856,ENSCJAG00000077852
ENSMUSG00000029554,ENSCJAG00000001463
ENSMUSG00000040865,ENSCJAG00000005682
ENSMUSG00000022602,ENSCJAG00000012137
ENSMUSG00000041949,ENSCJAG00000015482
ENSMUSG00000069670,ENSCJAG00000034582
ENSMUSG00000046380,ENSCJAG00000021476
ENSMUSG00000029992,ENSCJAG00000019141
ENSMUSG00000022598,ENSCJAG00000062378
ENSMUSG00000041592,ENSCJAG00000019883
ENSMUSG00000030851,ENSCJAG00000007081
ENSMUSG00000056665,ENSCJAG00000086915
ENSMUSG00000022596,ENSCJAG00000071762
ENSMUSG00000022595,ENSCJAG00000078107
ENSMUSG00000022594,ENSCJAG00000083056
ENSMUSG00000036639,ENSCJAG00000040569
ENSMUSG00000031910,ENSCJAG00000015469
ENSMUSG00000004207,ENSCJAG00000066969
ENSMUSG00000004207,ENSCJAG00000012992
ENSMUSG00000014402,ENSCJAG00000086769
ENSMUSG00000046691,ENSCJAG00000083401
ENSMUSG00000052759,ENSCJAG00000005252
ENSMUSG00000041642,ENSCJAG00000005270
ENSMUSG00000023033,ENSCJAG00000017798
ENSMUSG00000075467,ENSCJAG00000010789
ENSMUSG00000041438,ENSCJAG00000015411
ENSMUSG00000057322,ENSCJAG00000078061
ENSMUSG00000026928,ENSCJAG00000010809
ENSMUSG00000029557,ENSCJAG00000001457
ENSMUSG00000033420,ENSCJAG00000019111
ENSMUSG00000029560,ENSCJAG00000044423
ENSMUSG00000029560,ENSCJAG00000001454
ENSMUSG00000025758,ENSCJAG00000003403
ENSMUSG00000027281,ENSCJAG00000021356
ENSMUSG00000043262,ENSCJAG00000007006
ENSMUSG00000038112,ENSCJAG00000007804
ENSMUSG00000057054,ENSCJAG00000011599
ENSMUSG00000045246,ENSCJAG00000003994
ENSMUSG00000031839,ENSCJAG00000047707
ENSMUSG00000026177,ENSCJAG00000010901
ENSMUSG00000074064,ENSCJAG00000000633
ENSMUSG00000074063,ENSCJAG00000083606
ENSMUSG00000027276,ENSCJAG00000021357
ENSMUSG00000049516,ENSCJAG00000006985
ENSMUSG00000056076,ENSCJAG00000001442
ENSMUSG00000010307,ENSCJAG00000076554
ENSMUSG00000030854,ENSCJAG00000009164
ENSMUSG00000031837,ENSCJAG00000003789
ENSMUSG00000095390,ENSCJAG00000056966
ENSMUSG00000047352,ENSCJAG00000054577
ENSMUSG00000062098,ENSCJAG00000058374
ENSMUSG00000038775,ENSCJAG00000012715
ENSMUSG00000028759,ENSCJAG00000006390
ENSMUSG00000034224,ENSCJAG00000083199
ENSMUSG00000034224,ENSCJAG00000003812
ENSMUSG00000034714,ENSCJAG00000014989
ENSMUSG00000030050,ENSCJAG00000019108
ENSMUSG00000026882,ENSCJAG00000061240
ENSMUSG00000036599,ENSCJAG00000001423
ENSMUSG00000039092,ENSCJAG00000004560
ENSMUSG00000036586,ENSCJAG00000032441
ENSMUSG00000031835,ENSCJAG00000003829
ENSMUSG00000026175,ENSCJAG00000010950
ENSMUSG00000029570,ENSCJAG00000047518
ENSMUSG00000025759,ENSCJAG00000003382
ENSMUSG00000020821,ENSCJAG00000011553
ENSMUSG00000015476,ENSCJAG00000002001
ENSMUSG00000030049,ENSCJAG00000019101
ENSMUSG00000033739,ENSCJAG00000002003
ENSMUSG00000036565,ENSCJAG00000007257
ENSMUSG00000015461,ENSCJAG00000036009
ENSMUSG00000030022,ENSCJAG00000019487
ENSMUSG00000031077,ENSCJAG00000000932
ENSMUSG00000036281,ENSCJAG00000010725
ENSMUSG00000031075,ENSCJAG00000071717
ENSMUSG00000037818,ENSCJAG00000003356
ENSMUSG00000031827,ENSCJAG00000047974
ENSMUSG00000073650,ENSCJAG00000010885
ENSMUSG00000026435,ENSCJAG00000039853
ENSMUSG00000074491,ENSCJAG00000015545
ENSMUSG00000033327,ENSCJAG00000002050
ENSMUSG00000059149,ENSCJAG00000010903
ENSMUSG00000039985,ENSCJAG00000001215
ENSMUSG00000008892,ENSCJAG00000008002
ENSMUSG00000031565,ENSCJAG00000002394
ENSMUSG00000010660,ENSCJAG00000012734
ENSMUSG00000079421,ENSCJAG00000067069
ENSMUSG00000074619,ENSCJAG00000047554
ENSMUSG00000074619,ENSCJAG00000004287
ENSMUSG00000080536,ENSCJAG00000025097
ENSMUSG00000080536,ENSCJAG00000075963
ENSMUSG00000030313,ENSCJAG00000008072
ENSMUSG00000023087,ENSCJAG00000003158
ENSMUSG00000074766,ENSCJAG00000004583
ENSMUSG00000035778,ENSCJAG00000007103
ENSMUSG00000038060,ENSCJAG00000010226
ENSMUSG00000037174,ENSCJAG00000003174
ENSMUSG00000045349,ENSCJAG00000006422
ENSMUSG00000065664,ENSCJAG00000039876
ENSMUSG00000065664,ENSCJAG00000077018
ENSMUSG00000065664,ENSCJAG00000051641
ENSMUSG00000065198,ENSCJAG00000070798
ENSMUSG00000039958,ENSCJAG00000042849
ENSMUSG00000000148,ENSCJAG00000018772
ENSMUSG00000039033,ENSCJAG00000004599
ENSMUSG00000073418,ENSCJAG00000068335
ENSMUSG00000028758,ENSCJAG00000062539
ENSMUSG00000042115,ENSCJAG00000045079
ENSMUSG00000119290,ENSCJAG00000080801
ENSMUSG00000010651,ENSCJAG00000046068
ENSMUSG00000010651,ENSCJAG00000010212
ENSMUSG00000030031,ENSCJAG00000044815
ENSMUSG00000042066,ENSCJAG00000017230
ENSMUSG00000031074,ENSCJAG00000009730
ENSMUSG00000074028,ENSCJAG00000010167
ENSMUSG00000043602,ENSCJAG00000057438
ENSMUSG00000061838,ENSCJAG00000013610
ENSMUSG00000028757,ENSCJAG00000006450
ENSMUSG00000058729,ENSCJAG00000012743
ENSMUSG00000057135,ENSCJAG00000011513
ENSMUSG00000092212,ENSCJAG00000010167
ENSMUSG00000020817,ENSCJAG00000011449
ENSMUSG00000036737,ENSCJAG00000010173
ENSMUSG00000054054,ENSCJAG00000022631
ENSMUSG00000028756,ENSCJAG00000006493
ENSMUSG00000054498,ENSCJAG00000022632
ENSMUSG00000045624,ENSCJAG00000004640
ENSMUSG00000095440,ENSCJAG00000048512
ENSMUSG00000028755,ENSCJAG00000047229
ENSMUSG00000047034,ENSCJAG00000017870
ENSMUSG00000024365,ENSCJAG00000002074
ENSMUSG00000074764,ENSCJAG00000004701
ENSMUSG00000078235,ENSCJAG00000006519
ENSMUSG00000041241,ENSCJAG00000046628
ENSMUSG00000094426,ENSCJAG00000032827
ENSMUSG00000030051,ENSCJAG00000006460
ENSMUSG00002075779,ENSCJAG00000027033
ENSMUSG00000032508,ENSCJAG00000010193
ENSMUSG00000059031,ENSCJAG00000032827
ENSMUSG00000000530,ENSCJAG00000017879
ENSMUSG00000015451,ENSCJAG00000068335
ENSMUSG00000078118,ENSCJAG00000032827
ENSMUSG00000050022,ENSCJAG00000018761
ENSMUSG00000046447,ENSCJAG00000082136
ENSMUSG00000028367,ENSCJAG00000013460
ENSMUSG00000028367,ENSCJAG00000022968
ENSMUSG00000028367,ENSCJAG00000020378
ENSMUSG00000028367,ENSCJAG00000017321
ENSMUSG00000061207,ENSCJAG00000002228
ENSMUSG00000026927,ENSCJAG00000010838
ENSMUSG00000070822,ENSCJAG00000000348
ENSMUSG00000000149,ENSCJAG00000018741
ENSMUSG00000036138,ENSCJAG00000046068
ENSMUSG00000036138,ENSCJAG00000010212
ENSMUSG00000036526,ENSCJAG00000018725
ENSMUSG00000043366,ENSCJAG00000015632
ENSMUSG00000040482,ENSCJAG00000002246
ENSMUSG00000030270,ENSCJAG00000075161
ENSMUSG00000030270,ENSCJAG00000016038
ENSMUSG00000037161,ENSCJAG00000079335
ENSMUSG00000028369,ENSCJAG00000017337
ENSMUSG00000026497,ENSCJAG00000012740
ENSMUSG00000110008,ENSCJAG00000064779
ENSMUSG00000073966,ENSCJAG00000015640
ENSMUSG00000026499,ENSCJAG00000038924
ENSMUSG00000060888,ENSCJAG00000015647
ENSMUSG00000043310,ENSCJAG00000023058
ENSMUSG00000041396,ENSCJAG00000022732
ENSMUSG00000040356,ENSCJAG00000002263
ENSMUSG00000039683,ENSCJAG00000018706
ENSMUSG00000026582,ENSCJAG00000010133
ENSMUSG00000000532,ENSCJAG00000017891
ENSMUSG00000000605,ENSCJAG00000000961
ENSMUSG00000037152,ENSCJAG00000041850
ENSMUSG00000026581,ENSCJAG00000010174
ENSMUSG00000001632,ENSCJAG00000016067
ENSMUSG00000093626,ENSCJAG00000035007
ENSMUSG00000034109,ENSCJAG00000002711
ENSMUSG00000022577,ENSCJAG00000021453
ENSMUSG00000036030,ENSCJAG00000002222
ENSMUSG00000038668,ENSCJAG00000017478
ENSMUSG00000096914,ENSCJAG00000005073
ENSMUSG00000022579,ENSCJAG00000064441
ENSMUSG00000026580,ENSCJAG00000010185
ENSMUSG00000047003,ENSCJAG00000038069
ENSMUSG00000027778,ENSCJAG00000003036
ENSMUSG00000068205,ENSCJAG00000004719
ENSMUSG00000034910,ENSCJAG00000002242
ENSMUSG00000031858,ENSCJAG00000039088
ENSMUSG00000092192,ENSCJAG00000046693
ENSMUSG00000041559,ENSCJAG00000006520
ENSMUSG00000045948,ENSCJAG00000043176
ENSMUSG00000024369,ENSCJAG00000002368
ENSMUSG00000070699,ENSCJAG00000013994
ENSMUSG00000022580,ENSCJAG00000021444
ENSMUSG00000118977,ENSCJAG00000085090
ENSMUSG00000118977,ENSCJAG00000076259
ENSMUSG00000034563,ENSCJAG00000002275
ENSMUSG00000096257,ENSCJAG00000041349
ENSMUSG00000064246,ENSCJAG00000006483
ENSMUSG00000030595,ENSCJAG00000013991
ENSMUSG00000051379,ENSCJAG00000057602
ENSMUSG00000056493,ENSCJAG00000018682
ENSMUSG00000015149,ENSCJAG00000013969
ENSMUSG00000028389,ENSCJAG00000017766
ENSMUSG00000030271,ENSCJAG00000016101
ENSMUSG00000034349,ENSCJAG00000002974
ENSMUSG00000040667,ENSCJAG00000011424
ENSMUSG00000026926,ENSCJAG00000010849
ENSMUSG00000039623,ENSCJAG00000018675
ENSMUSG00000047591,ENSCJAG00000076051
ENSMUSG00000030272,ENSCJAG00000040440
ENSMUSG00000042451,ENSCJAG00000006451
ENSMUSG00000028523,ENSCJAG00000039041
ENSMUSG00000036061,ENSCJAG00000044092
ENSMUSG00000036061,ENSCJAG00000076299
ENSMUSG00002075273,ENSCJAG00000027931
ENSMUSG00000048930,ENSCJAG00000016145
ENSMUSG00000098332,ENSCJAG00000040034
ENSMUSG00000009575,ENSCJAG00000018847
ENSMUSG00000032202,ENSCJAG00000039845
ENSMUSG00000003458,ENSCJAG00000005777
ENSMUSG00000035126,ENSCJAG00000017231
ENSMUSG00000002908,ENSCJAG00000014026
ENSMUSG00000057147,ENSCJAG00000021006
ENSMUSG00000065580,ENSCJAG00000028495
ENSMUSG00000034317,ENSCJAG00000039953
ENSMUSG00000027782,ENSCJAG00000002947
ENSMUSG00000046434,ENSCJAG00000082801
ENSMUSG00000046434,ENSCJAG00000085031
ENSMUSG00000092622,ENSCJAG00000009947
ENSMUSG00000029576,ENSCJAG00000018360
ENSMUSG00000079426,ENSCJAG00000086509
ENSMUSG00000032215,ENSCJAG00000076538
ENSMUSG00000026553,ENSCJAG00000005837
ENSMUSG00000030276,ENSCJAG00000016175
ENSMUSG00000028073,ENSCJAG00000006345
ENSMUSG00000040282,ENSCJAG00000021003
ENSMUSG00000032565,ENSCJAG00000003160
ENSMUSG00000052613,ENSCJAG00000004978
ENSMUSG00000028522,ENSCJAG00000017276
ENSMUSG00000053716,ENSCJAG00000038360
ENSMUSG00000007610,ENSCJAG00000009731
ENSMUSG00000048758,ENSCJAG00000082163
ENSMUSG00000048758,ENSCJAG00000076464
ENSMUSG00000048758,ENSCJAG00000075479
ENSMUSG00000048758,ENSCJAG00000084007
ENSMUSG00000048758,ENSCJAG00000085256
ENSMUSG00000048758,ENSCJAG00000086222
ENSMUSG00000048758,ENSCJAG00000074244
ENSMUSG00000048758,ENSCJAG00000082814
ENSMUSG00000048758,ENSCJAG00000086377
ENSMUSG00000048758,ENSCJAG00000085398
ENSMUSG00000048758,ENSCJAG00000079569
ENSMUSG00000048758,ENSCJAG00000070176
ENSMUSG00000048758,ENSCJAG00000078183
ENSMUSG00000048758,ENSCJAG00000069972
ENSMUSG00000048758,ENSCJAG00000079677
ENSMUSG00000048758,ENSCJAG00000074249
ENSMUSG00000048758,ENSCJAG00000085859
ENSMUSG00000048758,ENSCJAG00000082132
ENSMUSG00000048758,ENSCJAG00000079988
ENSMUSG00000048758,ENSCJAG00000077110
ENSMUSG00000048758,ENSCJAG00000070480
ENSMUSG00000048758,ENSCJAG00000085790
ENSMUSG00000048758,ENSCJAG00000073191
ENSMUSG00000048758,ENSCJAG00000070060
ENSMUSG00000048758,ENSCJAG00000082224
ENSMUSG00000048758,ENSCJAG00000069887
ENSMUSG00000048758,ENSCJAG00000085578
ENSMUSG00000048758,ENSCJAG00000070621
ENSMUSG00000048758,ENSCJAG00000079829
ENSMUSG00000048758,ENSCJAG00000077742
ENSMUSG00000048758,ENSCJAG00000083085
ENSMUSG00000048758,ENSCJAG00000077338
ENSMUSG00000048758,ENSCJAG00000075032
ENSMUSG00000048758,ENSCJAG00000083529
ENSMUSG00000048758,ENSCJAG00000084224
ENSMUSG00000048758,ENSCJAG00000085180
ENSMUSG00000048758,ENSCJAG00000072138
ENSMUSG00000048758,ENSCJAG00000079055
ENSMUSG00000048758,ENSCJAG00000078087
ENSMUSG00000048758,ENSCJAG00000077523
ENSMUSG00000048758,ENSCJAG00000079190
ENSMUSG00000048758,ENSCJAG00000086464
ENSMUSG00000048758,ENSCJAG00000071985
ENSMUSG00000023262,ENSCJAG00000005914
ENSMUSG00000058794,ENSCJAG00000018880
ENSMUSG00000026925,ENSCJAG00000010776
ENSMUSG00000018449,ENSCJAG00000011370
ENSMUSG00000036712,ENSCJAG00000001749
ENSMUSG00000051735,ENSCJAG00000013888
ENSMUSG00000051169,ENSCJAG00000072589
ENSMUSG00000051169,ENSCJAG00000033470
ENSMUSG00000060992,ENSCJAG00000044368
ENSMUSG00000060992,ENSCJAG00000055933
ENSMUSG00000060992,ENSCJAG00000018887
ENSMUSG00000003464,ENSCJAG00000005879
ENSMUSG00000074817,ENSCJAG00000056616
ENSMUSG00000039533,ENSCJAG00000046225
ENSMUSG00000000552,ENSCJAG00000018897
ENSMUSG00000038844,ENSCJAG00000004746
ENSMUSG00000015165,ENSCJAG00000013931
ENSMUSG00000029578,ENSCJAG00000018164
ENSMUSG00000000555,ENSCJAG00000018921
ENSMUSG00000018858,ENSCJAG00000047013
ENSMUSG00000026554,ENSCJAG00000005913
ENSMUSG00000030278,ENSCJAG00000016261
ENSMUSG00000042073,ENSCJAG00000005905
ENSMUSG00000050822,ENSCJAG00000000017
ENSMUSG00000018446,ENSCJAG00000011352
ENSMUSG00000024371,ENSCJAG00000002416
ENSMUSG00000039477,ENSCJAG00000000014
ENSMUSG00000051256,ENSCJAG00000045518
ENSMUSG00000043088,ENSCJAG00000016205
ENSMUSG00000034566,ENSCJAG00000038285
ENSMUSG00000028521,ENSCJAG00000017361
ENSMUSG00000022487,ENSCJAG00000018968
ENSMUSG00000023495,ENSCJAG00000005783
ENSMUSG00000016940,ENSCJAG00000014605
ENSMUSG00000008333,ENSCJAG00000044292
ENSMUSG00000008333,ENSCJAG00000004811
ENSMUSG00000028520,ENSCJAG00000017398
ENSMUSG00000066640,ENSCJAG00000000010
ENSMUSG00000040620,ENSCJAG00000011321
ENSMUSG00000052031,ENSCJAG00000011616
ENSMUSG00000013698,ENSCJAG00000082639
ENSMUSG00000027416,ENSCJAG00000004842
ENSMUSG00000029580,ENSCJAG00000074750
ENSMUSG00000094724,ENSCJAG00000000469
ENSMUSG00000027419,ENSCJAG00000004853
ENSMUSG00000035069,ENSCJAG00000016000
ENSMUSG00000007122,ENSCJAG00000073940
ENSMUSG00000023809,ENSCJAG00000000462
ENSMUSG00000027420,ENSCJAG00000004885
ENSMUSG00000028613,ENSCJAG00000004555
ENSMUSG00000045775,ENSCJAG00000014598
ENSMUSG00000005640,ENSCJAG00000006311
ENSMUSG00000029581,ENSCJAG00000009271
ENSMUSG00000022488,ENSCJAG00000018974
ENSMUSG00000026556,ENSCJAG00000005758
ENSMUSG00000057219,ENSCJAG00000014590
ENSMUSG00000110430,ENSCJAG00000016841
ENSMUSG00000018442,ENSCJAG00000047067
ENSMUSG00000015932,ENSCJAG00000059392
ENSMUSG00000038777,ENSCJAG00000007159
ENSMUSG00000028883,ENSCJAG00000003478
ENSMUSG00000043051,ENSCJAG00000018323
ENSMUSG00000071322,ENSCJAG00000077331
ENSMUSG00000071322,ENSCJAG00000080705
ENSMUSG00000071322,ENSCJAG00000082400
ENSMUSG00000053522,ENSCJAG00000071746
ENSMUSG00000053522,ENSCJAG00000070137
ENSMUSG00000026924,ENSCJAG00000010865
ENSMUSG00000070348,ENSCJAG00000044694
ENSMUSG00000030281,ENSCJAG00000016222
ENSMUSG00000031072,ENSCJAG00000078318
ENSMUSG00000022489,ENSCJAG00000019038
ENSMUSG00000091735,ENSCJAG00000005767
ENSMUSG00000020736,ENSCJAG00000014578
ENSMUSG00000023249,ENSCJAG00000005742
ENSMUSG00000065446,ENSCJAG00000030261
ENSMUSG00000047635,ENSCJAG00000082998
ENSMUSG00000047635,ENSCJAG00000016579
ENSMUSG00000036879,ENSCJAG00000018324
ENSMUSG00000070564,ENSCJAG00000000341
ENSMUSG00000029394,ENSCJAG00000040056
ENSMUSG00000040599,ENSCJAG00000022816
ENSMUSG00000045009,ENSCJAG00000016253
ENSMUSG00000079722,ENSCJAG00000012870
ENSMUSG00000003273,ENSCJAG00000000345
ENSMUSG00000056133,ENSCJAG00000012850
ENSMUSG00000030286,ENSCJAG00000037305
ENSMUSG00000018451,ENSCJAG00000073356
ENSMUSG00000034023,ENSCJAG00000016294
ENSMUSG00000038095,ENSCJAG00000016599
ENSMUSG00000033450,ENSCJAG00000011616
ENSMUSG00000059824,ENSCJAG00000000360
ENSMUSG00000031506,ENSCJAG00000005882
ENSMUSG00000069830,ENSCJAG00000011265
ENSMUSG00000073471,ENSCJAG00000011581
ENSMUSG00000022490,ENSCJAG00000040329
ENSMUSG00000022490,ENSCJAG00000074605
ENSMUSG00000057342,ENSCJAG00000000366
ENSMUSG00000020738,ENSCJAG00000014551
ENSMUSG00000027422,ENSCJAG00000004913
ENSMUSG00000026426,ENSCJAG00000005865
ENSMUSG00000070390,ENSCJAG00000011265
ENSMUSG00000095687,ENSCJAG00000000469
ENSMUSG00000041506,ENSCJAG00000005736
ENSMUSG00000026424,ENSCJAG00000005857
ENSMUSG00000022558,ENSCJAG00000021442
ENSMUSG00000026062,ENSCJAG00000008193
ENSMUSG00000031715,ENSCJAG00000002735
ENSMUSG00000069135,ENSCJAG00000000473
ENSMUSG00000020811,ENSCJAG00000011240
ENSMUSG00000092572,ENSCJAG00000042748
ENSMUSG00000066383,ENSCJAG00000032309
ENSMUSG00000054161,ENSCJAG00000000384
ENSMUSG00000026303,ENSCJAG00000076633
ENSMUSG00000066382,ENSCJAG00000005719
ENSMUSG00000070563,ENSCJAG00000057696
ENSMUSG00000003271,ENSCJAG00000000388
ENSMUSG00000037307,ENSCJAG00000004945
ENSMUSG00000091129,ENSCJAG00000005700
ENSMUSG00000023192,ENSCJAG00000069781
ENSMUSG00000023192,ENSCJAG00000084541
ENSMUSG00000023192,ENSCJAG00000084089
ENSMUSG00000023192,ENSCJAG00000081006
ENSMUSG00000027423,ENSCJAG00000004947
ENSMUSG00000090550,ENSCJAG00000002208
ENSMUSG00000026304,ENSCJAG00000076425
ENSMUSG00000040554,ENSCJAG00000011209
ENSMUSG00000038766,ENSCJAG00000007146
ENSMUSG00000048874,ENSCJAG00000001708
ENSMUSG00000062044,ENSCJAG00000000398
ENSMUSG00000031714,ENSCJAG00000002803
ENSMUSG00000020808,ENSCJAG00000011205
ENSMUSG00000020808,ENSCJAG00000062861
ENSMUSG00000053192,ENSCJAG00000043847
ENSMUSG00000096316,ENSCJAG00000002299
ENSMUSG00000026923,ENSCJAG00000010922
ENSMUSG00000056267,ENSCJAG00000002315
ENSMUSG00000000627,ENSCJAG00000017198
ENSMUSG00000046722,ENSCJAG00000041056
ENSMUSG00000000378,ENSCJAG00000011851
ENSMUSG00000006276,ENSCJAG00000013985
ENSMUSG00000038545,ENSCJAG00000004960
ENSMUSG00000117091,ENSCJAG00000039942
ENSMUSG00000050217,ENSCJAG00000001759
ENSMUSG00000068860,ENSCJAG00000007125
ENSMUSG00000028115,ENSCJAG00000007115
ENSMUSG00000026063,ENSCJAG00000007925
ENSMUSG00000119640,ENSCJAG00000077520
ENSMUSG00000058743,ENSCJAG00000040655
ENSMUSG00000060244,ENSCJAG00000039942
ENSMUSG00000038209,ENSCJAG00000005561
ENSMUSG00000053801,ENSCJAG00000000440
ENSMUSG00000002771,ENSCJAG00000000450
ENSMUSG00000004709,ENSCJAG00000005583
ENSMUSG00000030041,ENSCJAG00000017228
ENSMUSG00000002778,ENSCJAG00000000475
ENSMUSG00000041073,ENSCJAG00000081169
ENSMUSG00000015711,ENSCJAG00000007107
ENSMUSG00000004707,ENSCJAG00000005606
ENSMUSG00000068335,ENSCJAG00000066183
ENSMUSG00000038712,ENSCJAG00000007100
ENSMUSG00000037681,ENSCJAG00000002351
ENSMUSG00000029999,ENSCJAG00000019316
ENSMUSG00000040543,ENSCJAG00000011178
ENSMUSG00000027210,ENSCJAG00000020992
ENSMUSG00000040231,ENSCJAG00000000478
ENSMUSG00000002781,ENSCJAG00000000479
ENSMUSG00000022351,ENSCJAG00000012744
ENSMUSG00000057497,ENSCJAG00000019314
ENSMUSG00000034210,ENSCJAG00000046008
ENSMUSG00000023971,ENSCJAG00000004943
ENSMUSG00000057278,ENSCJAG00000083830
ENSMUSG00000057278,ENSCJAG00000046709
ENSMUSG00000057278,ENSCJAG00000083597
ENSMUSG00000031657,ENSCJAG00000001972
ENSMUSG00000032470,ENSCJAG00000052904
ENSMUSG00000022350,ENSCJAG00000012651
ENSMUSG00000063576,ENSCJAG00000004911
ENSMUSG00000086727,ENSCJAG00000039942
ENSMUSG00000029998,ENSCJAG00000019304
ENSMUSG00000040212,ENSCJAG00000000482
ENSMUSG00000015702,ENSCJAG00000007078
ENSMUSG00000046242,ENSCJAG00000002391
ENSMUSG00000094215,ENSCJAG00000039942
ENSMUSG00000020423,ENSCJAG00000006514
ENSMUSG00000032468,ENSCJAG00000002405
ENSMUSG00000009772,ENSCJAG00000040262
ENSMUSG00000071158,ENSCJAG00000021663
ENSMUSG00000041945,ENSCJAG00000069979
ENSMUSG00000103421,ENSCJAG00000016909
ENSMUSG00000049327,ENSCJAG00000016696
ENSMUSG00000015714,ENSCJAG00000007043
ENSMUSG00000002768,ENSCJAG00000004894
ENSMUSG00000116158,ENSCJAG00000016902
ENSMUSG00000026638,ENSCJAG00000015032
ENSMUSG00000107877,ENSCJAG00000082659
ENSMUSG00000036779,ENSCJAG00000001932
ENSMUSG00000030834,ENSCJAG00000005769
ENSMUSG00000119056,ENSCJAG00000080377
ENSMUSG00000020803,ENSCJAG00000011150
ENSMUSG00000097918,ENSCJAG00000042298
ENSMUSG00000026407,ENSCJAG00000005329
ENSMUSG00000059409,ENSCJAG00000004782
ENSMUSG00000020801,ENSCJAG00000079792
ENSMUSG00000020801,ENSCJAG00000047310
ENSMUSG00000031659,ENSCJAG00000001898
ENSMUSG00002075615,ENSCJAG00000039514
ENSMUSG00002075615,ENSCJAG00000082388
ENSMUSG00002075615,ENSCJAG00000057770
ENSMUSG00000044556,ENSCJAG00000021163
ENSMUSG00000000384,ENSCJAG00000011804
ENSMUSG00000028710,ENSCJAG00000070547
ENSMUSG00000032469,ENSCJAG00000002433
ENSMUSG00000029401,ENSCJAG00000004405
ENSMUSG00000015522,ENSCJAG00000006839
ENSMUSG00000119502,ENSCJAG00000080377
ENSMUSG00000030835,ENSCJAG00000015952
ENSMUSG00000029402,ENSCJAG00000007131
ENSMUSG00000002763,ENSCJAG00000004684
ENSMUSG00000029392,ENSCJAG00000007134
ENSMUSG00000028709,ENSCJAG00000021158
ENSMUSG00000118694,ENSCJAG00000080377
ENSMUSG00000119829,ENSCJAG00000080377
ENSMUSG00000028708,ENSCJAG00000021149
ENSMUSG00000002769,ENSCJAG00000004675
ENSMUSG00000008429,ENSCJAG00000012249
ENSMUSG00000029390,ENSCJAG00000020466
ENSMUSG00000023973,ENSCJAG00000004662
ENSMUSG00000001833,ENSCJAG00000058946
ENSMUSG00000001833,ENSCJAG00000012276
ENSMUSG00000009394,ENSCJAG00000016647
ENSMUSG00000029389,ENSCJAG00000083224
ENSMUSG00000029389,ENSCJAG00000020471
ENSMUSG00000062619,ENSCJAG00000023341
ENSMUSG00000063888,ENSCJAG00000023295
ENSMUSG00000063888,ENSCJAG00000077858
ENSMUSG00000063888,ENSCJAG00000004637
ENSMUSG00000036568,ENSCJAG00000004594
ENSMUSG00000041794,ENSCJAG00000009611
ENSMUSG00000096146,ENSCJAG00000048022
ENSMUSG00000019370,ENSCJAG00000078405
ENSMUSG00000030317,ENSCJAG00000038791
ENSMUSG00000064495,ENSCJAG00000027822
ENSMUSG00000065686,ENSCJAG00000026333
ENSMUSG00000000381,ENSCJAG00000082490
ENSMUSG00000030232,ENSCJAG00000001342
ENSMUSG00000070802,ENSCJAG00000011875
ENSMUSG00000064689,ENSCJAG00000078218
ENSMUSG00000041141,ENSCJAG00000078332
ENSMUSG00000045316,ENSCJAG00000014764
ENSMUSG00000029388,ENSCJAG00000020484
ENSMUSG00000024169,ENSCJAG00000014532
ENSMUSG00000020805,ENSCJAG00000017210
ENSMUSG00000108348,ENSCJAG00000075292
ENSMUSG00000003099,ENSCJAG00000011891
ENSMUSG00000073774,ENSCJAG00000021147
ENSMUSG00000028707,ENSCJAG00000072588
ENSMUSG00000041608,ENSCJAG00000017875
ENSMUSG00000026883,ENSCJAG00000020153
ENSMUSG00000034171,ENSCJAG00000021138
ENSMUSG00000029387,ENSCJAG00000020493
ENSMUSG00000025794,ENSCJAG00000079913
ENSMUSG00000025794,ENSCJAG00000041815
ENSMUSG00000025794,ENSCJAG00000017884
ENSMUSG00000031660,ENSCJAG00000001832
ENSMUSG00000004328,ENSCJAG00000012019
ENSMUSG00000006941,ENSCJAG00000046513
ENSMUSG00000027876,ENSCJAG00000019892
ENSMUSG00000041046,ENSCJAG00000052621
ENSMUSG00000036867,ENSCJAG00000044644
ENSMUSG00000027875,ENSCJAG00000019899
ENSMUSG00000118662,ENSCJAG00000020498
ENSMUSG00000032401,ENSCJAG00000007558
ENSMUSG00000040483,ENSCJAG00000017191
ENSMUSG00000029439,ENSCJAG00000003613
ENSMUSG00000053398,ENSCJAG00000019916
ENSMUSG00000053398,ENSCJAG00000041494
ENSMUSG00000014444,ENSCJAG00000012943
ENSMUSG00000041570,ENSCJAG00000005196
ENSMUSG00000043004,ENSCJAG00000085121
ENSMUSG00000024168,ENSCJAG00000014588
ENSMUSG00000070388,ENSCJAG00000017188
ENSMUSG00000024170,ENSCJAG00000014499
ENSMUSG00000020431,ENSCJAG00000011201
ENSMUSG00000050064,ENSCJAG00000022909
ENSMUSG00000032400,ENSCJAG00000007524
ENSMUSG00000090817,ENSCJAG00000085345
ENSMUSG00000090817,ENSCJAG00000074294
ENSMUSG00000090817,ENSCJAG00000073117
ENSMUSG00000063882,ENSCJAG00000078696
ENSMUSG00000063882,ENSCJAG00000070283
ENSMUSG00000095143,ENSCJAG00000085345
ENSMUSG00000095143,ENSCJAG00000074294
ENSMUSG00000095143,ENSCJAG00000073117
ENSMUSG00000041117,ENSCJAG00000074769
ENSMUSG00000095388,ENSCJAG00000085345
ENSMUSG00000095388,ENSCJAG00000074294
ENSMUSG00000095388,ENSCJAG00000073117
ENSMUSG00000028703,ENSCJAG00000021111
ENSMUSG00000045107,ENSCJAG00000041718
ENSMUSG00000087512,ENSCJAG00000045300
ENSMUSG00000023243,ENSCJAG00000079550
ENSMUSG00000038092,ENSCJAG00000085345
ENSMUSG00000038092,ENSCJAG00000074294
ENSMUSG00000038092,ENSCJAG00000073117
ENSMUSG00000020427,ENSCJAG00000039603
ENSMUSG00000063730,ENSCJAG00000085345
ENSMUSG00000063730,ENSCJAG00000074294
ENSMUSG00000063730,ENSCJAG00000073117
ENSMUSG00000029436,ENSCJAG00000003654
ENSMUSG00000062410,ENSCJAG00000085345
ENSMUSG00000062410,ENSCJAG00000074294
ENSMUSG00000062410,ENSCJAG00000073117
ENSMUSG00000079343,ENSCJAG00000007042
ENSMUSG00000023387,ENSCJAG00000005908
ENSMUSG00000027869,ENSCJAG00000085345
ENSMUSG00000027869,ENSCJAG00000074294
ENSMUSG00000027869,ENSCJAG00000073117
ENSMUSG00000041605,ENSCJAG00000005256
ENSMUSG00000020799,ENSCJAG00000017179
ENSMUSG00000021809,ENSCJAG00000007475
ENSMUSG00000004270,ENSCJAG00000007079
ENSMUSG00000028702,ENSCJAG00000021080
ENSMUSG00000034211,ENSCJAG00000086646
ENSMUSG00000034211,ENSCJAG00000083468
ENSMUSG00000028124,ENSCJAG00000017899
ENSMUSG00000004268,ENSCJAG00000007120
ENSMUSG00000119402,ENSCJAG00000073971
ENSMUSG00000119402,ENSCJAG00000079379
ENSMUSG00000058761,ENSCJAG00000015610
ENSMUSG00000047388,ENSCJAG00000016670
ENSMUSG00000034088,ENSCJAG00000006152
ENSMUSG00000035211,ENSCJAG00000015587
ENSMUSG00002076646,ENSCJAG00000064502
ENSMUSG00000031847,ENSCJAG00000016662
ENSMUSG00000004264,ENSCJAG00000007137
ENSMUSG00000045667,ENSCJAG00000047187
ENSMUSG00000029432,ENSCJAG00000021290
ENSMUSG00000032399,ENSCJAG00000007491
ENSMUSG00000032399,ENSCJAG00000047457
ENSMUSG00000034424,ENSCJAG00000072273
ENSMUSG00000039756,ENSCJAG00000017896
ENSMUSG00000044172,ENSCJAG00000014497
ENSMUSG00000028700,ENSCJAG00000021026
ENSMUSG00000034416,ENSCJAG00000016609
ENSMUSG00000040471,ENSCJAG00000010989
ENSMUSG00000036636,ENSCJAG00000014423
ENSMUSG00000028121,ENSCJAG00000017873
ENSMUSG00000020422,ENSCJAG00000014752
ENSMUSG00000096679,ENSCJAG00000032827
ENSMUSG00000029446,ENSCJAG00000021288
ENSMUSG00000058014,ENSCJAG00000032827
ENSMUSG00000088835,ENSCJAG00000043014
ENSMUSG00000060759,ENSCJAG00000002547
ENSMUSG00000004266,ENSCJAG00000007188
ENSMUSG00000060105,ENSCJAG00000002543
ENSMUSG00000110092,ENSCJAG00000022689
ENSMUSG00000065752,ENSCJAG00000059732
ENSMUSG00000119388,ENSCJAG00000052130
ENSMUSG00000032398,ENSCJAG00000070895
ENSMUSG00000065512,ENSCJAG00000024713
ENSMUSG00000021810,ENSCJAG00000007511
ENSMUSG00000031766,ENSCJAG00000012443
ENSMUSG00000004936,ENSCJAG00000007460
ENSMUSG00000044365,ENSCJAG00000047711
ENSMUSG00000065304,ENSCJAG00000082608
ENSMUSG00000093413,ENSCJAG00000073878
ENSMUSG00000025538,ENSCJAG00000021277
ENSMUSG00000028184,ENSCJAG00000007190
ENSMUSG00000039599,ENSCJAG00000007526
ENSMUSG00000035337,ENSCJAG00000073731
ENSMUSG00000032397,ENSCJAG00000013242
ENSMUSG00000040463,ENSCJAG00000077870
ENSMUSG00000040463,ENSCJAG00000020332
ENSMUSG00000073960,ENSCJAG00000015647
ENSMUSG00000078080,ENSCJAG00000015647
ENSMUSG00000025537,ENSCJAG00000055003
ENSMUSG00000031770,ENSCJAG00000012357
ENSMUSG00000032396,ENSCJAG00000007411
ENSMUSG00000110259,ENSCJAG00000060833
ENSMUSG00000042219,ENSCJAG00000020185
ENSMUSG00000070493,ENSCJAG00000021267
ENSMUSG00000070493,ENSCJAG00000072844
ENSMUSG00000026276,ENSCJAG00000006122
ENSMUSG00000026276,ENSCJAG00000061183
ENSMUSG00000096773,ENSCJAG00000077158
ENSMUSG00000074151,ENSCJAG00000012266
ENSMUSG00000059562,ENSCJAG00000014379
ENSMUSG00000073914,ENSCJAG00000023286
ENSMUSG00000034173,ENSCJAG00000018566
ENSMUSG00000095789,ENSCJAG00000041331
ENSMUSG00000066735,ENSCJAG00000004243
ENSMUSG00000073906,ENSCJAG00000022245
ENSMUSG00000044465,ENSCJAG00000014340
ENSMUSG00000025534,ENSCJAG00000033759
ENSMUSG00000114245,ENSCJAG00000038190
ENSMUSG00000067722,ENSCJAG00000014406
ENSMUSG00000015127,ENSCJAG00000013151
ENSMUSG00000040447,ENSCJAG00000007149
ENSMUSG00000072772,ENSCJAG00000007272
ENSMUSG00000028179,ENSCJAG00000017808
ENSMUSG00000004263,ENSCJAG00000007276
ENSMUSG00000119482,ENSCJAG00000081879
ENSMUSG00000040852,ENSCJAG00000014373
ENSMUSG00000025533,ENSCJAG00000045060
ENSMUSG00000020798,ENSCJAG00000011787
ENSMUSG00000004267,ENSCJAG00000007307
ENSMUSG00000039988,ENSCJAG00000017783
ENSMUSG00000026885,ENSCJAG00000040087
ENSMUSG00000026098,ENSCJAG00000005590
ENSMUSG00000031516,ENSCJAG00000012338
ENSMUSG00000020794,ENSCJAG00000011764
ENSMUSG00000040505,ENSCJAG00000000847
ENSMUSG00000119805,ENSCJAG00000087213
ENSMUSG00000118706,ENSCJAG00000060019
ENSMUSG00000054360,ENSCJAG00000076416
ENSMUSG00000021811,ENSCJAG00000007535
ENSMUSG00000020790,ENSCJAG00000011723
ENSMUSG00000094985,ENSCJAG00000001760
ENSMUSG00000049960,ENSCJAG00000007538
ENSMUSG00000028701,ENSCJAG00000045585
ENSMUSG00000030125,ENSCJAG00000007339
ENSMUSG00000028699,ENSCJAG00000021020
ENSMUSG00000039543,ENSCJAG00000001756
ENSMUSG00000026097,ENSCJAG00000038562
ENSMUSG00000026097,ENSCJAG00000048656
ENSMUSG00000026895,ENSCJAG00000082947
ENSMUSG00000036768,ENSCJAG00000001840
ENSMUSG00000026894,ENSCJAG00000020137
ENSMUSG00000024254,ENSCJAG00000000833
ENSMUSG00000071113,ENSCJAG00000012334
ENSMUSG00000121905,ENSCJAG00000071355
ENSMUSG00000030074,ENSCJAG00000015146
ENSMUSG00000042244,ENSCJAG00000036601
ENSMUSG00000031513,ENSCJAG00000012319
ENSMUSG00000026096,ENSCJAG00000002739
ENSMUSG00000026096,ENSCJAG00000041460
ENSMUSG00000055900,ENSCJAG00000013787
ENSMUSG00000028693,ENSCJAG00000013641
ENSMUSG00000031532,ENSCJAG00000012289
ENSMUSG00000040152,ENSCJAG00000020936
ENSMUSG00000056054,ENSCJAG00000005843
ENSMUSG00000056071,ENSCJAG00000071355
ENSMUSG00000031734,ENSCJAG00000001418
ENSMUSG00000042250,ENSCJAG00000005866
ENSMUSG00000078611,ENSCJAG00000014410
ENSMUSG00000030897,ENSCJAG00000014312
ENSMUSG00000057778,ENSCJAG00000011716
ENSMUSG00000035325,ENSCJAG00000004799
ENSMUSG00000038193,ENSCJAG00000069132
ENSMUSG00000026095,ENSCJAG00000055386
ENSMUSG00000026095,ENSCJAG00000043387
ENSMUSG00000037060,ENSCJAG00000038304
ENSMUSG00000096621,ENSCJAG00000071355
ENSMUSG00000038451,ENSCJAG00000055518
ENSMUSG00000121904,ENSCJAG00000071355
ENSMUSG00000027552,ENSCJAG00000000387
ENSMUSG00000052974,ENSCJAG00000034902
ENSMUSG00000020407,ENSCJAG00000014682
ENSMUSG00000023456,ENSCJAG00000007348
ENSMUSG00000027751,ENSCJAG00000018002
ENSMUSG00000026890,ENSCJAG00000020122
ENSMUSG00000024120,ENSCJAG00000000794
ENSMUSG00000058709,ENSCJAG00000014887
ENSMUSG00000117809,ENSCJAG00000083001
ENSMUSG00000028692,ENSCJAG00000013633
ENSMUSG00000053291,ENSCJAG00000047458
ENSMUSG00000038429,ENSCJAG00000007431
ENSMUSG00000004668,ENSCJAG00000000920
ENSMUSG00000021814,ENSCJAG00000080792
ENSMUSG00000021814,ENSCJAG00000022250
ENSMUSG00000021814,ENSCJAG00000001720
ENSMUSG00000065185,ENSCJAG00000071997
ENSMUSG00000028691,ENSCJAG00000004807
ENSMUSG00000028691,ENSCJAG00000074307
ENSMUSG00000089661,ENSCJAG00000014879
ENSMUSG00000061479,ENSCJAG00000021962
ENSMUSG00000061479,ENSCJAG00000014865
ENSMUSG00000023505,ENSCJAG00000007508
ENSMUSG00000032267,ENSCJAG00000012053
ENSMUSG00000119631,ENSCJAG00000034291
ENSMUSG00000027344,ENSCJAG00000020927
ENSMUSG00000024253,ENSCJAG00000000860
ENSMUSG00000037306,ENSCJAG00000009386
ENSMUSG00000078786,ENSCJAG00000014857
ENSMUSG00000025950,ENSCJAG00000002828
ENSMUSG00000023439,ENSCJAG00000007512
ENSMUSG00000121976,ENSCJAG00000013876
ENSMUSG00000096255,ENSCJAG00000077634
ENSMUSG00000003752,ENSCJAG00000014755
ENSMUSG00000118665,ENSCJAG00000005110
ENSMUSG00000050830,ENSCJAG00000000940
ENSMUSG00000035297,ENSCJAG00000005067
ENSMUSG00000023191,ENSCJAG00000007528
ENSMUSG00000000579,ENSCJAG00000077634
ENSMUSG00000003762,ENSCJAG00000014833
ENSMUSG00000095677,ENSCJAG00000077634
ENSMUSG00000037295,ENSCJAG00000009366
ENSMUSG00000036834,ENSCJAG00000000917
ENSMUSG00000055670,ENSCJAG00000011686
ENSMUSG00000027430,ENSCJAG00000005306
ENSMUSG00000088244,ENSCJAG00000047299
ENSMUSG00000025949,ENSCJAG00000002759
ENSMUSG00000046201,ENSCJAG00000012631
ENSMUSG00000070661,ENSCJAG00000023244
ENSMUSG00000040133,ENSCJAG00000020926
ENSMUSG00000041143,ENSCJAG00000006639
ENSMUSG00000062148,ENSCJAG00000009638
ENSMUSG00000026889,ENSCJAG00000068519
ENSMUSG00000004561,ENSCJAG00000009609
ENSMUSG00000038390,ENSCJAG00000044634
ENSMUSG00000023800,ENSCJAG00000012559
ENSMUSG00000023274,ENSCJAG00000007635
ENSMUSG00000029322,ENSCJAG00000068263
ENSMUSG00000063160,ENSCJAG00000014829
ENSMUSG00000032264,ENSCJAG00000012168
ENSMUSG00000026887,ENSCJAG00000020104
ENSMUSG00000089832,ENSCJAG00000014763
ENSMUSG00000030124,ENSCJAG00000007657
ENSMUSG00000063873,ENSCJAG00000005325
ENSMUSG00000029319,ENSCJAG00000005180
ENSMUSG00000032268,ENSCJAG00000012228
ENSMUSG00000028747,ENSCJAG00000065417
ENSMUSG00000030120,ENSCJAG00000007681
ENSMUSG00000041120,ENSCJAG00000006699
ENSMUSG00000035273,ENSCJAG00000005194
ENSMUSG00000050608,ENSCJAG00000006709
ENSMUSG00000050608,ENSCJAG00000043424
ENSMUSG00000028745,ENSCJAG00000006715
ENSMUSG00000047250,ENSCJAG00000020078
ENSMUSG00000035266,ENSCJAG00000005247
ENSMUSG00000030127,ENSCJAG00000007835
ENSMUSG00000040466,ENSCJAG00000014665
ENSMUSG00000025964,ENSCJAG00000005821
ENSMUSG00000072572,ENSCJAG00000009600
ENSMUSG00000026921,ENSCJAG00000010944
ENSMUSG00000004558,ENSCJAG00000009450
ENSMUSG00000053198,ENSCJAG00000014649
ENSMUSG00002076020,ENSCJAG00000080135
ENSMUSG00000030329,ENSCJAG00000007910
ENSMUSG00000036983,ENSCJAG00000012540
ENSMUSG00000020193,ENSCJAG00000000949
ENSMUSG00000032259,ENSCJAG00000012246
ENSMUSG00000091530,ENSCJAG00000054130
ENSMUSG00000023802,ENSCJAG00000012516
ENSMUSG00000032257,ENSCJAG00000048050
ENSMUSG00000040424,ENSCJAG00000014644
ENSMUSG00000016833,ENSCJAG00000060367
ENSMUSG00000016833,ENSCJAG00000042247
ENSMUSG00000040219,ENSCJAG00000012306
ENSMUSG00000020191,ENSCJAG00000000951
ENSMUSG00000003363,ENSCJAG00000014633
ENSMUSG00000043705,ENSCJAG00000003173
ENSMUSG00000038346,ENSCJAG00000007944
ENSMUSG00000020182,ENSCJAG00000011007
ENSMUSG00000035234,ENSCJAG00000005294
ENSMUSG00000028744,ENSCJAG00000006785
ENSMUSG00000024064,ENSCJAG00000003150
ENSMUSG00000006311,ENSCJAG00000041554
ENSMUSG00000036733,ENSCJAG00000010220
ENSMUSG00000098590,ENSCJAG00000042439
ENSMUSG00000032101,ENSCJAG00000008600
ENSMUSG00000029314,ENSCJAG00000005314
ENSMUSG00000028743,ENSCJAG00000045281
ENSMUSG00000020788,ENSCJAG00000011617
ENSMUSG00000032103,ENSCJAG00000046645
ENSMUSG00000028741,ENSCJAG00000006812
ENSMUSG00000078762,ENSCJAG00000010239
ENSMUSG00000050555,ENSCJAG00000060937
ENSMUSG00000024065,ENSCJAG00000071840
ENSMUSG00000074452,ENSCJAG00000004329
ENSMUSG00000061979,ENSCJAG00000014924
ENSMUSG00000052469,ENSCJAG00000077331
ENSMUSG00000052469,ENSCJAG00000080705
ENSMUSG00000052469,ENSCJAG00000082400
ENSMUSG00000078517,ENSCJAG00000006824
ENSMUSG00000008813,ENSCJAG00000009590
ENSMUSG00000032099,ENSCJAG00000070669
ENSMUSG00000063870,ENSCJAG00000008114
ENSMUSG00000004562,ENSCJAG00000009398
ENSMUSG00000094995,ENSCJAG00000078069
ENSMUSG00000091215,ENSCJAG00000008556
ENSMUSG00000015942,ENSCJAG00000002797
ENSMUSG00000078934,ENSCJAG00000071012
ENSMUSG00000005553,ENSCJAG00000010270
ENSMUSG00000028141,ENSCJAG00000007939
ENSMUSG00000074472,ENSCJAG00000038005
ENSMUSG00000015950,ENSCJAG00000002787
ENSMUSG00000027860,ENSCJAG00000012756
ENSMUSG00000087823,ENSCJAG00000075328
ENSMUSG00000069085,ENSCJAG00000005926
ENSMUSG00000025963,ENSCJAG00000005953
ENSMUSG00000066036,ENSCJAG00000006886
ENSMUSG00000036777,ENSCJAG00000012416
ENSMUSG00000059857,ENSCJAG00000008705
ENSMUSG00000025962,ENSCJAG00000005971
ENSMUSG00000001768,ENSCJAG00000005342
ENSMUSG00000006315,ENSCJAG00000078329
ENSMUSG00000060261,ENSCJAG00000016182
ENSMUSG00000077704,ENSCJAG00000029203
ENSMUSG00000048234,ENSCJAG00000021239
ENSMUSG00000032239,ENSCJAG00000033462
ENSMUSG00000036411,ENSCJAG00000012402
ENSMUSG00000050967,ENSCJAG00000065818
ENSMUSG00000061099,ENSCJAG00000010315
ENSMUSG00000040969,ENSCJAG00000015747
ENSMUSG00000065540,ENSCJAG00000029429
ENSMUSG00000028273,ENSCJAG00000006882
ENSMUSG00000026074,ENSCJAG00000008424
ENSMUSG00000030898,ENSCJAG00000014292
ENSMUSG00000026922,ENSCJAG00000010959
ENSMUSG00000032265,ENSCJAG00000038361
ENSMUSG00000031073,ENSCJAG00000075154
ENSMUSG00000032185,ENSCJAG00000006228
ENSMUSG00000040613,ENSCJAG00000005398
ENSMUSG00000020787,ENSCJAG00000011590
ENSMUSG00000002728,ENSCJAG00000040414
ENSMUSG00000041578,ENSCJAG00000078298
ENSMUSG00000030117,ENSCJAG00000005406
ENSMUSG00000065721,ENSCJAG00000086373
ENSMUSG00000046323,ENSCJAG00000072636
ENSMUSG00000041571,ENSCJAG00000043185
ENSMUSG00000030114,ENSCJAG00000018697
ENSMUSG00000020176,ENSCJAG00000011054
ENSMUSG00000041560,ENSCJAG00000011385
ENSMUSG00002075919,ENSCJAG00000064766
ENSMUSG00002075919,ENSCJAG00000081373
ENSMUSG00002075919,ENSCJAG00000085620
ENSMUSG00002075919,ENSCJAG00000074668
ENSMUSG00002075919,ENSCJAG00000087032
ENSMUSG00002075919,ENSCJAG00000081523
ENSMUSG00002075919,ENSCJAG00000058853
ENSMUSG00002075919,ENSCJAG00000064528
ENSMUSG00002075919,ENSCJAG00000077419
ENSMUSG00002075919,ENSCJAG00000082623
ENSMUSG00002075919,ENSCJAG00000083841
ENSMUSG00002075919,ENSCJAG00000082851
ENSMUSG00002075919,ENSCJAG00000073166
ENSMUSG00002075919,ENSCJAG00000073491
ENSMUSG00002075919,ENSCJAG00000083630
ENSMUSG00002075919,ENSCJAG00000081708
ENSMUSG00002075919,ENSCJAG00000081895
ENSMUSG00002075919,ENSCJAG00000064517
ENSMUSG00002075919,ENSCJAG00000073957
ENSMUSG00002075919,ENSCJAG00000085963
ENSMUSG00002075919,ENSCJAG00000053899
ENSMUSG00000007458,ENSCJAG00000043530
ENSMUSG00000036186,ENSCJAG00000045050
ENSMUSG00000040669,ENSCJAG00000018715
ENSMUSG00000064858,ENSCJAG00000076833
ENSMUSG00000064858,ENSCJAG00000046564
ENSMUSG00000050015,ENSCJAG00000075711
ENSMUSG00000080478,ENSCJAG00000052864
ENSMUSG00000093249,ENSCJAG00000064766
ENSMUSG00000093249,ENSCJAG00000081373
ENSMUSG00000093249,ENSCJAG00000085620
ENSMUSG00000093249,ENSCJAG00000074668
ENSMUSG00000093249,ENSCJAG00000087032
ENSMUSG00000093249,ENSCJAG00000081523
ENSMUSG00000093249,ENSCJAG00000058853
ENSMUSG00000093249,ENSCJAG00000064528
ENSMUSG00000093249,ENSCJAG00000077419
ENSMUSG00000093249,ENSCJAG00000082623
ENSMUSG00000093249,ENSCJAG00000083841
ENSMUSG00000093249,ENSCJAG00000082851
ENSMUSG00000093249,ENSCJAG00000073166
ENSMUSG00000093249,ENSCJAG00000073491
ENSMUSG00000093249,ENSCJAG00000083630
ENSMUSG00000093249,ENSCJAG00000081708
ENSMUSG00000093249,ENSCJAG00000081895
ENSMUSG00000093249,ENSCJAG00000064517
ENSMUSG00000093249,ENSCJAG00000073957
ENSMUSG00000093249,ENSCJAG00000085963
ENSMUSG00000093249,ENSCJAG00000053899
ENSMUSG00000074364,ENSCJAG00000011415
ENSMUSG00000075383,ENSCJAG00000021773
ENSMUSG00000026919,ENSCJAG00000017975
ENSMUSG00000070808,ENSCJAG00000011418
ENSMUSG00000075382,ENSCJAG00000021773
ENSMUSG00000001767,ENSCJAG00000005393
ENSMUSG00000032420,ENSCJAG00000015234
ENSMUSG00000078796,ENSCJAG00000011435
ENSMUSG00000032422,ENSCJAG00000015255
ENSMUSG00000055088,ENSCJAG00000020076
ENSMUSG00000015787,ENSCJAG00000017944
ENSMUSG00000006024,ENSCJAG00000042205
ENSMUSG00000036160,ENSCJAG00000085079
ENSMUSG00000049295,ENSCJAG00000047622
ENSMUSG00000020785,ENSCJAG00000011552
ENSMUSG00000006021,ENSCJAG00000011460
ENSMUSG00000015776,ENSCJAG00000077420
ENSMUSG00000015776,ENSCJAG00000076939
ENSMUSG00000039838,ENSCJAG00000000330
ENSMUSG00000072571,ENSCJAG00000047766
ENSMUSG00000020867,ENSCJAG00000018727
ENSMUSG00000030376,ENSCJAG00000070619
ENSMUSG00000037143,ENSCJAG00000005444
ENSMUSG00000014592,ENSCJAG00000000258
ENSMUSG00000065853,ENSCJAG00000059042
ENSMUSG00000040649,ENSCJAG00000018810
ENSMUSG00000060373,ENSCJAG00000023213
ENSMUSG00000060373,ENSCJAG00000009354
ENSMUSG00000060373,ENSCJAG00000016319
ENSMUSG00000060373,ENSCJAG00000073156
ENSMUSG00000025102,ENSCJAG00000015877
ENSMUSG00000025102,ENSCJAG00000082269
ENSMUSG00000025103,ENSCJAG00000083105
ENSMUSG00000030116,ENSCJAG00000018846
ENSMUSG00000060913,ENSCJAG00000009384
ENSMUSG00000038623,ENSCJAG00000015800
ENSMUSG00000068917,ENSCJAG00000008447
ENSMUSG00000040627,ENSCJAG00000018856
ENSMUSG00000025104,ENSCJAG00000015775
ENSMUSG00000032423,ENSCJAG00000015352
ENSMUSG00000049018,ENSCJAG00000022331
ENSMUSG00000030284,ENSCJAG00000016240
ENSMUSG00000062647,ENSCJAG00000085562
ENSMUSG00000039768,ENSCJAG00000000242
ENSMUSG00000007946,ENSCJAG00000015188
ENSMUSG00000032737,ENSCJAG00000015191
ENSMUSG00000068154,ENSCJAG00000040556
ENSMUSG00000009030,ENSCJAG00000087386
ENSMUSG00000051936,ENSCJAG00000013813
ENSMUSG00000029883,ENSCJAG00000062999
ENSMUSG00000001016,ENSCJAG00000005062
ENSMUSG00000001016,ENSCJAG00000010264
ENSMUSG00000026073,ENSCJAG00000008399
ENSMUSG00000065258,ENSCJAG00000060485
ENSMUSG00000065258,ENSCJAG00000073072
ENSMUSG00000065258,ENSCJAG00000074658
ENSMUSG00000064829,ENSCJAG00000083563
ENSMUSG00000064829,ENSCJAG00000078231
ENSMUSG00000064829,ENSCJAG00000062255
ENSMUSG00000065295,ENSCJAG00000032072
ENSMUSG00000065295,ENSCJAG00000086776
ENSMUSG00000065295,ENSCJAG00000071205
ENSMUSG00000065295,ENSCJAG00000077426
ENSMUSG00000065295,ENSCJAG00000071920
ENSMUSG00000005102,ENSCJAG00000020915
ENSMUSG00000094808,ENSCJAG00000013826
ENSMUSG00000096525,ENSCJAG00000013826
ENSMUSG00000050107,ENSCJAG00000023439
ENSMUSG00000005950,ENSCJAG00000007148
ENSMUSG00000090553,ENSCJAG00000046841
ENSMUSG00000029882,ENSCJAG00000013826
ENSMUSG00000001018,ENSCJAG00000010373
ENSMUSG00000076463,ENSCJAG00000076376
ENSMUSG00000107486,ENSCJAG00000013834
ENSMUSG00000022102,ENSCJAG00000020429
ENSMUSG00000039759,ENSCJAG00000000237
ENSMUSG00000076465,ENSCJAG00000085489
ENSMUSG00000076465,ENSCJAG00000060470
ENSMUSG00000001017,ENSCJAG00000010383
ENSMUSG00000095574,ENSCJAG00000062848
ENSMUSG00000095574,ENSCJAG00000086627
ENSMUSG00000095574,ENSCJAG00000057767
ENSMUSG00000047777,ENSCJAG00000063633
ENSMUSG00000076467,ENSCJAG00000066829
ENSMUSG00000076467,ENSCJAG00000036987
ENSMUSG00000094525,ENSCJAG00000062848
ENSMUSG00000094525,ENSCJAG00000086627
ENSMUSG00000094525,ENSCJAG00000057767
ENSMUSG00000076469,ENSCJAG00000066829
ENSMUSG00000076469,ENSCJAG00000036987
ENSMUSG00000076470,ENSCJAG00000066829
ENSMUSG00000076470,ENSCJAG00000036987
ENSMUSG00000073700,ENSCJAG00000047266
ENSMUSG00000076471,ENSCJAG00000074318
ENSMUSG00000076472,ENSCJAG00000047149
ENSMUSG00000076472,ENSCJAG00000084269
ENSMUSG00000076472,ENSCJAG00000061683
ENSMUSG00000047260,ENSCJAG00000007143
ENSMUSG00000028952,ENSCJAG00000000225
ENSMUSG00000076474,ENSCJAG00000075995
ENSMUSG00000040158,ENSCJAG00000007138
ENSMUSG00000076475,ENSCJAG00000064112
ENSMUSG00000022103,ENSCJAG00000020432
ENSMUSG00000076477,ENSCJAG00000045448
ENSMUSG00000051998,ENSCJAG00000006659
ENSMUSG00000076478,ENSCJAG00000068401
ENSMUSG00000076479,ENSCJAG00000068401
ENSMUSG00000026463,ENSCJAG00000006561
ENSMUSG00000032725,ENSCJAG00000015212
ENSMUSG00000076480,ENSCJAG00000085994
ENSMUSG00000020173,ENSCJAG00000013648
ENSMUSG00000054106,ENSCJAG00000045322
ENSMUSG00000036938,ENSCJAG00000045322
ENSMUSG00000028950,ENSCJAG00000000215
ENSMUSG00000071521,ENSCJAG00000045322
ENSMUSG00000028948,ENSCJAG00000042175
ENSMUSG00000044080,ENSCJAG00000080659
ENSMUSG00000071519,ENSCJAG00000045322
ENSMUSG00000042312,ENSCJAG00000010417
ENSMUSG00000058119,ENSCJAG00000045322
ENSMUSG00000071517,ENSCJAG00000045322
ENSMUSG00000074457,ENSCJAG00000071085
ENSMUSG00000036402,ENSCJAG00000077874
ENSMUSG00000084456,ENSCJAG00000057985
ENSMUSG00000094018,ENSCJAG00000067896
ENSMUSG00000001021,ENSCJAG00000086166
ENSMUSG00000001020,ENSCJAG00000083026
ENSMUSG00000078630,ENSCJAG00000046450
ENSMUSG00000001023,ENSCJAG00000046945
ENSMUSG00000001025,ENSCJAG00000009092
ENSMUSG00000051276,ENSCJAG00000022478
ENSMUSG00000027680,ENSCJAG00000012802
ENSMUSG00000042333,ENSCJAG00000002555
ENSMUSG00000036390,ENSCJAG00000083486
ENSMUSG00000036371,ENSCJAG00000035375
ENSMUSG00000036371,ENSCJAG00000017440
ENSMUSG00000048001,ENSCJAG00000002549
ENSMUSG00000033487,ENSCJAG00000008978
ENSMUSG00000029056,ENSCJAG00000002520
ENSMUSG00000119666,ENSCJAG00000062825
ENSMUSG00000119432,ENSCJAG00000062825
ENSMUSG00000084703,ENSCJAG00000042945
ENSMUSG00000066306,ENSCJAG00000015253
ENSMUSG00000089034,ENSCJAG00000030827
ENSMUSG00000090693,ENSCJAG00000000830
ENSMUSG00000005949,ENSCJAG00000007114
ENSMUSG00000119485,ENSCJAG00000062825
ENSMUSG00000032187,ENSCJAG00000005936
ENSMUSG00000025925,ENSCJAG00000047203
ENSMUSG00000032719,ENSCJAG00000040235
ENSMUSG00000084845,ENSCJAG00000037689
ENSMUSG00000067795,ENSCJAG00000038933
ENSMUSG00000048834,ENSCJAG00000077052
ENSMUSG00000028403,ENSCJAG00000041430
ENSMUSG00000018341,ENSCJAG00000017427
ENSMUSG00000070427,ENSCJAG00000015324
ENSMUSG00000005951,ENSCJAG00000007109
ENSMUSG00000015790,ENSCJAG00000009542
ENSMUSG00000038192,ENSCJAG00000012238
ENSMUSG00000030662,ENSCJAG00000004323
ENSMUSG00000025921,ENSCJAG00000043881
ENSMUSG00000044254,ENSCJAG00000015682
ENSMUSG00000064512,ENSCJAG00000074976
ENSMUSG00000064512,ENSCJAG00000025525
ENSMUSG00000064512,ENSCJAG00000084032
ENSMUSG00000078974,ENSCJAG00000051708
ENSMUSG00000076539,ENSCJAG00000059289
ENSMUSG00000076540,ENSCJAG00000059289
ENSMUSG00000025920,ENSCJAG00000009484
ENSMUSG00000027679,ENSCJAG00000012795
ENSMUSG00000027679,ENSCJAG00000085340
ENSMUSG00000027679,ENSCJAG00000002569
ENSMUSG00000027679,ENSCJAG00000077741
ENSMUSG00000027679,ENSCJAG00000071875
ENSMUSG00000027679,ENSCJAG00000083774
ENSMUSG00000076541,ENSCJAG00000059289
ENSMUSG00000094315,ENSCJAG00000059289
ENSMUSG00000025418,ENSCJAG00000042101
ENSMUSG00000076543,ENSCJAG00000059289
ENSMUSG00000085933,ENSCJAG00000015669
ENSMUSG00000076545,ENSCJAG00000059289
ENSMUSG00000073028,ENSCJAG00000059289
ENSMUSG00000028609,ENSCJAG00000042378
ENSMUSG00000119782,ENSCJAG00000087276
ENSMUSG00000076547,ENSCJAG00000059289
ENSMUSG00000001506,ENSCJAG00000003818
ENSMUSG00000074637,ENSCJAG00000008401
ENSMUSG00000076550,ENSCJAG00000059289
ENSMUSG00000094262,ENSCJAG00000059289
ENSMUSG00000025764,ENSCJAG00000003295
ENSMUSG00000075376,ENSCJAG00000020050
ENSMUSG00000076552,ENSCJAG00000059289
ENSMUSG00000094006,ENSCJAG00000059289
ENSMUSG00000030649,ENSCJAG00000069144
ENSMUSG00000030649,ENSCJAG00000067708
ENSMUSG00000095633,ENSCJAG00000059289
ENSMUSG00000062751,ENSCJAG00000045322
ENSMUSG00000028608,ENSCJAG00000004526
ENSMUSG00000057163,ENSCJAG00000045322
ENSMUSG00000025555,ENSCJAG00000004456
ENSMUSG00000033917,ENSCJAG00000054845
ENSMUSG00000076490,ENSCJAG00000085776
ENSMUSG00000033904,ENSCJAG00000009768
ENSMUSG00000063410,ENSCJAG00000004508
ENSMUSG00000076498,ENSCJAG00000085776
ENSMUSG00000065569,ENSCJAG00000026023
ENSMUSG00000009549,ENSCJAG00000073634
ENSMUSG00000029869,ENSCJAG00000018986
ENSMUSG00000025557,ENSCJAG00000020832
ENSMUSG00000038717,ENSCJAG00000042981
ENSMUSG00000038717,ENSCJAG00000070243
ENSMUSG00000038717,ENSCJAG00000083662
ENSMUSG00000038717,ENSCJAG00000076596
ENSMUSG00000038717,ENSCJAG00000086420
ENSMUSG00000038717,ENSCJAG00000081448
ENSMUSG00000038717,ENSCJAG00000055817
ENSMUSG00000077756,ENSCJAG00000024149
ENSMUSG00000066798,ENSCJAG00000020049
ENSMUSG00000005952,ENSCJAG00000007063
ENSMUSG00000050714,ENSCJAG00000021770
ENSMUSG00000059890,ENSCJAG00000013223
ENSMUSG00000040093,ENSCJAG00000054186
ENSMUSG00000030982,ENSCJAG00000009632
ENSMUSG00000037110,ENSCJAG00000005471
ENSMUSG00000029868,ENSCJAG00000009427
ENSMUSG00000039376,ENSCJAG00000001574
ENSMUSG00000028607,ENSCJAG00000004512
ENSMUSG00000008932,ENSCJAG00000004493
ENSMUSG00000029867,ENSCJAG00000009465
ENSMUSG00000020122,ENSCJAG00000000989
ENSMUSG00000029866,ENSCJAG00000009471
ENSMUSG00000028600,ENSCJAG00000064930
ENSMUSG00000002033,ENSCJAG00000043106
ENSMUSG00000032094,ENSCJAG00000013205
ENSMUSG00000089051,ENSCJAG00000084895
ENSMUSG00000089051,ENSCJAG00000082190
ENSMUSG00000089051,ENSCJAG00000077812
ENSMUSG00000028603,ENSCJAG00000004449
ENSMUSG00000039357,ENSCJAG00000001513
ENSMUSG00000055980,ENSCJAG00000012760
ENSMUSG00000063787,ENSCJAG00000001512
ENSMUSG00000032093,ENSCJAG00000013183
ENSMUSG00000026142,ENSCJAG00000012767
ENSMUSG00000043029,ENSCJAG00000038771
ENSMUSG00000021819,ENSCJAG00000001500
ENSMUSG00000030180,ENSCJAG00000006858
ENSMUSG00000044966,ENSCJAG00000006473
ENSMUSG00000032092,ENSCJAG00000053363
ENSMUSG00000004768,ENSCJAG00000010247
ENSMUSG00000020120,ENSCJAG00000006477
ENSMUSG00000040084,ENSCJAG00000036373
ENSMUSG00000070305,ENSCJAG00000013157
ENSMUSG00000048534,ENSCJAG00000013130
ENSMUSG00000044629,ENSCJAG00000039706
ENSMUSG00000033953,ENSCJAG00000006498
ENSMUSG00000023079,ENSCJAG00000016131
ENSMUSG00000042197,ENSCJAG00000010265
ENSMUSG00000077667,ENSCJAG00000029867
ENSMUSG00000030980,ENSCJAG00000009625
ENSMUSG00000030980,ENSCJAG00000006636
ENSMUSG00000074749,ENSCJAG00000005568
ENSMUSG00000078970,ENSCJAG00000044589
ENSMUSG00000070304,ENSCJAG00000074255
ENSMUSG00000046480,ENSCJAG00000072162
ENSMUSG00000119413,ENSCJAG00000086093
ENSMUSG00000037025,ENSCJAG00000005785
ENSMUSG00000073856,ENSCJAG00000009618
ENSMUSG00000071226,ENSCJAG00000017253
ENSMUSG00000028601,ENSCJAG00000004375
ENSMUSG00000032091,ENSCJAG00000013100
ENSMUSG00000020116,ENSCJAG00000006564
ENSMUSG00000020116,ENSCJAG00000067688
ENSMUSG00000074743,ENSCJAG00000005795
ENSMUSG00000027435,ENSCJAG00000005796
ENSMUSG00000042182,ENSCJAG00000010332
ENSMUSG00000035437,ENSCJAG00000020027
ENSMUSG00000008734,ENSCJAG00000009607
ENSMUSG00000000581,ENSCJAG00000006589
ENSMUSG00000091996,ENSCJAG00000069762
ENSMUSG00000030976,ENSCJAG00000071416
ENSMUSG00000026131,ENSCJAG00000010349
ENSMUSG00000016984,ENSCJAG00000006604
ENSMUSG00000039990,ENSCJAG00000012481
ENSMUSG00000032089,ENSCJAG00000013084
ENSMUSG00000004902,ENSCJAG00000017263
ENSMUSG00000089390,ENSCJAG00000074520
ENSMUSG00000019210,ENSCJAG00000017277
ENSMUSG00000019210,ENSCJAG00000084243
ENSMUSG00000037129,ENSCJAG00000013052
ENSMUSG00000070380,ENSCJAG00000023334
ENSMUSG00000020160,ENSCJAG00000006613
ENSMUSG00000009112,ENSCJAG00000017284
ENSMUSG00000066705,ENSCJAG00000043611
ENSMUSG00000004446,ENSCJAG00000017295
ENSMUSG00000034645,ENSCJAG00000004369
ENSMUSG00000030303,ENSCJAG00000046025
ENSMUSG00000059412,ENSCJAG00000042607
ENSMUSG00000039308,ENSCJAG00000001456
ENSMUSG00000030981,ENSCJAG00000012475
ENSMUSG00000034636,ENSCJAG00000021583
ENSMUSG00000030979,ENSCJAG00000012453
ENSMUSG00000038807,ENSCJAG00000012239
ENSMUSG00000039555,ENSCJAG00000016490
ENSMUSG00000030304,ENSCJAG00000038585
ENSMUSG00000054752,ENSCJAG00000016800
ENSMUSG00000026915,ENSCJAG00000019997
ENSMUSG00000021820,ENSCJAG00000001401
ENSMUSG00000079469,ENSCJAG00000002283
ENSMUSG00000030983,ENSCJAG00000012411
ENSMUSG00000057280,ENSCJAG00000017434
ENSMUSG00000053111,ENSCJAG00000012335
ENSMUSG00000032418,ENSCJAG00000009064
ENSMUSG00002076252,ENSCJAG00000064766
ENSMUSG00002076252,ENSCJAG00000081373
ENSMUSG00002076252,ENSCJAG00000085620
ENSMUSG00002076252,ENSCJAG00000074668
ENSMUSG00002076252,ENSCJAG00000087032
ENSMUSG00002076252,ENSCJAG00000081523
ENSMUSG00002076252,ENSCJAG00000058853
ENSMUSG00002076252,ENSCJAG00000064528
ENSMUSG00002076252,ENSCJAG00000077419
ENSMUSG00002076252,ENSCJAG00000082623
ENSMUSG00002076252,ENSCJAG00000083841
ENSMUSG00002076252,ENSCJAG00000082851
ENSMUSG00002076252,ENSCJAG00000073166
ENSMUSG00002076252,ENSCJAG00000073491
ENSMUSG00002076252,ENSCJAG00000083630
ENSMUSG00002076252,ENSCJAG00000081708
ENSMUSG00002076252,ENSCJAG00000081895
ENSMUSG00002076252,ENSCJAG00000064517
ENSMUSG00002076252,ENSCJAG00000073957
ENSMUSG00002076252,ENSCJAG00000085963
ENSMUSG00002076252,ENSCJAG00000053899
ENSMUSG00000020152,ENSCJAG00000006722
ENSMUSG00000030986,ENSCJAG00000012356
ENSMUSG00000033419,ENSCJAG00000015128
ENSMUSG00000033156,ENSCJAG00000036809
ENSMUSG00000020149,ENSCJAG00000063639
ENSMUSG00000020149,ENSCJAG00000046275
ENSMUSG00000035403,ENSCJAG00000006432
ENSMUSG00000008305,ENSCJAG00000003424
ENSMUSG00000020741,ENSCJAG00000012281
ENSMUSG00000035392,ENSCJAG00000006461
ENSMUSG00000030603,ENSCJAG00000014417
ENSMUSG00000030306,ENSCJAG00000042593
ENSMUSG00000039983,ENSCJAG00000083760
ENSMUSG00000027324,ENSCJAG00000020841
ENSMUSG00000000247,ENSCJAG00000006496
ENSMUSG00000027326,ENSCJAG00000020831
ENSMUSG00000046865,ENSCJAG00000040785
ENSMUSG00000063171,ENSCJAG00000076754
ENSMUSG00000063171,ENSCJAG00000075402
ENSMUSG00002075669,ENSCJAG00000023559
ENSMUSG00000039841,ENSCJAG00000017598
ENSMUSG00000044066,ENSCJAG00000006788
ENSMUSG00000002409,ENSCJAG00000014325
ENSMUSG00000029708,ENSCJAG00000017602
ENSMUSG00000095654,ENSCJAG00000001534
ENSMUSG00000028402,ENSCJAG00000011950
ENSMUSG00000032369,ENSCJAG00000001542
ENSMUSG00000020440,ENSCJAG00000017604
ENSMUSG00000033059,ENSCJAG00000011698
ENSMUSG00000020142,ENSCJAG00000006795
ENSMUSG00000029707,ENSCJAG00000017639
ENSMUSG00000021822,ENSCJAG00000001364
ENSMUSG00000029706,ENSCJAG00000017652
ENSMUSG00000032372,ENSCJAG00000001542
ENSMUSG00000020745,ENSCJAG00000012325
ENSMUSG00000046058,ENSCJAG00000044495
ENSMUSG00000070705,ENSCJAG00000014402
ENSMUSG00000046750,ENSCJAG00000042836
ENSMUSG00000021823,ENSCJAG00000001337
ENSMUSG00000074139,ENSCJAG00000001542
ENSMUSG00000003436,ENSCJAG00000014280
ENSMUSG00000032377,ENSCJAG00000041138
ENSMUSG00000003438,ENSCJAG00000014276
ENSMUSG00000027323,ENSCJAG00000020821
ENSMUSG00000049800,ENSCJAG00000006818
ENSMUSG00000021824,ENSCJAG00000001319
ENSMUSG00000032374,ENSCJAG00000001578
ENSMUSG00000010554,ENSCJAG00000012375
ENSMUSG00000003435,ENSCJAG00000014182
ENSMUSG00000032046,ENSCJAG00000011654
ENSMUSG00000057137,ENSCJAG00000048255
ENSMUSG00000046806,ENSCJAG00000012428
ENSMUSG00000038893,ENSCJAG00000007066
ENSMUSG00000084506,ENSCJAG00000046044
ENSMUSG00000089005,ENSCJAG00000033451
ENSMUSG00000032584,ENSCJAG00000004544
ENSMUSG00000058486,ENSCJAG00000012439
ENSMUSG00000026127,ENSCJAG00000004623
ENSMUSG00000070730,ENSCJAG00000020807
ENSMUSG00000000282,ENSCJAG00000012389
ENSMUSG00000032936,ENSCJAG00000004464
ENSMUSG00000049659,ENSCJAG00000006819
ENSMUSG00000046814,ENSCJAG00000082989
ENSMUSG00000029848,ENSCJAG00000012515
ENSMUSG00000034278,ENSCJAG00000020803
ENSMUSG00000026126,ENSCJAG00000004585
ENSMUSG00000032586,ENSCJAG00000004415
ENSMUSG00000055926,ENSCJAG00000067811
ENSMUSG00000068580,ENSCJAG00000020801
ENSMUSG00000025479,ENSCJAG00000004874
ENSMUSG00000038784,ENSCJAG00000012532
ENSMUSG00000032596,ENSCJAG00000004368
ENSMUSG00000042363,ENSCJAG00000006878
ENSMUSG00000026124,ENSCJAG00000011112
ENSMUSG00000025480,ENSCJAG00000004839
ENSMUSG00000027317,ENSCJAG00000020799
ENSMUSG00000038351,ENSCJAG00000012412
ENSMUSG00000027315,ENSCJAG00000042881
ENSMUSG00000119706,ENSCJAG00000028720
ENSMUSG00000050122,ENSCJAG00000011401
ENSMUSG00000038801,ENSCJAG00000000911
ENSMUSG00000025482,ENSCJAG00000000901
ENSMUSG00000061525,ENSCJAG00000078235
ENSMUSG00000061525,ENSCJAG00000071689
ENSMUSG00000061525,ENSCJAG00000076576
ENSMUSG00000061525,ENSCJAG00000084010
ENSMUSG00000061525,ENSCJAG00000070665
ENSMUSG00000061525,ENSCJAG00000075712
ENSMUSG00000061525,ENSCJAG00000078947
ENSMUSG00000061525,ENSCJAG00000077015
ENSMUSG00000061525,ENSCJAG00000083764
ENSMUSG00000061525,ENSCJAG00000082871
ENSMUSG00000061525,ENSCJAG00000070049
ENSMUSG00000034226,ENSCJAG00000064184
ENSMUSG00000025484,ENSCJAG00000082846
ENSMUSG00000025484,ENSCJAG00000000895
ENSMUSG00000034216,ENSCJAG00000020789
ENSMUSG00000026114,ENSCJAG00000007236
ENSMUSG00000025485,ENSCJAG00000005651
ENSMUSG00000063972,ENSCJAG00000006631
ENSMUSG00000020134,ENSCJAG00000006889
ENSMUSG00000026113,ENSCJAG00000007145
ENSMUSG00000038759,ENSCJAG00000012599
ENSMUSG00000025486,ENSCJAG00000005639
ENSMUSG00000038335,ENSCJAG00000012456
ENSMUSG00000027314,ENSCJAG00000020781
ENSMUSG00000042106,ENSCJAG00000004364
ENSMUSG00002075421,ENSCJAG00000027160
ENSMUSG00002075421,ENSCJAG00000027262
ENSMUSG00000032595,ENSCJAG00000004354
ENSMUSG00000027313,ENSCJAG00000061523
ENSMUSG00000025487,ENSCJAG00000005613
ENSMUSG00000077493,ENSCJAG00000065549
ENSMUSG00000077637,ENSCJAG00000051261
ENSMUSG00000020128,ENSCJAG00000006914
ENSMUSG00000032594,ENSCJAG00000004332
ENSMUSG00000073155,ENSCJAG00000071818
ENSMUSG00000065578,ENSCJAG00000025866
ENSMUSG00000046618,ENSCJAG00000006668
ENSMUSG00000029843,ENSCJAG00000012731
ENSMUSG00000032966,ENSCJAG00000020908
ENSMUSG00000032966,ENSCJAG00000077907
ENSMUSG00000047420,ENSCJAG00000044004
ENSMUSG00000029840,ENSCJAG00000071086
ENSMUSG00000042810,ENSCJAG00000010331
ENSMUSG00000070284,ENSCJAG00000004306
ENSMUSG00000035295,ENSCJAG00000006695
ENSMUSG00000038745,ENSCJAG00000005581
ENSMUSG00000041528,ENSCJAG00000004025
ENSMUSG00000027456,ENSCJAG00000020901
ENSMUSG00000062031,ENSCJAG00000005515
ENSMUSG00000062997,ENSCJAG00000006724
ENSMUSG00000001323,ENSCJAG00000012478
ENSMUSG00000034154,ENSCJAG00000073079
ENSMUSG00000034154,ENSCJAG00000020770
ENSMUSG00000059049,ENSCJAG00000012240
ENSMUSG00000025489,ENSCJAG00000039290
ENSMUSG00000060591,ENSCJAG00000078879
ENSMUSG00000060591,ENSCJAG00000071553
ENSMUSG00000060591,ENSCJAG00000070647
ENSMUSG00000060591,ENSCJAG00000083961
ENSMUSG00000060591,ENSCJAG00000072282
ENSMUSG00000060591,ENSCJAG00000084962
ENSMUSG00000060591,ENSCJAG00000083257
ENSMUSG00000060591,ENSCJAG00000083522
ENSMUSG00000060591,ENSCJAG00000077319
ENSMUSG00000060591,ENSCJAG00000044209
ENSMUSG00000060591,ENSCJAG00000085591
ENSMUSG00000060591,ENSCJAG00000078416
ENSMUSG00000068551,ENSCJAG00000010366
ENSMUSG00000025491,ENSCJAG00000078879
ENSMUSG00000025491,ENSCJAG00000071553
ENSMUSG00000025491,ENSCJAG00000070647
ENSMUSG00000025491,ENSCJAG00000083961
ENSMUSG00000025491,ENSCJAG00000072282
ENSMUSG00000025491,ENSCJAG00000084962
ENSMUSG00000025491,ENSCJAG00000083257
ENSMUSG00000025491,ENSCJAG00000083522
ENSMUSG00000025491,ENSCJAG00000077319
ENSMUSG00000025491,ENSCJAG00000044209
ENSMUSG00000025491,ENSCJAG00000085591
ENSMUSG00000025491,ENSCJAG00000078416
ENSMUSG00000025492,ENSCJAG00000078879
ENSMUSG00000025492,ENSCJAG00000071553
ENSMUSG00000025492,ENSCJAG00000070647
ENSMUSG00000025492,ENSCJAG00000083961
ENSMUSG00000025492,ENSCJAG00000072282
ENSMUSG00000025492,ENSCJAG00000084962
ENSMUSG00000025492,ENSCJAG00000083257
ENSMUSG00000025492,ENSCJAG00000083522
ENSMUSG00000025492,ENSCJAG00000077319
ENSMUSG00000025492,ENSCJAG00000044209
ENSMUSG00000025492,ENSCJAG00000085591
ENSMUSG00000025492,ENSCJAG00000078416
ENSMUSG00000055629,ENSCJAG00000020472
ENSMUSG00000026755,ENSCJAG00000006730
ENSMUSG00000026755,ENSCJAG00000023052
ENSMUSG00000029797,ENSCJAG00000010385
ENSMUSG00000001891,ENSCJAG00000006960
ENSMUSG00000048647,ENSCJAG00000020765
ENSMUSG00000054065,ENSCJAG00000020467
ENSMUSG00000028514,ENSCJAG00000015739
ENSMUSG00000026112,ENSCJAG00000069683
ENSMUSG00000026111,ENSCJAG00000007132
ENSMUSG00000038290,ENSCJAG00000001820
ENSMUSG00000025494,ENSCJAG00000020463
ENSMUSG00000026072,ENSCJAG00000008354
ENSMUSG00000001089,ENSCJAG00000005604
ENSMUSG00000074704,ENSCJAG00000020893
ENSMUSG00000070942,ENSCJAG00000008327
ENSMUSG00000088719,ENSCJAG00000045981
ENSMUSG00000036940,ENSCJAG00000005607
ENSMUSG00000036940,ENSCJAG00000066060
ENSMUSG00000020321,ENSCJAG00000021865
ENSMUSG00000020321,ENSCJAG00000007018
ENSMUSG00000054662,ENSCJAG00000080422
ENSMUSG00000014077,ENSCJAG00000020761
ENSMUSG00000026069,ENSCJAG00000008308
ENSMUSG00000020319,ENSCJAG00000007061
ENSMUSG00000087035,ENSCJAG00000063981
ENSMUSG00000044364,ENSCJAG00000020890
ENSMUSG00002076275,ENSCJAG00000025601
ENSMUSG00000032593,ENSCJAG00000062803
ENSMUSG00000072980,ENSCJAG00000020760
ENSMUSG00000032591,ENSCJAG00000004098
ENSMUSG00000039347,ENSCJAG00000010462
ENSMUSG00000032869,ENSCJAG00000020886
ENSMUSG00000073096,ENSCJAG00000044973
ENSMUSG00000026070,ENSCJAG00000008271
ENSMUSG00000009281,ENSCJAG00000010322
ENSMUSG00000027306,ENSCJAG00000020755
ENSMUSG00000026068,ENSCJAG00000008255
ENSMUSG00000005917,ENSCJAG00000083222
ENSMUSG00000052751,ENSCJAG00000010483
ENSMUSG00000036921,ENSCJAG00000045285
ENSMUSG00000070683,ENSCJAG00000005691
ENSMUSG00000042302,ENSCJAG00000008586
ENSMUSG00000049225,ENSCJAG00000053295
ENSMUSG00000026065,ENSCJAG00000008163
ENSMUSG00000112600,ENSCJAG00000000301
ENSMUSG00000112600,ENSCJAG00000041374
ENSMUSG00000112600,ENSCJAG00000047635
ENSMUSG00000071195,ENSCJAG00000000301
ENSMUSG00000071195,ENSCJAG00000041374
ENSMUSG00000071195,ENSCJAG00000047635
ENSMUSG00000064906,ENSCJAG00000082714
ENSMUSG00000027305,ENSCJAG00000020751
ENSMUSG00000064262,ENSCJAG00000010511
ENSMUSG00000042570,ENSCJAG00000076306
ENSMUSG00000042570,ENSCJAG00000041949
ENSMUSG00000049488,ENSCJAG00000000105
ENSMUSG00000055322,ENSCJAG00000018487
ENSMUSG00000055027,ENSCJAG00000019356
ENSMUSG00000026754,ENSCJAG00000006745
ENSMUSG00000030378,ENSCJAG00000005269
ENSMUSG00000032589,ENSCJAG00000004003
ENSMUSG00000049904,ENSCJAG00000045778
ENSMUSG00000035640,ENSCJAG00000038778
ENSMUSG00000052137,ENSCJAG00000000124
ENSMUSG00000057058,ENSCJAG00000007504
ENSMUSG00000039952,ENSCJAG00000065054
ENSMUSG00000046637,ENSCJAG00000002648
ENSMUSG00000053012,ENSCJAG00000019366
ENSMUSG00000058183,ENSCJAG00000002584
ENSMUSG00000033392,ENSCJAG00000012094
ENSMUSG00000035242,ENSCJAG00000013227
ENSMUSG00000053977,ENSCJAG00000019376
ENSMUSG00000020014,ENSCJAG00000002500
ENSMUSG00000119899,ENSCJAG00000080945
ENSMUSG00000035236,ENSCJAG00000006789
ENSMUSG00000002222,ENSCJAG00000019387
ENSMUSG00000058200,ENSCJAG00000059664
ENSMUSG00000001444,ENSCJAG00000007796
ENSMUSG00000066262,ENSCJAG00000059663
ENSMUSG00000073932,ENSCJAG00000055774
ENSMUSG00000052656,ENSCJAG00000037995
ENSMUSG00000038517,ENSCJAG00000045710
ENSMUSG00000053119,ENSCJAG00000019406
ENSMUSG00000073931,ENSCJAG00000054501
ENSMUSG00000051618,ENSCJAG00000020177
ENSMUSG00000061815,ENSCJAG00000018480
ENSMUSG00000053470,ENSCJAG00000019414
ENSMUSG00000001440,ENSCJAG00000007834
ENSMUSG00000042909,ENSCJAG00000021779
ENSMUSG00000052798,ENSCJAG00000007309
ENSMUSG00000081859,ENSCJAG00000070421
ENSMUSG00000072244,ENSCJAG00000020117
ENSMUSG00000026753,ENSCJAG00000006827
ENSMUSG00000026180,ENSCJAG00000000744
ENSMUSG00000029059,ENSCJAG00000002562
ENSMUSG00000048480,ENSCJAG00000046986
ENSMUSG00000118939,ENSCJAG00000042545
ENSMUSG00000006304,ENSCJAG00000010746
ENSMUSG00000028763,ENSCJAG00000005940
ENSMUSG00000049252,ENSCJAG00000012158
ENSMUSG00000088658,ENSCJAG00000054807
ENSMUSG00000001441,ENSCJAG00000007985
ENSMUSG00000066258,ENSCJAG00000077687
ENSMUSG00000030057,ENSCJAG00000017430
ENSMUSG00000057143,ENSCJAG00000077687
ENSMUSG00000064272,ENSCJAG00000022440
ENSMUSG00000025395,ENSCJAG00000010662
ENSMUSG00000006299,ENSCJAG00000010793
ENSMUSG00002074911,ENSCJAG00000054807
ENSMUSG00000078616,ENSCJAG00000077687
ENSMUSG00000030921,ENSCJAG00000077687
ENSMUSG00000057596,ENSCJAG00000077687
ENSMUSG00000040033,ENSCJAG00000011101
ENSMUSG00000026179,ENSCJAG00000073364
ENSMUSG00000101436,ENSCJAG00000078235
ENSMUSG00000101436,ENSCJAG00000071689
ENSMUSG00000101436,ENSCJAG00000076576
ENSMUSG00000101436,ENSCJAG00000084010
ENSMUSG00000101436,ENSCJAG00000070665
ENSMUSG00000101436,ENSCJAG00000075712
ENSMUSG00000101436,ENSCJAG00000078947
ENSMUSG00000101436,ENSCJAG00000077015
ENSMUSG00000101436,ENSCJAG00000083764
ENSMUSG00000101436,ENSCJAG00000082871
ENSMUSG00000101436,ENSCJAG00000070049
ENSMUSG00000109516,ENSCJAG00000078235
ENSMUSG00000109516,ENSCJAG00000071689
ENSMUSG00000109516,ENSCJAG00000076576
ENSMUSG00000109516,ENSCJAG00000084010
ENSMUSG00000109516,ENSCJAG00000070665
ENSMUSG00000109516,ENSCJAG00000075712
ENSMUSG00000109516,ENSCJAG00000078947
ENSMUSG00000109516,ENSCJAG00000077015
ENSMUSG00000109516,ENSCJAG00000083764
ENSMUSG00000109516,ENSCJAG00000082871
ENSMUSG00000109516,ENSCJAG00000070049
ENSMUSG00000030084,ENSCJAG00000011377
ENSMUSG00000028454,ENSCJAG00000009085
ENSMUSG00000059772,ENSCJAG00000072749
ENSMUSG00000049422,ENSCJAG00000010824
ENSMUSG00000050157,ENSCJAG00000010833
ENSMUSG00000047721,ENSCJAG00000046520
ENSMUSG00000018882,ENSCJAG00000008080
ENSMUSG00000000903,ENSCJAG00000010848
ENSMUSG00000030707,ENSCJAG00000006672
ENSMUSG00000056579,ENSCJAG00000069916
ENSMUSG00000049744,ENSCJAG00000012381
ENSMUSG00000073408,ENSCJAG00000081019
ENSMUSG00000009741,ENSCJAG00000012030
ENSMUSG00000030086,ENSCJAG00000011355
ENSMUSG00000006301,ENSCJAG00000010850
ENSMUSG00000034543,ENSCJAG00000010729
ENSMUSG00000028614,ENSCJAG00000073798
ENSMUSG00000028614,ENSCJAG00000004707
ENSMUSG00000057729,ENSCJAG00000045700
ENSMUSG00000001151,ENSCJAG00000075934
ENSMUSG00000000811,ENSCJAG00000011289
ENSMUSG00000015659,ENSCJAG00000003587
ENSMUSG00002075923,ENSCJAG00000063522
ENSMUSG00000036890,ENSCJAG00000012421
ENSMUSG00000033364,ENSCJAG00000010983
ENSMUSG00000063065,ENSCJAG00000006770
ENSMUSG00002076258,ENSCJAG00000076462
ENSMUSG00002076258,ENSCJAG00000028118
ENSMUSG00002076258,ENSCJAG00000085478
ENSMUSG00002076258,ENSCJAG00000081811
ENSMUSG00002076258,ENSCJAG00000087036
ENSMUSG00000034762,ENSCJAG00000004690
ENSMUSG00000057113,ENSCJAG00000046459
ENSMUSG00000057113,ENSCJAG00000019334
ENSMUSG00000032507,ENSCJAG00000012006
ENSMUSG00000030096,ENSCJAG00000016992
ENSMUSG00000026872,ENSCJAG00000012457
ENSMUSG00000034345,ENSCJAG00000079637
ENSMUSG00000034377,ENSCJAG00000003653
ENSMUSG00000030703,ENSCJAG00000006809
ENSMUSG00000028610,ENSCJAG00000004682
ENSMUSG00000042675,ENSCJAG00000006829
ENSMUSG00000030098,ENSCJAG00000017014
ENSMUSG00000086596,ENSCJAG00000043079
ENSMUSG00000049969,ENSCJAG00000047758
ENSMUSG00000053820,ENSCJAG00000007569
ENSMUSG00000040610,ENSCJAG00000038714
ENSMUSG00000047409,ENSCJAG00000012699
ENSMUSG00000018925,ENSCJAG00000015007
ENSMUSG00000050323,ENSCJAG00000005958
ENSMUSG00000026174,ENSCJAG00000011079
ENSMUSG00000095869,ENSCJAG00000013876
ENSMUSG00000038141,ENSCJAG00000047353
ENSMUSG00000030699,ENSCJAG00000035904
ENSMUSG00000035042,ENSCJAG00000065875
ENSMUSG00000026173,ENSCJAG00000038890
ENSMUSG00000019122,ENSCJAG00000063189
ENSMUSG00000033126,ENSCJAG00000080541
ENSMUSG00000028211,ENSCJAG00000042074
ENSMUSG00000030697,ENSCJAG00000006846
ENSMUSG00000001150,ENSCJAG00000001770
ENSMUSG00000018927,ENSCJAG00000063189
ENSMUSG00000035769,ENSCJAG00000010114
ENSMUSG00000000982,ENSCJAG00000015069
ENSMUSG00000028212,ENSCJAG00000000011
ENSMUSG00000092074,ENSCJAG00000077634
ENSMUSG00000034083,ENSCJAG00000017045
ENSMUSG00000058966,ENSCJAG00000085791
ENSMUSG00000094843,ENSCJAG00000013876
ENSMUSG00000020936,ENSCJAG00000012649
ENSMUSG00000029126,ENSCJAG00000044504
ENSMUSG00000033105,ENSCJAG00000086602
ENSMUSG00000020937,ENSCJAG00000012703
ENSMUSG00000052155,ENSCJAG00000012496
ENSMUSG00000034063,ENSCJAG00000017083
ENSMUSG00000045989,ENSCJAG00000006902
ENSMUSG00000029127,ENSCJAG00000000119
ENSMUSG00000052301,ENSCJAG00000006908
ENSMUSG00000061393,ENSCJAG00000010067
ENSMUSG00000034037,ENSCJAG00000017099
ENSMUSG00000040738,ENSCJAG00000000015
ENSMUSG00000026761,ENSCJAG00000012561
ENSMUSG00000043372,ENSCJAG00000084946
ENSMUSG00000043372,ENSCJAG00000076912
ENSMUSG00000043372,ENSCJAG00000083780
ENSMUSG00000055805,ENSCJAG00000012745
ENSMUSG00000030689,ENSCJAG00000006954
ENSMUSG00000034533,ENSCJAG00000031394
ENSMUSG00000067367,ENSCJAG00000000114
ENSMUSG00000009115,ENSCJAG00000085076
ENSMUSG00000020246,ENSCJAG00000014569
ENSMUSG00000020248,ENSCJAG00000033058
ENSMUSG00000026135,ENSCJAG00000011145
ENSMUSG00000005893,ENSCJAG00000017131
ENSMUSG00000042606,ENSCJAG00000006978
ENSMUSG00000059981,ENSCJAG00000006995
ENSMUSG00000020250,ENSCJAG00000014635
ENSMUSG00000067365,ENSCJAG00000000112
ENSMUSG00000014551,ENSCJAG00000017160
ENSMUSG00000036792,ENSCJAG00000012594
ENSMUSG00000026172,ENSCJAG00000011149
ENSMUSG00000014550,ENSCJAG00000017163
ENSMUSG00000060538,ENSCJAG00000007082
ENSMUSG00000039358,ENSCJAG00000000106
ENSMUSG00000005107,ENSCJAG00000000103
ENSMUSG00000078234,ENSCJAG00000047325
ENSMUSG00000040972,ENSCJAG00000007559
ENSMUSG00000026171,ENSCJAG00000011192
ENSMUSG00000005892,ENSCJAG00000047087
ENSMUSG00000020941,ENSCJAG00000012775
ENSMUSG00000040964,ENSCJAG00000007586
ENSMUSG00000012396,ENSCJAG00000018999
ENSMUSG00000034115,ENSCJAG00000009856
ENSMUSG00000064734,ENSCJAG00000079473
ENSMUSG00000030685,ENSCJAG00000007098
ENSMUSG00000034247,ENSCJAG00000012852
ENSMUSG00000046378,ENSCJAG00000087331
ENSMUSG00000030683,ENSCJAG00000007113
ENSMUSG00000069495,ENSCJAG00000012637
ENSMUSG00000032512,ENSCJAG00000009759
ENSMUSG00000034255,ENSCJAG00000012810
ENSMUSG00000033276,ENSCJAG00000011237
ENSMUSG00000006498,ENSCJAG00000020162
ENSMUSG00000003154,ENSCJAG00000018955
ENSMUSG00000040552,ENSCJAG00000083855
ENSMUSG00000030327,ENSCJAG00000018934
ENSMUSG00000026764,ENSCJAG00000003053
ENSMUSG00000051596,ENSCJAG00000000107
ENSMUSG00000049037,ENSCJAG00000018929
ENSMUSG00000036964,ENSCJAG00000016765
ENSMUSG00000029447,ENSCJAG00000021279
ENSMUSG00000020455,ENSCJAG00000016757
ENSMUSG00000029673,ENSCJAG00000005161
ENSMUSG00000056895,ENSCJAG00000071519
ENSMUSG00000080712,ENSCJAG00000077602
ENSMUSG00000078851,ENSCJAG00000083637
ENSMUSG00000049928,ENSCJAG00000012719
ENSMUSG00000030682,ENSCJAG00000045120
ENSMUSG00000004415,ENSCJAG00000016061
ENSMUSG00000092035,ENSCJAG00000033086
ENSMUSG00000092035,ENSCJAG00000056630
ENSMUSG00000017978,ENSCJAG00000017339
ENSMUSG00000020907,ENSCJAG00000012758
ENSMUSG00000097886,ENSCJAG00000012714
ENSMUSG00000033044,ENSCJAG00000012700
ENSMUSG00000033066,ENSCJAG00000012759
ENSMUSG00000030680,ENSCJAG00000007182
ENSMUSG00000050447,ENSCJAG00000055489
ENSMUSG00000107068,ENSCJAG00000007182
ENSMUSG00000052336,ENSCJAG00000009704
ENSMUSG00000045114,ENSCJAG00000007186
ENSMUSG00000033257,ENSCJAG00000011294
ENSMUSG00000032513,ENSCJAG00000009752
ENSMUSG00000026766,ENSCJAG00000038643
ENSMUSG00000026766,ENSCJAG00000003086
ENSMUSG00000030678,ENSCJAG00000007189
ENSMUSG00000040945,ENSCJAG00000007706
ENSMUSG00000007987,ENSCJAG00000047492
ENSMUSG00000030677,ENSCJAG00000007193
ENSMUSG00000030677,ENSCJAG00000035174
ENSMUSG00000065537,ENSCJAG00000028832
ENSMUSG00000038268,ENSCJAG00000001837
ENSMUSG00000078789,ENSCJAG00000039332
ENSMUSG00000019054,ENSCJAG00000016053
ENSMUSG00000017144,ENSCJAG00000045984
ENSMUSG00000049350,ENSCJAG00000007220
ENSMUSG00000026170,ENSCJAG00000011342
ENSMUSG00000036249,ENSCJAG00000003125
ENSMUSG00000045165,ENSCJAG00000038222
ENSMUSG00000028683,ENSCJAG00000004386
ENSMUSG00000028683,ENSCJAG00000082267
ENSMUSG00000030674,ENSCJAG00000007227
ENSMUSG00000001739,ENSCJAG00000016040
ENSMUSG00000051457,ENSCJAG00000081281
ENSMUSG00000006542,ENSCJAG00000011362
ENSMUSG00000092905,ENSCJAG00000064766
ENSMUSG00000092905,ENSCJAG00000081373
ENSMUSG00000092905,ENSCJAG00000085620
ENSMUSG00000092905,ENSCJAG00000074668
ENSMUSG00000092905,ENSCJAG00000087032
ENSMUSG00000092905,ENSCJAG00000081523
ENSMUSG00000092905,ENSCJAG00000058853
ENSMUSG00000092905,ENSCJAG00000064528
ENSMUSG00000092905,ENSCJAG00000077419
ENSMUSG00000092905,ENSCJAG00000082623
ENSMUSG00000092905,ENSCJAG00000083841
ENSMUSG00000092905,ENSCJAG00000082851
ENSMUSG00000092905,ENSCJAG00000073166
ENSMUSG00000092905,ENSCJAG00000073491
ENSMUSG00000092905,ENSCJAG00000083630
ENSMUSG00000092905,ENSCJAG00000081708
ENSMUSG00000092905,ENSCJAG00000081895
ENSMUSG00000092905,ENSCJAG00000064517
ENSMUSG00000092905,ENSCJAG00000073957
ENSMUSG00000092905,ENSCJAG00000085963
ENSMUSG00000092905,ENSCJAG00000053899
ENSMUSG00000042502,ENSCJAG00000007235
ENSMUSG00000059518,ENSCJAG00000016034
ENSMUSG00000045287,ENSCJAG00000001844
ENSMUSG00000043099,ENSCJAG00000042739
ENSMUSG00000026946,ENSCJAG00000003127
ENSMUSG00000028681,ENSCJAG00000004303
ENSMUSG00000035455,ENSCJAG00000079608
ENSMUSG00000042492,ENSCJAG00000007260
ENSMUSG00000032515,ENSCJAG00000009708
ENSMUSG00000018654,ENSCJAG00000010988
ENSMUSG00000004846,ENSCJAG00000016006
ENSMUSG00000079243,ENSCJAG00000009706
ENSMUSG00000073771,ENSCJAG00000004296
ENSMUSG00000030672,ENSCJAG00000002571
ENSMUSG00000032519,ENSCJAG00000009692
ENSMUSG00000033227,ENSCJAG00000011399
ENSMUSG00000053475,ENSCJAG00000003134
ENSMUSG00000026167,ENSCJAG00000011403
ENSMUSG00000047671,ENSCJAG00000062172
ENSMUSG00000037428,ENSCJAG00000074993
ENSMUSG00000036202,ENSCJAG00000003138
ENSMUSG00000026197,ENSCJAG00000011503
ENSMUSG00000030515,ENSCJAG00000017350
ENSMUSG00000028680,ENSCJAG00000004232
ENSMUSG00000004849,ENSCJAG00000015968
ENSMUSG00000054027,ENSCJAG00000014428
ENSMUSG00000032518,ENSCJAG00000083473
ENSMUSG00000032518,ENSCJAG00000009675
ENSMUSG00000043279,ENSCJAG00000015951
ENSMUSG00000063320,ENSCJAG00000059826
ENSMUSG00000063320,ENSCJAG00000078273
ENSMUSG00000046095,ENSCJAG00000037849
ENSMUSG00000078681,ENSCJAG00000017340
ENSMUSG00000023328,ENSCJAG00000014906
ENSMUSG00000020048,ENSCJAG00000014455
ENSMUSG00000065041,ENSCJAG00000023559
ENSMUSG00000064925,ENSCJAG00000085131
ENSMUSG00000064925,ENSCJAG00000082356
ENSMUSG00000049287,ENSCJAG00000016749
ENSMUSG00000043448,ENSCJAG00000016746
ENSMUSG00000020444,ENSCJAG00000016738
ENSMUSG00000051502,ENSCJAG00000054818
ENSMUSG00000047675,ENSCJAG00000004197
ENSMUSG00000047675,ENSCJAG00000081541
ENSMUSG00000047675,ENSCJAG00000077492
ENSMUSG00000023348,ENSCJAG00000014944
ENSMUSG00000026198,ENSCJAG00000011512
ENSMUSG00000030513,ENSCJAG00000017309
ENSMUSG00000064542,ENSCJAG00000025422
ENSMUSG00000064542,ENSCJAG00000080614
ENSMUSG00000064542,ENSCJAG00000061807
ENSMUSG00000064542,ENSCJAG00000086702
ENSMUSG00000065680,ENSCJAG00000051660
ENSMUSG00000064751,ENSCJAG00000024761
ENSMUSG00000092680,ENSCJAG00000084168
ENSMUSG00000092680,ENSCJAG00000081907
ENSMUSG00000028678,ENSCJAG00000004086
ENSMUSG00000037344,ENSCJAG00000014963
ENSMUSG00000026950,ENSCJAG00000003175
ENSMUSG00000050912,ENSCJAG00000003801
ENSMUSG00000036860,ENSCJAG00000016730
ENSMUSG00000057367,ENSCJAG00000003804
ENSMUSG00000029710,ENSCJAG00000014974
ENSMUSG00000020441,ENSCJAG00000016721
ENSMUSG00000033124,ENSCJAG00000011523
ENSMUSG00000048076,ENSCJAG00000041786
ENSMUSG00000032000,ENSCJAG00000000654
ENSMUSG00000020549,ENSCJAG00000004542
ENSMUSG00000053110,ENSCJAG00000000627
ENSMUSG00000053110,ENSCJAG00000079730
ENSMUSG00000119227,ENSCJAG00000069813
ENSMUSG00000030512,ENSCJAG00000039521
ENSMUSG00000030512,ENSCJAG00000017268
ENSMUSG00000119142,ENSCJAG00000069813
ENSMUSG00000119459,ENSCJAG00000069813
ENSMUSG00000060268,ENSCJAG00000004070
ENSMUSG00000060487,ENSCJAG00000019536
ENSMUSG00000048772,ENSCJAG00000046876
ENSMUSG00000029019,ENSCJAG00000013447
ENSMUSG00000030792,ENSCJAG00000000102
ENSMUSG00000041616,ENSCJAG00000013443
ENSMUSG00000029016,ENSCJAG00000013347
ENSMUSG00000030796,ENSCJAG00000000104
ENSMUSG00000053070,ENSCJAG00000000623
ENSMUSG00000026199,ENSCJAG00000011574
ENSMUSG00000040729,ENSCJAG00000000621
ENSMUSG00000033389,ENSCJAG00000004605
ENSMUSG00000031997,ENSCJAG00000000595
ENSMUSG00000065524,ENSCJAG00000023792
ENSMUSG00000026200,ENSCJAG00000011433
ENSMUSG00000093227,ENSCJAG00000028303
ENSMUSG00000030798,ENSCJAG00000047922
ENSMUSG00000029009,ENSCJAG00000013334
ENSMUSG00000019853,ENSCJAG00000045852
ENSMUSG00000019852,ENSCJAG00000019028
ENSMUSG00000033335,ENSCJAG00000006319
ENSMUSG00000076499,ENSCJAG00000067371
ENSMUSG00000029007,ENSCJAG00000013319
ENSMUSG00000076525,ENSCJAG00000013875
ENSMUSG00000029005,ENSCJAG00000013304
ENSMUSG00000076536,ENSCJAG00000059289
ENSMUSG00000020542,ENSCJAG00000004683
ENSMUSG00000076572,ENSCJAG00000047060
ENSMUSG00000088281,ENSCJAG00000032233
ENSMUSG00000029003,ENSCJAG00000013267
ENSMUSG00000029003,ENSCJAG00000022740
ENSMUSG00000076573,ENSCJAG00000013875
ENSMUSG00000076575,ENSCJAG00000059629
ENSMUSG00000076591,ENSCJAG00000059629
ENSMUSG00000052631,ENSCJAG00000019695
ENSMUSG00000029711,ENSCJAG00000015048
ENSMUSG00000038260,ENSCJAG00000081754
ENSMUSG00000026201,ENSCJAG00000011592
ENSMUSG00000029715,ENSCJAG00000015056
ENSMUSG00000055401,ENSCJAG00000013250
ENSMUSG00000029714,ENSCJAG00000015057
ENSMUSG00002075548,ENSCJAG00000071841
ENSMUSG00002075548,ENSCJAG00000026233
ENSMUSG00000001508,ENSCJAG00000003794
ENSMUSG00000026202,ENSCJAG00000070762
ENSMUSG00000029713,ENSCJAG00000015074
ENSMUSG00000030016,ENSCJAG00000084596
ENSMUSG00000038976,ENSCJAG00000006847
ENSMUSG00000036093,ENSCJAG00000078093
ENSMUSG00000036093,ENSCJAG00000040846
ENSMUSG00000026203,ENSCJAG00000077997
ENSMUSG00000029001,ENSCJAG00000047846
ENSMUSG00000055371,ENSCJAG00000044417
ENSMUSG00000038239,ENSCJAG00000075796
ENSMUSG00000047181,ENSCJAG00000006872
ENSMUSG00000003863,ENSCJAG00000000151
ENSMUSG00000038967,ENSCJAG00000006896
ENSMUSG00000024393,ENSCJAG00000003047
ENSMUSG00000026204,ENSCJAG00000011681
ENSMUSG00000001507,ENSCJAG00000006922
ENSMUSG00000029712,ENSCJAG00000015106
ENSMUSG00000061136,ENSCJAG00000015541
ENSMUSG00000041556,ENSCJAG00000013230
ENSMUSG00000035024,ENSCJAG00000019563
ENSMUSG00000086587,ENSCJAG00000074082
ENSMUSG00000040536,ENSCJAG00000000187
ENSMUSG00000033061,ENSCJAG00000011728
ENSMUSG00000029716,ENSCJAG00000015136
ENSMUSG00000003872,ENSCJAG00000000189
ENSMUSG00000026209,ENSCJAG00000011753
ENSMUSG00000028488,ENSCJAG00000012694
ENSMUSG00000063511,ENSCJAG00000000193
ENSMUSG00000023908,ENSCJAG00000015415
ENSMUSG00000001510,ENSCJAG00000006990
ENSMUSG00000020872,ENSCJAG00000007010
ENSMUSG00000023909,ENSCJAG00000039209
ENSMUSG00000039741,ENSCJAG00000007971
ENSMUSG00000041986,ENSCJAG00000009974
ENSMUSG00000040680,ENSCJAG00000015398
ENSMUSG00000030321,ENSCJAG00000017314
ENSMUSG00000028545,ENSCJAG00000021284
ENSMUSG00000026960,ENSCJAG00000061546
ENSMUSG00000042213,ENSCJAG00000031950
ENSMUSG00000088928,ENSCJAG00000035273
ENSMUSG00000088928,ENSCJAG00000079959
ENSMUSG00000032336,ENSCJAG00000018009
ENSMUSG00000040097,ENSCJAG00000081999
ENSMUSG00000075334,ENSCJAG00000046500
ENSMUSG00000060988,ENSCJAG00000015503
ENSMUSG00000026208,ENSCJAG00000045302
ENSMUSG00000034401,ENSCJAG00000039778
ENSMUSG00000037221,ENSCJAG00000041075
ENSMUSG00000023911,ENSCJAG00000047776
ENSMUSG00000038201,ENSCJAG00000000212
ENSMUSG00000015869,ENSCJAG00000013587
ENSMUSG00000030165,ENSCJAG00000021669
ENSMUSG00000074121,ENSCJAG00000023162
ENSMUSG00000039218,ENSCJAG00000015354
ENSMUSG00000118462,ENSCJAG00000075516
ENSMUSG00000030228,ENSCJAG00000007208
ENSMUSG00000003868,ENSCJAG00000021808
ENSMUSG00000003868,ENSCJAG00000000222
ENSMUSG00000013936,ENSCJAG00000041889
ENSMUSG00000026824,ENSCJAG00000015490
ENSMUSG00000061878,ENSCJAG00000013579
ENSMUSG00000026826,ENSCJAG00000015464
ENSMUSG00000070034,ENSCJAG00000013254
ENSMUSG00000032280,ENSCJAG00000006918
ENSMUSG00000055839,ENSCJAG00000015347
ENSMUSG00000055839,ENSCJAG00000022120
ENSMUSG00000049620,ENSCJAG00000015343
ENSMUSG00000026827,ENSCJAG00000015452
ENSMUSG00000003865,ENSCJAG00000000232
ENSMUSG00000028544,ENSCJAG00000021271
ENSMUSG00000076555,ENSCJAG00000059289
ENSMUSG00000026222,ENSCJAG00000013289
ENSMUSG00000038828,ENSCJAG00000001317
ENSMUSG00000076556,ENSCJAG00000059289
ENSMUSG00000024116,ENSCJAG00000044190
ENSMUSG00000096833,ENSCJAG00000059289
ENSMUSG00000050708,ENSCJAG00000000250
ENSMUSG00000094319,ENSCJAG00000059289
ENSMUSG00000095753,ENSCJAG00000059289
ENSMUSG00000094993,ENSCJAG00000059289
ENSMUSG00000020778,ENSCJAG00000013878
ENSMUSG00000076562,ENSCJAG00000059289
ENSMUSG00000003873,ENSCJAG00000086575
ENSMUSG00000092300,ENSCJAG00000013874
ENSMUSG00000034282,ENSCJAG00000013819
ENSMUSG00000026828,ENSCJAG00000015426
ENSMUSG00000041346,ENSCJAG00000014965
ENSMUSG00000011382,ENSCJAG00000000256
ENSMUSG00000026830,ENSCJAG00000077957
ENSMUSG00000030209,ENSCJAG00000021621
ENSMUSG00000024125,ENSCJAG00000015315
ENSMUSG00000024125,ENSCJAG00000038414
ENSMUSG00000059552,ENSCJAG00000014978
ENSMUSG00000026832,ENSCJAG00000053299
ENSMUSG00000029165,ENSCJAG00000001279
ENSMUSG00000045027,ENSCJAG00000034598
ENSMUSG00000087878,ENSCJAG00000056575
ENSMUSG00000087878,ENSCJAG00000056642
ENSMUSG00000094973,ENSCJAG00000048589
ENSMUSG00000094973,ENSCJAG00000072470
ENSMUSG00002076779,ENSCJAG00000042467
ENSMUSG00002076779,ENSCJAG00000040961
ENSMUSG00002076779,ENSCJAG00000029898
ENSMUSG00002076779,ENSCJAG00000044859
ENSMUSG00002076779,ENSCJAG00000029126
ENSMUSG00000050762,ENSCJAG00000074570
ENSMUSG00000026834,ENSCJAG00000015385
ENSMUSG00000016946,ENSCJAG00000042757
ENSMUSG00000059382,ENSCJAG00000070929
ENSMUSG00000071150,ENSCJAG00000085714
ENSMUSG00000029832,ENSCJAG00000007897
ENSMUSG00000024122,ENSCJAG00000014801
ENSMUSG00000004980,ENSCJAG00000007908
ENSMUSG00000028399,ENSCJAG00000011840
ENSMUSG00000026836,ENSCJAG00000015359
ENSMUSG00000041329,ENSCJAG00000015019
ENSMUSG00000005202,ENSCJAG00000015035
ENSMUSG00000030824,ENSCJAG00000000266
ENSMUSG00000069835,ENSCJAG00000015055
ENSMUSG00002075989,ENSCJAG00000064766
ENSMUSG00002075989,ENSCJAG00000081373
ENSMUSG00002075989,ENSCJAG00000085620
ENSMUSG00002075989,ENSCJAG00000074668
ENSMUSG00002075989,ENSCJAG00000087032
ENSMUSG00002075989,ENSCJAG00000081523
ENSMUSG00002075989,ENSCJAG00000058853
ENSMUSG00002075989,ENSCJAG00000064528
ENSMUSG00002075989,ENSCJAG00000077419
ENSMUSG00002075989,ENSCJAG00000082623
ENSMUSG00002075989,ENSCJAG00000083841
ENSMUSG00002075989,ENSCJAG00000082851
ENSMUSG00002075989,ENSCJAG00000073166
ENSMUSG00002075989,ENSCJAG00000073491
ENSMUSG00002075989,ENSCJAG00000083630
ENSMUSG00002075989,ENSCJAG00000081708
ENSMUSG00002075989,ENSCJAG00000081895
ENSMUSG00002075989,ENSCJAG00000064517
ENSMUSG00002075989,ENSCJAG00000073957
ENSMUSG00002075989,ENSCJAG00000085963
ENSMUSG00002075989,ENSCJAG00000053899
ENSMUSG00000026288,ENSCJAG00000013979
ENSMUSG00000041287,ENSCJAG00000060913
ENSMUSG00000041287,ENSCJAG00000007951
ENSMUSG00000018761,ENSCJAG00000015095
ENSMUSG00000029836,ENSCJAG00000007952
ENSMUSG00000026991,ENSCJAG00000015236
ENSMUSG00000036820,ENSCJAG00000014876
ENSMUSG00000059796,ENSCJAG00000055155
ENSMUSG00000038301,ENSCJAG00000060087
ENSMUSG00000040435,ENSCJAG00000070294
ENSMUSG00000030825,ENSCJAG00000000291
ENSMUSG00000038803,ENSCJAG00000047403
ENSMUSG00000029163,ENSCJAG00000001258
ENSMUSG00000024121,ENSCJAG00000045810
ENSMUSG00000002897,ENSCJAG00000006350
ENSMUSG00000065862,ENSCJAG00000069992
ENSMUSG00000089542,ENSCJAG00000024154
ENSMUSG00000005204,ENSCJAG00000015137
ENSMUSG00000030826,ENSCJAG00000000293
ENSMUSG00000036196,ENSCJAG00000015817
ENSMUSG00000029162,ENSCJAG00000001241
ENSMUSG00000094626,ENSCJAG00000047740
ENSMUSG00000058979,ENSCJAG00000017229
ENSMUSG00002075013,ENSCJAG00000084991
ENSMUSG00000039419,ENSCJAG00000009965
ENSMUSG00000030827,ENSCJAG00000000299
ENSMUSG00000008461,ENSCJAG00000048235
ENSMUSG00000053436,ENSCJAG00000041232
ENSMUSG00000064158,ENSCJAG00000000311
ENSMUSG00000045302,ENSCJAG00000001207
ENSMUSG00000032816,ENSCJAG00000006951
ENSMUSG00000044562,ENSCJAG00000000320
ENSMUSG00000089669,ENSCJAG00000032369
ENSMUSG00000055553,ENSCJAG00000007479
ENSMUSG00000042918,ENSCJAG00000000326
ENSMUSG00000026989,ENSCJAG00000039319
ENSMUSG00000029686,ENSCJAG00000010002
ENSMUSG00000035168,ENSCJAG00000015159
ENSMUSG00000006642,ENSCJAG00000001198
ENSMUSG00000097328,ENSCJAG00000039733
ENSMUSG00000029538,ENSCJAG00000001187
ENSMUSG00000005198,ENSCJAG00000015157
ENSMUSG00000052749,ENSCJAG00000077687
ENSMUSG00000041697,ENSCJAG00000022058
ENSMUSG00000041697,ENSCJAG00000075474
ENSMUSG00000040652,ENSCJAG00000005156
ENSMUSG00000054256,ENSCJAG00000008578
ENSMUSG00000029687,ENSCJAG00000067675
ENSMUSG00000029687,ENSCJAG00000010084
ENSMUSG00000031954,ENSCJAG00000014283
ENSMUSG00000037674,ENSCJAG00000083215
ENSMUSG00000073923,ENSCJAG00000002543
ENSMUSG00002075786,ENSCJAG00000079352
ENSMUSG00000070421,ENSCJAG00000002547
ENSMUSG00000031951,ENSCJAG00000045128
ENSMUSG00000086784,ENSCJAG00000017068
ENSMUSG00000031950,ENSCJAG00000082607
ENSMUSG00000110221,ENSCJAG00000045714
ENSMUSG00000074406,ENSCJAG00000040315
ENSMUSG00000031949,ENSCJAG00000014241
ENSMUSG00000091345,ENSCJAG00000003344
ENSMUSG00000035285,ENSCJAG00000041401
ENSMUSG00000035279,ENSCJAG00000017084
ENSMUSG00000029522,ENSCJAG00000008624
ENSMUSG00000026988,ENSCJAG00000015117
ENSMUSG00000030433,ENSCJAG00000017097
ENSMUSG00000010066,ENSCJAG00000005215
ENSMUSG00000018776,ENSCJAG00000000757
ENSMUSG00000068082,ENSCJAG00000019104
ENSMUSG00000031948,ENSCJAG00000014213
ENSMUSG00000018750,ENSCJAG00000000751
ENSMUSG00000051550,ENSCJAG00000017105
ENSMUSG00000029422,ENSCJAG00000020419
ENSMUSG00000061374,ENSCJAG00000056979
ENSMUSG00000041189,ENSCJAG00000000743
ENSMUSG00000026987,ENSCJAG00000015052
ENSMUSG00000026289,ENSCJAG00000013995
ENSMUSG00000033430,ENSCJAG00000014196
ENSMUSG00000065700,ENSCJAG00000080851
ENSMUSG00000019433,ENSCJAG00000004679
ENSMUSG00000042826,ENSCJAG00000016342
ENSMUSG00000029054,ENSCJAG00000002398
ENSMUSG00000035228,ENSCJAG00000043090
ENSMUSG00000057672,ENSCJAG00000004713
ENSMUSG00000089876,ENSCJAG00000016369
ENSMUSG00000109737,ENSCJAG00000042010
ENSMUSG00000044084,ENSCJAG00000016391
ENSMUSG00000041165,ENSCJAG00000016399
ENSMUSG00000078490,ENSCJAG00000002396
ENSMUSG00000051790,ENSCJAG00000016351
ENSMUSG00000004864,ENSCJAG00000015899
ENSMUSG00000043290,ENSCJAG00000017118
ENSMUSG00000055633,ENSCJAG00000040930
ENSMUSG00000035203,ENSCJAG00000017140
ENSMUSG00000026977,ENSCJAG00000015023
ENSMUSG00000070394,ENSCJAG00000037786
ENSMUSG00000019461,ENSCJAG00000016410
ENSMUSG00000087897,ENSCJAG00000030321
ENSMUSG00000015053,ENSCJAG00000011732
ENSMUSG00000023153,ENSCJAG00000048239
ENSMUSG00000060703,ENSCJAG00000047546
ENSMUSG00000048206,ENSCJAG00000046212
ENSMUSG00000033216,ENSCJAG00000005387
ENSMUSG00000035191,ENSCJAG00000044042
ENSMUSG00000001583,ENSCJAG00000016438
ENSMUSG00000026980,ENSCJAG00000014982
ENSMUSG00000029064,ENSCJAG00000010813
ENSMUSG00000063952,ENSCJAG00000015955
ENSMUSG00000119441,ENSCJAG00000077101
ENSMUSG00000029414,ENSCJAG00000020449
ENSMUSG00000073209,ENSCJAG00000038515
ENSMUSG00000065610,ENSCJAG00000030232
ENSMUSG00000065604,ENSCJAG00000025070
ENSMUSG00000078768,ENSCJAG00000009444
ENSMUSG00000019464,ENSCJAG00000004706
ENSMUSG00000059891,ENSCJAG00000003802
ENSMUSG00000094845,ENSCJAG00000016445
ENSMUSG00000054580,ENSCJAG00000014918
ENSMUSG00000005481,ENSCJAG00000004760
ENSMUSG00000046731,ENSCJAG00000047213
ENSMUSG00000018765,ENSCJAG00000015063
ENSMUSG00000007783,ENSCJAG00000003757
ENSMUSG00000056055,ENSCJAG00000014018
ENSMUSG00000002885,ENSCJAG00000054003
ENSMUSG00000045502,ENSCJAG00000043575
ENSMUSG00000049241,ENSCJAG00000020485
ENSMUSG00000023106,ENSCJAG00000020488
ENSMUSG00000013483,ENSCJAG00000003412
ENSMUSG00000043286,ENSCJAG00000015985
ENSMUSG00000026971,ENSCJAG00000014862
ENSMUSG00000000915,ENSCJAG00000016370
ENSMUSG00000070738,ENSCJAG00000014047
ENSMUSG00000048905,ENSCJAG00000016001
ENSMUSG00000006219,ENSCJAG00000008580
ENSMUSG00000109324,ENSCJAG00000031497
ENSMUSG00000109324,ENSCJAG00000057743
ENSMUSG00000109324,ENSCJAG00000003670
ENSMUSG00000005043,ENSCJAG00000003395
ENSMUSG00000005936,ENSCJAG00000016033
ENSMUSG00000005501,ENSCJAG00000014074
ENSMUSG00000039908,ENSCJAG00000003372
ENSMUSG00000026970,ENSCJAG00000014861
ENSMUSG00000026970,ENSCJAG00000012871
ENSMUSG00000066278,ENSCJAG00000043040
ENSMUSG00000043085,ENSCJAG00000008582
ENSMUSG00000061898,ENSCJAG00000021500
ENSMUSG00000040740,ENSCJAG00000008596
ENSMUSG00000029586,ENSCJAG00000070086
ENSMUSG00000029586,ENSCJAG00000045415
ENSMUSG00000029586,ENSCJAG00000077146
ENSMUSG00000039850,ENSCJAG00000003329
ENSMUSG00000028917,ENSCJAG00000008601
ENSMUSG00000046408,ENSCJAG00000004924
ENSMUSG00000039296,ENSCJAG00000070086
ENSMUSG00000039296,ENSCJAG00000045415
ENSMUSG00000039296,ENSCJAG00000077146
ENSMUSG00000029587,ENSCJAG00000015557
ENSMUSG00000031688,ENSCJAG00000002462
ENSMUSG00000025582,ENSCJAG00000047217
ENSMUSG00000046658,ENSCJAG00000046914
ENSMUSG00000078515,ENSCJAG00000040229
ENSMUSG00002076802,ENSCJAG00000034953
ENSMUSG00002076802,ENSCJAG00000025452
ENSMUSG00000025371,ENSCJAG00000003261
ENSMUSG00000039244,ENSCJAG00000015531
ENSMUSG00000031684,ENSCJAG00000034934
ENSMUSG00000024006,ENSCJAG00000016045
ENSMUSG00000001844,ENSCJAG00000015517
ENSMUSG00000006442,ENSCJAG00000044805
ENSMUSG00000006442,ENSCJAG00000002354
ENSMUSG00000003190,ENSCJAG00000003663
ENSMUSG00000025372,ENSCJAG00000003222
ENSMUSG00002076594,ENSCJAG00000024547
ENSMUSG00002076594,ENSCJAG00000030177
ENSMUSG00000064289,ENSCJAG00000005539
ENSMUSG00000028979,ENSCJAG00000002366
ENSMUSG00000003184,ENSCJAG00000003637
ENSMUSG00000060594,ENSCJAG00000010496
ENSMUSG00000041459,ENSCJAG00000002381
ENSMUSG00000032056,ENSCJAG00000010471
ENSMUSG00000010825,ENSCJAG00000015493
ENSMUSG00000032057,ENSCJAG00000010486
ENSMUSG00000038406,ENSCJAG00000003625
ENSMUSG00000031683,ENSCJAG00000002482
ENSMUSG00000031683,ENSCJAG00000074596
ENSMUSG00000032053,ENSCJAG00000046854
ENSMUSG00000079559,ENSCJAG00000010455
ENSMUSG00000025375,ENSCJAG00000003209
ENSMUSG00000036027,ENSCJAG00000010442
ENSMUSG00000026914,ENSCJAG00000005572
ENSMUSG00000002342,ENSCJAG00000019759
ENSMUSG00000071172,ENSCJAG00000047626
ENSMUSG00000071172,ENSCJAG00000016062
ENSMUSG00000043613,ENSCJAG00000038052
ENSMUSG00000038387,ENSCJAG00000003614
ENSMUSG00000018620,ENSCJAG00000003781
ENSMUSG00000046574,ENSCJAG00000017654
ENSMUSG00000035033,ENSCJAG00000005603
ENSMUSG00000018623,ENSCJAG00000003793
ENSMUSG00000007837,ENSCJAG00000017641
ENSMUSG00000089960,ENSCJAG00000014130
ENSMUSG00000079111,ENSCJAG00000015474
ENSMUSG00000032199,ENSCJAG00000047453
ENSMUSG00000026904,ENSCJAG00000005614
ENSMUSG00000039206,ENSCJAG00000015461
ENSMUSG00000023067,ENSCJAG00000045298
ENSMUSG00000064147,ENSCJAG00000016070
ENSMUSG00000044783,ENSCJAG00000014161
ENSMUSG00000001847,ENSCJAG00000015455
ENSMUSG00000003421,ENSCJAG00000017616
ENSMUSG00000002346,ENSCJAG00000044017
ENSMUSG00000036251,ENSCJAG00000014167
ENSMUSG00000002343,ENSCJAG00000019747
ENSMUSG00000080316,ENSCJAG00000002103
ENSMUSG00000034858,ENSCJAG00000000854
ENSMUSG00000029249,ENSCJAG00000004081
ENSMUSG00000025583,ENSCJAG00000003276
ENSMUSG00000036285,ENSCJAG00000004102
ENSMUSG00000036054,ENSCJAG00000019714
ENSMUSG00000029250,ENSCJAG00000004118
ENSMUSG00000065396,ENSCJAG00000025599
ENSMUSG00000065479,ENSCJAG00000024610
ENSMUSG00000003665,ENSCJAG00000042906
ENSMUSG00000045551,ENSCJAG00000002102
ENSMUSG00000019539,ENSCJAG00000000060
ENSMUSG00000052270,ENSCJAG00000022458
ENSMUSG00000079700,ENSCJAG00000022458
ENSMUSG00000048062,ENSCJAG00000022458
ENSMUSG00000070577,ENSCJAG00000005030
ENSMUSG00000087408,ENSCJAG00000019660
ENSMUSG00000036256,ENSCJAG00000042323
ENSMUSG00000007656,ENSCJAG00000078368
ENSMUSG00000026295,ENSCJAG00000071680
ENSMUSG00000003420,ENSCJAG00000000066
ENSMUSG00000036718,ENSCJAG00000001532
ENSMUSG00000034593,ENSCJAG00000000894
ENSMUSG00000026374,ENSCJAG00000008511
ENSMUSG00000026374,ENSCJAG00000071090
ENSMUSG00000065495,ENSCJAG00000029056
ENSMUSG00000003429,ENSCJAG00000000069
ENSMUSG00000032717,ENSCJAG00000044429
ENSMUSG00000026377,ENSCJAG00000013386
ENSMUSG00000064767,ENSCJAG00000062976
ENSMUSG00000074129,ENSCJAG00000008837
ENSMUSG00000074129,ENSCJAG00000077810
ENSMUSG00000074129,ENSCJAG00000000640
ENSMUSG00000074129,ENSCJAG00000084413
ENSMUSG00000074129,ENSCJAG00000000072
ENSMUSG00000029547,ENSCJAG00000001484
ENSMUSG00000064302,ENSCJAG00000013398
ENSMUSG00000035569,ENSCJAG00000010864
ENSMUSG00000028975,ENSCJAG00000005051
ENSMUSG00000064748,ENSCJAG00000076394
ENSMUSG00000023991,ENSCJAG00000004180
ENSMUSG00000047286,ENSCJAG00000022048
ENSMUSG00000028974,ENSCJAG00000005074
ENSMUSG00000033938,ENSCJAG00000004611
ENSMUSG00000020774,ENSCJAG00000073605
ENSMUSG00000020774,ENSCJAG00000086551
ENSMUSG00000031708,ENSCJAG00000004626
ENSMUSG00000035000,ENSCJAG00000005739
ENSMUSG00000112920,ENSCJAG00000075383
ENSMUSG00000112920,ENSCJAG00000080906
ENSMUSG00000112920,ENSCJAG00000079317
ENSMUSG00000065818,ENSCJAG00000068080
ENSMUSG00000065878,ENSCJAG00000068724
ENSMUSG00002076766,ENSCJAG00000068040
ENSMUSG00000065219,ENSCJAG00000065022
ENSMUSG00000110206,ENSCJAG00000000081
ENSMUSG00000028467,ENSCJAG00000009895
ENSMUSG00000027199,ENSCJAG00000002080
ENSMUSG00000033590,ENSCJAG00000000926
ENSMUSG00000118663,ENSCJAG00000002067
ENSMUSG00000033213,ENSCJAG00000071931
ENSMUSG00000088811,ENSCJAG00000051440
ENSMUSG00000028468,ENSCJAG00000009924
ENSMUSG00000005802,ENSCJAG00000002049
ENSMUSG00000007833,ENSCJAG00000086591
ENSMUSG00000032192,ENSCJAG00000000947
ENSMUSG00000040794,ENSCJAG00000039852
ENSMUSG00000018143,ENSCJAG00000084706
ENSMUSG00000005483,ENSCJAG00000004666
ENSMUSG00000005510,ENSCJAG00000020194
ENSMUSG00000036687,ENSCJAG00000001475
ENSMUSG00000040028,ENSCJAG00000046587
ENSMUSG00000005505,ENSCJAG00000020173
ENSMUSG00000078719,ENSCJAG00000009958
ENSMUSG00000070379,ENSCJAG00000023334
ENSMUSG00000028469,ENSCJAG00000009970
ENSMUSG00000063235,ENSCJAG00000020163
ENSMUSG00000042265,ENSCJAG00000004160
ENSMUSG00000005506,ENSCJAG00000020133
ENSMUSG00000029551,ENSCJAG00000001473
ENSMUSG00000051682,ENSCJAG00000004154
ENSMUSG00000029213,ENSCJAG00000018967
ENSMUSG00000063116,ENSCJAG00000023334
ENSMUSG00000018924,ENSCJAG00000020615
ENSMUSG00000003299,ENSCJAG00000005764
ENSMUSG00000003423,ENSCJAG00000000084
ENSMUSG00000032690,ENSCJAG00000012666
ENSMUSG00000048617,ENSCJAG00000004863
ENSMUSG00000018921,ENSCJAG00000012265
ENSMUSG00000032661,ENSCJAG00000012642
ENSMUSG00000052926,ENSCJAG00000004873
ENSMUSG00000071068,ENSCJAG00000075306
ENSMUSG00000071068,ENSCJAG00000004120
ENSMUSG00000037405,ENSCJAG00000047562
ENSMUSG00000066196,ENSCJAG00000074135
ENSMUSG00000060216,ENSCJAG00000012115
ENSMUSG00000066867,ENSCJAG00000012624
ENSMUSG00000070570,ENSCJAG00000000089
ENSMUSG00000023992,ENSCJAG00000004114
ENSMUSG00000028470,ENSCJAG00000010068
ENSMUSG00000001166,ENSCJAG00000012624
ENSMUSG00000001014,ENSCJAG00000005760
ENSMUSG00000043633,ENSCJAG00000010080
ENSMUSG00000032174,ENSCJAG00000005726
ENSMUSG00000023993,ENSCJAG00000004089
ENSMUSG00000005161,ENSCJAG00000004882
ENSMUSG00000029605,ENSCJAG00000012624
ENSMUSG00000078716,ENSCJAG00000010090
ENSMUSG00000095276,ENSCJAG00000043345
ENSMUSG00000079681,ENSCJAG00000075845
ENSMUSG00000038300,ENSCJAG00000000093
ENSMUSG00000038292,ENSCJAG00000000094
ENSMUSG00000023994,ENSCJAG00000004074
ENSMUSG00000079677,ENSCJAG00000080365
ENSMUSG00000006095,ENSCJAG00000009658
ENSMUSG00000052837,ENSCJAG00000078765
ENSMUSG00000010205,ENSCJAG00000005671
ENSMUSG00000052566,ENSCJAG00000004942
ENSMUSG00000019738,ENSCJAG00000009671
ENSMUSG00000046450,ENSCJAG00000065388
ENSMUSG00000029657,ENSCJAG00000018597
ENSMUSG00000032175,ENSCJAG00000006781
ENSMUSG00000100512,ENSCJAG00000009682
ENSMUSG00000037020,ENSCJAG00000009616
ENSMUSG00000018923,ENSCJAG00000045340
ENSMUSG00000040829,ENSCJAG00000012052
ENSMUSG00000002104,ENSCJAG00000020129
ENSMUSG00000035969,ENSCJAG00000009408
ENSMUSG00000068264,ENSCJAG00000046376
ENSMUSG00000040771,ENSCJAG00000004066
ENSMUSG00000062825,ENSCJAG00000002885
ENSMUSG00000040694,ENSCJAG00000004063
ENSMUSG00000037523,ENSCJAG00000021211
ENSMUSG00000023995,ENSCJAG00000004055
ENSMUSG00000043592,ENSCJAG00000004044
ENSMUSG00000013921,ENSCJAG00000009694
ENSMUSG00000019471,ENSCJAG00000006753
ENSMUSG00000025380,ENSCJAG00000001539
ENSMUSG00000051950,ENSCJAG00000018570
ENSMUSG00000025384,ENSCJAG00000001556
ENSMUSG00000042831,ENSCJAG00000072699
ENSMUSG00000032177,ENSCJAG00000006698
ENSMUSG00000041203,ENSCJAG00000005083
ENSMUSG00000037514,ENSCJAG00000021217
ENSMUSG00000031691,ENSCJAG00000005096
ENSMUSG00000029279,ENSCJAG00000017507
ENSMUSG00000039691,ENSCJAG00000001598
ENSMUSG00000025386,ENSCJAG00000044903
ENSMUSG00000019737,ENSCJAG00000009750
ENSMUSG00000039670,ENSCJAG00000001620
ENSMUSG00000049957,ENSCJAG00000001630
ENSMUSG00000064554,ENSCJAG00000083422
ENSMUSG00000048911,ENSCJAG00000021226
ENSMUSG00000042788,ENSCJAG00000009448
ENSMUSG00000057594,ENSCJAG00000001596
ENSMUSG00000111375,ENSCJAG00000017540
ENSMUSG00000003308,ENSCJAG00000006677
ENSMUSG00000074211,ENSCJAG00000045513
ENSMUSG00000036957,ENSCJAG00000041921
ENSMUSG00000064982,ENSCJAG00000056083
ENSMUSG00000064982,ENSCJAG00000060733
ENSMUSG00000064982,ENSCJAG00000040658
ENSMUSG00000030579,ENSCJAG00000072016
ENSMUSG00000028458,ENSCJAG00000009457
ENSMUSG00000025793,ENSCJAG00000001631
ENSMUSG00000077527,ENSCJAG00000085742
ENSMUSG00000077527,ENSCJAG00000079615
ENSMUSG00000077527,ENSCJAG00000066073
ENSMUSG00000027403,ENSCJAG00000020950
ENSMUSG00000064109,ENSCJAG00000009797
ENSMUSG00000089798,ENSCJAG00000017547
ENSMUSG00000008167,ENSCJAG00000005225
ENSMUSG00000045087,ENSCJAG00000041143
ENSMUSG00000036931,ENSCJAG00000009808
ENSMUSG00000002820,ENSCJAG00000006637
ENSMUSG00000028459,ENSCJAG00000009503
ENSMUSG00000027404,ENSCJAG00000085054
ENSMUSG00000093803,ENSCJAG00000087000
ENSMUSG00000093803,ENSCJAG00000080701
ENSMUSG00000006651,ENSCJAG00000009828
ENSMUSG00000060038,ENSCJAG00000005244
ENSMUSG00000060332,ENSCJAG00000020990
ENSMUSG00000032023,ENSCJAG00000007637
ENSMUSG00000032021,ENSCJAG00000007623
ENSMUSG00000027405,ENSCJAG00000020999
ENSMUSG00000005150,ENSCJAG00000005272
ENSMUSG00000039640,ENSCJAG00000001652
ENSMUSG00000036915,ENSCJAG00000009900
ENSMUSG00000032020,ENSCJAG00000043067
ENSMUSG00000025792,ENSCJAG00000001659
ENSMUSG00000029363,ENSCJAG00000009379
ENSMUSG00000028460,ENSCJAG00000038382
ENSMUSG00000059355,ENSCJAG00000038528
ENSMUSG00000059355,ENSCJAG00000048098
ENSMUSG00000028461,ENSCJAG00000009538
ENSMUSG00000005142,ENSCJAG00000005297
ENSMUSG00000061578,ENSCJAG00000009402
ENSMUSG00000025127,ENSCJAG00000002966
ENSMUSG00000027951,ENSCJAG00000009410
ENSMUSG00000051517,ENSCJAG00000009573
ENSMUSG00000049313,ENSCJAG00000007446
ENSMUSG00000006638,ENSCJAG00000001229
ENSMUSG00000046808,ENSCJAG00000018950
ENSMUSG00000039703,ENSCJAG00000001569
ENSMUSG00000119586,ENSCJAG00000034870
ENSMUSG00000080610,ENSCJAG00000065873
ENSMUSG00000120992,ENSCJAG00000080784
ENSMUSG00000093645,ENSCJAG00000062440
ENSMUSG00000065289,ENSCJAG00000057565
ENSMUSG00000065272,ENSCJAG00000061086
ENSMUSG00000027406,ENSCJAG00000021002
ENSMUSG00000028463,ENSCJAG00000009601
ENSMUSG00000032018,ENSCJAG00000007436
ENSMUSG00000032018,ENSCJAG00000041761
ENSMUSG00000052525,ENSCJAG00000055255
ENSMUSG00000037373,ENSCJAG00000076215
ENSMUSG00000074194,ENSCJAG00000080833
ENSMUSG00000062687,ENSCJAG00000074434
ENSMUSG00001074846,ENSCJAG00000005707
ENSMUSG00000027593,ENSCJAG00000018361
ENSMUSG00000027593,ENSCJAG00000009449
ENSMUSG00000028464,ENSCJAG00000009627
ENSMUSG00000054836,ENSCJAG00000002465
ENSMUSG00000047798,ENSCJAG00000014849
ENSMUSG00000032485,ENSCJAG00000002419
ENSMUSG00000036882,ENSCJAG00000010016
ENSMUSG00000028465,ENSCJAG00000009695
ENSMUSG00000053094,ENSCJAG00000004278
ENSMUSG00000020733,ENSCJAG00000014794
ENSMUSG00000093289,ENSCJAG00000035969
ENSMUSG00000036057,ENSCJAG00000002397
ENSMUSG00000092887,ENSCJAG00000035883
ENSMUSG00000092713,ENSCJAG00000037513
ENSMUSG00000090509,ENSCJAG00000080233
ENSMUSG00000015542,ENSCJAG00000041547
ENSMUSG00000025337,ENSCJAG00000062813
ENSMUSG00000056310,ENSCJAG00000004295
ENSMUSG00000027940,ENSCJAG00000009747
ENSMUSG00000040061,ENSCJAG00000020865
ENSMUSG00000054792,ENSCJAG00000002386
ENSMUSG00000056938,ENSCJAG00000012732
ENSMUSG00000036864,ENSCJAG00000009534
ENSMUSG00000026380,ENSCJAG00000013356
ENSMUSG00000032489,ENSCJAG00000002342
ENSMUSG00000034118,ENSCJAG00000004198
ENSMUSG00000036854,ENSCJAG00000048539
ENSMUSG00000026437,ENSCJAG00000010878
ENSMUSG00000065417,ENSCJAG00000040297
ENSMUSG00000036644,ENSCJAG00000010170
ENSMUSG00000028971,ENSCJAG00000005085
ENSMUSG00000036845,ENSCJAG00000010100
ENSMUSG00000073705,ENSCJAG00000038779
ENSMUSG00000042429,ENSCJAG00000079551
ENSMUSG00000025739,ENSCJAG00000075194
ENSMUSG00000036835,ENSCJAG00000044061
ENSMUSG00000077185,ENSCJAG00000067027
ENSMUSG00000077564,ENSCJAG00000029394
ENSMUSG00000028961,ENSCJAG00000005090
ENSMUSG00000016503,ENSCJAG00000077697
ENSMUSG00000013236,ENSCJAG00000017261
ENSMUSG00000074918,ENSCJAG00000048452
ENSMUSG00000078765,ENSCJAG00000041417
ENSMUSG00000045838,ENSCJAG00000020861
ENSMUSG00000059832,ENSCJAG00000021128
ENSMUSG00000090314,ENSCJAG00000038526
ENSMUSG00000090314,ENSCJAG00000063584
ENSMUSG00000040035,ENSCJAG00000020859
ENSMUSG00000063077,ENSCJAG00000005184
ENSMUSG00000041926,ENSCJAG00000005745
ENSMUSG00000020381,ENSCJAG00000010163
ENSMUSG00000044791,ENSCJAG00000002303
ENSMUSG00000042240,ENSCJAG00000053844
ENSMUSG00000096879,ENSCJAG00000045260
ENSMUSG00000015837,ENSCJAG00000010152
ENSMUSG00000027331,ENSCJAG00000020854
ENSMUSG00000062580,ENSCJAG00000041477
ENSMUSG00000036620,ENSCJAG00000010124
ENSMUSG00000048096,ENSCJAG00000062096
ENSMUSG00000027908,ENSCJAG00000006396
ENSMUSG00000041889,ENSCJAG00000040532
ENSMUSG00000051339,ENSCJAG00000009362
ENSMUSG00000041879,ENSCJAG00000005627
ENSMUSG00000028093,ENSCJAG00000002370
ENSMUSG00000020377,ENSCJAG00000010116
ENSMUSG00000050567,ENSCJAG00000048349
ENSMUSG00000042216,ENSCJAG00000009381
ENSMUSG00000038256,ENSCJAG00000002384
ENSMUSG00000027332,ENSCJAG00000020852
ENSMUSG00000056724,ENSCJAG00000002284
ENSMUSG00000020368,ENSCJAG00000009989
ENSMUSG00000089264,ENSCJAG00000026487
ENSMUSG00000009418,ENSCJAG00000005585
ENSMUSG00000027377,ENSCJAG00000043955
ENSMUSG00000051319,ENSCJAG00000069946
ENSMUSG00000027379,ENSCJAG00000013468
ENSMUSG00000007850,ENSCJAG00000009931
ENSMUSG00000027995,ENSCJAG00000086555
ENSMUSG00000028078,ENSCJAG00000002343
ENSMUSG00000028960,ENSCJAG00000005351
ENSMUSG00000027333,ENSCJAG00000021237
ENSMUSG00000036826,ENSCJAG00000010122
ENSMUSG00000006307,ENSCJAG00000010126
ENSMUSG00000020375,ENSCJAG00000009844
ENSMUSG00000026421,ENSCJAG00000081518
ENSMUSG00000020716,ENSCJAG00000013924
ENSMUSG00000041801,ENSCJAG00000038715
ENSMUSG00000026418,ENSCJAG00000045243
ENSMUSG00000058013,ENSCJAG00000014744
ENSMUSG00000110218,ENSCJAG00000046186
ENSMUSG00000042625,ENSCJAG00000041996
ENSMUSG00000006310,ENSCJAG00000046270
ENSMUSG00000028996,ENSCJAG00000005470
ENSMUSG00000041782,ENSCJAG00000005479
ENSMUSG00000006313,ENSCJAG00000009923
ENSMUSG00000028992,ENSCJAG00000005483
ENSMUSG00000036751,ENSCJAG00000010211
ENSMUSG00000036751,ENSCJAG00000022064
ENSMUSG00000019659,ENSCJAG00000085692
ENSMUSG00000019659,ENSCJAG00000002280
ENSMUSG00000026414,ENSCJAG00000005458
ENSMUSG00000030978,ENSCJAG00000015495
ENSMUSG00000028990,ENSCJAG00000005492
ENSMUSG00000063015,ENSCJAG00000014768
ENSMUSG00000084690,ENSCJAG00000023575
ENSMUSG00000084690,ENSCJAG00000035799
ENSMUSG00000084690,ENSCJAG00000071045
ENSMUSG00000084690,ENSCJAG00000081964
ENSMUSG00000025888,ENSCJAG00000038168
ENSMUSG00000025888,ENSCJAG00000009842
ENSMUSG00000025888,ENSCJAG00000079451
ENSMUSG00000071054,ENSCJAG00000017081
ENSMUSG00000029385,ENSCJAG00000014789
ENSMUSG00000041750,ENSCJAG00000019003
ENSMUSG00000027335,ENSCJAG00000021251
ENSMUSG00000027122,ENSCJAG00000052482
ENSMUSG00000028076,ENSCJAG00000019003
ENSMUSG00000073973,ENSCJAG00000045398
ENSMUSG00000027120,ENSCJAG00000069180
ENSMUSG00000023259,ENSCJAG00000003142
ENSMUSG00000045824,ENSCJAG00000015660
ENSMUSG00000064405,ENSCJAG00000056559
ENSMUSG00000064405,ENSCJAG00000073285
ENSMUSG00000065840,ENSCJAG00000024392
ENSMUSG00000064585,ENSCJAG00000083264
ENSMUSG00000027652,ENSCJAG00000011302
ENSMUSG00000073962,ENSCJAG00000015662
ENSMUSG00000041734,ENSCJAG00000006686
ENSMUSG00000043354,ENSCJAG00000015665
ENSMUSG00000045792,ENSCJAG00000023060
ENSMUSG00000032446,ENSCJAG00000004263
ENSMUSG00000049760,ENSCJAG00000017076
ENSMUSG00000057863,ENSCJAG00000017072
ENSMUSG00000045132,ENSCJAG00000021786
ENSMUSG00000041168,ENSCJAG00000017041
ENSMUSG00000099687,ENSCJAG00000060833
ENSMUSG00000045780,ENSCJAG00000021786
ENSMUSG00000093011,ENSCJAG00000023933
ENSMUSG00000093354,ENSCJAG00000025630
ENSMUSG00000023078,ENSCJAG00000056177
ENSMUSG00000073901,ENSCJAG00000082395
ENSMUSG00000073901,ENSCJAG00000054604
ENSMUSG00000038884,ENSCJAG00000005935
ENSMUSG00000073900,ENSCJAG00000082395
ENSMUSG00000073900,ENSCJAG00000054604
ENSMUSG00000109058,ENSCJAG00000082395
ENSMUSG00000109058,ENSCJAG00000054604
ENSMUSG00000109354,ENSCJAG00000082395
ENSMUSG00000109354,ENSCJAG00000054604
ENSMUSG00000034724,ENSCJAG00000014846
ENSMUSG00000040828,ENSCJAG00000016893
ENSMUSG00000038742,ENSCJAG00000005919
ENSMUSG00000004100,ENSCJAG00000039296
ENSMUSG00000059994,ENSCJAG00000006647
ENSMUSG00000002372,ENSCJAG00000016791
ENSMUSG00000077702,ENSCJAG00000067732
ENSMUSG00000073898,ENSCJAG00000076047
ENSMUSG00000073898,ENSCJAG00000081805
ENSMUSG00000089571,ENSCJAG00000054690
ENSMUSG00000044405,ENSCJAG00000041176
ENSMUSG00000070319,ENSCJAG00000005889
ENSMUSG00000037771,ENSCJAG00000066263
ENSMUSG00000049612,ENSCJAG00000057468
ENSMUSG00000037761,ENSCJAG00000011470
ENSMUSG00000009248,ENSCJAG00000079397
ENSMUSG00000093938,ENSCJAG00000066576
ENSMUSG00000004099,ENSCJAG00000005794
ENSMUSG00000078771,ENSCJAG00000014096
ENSMUSG00000000244,ENSCJAG00000083464
ENSMUSG00000017639,ENSCJAG00000014099
ENSMUSG00000070686,ENSCJAG00000013747
ENSMUSG00000037754,ENSCJAG00000011490
ENSMUSG00000054723,ENSCJAG00000072555
ENSMUSG00000107392,ENSCJAG00000013747
ENSMUSG00000064486,ENSCJAG00000069659
ENSMUSG00000096230,ENSCJAG00000013747
ENSMUSG00000088879,ENSCJAG00000078534
ENSMUSG00000077574,ENSCJAG00000069320
ENSMUSG00000096259,ENSCJAG00000013747
ENSMUSG00000002379,ENSCJAG00000016923
ENSMUSG00000095718,ENSCJAG00000013747
ENSMUSG00000033909,ENSCJAG00000019596
ENSMUSG00000074011,ENSCJAG00000013747
ENSMUSG00000094195,ENSCJAG00000013747
ENSMUSG00000039481,ENSCJAG00000016988
ENSMUSG00000094043,ENSCJAG00000013747
ENSMUSG00000072814,ENSCJAG00000013747
ENSMUSG00000007603,ENSCJAG00000016997
ENSMUSG00000096044,ENSCJAG00000013747
ENSMUSG00000072822,ENSCJAG00000013747
ENSMUSG00000072821,ENSCJAG00000013747
ENSMUSG00000095074,ENSCJAG00000013747
ENSMUSG00000095503,ENSCJAG00000013747
ENSMUSG00000090273,ENSCJAG00000017034
ENSMUSG00000074625,ENSCJAG00000011443
ENSMUSG00000024206,ENSCJAG00000016750
ENSMUSG00000095954,ENSCJAG00000013747
ENSMUSG00000074647,ENSCJAG00000017842
ENSMUSG00000092166,ENSCJAG00000013747
ENSMUSG00000026413,ENSCJAG00000005433
ENSMUSG00000095996,ENSCJAG00000013747
ENSMUSG00000096066,ENSCJAG00000013747
ENSMUSG00000033880,ENSCJAG00000019635
ENSMUSG00000005882,ENSCJAG00000017831
ENSMUSG00000079424,ENSCJAG00000013747
ENSMUSG00000070677,ENSCJAG00000013747
ENSMUSG00000025575,ENSCJAG00000019644
ENSMUSG00000096139,ENSCJAG00000013747
ENSMUSG00000072813,ENSCJAG00000013747
ENSMUSG00000003382,ENSCJAG00000051512
ENSMUSG00000051985,ENSCJAG00000005404
ENSMUSG00000118505,ENSCJAG00000006546
ENSMUSG00000024207,ENSCJAG00000016734
ENSMUSG00000017446,ENSCJAG00000045764
ENSMUSG00000037706,ENSCJAG00000014738
ENSMUSG00000041977,ENSCJAG00000006413
ENSMUSG00000034110,ENSCJAG00000004245
ENSMUSG00000029641,ENSCJAG00000019369
ENSMUSG00000033857,ENSCJAG00000009541
ENSMUSG00000037379,ENSCJAG00000048623
ENSMUSG00000009246,ENSCJAG00000014749
ENSMUSG00000024212,ENSCJAG00000044059
ENSMUSG00000037313,ENSCJAG00000001805
ENSMUSG00000026411,ENSCJAG00000075235
ENSMUSG00000045019,ENSCJAG00000016705
ENSMUSG00000002660,ENSCJAG00000046904
ENSMUSG00000038259,ENSCJAG00000017826
ENSMUSG00000002661,ENSCJAG00000016691
ENSMUSG00000038241,ENSCJAG00000017803
ENSMUSG00000026565,ENSCJAG00000017095
ENSMUSG00000002664,ENSCJAG00000016688
ENSMUSG00000017466,ENSCJAG00000064894
ENSMUSG00000002658,ENSCJAG00000016669
ENSMUSG00000007670,ENSCJAG00000016627
ENSMUSG00000034706,ENSCJAG00000014971
ENSMUSG00000010021,ENSCJAG00000014908
ENSMUSG00000045752,ENSCJAG00000052019
ENSMUSG00000009545,ENSCJAG00000011708
ENSMUSG00000046329,ENSCJAG00000016577
ENSMUSG00000043895,ENSCJAG00000022912
ENSMUSG00000000202,ENSCJAG00000014960
ENSMUSG00000054252,ENSCJAG00000001819
ENSMUSG00000044279,ENSCJAG00000044939
ENSMUSG00000034677,ENSCJAG00000041453
ENSMUSG00000051043,ENSCJAG00000014900
ENSMUSG00000037664,ENSCJAG00000011703
ENSMUSG00000034652,ENSCJAG00000014894
ENSMUSG00000002668,ENSCJAG00000016543
ENSMUSG00000000154,ENSCJAG00000011682
ENSMUSG00000063193,ENSCJAG00000014880
ENSMUSG00000074646,ENSCJAG00000017799
ENSMUSG00000058728,ENSCJAG00000079657
ENSMUSG00000034641,ENSCJAG00000014849
ENSMUSG00000005881,ENSCJAG00000017733
ENSMUSG00000026564,ENSCJAG00000017165
ENSMUSG00000044811,ENSCJAG00000079657
ENSMUSG00000000544,ENSCJAG00000017174
ENSMUSG00000010760,ENSCJAG00000011680
ENSMUSG00000062591,ENSCJAG00000016534
ENSMUSG00000075719,ENSCJAG00000074520
ENSMUSG00000030428,ENSCJAG00000001214
ENSMUSG00000089753,ENSCJAG00000014849
ENSMUSG00000069609,ENSCJAG00000014849
ENSMUSG00000089722,ENSCJAG00000014849
ENSMUSG00000069607,ENSCJAG00000014849
ENSMUSG00000040629,ENSCJAG00000017185
ENSMUSG00000035678,ENSCJAG00000016530
ENSMUSG00000019489,ENSCJAG00000081455
ENSMUSG00000045980,ENSCJAG00000084308
ENSMUSG00000005824,ENSCJAG00000085938
ENSMUSG00000024164,ENSCJAG00000016466
ENSMUSG00000040612,ENSCJAG00000017212
ENSMUSG00000020734,ENSCJAG00000014754
ENSMUSG00002075840,ENSCJAG00000037089
ENSMUSG00000104445,ENSCJAG00000005838
ENSMUSG00000010538,ENSCJAG00000005831
ENSMUSG00000044788,ENSCJAG00000083099
ENSMUSG00000038180,ENSCJAG00000017715
ENSMUSG00000001416,ENSCJAG00000042067
ENSMUSG00000001416,ENSCJAG00000005776
ENSMUSG00000050201,ENSCJAG00000014684
ENSMUSG00000045288,ENSCJAG00000014706
ENSMUSG00000018862,ENSCJAG00000014679
ENSMUSG00000005823,ENSCJAG00000016419
ENSMUSG00000005299,ENSCJAG00000001859
ENSMUSG00000034586,ENSCJAG00000014648
ENSMUSG00000057406,ENSCJAG00000001876
ENSMUSG00000038633,ENSCJAG00000045673
ENSMUSG00000047539,ENSCJAG00000048559
ENSMUSG00000035545,ENSCJAG00000001225
ENSMUSG00000019487,ENSCJAG00000016334
ENSMUSG00000026608,ENSCJAG00000046030
ENSMUSG00000078783,ENSCJAG00000043683
ENSMUSG00000078783,ENSCJAG00000020939
ENSMUSG00000095788,ENSCJAG00000043683
ENSMUSG00000095788,ENSCJAG00000020939
ENSMUSG00000050910,ENSCJAG00000086649
ENSMUSG00000095028,ENSCJAG00000043683
ENSMUSG00000095028,ENSCJAG00000020939
ENSMUSG00000020732,ENSCJAG00000014808
ENSMUSG00000078161,ENSCJAG00000006491
ENSMUSG00000001829,ENSCJAG00000015121
ENSMUSG00000037624,ENSCJAG00000015327
ENSMUSG00000020871,ENSCJAG00000054881
ENSMUSG00000019590,ENSCJAG00000019777
ENSMUSG00000040086,ENSCJAG00000006412
ENSMUSG00000034116,ENSCJAG00000016236
ENSMUSG00000004880,ENSCJAG00000004629
ENSMUSG00000020681,ENSCJAG00000019755
ENSMUSG00000022995,ENSCJAG00000012510
ENSMUSG00000053870,ENSCJAG00000047253
ENSMUSG00000070810,ENSCJAG00000005269
ENSMUSG00000094156,ENSCJAG00000005269
ENSMUSG00000064765,ENSCJAG00000056204
ENSMUSG00000064765,ENSCJAG00000033513
ENSMUSG00000064765,ENSCJAG00000081021
ENSMUSG00000064765,ENSCJAG00000069948
ENSMUSG00000028182,ENSCJAG00000031619
ENSMUSG00000029111,ENSCJAG00000039975
ENSMUSG00000001901,ENSCJAG00000019748
ENSMUSG00000027618,ENSCJAG00000017633
ENSMUSG00000048142,ENSCJAG00000014504
ENSMUSG00000033585,ENSCJAG00000003738
ENSMUSG00000070858,ENSCJAG00000044010
ENSMUSG00000056972,ENSCJAG00000085421
ENSMUSG00000049354,ENSCJAG00000019745
ENSMUSG00000070527,ENSCJAG00000045017
ENSMUSG00000057894,ENSCJAG00000000347
ENSMUSG00000090527,ENSCJAG00000054707
ENSMUSG00000049600,ENSCJAG00000046340
ENSMUSG00000001983,ENSCJAG00000019741
ENSMUSG00000036951,ENSCJAG00000054707
ENSMUSG00000020700,ENSCJAG00000019716
ENSMUSG00000097392,ENSCJAG00000016157
ENSMUSG00000097392,ENSCJAG00000084982
ENSMUSG00000091376,ENSCJAG00000001095
ENSMUSG00000067847,ENSCJAG00000076506
ENSMUSG00000027761,ENSCJAG00000051341
ENSMUSG00000027762,ENSCJAG00000064247
ENSMUSG00000040699,ENSCJAG00000071011
ENSMUSG00000026985,ENSCJAG00000077528
ENSMUSG00000058503,ENSCJAG00000039959
ENSMUSG00000044103,ENSCJAG00000052620
ENSMUSG00000015854,ENSCJAG00000006682
ENSMUSG00000069631,ENSCJAG00000019701
ENSMUSG00000026511,ENSCJAG00000040095
ENSMUSG00000026984,ENSCJAG00000040165
ENSMUSG00000026983,ENSCJAG00000036307
ENSMUSG00000026596,ENSCJAG00000008288
ENSMUSG00000005907,ENSCJAG00000013927
ENSMUSG00000078622,ENSCJAG00000019683
ENSMUSG00000046845,ENSCJAG00000041166
ENSMUSG00000060519,ENSCJAG00000008366
ENSMUSG00000052833,ENSCJAG00000011565
ENSMUSG00000023845,ENSCJAG00000009724
ENSMUSG00000020705,ENSCJAG00000019649
ENSMUSG00000027157,ENSCJAG00000073997
ENSMUSG00000033557,ENSCJAG00000008371
ENSMUSG00000058230,ENSCJAG00000011701
ENSMUSG00000020706,ENSCJAG00000019631
ENSMUSG00000007415,ENSCJAG00000079684
ENSMUSG00000078795,ENSCJAG00000017073
ENSMUSG00000078795,ENSCJAG00000020206
ENSMUSG00000078795,ENSCJAG00000037018
ENSMUSG00000078795,ENSCJAG00000012987
ENSMUSG00000078795,ENSCJAG00000046660
ENSMUSG00000078795,ENSCJAG00000047070
ENSMUSG00000026594,ENSCJAG00000008385
ENSMUSG00000007209,ENSCJAG00000017073
ENSMUSG00000007209,ENSCJAG00000020206
ENSMUSG00000007209,ENSCJAG00000037018
ENSMUSG00000007209,ENSCJAG00000012987
ENSMUSG00000007209,ENSCJAG00000046660
ENSMUSG00000007209,ENSCJAG00000047070
ENSMUSG00000025781,ENSCJAG00000056633
ENSMUSG00000025781,ENSCJAG00000020635
ENSMUSG00000008036,ENSCJAG00000011710
ENSMUSG00000077349,ENSCJAG00000035327
ENSMUSG00000020708,ENSCJAG00000019558
ENSMUSG00000001918,ENSCJAG00000011717
ENSMUSG00000068036,ENSCJAG00000014702
ENSMUSG00000065162,ENSCJAG00000082965
ENSMUSG00000065162,ENSCJAG00000078126
ENSMUSG00000040351,ENSCJAG00000013964
ENSMUSG00000078619,ENSCJAG00000019528
ENSMUSG00000048920,ENSCJAG00000011741
ENSMUSG00000030374,ENSCJAG00000011749
ENSMUSG00000037262,ENSCJAG00000020631
ENSMUSG00000037254,ENSCJAG00000020625
ENSMUSG00000020712,ENSCJAG00000060314
ENSMUSG00000000600,ENSCJAG00000014000
ENSMUSG00000020713,ENSCJAG00000075159
ENSMUSG00000020713,ENSCJAG00000043217
ENSMUSG00000040592,ENSCJAG00000019471
ENSMUSG00000027014,ENSCJAG00000047313
ENSMUSG00000001027,ENSCJAG00000019443
ENSMUSG00000009210,ENSCJAG00000019442
ENSMUSG00000041187,ENSCJAG00000047142
ENSMUSG00000001029,ENSCJAG00000019438
ENSMUSG00000067941,ENSCJAG00000078235
ENSMUSG00000067941,ENSCJAG00000071689
ENSMUSG00000067941,ENSCJAG00000076576
ENSMUSG00000067941,ENSCJAG00000084010
ENSMUSG00000067941,ENSCJAG00000070665
ENSMUSG00000067941,ENSCJAG00000075712
ENSMUSG00000067941,ENSCJAG00000078947
ENSMUSG00000067941,ENSCJAG00000077015
ENSMUSG00000067941,ENSCJAG00000083764
ENSMUSG00000067941,ENSCJAG00000082871
ENSMUSG00000067941,ENSCJAG00000070049
ENSMUSG00000020834,ENSCJAG00000013243
ENSMUSG00000101307,ENSCJAG00000078235
ENSMUSG00000101307,ENSCJAG00000071689
ENSMUSG00000101307,ENSCJAG00000076576
ENSMUSG00000101307,ENSCJAG00000084010
ENSMUSG00000101307,ENSCJAG00000070665
ENSMUSG00000101307,ENSCJAG00000075712
ENSMUSG00000101307,ENSCJAG00000078947
ENSMUSG00000101307,ENSCJAG00000077015
ENSMUSG00000101307,ENSCJAG00000083764
ENSMUSG00000101307,ENSCJAG00000082871
ENSMUSG00000101307,ENSCJAG00000070049
ENSMUSG00000101361,ENSCJAG00000078235
ENSMUSG00000101361,ENSCJAG00000071689
ENSMUSG00000101361,ENSCJAG00000076576
ENSMUSG00000101361,ENSCJAG00000084010
ENSMUSG00000101361,ENSCJAG00000070665
ENSMUSG00000101361,ENSCJAG00000075712
ENSMUSG00000101361,ENSCJAG00000078947
ENSMUSG00000101361,ENSCJAG00000077015
ENSMUSG00000101361,ENSCJAG00000083764
ENSMUSG00000101361,ENSCJAG00000082871
ENSMUSG00000101361,ENSCJAG00000070049
ENSMUSG00000048826,ENSCJAG00000003529
ENSMUSG00000061981,ENSCJAG00000013210
ENSMUSG00000093258,ENSCJAG00000034678
ENSMUSG00000029206,ENSCJAG00000019381
ENSMUSG00000075185,ENSCJAG00000079496
ENSMUSG00000078794,ENSCJAG00000042823
ENSMUSG00000063594,ENSCJAG00000011841
ENSMUSG00000111306,ENSCJAG00000079496
ENSMUSG00000075181,ENSCJAG00000079496
ENSMUSG00000043017,ENSCJAG00000011850
ENSMUSG00000111772,ENSCJAG00000079496
ENSMUSG00000030400,ENSCJAG00000012716
ENSMUSG00000060742,ENSCJAG00000079496
ENSMUSG00000075179,ENSCJAG00000079496
ENSMUSG00000110912,ENSCJAG00000079496
ENSMUSG00000029223,ENSCJAG00000039717
ENSMUSG00000111689,ENSCJAG00000079496
ENSMUSG00000026765,ENSCJAG00000003077
ENSMUSG00000065401,ENSCJAG00000029715
ENSMUSG00000020832,ENSCJAG00000045605
ENSMUSG00000029718,ENSCJAG00000015201
ENSMUSG00002075205,ENSCJAG00000056204
ENSMUSG00002075205,ENSCJAG00000033513
ENSMUSG00002075205,ENSCJAG00000081021
ENSMUSG00002075205,ENSCJAG00000069948
ENSMUSG00000082980,ENSCJAG00000022697
ENSMUSG00000026866,ENSCJAG00000012322
ENSMUSG00000037750,ENSCJAG00000082214
ENSMUSG00000017386,ENSCJAG00000013161
ENSMUSG00000017405,ENSCJAG00000013137
ENSMUSG00000089984,ENSCJAG00000015213
ENSMUSG00000019437,ENSCJAG00000013131
ENSMUSG00000040714,ENSCJAG00000012757
ENSMUSG00000033544,ENSCJAG00000008434
ENSMUSG00000075209,ENSCJAG00000077050
ENSMUSG00000030399,ENSCJAG00000045755
ENSMUSG00000064540,ENSCJAG00000057621
ENSMUSG00000075208,ENSCJAG00000083702
ENSMUSG00000077625,ENSCJAG00000052870
ENSMUSG00000065676,ENSCJAG00000056763
ENSMUSG00000002059,ENSCJAG00000013101
ENSMUSG00000046975,ENSCJAG00000042752
ENSMUSG00000057761,ENSCJAG00000084636
ENSMUSG00000057761,ENSCJAG00000072878
ENSMUSG00000041498,ENSCJAG00000005114
ENSMUSG00000050128,ENSCJAG00000084636
ENSMUSG00000050128,ENSCJAG00000072878
ENSMUSG00000030397,ENSCJAG00000012801
ENSMUSG00000057207,ENSCJAG00000079968
ENSMUSG00000057207,ENSCJAG00000076074
ENSMUSG00000111678,ENSCJAG00000079496
ENSMUSG00000045150,ENSCJAG00000044664
ENSMUSG00000079165,ENSCJAG00000015273
ENSMUSG00000075140,ENSCJAG00000044664
ENSMUSG00000075139,ENSCJAG00000022692
ENSMUSG00000075137,ENSCJAG00000022692
ENSMUSG00000029722,ENSCJAG00000015278
ENSMUSG00000004110,ENSCJAG00000004426
ENSMUSG00000044122,ENSCJAG00000013085
ENSMUSG00000065388,ENSCJAG00000075750
ENSMUSG00000065388,ENSCJAG00000076014
ENSMUSG00000057667,ENSCJAG00000012780
ENSMUSG00000002043,ENSCJAG00000012869
ENSMUSG00000002052,ENSCJAG00000012982
ENSMUSG00000075069,ENSCJAG00000009228
ENSMUSG00000059910,ENSCJAG00000022697
ENSMUSG00000075067,ENSCJAG00000022697
ENSMUSG00000060621,ENSCJAG00000012882
ENSMUSG00000084336,ENSCJAG00000022697
ENSMUSG00000045348,ENSCJAG00000015307
ENSMUSG00000075066,ENSCJAG00000044825
ENSMUSG00000051403,ENSCJAG00000012886
ENSMUSG00000075065,ENSCJAG00000044825
ENSMUSG00000044709,ENSCJAG00000074834
ENSMUSG00000044709,ENSCJAG00000085678
ENSMUSG00000010277,ENSCJAG00000012898
ENSMUSG00000029725,ENSCJAG00000015345
ENSMUSG00000075064,ENSCJAG00000022697
ENSMUSG00000026621,ENSCJAG00000006146
ENSMUSG00000011267,ENSCJAG00000012912
ENSMUSG00000075063,ENSCJAG00000044825
ENSMUSG00000075062,ENSCJAG00000044825
ENSMUSG00000029726,ENSCJAG00000015348
ENSMUSG00000075061,ENSCJAG00000044825
ENSMUSG00000061028,ENSCJAG00000012926
ENSMUSG00000080809,ENSCJAG00000044825
ENSMUSG00000026466,ENSCJAG00000007992
ENSMUSG00000037108,ENSCJAG00000015363
ENSMUSG00000068808,ENSCJAG00000073916
ENSMUSG00000081948,ENSCJAG00000044095
ENSMUSG00000019785,ENSCJAG00000048309
ENSMUSG00000037593,ENSCJAG00000012891
ENSMUSG00000060827,ENSCJAG00000044095
ENSMUSG00000075121,ENSCJAG00000086783
ENSMUSG00000040310,ENSCJAG00000011438
ENSMUSG00000027198,ENSCJAG00000011414
ENSMUSG00000050565,ENSCJAG00000045447
ENSMUSG00000002055,ENSCJAG00000012848
ENSMUSG00000039552,ENSCJAG00000004455
ENSMUSG00000029727,ENSCJAG00000064350
ENSMUSG00000029727,ENSCJAG00000015744
ENSMUSG00000029727,ENSCJAG00000006505
ENSMUSG00000029727,ENSCJAG00000064981
ENSMUSG00000039531,ENSCJAG00000004437
ENSMUSG00000037408,ENSCJAG00000007949
ENSMUSG00000056966,ENSCJAG00000015695
ENSMUSG00000017390,ENSCJAG00000012766
ENSMUSG00000037053,ENSCJAG00000082690
ENSMUSG00000002983,ENSCJAG00000012991
ENSMUSG00000040272,ENSCJAG00000011398
ENSMUSG00000075599,ENSCJAG00000078235
ENSMUSG00000075599,ENSCJAG00000071689
ENSMUSG00000075599,ENSCJAG00000076576
ENSMUSG00000075599,ENSCJAG00000084010
ENSMUSG00000075599,ENSCJAG00000070665
ENSMUSG00000075599,ENSCJAG00000075712
ENSMUSG00000075599,ENSCJAG00000078947
ENSMUSG00000075599,ENSCJAG00000077015
ENSMUSG00000075599,ENSCJAG00000083764
ENSMUSG00000075599,ENSCJAG00000082871
ENSMUSG00000075599,ENSCJAG00000070049
ENSMUSG00000079156,ENSCJAG00000078235
ENSMUSG00000079156,ENSCJAG00000071689
ENSMUSG00000079156,ENSCJAG00000076576
ENSMUSG00000079156,ENSCJAG00000084010
ENSMUSG00000079156,ENSCJAG00000070665
ENSMUSG00000079156,ENSCJAG00000075712
ENSMUSG00000079156,ENSCJAG00000078947
ENSMUSG00000079156,ENSCJAG00000077015
ENSMUSG00000079156,ENSCJAG00000083764
ENSMUSG00000079156,ENSCJAG00000082871
ENSMUSG00000079156,ENSCJAG00000070049
ENSMUSG00000029516,ENSCJAG00000009005
ENSMUSG00000041958,ENSCJAG00000012729
ENSMUSG00000067653,ENSCJAG00000007975
ENSMUSG00000019782,ENSCJAG00000004474
ENSMUSG00000019782,ENSCJAG00000072051
ENSMUSG00000002981,ENSCJAG00000013016
ENSMUSG00000002058,ENSCJAG00000001100
ENSMUSG00000002058,ENSCJAG00000012712
ENSMUSG00000071340,ENSCJAG00000004513
ENSMUSG00000039508,ENSCJAG00000004499
ENSMUSG00000049872,ENSCJAG00000059277
ENSMUSG00000002057,ENSCJAG00000012705
ENSMUSG00000046031,ENSCJAG00000004524
ENSMUSG00000026121,ENSCJAG00000008018
ENSMUSG00000039497,ENSCJAG00000004530
ENSMUSG00000075023,ENSCJAG00000011384
ENSMUSG00000075023,ENSCJAG00000054109
ENSMUSG00000002992,ENSCJAG00000070240
ENSMUSG00000001095,ENSCJAG00000012683
ENSMUSG00000040564,ENSCJAG00000078941
ENSMUSG00000025169,ENSCJAG00000060460
ENSMUSG00000047514,ENSCJAG00000040079
ENSMUSG00000039480,ENSCJAG00000047367
ENSMUSG00000002985,ENSCJAG00000084338
ENSMUSG00000039307,ENSCJAG00000017945
ENSMUSG00000087006,ENSCJAG00000041387
ENSMUSG00000040174,ENSCJAG00000011353
ENSMUSG00000046337,ENSCJAG00000008050
ENSMUSG00000002984,ENSCJAG00000013072
ENSMUSG00000062300,ENSCJAG00000013088
ENSMUSG00000039294,ENSCJAG00000017943
ENSMUSG00000039059,ENSCJAG00000048407
ENSMUSG00000039485,ENSCJAG00000034803
ENSMUSG00000059862,ENSCJAG00000022576
ENSMUSG00000048015,ENSCJAG00000019123
ENSMUSG00000039050,ENSCJAG00000014300
ENSMUSG00000034833,ENSCJAG00000019103
ENSMUSG00000002980,ENSCJAG00000013105
ENSMUSG00000061518,ENSCJAG00000016911
ENSMUSG00000037351,ENSCJAG00000016919
ENSMUSG00000015647,ENSCJAG00000074394
ENSMUSG00000000056,ENSCJAG00000017926
ENSMUSG00000040525,ENSCJAG00000013125
ENSMUSG00000026117,ENSCJAG00000011481
ENSMUSG00000039275,ENSCJAG00000017923
ENSMUSG00000074802,ENSCJAG00000002065
ENSMUSG00000025173,ENSCJAG00000042917
ENSMUSG00000054976,ENSCJAG00000012708
ENSMUSG00000030780,ENSCJAG00000000816
ENSMUSG00000039001,ENSCJAG00000022436
ENSMUSG00000010311,ENSCJAG00000006558
ENSMUSG00000038990,ENSCJAG00000014189
ENSMUSG00000039253,ENSCJAG00000047793
ENSMUSG00000047638,ENSCJAG00000002087
ENSMUSG00000029513,ENSCJAG00000009119
ENSMUSG00000025175,ENSCJAG00000017895
ENSMUSG00000042046,ENSCJAG00000017201
ENSMUSG00000038980,ENSCJAG00000014173
ENSMUSG00000048170,ENSCJAG00000020390
ENSMUSG00000039238,ENSCJAG00000017892
ENSMUSG00000025170,ENSCJAG00000017902
ENSMUSG00000070144,ENSCJAG00000028067
ENSMUSG00000039041,ENSCJAG00000014274
ENSMUSG00000039041,ENSCJAG00000074967
ENSMUSG00000079278,ENSCJAG00000081547
ENSMUSG00000051650,ENSCJAG00000046682
ENSMUSG00000037795,ENSCJAG00000019411
ENSMUSG00002075186,ENSCJAG00000086365
ENSMUSG00000055319,ENSCJAG00000019189
ENSMUSG00000065869,ENSCJAG00000059866
ENSMUSG00000051355,ENSCJAG00000008693
ENSMUSG00000027518,ENSCJAG00000019072
ENSMUSG00000026439,ENSCJAG00000017172
ENSMUSG00000069539,ENSCJAG00000002141
ENSMUSG00000027519,ENSCJAG00000044464
ENSMUSG00000007739,ENSCJAG00000008703
ENSMUSG00000054455,ENSCJAG00000082702
ENSMUSG00002076604,ENSCJAG00000023767
ENSMUSG00000060747,ENSCJAG00000080608
ENSMUSG00000060747,ENSCJAG00000070961
ENSMUSG00000029204,ENSCJAG00000019407
ENSMUSG00000084174,ENSCJAG00000014058
ENSMUSG00000029205,ENSCJAG00000019397
ENSMUSG00000047586,ENSCJAG00000014055
ENSMUSG00000047030,ENSCJAG00000041816
ENSMUSG00000030602,ENSCJAG00000014040
ENSMUSG00000003934,ENSCJAG00000044444
ENSMUSG00000006418,ENSCJAG00000000510
ENSMUSG00000029607,ENSCJAG00000015402
ENSMUSG00000020857,ENSCJAG00000067614
ENSMUSG00000037469,ENSCJAG00000014028
ENSMUSG00000029610,ENSCJAG00000015370
ENSMUSG00000036816,ENSCJAG00000045520
ENSMUSG00000053024,ENSCJAG00000017136
ENSMUSG00000020067,ENSCJAG00000019196
ENSMUSG00000079109,ENSCJAG00000015340
ENSMUSG00000042821,ENSCJAG00000073906
ENSMUSG00000037601,ENSCJAG00000018395
ENSMUSG00000037573,ENSCJAG00000018533
ENSMUSG00000044177,ENSCJAG00000035232
ENSMUSG00000020064,ENSCJAG00000019252
ENSMUSG00000094091,ENSCJAG00000067605
ENSMUSG00000020863,ENSCJAG00000018558
ENSMUSG00000090213,ENSCJAG00000072528
ENSMUSG00000037463,ENSCJAG00000014025
ENSMUSG00000056501,ENSCJAG00000038265
ENSMUSG00002075309,ENSCJAG00000035338
ENSMUSG00000068040,ENSCJAG00000020742
ENSMUSG00000034957,ENSCJAG00000062617
ENSMUSG00000034957,ENSCJAG00000043818
ENSMUSG00000030495,ENSCJAG00000000642
ENSMUSG00000067780,ENSCJAG00000000555
ENSMUSG00000026563,ENSCJAG00000079711
ENSMUSG00000040596,ENSCJAG00000048527
ENSMUSG00000001802,ENSCJAG00000000662
ENSMUSG00000074671,ENSCJAG00000066599
ENSMUSG00000020063,ENSCJAG00000019318
ENSMUSG00000051413,ENSCJAG00000044979
ENSMUSG00000075569,ENSCJAG00000015308
ENSMUSG00000047793,ENSCJAG00000006352
ENSMUSG00000046020,ENSCJAG00000020721
ENSMUSG00000118454,ENSCJAG00000000669
ENSMUSG00000063808,ENSCJAG00000000684
ENSMUSG00000020864,ENSCJAG00000018627
ENSMUSG00000029617,ENSCJAG00000015269
ENSMUSG00000027475,ENSCJAG00000020718
ENSMUSG00000036764,ENSCJAG00000019345
ENSMUSG00000020865,ENSCJAG00000018609
ENSMUSG00000029618,ENSCJAG00000015258
ENSMUSG00000042548,ENSCJAG00000020708
ENSMUSG00000038970,ENSCJAG00000015240
ENSMUSG00000048185,ENSCJAG00000033546
ENSMUSG00000048185,ENSCJAG00000082838
ENSMUSG00000060843,ENSCJAG00000019354
ENSMUSG00000061882,ENSCJAG00000016343
ENSMUSG00000061411,ENSCJAG00000020705
ENSMUSG00000030494,ENSCJAG00000000708
ENSMUSG00000026273,ENSCJAG00000006346
ENSMUSG00000029408,ENSCJAG00000016428
ENSMUSG00000042846,ENSCJAG00000019359
ENSMUSG00000030493,ENSCJAG00000048468
ENSMUSG00000026274,ENSCJAG00000073377
ENSMUSG00000056941,ENSCJAG00000038577
ENSMUSG00000023072,ENSCJAG00000000731
ENSMUSG00000027478,ENSCJAG00000015617
ENSMUSG00000023707,ENSCJAG00000016459
ENSMUSG00002076971,ENSCJAG00000028765
ENSMUSG00000077440,ENSCJAG00000061085
ENSMUSG00000037455,ENSCJAG00000002872
ENSMUSG00000020010,ENSCJAG00000072445
ENSMUSG00000030492,ENSCJAG00000000755
ENSMUSG00000064389,ENSCJAG00000083992
ENSMUSG00000020866,ENSCJAG00000018639
ENSMUSG00000034107,ENSCJAG00000064163
ENSMUSG00000037440,ENSCJAG00000036205
ENSMUSG00000056379,ENSCJAG00000031673
ENSMUSG00000059763,ENSCJAG00000002912
ENSMUSG00000069706,ENSCJAG00000002918
ENSMUSG00000121803,ENSCJAG00000004710
ENSMUSG00000043859,ENSCJAG00000014626
ENSMUSG00000043859,ENSCJAG00000082929
ENSMUSG00000041827,ENSCJAG00000043836
ENSMUSG00000034066,ENSCJAG00000006087
ENSMUSG00000030491,ENSCJAG00000000763
ENSMUSG00000029559,ENSCJAG00000075433
ENSMUSG00000029559,ENSCJAG00000038625
ENSMUSG00000026277,ENSCJAG00000006066
ENSMUSG00000029556,ENSCJAG00000013594
ENSMUSG00000026278,ENSCJAG00000000544
ENSMUSG00000029550,ENSCJAG00000001359
ENSMUSG00000066500,ENSCJAG00000004260
ENSMUSG00000026670,ENSCJAG00000004264
ENSMUSG00000048012,ENSCJAG00000042670
ENSMUSG00000029545,ENSCJAG00000001332
ENSMUSG00000046562,ENSCJAG00000047008
ENSMUSG00000002205,ENSCJAG00000004228
ENSMUSG00000033434,ENSCJAG00000079573
ENSMUSG00000033434,ENSCJAG00000084135
ENSMUSG00000026667,ENSCJAG00000004291
ENSMUSG00000023284,ENSCJAG00000013074
ENSMUSG00000038539,ENSCJAG00000078958
ENSMUSG00000037355,ENSCJAG00000041289
ENSMUSG00000109511,ENSCJAG00000083208
ENSMUSG00000109511,ENSCJAG00000044088
ENSMUSG00000042800,ENSCJAG00000004527
ENSMUSG00000026388,ENSCJAG00000057183
ENSMUSG00000074141,ENSCJAG00000004185
ENSMUSG00000026399,ENSCJAG00000018314
ENSMUSG00000029112,ENSCJAG00000079323
ENSMUSG00000037339,ENSCJAG00000001781
ENSMUSG00000038520,ENSCJAG00000043715
ENSMUSG00000026819,ENSCJAG00000019924
ENSMUSG00000004642,ENSCJAG00000001790
ENSMUSG00000026405,ENSCJAG00000018336
ENSMUSG00000011096,ENSCJAG00000004153
ENSMUSG00000042190,ENSCJAG00000015320
ENSMUSG00000036478,ENSCJAG00000040127
ENSMUSG00000026417,ENSCJAG00000018483
ENSMUSG00000053334,ENSCJAG00000015326
ENSMUSG00000018974,ENSCJAG00000015330
ENSMUSG00000039164,ENSCJAG00000047246
ENSMUSG00000002963,ENSCJAG00000004134
ENSMUSG00000039157,ENSCJAG00000019920
ENSMUSG00000016529,ENSCJAG00000077347
ENSMUSG00000019948,ENSCJAG00000002192
ENSMUSG00000016528,ENSCJAG00000018551
ENSMUSG00000026810,ENSCJAG00000069981
ENSMUSG00000025825,ENSCJAG00000084466
ENSMUSG00000019951,ENSCJAG00000002230
ENSMUSG00000046854,ENSCJAG00000019915
ENSMUSG00000088705,ENSCJAG00000078144
ENSMUSG00000088705,ENSCJAG00000062032
ENSMUSG00000088705,ENSCJAG00000080562
ENSMUSG00000016526,ENSCJAG00000018585
ENSMUSG00000026427,ENSCJAG00000018600
ENSMUSG00000054675,ENSCJAG00000086609
ENSMUSG00000079442,ENSCJAG00000055323
ENSMUSG00000048163,ENSCJAG00000074914
ENSMUSG00000004530,ENSCJAG00000015412
ENSMUSG00000093147,ENSCJAG00000085143
ENSMUSG00000026811,ENSCJAG00000019903
ENSMUSG00000058589,ENSCJAG00000002273
ENSMUSG00000054079,ENSCJAG00000018349
ENSMUSG00000059474,ENSCJAG00000018369
ENSMUSG00000065320,ENSCJAG00000053389
ENSMUSG00000041298,ENSCJAG00000021612
ENSMUSG00000026817,ENSCJAG00000019896
ENSMUSG00000038502,ENSCJAG00000042365
ENSMUSG00000038502,ENSCJAG00000004105
ENSMUSG00000014932,ENSCJAG00000000099
ENSMUSG00000026814,ENSCJAG00000019875
ENSMUSG00000034793,ENSCJAG00000051252
ENSMUSG00000002968,ENSCJAG00000003943
ENSMUSG00000079330,ENSCJAG00000039735
ENSMUSG00000008855,ENSCJAG00000010230
ENSMUSG00000023452,ENSCJAG00000011154
ENSMUSG00000118219,ENSCJAG00000058800
ENSMUSG00000093277,ENSCJAG00000024515
ENSMUSG00000093277,ENSCJAG00000070796
ENSMUSG00000093277,ENSCJAG00000026852
ENSMUSG00000093277,ENSCJAG00000075718
ENSMUSG00000093277,ENSCJAG00000071275
ENSMUSG00000093277,ENSCJAG00000029475
ENSMUSG00000093277,ENSCJAG00000080191
ENSMUSG00000009566,ENSCJAG00000019869
ENSMUSG00000026409,ENSCJAG00000018370
ENSMUSG00000054280,ENSCJAG00000011163
ENSMUSG00000009555,ENSCJAG00000019868
ENSMUSG00000037426,ENSCJAG00000011169
ENSMUSG00002075767,ENSCJAG00000082973
ENSMUSG00000019979,ENSCJAG00000002341
ENSMUSG00000059013,ENSCJAG00000019858
ENSMUSG00000011658,ENSCJAG00000003892
ENSMUSG00000039021,ENSCJAG00000019847
ENSMUSG00000046404,ENSCJAG00000018460
ENSMUSG00000042510,ENSCJAG00000018463
ENSMUSG00000026415,ENSCJAG00000018466
ENSMUSG00000019975,ENSCJAG00000002387
ENSMUSG00000026708,ENSCJAG00000009304
ENSMUSG00000061904,ENSCJAG00000002392
ENSMUSG00000034773,ENSCJAG00000010201
ENSMUSG00000060279,ENSCJAG00000003806
ENSMUSG00000009563,ENSCJAG00000019854
ENSMUSG00000034768,ENSCJAG00000010192
ENSMUSG00000053746,ENSCJAG00000019841
ENSMUSG00000026705,ENSCJAG00000009306
ENSMUSG00000077167,ENSCJAG00000026589
ENSMUSG00000034757,ENSCJAG00000010189
ENSMUSG00000038987,ENSCJAG00000019835
ENSMUSG00000026797,ENSCJAG00000019817
ENSMUSG00000059995,ENSCJAG00000010161
ENSMUSG00000036602,ENSCJAG00000080722
ENSMUSG00000044835,ENSCJAG00000051615
ENSMUSG00000019892,ENSCJAG00000019445
ENSMUSG00000049160,ENSCJAG00000041421
ENSMUSG00000026701,ENSCJAG00000012264
ENSMUSG00000026701,ENSCJAG00000043129
ENSMUSG00000003269,ENSCJAG00000000408
ENSMUSG00000019894,ENSCJAG00000019425
ENSMUSG00000026592,ENSCJAG00000073256
ENSMUSG00000020923,ENSCJAG00000010066
ENSMUSG00000018965,ENSCJAG00000055488
ENSMUSG00000011034,ENSCJAG00000011369
ENSMUSG00000064652,ENSCJAG00000028189
ENSMUSG00000015619,ENSCJAG00000038283
ENSMUSG00000109713,ENSCJAG00000015383
ENSMUSG00000025782,ENSCJAG00000020650
ENSMUSG00000041577,ENSCJAG00000006543
ENSMUSG00000119207,ENSCJAG00000071229
ENSMUSG00000119207,ENSCJAG00000077392
ENSMUSG00000121605,ENSCJAG00000000814
ENSMUSG00000047767,ENSCJAG00000014994
ENSMUSG00000010175,ENSCJAG00000015514
ENSMUSG00000029131,ENSCJAG00000005288
ENSMUSG00000069601,ENSCJAG00000006912
ENSMUSG00000027520,ENSCJAG00000005812
ENSMUSG00000062651,ENSCJAG00000061898
ENSMUSG00000026743,ENSCJAG00000008081
ENSMUSG00000119074,ENSCJAG00000080499
ENSMUSG00000119074,ENSCJAG00000085770
ENSMUSG00000119074,ENSCJAG00000077400
ENSMUSG00000065565,ENSCJAG00000029297
ENSMUSG00000065458,ENSCJAG00000028515
ENSMUSG00000026395,ENSCJAG00000004982
ENSMUSG00000086598,ENSCJAG00000008629
ENSMUSG00000025746,ENSCJAG00000001400
ENSMUSG00000050043,ENSCJAG00000035426
ENSMUSG00000030688,ENSCJAG00000043524
ENSMUSG00000025747,ENSCJAG00000000125
ENSMUSG00000044576,ENSCJAG00000008091
ENSMUSG00000027080,ENSCJAG00000008642
ENSMUSG00000025745,ENSCJAG00000008008
ENSMUSG00000034075,ENSCJAG00000008661
ENSMUSG00000032812,ENSCJAG00000015038
ENSMUSG00000059447,ENSCJAG00000007943
ENSMUSG00000034059,ENSCJAG00000038323
ENSMUSG00000065484,ENSCJAG00000028944
ENSMUSG00000023224,ENSCJAG00000008787
ENSMUSG00000027078,ENSCJAG00000047361
ENSMUSG00000027077,ENSCJAG00000008825
ENSMUSG00000027076,ENSCJAG00000078357
ENSMUSG00000027075,ENSCJAG00000008882
ENSMUSG00000006574,ENSCJAG00000010019
ENSMUSG00000067642,ENSCJAG00000001491
ENSMUSG00000075703,ENSCJAG00000001477
ENSMUSG00000045515,ENSCJAG00000046410
ENSMUSG00000079423,ENSCJAG00000013747
ENSMUSG00000049606,ENSCJAG00000001855
ENSMUSG00000050896,ENSCJAG00000008890
ENSMUSG00000027074,ENSCJAG00000008898
ENSMUSG00000006575,ENSCJAG00000009984
ENSMUSG00000045078,ENSCJAG00000000082
ENSMUSG00000045078,ENSCJAG00000087020
ENSMUSG00000027073,ENSCJAG00000036833
ENSMUSG00000027072,ENSCJAG00000008948
ENSMUSG00000027071,ENSCJAG00000008959
ENSMUSG00000018677,ENSCJAG00000009963
ENSMUSG00000110195,ENSCJAG00000015101
ENSMUSG00000057816,ENSCJAG00000015075
ENSMUSG00000039678,ENSCJAG00000020207
ENSMUSG00000029281,ENSCJAG00000014310
ENSMUSG00000090302,ENSCJAG00000014310
ENSMUSG00000029282,ENSCJAG00000014645
ENSMUSG00000015337,ENSCJAG00000020220
ENSMUSG00000029288,ENSCJAG00000014634
ENSMUSG00000039660,ENSCJAG00000020221
ENSMUSG00000029286,ENSCJAG00000014627
ENSMUSG00000067149,ENSCJAG00000053067
ENSMUSG00000034708,ENSCJAG00000009903
ENSMUSG00000039648,ENSCJAG00000020240
ENSMUSG00000034685,ENSCJAG00000009865
ENSMUSG00000034664,ENSCJAG00000009821
ENSMUSG00000007476,ENSCJAG00000020246
ENSMUSG00000052303,ENSCJAG00000006924
ENSMUSG00000052303,ENSCJAG00000022906
ENSMUSG00000074111,ENSCJAG00000006924
ENSMUSG00000074111,ENSCJAG00000022906
ENSMUSG00000075419,ENSCJAG00000020248
ENSMUSG00000037049,ENSCJAG00000014259
ENSMUSG00000026860,ENSCJAG00000020282
ENSMUSG00000029616,ENSCJAG00000048643
ENSMUSG00000037032,ENSCJAG00000014145
ENSMUSG00000029452,ENSCJAG00000012100
ENSMUSG00002076051,ENSCJAG00000064766
ENSMUSG00002076051,ENSCJAG00000081373
ENSMUSG00002076051,ENSCJAG00000085620
ENSMUSG00002076051,ENSCJAG00000074668
ENSMUSG00002076051,ENSCJAG00000087032
ENSMUSG00002076051,ENSCJAG00000081523
ENSMUSG00002076051,ENSCJAG00000058853
ENSMUSG00002076051,ENSCJAG00000064528
ENSMUSG00002076051,ENSCJAG00000077419
ENSMUSG00002076051,ENSCJAG00000082623
ENSMUSG00002076051,ENSCJAG00000083841
ENSMUSG00002076051,ENSCJAG00000082851
ENSMUSG00002076051,ENSCJAG00000073166
ENSMUSG00002076051,ENSCJAG00000073491
ENSMUSG00002076051,ENSCJAG00000083630
ENSMUSG00002076051,ENSCJAG00000081708
ENSMUSG00002076051,ENSCJAG00000081895
ENSMUSG00002076051,ENSCJAG00000064517
ENSMUSG00002076051,ENSCJAG00000073957
ENSMUSG00002076051,ENSCJAG00000085963
ENSMUSG00002076051,ENSCJAG00000053899
ENSMUSG00000034621,ENSCJAG00000009807
ENSMUSG00000065657,ENSCJAG00000083874
ENSMUSG00000050288,ENSCJAG00000015740
ENSMUSG00000051455,ENSCJAG00000012224
ENSMUSG00000020926,ENSCJAG00000012274
ENSMUSG00000026858,ENSCJAG00000020285
ENSMUSG00000029454,ENSCJAG00000012029
ENSMUSG00000034520,ENSCJAG00000045848
ENSMUSG00000064788,ENSCJAG00000074823
ENSMUSG00000064788,ENSCJAG00000072965
ENSMUSG00000064788,ENSCJAG00000082692
ENSMUSG00000070337,ENSCJAG00000008100
ENSMUSG00000038485,ENSCJAG00000008108
ENSMUSG00000049807,ENSCJAG00000008112
ENSMUSG00000026853,ENSCJAG00000020293
ENSMUSG00000038453,ENSCJAG00000008123
ENSMUSG00000029455,ENSCJAG00000011989
ENSMUSG00000030895,ENSCJAG00000014134
ENSMUSG00000039629,ENSCJAG00000010399
ENSMUSG00000039515,ENSCJAG00000020295
ENSMUSG00000036989,ENSCJAG00000014089
ENSMUSG00000042647,ENSCJAG00000011944
ENSMUSG00000043439,ENSCJAG00000023426
ENSMUSG00000029456,ENSCJAG00000011944
ENSMUSG00000038437,ENSCJAG00000008169
ENSMUSG00000089762,ENSCJAG00000046685
ENSMUSG00000079484,ENSCJAG00000020054
ENSMUSG00000030881,ENSCJAG00000014059
ENSMUSG00000078695,ENSCJAG00000008212
ENSMUSG00000018537,ENSCJAG00000008215
ENSMUSG00000029458,ENSCJAG00000047673
ENSMUSG00000089847,ENSCJAG00000073590
ENSMUSG00000069744,ENSCJAG00000008246
ENSMUSG00000058440,ENSCJAG00000010505
ENSMUSG00000048701,ENSCJAG00000006871
ENSMUSG00000052533,ENSCJAG00000020249
ENSMUSG00000042709,ENSCJAG00000009061
ENSMUSG00000037762,ENSCJAG00000006862
ENSMUSG00000064897,ENSCJAG00000027545
ENSMUSG00000030882,ENSCJAG00000068805
ENSMUSG00000035456,ENSCJAG00000015064
ENSMUSG00000018415,ENSCJAG00000009068
ENSMUSG00000029337,ENSCJAG00000076442
ENSMUSG00000030888,ENSCJAG00000014012
ENSMUSG00000029182,ENSCJAG00000001406
ENSMUSG00000020537,ENSCJAG00000014953
ENSMUSG00000053194,ENSCJAG00000001393
ENSMUSG00000030890,ENSCJAG00000013968
ENSMUSG00002075404,ENSCJAG00000054993
ENSMUSG00000020383,ENSCJAG00000076117
ENSMUSG00000049265,ENSCJAG00000052158
ENSMUSG00000020380,ENSCJAG00000033428
ENSMUSG00000029175,ENSCJAG00000071257
ENSMUSG00000053552,ENSCJAG00000021027
ENSMUSG00000029177,ENSCJAG00000058840
ENSMUSG00000043866,ENSCJAG00000013950
ENSMUSG00000030894,ENSCJAG00000013870
ENSMUSG00000029168,ENSCJAG00000001352
ENSMUSG00000036117,ENSCJAG00000013034
ENSMUSG00000018899,ENSCJAG00000013013
ENSMUSG00000043385,ENSCJAG00000017494
ENSMUSG00000077851,ENSCJAG00000048296
ENSMUSG00000106425,ENSCJAG00000029386
ENSMUSG00000076361,ENSCJAG00000024803
ENSMUSG00000065586,ENSCJAG00000026827
ENSMUSG00000027408,ENSCJAG00000021048
ENSMUSG00000056666,ENSCJAG00000019726
ENSMUSG00000036862,ENSCJAG00000013828
ENSMUSG00000029236,ENSCJAG00000018237
ENSMUSG00000049692,ENSCJAG00000021046
ENSMUSG00000037773,ENSCJAG00000021056
ENSMUSG00000091204,ENSCJAG00000085497
ENSMUSG00000036435,ENSCJAG00000018175
ENSMUSG00000030879,ENSCJAG00000082791
ENSMUSG00000018900,ENSCJAG00000012972
ENSMUSG00000027411,ENSCJAG00000021065
ENSMUSG00000000486,ENSCJAG00000002577
ENSMUSG00000055799,ENSCJAG00000039504
ENSMUSG00000020359,ENSCJAG00000012215
ENSMUSG00000030844,ENSCJAG00000019675
ENSMUSG00000030846,ENSCJAG00000019682
ENSMUSG00000036403,ENSCJAG00000018119
ENSMUSG00000020358,ENSCJAG00000012235
ENSMUSG00000020358,ENSCJAG00000054505
ENSMUSG00000027303,ENSCJAG00000021075
ENSMUSG00000001056,ENSCJAG00000038564
ENSMUSG00000001056,ENSCJAG00000023093
ENSMUSG00000055239,ENSCJAG00000019735
ENSMUSG00000001054,ENSCJAG00000012259
ENSMUSG00000001053,ENSCJAG00000036435
ENSMUSG00000036377,ENSCJAG00000018115
ENSMUSG00000036391,ENSCJAG00000005648
ENSMUSG00000052861,ENSCJAG00000019742
ENSMUSG00000030847,ENSCJAG00000020374
ENSMUSG00000042105,ENSCJAG00000020379
ENSMUSG00000055923,ENSCJAG00000018076
ENSMUSG00000037740,ENSCJAG00000021090
ENSMUSG00000027301,ENSCJAG00000074925
ENSMUSG00000037727,ENSCJAG00000021094
ENSMUSG00000027300,ENSCJAG00000021095
ENSMUSG00000037703,ENSCJAG00000047589
ENSMUSG00000020386,ENSCJAG00000004819
ENSMUSG00000010476,ENSCJAG00000043107
ENSMUSG00000052738,ENSCJAG00000019805
ENSMUSG00000032698,ENSCJAG00000010531
ENSMUSG00000029246,ENSCJAG00000039960
ENSMUSG00000020387,ENSCJAG00000004813
ENSMUSG00000029247,ENSCJAG00000018022
ENSMUSG00000027180,ENSCJAG00000010459
ENSMUSG00000093325,ENSCJAG00000085750
ENSMUSG00000020392,ENSCJAG00000004787
ENSMUSG00000020390,ENSCJAG00000082590
ENSMUSG00000032625,ENSCJAG00000000774
ENSMUSG00000000093,ENSCJAG00000085220
ENSMUSG00000036323,ENSCJAG00000071191
ENSMUSG00000036323,ENSCJAG00000017998
ENSMUSG00000000094,ENSCJAG00000001281
ENSMUSG00000010080,ENSCJAG00000018535
ENSMUSG00000040139,ENSCJAG00000044439
ENSMUSG00000031068,ENSCJAG00000014400
ENSMUSG00000031068,ENSCJAG00000040361
ENSMUSG00000039110,ENSCJAG00000018762
ENSMUSG00000029571,ENSCJAG00000000792
ENSMUSG00000063820,ENSCJAG00000020536
ENSMUSG00000029248,ENSCJAG00000039615
ENSMUSG00000059325,ENSCJAG00000045806
ENSMUSG00000038650,ENSCJAG00000012214
ENSMUSG00000028278,ENSCJAG00000002261
ENSMUSG00000032679,ENSCJAG00000043097
ENSMUSG00000039096,ENSCJAG00000018782
ENSMUSG00000053030,ENSCJAG00000085494
ENSMUSG00000032671,ENSCJAG00000044908
ENSMUSG00000014668,ENSCJAG00000013030
ENSMUSG00000025499,ENSCJAG00000012199
ENSMUSG00000039844,ENSCJAG00000008301
ENSMUSG00000119288,ENSCJAG00000074328
ENSMUSG00000029569,ENSCJAG00000016982
ENSMUSG00000039084,ENSCJAG00000018813
ENSMUSG00000038637,ENSCJAG00000011968
ENSMUSG00000020869,ENSCJAG00000084670
ENSMUSG00000020869,ENSCJAG00000045929
ENSMUSG00000098470,ENSCJAG00000002410
ENSMUSG00000039055,ENSCJAG00000018843
ENSMUSG00000024414,ENSCJAG00000023356
ENSMUSG00000024414,ENSCJAG00000018851
ENSMUSG00000024414,ENSCJAG00000078363
ENSMUSG00000024414,ENSCJAG00000085316
ENSMUSG00000020868,ENSCJAG00000018858
ENSMUSG00000038618,ENSCJAG00000012171
ENSMUSG00000020870,ENSCJAG00000012867
ENSMUSG00000075610,ENSCJAG00000073201
ENSMUSG00000029502,ENSCJAG00000013000
ENSMUSG00000038611,ENSCJAG00000012144
ENSMUSG00000030359,ENSCJAG00000065230
ENSMUSG00000035385,ENSCJAG00000057655
ENSMUSG00000035373,ENSCJAG00000062725
ENSMUSG00000035352,ENSCJAG00000038352
ENSMUSG00000005267,ENSCJAG00000041808
ENSMUSG00000047228,ENSCJAG00000005234
ENSMUSG00000047342,ENSCJAG00000004366
ENSMUSG00000029501,ENSCJAG00000012978
ENSMUSG00000079497,ENSCJAG00000042543
ENSMUSG00000039826,ENSCJAG00000020009
ENSMUSG00000020469,ENSCJAG00000008015
ENSMUSG00000041798,ENSCJAG00000008025
ENSMUSG00000029500,ENSCJAG00000041324
ENSMUSG00000008845,ENSCJAG00000005332
ENSMUSG00000031097,ENSCJAG00000018413
ENSMUSG00000026798,ENSCJAG00000020013
ENSMUSG00000002741,ENSCJAG00000040988
ENSMUSG00000029499,ENSCJAG00000023026
ENSMUSG00000053838,ENSCJAG00000008208
ENSMUSG00000018819,ENSCJAG00000012447
ENSMUSG00000007080,ENSCJAG00000012853
ENSMUSG00000059316,ENSCJAG00000020016
ENSMUSG00000020447,ENSCJAG00000012318
ENSMUSG00000004393,ENSCJAG00000012233
ENSMUSG00000005069,ENSCJAG00000004968
ENSMUSG00000043795,ENSCJAG00000059882
ENSMUSG00000037772,ENSCJAG00000056349
ENSMUSG00000004394,ENSCJAG00000012217
ENSMUSG00000076275,ENSCJAG00000059054
ENSMUSG00000029503,ENSCJAG00000012817
ENSMUSG00000048583,ENSCJAG00000018424
ENSMUSG00000020456,ENSCJAG00000012021
ENSMUSG00000000215,ENSCJAG00000035804
ENSMUSG00000074736,ENSCJAG00000046278
ENSMUSG00000008153,ENSCJAG00000004876
ENSMUSG00000068129,ENSCJAG00000048473
ENSMUSG00000000214,ENSCJAG00000018412
ENSMUSG00000033096,ENSCJAG00000085161
ENSMUSG00000033316,ENSCJAG00000010494
ENSMUSG00000027452,ENSCJAG00000011837
ENSMUSG00000038527,ENSCJAG00000039168
ENSMUSG00000033294,ENSCJAG00000005405
ENSMUSG00000055172,ENSCJAG00000002410
ENSMUSG00000074419,ENSCJAG00000039155
ENSMUSG00000074419,ENSCJAG00000001166
ENSMUSG00000074419,ENSCJAG00000036927
ENSMUSG00000074419,ENSCJAG00000001139
ENSMUSG00000033080,ENSCJAG00000069727
ENSMUSG00000038521,ENSCJAG00000007042
ENSMUSG00000055541,ENSCJAG00000071601
ENSMUSG00000029504,ENSCJAG00000046414
ENSMUSG00000038567,ENSCJAG00000000625
ENSMUSG00000029505,ENSCJAG00000003733
ENSMUSG00000041164,ENSCJAG00000011984
ENSMUSG00000052033,ENSCJAG00000022066
ENSMUSG00000030435,ENSCJAG00000017128
ENSMUSG00000045534,ENSCJAG00000068399
ENSMUSG00000047976,ENSCJAG00000068371
ENSMUSG00000038077,ENSCJAG00000061475
ENSMUSG00000075094,ENSCJAG00000073916
ENSMUSG00000000399,ENSCJAG00000002625
ENSMUSG00000011263,ENSCJAG00000012854
ENSMUSG00000061195,ENSCJAG00000062451
ENSMUSG00000060188,ENSCJAG00000012985
ENSMUSG00000040488,ENSCJAG00000037941
ENSMUSG00000108891,ENSCJAG00000062451
ENSMUSG00000030344,ENSCJAG00000002622
ENSMUSG00000027134,ENSCJAG00000021171
ENSMUSG00000041126,ENSCJAG00000011953
ENSMUSG00000041358,ENSCJAG00000021166
ENSMUSG00000030346,ENSCJAG00000016491
ENSMUSG00000030346,ENSCJAG00000001647
ENSMUSG00000020437,ENSCJAG00000011889
ENSMUSG00000027133,ENSCJAG00000082966
ENSMUSG00000027133,ENSCJAG00000072258
ENSMUSG00000027133,ENSCJAG00000082886
ENSMUSG00000077254,ENSCJAG00000085017
ENSMUSG00000077254,ENSCJAG00000074069
ENSMUSG00000118827,ENSCJAG00000079208
ENSMUSG00000118827,ENSCJAG00000073858
ENSMUSG00000029507,ENSCJAG00000003720
ENSMUSG00000027596,ENSCJAG00000018327
ENSMUSG00000027597,ENSCJAG00000018303
ENSMUSG00000030347,ENSCJAG00000001628
ENSMUSG00000027454,ENSCJAG00000011640
ENSMUSG00000068115,ENSCJAG00000011624
ENSMUSG00000029512,ENSCJAG00000003693
ENSMUSG00000020412,ENSCJAG00000019822
ENSMUSG00000054226,ENSCJAG00000072474
ENSMUSG00000054226,ENSCJAG00000034586
ENSMUSG00000054226,ENSCJAG00000004162
ENSMUSG00000011751,ENSCJAG00000086111
ENSMUSG00000053916,ENSCJAG00000048461
ENSMUSG00000079006,ENSCJAG00000078235
ENSMUSG00000079006,ENSCJAG00000071689
ENSMUSG00000079006,ENSCJAG00000076576
ENSMUSG00000079006,ENSCJAG00000084010
ENSMUSG00000079006,ENSCJAG00000070665
ENSMUSG00000079006,ENSCJAG00000075712
ENSMUSG00000079006,ENSCJAG00000078947
ENSMUSG00000079006,ENSCJAG00000077015
ENSMUSG00000079006,ENSCJAG00000083764
ENSMUSG00000079006,ENSCJAG00000082871
ENSMUSG00000079006,ENSCJAG00000070049
ENSMUSG00000079005,ENSCJAG00000078235
ENSMUSG00000079005,ENSCJAG00000071689
ENSMUSG00000079005,ENSCJAG00000076576
ENSMUSG00000079005,ENSCJAG00000084010
ENSMUSG00000079005,ENSCJAG00000070665
ENSMUSG00000079005,ENSCJAG00000075712
ENSMUSG00000079005,ENSCJAG00000078947
ENSMUSG00000079005,ENSCJAG00000077015
ENSMUSG00000079005,ENSCJAG00000083764
ENSMUSG00000079005,ENSCJAG00000082871
ENSMUSG00000079005,ENSCJAG00000070049
ENSMUSG00000068686,ENSCJAG00000043097
ENSMUSG00000027603,ENSCJAG00000018095
ENSMUSG00000043510,ENSCJAG00000020051
ENSMUSG00000059534,ENSCJAG00000087200
ENSMUSG00000059534,ENSCJAG00000086463
ENSMUSG00000059534,ENSCJAG00000086963
ENSMUSG00000009076,ENSCJAG00000021763
ENSMUSG00000029521,ENSCJAG00000020096
ENSMUSG00000009075,ENSCJAG00000019829
ENSMUSG00000027605,ENSCJAG00000018019
ENSMUSG00000030002,ENSCJAG00000038705
ENSMUSG00000038909,ENSCJAG00000007037
ENSMUSG00000029470,ENSCJAG00000001436
ENSMUSG00000030001,ENSCJAG00000019358
ENSMUSG00000027610,ENSCJAG00000017992
ENSMUSG00000074652,ENSCJAG00000017977
ENSMUSG00000038324,ENSCJAG00000017914
ENSMUSG00000020297,ENSCJAG00000019152
ENSMUSG00000020279,ENSCJAG00000008510
ENSMUSG00000030739,ENSCJAG00000004268
ENSMUSG00000040767,ENSCJAG00000080317
ENSMUSG00000029472,ENSCJAG00000001450
ENSMUSG00000038312,ENSCJAG00000017880
ENSMUSG00000020287,ENSCJAG00000011582
ENSMUSG00000027611,ENSCJAG00000017877
ENSMUSG00000119033,ENSCJAG00000045461
ENSMUSG00000020898,ENSCJAG00000014494
ENSMUSG00000027612,ENSCJAG00000017865
ENSMUSG00000047907,ENSCJAG00000000609
ENSMUSG00000016253,ENSCJAG00000018927
ENSMUSG00000016256,ENSCJAG00000018918
ENSMUSG00000016255,ENSCJAG00000018914
ENSMUSG00000074793,ENSCJAG00000021184
ENSMUSG00000052512,ENSCJAG00000006739
ENSMUSG00000027327,ENSCJAG00000040380
ENSMUSG00000027329,ENSCJAG00000043252
ENSMUSG00000020897,ENSCJAG00000015677
ENSMUSG00000068267,ENSCJAG00000038517
ENSMUSG00000027384,ENSCJAG00000004655
ENSMUSG00000074071,ENSCJAG00000016887
ENSMUSG00000045176,ENSCJAG00000023107
ENSMUSG00000060441,ENSCJAG00000077687
ENSMUSG00000020895,ENSCJAG00000014534
ENSMUSG00000027022,ENSCJAG00000006471
ENSMUSG00000037974,ENSCJAG00000075857
ENSMUSG00000064899,ENSCJAG00000026077
ENSMUSG00002076525,ENSCJAG00000081396
ENSMUSG00000020894,ENSCJAG00000014540
ENSMUSG00000020893,ENSCJAG00000014556
ENSMUSG00000054759,ENSCJAG00000079301
ENSMUSG00000054759,ENSCJAG00000000301
ENSMUSG00000054759,ENSCJAG00000067750
ENSMUSG00000054759,ENSCJAG00000074243
ENSMUSG00000054759,ENSCJAG00000082655
ENSMUSG00000054759,ENSCJAG00000080141
ENSMUSG00000054759,ENSCJAG00000081670
ENSMUSG00000054759,ENSCJAG00000041374
ENSMUSG00000054759,ENSCJAG00000047635
ENSMUSG00000066101,ENSCJAG00000022475
ENSMUSG00000066100,ENSCJAG00000072739
ENSMUSG00000061723,ENSCJAG00000018439
ENSMUSG00000026773,ENSCJAG00000020586
ENSMUSG00000029474,ENSCJAG00000001536
ENSMUSG00000029475,ENSCJAG00000001555
ENSMUSG00000023781,ENSCJAG00000014589
ENSMUSG00000020892,ENSCJAG00000014599
ENSMUSG00000032807,ENSCJAG00000014652
ENSMUSG00000025330,ENSCJAG00000080538
ENSMUSG00000032009,ENSCJAG00000077828
ENSMUSG00000032009,ENSCJAG00000004220
ENSMUSG00000025328,ENSCJAG00000033951
ENSMUSG00000020890,ENSCJAG00000014688
ENSMUSG00000025329,ENSCJAG00000007777
ENSMUSG00000037419,ENSCJAG00000039825
ENSMUSG00000053914,ENSCJAG00000023319
ENSMUSG00000004096,ENSCJAG00000040352
ENSMUSG00000032782,ENSCJAG00000014727
ENSMUSG00000028927,ENSCJAG00000007838
ENSMUSG00000013076,ENSCJAG00000004124
ENSMUSG00000049686,ENSCJAG00000017005
ENSMUSG00000029477,ENSCJAG00000016990
ENSMUSG00000064443,ENSCJAG00000039003
ENSMUSG00000064443,ENSCJAG00000066830
ENSMUSG00000009863,ENSCJAG00000007927
ENSMUSG00000054434,ENSCJAG00000016971
ENSMUSG00000049299,ENSCJAG00000072023
ENSMUSG00000036912,ENSCJAG00000004075
ENSMUSG00000036622,ENSCJAG00000007970
ENSMUSG00000018470,ENSCJAG00000014760
ENSMUSG00000043419,ENSCJAG00000041018
ENSMUSG00000049307,ENSCJAG00000074794
ENSMUSG00000031927,ENSCJAG00000087393
ENSMUSG00000018474,ENSCJAG00000014766
ENSMUSG00000031931,ENSCJAG00000083691
ENSMUSG00000029449,ENSCJAG00000016963
ENSMUSG00000029449,ENSCJAG00000023040
ENSMUSG00000037197,ENSCJAG00000020573
ENSMUSG00000031928,ENSCJAG00000003984
ENSMUSG00000026770,ENSCJAG00000041838
ENSMUSG00000029437,ENSCJAG00000041000
ENSMUSG00000063409,ENSCJAG00000020353
ENSMUSG00000023206,ENSCJAG00000020567
ENSMUSG00000060572,ENSCJAG00000008038
ENSMUSG00000040860,ENSCJAG00000008057
ENSMUSG00000029433,ENSCJAG00000045684
ENSMUSG00000031932,ENSCJAG00000003972
ENSMUSG00000031933,ENSCJAG00000003960
ENSMUSG00000044795,ENSCJAG00000014841
ENSMUSG00000029431,ENSCJAG00000020365
ENSMUSG00000059278,ENSCJAG00000014843
ENSMUSG00000029434,ENSCJAG00000020370
ENSMUSG00000031934,ENSCJAG00000003952
ENSMUSG00000045377,ENSCJAG00000083328
ENSMUSG00000018476,ENSCJAG00000014850
ENSMUSG00000031936,ENSCJAG00000003906
ENSMUSG00000049550,ENSCJAG00000020372
ENSMUSG00000058594,ENSCJAG00000020531
ENSMUSG00000000805,ENSCJAG00000011248
ENSMUSG00000042688,ENSCJAG00000000962
ENSMUSG00000000804,ENSCJAG00000001104
ENSMUSG00000028923,ENSCJAG00000055388
ENSMUSG00000028923,ENSCJAG00000008146
ENSMUSG00000047909,ENSCJAG00000020527
ENSMUSG00000119257,ENSCJAG00000032429
ENSMUSG00000018479,ENSCJAG00000001176
ENSMUSG00000042487,ENSCJAG00000000966
ENSMUSG00000018481,ENSCJAG00000043808
ENSMUSG00000045004,ENSCJAG00000008196
ENSMUSG00000016458,ENSCJAG00000005900
ENSMUSG00000040842,ENSCJAG00000043355
ENSMUSG00000020525,ENSCJAG00000001208
ENSMUSG00000028920,ENSCJAG00000008276
ENSMUSG00000032349,ENSCJAG00000011119
ENSMUSG00000073733,ENSCJAG00000008314
ENSMUSG00000020477,ENSCJAG00000015420
ENSMUSG00000020477,ENSCJAG00000007842
ENSMUSG00000059273,ENSCJAG00000011601
ENSMUSG00000028919,ENSCJAG00000008325
ENSMUSG00000027524,ENSCJAG00000018885
ENSMUSG00000049680,ENSCJAG00000007849
ENSMUSG00000023333,ENSCJAG00000079175
ENSMUSG00000001366,ENSCJAG00000042701
ENSMUSG00000019158,ENSCJAG00000082760
ENSMUSG00000001988,ENSCJAG00000076811
ENSMUSG00000084552,ENSCJAG00000055028
ENSMUSG00000084552,ENSCJAG00000067815
ENSMUSG00000084552,ENSCJAG00000024812
ENSMUSG00000029427,ENSCJAG00000020409
ENSMUSG00000119216,ENSCJAG00000079607
ENSMUSG00000119216,ENSCJAG00000078072
ENSMUSG00000030681,ENSCJAG00000007166
ENSMUSG00000058638,ENSCJAG00000000329
ENSMUSG00000034219,ENSCJAG00000021262
ENSMUSG00000027109,ENSCJAG00000007851
ENSMUSG00000060397,ENSCJAG00000047255
ENSMUSG00000037411,ENSCJAG00000015954
ENSMUSG00000054715,ENSCJAG00000043512
ENSMUSG00000012848,ENSCJAG00000000304
ENSMUSG00000037364,ENSCJAG00000014917
ENSMUSG00000033967,ENSCJAG00000023172
ENSMUSG00000004500,ENSCJAG00000080807
ENSMUSG00000040428,ENSCJAG00000000281
ENSMUSG00000020475,ENSCJAG00000007923
ENSMUSG00000060461,ENSCJAG00000021934
ENSMUSG00000060461,ENSCJAG00000022822
ENSMUSG00000060461,ENSCJAG00000009945
ENSMUSG00000020474,ENSCJAG00000071636
ENSMUSG00000020474,ENSCJAG00000084177
ENSMUSG00000020474,ENSCJAG00000007934
ENSMUSG00000020474,ENSCJAG00000085369
ENSMUSG00000020474,ENSCJAG00000073432
ENSMUSG00000009828,ENSCJAG00000011214
ENSMUSG00000036641,ENSCJAG00000015325
ENSMUSG00000020473,ENSCJAG00000007936
ENSMUSG00000066043,ENSCJAG00000009642
ENSMUSG00000063275,ENSCJAG00000008663
ENSMUSG00000032348,ENSCJAG00000034823
ENSMUSG00000029407,ENSCJAG00000019852
ENSMUSG00000044292,ENSCJAG00000080848
ENSMUSG00000059473,ENSCJAG00000080848
ENSMUSG00000026718,ENSCJAG00000008590
ENSMUSG00000060254,ENSCJAG00000080848
ENSMUSG00000121668,ENSCJAG00000015794
ENSMUSG00000049010,ENSCJAG00000022108
ENSMUSG00000020471,ENSCJAG00000007954
ENSMUSG00000045812,ENSCJAG00000022106
ENSMUSG00000049073,ENSCJAG00000007793
ENSMUSG00000040541,ENSCJAG00000080615
ENSMUSG00000051095,ENSCJAG00000023448
ENSMUSG00000057897,ENSCJAG00000008079
ENSMUSG00000064739,ENSCJAG00000038062
ENSMUSG00000066042,ENSCJAG00000068482
ENSMUSG00000118913,ENSCJAG00000074591
ENSMUSG00000032076,ENSCJAG00000012501
ENSMUSG00000061531,ENSCJAG00000008561
ENSMUSG00000028893,ENSCJAG00000009602
ENSMUSG00000029410,ENSCJAG00000014333
ENSMUSG00000026712,ENSCJAG00000008479
ENSMUSG00000030884,ENSCJAG00000081189
ENSMUSG00000030884,ENSCJAG00000009116
ENSMUSG00000030884,ENSCJAG00000022035
ENSMUSG00000054428,ENSCJAG00000048007
ENSMUSG00000054405,ENSCJAG00000009556
ENSMUSG00000054405,ENSCJAG00000039838
ENSMUSG00000054405,ENSCJAG00000060149
ENSMUSG00000036949,ENSCJAG00000008292
ENSMUSG00000040118,ENSCJAG00000003397
ENSMUSG00000030887,ENSCJAG00000009114
ENSMUSG00000054074,ENSCJAG00000008166
ENSMUSG00000030752,ENSCJAG00000020509
ENSMUSG00000039128,ENSCJAG00000018603
ENSMUSG00000030750,ENSCJAG00000020515
ENSMUSG00000030748,ENSCJAG00000005921
ENSMUSG00000025817,ENSCJAG00000042223
ENSMUSG00000065623,ENSCJAG00000035149
ENSMUSG00000056529,ENSCJAG00000022642
ENSMUSG00000028886,ENSCJAG00000009498
ENSMUSG00000025816,ENSCJAG00000018554
ENSMUSG00000032028,ENSCJAG00000012491
ENSMUSG00000030745,ENSCJAG00000031444
ENSMUSG00000025815,ENSCJAG00000047014
ENSMUSG00000032777,ENSCJAG00000005950
ENSMUSG00000043241,ENSCJAG00000020685
ENSMUSG00000032026,ENSCJAG00000012434
ENSMUSG00000045319,ENSCJAG00000020683
ENSMUSG00000042396,ENSCJAG00000011949
ENSMUSG00000049811,ENSCJAG00000008852
ENSMUSG00000042293,ENSCJAG00000011958
ENSMUSG00000032271,ENSCJAG00000011964
ENSMUSG00000026739,ENSCJAG00000036548
ENSMUSG00000020290,ENSCJAG00000008877
ENSMUSG00000066687,ENSCJAG00000011978
ENSMUSG00000037752,ENSCJAG00000009496
ENSMUSG00000028885,ENSCJAG00000009490
ENSMUSG00000032269,ENSCJAG00000012009
ENSMUSG00000028884,ENSCJAG00000009473
ENSMUSG00000030966,ENSCJAG00000015591
ENSMUSG00000037708,ENSCJAG00000007956
ENSMUSG00000037731,ENSCJAG00000009445
ENSMUSG00000026737,ENSCJAG00000007919
ENSMUSG00000013419,ENSCJAG00000038339
ENSMUSG00000040298,ENSCJAG00000001276
ENSMUSG00000028882,ENSCJAG00000009406
ENSMUSG00000020286,ENSCJAG00000042078
ENSMUSG00000074001,ENSCJAG00000037032
ENSMUSG00000026981,ENSCJAG00000085424
ENSMUSG00000032523,ENSCJAG00000018116
ENSMUSG00000042208,ENSCJAG00000009029
ENSMUSG00000040268,ENSCJAG00000001251
ENSMUSG00000040268,ENSCJAG00000031574
ENSMUSG00000028879,ENSCJAG00000009378
ENSMUSG00000079235,ENSCJAG00000018121
ENSMUSG00000026979,ENSCJAG00000013912
ENSMUSG00000006205,ENSCJAG00000001226
ENSMUSG00000028878,ENSCJAG00000009327
ENSMUSG00000038412,ENSCJAG00000032668
ENSMUSG00000038412,ENSCJAG00000022957
ENSMUSG00000047517,ENSCJAG00000001157
ENSMUSG00000047517,ENSCJAG00000082859
ENSMUSG00000026976,ENSCJAG00000013889
ENSMUSG00002076011,ENSCJAG00000075419
ENSMUSG00000028874,ENSCJAG00000009293
ENSMUSG00000044534,ENSCJAG00000068586
ENSMUSG00000020283,ENSCJAG00000009037
ENSMUSG00000050445,ENSCJAG00000001698
ENSMUSG00000020280,ENSCJAG00000009054
ENSMUSG00000037692,ENSCJAG00000009280
ENSMUSG00000004113,ENSCJAG00000013488
ENSMUSG00000013668,ENSCJAG00000012735
ENSMUSG00000006204,ENSCJAG00000061021
ENSMUSG00000020275,ENSCJAG00000008975
ENSMUSG00000046694,ENSCJAG00000060780
ENSMUSG00000056596,ENSCJAG00000046636
ENSMUSG00000039315,ENSCJAG00000012080
ENSMUSG00000020372,ENSCJAG00000018752
ENSMUSG00000037600,ENSCJAG00000010076
ENSMUSG00000038233,ENSCJAG00000001716
ENSMUSG00000064500,ENSCJAG00000061923
ENSMUSG00000064725,ENSCJAG00000060992
ENSMUSG00000064780,ENSCJAG00000061923
ENSMUSG00000040365,ENSCJAG00000018733
ENSMUSG00000037563,ENSCJAG00000014170
ENSMUSG00000028851,ENSCJAG00000010033
ENSMUSG00000066235,ENSCJAG00000001724
ENSMUSG00000029207,ENSCJAG00000019363
ENSMUSG00000037552,ENSCJAG00000014160
ENSMUSG00000078154,ENSCJAG00000040056
ENSMUSG00000040350,ENSCJAG00000018704
ENSMUSG00000038145,ENSCJAG00000001727
ENSMUSG00000037583,ENSCJAG00000010029
ENSMUSG00000028850,ENSCJAG00000010000
ENSMUSG00000028848,ENSCJAG00000009981
ENSMUSG00000078153,ENSCJAG00000085472
ENSMUSG00000078153,ENSCJAG00000007167
ENSMUSG00000078153,ENSCJAG00000022320
ENSMUSG00000078153,ENSCJAG00000073678
ENSMUSG00000047281,ENSCJAG00000047214
ENSMUSG00000037553,ENSCJAG00000009969
ENSMUSG00000032547,ENSCJAG00000002792
ENSMUSG00002075175,ENSCJAG00000064766
ENSMUSG00002075175,ENSCJAG00000081373
ENSMUSG00002075175,ENSCJAG00000085620
ENSMUSG00002075175,ENSCJAG00000074668
ENSMUSG00002075175,ENSCJAG00000087032
ENSMUSG00002075175,ENSCJAG00000081523
ENSMUSG00002075175,ENSCJAG00000058853
ENSMUSG00002075175,ENSCJAG00000064528
ENSMUSG00002075175,ENSCJAG00000077419
ENSMUSG00002075175,ENSCJAG00000082623
ENSMUSG00002075175,ENSCJAG00000083841
ENSMUSG00002075175,ENSCJAG00000082851
ENSMUSG00002075175,ENSCJAG00000073166
ENSMUSG00002075175,ENSCJAG00000073491
ENSMUSG00002075175,ENSCJAG00000083630
ENSMUSG00002075175,ENSCJAG00000081708
ENSMUSG00002075175,ENSCJAG00000081895
ENSMUSG00002075175,ENSCJAG00000064517
ENSMUSG00002075175,ENSCJAG00000073957
ENSMUSG00002075175,ENSCJAG00000085963
ENSMUSG00002075175,ENSCJAG00000053899
ENSMUSG00000043257,ENSCJAG00000042636
ENSMUSG00000007880,ENSCJAG00000009833
ENSMUSG00000040283,ENSCJAG00000018803
ENSMUSG00000044786,ENSCJAG00000014156
ENSMUSG00000032548,ENSCJAG00000002802
ENSMUSG00000003444,ENSCJAG00000014147
ENSMUSG00000003437,ENSCJAG00000014124
ENSMUSG00000046311,ENSCJAG00000018839
ENSMUSG00000032549,ENSCJAG00000002826
ENSMUSG00000109336,ENSCJAG00000014078
ENSMUSG00000020346,ENSCJAG00000046208
ENSMUSG00000029155,ENSCJAG00000018594
ENSMUSG00000060791,ENSCJAG00000047499
ENSMUSG00000084555,ENSCJAG00000045367
ENSMUSG00000035637,ENSCJAG00000010474
ENSMUSG00000026942,ENSCJAG00000011179
ENSMUSG00000032554,ENSCJAG00000002848
ENSMUSG00000037605,ENSCJAG00000020576
ENSMUSG00000030600,ENSCJAG00000014075
ENSMUSG00000049657,ENSCJAG00000010502
ENSMUSG00000059128,ENSCJAG00000080608
ENSMUSG00000059128,ENSCJAG00000070961
ENSMUSG00000062773,ENSCJAG00000013643
ENSMUSG00000028318,ENSCJAG00000010512
ENSMUSG00000020357,ENSCJAG00000009696
ENSMUSG00000015092,ENSCJAG00000011166
ENSMUSG00000052212,ENSCJAG00000013647
ENSMUSG00000052212,ENSCJAG00000054047
ENSMUSG00000048070,ENSCJAG00000047584
ENSMUSG00000085683,ENSCJAG00000047512
ENSMUSG00000050270,ENSCJAG00000013186
ENSMUSG00000026941,ENSCJAG00000011117
ENSMUSG00000054169,ENSCJAG00000017073
ENSMUSG00000054169,ENSCJAG00000020206
ENSMUSG00000054169,ENSCJAG00000037018
ENSMUSG00000054169,ENSCJAG00000012987
ENSMUSG00000054169,ENSCJAG00000046660
ENSMUSG00000054169,ENSCJAG00000047070
ENSMUSG00000020910,ENSCJAG00000013179
ENSMUSG00000011350,ENSCJAG00000017073
ENSMUSG00000011350,ENSCJAG00000020206
ENSMUSG00000011350,ENSCJAG00000037018
ENSMUSG00000011350,ENSCJAG00000012987
ENSMUSG00000011350,ENSCJAG00000046660
ENSMUSG00000011350,ENSCJAG00000047070
ENSMUSG00000032555,ENSCJAG00000002927
ENSMUSG00000091955,ENSCJAG00000086618
ENSMUSG00000062732,ENSCJAG00000020234
ENSMUSG00000048232,ENSCJAG00000010535
ENSMUSG00000069844,ENSCJAG00000013168
ENSMUSG00000011349,ENSCJAG00000020238
ENSMUSG00000020908,ENSCJAG00000012860
ENSMUSG00000036504,ENSCJAG00000011097
ENSMUSG00000029419,ENSCJAG00000011094
ENSMUSG00000035615,ENSCJAG00000010556
ENSMUSG00000003379,ENSCJAG00000020247
ENSMUSG00000040940,ENSCJAG00000020252
ENSMUSG00000032803,ENSCJAG00000002998
ENSMUSG00000026940,ENSCJAG00000011036
ENSMUSG00000035601,ENSCJAG00000010576
ENSMUSG00000026939,ENSCJAG00000033757
ENSMUSG00000032556,ENSCJAG00000003014
ENSMUSG00000028322,ENSCJAG00000010594
ENSMUSG00000042757,ENSCJAG00000003018
ENSMUSG00000134847,ENSCJAG00000002798
ENSMUSG00000036449,ENSCJAG00000011006
ENSMUSG00000028657,ENSCJAG00000002798
ENSMUSG00000032412,ENSCJAG00000022714
ENSMUSG00000032412,ENSCJAG00000001981
ENSMUSG00000045684,ENSCJAG00000010994
ENSMUSG00000028656,ENSCJAG00000002738
ENSMUSG00000047356,ENSCJAG00000010980
ENSMUSG00000062061,ENSCJAG00000017975
ENSMUSG00000051234,ENSCJAG00000033546
ENSMUSG00000051234,ENSCJAG00000082838
ENSMUSG00000079539,ENSCJAG00000017975
ENSMUSG00000085484,ENSCJAG00000039419
ENSMUSG00000055775,ENSCJAG00000046689
ENSMUSG00000023210,ENSCJAG00000010510
ENSMUSG00000059625,ENSCJAG00000077993
ENSMUSG00000028655,ENSCJAG00000002712
ENSMUSG00000058740,ENSCJAG00000010526
ENSMUSG00000040661,ENSCJAG00000005575
ENSMUSG00000028654,ENSCJAG00000002700
ENSMUSG00000060180,ENSCJAG00000041650
ENSMUSG00000028653,ENSCJAG00000002620
ENSMUSG00000040325,ENSCJAG00000005537
ENSMUSG00000028246,ENSCJAG00000001311
ENSMUSG00000013415,ENSCJAG00000007258
ENSMUSG00000028238,ENSCJAG00000000343
ENSMUSG00000032575,ENSCJAG00000005514
ENSMUSG00000073988,ENSCJAG00000009205
ENSMUSG00000049604,ENSCJAG00000007437
ENSMUSG00000020875,ENSCJAG00000007442
ENSMUSG00000056648,ENSCJAG00000045730
ENSMUSG00000074102,ENSCJAG00000038512
ENSMUSG00000073987,ENSCJAG00000009191
ENSMUSG00000038721,ENSCJAG00000007457
ENSMUSG00000000690,ENSCJAG00000007467
ENSMUSG00000038700,ENSCJAG00000007472
ENSMUSG00000032198,ENSCJAG00000079051
ENSMUSG00000065519,ENSCJAG00000028006
ENSMUSG00000038692,ENSCJAG00000007480
ENSMUSG00000055761,ENSCJAG00000067094
ENSMUSG00000048763,ENSCJAG00000007487
ENSMUSG00000075588,ENSCJAG00000007494
ENSMUSG00000040478,ENSCJAG00000039816
ENSMUSG00000018973,ENSCJAG00000007496
ENSMUSG00000020717,ENSCJAG00000019367
ENSMUSG00000028252,ENSCJAG00000001388
ENSMUSG00000108367,ENSCJAG00000020277
ENSMUSG00000035227,ENSCJAG00000015576
ENSMUSG00000035227,ENSCJAG00000041702
ENSMUSG00000046056,ENSCJAG00000010338
ENSMUSG00000040455,ENSCJAG00000001356
ENSMUSG00000047822,ENSCJAG00000005871
ENSMUSG00000060962,ENSCJAG00000010353
ENSMUSG00000019066,ENSCJAG00000014111
ENSMUSG00000040528,ENSCJAG00000019250
ENSMUSG00000040883,ENSCJAG00000005753
ENSMUSG00000006241,ENSCJAG00000005630
ENSMUSG00000028248,ENSCJAG00000001335
ENSMUSG00000040563,ENSCJAG00000005722
ENSMUSG00000020718,ENSCJAG00000019350
ENSMUSG00000026933,ENSCJAG00000010583
ENSMUSG00000020719,ENSCJAG00000019310
ENSMUSG00000051238,ENSCJAG00000005721
ENSMUSG00000028247,ENSCJAG00000001326
ENSMUSG00000006235,ENSCJAG00000005704
ENSMUSG00000074199,ENSCJAG00000034097
ENSMUSG00000096351,ENSCJAG00000011491
ENSMUSG00000040146,ENSCJAG00000005647
ENSMUSG00000093273,ENSCJAG00000036033
ENSMUSG00000018372,ENSCJAG00000019293
ENSMUSG00000051314,ENSCJAG00000044681
ENSMUSG00000055204,ENSCJAG00000014029
ENSMUSG00000049648,ENSCJAG00000078957
ENSMUSG00000018363,ENSCJAG00000019260
ENSMUSG00000048485,ENSCJAG00000023238
ENSMUSG00000019429,ENSCJAG00000010377
ENSMUSG00000019429,ENSCJAG00000040989
ENSMUSG00000039632,ENSCJAG00000005617
ENSMUSG00000044453,ENSCJAG00000016221
ENSMUSG00000030577,ENSCJAG00000010380
ENSMUSG00000036352,ENSCJAG00000048208
ENSMUSG00000064613,ENSCJAG00000081244
ENSMUSG00000040859,ENSCJAG00000000980
ENSMUSG00000003402,ENSCJAG00000005595
ENSMUSG00000000411,ENSCJAG00000000977
ENSMUSG00000026932,ENSCJAG00000010665
ENSMUSG00000078554,ENSCJAG00000059506
ENSMUSG00000018362,ENSCJAG00000069790
ENSMUSG00000018362,ENSCJAG00000073466
ENSMUSG00000018362,ENSCJAG00000003742
ENSMUSG00000047945,ENSCJAG00000021352
ENSMUSG00000047945,ENSCJAG00000043873
ENSMUSG00000028800,ENSCJAG00000000970
ENSMUSG00000087679,ENSCJAG00000041863
ENSMUSG00000026934,ENSCJAG00000010692
ENSMUSG00000078607,ENSCJAG00000041812
ENSMUSG00000000409,ENSCJAG00000000957
ENSMUSG00000040481,ENSCJAG00000031506
ENSMUSG00000036327,ENSCJAG00000010708
ENSMUSG00000003410,ENSCJAG00000005589
ENSMUSG00000050493,ENSCJAG00000006830
ENSMUSG00000028798,ENSCJAG00000006810
ENSMUSG00000048038,ENSCJAG00000010719
ENSMUSG00000038895,ENSCJAG00000005551
ENSMUSG00000018433,ENSCJAG00000008775
ENSMUSG00000029442,ENSCJAG00000016831
ENSMUSG00000028797,ENSCJAG00000006793
ENSMUSG00000026918,ENSCJAG00000040592
ENSMUSG00000026918,ENSCJAG00000010099
ENSMUSG00000066839,ENSCJAG00000031250
ENSMUSG00000056014,ENSCJAG00000042513
ENSMUSG00000046709,ENSCJAG00000005621
ENSMUSG00000036634,ENSCJAG00000038661
ENSMUSG00000001349,ENSCJAG00000005530
ENSMUSG00000078552,ENSCJAG00000006772
ENSMUSG00000013822,ENSCJAG00000005523
ENSMUSG00000040795,ENSCJAG00000006762
ENSMUSG00000028795,ENSCJAG00000006747
ENSMUSG00000025894,ENSCJAG00000075247
ENSMUSG00000025498,ENSCJAG00000012124
ENSMUSG00000053841,ENSCJAG00000006728
ENSMUSG00000025893,ENSCJAG00000043912
ENSMUSG00000041124,ENSCJAG00000046964
ENSMUSG00000025892,ENSCJAG00000009874
ENSMUSG00000015846,ENSCJAG00000010148
ENSMUSG00000003731,ENSCJAG00000006669
ENSMUSG00000025497,ENSCJAG00000012075
ENSMUSG00000026867,ENSCJAG00000006913
ENSMUSG00000053730,ENSCJAG00000006630
ENSMUSG00000028790,ENSCJAG00000006580
ENSMUSG00000028790,ENSCJAG00000062858
ENSMUSG00000038580,ENSCJAG00000077209
ENSMUSG00000028788,ENSCJAG00000044384
ENSMUSG00000025496,ENSCJAG00000012048
ENSMUSG00000058886,ENSCJAG00000011996
ENSMUSG00000032551,ENSCJAG00000044956
ENSMUSG00000001467,ENSCJAG00000014019
ENSMUSG00000028784,ENSCJAG00000006536
ENSMUSG00000025786,ENSCJAG00000001917
ENSMUSG00000053178,ENSCJAG00000014169
ENSMUSG00000064247,ENSCJAG00000083719
ENSMUSG00000064247,ENSCJAG00000071258
ENSMUSG00000028782,ENSCJAG00000006434
ENSMUSG00000044749,ENSCJAG00000000190
ENSMUSG00000025505,ENSCJAG00000082346
ENSMUSG00000029014,ENSCJAG00000021179
ENSMUSG00000025785,ENSCJAG00000001928
ENSMUSG00000025504,ENSCJAG00000011925
ENSMUSG00000018800,ENSCJAG00000000147
ENSMUSG00000025784,ENSCJAG00000001939
ENSMUSG00000035498,ENSCJAG00000001944
ENSMUSG00000026864,ENSCJAG00000006880
ENSMUSG00000025503,ENSCJAG00000011912
ENSMUSG00000054871,ENSCJAG00000082549
ENSMUSG00000028932,ENSCJAG00000021169
ENSMUSG00000051007,ENSCJAG00000011890
ENSMUSG00000070953,ENSCJAG00000006849
ENSMUSG00000060240,ENSCJAG00000011886
ENSMUSG00000046798,ENSCJAG00000023041
ENSMUSG00000035949,ENSCJAG00000020331
ENSMUSG00000025572,ENSCJAG00000019413
ENSMUSG00000040464,ENSCJAG00000014212
ENSMUSG00000073234,ENSCJAG00000042068
ENSMUSG00000040473,ENSCJAG00000014219
ENSMUSG00000107167,ENSCJAG00000020329
ENSMUSG00000026869,ENSCJAG00000020315
ENSMUSG00000050106,ENSCJAG00000019451
ENSMUSG00000026873,ENSCJAG00000020305
ENSMUSG00000026875,ENSCJAG00000020298
ENSMUSG00000025573,ENSCJAG00000006647
ENSMUSG00000048277,ENSCJAG00000045337
ENSMUSG00000015653,ENSCJAG00000014261
ENSMUSG00000026874,ENSCJAG00000020273
ENSMUSG00000040690,ENSCJAG00000006371
ENSMUSG00000025574,ENSCJAG00000019485
ENSMUSG00000015652,ENSCJAG00000014277
ENSMUSG00000017718,ENSCJAG00000034500
ENSMUSG00000040302,ENSCJAG00000040481
ENSMUSG00000035875,ENSCJAG00000020273
ENSMUSG00000017716,ENSCJAG00000045315
ENSMUSG00000029577,ENSCJAG00000009897
ENSMUSG00000057110,ENSCJAG00000020244
ENSMUSG00000053113,ENSCJAG00000087262
ENSMUSG00000017715,ENSCJAG00000019509
ENSMUSG00000017132,ENSCJAG00000019557
ENSMUSG00000029575,ENSCJAG00000077406
ENSMUSG00000041939,ENSCJAG00000009849
ENSMUSG00000020490,ENSCJAG00000059253
ENSMUSG00000043282,ENSCJAG00000023343
ENSMUSG00000047053,ENSCJAG00000023343
ENSMUSG00000026473,ENSCJAG00000004654
ENSMUSG00000056598,ENSCJAG00000009042
ENSMUSG00000041930,ENSCJAG00000063945
ENSMUSG00000028779,ENSCJAG00000006355
ENSMUSG00000014158,ENSCJAG00000009767
ENSMUSG00000028778,ENSCJAG00000006342
ENSMUSG00000017781,ENSCJAG00000002044
ENSMUSG00000028776,ENSCJAG00000006317
ENSMUSG00000057181,ENSCJAG00000014362
ENSMUSG00000011884,ENSCJAG00000045394
ENSMUSG00000011884,ENSCJAG00000048625
ENSMUSG00000020697,ENSCJAG00000014668
ENSMUSG00000026878,ENSCJAG00000042020
ENSMUSG00000023232,ENSCJAG00000006312
ENSMUSG00000041890,ENSCJAG00000009631
ENSMUSG00000026879,ENSCJAG00000019658
ENSMUSG00000026879,ENSCJAG00000020216
ENSMUSG00000028773,ENSCJAG00000067643
ENSMUSG00000028772,ENSCJAG00000006259
ENSMUSG00000023075,ENSCJAG00000043919
ENSMUSG00000023075,ENSCJAG00000077952
ENSMUSG00000043333,ENSCJAG00000002293
ENSMUSG00000026880,ENSCJAG00000020202
ENSMUSG00000041870,ENSCJAG00000009560
ENSMUSG00000061171,ENSCJAG00000006068
ENSMUSG00000020859,ENSCJAG00000018448
ENSMUSG00000028646,ENSCJAG00000045612
ENSMUSG00000003644,ENSCJAG00000009919
ENSMUSG00000057182,ENSCJAG00000006101
ENSMUSG00000039106,ENSCJAG00000083175
ENSMUSG00000075318,ENSCJAG00000006141
ENSMUSG00000118586,ENSCJAG00000078565
ENSMUSG00000118586,ENSCJAG00000072220
ENSMUSG00000045294,ENSCJAG00000018517
ENSMUSG00000039095,ENSCJAG00000080094
ENSMUSG00000044681,ENSCJAG00000045734
ENSMUSG00000043430,ENSCJAG00000063407
ENSMUSG00000018604,ENSCJAG00000009716
ENSMUSG00000034848,ENSCJAG00000006296
ENSMUSG00000018263,ENSCJAG00000009744
ENSMUSG00000054814,ENSCJAG00000018556
ENSMUSG00000049907,ENSCJAG00000072048
ENSMUSG00000064329,ENSCJAG00000006343
ENSMUSG00000012117,ENSCJAG00000009802
ENSMUSG00000034810,ENSCJAG00000006448
ENSMUSG00000027007,ENSCJAG00000011452
ENSMUSG00000019302,ENSCJAG00000000367
ENSMUSG00000050966,ENSCJAG00000009796
ENSMUSG00000050966,ENSCJAG00000046922
ENSMUSG00000050966,ENSCJAG00000022770
ENSMUSG00000012123,ENSCJAG00000009763
ENSMUSG00000000682,ENSCJAG00000073809
ENSMUSG00000050114,ENSCJAG00000012264
ENSMUSG00000050114,ENSCJAG00000043129
ENSMUSG00000027006,ENSCJAG00000011295
ENSMUSG00000012126,ENSCJAG00000009748
ENSMUSG00000028843,ENSCJAG00000040511
ENSMUSG00000037443,ENSCJAG00000009698
ENSMUSG00000059588,ENSCJAG00000005823
ENSMUSG00000020925,ENSCJAG00000043807
ENSMUSG00000027082,ENSCJAG00000005816
ENSMUSG00000075410,ENSCJAG00000045078
ENSMUSG00000033987,ENSCJAG00000019525
ENSMUSG00000048003,ENSCJAG00000009681
ENSMUSG00000028841,ENSCJAG00000009629
ENSMUSG00000034101,ENSCJAG00000008475
ENSMUSG00000086322,ENSCJAG00000045933
ENSMUSG00000070327,ENSCJAG00000003340
ENSMUSG00000108398,ENSCJAG00000040746
ENSMUSG00000050105,ENSCJAG00000039371
ENSMUSG00000050890,ENSCJAG00000064544
ENSMUSG00000039781,ENSCJAG00000013483
ENSMUSG00000028834,ENSCJAG00000009571
ENSMUSG00000028836,ENSCJAG00000009522
ENSMUSG00000028838,ENSCJAG00000009501
ENSMUSG00000045671,ENSCJAG00000006693
ENSMUSG00000037366,ENSCJAG00000009489
ENSMUSG00000034354,ENSCJAG00000021293
ENSMUSG00000028832,ENSCJAG00000070646
ENSMUSG00000028832,ENSCJAG00000006049
ENSMUSG00000028832,ENSCJAG00000009462
ENSMUSG00000028832,ENSCJAG00000009879
ENSMUSG00000037348,ENSCJAG00000021977
ENSMUSG00000020448,ENSCJAG00000010869
ENSMUSG00000078521,ENSCJAG00000009447
ENSMUSG00000046671,ENSCJAG00000055837
ENSMUSG00002075829,ENSCJAG00000085837
ENSMUSG00002075829,ENSCJAG00000036360
ENSMUSG00002075829,ENSCJAG00000077321
ENSMUSG00000034579,ENSCJAG00000010853
ENSMUSG00000034570,ENSCJAG00000010779
ENSMUSG00000050989,ENSCJAG00000040406
ENSMUSG00000075702,ENSCJAG00000010769
ENSMUSG00000020439,ENSCJAG00000010736
ENSMUSG00000066026,ENSCJAG00000013708
ENSMUSG00000020220,ENSCJAG00000013580
ENSMUSG00000014351,ENSCJAG00000007300
ENSMUSG00000028599,ENSCJAG00000013571
ENSMUSG00000006058,ENSCJAG00000078320
ENSMUSG00000006058,ENSCJAG00000007322
ENSMUSG00000028602,ENSCJAG00000061046
ENSMUSG00000028602,ENSCJAG00000013559
ENSMUSG00000014349,ENSCJAG00000007326
ENSMUSG00000006057,ENSCJAG00000022488
ENSMUSG00000028868,ENSCJAG00000009264
ENSMUSG00000064795,ENSCJAG00000059281
ENSMUSG00000006056,ENSCJAG00000007375
ENSMUSG00000038756,ENSCJAG00000007395
ENSMUSG00000049649,ENSCJAG00000009260
ENSMUSG00000028865,ENSCJAG00000009245
ENSMUSG00000028862,ENSCJAG00000009171
ENSMUSG00000046634,ENSCJAG00000068899
ENSMUSG00000020413,ENSCJAG00000014735
ENSMUSG00000028860,ENSCJAG00000009140
ENSMUSG00000027079,ENSCJAG00000008748
ENSMUSG00000040495,ENSCJAG00000011861
ENSMUSG00000027239,ENSCJAG00000077978
ENSMUSG00000027239,ENSCJAG00000011852
ENSMUSG00000040985,ENSCJAG00000084966
ENSMUSG00000028857,ENSCJAG00000009112
ENSMUSG00000040978,ENSCJAG00000014701
ENSMUSG00000020687,ENSCJAG00000019890
ENSMUSG00000040479,ENSCJAG00000011773
ENSMUSG00000037622,ENSCJAG00000009088
ENSMUSG00000028854,ENSCJAG00000009011
ENSMUSG00000061086,ENSCJAG00000019880
ENSMUSG00000020689,ENSCJAG00000019861
ENSMUSG00000020694,ENSCJAG00000019827
ENSMUSG00000027230,ENSCJAG00000011726
ENSMUSG00000058318,ENSCJAG00000011670
ENSMUSG00000020690,ENSCJAG00000037104
ENSMUSG00000040434,ENSCJAG00000011627
ENSMUSG00000020691,ENSCJAG00000033545
ENSMUSG00000020917,ENSCJAG00000014988
ENSMUSG00000006784,ENSCJAG00000036444
ENSMUSG00000006782,ENSCJAG00000014973
ENSMUSG00000027222,ENSCJAG00000011594
ENSMUSG00000014195,ENSCJAG00000035699
ENSMUSG00000044916,ENSCJAG00000011591
ENSMUSG00000027223,ENSCJAG00000011571
ENSMUSG00000012350,ENSCJAG00000010810
ENSMUSG00000017837,ENSCJAG00000086729
ENSMUSG00000014198,ENSCJAG00000047842
ENSMUSG00000027186,ENSCJAG00000040519
ENSMUSG00000017830,ENSCJAG00000014852
ENSMUSG00000027187,ENSCJAG00000010742
ENSMUSG00000020918,ENSCJAG00000014837
ENSMUSG00000032724,ENSCJAG00000010711
ENSMUSG00000019173,ENSCJAG00000000472
ENSMUSG00000019173,ENSCJAG00000056249
ENSMUSG00000074934,ENSCJAG00000073529
ENSMUSG00000023236,ENSCJAG00000021060
ENSMUSG00000035355,ENSCJAG00000000460
ENSMUSG00000041219,ENSCJAG00000021054
ENSMUSG00000045471,ENSCJAG00000000458
ENSMUSG00000017747,ENSCJAG00000000452
ENSMUSG00000027355,ENSCJAG00000020986
ENSMUSG00000020919,ENSCJAG00000037470
ENSMUSG00000027351,ENSCJAG00000038730
ENSMUSG00000065845,ENSCJAG00000074305
ENSMUSG00000027349,ENSCJAG00000069791
ENSMUSG00000004043,ENSCJAG00000000426
ENSMUSG00000027347,ENSCJAG00000020961
ENSMUSG00000027287,ENSCJAG00000002994
ENSMUSG00000004040,ENSCJAG00000000409
ENSMUSG00000027286,ENSCJAG00000002991
ENSMUSG00000027285,ENSCJAG00000044344
ENSMUSG00002075096,ENSCJAG00000087234
ENSMUSG00000027284,ENSCJAG00000001935
ENSMUSG00000004044,ENSCJAG00000054638
ENSMUSG00000020393,ENSCJAG00000020057
ENSMUSG00000064632,ENSCJAG00000071795
ENSMUSG00000041961,ENSCJAG00000045083
ENSMUSG00000090100,ENSCJAG00000001912
ENSMUSG00000020484,ENSCJAG00000020084
ENSMUSG00000020482,ENSCJAG00000020088
ENSMUSG00000020155,ENSCJAG00000040466
ENSMUSG00000002699,ENSCJAG00000011656
ENSMUSG00000027272,ENSCJAG00000003007
ENSMUSG00000047861,ENSCJAG00000073946
ENSMUSG00000020143,ENSCJAG00000011464
ENSMUSG00000054484,ENSCJAG00000002999
ENSMUSG00000069911,ENSCJAG00000011632
ENSMUSG00000069910,ENSCJAG00000004745
ENSMUSG00000037935,ENSCJAG00000072867
ENSMUSG00000037935,ENSCJAG00000013573
ENSMUSG00000037935,ENSCJAG00000052165
ENSMUSG00000037935,ENSCJAG00000085320
ENSMUSG00000037935,ENSCJAG00000006608
ENSMUSG00000023572,ENSCJAG00000002983
ENSMUSG00000035849,ENSCJAG00000035627
ENSMUSG00000020913,ENSCJAG00000034830
ENSMUSG00000055937,ENSCJAG00000013664
ENSMUSG00000023216,ENSCJAG00000037326
ENSMUSG00000019761,ENSCJAG00000044765
ENSMUSG00000020912,ENSCJAG00000013609
ENSMUSG00000035775,ENSCJAG00000013679
ENSMUSG00000053675,ENSCJAG00000032332
ENSMUSG00000064165,ENSCJAG00000013697
ENSMUSG00000059169,ENSCJAG00000013706
ENSMUSG00000079103,ENSCJAG00000002937
ENSMUSG00000069722,ENSCJAG00000079566
ENSMUSG00000069722,ENSCJAG00000076427
ENSMUSG00000069721,ENSCJAG00000079566
ENSMUSG00000069721,ENSCJAG00000076427
ENSMUSG00000047564,ENSCJAG00000044200
ENSMUSG00000047253,ENSCJAG00000083167
ENSMUSG00000047253,ENSCJAG00000038794
ENSMUSG00000075567,ENSCJAG00000041374
ENSMUSG00000075567,ENSCJAG00000047635
ENSMUSG00000078131,ENSCJAG00000041374
ENSMUSG00000078131,ENSCJAG00000047635
ENSMUSG00000049809,ENSCJAG00000041374
ENSMUSG00000049809,ENSCJAG00000047635
ENSMUSG00000089009,ENSCJAG00000087063
ENSMUSG00000057674,ENSCJAG00000041374
ENSMUSG00000057674,ENSCJAG00000047635
ENSMUSG00000027259,ENSCJAG00000002923
ENSMUSG00000058725,ENSCJAG00000041374
ENSMUSG00000058725,ENSCJAG00000047635
ENSMUSG00000060756,ENSCJAG00000041374
ENSMUSG00000060756,ENSCJAG00000047635
ENSMUSG00000062278,ENSCJAG00000041374
ENSMUSG00000062278,ENSCJAG00000047635
ENSMUSG00000056220,ENSCJAG00000006080
ENSMUSG00000063251,ENSCJAG00000071301
ENSMUSG00000044649,ENSCJAG00000071301
ENSMUSG00000045109,ENSCJAG00000013730
ENSMUSG00000045109,ENSCJAG00000069967
ENSMUSG00000078130,ENSCJAG00000013730
ENSMUSG00000078130,ENSCJAG00000069967
ENSMUSG00000069718,ENSCJAG00000071301
ENSMUSG00000075566,ENSCJAG00000071301
ENSMUSG00000078668,ENSCJAG00000071301
ENSMUSG00000089724,ENSCJAG00000071301
ENSMUSG00000078262,ENSCJAG00000071301
ENSMUSG00000078261,ENSCJAG00000071301
ENSMUSG00000078260,ENSCJAG00000071301
ENSMUSG00000078259,ENSCJAG00000071301
ENSMUSG00000048294,ENSCJAG00000071301
ENSMUSG00000078258,ENSCJAG00000071301
ENSMUSG00000078255,ENSCJAG00000041374
ENSMUSG00000078255,ENSCJAG00000047635
ENSMUSG00000078254,ENSCJAG00000022475
ENSMUSG00000078253,ENSCJAG00000038552
ENSMUSG00000050619,ENSCJAG00000002903
ENSMUSG00000032487,ENSCJAG00000006064
ENSMUSG00000027263,ENSCJAG00000002852
ENSMUSG00000020916,ENSCJAG00000042265
ENSMUSG00000044041,ENSCJAG00000002399
ENSMUSG00000006007,ENSCJAG00000074198
ENSMUSG00000006010,ENSCJAG00000005988
ENSMUSG00000020911,ENSCJAG00000077082
ENSMUSG00000020911,ENSCJAG00000029756
ENSMUSG00000051617,ENSCJAG00000048395
ENSMUSG00000045545,ENSCJAG00000037508
ENSMUSG00000053797,ENSCJAG00000047935
ENSMUSG00000043909,ENSCJAG00000002786
ENSMUSG00000035530,ENSCJAG00000077106
ENSMUSG00000035530,ENSCJAG00000045145
ENSMUSG00000035530,ENSCJAG00000076577
ENSMUSG00000017165,ENSCJAG00000012135
ENSMUSG00000006005,ENSCJAG00000005872
ENSMUSG00000001552,ENSCJAG00000012139
ENSMUSG00000006931,ENSCJAG00000012157
ENSMUSG00000035093,ENSCJAG00000001637
ENSMUSG00000001555,ENSCJAG00000012179
ENSMUSG00000017176,ENSCJAG00000012205
ENSMUSG00000027206,ENSCJAG00000001585
ENSMUSG00000006014,ENSCJAG00000005826
ENSMUSG00000001558,ENSCJAG00000075103
ENSMUSG00000001558,ENSCJAG00000073085
ENSMUSG00000048732,ENSCJAG00000015068
ENSMUSG00000020873,ENSCJAG00000007077
ENSMUSG00000027207,ENSCJAG00000001580
ENSMUSG00000066842,ENSCJAG00000005660
ENSMUSG00000057522,ENSCJAG00000045260
ENSMUSG00000046719,ENSCJAG00000047530
ENSMUSG00000027209,ENSCJAG00000001562
ENSMUSG00000000120,ENSCJAG00000048552
ENSMUSG00000038845,ENSCJAG00000007174
ENSMUSG00000027208,ENSCJAG00000083241
ENSMUSG00000118995,ENSCJAG00000082641
ENSMUSG00000118995,ENSCJAG00000075629
ENSMUSG00000023330,ENSCJAG00000001548
ENSMUSG00000075595,ENSCJAG00000007206
ENSMUSG00000060131,ENSCJAG00000001516
ENSMUSG00000050860,ENSCJAG00000047817
ENSMUSG00000018381,ENSCJAG00000007219
ENSMUSG00000038811,ENSCJAG00000041153
ENSMUSG00000027380,ENSCJAG00000075175
ENSMUSG00000013418,ENSCJAG00000007247
ENSMUSG00000032878,ENSCJAG00000009663
ENSMUSG00000068290,ENSCJAG00000021106
ENSMUSG00000119695,ENSCJAG00000087164
ENSMUSG00000065539,ENSCJAG00000030302
ENSMUSG00000020467,ENSCJAG00000009690
ENSMUSG00000074797,ENSCJAG00000021114
ENSMUSG00000074796,ENSCJAG00000021119
ENSMUSG00002075209,ENSCJAG00000056204
ENSMUSG00002075209,ENSCJAG00000033513
ENSMUSG00002075209,ENSCJAG00000081021
ENSMUSG00002075209,ENSCJAG00000069948
ENSMUSG00000065485,ENSCJAG00000028206
ENSMUSG00000039787,ENSCJAG00000043652
ENSMUSG00000026790,ENSCJAG00000020042
ENSMUSG00000102976,ENSCJAG00000006671
ENSMUSG00000073725,ENSCJAG00000004013
ENSMUSG00000033569,ENSCJAG00000004137
ENSMUSG00000049643,ENSCJAG00000014624
ENSMUSG00000004056,ENSCJAG00000014574
ENSMUSG00000019715,ENSCJAG00000020060
ENSMUSG00000004872,ENSCJAG00000012088
ENSMUSG00000057738,ENSCJAG00000020080
ENSMUSG00000007944,ENSCJAG00000014563
ENSMUSG00000040390,ENSCJAG00000014541
ENSMUSG00000118426,ENSCJAG00000054514
ENSMUSG00000032908,ENSCJAG00000047586
ENSMUSG00000026064,ENSCJAG00000001743
ENSMUSG00000117310,ENSCJAG00000001743
ENSMUSG00000057093,ENSCJAG00000044013
ENSMUSG00000057093,ENSCJAG00000058357
ENSMUSG00000037640,ENSCJAG00000044013
ENSMUSG00000037640,ENSCJAG00000058357
ENSMUSG00000041075,ENSCJAG00000038346
ENSMUSG00000030604,ENSCJAG00000044013
ENSMUSG00000030604,ENSCJAG00000058357
ENSMUSG00000047361,ENSCJAG00000004923
ENSMUSG00000026021,ENSCJAG00000047154
ENSMUSG00000026020,ENSCJAG00000004985
ENSMUSG00000077345,ENSCJAG00000069451
ENSMUSG00000077358,ENSCJAG00000053243
ENSMUSG00000089512,ENSCJAG00000026187
ENSMUSG00000089093,ENSCJAG00000062368
ENSMUSG00000089093,ENSCJAG00000025957
ENSMUSG00000067336,ENSCJAG00000005066
ENSMUSG00000041040,ENSCJAG00000047724
ENSMUSG00000026018,ENSCJAG00000022384
ENSMUSG00000026019,ENSCJAG00000005171
ENSMUSG00000026280,ENSCJAG00000011210
ENSMUSG00000026281,ENSCJAG00000011203
ENSMUSG00000026283,ENSCJAG00000011198
ENSMUSG00000088961,ENSCJAG00000027149
ENSMUSG00000088961,ENSCJAG00000075972
ENSMUSG00000073609,ENSCJAG00000011190
ENSMUSG00000094651,ENSCJAG00000075909
ENSMUSG00000093805,ENSCJAG00000075909
ENSMUSG00000073608,ENSCJAG00000075909
ENSMUSG00000034000,ENSCJAG00000039820
ENSMUSG00000026285,ENSCJAG00000079209
ENSMUSG00000051185,ENSCJAG00000058504
ENSMUSG00000040710,ENSCJAG00000009539
ENSMUSG00000039715,ENSCJAG00000020157
ENSMUSG00000054766,ENSCJAG00000013324
ENSMUSG00000054766,ENSCJAG00000070932
ENSMUSG00000054766,ENSCJAG00000085607
ENSMUSG00000054766,ENSCJAG00000078165
ENSMUSG00000054766,ENSCJAG00000044636
ENSMUSG00000038331,ENSCJAG00000004111
ENSMUSG00000026785,ENSCJAG00000020165
ENSMUSG00000038305,ENSCJAG00000004173
ENSMUSG00000015335,ENSCJAG00000020184
ENSMUSG00000039686,ENSCJAG00000020189
ENSMUSG00000036992,ENSCJAG00000044836
ENSMUSG00000027439,ENSCJAG00000000733
ENSMUSG00000027438,ENSCJAG00000000712
ENSMUSG00000054770,ENSCJAG00000031173
ENSMUSG00000055177,ENSCJAG00000041540
ENSMUSG00000036958,ENSCJAG00000080392
ENSMUSG00000027443,ENSCJAG00000074097
ENSMUSG00000026039,ENSCJAG00000004216
ENSMUSG00000027442,ENSCJAG00000000697
ENSMUSG00000036924,ENSCJAG00000078884
ENSMUSG00000027447,ENSCJAG00000036809
ENSMUSG00000068079,ENSCJAG00000042501
ENSMUSG00000074698,ENSCJAG00000020853
ENSMUSG00000038496,ENSCJAG00000042717
ENSMUSG00000027465,ENSCJAG00000020847
ENSMUSG00000053161,ENSCJAG00000013055
ENSMUSG00000027466,ENSCJAG00000020846
ENSMUSG00000032715,ENSCJAG00000020844
ENSMUSG00000059361,ENSCJAG00000020843
ENSMUSG00000051285,ENSCJAG00000080020
ENSMUSG00000051817,ENSCJAG00000040580
ENSMUSG00000032680,ENSCJAG00000020829
ENSMUSG00000074681,ENSCJAG00000020824
ENSMUSG00000049560,ENSCJAG00000075637
ENSMUSG00000027468,ENSCJAG00000003942
ENSMUSG00000027468,ENSCJAG00000003907
ENSMUSG00000027468,ENSCJAG00000072404
ENSMUSG00000027468,ENSCJAG00000020811
ENSMUSG00000044249,ENSCJAG00000048116
ENSMUSG00000056544,ENSCJAG00000042133
ENSMUSG00000050645,ENSCJAG00000086756
ENSMUSG00000044863,ENSCJAG00000071932
ENSMUSG00000074678,ENSCJAG00000052049
ENSMUSG00000000359,ENSCJAG00000020805
ENSMUSG00000025909,ENSCJAG00000015678
ENSMUSG00000019188,ENSCJAG00000020788
ENSMUSG00000026502,ENSCJAG00000017043
ENSMUSG00000059842,ENSCJAG00000018423
ENSMUSG00000038467,ENSCJAG00000018397
ENSMUSG00000074656,ENSCJAG00000042933
ENSMUSG00000074656,ENSCJAG00000018334
ENSMUSG00000026500,ENSCJAG00000080663
ENSMUSG00000026500,ENSCJAG00000048443
ENSMUSG00000026500,ENSCJAG00000041111
ENSMUSG00000039630,ENSCJAG00000016914
ENSMUSG00000017969,ENSCJAG00000000578
ENSMUSG00000017929,ENSCJAG00000038408
ENSMUSG00000039463,ENSCJAG00000000466
ENSMUSG00000026207,ENSCJAG00000011802
ENSMUSG00000008999,ENSCJAG00000019172
ENSMUSG00000005883,ENSCJAG00000019147
ENSMUSG00000027510,ENSCJAG00000019139
ENSMUSG00000070495,ENSCJAG00000019109
ENSMUSG00000039046,ENSCJAG00000020673
ENSMUSG00000002107,ENSCJAG00000020663
ENSMUSG00000033007,ENSCJAG00000011864
ENSMUSG00000005681,ENSCJAG00000084877
ENSMUSG00000058715,ENSCJAG00000004958
ENSMUSG00000013593,ENSCJAG00000004966
ENSMUSG00000006403,ENSCJAG00000005115
ENSMUSG00000038179,ENSCJAG00000005659
ENSMUSG00000015355,ENSCJAG00000005681
ENSMUSG00000077396,ENSCJAG00000055624
ENSMUSG00002075752,ENSCJAG00000033341
ENSMUSG00000002102,ENSCJAG00000020108
ENSMUSG00000119062,ENSCJAG00000083526
ENSMUSG00000015316,ENSCJAG00000005699
ENSMUSG00000002105,ENSCJAG00000020101
ENSMUSG00000050134,ENSCJAG00000022040
ENSMUSG00000049528,ENSCJAG00000022041
ENSMUSG00000046486,ENSCJAG00000022042
ENSMUSG00000051528,ENSCJAG00000042642
ENSMUSG00000055033,ENSCJAG00000006349
ENSMUSG00000026532,ENSCJAG00000006354
ENSMUSG00000027257,ENSCJAG00000019993
ENSMUSG00000050788,ENSCJAG00000022043
ENSMUSG00000079465,ENSCJAG00000012821
ENSMUSG00000027255,ENSCJAG00000019965
ENSMUSG00002075966,ENSCJAG00000081663
ENSMUSG00000026150,ENSCJAG00000012973
ENSMUSG00000040591,ENSCJAG00000019962
ENSMUSG00000026149,ENSCJAG00000012994
ENSMUSG00000036893,ENSCJAG00000013446
ENSMUSG00000026159,ENSCJAG00000012997
ENSMUSG00000026459,ENSCJAG00000006443
ENSMUSG00000026458,ENSCJAG00000006353
ENSMUSG00000035513,ENSCJAG00000018288
ENSMUSG00000042305,ENSCJAG00000062395
ENSMUSG00000042305,ENSCJAG00000006297
ENSMUSG00000050526,ENSCJAG00000071661
ENSMUSG00000026456,ENSCJAG00000079557
ENSMUSG00000017412,ENSCJAG00000003326
ENSMUSG00000036053,ENSCJAG00000015629
ENSMUSG00000026457,ENSCJAG00000006268
ENSMUSG00000026455,ENSCJAG00000006231
ENSMUSG00000042229,ENSCJAG00000068955
ENSMUSG00000077202,ENSCJAG00000027160
ENSMUSG00000077202,ENSCJAG00000027262
ENSMUSG00000042207,ENSCJAG00000006050
ENSMUSG00000075316,ENSCJAG00000006358
ENSMUSG00000027048,ENSCJAG00000006261
ENSMUSG00000026452,ENSCJAG00000079960
ENSMUSG00000073557,ENSCJAG00000005949
ENSMUSG00000044308,ENSCJAG00000006779
ENSMUSG00000065341,ENSCJAG00000087038
ENSMUSG00000030720,ENSCJAG00000006469
ENSMUSG00000026429,ENSCJAG00000005917
ENSMUSG00000039384,ENSCJAG00000006086
ENSMUSG00000042759,ENSCJAG00000006559
ENSMUSG00000044701,ENSCJAG00000006568
ENSMUSG00000030717,ENSCJAG00000070998
ENSMUSG00000038323,ENSCJAG00000004149
ENSMUSG00000030714,ENSCJAG00000006577
ENSMUSG00000048495,ENSCJAG00000004155
ENSMUSG00000030695,ENSCJAG00000052143
ENSMUSG00000030695,ENSCJAG00000006874
ENSMUSG00000025971,ENSCJAG00000037075
ENSMUSG00000045598,ENSCJAG00000040672
ENSMUSG00000054716,ENSCJAG00000002611
ENSMUSG00000042462,ENSCJAG00000074551
ENSMUSG00000042462,ENSCJAG00000042685
ENSMUSG00000030830,ENSCJAG00000002628
ENSMUSG00000056531,ENSCJAG00000017774
ENSMUSG00000047371,ENSCJAG00000044946
ENSMUSG00000078580,ENSCJAG00000075552
ENSMUSG00000078580,ENSCJAG00000079263
ENSMUSG00000027371,ENSCJAG00000018863
ENSMUSG00000029263,ENSCJAG00000002009
ENSMUSG00000079056,ENSCJAG00000018883
ENSMUSG00000099481,ENSCJAG00000032556
ENSMUSG00000105867,ENSCJAG00000043742
ENSMUSG00000029491,ENSCJAG00000001990
ENSMUSG00000027376,ENSCJAG00000018910
ENSMUSG00000050856,ENSCJAG00000001989
ENSMUSG00000050856,ENSCJAG00000023015
ENSMUSG00000029490,ENSCJAG00000043730
ENSMUSG00000034800,ENSCJAG00000018930
ENSMUSG00000033623,ENSCJAG00000084559
ENSMUSG00000027374,ENSCJAG00000018942
ENSMUSG00000033615,ENSCJAG00000042465
ENSMUSG00000030996,ENSCJAG00000015457
ENSMUSG00000066279,ENSCJAG00000015465
ENSMUSG00000025716,ENSCJAG00000007540
ENSMUSG00000063550,ENSCJAG00000015332
ENSMUSG00000063550,ENSCJAG00000032715
ENSMUSG00000026787,ENSCJAG00000007478
ENSMUSG00000002111,ENSCJAG00000020100
ENSMUSG00000002100,ENSCJAG00000020066
ENSMUSG00000030990,ENSCJAG00000015470
ENSMUSG00000030990,ENSCJAG00000061399
ENSMUSG00000040687,ENSCJAG00000020045
ENSMUSG00000073982,ENSCJAG00000048517
ENSMUSG00000038540,ENSCJAG00000007980
ENSMUSG00000046027,ENSCJAG00000081692
ENSMUSG00000001741,ENSCJAG00000007856
ENSMUSG00000011154,ENSCJAG00000055791
ENSMUSG00000070462,ENSCJAG00000007827
ENSMUSG00000038503,ENSCJAG00000048641
ENSMUSG00000052353,ENSCJAG00000007708
ENSMUSG00000038459,ENSCJAG00000007705
ENSMUSG00000049421,ENSCJAG00000000542
ENSMUSG00000074220,ENSCJAG00000009464
ENSMUSG00000037029,ENSCJAG00000048522
ENSMUSG00000074218,ENSCJAG00000009585
ENSMUSG00000001794,ENSCJAG00000009594
ENSMUSG00000045757,ENSCJAG00000075552
ENSMUSG00000045757,ENSCJAG00000079263
ENSMUSG00000045251,ENSCJAG00000084272
ENSMUSG00000048921,ENSCJAG00000002702
ENSMUSG00000042423,ENSCJAG00000002747
ENSMUSG00000053877,ENSCJAG00000002760
ENSMUSG00000002108,ENSCJAG00000020019
ENSMUSG00000065259,ENSCJAG00000024160
ENSMUSG00000030815,ENSCJAG00000002822
ENSMUSG00000002103,ENSCJAG00000020008
ENSMUSG00000057176,ENSCJAG00000002856
ENSMUSG00000030816,ENSCJAG00000002878
ENSMUSG00000002109,ENSCJAG00000020000
ENSMUSG00000045639,ENSCJAG00000044119
ENSMUSG00000027381,ENSCJAG00000004445
ENSMUSG00000030814,ENSCJAG00000002955
ENSMUSG00000027378,ENSCJAG00000040374
ENSMUSG00000042340,ENSCJAG00000047927
ENSMUSG00000035582,ENSCJAG00000015002
ENSMUSG00000030761,ENSCJAG00000015009
ENSMUSG00000034683,ENSCJAG00000056492
ENSMUSG00000059173,ENSCJAG00000011397
ENSMUSG00000027513,ENSCJAG00000042408
ENSMUSG00000027514,ENSCJAG00000019094
ENSMUSG00000038400,ENSCJAG00000086391
ENSMUSG00000025314,ENSCJAG00000020595
ENSMUSG00000027409,ENSCJAG00000074099
ENSMUSG00000026749,ENSCJAG00000006507
ENSMUSG00000026750,ENSCJAG00000006541
ENSMUSG00000027522,ENSCJAG00000018995
ENSMUSG00000039263,ENSCJAG00000018980
ENSMUSG00000035547,ENSCJAG00000015126
ENSMUSG00000027523,ENSCJAG00000018939
ENSMUSG00000144222,ENSCJAG00000015328
ENSMUSG00000144223,ENSCJAG00000015328
ENSMUSG00000074004,ENSCJAG00000048141
ENSMUSG00000030760,ENSCJAG00000015179
ENSMUSG00000049580,ENSCJAG00000015198
ENSMUSG00000038319,ENSCJAG00000020150
ENSMUSG00000028978,ENSCJAG00000020179
ENSMUSG00000038295,ENSCJAG00000020219
ENSMUSG00000090958,ENSCJAG00000041496
ENSMUSG00000028973,ENSCJAG00000020233
ENSMUSG00000035401,ENSCJAG00000015204
ENSMUSG00000038276,ENSCJAG00000036249
ENSMUSG00000028969,ENSCJAG00000020258
ENSMUSG00000028962,ENSCJAG00000020270
ENSMUSG00000030753,ENSCJAG00000012300
ENSMUSG00000015957,ENSCJAG00000015296
ENSMUSG00000035354,ENSCJAG00000015319
ENSMUSG00000028959,ENSCJAG00000086069
ENSMUSG00000028959,ENSCJAG00000020307
ENSMUSG00000030747,ENSCJAG00000015337
ENSMUSG00000026751,ENSCJAG00000006624
ENSMUSG00000052396,ENSCJAG00000015357
ENSMUSG00000055407,ENSCJAG00000015365
ENSMUSG00000027433,ENSCJAG00000005611
ENSMUSG00000028958,ENSCJAG00000020345
ENSMUSG00000070436,ENSCJAG00000015377
ENSMUSG00000023353,ENSCJAG00000020349
ENSMUSG00000035314,ENSCJAG00000015399
ENSMUSG00000067724,ENSCJAG00000076844
ENSMUSG00000054160,ENSCJAG00000040336
ENSMUSG00000027434,ENSCJAG00000051781
ENSMUSG00000027434,ENSCJAG00000062354
ENSMUSG00000037034,ENSCJAG00000005773
ENSMUSG00000035298,ENSCJAG00000015421
ENSMUSG00000027678,ENSCJAG00000016602
ENSMUSG00000029544,ENSCJAG00000044645
ENSMUSG00000064966,ENSCJAG00000040341
ENSMUSG00000065822,ENSCJAG00000027938
ENSMUSG00002076757,ENSCJAG00000076447
ENSMUSG00002076757,ENSCJAG00000028377
ENSMUSG00000060152,ENSCJAG00000001309
ENSMUSG00000041740,ENSCJAG00000001219
ENSMUSG00000018909,ENSCJAG00000015459
ENSMUSG00000006800,ENSCJAG00000016568
ENSMUSG00000027185,ENSCJAG00000010585
ENSMUSG00000065571,ENSCJAG00000027590
ENSMUSG00000096606,ENSCJAG00000022087
ENSMUSG00000041733,ENSCJAG00000001205
ENSMUSG00000041733,ENSCJAG00000082566
ENSMUSG00000041733,ENSCJAG00000075045
ENSMUSG00000020793,ENSCJAG00000013809
ENSMUSG00000065698,ENSCJAG00000024180
ENSMUSG00000065698,ENSCJAG00000027883
ENSMUSG00000020792,ENSCJAG00000013685
ENSMUSG00000030737,ENSCJAG00000015525
ENSMUSG00000009013,ENSCJAG00000070660
ENSMUSG00000009013,ENSCJAG00000083418
ENSMUSG00000027184,ENSCJAG00000010542
ENSMUSG00000073998,ENSCJAG00000015558
ENSMUSG00000073997,ENSCJAG00000022088
ENSMUSG00000035239,ENSCJAG00000015573
ENSMUSG00000034227,ENSCJAG00000071550
ENSMUSG00000037902,ENSCJAG00000043683
ENSMUSG00000037902,ENSCJAG00000020939
ENSMUSG00000052949,ENSCJAG00000013654
ENSMUSG00000030793,ENSCJAG00000082582
ENSMUSG00000042828,ENSCJAG00000003192
ENSMUSG00000030786,ENSCJAG00000047996
ENSMUSG00000105096,ENSCJAG00000001945
ENSMUSG00000105096,ENSCJAG00000001955
ENSMUSG00000050628,ENSCJAG00000013649
ENSMUSG00000027107,ENSCJAG00000008007
ENSMUSG00000104713,ENSCJAG00000001945
ENSMUSG00000104713,ENSCJAG00000001955
ENSMUSG00000056486,ENSCJAG00000008041
ENSMUSG00000092021,ENSCJAG00000001945
ENSMUSG00000092021,ENSCJAG00000001955
ENSMUSG00000070639,ENSCJAG00000001922
ENSMUSG00000054720,ENSCJAG00000043026
ENSMUSG00000005474,ENSCJAG00000016065
ENSMUSG00000030789,ENSCJAG00000003169
ENSMUSG00000068615,ENSCJAG00000067910
ENSMUSG00000020361,ENSCJAG00000013384
ENSMUSG00000068614,ENSCJAG00000021047
ENSMUSG00000018239,ENSCJAG00000047052
ENSMUSG00000118332,ENSCJAG00000084892
ENSMUSG00000049470,ENSCJAG00000013322
ENSMUSG00000040383,ENSCJAG00000021021
ENSMUSG00000036216,ENSCJAG00000046560
ENSMUSG00000044894,ENSCJAG00000080204
ENSMUSG00000018238,ENSCJAG00000013297
ENSMUSG00000040321,ENSCJAG00000021013
ENSMUSG00000018387,ENSCJAG00000013275
ENSMUSG00000075304,ENSCJAG00000006965
ENSMUSG00000030785,ENSCJAG00000000876
ENSMUSG00000075302,ENSCJAG00000006973
ENSMUSG00000042178,ENSCJAG00000000862
ENSMUSG00000044352,ENSCJAG00000013269
ENSMUSG00000030782,ENSCJAG00000000840
ENSMUSG00000018398,ENSCJAG00000013225
ENSMUSG00000070880,ENSCJAG00000006984
ENSMUSG00000029397,ENSCJAG00000019952
ENSMUSG00000014959,ENSCJAG00000041588
ENSMUSG00000096035,ENSCJAG00000019939
ENSMUSG00000029403,ENSCJAG00000019926
ENSMUSG00000018395,ENSCJAG00000013116
ENSMUSG00000030781,ENSCJAG00000000834
ENSMUSG00000000869,ENSCJAG00000013083
ENSMUSG00000074923,ENSCJAG00000020882
ENSMUSG00000029405,ENSCJAG00000019897
ENSMUSG00000043432,ENSCJAG00000001244
ENSMUSG00000063838,ENSCJAG00000001246
ENSMUSG00000078137,ENSCJAG00000039331
ENSMUSG00000070873,ENSCJAG00000039155
ENSMUSG00000070873,ENSCJAG00000001166
ENSMUSG00000070873,ENSCJAG00000036927
ENSMUSG00000070873,ENSCJAG00000001139
ENSMUSG00000040007,ENSCJAG00000020849
ENSMUSG00000062524,ENSCJAG00000017719
ENSMUSG00000078810,ENSCJAG00000081619
ENSMUSG00000020876,ENSCJAG00000039549
ENSMUSG00000008435,ENSCJAG00000021533
ENSMUSG00000018666,ENSCJAG00000042052
ENSMUSG00000018666,ENSCJAG00000023449
ENSMUSG00000006154,ENSCJAG00000021528
ENSMUSG00000038615,ENSCJAG00000007542
ENSMUSG00000018672,ENSCJAG00000007567
ENSMUSG00000019254,ENSCJAG00000021527
ENSMUSG00000018669,ENSCJAG00000007669
ENSMUSG00000064179,ENSCJAG00000045114
ENSMUSG00000046607,ENSCJAG00000038480
ENSMUSG00000032850,ENSCJAG00000009540
ENSMUSG00000047040,ENSCJAG00000044487
ENSMUSG00000018659,ENSCJAG00000007693
ENSMUSG00000018678,ENSCJAG00000007713
ENSMUSG00000032840,ENSCJAG00000038586
ENSMUSG00000038560,ENSCJAG00000043946
ENSMUSG00000020877,ENSCJAG00000047705
ENSMUSG00000020878,ENSCJAG00000007776
ENSMUSG00000001445,ENSCJAG00000007787
ENSMUSG00000035458,ENSCJAG00000017677
ENSMUSG00000038534,ENSCJAG00000007585
ENSMUSG00000018076,ENSCJAG00000009580
ENSMUSG00000055809,ENSCJAG00000084526
ENSMUSG00000004961,ENSCJAG00000017651
ENSMUSG00000048398,ENSCJAG00000006878
ENSMUSG00000015806,ENSCJAG00000012653
ENSMUSG00000034690,ENSCJAG00000008154
ENSMUSG00000046792,ENSCJAG00000020268
ENSMUSG00000049530,ENSCJAG00000012671
ENSMUSG00000039682,ENSCJAG00000012680
ENSMUSG00000044876,ENSCJAG00000020269
ENSMUSG00000034660,ENSCJAG00000020271
ENSMUSG00000058028,ENSCJAG00000057012
ENSMUSG00000058028,ENSCJAG00000081168
ENSMUSG00000058028,ENSCJAG00000085043
ENSMUSG00000058028,ENSCJAG00000072539
ENSMUSG00000058028,ENSCJAG00000056730
ENSMUSG00000015804,ENSCJAG00000064919
ENSMUSG00000015804,ENSCJAG00000061150
ENSMUSG00000015879,ENSCJAG00000012722
ENSMUSG00000054893,ENSCJAG00000020292
ENSMUSG00000030443,ENSCJAG00000066976
ENSMUSG00000015880,ENSCJAG00000012738
ENSMUSG00000029178,ENSCJAG00000038931
ENSMUSG00000002265,ENSCJAG00000010044
ENSMUSG00000051527,ENSCJAG00000000018
ENSMUSG00000044827,ENSCJAG00000000831
ENSMUSG00000051498,ENSCJAG00000047967
ENSMUSG00000092875,ENSCJAG00000042225
ENSMUSG00000066838,ENSCJAG00000041216
ENSMUSG00000061535,ENSCJAG00000080023
ENSMUSG00000039765,ENSCJAG00000012270
ENSMUSG00000039753,ENSCJAG00000012393
ENSMUSG00000068566,ENSCJAG00000018390
ENSMUSG00000078816,ENSCJAG00000018393
ENSMUSG00000069806,ENSCJAG00000077221
ENSMUSG00000053395,ENSCJAG00000018484
ENSMUSG00000078815,ENSCJAG00000018488
ENSMUSG00000029084,ENSCJAG00000012505
ENSMUSG00000060177,ENSCJAG00000016668
ENSMUSG00000060177,ENSCJAG00000016648
ENSMUSG00000038968,ENSCJAG00000016668
ENSMUSG00000038968,ENSCJAG00000016648
ENSMUSG00000063713,ENSCJAG00000016668
ENSMUSG00000063713,ENSCJAG00000016648
ENSMUSG00000033036,ENSCJAG00000072346
ENSMUSG00000066515,ENSCJAG00000016668
ENSMUSG00000066515,ENSCJAG00000016648
ENSMUSG00000048373,ENSCJAG00000012518
ENSMUSG00000066513,ENSCJAG00000016668
ENSMUSG00000066513,ENSCJAG00000016648
ENSMUSG00000029086,ENSCJAG00000012523
ENSMUSG00000066512,ENSCJAG00000016668
ENSMUSG00000066512,ENSCJAG00000016648
ENSMUSG00000063903,ENSCJAG00000016668
ENSMUSG00000063903,ENSCJAG00000016648
ENSMUSG00000020553,ENSCJAG00000011246
ENSMUSG00000069763,ENSCJAG00000043418
ENSMUSG00000003948,ENSCJAG00000048045
ENSMUSG00000003949,ENSCJAG00000061174
ENSMUSG00000020546,ENSCJAG00000011311
ENSMUSG00000080352,ENSCJAG00000072160
ENSMUSG00000118729,ENSCJAG00000080790
ENSMUSG00000118729,ENSCJAG00000040975
ENSMUSG00000119643,ENSCJAG00000080790
ENSMUSG00000119643,ENSCJAG00000040975
ENSMUSG00000080683,ENSCJAG00000080790
ENSMUSG00000080683,ENSCJAG00000040975
ENSMUSG00000087376,ENSCJAG00000042256
ENSMUSG00000004473,ENSCJAG00000016708
ENSMUSG00000020544,ENSCJAG00000011341
ENSMUSG00000020541,ENSCJAG00000011347
ENSMUSG00000038738,ENSCJAG00000016713
ENSMUSG00000008028,ENSCJAG00000032438
ENSMUSG00000046985,ENSCJAG00000012541
ENSMUSG00000030731,ENSCJAG00000017227
ENSMUSG00000047085,ENSCJAG00000071039
ENSMUSG00000029621,ENSCJAG00000015859
ENSMUSG00000038704,ENSCJAG00000017216
ENSMUSG00000029622,ENSCJAG00000015849
ENSMUSG00000029622,ENSCJAG00000043892
ENSMUSG00000038695,ENSCJAG00000017208
ENSMUSG00000018547,ENSCJAG00000042442
ENSMUSG00000018541,ENSCJAG00000008289
ENSMUSG00000029623,ENSCJAG00000015838
ENSMUSG00000038722,ENSCJAG00000015836
ENSMUSG00000018543,ENSCJAG00000008309
ENSMUSG00000071415,ENSCJAG00000056336
ENSMUSG00000071415,ENSCJAG00000046729
ENSMUSG00000071415,ENSCJAG00000038833
ENSMUSG00000071415,ENSCJAG00000041055
ENSMUSG00000008140,ENSCJAG00000003629
ENSMUSG00000064901,ENSCJAG00000085137
ENSMUSG00000038366,ENSCJAG00000008328
ENSMUSG00000029624,ENSCJAG00000015815
ENSMUSG00000051113,ENSCJAG00000003644
ENSMUSG00000029625,ENSCJAG00000015826
ENSMUSG00000038670,ENSCJAG00000007794
ENSMUSG00000070336,ENSCJAG00000008361
ENSMUSG00000017417,ENSCJAG00000008380
ENSMUSG00000008193,ENSCJAG00000042289
ENSMUSG00000038690,ENSCJAG00000045628
ENSMUSG00000038644,ENSCJAG00000042081
ENSMUSG00000029627,ENSCJAG00000015808
ENSMUSG00000020882,ENSCJAG00000008419
ENSMUSG00000055991,ENSCJAG00000015788
ENSMUSG00000007812,ENSCJAG00000032195
ENSMUSG00000070420,ENSCJAG00000015783
ENSMUSG00000004371,ENSCJAG00000000858
ENSMUSG00000070419,ENSCJAG00000064350
ENSMUSG00000070419,ENSCJAG00000015744
ENSMUSG00000070419,ENSCJAG00000006505
ENSMUSG00000070419,ENSCJAG00000064981
ENSMUSG00000030431,ENSCJAG00000022190
ENSMUSG00000038656,ENSCJAG00000064350
ENSMUSG00000038656,ENSCJAG00000015744
ENSMUSG00000038656,ENSCJAG00000006505
ENSMUSG00000038656,ENSCJAG00000064981
ENSMUSG00000030432,ENSCJAG00000000869
ENSMUSG00000017404,ENSCJAG00000083231
ENSMUSG00000060860,ENSCJAG00000068677
ENSMUSG00000036596,ENSCJAG00000021495
ENSMUSG00000053550,ENSCJAG00000048648
ENSMUSG00000017400,ENSCJAG00000008410
ENSMUSG00000029097,ENSCJAG00000021498
ENSMUSG00000052605,ENSCJAG00000017068
ENSMUSG00000029098,ENSCJAG00000007110
ENSMUSG00000025161,ENSCJAG00000018034
ENSMUSG00000085272,ENSCJAG00000079412
ENSMUSG00000025162,ENSCJAG00000017987
ENSMUSG00000030589,ENSCJAG00000013638
ENSMUSG00000029096,ENSCJAG00000072254
ENSMUSG00000039364,ENSCJAG00000017974
ENSMUSG00000025165,ENSCJAG00000017974
ENSMUSG00000036553,ENSCJAG00000013904
ENSMUSG00000039337,ENSCJAG00000071247
ENSMUSG00000039329,ENSCJAG00000071247
ENSMUSG00000047904,ENSCJAG00000019937
ENSMUSG00000018661,ENSCJAG00000019919
ENSMUSG00000041629,ENSCJAG00000047768
ENSMUSG00000041623,ENSCJAG00000019913
ENSMUSG00000030590,ENSCJAG00000013626
ENSMUSG00002076497,ENSCJAG00000035441
ENSMUSG00000000568,ENSCJAG00000015165
ENSMUSG00000041598,ENSCJAG00000019909
ENSMUSG00000037239,ENSCJAG00000013614
ENSMUSG00000031493,ENSCJAG00000013601
ENSMUSG00000042529,ENSCJAG00000018768
ENSMUSG00000010142,ENSCJAG00000008302
ENSMUSG00000030591,ENSCJAG00000013583
ENSMUSG00000042506,ENSCJAG00000018855
ENSMUSG00000049676,ENSCJAG00000013568
ENSMUSG00000019102,ENSCJAG00000011784
ENSMUSG00000010025,ENSCJAG00000011685
ENSMUSG00000029326,ENSCJAG00000048699
ENSMUSG00000050640,ENSCJAG00000081174
ENSMUSG00000046410,ENSCJAG00000013561
ENSMUSG00000119377,ENSCJAG00000072854
ENSMUSG00000010122,ENSCJAG00000001307
ENSMUSG00000029729,ENSCJAG00000046899
ENSMUSG00000030588,ENSCJAG00000013557
ENSMUSG00000030587,ENSCJAG00000013549
ENSMUSG00000074227,ENSCJAG00000013530
ENSMUSG00000010086,ENSCJAG00000001293
ENSMUSG00000019494,ENSCJAG00000015606
ENSMUSG00000030584,ENSCJAG00000013515
ENSMUSG00000029730,ENSCJAG00000015583
ENSMUSG00000042436,ENSCJAG00000001284
ENSMUSG00000001034,ENSCJAG00000001277
ENSMUSG00000030583,ENSCJAG00000037808
ENSMUSG00000065394,ENSCJAG00000028986
ENSMUSG00000065514,ENSCJAG00000025985
ENSMUSG00000019518,ENSCJAG00000015542
ENSMUSG00000001039,ENSCJAG00000001232
ENSMUSG00000036980,ENSCJAG00000015522
ENSMUSG00000001036,ENSCJAG00000001201
ENSMUSG00000049123,ENSCJAG00000013568
ENSMUSG00000063157,ENSCJAG00000014255
ENSMUSG00000004837,ENSCJAG00000001163
ENSMUSG00000042371,ENSCJAG00000001107
ENSMUSG00000119378,ENSCJAG00000070074
ENSMUSG00000047473,ENSCJAG00000044733
ENSMUSG00000042377,ENSCJAG00000001155
ENSMUSG00000020528,ENSCJAG00000001091
ENSMUSG00000050855,ENSCJAG00000071518
ENSMUSG00000121808,ENSCJAG00000047941
ENSMUSG00000037331,ENSCJAG00000004454
ENSMUSG00000038973,ENSCJAG00000071738
ENSMUSG00000004610,ENSCJAG00000018541
ENSMUSG00000086962,ENSCJAG00000020316
ENSMUSG00000070604,ENSCJAG00000018557
ENSMUSG00000013367,ENSCJAG00000077896
ENSMUSG00000020515,ENSCJAG00000007417
ENSMUSG00000037275,ENSCJAG00000007336
ENSMUSG00000009580,ENSCJAG00000014273
ENSMUSG00000105888,ENSCJAG00000065104
ENSMUSG00000001622,ENSCJAG00000014297
ENSMUSG00000020514,ENSCJAG00000007325
ENSMUSG00000030472,ENSCJAG00000018508
ENSMUSG00000038888,ENSCJAG00000043320
ENSMUSG00000044737,ENSCJAG00000041712
ENSMUSG00000037243,ENSCJAG00000018739
ENSMUSG00000054046,ENSCJAG00000082887
ENSMUSG00000013646,ENSCJAG00000018784
ENSMUSG00000067616,ENSCJAG00000043664
ENSMUSG00000013643,ENSCJAG00000042331
ENSMUSG00000030693,ENSCJAG00000046677
ENSMUSG00000013653,ENSCJAG00000067922
ENSMUSG00000047884,ENSCJAG00000038106
ENSMUSG00000058287,ENSCJAG00000067922
ENSMUSG00000064023,ENSCJAG00000006269
ENSMUSG00000058807,ENSCJAG00000008914
ENSMUSG00000030713,ENSCJAG00000046958
ENSMUSG00000050818,ENSCJAG00000008914
ENSMUSG00000064252,ENSCJAG00000008914
ENSMUSG00000050063,ENSCJAG00000035952
ENSMUSG00000057654,ENSCJAG00000008914
ENSMUSG00000059279,ENSCJAG00000008914
ENSMUSG00000060765,ENSCJAG00000008914
ENSMUSG00000037145,ENSCJAG00000067922
ENSMUSG00000074155,ENSCJAG00000041424
ENSMUSG00000006948,ENSCJAG00000016629
ENSMUSG00000037124,ENSCJAG00000008884
ENSMUSG00000055193,ENSCJAG00000045844
ENSMUSG00000063089,ENSCJAG00000016668
ENSMUSG00000063089,ENSCJAG00000016648
ENSMUSG00000063133,ENSCJAG00000016668
ENSMUSG00000063133,ENSCJAG00000016648
ENSMUSG00000049154,ENSCJAG00000012684
ENSMUSG00000049154,ENSCJAG00000003315
ENSMUSG00000059042,ENSCJAG00000016668
ENSMUSG00000059042,ENSCJAG00000016648
ENSMUSG00000044485,ENSCJAG00000016668
ENSMUSG00000044485,ENSCJAG00000016648
ENSMUSG00000053719,ENSCJAG00000016668
ENSMUSG00000053719,ENSCJAG00000016648
ENSMUSG00000037001,ENSCJAG00000013471
ENSMUSG00000082101,ENSCJAG00000014840
ENSMUSG00000065715,ENSCJAG00000060680
ENSMUSG00000018733,ENSCJAG00000014844
ENSMUSG00000030468,ENSCJAG00000004218
ENSMUSG00000030468,ENSCJAG00000018511
ENSMUSG00000035152,ENSCJAG00000077926
ENSMUSG00000118553,ENSCJAG00000083813
ENSMUSG00000118560,ENSCJAG00000084852
ENSMUSG00000004612,ENSCJAG00000070168
ENSMUSG00000057101,ENSCJAG00000013239
ENSMUSG00000052675,ENSCJAG00000013266
ENSMUSG00000050605,ENSCJAG00000013321
ENSMUSG00000020684,ENSCJAG00000040221
ENSMUSG00000074282,ENSCJAG00000013375
ENSMUSG00000020686,ENSCJAG00000014938
ENSMUSG00000035085,ENSCJAG00000014952
ENSMUSG00000055826,ENSCJAG00000023388
ENSMUSG00000030484,ENSCJAG00000013397
ENSMUSG00000020682,ENSCJAG00000047189
ENSMUSG00000054342,ENSCJAG00000013407
ENSMUSG00000002210,ENSCJAG00000013416
ENSMUSG00000020680,ENSCJAG00000014961
ENSMUSG00000046223,ENSCJAG00000013472
ENSMUSG00000054793,ENSCJAG00000013492
ENSMUSG00000064264,ENSCJAG00000013510
ENSMUSG00000051748,ENSCJAG00000055053
ENSMUSG00000117477,ENSCJAG00000013521
ENSMUSG00000000976,ENSCJAG00000015089
ENSMUSG00000041037,ENSCJAG00000013535
ENSMUSG00000011632,ENSCJAG00000013544
ENSMUSG00000051768,ENSCJAG00000013552
ENSMUSG00000040919,ENSCJAG00000063846
ENSMUSG00000066721,ENSCJAG00000013599
ENSMUSG00000064254,ENSCJAG00000013606
ENSMUSG00000060923,ENSCJAG00000010291
ENSMUSG00000074277,ENSCJAG00000013624
ENSMUSG00000040850,ENSCJAG00000010300
ENSMUSG00000057454,ENSCJAG00000013640
ENSMUSG00000020311,ENSCJAG00000010521
ENSMUSG00000020309,ENSCJAG00000061560
ENSMUSG00000020415,ENSCJAG00000019165
ENSMUSG00000020409,ENSCJAG00000019132
ENSMUSG00000046491,ENSCJAG00000019125
ENSMUSG00000044707,ENSCJAG00000019119
ENSMUSG00000020405,ENSCJAG00000019114
ENSMUSG00000034031,ENSCJAG00000022062
ENSMUSG00000069769,ENSCJAG00000013998
ENSMUSG00000018428,ENSCJAG00000013990
ENSMUSG00000020679,ENSCJAG00000015174
ENSMUSG00000020677,ENSCJAG00000015190
ENSMUSG00000034940,ENSCJAG00000015209
ENSMUSG00000018648,ENSCJAG00000039500
ENSMUSG00000018651,ENSCJAG00000015275
ENSMUSG00000051452,ENSCJAG00000015436
ENSMUSG00000018844,ENSCJAG00000014751
ENSMUSG00000020692,ENSCJAG00000014757
ENSMUSG00000018845,ENSCJAG00000014785
ENSMUSG00000054404,ENSCJAG00000014853
ENSMUSG00000069793,ENSCJAG00000014834
ENSMUSG00000035208,ENSCJAG00000014834
ENSMUSG00000072621,ENSCJAG00000014834
ENSMUSG00000108908,ENSCJAG00000062451
ENSMUSG00002075392,ENSCJAG00000084050
ENSMUSG00000026679,ENSCJAG00000043497
ENSMUSG00000048550,ENSCJAG00000066861
ENSMUSG00000027575,ENSCJAG00000010078
ENSMUSG00000016356,ENSCJAG00000010103
ENSMUSG00000047841,ENSCJAG00000010272
ENSMUSG00000038705,ENSCJAG00000075313
ENSMUSG00000027360,ENSCJAG00000001489
ENSMUSG00000027361,ENSCJAG00000001449
ENSMUSG00000027363,ENSCJAG00000001378
ENSMUSG00000027365,ENSCJAG00000001322
ENSMUSG00000027366,ENSCJAG00000001267
ENSMUSG00000001998,ENSCJAG00000001217
ENSMUSG00000001999,ENSCJAG00000007829
ENSMUSG00000034906,ENSCJAG00000007660
ENSMUSG00000074825,ENSCJAG00000007651
ENSMUSG00000042670,ENSCJAG00000006042
ENSMUSG00000027166,ENSCJAG00000067145
ENSMUSG00000016386,ENSCJAG00000006095
ENSMUSG00000001864,ENSCJAG00000082553
ENSMUSG00000001855,ENSCJAG00000008476
ENSMUSG00000050592,ENSCJAG00000056875
ENSMUSG00000051373,ENSCJAG00000008460
ENSMUSG00000039262,ENSCJAG00000008416
ENSMUSG00000119688,ENSCJAG00000048502
ENSMUSG00000119688,ENSCJAG00000029503
ENSMUSG00000119104,ENSCJAG00000028077
ENSMUSG00000039254,ENSCJAG00000008387
ENSMUSG00000002550,ENSCJAG00000008370
ENSMUSG00000044627,ENSCJAG00000019842
ENSMUSG00000002546,ENSCJAG00000019995
ENSMUSG00000002546,ENSCJAG00000073715
ENSMUSG00000002546,ENSCJAG00000077991
ENSMUSG00000002546,ENSCJAG00000071995
ENSMUSG00000002546,ENSCJAG00000082439
ENSMUSG00000002546,ENSCJAG00000071935
ENSMUSG00000002546,ENSCJAG00000085962
ENSMUSG00000026825,ENSCJAG00000019967
ENSMUSG00000092807,ENSCJAG00000027318
ENSMUSG00000039205,ENSCJAG00000019948
ENSMUSG00000026822,ENSCJAG00000019936
ENSMUSG00000026975,ENSCJAG00000013422
ENSMUSG00000036850,ENSCJAG00000013417
ENSMUSG00000036833,ENSCJAG00000013340
ENSMUSG00000006476,ENSCJAG00000080733
ENSMUSG00000036813,ENSCJAG00000013211
ENSMUSG00000036805,ENSCJAG00000013196
ENSMUSG00000078202,ENSCJAG00000041292
ENSMUSG00000059555,ENSCJAG00000023025
ENSMUSG00000013465,ENSCJAG00000013147
ENSMUSG00000036770,ENSCJAG00000013136
ENSMUSG00000026969,ENSCJAG00000013129
ENSMUSG00000036752,ENSCJAG00000041742
ENSMUSG00000089953,ENSCJAG00000023024
ENSMUSG00000036731,ENSCJAG00000013115
ENSMUSG00000044628,ENSCJAG00000013109
ENSMUSG00000006471,ENSCJAG00000013075
ENSMUSG00000078201,ENSCJAG00000002165
ENSMUSG00000048707,ENSCJAG00000070096
ENSMUSG00000026966,ENSCJAG00000080463
ENSMUSG00000026965,ENSCJAG00000013025
ENSMUSG00000026963,ENSCJAG00000013022
ENSMUSG00000026961,ENSCJAG00000013014
ENSMUSG00000026959,ENSCJAG00000012981
ENSMUSG00000089917,ENSCJAG00000010518
ENSMUSG00000000823,ENSCJAG00000010553
ENSMUSG00000002455,ENSCJAG00000010616
ENSMUSG00000038605,ENSCJAG00000010587
ENSMUSG00000108976,ENSCJAG00000042619
ENSMUSG00000046470,ENSCJAG00000022379
ENSMUSG00000059540,ENSCJAG00000010658
ENSMUSG00000002458,ENSCJAG00000010687
ENSMUSG00000045794,ENSCJAG00000010705
ENSMUSG00000027584,ENSCJAG00000043076
ENSMUSG00000010505,ENSCJAG00000046790
ENSMUSG00000027589,ENSCJAG00000014782
ENSMUSG00000038628,ENSCJAG00000011568
ENSMUSG00000038685,ENSCJAG00000010336
ENSMUSG00000038671,ENSCJAG00000010382
ENSMUSG00000027582,ENSCJAG00000010398
ENSMUSG00000090077,ENSCJAG00000038018
ENSMUSG00000027583,ENSCJAG00000010439
ENSMUSG00000055882,ENSCJAG00000010499
ENSMUSG00000000827,ENSCJAG00000068048
ENSMUSG00000000827,ENSCJAG00000010441
ENSMUSG00000000826,ENSCJAG00000010501
ENSMUSG00000027577,ENSCJAG00000010168
ENSMUSG00000016346,ENSCJAG00000010184
ENSMUSG00000016349,ENSCJAG00000010227
ENSMUSG00000084696,ENSCJAG00000083111
ENSMUSG00000016344,ENSCJAG00000076938
ENSMUSG00000016344,ENSCJAG00000031997
ENSMUSG00000016344,ENSCJAG00000086218
ENSMUSG00000016344,ENSCJAG00000084619
ENSMUSG00000038751,ENSCJAG00000010243
ENSMUSG00000027579,ENSCJAG00000010253
ENSMUSG00000027460,ENSCJAG00000020879
ENSMUSG00000027459,ENSCJAG00000007611
ENSMUSG00000027463,ENSCJAG00000020873
ENSMUSG00000060257,ENSCJAG00000020870
ENSMUSG00000032802,ENSCJAG00000020869
ENSMUSG00000027398,ENSCJAG00000016340
ENSMUSG00000043727,ENSCJAG00000046439
ENSMUSG00000044641,ENSCJAG00000044244
ENSMUSG00000051149,ENSCJAG00000000563
ENSMUSG00000078919,ENSCJAG00000000551
ENSMUSG00000074576,ENSCJAG00000023186
ENSMUSG00000074575,ENSCJAG00000000570
ENSMUSG00000055838,ENSCJAG00000040823
ENSMUSG00000027517,ENSCJAG00000075054
ENSMUSG00000014355,ENSCJAG00000016562
ENSMUSG00000014361,ENSCJAG00000016540
ENSMUSG00000014353,ENSCJAG00000047336
ENSMUSG00000027386,ENSCJAG00000016508
ENSMUSG00000027387,ENSCJAG00000058380
ENSMUSG00000042851,ENSCJAG00000016479
ENSMUSG00000027394,ENSCJAG00000016475
ENSMUSG00000027395,ENSCJAG00000016433
ENSMUSG00000037938,ENSCJAG00000016421
ENSMUSG00000027397,ENSCJAG00000016414
ENSMUSG00000048327,ENSCJAG00000016397
ENSMUSG00000027399,ENSCJAG00000016368
ENSMUSG00000065057,ENSCJAG00000046145
ENSMUSG00000077714,ENSCJAG00000080646
ENSMUSG00000027424,ENSCJAG00000005037
ENSMUSG00000037279,ENSCJAG00000005049
ENSMUSG00000027425,ENSCJAG00000005057
ENSMUSG00000098387,ENSCJAG00000040178
ENSMUSG00000037259,ENSCJAG00000005123
ENSMUSG00000027427,ENSCJAG00000005159
ENSMUSG00000027428,ENSCJAG00000005170
ENSMUSG00000027429,ENSCJAG00000005179
ENSMUSG00000027651,ENSCJAG00000046276
ENSMUSG00000037820,ENSCJAG00000021503
ENSMUSG00000037813,ENSCJAG00000021502
ENSMUSG00000052922,ENSCJAG00000032286
ENSMUSG00000016024,ENSCJAG00000009701
ENSMUSG00000082079,ENSCJAG00000015617
ENSMUSG00000027479,ENSCJAG00000015601
ENSMUSG00000027479,ENSCJAG00000064812
ENSMUSG00000044083,ENSCJAG00000083357
ENSMUSG00000027480,ENSCJAG00000018611
ENSMUSG00000027481,ENSCJAG00000018598
ENSMUSG00000068009,ENSCJAG00000018589
ENSMUSG00000068008,ENSCJAG00000018580
ENSMUSG00000074665,ENSCJAG00000034914
ENSMUSG00000042459,ENSCJAG00000018544
ENSMUSG00000027482,ENSCJAG00000018565
ENSMUSG00000027483,ENSCJAG00000018547
ENSMUSG00000027484,ENSCJAG00000018547
ENSMUSG00000027485,ENSCJAG00000018531
ENSMUSG00000067998,ENSCJAG00000074490
ENSMUSG00000067996,ENSCJAG00000074490
ENSMUSG00000026837,ENSCJAG00000010197
ENSMUSG00000026833,ENSCJAG00000038194
