mouse_gene,macaque_gene
ENSMUSG00000064341,ENSMFAG00000055554
ENSMUSG00000064341,ENSMFAG00000050827
ENSMUSG00000064345,ENSMFAG00000050431
ENSMUSG00000064351,ENSMFAG00000060073
ENSMUSG00000064354,ENSMFAG00000055785
ENSMUSG00000064356,ENSMFAG00000048226
ENSMUSG00000064357,ENSMFAG00000053176
ENSMUSG00000064358,ENSMFAG00000060632
ENSMUSG00000064360,ENSMFAG00000065538
ENSMUSG00000065947,ENSMFAG00000049515
ENSMUSG00000064363,ENSMFAG00000057489
ENSMUSG00000064367,ENSMFAG00000053671
ENSMUSG00000064368,ENSMFAG00000049782
ENSMUSG00000064368,ENSMFAG00000046426
ENSMUSG00000064368,ENSMFAG00000051125
ENSMUSG00000064370,ENSMFAG00000062540
ENSMUSG00000094722,ENSMFAG00000037490
ENSMUSG00000094722,ENSMFAG00000037280
ENSMUSG00000094722,ENSMFAG00000003419
ENSMUSG00000094722,ENSMFAG00000039073
ENSMUSG00000094722,ENSMFAG00000031578
ENSMUSG00000094722,ENSMFAG00000064937
ENSMUSG00000094722,ENSMFAG00000042798
ENSMUSG00000094722,ENSMFAG00000032967
ENSMUSG00000094722,ENSMFAG00000051805
ENSMUSG00000094741,ENSMFAG00000037490
ENSMUSG00000094741,ENSMFAG00000037280
ENSMUSG00000094741,ENSMFAG00000003419
ENSMUSG00000094741,ENSMFAG00000039073
ENSMUSG00000094741,ENSMFAG00000031578
ENSMUSG00000094741,ENSMFAG00000064937
ENSMUSG00000094741,ENSMFAG00000042798
ENSMUSG00000094741,ENSMFAG00000032967
ENSMUSG00000094741,ENSMFAG00000051805
ENSMUSG00000095666,ENSMFAG00000037490
ENSMUSG00000095666,ENSMFAG00000037280
ENSMUSG00000095666,ENSMFAG00000003419
ENSMUSG00000095666,ENSMFAG00000039073
ENSMUSG00000095666,ENSMFAG00000031578
ENSMUSG00000095666,ENSMFAG00000064937
ENSMUSG00000095666,ENSMFAG00000042798
ENSMUSG00000095666,ENSMFAG00000032967
ENSMUSG00000095666,ENSMFAG00000051805
ENSMUSG00000094303,ENSMFAG00000037490
ENSMUSG00000094303,ENSMFAG00000037280
ENSMUSG00000094303,ENSMFAG00000003419
ENSMUSG00000094303,ENSMFAG00000039073
ENSMUSG00000094303,ENSMFAG00000031578
ENSMUSG00000094303,ENSMFAG00000064937
ENSMUSG00000094303,ENSMFAG00000042798
ENSMUSG00000094303,ENSMFAG00000032967
ENSMUSG00000094303,ENSMFAG00000051805
ENSMUSG00000094915,ENSMFAG00000030689
ENSMUSG00000095250,ENSMFAG00000034455
ENSMUSG00000094836,ENSMFAG00000037490
ENSMUSG00000094836,ENSMFAG00000037280
ENSMUSG00000094836,ENSMFAG00000003419
ENSMUSG00000094836,ENSMFAG00000039073
ENSMUSG00000094836,ENSMFAG00000031578
ENSMUSG00000094836,ENSMFAG00000064937
ENSMUSG00000094836,ENSMFAG00000042798
ENSMUSG00000094836,ENSMFAG00000032967
ENSMUSG00000094836,ENSMFAG00000051805
ENSMUSG00000079808,ENSMFAG00000034455
ENSMUSG00000074720,ENSMFAG00000037490
ENSMUSG00000074720,ENSMFAG00000037280
ENSMUSG00000074720,ENSMFAG00000003419
ENSMUSG00000074720,ENSMFAG00000039073
ENSMUSG00000074720,ENSMFAG00000031578
ENSMUSG00000074720,ENSMFAG00000064937
ENSMUSG00000074720,ENSMFAG00000042798
ENSMUSG00000074720,ENSMFAG00000032967
ENSMUSG00000074720,ENSMFAG00000051805
ENSMUSG00000096236,ENSMFAG00000037490
ENSMUSG00000096236,ENSMFAG00000037280
ENSMUSG00000096236,ENSMFAG00000003419
ENSMUSG00000096236,ENSMFAG00000039073
ENSMUSG00000096236,ENSMFAG00000031578
ENSMUSG00000096236,ENSMFAG00000064937
ENSMUSG00000096236,ENSMFAG00000042798
ENSMUSG00000096236,ENSMFAG00000032967
ENSMUSG00000096236,ENSMFAG00000051805
ENSMUSG00000095092,ENSMFAG00000034455
ENSMUSG00000094383,ENSMFAG00000037490
ENSMUSG00000094383,ENSMFAG00000037280
ENSMUSG00000094383,ENSMFAG00000003419
ENSMUSG00000094383,ENSMFAG00000039073
ENSMUSG00000094383,ENSMFAG00000031578
ENSMUSG00000094383,ENSMFAG00000064937
ENSMUSG00000094383,ENSMFAG00000042798
ENSMUSG00000094383,ENSMFAG00000032967
ENSMUSG00000094383,ENSMFAG00000051805
ENSMUSG00000094874,ENSMFAG00000034455
ENSMUSG00000096680,ENSMFAG00000037490
ENSMUSG00000096680,ENSMFAG00000037280
ENSMUSG00000096680,ENSMFAG00000003419
ENSMUSG00000096680,ENSMFAG00000039073
ENSMUSG00000096680,ENSMFAG00000031578
ENSMUSG00000096680,ENSMFAG00000064937
ENSMUSG00000096680,ENSMFAG00000042798
ENSMUSG00000096680,ENSMFAG00000032967
ENSMUSG00000096680,ENSMFAG00000051805
ENSMUSG00000094337,ENSMFAG00000037490
ENSMUSG00000094337,ENSMFAG00000037280
ENSMUSG00000094337,ENSMFAG00000003419
ENSMUSG00000094337,ENSMFAG00000039073
ENSMUSG00000094337,ENSMFAG00000031578
ENSMUSG00000094337,ENSMFAG00000064937
ENSMUSG00000094337,ENSMFAG00000042798
ENSMUSG00000094337,ENSMFAG00000032967
ENSMUSG00000094337,ENSMFAG00000051805
ENSMUSG00000096756,ENSMFAG00000037490
ENSMUSG00000096756,ENSMFAG00000037280
ENSMUSG00000096756,ENSMFAG00000003419
ENSMUSG00000096756,ENSMFAG00000039073
ENSMUSG00000096756,ENSMFAG00000031578
ENSMUSG00000096756,ENSMFAG00000064937
ENSMUSG00000096756,ENSMFAG00000042798
ENSMUSG00000096756,ENSMFAG00000032967
ENSMUSG00000096756,ENSMFAG00000051805
ENSMUSG00000095672,ENSMFAG00000034455
ENSMUSG00000095505,ENSMFAG00000037490
ENSMUSG00000095505,ENSMFAG00000037280
ENSMUSG00000095505,ENSMFAG00000003419
ENSMUSG00000095505,ENSMFAG00000039073
ENSMUSG00000095505,ENSMFAG00000031578
ENSMUSG00000095505,ENSMFAG00000064937
ENSMUSG00000095505,ENSMFAG00000042798
ENSMUSG00000095505,ENSMFAG00000032967
ENSMUSG00000095505,ENSMFAG00000051805
ENSMUSG00000094474,ENSMFAG00000037490
ENSMUSG00000094474,ENSMFAG00000037280
ENSMUSG00000094474,ENSMFAG00000003419
ENSMUSG00000094474,ENSMFAG00000039073
ENSMUSG00000094474,ENSMFAG00000031578
ENSMUSG00000094474,ENSMFAG00000064937
ENSMUSG00000094474,ENSMFAG00000042798
ENSMUSG00000094474,ENSMFAG00000032967
ENSMUSG00000094474,ENSMFAG00000051805
ENSMUSG00000094799,ENSMFAG00000034455
ENSMUSG00000095570,ENSMFAG00000037490
ENSMUSG00000095570,ENSMFAG00000037280
ENSMUSG00000095570,ENSMFAG00000003419
ENSMUSG00000095570,ENSMFAG00000039073
ENSMUSG00000095570,ENSMFAG00000031578
ENSMUSG00000095570,ENSMFAG00000064937
ENSMUSG00000095570,ENSMFAG00000042798
ENSMUSG00000095570,ENSMFAG00000032967
ENSMUSG00000095570,ENSMFAG00000051805
ENSMUSG00000094791,ENSMFAG00000037490
ENSMUSG00000094791,ENSMFAG00000037280
ENSMUSG00000094791,ENSMFAG00000003419
ENSMUSG00000094791,ENSMFAG00000039073
ENSMUSG00000094791,ENSMFAG00000031578
ENSMUSG00000094791,ENSMFAG00000064937
ENSMUSG00000094791,ENSMFAG00000042798
ENSMUSG00000094791,ENSMFAG00000032967
ENSMUSG00000094791,ENSMFAG00000051805
ENSMUSG00000094514,ENSMFAG00000030689
ENSMUSG00000096728,ENSMFAG00000037490
ENSMUSG00000096728,ENSMFAG00000037280
ENSMUSG00000096728,ENSMFAG00000003419
ENSMUSG00000096728,ENSMFAG00000039073
ENSMUSG00000096728,ENSMFAG00000031578
ENSMUSG00000096728,ENSMFAG00000064937
ENSMUSG00000096728,ENSMFAG00000042798
ENSMUSG00000096728,ENSMFAG00000032967
ENSMUSG00000096728,ENSMFAG00000051805
ENSMUSG00000096808,ENSMFAG00000048224
ENSMUSG00000096808,ENSMFAG00000057605
ENSMUSG00000096808,ENSMFAG00000048998
ENSMUSG00000096808,ENSMFAG00000051896
ENSMUSG00000096550,ENSMFAG00000037490
ENSMUSG00000096550,ENSMFAG00000037280
ENSMUSG00000096550,ENSMFAG00000003419
ENSMUSG00000096550,ENSMFAG00000039073
ENSMUSG00000096550,ENSMFAG00000031578
ENSMUSG00000096550,ENSMFAG00000064937
ENSMUSG00000096550,ENSMFAG00000042798
ENSMUSG00000096550,ENSMFAG00000032967
ENSMUSG00000096550,ENSMFAG00000051805
ENSMUSG00000094172,ENSMFAG00000037490
ENSMUSG00000094172,ENSMFAG00000037280
ENSMUSG00000094172,ENSMFAG00000003419
ENSMUSG00000094172,ENSMFAG00000039073
ENSMUSG00000094172,ENSMFAG00000031578
ENSMUSG00000094172,ENSMFAG00000064937
ENSMUSG00000094172,ENSMFAG00000042798
ENSMUSG00000094172,ENSMFAG00000032967
ENSMUSG00000094172,ENSMFAG00000051805
ENSMUSG00000094887,ENSMFAG00000037490
ENSMUSG00000094887,ENSMFAG00000037280
ENSMUSG00000094887,ENSMFAG00000003419
ENSMUSG00000094887,ENSMFAG00000039073
ENSMUSG00000094887,ENSMFAG00000031578
ENSMUSG00000094887,ENSMFAG00000064937
ENSMUSG00000094887,ENSMFAG00000042798
ENSMUSG00000094887,ENSMFAG00000032967
ENSMUSG00000094887,ENSMFAG00000051805
ENSMUSG00000091585,ENSMFAG00000037490
ENSMUSG00000091585,ENSMFAG00000037280
ENSMUSG00000091585,ENSMFAG00000003419
ENSMUSG00000091585,ENSMFAG00000039073
ENSMUSG00000091585,ENSMFAG00000031578
ENSMUSG00000091585,ENSMFAG00000064937
ENSMUSG00000091585,ENSMFAG00000042798
ENSMUSG00000091585,ENSMFAG00000032967
ENSMUSG00000091585,ENSMFAG00000051805
ENSMUSG00000095763,ENSMFAG00000037490
ENSMUSG00000095763,ENSMFAG00000037280
ENSMUSG00000095763,ENSMFAG00000003419
ENSMUSG00000095763,ENSMFAG00000039073
ENSMUSG00000095763,ENSMFAG00000031578
ENSMUSG00000095763,ENSMFAG00000064937
ENSMUSG00000095763,ENSMFAG00000042798
ENSMUSG00000095763,ENSMFAG00000032967
ENSMUSG00000095763,ENSMFAG00000051805
ENSMUSG00000095523,ENSMFAG00000037490
ENSMUSG00000095523,ENSMFAG00000037280
ENSMUSG00000095523,ENSMFAG00000003419
ENSMUSG00000095523,ENSMFAG00000039073
ENSMUSG00000095523,ENSMFAG00000031578
ENSMUSG00000095523,ENSMFAG00000064937
ENSMUSG00000095523,ENSMFAG00000042798
ENSMUSG00000095523,ENSMFAG00000032967
ENSMUSG00000095523,ENSMFAG00000051805
ENSMUSG00000095475,ENSMFAG00000037490
ENSMUSG00000095475,ENSMFAG00000037280
ENSMUSG00000095475,ENSMFAG00000003419
ENSMUSG00000095475,ENSMFAG00000039073
ENSMUSG00000095475,ENSMFAG00000031578
ENSMUSG00000095475,ENSMFAG00000064937
ENSMUSG00000095475,ENSMFAG00000042798
ENSMUSG00000095475,ENSMFAG00000032967
ENSMUSG00000095475,ENSMFAG00000051805
ENSMUSG00000094855,ENSMFAG00000037490
ENSMUSG00000094855,ENSMFAG00000037280
ENSMUSG00000094855,ENSMFAG00000003419
ENSMUSG00000094855,ENSMFAG00000039073
ENSMUSG00000094855,ENSMFAG00000031578
ENSMUSG00000094855,ENSMFAG00000064937
ENSMUSG00000094855,ENSMFAG00000042798
ENSMUSG00000094855,ENSMFAG00000032967
ENSMUSG00000094855,ENSMFAG00000051805
ENSMUSG00000095634,ENSMFAG00000000052
ENSMUSG00000095634,ENSMFAG00000051241
ENSMUSG00000100032,ENSMFAG00000037508
ENSMUSG00000100535,ENSMFAG00000037508
ENSMUSG00000099782,ENSMFAG00000037508
ENSMUSG00000101157,ENSMFAG00000037508
ENSMUSG00000094575,ENSMFAG00000000052
ENSMUSG00000094575,ENSMFAG00000051241
ENSMUSG00000101146,ENSMFAG00000037508
ENSMUSG00000100902,ENSMFAG00000037508
ENSMUSG00000100892,ENSMFAG00000037508
ENSMUSG00000096898,ENSMFAG00000000052
ENSMUSG00000096898,ENSMFAG00000051241
ENSMUSG00000094739,ENSMFAG00000000052
ENSMUSG00000094739,ENSMFAG00000051241
ENSMUSG00000101471,ENSMFAG00000037508
ENSMUSG00000095650,ENSMFAG00000000052
ENSMUSG00000095650,ENSMFAG00000051241
ENSMUSG00000100240,ENSMFAG00000037508
ENSMUSG00000102122,ENSMFAG00000037508
ENSMUSG00000099856,ENSMFAG00000037508
ENSMUSG00000094729,ENSMFAG00000000052
ENSMUSG00000094729,ENSMFAG00000051241
ENSMUSG00000100045,ENSMFAG00000037508
ENSMUSG00000093950,ENSMFAG00000000052
ENSMUSG00000093950,ENSMFAG00000051241
ENSMUSG00000100856,ENSMFAG00000037508
ENSMUSG00000101766,ENSMFAG00000037508
ENSMUSG00000095785,ENSMFAG00000000052
ENSMUSG00000095785,ENSMFAG00000051241
ENSMUSG00000093993,ENSMFAG00000037508
ENSMUSG00000096666,ENSMFAG00000000052
ENSMUSG00000096666,ENSMFAG00000051241
ENSMUSG00000095302,ENSMFAG00000000052
ENSMUSG00000095302,ENSMFAG00000051241
ENSMUSG00000096016,ENSMFAG00000037508
ENSMUSG00000103919,ENSMFAG00000037508
ENSMUSG00000093868,ENSMFAG00000000052
ENSMUSG00000093868,ENSMFAG00000051241
ENSMUSG00000101667,ENSMFAG00000057622
ENSMUSG00000093918,ENSMFAG00000057622
ENSMUSG00000094511,ENSMFAG00000057622
ENSMUSG00000093987,ENSMFAG00000057622
ENSMUSG00000095948,ENSMFAG00000057622
ENSMUSG00000096520,ENSMFAG00000057622
ENSMUSG00000093927,ENSMFAG00000000052
ENSMUSG00000093927,ENSMFAG00000051241
ENSMUSG00000095148,ENSMFAG00000000052
ENSMUSG00000095148,ENSMFAG00000051241
ENSMUSG00000096686,ENSMFAG00000000052
ENSMUSG00000096686,ENSMFAG00000051241
ENSMUSG00000100939,ENSMFAG00000037508
ENSMUSG00000094081,ENSMFAG00000000052
ENSMUSG00000094081,ENSMFAG00000051241
ENSMUSG00000100645,ENSMFAG00000037508
ENSMUSG00000099861,ENSMFAG00000000052
ENSMUSG00000099861,ENSMFAG00000051241
ENSMUSG00000095324,ENSMFAG00000000052
ENSMUSG00000095324,ENSMFAG00000051241
ENSMUSG00000101928,ENSMFAG00000037508
ENSMUSG00000101053,ENSMFAG00000000052
ENSMUSG00000101053,ENSMFAG00000051241
ENSMUSG00000095032,ENSMFAG00000000052
ENSMUSG00000095032,ENSMFAG00000051241
ENSMUSG00000095242,ENSMFAG00000000052
ENSMUSG00000095242,ENSMFAG00000051241
ENSMUSG00000094838,ENSMFAG00000000052
ENSMUSG00000094838,ENSMFAG00000051241
ENSMUSG00000095172,ENSMFAG00000000052
ENSMUSG00000095172,ENSMFAG00000051241
ENSMUSG00000094294,ENSMFAG00000000052
ENSMUSG00000094294,ENSMFAG00000051241
ENSMUSG00000093848,ENSMFAG00000000052
ENSMUSG00000093848,ENSMFAG00000051241
ENSMUSG00000053211,ENSMFAG00000037822
ENSMUSG00000053211,ENSMFAG00000034292
ENSMUSG00000053211,ENSMFAG00000032589
ENSMUSG00000053211,ENSMFAG00000045479
ENSMUSG00000053211,ENSMFAG00000004631
ENSMUSG00000053211,ENSMFAG00000035378
ENSMUSG00000053211,ENSMFAG00000036857
ENSMUSG00000053211,ENSMFAG00000043630
ENSMUSG00000053211,ENSMFAG00000063396
ENSMUSG00000053211,ENSMFAG00000046027
ENSMUSG00000053211,ENSMFAG00000032350
ENSMUSG00000053211,ENSMFAG00000002205
ENSMUSG00000053211,ENSMFAG00000009459
ENSMUSG00000053211,ENSMFAG00000031616
ENSMUSG00000056673,ENSMFAG00000063076
ENSMUSG00000069049,ENSMFAG00000031284
ENSMUSG00000069049,ENSMFAG00000037821
ENSMUSG00000068457,ENSMFAG00000063023
ENSMUSG00000069045,ENSMFAG00000060380
ENSMUSG00000069044,ENSMFAG00000065535
ENSMUSG00000077793,ENSMFAG00000052407
ENSMUSG00000000103,ENSMFAG00000037822
ENSMUSG00000000103,ENSMFAG00000034292
ENSMUSG00000000103,ENSMFAG00000032589
ENSMUSG00000000103,ENSMFAG00000045479
ENSMUSG00000000103,ENSMFAG00000004631
ENSMUSG00000000103,ENSMFAG00000035378
ENSMUSG00000000103,ENSMFAG00000036857
ENSMUSG00000000103,ENSMFAG00000043630
ENSMUSG00000000103,ENSMFAG00000063396
ENSMUSG00000000103,ENSMFAG00000046027
ENSMUSG00000000103,ENSMFAG00000032350
ENSMUSG00000000103,ENSMFAG00000002205
ENSMUSG00000000103,ENSMFAG00000009459
ENSMUSG00000000103,ENSMFAG00000031616
ENSMUSG00000102053,ENSMFAG00000057622
ENSMUSG00000094658,ENSMFAG00000057622
ENSMUSG00000095852,ENSMFAG00000057622
ENSMUSG00000091987,ENSMFAG00000057622
ENSMUSG00000102739,ENSMFAG00000000052
ENSMUSG00000102739,ENSMFAG00000051241
ENSMUSG00000094325,ENSMFAG00000000052
ENSMUSG00000094325,ENSMFAG00000051241
ENSMUSG00000095267,ENSMFAG00000000052
ENSMUSG00000095267,ENSMFAG00000051241
ENSMUSG00000095520,ENSMFAG00000000052
ENSMUSG00000095520,ENSMFAG00000051241
ENSMUSG00000104267,ENSMFAG00000000052
ENSMUSG00000104267,ENSMFAG00000051241
ENSMUSG00000103468,ENSMFAG00000000052
ENSMUSG00000103468,ENSMFAG00000051241
ENSMUSG00000093903,ENSMFAG00000000052
ENSMUSG00000093903,ENSMFAG00000051241
ENSMUSG00000101155,ENSMFAG00000037508
ENSMUSG00000096122,ENSMFAG00000000052
ENSMUSG00000096122,ENSMFAG00000051241
ENSMUSG00000101399,ENSMFAG00000037508
ENSMUSG00000094052,ENSMFAG00000000052
ENSMUSG00000094052,ENSMFAG00000051241
ENSMUSG00000099948,ENSMFAG00000000052
ENSMUSG00000099948,ENSMFAG00000051241
ENSMUSG00000100231,ENSMFAG00000037508
ENSMUSG00000095508,ENSMFAG00000000052
ENSMUSG00000095508,ENSMFAG00000051241
ENSMUSG00000095606,ENSMFAG00000037508
ENSMUSG00000094570,ENSMFAG00000037508
ENSMUSG00000095867,ENSMFAG00000000052
ENSMUSG00000095867,ENSMFAG00000051241
ENSMUSG00000094746,ENSMFAG00000037508
ENSMUSG00000095793,ENSMFAG00000037508
ENSMUSG00000096650,ENSMFAG00000037508
ENSMUSG00000099531,ENSMFAG00000037508
ENSMUSG00000094660,ENSMFAG00000000052
ENSMUSG00000094660,ENSMFAG00000051241
ENSMUSG00000099840,ENSMFAG00000037508
ENSMUSG00000100485,ENSMFAG00000037508
ENSMUSG00000101158,ENSMFAG00000037508
ENSMUSG00000101286,ENSMFAG00000037508
ENSMUSG00000101933,ENSMFAG00000037508
ENSMUSG00000099894,ENSMFAG00000037508
ENSMUSG00000096769,ENSMFAG00000037508
ENSMUSG00000094616,ENSMFAG00000037508
ENSMUSG00000094647,ENSMFAG00000037508
ENSMUSG00000094821,ENSMFAG00000037508
ENSMUSG00000095979,ENSMFAG00000037508
ENSMUSG00000096902,ENSMFAG00000037508
ENSMUSG00000102045,ENSMFAG00000037508
ENSMUSG00000095153,ENSMFAG00000037508
ENSMUSG00000099541,ENSMFAG00000037508
ENSMUSG00000100055,ENSMFAG00000037508
ENSMUSG00000100708,ENSMFAG00000037508
ENSMUSG00000100726,ENSMFAG00000037508
ENSMUSG00000100972,ENSMFAG00000037508
ENSMUSG00000095578,ENSMFAG00000037508
ENSMUSG00000095135,ENSMFAG00000037508
ENSMUSG00000100667,ENSMFAG00000037508
ENSMUSG00000101653,ENSMFAG00000037508
ENSMUSG00000093895,ENSMFAG00000037508
ENSMUSG00000103371,ENSMFAG00000037508
ENSMUSG00000104191,ENSMFAG00000037508
ENSMUSG00000100608,ENSMFAG00000037508
ENSMUSG00000101915,ENSMFAG00000037508
ENSMUSG00000094789,ENSMFAG00000037508
ENSMUSG00000100467,ENSMFAG00000037508
ENSMUSG00000100338,ENSMFAG00000037508
ENSMUSG00000094181,ENSMFAG00000037508
ENSMUSG00000094782,ENSMFAG00000037508
ENSMUSG00000095011,ENSMFAG00000037508
ENSMUSG00000095141,ENSMFAG00000037508
ENSMUSG00000096178,ENSMFAG00000037508
ENSMUSG00000096626,ENSMFAG00000037508
ENSMUSG00000099740,ENSMFAG00000037508
ENSMUSG00000099792,ENSMFAG00000037508
ENSMUSG00000099925,ENSMFAG00000037508
ENSMUSG00000101528,ENSMFAG00000037508
ENSMUSG00000103528,ENSMFAG00000037508
ENSMUSG00000102668,ENSMFAG00000037508
ENSMUSG00000094813,ENSMFAG00000000052
ENSMUSG00000094813,ENSMFAG00000051241
ENSMUSG00000101396,ENSMFAG00000037508
ENSMUSG00000095950,ENSMFAG00000000052
ENSMUSG00000095950,ENSMFAG00000051241
ENSMUSG00000101243,ENSMFAG00000037508
ENSMUSG00000079806,ENSMFAG00000000052
ENSMUSG00000079806,ENSMFAG00000051241
ENSMUSG00000100634,ENSMFAG00000000052
ENSMUSG00000100634,ENSMFAG00000051241
ENSMUSG00000096036,ENSMFAG00000000052
ENSMUSG00000096036,ENSMFAG00000051241
ENSMUSG00000096706,ENSMFAG00000000052
ENSMUSG00000096706,ENSMFAG00000051241
ENSMUSG00000096268,ENSMFAG00000000052
ENSMUSG00000096268,ENSMFAG00000051241
ENSMUSG00000094773,ENSMFAG00000000052
ENSMUSG00000094773,ENSMFAG00000051241
ENSMUSG00000096223,ENSMFAG00000000052
ENSMUSG00000096223,ENSMFAG00000051241
ENSMUSG00000094556,ENSMFAG00000000052
ENSMUSG00000094556,ENSMFAG00000051241
ENSMUSG00000094484,ENSMFAG00000000052
ENSMUSG00000094484,ENSMFAG00000051241
ENSMUSG00000091077,ENSMFAG00000000052
ENSMUSG00000091077,ENSMFAG00000051241
ENSMUSG00000094679,ENSMFAG00000000052
ENSMUSG00000094679,ENSMFAG00000051241
ENSMUSG00000096820,ENSMFAG00000000052
ENSMUSG00000096820,ENSMFAG00000051241
ENSMUSG00000095900,ENSMFAG00000000052
ENSMUSG00000095900,ENSMFAG00000051241
ENSMUSG00000095452,ENSMFAG00000000052
ENSMUSG00000095452,ENSMFAG00000051241
ENSMUSG00000095263,ENSMFAG00000037508
ENSMUSG00000094399,ENSMFAG00000037508
ENSMUSG00000047161,ENSMFAG00000037917
ENSMUSG00000024304,ENSMFAG00000004661
ENSMUSG00000048799,ENSMFAG00000000165
ENSMUSG00000073563,ENSMFAG00000031684
ENSMUSG00000052713,ENSMFAG00000043739
ENSMUSG00000088227,ENSMFAG00000057002
ENSMUSG00000001700,ENSMFAG00000044063
ENSMUSG00000024331,ENSMFAG00000045076
ENSMUSG00000044322,ENSMFAG00000035735
ENSMUSG00000034774,ENSMFAG00000033359
ENSMUSG00000069441,ENSMFAG00000033359
ENSMUSG00000061928,ENSMFAG00000033359
ENSMUSG00000053644,ENSMFAG00000035623
ENSMUSG00000053644,ENSMFAG00000045191
ENSMUSG00000001804,ENSMFAG00000031939
ENSMUSG00000008301,ENSMFAG00000049514
ENSMUSG00000032900,ENSMFAG00000042605
ENSMUSG00000024590,ENSMFAG00000033746
ENSMUSG00000033863,ENSMFAG00000035395
ENSMUSG00000032656,ENSMFAG00000046331
ENSMUSG00000025075,ENSMFAG00000037647
ENSMUSG00000056632,ENSMFAG00000031707
ENSMUSG00000024592,ENSMFAG00000009790
ENSMUSG00000044393,ENSMFAG00000014923
ENSMUSG00000061808,ENSMFAG00000039111
ENSMUSG00000056124,ENSMFAG00000033017
ENSMUSG00000024593,ENSMFAG00000042999
ENSMUSG00000033207,ENSMFAG00000035807
ENSMUSG00000033382,ENSMFAG00000039323
ENSMUSG00000033053,ENSMFAG00000034619
ENSMUSG00000074925,ENSMFAG00000039090
ENSMUSG00000024897,ENSMFAG00000031379
ENSMUSG00000024317,ENSMFAG00000040383
ENSMUSG00000071604,ENSMFAG00000032849
ENSMUSG00000024812,ENSMFAG00000001435
ENSMUSG00000024313,ENSMFAG00000045964
ENSMUSG00000042680,ENSMFAG00000039588
ENSMUSG00000119849,ENSMFAG00000016775
ENSMUSG00000119907,ENSMFAG00000037209
ENSMUSG00000024598,ENSMFAG00000041645
ENSMUSG00000059363,ENSMFAG00000041923
ENSMUSG00000024867,ENSMFAG00000038711
ENSMUSG00000042514,ENSMFAG00000043081
ENSMUSG00000048572,ENSMFAG00000062896
ENSMUSG00000041731,ENSMFAG00000045131
ENSMUSG00000024600,ENSMFAG00000041201
ENSMUSG00000024601,ENSMFAG00000043883
ENSMUSG00000058927,ENSMFAG00000026282
ENSMUSG00000058927,ENSMFAG00000050012
ENSMUSG00000058927,ENSMFAG00000030330
ENSMUSG00000058927,ENSMFAG00000020472
ENSMUSG00000058927,ENSMFAG00000029344
ENSMUSG00000058927,ENSMFAG00000029941
ENSMUSG00000053441,ENSMFAG00000043585
ENSMUSG00000049134,ENSMFAG00000001231
ENSMUSG00000024306,ENSMFAG00000043745
ENSMUSG00000056380,ENSMFAG00000034411
ENSMUSG00000073257,ENSMFAG00000037508
ENSMUSG00000050875,ENSMFAG00000038413
ENSMUSG00000065022,ENSMFAG00000054531
ENSMUSG00000065022,ENSMFAG00000059535
ENSMUSG00000065022,ENSMFAG00000060627
ENSMUSG00000065022,ENSMFAG00000010667
ENSMUSG00000065022,ENSMFAG00000030431
ENSMUSG00000073131,ENSMFAG00000002244
ENSMUSG00000064545,ENSMFAG00000054531
ENSMUSG00000064545,ENSMFAG00000059535
ENSMUSG00000064545,ENSMFAG00000060627
ENSMUSG00000064545,ENSMFAG00000010667
ENSMUSG00000064545,ENSMFAG00000030431
ENSMUSG00000064720,ENSMFAG00000054531
ENSMUSG00000064720,ENSMFAG00000059535
ENSMUSG00000064720,ENSMFAG00000060627
ENSMUSG00000064720,ENSMFAG00000010667
ENSMUSG00000064720,ENSMFAG00000030431
ENSMUSG00000084487,ENSMFAG00000059702
ENSMUSG00000084487,ENSMFAG00000055273
ENSMUSG00000064726,ENSMFAG00000038199
ENSMUSG00000064726,ENSMFAG00000060112
ENSMUSG00000084604,ENSMFAG00000010711
ENSMUSG00000088820,ENSMFAG00000053024
ENSMUSG00000020607,ENSMFAG00000027588
ENSMUSG00000073255,ENSMFAG00000037508
ENSMUSG00000065617,ENSMFAG00000020247
ENSMUSG00000098838,ENSMFAG00000010657
ENSMUSG00000020601,ENSMFAG00000042686
ENSMUSG00000041380,ENSMFAG00000064910
ENSMUSG00000041923,ENSMFAG00000031845
ENSMUSG00000071235,ENSMFAG00000011666
ENSMUSG00000065448,ENSMFAG00000058740
ENSMUSG00000070136,ENSMFAG00000017702
ENSMUSG00000071234,ENSMFAG00000039919
ENSMUSG00000076052,ENSMFAG00000009340
ENSMUSG00002075156,ENSMFAG00000033571
ENSMUSG00000105849,ENSMFAG00000033571
ENSMUSG00000056537,ENSMFAG00000063132
ENSMUSG00000065570,ENSMFAG00000017782
ENSMUSG00000065497,ENSMFAG00000008584
ENSMUSG00000035142,ENSMFAG00000038751
ENSMUSG00000065968,ENSMFAG00000039100
ENSMUSG00000065968,ENSMFAG00000061962
ENSMUSG00000065968,ENSMFAG00000028816
ENSMUSG00000065968,ENSMFAG00000011493
ENSMUSG00000065968,ENSMFAG00000056628
ENSMUSG00000084576,ENSMFAG00000024247
ENSMUSG00000091212,ENSMFAG00000060023
ENSMUSG00000044117,ENSMFAG00000005809
ENSMUSG00000077767,ENSMFAG00000020430
ENSMUSG00000064876,ENSMFAG00000051326
ENSMUSG00000064876,ENSMFAG00000040432
ENSMUSG00000021242,ENSMFAG00000035734
ENSMUSG00000073130,ENSMFAG00000041304
ENSMUSG00000024604,ENSMFAG00000004034
ENSMUSG00000022820,ENSMFAG00000038344
ENSMUSG00000021241,ENSMFAG00000049400
ENSMUSG00000060657,ENSMFAG00000001485
ENSMUSG00000065450,ENSMFAG00000008804
ENSMUSG00000094759,ENSMFAG00000037508
ENSMUSG00000035133,ENSMFAG00000000350
ENSMUSG00000033361,ENSMFAG00000040208
ENSMUSG00000024302,ENSMFAG00000031040
ENSMUSG00000061603,ENSMFAG00000040818
ENSMUSG00000046449,ENSMFAG00000001576
ENSMUSG00000070074,ENSMFAG00000014158
ENSMUSG00000053593,ENSMFAG00000039967
ENSMUSG00000022816,ENSMFAG00000036133
ENSMUSG00000031289,ENSMFAG00000003923
ENSMUSG00000024878,ENSMFAG00000044635
ENSMUSG00000021010,ENSMFAG00000043431
ENSMUSG00000034158,ENSMFAG00000003454
ENSMUSG00000046961,ENSMFAG00000000407
ENSMUSG00000005864,ENSMFAG00000001182
ENSMUSG00000022812,ENSMFAG00000002620
ENSMUSG00000035105,ENSMFAG00000036942
ENSMUSG00002075381,ENSMFAG00000027199
ENSMUSG00000025076,ENSMFAG00000045136
ENSMUSG00002076688,ENSMFAG00000008273
ENSMUSG00000033343,ENSMFAG00000057463
ENSMUSG00000002020,ENSMFAG00000039527
ENSMUSG00000031333,ENSMFAG00000041203
ENSMUSG00000052085,ENSMFAG00000008069
ENSMUSG00000022678,ENSMFAG00000000424
ENSMUSG00000073016,ENSMFAG00000049237
ENSMUSG00000031340,ENSMFAG00000063734
ENSMUSG00000043453,ENSMFAG00000057463
ENSMUSG00000033906,ENSMFAG00000041334
ENSMUSG00000024277,ENSMFAG00000000599
ENSMUSG00000032702,ENSMFAG00000036947
ENSMUSG00000031224,ENSMFAG00000022309
ENSMUSG00000031343,ENSMFAG00000003816
ENSMUSG00000002489,ENSMFAG00000002250
ENSMUSG00000017843,ENSMFAG00000002298
ENSMUSG00000042372,ENSMFAG00000045391
ENSMUSG00000077847,ENSMFAG00000060927
ENSMUSG00000077847,ENSMFAG00000061436
ENSMUSG00000073247,ENSMFAG00000037508
ENSMUSG00000048138,ENSMFAG00000040812
ENSMUSG00000024276,ENSMFAG00000038856
ENSMUSG00000063281,ENSMFAG00000009063
ENSMUSG00000025078,ENSMFAG00000038268
ENSMUSG00000051469,ENSMFAG00000030811
ENSMUSG00000068114,ENSMFAG00000031727
ENSMUSG00000047989,ENSMFAG00000016439
ENSMUSG00000035173,ENSMFAG00000031702
ENSMUSG00000073245,ENSMFAG00000037508
ENSMUSG00000000420,ENSMFAG00000002844
ENSMUSG00000022155,ENSMFAG00000045823
ENSMUSG00000024855,ENSMFAG00000001271
ENSMUSG00000042350,ENSMFAG00000034133
ENSMUSG00000022982,ENSMFAG00000041240
ENSMUSG00000024273,ENSMFAG00000040105
ENSMUSG00000022983,ENSMFAG00000037668
ENSMUSG00000079105,ENSMFAG00000003261
ENSMUSG00000040446,ENSMFAG00000000125
ENSMUSG00000041849,ENSMFAG00000036194
ENSMUSG00000024619,ENSMFAG00000053823
ENSMUSG00000024269,ENSMFAG00000003229
ENSMUSG00000077737,ENSMFAG00000061366
ENSMUSG00000050697,ENSMFAG00000036296
ENSMUSG00000024853,ENSMFAG00000003064
ENSMUSG00000031226,ENSMFAG00000039912
ENSMUSG00000033871,ENSMFAG00000042269
ENSMUSG00000022463,ENSMFAG00000043421
ENSMUSG00000018707,ENSMFAG00000035908
ENSMUSG00000053414,ENSMFAG00000043007
ENSMUSG00000065499,ENSMFAG00000013313
ENSMUSG00000031230,ENSMFAG00000044477
ENSMUSG00002075787,ENSMFAG00000053622
ENSMUSG00000105200,ENSMFAG00000017663
ENSMUSG00000024268,ENSMFAG00000042983
ENSMUSG00000022978,ENSMFAG00000033702
ENSMUSG00000038498,ENSMFAG00000000565
ENSMUSG00000039956,ENSMFAG00000000802
ENSMUSG00000022369,ENSMFAG00000030284
ENSMUSG00000031229,ENSMFAG00000031719
ENSMUSG00000039929,ENSMFAG00000034391
ENSMUSG00000024846,ENSMFAG00000002342
ENSMUSG00000025081,ENSMFAG00000043487
ENSMUSG00000021243,ENSMFAG00000043357
ENSMUSG00000021270,ENSMFAG00000037140
ENSMUSG00000018830,ENSMFAG00000036773
ENSMUSG00000065465,ENSMFAG00000035298
ENSMUSG00000096883,ENSMFAG00000050220
ENSMUSG00000020593,ENSMFAG00000035872
ENSMUSG00000060429,ENSMFAG00000031454
ENSMUSG00000033628,ENSMFAG00000003777
ENSMUSG00000084678,ENSMFAG00000009722
ENSMUSG00000065256,ENSMFAG00000051993
ENSMUSG00000065256,ENSMFAG00000051524
ENSMUSG00000084575,ENSMFAG00000024389
ENSMUSG00000041353,ENSMFAG00000030091
ENSMUSG00000022367,ENSMFAG00000051883
ENSMUSG00000033063,ENSMFAG00000005812
ENSMUSG00000039942,ENSMFAG00000040505
ENSMUSG00000031232,ENSMFAG00000031612
ENSMUSG00000041817,ENSMFAG00000001548
ENSMUSG00000024844,ENSMFAG00000049457
ENSMUSG00000071757,ENSMFAG00000043785
ENSMUSG00000024841,ENSMFAG00000038170
ENSMUSG00000022365,ENSMFAG00000044615
ENSMUSG00000025082,ENSMFAG00000022092
ENSMUSG00000057762,ENSMFAG00000002955
ENSMUSG00000060739,ENSMFAG00000038283
ENSMUSG00000022677,ENSMFAG00000000648
ENSMUSG00000057455,ENSMFAG00000044648
ENSMUSG00000021359,ENSMFAG00000039760
ENSMUSG00000024578,ENSMFAG00000030082
ENSMUSG00000025269,ENSMFAG00000002486
ENSMUSG00000039903,ENSMFAG00000034125
ENSMUSG00000024579,ENSMFAG00000039773
ENSMUSG00000039148,ENSMFAG00000002484
ENSMUSG00000024580,ENSMFAG00000044538
ENSMUSG00000033032,ENSMFAG00000044334
ENSMUSG00000037106,ENSMFAG00000022397
ENSMUSG00000062373,ENSMFAG00000059304
ENSMUSG00000022972,ENSMFAG00000037088
ENSMUSG00000041138,ENSMFAG00000024520
ENSMUSG00000025270,ENSMFAG00000003452
ENSMUSG00000037085,ENSMFAG00000042869
ENSMUSG00000024914,ENSMFAG00000035458
ENSMUSG00000037075,ENSMFAG00000039167
ENSMUSG00000022150,ENSMFAG00000000151
ENSMUSG00000037957,ENSMFAG00000028407
ENSMUSG00000022790,ENSMFAG00000029911
ENSMUSG00000020591,ENSMFAG00000043071
ENSMUSG00000033792,ENSMFAG00000037371
ENSMUSG00000118928,ENSMFAG00000050273
ENSMUSG00000068617,ENSMFAG00000044408
ENSMUSG00000021244,ENSMFAG00000034471
ENSMUSG00000047423,ENSMFAG00000035547
ENSMUSG00000024912,ENSMFAG00000045562
ENSMUSG00000045629,ENSMFAG00000001106
ENSMUSG00000053101,ENSMFAG00000061539
ENSMUSG00000022973,ENSMFAG00000018883
ENSMUSG00000021322,ENSMFAG00000044010
ENSMUSG00000045730,ENSMFAG00000021322
ENSMUSG00000024400,ENSMFAG00000005367
ENSMUSG00000056458,ENSMFAG00000002346
ENSMUSG00000062070,ENSMFAG00000031271
ENSMUSG00000062070,ENSMFAG00000030850
ENSMUSG00000042320,ENSMFAG00000032039
ENSMUSG00002076378,ENSMFAG00000014619
ENSMUSG00000047242,ENSMFAG00000045420
ENSMUSG00000021666,ENSMFAG00000039713
ENSMUSG00000021271,ENSMFAG00000045906
ENSMUSG00000112449,ENSMFAG00000044371
ENSMUSG00000079641,ENSMFAG00000036866
ENSMUSG00000026322,ENSMFAG00000043212
ENSMUSG00000022674,ENSMFAG00000030364
ENSMUSG00000022674,ENSMFAG00000022828
ENSMUSG00000022673,ENSMFAG00000035531
ENSMUSG00000024911,ENSMFAG00000046229
ENSMUSG00000094103,ENSMFAG00000062033
ENSMUSG00000024395,ENSMFAG00000000950
ENSMUSG00000005705,ENSMFAG00000035580
ENSMUSG00000021276,ENSMFAG00000038439
ENSMUSG00000036572,ENSMFAG00000045414
ENSMUSG00000038604,ENSMFAG00000045065
ENSMUSG00000022974,ENSMFAG00000002885
ENSMUSG00000024910,ENSMFAG00000002290
ENSMUSG00000052229,ENSMFAG00000036834
ENSMUSG00000024388,ENSMFAG00000062671
ENSMUSG00000021938,ENSMFAG00000032728
ENSMUSG00000016409,ENSMFAG00000003304
ENSMUSG00000004789,ENSMFAG00000030177
ENSMUSG00000050891,ENSMFAG00000037399
ENSMUSG00000005698,ENSMFAG00000001212
ENSMUSG00000024909,ENSMFAG00000033077
ENSMUSG00000036551,ENSMFAG00000000582
ENSMUSG00000016427,ENSMFAG00000039738
ENSMUSG00000036537,ENSMFAG00000018472
ENSMUSG00000055639,ENSMFAG00000032114
ENSMUSG00000031618,ENSMFAG00000033681
ENSMUSG00000039851,ENSMFAG00000036953
ENSMUSG00000024384,ENSMFAG00000016975
ENSMUSG00000022708,ENSMFAG00000046230
ENSMUSG00000022354,ENSMFAG00000003181
ENSMUSG00000022149,ENSMFAG00000039299
ENSMUSG00000079108,ENSMFAG00000044371
ENSMUSG00000022148,ENSMFAG00000038840
ENSMUSG00000040123,ENSMFAG00000054215
ENSMUSG00000036523,ENSMFAG00000050503
ENSMUSG00000036523,ENSMFAG00000044386
ENSMUSG00000052821,ENSMFAG00000053095
ENSMUSG00000031592,ENSMFAG00000030579
ENSMUSG00000024906,ENSMFAG00000035399
ENSMUSG00000021665,ENSMFAG00000003959
ENSMUSG00000037572,ENSMFAG00000032915
ENSMUSG00000024383,ENSMFAG00000037837
ENSMUSG00000065733,ENSMFAG00000047372
ENSMUSG00000022353,ENSMFAG00000045642
ENSMUSG00000055341,ENSMFAG00000065435
ENSMUSG00000057842,ENSMFAG00000065435
ENSMUSG00000024382,ENSMFAG00000003370
ENSMUSG00000049929,ENSMFAG00000025015
ENSMUSG00000021366,ENSMFAG00000032343
ENSMUSG00000050921,ENSMFAG00000065797
ENSMUSG00000056185,ENSMFAG00000003675
ENSMUSG00000071552,ENSMFAG00000053321
ENSMUSG00000021367,ENSMFAG00000038328
ENSMUSG00000021022,ENSMFAG00000033038
ENSMUSG00000109238,ENSMFAG00000000535
ENSMUSG00000024135,ENSMFAG00000042026
ENSMUSG00000041852,ENSMFAG00000003509
ENSMUSG00000090523,ENSMFAG00000003980
ENSMUSG00000021662,ENSMFAG00000043970
ENSMUSG00000019235,ENSMFAG00000037597
ENSMUSG00000024379,ENSMFAG00000002132
ENSMUSG00000038299,ENSMFAG00000001782
ENSMUSG00000100937,ENSMFAG00000058292
ENSMUSG00000024922,ENSMFAG00000056656
ENSMUSG00000050310,ENSMFAG00000032530
ENSMUSG00000084648,ENSMFAG00000004711
ENSMUSG00000084648,ENSMFAG00000056578
ENSMUSG00000084648,ENSMFAG00000033815
ENSMUSG00000048379,ENSMFAG00000056239
ENSMUSG00000004791,ENSMFAG00000044494
ENSMUSG00000049562,ENSMFAG00000031665
ENSMUSG00000073008,ENSMFAG00000048513
ENSMUSG00000038000,ENSMFAG00000038023
ENSMUSG00000021945,ENSMFAG00000031877
ENSMUSG00000024925,ENSMFAG00000038096
ENSMUSG00000071267,ENSMFAG00000042028
ENSMUSG00000053347,ENSMFAG00000042028
ENSMUSG00000021275,ENSMFAG00000033854
ENSMUSG00000063383,ENSMFAG00000042028
ENSMUSG00000024921,ENSMFAG00000058821
ENSMUSG00000096433,ENSMFAG00000042028
ENSMUSG00000117284,ENSMFAG00000042028
ENSMUSG00000033972,ENSMFAG00000042028
ENSMUSG00000021840,ENSMFAG00000044107
ENSMUSG00000031239,ENSMFAG00000037997
ENSMUSG00000038128,ENSMFAG00000036872
ENSMUSG00000050335,ENSMFAG00000055901
ENSMUSG00000031591,ENSMFAG00000039553
ENSMUSG00000071266,ENSMFAG00000042028
ENSMUSG00002075498,ENSMFAG00000040714
ENSMUSG00000024378,ENSMFAG00000030560
ENSMUSG00000037689,ENSMFAG00000002875
ENSMUSG00000004788,ENSMFAG00000043749
ENSMUSG00000024143,ENSMFAG00000054514
ENSMUSG00000042834,ENSMFAG00000062127
ENSMUSG00000021023,ENSMFAG00000001453
ENSMUSG00000022064,ENSMFAG00000039458
ENSMUSG00000087651,ENSMFAG00000049727
ENSMUSG00000031241,ENSMFAG00000000575
ENSMUSG00000024376,ENSMFAG00000000281
ENSMUSG00000024145,ENSMFAG00000043629
ENSMUSG00000022705,ENSMFAG00000037060
ENSMUSG00000005699,ENSMFAG00000030985
ENSMUSG00000039031,ENSMFAG00000002561
ENSMUSG00000037531,ENSMFAG00000053669
ENSMUSG00000037531,ENSMFAG00000039679
ENSMUSG00000024146,ENSMFAG00000037609
ENSMUSG00000059586,ENSMFAG00000042438
ENSMUSG00000039167,ENSMFAG00000032806
ENSMUSG00000022671,ENSMFAG00000004020
ENSMUSG00000031590,ENSMFAG00000042873
ENSMUSG00000031590,ENSMFAG00000031178
ENSMUSG00002074987,ENSMFAG00000006999
ENSMUSG00000020171,ENSMFAG00000041089
ENSMUSG00000037104,ENSMFAG00000030827
ENSMUSG00000041974,ENSMFAG00000043945
ENSMUSG00000032501,ENSMFAG00000002866
ENSMUSG00000059142,ENSMFAG00000042028
ENSMUSG00000007817,ENSMFAG00000043959
ENSMUSG00000054728,ENSMFAG00000039842
ENSMUSG00000013155,ENSMFAG00000031412
ENSMUSG00000058099,ENSMFAG00000065792
ENSMUSG00000020177,ENSMFAG00000054766
ENSMUSG00000041482,ENSMFAG00000030895
ENSMUSG00000027673,ENSMFAG00000042220
ENSMUSG00002075771,ENSMFAG00000015681
ENSMUSG00000088312,ENSMFAG00000052068
ENSMUSG00000088312,ENSMFAG00000063665
ENSMUSG00000021245,ENSMFAG00000043843
ENSMUSG00000013158,ENSMFAG00000044426
ENSMUSG00000037148,ENSMFAG00000039963
ENSMUSG00000024150,ENSMFAG00000061552
ENSMUSG00000019899,ENSMFAG00000039270
ENSMUSG00000073007,ENSMFAG00000059694
ENSMUSG00000030131,ENSMFAG00000039543
ENSMUSG00000030131,ENSMFAG00000036700
ENSMUSG00000054414,ENSMFAG00000043538
ENSMUSG00000041957,ENSMFAG00000045800
ENSMUSG00000063663,ENSMFAG00000043437
ENSMUSG00000028037,ENSMFAG00000037846
ENSMUSG00000008822,ENSMFAG00000030959
ENSMUSG00000008822,ENSMFAG00000042252
ENSMUSG00000022792,ENSMFAG00000032763
ENSMUSG00000071749,ENSMFAG00000000394
ENSMUSG00000071749,ENSMFAG00000031405
ENSMUSG00000071749,ENSMFAG00000044396
ENSMUSG00000045064,ENSMFAG00000013902
ENSMUSG00000077511,ENSMFAG00000015604
ENSMUSG00000005148,ENSMFAG00000053753
ENSMUSG00000022146,ENSMFAG00000014306
ENSMUSG00000030235,ENSMFAG00000032248
ENSMUSG00000034290,ENSMFAG00000037572
ENSMUSG00000036304,ENSMFAG00000040621
ENSMUSG00000039146,ENSMFAG00000035946
ENSMUSG00000072294,ENSMFAG00000002684
ENSMUSG00000028036,ENSMFAG00000041229
ENSMUSG00000036918,ENSMFAG00000040123
ENSMUSG00000022967,ENSMFAG00000043614
ENSMUSG00000088160,ENSMFAG00000047626
ENSMUSG00000088160,ENSMFAG00000007247
ENSMUSG00000056900,ENSMFAG00000042834
ENSMUSG00000021248,ENSMFAG00000031081
ENSMUSG00000037544,ENSMFAG00000035988
ENSMUSG00000021250,ENSMFAG00000014606
ENSMUSG00000061458,ENSMFAG00000041289
ENSMUSG00000031651,ENSMFAG00000033726
ENSMUSG00000094491,ENSMFAG00000065383
ENSMUSG00000094491,ENSMFAG00000052277
ENSMUSG00000094491,ENSMFAG00000065352
ENSMUSG00000094491,ENSMFAG00000039544
ENSMUSG00000031245,ENSMFAG00000043155
ENSMUSG00000096580,ENSMFAG00000065383
ENSMUSG00000096580,ENSMFAG00000052277
ENSMUSG00000096580,ENSMFAG00000065352
ENSMUSG00000096580,ENSMFAG00000039544
ENSMUSG00000076505,ENSMFAG00000065383
ENSMUSG00000076505,ENSMFAG00000052277
ENSMUSG00000076505,ENSMFAG00000065352
ENSMUSG00000076505,ENSMFAG00000039544
ENSMUSG00000072568,ENSMFAG00000033576
ENSMUSG00000027963,ENSMFAG00000001251
ENSMUSG00000119240,ENSMFAG00000047343
ENSMUSG00000022965,ENSMFAG00000001717
ENSMUSG00000031246,ENSMFAG00000031027
ENSMUSG00000076508,ENSMFAG00000011926
ENSMUSG00000094345,ENSMFAG00000038656
ENSMUSG00000091490,ENSMFAG00000037189
ENSMUSG00000022347,ENSMFAG00000039186
ENSMUSG00000096632,ENSMFAG00000038656
ENSMUSG00000021368,ENSMFAG00000040608
ENSMUSG00000030236,ENSMFAG00000037163
ENSMUSG00000036502,ENSMFAG00000036306
ENSMUSG00000011179,ENSMFAG00000038147
ENSMUSG00000011179,ENSMFAG00000030175
ENSMUSG00000022964,ENSMFAG00000014271
ENSMUSG00000022964,ENSMFAG00000057725
ENSMUSG00000058586,ENSMFAG00000020523
ENSMUSG00000058586,ENSMFAG00000033348
ENSMUSG00000037134,ENSMFAG00000033194
ENSMUSG00000036292,ENSMFAG00000032955
ENSMUSG00000076512,ENSMFAG00000038656
ENSMUSG00000036557,ENSMFAG00000028787
ENSMUSG00000095497,ENSMFAG00000065383
ENSMUSG00000095497,ENSMFAG00000052277
ENSMUSG00000095497,ENSMFAG00000065352
ENSMUSG00000095497,ENSMFAG00000039544
ENSMUSG00000039131,ENSMFAG00000059582
ENSMUSG00000084927,ENSMFAG00000039081
ENSMUSG00000071379,ENSMFAG00000044146
ENSMUSG00000076514,ENSMFAG00000011926
ENSMUSG00000094872,ENSMFAG00000038656
ENSMUSG00000036438,ENSMFAG00000024195
ENSMUSG00000036438,ENSMFAG00000003711
ENSMUSG00000036438,ENSMFAG00000039878
ENSMUSG00002075997,ENSMFAG00000051610
ENSMUSG00002075997,ENSMFAG00000024092
ENSMUSG00002075997,ENSMFAG00000057820
ENSMUSG00002075997,ENSMFAG00000058618
ENSMUSG00002075997,ENSMFAG00000056003
ENSMUSG00002075997,ENSMFAG00000055172
ENSMUSG00002075997,ENSMFAG00000065822
ENSMUSG00002075997,ENSMFAG00000056102
ENSMUSG00000051176,ENSMFAG00000064952
ENSMUSG00000094335,ENSMFAG00000065383
ENSMUSG00000094335,ENSMFAG00000052277
ENSMUSG00000094335,ENSMFAG00000065352
ENSMUSG00000094335,ENSMFAG00000039544
ENSMUSG00000030237,ENSMFAG00000039081
ENSMUSG00000051335,ENSMFAG00000003241
ENSMUSG00000028035,ENSMFAG00000039494
ENSMUSG00000037415,ENSMFAG00000035893
ENSMUSG00000065907,ENSMFAG00000021640
ENSMUSG00000056854,ENSMFAG00000027128
ENSMUSG00000005371,ENSMFAG00000030637
ENSMUSG00000016327,ENSMFAG00000040089
ENSMUSG00000062518,ENSMFAG00000042028
ENSMUSG00000078495,ENSMFAG00000042028
ENSMUSG00000022346,ENSMFAG00000034186
ENSMUSG00000076518,ENSMFAG00000049936
ENSMUSG00000076518,ENSMFAG00000060618
ENSMUSG00000076518,ENSMFAG00000040100
ENSMUSG00000028517,ENSMFAG00000026668
ENSMUSG00000027962,ENSMFAG00000028887
ENSMUSG00000095771,ENSMFAG00000038656
ENSMUSG00000093861,ENSMFAG00000065383
ENSMUSG00000093861,ENSMFAG00000052277
ENSMUSG00000093861,ENSMFAG00000065352
ENSMUSG00000093861,ENSMFAG00000039544
ENSMUSG00000029022,ENSMFAG00000041460
ENSMUSG00000033083,ENSMFAG00000045534
ENSMUSG00000054021,ENSMFAG00000000178
ENSMUSG00000016534,ENSMFAG00000026553
ENSMUSG00000105606,ENSMFAG00000063656
ENSMUSG00000105606,ENSMFAG00000061713
ENSMUSG00000105606,ENSMFAG00000052052
ENSMUSG00000105606,ENSMFAG00000064934
ENSMUSG00000105606,ENSMFAG00000056513
ENSMUSG00000105606,ENSMFAG00000058187
ENSMUSG00000105606,ENSMFAG00000031147
ENSMUSG00000105606,ENSMFAG00000062956
ENSMUSG00000105606,ENSMFAG00000057272
ENSMUSG00000105606,ENSMFAG00000047682
ENSMUSG00000105606,ENSMFAG00000050464
ENSMUSG00000105606,ENSMFAG00000050058
ENSMUSG00000105606,ENSMFAG00000059474
ENSMUSG00000105606,ENSMFAG00000060813
ENSMUSG00000105606,ENSMFAG00000050316
ENSMUSG00000105606,ENSMFAG00000027449
ENSMUSG00000039763,ENSMFAG00000030067
ENSMUSG00000079025,ENSMFAG00000001675
ENSMUSG00000031617,ENSMFAG00000039107
ENSMUSG00000052459,ENSMFAG00000049217
ENSMUSG00000052459,ENSMFAG00000000045
ENSMUSG00000076523,ENSMFAG00000057808
ENSMUSG00000076523,ENSMFAG00000053883
ENSMUSG00000076523,ENSMFAG00000051441
ENSMUSG00000076523,ENSMFAG00000052666
ENSMUSG00000076523,ENSMFAG00000047347
ENSMUSG00000076523,ENSMFAG00000061592
ENSMUSG00000076523,ENSMFAG00000050879
ENSMUSG00000076523,ENSMFAG00000061399
ENSMUSG00000076523,ENSMFAG00000065592
ENSMUSG00000076523,ENSMFAG00000062269
ENSMUSG00000076523,ENSMFAG00000011559
ENSMUSG00000076523,ENSMFAG00000058209
ENSMUSG00000076523,ENSMFAG00000061053
ENSMUSG00000076523,ENSMFAG00000056770
ENSMUSG00000076523,ENSMFAG00000056481
ENSMUSG00000076523,ENSMFAG00000056119
ENSMUSG00000076523,ENSMFAG00000064836
ENSMUSG00000076523,ENSMFAG00000054845
ENSMUSG00000076523,ENSMFAG00000054305
ENSMUSG00000076523,ENSMFAG00000053411
ENSMUSG00000076523,ENSMFAG00000057211
ENSMUSG00000076523,ENSMFAG00000053673
ENSMUSG00000076523,ENSMFAG00000011358
ENSMUSG00000106403,ENSMFAG00000055732
ENSMUSG00000106403,ENSMFAG00000050340
ENSMUSG00000106403,ENSMFAG00000063663
ENSMUSG00000106403,ENSMFAG00000061658
ENSMUSG00000106403,ENSMFAG00000051872
ENSMUSG00000106403,ENSMFAG00000050284
ENSMUSG00000049792,ENSMFAG00000046271
ENSMUSG00000041698,ENSMFAG00000039081
ENSMUSG00000037787,ENSMFAG00000040670
ENSMUSG00000031893,ENSMFAG00000035364
ENSMUSG00000054263,ENSMFAG00000036647
ENSMUSG00000033502,ENSMFAG00000000724
ENSMUSG00000021028,ENSMFAG00000043899
ENSMUSG00000034617,ENSMFAG00000036712
ENSMUSG00000031616,ENSMFAG00000033903
ENSMUSG00002074857,ENSMFAG00000034755
ENSMUSG00000001496,ENSMFAG00000046342
ENSMUSG00000020183,ENSMFAG00000040543
ENSMUSG00000029020,ENSMFAG00000045034
ENSMUSG00000031990,ENSMFAG00000038555
ENSMUSG00000094420,ENSMFAG00000038656
ENSMUSG00000058669,ENSMFAG00000057996
ENSMUSG00000087761,ENSMFAG00000048009
ENSMUSG00000001497,ENSMFAG00000004012
ENSMUSG00000036672,ENSMFAG00000000806
ENSMUSG00000094902,ENSMFAG00000038656
ENSMUSG00000096490,ENSMFAG00000038656
ENSMUSG00000088791,ENSMFAG00000006147
ENSMUSG00000034998,ENSMFAG00000041347
ENSMUSG00000035472,ENSMFAG00000044432
ENSMUSG00000076531,ENSMFAG00000048121
ENSMUSG00000025262,ENSMFAG00000036765
ENSMUSG00000025262,ENSMFAG00000033009
ENSMUSG00000076532,ENSMFAG00000048121
ENSMUSG00000035620,ENSMFAG00000002768
ENSMUSG00000076533,ENSMFAG00000048121
ENSMUSG00000034709,ENSMFAG00000032105
ENSMUSG00000076535,ENSMFAG00000065383
ENSMUSG00000076535,ENSMFAG00000052277
ENSMUSG00000076535,ENSMFAG00000065352
ENSMUSG00000076535,ENSMFAG00000039544
ENSMUSG00000063200,ENSMFAG00000017762
ENSMUSG00000088656,ENSMFAG00000006142
ENSMUSG00000005871,ENSMFAG00000041277
ENSMUSG00000105630,ENSMFAG00000038656
ENSMUSG00000021288,ENSMFAG00000030493
ENSMUSG00000036442,ENSMFAG00000048024
ENSMUSG00000037101,ENSMFAG00000046354
ENSMUSG00000079263,ENSMFAG00000039081
ENSMUSG00000022789,ENSMFAG00000006058
ENSMUSG00000098207,ENSMFAG00000028826
ENSMUSG00000027784,ENSMFAG00000041769
ENSMUSG00000064416,ENSMFAG00000029401
ENSMUSG00000031095,ENSMFAG00000042209
ENSMUSG00000037536,ENSMFAG00000009535
ENSMUSG00000021532,ENSMFAG00000040312
ENSMUSG00000031511,ENSMFAG00000003018
ENSMUSG00000050035,ENSMFAG00000036971
ENSMUSG00000033855,ENSMFAG00000058922
ENSMUSG00000043300,ENSMFAG00000059346
ENSMUSG00000060935,ENSMFAG00000041360
ENSMUSG00000027787,ENSMFAG00000040934
ENSMUSG00000049038,ENSMFAG00000029443
ENSMUSG00000024154,ENSMFAG00000003441
ENSMUSG00000020038,ENSMFAG00000041111
ENSMUSG00000079262,ENSMFAG00000039081
ENSMUSG00000024107,ENSMFAG00000032456
ENSMUSG00000046351,ENSMFAG00000017291
ENSMUSG00000020184,ENSMFAG00000042359
ENSMUSG00000021973,ENSMFAG00000042651
ENSMUSG00000032937,ENSMFAG00000029660
ENSMUSG00000058499,ENSMFAG00000035634
ENSMUSG00000066878,ENSMFAG00000007530
ENSMUSG00000066878,ENSMFAG00000037262
ENSMUSG00000040490,ENSMFAG00000042060
ENSMUSG00000021974,ENSMFAG00000036769
ENSMUSG00000064120,ENSMFAG00000030647
ENSMUSG00000027674,ENSMFAG00000036976
ENSMUSG00000021534,ENSMFAG00000036254
ENSMUSG00000056293,ENSMFAG00000001675
ENSMUSG00000036376,ENSMFAG00000038140
ENSMUSG00000037526,ENSMFAG00000045831
ENSMUSG00000000706,ENSMFAG00000002197
ENSMUSG00000047102,ENSMFAG00000061425
ENSMUSG00000063975,ENSMFAG00000039081
ENSMUSG00000019055,ENSMFAG00000037610
ENSMUSG00000024583,ENSMFAG00000042132
ENSMUSG00000084714,ENSMFAG00000014245
ENSMUSG00000055827,ENSMFAG00000001675
ENSMUSG00000021536,ENSMFAG00000001655
ENSMUSG00000044703,ENSMFAG00000044828
ENSMUSG00000008590,ENSMFAG00000002022
ENSMUSG00000051917,ENSMFAG00000030123
ENSMUSG00000046782,ENSMFAG00000038734
ENSMUSG00000041681,ENSMFAG00000041436
ENSMUSG00000091649,ENSMFAG00000044828
ENSMUSG00000040260,ENSMFAG00000036168
ENSMUSG00000062257,ENSMFAG00000037095
ENSMUSG00000044496,ENSMFAG00000037555
ENSMUSG00000055748,ENSMFAG00000001675
ENSMUSG00000021287,ENSMFAG00000045469
ENSMUSG00000061887,ENSMFAG00000031124
ENSMUSG00000060181,ENSMFAG00000004066
ENSMUSG00000068245,ENSMFAG00000044828
ENSMUSG00000019889,ENSMFAG00000038674
ENSMUSG00000071506,ENSMFAG00000042061
ENSMUSG00000038546,ENSMFAG00000032796
ENSMUSG00000020258,ENSMFAG00000033123
ENSMUSG00000042961,ENSMFAG00000001590
ENSMUSG00000041671,ENSMFAG00000000929
ENSMUSG00000020986,ENSMFAG00000035158
ENSMUSG00000040560,ENSMFAG00000033483
ENSMUSG00000025525,ENSMFAG00000042547
ENSMUSG00000023999,ENSMFAG00000040076
ENSMUSG00000029863,ENSMFAG00000042207
ENSMUSG00000091144,ENSMFAG00000044828
ENSMUSG00000060121,ENSMFAG00000014362
ENSMUSG00000022698,ENSMFAG00000041301
ENSMUSG00000000355,ENSMFAG00000062761
ENSMUSG00000024926,ENSMFAG00000001136
ENSMUSG00000065315,ENSMFAG00000010619
ENSMUSG00002075822,ENSMFAG00000005072
ENSMUSG00000071350,ENSMFAG00000032631
ENSMUSG00000076571,ENSMFAG00000058944
ENSMUSG00000076571,ENSMFAG00000011337
ENSMUSG00000065407,ENSMFAG00000004266
ENSMUSG00000039316,ENSMFAG00000043580
ENSMUSG00000104769,ENSMFAG00000051684
ENSMUSG00000021371,ENSMFAG00000052482
ENSMUSG00000059974,ENSMFAG00000044135
ENSMUSG00000021255,ENSMFAG00000000926
ENSMUSG00000076577,ENSMFAG00000051684
ENSMUSG00000025527,ENSMFAG00000042054
ENSMUSG00000094356,ENSMFAG00000051684
ENSMUSG00000044164,ENSMFAG00000015266
ENSMUSG00000048970,ENSMFAG00000002256
ENSMUSG00000068284,ENSMFAG00000032462
ENSMUSG00000030243,ENSMFAG00000031470
ENSMUSG00000015396,ENSMFAG00000030839
ENSMUSG00000119318,ENSMFAG00000065071
ENSMUSG00000010592,ENSMFAG00000002406
ENSMUSG00000020257,ENSMFAG00000065212
ENSMUSG00000022962,ENSMFAG00000037958
ENSMUSG00000025529,ENSMFAG00000037179
ENSMUSG00000022144,ENSMFAG00000047234
ENSMUSG00000039828,ENSMFAG00000030910
ENSMUSG00000065440,ENSMFAG00000013403
ENSMUSG00000031993,ENSMFAG00000003849
ENSMUSG00000038910,ENSMFAG00000000647
ENSMUSG00000021286,ENSMFAG00000043178
ENSMUSG00000008450,ENSMFAG00000047434
ENSMUSG00000008450,ENSMFAG00000027212
ENSMUSG00000006611,ENSMFAG00000000799
ENSMUSG00000024109,ENSMFAG00000038443
ENSMUSG00000021981,ENSMFAG00000031142
ENSMUSG00000022378,ENSMFAG00000042222
ENSMUSG00000070047,ENSMFAG00000034451
ENSMUSG00000036181,ENSMFAG00000065801
ENSMUSG00000049109,ENSMFAG00000043072
ENSMUSG00000033453,ENSMFAG00000009495
ENSMUSG00000075031,ENSMFAG00000040066
ENSMUSG00000069266,ENSMFAG00000051323
ENSMUSG00000009470,ENSMFAG00000003636
ENSMUSG00000025531,ENSMFAG00000042140
ENSMUSG00000020253,ENSMFAG00000035503
ENSMUSG00000027788,ENSMFAG00000039320
ENSMUSG00000076580,ENSMFAG00000051684
ENSMUSG00000028136,ENSMFAG00000030490
ENSMUSG00000076581,ENSMFAG00000051684
ENSMUSG00000022142,ENSMFAG00000040363
ENSMUSG00000030245,ENSMFAG00000045290
ENSMUSG00000021982,ENSMFAG00000032976
ENSMUSG00000020993,ENSMFAG00000001450
ENSMUSG00000076583,ENSMFAG00000051684
ENSMUSG00000031994,ENSMFAG00000038449
ENSMUSG00000020042,ENSMFAG00000030643
ENSMUSG00000105432,ENSMFAG00000051684
ENSMUSG00000071112,ENSMFAG00000031485
ENSMUSG00000047412,ENSMFAG00000038275
ENSMUSG00000041229,ENSMFAG00000036532
ENSMUSG00000021285,ENSMFAG00000000305
ENSMUSG00000024927,ENSMFAG00000033297
ENSMUSG00000076586,ENSMFAG00000051684
ENSMUSG00000054764,ENSMFAG00000039096
ENSMUSG00000056812,ENSMFAG00000032690
ENSMUSG00000030244,ENSMFAG00000002312
ENSMUSG00000031645,ENSMFAG00000041711
ENSMUSG00000045991,ENSMFAG00000032509
ENSMUSG00000096594,ENSMFAG00000051684
ENSMUSG00000044461,ENSMFAG00000061772
ENSMUSG00000020994,ENSMFAG00000003712
ENSMUSG00000021983,ENSMFAG00000037099
ENSMUSG00000076589,ENSMFAG00000051684
ENSMUSG00000024588,ENSMFAG00000016324
ENSMUSG00000109764,ENSMFAG00000045445
ENSMUSG00000021290,ENSMFAG00000045832
ENSMUSG00000005968,ENSMFAG00000034076
ENSMUSG00000079057,ENSMFAG00000040590
ENSMUSG00000094117,ENSMFAG00000011823
ENSMUSG00000076596,ENSMFAG00000011823
ENSMUSG00000034157,ENSMFAG00000035500
ENSMUSG00000095338,ENSMFAG00000011823
ENSMUSG00000069265,ENSMFAG00000056246
ENSMUSG00000024924,ENSMFAG00000032374
ENSMUSG00000076598,ENSMFAG00000011823
ENSMUSG00000049539,ENSMFAG00000063622
ENSMUSG00000041544,ENSMFAG00000003111
ENSMUSG00000039801,ENSMFAG00000036182
ENSMUSG00000030246,ENSMFAG00000036092
ENSMUSG00000030246,ENSMFAG00000044227
ENSMUSG00000030246,ENSMFAG00000032247
ENSMUSG00000030246,ENSMFAG00000034163
ENSMUSG00000030246,ENSMFAG00000040534
ENSMUSG00000030246,ENSMFAG00000033295
ENSMUSG00000064140,ENSMFAG00000038661
ENSMUSG00000036270,ENSMFAG00000030369
ENSMUSG00000050919,ENSMFAG00000001780
ENSMUSG00000021650,ENSMFAG00000031516
ENSMUSG00000001785,ENSMFAG00000036367
ENSMUSG00000114797,ENSMFAG00000042591
ENSMUSG00000048483,ENSMFAG00000061033
ENSMUSG00000054003,ENSMFAG00000001293
ENSMUSG00000036110,ENSMFAG00000002772
ENSMUSG00000022696,ENSMFAG00000031280
ENSMUSG00000028622,ENSMFAG00000046281
ENSMUSG00000095335,ENSMFAG00000011823
ENSMUSG00000029862,ENSMFAG00000038692
ENSMUSG00000027790,ENSMFAG00000039069
ENSMUSG00000024587,ENSMFAG00000032255
ENSMUSG00000022141,ENSMFAG00000041940
ENSMUSG00000052681,ENSMFAG00000046085
ENSMUSG00000052681,ENSMFAG00000016864
ENSMUSG00000031995,ENSMFAG00000033072
ENSMUSG00000041632,ENSMFAG00000030039
ENSMUSG00000026312,ENSMFAG00000032853
ENSMUSG00000047719,ENSMFAG00000001791
ENSMUSG00000064648,ENSMFAG00000005832
ENSMUSG00000064648,ENSMFAG00000027883
ENSMUSG00000028621,ENSMFAG00000041747
ENSMUSG00000038916,ENSMFAG00000043575
ENSMUSG00000023277,ENSMFAG00000030787
ENSMUSG00000052727,ENSMFAG00000044363
ENSMUSG00000036955,ENSMFAG00000044367
ENSMUSG00000021647,ENSMFAG00000035639
ENSMUSG00000039748,ENSMFAG00000023098
ENSMUSG00000091402,ENSMFAG00000035352
ENSMUSG00000046182,ENSMFAG00000034217
ENSMUSG00000038518,ENSMFAG00000036879
ENSMUSG00000048304,ENSMFAG00000030149
ENSMUSG00000040818,ENSMFAG00000035828
ENSMUSG00000037686,ENSMFAG00000032841
ENSMUSG00000047636,ENSMFAG00000030597
ENSMUSG00000027792,ENSMFAG00000031933
ENSMUSG00000016763,ENSMFAG00000026094
ENSMUSG00000039257,ENSMFAG00000048636
ENSMUSG00000028991,ENSMFAG00000039920
ENSMUSG00000034151,ENSMFAG00000042164
ENSMUSG00000044287,ENSMFAG00000049916
ENSMUSG00000023923,ENSMFAG00000002555
ENSMUSG00000043065,ENSMFAG00000029407
ENSMUSG00000048310,ENSMFAG00000034697
ENSMUSG00000091692,ENSMFAG00000033227
ENSMUSG00000065574,ENSMFAG00000006737
ENSMUSG00000031896,ENSMFAG00000041954
ENSMUSG00000052593,ENSMFAG00000039177
ENSMUSG00000048312,ENSMFAG00000033227
ENSMUSG00000104158,ENSMFAG00000060731
ENSMUSG00000045322,ENSMFAG00000036170
ENSMUSG00000057363,ENSMFAG00000001172
ENSMUSG00000004360,ENSMFAG00000045872
ENSMUSG00000032786,ENSMFAG00000034496
ENSMUSG00000072259,ENSMFAG00000033227
ENSMUSG00000070044,ENSMFAG00000046381
ENSMUSG00000020075,ENSMFAG00000044838
ENSMUSG00000071550,ENSMFAG00000033023
ENSMUSG00000035529,ENSMFAG00000041862
ENSMUSG00000096715,ENSMFAG00000011823
ENSMUSG00000030247,ENSMFAG00000034423
ENSMUSG00000104301,ENSMFAG00000043934
ENSMUSG00000037541,ENSMFAG00000031467
ENSMUSG00000094478,ENSMFAG00000011823
ENSMUSG00000095351,ENSMFAG00000011823
ENSMUSG00000095682,ENSMFAG00000011823
ENSMUSG00000040929,ENSMFAG00000000237
ENSMUSG00000027835,ENSMFAG00000045071
ENSMUSG00000027835,ENSMFAG00000007500
ENSMUSG00000020739,ENSMFAG00000041786
ENSMUSG00000039529,ENSMFAG00000036154
ENSMUSG00000047216,ENSMFAG00000009175
ENSMUSG00000022961,ENSMFAG00000034427
ENSMUSG00000028989,ENSMFAG00000046176
ENSMUSG00000031897,ENSMFAG00000036794
ENSMUSG00000088625,ENSMFAG00000019774
ENSMUSG00000028619,ENSMFAG00000032500
ENSMUSG00000038702,ENSMFAG00000036044
ENSMUSG00000033386,ENSMFAG00000036089
ENSMUSG00000088691,ENSMFAG00000021483
ENSMUSG00000020076,ENSMFAG00000044067
ENSMUSG00000024256,ENSMFAG00000050015
ENSMUSG00000035237,ENSMFAG00000002764
ENSMUSG00000001986,ENSMFAG00000011695
ENSMUSG00000055214,ENSMFAG00000038798
ENSMUSG00000005360,ENSMFAG00000024693
ENSMUSG00000071064,ENSMFAG00000038497
ENSMUSG00000050010,ENSMFAG00000030992
ENSMUSG00000021646,ENSMFAG00000001283
ENSMUSG00000029861,ENSMFAG00000039319
ENSMUSG00000035187,ENSMFAG00000055735
ENSMUSG00000119213,ENSMFAG00000015571
ENSMUSG00000037815,ENSMFAG00000041124
ENSMUSG00000037815,ENSMFAG00000047568
ENSMUSG00000055660,ENSMFAG00000046183
ENSMUSG00000001783,ENSMFAG00000034419
ENSMUSG00000029330,ENSMFAG00000002059
ENSMUSG00000000751,ENSMFAG00000036138
ENSMUSG00000028618,ENSMFAG00000033134
ENSMUSG00000041708,ENSMFAG00000033422
ENSMUSG00000065658,ENSMFAG00000058782
ENSMUSG00000065658,ENSMFAG00000013451
ENSMUSG00000065658,ENSMFAG00000008279
ENSMUSG00000023927,ENSMFAG00000042093
ENSMUSG00000019883,ENSMFAG00000029749
ENSMUSG00000033377,ENSMFAG00000001331
ENSMUSG00000078184,ENSMFAG00000045376
ENSMUSG00000036083,ENSMFAG00000045154
ENSMUSG00000021987,ENSMFAG00000032748
ENSMUSG00000038582,ENSMFAG00000047601
ENSMUSG00000062444,ENSMFAG00000002685
ENSMUSG00000031682,ENSMFAG00000062382
ENSMUSG00000027677,ENSMFAG00000046249
ENSMUSG00000021986,ENSMFAG00000021323
ENSMUSG00000037022,ENSMFAG00000032212
ENSMUSG00000071862,ENSMFAG00000039611
ENSMUSG00000021990,ENSMFAG00000033090
ENSMUSG00000061024,ENSMFAG00000042747
ENSMUSG00000040274,ENSMFAG00000002529
ENSMUSG00000031639,ENSMFAG00000046274
ENSMUSG00000025911,ENSMFAG00000030923
ENSMUSG00000024357,ENSMFAG00000035604
ENSMUSG00000022687,ENSMFAG00000031000
ENSMUSG00000036923,ENSMFAG00000033672
ENSMUSG00000022441,ENSMFAG00000036892
ENSMUSG00000070877,ENSMFAG00000042062
ENSMUSG00000028617,ENSMFAG00000032747
ENSMUSG00000018809,ENSMFAG00000032240
ENSMUSG00000038569,ENSMFAG00000042879
ENSMUSG00000050108,ENSMFAG00000025303
ENSMUSG00000025085,ENSMFAG00000046222
ENSMUSG00000025592,ENSMFAG00000004743
ENSMUSG00000034525,ENSMFAG00000037172
ENSMUSG00000060275,ENSMFAG00000036960
ENSMUSG00000038876,ENSMFAG00000041368
ENSMUSG00000023345,ENSMFAG00000001970
ENSMUSG00000020740,ENSMFAG00000000928
ENSMUSG00000017264,ENSMFAG00000038874
ENSMUSG00000029462,ENSMFAG00000002612
ENSMUSG00000022788,ENSMFAG00000032033
ENSMUSG00000034145,ENSMFAG00000003447
ENSMUSG00000031681,ENSMFAG00000037774
ENSMUSG00000021335,ENSMFAG00000037547
ENSMUSG00000071347,ENSMFAG00000002446
ENSMUSG00000071347,ENSMFAG00000039133
ENSMUSG00000022122,ENSMFAG00000001921
ENSMUSG00000119317,ENSMFAG00000051576
ENSMUSG00000029860,ENSMFAG00000044249
ENSMUSG00000001786,ENSMFAG00000037085
ENSMUSG00000046727,ENSMFAG00000030823
ENSMUSG00000017765,ENSMFAG00000038855
ENSMUSG00000048349,ENSMFAG00000064810
ENSMUSG00000018865,ENSMFAG00000037741
ENSMUSG00000022120,ENSMFAG00000034310
ENSMUSG00000057335,ENSMFAG00000002285
ENSMUSG00000024346,ENSMFAG00000044428
ENSMUSG00000029463,ENSMFAG00000033950
ENSMUSG00000035580,ENSMFAG00000035903
ENSMUSG00000037475,ENSMFAG00000042215
ENSMUSG00000077265,ENSMFAG00000006391
ENSMUSG00000019880,ENSMFAG00000031116
ENSMUSG00000024589,ENSMFAG00000032021
ENSMUSG00000021993,ENSMFAG00000002942
ENSMUSG00000029464,ENSMFAG00000003083
ENSMUSG00000023931,ENSMFAG00000027825
ENSMUSG00000018868,ENSMFAG00000036380
ENSMUSG00000021336,ENSMFAG00000036410
ENSMUSG00000046756,ENSMFAG00000042971
ENSMUSG00000031996,ENSMFAG00000040269
ENSMUSG00000075266,ENSMFAG00000002060
ENSMUSG00000076609,ENSMFAG00000030705
ENSMUSG00000017831,ENSMFAG00000018867
ENSMUSG00000017831,ENSMFAG00000002326
ENSMUSG00000059602,ENSMFAG00000032224
ENSMUSG00000000753,ENSMFAG00000044409
ENSMUSG00000053604,ENSMFAG00000030952
ENSMUSG00000044957,ENSMFAG00000036979
ENSMUSG00000000708,ENSMFAG00000035980
ENSMUSG00000041653,ENSMFAG00000036392
ENSMUSG00000050799,ENSMFAG00000051470
ENSMUSG00000000131,ENSMFAG00000045067
ENSMUSG00000049658,ENSMFAG00000041440
ENSMUSG00000060548,ENSMFAG00000008116
ENSMUSG00000029465,ENSMFAG00000041561
ENSMUSG00000030079,ENSMFAG00000003301
ENSMUSG00000022437,ENSMFAG00000037322
ENSMUSG00000020044,ENSMFAG00000061913
ENSMUSG00000020212,ENSMFAG00000044312
ENSMUSG00000022438,ENSMFAG00000033736
ENSMUSG00000063172,ENSMFAG00000000391
ENSMUSG00000021032,ENSMFAG00000061162
ENSMUSG00000029859,ENSMFAG00000035468
ENSMUSG00000022439,ENSMFAG00000031242
ENSMUSG00000076432,ENSMFAG00000039510
ENSMUSG00000025860,ENSMFAG00000036172
ENSMUSG00000023940,ENSMFAG00000000824
ENSMUSG00000036990,ENSMFAG00000045984
ENSMUSG00000034785,ENSMFAG00000034074
ENSMUSG00000048279,ENSMFAG00000003244
ENSMUSG00000062760,ENSMFAG00000041410
ENSMUSG00000031668,ENSMFAG00000031720
ENSMUSG00000023122,ENSMFAG00000021588
ENSMUSG00000037685,ENSMFAG00000038620
ENSMUSG00000025597,ENSMFAG00000039559
ENSMUSG00000025912,ENSMFAG00000043365
ENSMUSG00000023943,ENSMFAG00000039825
ENSMUSG00000039676,ENSMFAG00000002782
ENSMUSG00000023945,ENSMFAG00000037536
ENSMUSG00000034126,ENSMFAG00000043819
ENSMUSG00000003882,ENSMFAG00000040996
ENSMUSG00000038175,ENSMFAG00000033425
ENSMUSG00000031898,ENSMFAG00000037108
ENSMUSG00000030147,ENSMFAG00000031601
ENSMUSG00000038224,ENSMFAG00000038758
ENSMUSG00000053687,ENSMFAG00000000644
ENSMUSG00000035296,ENSMFAG00000036886
ENSMUSG00000022435,ENSMFAG00000038134
ENSMUSG00000028243,ENSMFAG00000014095
ENSMUSG00000056203,ENSMFAG00000001115
ENSMUSG00000051896,ENSMFAG00000041796
ENSMUSG00000022434,ENSMFAG00000032639
ENSMUSG00000024174,ENSMFAG00000001359
ENSMUSG00000048284,ENSMFAG00000057331
ENSMUSG00000028034,ENSMFAG00000031825
ENSMUSG00000055874,ENSMFAG00000042368
ENSMUSG00000049538,ENSMFAG00000000579
ENSMUSG00000068574,ENSMFAG00000064063
ENSMUSG00000078686,ENSMFAG00000059458
ENSMUSG00000077369,ENSMFAG00000030562
ENSMUSG00000058355,ENSMFAG00000038310
ENSMUSG00000043157,ENSMFAG00000051612
ENSMUSG00002076102,ENSMFAG00000010104
ENSMUSG00000091983,ENSMFAG00000064063
ENSMUSG00000021928,ENSMFAG00000042629
ENSMUSG00000030082,ENSMFAG00000043634
ENSMUSG00000038663,ENSMFAG00000041651
ENSMUSG00002075443,ENSMFAG00000010838
ENSMUSG00002075443,ENSMFAG00000058792
ENSMUSG00002075443,ENSMFAG00000004790
ENSMUSG00000021895,ENSMFAG00000029926
ENSMUSG00000039542,ENSMFAG00000044864
ENSMUSG00000078683,ENSMFAG00000059458
ENSMUSG00000072663,ENSMFAG00000036146
ENSMUSG00000072995,ENSMFAG00000044441
ENSMUSG00000045210,ENSMFAG00000031366
ENSMUSG00000036473,ENSMFAG00000041890
ENSMUSG00000048101,ENSMFAG00000058125
ENSMUSG00000048101,ENSMFAG00000057232
ENSMUSG00000036208,ENSMFAG00000000372
ENSMUSG00000100194,ENSMFAG00000036400
ENSMUSG00000036977,ENSMFAG00000001142
ENSMUSG00000100133,ENSMFAG00000036400
ENSMUSG00000021929,ENSMFAG00000043025
ENSMUSG00000078680,ENSMFAG00000059458
ENSMUSG00000041763,ENSMFAG00000043518
ENSMUSG00000020744,ENSMFAG00000030383
ENSMUSG00000064325,ENSMFAG00000040378
ENSMUSG00000020074,ENSMFAG00000035410
ENSMUSG00000090631,ENSMFAG00000064063
ENSMUSG00000073834,ENSMFAG00000059458
ENSMUSG00000022119,ENSMFAG00000044633
ENSMUSG00000074272,ENSMFAG00000048741
ENSMUSG00000074272,ENSMFAG00000040142
ENSMUSG00000022783,ENSMFAG00000001145
ENSMUSG00002075736,ENSMFAG00000006442
ENSMUSG00000025862,ENSMFAG00000030658
ENSMUSG00000033182,ENSMFAG00000007505
ENSMUSG00000094793,ENSMFAG00000059458
ENSMUSG00000021337,ENSMFAG00000000166
ENSMUSG00000021033,ENSMFAG00000036081
ENSMUSG00000051839,ENSMFAG00000003962
ENSMUSG00000110439,ENSMFAG00000059458
ENSMUSG00000089873,ENSMFAG00000059458
ENSMUSG00000054474,ENSMFAG00000012127
ENSMUSG00000119677,ENSMFAG00000008049
ENSMUSG00000059305,ENSMFAG00000002578
ENSMUSG00000032068,ENSMFAG00000044792
ENSMUSG00000073830,ENSMFAG00000059458
ENSMUSG00000115067,ENSMFAG00000000644
ENSMUSG00000045374,ENSMFAG00000038622
ENSMUSG00000022668,ENSMFAG00000045745
ENSMUSG00000021643,ENSMFAG00000048215
ENSMUSG00000042496,ENSMFAG00000031008
ENSMUSG00000096674,ENSMFAG00000059458
ENSMUSG00000000253,ENSMFAG00000036837
ENSMUSG00000030148,ENSMFAG00000031601
ENSMUSG00000078675,ENSMFAG00000059458
ENSMUSG00000034111,ENSMFAG00000065637
ENSMUSG00000022667,ENSMFAG00000038452
ENSMUSG00000022667,ENSMFAG00000002937
ENSMUSG00000096688,ENSMFAG00000059458
ENSMUSG00000090812,ENSMFAG00000037857
ENSMUSG00000060969,ENSMFAG00000001989
ENSMUSG00000041272,ENSMFAG00000017703
ENSMUSG00000072919,ENSMFAG00000045091
ENSMUSG00000021645,ENSMFAG00000031523
ENSMUSG00000021645,ENSMFAG00000008812
ENSMUSG00000032067,ENSMFAG00000035549
ENSMUSG00000042353,ENSMFAG00000038207
ENSMUSG00000029851,ENSMFAG00000038110
ENSMUSG00000074695,ENSMFAG00000037736
ENSMUSG00000031901,ENSMFAG00000046270
ENSMUSG00000065529,ENSMFAG00000008488
ENSMUSG00000022432,ENSMFAG00000034275
ENSMUSG00000059923,ENSMFAG00000000037
ENSMUSG00000059669,ENSMFAG00000041401
ENSMUSG00000112216,ENSMFAG00000000812
ENSMUSG00000080469,ENSMFAG00000063075
ENSMUSG00000112252,ENSMFAG00000000812
ENSMUSG00000019792,ENSMFAG00000039916
ENSMUSG00000054422,ENSMFAG00000032378
ENSMUSG00000066151,ENSMFAG00000029994
ENSMUSG00000022960,ENSMFAG00000048383
ENSMUSG00000022960,ENSMFAG00000028965
ENSMUSG00000067767,ENSMFAG00000031601
ENSMUSG00000001504,ENSMFAG00000064595
ENSMUSG00000032066,ENSMFAG00000037360
ENSMUSG00000036667,ENSMFAG00000041977
ENSMUSG00000021604,ENSMFAG00000044841
ENSMUSG00000115768,ENSMFAG00000061219
ENSMUSG00000045538,ENSMFAG00000032978
ENSMUSG00000039217,ENSMFAG00000040966
ENSMUSG00000022431,ENSMFAG00000009562
ENSMUSG00000031902,ENSMFAG00000043795
ENSMUSG00000063529,ENSMFAG00000039098
ENSMUSG00000038132,ENSMFAG00000034396
ENSMUSG00000022377,ENSMFAG00000044993
ENSMUSG00000032065,ENSMFAG00000002760
ENSMUSG00000020656,ENSMFAG00000032356
ENSMUSG00000021606,ENSMFAG00000032708
ENSMUSG00000000171,ENSMFAG00000050934
ENSMUSG00000000171,ENSMFAG00000043016
ENSMUSG00000090461,ENSMFAG00000037736
ENSMUSG00000056342,ENSMFAG00000043581
ENSMUSG00000029466,ENSMFAG00000030528
ENSMUSG00000039016,ENSMFAG00000051190
ENSMUSG00000112814,ENSMFAG00000000812
ENSMUSG00000112419,ENSMFAG00000000812
ENSMUSG00000112027,ENSMFAG00000000812
ENSMUSG00000112781,ENSMFAG00000000812
ENSMUSG00000112495,ENSMFAG00000000812
ENSMUSG00000112919,ENSMFAG00000000812
ENSMUSG00000042185,ENSMFAG00000033711
ENSMUSG00000031078,ENSMFAG00000022887
ENSMUSG00000055170,ENSMFAG00000053200
ENSMUSG00000021607,ENSMFAG00000049680
ENSMUSG00000021373,ENSMFAG00000041795
ENSMUSG00000019791,ENSMFAG00000040969
ENSMUSG00000040651,ENSMFAG00000002108
ENSMUSG00000095831,ENSMFAG00000057425
ENSMUSG00000023349,ENSMFAG00000063094
ENSMUSG00000024118,ENSMFAG00000034669
ENSMUSG00000062082,ENSMFAG00000038452
ENSMUSG00000062082,ENSMFAG00000002937
ENSMUSG00000047146,ENSMFAG00000044392
ENSMUSG00000069237,ENSMFAG00000047739
ENSMUSG00000020653,ENSMFAG00000039490
ENSMUSG00002076384,ENSMFAG00000054153
ENSMUSG00002076384,ENSMFAG00000057446
ENSMUSG00002076384,ENSMFAG00000053991
ENSMUSG00002076384,ENSMFAG00000057264
ENSMUSG00002076384,ENSMFAG00000049625
ENSMUSG00002076384,ENSMFAG00000053493
ENSMUSG00002076384,ENSMFAG00000049223
ENSMUSG00002076384,ENSMFAG00000051935
ENSMUSG00002076384,ENSMFAG00000059118
ENSMUSG00002076384,ENSMFAG00000065457
ENSMUSG00002076384,ENSMFAG00000050158
ENSMUSG00002076384,ENSMFAG00000051070
ENSMUSG00002076384,ENSMFAG00000052550
ENSMUSG00002076384,ENSMFAG00000052958
ENSMUSG00002076384,ENSMFAG00000054989
ENSMUSG00002076384,ENSMFAG00000054533
ENSMUSG00002076384,ENSMFAG00000054195
ENSMUSG00002076384,ENSMFAG00000052514
ENSMUSG00002076384,ENSMFAG00000051186
ENSMUSG00002076384,ENSMFAG00000060984
ENSMUSG00002076384,ENSMFAG00000055372
ENSMUSG00002076384,ENSMFAG00000055397
ENSMUSG00002076384,ENSMFAG00000054043
ENSMUSG00002076384,ENSMFAG00000048918
ENSMUSG00002076384,ENSMFAG00000061312
ENSMUSG00002076384,ENSMFAG00000054682
ENSMUSG00002076384,ENSMFAG00000052919
ENSMUSG00002076384,ENSMFAG00000063332
ENSMUSG00002076384,ENSMFAG00000058940
ENSMUSG00002076384,ENSMFAG00000063774
ENSMUSG00002076384,ENSMFAG00000062164
ENSMUSG00002076384,ENSMFAG00000065208
ENSMUSG00002076384,ENSMFAG00000053835
ENSMUSG00002076384,ENSMFAG00000064710
ENSMUSG00002076384,ENSMFAG00000047778
ENSMUSG00002076384,ENSMFAG00000060777
ENSMUSG00002076384,ENSMFAG00000057142
ENSMUSG00002076384,ENSMFAG00000056506
ENSMUSG00002076384,ENSMFAG00000048951
ENSMUSG00002076384,ENSMFAG00000064718
ENSMUSG00002076384,ENSMFAG00000057710
ENSMUSG00002076384,ENSMFAG00000058161
ENSMUSG00002076384,ENSMFAG00000054959
ENSMUSG00002076384,ENSMFAG00000060270
ENSMUSG00002076384,ENSMFAG00000056682
ENSMUSG00002076384,ENSMFAG00000058780
ENSMUSG00002076384,ENSMFAG00000060362
ENSMUSG00000038250,ENSMFAG00000031506
ENSMUSG00000043940,ENSMFAG00000036405
ENSMUSG00000090176,ENSMFAG00000038452
ENSMUSG00000090176,ENSMFAG00000002937
ENSMUSG00000021038,ENSMFAG00000004659
ENSMUSG00000046753,ENSMFAG00000045400
ENSMUSG00000072082,ENSMFAG00000039462
ENSMUSG00000022779,ENSMFAG00000036588
ENSMUSG00000084569,ENSMFAG00000033538
ENSMUSG00000028630,ENSMFAG00000032759
ENSMUSG00000084128,ENSMFAG00000002813
ENSMUSG00000071253,ENSMFAG00000059947
ENSMUSG00000041737,ENSMFAG00000036201
ENSMUSG00000077772,ENSMFAG00000011688
ENSMUSG00000077772,ENSMFAG00000058844
ENSMUSG00000077772,ENSMFAG00000057178
ENSMUSG00000077772,ENSMFAG00000062055
ENSMUSG00000077772,ENSMFAG00000011843
ENSMUSG00000045795,ENSMFAG00000001026
ENSMUSG00000030144,ENSMFAG00000041454
ENSMUSG00000032033,ENSMFAG00000037907
ENSMUSG00002076276,ENSMFAG00000064812
ENSMUSG00000022114,ENSMFAG00000038994
ENSMUSG00000045708,ENSMFAG00000060020
ENSMUSG00000026504,ENSMFAG00000045247
ENSMUSG00000059820,ENSMFAG00000044738
ENSMUSG00000073111,ENSMFAG00000060754
ENSMUSG00000020114,ENSMFAG00000044406
ENSMUSG00000031903,ENSMFAG00000040172
ENSMUSG00000065193,ENSMFAG00000005420
ENSMUSG00002076417,ENSMFAG00000047677
ENSMUSG00000073110,ENSMFAG00000060315
ENSMUSG00000076500,ENSMFAG00000049936
ENSMUSG00000076500,ENSMFAG00000060618
ENSMUSG00000076500,ENSMFAG00000040100
ENSMUSG00000105993,ENSMFAG00000050285
ENSMUSG00000105993,ENSMFAG00000053656
ENSMUSG00000005696,ENSMFAG00000057383
ENSMUSG00000094669,ENSMFAG00000060315
ENSMUSG00000077191,ENSMFAG00000021219
ENSMUSG00000075478,ENSMFAG00000000028
ENSMUSG00000089375,ENSMFAG00000011158
ENSMUSG00000030742,ENSMFAG00000034107
ENSMUSG00000094200,ENSMFAG00000060315
ENSMUSG00000030142,ENSMFAG00000044330
ENSMUSG00002076349,ENSMFAG00000004263
ENSMUSG00000031904,ENSMFAG00000038675
ENSMUSG00000119581,ENSMFAG00000048734
ENSMUSG00000045871,ENSMFAG00000040915
ENSMUSG00000021932,ENSMFAG00000038464
ENSMUSG00000000167,ENSMFAG00000014227
ENSMUSG00000025261,ENSMFAG00000036347
ENSMUSG00000036875,ENSMFAG00000036094
ENSMUSG00000033214,ENSMFAG00000040496
ENSMUSG00000074088,ENSMFAG00000031418
ENSMUSG00000071481,ENSMFAG00000029291
ENSMUSG00000054385,ENSMFAG00000048741
ENSMUSG00000054385,ENSMFAG00000040142
ENSMUSG00000088995,ENSMFAG00000005583
ENSMUSG00000043605,ENSMFAG00000065719
ENSMUSG00000058126,ENSMFAG00000034161
ENSMUSG00000058126,ENSMFAG00000048906
ENSMUSG00000058126,ENSMFAG00000001356
ENSMUSG00000033106,ENSMFAG00000041312
ENSMUSG00000048693,ENSMFAG00000050427
ENSMUSG00000048693,ENSMFAG00000059684
ENSMUSG00000021338,ENSMFAG00000040204
ENSMUSG00000078532,ENSMFAG00000036574
ENSMUSG00002076961,ENSMFAG00000040714
ENSMUSG00000065508,ENSMFAG00000008551
ENSMUSG00000065403,ENSMFAG00000018397
ENSMUSG00000065416,ENSMFAG00000007696
ENSMUSG00000060098,ENSMFAG00000000563
ENSMUSG00000000168,ENSMFAG00000039105
ENSMUSG00000059411,ENSMFAG00000050427
ENSMUSG00000059411,ENSMFAG00000059684
ENSMUSG00000028358,ENSMFAG00000000894
ENSMUSG00000033174,ENSMFAG00000033079
ENSMUSG00000037649,ENSMFAG00000042109
ENSMUSG00000021037,ENSMFAG00000039530
ENSMUSG00000047343,ENSMFAG00000056668
ENSMUSG00000026483,ENSMFAG00000035390
ENSMUSG00000032344,ENSMFAG00000046319
ENSMUSG00000028356,ENSMFAG00000041195
ENSMUSG00000024130,ENSMFAG00000033360
ENSMUSG00000102252,ENSMFAG00000042235
ENSMUSG00000035459,ENSMFAG00000034494
ENSMUSG00000031906,ENSMFAG00000002454
ENSMUSG00000020747,ENSMFAG00000003142
ENSMUSG00000041444,ENSMFAG00000039342
ENSMUSG00000050671,ENSMFAG00000039426
ENSMUSG00000100486,ENSMFAG00000018059
ENSMUSG00000037940,ENSMFAG00000004754
ENSMUSG00000035184,ENSMFAG00000030099
ENSMUSG00000028357,ENSMFAG00000037359
ENSMUSG00000020649,ENSMFAG00000040783
ENSMUSG00000022112,ENSMFAG00000035829
ENSMUSG00000036172,ENSMFAG00000038452
ENSMUSG00000036172,ENSMFAG00000002937
ENSMUSG00000102627,ENSMFAG00000051999
ENSMUSG00000074261,ENSMFAG00000054258
ENSMUSG00000091155,ENSMFAG00000030949
ENSMUSG00000057229,ENSMFAG00000002485
ENSMUSG00000020646,ENSMFAG00000003741
ENSMUSG00000035161,ENSMFAG00000002101
ENSMUSG00000019699,ENSMFAG00000033261
ENSMUSG00000059479,ENSMFAG00000026005
ENSMUSG00000025813,ENSMFAG00000044641
ENSMUSG00000028580,ENSMFAG00000010291
ENSMUSG00000021374,ENSMFAG00000045732
ENSMUSG00000044667,ENSMFAG00000045185
ENSMUSG00000040640,ENSMFAG00000043152
ENSMUSG00000037653,ENSMFAG00000049846
ENSMUSG00000119086,ENSMFAG00000048990
ENSMUSG00000061210,ENSMFAG00000050427
ENSMUSG00000061210,ENSMFAG00000059684
ENSMUSG00000032342,ENSMFAG00000042481
ENSMUSG00000057315,ENSMFAG00000032831
ENSMUSG00000016252,ENSMFAG00000049506
ENSMUSG00000027676,ENSMFAG00000002267
ENSMUSG00000063659,ENSMFAG00000051027
ENSMUSG00000080713,ENSMFAG00000059721
ENSMUSG00000021000,ENSMFAG00000032095
ENSMUSG00000021000,ENSMFAG00000043624
ENSMUSG00000021000,ENSMFAG00000051549
ENSMUSG00000021000,ENSMFAG00000037283
ENSMUSG00000021000,ENSMFAG00000060498
ENSMUSG00000021000,ENSMFAG00000034889
ENSMUSG00000021000,ENSMFAG00000041741
ENSMUSG00000021000,ENSMFAG00000039934
ENSMUSG00000021000,ENSMFAG00000009700
ENSMUSG00000021000,ENSMFAG00000063367
ENSMUSG00000021000,ENSMFAG00000045220
ENSMUSG00000020850,ENSMFAG00000039995
ENSMUSG00000033542,ENSMFAG00000043922
ENSMUSG00000083855,ENSMFAG00000059721
ENSMUSG00000032852,ENSMFAG00000034095
ENSMUSG00000032034,ENSMFAG00000041999
ENSMUSG00000021375,ENSMFAG00000032997
ENSMUSG00000052942,ENSMFAG00000030908
ENSMUSG00000060376,ENSMFAG00000041490
ENSMUSG00000041248,ENSMFAG00000044793
ENSMUSG00000027304,ENSMFAG00000039115
ENSMUSG00000026181,ENSMFAG00000000642
ENSMUSG00000034098,ENSMFAG00000044416
ENSMUSG00000038646,ENSMFAG00000039932
ENSMUSG00000058240,ENSMFAG00000046076
ENSMUSG00000039697,ENSMFAG00000044102
ENSMUSG00000031712,ENSMFAG00000043515
ENSMUSG00000037519,ENSMFAG00000032570
ENSMUSG00000075128,ENSMFAG00000059721
ENSMUSG00000016087,ENSMFAG00000040184
ENSMUSG00000000394,ENSMFAG00000041524
ENSMUSG00000118804,ENSMFAG00000064420
ENSMUSG00000037548,ENSMFAG00000004018
ENSMUSG00000029736,ENSMFAG00000045293
ENSMUSG00000016257,ENSMFAG00000039743
ENSMUSG00000031711,ENSMFAG00000030809
ENSMUSG00000033342,ENSMFAG00000040875
ENSMUSG00000030083,ENSMFAG00000033156
ENSMUSG00000049624,ENSMFAG00000044818
ENSMUSG00000054843,ENSMFAG00000003582
ENSMUSG00000064558,ENSMFAG00000027888
ENSMUSG00000016756,ENSMFAG00000035592
ENSMUSG00000027296,ENSMFAG00000039864
ENSMUSG00000079547,ENSMFAG00000004018
ENSMUSG00000014873,ENSMFAG00000031802
ENSMUSG00000043019,ENSMFAG00000032349
ENSMUSG00000047747,ENSMFAG00000041541
ENSMUSG00000046186,ENSMFAG00000044576
ENSMUSG00000028007,ENSMFAG00000028542
ENSMUSG00000034681,ENSMFAG00000044121
ENSMUSG00000034681,ENSMFAG00000042142
ENSMUSG00000031709,ENSMFAG00000046063
ENSMUSG00000030741,ENSMFAG00000001593
ENSMUSG00000050600,ENSMFAG00000040583
ENSMUSG00000058571,ENSMFAG00000044647
ENSMUSG00000014867,ENSMFAG00000045368
ENSMUSG00000025089,ENSMFAG00000001953
ENSMUSG00000014547,ENSMFAG00000042459
ENSMUSG00000029735,ENSMFAG00000035720
ENSMUSG00000033308,ENSMFAG00000033409
ENSMUSG00000075574,ENSMFAG00000057300
ENSMUSG00000075574,ENSMFAG00000056170
ENSMUSG00000075574,ENSMFAG00000058286
ENSMUSG00000075574,ENSMFAG00000050301
ENSMUSG00000075574,ENSMFAG00000063826
ENSMUSG00000075574,ENSMFAG00000048609
ENSMUSG00000050530,ENSMFAG00000003475
ENSMUSG00000022665,ENSMFAG00000001224
ENSMUSG00000075573,ENSMFAG00000042515
ENSMUSG00000022129,ENSMFAG00000044784
ENSMUSG00000029467,ENSMFAG00000030226
ENSMUSG00000096727,ENSMFAG00000038128
ENSMUSG00000031710,ENSMFAG00000043786
ENSMUSG00000075572,ENSMFAG00000032591
ENSMUSG00000021994,ENSMFAG00000041614
ENSMUSG00000041308,ENSMFAG00000044911
ENSMUSG00000032035,ENSMFAG00000002137
ENSMUSG00000022664,ENSMFAG00000042127
ENSMUSG00000022664,ENSMFAG00000002936
ENSMUSG00000061286,ENSMFAG00000045851
ENSMUSG00000034471,ENSMFAG00000037054
ENSMUSG00000033152,ENSMFAG00000003876
ENSMUSG00000062232,ENSMFAG00000043639
ENSMUSG00000015962,ENSMFAG00000037345
ENSMUSG00000024132,ENSMFAG00000001454
ENSMUSG00000088969,ENSMFAG00000049883
ENSMUSG00000035151,ENSMFAG00000052917
ENSMUSG00000035151,ENSMFAG00000046408
ENSMUSG00000075571,ENSMFAG00000040194
ENSMUSG00000032666,ENSMFAG00000045835
ENSMUSG00000030722,ENSMFAG00000028824
ENSMUSG00000022663,ENSMFAG00000034247
ENSMUSG00000054763,ENSMFAG00000000191
ENSMUSG00000049897,ENSMFAG00000041753
ENSMUSG00000061702,ENSMFAG00000032068
ENSMUSG00000064399,ENSMFAG00000015394
ENSMUSG00000021939,ENSMFAG00000014829
ENSMUSG00000024136,ENSMFAG00000032371
ENSMUSG00000063358,ENSMFAG00000002042
ENSMUSG00000015961,ENSMFAG00000032956
ENSMUSG00000025090,ENSMFAG00000039541
ENSMUSG00000063439,ENSMFAG00000031118
ENSMUSG00000038188,ENSMFAG00000032062
ENSMUSG00000035057,ENSMFAG00000036899
ENSMUSG00000030525,ENSMFAG00000001387
ENSMUSG00000022130,ENSMFAG00000003252
ENSMUSG00000052406,ENSMFAG00000042425
ENSMUSG00000030249,ENSMFAG00000041870
ENSMUSG00000046008,ENSMFAG00000002362
ENSMUSG00000102483,ENSMFAG00000033487
ENSMUSG00000031913,ENSMFAG00000001733
ENSMUSG00000037321,ENSMFAG00000041369
ENSMUSG00000002603,ENSMFAG00000040753
ENSMUSG00000014980,ENSMFAG00000037321
ENSMUSG00000020781,ENSMFAG00000000712
ENSMUSG00000042179,ENSMFAG00000039844
ENSMUSG00000089413,ENSMFAG00000058301
ENSMUSG00000038068,ENSMFAG00000044225
ENSMUSG00000026235,ENSMFAG00000037109
ENSMUSG00000026643,ENSMFAG00000039555
ENSMUSG00000030724,ENSMFAG00000003219
ENSMUSG00000022131,ENSMFAG00000043992
ENSMUSG00000064693,ENSMFAG00000014526
ENSMUSG00000091685,ENSMFAG00000001809
ENSMUSG00000031916,ENSMFAG00000041024
ENSMUSG00000032064,ENSMFAG00000043024
ENSMUSG00000039103,ENSMFAG00000002199
ENSMUSG00000021991,ENSMFAG00000032351
ENSMUSG00000052013,ENSMFAG00000003080
ENSMUSG00000025091,ENSMFAG00000000722
ENSMUSG00000020070,ENSMFAG00000008200
ENSMUSG00000021379,ENSMFAG00000055287
ENSMUSG00000002190,ENSMFAG00000044499
ENSMUSG00000024789,ENSMFAG00000003627
ENSMUSG00000036006,ENSMFAG00000045840
ENSMUSG00000002608,ENSMFAG00000002660
ENSMUSG00000065196,ENSMFAG00000020689
ENSMUSG00000119649,ENSMFAG00000049760
ENSMUSG00000119649,ENSMFAG00000063508
ENSMUSG00000119144,ENSMFAG00000049760
ENSMUSG00000119144,ENSMFAG00000063508
ENSMUSG00000039953,ENSMFAG00000038334
ENSMUSG00000075837,ENSMFAG00000007313
ENSMUSG00000022661,ENSMFAG00000000111
ENSMUSG00000026644,ENSMFAG00000043001
ENSMUSG00000026644,ENSMFAG00000055041
ENSMUSG00000033510,ENSMFAG00000037629
ENSMUSG00000031917,ENSMFAG00000046374
ENSMUSG00000021273,ENSMFAG00000003248
ENSMUSG00000016150,ENSMFAG00000002688
ENSMUSG00000088583,ENSMFAG00000015181
ENSMUSG00000088583,ENSMFAG00000004829
ENSMUSG00000051306,ENSMFAG00000049363
ENSMUSG00000064084,ENSMFAG00000060337
ENSMUSG00000064084,ENSMFAG00000053738
ENSMUSG00000061798,ENSMFAG00000060337
ENSMUSG00000061798,ENSMFAG00000053738
ENSMUSG00000031919,ENSMFAG00000032234
ENSMUSG00000026645,ENSMFAG00000058997
ENSMUSG00000026645,ENSMFAG00000049102
ENSMUSG00000063253,ENSMFAG00000001579
ENSMUSG00000052040,ENSMFAG00000043427
ENSMUSG00000045776,ENSMFAG00000003896
ENSMUSG00000032649,ENSMFAG00000000787
ENSMUSG00000014852,ENSMFAG00000000040
ENSMUSG00000025105,ENSMFAG00000000765
ENSMUSG00000033210,ENSMFAG00000037571
ENSMUSG00000035121,ENSMFAG00000027135
ENSMUSG00000030727,ENSMFAG00000000278
ENSMUSG00000029208,ENSMFAG00000029386
ENSMUSG00000025743,ENSMFAG00000045826
ENSMUSG00000024339,ENSMFAG00000037139
ENSMUSG00000031921,ENSMFAG00000044110
ENSMUSG00000026047,ENSMFAG00000045152
ENSMUSG00000021944,ENSMFAG00000057755
ENSMUSG00000045672,ENSMFAG00000040376
ENSMUSG00000020883,ENSMFAG00000033430
ENSMUSG00000050957,ENSMFAG00000027620
ENSMUSG00000042682,ENSMFAG00000003025
ENSMUSG00000042682,ENSMFAG00000053042
ENSMUSG00000042682,ENSMFAG00000061850
ENSMUSG00000039097,ENSMFAG00000060189
ENSMUSG00000024137,ENSMFAG00000038250
ENSMUSG00000040901,ENSMFAG00000045802
ENSMUSG00000026650,ENSMFAG00000030458
ENSMUSG00000016495,ENSMFAG00000000751
ENSMUSG00000014453,ENSMFAG00000034616
ENSMUSG00000065622,ENSMFAG00000021297
ENSMUSG00000006369,ENSMFAG00000040388
ENSMUSG00000078320,ENSMFAG00000050285
ENSMUSG00000078320,ENSMFAG00000053656
ENSMUSG00000051323,ENSMFAG00000033159
ENSMUSG00000022659,ENSMFAG00000050670
ENSMUSG00000020782,ENSMFAG00000001433
ENSMUSG00000073916,ENSMFAG00000046223
ENSMUSG00000035095,ENSMFAG00000036511
ENSMUSG00000032849,ENSMFAG00000042513
ENSMUSG00000000392,ENSMFAG00000043504
ENSMUSG00000040725,ENSMFAG00000034257
ENSMUSG00000091476,ENSMFAG00000033487
ENSMUSG00000025094,ENSMFAG00000031383
ENSMUSG00000033187,ENSMFAG00000037777
ENSMUSG00000031924,ENSMFAG00000034432
ENSMUSG00000061175,ENSMFAG00000039076
ENSMUSG00000047129,ENSMFAG00000045014
ENSMUSG00000033177,ENSMFAG00000043039
ENSMUSG00000019789,ENSMFAG00000032107
ENSMUSG00000031250,ENSMFAG00000002133
ENSMUSG00000031442,ENSMFAG00000031140
ENSMUSG00000016496,ENSMFAG00000044358
ENSMUSG00000119409,ENSMFAG00000054234
ENSMUSG00000119409,ENSMFAG00000059351
ENSMUSG00000000295,ENSMFAG00000000882
ENSMUSG00000037086,ENSMFAG00000037202
ENSMUSG00000074746,ENSMFAG00000037170
ENSMUSG00000119236,ENSMFAG00000057598
ENSMUSG00000046615,ENSMFAG00000014519
ENSMUSG00000043969,ENSMFAG00000062794
ENSMUSG00000022658,ENSMFAG00000001611
ENSMUSG00000067377,ENSMFAG00000038827
ENSMUSG00000041684,ENSMFAG00000002409
ENSMUSG00000020069,ENSMFAG00000039598
ENSMUSG00000033157,ENSMFAG00000038045
ENSMUSG00000016498,ENSMFAG00000042841
ENSMUSG00000016541,ENSMFAG00000030950
ENSMUSG00000033149,ENSMFAG00000037196
ENSMUSG00000032062,ENSMFAG00000064854
ENSMUSG00000040022,ENSMFAG00000000822
ENSMUSG00000028134,ENSMFAG00000008183
ENSMUSG00000038086,ENSMFAG00000003898
ENSMUSG00000029613,ENSMFAG00000036418
ENSMUSG00000032060,ENSMFAG00000034267
ENSMUSG00000005268,ENSMFAG00000039749
ENSMUSG00000015971,ENSMFAG00000042471
ENSMUSG00000043445,ENSMFAG00000045182
ENSMUSG00000026048,ENSMFAG00000002409
ENSMUSG00000041538,ENSMFAG00000003652
ENSMUSG00000030730,ENSMFAG00000048869
ENSMUSG00000057858,ENSMFAG00000031620
ENSMUSG00000020051,ENSMFAG00000036729
ENSMUSG00000006127,ENSMFAG00000030338
ENSMUSG00000070102,ENSMFAG00000010232
ENSMUSG00000039196,ENSMFAG00000038844
ENSMUSG00000085861,ENSMFAG00000000821
ENSMUSG00000006715,ENSMFAG00000031787
ENSMUSG00000029469,ENSMFAG00000001327
ENSMUSG00000028581,ENSMFAG00000022085
ENSMUSG00000037971,ENSMFAG00000000736
ENSMUSG00000077505,ENSMFAG00000034972
ENSMUSG00000035329,ENSMFAG00000063446
ENSMUSG00000035329,ENSMFAG00000061647
ENSMUSG00000035329,ENSMFAG00000065701
ENSMUSG00000020072,ENSMFAG00000035594
ENSMUSG00000021953,ENSMFAG00000003279
ENSMUSG00000045052,ENSMFAG00000030136
ENSMUSG00000031099,ENSMFAG00000002117
ENSMUSG00000038658,ENSMFAG00000032768
ENSMUSG00000077603,ENSMFAG00000035017
ENSMUSG00000046828,ENSMFAG00000038241
ENSMUSG00000035653,ENSMFAG00000039677
ENSMUSG00000030638,ENSMFAG00000002733
ENSMUSG00000034427,ENSMFAG00000039726
ENSMUSG00000019132,ENSMFAG00000039257
ENSMUSG00000000296,ENSMFAG00000040169
ENSMUSG00000026245,ENSMFAG00000036645
ENSMUSG00000032059,ENSMFAG00000042463
ENSMUSG00000064644,ENSMFAG00000010306
ENSMUSG00000064644,ENSMFAG00000062168
ENSMUSG00000088468,ENSMFAG00000054324
ENSMUSG00000035078,ENSMFAG00000031184
ENSMUSG00000027804,ENSMFAG00000053824
ENSMUSG00000027804,ENSMFAG00000002633
ENSMUSG00000036333,ENSMFAG00000031830
ENSMUSG00000006717,ENSMFAG00000035886
ENSMUSG00000040367,ENSMFAG00000032600
ENSMUSG00000035067,ENSMFAG00000001089
ENSMUSG00000035958,ENSMFAG00000045296
ENSMUSG00000024142,ENSMFAG00000045584
ENSMUSG00000040429,ENSMFAG00000038723
ENSMUSG00000076049,ENSMFAG00000038968
ENSMUSG00000022132,ENSMFAG00000018513
ENSMUSG00000027809,ENSMFAG00000014894
ENSMUSG00000015488,ENSMFAG00000038988
ENSMUSG00000029209,ENSMFAG00000034449
ENSMUSG00000070469,ENSMFAG00000002541
ENSMUSG00000032332,ENSMFAG00000034460
ENSMUSG00000006711,ENSMFAG00000041252
ENSMUSG00000063760,ENSMFAG00000007187
ENSMUSG00000090486,ENSMFAG00000064548
ENSMUSG00000090486,ENSMFAG00000050820
ENSMUSG00000090486,ENSMFAG00000055655
ENSMUSG00000090486,ENSMFAG00000049576
ENSMUSG00000090486,ENSMFAG00000047825
ENSMUSG00000090486,ENSMFAG00000060272
ENSMUSG00000090486,ENSMFAG00000048060
ENSMUSG00000090486,ENSMFAG00000050969
ENSMUSG00000090486,ENSMFAG00000053105
ENSMUSG00000090486,ENSMFAG00000048412
ENSMUSG00000090486,ENSMFAG00000048722
ENSMUSG00000090486,ENSMFAG00000065565
ENSMUSG00000090486,ENSMFAG00000064821
ENSMUSG00000090486,ENSMFAG00000065348
ENSMUSG00000026482,ENSMFAG00000032110
ENSMUSG00000021958,ENSMFAG00000030022
ENSMUSG00000058550,ENSMFAG00000036320
ENSMUSG00000027811,ENSMFAG00000051841
ENSMUSG00000020053,ENSMFAG00000030766
ENSMUSG00000028133,ENSMFAG00000013715
ENSMUSG00000033417,ENSMFAG00000056962
ENSMUSG00000028359,ENSMFAG00000038844
ENSMUSG00000063060,ENSMFAG00000047350
ENSMUSG00000038570,ENSMFAG00000034513
ENSMUSG00000015966,ENSMFAG00000001616
ENSMUSG00000072419,ENSMFAG00000008966
ENSMUSG00000072419,ENSMFAG00000044566
ENSMUSG00000041417,ENSMFAG00000045395
ENSMUSG00000040533,ENSMFAG00000031992
ENSMUSG00000020273,ENSMFAG00000042450
ENSMUSG00000002602,ENSMFAG00000039691
ENSMUSG00000031255,ENSMFAG00000033002
ENSMUSG00000061540,ENSMFAG00000038844
ENSMUSG00000027297,ENSMFAG00000043219
ENSMUSG00000039158,ENSMFAG00000046161
ENSMUSG00000110573,ENSMFAG00000044276
ENSMUSG00000022650,ENSMFAG00000048833
ENSMUSG00000034009,ENSMFAG00000045017
ENSMUSG00000061100,ENSMFAG00000048833
ENSMUSG00000118736,ENSMFAG00000008332
ENSMUSG00000118736,ENSMFAG00000063958
ENSMUSG00000020644,ENSMFAG00000000039
ENSMUSG00000022651,ENSMFAG00000048833
ENSMUSG00000084579,ENSMFAG00000050233
ENSMUSG00000084579,ENSMFAG00000065579
ENSMUSG00000118789,ENSMFAG00000065057
ENSMUSG00000118789,ENSMFAG00000050909
ENSMUSG00000118789,ENSMFAG00000051456
ENSMUSG00000118789,ENSMFAG00000062114
ENSMUSG00000040407,ENSMFAG00000028102
ENSMUSG00000022957,ENSMFAG00000044012
ENSMUSG00000043060,ENSMFAG00000040613
ENSMUSG00000024991,ENSMFAG00000032082
ENSMUSG00000047227,ENSMFAG00000032623
ENSMUSG00000035936,ENSMFAG00000044209
ENSMUSG00000028909,ENSMFAG00000001608
ENSMUSG00000021961,ENSMFAG00000045489
ENSMUSG00000002870,ENSMFAG00000021368
ENSMUSG00000035614,ENSMFAG00000041007
ENSMUSG00000054942,ENSMFAG00000042126
ENSMUSG00000065402,ENSMFAG00000021732
ENSMUSG00000032845,ENSMFAG00000041202
ENSMUSG00000018160,ENSMFAG00000045900
ENSMUSG00000034623,ENSMFAG00000021723
ENSMUSG00000021624,ENSMFAG00000044511
ENSMUSG00000015970,ENSMFAG00000002691
ENSMUSG00000021340,ENSMFAG00000045533
ENSMUSG00002075991,ENSMFAG00000027199
ENSMUSG00000045744,ENSMFAG00000039405
ENSMUSG00002075125,ENSMFAG00000028710
ENSMUSG00000046324,ENSMFAG00000008006
ENSMUSG00000035383,ENSMFAG00000002836
ENSMUSG00000055547,ENSMFAG00000049493
ENSMUSG00000089678,ENSMFAG00000001767
ENSMUSG00000112129,ENSMFAG00000035594
ENSMUSG00000012187,ENSMFAG00000036112
ENSMUSG00000040703,ENSMFAG00000044440
ENSMUSG00000032688,ENSMFAG00000042329
ENSMUSG00000030282,ENSMFAG00000032764
ENSMUSG00000052099,ENSMFAG00000042199
ENSMUSG00000035944,ENSMFAG00000030939
ENSMUSG00000008475,ENSMFAG00000036678
ENSMUSG00000052852,ENSMFAG00000038270
ENSMUSG00000035365,ENSMFAG00000007317
ENSMUSG00000001260,ENSMFAG00000030419
ENSMUSG00000050917,ENSMFAG00000052634
ENSMUSG00000092999,ENSMFAG00000051253
ENSMUSG00000092999,ENSMFAG00000064149
ENSMUSG00000001173,ENSMFAG00000033457
ENSMUSG00000056870,ENSMFAG00000044122
ENSMUSG00000038563,ENSMFAG00000031099
ENSMUSG00000038563,ENSMFAG00000032657
ENSMUSG00000042156,ENSMFAG00000030556
ENSMUSG00000044224,ENSMFAG00000001345
ENSMUSG00000052962,ENSMFAG00000002964
ENSMUSG00000021339,ENSMFAG00000038058
ENSMUSG00000024806,ENSMFAG00000057459
ENSMUSG00000030283,ENSMFAG00000042675
ENSMUSG00000044674,ENSMFAG00000032384
ENSMUSG00000022385,ENSMFAG00000033240
ENSMUSG00000000560,ENSMFAG00000034210
ENSMUSG00000024993,ENSMFAG00000055072
ENSMUSG00000035910,ENSMFAG00000001295
ENSMUSG00000019787,ENSMFAG00000000095
ENSMUSG00000032036,ENSMFAG00000043359
ENSMUSG00000002871,ENSMFAG00000038337
ENSMUSG00000022247,ENSMFAG00000033107
ENSMUSG00000029211,ENSMFAG00000032339
ENSMUSG00000057706,ENSMFAG00000058165
ENSMUSG00000048978,ENSMFAG00000036989
ENSMUSG00000087790,ENSMFAG00000017832
ENSMUSG00000064954,ENSMFAG00000050848
ENSMUSG00000020949,ENSMFAG00000058869
ENSMUSG00000020949,ENSMFAG00000000044
ENSMUSG00000026495,ENSMFAG00000039610
ENSMUSG00000046138,ENSMFAG00000041756
ENSMUSG00000021342,ENSMFAG00000000707
ENSMUSG00000032883,ENSMFAG00000043391
ENSMUSG00000022386,ENSMFAG00000039767
ENSMUSG00000036067,ENSMFAG00000035331
ENSMUSG00000074909,ENSMFAG00000000871
ENSMUSG00000027956,ENSMFAG00000036003
ENSMUSG00000063698,ENSMFAG00000043135
ENSMUSG00000029468,ENSMFAG00000032645
ENSMUSG00000057246,ENSMFAG00000033140
ENSMUSG00000057170,ENSMFAG00000000707
ENSMUSG00000015002,ENSMFAG00000041531
ENSMUSG00000031256,ENSMFAG00000043888
ENSMUSG00000062737,ENSMFAG00000000707
ENSMUSG00000035351,ENSMFAG00000000710
ENSMUSG00000028132,ENSMFAG00000037599
ENSMUSG00000066392,ENSMFAG00000031358
ENSMUSG00000024997,ENSMFAG00000039826
ENSMUSG00000030733,ENSMFAG00000001662
ENSMUSG00000062201,ENSMFAG00000000707
ENSMUSG00000009214,ENSMFAG00000033845
ENSMUSG00000024810,ENSMFAG00000036876
ENSMUSG00000039936,ENSMFAG00000033609
ENSMUSG00000017922,ENSMFAG00000000707
ENSMUSG00000020056,ENSMFAG00000016561
ENSMUSG00000022136,ENSMFAG00000034424
ENSMUSG00000026896,ENSMFAG00000003848
ENSMUSG00000037966,ENSMFAG00000041566
ENSMUSG00000026480,ENSMFAG00000036375
ENSMUSG00000065597,ENSMFAG00000012645
ENSMUSG00000060012,ENSMFAG00000038520
ENSMUSG00000038891,ENSMFAG00000000707
ENSMUSG00000024815,ENSMFAG00000034371
ENSMUSG00000003228,ENSMFAG00000000421
ENSMUSG00000038883,ENSMFAG00000000707
ENSMUSG00000104252,ENSMFAG00000054472
ENSMUSG00000027955,ENSMFAG00000030947
ENSMUSG00000037960,ENSMFAG00000036852
ENSMUSG00000024817,ENSMFAG00000033273
ENSMUSG00000020057,ENSMFAG00000042396
ENSMUSG00000029661,ENSMFAG00000045512
ENSMUSG00000069259,ENSMFAG00000000707
ENSMUSG00000037400,ENSMFAG00000035388
ENSMUSG00000042104,ENSMFAG00000043763
ENSMUSG00000052752,ENSMFAG00000045280
ENSMUSG00000035311,ENSMFAG00000038457
ENSMUSG00000021384,ENSMFAG00000043593
ENSMUSG00000095079,ENSMFAG00000063051
ENSMUSG00000087642,ENSMFAG00000051850
ENSMUSG00002075887,ENSMFAG00000007824
ENSMUSG00000032330,ENSMFAG00000046193
ENSMUSG00000064548,ENSMFAG00000049546
ENSMUSG00000064548,ENSMFAG00000048514
ENSMUSG00000032328,ENSMFAG00000036109
ENSMUSG00000036123,ENSMFAG00000003512
ENSMUSG00000036040,ENSMFAG00000001650
ENSMUSG00000034898,ENSMFAG00000001452
ENSMUSG00000055884,ENSMFAG00000000383
ENSMUSG00000024827,ENSMFAG00000039599
ENSMUSG00000007440,ENSMFAG00000054472
ENSMUSG00000053465,ENSMFAG00000000214
ENSMUSG00000025915,ENSMFAG00000037162
ENSMUSG00000044819,ENSMFAG00000022364
ENSMUSG00000037005,ENSMFAG00000040935
ENSMUSG00000028926,ENSMFAG00000044994
ENSMUSG00000022139,ENSMFAG00000041491
ENSMUSG00000018259,ENSMFAG00000000707
ENSMUSG00000032038,ENSMFAG00000039592
ENSMUSG00000009216,ENSMFAG00000042458
ENSMUSG00000024863,ENSMFAG00000032115
ENSMUSG00000026893,ENSMFAG00000040637
ENSMUSG00000069258,ENSMFAG00000000707
ENSMUSG00000024868,ENSMFAG00000062136
ENSMUSG00000074254,ENSMFAG00000043489
ENSMUSG00000074254,ENSMFAG00000037343
ENSMUSG00000074254,ENSMFAG00000032459
ENSMUSG00000074254,ENSMFAG00000042150
ENSMUSG00000060002,ENSMFAG00000045187
ENSMUSG00000052920,ENSMFAG00000042225
ENSMUSG00000022248,ENSMFAG00000012657
ENSMUSG00000034152,ENSMFAG00000029713
ENSMUSG00000070811,ENSMFAG00000046325
ENSMUSG00000075090,ENSMFAG00000001406
ENSMUSG00000040614,ENSMFAG00000031822
ENSMUSG00000000889,ENSMFAG00000041482
ENSMUSG00000053536,ENSMFAG00000042009
ENSMUSG00000052595,ENSMFAG00000035948
ENSMUSG00000042439,ENSMFAG00000026367
ENSMUSG00000032040,ENSMFAG00000057084
ENSMUSG00000078798,ENSMFAG00000046325
ENSMUSG00000029212,ENSMFAG00000031591
ENSMUSG00000026648,ENSMFAG00000000598
ENSMUSG00000021345,ENSMFAG00000000707
ENSMUSG00000022249,ENSMFAG00000001932
ENSMUSG00000073838,ENSMFAG00000033739
ENSMUSG00000032041,ENSMFAG00000042234
ENSMUSG00000031101,ENSMFAG00000030935
ENSMUSG00000031626,ENSMFAG00000003770
ENSMUSG00000034573,ENSMFAG00000001116
ENSMUSG00000076617,ENSMFAG00000054250
ENSMUSG00000016028,ENSMFAG00000034232
ENSMUSG00000037946,ENSMFAG00000002491
ENSMUSG00000047534,ENSMFAG00000043146
ENSMUSG00000091863,ENSMFAG00000049824
ENSMUSG00000036985,ENSMFAG00000003427
ENSMUSG00000024887,ENSMFAG00000034694
ENSMUSG00000033981,ENSMFAG00000042771
ENSMUSG00000021972,ENSMFAG00000035548
ENSMUSG00000065705,ENSMFAG00000051513
ENSMUSG00000074377,ENSMFAG00000046325
ENSMUSG00000020059,ENSMFAG00000037508
ENSMUSG00000074375,ENSMFAG00000046325
ENSMUSG00000029321,ENSMFAG00000003336
ENSMUSG00000040601,ENSMFAG00000042923
ENSMUSG00000032042,ENSMFAG00000032606
ENSMUSG00000031257,ENSMFAG00000043343
ENSMUSG00000029320,ENSMFAG00000049033
ENSMUSG00000021575,ENSMFAG00000050747
ENSMUSG00000019873,ENSMFAG00000030436
ENSMUSG00000035900,ENSMFAG00000045635
ENSMUSG00000032058,ENSMFAG00000046304
ENSMUSG00000061533,ENSMFAG00000002498
ENSMUSG00000020061,ENSMFAG00000038552
ENSMUSG00000054102,ENSMFAG00000031822
ENSMUSG00000079562,ENSMFAG00000001193
ENSMUSG00000022246,ENSMFAG00000043837
ENSMUSG00000034751,ENSMFAG00000033959
ENSMUSG00000031258,ENSMFAG00000001920
ENSMUSG00000064945,ENSMFAG00000012901
ENSMUSG00000065701,ENSMFAG00000013160
ENSMUSG00000025823,ENSMFAG00000037988
ENSMUSG00000028910,ENSMFAG00000000155
ENSMUSG00000052549,ENSMFAG00000043660
ENSMUSG00000051499,ENSMFAG00000057080
ENSMUSG00000063785,ENSMFAG00000033204
ENSMUSG00000063785,ENSMFAG00000053640
ENSMUSG00000063785,ENSMFAG00000032552
ENSMUSG00000062519,ENSMFAG00000032929
ENSMUSG00000111517,ENSMFAG00000062061
ENSMUSG00000111517,ENSMFAG00000050249
ENSMUSG00000032637,ENSMFAG00000030590
ENSMUSG00000059742,ENSMFAG00000030695
ENSMUSG00000015001,ENSMFAG00000037084
ENSMUSG00000035560,ENSMFAG00000028407
ENSMUSG00000088441,ENSMFAG00000034733
ENSMUSG00000088441,ENSMFAG00000057017
ENSMUSG00000088441,ENSMFAG00000048430
ENSMUSG00000060499,ENSMFAG00000053210
ENSMUSG00000028911,ENSMFAG00000041784
ENSMUSG00000020963,ENSMFAG00000036626
ENSMUSG00000052337,ENSMFAG00000044373
ENSMUSG00000046610,ENSMFAG00000018852
ENSMUSG00000019779,ENSMFAG00000000665
ENSMUSG00000022952,ENSMFAG00000032652
ENSMUSG00002076619,ENSMFAG00000015476
ENSMUSG00000075324,ENSMFAG00000039869
ENSMUSG00002076264,ENSMFAG00000011800
ENSMUSG00002076264,ENSMFAG00000006595
ENSMUSG00000071665,ENSMFAG00000047174
ENSMUSG00000041658,ENSMFAG00000041833
ENSMUSG00000051615,ENSMFAG00000036715
ENSMUSG00000070720,ENSMFAG00000038738
ENSMUSG00000044700,ENSMFAG00000046272
ENSMUSG00000021975,ENSMFAG00000043511
ENSMUSG00000026646,ENSMFAG00000031495
ENSMUSG00000041649,ENSMFAG00000046239
ENSMUSG00000000861,ENSMFAG00000016402
ENSMUSG00000063953,ENSMFAG00000031017
ENSMUSG00000027709,ENSMFAG00000000043
ENSMUSG00000005220,ENSMFAG00000036209
ENSMUSG00000004359,ENSMFAG00000003748
ENSMUSG00000111715,ENSMFAG00000062061
ENSMUSG00000111715,ENSMFAG00000050249
ENSMUSG00000079657,ENSMFAG00000045162
ENSMUSG00000024768,ENSMFAG00000035985
ENSMUSG00000102697,ENSMFAG00000043753
ENSMUSG00000021978,ENSMFAG00000045572
ENSMUSG00000009614,ENSMFAG00000038559
ENSMUSG00000030738,ENSMFAG00000041930
ENSMUSG00000036959,ENSMFAG00000032757
ENSMUSG00000044499,ENSMFAG00000061930
ENSMUSG00000035891,ENSMFAG00000045987
ENSMUSG00000024771,ENSMFAG00000044740
ENSMUSG00000007989,ENSMFAG00000044555
ENSMUSG00000020752,ENSMFAG00000044550
ENSMUSG00000024516,ENSMFAG00000037029
ENSMUSG00000028982,ENSMFAG00000042772
ENSMUSG00000034532,ENSMFAG00000043613
ENSMUSG00000064768,ENSMFAG00000063973
ENSMUSG00000028020,ENSMFAG00000001940
ENSMUSG00000072511,ENSMFAG00000003855
ENSMUSG00000030523,ENSMFAG00000003445
ENSMUSG00000039911,ENSMFAG00000036668
ENSMUSG00000034252,ENSMFAG00000041950
ENSMUSG00000060904,ENSMFAG00000035725
ENSMUSG00000024770,ENSMFAG00000044901
ENSMUSG00000022758,ENSMFAG00000042492
ENSMUSG00000079470,ENSMFAG00000033204
ENSMUSG00000079470,ENSMFAG00000053640
ENSMUSG00000079470,ENSMFAG00000032552
ENSMUSG00000034522,ENSMFAG00000036920
ENSMUSG00000028980,ENSMFAG00000003162
ENSMUSG00000051864,ENSMFAG00000041343
ENSMUSG00000025437,ENSMFAG00000046123
ENSMUSG00000047330,ENSMFAG00000052682
ENSMUSG00000056078,ENSMFAG00000001039
ENSMUSG00000045731,ENSMFAG00000044801
ENSMUSG00000111567,ENSMFAG00000062061
ENSMUSG00000111567,ENSMFAG00000050249
ENSMUSG00000037876,ENSMFAG00000000341
ENSMUSG00000050711,ENSMFAG00000060822
ENSMUSG00000065493,ENSMFAG00000005907
ENSMUSG00000047875,ENSMFAG00000001842
ENSMUSG00000109865,ENSMFAG00000044126
ENSMUSG00000048442,ENSMFAG00000034483
ENSMUSG00000055067,ENSMFAG00000045761
ENSMUSG00000028976,ENSMFAG00000031999
ENSMUSG00000022031,ENSMFAG00000000785
ENSMUSG00000067369,ENSMFAG00000045550
ENSMUSG00000024774,ENSMFAG00000042098
ENSMUSG00002076333,ENSMFAG00000013307
ENSMUSG00000047843,ENSMFAG00000060874
ENSMUSG00000020755,ENSMFAG00000000434
ENSMUSG00002076170,ENSMFAG00000012638
ENSMUSG00000024517,ENSMFAG00000003937
ENSMUSG00000056258,ENSMFAG00000000975
ENSMUSG00000002496,ENSMFAG00000032166
ENSMUSG00000022756,ENSMFAG00000038240
ENSMUSG00000024776,ENSMFAG00000033260
ENSMUSG00000062064,ENSMFAG00000046320
ENSMUSG00000024518,ENSMFAG00000036531
ENSMUSG00000054702,ENSMFAG00000039450
ENSMUSG00000038859,ENSMFAG00000037269
ENSMUSG00000039137,ENSMFAG00000003622
ENSMUSG00000022375,ENSMFAG00000040429
ENSMUSG00000024519,ENSMFAG00000039514
ENSMUSG00000026492,ENSMFAG00000000959
ENSMUSG00000075075,ENSMFAG00000062061
ENSMUSG00000075075,ENSMFAG00000050249
ENSMUSG00000026888,ENSMFAG00000031856
ENSMUSG00000041891,ENSMFAG00000044600
ENSMUSG00000119883,ENSMFAG00000030293
ENSMUSG00000119883,ENSMFAG00000014120
ENSMUSG00000034912,ENSMFAG00000032319
ENSMUSG00000003119,ENSMFAG00000042301
ENSMUSG00000029313,ENSMFAG00000037700
ENSMUSG00000055447,ENSMFAG00000039536
ENSMUSG00000054863,ENSMFAG00000052901
ENSMUSG00000038949,ENSMFAG00000000416
ENSMUSG00000036944,ENSMFAG00000046077
ENSMUSG00000026043,ENSMFAG00000003702
ENSMUSG00000022387,ENSMFAG00000030538
ENSMUSG00000021576,ENSMFAG00000060093
ENSMUSG00000035783,ENSMFAG00000000205
ENSMUSG00000022032,ENSMFAG00000019218
ENSMUSG00000039048,ENSMFAG00000031974
ENSMUSG00000118897,ENSMFAG00000064562
ENSMUSG00000118897,ENSMFAG00000058599
ENSMUSG00000039496,ENSMFAG00000045468
ENSMUSG00000084448,ENSMFAG00000009803
ENSMUSG00000021346,ENSMFAG00000000707
ENSMUSG00000020961,ENSMFAG00000039552
ENSMUSG00000033578,ENSMFAG00000044929
ENSMUSG00000075073,ENSMFAG00000027292
ENSMUSG00000031103,ENSMFAG00000000961
ENSMUSG00000049057,ENSMFAG00000060337
ENSMUSG00000049057,ENSMFAG00000053738
ENSMUSG00000089498,ENSMFAG00000048531
ENSMUSG00000019777,ENSMFAG00000040542
ENSMUSG00000049149,ENSMFAG00000060337
ENSMUSG00000049149,ENSMFAG00000053738
ENSMUSG00000026655,ENSMFAG00000036972
ENSMUSG00000034333,ENSMFAG00000029961
ENSMUSG00000050370,ENSMFAG00000058457
ENSMUSG00000024781,ENSMFAG00000035936
ENSMUSG00000046318,ENSMFAG00000045721
ENSMUSG00000118866,ENSMFAG00000049379
ENSMUSG00000034883,ENSMFAG00000036709
ENSMUSG00000022206,ENSMFAG00000043552
ENSMUSG00000075000,ENSMFAG00000031882
ENSMUSG00000022033,ENSMFAG00000001680
ENSMUSG00000064818,ENSMFAG00000005651
ENSMUSG00000049751,ENSMFAG00000045819
ENSMUSG00000038255,ENSMFAG00000060502
ENSMUSG00000072100,ENSMFAG00000049824
ENSMUSG00000063728,ENSMFAG00000057463
ENSMUSG00000009900,ENSMFAG00000042689
ENSMUSG00000094196,ENSMFAG00000057463
ENSMUSG00000059991,ENSMFAG00000039583
ENSMUSG00000079350,ENSMFAG00000057463
ENSMUSG00000000126,ENSMFAG00000062558
ENSMUSG00000006490,ENSMFAG00000000707
ENSMUSG00000043998,ENSMFAG00000043906
ENSMUSG00000036932,ENSMFAG00000000275
ENSMUSG00000045932,ENSMFAG00000044215
ENSMUSG00000020973,ENSMFAG00000045239
ENSMUSG00000043388,ENSMFAG00000040311
ENSMUSG00002076946,ENSMFAG00000021059
ENSMUSG00000004018,ENSMFAG00000042101
ENSMUSG00000009621,ENSMFAG00000004024
ENSMUSG00000022034,ENSMFAG00000044655
ENSMUSG00000037933,ENSMFAG00000040610
ENSMUSG00000033610,ENSMFAG00000032016
ENSMUSG00000037855,ENSMFAG00000044758
ENSMUSG00000035845,ENSMFAG00000040634
ENSMUSG00000072889,ENSMFAG00000039913
ENSMUSG00000022035,ENSMFAG00000035835
ENSMUSG00000022035,ENSMFAG00000031223
ENSMUSG00000004356,ENSMFAG00000037766
ENSMUSG00000037112,ENSMFAG00000045653
ENSMUSG00000047259,ENSMFAG00000023876
ENSMUSG00000034463,ENSMFAG00000026741
ENSMUSG00000024524,ENSMFAG00000044213
ENSMUSG00000022641,ENSMFAG00000039245
ENSMUSG00000024795,ENSMFAG00000039355
ENSMUSG00000022205,ENSMFAG00000062564
ENSMUSG00000071477,ENSMFAG00000050489
ENSMUSG00000022037,ENSMFAG00000041649
ENSMUSG00000023272,ENSMFAG00000042023
ENSMUSG00000063884,ENSMFAG00000042757
ENSMUSG00000031104,ENSMFAG00000002604
ENSMUSG00000031262,ENSMFAG00000004043
ENSMUSG00000019756,ENSMFAG00000000707
ENSMUSG00000063935,ENSMFAG00000051405
ENSMUSG00000049291,ENSMFAG00000045626
ENSMUSG00000060204,ENSMFAG00000001804
ENSMUSG00000061718,ENSMFAG00000041728
ENSMUSG00000021347,ENSMFAG00000000707
ENSMUSG00000029312,ENSMFAG00000041071
ENSMUSG00000072501,ENSMFAG00000036945
ENSMUSG00000021577,ENSMFAG00000064340
ENSMUSG00000046101,ENSMFAG00000046262
ENSMUSG00000034032,ENSMFAG00000042240
ENSMUSG00000039716,ENSMFAG00000033625
ENSMUSG00000028019,ENSMFAG00000032235
ENSMUSG00000009894,ENSMFAG00000001190
ENSMUSG00000067220,ENSMFAG00000033706
ENSMUSG00000021385,ENSMFAG00000003738
ENSMUSG00000022039,ENSMFAG00000029770
ENSMUSG00000020974,ENSMFAG00000002595
ENSMUSG00000019846,ENSMFAG00000037073
ENSMUSG00000028015,ENSMFAG00000037582
ENSMUSG00000064090,ENSMFAG00000031394
ENSMUSG00000093178,ENSMFAG00000017069
ENSMUSG00000067219,ENSMFAG00000003735
ENSMUSG00000080465,ENSMFAG00000014589
ENSMUSG00000099032,ENSMFAG00000038608
ENSMUSG00000038936,ENSMFAG00000044986
ENSMUSG00000006488,ENSMFAG00000000707
ENSMUSG00000027710,ENSMFAG00000045035
ENSMUSG00000057691,ENSMFAG00000056987
ENSMUSG00000022040,ENSMFAG00000036427
ENSMUSG00000034528,ENSMFAG00000040860
ENSMUSG00000046899,ENSMFAG00000000707
ENSMUSG00000025287,ENSMFAG00000041858
ENSMUSG00000119766,ENSMFAG00000048723
ENSMUSG00000030279,ENSMFAG00000038900
ENSMUSG00000062526,ENSMFAG00000041925
ENSMUSG00000021391,ENSMFAG00000001741
ENSMUSG00000020062,ENSMFAG00000031305
ENSMUSG00000018167,ENSMFAG00000035990
ENSMUSG00000029311,ENSMFAG00000038343
ENSMUSG00000028011,ENSMFAG00000031955
ENSMUSG00000042772,ENSMFAG00000031653
ENSMUSG00000051736,ENSMFAG00000045226
ENSMUSG00000022388,ENSMFAG00000031806
ENSMUSG00000025289,ENSMFAG00000036346
ENSMUSG00000051890,ENSMFAG00000003879
ENSMUSG00000048677,ENSMFAG00000045821
ENSMUSG00000024798,ENSMFAG00000001114
ENSMUSG00000024525,ENSMFAG00000030616
ENSMUSG00000029310,ENSMFAG00000002084
ENSMUSG00000032577,ENSMFAG00000003300
ENSMUSG00000024526,ENSMFAG00000042507
ENSMUSG00000024800,ENSMFAG00000031109
ENSMUSG00000041552,ENSMFAG00000056214
ENSMUSG00000038216,ENSMFAG00000002771
ENSMUSG00000001473,ENSMFAG00000040002
ENSMUSG00000039105,ENSMFAG00000037281
ENSMUSG00000022201,ENSMFAG00000042691
ENSMUSG00000036819,ENSMFAG00000043012
ENSMUSG00000028972,ENSMFAG00000001059
ENSMUSG00000058400,ENSMFAG00000039454
ENSMUSG00000024527,ENSMFAG00000043221
ENSMUSG00000000223,ENSMFAG00000001071
ENSMUSG00000024803,ENSMFAG00000003868
ENSMUSG00000021578,ENSMFAG00000033953
ENSMUSG00000045917,ENSMFAG00000041867
ENSMUSG00000028008,ENSMFAG00000044162
ENSMUSG00000022041,ENSMFAG00000003637
ENSMUSG00000019845,ENSMFAG00000043188
ENSMUSG00000050471,ENSMFAG00000003040
ENSMUSG00000118966,ENSMFAG00000063326
ENSMUSG00000024831,ENSMFAG00000043909
ENSMUSG00000050685,ENSMFAG00000061606
ENSMUSG00000029309,ENSMFAG00000031337
ENSMUSG00000054519,ENSMFAG00000003518
ENSMUSG00000062713,ENSMFAG00000002855
ENSMUSG00000059456,ENSMFAG00000003719
ENSMUSG00000020978,ENSMFAG00000035256
ENSMUSG00000038208,ENSMFAG00000045434
ENSMUSG00000024530,ENSMFAG00000042024
ENSMUSG00000119757,ENSMFAG00000054584
ENSMUSG00000028005,ENSMFAG00000043875
ENSMUSG00000043631,ENSMFAG00000034111
ENSMUSG00000058935,ENSMFAG00000036582
ENSMUSG00000063524,ENSMFAG00000041955
ENSMUSG00000037846,ENSMFAG00000039047
ENSMUSG00000092094,ENSMFAG00000044325
ENSMUSG00000024533,ENSMFAG00000001815
ENSMUSG00000021348,ENSMFAG00000000707
ENSMUSG00000040820,ENSMFAG00000031411
ENSMUSG00000040514,ENSMFAG00000064455
ENSMUSG00000029307,ENSMFAG00000002413
ENSMUSG00000017774,ENSMFAG00000044455
ENSMUSG00000027712,ENSMFAG00000045853
ENSMUSG00000035805,ENSMFAG00000024753
ENSMUSG00000060738,ENSMFAG00000000707
ENSMUSG00000012428,ENSMFAG00000032562
ENSMUSG00000022886,ENSMFAG00000000707
ENSMUSG00000029306,ENSMFAG00000029098
ENSMUSG00000032578,ENSMFAG00000001455
ENSMUSG00000028362,ENSMFAG00000032731
ENSMUSG00000021388,ENSMFAG00000033118
ENSMUSG00000032044,ENSMFAG00000039513
ENSMUSG00000039852,ENSMFAG00000043983
ENSMUSG00000053863,ENSMFAG00000042632
ENSMUSG00000024829,ENSMFAG00000043823
ENSMUSG00000026042,ENSMFAG00000045841
ENSMUSG00000062551,ENSMFAG00000000707
ENSMUSG00000022940,ENSMFAG00000040294
ENSMUSG00000039458,ENSMFAG00000037827
ENSMUSG00000033910,ENSMFAG00000032061
ENSMUSG00000042745,ENSMFAG00000050354
ENSMUSG00000032579,ENSMFAG00000043622
ENSMUSG00002075635,ENSMFAG00000006296
ENSMUSG00002075635,ENSMFAG00000004132
ENSMUSG00000005891,ENSMFAG00000000707
ENSMUSG00000009876,ENSMFAG00000040527
ENSMUSG00000065303,ENSMFAG00000006062
ENSMUSG00000073295,ENSMFAG00000039087
ENSMUSG00000024900,ENSMFAG00000031988
ENSMUSG00000020982,ENSMFAG00000005357
ENSMUSG00000021583,ENSMFAG00000043440
ENSMUSG00000007659,ENSMFAG00000044741
ENSMUSG00000028125,ENSMFAG00000032139
ENSMUSG00000037977,ENSMFAG00000049345
ENSMUSG00000073293,ENSMFAG00000039087
ENSMUSG00000009596,ENSMFAG00000046005
ENSMUSG00002075295,ENSMFAG00000004866
ENSMUSG00000028364,ENSMFAG00000001848
ENSMUSG00000062074,ENSMFAG00000038144
ENSMUSG00000031443,ENSMFAG00000033443
ENSMUSG00000049685,ENSMFAG00000039779
ENSMUSG00000049685,ENSMFAG00000045934
ENSMUSG00000053199,ENSMFAG00000036507
ENSMUSG00000019947,ENSMFAG00000036687
ENSMUSG00000073542,ENSMFAG00000045482
ENSMUSG00000027525,ENSMFAG00000034633
ENSMUSG00000003847,ENSMFAG00000037197
ENSMUSG00000031070,ENSMFAG00000031267
ENSMUSG00000024537,ENSMFAG00000001185
ENSMUSG00000024537,ENSMFAG00000004539
ENSMUSG00000051207,ENSMFAG00000065051
ENSMUSG00000005547,ENSMFAG00000043489
ENSMUSG00000005547,ENSMFAG00000037343
ENSMUSG00000005547,ENSMFAG00000032459
ENSMUSG00000005547,ENSMFAG00000042150
ENSMUSG00000022637,ENSMFAG00000031044
ENSMUSG00000073643,ENSMFAG00000046048
ENSMUSG00000019945,ENSMFAG00000031452
ENSMUSG00000023279,ENSMFAG00000000610
ENSMUSG00000038119,ENSMFAG00000033244
ENSMUSG00000024539,ENSMFAG00000044539
ENSMUSG00000036916,ENSMFAG00000042147
ENSMUSG00000006191,ENSMFAG00000035642
ENSMUSG00000053469,ENSMFAG00000033080
ENSMUSG00000060044,ENSMFAG00000035704
ENSMUSG00000024905,ENSMFAG00000032724
ENSMUSG00000030522,ENSMFAG00000038584
ENSMUSG00000035189,ENSMFAG00000036524
ENSMUSG00000039068,ENSMFAG00000043408
ENSMUSG00000032051,ENSMFAG00000039761
ENSMUSG00000003161,ENSMFAG00000001735
ENSMUSG00000032050,ENSMFAG00000031656
ENSMUSG00000118868,ENSMFAG00000062725
ENSMUSG00000047414,ENSMFAG00000017989
ENSMUSG00000091867,ENSMFAG00000043489
ENSMUSG00000091867,ENSMFAG00000037343
ENSMUSG00000091867,ENSMFAG00000032459
ENSMUSG00000091867,ENSMFAG00000042150
ENSMUSG00000044147,ENSMFAG00000001534
ENSMUSG00000079614,ENSMFAG00000005165
ENSMUSG00000119510,ENSMFAG00000058198
ENSMUSG00000024907,ENSMFAG00000001933
ENSMUSG00000060407,ENSMFAG00000043489
ENSMUSG00000060407,ENSMFAG00000037343
ENSMUSG00000060407,ENSMFAG00000032459
ENSMUSG00000060407,ENSMFAG00000042150
ENSMUSG00000033458,ENSMFAG00000032666
ENSMUSG00000025916,ENSMFAG00000001342
ENSMUSG00000049882,ENSMFAG00000033945
ENSMUSG00000040565,ENSMFAG00000044979
ENSMUSG00000035164,ENSMFAG00000042068
ENSMUSG00000024542,ENSMFAG00000001833
ENSMUSG00000003849,ENSMFAG00000002412
ENSMUSG00000078307,ENSMFAG00000040157
ENSMUSG00000029304,ENSMFAG00000038158
ENSMUSG00000030521,ENSMFAG00000039444
ENSMUSG00002076360,ENSMFAG00000004327
ENSMUSG00000053289,ENSMFAG00000045808
ENSMUSG00000031636,ENSMFAG00000000203
ENSMUSG00000076665,ENSMFAG00000048550
ENSMUSG00000076665,ENSMFAG00000052376
ENSMUSG00000076665,ENSMFAG00000048883
ENSMUSG00000076665,ENSMFAG00000057606
ENSMUSG00000076665,ENSMFAG00000056728
ENSMUSG00000094509,ENSMFAG00000059185
ENSMUSG00000094509,ENSMFAG00000054887
ENSMUSG00000094509,ENSMFAG00000048295
ENSMUSG00000094509,ENSMFAG00000064727
ENSMUSG00000094509,ENSMFAG00000063904
ENSMUSG00000094509,ENSMFAG00000050722
ENSMUSG00000094509,ENSMFAG00000064695
ENSMUSG00000094509,ENSMFAG00000054894
ENSMUSG00000094509,ENSMFAG00000053019
ENSMUSG00000094509,ENSMFAG00000060568
ENSMUSG00000094509,ENSMFAG00000003739
ENSMUSG00000094509,ENSMFAG00000056416
ENSMUSG00000094509,ENSMFAG00000064094
ENSMUSG00000094509,ENSMFAG00000050313
ENSMUSG00000094509,ENSMFAG00000063575
ENSMUSG00000094509,ENSMFAG00000050523
ENSMUSG00000094509,ENSMFAG00000064982
ENSMUSG00000094509,ENSMFAG00000047678
ENSMUSG00000024908,ENSMFAG00000036974
ENSMUSG00000016477,ENSMFAG00000003628
ENSMUSG00000095583,ENSMFAG00000059185
ENSMUSG00000095583,ENSMFAG00000054887
ENSMUSG00000095583,ENSMFAG00000048295
ENSMUSG00000095583,ENSMFAG00000064727
ENSMUSG00000095583,ENSMFAG00000063904
ENSMUSG00000095583,ENSMFAG00000050722
ENSMUSG00000095583,ENSMFAG00000064695
ENSMUSG00000095583,ENSMFAG00000054894
ENSMUSG00000095583,ENSMFAG00000053019
ENSMUSG00000095583,ENSMFAG00000060568
ENSMUSG00000095583,ENSMFAG00000003739
ENSMUSG00000095583,ENSMFAG00000056416
ENSMUSG00000095583,ENSMFAG00000064094
ENSMUSG00000095583,ENSMFAG00000050313
ENSMUSG00000095583,ENSMFAG00000063575
ENSMUSG00000095583,ENSMFAG00000050523
ENSMUSG00000095583,ENSMFAG00000064982
ENSMUSG00000095583,ENSMFAG00000047678
ENSMUSG00000033429,ENSMFAG00000038402
ENSMUSG00000033429,ENSMFAG00000045829
ENSMUSG00000026248,ENSMFAG00000042793
ENSMUSG00000030275,ENSMFAG00000056470
ENSMUSG00000063177,ENSMFAG00000002606
ENSMUSG00000063177,ENSMFAG00000039853
ENSMUSG00000063177,ENSMFAG00000042178
ENSMUSG00000021003,ENSMFAG00000002667
ENSMUSG00000026249,ENSMFAG00000043725
ENSMUSG00000034584,ENSMFAG00000018860
ENSMUSG00000030519,ENSMFAG00000040758
ENSMUSG00000003848,ENSMFAG00000030131
ENSMUSG00000024544,ENSMFAG00000000907
ENSMUSG00000028370,ENSMFAG00000041618
ENSMUSG00000049553,ENSMFAG00000046097
ENSMUSG00000089859,ENSMFAG00000038224
ENSMUSG00000022200,ENSMFAG00000045311
ENSMUSG00000005131,ENSMFAG00000042308
ENSMUSG00000038732,ENSMFAG00000002593
ENSMUSG00000119052,ENSMFAG00000019915
ENSMUSG00000027298,ENSMFAG00000003863
ENSMUSG00000022636,ENSMFAG00000045444
ENSMUSG00000034462,ENSMFAG00000043652
ENSMUSG00000071103,ENSMFAG00000003574
ENSMUSG00000042751,ENSMFAG00000043841
ENSMUSG00000051375,ENSMFAG00000035695
ENSMUSG00000032110,ENSMFAG00000036664
ENSMUSG00000084669,ENSMFAG00000065616
ENSMUSG00000084669,ENSMFAG00000021374
ENSMUSG00000049115,ENSMFAG00000041746
ENSMUSG00000015365,ENSMFAG00000035651
ENSMUSG00000066516,ENSMFAG00000002606
ENSMUSG00000066516,ENSMFAG00000039853
ENSMUSG00000066516,ENSMFAG00000042178
ENSMUSG00000015968,ENSMFAG00000039352
ENSMUSG00000031444,ENSMFAG00000043700
ENSMUSG00000034218,ENSMFAG00000004053
ENSMUSG00000030518,ENSMFAG00000001681
ENSMUSG00000024442,ENSMFAG00000040008
ENSMUSG00000027714,ENSMFAG00000038292
ENSMUSG00000048007,ENSMFAG00000000557
ENSMUSG00000068270,ENSMFAG00000042129
ENSMUSG00000095642,ENSMFAG00000059185
ENSMUSG00000095642,ENSMFAG00000054887
ENSMUSG00000095642,ENSMFAG00000048295
ENSMUSG00000095642,ENSMFAG00000064727
ENSMUSG00000095642,ENSMFAG00000063904
ENSMUSG00000095642,ENSMFAG00000050722
ENSMUSG00000095642,ENSMFAG00000064695
ENSMUSG00000095642,ENSMFAG00000054894
ENSMUSG00000095642,ENSMFAG00000053019
ENSMUSG00000095642,ENSMFAG00000060568
ENSMUSG00000095642,ENSMFAG00000003739
ENSMUSG00000095642,ENSMFAG00000056416
ENSMUSG00000095642,ENSMFAG00000064094
ENSMUSG00000095642,ENSMFAG00000050313
ENSMUSG00000095642,ENSMFAG00000063575
ENSMUSG00000095642,ENSMFAG00000050523
ENSMUSG00000095642,ENSMFAG00000064982
ENSMUSG00000095642,ENSMFAG00000047678
ENSMUSG00000028373,ENSMFAG00000044594
ENSMUSG00000067586,ENSMFAG00000004814
ENSMUSG00000021886,ENSMFAG00000029637
ENSMUSG00000015709,ENSMFAG00000001849
ENSMUSG00000021709,ENSMFAG00000032301
ENSMUSG00000096805,ENSMFAG00000049939
ENSMUSG00000096805,ENSMFAG00000050930
ENSMUSG00000096805,ENSMFAG00000059400
ENSMUSG00000096805,ENSMFAG00000025094
ENSMUSG00000034801,ENSMFAG00000000174
ENSMUSG00000051236,ENSMFAG00000031622
ENSMUSG00000043230,ENSMFAG00000031497
ENSMUSG00000049694,ENSMFAG00000032848
ENSMUSG00000026491,ENSMFAG00000045763
ENSMUSG00000041476,ENSMFAG00000040826
ENSMUSG00000024440,ENSMFAG00000036923
ENSMUSG00000017776,ENSMFAG00000000502
ENSMUSG00000048661,ENSMFAG00000045363
ENSMUSG00000056091,ENSMFAG00000043554
ENSMUSG00000119653,ENSMFAG00000004755
ENSMUSG00000031445,ENSMFAG00000042310
ENSMUSG00000034438,ENSMFAG00000032176
ENSMUSG00000060450,ENSMFAG00000039262
ENSMUSG00000039058,ENSMFAG00000043368
ENSMUSG00000064310,ENSMFAG00000033639
ENSMUSG00000062312,ENSMFAG00000041598
ENSMUSG00000031634,ENSMFAG00000041642
ENSMUSG00000029298,ENSMFAG00000032176
ENSMUSG00000058441,ENSMFAG00000065187
ENSMUSG00000034903,ENSMFAG00000041468
ENSMUSG00000051675,ENSMFAG00000012352
ENSMUSG00000022197,ENSMFAG00000001834
ENSMUSG00000027715,ENSMFAG00000037740
ENSMUSG00000031264,ENSMFAG00000043126
ENSMUSG00000037621,ENSMFAG00000031235
ENSMUSG00000039005,ENSMFAG00000042896
ENSMUSG00000020218,ENSMFAG00000038475
ENSMUSG00000034456,ENSMFAG00000042232
ENSMUSG00000079363,ENSMFAG00000032176
ENSMUSG00000119820,ENSMFAG00000038920
ENSMUSG00000094102,ENSMFAG00000049939
ENSMUSG00000094102,ENSMFAG00000050930
ENSMUSG00000094102,ENSMFAG00000059400
ENSMUSG00000094102,ENSMFAG00000025094
ENSMUSG00000005899,ENSMFAG00000043150
ENSMUSG00000041429,ENSMFAG00000032174
ENSMUSG00000065919,ENSMFAG00000049332
ENSMUSG00000096459,ENSMFAG00000049939
ENSMUSG00000096459,ENSMFAG00000050930
ENSMUSG00000096459,ENSMFAG00000059400
ENSMUSG00000096459,ENSMFAG00000025094
ENSMUSG00000076652,ENSMFAG00000048550
ENSMUSG00000076652,ENSMFAG00000052376
ENSMUSG00000076652,ENSMFAG00000048883
ENSMUSG00000076652,ENSMFAG00000057606
ENSMUSG00000076652,ENSMFAG00000056728
ENSMUSG00000025917,ENSMFAG00000037786
ENSMUSG00000020988,ENSMFAG00000044149
ENSMUSG00000028351,ENSMFAG00000003931
ENSMUSG00000033577,ENSMFAG00000038795
ENSMUSG00000075908,ENSMFAG00000063458
ENSMUSG00000024913,ENSMFAG00000036113
ENSMUSG00000002504,ENSMFAG00000044443
ENSMUSG00000076666,ENSMFAG00000059185
ENSMUSG00000076666,ENSMFAG00000054887
ENSMUSG00000076666,ENSMFAG00000048295
ENSMUSG00000076666,ENSMFAG00000064727
ENSMUSG00000076666,ENSMFAG00000063904
ENSMUSG00000076666,ENSMFAG00000050722
ENSMUSG00000076666,ENSMFAG00000064695
ENSMUSG00000076666,ENSMFAG00000054894
ENSMUSG00000076666,ENSMFAG00000053019
ENSMUSG00000076666,ENSMFAG00000060568
ENSMUSG00000076666,ENSMFAG00000003739
ENSMUSG00000076666,ENSMFAG00000056416
ENSMUSG00000076666,ENSMFAG00000064094
ENSMUSG00000076666,ENSMFAG00000050313
ENSMUSG00000076666,ENSMFAG00000063575
ENSMUSG00000076666,ENSMFAG00000050523
ENSMUSG00000076666,ENSMFAG00000064982
ENSMUSG00000076666,ENSMFAG00000047678
ENSMUSG00000015363,ENSMFAG00000038729
ENSMUSG00000050914,ENSMFAG00000033324
ENSMUSG00000033900,ENSMFAG00000038148
ENSMUSG00000033854,ENSMFAG00000042642
ENSMUSG00000052302,ENSMFAG00000046028
ENSMUSG00000065815,ENSMFAG00000004703
ENSMUSG00000029217,ENSMFAG00000001846
ENSMUSG00000002580,ENSMFAG00000045165
ENSMUSG00000039298,ENSMFAG00000039120
ENSMUSG00000038542,ENSMFAG00000003946
ENSMUSG00000020472,ENSMFAG00000035433
ENSMUSG00000034430,ENSMFAG00000035930
ENSMUSG00000054894,ENSMFAG00000042085
ENSMUSG00000034707,ENSMFAG00000000073
ENSMUSG00000026479,ENSMFAG00000000974
ENSMUSG00000022372,ENSMFAG00000003417
ENSMUSG00000079435,ENSMFAG00000037878
ENSMUSG00000094322,ENSMFAG00000049939
ENSMUSG00000094322,ENSMFAG00000050930
ENSMUSG00000094322,ENSMFAG00000059400
ENSMUSG00000094322,ENSMFAG00000025094
ENSMUSG00000020990,ENSMFAG00000003833
ENSMUSG00000030630,ENSMFAG00000034154
ENSMUSG00000035372,ENSMFAG00000036404
ENSMUSG00000031105,ENSMFAG00000032347
ENSMUSG00000031930,ENSMFAG00000039657
ENSMUSG00000048794,ENSMFAG00000042548
ENSMUSG00000053799,ENSMFAG00000000962
ENSMUSG00000004364,ENSMFAG00000036803
ENSMUSG00000030516,ENSMFAG00000037125
ENSMUSG00000102301,ENSMFAG00000057385
ENSMUSG00000102301,ENSMFAG00000050822
ENSMUSG00000102301,ENSMFAG00000065319
ENSMUSG00000102301,ENSMFAG00000056747
ENSMUSG00000102301,ENSMFAG00000065020
ENSMUSG00000102301,ENSMFAG00000063899
ENSMUSG00000019838,ENSMFAG00000037297
ENSMUSG00000095442,ENSMFAG00000059185
ENSMUSG00000095442,ENSMFAG00000054887
ENSMUSG00000095442,ENSMFAG00000048295
ENSMUSG00000095442,ENSMFAG00000064727
ENSMUSG00000095442,ENSMFAG00000063904
ENSMUSG00000095442,ENSMFAG00000050722
ENSMUSG00000095442,ENSMFAG00000064695
ENSMUSG00000095442,ENSMFAG00000054894
ENSMUSG00000095442,ENSMFAG00000053019
ENSMUSG00000095442,ENSMFAG00000060568
ENSMUSG00000095442,ENSMFAG00000003739
ENSMUSG00000095442,ENSMFAG00000056416
ENSMUSG00000095442,ENSMFAG00000064094
ENSMUSG00000095442,ENSMFAG00000050313
ENSMUSG00000095442,ENSMFAG00000063575
ENSMUSG00000095442,ENSMFAG00000050523
ENSMUSG00000095442,ENSMFAG00000064982
ENSMUSG00000095442,ENSMFAG00000047678
ENSMUSG00000048915,ENSMFAG00000000459
ENSMUSG00000096499,ENSMFAG00000059185
ENSMUSG00000096499,ENSMFAG00000054887
ENSMUSG00000096499,ENSMFAG00000048295
ENSMUSG00000096499,ENSMFAG00000064727
ENSMUSG00000096499,ENSMFAG00000063904
ENSMUSG00000096499,ENSMFAG00000050722
ENSMUSG00000096499,ENSMFAG00000064695
ENSMUSG00000096499,ENSMFAG00000054894
ENSMUSG00000096499,ENSMFAG00000053019
ENSMUSG00000096499,ENSMFAG00000060568
ENSMUSG00000096499,ENSMFAG00000003739
ENSMUSG00000096499,ENSMFAG00000056416
ENSMUSG00000096499,ENSMFAG00000064094
ENSMUSG00000096499,ENSMFAG00000050313
ENSMUSG00000096499,ENSMFAG00000063575
ENSMUSG00000096499,ENSMFAG00000050523
ENSMUSG00000096499,ENSMFAG00000064982
ENSMUSG00000096499,ENSMFAG00000047678
ENSMUSG00000020849,ENSMFAG00000039687
ENSMUSG00000021007,ENSMFAG00000034414
ENSMUSG00000023965,ENSMFAG00000042858
ENSMUSG00000028004,ENSMFAG00000017146
ENSMUSG00000020115,ENSMFAG00000031885
ENSMUSG00000089296,ENSMFAG00000004673
ENSMUSG00000052102,ENSMFAG00000032994
ENSMUSG00000030087,ENSMFAG00000002550
ENSMUSG00000039270,ENSMFAG00000049040
ENSMUSG00000033882,ENSMFAG00000043485
ENSMUSG00000035757,ENSMFAG00000000242
ENSMUSG00000020848,ENSMFAG00000048901
ENSMUSG00000026478,ENSMFAG00000033997
ENSMUSG00000024425,ENSMFAG00000039431
ENSMUSG00002075126,ENSMFAG00000064199
ENSMUSG00000041540,ENSMFAG00000033855
ENSMUSG00000000127,ENSMFAG00000042431
ENSMUSG00000028906,ENSMFAG00000046344
ENSMUSG00000028003,ENSMFAG00000029235
ENSMUSG00000019312,ENSMFAG00000040332
ENSMUSG00000033860,ENSMFAG00000002159
ENSMUSG00000022195,ENSMFAG00000031021
ENSMUSG00000060445,ENSMFAG00000000376
ENSMUSG00000062432,ENSMFAG00000059589
ENSMUSG00000034667,ENSMFAG00000032644
ENSMUSG00000024987,ENSMFAG00000041244
ENSMUSG00000051209,ENSMFAG00000016138
ENSMUSG00000028001,ENSMFAG00000045295
ENSMUSG00000031266,ENSMFAG00000032541
ENSMUSG00000065439,ENSMFAG00000012156
ENSMUSG00000039067,ENSMFAG00000038857
ENSMUSG00000039047,ENSMFAG00000033601
ENSMUSG00000045098,ENSMFAG00000030851
ENSMUSG00000110100,ENSMFAG00000039663
ENSMUSG00000042708,ENSMFAG00000031875
ENSMUSG00000024431,ENSMFAG00000039004
ENSMUSG00000018168,ENSMFAG00000043940
ENSMUSG00000031107,ENSMFAG00000024381
ENSMUSG00000031107,ENSMFAG00000041017
ENSMUSG00000031446,ENSMFAG00000043855
ENSMUSG00000095200,ENSMFAG00000059185
ENSMUSG00000095200,ENSMFAG00000054887
ENSMUSG00000095200,ENSMFAG00000048295
ENSMUSG00000095200,ENSMFAG00000064727
ENSMUSG00000095200,ENSMFAG00000063904
ENSMUSG00000095200,ENSMFAG00000050722
ENSMUSG00000095200,ENSMFAG00000064695
ENSMUSG00000095200,ENSMFAG00000054894
ENSMUSG00000095200,ENSMFAG00000053019
ENSMUSG00000095200,ENSMFAG00000060568
ENSMUSG00000095200,ENSMFAG00000003739
ENSMUSG00000095200,ENSMFAG00000056416
ENSMUSG00000095200,ENSMFAG00000064094
ENSMUSG00000095200,ENSMFAG00000050313
ENSMUSG00000095200,ENSMFAG00000063575
ENSMUSG00000095200,ENSMFAG00000050523
ENSMUSG00000095200,ENSMFAG00000064982
ENSMUSG00000095200,ENSMFAG00000047678
ENSMUSG00000084621,ENSMFAG00000021318
ENSMUSG00000020464,ENSMFAG00000001927
ENSMUSG00000102888,ENSMFAG00000059185
ENSMUSG00000102888,ENSMFAG00000054887
ENSMUSG00000102888,ENSMFAG00000048295
ENSMUSG00000102888,ENSMFAG00000064727
ENSMUSG00000102888,ENSMFAG00000063904
ENSMUSG00000102888,ENSMFAG00000050722
ENSMUSG00000102888,ENSMFAG00000064695
ENSMUSG00000102888,ENSMFAG00000054894
ENSMUSG00000102888,ENSMFAG00000053019
ENSMUSG00000102888,ENSMFAG00000060568
ENSMUSG00000102888,ENSMFAG00000003739
ENSMUSG00000102888,ENSMFAG00000056416
ENSMUSG00000102888,ENSMFAG00000064094
ENSMUSG00000102888,ENSMFAG00000050313
ENSMUSG00000102888,ENSMFAG00000063575
ENSMUSG00000102888,ENSMFAG00000050523
ENSMUSG00000102888,ENSMFAG00000064982
ENSMUSG00000102888,ENSMFAG00000047678
ENSMUSG00000050089,ENSMFAG00000001429
ENSMUSG00000095416,ENSMFAG00000059185
ENSMUSG00000095416,ENSMFAG00000054887
ENSMUSG00000095416,ENSMFAG00000048295
ENSMUSG00000095416,ENSMFAG00000064727
ENSMUSG00000095416,ENSMFAG00000063904
ENSMUSG00000095416,ENSMFAG00000050722
ENSMUSG00000095416,ENSMFAG00000064695
ENSMUSG00000095416,ENSMFAG00000054894
ENSMUSG00000095416,ENSMFAG00000053019
ENSMUSG00000095416,ENSMFAG00000060568
ENSMUSG00000095416,ENSMFAG00000003739
ENSMUSG00000095416,ENSMFAG00000056416
ENSMUSG00000095416,ENSMFAG00000064094
ENSMUSG00000095416,ENSMFAG00000050313
ENSMUSG00000095416,ENSMFAG00000063575
ENSMUSG00000095416,ENSMFAG00000050523
ENSMUSG00000095416,ENSMFAG00000064982
ENSMUSG00000095416,ENSMFAG00000047678
ENSMUSG00000041144,ENSMFAG00000037848
ENSMUSG00000005124,ENSMFAG00000033614
ENSMUSG00000103254,ENSMFAG00000059185
ENSMUSG00000103254,ENSMFAG00000054887
ENSMUSG00000103254,ENSMFAG00000048295
ENSMUSG00000103254,ENSMFAG00000064727
ENSMUSG00000103254,ENSMFAG00000063904
ENSMUSG00000103254,ENSMFAG00000050722
ENSMUSG00000103254,ENSMFAG00000064695
ENSMUSG00000103254,ENSMFAG00000054894
ENSMUSG00000103254,ENSMFAG00000053019
ENSMUSG00000103254,ENSMFAG00000060568
ENSMUSG00000103254,ENSMFAG00000003739
ENSMUSG00000103254,ENSMFAG00000056416
ENSMUSG00000103254,ENSMFAG00000064094
ENSMUSG00000103254,ENSMFAG00000050313
ENSMUSG00000103254,ENSMFAG00000063575
ENSMUSG00000103254,ENSMFAG00000050523
ENSMUSG00000103254,ENSMFAG00000064982
ENSMUSG00000103254,ENSMFAG00000047678
ENSMUSG00000095554,ENSMFAG00000059185
ENSMUSG00000095554,ENSMFAG00000054887
ENSMUSG00000095554,ENSMFAG00000048295
ENSMUSG00000095554,ENSMFAG00000064727
ENSMUSG00000095554,ENSMFAG00000063904
ENSMUSG00000095554,ENSMFAG00000050722
ENSMUSG00000095554,ENSMFAG00000064695
ENSMUSG00000095554,ENSMFAG00000054894
ENSMUSG00000095554,ENSMFAG00000053019
ENSMUSG00000095554,ENSMFAG00000060568
ENSMUSG00000095554,ENSMFAG00000003739
ENSMUSG00000095554,ENSMFAG00000056416
ENSMUSG00000095554,ENSMFAG00000064094
ENSMUSG00000095554,ENSMFAG00000050313
ENSMUSG00000095554,ENSMFAG00000063575
ENSMUSG00000095554,ENSMFAG00000050523
ENSMUSG00000095554,ENSMFAG00000064982
ENSMUSG00000095554,ENSMFAG00000047678
ENSMUSG00000094561,ENSMFAG00000059185
ENSMUSG00000094561,ENSMFAG00000054887
ENSMUSG00000094561,ENSMFAG00000048295
ENSMUSG00000094561,ENSMFAG00000064727
ENSMUSG00000094561,ENSMFAG00000063904
ENSMUSG00000094561,ENSMFAG00000050722
ENSMUSG00000094561,ENSMFAG00000064695
ENSMUSG00000094561,ENSMFAG00000054894
ENSMUSG00000094561,ENSMFAG00000053019
ENSMUSG00000094561,ENSMFAG00000060568
ENSMUSG00000094561,ENSMFAG00000003739
ENSMUSG00000094561,ENSMFAG00000056416
ENSMUSG00000094561,ENSMFAG00000064094
ENSMUSG00000094561,ENSMFAG00000050313
ENSMUSG00000094561,ENSMFAG00000063575
ENSMUSG00000094561,ENSMFAG00000050523
ENSMUSG00000094561,ENSMFAG00000064982
ENSMUSG00000094561,ENSMFAG00000047678
ENSMUSG00000070476,ENSMFAG00000030015
ENSMUSG00000103290,ENSMFAG00000059185
ENSMUSG00000103290,ENSMFAG00000054887
ENSMUSG00000103290,ENSMFAG00000048295
ENSMUSG00000103290,ENSMFAG00000064727
ENSMUSG00000103290,ENSMFAG00000063904
ENSMUSG00000103290,ENSMFAG00000050722
ENSMUSG00000103290,ENSMFAG00000064695
ENSMUSG00000103290,ENSMFAG00000054894
ENSMUSG00000103290,ENSMFAG00000053019
ENSMUSG00000103290,ENSMFAG00000060568
ENSMUSG00000103290,ENSMFAG00000003739
ENSMUSG00000103290,ENSMFAG00000056416
ENSMUSG00000103290,ENSMFAG00000064094
ENSMUSG00000103290,ENSMFAG00000050313
ENSMUSG00000103290,ENSMFAG00000063575
ENSMUSG00000103290,ENSMFAG00000050523
ENSMUSG00000103290,ENSMFAG00000064982
ENSMUSG00000103290,ENSMFAG00000047678
ENSMUSG00000094241,ENSMFAG00000059185
ENSMUSG00000094241,ENSMFAG00000054887
ENSMUSG00000094241,ENSMFAG00000048295
ENSMUSG00000094241,ENSMFAG00000064727
ENSMUSG00000094241,ENSMFAG00000063904
ENSMUSG00000094241,ENSMFAG00000050722
ENSMUSG00000094241,ENSMFAG00000064695
ENSMUSG00000094241,ENSMFAG00000054894
ENSMUSG00000094241,ENSMFAG00000053019
ENSMUSG00000094241,ENSMFAG00000060568
ENSMUSG00000094241,ENSMFAG00000003739
ENSMUSG00000094241,ENSMFAG00000056416
ENSMUSG00000094241,ENSMFAG00000064094
ENSMUSG00000094241,ENSMFAG00000050313
ENSMUSG00000094241,ENSMFAG00000063575
ENSMUSG00000094241,ENSMFAG00000050523
ENSMUSG00000094241,ENSMFAG00000064982
ENSMUSG00000094241,ENSMFAG00000047678
ENSMUSG00000038510,ENSMFAG00000053628
ENSMUSG00000030629,ENSMFAG00000045344
ENSMUSG00000094546,ENSMFAG00000059185
ENSMUSG00000094546,ENSMFAG00000054887
ENSMUSG00000094546,ENSMFAG00000048295
ENSMUSG00000094546,ENSMFAG00000064727
ENSMUSG00000094546,ENSMFAG00000063904
ENSMUSG00000094546,ENSMFAG00000050722
ENSMUSG00000094546,ENSMFAG00000064695
ENSMUSG00000094546,ENSMFAG00000054894
ENSMUSG00000094546,ENSMFAG00000053019
ENSMUSG00000094546,ENSMFAG00000060568
ENSMUSG00000094546,ENSMFAG00000003739
ENSMUSG00000094546,ENSMFAG00000056416
ENSMUSG00000094546,ENSMFAG00000064094
ENSMUSG00000094546,ENSMFAG00000050313
ENSMUSG00000094546,ENSMFAG00000063575
ENSMUSG00000094546,ENSMFAG00000050523
ENSMUSG00000094546,ENSMFAG00000064982
ENSMUSG00000094546,ENSMFAG00000047678
ENSMUSG00000039155,ENSMFAG00000034675
ENSMUSG00000038872,ENSMFAG00000034225
ENSMUSG00000051732,ENSMFAG00000044845
ENSMUSG00000051732,ENSMFAG00000049831
ENSMUSG00000051732,ENSMFAG00000004725
ENSMUSG00000051732,ENSMFAG00000051409
ENSMUSG00000024083,ENSMFAG00000039247
ENSMUSG00000096649,ENSMFAG00000059185
ENSMUSG00000096649,ENSMFAG00000054887
ENSMUSG00000096649,ENSMFAG00000048295
ENSMUSG00000096649,ENSMFAG00000064727
ENSMUSG00000096649,ENSMFAG00000063904
ENSMUSG00000096649,ENSMFAG00000050722
ENSMUSG00000096649,ENSMFAG00000064695
ENSMUSG00000096649,ENSMFAG00000054894
ENSMUSG00000096649,ENSMFAG00000053019
ENSMUSG00000096649,ENSMFAG00000060568
ENSMUSG00000096649,ENSMFAG00000003739
ENSMUSG00000096649,ENSMFAG00000056416
ENSMUSG00000096649,ENSMFAG00000064094
ENSMUSG00000096649,ENSMFAG00000050313
ENSMUSG00000096649,ENSMFAG00000063575
ENSMUSG00000096649,ENSMFAG00000050523
ENSMUSG00000096649,ENSMFAG00000064982
ENSMUSG00000096649,ENSMFAG00000047678
ENSMUSG00000024487,ENSMFAG00000001553
ENSMUSG00000045427,ENSMFAG00000042514
ENSMUSG00000093955,ENSMFAG00000059185
ENSMUSG00000093955,ENSMFAG00000054887
ENSMUSG00000093955,ENSMFAG00000048295
ENSMUSG00000093955,ENSMFAG00000064727
ENSMUSG00000093955,ENSMFAG00000063904
ENSMUSG00000093955,ENSMFAG00000050722
ENSMUSG00000093955,ENSMFAG00000064695
ENSMUSG00000093955,ENSMFAG00000054894
ENSMUSG00000093955,ENSMFAG00000053019
ENSMUSG00000093955,ENSMFAG00000060568
ENSMUSG00000093955,ENSMFAG00000003739
ENSMUSG00000093955,ENSMFAG00000056416
ENSMUSG00000093955,ENSMFAG00000064094
ENSMUSG00000093955,ENSMFAG00000050313
ENSMUSG00000093955,ENSMFAG00000063575
ENSMUSG00000093955,ENSMFAG00000050523
ENSMUSG00000093955,ENSMFAG00000064982
ENSMUSG00000093955,ENSMFAG00000047678
ENSMUSG00000051401,ENSMFAG00000031599
ENSMUSG00000031447,ENSMFAG00000031309
ENSMUSG00002075105,ENSMFAG00000013085
ENSMUSG00000049804,ENSMFAG00000000480
ENSMUSG00000056671,ENSMFAG00000032007
ENSMUSG00000027469,ENSMFAG00000044400
ENSMUSG00000025658,ENSMFAG00000037951
ENSMUSG00000033831,ENSMFAG00000045146
ENSMUSG00000022191,ENSMFAG00000003055
ENSMUSG00000073574,ENSMFAG00000030536
ENSMUSG00000039037,ENSMFAG00000041884
ENSMUSG00000020847,ENSMFAG00000064361
ENSMUSG00000057719,ENSMFAG00000042350
ENSMUSG00000024085,ENSMFAG00000045111
ENSMUSG00000045482,ENSMFAG00000039475
ENSMUSG00000042699,ENSMFAG00000041152
ENSMUSG00000052544,ENSMFAG00000038282
ENSMUSG00000047642,ENSMFAG00000036689
ENSMUSG00000037325,ENSMFAG00000042678
ENSMUSG00000053783,ENSMFAG00000016416
ENSMUSG00000032691,ENSMFAG00000038424
ENSMUSG00000045036,ENSMFAG00000001672
ENSMUSG00000059455,ENSMFAG00000041173
ENSMUSG00000053684,ENSMFAG00000000249
ENSMUSG00000024493,ENSMFAG00000038685
ENSMUSG00000095130,ENSMFAG00000059185
ENSMUSG00000095130,ENSMFAG00000054887
ENSMUSG00000095130,ENSMFAG00000048295
ENSMUSG00000095130,ENSMFAG00000064727
ENSMUSG00000095130,ENSMFAG00000063904
ENSMUSG00000095130,ENSMFAG00000050722
ENSMUSG00000095130,ENSMFAG00000064695
ENSMUSG00000095130,ENSMFAG00000054894
ENSMUSG00000095130,ENSMFAG00000053019
ENSMUSG00000095130,ENSMFAG00000060568
ENSMUSG00000095130,ENSMFAG00000003739
ENSMUSG00000095130,ENSMFAG00000056416
ENSMUSG00000095130,ENSMFAG00000064094
ENSMUSG00000095130,ENSMFAG00000050313
ENSMUSG00000095130,ENSMFAG00000063575
ENSMUSG00000095130,ENSMFAG00000050523
ENSMUSG00000095130,ENSMFAG00000064982
ENSMUSG00000095130,ENSMFAG00000047678
ENSMUSG00000031727,ENSMFAG00000033406
ENSMUSG00000019837,ENSMFAG00000001340
ENSMUSG00000030088,ENSMFAG00000039810
ENSMUSG00000094652,ENSMFAG00000059185
ENSMUSG00000094652,ENSMFAG00000054887
ENSMUSG00000094652,ENSMFAG00000048295
ENSMUSG00000094652,ENSMFAG00000064727
ENSMUSG00000094652,ENSMFAG00000063904
ENSMUSG00000094652,ENSMFAG00000050722
ENSMUSG00000094652,ENSMFAG00000064695
ENSMUSG00000094652,ENSMFAG00000054894
ENSMUSG00000094652,ENSMFAG00000053019
ENSMUSG00000094652,ENSMFAG00000060568
ENSMUSG00000094652,ENSMFAG00000003739
ENSMUSG00000094652,ENSMFAG00000056416
ENSMUSG00000094652,ENSMFAG00000064094
ENSMUSG00000094652,ENSMFAG00000050313
ENSMUSG00000094652,ENSMFAG00000063575
ENSMUSG00000094652,ENSMFAG00000050523
ENSMUSG00000094652,ENSMFAG00000064982
ENSMUSG00000094652,ENSMFAG00000047678
ENSMUSG00000095859,ENSMFAG00000059185
ENSMUSG00000095859,ENSMFAG00000054887
ENSMUSG00000095859,ENSMFAG00000048295
ENSMUSG00000095859,ENSMFAG00000064727
ENSMUSG00000095859,ENSMFAG00000063904
ENSMUSG00000095859,ENSMFAG00000050722
ENSMUSG00000095859,ENSMFAG00000064695
ENSMUSG00000095859,ENSMFAG00000054894
ENSMUSG00000095859,ENSMFAG00000053019
ENSMUSG00000095859,ENSMFAG00000060568
ENSMUSG00000095859,ENSMFAG00000003739
ENSMUSG00000095859,ENSMFAG00000056416
ENSMUSG00000095859,ENSMFAG00000064094
ENSMUSG00000095859,ENSMFAG00000050313
ENSMUSG00000095859,ENSMFAG00000063575
ENSMUSG00000095859,ENSMFAG00000050523
ENSMUSG00000095859,ENSMFAG00000064982
ENSMUSG00000095859,ENSMFAG00000047678
ENSMUSG00000021448,ENSMFAG00000041328
ENSMUSG00000076709,ENSMFAG00000059185
ENSMUSG00000076709,ENSMFAG00000054887
ENSMUSG00000076709,ENSMFAG00000048295
ENSMUSG00000076709,ENSMFAG00000064727
ENSMUSG00000076709,ENSMFAG00000063904
ENSMUSG00000076709,ENSMFAG00000050722
ENSMUSG00000076709,ENSMFAG00000064695
ENSMUSG00000076709,ENSMFAG00000054894
ENSMUSG00000076709,ENSMFAG00000053019
ENSMUSG00000076709,ENSMFAG00000060568
ENSMUSG00000076709,ENSMFAG00000003739
ENSMUSG00000076709,ENSMFAG00000056416
ENSMUSG00000076709,ENSMFAG00000064094
ENSMUSG00000076709,ENSMFAG00000050313
ENSMUSG00000076709,ENSMFAG00000063575
ENSMUSG00000076709,ENSMFAG00000050523
ENSMUSG00000076709,ENSMFAG00000064982
ENSMUSG00000076709,ENSMFAG00000047678
ENSMUSG00000020846,ENSMFAG00000057680
ENSMUSG00000096355,ENSMFAG00000057385
ENSMUSG00000096355,ENSMFAG00000050822
ENSMUSG00000096355,ENSMFAG00000065319
ENSMUSG00000096355,ENSMFAG00000056747
ENSMUSG00000096355,ENSMFAG00000065020
ENSMUSG00000096355,ENSMFAG00000063899
ENSMUSG00000037993,ENSMFAG00000031852
ENSMUSG00000059610,ENSMFAG00000029820
ENSMUSG00000076710,ENSMFAG00000059185
ENSMUSG00000076710,ENSMFAG00000054887
ENSMUSG00000076710,ENSMFAG00000048295
ENSMUSG00000076710,ENSMFAG00000064727
ENSMUSG00000076710,ENSMFAG00000063904
ENSMUSG00000076710,ENSMFAG00000050722
ENSMUSG00000076710,ENSMFAG00000064695
ENSMUSG00000076710,ENSMFAG00000054894
ENSMUSG00000076710,ENSMFAG00000053019
ENSMUSG00000076710,ENSMFAG00000060568
ENSMUSG00000076710,ENSMFAG00000003739
ENSMUSG00000076710,ENSMFAG00000056416
ENSMUSG00000076710,ENSMFAG00000064094
ENSMUSG00000076710,ENSMFAG00000050313
ENSMUSG00000076710,ENSMFAG00000063575
ENSMUSG00000076710,ENSMFAG00000050523
ENSMUSG00000076710,ENSMFAG00000064982
ENSMUSG00000076710,ENSMFAG00000047678
ENSMUSG00000102364,ENSMFAG00000057385
ENSMUSG00000102364,ENSMFAG00000050822
ENSMUSG00000102364,ENSMFAG00000065319
ENSMUSG00000102364,ENSMFAG00000056747
ENSMUSG00000102364,ENSMFAG00000065020
ENSMUSG00000102364,ENSMFAG00000063899
ENSMUSG00000027470,ENSMFAG00000043314
ENSMUSG00000017195,ENSMFAG00000002549
ENSMUSG00000094198,ENSMFAG00000059185
ENSMUSG00000094198,ENSMFAG00000054887
ENSMUSG00000094198,ENSMFAG00000048295
ENSMUSG00000094198,ENSMFAG00000064727
ENSMUSG00000094198,ENSMFAG00000063904
ENSMUSG00000094198,ENSMFAG00000050722
ENSMUSG00000094198,ENSMFAG00000064695
ENSMUSG00000094198,ENSMFAG00000054894
ENSMUSG00000094198,ENSMFAG00000053019
ENSMUSG00000094198,ENSMFAG00000060568
ENSMUSG00000094198,ENSMFAG00000003739
ENSMUSG00000094198,ENSMFAG00000056416
ENSMUSG00000094198,ENSMFAG00000064094
ENSMUSG00000094198,ENSMFAG00000050313
ENSMUSG00000094198,ENSMFAG00000063575
ENSMUSG00000094198,ENSMFAG00000050523
ENSMUSG00000094198,ENSMFAG00000064982
ENSMUSG00000094198,ENSMFAG00000047678
ENSMUSG00002074875,ENSMFAG00000009220
ENSMUSG00002074875,ENSMFAG00000009185
ENSMUSG00000106147,ENSMFAG00000015992
ENSMUSG00000004317,ENSMFAG00000031675
ENSMUSG00000075232,ENSMFAG00000031017
ENSMUSG00000093894,ENSMFAG00000059185
ENSMUSG00000093894,ENSMFAG00000054887
ENSMUSG00000093894,ENSMFAG00000048295
ENSMUSG00000093894,ENSMFAG00000064727
ENSMUSG00000093894,ENSMFAG00000063904
ENSMUSG00000093894,ENSMFAG00000050722
ENSMUSG00000093894,ENSMFAG00000064695
ENSMUSG00000093894,ENSMFAG00000054894
ENSMUSG00000093894,ENSMFAG00000053019
ENSMUSG00000093894,ENSMFAG00000060568
ENSMUSG00000093894,ENSMFAG00000003739
ENSMUSG00000093894,ENSMFAG00000056416
ENSMUSG00000093894,ENSMFAG00000064094
ENSMUSG00000093894,ENSMFAG00000050313
ENSMUSG00000093894,ENSMFAG00000063575
ENSMUSG00000093894,ENSMFAG00000050523
ENSMUSG00000093894,ENSMFAG00000064982
ENSMUSG00000093894,ENSMFAG00000047678
ENSMUSG00000094505,ENSMFAG00000057385
ENSMUSG00000094505,ENSMFAG00000050822
ENSMUSG00000094505,ENSMFAG00000065319
ENSMUSG00000094505,ENSMFAG00000056747
ENSMUSG00000094505,ENSMFAG00000065020
ENSMUSG00000094505,ENSMFAG00000063899
ENSMUSG00000039385,ENSMFAG00000001830
ENSMUSG00000094787,ENSMFAG00000059185
ENSMUSG00000094787,ENSMFAG00000054887
ENSMUSG00000094787,ENSMFAG00000048295
ENSMUSG00000094787,ENSMFAG00000064727
ENSMUSG00000094787,ENSMFAG00000063904
ENSMUSG00000094787,ENSMFAG00000050722
ENSMUSG00000094787,ENSMFAG00000064695
ENSMUSG00000094787,ENSMFAG00000054894
ENSMUSG00000094787,ENSMFAG00000053019
ENSMUSG00000094787,ENSMFAG00000060568
ENSMUSG00000094787,ENSMFAG00000003739
ENSMUSG00000094787,ENSMFAG00000056416
ENSMUSG00000094787,ENSMFAG00000064094
ENSMUSG00000094787,ENSMFAG00000050313
ENSMUSG00000094787,ENSMFAG00000063575
ENSMUSG00000094787,ENSMFAG00000050523
ENSMUSG00000094787,ENSMFAG00000064982
ENSMUSG00000094787,ENSMFAG00000047678
ENSMUSG00000000305,ENSMFAG00000042158
ENSMUSG00000095589,ENSMFAG00000059185
ENSMUSG00000095589,ENSMFAG00000054887
ENSMUSG00000095589,ENSMFAG00000048295
ENSMUSG00000095589,ENSMFAG00000064727
ENSMUSG00000095589,ENSMFAG00000063904
ENSMUSG00000095589,ENSMFAG00000050722
ENSMUSG00000095589,ENSMFAG00000064695
ENSMUSG00000095589,ENSMFAG00000054894
ENSMUSG00000095589,ENSMFAG00000053019
ENSMUSG00000095589,ENSMFAG00000060568
ENSMUSG00000095589,ENSMFAG00000003739
ENSMUSG00000095589,ENSMFAG00000056416
ENSMUSG00000095589,ENSMFAG00000064094
ENSMUSG00000095589,ENSMFAG00000050313
ENSMUSG00000095589,ENSMFAG00000063575
ENSMUSG00000095589,ENSMFAG00000050523
ENSMUSG00000095589,ENSMFAG00000064982
ENSMUSG00000095589,ENSMFAG00000047678
ENSMUSG00000094862,ENSMFAG00000059185
ENSMUSG00000094862,ENSMFAG00000054887
ENSMUSG00000094862,ENSMFAG00000048295
ENSMUSG00000094862,ENSMFAG00000064727
ENSMUSG00000094862,ENSMFAG00000063904
ENSMUSG00000094862,ENSMFAG00000050722
ENSMUSG00000094862,ENSMFAG00000064695
ENSMUSG00000094862,ENSMFAG00000054894
ENSMUSG00000094862,ENSMFAG00000053019
ENSMUSG00000094862,ENSMFAG00000060568
ENSMUSG00000094862,ENSMFAG00000003739
ENSMUSG00000094862,ENSMFAG00000056416
ENSMUSG00000094862,ENSMFAG00000064094
ENSMUSG00000094862,ENSMFAG00000050313
ENSMUSG00000094862,ENSMFAG00000063575
ENSMUSG00000094862,ENSMFAG00000050523
ENSMUSG00000094862,ENSMFAG00000064982
ENSMUSG00000094862,ENSMFAG00000047678
ENSMUSG00000064672,ENSMFAG00000009552
ENSMUSG00000021710,ENSMFAG00000031704
ENSMUSG00000104452,ENSMFAG00000057385
ENSMUSG00000104452,ENSMFAG00000050822
ENSMUSG00000104452,ENSMFAG00000065319
ENSMUSG00000104452,ENSMFAG00000056747
ENSMUSG00000104452,ENSMFAG00000065020
ENSMUSG00000104452,ENSMFAG00000063899
ENSMUSG00000095889,ENSMFAG00000059185
ENSMUSG00000095889,ENSMFAG00000054887
ENSMUSG00000095889,ENSMFAG00000048295
ENSMUSG00000095889,ENSMFAG00000064727
ENSMUSG00000095889,ENSMFAG00000063904
ENSMUSG00000095889,ENSMFAG00000050722
ENSMUSG00000095889,ENSMFAG00000064695
ENSMUSG00000095889,ENSMFAG00000054894
ENSMUSG00000095889,ENSMFAG00000053019
ENSMUSG00000095889,ENSMFAG00000060568
ENSMUSG00000095889,ENSMFAG00000003739
ENSMUSG00000095889,ENSMFAG00000056416
ENSMUSG00000095889,ENSMFAG00000064094
ENSMUSG00000095889,ENSMFAG00000050313
ENSMUSG00000095889,ENSMFAG00000063575
ENSMUSG00000095889,ENSMFAG00000050523
ENSMUSG00000095889,ENSMFAG00000064982
ENSMUSG00000095889,ENSMFAG00000047678
ENSMUSG00000062906,ENSMFAG00000033885
ENSMUSG00000031723,ENSMFAG00000043897
ENSMUSG00000020121,ENSMFAG00000042942
ENSMUSG00000075701,ENSMFAG00000001376
ENSMUSG00000094087,ENSMFAG00000059185
ENSMUSG00000094087,ENSMFAG00000054887
ENSMUSG00000094087,ENSMFAG00000048295
ENSMUSG00000094087,ENSMFAG00000064727
ENSMUSG00000094087,ENSMFAG00000063904
ENSMUSG00000094087,ENSMFAG00000050722
ENSMUSG00000094087,ENSMFAG00000064695
ENSMUSG00000094087,ENSMFAG00000054894
ENSMUSG00000094087,ENSMFAG00000053019
ENSMUSG00000094087,ENSMFAG00000060568
ENSMUSG00000094087,ENSMFAG00000003739
ENSMUSG00000094087,ENSMFAG00000056416
ENSMUSG00000094087,ENSMFAG00000064094
ENSMUSG00000094087,ENSMFAG00000050313
ENSMUSG00000094087,ENSMFAG00000063575
ENSMUSG00000094087,ENSMFAG00000050523
ENSMUSG00000094087,ENSMFAG00000064982
ENSMUSG00000094087,ENSMFAG00000047678
ENSMUSG00000102313,ENSMFAG00000059185
ENSMUSG00000102313,ENSMFAG00000054887
ENSMUSG00000102313,ENSMFAG00000048295
ENSMUSG00000102313,ENSMFAG00000064727
ENSMUSG00000102313,ENSMFAG00000063904
ENSMUSG00000102313,ENSMFAG00000050722
ENSMUSG00000102313,ENSMFAG00000064695
ENSMUSG00000102313,ENSMFAG00000054894
ENSMUSG00000102313,ENSMFAG00000053019
ENSMUSG00000102313,ENSMFAG00000060568
ENSMUSG00000102313,ENSMFAG00000003739
ENSMUSG00000102313,ENSMFAG00000056416
ENSMUSG00000102313,ENSMFAG00000064094
ENSMUSG00000102313,ENSMFAG00000050313
ENSMUSG00000102313,ENSMFAG00000063575
ENSMUSG00000102313,ENSMFAG00000050523
ENSMUSG00000102313,ENSMFAG00000064982
ENSMUSG00000102313,ENSMFAG00000047678
ENSMUSG00000038515,ENSMFAG00000039147
ENSMUSG00000042662,ENSMFAG00000003502
ENSMUSG00000096078,ENSMFAG00000059185
ENSMUSG00000096078,ENSMFAG00000054887
ENSMUSG00000096078,ENSMFAG00000048295
ENSMUSG00000096078,ENSMFAG00000064727
ENSMUSG00000096078,ENSMFAG00000063904
ENSMUSG00000096078,ENSMFAG00000050722
ENSMUSG00000096078,ENSMFAG00000064695
ENSMUSG00000096078,ENSMFAG00000054894
ENSMUSG00000096078,ENSMFAG00000053019
ENSMUSG00000096078,ENSMFAG00000060568
ENSMUSG00000096078,ENSMFAG00000003739
ENSMUSG00000096078,ENSMFAG00000056416
ENSMUSG00000096078,ENSMFAG00000064094
ENSMUSG00000096078,ENSMFAG00000050313
ENSMUSG00000096078,ENSMFAG00000063575
ENSMUSG00000096078,ENSMFAG00000050523
ENSMUSG00000096078,ENSMFAG00000064982
ENSMUSG00000096078,ENSMFAG00000047678
ENSMUSG00000096767,ENSMFAG00000059185
ENSMUSG00000096767,ENSMFAG00000054887
ENSMUSG00000096767,ENSMFAG00000048295
ENSMUSG00000096767,ENSMFAG00000064727
ENSMUSG00000096767,ENSMFAG00000063904
ENSMUSG00000096767,ENSMFAG00000050722
ENSMUSG00000096767,ENSMFAG00000064695
ENSMUSG00000096767,ENSMFAG00000054894
ENSMUSG00000096767,ENSMFAG00000053019
ENSMUSG00000096767,ENSMFAG00000060568
ENSMUSG00000096767,ENSMFAG00000003739
ENSMUSG00000096767,ENSMFAG00000056416
ENSMUSG00000096767,ENSMFAG00000064094
ENSMUSG00000096767,ENSMFAG00000050313
ENSMUSG00000096767,ENSMFAG00000063575
ENSMUSG00000096767,ENSMFAG00000050523
ENSMUSG00000096767,ENSMFAG00000064982
ENSMUSG00000096767,ENSMFAG00000047678
ENSMUSG00000070108,ENSMFAG00000013288
ENSMUSG00000065398,ENSMFAG00000014597
ENSMUSG00000070139,ENSMFAG00000007301
ENSMUSG00000046269,ENSMFAG00000035150
ENSMUSG00000095117,ENSMFAG00000057385
ENSMUSG00000095117,ENSMFAG00000050822
ENSMUSG00000095117,ENSMFAG00000065319
ENSMUSG00000095117,ENSMFAG00000056747
ENSMUSG00000095117,ENSMFAG00000065020
ENSMUSG00000095117,ENSMFAG00000063899
ENSMUSG00000038997,ENSMFAG00000044899
ENSMUSG00000024091,ENSMFAG00000041702
ENSMUSG00000021066,ENSMFAG00000000528
ENSMUSG00000032640,ENSMFAG00000041311
ENSMUSG00000042684,ENSMFAG00000034260
ENSMUSG00000033460,ENSMFAG00000025048
ENSMUSG00000024491,ENSMFAG00000042337
ENSMUSG00000039735,ENSMFAG00000007905
ENSMUSG00000039117,ENSMFAG00000002330
ENSMUSG00000101337,ENSMFAG00000037848
ENSMUSG00000050612,ENSMFAG00000044621
ENSMUSG00000020463,ENSMFAG00000037701
ENSMUSG00000056515,ENSMFAG00000038727
ENSMUSG00000034620,ENSMFAG00000046131
ENSMUSG00000096672,ENSMFAG00000059185
ENSMUSG00000096672,ENSMFAG00000054887
ENSMUSG00000096672,ENSMFAG00000048295
ENSMUSG00000096672,ENSMFAG00000064727
ENSMUSG00000096672,ENSMFAG00000063904
ENSMUSG00000096672,ENSMFAG00000050722
ENSMUSG00000096672,ENSMFAG00000064695
ENSMUSG00000096672,ENSMFAG00000054894
ENSMUSG00000096672,ENSMFAG00000053019
ENSMUSG00000096672,ENSMFAG00000060568
ENSMUSG00000096672,ENSMFAG00000003739
ENSMUSG00000096672,ENSMFAG00000056416
ENSMUSG00000096672,ENSMFAG00000064094
ENSMUSG00000096672,ENSMFAG00000050313
ENSMUSG00000096672,ENSMFAG00000063575
ENSMUSG00000096672,ENSMFAG00000050523
ENSMUSG00000096672,ENSMFAG00000064982
ENSMUSG00000096672,ENSMFAG00000047678
ENSMUSG00000015133,ENSMFAG00000023538
ENSMUSG00000094088,ENSMFAG00000059185
ENSMUSG00000094088,ENSMFAG00000054887
ENSMUSG00000094088,ENSMFAG00000048295
ENSMUSG00000094088,ENSMFAG00000064727
ENSMUSG00000094088,ENSMFAG00000063904
ENSMUSG00000094088,ENSMFAG00000050722
ENSMUSG00000094088,ENSMFAG00000064695
ENSMUSG00000094088,ENSMFAG00000054894
ENSMUSG00000094088,ENSMFAG00000053019
ENSMUSG00000094088,ENSMFAG00000060568
ENSMUSG00000094088,ENSMFAG00000003739
ENSMUSG00000094088,ENSMFAG00000056416
ENSMUSG00000094088,ENSMFAG00000064094
ENSMUSG00000094088,ENSMFAG00000050313
ENSMUSG00000094088,ENSMFAG00000063575
ENSMUSG00000094088,ENSMFAG00000050523
ENSMUSG00000094088,ENSMFAG00000064982
ENSMUSG00000094088,ENSMFAG00000047678
ENSMUSG00000061950,ENSMFAG00000041605
ENSMUSG00000033054,ENSMFAG00000034204
ENSMUSG00000021067,ENSMFAG00000032466
ENSMUSG00000030268,ENSMFAG00000003944
ENSMUSG00000038481,ENSMFAG00000042294
ENSMUSG00000025986,ENSMFAG00000035991
ENSMUSG00000039108,ENSMFAG00000041479
ENSMUSG00000050394,ENSMFAG00000025121
ENSMUSG00000095170,ENSMFAG00000057385
ENSMUSG00000095170,ENSMFAG00000050822
ENSMUSG00000095170,ENSMFAG00000065319
ENSMUSG00000095170,ENSMFAG00000056747
ENSMUSG00000095170,ENSMFAG00000065020
ENSMUSG00000095170,ENSMFAG00000063899
ENSMUSG00000038372,ENSMFAG00000031316
ENSMUSG00002075853,ENSMFAG00000060721
ENSMUSG00002075853,ENSMFAG00000004155
ENSMUSG00000031722,ENSMFAG00000002142
ENSMUSG00000031722,ENSMFAG00000003873
ENSMUSG00000032113,ENSMFAG00000000771
ENSMUSG00000095519,ENSMFAG00000059185
ENSMUSG00000095519,ENSMFAG00000054887
ENSMUSG00000095519,ENSMFAG00000048295
ENSMUSG00000095519,ENSMFAG00000064727
ENSMUSG00000095519,ENSMFAG00000063904
ENSMUSG00000095519,ENSMFAG00000050722
ENSMUSG00000095519,ENSMFAG00000064695
ENSMUSG00000095519,ENSMFAG00000054894
ENSMUSG00000095519,ENSMFAG00000053019
ENSMUSG00000095519,ENSMFAG00000060568
ENSMUSG00000095519,ENSMFAG00000003739
ENSMUSG00000095519,ENSMFAG00000056416
ENSMUSG00000095519,ENSMFAG00000064094
ENSMUSG00000095519,ENSMFAG00000050313
ENSMUSG00000095519,ENSMFAG00000063575
ENSMUSG00000095519,ENSMFAG00000050523
ENSMUSG00000095519,ENSMFAG00000064982
ENSMUSG00000095519,ENSMFAG00000047678
ENSMUSG00000095863,ENSMFAG00000059185
ENSMUSG00000095863,ENSMFAG00000054887
ENSMUSG00000095863,ENSMFAG00000048295
ENSMUSG00000095863,ENSMFAG00000064727
ENSMUSG00000095863,ENSMFAG00000063904
ENSMUSG00000095863,ENSMFAG00000050722
ENSMUSG00000095863,ENSMFAG00000064695
ENSMUSG00000095863,ENSMFAG00000054894
ENSMUSG00000095863,ENSMFAG00000053019
ENSMUSG00000095863,ENSMFAG00000060568
ENSMUSG00000095863,ENSMFAG00000003739
ENSMUSG00000095863,ENSMFAG00000056416
ENSMUSG00000095863,ENSMFAG00000064094
ENSMUSG00000095863,ENSMFAG00000050313
ENSMUSG00000095863,ENSMFAG00000063575
ENSMUSG00000095863,ENSMFAG00000050523
ENSMUSG00000095863,ENSMFAG00000064982
ENSMUSG00000095863,ENSMFAG00000047678
ENSMUSG00000005125,ENSMFAG00000044300
ENSMUSG00000096577,ENSMFAG00000059185
ENSMUSG00000096577,ENSMFAG00000054887
ENSMUSG00000096577,ENSMFAG00000048295
ENSMUSG00000096577,ENSMFAG00000064727
ENSMUSG00000096577,ENSMFAG00000063904
ENSMUSG00000096577,ENSMFAG00000050722
ENSMUSG00000096577,ENSMFAG00000064695
ENSMUSG00000096577,ENSMFAG00000054894
ENSMUSG00000096577,ENSMFAG00000053019
ENSMUSG00000096577,ENSMFAG00000060568
ENSMUSG00000096577,ENSMFAG00000003739
ENSMUSG00000096577,ENSMFAG00000056416
ENSMUSG00000096577,ENSMFAG00000064094
ENSMUSG00000096577,ENSMFAG00000050313
ENSMUSG00000096577,ENSMFAG00000063575
ENSMUSG00000096577,ENSMFAG00000050523
ENSMUSG00000096577,ENSMFAG00000064982
ENSMUSG00000096577,ENSMFAG00000047678
ENSMUSG00000038291,ENSMFAG00000037789
ENSMUSG00000027566,ENSMFAG00000000723
ENSMUSG00000096074,ENSMFAG00000059185
ENSMUSG00000096074,ENSMFAG00000054887
ENSMUSG00000096074,ENSMFAG00000048295
ENSMUSG00000096074,ENSMFAG00000064727
ENSMUSG00000096074,ENSMFAG00000063904
ENSMUSG00000096074,ENSMFAG00000050722
ENSMUSG00000096074,ENSMFAG00000064695
ENSMUSG00000096074,ENSMFAG00000054894
ENSMUSG00000096074,ENSMFAG00000053019
ENSMUSG00000096074,ENSMFAG00000060568
ENSMUSG00000096074,ENSMFAG00000003739
ENSMUSG00000096074,ENSMFAG00000056416
ENSMUSG00000096074,ENSMFAG00000064094
ENSMUSG00000096074,ENSMFAG00000050313
ENSMUSG00000096074,ENSMFAG00000063575
ENSMUSG00000096074,ENSMFAG00000050523
ENSMUSG00000096074,ENSMFAG00000064982
ENSMUSG00000096074,ENSMFAG00000047678
ENSMUSG00000042743,ENSMFAG00000043797
ENSMUSG00000076733,ENSMFAG00000057385
ENSMUSG00000076733,ENSMFAG00000050822
ENSMUSG00000076733,ENSMFAG00000065319
ENSMUSG00000076733,ENSMFAG00000056747
ENSMUSG00000076733,ENSMFAG00000065020
ENSMUSG00000076733,ENSMFAG00000063899
ENSMUSG00000038150,ENSMFAG00000028235
ENSMUSG00000056763,ENSMFAG00000046172
ENSMUSG00000096020,ENSMFAG00000059185
ENSMUSG00000096020,ENSMFAG00000054887
ENSMUSG00000096020,ENSMFAG00000048295
ENSMUSG00000096020,ENSMFAG00000064727
ENSMUSG00000096020,ENSMFAG00000063904
ENSMUSG00000096020,ENSMFAG00000050722
ENSMUSG00000096020,ENSMFAG00000064695
ENSMUSG00000096020,ENSMFAG00000054894
ENSMUSG00000096020,ENSMFAG00000053019
ENSMUSG00000096020,ENSMFAG00000060568
ENSMUSG00000096020,ENSMFAG00000003739
ENSMUSG00000096020,ENSMFAG00000056416
ENSMUSG00000096020,ENSMFAG00000064094
ENSMUSG00000096020,ENSMFAG00000050313
ENSMUSG00000096020,ENSMFAG00000063575
ENSMUSG00000096020,ENSMFAG00000050523
ENSMUSG00000096020,ENSMFAG00000064982
ENSMUSG00000096020,ENSMFAG00000047678
ENSMUSG00000086545,ENSMFAG00000002649
ENSMUSG00000020462,ENSMFAG00000010897
ENSMUSG00000039086,ENSMFAG00000038339
ENSMUSG00000049047,ENSMFAG00000038645
ENSMUSG00000027716,ENSMFAG00000000600
ENSMUSG00000093896,ENSMFAG00000059185
ENSMUSG00000093896,ENSMFAG00000054887
ENSMUSG00000093896,ENSMFAG00000048295
ENSMUSG00000093896,ENSMFAG00000064727
ENSMUSG00000093896,ENSMFAG00000063904
ENSMUSG00000093896,ENSMFAG00000050722
ENSMUSG00000093896,ENSMFAG00000064695
ENSMUSG00000093896,ENSMFAG00000054894
ENSMUSG00000093896,ENSMFAG00000053019
ENSMUSG00000093896,ENSMFAG00000060568
ENSMUSG00000093896,ENSMFAG00000003739
ENSMUSG00000093896,ENSMFAG00000056416
ENSMUSG00000093896,ENSMFAG00000064094
ENSMUSG00000093896,ENSMFAG00000050313
ENSMUSG00000093896,ENSMFAG00000063575
ENSMUSG00000093896,ENSMFAG00000050523
ENSMUSG00000093896,ENSMFAG00000064982
ENSMUSG00000093896,ENSMFAG00000047678
ENSMUSG00000024497,ENSMFAG00000037381
ENSMUSG00000020123,ENSMFAG00000065763
ENSMUSG00000096452,ENSMFAG00000059185
ENSMUSG00000096452,ENSMFAG00000054887
ENSMUSG00000096452,ENSMFAG00000048295
ENSMUSG00000096452,ENSMFAG00000064727
ENSMUSG00000096452,ENSMFAG00000063904
ENSMUSG00000096452,ENSMFAG00000050722
ENSMUSG00000096452,ENSMFAG00000064695
ENSMUSG00000096452,ENSMFAG00000054894
ENSMUSG00000096452,ENSMFAG00000053019
ENSMUSG00000096452,ENSMFAG00000060568
ENSMUSG00000096452,ENSMFAG00000003739
ENSMUSG00000096452,ENSMFAG00000056416
ENSMUSG00000096452,ENSMFAG00000064094
ENSMUSG00000096452,ENSMFAG00000050313
ENSMUSG00000096452,ENSMFAG00000063575
ENSMUSG00000096452,ENSMFAG00000050523
ENSMUSG00000096452,ENSMFAG00000064982
ENSMUSG00000096452,ENSMFAG00000047678
ENSMUSG00000096326,ENSMFAG00000059185
ENSMUSG00000096326,ENSMFAG00000054887
ENSMUSG00000096326,ENSMFAG00000048295
ENSMUSG00000096326,ENSMFAG00000064727
ENSMUSG00000096326,ENSMFAG00000063904
ENSMUSG00000096326,ENSMFAG00000050722
ENSMUSG00000096326,ENSMFAG00000064695
ENSMUSG00000096326,ENSMFAG00000054894
ENSMUSG00000096326,ENSMFAG00000053019
ENSMUSG00000096326,ENSMFAG00000060568
ENSMUSG00000096326,ENSMFAG00000003739
ENSMUSG00000096326,ENSMFAG00000056416
ENSMUSG00000096326,ENSMFAG00000064094
ENSMUSG00000096326,ENSMFAG00000050313
ENSMUSG00000096326,ENSMFAG00000063575
ENSMUSG00000096326,ENSMFAG00000050523
ENSMUSG00000096326,ENSMFAG00000064982
ENSMUSG00000096326,ENSMFAG00000047678
ENSMUSG00000024498,ENSMFAG00000044853
ENSMUSG00000019834,ENSMFAG00000031557
ENSMUSG00000044951,ENSMFAG00000057340
ENSMUSG00000039069,ENSMFAG00000045680
ENSMUSG00000055571,ENSMFAG00000052980
ENSMUSG00000021012,ENSMFAG00000032254
ENSMUSG00000062426,ENSMFAG00000052980
ENSMUSG00000064224,ENSMFAG00000008821
ENSMUSG00000031309,ENSMFAG00000045085
ENSMUSG00000062878,ENSMFAG00000052980
ENSMUSG00000027998,ENSMFAG00000001816
ENSMUSG00000021400,ENSMFAG00000001313
ENSMUSG00000074673,ENSMFAG00000038358
ENSMUSG00000062042,ENSMFAG00000052980
ENSMUSG00000034613,ENSMFAG00000001240
ENSMUSG00000017211,ENSMFAG00000008821
ENSMUSG00000015134,ENSMFAG00000041683
ENSMUSG00000030089,ENSMFAG00000003568
ENSMUSG00000048612,ENSMFAG00000036842
ENSMUSG00000032047,ENSMFAG00000044957
ENSMUSG00000017204,ENSMFAG00000008821
ENSMUSG00000031448,ENSMFAG00000034058
ENSMUSG00000017221,ENSMFAG00000038256
ENSMUSG00000034312,ENSMFAG00000043873
ENSMUSG00000030509,ENSMFAG00000032871
ENSMUSG00000022610,ENSMFAG00000034798
ENSMUSG00000024096,ENSMFAG00000063445
ENSMUSG00000024096,ENSMFAG00000030310
ENSMUSG00000032343,ENSMFAG00000033339
ENSMUSG00000031730,ENSMFAG00000043915
ENSMUSG00000033436,ENSMFAG00000032990
ENSMUSG00000038067,ENSMFAG00000001645
ENSMUSG00000005493,ENSMFAG00000038806
ENSMUSG00000001773,ENSMFAG00000044622
ENSMUSG00000032740,ENSMFAG00000037041
ENSMUSG00000025370,ENSMFAG00000001139
ENSMUSG00000044734,ENSMFAG00000001421
ENSMUSG00000031631,ENSMFAG00000007379
ENSMUSG00000067194,ENSMFAG00000060557
ENSMUSG00000065406,ENSMFAG00000018728
ENSMUSG00000045555,ENSMFAG00000002281
ENSMUSG00000053137,ENSMFAG00000002644
ENSMUSG00000026657,ENSMFAG00000000050
ENSMUSG00000038446,ENSMFAG00000002327
ENSMUSG00000024098,ENSMFAG00000034284
ENSMUSG00000079049,ENSMFAG00000001421
ENSMUSG00000049511,ENSMFAG00000042700
ENSMUSG00000030263,ENSMFAG00000041885
ENSMUSG00000043289,ENSMFAG00000009582
ENSMUSG00000047842,ENSMFAG00000060966
ENSMUSG00000031633,ENSMFAG00000032688
ENSMUSG00000013846,ENSMFAG00000036457
ENSMUSG00000042842,ENSMFAG00000043844
ENSMUSG00000034647,ENSMFAG00000034700
ENSMUSG00000041020,ENSMFAG00000055804
ENSMUSG00000036087,ENSMFAG00000042290
ENSMUSG00000019831,ENSMFAG00000002297
ENSMUSG00000047171,ENSMFAG00000039500
ENSMUSG00000032116,ENSMFAG00000034547
ENSMUSG00000053091,ENSMFAG00000044048
ENSMUSG00000038506,ENSMFAG00000016446
ENSMUSG00000045827,ENSMFAG00000042251
ENSMUSG00000022321,ENSMFAG00000001810
ENSMUSG00000046922,ENSMFAG00000002164
ENSMUSG00000038417,ENSMFAG00000031930
ENSMUSG00000041617,ENSMFAG00000045380
ENSMUSG00000042816,ENSMFAG00000030501
ENSMUSG00002076468,ENSMFAG00000040713
ENSMUSG00000024099,ENSMFAG00000001487
ENSMUSG00000024099,ENSMFAG00000030299
ENSMUSG00000024500,ENSMFAG00000002611
ENSMUSG00000021711,ENSMFAG00000042886
ENSMUSG00000046079,ENSMFAG00000062678
ENSMUSG00000032673,ENSMFAG00000043775
ENSMUSG00000094075,ENSMFAG00000059185
ENSMUSG00000094075,ENSMFAG00000054887
ENSMUSG00000094075,ENSMFAG00000048295
ENSMUSG00000094075,ENSMFAG00000064727
ENSMUSG00000094075,ENSMFAG00000063904
ENSMUSG00000094075,ENSMFAG00000050722
ENSMUSG00000094075,ENSMFAG00000064695
ENSMUSG00000094075,ENSMFAG00000054894
ENSMUSG00000094075,ENSMFAG00000053019
ENSMUSG00000094075,ENSMFAG00000060568
ENSMUSG00000094075,ENSMFAG00000003739
ENSMUSG00000094075,ENSMFAG00000056416
ENSMUSG00000094075,ENSMFAG00000064094
ENSMUSG00000094075,ENSMFAG00000050313
ENSMUSG00000094075,ENSMFAG00000063575
ENSMUSG00000094075,ENSMFAG00000050523
ENSMUSG00000094075,ENSMFAG00000064982
ENSMUSG00000094075,ENSMFAG00000047678
ENSMUSG00000050315,ENSMFAG00000037699
ENSMUSG00000094689,ENSMFAG00000059185
ENSMUSG00000094689,ENSMFAG00000054887
ENSMUSG00000094689,ENSMFAG00000048295
ENSMUSG00000094689,ENSMFAG00000064727
ENSMUSG00000094689,ENSMFAG00000063904
ENSMUSG00000094689,ENSMFAG00000050722
ENSMUSG00000094689,ENSMFAG00000064695
ENSMUSG00000094689,ENSMFAG00000054894
ENSMUSG00000094689,ENSMFAG00000053019
ENSMUSG00000094689,ENSMFAG00000060568
ENSMUSG00000094689,ENSMFAG00000003739
ENSMUSG00000094689,ENSMFAG00000056416
ENSMUSG00000094689,ENSMFAG00000064094
ENSMUSG00000094689,ENSMFAG00000050313
ENSMUSG00000094689,ENSMFAG00000063575
ENSMUSG00000094689,ENSMFAG00000050523
ENSMUSG00000094689,ENSMFAG00000064982
ENSMUSG00000094689,ENSMFAG00000047678
ENSMUSG00000091415,ENSMFAG00000039019
ENSMUSG00000020758,ENSMFAG00000001695
ENSMUSG00000022335,ENSMFAG00000041283
ENSMUSG00000095127,ENSMFAG00000059185
ENSMUSG00000095127,ENSMFAG00000054887
ENSMUSG00000095127,ENSMFAG00000048295
ENSMUSG00000095127,ENSMFAG00000064727
ENSMUSG00000095127,ENSMFAG00000063904
ENSMUSG00000095127,ENSMFAG00000050722
ENSMUSG00000095127,ENSMFAG00000064695
ENSMUSG00000095127,ENSMFAG00000054894
ENSMUSG00000095127,ENSMFAG00000053019
ENSMUSG00000095127,ENSMFAG00000060568
ENSMUSG00000095127,ENSMFAG00000003739
ENSMUSG00000095127,ENSMFAG00000056416
ENSMUSG00000095127,ENSMFAG00000064094
ENSMUSG00000095127,ENSMFAG00000050313
ENSMUSG00000095127,ENSMFAG00000063575
ENSMUSG00000095127,ENSMFAG00000050523
ENSMUSG00000095127,ENSMFAG00000064982
ENSMUSG00000095127,ENSMFAG00000047678
ENSMUSG00000035356,ENSMFAG00000036738
ENSMUSG00000024101,ENSMFAG00000000920
ENSMUSG00000038497,ENSMFAG00000040684
ENSMUSG00000034602,ENSMFAG00000037361
ENSMUSG00000094940,ENSMFAG00000059185
ENSMUSG00000094940,ENSMFAG00000054887
ENSMUSG00000094940,ENSMFAG00000048295
ENSMUSG00000094940,ENSMFAG00000064727
ENSMUSG00000094940,ENSMFAG00000063904
ENSMUSG00000094940,ENSMFAG00000050722
ENSMUSG00000094940,ENSMFAG00000064695
ENSMUSG00000094940,ENSMFAG00000054894
ENSMUSG00000094940,ENSMFAG00000053019
ENSMUSG00000094940,ENSMFAG00000060568
ENSMUSG00000094940,ENSMFAG00000003739
ENSMUSG00000094940,ENSMFAG00000056416
ENSMUSG00000094940,ENSMFAG00000064094
ENSMUSG00000094940,ENSMFAG00000050313
ENSMUSG00000094940,ENSMFAG00000063575
ENSMUSG00000094940,ENSMFAG00000050523
ENSMUSG00000094940,ENSMFAG00000064982
ENSMUSG00000094940,ENSMFAG00000047678
ENSMUSG00000015112,ENSMFAG00000037896
ENSMUSG00000029290,ENSMFAG00000044308
ENSMUSG00000039234,ENSMFAG00000038796
ENSMUSG00000096150,ENSMFAG00000059185
ENSMUSG00000096150,ENSMFAG00000054887
ENSMUSG00000096150,ENSMFAG00000048295
ENSMUSG00000096150,ENSMFAG00000064727
ENSMUSG00000096150,ENSMFAG00000063904
ENSMUSG00000096150,ENSMFAG00000050722
ENSMUSG00000096150,ENSMFAG00000064695
ENSMUSG00000096150,ENSMFAG00000054894
ENSMUSG00000096150,ENSMFAG00000053019
ENSMUSG00000096150,ENSMFAG00000060568
ENSMUSG00000096150,ENSMFAG00000003739
ENSMUSG00000096150,ENSMFAG00000056416
ENSMUSG00000096150,ENSMFAG00000064094
ENSMUSG00000096150,ENSMFAG00000050313
ENSMUSG00000096150,ENSMFAG00000063575
ENSMUSG00000096150,ENSMFAG00000050523
ENSMUSG00000096150,ENSMFAG00000064982
ENSMUSG00000096150,ENSMFAG00000047678
ENSMUSG00000044150,ENSMFAG00000003230
ENSMUSG00000030510,ENSMFAG00000043799
ENSMUSG00000011171,ENSMFAG00000040359
ENSMUSG00000042671,ENSMFAG00000035700
ENSMUSG00000058145,ENSMFAG00000005645
ENSMUSG00000018796,ENSMFAG00000033716
ENSMUSG00000039954,ENSMFAG00000006335
ENSMUSG00000050511,ENSMFAG00000034678
ENSMUSG00000036198,ENSMFAG00000042270
ENSMUSG00000042195,ENSMFAG00000041696
ENSMUSG00000040025,ENSMFAG00000026128
ENSMUSG00000051166,ENSMFAG00000034011
ENSMUSG00000088760,ENSMFAG00000007989
ENSMUSG00000032251,ENSMFAG00000033220
ENSMUSG00000119467,ENSMFAG00000006053
ENSMUSG00000036606,ENSMFAG00000035984
ENSMUSG00000038780,ENSMFAG00000033436
ENSMUSG00000028901,ENSMFAG00000031717
ENSMUSG00000074345,ENSMFAG00000046411
ENSMUSG00000043831,ENSMFAG00000063244
ENSMUSG00000032274,ENSMFAG00000038412
ENSMUSG00000024501,ENSMFAG00000045205
ENSMUSG00000056737,ENSMFAG00000003357
ENSMUSG00000046167,ENSMFAG00000041483
ENSMUSG00000039521,ENSMFAG00000003327
ENSMUSG00000030562,ENSMFAG00000002005
ENSMUSG00000024989,ENSMFAG00000041263
ENSMUSG00000026109,ENSMFAG00000031535
ENSMUSG00000021457,ENSMFAG00000033243
ENSMUSG00000028899,ENSMFAG00000041370
ENSMUSG00000032253,ENSMFAG00000039797
ENSMUSG00000052105,ENSMFAG00000044143
ENSMUSG00000089687,ENSMFAG00000060532
ENSMUSG00000064604,ENSMFAG00000004500
ENSMUSG00000064604,ENSMFAG00000004531
ENSMUSG00000080615,ENSMFAG00000030141
ENSMUSG00000028898,ENSMFAG00000043751
ENSMUSG00000022043,ENSMFAG00000035683
ENSMUSG00000026475,ENSMFAG00000062737
ENSMUSG00000045954,ENSMFAG00000044151
ENSMUSG00000066800,ENSMFAG00000044965
ENSMUSG00000038482,ENSMFAG00000030790
ENSMUSG00000038482,ENSMFAG00000035619
ENSMUSG00000022044,ENSMFAG00000032113
ENSMUSG00000021013,ENSMFAG00000002219
ENSMUSG00000054200,ENSMFAG00000042176
ENSMUSG00000118537,ENSMFAG00000050976
ENSMUSG00000021403,ENSMFAG00000042251
ENSMUSG00000024990,ENSMFAG00000042546
ENSMUSG00000065476,ENSMFAG00000013458
ENSMUSG00000040452,ENSMFAG00000030271
ENSMUSG00000064731,ENSMFAG00000021561
ENSMUSG00000022604,ENSMFAG00000045770
ENSMUSG00000065738,ENSMFAG00000021644
ENSMUSG00000065738,ENSMFAG00000054866
ENSMUSG00000065463,ENSMFAG00000021513
ENSMUSG00000065463,ENSMFAG00000021695
ENSMUSG00000051029,ENSMFAG00000001421
ENSMUSG00000033767,ENSMFAG00000002070
ENSMUSG00000034384,ENSMFAG00000051984
ENSMUSG00000043424,ENSMFAG00000031049
ENSMUSG00000067851,ENSMFAG00000030778
ENSMUSG00000065437,ENSMFAG00000016375
ENSMUSG00000047565,ENSMFAG00000041858
ENSMUSG00000024502,ENSMFAG00000041768
ENSMUSG00000021404,ENSMFAG00000042251
ENSMUSG00000119035,ENSMFAG00000065071
ENSMUSG00000070733,ENSMFAG00000034687
ENSMUSG00000024992,ENSMFAG00000045757
ENSMUSG00000015377,ENSMFAG00000033956
ENSMUSG00000029754,ENSMFAG00000048863
ENSMUSG00000028559,ENSMFAG00000043512
ENSMUSG00000024503,ENSMFAG00000033647
ENSMUSG00000025558,ENSMFAG00000042663
ENSMUSG00000043541,ENSMFAG00000032055
ENSMUSG00000062762,ENSMFAG00000042989
ENSMUSG00000054266,ENSMFAG00000042251
ENSMUSG00000038791,ENSMFAG00000043130
ENSMUSG00000062342,ENSMFAG00000042251
ENSMUSG00000051329,ENSMFAG00000032004
ENSMUSG00000071858,ENSMFAG00000001550
ENSMUSG00000021712,ENSMFAG00000000263
ENSMUSG00000031449,ENSMFAG00000036883
ENSMUSG00000055561,ENSMFAG00000030759
ENSMUSG00000033713,ENSMFAG00000062520
ENSMUSG00000031450,ENSMFAG00000039991
ENSMUSG00000033278,ENSMFAG00000002650
ENSMUSG00000040420,ENSMFAG00000030294
ENSMUSG00000054237,ENSMFAG00000045302
ENSMUSG00000038457,ENSMFAG00000002078
ENSMUSG00000004651,ENSMFAG00000045366
ENSMUSG00000067242,ENSMFAG00000037131
ENSMUSG00000042029,ENSMFAG00000040814
ENSMUSG00000038608,ENSMFAG00000037782
ENSMUSG00000049583,ENSMFAG00000034520
ENSMUSG00000038327,ENSMFAG00000042251
ENSMUSG00000031629,ENSMFAG00000043328
ENSMUSG00000051050,ENSMFAG00000033113
ENSMUSG00000071452,ENSMFAG00000042251
ENSMUSG00000021713,ENSMFAG00000038527
ENSMUSG00000022601,ENSMFAG00000031897
ENSMUSG00000024472,ENSMFAG00000039717
ENSMUSG00000020124,ENSMFAG00000000078
ENSMUSG00000030091,ENSMFAG00000044461
ENSMUSG00000064675,ENSMFAG00000008273
ENSMUSG00000036800,ENSMFAG00000045015
ENSMUSG00000030560,ENSMFAG00000031718
ENSMUSG00000021585,ENSMFAG00000033350
ENSMUSG00000027472,ENSMFAG00000001948
ENSMUSG00000012114,ENSMFAG00000037245
ENSMUSG00000021176,ENSMFAG00000044369
ENSMUSG00000032118,ENSMFAG00000002076
ENSMUSG00000071856,ENSMFAG00000033351
ENSMUSG00000038770,ENSMFAG00000031709
ENSMUSG00000042631,ENSMFAG00000002091
ENSMUSG00000075826,ENSMFAG00000019822
ENSMUSG00000088895,ENSMFAG00000014728
ENSMUSG00000044026,ENSMFAG00000039807
ENSMUSG00000036561,ENSMFAG00000002797
ENSMUSG00000033943,ENSMFAG00000037653
ENSMUSG00000024998,ENSMFAG00000020572
ENSMUSG00000030557,ENSMFAG00000041738
ENSMUSG00000031143,ENSMFAG00000003539
ENSMUSG00000073375,ENSMFAG00000028007
ENSMUSG00000032796,ENSMFAG00000007292
ENSMUSG00000056553,ENSMFAG00000055786
ENSMUSG00000034653,ENSMFAG00000033417
ENSMUSG00000066456,ENSMFAG00000032893
ENSMUSG00000031451,ENSMFAG00000043611
ENSMUSG00000031111,ENSMFAG00000033363
ENSMUSG00000033752,ENSMFAG00000037778
ENSMUSG00000043410,ENSMFAG00000003649
ENSMUSG00000045763,ENSMFAG00000062744
ENSMUSG00000028114,ENSMFAG00000045633
ENSMUSG00000024043,ENSMFAG00000003744
ENSMUSG00000033949,ENSMFAG00000045553
ENSMUSG00000021177,ENSMFAG00000000067
ENSMUSG00000029755,ENSMFAG00000035900
ENSMUSG00000032258,ENSMFAG00000000256
ENSMUSG00000024477,ENSMFAG00000046396
ENSMUSG00000040370,ENSMFAG00000041072
ENSMUSG00000030559,ENSMFAG00000044903
ENSMUSG00000045404,ENSMFAG00000044500
ENSMUSG00000071855,ENSMFAG00000030969
ENSMUSG00000062908,ENSMFAG00000032655
ENSMUSG00000056698,ENSMFAG00000032988
ENSMUSG00000029152,ENSMFAG00000043928
ENSMUSG00000036760,ENSMFAG00000060542
ENSMUSG00000022272,ENSMFAG00000044958
ENSMUSG00000022272,ENSMFAG00000051530
ENSMUSG00000021178,ENSMFAG00000003028
ENSMUSG00000051680,ENSMFAG00000056698
ENSMUSG00000041268,ENSMFAG00000035773
ENSMUSG00000064223,ENSMFAG00000056698
ENSMUSG00000033319,ENSMFAG00000046066
ENSMUSG00000044071,ENSMFAG00000039199
ENSMUSG00000108948,ENSMFAG00000056698
ENSMUSG00000033022,ENSMFAG00000032046
ENSMUSG00000039428,ENSMFAG00000016730
ENSMUSG00000071533,ENSMFAG00000061253
ENSMUSG00000084461,ENSMFAG00000064339
ENSMUSG00000032905,ENSMFAG00000060418
ENSMUSG00000020102,ENSMFAG00000002564
ENSMUSG00000024480,ENSMFAG00000003364
ENSMUSG00000027978,ENSMFAG00000031132
ENSMUSG00000024999,ENSMFAG00000032429
ENSMUSG00000092730,ENSMFAG00000004637
ENSMUSG00000119917,ENSMFAG00000059135
ENSMUSG00000028360,ENSMFAG00000038111
ENSMUSG00000034245,ENSMFAG00000036363
ENSMUSG00000031112,ENSMFAG00000039094
ENSMUSG00000041992,ENSMFAG00000002425
ENSMUSG00000024481,ENSMFAG00000044364
ENSMUSG00000044763,ENSMFAG00000042887
ENSMUSG00000052917,ENSMFAG00000003222
ENSMUSG00000027474,ENSMFAG00000029757
ENSMUSG00000020459,ENSMFAG00000044949
ENSMUSG00000020105,ENSMFAG00000045511
ENSMUSG00000025001,ENSMFAG00000044053
ENSMUSG00000073568,ENSMFAG00000062567
ENSMUSG00000036131,ENSMFAG00000036359
ENSMUSG00000051591,ENSMFAG00000056698
ENSMUSG00000042705,ENSMFAG00000002934
ENSMUSG00000069729,ENSMFAG00000035788
ENSMUSG00000039449,ENSMFAG00000000540
ENSMUSG00000030556,ENSMFAG00000033850
ENSMUSG00000096225,ENSMFAG00000040799
ENSMUSG00000030265,ENSMFAG00000047411
ENSMUSG00000050029,ENSMFAG00000032245
ENSMUSG00000019961,ENSMFAG00000037885
ENSMUSG00000036109,ENSMFAG00000034599
ENSMUSG00000008200,ENSMFAG00000045406
ENSMUSG00000017210,ENSMFAG00000036815
ENSMUSG00000017210,ENSMFAG00000042676
ENSMUSG00000047583,ENSMFAG00000003496
ENSMUSG00000117621,ENSMFAG00000045023
ENSMUSG00000117621,ENSMFAG00000008799
ENSMUSG00000117621,ENSMFAG00000024197
ENSMUSG00000054435,ENSMFAG00000001041
ENSMUSG00000042501,ENSMFAG00000039794
ENSMUSG00000059040,ENSMFAG00000041955
ENSMUSG00000022270,ENSMFAG00000015961
ENSMUSG00000025002,ENSMFAG00000058429
ENSMUSG00000024505,ENSMFAG00000043561
ENSMUSG00000029283,ENSMFAG00000000474
ENSMUSG00000029283,ENSMFAG00000033052
ENSMUSG00000004945,ENSMFAG00000001188
ENSMUSG00000040990,ENSMFAG00000002962
ENSMUSG00000027977,ENSMFAG00000034323
ENSMUSG00000042641,ENSMFAG00000005623
ENSMUSG00000021175,ENSMFAG00000001391
ENSMUSG00000049791,ENSMFAG00000034431
ENSMUSG00000054966,ENSMFAG00000030035
ENSMUSG00000032261,ENSMFAG00000064741
ENSMUSG00000035270,ENSMFAG00000032185
ENSMUSG00000059087,ENSMFAG00000056698
ENSMUSG00000096714,ENSMFAG00000056698
ENSMUSG00000037416,ENSMFAG00000040275
ENSMUSG00000039405,ENSMFAG00000036910
ENSMUSG00000101959,ENSMFAG00000049071
ENSMUSG00000034265,ENSMFAG00000041727
ENSMUSG00000035934,ENSMFAG00000046199
ENSMUSG00000028896,ENSMFAG00000039145
ENSMUSG00000044647,ENSMFAG00000036441
ENSMUSG00000001175,ENSMFAG00000050332
ENSMUSG00000094493,ENSMFAG00000056698
ENSMUSG00000047867,ENSMFAG00000043478
ENSMUSG00000060601,ENSMFAG00000000532
ENSMUSG00000031452,ENSMFAG00000041359
ENSMUSG00000002365,ENSMFAG00000036869
ENSMUSG00000067338,ENSMFAG00000037704
ENSMUSG00000026107,ENSMFAG00000044164
ENSMUSG00000043931,ENSMFAG00000036396
ENSMUSG00000030259,ENSMFAG00000001620
ENSMUSG00000024044,ENSMFAG00000032905
ENSMUSG00000052253,ENSMFAG00000058196
ENSMUSG00000043811,ENSMFAG00000002996
ENSMUSG00000090019,ENSMFAG00000055567
ENSMUSG00000090777,ENSMFAG00000039335
ENSMUSG00000043505,ENSMFAG00000044951
ENSMUSG00000021068,ENSMFAG00000042051
ENSMUSG00000043556,ENSMFAG00000000432
ENSMUSG00000031728,ENSMFAG00000029323
ENSMUSG00000025436,ENSMFAG00000031681
ENSMUSG00000022265,ENSMFAG00000038859
ENSMUSG00000030256,ENSMFAG00000051510
ENSMUSG00000035258,ENSMFAG00000043185
ENSMUSG00000046460,ENSMFAG00000001416
ENSMUSG00000024507,ENSMFAG00000039507
ENSMUSG00000039264,ENSMFAG00000044951
ENSMUSG00000078429,ENSMFAG00000043750
ENSMUSG00000059343,ENSMFAG00000031476
ENSMUSG00000059343,ENSMFAG00000044694
ENSMUSG00000036698,ENSMFAG00000015384
ENSMUSG00000064080,ENSMFAG00000003835
ENSMUSG00000037493,ENSMFAG00000036567
ENSMUSG00000031453,ENSMFAG00000000503
ENSMUSG00000020460,ENSMFAG00000008239
ENSMUSG00000032262,ENSMFAG00000036147
ENSMUSG00000119894,ENSMFAG00000048217
ENSMUSG00000065430,ENSMFAG00000013429
ENSMUSG00000046034,ENSMFAG00000037873
ENSMUSG00000025432,ENSMFAG00000030854
ENSMUSG00000044528,ENSMFAG00000029724
ENSMUSG00000026994,ENSMFAG00000045217
ENSMUSG00000032121,ENSMFAG00000035993
ENSMUSG00000088169,ENSMFAG00000030496
ENSMUSG00000020766,ENSMFAG00000016278
ENSMUSG00000029153,ENSMFAG00000000259
ENSMUSG00000027993,ENSMFAG00000033003
ENSMUSG00000066797,ENSMFAG00000057266
ENSMUSG00000048960,ENSMFAG00000031374
ENSMUSG00000032279,ENSMFAG00000035335
ENSMUSG00000032279,ENSMFAG00000041035
ENSMUSG00000038225,ENSMFAG00000000469
ENSMUSG00000033902,ENSMFAG00000042257
ENSMUSG00000020461,ENSMFAG00000039539
ENSMUSG00000048875,ENSMFAG00000045887
ENSMUSG00000039713,ENSMFAG00000004055
ENSMUSG00000029287,ENSMFAG00000002239
ENSMUSG00000073565,ENSMFAG00000003359
ENSMUSG00000119171,ENSMFAG00000040488
ENSMUSG00000024528,ENSMFAG00000031263
ENSMUSG00000036744,ENSMFAG00000056698
ENSMUSG00000016559,ENSMFAG00000045269
ENSMUSG00000024529,ENSMFAG00000054298
ENSMUSG00000060613,ENSMFAG00000055400
ENSMUSG00000019988,ENSMFAG00000002214
ENSMUSG00000088429,ENSMFAG00000010150
ENSMUSG00000088429,ENSMFAG00000052563
ENSMUSG00000088429,ENSMFAG00000057838
ENSMUSG00000088429,ENSMFAG00000050293
ENSMUSG00000029154,ENSMFAG00000000295
ENSMUSG00000068794,ENSMFAG00000000186
ENSMUSG00000002204,ENSMFAG00000037586
ENSMUSG00000002204,ENSMFAG00000042537
ENSMUSG00000038379,ENSMFAG00000032875
ENSMUSG00000055044,ENSMFAG00000030298
ENSMUSG00000067158,ENSMFAG00000000619
ENSMUSG00000058756,ENSMFAG00000032035
ENSMUSG00000069895,ENSMFAG00000029752
ENSMUSG00000046886,ENSMFAG00000056098
ENSMUSG00000025006,ENSMFAG00000030641
ENSMUSG00000024532,ENSMFAG00000061686
ENSMUSG00000030621,ENSMFAG00000037695
ENSMUSG00000031628,ENSMFAG00000036969
ENSMUSG00000024534,ENSMFAG00000033060
ENSMUSG00000030255,ENSMFAG00000045387
ENSMUSG00000088412,ENSMFAG00000005384
ENSMUSG00000051674,ENSMFAG00000003049
ENSMUSG00000040521,ENSMFAG00000036132
ENSMUSG00000026662,ENSMFAG00000001994
ENSMUSG00000030093,ENSMFAG00000044809
ENSMUSG00000020889,ENSMFAG00000038118
ENSMUSG00000038416,ENSMFAG00000042134
ENSMUSG00000034203,ENSMFAG00000065147
ENSMUSG00000034203,ENSMFAG00000044351
ENSMUSG00000038332,ENSMFAG00000031220
ENSMUSG00000017288,ENSMFAG00000002507
ENSMUSG00000030095,ENSMFAG00000047872
ENSMUSG00000003283,ENSMFAG00000035912
ENSMUSG00000021460,ENSMFAG00000003934
ENSMUSG00000026471,ENSMFAG00000036719
ENSMUSG00000045875,ENSMFAG00000030813
ENSMUSG00000039391,ENSMFAG00000003801
ENSMUSG00000032281,ENSMFAG00000034157
ENSMUSG00000021962,ENSMFAG00000040374
ENSMUSG00000080115,ENSMFAG00000040212
ENSMUSG00000030094,ENSMFAG00000031847
ENSMUSG00000057715,ENSMFAG00000045715
ENSMUSG00000006732,ENSMFAG00000035422
ENSMUSG00000038398,ENSMFAG00000045016
ENSMUSG00000096530,ENSMFAG00000055801
ENSMUSG00000032122,ENSMFAG00000002233
ENSMUSG00000096750,ENSMFAG00000055801
ENSMUSG00000067206,ENSMFAG00000035332
ENSMUSG00000030555,ENSMFAG00000031232
ENSMUSG00000057116,ENSMFAG00000002841
ENSMUSG00000006724,ENSMFAG00000001508
ENSMUSG00000047710,ENSMFAG00000045724
ENSMUSG00000024793,ENSMFAG00000037801
ENSMUSG00000029156,ENSMFAG00000061360
ENSMUSG00000065817,ENSMFAG00000035036
ENSMUSG00000031458,ENSMFAG00000030359
ENSMUSG00000096333,ENSMFAG00000055801
ENSMUSG00000031627,ENSMFAG00000039751
ENSMUSG00000040502,ENSMFAG00000057711
ENSMUSG00000075552,ENSMFAG00000053006
ENSMUSG00000075552,ENSMFAG00000039406
ENSMUSG00000075552,ENSMFAG00000047569
ENSMUSG00000075552,ENSMFAG00000062917
ENSMUSG00000104043,ENSMFAG00000007166
ENSMUSG00000093962,ENSMFAG00000055801
ENSMUSG00000027971,ENSMFAG00000002158
ENSMUSG00000071324,ENSMFAG00000000238
ENSMUSG00000041765,ENSMFAG00000033588
ENSMUSG00000075551,ENSMFAG00000053006
ENSMUSG00000075551,ENSMFAG00000039406
ENSMUSG00000075551,ENSMFAG00000047569
ENSMUSG00000075551,ENSMFAG00000062917
ENSMUSG00000031119,ENSMFAG00000034110
ENSMUSG00000056749,ENSMFAG00000009757
ENSMUSG00000021714,ENSMFAG00000037278
ENSMUSG00000049122,ENSMFAG00000042216
ENSMUSG00000050350,ENSMFAG00000013647
ENSMUSG00000029810,ENSMFAG00000044472
ENSMUSG00000051212,ENSMFAG00000054379
ENSMUSG00000048040,ENSMFAG00000001302
ENSMUSG00000048355,ENSMFAG00000001302
ENSMUSG00000034484,ENSMFAG00000029999
ENSMUSG00000026664,ENSMFAG00000042378
ENSMUSG00000042750,ENSMFAG00000023283
ENSMUSG00000042750,ENSMFAG00000039332
ENSMUSG00000032854,ENSMFAG00000035714
ENSMUSG00000021957,ENSMFAG00000039442
ENSMUSG00000054417,ENSMFAG00000053006
ENSMUSG00000054417,ENSMFAG00000039406
ENSMUSG00000054417,ENSMFAG00000047569
ENSMUSG00000054417,ENSMFAG00000062917
ENSMUSG00000055653,ENSMFAG00000044116
ENSMUSG00000056035,ENSMFAG00000053006
ENSMUSG00000056035,ENSMFAG00000039406
ENSMUSG00000056035,ENSMFAG00000047569
ENSMUSG00000056035,ENSMFAG00000062917
ENSMUSG00000041842,ENSMFAG00000040830
ENSMUSG00000031731,ENSMFAG00000037769
ENSMUSG00000024538,ENSMFAG00000033147
ENSMUSG00000025544,ENSMFAG00000044415
ENSMUSG00000048756,ENSMFAG00000033615
ENSMUSG00000031303,ENSMFAG00000058383
ENSMUSG00000031303,ENSMFAG00000000869
ENSMUSG00000029276,ENSMFAG00000035560
ENSMUSG00000021587,ENSMFAG00000032984
ENSMUSG00000046561,ENSMFAG00000020823
ENSMUSG00000069378,ENSMFAG00000002537
ENSMUSG00000062797,ENSMFAG00000035626
ENSMUSG00000026831,ENSMFAG00000042970
ENSMUSG00000006728,ENSMFAG00000043769
ENSMUSG00000074513,ENSMFAG00000003342
ENSMUSG00000026668,ENSMFAG00000043336
ENSMUSG00000028552,ENSMFAG00000044060
ENSMUSG00000032285,ENSMFAG00000031045
ENSMUSG00000070106,ENSMFAG00000014856
ENSMUSG00000065473,ENSMFAG00000021918
ENSMUSG00000073897,ENSMFAG00000045005
ENSMUSG00000077111,ENSMFAG00000064211
ENSMUSG00000065456,ENSMFAG00000040712
ENSMUSG00000057000,ENSMFAG00000045598
ENSMUSG00000062987,ENSMFAG00000045007
ENSMUSG00000030554,ENSMFAG00000037324
ENSMUSG00000053477,ENSMFAG00000036909
ENSMUSG00000035772,ENSMFAG00000001860
ENSMUSG00000032263,ENSMFAG00000040052
ENSMUSG00000025545,ENSMFAG00000036639
ENSMUSG00000073207,ENSMFAG00000055909
ENSMUSG00000001542,ENSMFAG00000041149
ENSMUSG00000001542,ENSMFAG00000000296
ENSMUSG00000006736,ENSMFAG00000030163
ENSMUSG00000047844,ENSMFAG00000019410
ENSMUSG00000098488,ENSMFAG00000035750
ENSMUSG00000031299,ENSMFAG00000043170
ENSMUSG00000041703,ENSMFAG00000057061
ENSMUSG00000038302,ENSMFAG00000041493
ENSMUSG00000034192,ENSMFAG00000054170
ENSMUSG00000034192,ENSMFAG00000063615
ENSMUSG00000061524,ENSMFAG00000057731
ENSMUSG00000060503,ENSMFAG00000045007
ENSMUSG00000054136,ENSMFAG00000055878
ENSMUSG00000022613,ENSMFAG00000033234
ENSMUSG00000073896,ENSMFAG00000052806
ENSMUSG00000022053,ENSMFAG00000036796
ENSMUSG00000023367,ENSMFAG00000001658
ENSMUSG00000016626,ENSMFAG00000030173
ENSMUSG00000021478,ENSMFAG00000015744
ENSMUSG00000026470,ENSMFAG00000032791
ENSMUSG00000051579,ENSMFAG00000019988
ENSMUSG00000021591,ENSMFAG00000039086
ENSMUSG00000119127,ENSMFAG00000061564
ENSMUSG00000021474,ENSMFAG00000040820
ENSMUSG00000020015,ENSMFAG00000033127
ENSMUSG00000061559,ENSMFAG00000036343
ENSMUSG00000029630,ENSMFAG00000053006
ENSMUSG00000029630,ENSMFAG00000039406
ENSMUSG00000029630,ENSMFAG00000047569
ENSMUSG00000029630,ENSMFAG00000062917
ENSMUSG00000054034,ENSMFAG00000028504
ENSMUSG00000054034,ENSMFAG00000056029
ENSMUSG00000005533,ENSMFAG00000002967
ENSMUSG00000029811,ENSMFAG00000044518
ENSMUSG00000034987,ENSMFAG00000032099
ENSMUSG00000038365,ENSMFAG00000045462
ENSMUSG00000074899,ENSMFAG00000040126
ENSMUSG00000050071,ENSMFAG00000023283
ENSMUSG00000050071,ENSMFAG00000039332
ENSMUSG00000056069,ENSMFAG00000037715
ENSMUSG00000046169,ENSMFAG00000030204
ENSMUSG00000038963,ENSMFAG00000041624
ENSMUSG00000079428,ENSMFAG00000061882
ENSMUSG00000042712,ENSMFAG00000030549
ENSMUSG00000029813,ENSMFAG00000044518
ENSMUSG00000041650,ENSMFAG00000020427
ENSMUSG00000061292,ENSMFAG00000053006
ENSMUSG00000061292,ENSMFAG00000039406
ENSMUSG00000061292,ENSMFAG00000047569
ENSMUSG00000061292,ENSMFAG00000062917
ENSMUSG00000031142,ENSMFAG00000036714
ENSMUSG00000068536,ENSMFAG00000044518
ENSMUSG00000038173,ENSMFAG00000038701
ENSMUSG00000039215,ENSMFAG00000044518
ENSMUSG00000019804,ENSMFAG00000039300
ENSMUSG00000062542,ENSMFAG00000040372
ENSMUSG00000027293,ENSMFAG00000047811
ENSMUSG00000062110,ENSMFAG00000042186
ENSMUSG00000064408,ENSMFAG00000062725
ENSMUSG00000118923,ENSMFAG00000059847
ENSMUSG00000033722,ENSMFAG00000033722
ENSMUSG00000072476,ENSMFAG00000030008
ENSMUSG00000008398,ENSMFAG00000044277
ENSMUSG00000050052,ENSMFAG00000050830
ENSMUSG00000051041,ENSMFAG00000045531
ENSMUSG00000029816,ENSMFAG00000037301
ENSMUSG00000022614,ENSMFAG00000031482
ENSMUSG00000030553,ENSMFAG00000001624
ENSMUSG00000027568,ENSMFAG00000030438
ENSMUSG00000030619,ENSMFAG00000045418
ENSMUSG00000032291,ENSMFAG00000060740
ENSMUSG00000049672,ENSMFAG00000031970
ENSMUSG00000051978,ENSMFAG00000045194
ENSMUSG00000019803,ENSMFAG00000001910
ENSMUSG00000026469,ENSMFAG00000036802
ENSMUSG00000047819,ENSMFAG00000007745
ENSMUSG00000033530,ENSMFAG00000000808
ENSMUSG00000026669,ENSMFAG00000031145
ENSMUSG00000056498,ENSMFAG00000003415
ENSMUSG00000034303,ENSMFAG00000038419
ENSMUSG00000021589,ENSMFAG00000043608
ENSMUSG00000038143,ENSMFAG00000044376
ENSMUSG00000091636,ENSMFAG00000031861
ENSMUSG00000028397,ENSMFAG00000003778
ENSMUSG00000037270,ENSMFAG00000030541
ENSMUSG00000023805,ENSMFAG00000040552
ENSMUSG00000022263,ENSMFAG00000035974
ENSMUSG00000022263,ENSMFAG00000062808
ENSMUSG00000025867,ENSMFAG00000037899
ENSMUSG00000025422,ENSMFAG00000000465
ENSMUSG00000025872,ENSMFAG00000034476
ENSMUSG00000030287,ENSMFAG00000035688
ENSMUSG00000041594,ENSMFAG00000044014
ENSMUSG00000021590,ENSMFAG00000028795
ENSMUSG00000022757,ENSMFAG00000043877
ENSMUSG00000029634,ENSMFAG00000030171
ENSMUSG00000018581,ENSMFAG00000044423
ENSMUSG00000021715,ENSMFAG00000027257
ENSMUSG00000028398,ENSMFAG00000044806
ENSMUSG00002075396,ENSMFAG00000061839
ENSMUSG00002075396,ENSMFAG00000012350
ENSMUSG00000028555,ENSMFAG00000037823
ENSMUSG00000027569,ENSMFAG00000058768
ENSMUSG00000047495,ENSMFAG00000034180
ENSMUSG00000022755,ENSMFAG00000000681
ENSMUSG00000020770,ENSMFAG00000037148
ENSMUSG00000021716,ENSMFAG00000057642
ENSMUSG00000049401,ENSMFAG00000037888
ENSMUSG00000015889,ENSMFAG00000000948
ENSMUSG00000022754,ENSMFAG00000004074
ENSMUSG00000042655,ENSMFAG00000042775
ENSMUSG00000018417,ENSMFAG00000043361
ENSMUSG00000010045,ENSMFAG00000036593
ENSMUSG00000043183,ENSMFAG00000043578
ENSMUSG00000026672,ENSMFAG00000045578
ENSMUSG00000109588,ENSMFAG00000001678
ENSMUSG00000037190,ENSMFAG00000036934
ENSMUSG00000046748,ENSMFAG00000004074
ENSMUSG00000045102,ENSMFAG00000032512
ENSMUSG00000042659,ENSMFAG00000045997
ENSMUSG00000032293,ENSMFAG00000039630
ENSMUSG00000038280,ENSMFAG00000002698
ENSMUSG00000022752,ENSMFAG00000039250
ENSMUSG00000021719,ENSMFAG00000045140
ENSMUSG00000050211,ENSMFAG00000045495
ENSMUSG00000043190,ENSMFAG00000037560
ENSMUSG00000046240,ENSMFAG00000000658
ENSMUSG00000036528,ENSMFAG00000039977
ENSMUSG00000040462,ENSMFAG00000033882
ENSMUSG00000022751,ENSMFAG00000038586
ENSMUSG00000088311,ENSMFAG00000005898
ENSMUSG00000088311,ENSMFAG00000020264
ENSMUSG00000088311,ENSMFAG00000034892
ENSMUSG00000038102,ENSMFAG00000039616
ENSMUSG00000046518,ENSMFAG00000019773
ENSMUSG00000035799,ENSMFAG00000045982
ENSMUSG00000025323,ENSMFAG00000002740
ENSMUSG00000045509,ENSMFAG00000015792
ENSMUSG00000035878,ENSMFAG00000041819
ENSMUSG00000060147,ENSMFAG00000043844
ENSMUSG00000022749,ENSMFAG00000030957
ENSMUSG00000048562,ENSMFAG00000055927
ENSMUSG00000052915,ENSMFAG00000032609
ENSMUSG00000072791,ENSMFAG00000020450
ENSMUSG00000010057,ENSMFAG00000003338
ENSMUSG00000026676,ENSMFAG00000033481
ENSMUSG00000022054,ENSMFAG00000044080
ENSMUSG00000084606,ENSMFAG00000060652
ENSMUSG00000041845,ENSMFAG00000041325
ENSMUSG00000070719,ENSMFAG00000003996
ENSMUSG00000060491,ENSMFAG00000000049
ENSMUSG00000022055,ENSMFAG00000031550
ENSMUSG00000020017,ENSMFAG00000037303
ENSMUSG00000025321,ENSMFAG00000000217
ENSMUSG00000049303,ENSMFAG00000042095
ENSMUSG00000028551,ENSMFAG00000024172
ENSMUSG00000021948,ENSMFAG00000000466
ENSMUSG00000035941,ENSMFAG00000034378
ENSMUSG00000010517,ENSMFAG00000031563
ENSMUSG00000008690,ENSMFAG00000033329
ENSMUSG00000042041,ENSMFAG00000030057
ENSMUSG00000026317,ENSMFAG00000043425
ENSMUSG00000025007,ENSMFAG00000001272
ENSMUSG00000039145,ENSMFAG00000039982
ENSMUSG00000021180,ENSMFAG00000041703
ENSMUSG00000031568,ENSMFAG00000000543
ENSMUSG00000118803,ENSMFAG00000048478
ENSMUSG00000078676,ENSMFAG00000041496
ENSMUSG00000063047,ENSMFAG00000001822
ENSMUSG00000022753,ENSMFAG00000002694
ENSMUSG00000047143,ENSMFAG00000062675
ENSMUSG00000079555,ENSMFAG00000034116
ENSMUSG00000048065,ENSMFAG00000031626
ENSMUSG00000015890,ENSMFAG00000046264
ENSMUSG00000028546,ENSMFAG00000039866
ENSMUSG00000022748,ENSMFAG00000045006
ENSMUSG00000063049,ENSMFAG00000032816
ENSMUSG00000037235,ENSMFAG00000053887
ENSMUSG00000038020,ENSMFAG00000001426
ENSMUSG00000006731,ENSMFAG00000034688
ENSMUSG00000059854,ENSMFAG00000002730
ENSMUSG00000043336,ENSMFAG00000036755
ENSMUSG00000046971,ENSMFAG00000038504
ENSMUSG00000030551,ENSMFAG00000019290
ENSMUSG00000038013,ENSMFAG00000039043
ENSMUSG00000046432,ENSMFAG00000003149
ENSMUSG00000040785,ENSMFAG00000056999
ENSMUSG00000040785,ENSMFAG00000045889
ENSMUSG00000048236,ENSMFAG00000038410
ENSMUSG00000010044,ENSMFAG00000000265
ENSMUSG00000040441,ENSMFAG00000042325
ENSMUSG00000017286,ENSMFAG00000032435
ENSMUSG00000040812,ENSMFAG00000043435
ENSMUSG00000035274,ENSMFAG00000010683
ENSMUSG00000021720,ENSMFAG00000038517
ENSMUSG00000031144,ENSMFAG00000037682
ENSMUSG00000032415,ENSMFAG00000034654
ENSMUSG00000036168,ENSMFAG00000035780
ENSMUSG00000064572,ENSMFAG00000059052
ENSMUSG00000041886,ENSMFAG00000031393
ENSMUSG00000029815,ENSMFAG00000043713
ENSMUSG00000037224,ENSMFAG00000062429
ENSMUSG00000032301,ENSMFAG00000002125
ENSMUSG00000029632,ENSMFAG00000043193
ENSMUSG00000061082,ENSMFAG00000051206
ENSMUSG00000031145,ENSMFAG00000037781
ENSMUSG00000029814,ENSMFAG00000002935
ENSMUSG00000046949,ENSMFAG00000035954
ENSMUSG00000021185,ENSMFAG00000031233
ENSMUSG00000032776,ENSMFAG00000043978
ENSMUSG00000109572,ENSMFAG00000034253
ENSMUSG00000038069,ENSMFAG00000046173
ENSMUSG00000029635,ENSMFAG00000003010
ENSMUSG00000025008,ENSMFAG00000001575
ENSMUSG00000035671,ENSMFAG00000041230
ENSMUSG00000040250,ENSMFAG00000041404
ENSMUSG00000031146,ENSMFAG00000002955
ENSMUSG00000038248,ENSMFAG00000031853
ENSMUSG00000031147,ENSMFAG00000035726
ENSMUSG00000020019,ENSMFAG00000040537
ENSMUSG00000028943,ENSMFAG00000039134
ENSMUSG00000031563,ENSMFAG00000033741
ENSMUSG00000010067,ENSMFAG00000032634
ENSMUSG00000021592,ENSMFAG00000035630
ENSMUSG00000020458,ENSMFAG00000003000
ENSMUSG00000020020,ENSMFAG00000002328
ENSMUSG00000067909,ENSMFAG00000037508
ENSMUSG00000029817,ENSMFAG00000043211
ENSMUSG00000059203,ENSMFAG00000036584
ENSMUSG00000050786,ENSMFAG00000032312
ENSMUSG00000091780,ENSMFAG00000055882
ENSMUSG00000071686,ENSMFAG00000041861
ENSMUSG00000087832,ENSMFAG00000056782
ENSMUSG00000022615,ENSMFAG00000045728
ENSMUSG00000033773,ENSMFAG00000031837
ENSMUSG00000035967,ENSMFAG00000031012
ENSMUSG00000019467,ENSMFAG00000043848
ENSMUSG00000024892,ENSMFAG00000044252
ENSMUSG00000010936,ENSMFAG00000040036
ENSMUSG00000035594,ENSMFAG00000039718
ENSMUSG00000064854,ENSMFAG00000034753
ENSMUSG00000025871,ENSMFAG00000045804
ENSMUSG00000078938,ENSMFAG00000036358
ENSMUSG00000063063,ENSMFAG00000003995
ENSMUSG00000066756,ENSMFAG00000001824
ENSMUSG00000078937,ENSMFAG00000023471
ENSMUSG00000054005,ENSMFAG00000031024
ENSMUSG00000004698,ENSMFAG00000008589
ENSMUSG00000010054,ENSMFAG00000035779
ENSMUSG00000070509,ENSMFAG00000031750
ENSMUSG00000010047,ENSMFAG00000000759
ENSMUSG00000022262,ENSMFAG00000001076
ENSMUSG00002075355,ENSMFAG00000009629
ENSMUSG00000026490,ENSMFAG00000036131
ENSMUSG00000032303,ENSMFAG00000002440
ENSMUSG00000004996,ENSMFAG00000044250
ENSMUSG00000004994,ENSMFAG00000038616
ENSMUSG00000035200,ENSMFAG00000044105
ENSMUSG00000025870,ENSMFAG00000033979
ENSMUSG00000010051,ENSMFAG00000003015
ENSMUSG00000027570,ENSMFAG00000002720
ENSMUSG00000064016,ENSMFAG00000035558
ENSMUSG00000033763,ENSMFAG00000003097
ENSMUSG00000079334,ENSMFAG00000038112
ENSMUSG00000022056,ENSMFAG00000045244
ENSMUSG00000056946,ENSMFAG00000055744
ENSMUSG00000025868,ENSMFAG00000034686
ENSMUSG00000061273,ENSMFAG00000000269
ENSMUSG00000021408,ENSMFAG00000037119
ENSMUSG00000040242,ENSMFAG00000043095
ENSMUSG00000051200,ENSMFAG00000045758
ENSMUSG00000036091,ENSMFAG00000043615
ENSMUSG00000027719,ENSMFAG00000003813
ENSMUSG00000066241,ENSMFAG00000055744
ENSMUSG00000032307,ENSMFAG00000059669
ENSMUSG00000032307,ENSMFAG00000006846
ENSMUSG00000062434,ENSMFAG00000055744
ENSMUSG00000060681,ENSMFAG00000041408
ENSMUSG00000019864,ENSMFAG00000045409
ENSMUSG00000066240,ENSMFAG00000055744
ENSMUSG00000022057,ENSMFAG00000007172
ENSMUSG00000031750,ENSMFAG00000004902
ENSMUSG00000046431,ENSMFAG00000055744
ENSMUSG00000066239,ENSMFAG00000055744
ENSMUSG00000049709,ENSMFAG00000041274
ENSMUSG00000040415,ENSMFAG00000042770
ENSMUSG00000000197,ENSMFAG00000039517
ENSMUSG00000027720,ENSMFAG00000035827
ENSMUSG00000038286,ENSMFAG00000041437
ENSMUSG00000029440,ENSMFAG00000037177
ENSMUSG00000022617,ENSMFAG00000043916
ENSMUSG00000028086,ENSMFAG00000045981
ENSMUSG00000005417,ENSMFAG00000037689
ENSMUSG00000071176,ENSMFAG00000016956
ENSMUSG00000060780,ENSMFAG00000023385
ENSMUSG00000025417,ENSMFAG00000040121
ENSMUSG00000031029,ENSMFAG00000042607
ENSMUSG00000047547,ENSMFAG00000001544
ENSMUSG00000038932,ENSMFAG00000002692
ENSMUSG00000108929,ENSMFAG00000038060
ENSMUSG00000019866,ENSMFAG00000038353
ENSMUSG00000040234,ENSMFAG00000041364
ENSMUSG00000032125,ENSMFAG00000049192
ENSMUSG00000032125,ENSMFAG00000041428
ENSMUSG00000029636,ENSMFAG00000006706
ENSMUSG00000025010,ENSMFAG00000037933
ENSMUSG00000026821,ENSMFAG00000043674
ENSMUSG00000029275,ENSMFAG00000045801
ENSMUSG00000071356,ENSMFAG00000001029
ENSMUSG00000071356,ENSMFAG00000059065
ENSMUSG00000088394,ENSMFAG00000014619
ENSMUSG00000060675,ENSMFAG00000032359
ENSMUSG00000078671,ENSMFAG00000033343
ENSMUSG00000042473,ENSMFAG00000040068
ENSMUSG00000058672,ENSMFAG00000003772
ENSMUSG00000022607,ENSMFAG00000001164
ENSMUSG00000036112,ENSMFAG00000039915
ENSMUSG00000029445,ENSMFAG00000046346
ENSMUSG00000033991,ENSMFAG00000040876
ENSMUSG00000023403,ENSMFAG00000002623
ENSMUSG00000052395,ENSMFAG00000034584
ENSMUSG00000061132,ENSMFAG00000043139
ENSMUSG00000027718,ENSMFAG00000047192
ENSMUSG00000047230,ENSMFAG00000030508
ENSMUSG00000023092,ENSMFAG00000036971
ENSMUSG00000092305,ENSMFAG00000039072
ENSMUSG00000048285,ENSMFAG00000039658
ENSMUSG00000029110,ENSMFAG00000050616
ENSMUSG00000024972,ENSMFAG00000041888
ENSMUSG00000021076,ENSMFAG00000012469
ENSMUSG00000003279,ENSMFAG00000031490
ENSMUSG00000045136,ENSMFAG00000003772
ENSMUSG00000037225,ENSMFAG00000001237
ENSMUSG00000030291,ENSMFAG00000041759
ENSMUSG00000032925,ENSMFAG00000040769
ENSMUSG00000109228,ENSMFAG00000045306
ENSMUSG00000031028,ENSMFAG00000031850
ENSMUSG00000071451,ENSMFAG00000039884
ENSMUSG00000119582,ENSMFAG00000036464
ENSMUSG00000060073,ENSMFAG00000048586
ENSMUSG00000060073,ENSMFAG00000002833
ENSMUSG00000040537,ENSMFAG00000001062
ENSMUSG00000029819,ENSMFAG00000043708
ENSMUSG00000042590,ENSMFAG00000035631
ENSMUSG00000028085,ENSMFAG00000045472
ENSMUSG00000029629,ENSMFAG00000002668
ENSMUSG00000025014,ENSMFAG00000034600
ENSMUSG00000025551,ENSMFAG00000045895
ENSMUSG00000065729,ENSMFAG00000006829
ENSMUSG00000040987,ENSMFAG00000031024
ENSMUSG00000014725,ENSMFAG00000039137
ENSMUSG00000038160,ENSMFAG00000041362
ENSMUSG00000074657,ENSMFAG00000038846
ENSMUSG00000033732,ENSMFAG00000045487
ENSMUSG00000010048,ENSMFAG00000032389
ENSMUSG00000067878,ENSMFAG00000000334
ENSMUSG00000019256,ENSMFAG00000035664
ENSMUSG00000050121,ENSMFAG00000043114
ENSMUSG00000065807,ENSMFAG00000020058
ENSMUSG00000024973,ENSMFAG00000039225
ENSMUSG00000048330,ENSMFAG00000004004
ENSMUSG00000051000,ENSMFAG00000035212
ENSMUSG00000118906,ENSMFAG00000005293
ENSMUSG00000030413,ENSMFAG00000032464
ENSMUSG00000053852,ENSMFAG00000041488
ENSMUSG00000078670,ENSMFAG00000002626
ENSMUSG00000050174,ENSMFAG00000044387
ENSMUSG00000034973,ENSMFAG00000031960
ENSMUSG00000036111,ENSMFAG00000034120
ENSMUSG00000027282,ENSMFAG00000036915
ENSMUSG00000036231,ENSMFAG00000035722
ENSMUSG00000025013,ENSMFAG00000002794
ENSMUSG00000031298,ENSMFAG00000001073
ENSMUSG00000025789,ENSMFAG00000001328
ENSMUSG00000038151,ENSMFAG00000037637
ENSMUSG00000020581,ENSMFAG00000035645
ENSMUSG00000031561,ENSMFAG00000056147
ENSMUSG00000031561,ENSMFAG00000001427
ENSMUSG00000068341,ENSMFAG00000001029
ENSMUSG00000068341,ENSMFAG00000059065
ENSMUSG00000028940,ENSMFAG00000031814
ENSMUSG00000074358,ENSMFAG00000035042
ENSMUSG00000020577,ENSMFAG00000003639
ENSMUSG00000028937,ENSMFAG00000041552
ENSMUSG00000038267,ENSMFAG00000034156
ENSMUSG00000040037,ENSMFAG00000034696
ENSMUSG00000048118,ENSMFAG00000037044
ENSMUSG00000079516,ENSMFAG00000001029
ENSMUSG00000079516,ENSMFAG00000059065
ENSMUSG00000025410,ENSMFAG00000001581
ENSMUSG00000023140,ENSMFAG00000002544
ENSMUSG00000030411,ENSMFAG00000043672
ENSMUSG00000119092,ENSMFAG00000006759
ENSMUSG00000118829,ENSMFAG00000058282
ENSMUSG00000027722,ENSMFAG00000043145
ENSMUSG00000014813,ENSMFAG00000060775
ENSMUSG00000001630,ENSMFAG00000030945
ENSMUSG00000051965,ENSMFAG00000017215
ENSMUSG00000025016,ENSMFAG00000002926
ENSMUSG00000025873,ENSMFAG00000046297
ENSMUSG00000044186,ENSMFAG00000040141
ENSMUSG00000026818,ENSMFAG00000042247
ENSMUSG00000044030,ENSMFAG00000061076
ENSMUSG00000040891,ENSMFAG00000040557
ENSMUSG00000022061,ENSMFAG00000047611
ENSMUSG00000025790,ENSMFAG00000034393
ENSMUSG00000034248,ENSMFAG00000027746
ENSMUSG00000042804,ENSMFAG00000038267
ENSMUSG00000019849,ENSMFAG00000038505
ENSMUSG00000026816,ENSMFAG00000041901
ENSMUSG00000080396,ENSMFAG00000023577
ENSMUSG00000080518,ENSMFAG00000023596
ENSMUSG00000047977,ENSMFAG00000059971
ENSMUSG00000047977,ENSMFAG00000024472
ENSMUSG00000095463,ENSMFAG00000037815
ENSMUSG00000059654,ENSMFAG00000002544
ENSMUSG00000039662,ENSMFAG00000031889
ENSMUSG00000031461,ENSMFAG00000033265
ENSMUSG00000021078,ENSMFAG00000036395
ENSMUSG00000030017,ENSMFAG00000001029
ENSMUSG00000030017,ENSMFAG00000059065
ENSMUSG00000025017,ENSMFAG00000046259
ENSMUSG00000058498,ENSMFAG00000032368
ENSMUSG00000019848,ENSMFAG00000040532
ENSMUSG00000031027,ENSMFAG00000043158
ENSMUSG00000047014,ENSMFAG00000033281
ENSMUSG00000021411,ENSMFAG00000044456
ENSMUSG00000071317,ENSMFAG00000045432
ENSMUSG00000037211,ENSMFAG00000006273
ENSMUSG00000118890,ENSMFAG00000014260
ENSMUSG00000089055,ENSMFAG00000006451
ENSMUSG00000089055,ENSMFAG00000015137
ENSMUSG00000089055,ENSMFAG00000063968
ENSMUSG00000039063,ENSMFAG00000041388
ENSMUSG00000052581,ENSMFAG00000001899
ENSMUSG00000025409,ENSMFAG00000002085
ENSMUSG00000021692,ENSMFAG00000033475
ENSMUSG00000026815,ENSMFAG00000043346
ENSMUSG00000098773,ENSMFAG00000059971
ENSMUSG00000098773,ENSMFAG00000024472
ENSMUSG00000022066,ENSMFAG00000037815
ENSMUSG00000103409,ENSMFAG00000051178
ENSMUSG00000092986,ENSMFAG00000054153
ENSMUSG00000092986,ENSMFAG00000057446
ENSMUSG00000092986,ENSMFAG00000053991
ENSMUSG00000092986,ENSMFAG00000057264
ENSMUSG00000092986,ENSMFAG00000049625
ENSMUSG00000092986,ENSMFAG00000053493
ENSMUSG00000092986,ENSMFAG00000049223
ENSMUSG00000092986,ENSMFAG00000051935
ENSMUSG00000092986,ENSMFAG00000059118
ENSMUSG00000092986,ENSMFAG00000065457
ENSMUSG00000092986,ENSMFAG00000050158
ENSMUSG00000092986,ENSMFAG00000051070
ENSMUSG00000092986,ENSMFAG00000052550
ENSMUSG00000092986,ENSMFAG00000052958
ENSMUSG00000092986,ENSMFAG00000054989
ENSMUSG00000092986,ENSMFAG00000054533
ENSMUSG00000092986,ENSMFAG00000054195
ENSMUSG00000092986,ENSMFAG00000052514
ENSMUSG00000092986,ENSMFAG00000051186
ENSMUSG00000092986,ENSMFAG00000060984
ENSMUSG00000092986,ENSMFAG00000055372
ENSMUSG00000092986,ENSMFAG00000055397
ENSMUSG00000092986,ENSMFAG00000054043
ENSMUSG00000092986,ENSMFAG00000048918
ENSMUSG00000092986,ENSMFAG00000061312
ENSMUSG00000092986,ENSMFAG00000054682
ENSMUSG00000092986,ENSMFAG00000052919
ENSMUSG00000092986,ENSMFAG00000063332
ENSMUSG00000092986,ENSMFAG00000058940
ENSMUSG00000092986,ENSMFAG00000063774
ENSMUSG00000092986,ENSMFAG00000062164
ENSMUSG00000092986,ENSMFAG00000065208
ENSMUSG00000092986,ENSMFAG00000053835
ENSMUSG00000092986,ENSMFAG00000064710
ENSMUSG00000092986,ENSMFAG00000047778
ENSMUSG00000092986,ENSMFAG00000060777
ENSMUSG00000092986,ENSMFAG00000057142
ENSMUSG00000092986,ENSMFAG00000056506
ENSMUSG00000092986,ENSMFAG00000048951
ENSMUSG00000092986,ENSMFAG00000064718
ENSMUSG00000092986,ENSMFAG00000057710
ENSMUSG00000092986,ENSMFAG00000058161
ENSMUSG00000092986,ENSMFAG00000054959
ENSMUSG00000092986,ENSMFAG00000060270
ENSMUSG00000092986,ENSMFAG00000056682
ENSMUSG00000092986,ENSMFAG00000058780
ENSMUSG00000092986,ENSMFAG00000060362
ENSMUSG00000028082,ENSMFAG00000032402
ENSMUSG00000038914,ENSMFAG00000000130
ENSMUSG00000030020,ENSMFAG00000002702
ENSMUSG00000021597,ENSMFAG00000028903
ENSMUSG00000025019,ENSMFAG00000039632
ENSMUSG00000031521,ENSMFAG00000003729
ENSMUSG00000017499,ENSMFAG00000044270
ENSMUSG00000034205,ENSMFAG00000041868
ENSMUSG00000047407,ENSMFAG00000003221
ENSMUSG00000032311,ENSMFAG00000036333
ENSMUSG00000028936,ENSMFAG00000051687
ENSMUSG00000023118,ENSMFAG00000038558
ENSMUSG00000035125,ENSMFAG00000043921
ENSMUSG00000022619,ENSMFAG00000001692
ENSMUSG00000063804,ENSMFAG00000065717
ENSMUSG00000020547,ENSMFAG00000002705
ENSMUSG00000025408,ENSMFAG00000045278
ENSMUSG00000005045,ENSMFAG00000033993
ENSMUSG00000039396,ENSMFAG00000002547
ENSMUSG00000065612,ENSMFAG00000006095
ENSMUSG00000022620,ENSMFAG00000041434
ENSMUSG00000036099,ENSMFAG00000039266
ENSMUSG00000006527,ENSMFAG00000002793
ENSMUSG00000042742,ENSMFAG00000042159
ENSMUSG00000032128,ENSMFAG00000043395
ENSMUSG00000024048,ENSMFAG00000036992
ENSMUSG00000030045,ENSMFAG00000043946
ENSMUSG00000063796,ENSMFAG00000030409
ENSMUSG00000022240,ENSMFAG00000044186
ENSMUSG00000031753,ENSMFAG00000032596
ENSMUSG00000071252,ENSMFAG00000037289
ENSMUSG00000069808,ENSMFAG00000000080
ENSMUSG00000048216,ENSMFAG00000052996
ENSMUSG00000040866,ENSMFAG00000029233
ENSMUSG00000025020,ENSMFAG00000045033
ENSMUSG00000040187,ENSMFAG00000002262
ENSMUSG00000043648,ENSMFAG00000061597
ENSMUSG00000036188,ENSMFAG00000002401
ENSMUSG00000049396,ENSMFAG00000037363
ENSMUSG00000049013,ENSMFAG00000041886
ENSMUSG00000021413,ENSMFAG00000018980
ENSMUSG00000041831,ENSMFAG00000001875
ENSMUSG00000038057,ENSMFAG00000048104
ENSMUSG00000053025,ENSMFAG00000033913
ENSMUSG00000044864,ENSMFAG00000001438
ENSMUSG00000005994,ENSMFAG00000046179
ENSMUSG00000038046,ENSMFAG00000045382
ENSMUSG00000021187,ENSMFAG00000001087
ENSMUSG00000020844,ENSMFAG00000041118
ENSMUSG00000027573,ENSMFAG00000064422
ENSMUSG00000048706,ENSMFAG00000040734
ENSMUSG00000064984,ENSMFAG00000029739
ENSMUSG00000064390,ENSMFAG00000007561
ENSMUSG00000046743,ENSMFAG00000000729
ENSMUSG00000023393,ENSMFAG00000044450
ENSMUSG00000033701,ENSMFAG00000036354
ENSMUSG00000056131,ENSMFAG00000035703
ENSMUSG00000034359,ENSMFAG00000049065
ENSMUSG00000044072,ENSMFAG00000044453
ENSMUSG00000065454,ENSMFAG00000036039
ENSMUSG00000030410,ENSMFAG00000033696
ENSMUSG00000027291,ENSMFAG00000037364
ENSMUSG00000028180,ENSMFAG00000035175
ENSMUSG00000028180,ENSMFAG00000003326
ENSMUSG00000031026,ENSMFAG00000002122
ENSMUSG00000036661,ENSMFAG00000034459
ENSMUSG00000026468,ENSMFAG00000040765
ENSMUSG00000119614,ENSMFAG00000057924
ENSMUSG00000119614,ENSMFAG00000062015
ENSMUSG00000031520,ENSMFAG00000003745
ENSMUSG00000087194,ENSMFAG00000049065
ENSMUSG00000054408,ENSMFAG00000001302
ENSMUSG00000036169,ENSMFAG00000006229
ENSMUSG00000062939,ENSMFAG00000041156
ENSMUSG00000052397,ENSMFAG00000002822
ENSMUSG00000021186,ENSMFAG00000044170
ENSMUSG00000021414,ENSMFAG00000044867
ENSMUSG00000060924,ENSMFAG00000065406
ENSMUSG00000065607,ENSMFAG00000015943
ENSMUSG00000020021,ENSMFAG00000038155
ENSMUSG00000078157,ENSMFAG00000063251
ENSMUSG00000032633,ENSMFAG00000037655
ENSMUSG00000021415,ENSMFAG00000044085
ENSMUSG00000032417,ENSMFAG00000056949
ENSMUSG00000034601,ENSMFAG00000041990
ENSMUSG00000021416,ENSMFAG00000039175
ENSMUSG00000023806,ENSMFAG00000041726
ENSMUSG00000035104,ENSMFAG00000021015
ENSMUSG00000032313,ENSMFAG00000027682
ENSMUSG00000028931,ENSMFAG00000035522
ENSMUSG00000024049,ENSMFAG00000041420
ENSMUSG00000042717,ENSMFAG00000053780
ENSMUSG00000034928,ENSMFAG00000003408
ENSMUSG00000030292,ENSMFAG00000003560
ENSMUSG00000025154,ENSMFAG00000002183
ENSMUSG00000042138,ENSMFAG00000043111
ENSMUSG00000020843,ENSMFAG00000031269
ENSMUSG00000040354,ENSMFAG00000010123
ENSMUSG00000030043,ENSMFAG00000043621
ENSMUSG00000033684,ENSMFAG00000039984
ENSMUSG00000046364,ENSMFAG00000063822
ENSMUSG00000046364,ENSMFAG00000039524
ENSMUSG00000046364,ENSMFAG00000053390
ENSMUSG00000046364,ENSMFAG00000063512
ENSMUSG00000030042,ENSMFAG00000038541
ENSMUSG00000037992,ENSMFAG00000032189
ENSMUSG00000034194,ENSMFAG00000032894
ENSMUSG00000032314,ENSMFAG00000018597
ENSMUSG00000031519,ENSMFAG00000000562
ENSMUSG00000065016,ENSMFAG00000035036
ENSMUSG00000077575,ENSMFAG00000035047
ENSMUSG00000066406,ENSMFAG00000030975
ENSMUSG00000000628,ENSMFAG00000035505
ENSMUSG00000044548,ENSMFAG00000057175
ENSMUSG00000032318,ENSMFAG00000032654
ENSMUSG00000006526,ENSMFAG00000044286
ENSMUSG00000031518,ENSMFAG00000033699
ENSMUSG00000033703,ENSMFAG00000036078
ENSMUSG00000001946,ENSMFAG00000000739
ENSMUSG00000021188,ENSMFAG00000042831
ENSMUSG00000047197,ENSMFAG00000012354
ENSMUSG00000020914,ENSMFAG00000002270
ENSMUSG00000022236,ENSMFAG00000000471
ENSMUSG00000038822,ENSMFAG00000039999
ENSMUSG00000042485,ENSMFAG00000038131
ENSMUSG00000065431,ENSMFAG00000010471
ENSMUSG00000040016,ENSMFAG00000040520
ENSMUSG00000038388,ENSMFAG00000024129
ENSMUSG00000034190,ENSMFAG00000031228
ENSMUSG00000022622,ENSMFAG00000034551
ENSMUSG00000060798,ENSMFAG00000000529
ENSMUSG00000001943,ENSMFAG00000046060
ENSMUSG00000035049,ENSMFAG00000041558
ENSMUSG00000022074,ENSMFAG00000042470
ENSMUSG00000019373,ENSMFAG00000001157
ENSMUSG00000079020,ENSMFAG00000042422
ENSMUSG00000043153,ENSMFAG00000041254
ENSMUSG00000022075,ENSMFAG00000036619
ENSMUSG00000028080,ENSMFAG00000003797
ENSMUSG00000053310,ENSMFAG00000041687
ENSMUSG00000034007,ENSMFAG00000030020
ENSMUSG00000016918,ENSMFAG00000043436
ENSMUSG00000022085,ENSMFAG00000036169
ENSMUSG00000011752,ENSMFAG00000003367
ENSMUSG00000033730,ENSMFAG00000065520
ENSMUSG00000034321,ENSMFAG00000001493
ENSMUSG00000022089,ENSMFAG00000042420
ENSMUSG00000031749,ENSMFAG00000033155
ENSMUSG00002075782,ENSMFAG00000004914
ENSMUSG00000031024,ENSMFAG00000044657
ENSMUSG00000017493,ENSMFAG00000043180
ENSMUSG00000045281,ENSMFAG00000051571
ENSMUSG00000033712,ENSMFAG00000044671
ENSMUSG00000025157,ENSMFAG00000041608
ENSMUSG00000039100,ENSMFAG00000002411
ENSMUSG00000024052,ENSMFAG00000038540
ENSMUSG00000032615,ENSMFAG00000035563
ENSMUSG00000038848,ENSMFAG00000042868
ENSMUSG00000118904,ENSMFAG00000057932
ENSMUSG00000064138,ENSMFAG00000001171
ENSMUSG00000034656,ENSMFAG00000040043
ENSMUSG00000040345,ENSMFAG00000039577
ENSMUSG00000025159,ENSMFAG00000044772
ENSMUSG00000044551,ENSMFAG00000040671
ENSMUSG00000017607,ENSMFAG00000001585
ENSMUSG00000021189,ENSMFAG00000038080
ENSMUSG00000021189,ENSMFAG00000033033
ENSMUSG00000021189,ENSMFAG00000043964
ENSMUSG00000021189,ENSMFAG00000051120
ENSMUSG00000038840,ENSMFAG00000045233
ENSMUSG00000022621,ENSMFAG00000044775
ENSMUSG00000027574,ENSMFAG00000003175
ENSMUSG00000057948,ENSMFAG00000026038
ENSMUSG00000064472,ENSMFAG00000065036
ENSMUSG00000064472,ENSMFAG00000005186
ENSMUSG00000022090,ENSMFAG00000032463
ENSMUSG00000001942,ENSMFAG00000003476
ENSMUSG00000063260,ENSMFAG00000034558
ENSMUSG00000024053,ENSMFAG00000037105
ENSMUSG00000075470,ENSMFAG00000056607
ENSMUSG00000025407,ENSMFAG00000032745
ENSMUSG00000078598,ENSMFAG00000049065
ENSMUSG00000022898,ENSMFAG00000041827
ENSMUSG00000026812,ENSMFAG00000007299
ENSMUSG00000022235,ENSMFAG00000001594
ENSMUSG00000036144,ENSMFAG00000038329
ENSMUSG00000021218,ENSMFAG00000030976
ENSMUSG00000030409,ENSMFAG00000037913
ENSMUSG00000113902,ENSMFAG00000039061
ENSMUSG00000022091,ENSMFAG00000030516
ENSMUSG00000041781,ENSMFAG00000041212
ENSMUSG00000022897,ENSMFAG00000035589
ENSMUSG00000022234,ENSMFAG00000045954
ENSMUSG00000047492,ENSMFAG00000035874
ENSMUSG00000050103,ENSMFAG00000041157
ENSMUSG00000020023,ENSMFAG00000000142
ENSMUSG00000031434,ENSMFAG00000001390
ENSMUSG00000070867,ENSMFAG00000003902
ENSMUSG00000039577,ENSMFAG00000042278
ENSMUSG00000029821,ENSMFAG00000045660
ENSMUSG00000001948,ENSMFAG00000031344
ENSMUSG00000032320,ENSMFAG00000030940
ENSMUSG00000056073,ENSMFAG00000040349
ENSMUSG00000022747,ENSMFAG00000040058
ENSMUSG00000052560,ENSMFAG00000041185
ENSMUSG00000011114,ENSMFAG00000036896
ENSMUSG00000034574,ENSMFAG00000030743
ENSMUSG00000022092,ENSMFAG00000007036
ENSMUSG00000024054,ENSMFAG00000038628
ENSMUSG00000011118,ENSMFAG00000060960
ENSMUSG00000021922,ENSMFAG00000038477
ENSMUSG00000057969,ENSMFAG00000043386
ENSMUSG00000016487,ENSMFAG00000036882
ENSMUSG00000039546,ENSMFAG00000053605
ENSMUSG00000069171,ENSMFAG00000042083
ENSMUSG00000033671,ENSMFAG00000037570
ENSMUSG00000047613,ENSMFAG00000043364
ENSMUSG00000055652,ENSMFAG00000016945
ENSMUSG00000034918,ENSMFAG00000044762
ENSMUSG00000039065,ENSMFAG00000044629
ENSMUSG00000029027,ENSMFAG00000001539
ENSMUSG00000045267,ENSMFAG00000041270
ENSMUSG00000031023,ENSMFAG00000045580
ENSMUSG00000089317,ENSMFAG00000020222
ENSMUSG00000022231,ENSMFAG00000038895
ENSMUSG00000043301,ENSMFAG00000040836
ENSMUSG00000026489,ENSMFAG00000045043
ENSMUSG00000004221,ENSMFAG00000032230
ENSMUSG00000085601,ENSMFAG00000038095
ENSMUSG00000020024,ENSMFAG00000001500
ENSMUSG00000039523,ENSMFAG00000041467
ENSMUSG00000050428,ENSMFAG00000004080
ENSMUSG00000031022,ENSMFAG00000037709
ENSMUSG00000024056,ENSMFAG00000001170
ENSMUSG00000065764,ENSMFAG00000021870
ENSMUSG00000064867,ENSMFAG00000004353
ENSMUSG00000064867,ENSMFAG00000040693
ENSMUSG00000064867,ENSMFAG00000056664
ENSMUSG00000064867,ENSMFAG00000013324
ENSMUSG00000053819,ENSMFAG00000040802
ENSMUSG00000022742,ENSMFAG00000046380
ENSMUSG00000069227,ENSMFAG00000052966
ENSMUSG00000035951,ENSMFAG00000051105
ENSMUSG00000030407,ENSMFAG00000009032
ENSMUSG00000021693,ENSMFAG00000001362
ENSMUSG00000047293,ENSMFAG00000014483
ENSMUSG00000022744,ENSMFAG00000041563
ENSMUSG00000037944,ENSMFAG00000032012
ENSMUSG00000061650,ENSMFAG00000002302
ENSMUSG00000049892,ENSMFAG00000050070
ENSMUSG00000034341,ENSMFAG00000031565
ENSMUSG00000031021,ENSMFAG00000044858
ENSMUSG00000045761,ENSMFAG00000038248
ENSMUSG00000029028,ENSMFAG00000045730
ENSMUSG00000074785,ENSMFAG00000039287
ENSMUSG00000071510,ENSMFAG00000034033
ENSMUSG00000071510,ENSMFAG00000061660
ENSMUSG00000034825,ENSMFAG00000003004
ENSMUSG00000049362,ENSMFAG00000034033
ENSMUSG00000049362,ENSMFAG00000061660
ENSMUSG00000025754,ENSMFAG00000040080
ENSMUSG00000019718,ENSMFAG00000037589
ENSMUSG00000022261,ENSMFAG00000041222
ENSMUSG00000062609,ENSMFAG00000018546
ENSMUSG00000078350,ENSMFAG00000041475
ENSMUSG00000041771,ENSMFAG00000037870
ENSMUSG00000039842,ENSMFAG00000043546
ENSMUSG00000039007,ENSMFAG00000003103
ENSMUSG00000000301,ENSMFAG00000045924
ENSMUSG00000038774,ENSMFAG00000002081
ENSMUSG00000044375,ENSMFAG00000003210
ENSMUSG00000037210,ENSMFAG00000045259
ENSMUSG00000023868,ENSMFAG00000046132
ENSMUSG00000020773,ENSMFAG00000040084
ENSMUSG00000039492,ENSMFAG00000039059
ENSMUSG00000038984,ENSMFAG00000030843
ENSMUSG00000028716,ENSMFAG00000002324
ENSMUSG00000030406,ENSMFAG00000043015
ENSMUSG00000040163,ENSMFAG00000039958
ENSMUSG00000062105,ENSMFAG00000060508
ENSMUSG00000062105,ENSMFAG00000053901
ENSMUSG00000062105,ENSMFAG00000047351
ENSMUSG00000062105,ENSMFAG00000053144
ENSMUSG00000062105,ENSMFAG00000007212
ENSMUSG00000025938,ENSMFAG00000037298
ENSMUSG00000045867,ENSMFAG00000043923
ENSMUSG00000033658,ENSMFAG00000030922
ENSMUSG00000040121,ENSMFAG00000062839
ENSMUSG00000029438,ENSMFAG00000045274
ENSMUSG00000040112,ENSMFAG00000030289
ENSMUSG00000040112,ENSMFAG00000060921
ENSMUSG00000047960,ENSMFAG00000060508
ENSMUSG00000047960,ENSMFAG00000053901
ENSMUSG00000047960,ENSMFAG00000047351
ENSMUSG00000047960,ENSMFAG00000053144
ENSMUSG00000047960,ENSMFAG00000007212
ENSMUSG00000043357,ENSMFAG00000060508
ENSMUSG00000043357,ENSMFAG00000053901
ENSMUSG00000043357,ENSMFAG00000047351
ENSMUSG00000043357,ENSMFAG00000053144
ENSMUSG00000043357,ENSMFAG00000007212
ENSMUSG00000019913,ENSMFAG00000002878
ENSMUSG00000064006,ENSMFAG00000060508
ENSMUSG00000064006,ENSMFAG00000053901
ENSMUSG00000064006,ENSMFAG00000047351
ENSMUSG00000064006,ENSMFAG00000053144
ENSMUSG00000064006,ENSMFAG00000007212
ENSMUSG00000047155,ENSMFAG00000000631
ENSMUSG00000094539,ENSMFAG00000060508
ENSMUSG00000094539,ENSMFAG00000053901
ENSMUSG00000094539,ENSMFAG00000047351
ENSMUSG00000094539,ENSMFAG00000053144
ENSMUSG00000094539,ENSMFAG00000007212
ENSMUSG00000062115,ENSMFAG00000002488
ENSMUSG00000060057,ENSMFAG00000060508
ENSMUSG00000060057,ENSMFAG00000053901
ENSMUSG00000060057,ENSMFAG00000047351
ENSMUSG00000060057,ENSMFAG00000053144
ENSMUSG00000060057,ENSMFAG00000007212
ENSMUSG00000029563,ENSMFAG00000000636
ENSMUSG00000005078,ENSMFAG00000001385
ENSMUSG00000039361,ENSMFAG00000002978
ENSMUSG00000084449,ENSMFAG00000020300
ENSMUSG00000031465,ENSMFAG00000044644
ENSMUSG00000020027,ENSMFAG00000031234
ENSMUSG00000096695,ENSMFAG00000060508
ENSMUSG00000096695,ENSMFAG00000053901
ENSMUSG00000096695,ENSMFAG00000047351
ENSMUSG00000096695,ENSMFAG00000053144
ENSMUSG00000096695,ENSMFAG00000007212
ENSMUSG00000042414,ENSMFAG00000044991
ENSMUSG00000010609,ENSMFAG00000000107
ENSMUSG00000031467,ENSMFAG00000034052
ENSMUSG00000054517,ENSMFAG00000051824
ENSMUSG00000021086,ENSMFAG00000043449
ENSMUSG00000031400,ENSMFAG00000043207
ENSMUSG00000074991,ENSMFAG00000029970
ENSMUSG00000006522,ENSMFAG00000038762
ENSMUSG00000025171,ENSMFAG00000044920
ENSMUSG00000044456,ENSMFAG00000023107
ENSMUSG00000025172,ENSMFAG00000039302
ENSMUSG00000022724,ENSMFAG00000041662
ENSMUSG00000031960,ENSMFAG00000002309
ENSMUSG00000061165,ENSMFAG00000019193
ENSMUSG00000025176,ENSMFAG00000061572
ENSMUSG00000110526,ENSMFAG00000019193
ENSMUSG00000032322,ENSMFAG00000041249
ENSMUSG00000084346,ENSMFAG00000042796
ENSMUSG00000084346,ENSMFAG00000032544
ENSMUSG00000084346,ENSMFAG00000039188
ENSMUSG00000084346,ENSMFAG00000054713
ENSMUSG00000084346,ENSMFAG00000045394
ENSMUSG00000031433,ENSMFAG00000041338
ENSMUSG00002075618,ENSMFAG00000017531
ENSMUSG00000026809,ENSMFAG00000033110
ENSMUSG00000034891,ENSMFAG00000033893
ENSMUSG00000049670,ENSMFAG00000000472
ENSMUSG00000025178,ENSMFAG00000003191
ENSMUSG00000026807,ENSMFAG00000032283
ENSMUSG00000020315,ENSMFAG00000003466
ENSMUSG00000022723,ENSMFAG00000046104
ENSMUSG00000066072,ENSMFAG00000042796
ENSMUSG00000066072,ENSMFAG00000032544
ENSMUSG00000066072,ENSMFAG00000039188
ENSMUSG00000066072,ENSMFAG00000054713
ENSMUSG00000066072,ENSMFAG00000045394
ENSMUSG00000063350,ENSMFAG00000062748
ENSMUSG00000058628,ENSMFAG00000062748
ENSMUSG00002075329,ENSMFAG00000019274
ENSMUSG00002075329,ENSMFAG00000023728
ENSMUSG00000033799,ENSMFAG00000000468
ENSMUSG00000036095,ENSMFAG00000042148
ENSMUSG00000022257,ENSMFAG00000042049
ENSMUSG00000066750,ENSMFAG00000062748
ENSMUSG00000006529,ENSMFAG00000038345
ENSMUSG00000035666,ENSMFAG00000041984
ENSMUSG00000032562,ENSMFAG00000032665
ENSMUSG00000018821,ENSMFAG00000043548
ENSMUSG00002076372,ENSMFAG00000055494
ENSMUSG00002076372,ENSMFAG00000065553
ENSMUSG00000042401,ENSMFAG00000007568
ENSMUSG00000058600,ENSMFAG00000031945
ENSMUSG00000039814,ENSMFAG00000036702
ENSMUSG00000026163,ENSMFAG00000045447
ENSMUSG00000066748,ENSMFAG00000058709
ENSMUSG00000040732,ENSMFAG00000031991
ENSMUSG00000032324,ENSMFAG00000031959
ENSMUSG00000026806,ENSMFAG00000036342
ENSMUSG00000065899,ENSMFAG00000009692
ENSMUSG00000065899,ENSMFAG00000006559
ENSMUSG00000065899,ENSMFAG00000035315
ENSMUSG00000065899,ENSMFAG00000021314
ENSMUSG00000065899,ENSMFAG00000035002
ENSMUSG00000028712,ENSMFAG00000042796
ENSMUSG00000028712,ENSMFAG00000032544
ENSMUSG00000028712,ENSMFAG00000039188
ENSMUSG00000028712,ENSMFAG00000054713
ENSMUSG00000028712,ENSMFAG00000045394
ENSMUSG00000044726,ENSMFAG00000002519
ENSMUSG00000022323,ENSMFAG00000028633
ENSMUSG00000022323,ENSMFAG00000060028
ENSMUSG00000079534,ENSMFAG00000060170
ENSMUSG00000079534,ENSMFAG00000053528
ENSMUSG00000031295,ENSMFAG00000044106
ENSMUSG00000066747,ENSMFAG00000054594
ENSMUSG00000055782,ENSMFAG00000002050
ENSMUSG00000060579,ENSMFAG00000040773
ENSMUSG00000038855,ENSMFAG00000035876
ENSMUSG00000084661,ENSMFAG00000053722
ENSMUSG00000019909,ENSMFAG00000050195
ENSMUSG00000033781,ENSMFAG00000000727
ENSMUSG00000063929,ENSMFAG00000042796
ENSMUSG00000063929,ENSMFAG00000032544
ENSMUSG00000063929,ENSMFAG00000039188
ENSMUSG00000063929,ENSMFAG00000054713
ENSMUSG00000063929,ENSMFAG00000045394
ENSMUSG00000074305,ENSMFAG00000042540
ENSMUSG00000039375,ENSMFAG00000043874
ENSMUSG00000078932,ENSMFAG00000033372
ENSMUSG00000034780,ENSMFAG00000008871
ENSMUSG00000028713,ENSMFAG00000031207
ENSMUSG00000019905,ENSMFAG00000037810
ENSMUSG00000026805,ENSMFAG00000001005
ENSMUSG00000025184,ENSMFAG00000036084
ENSMUSG00000053963,ENSMFAG00000035398
ENSMUSG00000036298,ENSMFAG00000048331
ENSMUSG00000063130,ENSMFAG00000008251
ENSMUSG00000033765,ENSMFAG00000049878
ENSMUSG00000099269,ENSMFAG00000049878
ENSMUSG00000074794,ENSMFAG00000031762
ENSMUSG00000079502,ENSMFAG00000001992
ENSMUSG00000045658,ENSMFAG00000062653
ENSMUSG00000025185,ENSMFAG00000036533
ENSMUSG00000021918,ENSMFAG00000003641
ENSMUSG00000022325,ENSMFAG00000000347
ENSMUSG00000032329,ENSMFAG00000037384
ENSMUSG00000072662,ENSMFAG00000034623
ENSMUSG00000015484,ENSMFAG00000037711
ENSMUSG00000019929,ENSMFAG00000037651
ENSMUSG00000062646,ENSMFAG00000042444
ENSMUSG00000040102,ENSMFAG00000037607
ENSMUSG00000048402,ENSMFAG00000003477
ENSMUSG00000021087,ENSMFAG00000031365
ENSMUSG00000048776,ENSMFAG00000003152
ENSMUSG00000068184,ENSMFAG00000003670
ENSMUSG00000041390,ENSMFAG00000050895
ENSMUSG00000059866,ENSMFAG00000003617
ENSMUSG00000029026,ENSMFAG00000043807
ENSMUSG00000060224,ENSMFAG00000034078
ENSMUSG00000036446,ENSMFAG00000036088
ENSMUSG00000021215,ENSMFAG00000038831
ENSMUSG00000019932,ENSMFAG00000041597
ENSMUSG00000019936,ENSMFAG00000033919
ENSMUSG00000030301,ENSMFAG00000045497
ENSMUSG00000038879,ENSMFAG00000027246
ENSMUSG00000021090,ENSMFAG00000041739
ENSMUSG00000011831,ENSMFAG00000003592
ENSMUSG00000037035,ENSMFAG00000043042
ENSMUSG00000036766,ENSMFAG00000034549
ENSMUSG00000024059,ENSMFAG00000044119
ENSMUSG00000019900,ENSMFAG00000000913
ENSMUSG00000032872,ENSMFAG00000036090
ENSMUSG00000050963,ENSMFAG00000030529
ENSMUSG00000025188,ENSMFAG00000036329
ENSMUSG00000022329,ENSMFAG00000000855
ENSMUSG00000029553,ENSMFAG00000035684
ENSMUSG00000021216,ENSMFAG00000042394
ENSMUSG00000005886,ENSMFAG00000017985
ENSMUSG00000044988,ENSMFAG00000047462
ENSMUSG00000072944,ENSMFAG00000033608
ENSMUSG00000026803,ENSMFAG00000039898
ENSMUSG00000074895,ENSMFAG00000031726
ENSMUSG00000029822,ENSMFAG00000045859
ENSMUSG00000118653,ENSMFAG00000001052
ENSMUSG00000042761,ENSMFAG00000038052
ENSMUSG00000017631,ENSMFAG00000044480
ENSMUSG00000027030,ENSMFAG00000031858
ENSMUSG00000022722,ENSMFAG00000035901
ENSMUSG00000042433,ENSMFAG00000033661
ENSMUSG00000021917,ENSMFAG00000040738
ENSMUSG00000049556,ENSMFAG00000010325
ENSMUSG00000031517,ENSMFAG00000030986
ENSMUSG00000062168,ENSMFAG00000032152
ENSMUSG00000063447,ENSMFAG00000039044
ENSMUSG00000022330,ENSMFAG00000030128
ENSMUSG00000002297,ENSMFAG00000034436
ENSMUSG00000037646,ENSMFAG00000034665
ENSMUSG00000021843,ENSMFAG00000043226
ENSMUSG00000031293,ENSMFAG00000003687
ENSMUSG00000056919,ENSMFAG00000031492
ENSMUSG00000046258,ENSMFAG00000038871
ENSMUSG00000109482,ENSMFAG00000031332
ENSMUSG00000042425,ENSMFAG00000059875
ENSMUSG00000096265,ENSMFAG00000048991
ENSMUSG00000096265,ENSMFAG00000049362
ENSMUSG00000096265,ENSMFAG00000055998
ENSMUSG00000096265,ENSMFAG00000062897
ENSMUSG00000096265,ENSMFAG00000057468
ENSMUSG00000096265,ENSMFAG00000053864
ENSMUSG00000096265,ENSMFAG00000052235
ENSMUSG00000096265,ENSMFAG00000047882
ENSMUSG00000021094,ENSMFAG00000031332
ENSMUSG00000043535,ENSMFAG00000039742
ENSMUSG00000049641,ENSMFAG00000039023
ENSMUSG00000038257,ENSMFAG00000034554
ENSMUSG00000022895,ENSMFAG00000055774
ENSMUSG00000019943,ENSMFAG00000045257
ENSMUSG00000045620,ENSMFAG00000047812
ENSMUSG00000021096,ENSMFAG00000001498
ENSMUSG00000033633,ENSMFAG00000006545
ENSMUSG00000014313,ENSMFAG00000050069
ENSMUSG00000032911,ENSMFAG00000031446
ENSMUSG00000004151,ENSMFAG00000032001
ENSMUSG00000037627,ENSMFAG00000000941
ENSMUSG00000032733,ENSMFAG00000002189
ENSMUSG00000055540,ENSMFAG00000000192
ENSMUSG00000032419,ENSMFAG00000039688
ENSMUSG00000058558,ENSMFAG00000003915
ENSMUSG00000058558,ENSMFAG00000033619
ENSMUSG00000063694,ENSMFAG00000026282
ENSMUSG00000063694,ENSMFAG00000050012
ENSMUSG00000063694,ENSMFAG00000030330
ENSMUSG00000063694,ENSMFAG00000020472
ENSMUSG00000063694,ENSMFAG00000029344
ENSMUSG00000063694,ENSMFAG00000029941
ENSMUSG00000021694,ENSMFAG00000037556
ENSMUSG00000019960,ENSMFAG00000038546
ENSMUSG00000045095,ENSMFAG00000032287
ENSMUSG00000029029,ENSMFAG00000001728
ENSMUSG00000032288,ENSMFAG00000008867
ENSMUSG00000031431,ENSMFAG00000045786
ENSMUSG00000005262,ENSMFAG00000040923
ENSMUSG00000055334,ENSMFAG00000003706
ENSMUSG00000004451,ENSMFAG00000038532
ENSMUSG00000074852,ENSMFAG00000036760
ENSMUSG00000119124,ENSMFAG00000016775
ENSMUSG00000038903,ENSMFAG00000032372
ENSMUSG00000046934,ENSMFAG00000002143
ENSMUSG00000045996,ENSMFAG00000053611
ENSMUSG00000064453,ENSMFAG00000005961
ENSMUSG00000077426,ENSMFAG00000020467
ENSMUSG00000032290,ENSMFAG00000040965
ENSMUSG00000038342,ENSMFAG00000030662
ENSMUSG00000025404,ENSMFAG00000036385
ENSMUSG00000025189,ENSMFAG00000046376
ENSMUSG00000037617,ENSMFAG00000027456
ENSMUSG00000098923,ENSMFAG00000016061
ENSMUSG00000084505,ENSMFAG00000005375
ENSMUSG00000029030,ENSMFAG00000037093
ENSMUSG00000026496,ENSMFAG00000002526
ENSMUSG00000034684,ENSMFAG00000002063
ENSMUSG00000024511,ENSMFAG00000002806
ENSMUSG00000057751,ENSMFAG00000036723
ENSMUSG00000027035,ENSMFAG00000046177
ENSMUSG00000110591,ENSMFAG00000048991
ENSMUSG00000110591,ENSMFAG00000049362
ENSMUSG00000110591,ENSMFAG00000055998
ENSMUSG00000110591,ENSMFAG00000062897
ENSMUSG00000110591,ENSMFAG00000057468
ENSMUSG00000110591,ENSMFAG00000053864
ENSMUSG00000110591,ENSMFAG00000052235
ENSMUSG00000110591,ENSMFAG00000047882
ENSMUSG00000025190,ENSMFAG00000030230
ENSMUSG00000031613,ENSMFAG00000041220
ENSMUSG00000079608,ENSMFAG00000046022
ENSMUSG00000071632,ENSMFAG00000040161
ENSMUSG00000074449,ENSMFAG00000048991
ENSMUSG00000074449,ENSMFAG00000049362
ENSMUSG00000074449,ENSMFAG00000055998
ENSMUSG00000074449,ENSMFAG00000062897
ENSMUSG00000074449,ENSMFAG00000057468
ENSMUSG00000074449,ENSMFAG00000053864
ENSMUSG00000074449,ENSMFAG00000052235
ENSMUSG00000074449,ENSMFAG00000047882
ENSMUSG00000044220,ENSMFAG00000044388
ENSMUSG00000034738,ENSMFAG00000031990
ENSMUSG00000040414,ENSMFAG00000003371
ENSMUSG00000055471,ENSMFAG00000032798
ENSMUSG00000033624,ENSMFAG00000044314
ENSMUSG00000088201,ENSMFAG00000009764
ENSMUSG00000070173,ENSMFAG00000005603
ENSMUSG00000070173,ENSMFAG00000005386
ENSMUSG00000025192,ENSMFAG00000038377
ENSMUSG00000029270,ENSMFAG00000000290
ENSMUSG00000022280,ENSMFAG00000044073
ENSMUSG00000022706,ENSMFAG00000032018
ENSMUSG00002076036,ENSMFAG00000030021
ENSMUSG00000050312,ENSMFAG00000037638
ENSMUSG00000039770,ENSMFAG00000034462
ENSMUSG00000021417,ENSMFAG00000039175
ENSMUSG00000026799,ENSMFAG00000003320
ENSMUSG00000000266,ENSMFAG00000038116
ENSMUSG00000054520,ENSMFAG00000040599
ENSMUSG00000044243,ENSMFAG00000065543
ENSMUSG00000046275,ENSMFAG00000065706
ENSMUSG00000048307,ENSMFAG00000043665
ENSMUSG00000010392,ENSMFAG00000038581
ENSMUSG00000038215,ENSMFAG00000003438
ENSMUSG00000024063,ENSMFAG00000065560
ENSMUSG00000040018,ENSMFAG00000044256
ENSMUSG00000022911,ENSMFAG00000044585
ENSMUSG00000118930,ENSMFAG00000055014
ENSMUSG00000023873,ENSMFAG00000031329
ENSMUSG00000055022,ENSMFAG00000035494
ENSMUSG00000020538,ENSMFAG00000028608
ENSMUSG00000089437,ENSMFAG00000006188
ENSMUSG00000089014,ENSMFAG00000006518
ENSMUSG00000025935,ENSMFAG00000002631
ENSMUSG00000031292,ENSMFAG00000030921
ENSMUSG00000047854,ENSMFAG00000007249
ENSMUSG00000038425,ENSMFAG00000011788
ENSMUSG00000022912,ENSMFAG00000043290
ENSMUSG00000025193,ENSMFAG00000031857
ENSMUSG00000029032,ENSMFAG00000046261
ENSMUSG00000005233,ENSMFAG00000035541
ENSMUSG00000047667,ENSMFAG00000037205
ENSMUSG00000063221,ENSMFAG00000037205
ENSMUSG00000094687,ENSMFAG00000000362
ENSMUSG00000094687,ENSMFAG00000033218
ENSMUSG00000094687,ENSMFAG00000036101
ENSMUSG00000094687,ENSMFAG00000064932
ENSMUSG00000094687,ENSMFAG00000052668
ENSMUSG00000094687,ENSMFAG00000000322
ENSMUSG00000094687,ENSMFAG00000055367
ENSMUSG00000094687,ENSMFAG00000003666
ENSMUSG00000094687,ENSMFAG00000038048
ENSMUSG00000094687,ENSMFAG00000061697
ENSMUSG00000094687,ENSMFAG00000046139
ENSMUSG00000094687,ENSMFAG00000043176
ENSMUSG00000022702,ENSMFAG00000030575
ENSMUSG00000058515,ENSMFAG00000037205
ENSMUSG00000061958,ENSMFAG00000000362
ENSMUSG00000061958,ENSMFAG00000033218
ENSMUSG00000061958,ENSMFAG00000036101
ENSMUSG00000061958,ENSMFAG00000064932
ENSMUSG00000061958,ENSMFAG00000052668
ENSMUSG00000061958,ENSMFAG00000000322
ENSMUSG00000061958,ENSMFAG00000055367
ENSMUSG00000061958,ENSMFAG00000003666
ENSMUSG00000061958,ENSMFAG00000038048
ENSMUSG00000061958,ENSMFAG00000061697
ENSMUSG00000061958,ENSMFAG00000046139
ENSMUSG00000061958,ENSMFAG00000043176
ENSMUSG00000038206,ENSMFAG00000034344
ENSMUSG00000059595,ENSMFAG00000055358
ENSMUSG00000058820,ENSMFAG00000055358
ENSMUSG00000025194,ENSMFAG00000042907
ENSMUSG00000025937,ENSMFAG00000033253
ENSMUSG00000094182,ENSMFAG00000055358
ENSMUSG00000046173,ENSMFAG00000044845
ENSMUSG00000046173,ENSMFAG00000049831
ENSMUSG00000046173,ENSMFAG00000004725
ENSMUSG00000046173,ENSMFAG00000051409
ENSMUSG00000047446,ENSMFAG00000044498
ENSMUSG00000047446,ENSMFAG00000051485
ENSMUSG00000054099,ENSMFAG00000034495
ENSMUSG00000054469,ENSMFAG00000042586
ENSMUSG00000049708,ENSMFAG00000055358
ENSMUSG00000039410,ENSMFAG00000036508
ENSMUSG00000094970,ENSMFAG00000055358
ENSMUSG00000021099,ENSMFAG00000038361
ENSMUSG00000067813,ENSMFAG00000040868
ENSMUSG00000074444,ENSMFAG00000000362
ENSMUSG00000074444,ENSMFAG00000033218
ENSMUSG00000074444,ENSMFAG00000036101
ENSMUSG00000074444,ENSMFAG00000064932
ENSMUSG00000074444,ENSMFAG00000052668
ENSMUSG00000074444,ENSMFAG00000000322
ENSMUSG00000074444,ENSMFAG00000055367
ENSMUSG00000074444,ENSMFAG00000003666
ENSMUSG00000074444,ENSMFAG00000038048
ENSMUSG00000074444,ENSMFAG00000061697
ENSMUSG00000074444,ENSMFAG00000046139
ENSMUSG00000074444,ENSMFAG00000043176
ENSMUSG00000074443,ENSMFAG00000000362
ENSMUSG00000074443,ENSMFAG00000033218
ENSMUSG00000074443,ENSMFAG00000036101
ENSMUSG00000074443,ENSMFAG00000064932
ENSMUSG00000074443,ENSMFAG00000052668
ENSMUSG00000074443,ENSMFAG00000000322
ENSMUSG00000074443,ENSMFAG00000055367
ENSMUSG00000074443,ENSMFAG00000003666
ENSMUSG00000074443,ENSMFAG00000038048
ENSMUSG00000074443,ENSMFAG00000061697
ENSMUSG00000074443,ENSMFAG00000046139
ENSMUSG00000074443,ENSMFAG00000043176
ENSMUSG00000096555,ENSMFAG00000055358
ENSMUSG00000119310,ENSMFAG00000004533
ENSMUSG00000119310,ENSMFAG00000050780
ENSMUSG00000074442,ENSMFAG00000000362
ENSMUSG00000074442,ENSMFAG00000033218
ENSMUSG00000074442,ENSMFAG00000036101
ENSMUSG00000074442,ENSMFAG00000064932
ENSMUSG00000074442,ENSMFAG00000052668
ENSMUSG00000074442,ENSMFAG00000000322
ENSMUSG00000074442,ENSMFAG00000055367
ENSMUSG00000074442,ENSMFAG00000003666
ENSMUSG00000074442,ENSMFAG00000038048
ENSMUSG00000074442,ENSMFAG00000061697
ENSMUSG00000074442,ENSMFAG00000046139
ENSMUSG00000074442,ENSMFAG00000043176
ENSMUSG00000026219,ENSMFAG00000042518
ENSMUSG00000051367,ENSMFAG00000048802
ENSMUSG00000079116,ENSMFAG00000000362
ENSMUSG00000079116,ENSMFAG00000033218
ENSMUSG00000079116,ENSMFAG00000036101
ENSMUSG00000079116,ENSMFAG00000064932
ENSMUSG00000079116,ENSMFAG00000052668
ENSMUSG00000079116,ENSMFAG00000000322
ENSMUSG00000079116,ENSMFAG00000055367
ENSMUSG00000079116,ENSMFAG00000003666
ENSMUSG00000079116,ENSMFAG00000038048
ENSMUSG00000079116,ENSMFAG00000061697
ENSMUSG00000079116,ENSMFAG00000046139
ENSMUSG00000079116,ENSMFAG00000043176
ENSMUSG00000096109,ENSMFAG00000055358
ENSMUSG00000074441,ENSMFAG00000000362
ENSMUSG00000074441,ENSMFAG00000033218
ENSMUSG00000074441,ENSMFAG00000036101
ENSMUSG00000074441,ENSMFAG00000064932
ENSMUSG00000074441,ENSMFAG00000052668
ENSMUSG00000074441,ENSMFAG00000000322
ENSMUSG00000074441,ENSMFAG00000055367
ENSMUSG00000074441,ENSMFAG00000003666
ENSMUSG00000074441,ENSMFAG00000038048
ENSMUSG00000074441,ENSMFAG00000061697
ENSMUSG00000074441,ENSMFAG00000046139
ENSMUSG00000074441,ENSMFAG00000043176
ENSMUSG00000042557,ENSMFAG00000062346
ENSMUSG00000074440,ENSMFAG00000000362
ENSMUSG00000074440,ENSMFAG00000033218
ENSMUSG00000074440,ENSMFAG00000036101
ENSMUSG00000074440,ENSMFAG00000064932
ENSMUSG00000074440,ENSMFAG00000052668
ENSMUSG00000074440,ENSMFAG00000000322
ENSMUSG00000074440,ENSMFAG00000055367
ENSMUSG00000074440,ENSMFAG00000003666
ENSMUSG00000074440,ENSMFAG00000038048
ENSMUSG00000074440,ENSMFAG00000061697
ENSMUSG00000074440,ENSMFAG00000046139
ENSMUSG00000074440,ENSMFAG00000043176
ENSMUSG00000034460,ENSMFAG00000041852
ENSMUSG00000025762,ENSMFAG00000002218
ENSMUSG00000074439,ENSMFAG00000000362
ENSMUSG00000074439,ENSMFAG00000033218
ENSMUSG00000074439,ENSMFAG00000036101
ENSMUSG00000074439,ENSMFAG00000064932
ENSMUSG00000074439,ENSMFAG00000052668
ENSMUSG00000074439,ENSMFAG00000000322
ENSMUSG00000074439,ENSMFAG00000055367
ENSMUSG00000074439,ENSMFAG00000003666
ENSMUSG00000074439,ENSMFAG00000038048
ENSMUSG00000074439,ENSMFAG00000061697
ENSMUSG00000074439,ENSMFAG00000046139
ENSMUSG00000074439,ENSMFAG00000043176
ENSMUSG00000003316,ENSMFAG00000020124
ENSMUSG00000002565,ENSMFAG00000028723
ENSMUSG00000062078,ENSMFAG00000044069
ENSMUSG00000036218,ENSMFAG00000037115
ENSMUSG00000025195,ENSMFAG00000002036
ENSMUSG00000005232,ENSMFAG00000002062
ENSMUSG00000040570,ENSMFAG00000002053
ENSMUSG00000119893,ENSMFAG00000063156
ENSMUSG00000119893,ENSMFAG00000064040
ENSMUSG00000067860,ENSMFAG00000027018
ENSMUSG00000013611,ENSMFAG00000042840
ENSMUSG00000027068,ENSMFAG00000034505
ENSMUSG00000028175,ENSMFAG00000036197
ENSMUSG00000024513,ENSMFAG00000030736
ENSMUSG00000105906,ENSMFAG00000052824
ENSMUSG00000105906,ENSMFAG00000063102
ENSMUSG00000105906,ENSMFAG00000062312
ENSMUSG00000105906,ENSMFAG00000055443
ENSMUSG00000105906,ENSMFAG00000036748
ENSMUSG00000105906,ENSMFAG00000001839
ENSMUSG00000105906,ENSMFAG00000055992
ENSMUSG00000105906,ENSMFAG00000049193
ENSMUSG00000105906,ENSMFAG00000053004
ENSMUSG00000105547,ENSMFAG00000052824
ENSMUSG00000105547,ENSMFAG00000063102
ENSMUSG00000105547,ENSMFAG00000062312
ENSMUSG00000105547,ENSMFAG00000055443
ENSMUSG00000105547,ENSMFAG00000036748
ENSMUSG00000105547,ENSMFAG00000001839
ENSMUSG00000105547,ENSMFAG00000055992
ENSMUSG00000105547,ENSMFAG00000049193
ENSMUSG00000105547,ENSMFAG00000053004
ENSMUSG00000076934,ENSMFAG00000057442
ENSMUSG00000027070,ENSMFAG00000045364
ENSMUSG00000106039,ENSMFAG00000052824
ENSMUSG00000106039,ENSMFAG00000063102
ENSMUSG00000106039,ENSMFAG00000062312
ENSMUSG00000106039,ENSMFAG00000055443
ENSMUSG00000106039,ENSMFAG00000036748
ENSMUSG00000106039,ENSMFAG00000001839
ENSMUSG00000106039,ENSMFAG00000055992
ENSMUSG00000106039,ENSMFAG00000049193
ENSMUSG00000106039,ENSMFAG00000053004
ENSMUSG00000020841,ENSMFAG00000042013
ENSMUSG00000076937,ENSMFAG00000052824
ENSMUSG00000076937,ENSMFAG00000063102
ENSMUSG00000076937,ENSMFAG00000062312
ENSMUSG00000076937,ENSMFAG00000055443
ENSMUSG00000076937,ENSMFAG00000036748
ENSMUSG00000076937,ENSMFAG00000001839
ENSMUSG00000076937,ENSMFAG00000055992
ENSMUSG00000076937,ENSMFAG00000049193
ENSMUSG00000076937,ENSMFAG00000053004
ENSMUSG00000076939,ENSMFAG00000056661
ENSMUSG00000037196,ENSMFAG00000039741
ENSMUSG00000076940,ENSMFAG00000057442
ENSMUSG00000029828,ENSMFAG00000043369
ENSMUSG00000050742,ENSMFAG00000055346
ENSMUSG00000060534,ENSMFAG00000033415
ENSMUSG00000050158,ENSMFAG00000055346
ENSMUSG00000023827,ENSMFAG00000041781
ENSMUSG00000056822,ENSMFAG00000056720
ENSMUSG00000056822,ENSMFAG00000052136
ENSMUSG00000034442,ENSMFAG00000002940
ENSMUSG00000045341,ENSMFAG00000060931
ENSMUSG00000045341,ENSMFAG00000063755
ENSMUSG00000045341,ENSMFAG00000048986
ENSMUSG00000061361,ENSMFAG00000056720
ENSMUSG00000061361,ENSMFAG00000052136
ENSMUSG00000035674,ENSMFAG00000051369
ENSMUSG00000035674,ENSMFAG00000056454
ENSMUSG00000036197,ENSMFAG00000034181
ENSMUSG00000029552,ENSMFAG00000005909
ENSMUSG00000021198,ENSMFAG00000042508
ENSMUSG00000052504,ENSMFAG00000031166
ENSMUSG00000074437,ENSMFAG00000000362
ENSMUSG00000074437,ENSMFAG00000033218
ENSMUSG00000074437,ENSMFAG00000036101
ENSMUSG00000074437,ENSMFAG00000064932
ENSMUSG00000074437,ENSMFAG00000052668
ENSMUSG00000074437,ENSMFAG00000000322
ENSMUSG00000074437,ENSMFAG00000055367
ENSMUSG00000074437,ENSMFAG00000003666
ENSMUSG00000074437,ENSMFAG00000038048
ENSMUSG00000074437,ENSMFAG00000061697
ENSMUSG00000074437,ENSMFAG00000046139
ENSMUSG00000074437,ENSMFAG00000043176
ENSMUSG00000007279,ENSMFAG00000034308
ENSMUSG00000024066,ENSMFAG00000002614
ENSMUSG00000020839,ENSMFAG00000042486
ENSMUSG00000096295,ENSMFAG00000000362
ENSMUSG00000096295,ENSMFAG00000033218
ENSMUSG00000096295,ENSMFAG00000036101
ENSMUSG00000096295,ENSMFAG00000064932
ENSMUSG00000096295,ENSMFAG00000052668
ENSMUSG00000096295,ENSMFAG00000000322
ENSMUSG00000096295,ENSMFAG00000055367
ENSMUSG00000096295,ENSMFAG00000003666
ENSMUSG00000096295,ENSMFAG00000038048
ENSMUSG00000096295,ENSMFAG00000061697
ENSMUSG00000096295,ENSMFAG00000046139
ENSMUSG00000096295,ENSMFAG00000043176
ENSMUSG00000025196,ENSMFAG00000007369
ENSMUSG00000094362,ENSMFAG00000000362
ENSMUSG00000094362,ENSMFAG00000033218
ENSMUSG00000094362,ENSMFAG00000036101
ENSMUSG00000094362,ENSMFAG00000064932
ENSMUSG00000094362,ENSMFAG00000052668
ENSMUSG00000094362,ENSMFAG00000000322
ENSMUSG00000094362,ENSMFAG00000055367
ENSMUSG00000094362,ENSMFAG00000003666
ENSMUSG00000094362,ENSMFAG00000038048
ENSMUSG00000094362,ENSMFAG00000061697
ENSMUSG00000094362,ENSMFAG00000046139
ENSMUSG00000094362,ENSMFAG00000043176
ENSMUSG00000094662,ENSMFAG00000000362
ENSMUSG00000094662,ENSMFAG00000033218
ENSMUSG00000094662,ENSMFAG00000036101
ENSMUSG00000094662,ENSMFAG00000064932
ENSMUSG00000094662,ENSMFAG00000052668
ENSMUSG00000094662,ENSMFAG00000000322
ENSMUSG00000094662,ENSMFAG00000055367
ENSMUSG00000094662,ENSMFAG00000003666
ENSMUSG00000094662,ENSMFAG00000038048
ENSMUSG00000094662,ENSMFAG00000061697
ENSMUSG00000094662,ENSMFAG00000046139
ENSMUSG00000094662,ENSMFAG00000043176
ENSMUSG00000079114,ENSMFAG00000000362
ENSMUSG00000079114,ENSMFAG00000033218
ENSMUSG00000079114,ENSMFAG00000036101
ENSMUSG00000079114,ENSMFAG00000064932
ENSMUSG00000079114,ENSMFAG00000052668
ENSMUSG00000079114,ENSMFAG00000000322
ENSMUSG00000079114,ENSMFAG00000055367
ENSMUSG00000079114,ENSMFAG00000003666
ENSMUSG00000079114,ENSMFAG00000038048
ENSMUSG00000079114,ENSMFAG00000061697
ENSMUSG00000079114,ENSMFAG00000046139
ENSMUSG00000079114,ENSMFAG00000043176
ENSMUSG00000049940,ENSMFAG00000039950
ENSMUSG00000033596,ENSMFAG00000043003
ENSMUSG00000054312,ENSMFAG00000042375
ENSMUSG00000029831,ENSMFAG00000033164
ENSMUSG00000028174,ENSMFAG00000043407
ENSMUSG00002075795,ENSMFAG00000008274
ENSMUSG00000037253,ENSMFAG00000056117
ENSMUSG00000020776,ENSMFAG00000000793
ENSMUSG00000064527,ENSMFAG00000051253
ENSMUSG00000064527,ENSMFAG00000064149
ENSMUSG00000024515,ENSMFAG00000037003
ENSMUSG00000000058,ENSMFAG00000048330
ENSMUSG00000025198,ENSMFAG00000042046
ENSMUSG00000095066,ENSMFAG00000000362
ENSMUSG00000095066,ENSMFAG00000033218
ENSMUSG00000095066,ENSMFAG00000036101
ENSMUSG00000095066,ENSMFAG00000064932
ENSMUSG00000095066,ENSMFAG00000052668
ENSMUSG00000095066,ENSMFAG00000000322
ENSMUSG00000095066,ENSMFAG00000055367
ENSMUSG00000095066,ENSMFAG00000003666
ENSMUSG00000095066,ENSMFAG00000038048
ENSMUSG00000095066,ENSMFAG00000061697
ENSMUSG00000095066,ENSMFAG00000046139
ENSMUSG00000095066,ENSMFAG00000043176
ENSMUSG00000045100,ENSMFAG00000000714
ENSMUSG00000094818,ENSMFAG00000000362
ENSMUSG00000094818,ENSMFAG00000033218
ENSMUSG00000094818,ENSMFAG00000036101
ENSMUSG00000094818,ENSMFAG00000064932
ENSMUSG00000094818,ENSMFAG00000052668
ENSMUSG00000094818,ENSMFAG00000000322
ENSMUSG00000094818,ENSMFAG00000055367
ENSMUSG00000094818,ENSMFAG00000003666
ENSMUSG00000094818,ENSMFAG00000038048
ENSMUSG00000094818,ENSMFAG00000061697
ENSMUSG00000094818,ENSMFAG00000046139
ENSMUSG00000094818,ENSMFAG00000043176
ENSMUSG00000029228,ENSMFAG00000000338
ENSMUSG00000075934,ENSMFAG00000004533
ENSMUSG00000075934,ENSMFAG00000050780
ENSMUSG00000065956,ENSMFAG00000000362
ENSMUSG00000065956,ENSMFAG00000033218
ENSMUSG00000065956,ENSMFAG00000036101
ENSMUSG00000065956,ENSMFAG00000064932
ENSMUSG00000065956,ENSMFAG00000052668
ENSMUSG00000065956,ENSMFAG00000000322
ENSMUSG00000065956,ENSMFAG00000055367
ENSMUSG00000065956,ENSMFAG00000003666
ENSMUSG00000065956,ENSMFAG00000038048
ENSMUSG00000065956,ENSMFAG00000061697
ENSMUSG00000065956,ENSMFAG00000046139
ENSMUSG00000065956,ENSMFAG00000043176
ENSMUSG00000074434,ENSMFAG00000000362
ENSMUSG00000074434,ENSMFAG00000033218
ENSMUSG00000074434,ENSMFAG00000036101
ENSMUSG00000074434,ENSMFAG00000064932
ENSMUSG00000074434,ENSMFAG00000052668
ENSMUSG00000074434,ENSMFAG00000000322
ENSMUSG00000074434,ENSMFAG00000055367
ENSMUSG00000074434,ENSMFAG00000003666
ENSMUSG00000074434,ENSMFAG00000038048
ENSMUSG00000074434,ENSMFAG00000061697
ENSMUSG00000074434,ENSMFAG00000046139
ENSMUSG00000074434,ENSMFAG00000043176
ENSMUSG00000079113,ENSMFAG00000000362
ENSMUSG00000079113,ENSMFAG00000033218
ENSMUSG00000079113,ENSMFAG00000036101
ENSMUSG00000079113,ENSMFAG00000064932
ENSMUSG00000079113,ENSMFAG00000052668
ENSMUSG00000079113,ENSMFAG00000000322
ENSMUSG00000079113,ENSMFAG00000055367
ENSMUSG00000079113,ENSMFAG00000003666
ENSMUSG00000079113,ENSMFAG00000038048
ENSMUSG00000079113,ENSMFAG00000061697
ENSMUSG00000079113,ENSMFAG00000046139
ENSMUSG00000079113,ENSMFAG00000043176
ENSMUSG00000060070,ENSMFAG00000000362
ENSMUSG00000060070,ENSMFAG00000033218
ENSMUSG00000060070,ENSMFAG00000036101
ENSMUSG00000060070,ENSMFAG00000064932
ENSMUSG00000060070,ENSMFAG00000052668
ENSMUSG00000060070,ENSMFAG00000000322
ENSMUSG00000060070,ENSMFAG00000055367
ENSMUSG00000060070,ENSMFAG00000003666
ENSMUSG00000060070,ENSMFAG00000038048
ENSMUSG00000060070,ENSMFAG00000061697
ENSMUSG00000060070,ENSMFAG00000046139
ENSMUSG00000060070,ENSMFAG00000043176
ENSMUSG00000060208,ENSMFAG00000000362
ENSMUSG00000060208,ENSMFAG00000033218
ENSMUSG00000060208,ENSMFAG00000036101
ENSMUSG00000060208,ENSMFAG00000064932
ENSMUSG00000060208,ENSMFAG00000052668
ENSMUSG00000060208,ENSMFAG00000000322
ENSMUSG00000060208,ENSMFAG00000055367
ENSMUSG00000060208,ENSMFAG00000003666
ENSMUSG00000060208,ENSMFAG00000038048
ENSMUSG00000060208,ENSMFAG00000061697
ENSMUSG00000060208,ENSMFAG00000046139
ENSMUSG00000060208,ENSMFAG00000043176
ENSMUSG00000022634,ENSMFAG00000035590
ENSMUSG00000063206,ENSMFAG00000000362
ENSMUSG00000063206,ENSMFAG00000033218
ENSMUSG00000063206,ENSMFAG00000036101
ENSMUSG00000063206,ENSMFAG00000064932
ENSMUSG00000063206,ENSMFAG00000052668
ENSMUSG00000063206,ENSMFAG00000000322
ENSMUSG00000063206,ENSMFAG00000055367
ENSMUSG00000063206,ENSMFAG00000003666
ENSMUSG00000063206,ENSMFAG00000038048
ENSMUSG00000063206,ENSMFAG00000061697
ENSMUSG00000063206,ENSMFAG00000046139
ENSMUSG00000063206,ENSMFAG00000043176
ENSMUSG00000012519,ENSMFAG00000042010
ENSMUSG00000031273,ENSMFAG00000032821
ENSMUSG00000021696,ENSMFAG00000037893
ENSMUSG00000036941,ENSMFAG00000004789
ENSMUSG00000024556,ENSMFAG00000004061
ENSMUSG00000038550,ENSMFAG00000042429
ENSMUSG00000030617,ENSMFAG00000002840
ENSMUSG00000073633,ENSMFAG00000048023
ENSMUSG00000007655,ENSMFAG00000046330
ENSMUSG00000025199,ENSMFAG00000000426
ENSMUSG00000022635,ENSMFAG00000039789
ENSMUSG00000026220,ENSMFAG00000038643
ENSMUSG00000008575,ENSMFAG00000037052
ENSMUSG00000119734,ENSMFAG00000061564
ENSMUSG00000030029,ENSMFAG00000033439
ENSMUSG00000026104,ENSMFAG00000036957
ENSMUSG00000024561,ENSMFAG00000026335
ENSMUSG00000058618,ENSMFAG00000000362
ENSMUSG00000058618,ENSMFAG00000033218
ENSMUSG00000058618,ENSMFAG00000036101
ENSMUSG00000058618,ENSMFAG00000064932
ENSMUSG00000058618,ENSMFAG00000052668
ENSMUSG00000058618,ENSMFAG00000000322
ENSMUSG00000058618,ENSMFAG00000055367
ENSMUSG00000058618,ENSMFAG00000003666
ENSMUSG00000058618,ENSMFAG00000038048
ENSMUSG00000058618,ENSMFAG00000061697
ENSMUSG00000058618,ENSMFAG00000046139
ENSMUSG00000058618,ENSMFAG00000043176
ENSMUSG00000068167,ENSMFAG00000053253
ENSMUSG00000038543,ENSMFAG00000002775
ENSMUSG00000064213,ENSMFAG00000000362
ENSMUSG00000064213,ENSMFAG00000033218
ENSMUSG00000064213,ENSMFAG00000036101
ENSMUSG00000064213,ENSMFAG00000064932
ENSMUSG00000064213,ENSMFAG00000052668
ENSMUSG00000064213,ENSMFAG00000000322
ENSMUSG00000064213,ENSMFAG00000055367
ENSMUSG00000064213,ENSMFAG00000003666
ENSMUSG00000064213,ENSMFAG00000038048
ENSMUSG00000064213,ENSMFAG00000061697
ENSMUSG00000064213,ENSMFAG00000046139
ENSMUSG00000064213,ENSMFAG00000043176
ENSMUSG00000063145,ENSMFAG00000040347
ENSMUSG00000033579,ENSMFAG00000026134
ENSMUSG00000022285,ENSMFAG00000001740
ENSMUSG00000038541,ENSMFAG00000000955
ENSMUSG00000031196,ENSMFAG00000039948
ENSMUSG00000022686,ENSMFAG00000011168
ENSMUSG00000025875,ENSMFAG00000040265
ENSMUSG00000015750,ENSMFAG00000034137
ENSMUSG00000006335,ENSMFAG00000031792
ENSMUSG00000014426,ENSMFAG00000036572
ENSMUSG00000028173,ENSMFAG00000030065
ENSMUSG00000048500,ENSMFAG00000064390
ENSMUSG00000058052,ENSMFAG00000030679
ENSMUSG00000058052,ENSMFAG00000056365
ENSMUSG00000044222,ENSMFAG00000050518
ENSMUSG00000044222,ENSMFAG00000055242
ENSMUSG00000050730,ENSMFAG00000000533
ENSMUSG00000079112,ENSMFAG00000062329
ENSMUSG00000079112,ENSMFAG00000057761
ENSMUSG00000079112,ENSMFAG00000047283
ENSMUSG00000004843,ENSMFAG00000033665
ENSMUSG00000030598,ENSMFAG00000004221
ENSMUSG00000017049,ENSMFAG00000060546
ENSMUSG00000001930,ENSMFAG00000039466
ENSMUSG00000006567,ENSMFAG00000001355
ENSMUSG00000020840,ENSMFAG00000001589
ENSMUSG00000035901,ENSMFAG00000037631
ENSMUSG00000055917,ENSMFAG00000035406
ENSMUSG00000091243,ENSMFAG00000003253
ENSMUSG00000036167,ENSMFAG00000002382
ENSMUSG00000025780,ENSMFAG00000038573
ENSMUSG00000025602,ENSMFAG00000002603
ENSMUSG00000031198,ENSMFAG00000038031
ENSMUSG00000021697,ENSMFAG00000032556
ENSMUSG00000039488,ENSMFAG00000045865
ENSMUSG00000064115,ENSMFAG00000002627
ENSMUSG00000038526,ENSMFAG00000040977
ENSMUSG00000063362,ENSMFAG00000059159
ENSMUSG00000031139,ENSMFAG00000003056
ENSMUSG00000025200,ENSMFAG00000031202
ENSMUSG00000025200,ENSMFAG00000065242
ENSMUSG00000029229,ENSMFAG00000035340
ENSMUSG00000020305,ENSMFAG00000033020
ENSMUSG00000034402,ENSMFAG00000037862
ENSMUSG00000065727,ENSMFAG00000014696
ENSMUSG00000059146,ENSMFAG00000044160
ENSMUSG00000057228,ENSMFAG00000042881
ENSMUSG00000032826,ENSMFAG00000032015
ENSMUSG00000025885,ENSMFAG00000007943
ENSMUSG00000042476,ENSMFAG00000038890
ENSMUSG00000035954,ENSMFAG00000044248
ENSMUSG00000059481,ENSMFAG00000050264
ENSMUSG00000027487,ENSMFAG00000040526
ENSMUSG00000059288,ENSMFAG00000048100
ENSMUSG00000032580,ENSMFAG00000031609
ENSMUSG00000077391,ENSMFAG00000021171
ENSMUSG00000024743,ENSMFAG00000043470
ENSMUSG00000020838,ENSMFAG00000002876
ENSMUSG00002075784,ENSMFAG00000064199
ENSMUSG00000031647,ENSMFAG00000065805
ENSMUSG00000038172,ENSMFAG00000002246
ENSMUSG00000058704,ENSMFAG00000046335
ENSMUSG00000036158,ENSMFAG00000023175
ENSMUSG00000035946,ENSMFAG00000038491
ENSMUSG00000037738,ENSMFAG00000033386
ENSMUSG00000003623,ENSMFAG00000036023
ENSMUSG00000027488,ENSMFAG00000039231
ENSMUSG00000022883,ENSMFAG00000037016
ENSMUSG00000021418,ENSMFAG00000043100
ENSMUSG00000022292,ENSMFAG00000043659
ENSMUSG00000023828,ENSMFAG00000002893
ENSMUSG00000031200,ENSMFAG00000052287
ENSMUSG00000019893,ENSMFAG00000001072
ENSMUSG00000061186,ENSMFAG00000042671
ENSMUSG00000079659,ENSMFAG00000004736
ENSMUSG00000040855,ENSMFAG00000002922
ENSMUSG00000022449,ENSMFAG00000043872
ENSMUSG00000024067,ENSMFAG00000045079
ENSMUSG00000029267,ENSMFAG00000037684
ENSMUSG00000040811,ENSMFAG00000001217
ENSMUSG00000009376,ENSMFAG00000028602
ENSMUSG00000031959,ENSMFAG00000036379
ENSMUSG00000090223,ENSMFAG00000002748
ENSMUSG00000046573,ENSMFAG00000002120
ENSMUSG00000119168,ENSMFAG00000047914
ENSMUSG00000050272,ENSMFAG00000033365
ENSMUSG00000028483,ENSMFAG00000039519
ENSMUSG00000036880,ENSMFAG00000040240
ENSMUSG00000040966,ENSMFAG00000031849
ENSMUSG00000104536,ENSMFAG00000053664
ENSMUSG00000031201,ENSMFAG00000031106
ENSMUSG00000053846,ENSMFAG00000038227
ENSMUSG00000069170,ENSMFAG00000032687
ENSMUSG00000023829,ENSMFAG00000033700
ENSMUSG00000037958,ENSMFAG00000055182
ENSMUSG00000015733,ENSMFAG00000041237
ENSMUSG00000064871,ENSMFAG00000006728
ENSMUSG00000064647,ENSMFAG00000029017
ENSMUSG00000036299,ENSMFAG00000030546
ENSMUSG00000046768,ENSMFAG00000041538
ENSMUSG00000035765,ENSMFAG00000031987
ENSMUSG00000022876,ENSMFAG00000042889
ENSMUSG00000077639,ENSMFAG00000035324
ENSMUSG00000065518,ENSMFAG00000013929
ENSMUSG00000020303,ENSMFAG00000048596
ENSMUSG00000023830,ENSMFAG00000034342
ENSMUSG00000044502,ENSMFAG00000003066
ENSMUSG00000028484,ENSMFAG00000045606
ENSMUSG00000050944,ENSMFAG00000015172
ENSMUSG00000022938,ENSMFAG00000033710
ENSMUSG00000048982,ENSMFAG00000049495
ENSMUSG00000056899,ENSMFAG00000039313
ENSMUSG00000065543,ENSMFAG00000009333
ENSMUSG00000030612,ENSMFAG00000037394
ENSMUSG00000038115,ENSMFAG00000045036
ENSMUSG00000033356,ENSMFAG00000041689
ENSMUSG00000048490,ENSMFAG00000026185
ENSMUSG00000052214,ENSMFAG00000045575
ENSMUSG00000089369,ENSMFAG00000040903
ENSMUSG00000031274,ENSMFAG00000031556
ENSMUSG00000030611,ENSMFAG00000001006
ENSMUSG00000052928,ENSMFAG00000037903
ENSMUSG00000059883,ENSMFAG00000032703
ENSMUSG00000057506,ENSMFAG00000041054
ENSMUSG00000020780,ENSMFAG00000036758
ENSMUSG00000021051,ENSMFAG00000039011
ENSMUSG00000037578,ENSMFAG00000030987
ENSMUSG00000022865,ENSMFAG00000035429
ENSMUSG00000044646,ENSMFAG00000031667
ENSMUSG00000030403,ENSMFAG00000036820
ENSMUSG00000040280,ENSMFAG00000055308
ENSMUSG00000024563,ENSMFAG00000045652
ENSMUSG00000022451,ENSMFAG00000002340
ENSMUSG00000043259,ENSMFAG00000044652
ENSMUSG00000020300,ENSMFAG00000003075
ENSMUSG00000030610,ENSMFAG00000043815
ENSMUSG00000014905,ENSMFAG00000054701
ENSMUSG00000035179,ENSMFAG00000043367
ENSMUSG00000022863,ENSMFAG00000002010
ENSMUSG00000024068,ENSMFAG00000041582
ENSMUSG00000045690,ENSMFAG00000021342
ENSMUSG00000038005,ENSMFAG00000038736
ENSMUSG00000059834,ENSMFAG00000037478
ENSMUSG00000118552,ENSMFAG00000040006
ENSMUSG00000118552,ENSMFAG00000017248
ENSMUSG00000118552,ENSMFAG00000007994
ENSMUSG00000030402,ENSMFAG00000040939
ENSMUSG00000063296,ENSMFAG00000037752
ENSMUSG00000049107,ENSMFAG00000029473
ENSMUSG00000036257,ENSMFAG00000033607
ENSMUSG00000064862,ENSMFAG00000029958
ENSMUSG00000022864,ENSMFAG00000051293
ENSMUSG00000059187,ENSMFAG00000034201
ENSMUSG00000008373,ENSMFAG00000001108
ENSMUSG00000022454,ENSMFAG00000040165
ENSMUSG00000028826,ENSMFAG00000035460
ENSMUSG00000072878,ENSMFAG00000035770
ENSMUSG00000077598,ENSMFAG00000004821
ENSMUSG00000077598,ENSMFAG00000006647
ENSMUSG00000046500,ENSMFAG00000020992
ENSMUSG00000031478,ENSMFAG00000035919
ENSMUSG00000035245,ENSMFAG00000041998
ENSMUSG00000024668,ENSMFAG00000037382
ENSMUSG00000063406,ENSMFAG00000039021
ENSMUSG00000037926,ENSMFAG00000033235
ENSMUSG00000052407,ENSMFAG00000007272
ENSMUSG00000034820,ENSMFAG00000001401
ENSMUSG00000025403,ENSMFAG00000002112
ENSMUSG00000022860,ENSMFAG00000030235
ENSMUSG00000022860,ENSMFAG00000052997
ENSMUSG00000030059,ENSMFAG00000037002
ENSMUSG00000032818,ENSMFAG00000037181
ENSMUSG00000041468,ENSMFAG00000033581
ENSMUSG00000029106,ENSMFAG00000040609
ENSMUSG00000021209,ENSMFAG00000031167
ENSMUSG00000015749,ENSMFAG00000000851
ENSMUSG00000037725,ENSMFAG00000036763
ENSMUSG00000089560,ENSMFAG00000052680
ENSMUSG00000026383,ENSMFAG00000000388
ENSMUSG00000045608,ENSMFAG00000039639
ENSMUSG00000000538,ENSMFAG00000002679
ENSMUSG00000022857,ENSMFAG00000065300
ENSMUSG00000022857,ENSMFAG00000044832
ENSMUSG00000064606,ENSMFAG00000017772
ENSMUSG00000030061,ENSMFAG00000036648
ENSMUSG00000037487,ENSMFAG00000044216
ENSMUSG00000040258,ENSMFAG00000042434
ENSMUSG00000028825,ENSMFAG00000042317
ENSMUSG00000068037,ENSMFAG00000004332
ENSMUSG00000031479,ENSMFAG00000042233
ENSMUSG00000032295,ENSMFAG00000000969
ENSMUSG00000037747,ENSMFAG00000038572
ENSMUSG00000024667,ENSMFAG00000043498
ENSMUSG00000069020,ENSMFAG00000035214
ENSMUSG00000028822,ENSMFAG00000033857
ENSMUSG00000047554,ENSMFAG00000003002
ENSMUSG00000031480,ENSMFAG00000042000
ENSMUSG00000073460,ENSMFAG00000041296
ENSMUSG00000037266,ENSMFAG00000003728
ENSMUSG00000024666,ENSMFAG00000046357
ENSMUSG00000033545,ENSMFAG00000039290
ENSMUSG00000038533,ENSMFAG00000000820
ENSMUSG00000038602,ENSMFAG00000043289
ENSMUSG00000021420,ENSMFAG00000043484
ENSMUSG00000034445,ENSMFAG00000045492
ENSMUSG00000038594,ENSMFAG00000000904
ENSMUSG00000054667,ENSMFAG00000034206
ENSMUSG00000028821,ENSMFAG00000041831
ENSMUSG00000031197,ENSMFAG00000032032
ENSMUSG00000015745,ENSMFAG00000034638
ENSMUSG00000070691,ENSMFAG00000031725
ENSMUSG00000057388,ENSMFAG00000043173
ENSMUSG00000057388,ENSMFAG00000017689
ENSMUSG00000022762,ENSMFAG00000041136
ENSMUSG00000035199,ENSMFAG00000033075
ENSMUSG00000035199,ENSMFAG00000001584
ENSMUSG00000040249,ENSMFAG00000039927
ENSMUSG00000024069,ENSMFAG00000002845
ENSMUSG00000025427,ENSMFAG00000000616
ENSMUSG00000000183,ENSMFAG00000061143
ENSMUSG00000061947,ENSMFAG00000040771
ENSMUSG00000027968,ENSMFAG00000036506
ENSMUSG00000035840,ENSMFAG00000034572
ENSMUSG00000037242,ENSMFAG00000038789
ENSMUSG00000044086,ENSMFAG00000044328
ENSMUSG00000000182,ENSMFAG00000047299
ENSMUSG00002075706,ENSMFAG00000052990
ENSMUSG00000030401,ENSMFAG00000002551
ENSMUSG00000031202,ENSMFAG00000036188
ENSMUSG00000028487,ENSMFAG00000036895
ENSMUSG00000060807,ENSMFAG00000039765
ENSMUSG00000031353,ENSMFAG00000034492
ENSMUSG00000039840,ENSMFAG00000042030
ENSMUSG00000034371,ENSMFAG00000032712
ENSMUSG00000059182,ENSMFAG00000041066
ENSMUSG00000021081,ENSMFAG00000000838
ENSMUSG00000065482,ENSMFAG00000005206
ENSMUSG00000065447,ENSMFAG00000035111
ENSMUSG00000015747,ENSMFAG00000032727
ENSMUSG00000031958,ENSMFAG00000029402
ENSMUSG00000039114,ENSMFAG00000062211
ENSMUSG00000030609,ENSMFAG00000001458
ENSMUSG00000022893,ENSMFAG00000039719
ENSMUSG00000071178,ENSMFAG00000042928
ENSMUSG00000038495,ENSMFAG00000001415
ENSMUSG00000091055,ENSMFAG00000031829
ENSMUSG00000059336,ENSMFAG00000032229
ENSMUSG00000055835,ENSMFAG00000001812
ENSMUSG00000051098,ENSMFAG00000001314
ENSMUSG00000000184,ENSMFAG00000040946
ENSMUSG00000071177,ENSMFAG00000042928
ENSMUSG00000022894,ENSMFAG00000000566
ENSMUSG00000031957,ENSMFAG00000036811
ENSMUSG00000031957,ENSMFAG00000022948
ENSMUSG00000045410,ENSMFAG00000032263
ENSMUSG00000066232,ENSMFAG00000040326
ENSMUSG00000031955,ENSMFAG00000035344
ENSMUSG00000089007,ENSMFAG00000021483
ENSMUSG00000084560,ENSMFAG00000007747
ENSMUSG00000066366,ENSMFAG00000042928
ENSMUSG00000038070,ENSMFAG00000038531
ENSMUSG00000022935,ENSMFAG00000039272
ENSMUSG00000079110,ENSMFAG00000008163
ENSMUSG00000042282,ENSMFAG00000045516
ENSMUSG00000040029,ENSMFAG00000012472
ENSMUSG00000020598,ENSMFAG00000043417
ENSMUSG00000024740,ENSMFAG00000042035
ENSMUSG00000031481,ENSMFAG00000003989
ENSMUSG00000031481,ENSMFAG00000043402
ENSMUSG00000049281,ENSMFAG00000001774
ENSMUSG00000064451,ENSMFAG00000010660
ENSMUSG00000020836,ENSMFAG00000042987
ENSMUSG00000003545,ENSMFAG00000038029
ENSMUSG00000021537,ENSMFAG00000036901
ENSMUSG00000002147,ENSMFAG00000036764
ENSMUSG00000039193,ENSMFAG00000038409
ENSMUSG00000024552,ENSMFAG00000033369
ENSMUSG00000038344,ENSMFAG00000056241
ENSMUSG00000029055,ENSMFAG00000040083
ENSMUSG00000035632,ENSMFAG00000040073
ENSMUSG00000021423,ENSMFAG00000031478
ENSMUSG00000065852,ENSMFAG00000009552
ENSMUSG00000061923,ENSMFAG00000033541
ENSMUSG00000024072,ENSMFAG00000031303
ENSMUSG00000037465,ENSMFAG00000036189
ENSMUSG00000000078,ENSMFAG00000040602
ENSMUSG00000014329,ENSMFAG00000036177
ENSMUSG00000037997,ENSMFAG00000002647
ENSMUSG00000068039,ENSMFAG00000003456
ENSMUSG00000068039,ENSMFAG00000037385
ENSMUSG00000031925,ENSMFAG00000031735
ENSMUSG00000021193,ENSMFAG00000003109
ENSMUSG00000084558,ENSMFAG00000005356
ENSMUSG00000038806,ENSMFAG00000031291
ENSMUSG00000064210,ENSMFAG00000037126
ENSMUSG00000043789,ENSMFAG00000050422
ENSMUSG00000043789,ENSMFAG00000037169
ENSMUSG00000078813,ENSMFAG00000037143
ENSMUSG00000032298,ENSMFAG00000046009
ENSMUSG00000029640,ENSMFAG00000031734
ENSMUSG00000031482,ENSMFAG00000044042
ENSMUSG00000027967,ENSMFAG00000026432
ENSMUSG00000031533,ENSMFAG00000003515
ENSMUSG00000025766,ENSMFAG00000001060
ENSMUSG00000061414,ENSMFAG00000036067
ENSMUSG00000029231,ENSMFAG00000046187
ENSMUSG00000119659,ENSMFAG00000051142
ENSMUSG00000088733,ENSMFAG00000008114
ENSMUSG00000031534,ENSMFAG00000002359
ENSMUSG00000032299,ENSMFAG00000032886
ENSMUSG00000024548,ENSMFAG00000052144
ENSMUSG00000037907,ENSMFAG00000002123
ENSMUSG00000030811,ENSMFAG00000002999
ENSMUSG00000037656,ENSMFAG00000000865
ENSMUSG00000041225,ENSMFAG00000003462
ENSMUSG00000050520,ENSMFAG00000030251
ENSMUSG00000050239,ENSMFAG00000050451
ENSMUSG00002076486,ENSMFAG00000058298
ENSMUSG00000071471,ENSMFAG00000062742
ENSMUSG00000071471,ENSMFAG00000051583
ENSMUSG00000066652,ENSMFAG00000039504
ENSMUSG00000030350,ENSMFAG00000045030
ENSMUSG00000056350,ENSMFAG00000061919
ENSMUSG00000031357,ENSMFAG00000031838
ENSMUSG00000025932,ENSMFAG00000030151
ENSMUSG00000004319,ENSMFAG00000039959
ENSMUSG00000030351,ENSMFAG00000040296
ENSMUSG00000025215,ENSMFAG00000045878
ENSMUSG00000031179,ENSMFAG00000057463
ENSMUSG00000033237,ENSMFAG00000038693
ENSMUSG00000032582,ENSMFAG00000046650
ENSMUSG00000024670,ENSMFAG00000033693
ENSMUSG00000065105,ENSMFAG00000023665
ENSMUSG00000064637,ENSMFAG00000006088
ENSMUSG00000062480,ENSMFAG00000035657
ENSMUSG00000062480,ENSMFAG00000003287
ENSMUSG00000046699,ENSMFAG00000029666
ENSMUSG00000030064,ENSMFAG00000040109
ENSMUSG00000049871,ENSMFAG00000044885
ENSMUSG00000058298,ENSMFAG00000002788
ENSMUSG00000084459,ENSMFAG00000053024
ENSMUSG00000065903,ENSMFAG00000065313
ENSMUSG00000020289,ENSMFAG00000059670
ENSMUSG00000020289,ENSMFAG00000042289
ENSMUSG00000036790,ENSMFAG00000030304
ENSMUSG00000023832,ENSMFAG00000035657
ENSMUSG00000023832,ENSMFAG00000003287
ENSMUSG00000087708,ENSMFAG00000010362
ENSMUSG00000043964,ENSMFAG00000037299
ENSMUSG00000033228,ENSMFAG00000036690
ENSMUSG00000079578,ENSMFAG00000030768
ENSMUSG00000079578,ENSMFAG00000031851
ENSMUSG00000079578,ENSMFAG00000003533
ENSMUSG00000079577,ENSMFAG00000030768
ENSMUSG00000079577,ENSMFAG00000031851
ENSMUSG00000079577,ENSMFAG00000003533
ENSMUSG00000030607,ENSMFAG00000019208
ENSMUSG00000106233,ENSMFAG00000047838
ENSMUSG00000106233,ENSMFAG00000061621
ENSMUSG00000106233,ENSMFAG00000060556
ENSMUSG00000106233,ENSMFAG00000005548
ENSMUSG00000058124,ENSMFAG00000046125
ENSMUSG00000003549,ENSMFAG00000001814
ENSMUSG00000023169,ENSMFAG00000009753
ENSMUSG00000047996,ENSMFAG00000031879
ENSMUSG00000025402,ENSMFAG00000036629
ENSMUSG00000021699,ENSMFAG00000041776
ENSMUSG00000048231,ENSMFAG00000046125
ENSMUSG00000045934,ENSMFAG00000031699
ENSMUSG00000039738,ENSMFAG00000043878
ENSMUSG00000037537,ENSMFAG00000046125
ENSMUSG00002075818,ENSMFAG00000023142
ENSMUSG00000031918,ENSMFAG00000040303
ENSMUSG00000024737,ENSMFAG00000038208
ENSMUSG00000055609,ENSMFAG00000061634
ENSMUSG00000055609,ENSMFAG00000064413
ENSMUSG00000055609,ENSMFAG00000044915
ENSMUSG00000060475,ENSMFAG00000035453
ENSMUSG00000073077,ENSMFAG00000045894
ENSMUSG00000069919,ENSMFAG00000037705
ENSMUSG00000046314,ENSMFAG00000037535
ENSMUSG00000022462,ENSMFAG00000037266
ENSMUSG00000047649,ENSMFAG00000006908
ENSMUSG00000019857,ENSMFAG00000035748
ENSMUSG00000030606,ENSMFAG00000039242
ENSMUSG00000069917,ENSMFAG00000037705
ENSMUSG00000031360,ENSMFAG00000009688
ENSMUSG00000040195,ENSMFAG00000001688
ENSMUSG00000022300,ENSMFAG00000008982
ENSMUSG00000022300,ENSMFAG00000043378
ENSMUSG00000011877,ENSMFAG00000039346
ENSMUSG00000034659,ENSMFAG00000000546
ENSMUSG00000005980,ENSMFAG00000030938
ENSMUSG00000040734,ENSMFAG00000056756
ENSMUSG00000021047,ENSMFAG00000035425
ENSMUSG00000068856,ENSMFAG00000042395
ENSMUSG00000022464,ENSMFAG00000000933
ENSMUSG00000025217,ENSMFAG00000005295
ENSMUSG00000028028,ENSMFAG00000035373
ENSMUSG00001118661,ENSMFAG00000065071
ENSMUSG00000020950,ENSMFAG00000000544
ENSMUSG00000030309,ENSMFAG00000025167
ENSMUSG00000019734,ENSMFAG00000046120
ENSMUSG00000002688,ENSMFAG00000039957
ENSMUSG00000019856,ENSMFAG00000033715
ENSMUSG00000032583,ENSMFAG00000043315
ENSMUSG00000044328,ENSMFAG00000040828
ENSMUSG00000038486,ENSMFAG00000034474
ENSMUSG00000063450,ENSMFAG00000038668
ENSMUSG00000048218,ENSMFAG00000036236
ENSMUSG00000032300,ENSMFAG00000043358
ENSMUSG00000044250,ENSMFAG00000060421
ENSMUSG00000006818,ENSMFAG00000046278
ENSMUSG00000005981,ENSMFAG00000041269
ENSMUSG00000026520,ENSMFAG00000002006
ENSMUSG00000026520,ENSMFAG00000031760
ENSMUSG00000000686,ENSMFAG00000033088
ENSMUSG00000015943,ENSMFAG00000048940
ENSMUSG00000022466,ENSMFAG00000030749
ENSMUSG00002076047,ENSMFAG00000005928
ENSMUSG00000001082,ENSMFAG00000038471
ENSMUSG00000040711,ENSMFAG00000040954
ENSMUSG00000046688,ENSMFAG00000029908
ENSMUSG00000022468,ENSMFAG00000045723
ENSMUSG00000025930,ENSMFAG00000049214
ENSMUSG00000055602,ENSMFAG00000032754
ENSMUSG00000055602,ENSMFAG00000045781
ENSMUSG00000063689,ENSMFAG00000054389
ENSMUSG00000068855,ENSMFAG00000005216
ENSMUSG00000029047,ENSMFAG00000035362
ENSMUSG00000038793,ENSMFAG00000039504
ENSMUSG00000068854,ENSMFAG00000064013
ENSMUSG00000025401,ENSMFAG00000044427
ENSMUSG00000061079,ENSMFAG00000008022
ENSMUSG00000063954,ENSMFAG00000065787
ENSMUSG00000074238,ENSMFAG00000064871
ENSMUSG00000029048,ENSMFAG00000032298
ENSMUSG00000026384,ENSMFAG00000037071
ENSMUSG00000031535,ENSMFAG00000034088
ENSMUSG00000064724,ENSMFAG00000004335
ENSMUSG00002076989,ENSMFAG00000030092
ENSMUSG00000033016,ENSMFAG00000021920
ENSMUSG00000029776,ENSMFAG00000035636
ENSMUSG00000031536,ENSMFAG00000030793
ENSMUSG00000025218,ENSMFAG00000043080
ENSMUSG00000037386,ENSMFAG00000031123
ENSMUSG00000044949,ENSMFAG00000052150
ENSMUSG00000050549,ENSMFAG00000000675
ENSMUSG00000044056,ENSMFAG00000043157
ENSMUSG00000041035,ENSMFAG00000036058
ENSMUSG00000029049,ENSMFAG00000003640
ENSMUSG00000004535,ENSMFAG00000034182
ENSMUSG00000049100,ENSMFAG00000046322
ENSMUSG00000020272,ENSMFAG00000033923
ENSMUSG00000003923,ENSMFAG00000037328
ENSMUSG00000024735,ENSMFAG00000036743
ENSMUSG00000040722,ENSMFAG00000000526
ENSMUSG00000067049,ENSMFAG00000035470
ENSMUSG00000017291,ENSMFAG00000041025
ENSMUSG00000031772,ENSMFAG00000001819
ENSMUSG00000063568,ENSMFAG00000034641
ENSMUSG00000064579,ENSMFAG00000014321
ENSMUSG00000089584,ENSMFAG00000034020
ENSMUSG00000090919,ENSMFAG00000047191
ENSMUSG00000079427,ENSMFAG00000033383
ENSMUSG00000030352,ENSMFAG00000043124
ENSMUSG00000028809,ENSMFAG00000025726
ENSMUSG00000000088,ENSMFAG00000029870
ENSMUSG00000040111,ENSMFAG00000023822
ENSMUSG00002075806,ENSMFAG00000014619
ENSMUSG00000016510,ENSMFAG00000045045
ENSMUSG00000118871,ENSMFAG00000014605
ENSMUSG00000036975,ENSMFAG00000049249
ENSMUSG00000088258,ENSMFAG00000014260
ENSMUSG00000105827,ENSMFAG00000003396
ENSMUSG00000078908,ENSMFAG00000039703
ENSMUSG00000032769,ENSMFAG00000045263
ENSMUSG00000119115,ENSMFAG00000024447
ENSMUSG00000024073,ENSMFAG00000008985
ENSMUSG00000119731,ENSMFAG00000009014
ENSMUSG00000028023,ENSMFAG00000002699
ENSMUSG00000033409,ENSMFAG00000031480
ENSMUSG00000025400,ENSMFAG00000035535
ENSMUSG00000037857,ENSMFAG00000040845
ENSMUSG00000016520,ENSMFAG00000045245
ENSMUSG00000044617,ENSMFAG00000012946
ENSMUSG00000070331,ENSMFAG00000051556
ENSMUSG00000058396,ENSMFAG00000064680
ENSMUSG00000031016,ENSMFAG00000034468
ENSMUSG00000019927,ENSMFAG00000045061
ENSMUSG00000053007,ENSMFAG00000037539
ENSMUSG00000024734,ENSMFAG00000046156
ENSMUSG00000031015,ENSMFAG00000035832
ENSMUSG00000005580,ENSMFAG00000054277
ENSMUSG00000089789,ENSMFAG00000045675
ENSMUSG00000089789,ENSMFAG00000052881
ENSMUSG00000037892,ENSMFAG00000042004
ENSMUSG00000000724,ENSMFAG00000002646
ENSMUSG00000056148,ENSMFAG00000045675
ENSMUSG00000056148,ENSMFAG00000052881
ENSMUSG00000035596,ENSMFAG00000057091
ENSMUSG00000047045,ENSMFAG00000031419
ENSMUSG00000053399,ENSMFAG00000003786
ENSMUSG00000020271,ENSMFAG00000039918
ENSMUSG00000040913,ENSMFAG00000044810
ENSMUSG00000069456,ENSMFAG00000045675
ENSMUSG00000069456,ENSMFAG00000052881
ENSMUSG00000076946,ENSMFAG00000009416
ENSMUSG00000021700,ENSMFAG00000002574
ENSMUSG00000003746,ENSMFAG00000039714
ENSMUSG00000027737,ENSMFAG00000037696
ENSMUSG00000022843,ENSMFAG00000041358
ENSMUSG00000053129,ENSMFAG00000037158
ENSMUSG00000022303,ENSMFAG00000041648
ENSMUSG00000029644,ENSMFAG00000063371
ENSMUSG00000029646,ENSMFAG00000051158
ENSMUSG00000039087,ENSMFAG00000000389
ENSMUSG00000030605,ENSMFAG00000037952
ENSMUSG00000052783,ENSMFAG00000000327
ENSMUSG00000119449,ENSMFAG00000040247
ENSMUSG00000119449,ENSMFAG00000042738
ENSMUSG00000030353,ENSMFAG00000001395
ENSMUSG00000025219,ENSMFAG00000003751
ENSMUSG00000024566,ENSMFAG00000035856
ENSMUSG00000022304,ENSMFAG00000037174
ENSMUSG00000031537,ENSMFAG00000039739
ENSMUSG00000020270,ENSMFAG00000039057
ENSMUSG00000036962,ENSMFAG00000026339
ENSMUSG00000076011,ENSMFAG00000012600
ENSMUSG00000028024,ENSMFAG00000043564
ENSMUSG00000040808,ENSMFAG00000032642
ENSMUSG00000054052,ENSMFAG00000045675
ENSMUSG00000054052,ENSMFAG00000052881
ENSMUSG00000119760,ENSMFAG00000011835
ENSMUSG00000057967,ENSMFAG00000064381
ENSMUSG00000074639,ENSMFAG00000045675
ENSMUSG00000074639,ENSMFAG00000052881
ENSMUSG00000042817,ENSMFAG00000044854
ENSMUSG00000022305,ENSMFAG00000004646
ENSMUSG00000040594,ENSMFAG00000034347
ENSMUSG00000029050,ENSMFAG00000032222
ENSMUSG00000031364,ENSMFAG00000064412
ENSMUSG00000040134,ENSMFAG00000045675
ENSMUSG00000040134,ENSMFAG00000052881
ENSMUSG00000025666,ENSMFAG00000000603
ENSMUSG00000026387,ENSMFAG00000003037
ENSMUSG00000073684,ENSMFAG00000003372
ENSMUSG00000040127,ENSMFAG00000034208
ENSMUSG00000022306,ENSMFAG00000045726
ENSMUSG00000005672,ENSMFAG00000041033
ENSMUSG00000043496,ENSMFAG00000028905
ENSMUSG00000060733,ENSMFAG00000049732
ENSMUSG00000001521,ENSMFAG00000040272
ENSMUSG00000031367,ENSMFAG00000001506
ENSMUSG00000022469,ENSMFAG00000034209
ENSMUSG00000056209,ENSMFAG00000041878
ENSMUSG00000043924,ENSMFAG00000060484
ENSMUSG00000025220,ENSMFAG00000032188
ENSMUSG00000099974,ENSMFAG00000042767
ENSMUSG00000041220,ENSMFAG00000064437
ENSMUSG00000042289,ENSMFAG00000016219
ENSMUSG00000068250,ENSMFAG00000003235
ENSMUSG00000028017,ENSMFAG00000003730
ENSMUSG00000050777,ENSMFAG00000028075
ENSMUSG00000022519,ENSMFAG00000037383
ENSMUSG00000067399,ENSMFAG00000051720
ENSMUSG00000067399,ENSMFAG00000048989
ENSMUSG00000020159,ENSMFAG00000003571
ENSMUSG00000038768,ENSMFAG00000039054
ENSMUSG00000025396,ENSMFAG00000040118
ENSMUSG00000026516,ENSMFAG00000003164
ENSMUSG00000048668,ENSMFAG00000037722
ENSMUSG00000031922,ENSMFAG00000003768
ENSMUSG00000066113,ENSMFAG00000042640
ENSMUSG00000020802,ENSMFAG00000027020
ENSMUSG00000101389,ENSMFAG00000033085
ENSMUSG00000101389,ENSMFAG00000033206
ENSMUSG00000027489,ENSMFAG00000035873
ENSMUSG00000021018,ENSMFAG00000038115
ENSMUSG00000034832,ENSMFAG00000043352
ENSMUSG00000038122,ENSMFAG00000038607
ENSMUSG00000031373,ENSMFAG00000038720
ENSMUSG00000005718,ENSMFAG00000033942
ENSMUSG00000062169,ENSMFAG00000003700
ENSMUSG00000079419,ENSMFAG00000051617
ENSMUSG00000079419,ENSMFAG00000001246
ENSMUSG00000035158,ENSMFAG00000038478
ENSMUSG00000040749,ENSMFAG00000045157
ENSMUSG00000046006,ENSMFAG00000060891
ENSMUSG00000039202,ENSMFAG00000034068
ENSMUSG00000020804,ENSMFAG00000030450
ENSMUSG00000021701,ENSMFAG00000001077
ENSMUSG00000026103,ENSMFAG00000044211
ENSMUSG00000014303,ENSMFAG00000041657
ENSMUSG00000015401,ENSMFAG00000045948
ENSMUSG00000031538,ENSMFAG00000041986
ENSMUSG00000025221,ENSMFAG00000046056
ENSMUSG00000053519,ENSMFAG00000036449
ENSMUSG00000047669,ENSMFAG00000050196
ENSMUSG00000039231,ENSMFAG00000042131
ENSMUSG00000050953,ENSMFAG00000038903
ENSMUSG00000030806,ENSMFAG00000032411
ENSMUSG00000022847,ENSMFAG00000044370
ENSMUSG00000031644,ENSMFAG00000043975
ENSMUSG00000090210,ENSMFAG00000043309
ENSMUSG00000021427,ENSMFAG00000039497
ENSMUSG00000019923,ENSMFAG00000002436
ENSMUSG00000035585,ENSMFAG00000044825
ENSMUSG00002076018,ENSMFAG00000002523
ENSMUSG00000079013,ENSMFAG00000045243
ENSMUSG00000024553,ENSMFAG00000063435
ENSMUSG00000058207,ENSMFAG00000045243
ENSMUSG00000062234,ENSMFAG00000043306
ENSMUSG00000041607,ENSMFAG00000041988
ENSMUSG00000041607,ENSMFAG00000052298
ENSMUSG00000079012,ENSMFAG00000045243
ENSMUSG00000039637,ENSMFAG00000031015
ENSMUSG00000021091,ENSMFAG00000045243
ENSMUSG00000055194,ENSMFAG00000016475
ENSMUSG00000035293,ENSMFAG00000033929
ENSMUSG00000031165,ENSMFAG00000034169
ENSMUSG00000044566,ENSMFAG00000002983
ENSMUSG00000059713,ENSMFAG00000032259
ENSMUSG00000061315,ENSMFAG00000004178
ENSMUSG00000038354,ENSMFAG00000036117
ENSMUSG00000028492,ENSMFAG00000000158
ENSMUSG00000038523,ENSMFAG00000038184
ENSMUSG00000045103,ENSMFAG00000045175
ENSMUSG00000021428,ENSMFAG00000029990
ENSMUSG00000026778,ENSMFAG00000038416
ENSMUSG00000077597,ENSMFAG00000004914
ENSMUSG00000070934,ENSMFAG00000030433
ENSMUSG00000019878,ENSMFAG00000032811
ENSMUSG00000030805,ENSMFAG00000045192
ENSMUSG00000028101,ENSMFAG00000001990
ENSMUSG00000021095,ENSMFAG00000055121
ENSMUSG00000021055,ENSMFAG00000036698
ENSMUSG00000006333,ENSMFAG00000033649
ENSMUSG00000119491,ENSMFAG00000058270
ENSMUSG00000102037,ENSMFAG00000042767
ENSMUSG00000071072,ENSMFAG00000031266
ENSMUSG00000071072,ENSMFAG00000053036
ENSMUSG00000118728,ENSMFAG00000058270
ENSMUSG00000032745,ENSMFAG00000000066
ENSMUSG00000006958,ENSMFAG00000001808
ENSMUSG00000052955,ENSMFAG00000000559
ENSMUSG00000037808,ENSMFAG00000042981
ENSMUSG00000027490,ENSMFAG00000042416
ENSMUSG00000019877,ENSMFAG00000043662
ENSMUSG00000038047,ENSMFAG00000000635
ENSMUSG00000049739,ENSMFAG00000031195
ENSMUSG00000044139,ENSMFAG00000002496
ENSMUSG00000000876,ENSMFAG00000039376
ENSMUSG00000025393,ENSMFAG00000042914
ENSMUSG00000027288,ENSMFAG00000031499
ENSMUSG00000079162,ENSMFAG00000051720
ENSMUSG00000079162,ENSMFAG00000048989
ENSMUSG00000090667,ENSMFAG00000042217
ENSMUSG00000001517,ENSMFAG00000030561
ENSMUSG00000064778,ENSMFAG00000005509
ENSMUSG00002075374,ENSMFAG00000005497
ENSMUSG00000019876,ENSMFAG00000033587
ENSMUSG00000028803,ENSMFAG00000002140
ENSMUSG00000038371,ENSMFAG00000044936
ENSMUSG00000029104,ENSMFAG00000036776
ENSMUSG00000002881,ENSMFAG00000001304
ENSMUSG00000021484,ENSMFAG00000044466
ENSMUSG00000032712,ENSMFAG00000041866
ENSMUSG00000035476,ENSMFAG00000036775
ENSMUSG00000089929,ENSMFAG00000042767
ENSMUSG00000054889,ENSMFAG00000031913
ENSMUSG00000039901,ENSMFAG00000044833
ENSMUSG00000020952,ENSMFAG00000039675
ENSMUSG00000046844,ENSMFAG00000034237
ENSMUSG00000058665,ENSMFAG00000039390
ENSMUSG00000066442,ENSMFAG00000033383
ENSMUSG00000081534,ENSMFAG00000038766
ENSMUSG00000043015,ENSMFAG00000030968
ENSMUSG00000031166,ENSMFAG00000038642
ENSMUSG00000022307,ENSMFAG00000003232
ENSMUSG00000042064,ENSMFAG00000002186
ENSMUSG00000008874,ENSMFAG00000050540
ENSMUSG00000031539,ENSMFAG00000045662
ENSMUSG00000063273,ENSMFAG00000041929
ENSMUSG00000079304,ENSMFAG00000042369
ENSMUSG00000028801,ENSMFAG00000038760
ENSMUSG00000004069,ENSMFAG00000042573
ENSMUSG00000021196,ENSMFAG00000043758
ENSMUSG00000021196,ENSMFAG00000052930
ENSMUSG00000014554,ENSMFAG00000044799
ENSMUSG00000067526,ENSMFAG00000065270
ENSMUSG00000044994,ENSMFAG00000065270
ENSMUSG00000028494,ENSMFAG00000041970
ENSMUSG00000039313,ENSMFAG00000000425
ENSMUSG00000089484,ENSMFAG00000048531
ENSMUSG00000031642,ENSMFAG00000026776
ENSMUSG00000084425,ENSMFAG00000017443
ENSMUSG00000016206,ENSMFAG00000046125
ENSMUSG00000038733,ENSMFAG00000036710
ENSMUSG00000067524,ENSMFAG00000048685
ENSMUSG00000032353,ENSMFAG00000037809
ENSMUSG00000067522,ENSMFAG00000030196
ENSMUSG00000047606,ENSMFAG00000007725
ENSMUSG00000094133,ENSMFAG00000035196
ENSMUSG00000023886,ENSMFAG00000003901
ENSMUSG00000032356,ENSMFAG00000005368
ENSMUSG00000067519,ENSMFAG00000035196
ENSMUSG00000063683,ENSMFAG00000020795
ENSMUSG00000019874,ENSMFAG00000045709
ENSMUSG00000021048,ENSMFAG00000036930
ENSMUSG00000019872,ENSMFAG00000043472
ENSMUSG00000027598,ENSMFAG00000041734
ENSMUSG00000037188,ENSMFAG00000042460
ENSMUSG00000029534,ENSMFAG00000008568
ENSMUSG00000031641,ENSMFAG00000002570
ENSMUSG00000015405,ENSMFAG00000039194
ENSMUSG00000028100,ENSMFAG00000042456
ENSMUSG00000064630,ENSMFAG00000055396
ENSMUSG00000089019,ENSMFAG00000034820
ENSMUSG00000004637,ENSMFAG00000037127
ENSMUSG00000062157,ENSMFAG00000050914
ENSMUSG00000064432,ENSMFAG00000005113
ENSMUSG00000036019,ENSMFAG00000038030
ENSMUSG00000092077,ENSMFAG00000008214
ENSMUSG00000092077,ENSMFAG00000025252
ENSMUSG00000037157,ENSMFAG00000000068
ENSMUSG00000091531,ENSMFAG00000008214
ENSMUSG00000091531,ENSMFAG00000025252
ENSMUSG00000049618,ENSMFAG00000008214
ENSMUSG00000049618,ENSMFAG00000025252
ENSMUSG00000024078,ENSMFAG00000042155
ENSMUSG00000062960,ENSMFAG00000043201
ENSMUSG00000037139,ENSMFAG00000035620
ENSMUSG00000058897,ENSMFAG00000031895
ENSMUSG00000024695,ENSMFAG00000043036
ENSMUSG00000058818,ENSMFAG00000044522
ENSMUSG00000058818,ENSMFAG00000041610
ENSMUSG00000058818,ENSMFAG00000040912
ENSMUSG00000058818,ENSMFAG00000043859
ENSMUSG00000058818,ENSMFAG00000003194
ENSMUSG00000005958,ENSMFAG00000037014
ENSMUSG00000038039,ENSMFAG00000000931
ENSMUSG00000021057,ENSMFAG00000058708
ENSMUSG00000024696,ENSMFAG00000040604
ENSMUSG00000055435,ENSMFAG00000064321
ENSMUSG00000056459,ENSMFAG00000036916
ENSMUSG00000038024,ENSMFAG00000030981
ENSMUSG00000034467,ENSMFAG00000029001
ENSMUSG00000091014,ENSMFAG00000000366
ENSMUSG00000031758,ENSMFAG00000039809
ENSMUSG00000046272,ENSMFAG00000029977
ENSMUSG00000041258,ENSMFAG00000044643
ENSMUSG00000003721,ENSMFAG00000033044
ENSMUSG00000033454,ENSMFAG00000036968
ENSMUSG00000014633,ENSMFAG00000030783
ENSMUSG00000074604,ENSMFAG00000046340
ENSMUSG00000052221,ENSMFAG00000000284
ENSMUSG00000031540,ENSMFAG00000040843
ENSMUSG00000051246,ENSMFAG00000030979
ENSMUSG00000039194,ENSMFAG00000036414
ENSMUSG00000063445,ENSMFAG00000030193
ENSMUSG00000077791,ENSMFAG00000035148
ENSMUSG00000021097,ENSMFAG00000042801
ENSMUSG00000061143,ENSMFAG00000044421
ENSMUSG00000047459,ENSMFAG00000033935
ENSMUSG00000041439,ENSMFAG00000030599
ENSMUSG00000028099,ENSMFAG00000040338
ENSMUSG00000027602,ENSMFAG00000035423
ENSMUSG00000004070,ENSMFAG00000030777
ENSMUSG00000024190,ENSMFAG00000044045
ENSMUSG00000038383,ENSMFAG00000042795
ENSMUSG00000013495,ENSMFAG00000041960
ENSMUSG00000028690,ENSMFAG00000045813
ENSMUSG00000031377,ENSMFAG00000031423
ENSMUSG00000020806,ENSMFAG00000001987
ENSMUSG00000090675,ENSMFAG00000064385
ENSMUSG00000028495,ENSMFAG00000044377
ENSMUSG00000061387,ENSMFAG00000054068
ENSMUSG00000051156,ENSMFAG00000056268
ENSMUSG00000109520,ENSMFAG00000054068
ENSMUSG00000050865,ENSMFAG00000056268
ENSMUSG00000026514,ENSMFAG00000039040
ENSMUSG00000047207,ENSMFAG00000056268
ENSMUSG00000038007,ENSMFAG00000003867
ENSMUSG00000032359,ENSMFAG00000042803
ENSMUSG00000048356,ENSMFAG00000051905
ENSMUSG00000048410,ENSMFAG00000031607
ENSMUSG00000044040,ENSMFAG00000063089
ENSMUSG00000004071,ENSMFAG00000030551
ENSMUSG00000045395,ENSMFAG00000051377
ENSMUSG00000040054,ENSMFAG00000029840
ENSMUSG00000054526,ENSMFAG00000043572
ENSMUSG00000038375,ENSMFAG00000057837
ENSMUSG00000056162,ENSMFAG00000036771
ENSMUSG00000056858,ENSMFAG00000051377
ENSMUSG00000031756,ENSMFAG00000032373
ENSMUSG00000039004,ENSMFAG00000045794
ENSMUSG00000059401,ENSMFAG00000000232
ENSMUSG00000062314,ENSMFAG00000051377
ENSMUSG00000026102,ENSMFAG00000000495
ENSMUSG00000019232,ENSMFAG00000031575
ENSMUSG00000029234,ENSMFAG00000034541
ENSMUSG00000050613,ENSMFAG00000006638
ENSMUSG00000024640,ENSMFAG00000007031
ENSMUSG00000024640,ENSMFAG00000032662
ENSMUSG00000042650,ENSMFAG00000001517
ENSMUSG00000041997,ENSMFAG00000040555
ENSMUSG00000052551,ENSMFAG00000040865
ENSMUSG00000030790,ENSMFAG00000049999
ENSMUSG00000001576,ENSMFAG00000037788
ENSMUSG00000024644,ENSMFAG00000045912
ENSMUSG00000020810,ENSMFAG00000003294
ENSMUSG00000041426,ENSMFAG00000045282
ENSMUSG00000022518,ENSMFAG00000035504
ENSMUSG00000081665,ENSMFAG00000044522
ENSMUSG00000081665,ENSMFAG00000041610
ENSMUSG00000081665,ENSMFAG00000040912
ENSMUSG00000081665,ENSMFAG00000043859
ENSMUSG00000081665,ENSMFAG00000003194
ENSMUSG00000031379,ENSMFAG00000032499
ENSMUSG00000065640,ENSMFAG00000030706
ENSMUSG00000077604,ENSMFAG00000030706
ENSMUSG00000065094,ENSMFAG00000005974
ENSMUSG00000057286,ENSMFAG00000045563
ENSMUSG00000042508,ENSMFAG00000001957
ENSMUSG00000058056,ENSMFAG00000001632
ENSMUSG00000030616,ENSMFAG00000032887
ENSMUSG00000062270,ENSMFAG00000007410
ENSMUSG00000039568,ENSMFAG00000043893
ENSMUSG00000009588,ENSMFAG00000041499
ENSMUSG00000028676,ENSMFAG00000046011
ENSMUSG00000022517,ENSMFAG00000031206
ENSMUSG00000049985,ENSMFAG00000031576
ENSMUSG00000026339,ENSMFAG00000038632
ENSMUSG00000041491,ENSMFAG00000023050
ENSMUSG00000031380,ENSMFAG00000036854
ENSMUSG00000041084,ENSMFAG00000055995
ENSMUSG00000041084,ENSMFAG00000033530
ENSMUSG00000041084,ENSMFAG00000057810
ENSMUSG00000041084,ENSMFAG00000007430
ENSMUSG00000020536,ENSMFAG00000033656
ENSMUSG00000047992,ENSMFAG00000024091
ENSMUSG00000031284,ENSMFAG00000036634
ENSMUSG00000044167,ENSMFAG00000044565
ENSMUSG00000028098,ENSMFAG00000042451
ENSMUSG00000054150,ENSMFAG00000040198
ENSMUSG00000117781,ENSMFAG00000029634
ENSMUSG00000024646,ENSMFAG00000030228
ENSMUSG00000038369,ENSMFAG00000015862
ENSMUSG00000024697,ENSMFAG00000043028
ENSMUSG00000038304,ENSMFAG00000043835
ENSMUSG00000039126,ENSMFAG00000046406
ENSMUSG00000015575,ENSMFAG00000045429
ENSMUSG00000034391,ENSMFAG00000031818
ENSMUSG00000062006,ENSMFAG00000020561
ENSMUSG00000062006,ENSMFAG00000017869
ENSMUSG00002075386,ENSMFAG00000060652
ENSMUSG00000038991,ENSMFAG00000036977
ENSMUSG00000024645,ENSMFAG00000031508
ENSMUSG00000037705,ENSMFAG00000035833
ENSMUSG00000050534,ENSMFAG00000045805
ENSMUSG00000048249,ENSMFAG00000036600
ENSMUSG00000037996,ENSMFAG00000031682
ENSMUSG00000043629,ENSMFAG00000055553
ENSMUSG00000042895,ENSMFAG00000057764
ENSMUSG00000038298,ENSMFAG00000018292
ENSMUSG00000021102,ENSMFAG00000045170
ENSMUSG00000022309,ENSMFAG00000041761
ENSMUSG00000041341,ENSMFAG00000031354
ENSMUSG00000026100,ENSMFAG00000027935
ENSMUSG00000050321,ENSMFAG00000032084
ENSMUSG00000056962,ENSMFAG00000039650
ENSMUSG00000051920,ENSMFAG00000031789
ENSMUSG00000001674,ENSMFAG00000043075
ENSMUSG00000054940,ENSMFAG00000031410
ENSMUSG00000038843,ENSMFAG00000023079
ENSMUSG00000022336,ENSMFAG00000035456
ENSMUSG00000041975,ENSMFAG00000032752
ENSMUSG00000024647,ENSMFAG00000033106
ENSMUSG00000024191,ENSMFAG00000037018
ENSMUSG00000024712,ENSMFAG00000044343
ENSMUSG00000090266,ENSMFAG00000032203
ENSMUSG00000024713,ENSMFAG00000039542
ENSMUSG00000022337,ENSMFAG00000045969
ENSMUSG00000069324,ENSMFAG00000030260
ENSMUSG00000028675,ENSMFAG00000041681
ENSMUSG00000004661,ENSMFAG00000033841
ENSMUSG00000037921,ENSMFAG00000016136
ENSMUSG00000056153,ENSMFAG00000036046
ENSMUSG00000056427,ENSMFAG00000000721
ENSMUSG00000028096,ENSMFAG00000001098
ENSMUSG00000036707,ENSMFAG00000000470
ENSMUSG00000054409,ENSMFAG00000030150
ENSMUSG00000015579,ENSMFAG00000034569
ENSMUSG00000038760,ENSMFAG00000031071
ENSMUSG00000044715,ENSMFAG00000039414
ENSMUSG00000062585,ENSMFAG00000009512
ENSMUSG00000041323,ENSMFAG00000039655
ENSMUSG00000028673,ENSMFAG00000001050
ENSMUSG00000014773,ENSMFAG00000002701
ENSMUSG00000023066,ENSMFAG00000043259
ENSMUSG00000022475,ENSMFAG00000044177
ENSMUSG00000022516,ENSMFAG00000037944
ENSMUSG00000002812,ENSMFAG00000035866
ENSMUSG00000033985,ENSMFAG00000042816
ENSMUSG00000026223,ENSMFAG00000014731
ENSMUSG00000057123,ENSMFAG00000018627
ENSMUSG00000027742,ENSMFAG00000030834
ENSMUSG00000021065,ENSMFAG00000042802
ENSMUSG00000024301,ENSMFAG00000036107
ENSMUSG00000043391,ENSMFAG00000063392
ENSMUSG00000022853,ENSMFAG00000064074
ENSMUSG00000019920,ENSMFAG00000000196
ENSMUSG00000049608,ENSMFAG00000025923
ENSMUSG00000037287,ENSMFAG00000032553
ENSMUSG00002075139,ENSMFAG00000010331
ENSMUSG00002075139,ENSMFAG00000007306
ENSMUSG00000033618,ENSMFAG00000043040
ENSMUSG00000036815,ENSMFAG00000004071
ENSMUSG00000031635,ENSMFAG00000002951
ENSMUSG00000014763,ENSMFAG00000036537
ENSMUSG00000028496,ENSMFAG00000036142
ENSMUSG00000099418,ENSMFAG00000002591
ENSMUSG00000047454,ENSMFAG00000036313
ENSMUSG00000041966,ENSMFAG00000065649
ENSMUSG00000089593,ENSMFAG00000008143
ENSMUSG00000089593,ENSMFAG00000015327
ENSMUSG00000022715,ENSMFAG00000014072
ENSMUSG00000039345,ENSMFAG00000027750
ENSMUSG00000014769,ENSMFAG00000039343
ENSMUSG00000014769,ENSMFAG00000051191
ENSMUSG00000088370,ENSMFAG00000009069
ENSMUSG00000024725,ENSMFAG00000065664
ENSMUSG00000065583,ENSMFAG00000009035
ENSMUSG00000040043,ENSMFAG00000002049
ENSMUSG00000018846,ENSMFAG00000031110
ENSMUSG00000059430,ENSMFAG00000003169
ENSMUSG00000034028,ENSMFAG00000042682
ENSMUSG00000028672,ENSMFAG00000001549
ENSMUSG00000031233,ENSMFAG00000007944
ENSMUSG00000001870,ENSMFAG00000044061
ENSMUSG00000034390,ENSMFAG00000035465
ENSMUSG00000034120,ENSMFAG00000045524
ENSMUSG00000031381,ENSMFAG00000046118
ENSMUSG00000032017,ENSMFAG00000036614
ENSMUSG00000018599,ENSMFAG00000040033
ENSMUSG00000028671,ENSMFAG00000001926
ENSMUSG00000056987,ENSMFAG00000043597
ENSMUSG00000089581,ENSMFAG00000004196
ENSMUSG00000089581,ENSMFAG00000057481
ENSMUSG00000051062,ENSMFAG00000036422
ENSMUSG00000018848,ENSMFAG00000030272
ENSMUSG00000001520,ENSMFAG00000031538
ENSMUSG00000049908,ENSMFAG00000040959
ENSMUSG00000037847,ENSMFAG00000002149
ENSMUSG00000048332,ENSMFAG00000039258
ENSMUSG00000021147,ENSMFAG00000030644
ENSMUSG00000021112,ENSMFAG00000007215
ENSMUSG00000055720,ENSMFAG00000039325
ENSMUSG00000055720,ENSMFAG00000040725
ENSMUSG00000018849,ENSMFAG00000039601
ENSMUSG00000057880,ENSMFAG00000032053
ENSMUSG00000053825,ENSMFAG00000031204
ENSMUSG00000027985,ENSMFAG00000037201
ENSMUSG00000028688,ENSMFAG00000042312
ENSMUSG00000065340,ENSMFAG00000008883
ENSMUSG00000065340,ENSMFAG00000005936
ENSMUSG00000073514,ENSMFAG00000037397
ENSMUSG00000025939,ENSMFAG00000000629
ENSMUSG00000025059,ENSMFAG00000052925
ENSMUSG00000025059,ENSMFAG00000038992
ENSMUSG00002076950,ENSMFAG00000005603
ENSMUSG00002076950,ENSMFAG00000005386
ENSMUSG00000021114,ENSMFAG00000051139
ENSMUSG00000021114,ENSMFAG00000036334
ENSMUSG00000010797,ENSMFAG00000044147
ENSMUSG00000024726,ENSMFAG00000055475
ENSMUSG00000006906,ENSMFAG00000002039
ENSMUSG00000024614,ENSMFAG00000003421
ENSMUSG00000096141,ENSMFAG00000037848
ENSMUSG00000031696,ENSMFAG00000041373
ENSMUSG00000031696,ENSMFAG00000063889
ENSMUSG00000031696,ENSMFAG00000049538
ENSMUSG00000031696,ENSMFAG00000001393
ENSMUSG00000021116,ENSMFAG00000058639
ENSMUSG00000027015,ENSMFAG00000032778
ENSMUSG00000020818,ENSMFAG00000034595
ENSMUSG00000024727,ENSMFAG00000042901
ENSMUSG00000027613,ENSMFAG00000031657
ENSMUSG00000021118,ENSMFAG00000000370
ENSMUSG00000046157,ENSMFAG00000048154
ENSMUSG00000003452,ENSMFAG00000035359
ENSMUSG00000028670,ENSMFAG00000033593
ENSMUSG00000026768,ENSMFAG00000032706
ENSMUSG00000021111,ENSMFAG00000001792
ENSMUSG00000038264,ENSMFAG00000034040
ENSMUSG00000036192,ENSMFAG00000046226
ENSMUSG00000041238,ENSMFAG00000032138
ENSMUSG00000026094,ENSMFAG00000031131
ENSMUSG00000032363,ENSMFAG00000042737
ENSMUSG00000034330,ENSMFAG00000042565
ENSMUSG00000044362,ENSMFAG00000015719
ENSMUSG00000028669,ENSMFAG00000002599
ENSMUSG00000049336,ENSMFAG00000002835
ENSMUSG00000043140,ENSMFAG00000030183
ENSMUSG00000026341,ENSMFAG00000041594
ENSMUSG00000022861,ENSMFAG00000042125
ENSMUSG00000042997,ENSMFAG00000001573
ENSMUSG00000030615,ENSMFAG00000000919
ENSMUSG00000037990,ENSMFAG00000039435
ENSMUSG00000034308,ENSMFAG00000040108
ENSMUSG00000030614,ENSMFAG00000047697
ENSMUSG00000030614,ENSMFAG00000062113
ENSMUSG00000030614,ENSMFAG00000037137
ENSMUSG00000027984,ENSMFAG00000033488
ENSMUSG00000028687,ENSMFAG00000026331
ENSMUSG00000031697,ENSMFAG00000005502
ENSMUSG00000030802,ENSMFAG00000003444
ENSMUSG00000027581,ENSMFAG00000044092
ENSMUSG00000014542,ENSMFAG00000002173
ENSMUSG00000065173,ENSMFAG00000047626
ENSMUSG00000065173,ENSMFAG00000007247
ENSMUSG00000043857,ENSMFAG00000038105
ENSMUSG00000044005,ENSMFAG00000045451
ENSMUSG00000025041,ENSMFAG00000035950
ENSMUSG00000034783,ENSMFAG00000002023
ENSMUSG00000026767,ENSMFAG00000039849
ENSMUSG00000049504,ENSMFAG00000003151
ENSMUSG00000029647,ENSMFAG00000025538
ENSMUSG00000010796,ENSMFAG00000033937
ENSMUSG00000088344,ENSMFAG00000005928
ENSMUSG00000031844,ENSMFAG00000002586
ENSMUSG00000027983,ENSMFAG00000003841
ENSMUSG00000040957,ENSMFAG00000062683
ENSMUSG00000031843,ENSMFAG00000057221
ENSMUSG00000027744,ENSMFAG00000037302
ENSMUSG00000022711,ENSMFAG00000031650
ENSMUSG00000054162,ENSMFAG00000039387
ENSMUSG00000067276,ENSMFAG00000045171
ENSMUSG00000002814,ENSMFAG00000044142
ENSMUSG00000079658,ENSMFAG00000038428
ENSMUSG00000043155,ENSMFAG00000059276
ENSMUSG00000037016,ENSMFAG00000002618
ENSMUSG00000025433,ENSMFAG00000037975
ENSMUSG00000028668,ENSMFAG00000032306
ENSMUSG00000049411,ENSMFAG00000031030
ENSMUSG00000034777,ENSMFAG00000038576
ENSMUSG00000087995,ENSMFAG00000019774
ENSMUSG00000001518,ENSMFAG00000002177
ENSMUSG00000024193,ENSMFAG00000040302
ENSMUSG00000038368,ENSMFAG00000040075
ENSMUSG00000033501,ENSMFAG00000037258
ENSMUSG00000035948,ENSMFAG00000040344
ENSMUSG00000008393,ENSMFAG00000049096
ENSMUSG00000026342,ENSMFAG00000001843
ENSMUSG00000005686,ENSMFAG00000003361
ENSMUSG00000107252,ENSMFAG00000037349
ENSMUSG00000004462,ENSMFAG00000034221
ENSMUSG00000088653,ENSMFAG00000037418
ENSMUSG00000028032,ENSMFAG00000032785
ENSMUSG00000022479,ENSMFAG00000040856
ENSMUSG00000032323,ENSMFAG00000036496
ENSMUSG00000025940,ENSMFAG00000062169
ENSMUSG00000031841,ENSMFAG00000003153
ENSMUSG00000001707,ENSMFAG00000000745
ENSMUSG00000030357,ENSMFAG00000000504
ENSMUSG00000025431,ENSMFAG00000037975
ENSMUSG00000051346,ENSMFAG00000003483
ENSMUSG00000025389,ENSMFAG00000030328
ENSMUSG00000034336,ENSMFAG00000040504
ENSMUSG00000026343,ENSMFAG00000041717
ENSMUSG00000037410,ENSMFAG00000031378
ENSMUSG00000005583,ENSMFAG00000044479
ENSMUSG00000025779,ENSMFAG00000002255
ENSMUSG00000030801,ENSMFAG00000030391
ENSMUSG00000019917,ENSMFAG00000044989
ENSMUSG00000025050,ENSMFAG00000001835
ENSMUSG00000071042,ENSMFAG00000045281
ENSMUSG00000004460,ENSMFAG00000036164
ENSMUSG00000006269,ENSMFAG00000042374
ENSMUSG00000049323,ENSMFAG00000036336
ENSMUSG00000026344,ENSMFAG00000033924
ENSMUSG00000084652,ENSMFAG00000005455
ENSMUSG00000065881,ENSMFAG00000013730
ENSMUSG00000052369,ENSMFAG00000036419
ENSMUSG00000119036,ENSMFAG00000014163
ENSMUSG00000059495,ENSMFAG00000001538
ENSMUSG00000042032,ENSMFAG00000035818
ENSMUSG00000025049,ENSMFAG00000031468
ENSMUSG00000042686,ENSMFAG00000000513
ENSMUSG00000119343,ENSMFAG00000037209
ENSMUSG00000028031,ENSMFAG00000032422
ENSMUSG00000030800,ENSMFAG00000032014
ENSMUSG00000025777,ENSMFAG00000052390
ENSMUSG00000019906,ENSMFAG00000040160
ENSMUSG00000024404,ENSMFAG00000035617
ENSMUSG00002075594,ENSMFAG00000007150
ENSMUSG00002075594,ENSMFAG00000006257
ENSMUSG00002075594,ENSMFAG00000006763
ENSMUSG00000027746,ENSMFAG00000004000
ENSMUSG00000022710,ENSMFAG00000040158
ENSMUSG00000025047,ENSMFAG00000044058
ENSMUSG00000060716,ENSMFAG00000038266
ENSMUSG00000004815,ENSMFAG00000001042
ENSMUSG00000014747,ENSMFAG00000031224
ENSMUSG00000030788,ENSMFAG00000041777
ENSMUSG00000024194,ENSMFAG00000044039
ENSMUSG00000022342,ENSMFAG00000037130
ENSMUSG00000014748,ENSMFAG00000041883
ENSMUSG00000000435,ENSMFAG00000042044
ENSMUSG00000091721,ENSMFAG00000007005
ENSMUSG00000022483,ENSMFAG00000031247
ENSMUSG00000035923,ENSMFAG00000033881
ENSMUSG00000042807,ENSMFAG00000034346
ENSMUSG00000004633,ENSMFAG00000033189
ENSMUSG00000020823,ENSMFAG00000001823
ENSMUSG00000035916,ENSMFAG00000044210
ENSMUSG00000028029,ENSMFAG00000044822
ENSMUSG00000026730,ENSMFAG00000045890
ENSMUSG00000070077,ENSMFAG00000009257
ENSMUSG00000033948,ENSMFAG00000002575
ENSMUSG00000048503,ENSMFAG00000062098
ENSMUSG00000030787,ENSMFAG00000031520
ENSMUSG00000027748,ENSMFAG00000032156
ENSMUSG00002074989,ENSMFAG00000009556
ENSMUSG00002074989,ENSMFAG00000004628
ENSMUSG00000119735,ENSMFAG00000059135
ENSMUSG00000032368,ENSMFAG00000042766
ENSMUSG00000049630,ENSMFAG00000030290
ENSMUSG00000070371,ENSMFAG00000045915
ENSMUSG00000033033,ENSMFAG00000002974
ENSMUSG00000014767,ENSMFAG00000031133
ENSMUSG00000026727,ENSMFAG00000031371
ENSMUSG00000053626,ENSMFAG00000001125
ENSMUSG00000032015,ENSMFAG00000041578
ENSMUSG00000024410,ENSMFAG00000040371
ENSMUSG00000079258,ENSMFAG00000032380
ENSMUSG00000094219,ENSMFAG00000009610
ENSMUSG00000091455,ENSMFAG00000031786
ENSMUSG00000021120,ENSMFAG00000034082
ENSMUSG00000024659,ENSMFAG00000042357
ENSMUSG00000007872,ENSMFAG00000041663
ENSMUSG00000021125,ENSMFAG00000000946
ENSMUSG00000025058,ENSMFAG00000030515
ENSMUSG00000031382,ENSMFAG00000042619
ENSMUSG00000018983,ENSMFAG00000032163
ENSMUSG00000021124,ENSMFAG00000032953
ENSMUSG00000036934,ENSMFAG00000061258
ENSMUSG00000039187,ENSMFAG00000035758
ENSMUSG00000028684,ENSMFAG00000032524
ENSMUSG00000027254,ENSMFAG00000001708
ENSMUSG00000020330,ENSMFAG00000035690
ENSMUSG00000037852,ENSMFAG00000037970
ENSMUSG00000032014,ENSMFAG00000032739
ENSMUSG00000029238,ENSMFAG00000043377
ENSMUSG00000066441,ENSMFAG00000038564
ENSMUSG00000036972,ENSMFAG00000037880
ENSMUSG00000019916,ENSMFAG00000030507
ENSMUSG00000025056,ENSMFAG00000032278
ENSMUSG00000031700,ENSMFAG00000033087
ENSMUSG00000031384,ENSMFAG00000032962
ENSMUSG00000119657,ENSMFAG00000051127
ENSMUSG00000025776,ENSMFAG00000003081
ENSMUSG00000028030,ENSMFAG00000034054
ENSMUSG00000020328,ENSMFAG00000052748
ENSMUSG00000027012,ENSMFAG00000046037
ENSMUSG00000039201,ENSMFAG00000045738
ENSMUSG00000036995,ENSMFAG00000038006
ENSMUSG00000020534,ENSMFAG00000034627
ENSMUSG00000002017,ENSMFAG00000031093
ENSMUSG00000032013,ENSMFAG00000032457
ENSMUSG00000021123,ENSMFAG00000001102
ENSMUSG00000024413,ENSMFAG00000039623
ENSMUSG00000031604,ENSMFAG00000045090
ENSMUSG00000022868,ENSMFAG00000003344
ENSMUSG00000025983,ENSMFAG00000034579
ENSMUSG00000021115,ENSMFAG00000040460
ENSMUSG00000031701,ENSMFAG00000003461
ENSMUSG00000014771,ENSMFAG00000064388
ENSMUSG00000014771,ENSMFAG00000032658
ENSMUSG00000032012,ENSMFAG00000045996
ENSMUSG00000031605,ENSMFAG00000041292
ENSMUSG00000001604,ENSMFAG00000044184
ENSMUSG00000052372,ENSMFAG00000046382
ENSMUSG00000057766,ENSMFAG00000032971
ENSMUSG00000006435,ENSMFAG00000001140
ENSMUSG00000065293,ENSMFAG00000051253
ENSMUSG00000065293,ENSMFAG00000064149
ENSMUSG00000037716,ENSMFAG00000034039
ENSMUSG00000023930,ENSMFAG00000037005
ENSMUSG00000093056,ENSMFAG00000022190
ENSMUSG00000040998,ENSMFAG00000045955
ENSMUSG00000031168,ENSMFAG00000037811
ENSMUSG00000022871,ENSMFAG00000045631
ENSMUSG00000046861,ENSMFAG00000032447
ENSMUSG00000036902,ENSMFAG00000000612
ENSMUSG00000045725,ENSMFAG00000023520
ENSMUSG00000034744,ENSMFAG00000043524
ENSMUSG00000025774,ENSMFAG00000035443
ENSMUSG00000024421,ENSMFAG00000045256
ENSMUSG00000053279,ENSMFAG00000038785
ENSMUSG00000029235,ENSMFAG00000001261
ENSMUSG00000035395,ENSMFAG00000052683
ENSMUSG00000035395,ENSMFAG00000037190
ENSMUSG00000020326,ENSMFAG00000035711
ENSMUSG00000073735,ENSMFAG00000052987
ENSMUSG00000041303,ENSMFAG00000030899
ENSMUSG00000019907,ENSMFAG00000034239
ENSMUSG00000031285,ENSMFAG00000003173
ENSMUSG00000029648,ENSMFAG00000035718
ENSMUSG00000054808,ENSMFAG00000033669
ENSMUSG00000024747,ENSMFAG00000038785
ENSMUSG00000051977,ENSMFAG00000003001
ENSMUSG00000045896,ENSMFAG00000027132
ENSMUSG00000031703,ENSMFAG00000038548
ENSMUSG00000042569,ENSMFAG00000027901
ENSMUSG00000109809,ENSMFAG00000035721
ENSMUSG00000049690,ENSMFAG00000035593
ENSMUSG00000024749,ENSMFAG00000042108
ENSMUSG00000086040,ENSMFAG00000036122
ENSMUSG00000051351,ENSMFAG00000035532
ENSMUSG00000043284,ENSMFAG00000033019
ENSMUSG00000025521,ENSMFAG00000039396
ENSMUSG00000022877,ENSMFAG00000032718
ENSMUSG00000018931,ENSMFAG00000052071
ENSMUSG00000039200,ENSMFAG00000031957
ENSMUSG00000053617,ENSMFAG00000044985
ENSMUSG00000066037,ENSMFAG00000039737
ENSMUSG00000059248,ENSMFAG00000035508
ENSMUSG00000019124,ENSMFAG00000037021
ENSMUSG00000024074,ENSMFAG00000043056
ENSMUSG00000071089,ENSMFAG00000032674
ENSMUSG00000053490,ENSMFAG00000056784
ENSMUSG00000038074,ENSMFAG00000045864
ENSMUSG00000022311,ENSMFAG00000032839
ENSMUSG00000109718,ENSMFAG00000026475
ENSMUSG00002074847,ENSMFAG00000059700
ENSMUSG00002074847,ENSMFAG00000004121
ENSMUSG00002074847,ENSMFAG00000036274
ENSMUSG00000036469,ENSMFAG00000045943
ENSMUSG00000088044,ENSMFAG00000051142
ENSMUSG00000035873,ENSMFAG00000062333
ENSMUSG00000041301,ENSMFAG00000000170
ENSMUSG00000079513,ENSMFAG00000052280
ENSMUSG00000032011,ENSMFAG00000041030
ENSMUSG00000111409,ENSMFAG00000030008
ENSMUSG00000073069,ENSMFAG00000036878
ENSMUSG00000094861,ENSMFAG00000036878
ENSMUSG00000096072,ENSMFAG00000036878
ENSMUSG00000024750,ENSMFAG00000037978
ENSMUSG00000023921,ENSMFAG00000046407
ENSMUSG00000040653,ENSMFAG00000001889
ENSMUSG00000045414,ENSMFAG00000037253
ENSMUSG00000024424,ENSMFAG00000023934
ENSMUSG00000018589,ENSMFAG00000041989
ENSMUSG00000029649,ENSMFAG00000025369
ENSMUSG00000019762,ENSMFAG00000031023
ENSMUSG00000031129,ENSMFAG00000002921
ENSMUSG00000042694,ENSMFAG00000041817
ENSMUSG00000066440,ENSMFAG00000036640
ENSMUSG00000035864,ENSMFAG00000003495
ENSMUSG00000067773,ENSMFAG00000045112
ENSMUSG00000005611,ENSMFAG00000035351
ENSMUSG00000031337,ENSMFAG00000039374
ENSMUSG00000060459,ENSMFAG00000041180
ENSMUSG00000027878,ENSMFAG00000001144
ENSMUSG00000042256,ENSMFAG00000035367
ENSMUSG00000042596,ENSMFAG00000040653
ENSMUSG00000033540,ENSMFAG00000032030
ENSMUSG00000018932,ENSMFAG00000037919
ENSMUSG00000043972,ENSMFAG00000000172
ENSMUSG00000073678,ENSMFAG00000029122
ENSMUSG00000119461,ENSMFAG00000052487
ENSMUSG00000025591,ENSMFAG00000043577
ENSMUSG00000025591,ENSMFAG00000025537
ENSMUSG00000025591,ENSMFAG00000039409
ENSMUSG00000025060,ENSMFAG00000007328
ENSMUSG00000033350,ENSMFAG00000029983
ENSMUSG00000023852,ENSMFAG00000031226
ENSMUSG00000039977,ENSMFAG00000032572
ENSMUSG00000070902,ENSMFAG00000053753
ENSMUSG00000024430,ENSMFAG00000007440
ENSMUSG00000008489,ENSMFAG00000039694
ENSMUSG00000027750,ENSMFAG00000045597
ENSMUSG00000025519,ENSMFAG00000040704
ENSMUSG00000044014,ENSMFAG00000030111
ENSMUSG00000036155,ENSMFAG00000002058
ENSMUSG00000112039,ENSMFAG00000031106
ENSMUSG00000053886,ENSMFAG00000007156
ENSMUSG00000020181,ENSMFAG00000044289
ENSMUSG00000036356,ENSMFAG00000045019
ENSMUSG00000043885,ENSMFAG00000041537
ENSMUSG00000005225,ENSMFAG00000040078
ENSMUSG00000022505,ENSMFAG00000053844
ENSMUSG00000053565,ENSMFAG00000033962
ENSMUSG00000025927,ENSMFAG00000046210
ENSMUSG00002076182,ENSMFAG00000064124
ENSMUSG00000039179,ENSMFAG00000045530
ENSMUSG00000020436,ENSMFAG00000036513
ENSMUSG00000059060,ENSMFAG00000043482
ENSMUSG00000029650,ENSMFAG00000030072
ENSMUSG00000050901,ENSMFAG00000038271
ENSMUSG00000032010,ENSMFAG00000038340
ENSMUSG00000022503,ENSMFAG00000000452
ENSMUSG00000089942,ENSMFAG00000044522
ENSMUSG00000089942,ENSMFAG00000041610
ENSMUSG00000089942,ENSMFAG00000040912
ENSMUSG00000089942,ENSMFAG00000043859
ENSMUSG00000089942,ENSMFAG00000003194
ENSMUSG00000056121,ENSMFAG00000014609
ENSMUSG00000024754,ENSMFAG00000036873
ENSMUSG00002076883,ENSMFAG00000064590
ENSMUSG00000056004,ENSMFAG00000032184
ENSMUSG00000026347,ENSMFAG00000004027
ENSMUSG00000038065,ENSMFAG00000037983
ENSMUSG00000005609,ENSMFAG00000045504
ENSMUSG00000058446,ENSMFAG00000062462
ENSMUSG00000058446,ENSMFAG00000007926
ENSMUSG00000050908,ENSMFAG00000040781
ENSMUSG00000049106,ENSMFAG00000003413
ENSMUSG00000044252,ENSMFAG00000003468
ENSMUSG00000031864,ENSMFAG00000039216
ENSMUSG00000000416,ENSMFAG00000039255
ENSMUSG00000032705,ENSMFAG00000041413
ENSMUSG00000022875,ENSMFAG00000041180
ENSMUSG00000040624,ENSMFAG00000043598
ENSMUSG00000028533,ENSMFAG00000031898
ENSMUSG00000026348,ENSMFAG00000001001
ENSMUSG00000021130,ENSMFAG00000037392
ENSMUSG00000026510,ENSMFAG00000003807
ENSMUSG00000066107,ENSMFAG00000036506
ENSMUSG00002074983,ENSMFAG00000009552
ENSMUSG00000028578,ENSMFAG00000036918
ENSMUSG00000048027,ENSMFAG00000002204
ENSMUSG00000025064,ENSMFAG00000038498
ENSMUSG00000074417,ENSMFAG00000044522
ENSMUSG00000074417,ENSMFAG00000041610
ENSMUSG00000074417,ENSMFAG00000040912
ENSMUSG00000074417,ENSMFAG00000043859
ENSMUSG00000074417,ENSMFAG00000003194
ENSMUSG00000028577,ENSMFAG00000039014
ENSMUSG00000030427,ENSMFAG00000044522
ENSMUSG00000030427,ENSMFAG00000041610
ENSMUSG00000030427,ENSMFAG00000040912
ENSMUSG00000030427,ENSMFAG00000043859
ENSMUSG00000030427,ENSMFAG00000003194
ENSMUSG00000023918,ENSMFAG00000022646
ENSMUSG00000043760,ENSMFAG00000031421
ENSMUSG00000119543,ENSMFAG00000011835
ENSMUSG00000044155,ENSMFAG00000047892
ENSMUSG00000025571,ENSMFAG00000043943
ENSMUSG00000038058,ENSMFAG00000034463
ENSMUSG00000065742,ENSMFAG00000009405
ENSMUSG00000065760,ENSMFAG00000004591
ENSMUSG00000022312,ENSMFAG00000004699
ENSMUSG00000022504,ENSMFAG00000045595
ENSMUSG00000039176,ENSMFAG00000042476
ENSMUSG00000028576,ENSMFAG00000001877
ENSMUSG00000021916,ENSMFAG00000043905
ENSMUSG00000067649,ENSMFAG00000057172
ENSMUSG00000119580,ENSMFAG00000014338
ENSMUSG00000040621,ENSMFAG00000000059
ENSMUSG00000048833,ENSMFAG00000030713
ENSMUSG00000024076,ENSMFAG00000044880
ENSMUSG00000029517,ENSMFAG00000048991
ENSMUSG00000029517,ENSMFAG00000049362
ENSMUSG00000029517,ENSMFAG00000055998
ENSMUSG00000029517,ENSMFAG00000062897
ENSMUSG00000029517,ENSMFAG00000057468
ENSMUSG00000029517,ENSMFAG00000053864
ENSMUSG00000029517,ENSMFAG00000052235
ENSMUSG00000029517,ENSMFAG00000047882
ENSMUSG00000022313,ENSMFAG00000003374
ENSMUSG00000066438,ENSMFAG00000001248
ENSMUSG00000028018,ENSMFAG00000000581
ENSMUSG00000006678,ENSMFAG00000001338
ENSMUSG00000022314,ENSMFAG00000032636
ENSMUSG00000002797,ENSMFAG00000033057
ENSMUSG00000045333,ENSMFAG00000045032
ENSMUSG00000065702,ENSMFAG00000057675
ENSMUSG00000065559,ENSMFAG00000011259
ENSMUSG00000065480,ENSMFAG00000020747
ENSMUSG00000025929,ENSMFAG00000059281
ENSMUSG00000050377,ENSMFAG00000031804
ENSMUSG00000021133,ENSMFAG00000057018
ENSMUSG00000060882,ENSMFAG00000046158
ENSMUSG00000026349,ENSMFAG00000042791
ENSMUSG00000020185,ENSMFAG00000000355
ENSMUSG00000049799,ENSMFAG00000034288
ENSMUSG00000116564,ENSMFAG00000033056
ENSMUSG00000068522,ENSMFAG00000036725
ENSMUSG00000029777,ENSMFAG00000038863
ENSMUSG00000022315,ENSMFAG00000047830
ENSMUSG00000010803,ENSMFAG00000045791
ENSMUSG00000056296,ENSMFAG00000039535
ENSMUSG00000119334,ENSMFAG00000014351
ENSMUSG00000028677,ENSMFAG00000040181
ENSMUSG00000021134,ENSMFAG00000002393
ENSMUSG00000088830,ENSMFAG00000004113
ENSMUSG00000088830,ENSMFAG00000007740
ENSMUSG00000038622,ENSMFAG00000032092
ENSMUSG00000036810,ENSMFAG00000001901
ENSMUSG00000036810,ENSMFAG00000027660
ENSMUSG00000047786,ENSMFAG00000047651
ENSMUSG00000053128,ENSMFAG00000030008
ENSMUSG00000008090,ENSMFAG00000002925
ENSMUSG00000061731,ENSMFAG00000002066
ENSMUSG00000015214,ENSMFAG00000045168
ENSMUSG00000074505,ENSMFAG00000035883
ENSMUSG00000028016,ENSMFAG00000042815
ENSMUSG00000029669,ENSMFAG00000002377
ENSMUSG00000061665,ENSMFAG00000042539
ENSMUSG00000044772,ENSMFAG00000041510
ENSMUSG00000058656,ENSMFAG00000043380
ENSMUSG00000041872,ENSMFAG00000044851
ENSMUSG00000025066,ENSMFAG00000033346
ENSMUSG00000003974,ENSMFAG00000002229
ENSMUSG00000042354,ENSMFAG00000000613
ENSMUSG00000089399,ENSMFAG00000055181
ENSMUSG00000052331,ENSMFAG00000032694
ENSMUSG00000055385,ENSMFAG00000002719
ENSMUSG00000063727,ENSMFAG00000040874
ENSMUSG00000015568,ENSMFAG00000041424
ENSMUSG00000044948,ENSMFAG00000043638
ENSMUSG00000038591,ENSMFAG00000065700
ENSMUSG00000024479,ENSMFAG00000059893
ENSMUSG00000001420,ENSMFAG00000002046
ENSMUSG00000037362,ENSMFAG00000028128
ENSMUSG00000087718,ENSMFAG00000020394
ENSMUSG00000000248,ENSMFAG00000045824
ENSMUSG00000039994,ENSMFAG00000030313
ENSMUSG00000032327,ENSMFAG00000038239
ENSMUSG00000028013,ENSMFAG00000040113
ENSMUSG00000022425,ENSMFAG00000002827
ENSMUSG00000026726,ENSMFAG00000030948
ENSMUSG00000020428,ENSMFAG00000038886
ENSMUSG00000029101,ENSMFAG00000039419
ENSMUSG00000023915,ENSMFAG00000043845
ENSMUSG00000025068,ENSMFAG00000033599
ENSMUSG00000024077,ENSMFAG00000002106
ENSMUSG00000089728,ENSMFAG00000053053
ENSMUSG00000077212,ENSMFAG00000036033
ENSMUSG00000087912,ENSMFAG00000006558
ENSMUSG00000077797,ENSMFAG00000020548
ENSMUSG00000036339,ENSMFAG00000040523
ENSMUSG00000030154,ENSMFAG00000050480
ENSMUSG00000025069,ENSMFAG00000050681
ENSMUSG00000035762,ENSMFAG00000005470
ENSMUSG00000035762,ENSMFAG00000043023
ENSMUSG00000028664,ENSMFAG00000003479
ENSMUSG00000036330,ENSMFAG00000029619
ENSMUSG00000027871,ENSMFAG00000061533
ENSMUSG00000027871,ENSMFAG00000039795
ENSMUSG00000027871,ENSMFAG00000000449
ENSMUSG00000027871,ENSMFAG00000037292
ENSMUSG00000027871,ENSMFAG00000045839
ENSMUSG00000041710,ENSMFAG00000003102
ENSMUSG00000093238,ENSMFAG00000021571
ENSMUSG00000001415,ENSMFAG00000045357
ENSMUSG00000037337,ENSMFAG00000034374
ENSMUSG00000003476,ENSMFAG00000046108
ENSMUSG00000007653,ENSMFAG00000033709
ENSMUSG00000041293,ENSMFAG00000022221
ENSMUSG00000072934,ENSMFAG00000047357
ENSMUSG00000026723,ENSMFAG00000042379
ENSMUSG00000071679,ENSMFAG00000064863
ENSMUSG00000006273,ENSMFAG00000033694
ENSMUSG00000021135,ENSMFAG00000033423
ENSMUSG00000041700,ENSMFAG00000003226
ENSMUSG00000021432,ENSMFAG00000000520
ENSMUSG00000067629,ENSMFAG00000041047
ENSMUSG00000031169,ENSMFAG00000035976
ENSMUSG00000055415,ENSMFAG00000045373
ENSMUSG00000021136,ENSMFAG00000036642
ENSMUSG00000026234,ENSMFAG00000040385
ENSMUSG00000027010,ENSMFAG00000036961
ENSMUSG00000065601,ENSMFAG00000011367
ENSMUSG00000044950,ENSMFAG00000027720
ENSMUSG00000117975,ENSMFAG00000057374
ENSMUSG00000036306,ENSMFAG00000010460
ENSMUSG00000046585,ENSMFAG00000035977
ENSMUSG00000027870,ENSMFAG00000002851
ENSMUSG00000041278,ENSMFAG00000040270
ENSMUSG00000022884,ENSMFAG00000044567
ENSMUSG00000036246,ENSMFAG00000046087
ENSMUSG00000063434,ENSMFAG00000044111
ENSMUSG00000041423,ENSMFAG00000043399
ENSMUSG00000050541,ENSMFAG00000045077
ENSMUSG00002076827,ENSMFAG00000007015
ENSMUSG00000064823,ENSMFAG00000014934
ENSMUSG00000026509,ENSMFAG00000003091
ENSMUSG00000004296,ENSMFAG00000036061
ENSMUSG00000041231,ENSMFAG00000045929
ENSMUSG00000040943,ENSMFAG00000043744
ENSMUSG00000036896,ENSMFAG00000038771
ENSMUSG00000027018,ENSMFAG00000044656
ENSMUSG00000079055,ENSMFAG00000034168
ENSMUSG00000036887,ENSMFAG00000037955
ENSMUSG00000028661,ENSMFAG00000037600
ENSMUSG00000030155,ENSMFAG00000045824
ENSMUSG00000065143,ENSMFAG00000049860
ENSMUSG00000065143,ENSMFAG00000054629
ENSMUSG00000065143,ENSMFAG00000061477
ENSMUSG00000019189,ENSMFAG00000002232
ENSMUSG00000003477,ENSMFAG00000035609
ENSMUSG00000035804,ENSMFAG00000000997
ENSMUSG00000030157,ENSMFAG00000045824
ENSMUSG00000021548,ENSMFAG00000008721
ENSMUSG00000060862,ENSMFAG00000043032
ENSMUSG00002075402,ENSMFAG00000050154
ENSMUSG00000025027,ENSMFAG00000030034
ENSMUSG00000021848,ENSMFAG00000033859
ENSMUSG00000038022,ENSMFAG00000013399
ENSMUSG00000026237,ENSMFAG00000038670
ENSMUSG00000036574,ENSMFAG00000043090
ENSMUSG00000026728,ENSMFAG00000003332
ENSMUSG00000051590,ENSMFAG00000043568
ENSMUSG00000057098,ENSMFAG00000034539
ENSMUSG00000052572,ENSMFAG00000043394
ENSMUSG00000074489,ENSMFAG00000056045
ENSMUSG00000021262,ENSMFAG00000001300
ENSMUSG00000006386,ENSMFAG00000045003
ENSMUSG00000074486,ENSMFAG00000056045
ENSMUSG00000074483,ENSMFAG00000056045
ENSMUSG00000041859,ENSMFAG00000001888
ENSMUSG00000004233,ENSMFAG00000001270
ENSMUSG00000031861,ENSMFAG00000040780
ENSMUSG00000030156,ENSMFAG00000060873
ENSMUSG00000021758,ENSMFAG00000040186
ENSMUSG00000037206,ENSMFAG00000019008
ENSMUSG00000001751,ENSMFAG00000039206
ENSMUSG00000001774,ENSMFAG00000035565
ENSMUSG00000031860,ENSMFAG00000031948
ENSMUSG00000037343,ENSMFAG00000003672
ENSMUSG00000003418,ENSMFAG00000001392
ENSMUSG00000019301,ENSMFAG00000030629
ENSMUSG00000119848,ENSMFAG00000005991
ENSMUSG00000004654,ENSMFAG00000031512
ENSMUSG00000093117,ENSMFAG00000019885
ENSMUSG00000001755,ENSMFAG00000003964
ENSMUSG00000028066,ENSMFAG00000031299
ENSMUSG00000061244,ENSMFAG00000037256
ENSMUSG00000041921,ENSMFAG00000001723
ENSMUSG00000025982,ENSMFAG00000036680
ENSMUSG00000044006,ENSMFAG00000064577
ENSMUSG00000051243,ENSMFAG00000014180
ENSMUSG00000027868,ENSMFAG00000044269
ENSMUSG00000048967,ENSMFAG00000011503
ENSMUSG00000029670,ENSMFAG00000044425
ENSMUSG00000041688,ENSMFAG00000032269
ENSMUSG00000022422,ENSMFAG00000003521
ENSMUSG00000006169,ENSMFAG00000039041
ENSMUSG00000064890,ENSMFAG00000062725
ENSMUSG00000028172,ENSMFAG00000061984
ENSMUSG00000031661,ENSMFAG00000044696
ENSMUSG00000026238,ENSMFAG00000055240
ENSMUSG00000026238,ENSMFAG00000049240
ENSMUSG00000026238,ENSMFAG00000060328
ENSMUSG00000050144,ENSMFAG00000003800
ENSMUSG00002076159,ENSMFAG00000008850
ENSMUSG00000041911,ENSMFAG00000039931
ENSMUSG00000036856,ENSMFAG00000045973
ENSMUSG00000036291,ENSMFAG00000036074
ENSMUSG00000022419,ENSMFAG00000040290
ENSMUSG00000029651,ENSMFAG00000032200
ENSMUSG00000047789,ENSMFAG00000042280
ENSMUSG00000023391,ENSMFAG00000045147
ENSMUSG00000006699,ENSMFAG00000056249
ENSMUSG00000006699,ENSMFAG00000032516
ENSMUSG00000027867,ENSMFAG00000043409
ENSMUSG00000025931,ENSMFAG00000004629
ENSMUSG00000027111,ENSMFAG00000038164
ENSMUSG00000034739,ENSMFAG00000011642
ENSMUSG00000031662,ENSMFAG00000033996
ENSMUSG00000041809,ENSMFAG00000036082
ENSMUSG00000079605,ENSMFAG00000025074
ENSMUSG00000036180,ENSMFAG00000002152
ENSMUSG00000036180,ENSMFAG00000003085
ENSMUSG00000035776,ENSMFAG00000043583
ENSMUSG00000056492,ENSMFAG00000037042
ENSMUSG00000021759,ENSMFAG00000030691
ENSMUSG00000026239,ENSMFAG00000036966
ENSMUSG00000044847,ENSMFAG00000034084
ENSMUSG00000036282,ENSMFAG00000038073
ENSMUSG00000022370,ENSMFAG00000009755
ENSMUSG00000088524,ENSMFAG00000011567
ENSMUSG00000088524,ENSMFAG00000049591
ENSMUSG00000064880,ENSMFAG00000004343
ENSMUSG00000087935,ENSMFAG00000014728
ENSMUSG00000064382,ENSMFAG00000023256
ENSMUSG00000065208,ENSMFAG00000030572
ENSMUSG00000022881,ENSMFAG00000030286
ENSMUSG00000011254,ENSMFAG00000041928
ENSMUSG00000025981,ENSMFAG00000017910
ENSMUSG00000025026,ENSMFAG00000031457
ENSMUSG00000021549,ENSMFAG00000037698
ENSMUSG00000045328,ENSMFAG00000039560
ENSMUSG00000021850,ENSMFAG00000044693
ENSMUSG00000065436,ENSMFAG00000005406
ENSMUSG00000021263,ENSMFAG00000043618
ENSMUSG00002074982,ENSMFAG00000006226
ENSMUSG00000078520,ENSMFAG00000008347
ENSMUSG00000051934,ENSMFAG00000042319
ENSMUSG00000021264,ENSMFAG00000000108
ENSMUSG00000023433,ENSMFAG00000008347
ENSMUSG00000040489,ENSMFAG00000029536
ENSMUSG00000041779,ENSMFAG00000042433
ENSMUSG00000069899,ENSMFAG00000039956
ENSMUSG00000022878,ENSMFAG00000000511
ENSMUSG00000017801,ENSMFAG00000045041
ENSMUSG00000021852,ENSMFAG00000001572
ENSMUSG00000022885,ENSMFAG00000062040
ENSMUSG00000021265,ENSMFAG00000058088
ENSMUSG00000064582,ENSMFAG00000009392
ENSMUSG00000039414,ENSMFAG00000032444
ENSMUSG00000091803,ENSMFAG00000035724
ENSMUSG00000036104,ENSMFAG00000026109
ENSMUSG00000028573,ENSMFAG00000037904
ENSMUSG00000029102,ENSMFAG00000002414
ENSMUSG00000062980,ENSMFAG00000031588
ENSMUSG00000036242,ENSMFAG00000038183
ENSMUSG00000033285,ENSMFAG00000034570
ENSMUSG00000055994,ENSMFAG00000037753
ENSMUSG00002075651,ENSMFAG00000007775
ENSMUSG00000033383,ENSMFAG00000056809
ENSMUSG00000022887,ENSMFAG00000040221
ENSMUSG00000017778,ENSMFAG00000035190
ENSMUSG00000031171,ENSMFAG00000003467
ENSMUSG00000043943,ENSMFAG00000034412
ENSMUSG00000048933,ENSMFAG00000057395
ENSMUSG00000037579,ENSMFAG00000045110
ENSMUSG00000068437,ENSMFAG00000031401
ENSMUSG00000016018,ENSMFAG00000031610
ENSMUSG00000030549,ENSMFAG00000003348
ENSMUSG00000072974,ENSMFAG00000039914
ENSMUSG00000072974,ENSMFAG00000023207
ENSMUSG00000072974,ENSMFAG00000011492
ENSMUSG00000072972,ENSMFAG00000039914
ENSMUSG00000072972,ENSMFAG00000023207
ENSMUSG00000072972,ENSMFAG00000011492
ENSMUSG00000047631,ENSMFAG00000036691
ENSMUSG00000044716,ENSMFAG00000045592
ENSMUSG00000048856,ENSMFAG00000059614
ENSMUSG00000020186,ENSMFAG00000033853
ENSMUSG00000026240,ENSMFAG00000039889
ENSMUSG00000028167,ENSMFAG00000036890
ENSMUSG00000060523,ENSMFAG00000031401
ENSMUSG00000037570,ENSMFAG00000022915
ENSMUSG00000029671,ENSMFAG00000031359
ENSMUSG00000059488,ENSMFAG00000031401
ENSMUSG00000090935,ENSMFAG00000001417
ENSMUSG00000057789,ENSMFAG00000029410
ENSMUSG00000024423,ENSMFAG00000003606
ENSMUSG00000024423,ENSMFAG00000052772
ENSMUSG00000050030,ENSMFAG00000062818
ENSMUSG00000049011,ENSMFAG00000051665
ENSMUSG00000089271,ENSMFAG00000036223
ENSMUSG00002074863,ENSMFAG00000024420
ENSMUSG00002074863,ENSMFAG00000014938
ENSMUSG00002074863,ENSMFAG00000004447
ENSMUSG00002074863,ENSMFAG00000036483
ENSMUSG00000109835,ENSMFAG00000015734
ENSMUSG00000030162,ENSMFAG00000044863
ENSMUSG00000091873,ENSMFAG00000051827
ENSMUSG00000005610,ENSMFAG00000036500
ENSMUSG00000070565,ENSMFAG00000032705
ENSMUSG00000041313,ENSMFAG00000043457
ENSMUSG00000090874,ENSMFAG00000051827
ENSMUSG00000033355,ENSMFAG00000037745
ENSMUSG00000015217,ENSMFAG00000030754
ENSMUSG00000015217,ENSMFAG00000065799
ENSMUSG00000015217,ENSMFAG00000053564
ENSMUSG00000015217,ENSMFAG00000029912
ENSMUSG00000025383,ENSMFAG00000000058
ENSMUSG00000037994,ENSMFAG00000046399
ENSMUSG00000031665,ENSMFAG00000003298
ENSMUSG00000046210,ENSMFAG00000017541
ENSMUSG00000088651,ENSMFAG00000004865
ENSMUSG00000042426,ENSMFAG00000003740
ENSMUSG00000033306,ENSMFAG00000041519
ENSMUSG00000008438,ENSMFAG00000025676
ENSMUSG00000008438,ENSMFAG00000040622
ENSMUSG00000040675,ENSMFAG00000031281
ENSMUSG00000047508,ENSMFAG00000036004
ENSMUSG00000002679,ENSMFAG00000032743
ENSMUSG00000043668,ENSMFAG00000032933
ENSMUSG00000032407,ENSMFAG00000031084
ENSMUSG00000029672,ENSMFAG00000043181
ENSMUSG00000021806,ENSMFAG00000036323
ENSMUSG00000028572,ENSMFAG00000000847
ENSMUSG00000031543,ENSMFAG00000045115
ENSMUSG00000027793,ENSMFAG00000035978
ENSMUSG00000037346,ENSMFAG00000050624
ENSMUSG00000119747,ENSMFAG00000053613
ENSMUSG00000118554,ENSMFAG00000042561
ENSMUSG00000024420,ENSMFAG00000044636
ENSMUSG00000043549,ENSMFAG00000062329
ENSMUSG00000043549,ENSMFAG00000057761
ENSMUSG00000043549,ENSMFAG00000047283
ENSMUSG00000042734,ENSMFAG00000052601
ENSMUSG00000078907,ENSMFAG00000000731
ENSMUSG00000020411,ENSMFAG00000029978
ENSMUSG00000031170,ENSMFAG00000000065
ENSMUSG00000042724,ENSMFAG00000002562
ENSMUSG00000026241,ENSMFAG00000046253
ENSMUSG00000019303,ENSMFAG00000044078
ENSMUSG00000023007,ENSMFAG00000035637
ENSMUSG00000042417,ENSMFAG00000031385
ENSMUSG00000001687,ENSMFAG00000044955
ENSMUSG00000025980,ENSMFAG00000036512
ENSMUSG00000025980,ENSMFAG00000033000
ENSMUSG00000006494,ENSMFAG00000043197
ENSMUSG00000096140,ENSMFAG00000046275
ENSMUSG00000074651,ENSMFAG00000063476
ENSMUSG00000037013,ENSMFAG00000035986
ENSMUSG00000089287,ENSMFAG00000015794
ENSMUSG00000089287,ENSMFAG00000015832
ENSMUSG00000050150,ENSMFAG00000042668
ENSMUSG00000034488,ENSMFAG00000039875
ENSMUSG00000030160,ENSMFAG00000044912
ENSMUSG00000021266,ENSMFAG00000031367
ENSMUSG00000029103,ENSMFAG00000045907
ENSMUSG00000017802,ENSMFAG00000031382
ENSMUSG00000042644,ENSMFAG00000039709
ENSMUSG00000030161,ENSMFAG00000037621
ENSMUSG00000073676,ENSMFAG00000045023
ENSMUSG00000073676,ENSMFAG00000008799
ENSMUSG00000073676,ENSMFAG00000024197
ENSMUSG00000068663,ENSMFAG00000001961
ENSMUSG00000021807,ENSMFAG00000059585
ENSMUSG00000021807,ENSMFAG00000035582
ENSMUSG00000028165,ENSMFAG00000033046
ENSMUSG00000050241,ENSMFAG00000002098
ENSMUSG00000050241,ENSMFAG00000039052
ENSMUSG00000033526,ENSMFAG00000000656
ENSMUSG00000033526,ENSMFAG00000061097
ENSMUSG00000027865,ENSMFAG00000045882
ENSMUSG00000030067,ENSMFAG00000033964
ENSMUSG00000022106,ENSMFAG00000042366
ENSMUSG00000035198,ENSMFAG00000002868
ENSMUSG00000067438,ENSMFAG00000034271
ENSMUSG00000036086,ENSMFAG00000034071
ENSMUSG00000031342,ENSMFAG00000034628
ENSMUSG00000040254,ENSMFAG00000044893
ENSMUSG00000078926,ENSMFAG00000043474
ENSMUSG00000028571,ENSMFAG00000003319
ENSMUSG00000045007,ENSMFAG00000001256
ENSMUSG00000021613,ENSMFAG00000047220
ENSMUSG00000088948,ENSMFAG00000019715
ENSMUSG00000023913,ENSMFAG00000000129
ENSMUSG00000038296,ENSMFAG00000041231
ENSMUSG00000065575,ENSMFAG00000007557
ENSMUSG00000021760,ENSMFAG00000049212
ENSMUSG00000042348,ENSMFAG00000028679
ENSMUSG00000004798,ENSMFAG00000037593
ENSMUSG00000088217,ENSMFAG00000014492
ENSMUSG00000036743,ENSMFAG00000011562
ENSMUSG00000089473,ENSMFAG00000015840
ENSMUSG00000089473,ENSMFAG00000015981
ENSMUSG00000040877,ENSMFAG00000032769
ENSMUSG00000035798,ENSMFAG00000042288
ENSMUSG00000064573,ENSMFAG00000020122
ENSMUSG00000064573,ENSMFAG00000020061
ENSMUSG00000064573,ENSMFAG00000050370
ENSMUSG00000064573,ENSMFAG00000020215
ENSMUSG00000044468,ENSMFAG00000063452
ENSMUSG00000048264,ENSMFAG00000043149
ENSMUSG00000030613,ENSMFAG00000034340
ENSMUSG00000028538,ENSMFAG00000038821
ENSMUSG00000025255,ENSMFAG00000034757
ENSMUSG00000054321,ENSMFAG00000031932
ENSMUSG00000040867,ENSMFAG00000044895
ENSMUSG00000024208,ENSMFAG00000039620
ENSMUSG00000020340,ENSMFAG00000036175
ENSMUSG00000024210,ENSMFAG00000036096
ENSMUSG00000008763,ENSMFAG00000042171
ENSMUSG00000036225,ENSMFAG00000036987
ENSMUSG00000040140,ENSMFAG00000059477
ENSMUSG00000074500,ENSMFAG00000036165
ENSMUSG00000065751,ENSMFAG00000053127
ENSMUSG00000046591,ENSMFAG00000031426
ENSMUSG00000021140,ENSMFAG00000033279
ENSMUSG00000024411,ENSMFAG00000041146
ENSMUSG00000079592,ENSMFAG00000048016
ENSMUSG00000067750,ENSMFAG00000037484
ENSMUSG00000067750,ENSMFAG00000047354
ENSMUSG00000041722,ENSMFAG00000037484
ENSMUSG00000041722,ENSMFAG00000047354
ENSMUSG00000025979,ENSMFAG00000035530
ENSMUSG00000063531,ENSMFAG00000032909
ENSMUSG00000044857,ENSMFAG00000001775
ENSMUSG00000036580,ENSMFAG00000033182
ENSMUSG00000023008,ENSMFAG00000042783
ENSMUSG00000064225,ENSMFAG00000034764
ENSMUSG00000015224,ENSMFAG00000003319
ENSMUSG00000015354,ENSMFAG00000001242
ENSMUSG00000061601,ENSMFAG00000000141
ENSMUSG00000023912,ENSMFAG00000031954
ENSMUSG00002075246,ENSMFAG00000016581
ENSMUSG00002075246,ENSMFAG00000054795
ENSMUSG00000038587,ENSMFAG00000039897
ENSMUSG00000085079,ENSMFAG00000037484
ENSMUSG00000085079,ENSMFAG00000047354
ENSMUSG00000053333,ENSMFAG00000030972
ENSMUSG00000078639,ENSMFAG00000044638
ENSMUSG00000054141,ENSMFAG00000056405
ENSMUSG00000047466,ENSMFAG00000042249
ENSMUSG00000036986,ENSMFAG00000002332
ENSMUSG00000075327,ENSMFAG00000031487
ENSMUSG00000041840,ENSMFAG00000043557
ENSMUSG00000019763,ENSMFAG00000034583
ENSMUSG00000071276,ENSMFAG00000048717
ENSMUSG00000023963,ENSMFAG00000021727
ENSMUSG00000025428,ENSMFAG00000001649
ENSMUSG00000033326,ENSMFAG00000038669
ENSMUSG00000040374,ENSMFAG00000036908
ENSMUSG00000034765,ENSMFAG00000002031
ENSMUSG00000041343,ENSMFAG00000017987
ENSMUSG00000071497,ENSMFAG00000047434
ENSMUSG00000071497,ENSMFAG00000027212
ENSMUSG00000024974,ENSMFAG00000003098
ENSMUSG00000048721,ENSMFAG00000009168
ENSMUSG00000051076,ENSMFAG00000037561
ENSMUSG00000020189,ENSMFAG00000036321
ENSMUSG00000040856,ENSMFAG00000035336
ENSMUSG00000025978,ENSMFAG00000003082
ENSMUSG00000039601,ENSMFAG00000036451
ENSMUSG00000084435,ENSMFAG00000017481
ENSMUSG00000084435,ENSMFAG00000047412
ENSMUSG00000084435,ENSMFAG00000017693
ENSMUSG00000084435,ENSMFAG00000007366
ENSMUSG00000084435,ENSMFAG00000052141
ENSMUSG00000084435,ENSMFAG00000017588
ENSMUSG00000084435,ENSMFAG00000017242
ENSMUSG00000041264,ENSMFAG00000032370
ENSMUSG00000021764,ENSMFAG00000033089
ENSMUSG00000048655,ENSMFAG00000032877
ENSMUSG00000043639,ENSMFAG00000036795
ENSMUSG00000032333,ENSMFAG00000041162
ENSMUSG00000046994,ENSMFAG00000012275
ENSMUSG00000021765,ENSMFAG00000030825
ENSMUSG00000026246,ENSMFAG00000045144
ENSMUSG00000026246,ENSMFAG00000035415
ENSMUSG00000026246,ENSMFAG00000043456
ENSMUSG00000032334,ENSMFAG00000045513
ENSMUSG00000079508,ENSMFAG00000000489
ENSMUSG00000023960,ENSMFAG00000035447
ENSMUSG00000079440,ENSMFAG00000045144
ENSMUSG00000079440,ENSMFAG00000035415
ENSMUSG00000079440,ENSMFAG00000043456
ENSMUSG00000017167,ENSMFAG00000046099
ENSMUSG00000032135,ENSMFAG00000041611
ENSMUSG00000021614,ENSMFAG00000032675
ENSMUSG00000035759,ENSMFAG00000033883
ENSMUSG00000028033,ENSMFAG00000036978
ENSMUSG00000061759,ENSMFAG00000035717
ENSMUSG00000061759,ENSMFAG00000035719
ENSMUSG00000043542,ENSMFAG00000044759
ENSMUSG00000050382,ENSMFAG00000044171
ENSMUSG00000065494,ENSMFAG00000011710
ENSMUSG00000048399,ENSMFAG00000056922
ENSMUSG00000023961,ENSMFAG00000044542
ENSMUSG00000047804,ENSMFAG00000043260
ENSMUSG00000022498,ENSMFAG00000041632
ENSMUSG00000052387,ENSMFAG00000037990
ENSMUSG00000023010,ENSMFAG00000018634
ENSMUSG00000019767,ENSMFAG00000034314
ENSMUSG00000065371,ENSMFAG00000061037
ENSMUSG00000065371,ENSMFAG00000064378
ENSMUSG00000060701,ENSMFAG00000048717
ENSMUSG00000033233,ENSMFAG00000039230
ENSMUSG00000023959,ENSMFAG00000005042
ENSMUSG00000005682,ENSMFAG00000002293
ENSMUSG00000025429,ENSMFAG00000037150
ENSMUSG00000057914,ENSMFAG00000031605
ENSMUSG00000033295,ENSMFAG00000036907
ENSMUSG00000032839,ENSMFAG00000001111
ENSMUSG00000036500,ENSMFAG00000045144
ENSMUSG00000036500,ENSMFAG00000035415
ENSMUSG00000036500,ENSMFAG00000043456
ENSMUSG00000084450,ENSMFAG00000021473
ENSMUSG00000025151,ENSMFAG00000039711
ENSMUSG00000063889,ENSMFAG00000044046
ENSMUSG00000036533,ENSMFAG00000014850
ENSMUSG00000044052,ENSMFAG00000000870
ENSMUSG00000007564,ENSMFAG00000000132
ENSMUSG00000025977,ENSMFAG00000030962
ENSMUSG00000076451,ENSMFAG00000015915
ENSMUSG00000020395,ENSMFAG00000000719
ENSMUSG00000065526,ENSMFAG00000033522
ENSMUSG00000042700,ENSMFAG00000038037
ENSMUSG00000027794,ENSMFAG00000031914
ENSMUSG00000037965,ENSMFAG00000031501
ENSMUSG00000041328,ENSMFAG00000034679
ENSMUSG00000040329,ENSMFAG00000002965
ENSMUSG00000049775,ENSMFAG00000048017
ENSMUSG00000027500,ENSMFAG00000003646
ENSMUSG00000036244,ENSMFAG00000035270
ENSMUSG00000038349,ENSMFAG00000038838
ENSMUSG00000060063,ENSMFAG00000032586
ENSMUSG00000040522,ENSMFAG00000002437
ENSMUSG00000077713,ENSMFAG00000036491
ENSMUSG00000029406,ENSMFAG00000065561
ENSMUSG00000059939,ENSMFAG00000064009
ENSMUSG00000044583,ENSMFAG00000045577
ENSMUSG00000059263,ENSMFAG00000043486
ENSMUSG00000056211,ENSMFAG00000030331
ENSMUSG00000022105,ENSMFAG00000004544
ENSMUSG00000024087,ENSMFAG00000031004
ENSMUSG00000066607,ENSMFAG00000043049
ENSMUSG00000067942,ENSMFAG00000034454
ENSMUSG00000025742,ENSMFAG00000031505
ENSMUSG00000049493,ENSMFAG00000002207
ENSMUSG00000031176,ENSMFAG00000038542
ENSMUSG00000021615,ENSMFAG00000013259
ENSMUSG00000023009,ENSMFAG00000031813
ENSMUSG00000020401,ENSMFAG00000034384
ENSMUSG00000054453,ENSMFAG00000031961
ENSMUSG00000020397,ENSMFAG00000029781
ENSMUSG00000035914,ENSMFAG00000040825
ENSMUSG00000028565,ENSMFAG00000045828
ENSMUSG00000034997,ENSMFAG00000060544
ENSMUSG00000028064,ENSMFAG00000037487
ENSMUSG00000000308,ENSMFAG00000027932
ENSMUSG00000042323,ENSMFAG00000035585
ENSMUSG00000039153,ENSMFAG00000036650
ENSMUSG00000023022,ENSMFAG00000002376
ENSMUSG00000020399,ENSMFAG00000036143
ENSMUSG00002075582,ENSMFAG00000016805
ENSMUSG00000012422,ENSMFAG00000064295
ENSMUSG00000057551,ENSMFAG00000036858
ENSMUSG00000064565,ENSMFAG00000014260
ENSMUSG00000078924,ENSMFAG00000039778
ENSMUSG00000005846,ENSMFAG00000037288
ENSMUSG00000088308,ENSMFAG00000005242
ENSMUSG00000046974,ENSMFAG00000039778
ENSMUSG00000078958,ENSMFAG00000045507
ENSMUSG00000033498,ENSMFAG00000045628
ENSMUSG00000049176,ENSMFAG00000035360
ENSMUSG00000051118,ENSMFAG00000061840
ENSMUSG00000051118,ENSMFAG00000044718
ENSMUSG00000034342,ENSMFAG00000040139
ENSMUSG00000049517,ENSMFAG00000046092
ENSMUSG00000070080,ENSMFAG00000013933
ENSMUSG00000070072,ENSMFAG00000018690
ENSMUSG00000070076,ENSMFAG00000005000
ENSMUSG00000019768,ENSMFAG00000033966
ENSMUSG00000065520,ENSMFAG00000010969
ENSMUSG00000021619,ENSMFAG00000031807
ENSMUSG00000026247,ENSMFAG00000034405
ENSMUSG00000022510,ENSMFAG00000035702
ENSMUSG00000006920,ENSMFAG00000032160
ENSMUSG00000033486,ENSMFAG00000055204
ENSMUSG00000033486,ENSMFAG00000037924
ENSMUSG00000033486,ENSMFAG00000044589
ENSMUSG00000065433,ENSMFAG00000013518
ENSMUSG00000064452,ENSMFAG00000061125
ENSMUSG00002075266,ENSMFAG00000052016
ENSMUSG00002076155,ENSMFAG00000052109
ENSMUSG00002076195,ENSMFAG00000058750
ENSMUSG00002076690,ENSMFAG00000053024
ENSMUSG00000084691,ENSMFAG00000053024
ENSMUSG00000084549,ENSMFAG00000053024
ENSMUSG00000064496,ENSMFAG00000053024
ENSMUSG00000065013,ENSMFAG00000053024
ENSMUSG00000064621,ENSMFAG00000053024
ENSMUSG00000064417,ENSMFAG00000053024
ENSMUSG00000064679,ENSMFAG00000053024
ENSMUSG00002074888,ENSMFAG00000053024
ENSMUSG00000065757,ENSMFAG00000038199
ENSMUSG00000065757,ENSMFAG00000060112
ENSMUSG00000020671,ENSMFAG00000001674
ENSMUSG00000015536,ENSMFAG00000037730
ENSMUSG00000045350,ENSMFAG00000031313
ENSMUSG00000065749,ENSMFAG00000054531
ENSMUSG00000065749,ENSMFAG00000059535
ENSMUSG00000065749,ENSMFAG00000060627
ENSMUSG00000065749,ENSMFAG00000010667
ENSMUSG00000065749,ENSMFAG00000030431
ENSMUSG00000064487,ENSMFAG00000054531
ENSMUSG00000064487,ENSMFAG00000059535
ENSMUSG00000064487,ENSMFAG00000060627
ENSMUSG00000064487,ENSMFAG00000010667
ENSMUSG00000064487,ENSMFAG00000030431
ENSMUSG00000020668,ENSMFAG00000002881
ENSMUSG00002076514,ENSMFAG00000004723
ENSMUSG00000023025,ENSMFAG00000043681
ENSMUSG00000026707,ENSMFAG00000045602
ENSMUSG00000030643,ENSMFAG00000063424
ENSMUSG00000026353,ENSMFAG00000002817
ENSMUSG00000037486,ENSMFAG00000039252
ENSMUSG00000058254,ENSMFAG00000002802
ENSMUSG00000030772,ENSMFAG00000043096
ENSMUSG00000005683,ENSMFAG00000002143
ENSMUSG00000050803,ENSMFAG00000053134
ENSMUSG00000030546,ENSMFAG00000034321
ENSMUSG00000044454,ENSMFAG00000061840
ENSMUSG00000044454,ENSMFAG00000044718
ENSMUSG00000044106,ENSMFAG00000053134
ENSMUSG00000036480,ENSMFAG00000032418
ENSMUSG00000058491,ENSMFAG00000053134
ENSMUSG00000026589,ENSMFAG00000040538
ENSMUSG00000066897,ENSMFAG00000053134
ENSMUSG00000039914,ENSMFAG00000027584
ENSMUSG00000088236,ENSMFAG00000012832
ENSMUSG00000059623,ENSMFAG00000061840
ENSMUSG00000059623,ENSMFAG00000044718
ENSMUSG00000029659,ENSMFAG00000035649
ENSMUSG00000049028,ENSMFAG00000053134
ENSMUSG00000045519,ENSMFAG00000032217
ENSMUSG00000023026,ENSMFAG00000031797
ENSMUSG00000027248,ENSMFAG00000001972
ENSMUSG00000021219,ENSMFAG00000033074
ENSMUSG00000065825,ENSMFAG00000049157
ENSMUSG00000035045,ENSMFAG00000042237
ENSMUSG00000014498,ENSMFAG00000037030
ENSMUSG00000093661,ENSMFAG00000039909
ENSMUSG00000038954,ENSMFAG00000020326
ENSMUSG00000074269,ENSMFAG00000003031
ENSMUSG00000029660,ENSMFAG00000035671
ENSMUSG00000057421,ENSMFAG00000039204
ENSMUSG00000027246,ENSMFAG00000043418
ENSMUSG00000064883,ENSMFAG00000051253
ENSMUSG00000064883,ENSMFAG00000064149
ENSMUSG00000033253,ENSMFAG00000002743
ENSMUSG00000072875,ENSMFAG00000053255
ENSMUSG00000068748,ENSMFAG00000032576
ENSMUSG00000032409,ENSMFAG00000001151
ENSMUSG00000030545,ENSMFAG00000055282
ENSMUSG00000017418,ENSMFAG00000059466
ENSMUSG00000030641,ENSMFAG00000030789
ENSMUSG00000001240,ENSMFAG00000039009
ENSMUSG00000015533,ENSMFAG00000031678
ENSMUSG00000038126,ENSMFAG00000046071
ENSMUSG00000058799,ENSMFAG00000001457
ENSMUSG00000023932,ENSMFAG00000000812
ENSMUSG00000039099,ENSMFAG00000035737
ENSMUSG00000040413,ENSMFAG00000039778
ENSMUSG00000023935,ENSMFAG00000003881
ENSMUSG00000046110,ENSMFAG00000034158
ENSMUSG00000031207,ENSMFAG00000003717
ENSMUSG00000030544,ENSMFAG00000045799
ENSMUSG00000030543,ENSMFAG00000037257
ENSMUSG00000030069,ENSMFAG00000003820
ENSMUSG00000061119,ENSMFAG00000031062
ENSMUSG00000023938,ENSMFAG00000037353
ENSMUSG00000042284,ENSMFAG00000034671
ENSMUSG00000026354,ENSMFAG00000043296
ENSMUSG00000086564,ENSMFAG00000033865
ENSMUSG00000030149,ENSMFAG00000032496
ENSMUSG00000075520,ENSMFAG00000041109
ENSMUSG00000074884,ENSMFAG00000033890
ENSMUSG00000078656,ENSMFAG00000062659
ENSMUSG00000028563,ENSMFAG00000040223
ENSMUSG00000023949,ENSMFAG00000033042
ENSMUSG00000040269,ENSMFAG00000057020
ENSMUSG00000004031,ENSMFAG00000036550
ENSMUSG00000027864,ENSMFAG00000038301
ENSMUSG00000080374,ENSMFAG00000010690
ENSMUSG00000027245,ENSMFAG00000057677
ENSMUSG00000029778,ENSMFAG00000040314
ENSMUSG00000003992,ENSMFAG00000044245
ENSMUSG00000039062,ENSMFAG00000031450
ENSMUSG00000026251,ENSMFAG00000032629
ENSMUSG00000027863,ENSMFAG00000036150
ENSMUSG00000070306,ENSMFAG00000002514
ENSMUSG00000048222,ENSMFAG00000041549
ENSMUSG00000076066,ENSMFAG00000010580
ENSMUSG00000044206,ENSMFAG00000001866
ENSMUSG00000023032,ENSMFAG00000043127
ENSMUSG00002076552,ENSMFAG00000014625
ENSMUSG00000006392,ENSMFAG00000042006
ENSMUSG00000068479,ENSMFAG00000041549
ENSMUSG00000026355,ENSMFAG00000041102
ENSMUSG00000026748,ENSMFAG00000045260
ENSMUSG00000053368,ENSMFAG00000003580
ENSMUSG00000026356,ENSMFAG00000008693
ENSMUSG00000062203,ENSMFAG00000037675
ENSMUSG00000096847,ENSMFAG00000037645
ENSMUSG00000032338,ENSMFAG00000003272
ENSMUSG00000023947,ENSMFAG00000037930
ENSMUSG00000063801,ENSMFAG00000057910
ENSMUSG00000042331,ENSMFAG00000040315
ENSMUSG00000032105,ENSMFAG00000037313
ENSMUSG00000040363,ENSMFAG00000042404
ENSMUSG00000037089,ENSMFAG00000037986
ENSMUSG00000039043,ENSMFAG00000045494
ENSMUSG00000049044,ENSMFAG00000044653
ENSMUSG00000088432,ENSMFAG00000015899
ENSMUSG00000026253,ENSMFAG00000039032
ENSMUSG00000038244,ENSMFAG00000003872
ENSMUSG00000020205,ENSMFAG00000001119
ENSMUSG00000006398,ENSMFAG00000001542
ENSMUSG00000039878,ENSMFAG00000044988
ENSMUSG00000023944,ENSMFAG00000038525
ENSMUSG00000059475,ENSMFAG00000030946
ENSMUSG00000042275,ENSMFAG00000000651
ENSMUSG00000050982,ENSMFAG00000063310
ENSMUSG00000050982,ENSMFAG00000031976
ENSMUSG00000050982,ENSMFAG00000052009
ENSMUSG00000022496,ENSMFAG00000006954
ENSMUSG00000091650,ENSMFAG00000063310
ENSMUSG00000091650,ENSMFAG00000031976
ENSMUSG00000091650,ENSMFAG00000052009
ENSMUSG00000021620,ENSMFAG00000000202
ENSMUSG00000056602,ENSMFAG00000040039
ENSMUSG00000038168,ENSMFAG00000036104
ENSMUSG00000063334,ENSMFAG00000000042
ENSMUSG00000050014,ENSMFAG00000063310
ENSMUSG00000050014,ENSMFAG00000031976
ENSMUSG00000050014,ENSMFAG00000052009
ENSMUSG00000024231,ENSMFAG00000044478
ENSMUSG00000091694,ENSMFAG00000063310
ENSMUSG00000091694,ENSMFAG00000031976
ENSMUSG00000091694,ENSMFAG00000052009
ENSMUSG00000045382,ENSMFAG00000037063
ENSMUSG00000022512,ENSMFAG00000062691
ENSMUSG00000042258,ENSMFAG00000035949
ENSMUSG00000042581,ENSMFAG00000031342
ENSMUSG00000038148,ENSMFAG00000043262
ENSMUSG00000032109,ENSMFAG00000001931
ENSMUSG00000068246,ENSMFAG00000063310
ENSMUSG00000068246,ENSMFAG00000031976
ENSMUSG00000068246,ENSMFAG00000052009
ENSMUSG00000091972,ENSMFAG00000001349
ENSMUSG00000025374,ENSMFAG00000000354
ENSMUSG00000071669,ENSMFAG00000001788
ENSMUSG00000021621,ENSMFAG00000001943
ENSMUSG00000022443,ENSMFAG00000035156
ENSMUSG00000021156,ENSMFAG00000000418
ENSMUSG00000026401,ENSMFAG00000039131
ENSMUSG00000042035,ENSMFAG00000000910
ENSMUSG00000060510,ENSMFAG00000032036
ENSMUSG00000024242,ENSMFAG00000057192
ENSMUSG00000056888,ENSMFAG00000003978
ENSMUSG00000039377,ENSMFAG00000002500
ENSMUSG00000028164,ENSMFAG00000036571
ENSMUSG00000032340,ENSMFAG00000014361
ENSMUSG00000065979,ENSMFAG00000037094
ENSMUSG00000026254,ENSMFAG00000002558
ENSMUSG00000026254,ENSMFAG00000056494
ENSMUSG00000071454,ENSMFAG00000038698
ENSMUSG00000072872,ENSMFAG00000049247
ENSMUSG00000020213,ENSMFAG00000031259
ENSMUSG00000005354,ENSMFAG00000034407
ENSMUSG00000053175,ENSMFAG00000061427
ENSMUSG00000022494,ENSMFAG00000038079
ENSMUSG00000112611,ENSMFAG00000031259
ENSMUSG00000025576,ENSMFAG00000002247
ENSMUSG00000025373,ENSMFAG00000001215
ENSMUSG00000029695,ENSMFAG00000038411
ENSMUSG00000016552,ENSMFAG00000046365
ENSMUSG00000056586,ENSMFAG00000061082
ENSMUSG00000014686,ENSMFAG00000040382
ENSMUSG00000022514,ENSMFAG00000039646
ENSMUSG00000029095,ENSMFAG00000033256
ENSMUSG00000048897,ENSMFAG00000035746
ENSMUSG00000024232,ENSMFAG00000037543
ENSMUSG00000033161,ENSMFAG00000034219
ENSMUSG00000024233,ENSMFAG00000043891
ENSMUSG00000024233,ENSMFAG00000029276
ENSMUSG00000016554,ENSMFAG00000000481
ENSMUSG00000033960,ENSMFAG00000001494
ENSMUSG00000037984,ENSMFAG00000025612
ENSMUSG00000024217,ENSMFAG00000030525
ENSMUSG00000096054,ENSMFAG00000037479
ENSMUSG00000029697,ENSMFAG00000034053
ENSMUSG00000024236,ENSMFAG00000049898
ENSMUSG00000024236,ENSMFAG00000000835
ENSMUSG00000037973,ENSMFAG00000000805
ENSMUSG00000034457,ENSMFAG00000000072
ENSMUSG00000044313,ENSMFAG00000042466
ENSMUSG00000024245,ENSMFAG00000033305
ENSMUSG00000049848,ENSMFAG00000028788
ENSMUSG00000024246,ENSMFAG00000031464
ENSMUSG00000002930,ENSMFAG00000002182
ENSMUSG00000019146,ENSMFAG00000034357
ENSMUSG00000035378,ENSMFAG00000039148
ENSMUSG00000030770,ENSMFAG00000042761
ENSMUSG00000028063,ENSMFAG00000045463
ENSMUSG00000016637,ENSMFAG00000045204
ENSMUSG00000046532,ENSMFAG00000042543
ENSMUSG00000039512,ENSMFAG00000000555
ENSMUSG00000027242,ENSMFAG00000045762
ENSMUSG00000000787,ENSMFAG00000034876
ENSMUSG00000005716,ENSMFAG00000043667
ENSMUSG00000006389,ENSMFAG00000015202
ENSMUSG00000066892,ENSMFAG00000042424
ENSMUSG00000022545,ENSMFAG00000043059
ENSMUSG00000071715,ENSMFAG00000003343
ENSMUSG00000024218,ENSMFAG00000035760
ENSMUSG00000040511,ENSMFAG00000039744
ENSMUSG00000088318,ENSMFAG00000004130
ENSMUSG00000073730,ENSMFAG00000039662
ENSMUSG00000073730,ENSMFAG00000028668
ENSMUSG00000031214,ENSMFAG00000041327
ENSMUSG00000025236,ENSMFAG00000039757
ENSMUSG00000025236,ENSMFAG00000062379
ENSMUSG00000065405,ENSMFAG00000009008
ENSMUSG00000065567,ENSMFAG00000006138
ENSMUSG00000026255,ENSMFAG00000053244
ENSMUSG00000024247,ENSMFAG00000003585
ENSMUSG00000071714,ENSMFAG00000044262
ENSMUSG00000068428,ENSMFAG00000031832
ENSMUSG00000040498,ENSMFAG00000003377
ENSMUSG00000026158,ENSMFAG00000031290
ENSMUSG00000088410,ENSMFAG00000005768
ENSMUSG00000024219,ENSMFAG00000003052
ENSMUSG00000030541,ENSMFAG00000038291
ENSMUSG00000026156,ENSMFAG00000064443
ENSMUSG00000035692,ENSMFAG00000041386
ENSMUSG00000052276,ENSMFAG00000054957
ENSMUSG00000078486,ENSMFAG00000055329
ENSMUSG00000032131,ENSMFAG00000046033
ENSMUSG00000053702,ENSMFAG00000042804
ENSMUSG00000033191,ENSMFAG00000002847
ENSMUSG00000056423,ENSMFAG00000037124
ENSMUSG00000073481,ENSMFAG00000032804
ENSMUSG00000009569,ENSMFAG00000003274
ENSMUSG00000022986,ENSMFAG00000031608
ENSMUSG00000070777,ENSMFAG00000044764
ENSMUSG00000018500,ENSMFAG00000008111
ENSMUSG00000067610,ENSMFAG00000002098
ENSMUSG00000067610,ENSMFAG00000039052
ENSMUSG00000095241,ENSMFAG00000037676
ENSMUSG00000040405,ENSMFAG00000039778
ENSMUSG00000039349,ENSMFAG00000065552
ENSMUSG00000043932,ENSMFAG00000002098
ENSMUSG00000043932,ENSMFAG00000039052
ENSMUSG00000033147,ENSMFAG00000042672
ENSMUSG00000047694,ENSMFAG00000040579
ENSMUSG00000026587,ENSMFAG00000003043
ENSMUSG00000071713,ENSMFAG00000044262
ENSMUSG00000035357,ENSMFAG00000000986
ENSMUSG00000048078,ENSMFAG00000058364
ENSMUSG00000076972,ENSMFAG00000005584
ENSMUSG00000065449,ENSMFAG00000009339
ENSMUSG00000022685,ENSMFAG00000044852
ENSMUSG00000028536,ENSMFAG00000003586
ENSMUSG00000031216,ENSMFAG00000046242
ENSMUSG00000074480,ENSMFAG00000000628
ENSMUSG00000048540,ENSMFAG00000057471
ENSMUSG00000004085,ENSMFAG00000001160
ENSMUSG00000050854,ENSMFAG00000061336
ENSMUSG00000030075,ENSMFAG00000045446
ENSMUSG00000008601,ENSMFAG00000000115
ENSMUSG00000095567,ENSMFAG00000032890
ENSMUSG00000014243,ENSMFAG00000045902
ENSMUSG00000025235,ENSMFAG00000039973
ENSMUSG00000028062,ENSMFAG00000018166
ENSMUSG00000055546,ENSMFAG00000044327
ENSMUSG00000031217,ENSMFAG00000043144
ENSMUSG00000027506,ENSMFAG00000031459
ENSMUSG00000034403,ENSMFAG00000047349
ENSMUSG00000046697,ENSMFAG00000001566
ENSMUSG00000019969,ENSMFAG00000000113
ENSMUSG00000022682,ENSMFAG00000037314
ENSMUSG00000028730,ENSMFAG00000040741
ENSMUSG00000089288,ENSMFAG00000009136
ENSMUSG00000089288,ENSMFAG00000007229
ENSMUSG00000025577,ENSMFAG00000048785
ENSMUSG00000071719,ENSMFAG00000044685
ENSMUSG00000067599,ENSMFAG00000037849
ENSMUSG00000059327,ENSMFAG00000042139
ENSMUSG00000035694,ENSMFAG00000038272
ENSMUSG00000038127,ENSMFAG00000034097
ENSMUSG00000035112,ENSMFAG00000000864
ENSMUSG00000035493,ENSMFAG00000039509
ENSMUSG00000058351,ENSMFAG00000045064
ENSMUSG00000070235,ENSMFAG00000009360
ENSMUSG00000070235,ENSMFAG00000056551
ENSMUSG00000070235,ENSMFAG00000005650
ENSMUSG00000021996,ENSMFAG00000035557
ENSMUSG00000028729,ENSMFAG00000037826
ENSMUSG00000020657,ENSMFAG00000061704
ENSMUSG00000062859,ENSMFAG00000003878
ENSMUSG00000061527,ENSMFAG00000037676
ENSMUSG00000032410,ENSMFAG00000032599
ENSMUSG00000042507,ENSMFAG00000034140
ENSMUSG00000062154,ENSMFAG00000037835
ENSMUSG00000046916,ENSMFAG00000055463
ENSMUSG00000020354,ENSMFAG00000032111
ENSMUSG00000019772,ENSMFAG00000040930
ENSMUSG00000035681,ENSMFAG00000032844
ENSMUSG00000017188,ENSMFAG00000045541
ENSMUSG00000055612,ENSMFAG00000033844
ENSMUSG00000065804,ENSMFAG00000014260
ENSMUSG00000025578,ENSMFAG00000048487
ENSMUSG00000051879,ENSMFAG00000035546
ENSMUSG00000072946,ENSMFAG00000045904
ENSMUSG00000019773,ENSMFAG00000042214
ENSMUSG00000044986,ENSMFAG00000038470
ENSMUSG00000042298,ENSMFAG00000036185
ENSMUSG00000019774,ENSMFAG00000039727
ENSMUSG00000071711,ENSMFAG00000051065
ENSMUSG00000072718,ENSMFAG00000037849
ENSMUSG00000030077,ENSMFAG00000040804
ENSMUSG00000019775,ENSMFAG00000039353
ENSMUSG00000060508,ENSMFAG00000031822
ENSMUSG00000028645,ENSMFAG00000031833
ENSMUSG00000014850,ENSMFAG00000043794
ENSMUSG00000063661,ENSMFAG00000044971
ENSMUSG00000026740,ENSMFAG00000004029
ENSMUSG00000071547,ENSMFAG00000004068
ENSMUSG00000078653,ENSMFAG00000040185
ENSMUSG00000031220,ENSMFAG00000003948
ENSMUSG00000027861,ENSMFAG00000042482
ENSMUSG00000050663,ENSMFAG00000044278
ENSMUSG00000030539,ENSMFAG00000034089
ENSMUSG00000046834,ENSMFAG00000001078
ENSMUSG00000022681,ENSMFAG00000036951
ENSMUSG00000039976,ENSMFAG00000032537
ENSMUSG00000031012,ENSMFAG00000058195
ENSMUSG00000031012,ENSMFAG00000035536
ENSMUSG00000067594,ENSMFAG00000044745
ENSMUSG00000032624,ENSMFAG00000043115
ENSMUSG00000008604,ENSMFAG00000031866
ENSMUSG00000045268,ENSMFAG00000002872
ENSMUSG00000027620,ENSMFAG00000042593
ENSMUSG00000027620,ENSMFAG00000059305
ENSMUSG00000070103,ENSMFAG00000009243
ENSMUSG00000026620,ENSMFAG00000039269
ENSMUSG00000119363,ENSMFAG00000008802
ENSMUSG00000119363,ENSMFAG00000064514
ENSMUSG00000119363,ENSMFAG00000034022
ENSMUSG00000006764,ENSMFAG00000035804
ENSMUSG00000061859,ENSMFAG00000044826
ENSMUSG00000020654,ENSMFAG00000038483
ENSMUSG00000075402,ENSMFAG00000000993
ENSMUSG00000035086,ENSMFAG00000032400
ENSMUSG00000020130,ENSMFAG00000000077
ENSMUSG00000069114,ENSMFAG00000032056
ENSMUSG00000021707,ENSMFAG00000054542
ENSMUSG00000021707,ENSMFAG00000045536
ENSMUSG00000068015,ENSMFAG00000032767
ENSMUSG00000059668,ENSMFAG00000000980
ENSMUSG00000041355,ENSMFAG00000040060
ENSMUSG00000076143,ENSMFAG00000010709
ENSMUSG00000026155,ENSMFAG00000032465
ENSMUSG00000070084,ENSMFAG00000011866
ENSMUSG00000063672,ENSMFAG00000039180
ENSMUSG00000021540,ENSMFAG00000039447
ENSMUSG00000022523,ENSMFAG00000036517
ENSMUSG00000031545,ENSMFAG00000003498
ENSMUSG00000061397,ENSMFAG00000007357
ENSMUSG00000040209,ENSMFAG00000035658
ENSMUSG00000050463,ENSMFAG00000042246
ENSMUSG00000050945,ENSMFAG00000042685
ENSMUSG00000051065,ENSMFAG00000032253
ENSMUSG00000020132,ENSMFAG00000044317
ENSMUSG00000022525,ENSMFAG00000039474
ENSMUSG00000049382,ENSMFAG00000040972
ENSMUSG00000049382,ENSMFAG00000036902
ENSMUSG00000049382,ENSMFAG00000053800
ENSMUSG00000049382,ENSMFAG00000042123
ENSMUSG00000031546,ENSMFAG00000002972
ENSMUSG00000006740,ENSMFAG00000003386
ENSMUSG00000018995,ENSMFAG00000033477
ENSMUSG00000015341,ENSMFAG00000032651
ENSMUSG00000025369,ENSMFAG00000031029
ENSMUSG00000026154,ENSMFAG00000044658
ENSMUSG00000027508,ENSMFAG00000057813
ENSMUSG00000022680,ENSMFAG00000037365
ENSMUSG00000023043,ENSMFAG00000033049
ENSMUSG00000023043,ENSMFAG00000065351
ENSMUSG00000023043,ENSMFAG00000030362
ENSMUSG00000023043,ENSMFAG00000005730
ENSMUSG00000023043,ENSMFAG00000055281
ENSMUSG00000023043,ENSMFAG00000043037
ENSMUSG00000023043,ENSMFAG00000050053
ENSMUSG00000032171,ENSMFAG00000039816
ENSMUSG00000021725,ENSMFAG00000002798
ENSMUSG00000073530,ENSMFAG00000040580
ENSMUSG00000032119,ENSMFAG00000035740
ENSMUSG00000058655,ENSMFAG00000033728
ENSMUSG00000027859,ENSMFAG00000060447
ENSMUSG00000039963,ENSMFAG00000032264
ENSMUSG00000031548,ENSMFAG00000035564
ENSMUSG00000030538,ENSMFAG00000002360
ENSMUSG00000037492,ENSMFAG00000043475
ENSMUSG00000028163,ENSMFAG00000036555
ENSMUSG00000042286,ENSMFAG00000045138
ENSMUSG00000119108,ENSMFAG00000016783
ENSMUSG00000032172,ENSMFAG00000002640
ENSMUSG00000040782,ENSMFAG00000035358
ENSMUSG00000067591,ENSMFAG00000037849
ENSMUSG00000037003,ENSMFAG00000032151
ENSMUSG00000024240,ENSMFAG00000038306
ENSMUSG00000079853,ENSMFAG00000037849
ENSMUSG00000025234,ENSMFAG00000037344
ENSMUSG00000056313,ENSMFAG00000007134
ENSMUSG00000031549,ENSMFAG00000041471
ENSMUSG00000000631,ENSMFAG00000036928
ENSMUSG00000050973,ENSMFAG00000023109
ENSMUSG00000031551,ENSMFAG00000001509
ENSMUSG00000004508,ENSMFAG00000003506
ENSMUSG00000020652,ENSMFAG00000031589
ENSMUSG00000030187,ENSMFAG00000037849
ENSMUSG00000005534,ENSMFAG00000041609
ENSMUSG00000039318,ENSMFAG00000035771
ENSMUSG00000030092,ENSMFAG00000001088
ENSMUSG00000024978,ENSMFAG00000032340
ENSMUSG00000035713,ENSMFAG00000001255
ENSMUSG00000025232,ENSMFAG00000034142
ENSMUSG00000056608,ENSMFAG00000041354
ENSMUSG00000096199,ENSMFAG00000040267
ENSMUSG00000042472,ENSMFAG00000000428
ENSMUSG00000048939,ENSMFAG00000040211
ENSMUSG00000045467,ENSMFAG00000000742
ENSMUSG00000073639,ENSMFAG00000006430
ENSMUSG00000041440,ENSMFAG00000039065
ENSMUSG00000038116,ENSMFAG00000044861
ENSMUSG00000031221,ENSMFAG00000052575
ENSMUSG00000031221,ENSMFAG00000037720
ENSMUSG00000031221,ENSMFAG00000027071
ENSMUSG00000061013,ENSMFAG00000048058
ENSMUSG00000045034,ENSMFAG00000028493
ENSMUSG00000044952,ENSMFAG00000060342
ENSMUSG00000047084,ENSMFAG00000045785
ENSMUSG00000067597,ENSMFAG00000034189
ENSMUSG00000027533,ENSMFAG00000043424
ENSMUSG00000027533,ENSMFAG00000063779
ENSMUSG00000027533,ENSMFAG00000041668
ENSMUSG00000061802,ENSMFAG00000038877
ENSMUSG00000035704,ENSMFAG00000002110
ENSMUSG00000034334,ENSMFAG00000042443
ENSMUSG00000041147,ENSMFAG00000041961
ENSMUSG00000021997,ENSMFAG00000033245
ENSMUSG00000049230,ENSMFAG00000046361
ENSMUSG00000040229,ENSMFAG00000031644
ENSMUSG00000052468,ENSMFAG00000044728
ENSMUSG00000021728,ENSMFAG00000003525
ENSMUSG00000027528,ENSMFAG00000034591
ENSMUSG00000021998,ENSMFAG00000036326
ENSMUSG00000046229,ENSMFAG00000058122
ENSMUSG00000047678,ENSMFAG00000023715
ENSMUSG00000030188,ENSMFAG00000053044
ENSMUSG00000030188,ENSMFAG00000003846
ENSMUSG00000030188,ENSMFAG00000002151
ENSMUSG00000024979,ENSMFAG00000036424
ENSMUSG00000015665,ENSMFAG00000030435
ENSMUSG00000062515,ENSMFAG00000038597
ENSMUSG00000030647,ENSMFAG00000030802
ENSMUSG00000069520,ENSMFAG00000033955
ENSMUSG00000035686,ENSMFAG00000060688
ENSMUSG00000027858,ENSMFAG00000039698
ENSMUSG00000004098,ENSMFAG00000043985
ENSMUSG00000051727,ENSMFAG00000030889
ENSMUSG00002075146,ENSMFAG00000006573
ENSMUSG00000063558,ENSMFAG00000036889
ENSMUSG00000118898,ENSMFAG00000057204
ENSMUSG00001118666,ENSMFAG00000008932
ENSMUSG00000025037,ENSMFAG00000041722
ENSMUSG00000057440,ENSMFAG00000044798
ENSMUSG00000032899,ENSMFAG00000031360
ENSMUSG00000021234,ENSMFAG00000038086
ENSMUSG00000023942,ENSMFAG00000038090
ENSMUSG00000060890,ENSMFAG00000001019
ENSMUSG00000030534,ENSMFAG00000033165
ENSMUSG00000024981,ENSMFAG00000001207
ENSMUSG00000053897,ENSMFAG00000031938
ENSMUSG00000021730,ENSMFAG00000031844
ENSMUSG00000030189,ENSMFAG00000039369
ENSMUSG00000020647,ENSMFAG00000046147
ENSMUSG00000021703,ENSMFAG00000046004
ENSMUSG00000022679,ENSMFAG00000038161
ENSMUSG00000026153,ENSMFAG00000002013
ENSMUSG00000036966,ENSMFAG00000033467
ENSMUSG00000032120,ENSMFAG00000016924
ENSMUSG00000118914,ENSMFAG00000020783
ENSMUSG00000088482,ENSMFAG00000024420
ENSMUSG00000088482,ENSMFAG00000014938
ENSMUSG00000088482,ENSMFAG00000004447
ENSMUSG00000088482,ENSMFAG00000036483
ENSMUSG00000021731,ENSMFAG00000037068
ENSMUSG00000041132,ENSMFAG00000002717
ENSMUSG00000040147,ENSMFAG00000040990
ENSMUSG00000020137,ENSMFAG00000056975
ENSMUSG00000034163,ENSMFAG00000039403
ENSMUSG00000024982,ENSMFAG00000041749
ENSMUSG00000021702,ENSMFAG00000033394
ENSMUSG00000029094,ENSMFAG00000039822
ENSMUSG00000038094,ENSMFAG00000033333
ENSMUSG00000023046,ENSMFAG00000000085
ENSMUSG00000095577,ENSMFAG00000064690
ENSMUSG00000095577,ENSMFAG00000063217
ENSMUSG00000094113,ENSMFAG00000064690
ENSMUSG00000094113,ENSMFAG00000063217
ENSMUSG00000027857,ENSMFAG00000000330
ENSMUSG00000023045,ENSMFAG00000033078
ENSMUSG00000054497,ENSMFAG00000051492
ENSMUSG00000053389,ENSMFAG00000051503
ENSMUSG00000057754,ENSMFAG00000051503
ENSMUSG00000061977,ENSMFAG00000051503
ENSMUSG00000051153,ENSMFAG00000051503
ENSMUSG00000015668,ENSMFAG00000038177
ENSMUSG00000063478,ENSMFAG00000051503
ENSMUSG00000021704,ENSMFAG00000003503
ENSMUSG00000004347,ENSMFAG00000046067
ENSMUSG00000025133,ENSMFAG00000020209
ENSMUSG00000027530,ENSMFAG00000045988
ENSMUSG00000033099,ENSMFAG00000006832
ENSMUSG00000021732,ENSMFAG00000003698
ENSMUSG00000091722,ENSMFAG00000000091
ENSMUSG00000034913,ENSMFAG00000039854
ENSMUSG00000040138,ENSMFAG00000000487
ENSMUSG00000021541,ENSMFAG00000001536
ENSMUSG00000025038,ENSMFAG00000032590
ENSMUSG00000023044,ENSMFAG00000031711
ENSMUSG00000029655,ENSMFAG00000007968
ENSMUSG00000022002,ENSMFAG00000044485
ENSMUSG00000027531,ENSMFAG00000031108
ENSMUSG00000090841,ENSMFAG00000030042
ENSMUSG00000064394,ENSMFAG00000064654
ENSMUSG00000053773,ENSMFAG00000042121
ENSMUSG00000034893,ENSMFAG00000033101
ENSMUSG00000034311,ENSMFAG00000037167
ENSMUSG00000032123,ENSMFAG00000033397
ENSMUSG00000064822,ENSMFAG00000008120
ENSMUSG00000024283,ENSMFAG00000001983
ENSMUSG00000049932,ENSMFAG00000061491
ENSMUSG00000025040,ENSMFAG00000034229
ENSMUSG00000025040,ENSMFAG00000043582
ENSMUSG00000038930,ENSMFAG00000044068
ENSMUSG00000032297,ENSMFAG00000002682
ENSMUSG00000037922,ENSMFAG00000041462
ENSMUSG00002075876,ENSMFAG00000005435
ENSMUSG00000022003,ENSMFAG00000035809
ENSMUSG00000015829,ENSMFAG00000038286
ENSMUSG00000029198,ENSMFAG00000059933
ENSMUSG00002076270,ENSMFAG00000007824
ENSMUSG00000020640,ENSMFAG00000041820
ENSMUSG00000027108,ENSMFAG00000044124
ENSMUSG00000029196,ENSMFAG00000002501
ENSMUSG00000025043,ENSMFAG00000048626
ENSMUSG00000019359,ENSMFAG00000037742
ENSMUSG00000038023,ENSMFAG00000039847
ENSMUSG00000031552,ENSMFAG00000054129
ENSMUSG00000031552,ENSMFAG00000035678
ENSMUSG00000047419,ENSMFAG00000000649
ENSMUSG00000028644,ENSMFAG00000025183
ENSMUSG00000035642,ENSMFAG00000034422
ENSMUSG00000027855,ENSMFAG00000043913
ENSMUSG00000039824,ENSMFAG00000043999
ENSMUSG00000056222,ENSMFAG00000039910
ENSMUSG00000065147,ENSMFAG00000005768
ENSMUSG00000067995,ENSMFAG00000015620
ENSMUSG00000020140,ENSMFAG00000037729
ENSMUSG00000000881,ENSMFAG00000036638
ENSMUSG00000046523,ENSMFAG00000038976
ENSMUSG00000024983,ENSMFAG00000048356
ENSMUSG00000090394,ENSMFAG00000051710
ENSMUSG00000031666,ENSMFAG00000039132
ENSMUSG00000022009,ENSMFAG00000033059
ENSMUSG00000032126,ENSMFAG00000032079
ENSMUSG00000042167,ENSMFAG00000039561
ENSMUSG00000021815,ENSMFAG00000001614
ENSMUSG00000024843,ENSMFAG00000032927
ENSMUSG00000021910,ENSMFAG00000029268
ENSMUSG00002074914,ENSMFAG00000004355
ENSMUSG00002074914,ENSMFAG00000014664
ENSMUSG00000038011,ENSMFAG00000002950
ENSMUSG00000035623,ENSMFAG00000001930
ENSMUSG00000038085,ENSMFAG00000044530
ENSMUSG00000034127,ENSMFAG00000038436
ENSMUSG00000038084,ENSMFAG00000038307
ENSMUSG00000027797,ENSMFAG00000030114
ENSMUSG00000087166,ENSMFAG00000031887
ENSMUSG00000045693,ENSMFAG00000042923
ENSMUSG00000028643,ENSMFAG00000056796
ENSMUSG00000055320,ENSMFAG00000031197
ENSMUSG00000025366,ENSMFAG00000035482
ENSMUSG00000021311,ENSMFAG00000031925
ENSMUSG00000046897,ENSMFAG00000051716
ENSMUSG00000068859,ENSMFAG00000035384
ENSMUSG00000026618,ENSMFAG00000000345
ENSMUSG00000035407,ENSMFAG00000032159
ENSMUSG00000037369,ENSMFAG00000045817
ENSMUSG00000001750,ENSMFAG00000030577
ENSMUSG00000078584,ENSMFAG00000034667
ENSMUSG00000037979,ENSMFAG00000040841
ENSMUSG00000079215,ENSMFAG00000030650
ENSMUSG00000001281,ENSMFAG00000044578
ENSMUSG00000028642,ENSMFAG00000040274
ENSMUSG00000060176,ENSMFAG00000041308
ENSMUSG00000008226,ENSMFAG00000042925
ENSMUSG00000032127,ENSMFAG00000036620
ENSMUSG00000028560,ENSMFAG00000043530
ENSMUSG00000037962,ENSMFAG00000053949
ENSMUSG00000001288,ENSMFAG00000016523
ENSMUSG00000033209,ENSMFAG00000003842
ENSMUSG00000037683,ENSMFAG00000039311
ENSMUSG00000065562,ENSMFAG00000012818
ENSMUSG00000026725,ENSMFAG00000001813
ENSMUSG00000021550,ENSMFAG00000041147
ENSMUSG00000052374,ENSMFAG00000041700
ENSMUSG00000028753,ENSMFAG00000031936
ENSMUSG00000069633,ENSMFAG00000032881
ENSMUSG00000025237,ENSMFAG00000000225
ENSMUSG00000039810,ENSMFAG00000027256
ENSMUSG00000036855,ENSMFAG00000031831
ENSMUSG00000034021,ENSMFAG00000037386
ENSMUSG00000024286,ENSMFAG00000045751
ENSMUSG00000031553,ENSMFAG00000035987
ENSMUSG00000033088,ENSMFAG00000028669
ENSMUSG00000059734,ENSMFAG00000035405
ENSMUSG00000023094,ENSMFAG00000031998
ENSMUSG00002074957,ENSMFAG00000006469
ENSMUSG00000028641,ENSMFAG00000042833
ENSMUSG00000079177,ENSMFAG00000001199
ENSMUSG00000007617,ENSMFAG00000001337
ENSMUSG00000026735,ENSMFAG00000031191
ENSMUSG00000025364,ENSMFAG00000042571
ENSMUSG00000025364,ENSMFAG00000030240
ENSMUSG00000060227,ENSMFAG00000035587
ENSMUSG00000060227,ENSMFAG00000030145
ENSMUSG00000050996,ENSMFAG00000055277
ENSMUSG00000036103,ENSMFAG00000000357
ENSMUSG00000050545,ENSMFAG00000031377
ENSMUSG00000037358,ENSMFAG00000035756
ENSMUSG00000089054,ENSMFAG00000065627
ENSMUSG00000089054,ENSMFAG00000004589
ENSMUSG00000024287,ENSMFAG00000041520
ENSMUSG00000077277,ENSMFAG00000005813
ENSMUSG00000040340,ENSMFAG00000001714
ENSMUSG00000037347,ENSMFAG00000057067
ENSMUSG00000009670,ENSMFAG00000037625
ENSMUSG00000018166,ENSMFAG00000040171
ENSMUSG00000119679,ENSMFAG00000065071
ENSMUSG00000020639,ENSMFAG00000026171
ENSMUSG00000026617,ENSMFAG00000003970
ENSMUSG00000031667,ENSMFAG00000044514
ENSMUSG00000037263,ENSMFAG00000044295
ENSMUSG00000037361,ENSMFAG00000038178
ENSMUSG00000091898,ENSMFAG00000034519
ENSMUSG00000075296,ENSMFAG00000044295
ENSMUSG00000020635,ENSMFAG00000003240
ENSMUSG00000024866,ENSMFAG00000046339
ENSMUSG00000022010,ENSMFAG00000003381
ENSMUSG00000051721,ENSMFAG00000031254
ENSMUSG00000058267,ENSMFAG00000048388
ENSMUSG00000058267,ENSMFAG00000044095
ENSMUSG00000037336,ENSMFAG00000031201
ENSMUSG00000026734,ENSMFAG00000033328
ENSMUSG00000025362,ENSMFAG00000059759
ENSMUSG00000014226,ENSMFAG00000000624
ENSMUSG00000014226,ENSMFAG00000054907
ENSMUSG00000002578,ENSMFAG00000002625
ENSMUSG00000022533,ENSMFAG00000039232
ENSMUSG00000042942,ENSMFAG00000037135
ENSMUSG00000074881,ENSMFAG00000036878
ENSMUSG00000027253,ENSMFAG00000003482
ENSMUSG00000079554,ENSMFAG00000034555
ENSMUSG00000021904,ENSMFAG00000031594
ENSMUSG00000091625,ENSMFAG00000038508
ENSMUSG00000024248,ENSMFAG00000044316
ENSMUSG00000060412,ENSMFAG00000058356
ENSMUSG00000056901,ENSMFAG00000058356
ENSMUSG00000033282,ENSMFAG00000043106
ENSMUSG00000029787,ENSMFAG00000030881
ENSMUSG00000021816,ENSMFAG00000032663
ENSMUSG00000045053,ENSMFAG00000060305
ENSMUSG00000037916,ENSMFAG00000038730
ENSMUSG00000037341,ENSMFAG00000044322
ENSMUSG00000020634,ENSMFAG00000038617
ENSMUSG00000026147,ENSMFAG00000031890
ENSMUSG00000055817,ENSMFAG00000037713
ENSMUSG00000032411,ENSMFAG00000040035
ENSMUSG00000049858,ENSMFAG00000039926
ENSMUSG00000089541,ENSMFAG00000014496
ENSMUSG00000045094,ENSMFAG00000040761
ENSMUSG00000000711,ENSMFAG00000029992
ENSMUSG00000059486,ENSMFAG00000045193
ENSMUSG00000066058,ENSMFAG00000019445
ENSMUSG00000025358,ENSMFAG00000044700
ENSMUSG00000041762,ENSMFAG00000035341
ENSMUSG00000052812,ENSMFAG00000045919
ENSMUSG00000029781,ENSMFAG00000032555
ENSMUSG00000031554,ENSMFAG00000044676
ENSMUSG00000024576,ENSMFAG00000030995
ENSMUSG00000022537,ENSMFAG00000029965
ENSMUSG00000050017,ENSMFAG00000001730
ENSMUSG00000087780,ENSMFAG00000061513
ENSMUSG00000020627,ENSMFAG00000002617
ENSMUSG00000064293,ENSMFAG00000031919
ENSMUSG00000021690,ENSMFAG00000044839
ENSMUSG00000060803,ENSMFAG00000032564
ENSMUSG00000006378,ENSMFAG00000000506
ENSMUSG00000058488,ENSMFAG00000035814
ENSMUSG00000025359,ENSMFAG00000041480
ENSMUSG00000038943,ENSMFAG00000040819
ENSMUSG00000064659,ENSMFAG00000007923
ENSMUSG00000036782,ENSMFAG00000043732
ENSMUSG00000037669,ENSMFAG00000036499
ENSMUSG00000074768,ENSMFAG00000030260
ENSMUSG00000060288,ENSMFAG00000047206
ENSMUSG00000016128,ENSMFAG00000044541
ENSMUSG00000038155,ENSMFAG00000032564
ENSMUSG00000025357,ENSMFAG00000042903
ENSMUSG00000033055,ENSMFAG00000042331
ENSMUSG00000027536,ENSMFAG00000026066
ENSMUSG00000050244,ENSMFAG00000044672
ENSMUSG00000028161,ENSMFAG00000003655
ENSMUSG00000024857,ENSMFAG00000003212
ENSMUSG00000022538,ENSMFAG00000039903
ENSMUSG00000033047,ENSMFAG00000040574
ENSMUSG00000064030,ENSMFAG00000003048
ENSMUSG00000000673,ENSMFAG00000000346
ENSMUSG00000036769,ENSMFAG00000001942
ENSMUSG00000028864,ENSMFAG00000034472
ENSMUSG00000025355,ENSMFAG00000002663
ENSMUSG00000092974,ENSMFAG00000054153
ENSMUSG00000092974,ENSMFAG00000057446
ENSMUSG00000092974,ENSMFAG00000053991
ENSMUSG00000092974,ENSMFAG00000057264
ENSMUSG00000092974,ENSMFAG00000049625
ENSMUSG00000092974,ENSMFAG00000053493
ENSMUSG00000092974,ENSMFAG00000049223
ENSMUSG00000092974,ENSMFAG00000051935
ENSMUSG00000092974,ENSMFAG00000059118
ENSMUSG00000092974,ENSMFAG00000065457
ENSMUSG00000092974,ENSMFAG00000050158
ENSMUSG00000092974,ENSMFAG00000051070
ENSMUSG00000092974,ENSMFAG00000052550
ENSMUSG00000092974,ENSMFAG00000052958
ENSMUSG00000092974,ENSMFAG00000054989
ENSMUSG00000092974,ENSMFAG00000054533
ENSMUSG00000092974,ENSMFAG00000054195
ENSMUSG00000092974,ENSMFAG00000052514
ENSMUSG00000092974,ENSMFAG00000051186
ENSMUSG00000092974,ENSMFAG00000060984
ENSMUSG00000092974,ENSMFAG00000055372
ENSMUSG00000092974,ENSMFAG00000055397
ENSMUSG00000092974,ENSMFAG00000054043
ENSMUSG00000092974,ENSMFAG00000048918
ENSMUSG00000092974,ENSMFAG00000061312
ENSMUSG00000092974,ENSMFAG00000054682
ENSMUSG00000092974,ENSMFAG00000052919
ENSMUSG00000092974,ENSMFAG00000063332
ENSMUSG00000092974,ENSMFAG00000058940
ENSMUSG00000092974,ENSMFAG00000063774
ENSMUSG00000092974,ENSMFAG00000062164
ENSMUSG00000092974,ENSMFAG00000065208
ENSMUSG00000092974,ENSMFAG00000053835
ENSMUSG00000092974,ENSMFAG00000064710
ENSMUSG00000092974,ENSMFAG00000047778
ENSMUSG00000092974,ENSMFAG00000060777
ENSMUSG00000092974,ENSMFAG00000057142
ENSMUSG00000092974,ENSMFAG00000056506
ENSMUSG00000092974,ENSMFAG00000048951
ENSMUSG00000092974,ENSMFAG00000064718
ENSMUSG00000092974,ENSMFAG00000057710
ENSMUSG00000092974,ENSMFAG00000058161
ENSMUSG00000092974,ENSMFAG00000054959
ENSMUSG00000092974,ENSMFAG00000060270
ENSMUSG00000092974,ENSMFAG00000056682
ENSMUSG00000092974,ENSMFAG00000058780
ENSMUSG00000092974,ENSMFAG00000060362
ENSMUSG00000033039,ENSMFAG00000040539
ENSMUSG00000045817,ENSMFAG00000063384
ENSMUSG00000024251,ENSMFAG00000015722
ENSMUSG00000027534,ENSMFAG00000044735
ENSMUSG00000021902,ENSMFAG00000044611
ENSMUSG00000024856,ENSMFAG00000033158
ENSMUSG00000025354,ENSMFAG00000040360
ENSMUSG00000037660,ENSMFAG00000049809
ENSMUSG00000020605,ENSMFAG00000005189
ENSMUSG00000020605,ENSMFAG00000047443
ENSMUSG00000051223,ENSMFAG00000020809
ENSMUSG00000024851,ENSMFAG00000046144
ENSMUSG00000047434,ENSMFAG00000044564
ENSMUSG00000042102,ENSMFAG00000024245
ENSMUSG00000033029,ENSMFAG00000039078
ENSMUSG00000049076,ENSMFAG00000039260
ENSMUSG00000054364,ENSMFAG00000030406
ENSMUSG00000084063,ENSMFAG00000037508
ENSMUSG00000081218,ENSMFAG00000037508
ENSMUSG00000033411,ENSMFAG00000038614
ENSMUSG00000066637,ENSMFAG00000040343
ENSMUSG00000023951,ENSMFAG00000043991
ENSMUSG00000093923,ENSMFAG00000037508
ENSMUSG00000015202,ENSMFAG00000033880
ENSMUSG00000055932,ENSMFAG00000033026
ENSMUSG00000042082,ENSMFAG00000038907
ENSMUSG00000048387,ENSMFAG00000039189
ENSMUSG00000096620,ENSMFAG00000037508
ENSMUSG00000073267,ENSMFAG00000037508
ENSMUSG00000020622,ENSMFAG00000002988
ENSMUSG00000045312,ENSMFAG00000036894
ENSMUSG00000026615,ENSMFAG00000041902
ENSMUSG00000028556,ENSMFAG00000032390
ENSMUSG00000024847,ENSMFAG00000034062
ENSMUSG00000078427,ENSMFAG00000045270
ENSMUSG00000079655,ENSMFAG00000037508
ENSMUSG00000022012,ENSMFAG00000025611
ENSMUSG00000057554,ENSMFAG00000032856
ENSMUSG00000033020,ENSMFAG00000033687
ENSMUSG00000082639,ENSMFAG00000037508
ENSMUSG00000083628,ENSMFAG00000037508
ENSMUSG00000024845,ENSMFAG00000030408
ENSMUSG00000015721,ENSMFAG00000038459
ENSMUSG00000033006,ENSMFAG00000030971
ENSMUSG00000065708,ENSMFAG00000030293
ENSMUSG00000065708,ENSMFAG00000014120
ENSMUSG00000079685,ENSMFAG00000062093
ENSMUSG00000079685,ENSMFAG00000026933
ENSMUSG00000079685,ENSMFAG00000039565
ENSMUSG00000079685,ENSMFAG00000002019
ENSMUSG00000079685,ENSMFAG00000042333
ENSMUSG00000079685,ENSMFAG00000065712
ENSMUSG00000079685,ENSMFAG00000044948
ENSMUSG00000027854,ENSMFAG00000059908
ENSMUSG00000024842,ENSMFAG00000038440
ENSMUSG00000095063,ENSMFAG00000037508
ENSMUSG00000029192,ENSMFAG00000034270
ENSMUSG00000068206,ENSMFAG00000003832
ENSMUSG00000054690,ENSMFAG00000044968
ENSMUSG00000071788,ENSMFAG00000037508
ENSMUSG00000024835,ENSMFAG00000037995
ENSMUSG00000080725,ENSMFAG00000037508
ENSMUSG00000025353,ENSMFAG00000061489
ENSMUSG00000029780,ENSMFAG00000046405
ENSMUSG00000031737,ENSMFAG00000002928
ENSMUSG00000095696,ENSMFAG00000054015
ENSMUSG00000095546,ENSMFAG00000037508
ENSMUSG00000031738,ENSMFAG00000046096
ENSMUSG00000047714,ENSMFAG00000001686
ENSMUSG00000047714,ENSMFAG00000029793
ENSMUSG00000032115,ENSMFAG00000001531
ENSMUSG00000023967,ENSMFAG00000038311
ENSMUSG00000047712,ENSMFAG00000036448
ENSMUSG00000077582,ENSMFAG00000005356
ENSMUSG00000044025,ENSMFAG00000059604
ENSMUSG00000031740,ENSMFAG00000037156
ENSMUSG00000047626,ENSMFAG00000028782
ENSMUSG00000026614,ENSMFAG00000051013
ENSMUSG00000032988,ENSMFAG00000059787
ENSMUSG00000023966,ENSMFAG00000003254
ENSMUSG00000021901,ENSMFAG00000037249
ENSMUSG00000095293,ENSMFAG00000037508
ENSMUSG00000024830,ENSMFAG00000031507
ENSMUSG00000027799,ENSMFAG00000033753
ENSMUSG00000027236,ENSMFAG00000031049
ENSMUSG00000022548,ENSMFAG00000002871
ENSMUSG00000052012,ENSMFAG00000030027
ENSMUSG00000039246,ENSMFAG00000003062
ENSMUSG00000023055,ENSMFAG00000002103
ENSMUSG00000021687,ENSMFAG00000037897
ENSMUSG00000034509,ENSMFAG00000038892
ENSMUSG00000015305,ENSMFAG00000040522
ENSMUSG00000023952,ENSMFAG00000037532
ENSMUSG00000033396,ENSMFAG00000001008
ENSMUSG00000033396,ENSMFAG00000055129
ENSMUSG00000033192,ENSMFAG00000032289
ENSMUSG00000046598,ENSMFAG00000039410
ENSMUSG00000048000,ENSMFAG00000042850
ENSMUSG00000005364,ENSMFAG00000006030
ENSMUSG00000094624,ENSMFAG00000037508
ENSMUSG00000034235,ENSMFAG00000001363
ENSMUSG00000043673,ENSMFAG00000007411
ENSMUSG00000047002,ENSMFAG00000007491
ENSMUSG00000051235,ENSMFAG00000002080
ENSMUSG00000093866,ENSMFAG00000054015
ENSMUSG00000096457,ENSMFAG00000037508
ENSMUSG00000075284,ENSMFAG00000034165
ENSMUSG00000022770,ENSMFAG00000042848
ENSMUSG00000030199,ENSMFAG00000000725
ENSMUSG00000095105,ENSMFAG00000038481
ENSMUSG00000055368,ENSMFAG00000002998
ENSMUSG00000021686,ENSMFAG00000040032
ENSMUSG00000023953,ENSMFAG00000045603
ENSMUSG00000079481,ENSMFAG00000033144
ENSMUSG00000042428,ENSMFAG00000014328
ENSMUSG00000044897,ENSMFAG00000054196
ENSMUSG00000022412,ENSMFAG00000040624
ENSMUSG00000068697,ENSMFAG00000046315
ENSMUSG00000067150,ENSMFAG00000038120
ENSMUSG00000065592,ENSMFAG00000012734
ENSMUSG00000065445,ENSMFAG00000010917
ENSMUSG00000038121,ENSMFAG00000057893
ENSMUSG00000095887,ENSMFAG00000037508
ENSMUSG00000030200,ENSMFAG00000001577
ENSMUSG00000019027,ENSMFAG00000038690
ENSMUSG00000019790,ENSMFAG00000001785
ENSMUSG00000009535,ENSMFAG00000042388
ENSMUSG00000056947,ENSMFAG00000040502
ENSMUSG00000077276,ENSMFAG00000005701
ENSMUSG00000077276,ENSMFAG00000005673
ENSMUSG00000039717,ENSMFAG00000001707
ENSMUSG00000075289,ENSMFAG00000046293
ENSMUSG00000042406,ENSMFAG00000000392
ENSMUSG00000030533,ENSMFAG00000042926
ENSMUSG00000020608,ENSMFAG00000033284
ENSMUSG00000087712,ENSMFAG00000034743
ENSMUSG00000057069,ENSMFAG00000045389
ENSMUSG00000051518,ENSMFAG00000032799
ENSMUSG00000027233,ENSMFAG00000003565
ENSMUSG00000030201,ENSMFAG00000036458
ENSMUSG00000079480,ENSMFAG00000043832
ENSMUSG00000040247,ENSMFAG00000045050
ENSMUSG00000022416,ENSMFAG00000046252
ENSMUSG00000051220,ENSMFAG00000045509
ENSMUSG00000078964,ENSMFAG00000043869
ENSMUSG00000078964,ENSMFAG00000031843
ENSMUSG00000031320,ENSMFAG00000031430
ENSMUSG00000031320,ENSMFAG00000001668
ENSMUSG00000031320,ENSMFAG00000038135
ENSMUSG00000027624,ENSMFAG00000039873
ENSMUSG00000057400,ENSMFAG00000043869
ENSMUSG00000057400,ENSMFAG00000031843
ENSMUSG00000067148,ENSMFAG00000046295
ENSMUSG00000044201,ENSMFAG00000035542
ENSMUSG00000032413,ENSMFAG00000030557
ENSMUSG00000032413,ENSMFAG00000049814
ENSMUSG00000013736,ENSMFAG00000045113
ENSMUSG00000022015,ENSMFAG00000057769
ENSMUSG00000067567,ENSMFAG00000003160
ENSMUSG00000074212,ENSMFAG00000037104
ENSMUSG00000119770,ENSMFAG00000062716
ENSMUSG00000047888,ENSMFAG00000003862
ENSMUSG00000056457,ENSMFAG00000000707
ENSMUSG00000022016,ENSMFAG00000003034
ENSMUSG00000071074,ENSMFAG00000032170
ENSMUSG00000078240,ENSMFAG00000029018
ENSMUSG00000078240,ENSMFAG00000065377
ENSMUSG00000078240,ENSMFAG00000030357
ENSMUSG00000078240,ENSMFAG00000063290
ENSMUSG00000078240,ENSMFAG00000033540
ENSMUSG00000078240,ENSMFAG00000030460
ENSMUSG00000034300,ENSMFAG00000001667
ENSMUSG00000035429,ENSMFAG00000057671
ENSMUSG00000035429,ENSMFAG00000045778
ENSMUSG00000046982,ENSMFAG00000037350
ENSMUSG00000021893,ENSMFAG00000001867
ENSMUSG00000079092,ENSMFAG00000000707
ENSMUSG00000034055,ENSMFAG00000038543
ENSMUSG00000040433,ENSMFAG00000021549
ENSMUSG00000024234,ENSMFAG00000036179
ENSMUSG00000031751,ENSMFAG00000042034
ENSMUSG00000027801,ENSMFAG00000062270
ENSMUSG00000054459,ENSMFAG00000063922
ENSMUSG00000012819,ENSMFAG00000003044
ENSMUSG00000032114,ENSMFAG00000034499
ENSMUSG00000055116,ENSMFAG00000034184
ENSMUSG00000071073,ENSMFAG00000033631
ENSMUSG00000027803,ENSMFAG00000031777
ENSMUSG00000040385,ENSMFAG00000001854
ENSMUSG00000055360,ENSMFAG00000000707
ENSMUSG00000037826,ENSMFAG00000030885
ENSMUSG00000086022,ENSMFAG00000002803
ENSMUSG00000066975,ENSMFAG00000039512
ENSMUSG00002076654,ENSMFAG00000054153
ENSMUSG00002076654,ENSMFAG00000057446
ENSMUSG00002076654,ENSMFAG00000053991
ENSMUSG00002076654,ENSMFAG00000057264
ENSMUSG00002076654,ENSMFAG00000049625
ENSMUSG00002076654,ENSMFAG00000053493
ENSMUSG00002076654,ENSMFAG00000049223
ENSMUSG00002076654,ENSMFAG00000051935
ENSMUSG00002076654,ENSMFAG00000059118
ENSMUSG00002076654,ENSMFAG00000065457
ENSMUSG00002076654,ENSMFAG00000050158
ENSMUSG00002076654,ENSMFAG00000051070
ENSMUSG00002076654,ENSMFAG00000052550
ENSMUSG00002076654,ENSMFAG00000052958
ENSMUSG00002076654,ENSMFAG00000054989
ENSMUSG00002076654,ENSMFAG00000054533
ENSMUSG00002076654,ENSMFAG00000054195
ENSMUSG00002076654,ENSMFAG00000052514
ENSMUSG00002076654,ENSMFAG00000051186
ENSMUSG00002076654,ENSMFAG00000060984
ENSMUSG00002076654,ENSMFAG00000055372
ENSMUSG00002076654,ENSMFAG00000055397
ENSMUSG00002076654,ENSMFAG00000054043
ENSMUSG00002076654,ENSMFAG00000048918
ENSMUSG00002076654,ENSMFAG00000061312
ENSMUSG00002076654,ENSMFAG00000054682
ENSMUSG00002076654,ENSMFAG00000052919
ENSMUSG00002076654,ENSMFAG00000063332
ENSMUSG00002076654,ENSMFAG00000058940
ENSMUSG00002076654,ENSMFAG00000063774
ENSMUSG00002076654,ENSMFAG00000062164
ENSMUSG00002076654,ENSMFAG00000065208
ENSMUSG00002076654,ENSMFAG00000053835
ENSMUSG00002076654,ENSMFAG00000064710
ENSMUSG00002076654,ENSMFAG00000047778
ENSMUSG00002076654,ENSMFAG00000060777
ENSMUSG00002076654,ENSMFAG00000057142
ENSMUSG00002076654,ENSMFAG00000056506
ENSMUSG00002076654,ENSMFAG00000048951
ENSMUSG00002076654,ENSMFAG00000064718
ENSMUSG00002076654,ENSMFAG00000057710
ENSMUSG00002076654,ENSMFAG00000058161
ENSMUSG00002076654,ENSMFAG00000054959
ENSMUSG00002076654,ENSMFAG00000060270
ENSMUSG00002076654,ENSMFAG00000056682
ENSMUSG00002076654,ENSMFAG00000058780
ENSMUSG00002076654,ENSMFAG00000060362
ENSMUSG00000032718,ENSMFAG00000031449
ENSMUSG00000020589,ENSMFAG00000030486
ENSMUSG00000061130,ENSMFAG00000000709
ENSMUSG00000057561,ENSMFAG00000041029
ENSMUSG00000057561,ENSMFAG00000052371
ENSMUSG00000042992,ENSMFAG00000033117
ENSMUSG00002076365,ENSMFAG00000006296
ENSMUSG00002076365,ENSMFAG00000004132
ENSMUSG00000119542,ENSMFAG00000062716
ENSMUSG00000021306,ENSMFAG00000034812
ENSMUSG00000036513,ENSMFAG00000064614
ENSMUSG00000029798,ENSMFAG00000040004
ENSMUSG00000049090,ENSMFAG00000063377
ENSMUSG00000022407,ENSMFAG00000039307
ENSMUSG00000031754,ENSMFAG00000048376
ENSMUSG00000024824,ENSMFAG00000041314
ENSMUSG00000074591,ENSMFAG00000042057
ENSMUSG00000024594,ENSMFAG00000044127
ENSMUSG00000029190,ENSMFAG00000034581
ENSMUSG00000021892,ENSMFAG00000062882
ENSMUSG00000032294,ENSMFAG00000040070
ENSMUSG00000032294,ENSMFAG00000039146
ENSMUSG00000032294,ENSMFAG00000062872
ENSMUSG00000032294,ENSMFAG00000044507
ENSMUSG00000032294,ENSMFAG00000049120
ENSMUSG00000068823,ENSMFAG00000003674
ENSMUSG00000119089,ENSMFAG00000058241
ENSMUSG00000037169,ENSMFAG00000032784
ENSMUSG00000058925,ENSMFAG00000041916
ENSMUSG00000005397,ENSMFAG00000026117
ENSMUSG00000030203,ENSMFAG00000037347
ENSMUSG00000064717,ENSMFAG00000015840
ENSMUSG00000064717,ENSMFAG00000015981
ENSMUSG00000037149,ENSMFAG00000033987
ENSMUSG00000089407,ENSMFAG00000054284
ENSMUSG00000033009,ENSMFAG00000013084
ENSMUSG00000055302,ENSMFAG00000056896
ENSMUSG00000055302,ENSMFAG00000064380
ENSMUSG00000055302,ENSMFAG00000011252
ENSMUSG00000055302,ENSMFAG00000048112
ENSMUSG00000088776,ENSMFAG00000016154
ENSMUSG00000024597,ENSMFAG00000001384
ENSMUSG00000028780,ENSMFAG00000000365
ENSMUSG00000040663,ENSMFAG00000039712
ENSMUSG00000019726,ENSMFAG00000044431
ENSMUSG00000062190,ENSMFAG00000045262
ENSMUSG00000034616,ENSMFAG00000002317
ENSMUSG00000024366,ENSMFAG00000043925
ENSMUSG00000024235,ENSMFAG00000035171
ENSMUSG00000034731,ENSMFAG00000038026
ENSMUSG00000024131,ENSMFAG00000030088
ENSMUSG00000029343,ENSMFAG00000042821
ENSMUSG00000032652,ENSMFAG00000035477
ENSMUSG00000012296,ENSMFAG00000030989
ENSMUSG00000024486,ENSMFAG00000043747
ENSMUSG00000028553,ENSMFAG00000007083
ENSMUSG00000005362,ENSMFAG00000031028
ENSMUSG00000020576,ENSMFAG00000003823
ENSMUSG00000024427,ENSMFAG00000033414
ENSMUSG00000028549,ENSMFAG00000040062
ENSMUSG00000036585,ENSMFAG00000031417
ENSMUSG00000033970,ENSMFAG00000041839
ENSMUSG00000042303,ENSMFAG00000032498
ENSMUSG00000035305,ENSMFAG00000041091
ENSMUSG00000036452,ENSMFAG00000002069
ENSMUSG00000031755,ENSMFAG00000032963
ENSMUSG00000021303,ENSMFAG00000062601
ENSMUSG00000029119,ENSMFAG00000034516
ENSMUSG00000069733,ENSMFAG00000024825
ENSMUSG00000021684,ENSMFAG00000041903
ENSMUSG00000034648,ENSMFAG00000020302
ENSMUSG00000037788,ENSMFAG00000041219
ENSMUSG00000031757,ENSMFAG00000056797
ENSMUSG00000005986,ENSMFAG00000061318
ENSMUSG00000028637,ENSMFAG00000038143
ENSMUSG00000119117,ENSMFAG00000015626
ENSMUSG00000079436,ENSMFAG00000052661
ENSMUSG00000026141,ENSMFAG00000031633
ENSMUSG00000024127,ENSMFAG00000038619
ENSMUSG00000011148,ENSMFAG00000039464
ENSMUSG00000045282,ENSMFAG00000051229
ENSMUSG00000045282,ENSMFAG00000053857
ENSMUSG00000084447,ENSMFAG00000004840
ENSMUSG00000021891,ENSMFAG00000000654
ENSMUSG00000032939,ENSMFAG00000042559
ENSMUSG00000024858,ENSMFAG00000002282
ENSMUSG00000030532,ENSMFAG00000054349
ENSMUSG00000060802,ENSMFAG00000034244
ENSMUSG00000033368,ENSMFAG00000033970
ENSMUSG00000030101,ENSMFAG00000040853
ENSMUSG00000043587,ENSMFAG00000045625
ENSMUSG00000022780,ENSMFAG00000038521
ENSMUSG00000027628,ENSMFAG00000030564
ENSMUSG00000029120,ENSMFAG00000000990
ENSMUSG00000038187,ENSMFAG00000000120
ENSMUSG00000029345,ENSMFAG00000043406
ENSMUSG00000027229,ENSMFAG00000046371
ENSMUSG00000064326,ENSMFAG00000036228
ENSMUSG00000032641,ENSMFAG00000012704
ENSMUSG00000022774,ENSMFAG00000001109
ENSMUSG00000042292,ENSMFAG00000046410
ENSMUSG00000027227,ENSMFAG00000022177
ENSMUSG00000021890,ENSMFAG00000036590
ENSMUSG00000055095,ENSMFAG00000034416
ENSMUSG00000001729,ENSMFAG00000031655
ENSMUSG00000022772,ENSMFAG00000002045
ENSMUSG00000068452,ENSMFAG00000029863
ENSMUSG00000058997,ENSMFAG00000036408
ENSMUSG00000059077,ENSMFAG00000032854
ENSMUSG00000070366,ENSMFAG00000037481
ENSMUSG00000071037,ENSMFAG00000003584
ENSMUSG00000026258,ENSMFAG00000051238
ENSMUSG00000039474,ENSMFAG00000040639
ENSMUSG00000012042,ENSMFAG00000037946
ENSMUSG00000053729,ENSMFAG00000044805
ENSMUSG00000026034,ENSMFAG00000030719
ENSMUSG00000073573,ENSMFAG00000044805
ENSMUSG00000054611,ENSMFAG00000031721
ENSMUSG00000047428,ENSMFAG00000000134
ENSMUSG00000074259,ENSMFAG00000034562
ENSMUSG00000024471,ENSMFAG00000001192
ENSMUSG00000052296,ENSMFAG00000001991
ENSMUSG00000055301,ENSMFAG00000039572
ENSMUSG00000037638,ENSMFAG00000029822
ENSMUSG00000003031,ENSMFAG00000032299
ENSMUSG00000022781,ENSMFAG00000000467
ENSMUSG00000052160,ENSMFAG00000045718
ENSMUSG00000027225,ENSMFAG00000032593
ENSMUSG00000029346,ENSMFAG00000035520
ENSMUSG00000032842,ENSMFAG00000036554
ENSMUSG00000027224,ENSMFAG00000033232
ENSMUSG00000036503,ENSMFAG00000002735
ENSMUSG00000090698,ENSMFAG00000055903
ENSMUSG00000091519,ENSMFAG00000063952
ENSMUSG00000078179,ENSMFAG00000041426
ENSMUSG00000042328,ENSMFAG00000000717
ENSMUSG00000043865,ENSMFAG00000064959
ENSMUSG00000023791,ENSMFAG00000040098
ENSMUSG00000090000,ENSMFAG00000060309
ENSMUSG00000029700,ENSMFAG00000030904
ENSMUSG00000025421,ENSMFAG00000012951
ENSMUSG00000054013,ENSMFAG00000039506
ENSMUSG00000033268,ENSMFAG00000043773
ENSMUSG00000026721,ENSMFAG00000034332
ENSMUSG00000063802,ENSMFAG00000044603
ENSMUSG00000051705,ENSMFAG00000004993
ENSMUSG00000037594,ENSMFAG00000033689
ENSMUSG00000065987,ENSMFAG00000046257
ENSMUSG00000047832,ENSMFAG00000051104
ENSMUSG00000032449,ENSMFAG00000000440
ENSMUSG00000032449,ENSMFAG00000031013
ENSMUSG00000021298,ENSMFAG00000035755
ENSMUSG00000046192,ENSMFAG00000038536
ENSMUSG00000042055,ENSMFAG00000031615
ENSMUSG00000063646,ENSMFAG00000036205
ENSMUSG00000036617,ENSMFAG00000030609
ENSMUSG00000057606,ENSMFAG00000053084
ENSMUSG00000035790,ENSMFAG00000049327
ENSMUSG00000023089,ENSMFAG00000047182
ENSMUSG00000052384,ENSMFAG00000036922
ENSMUSG00000032451,ENSMFAG00000014452
ENSMUSG00000033788,ENSMFAG00000032232
ENSMUSG00000032452,ENSMFAG00000044664
ENSMUSG00000028636,ENSMFAG00000040979
ENSMUSG00000002804,ENSMFAG00000034083
ENSMUSG00000025420,ENSMFAG00000029779
ENSMUSG00000070806,ENSMFAG00000002741
ENSMUSG00000075269,ENSMFAG00000019410
ENSMUSG00000011158,ENSMFAG00000001381
ENSMUSG00000035764,ENSMFAG00000043065
ENSMUSG00000022787,ENSMFAG00000040985
ENSMUSG00000048899,ENSMFAG00000044165
ENSMUSG00000079479,ENSMFAG00000054792
ENSMUSG00000079479,ENSMFAG00000051621
ENSMUSG00000079479,ENSMFAG00000034324
ENSMUSG00000041995,ENSMFAG00000065084
ENSMUSG00000073027,ENSMFAG00000039331
ENSMUSG00000046345,ENSMFAG00000000378
ENSMUSG00000014074,ENSMFAG00000046142
ENSMUSG00000071262,ENSMFAG00000003509
ENSMUSG00000088108,ENSMFAG00000004214
ENSMUSG00000077380,ENSMFAG00000021483
ENSMUSG00000021681,ENSMFAG00000038062
ENSMUSG00000032456,ENSMFAG00000044228
ENSMUSG00000087385,ENSMFAG00000051429
ENSMUSG00000087385,ENSMFAG00000049078
ENSMUSG00000087385,ENSMFAG00000024482
ENSMUSG00000065763,ENSMFAG00000006633
ENSMUSG00000038886,ENSMFAG00000035650
ENSMUSG00000022018,ENSMFAG00000043030
ENSMUSG00000002803,ENSMFAG00000031060
ENSMUSG00000029348,ENSMFAG00000034309
ENSMUSG00000028532,ENSMFAG00000037670
ENSMUSG00000053774,ENSMFAG00000037092
ENSMUSG00000022020,ENSMFAG00000043606
ENSMUSG00000050164,ENSMFAG00000045345
ENSMUSG00000117286,ENSMFAG00000038554
ENSMUSG00000024818,ENSMFAG00000045518
ENSMUSG00000022404,ENSMFAG00000042964
ENSMUSG00000046402,ENSMFAG00000031658
ENSMUSG00000021143,ENSMFAG00000001091
ENSMUSG00000002944,ENSMFAG00000044200
ENSMUSG00000074207,ENSMFAG00000001617
ENSMUSG00000074207,ENSMFAG00000039788
ENSMUSG00000039242,ENSMFAG00000001068
ENSMUSG00000040165,ENSMFAG00000046257
ENSMUSG00000079625,ENSMFAG00000001963
ENSMUSG00000022403,ENSMFAG00000035459
ENSMUSG00000022403,ENSMFAG00000035348
ENSMUSG00000022403,ENSMFAG00000045985
ENSMUSG00000014075,ENSMFAG00000033045
ENSMUSG00000039239,ENSMFAG00000054210
ENSMUSG00000027805,ENSMFAG00000044084
ENSMUSG00000015597,ENSMFAG00000019122
ENSMUSG00000022022,ENSMFAG00000037972
ENSMUSG00000073001,ENSMFAG00000044830
ENSMUSG00000005615,ENSMFAG00000045428
ENSMUSG00000051592,ENSMFAG00000035605
ENSMUSG00000044390,ENSMFAG00000023252
ENSMUSG00000024826,ENSMFAG00000000560
ENSMUSG00000027550,ENSMFAG00000025835
ENSMUSG00000043881,ENSMFAG00000002271
ENSMUSG00000075502,ENSMFAG00000056684
ENSMUSG00000022023,ENSMFAG00000034268
ENSMUSG00000034361,ENSMFAG00000004072
ENSMUSG00000001305,ENSMFAG00000046095
ENSMUSG00000012211,ENSMFAG00000059095
ENSMUSG00000023968,ENSMFAG00000030762
ENSMUSG00000036461,ENSMFAG00000040587
ENSMUSG00000021144,ENSMFAG00000031186
ENSMUSG00000030759,ENSMFAG00000033108
ENSMUSG00000035699,ENSMFAG00000001755
ENSMUSG00000042386,ENSMFAG00000041861
ENSMUSG00000026259,ENSMFAG00000031690
ENSMUSG00000022401,ENSMFAG00000040751
ENSMUSG00000025423,ENSMFAG00000031982
ENSMUSG00000031430,ENSMFAG00000028316
ENSMUSG00000022024,ENSMFAG00000035801
ENSMUSG00000052363,ENSMFAG00000001569
ENSMUSG00000035275,ENSMFAG00000031436
ENSMUSG00000045664,ENSMFAG00000025261
ENSMUSG00000024833,ENSMFAG00000031551
ENSMUSG00000021884,ENSMFAG00000034241
ENSMUSG00000022811,ENSMFAG00000032538
ENSMUSG00000067144,ENSMFAG00000000127
ENSMUSG00000011832,ENSMFAG00000045931
ENSMUSG00000078652,ENSMFAG00000046232
ENSMUSG00000047108,ENSMFAG00000051541
ENSMUSG00000028530,ENSMFAG00000003493
ENSMUSG00000031429,ENSMFAG00000038788
ENSMUSG00000022400,ENSMFAG00000000587
ENSMUSG00000079418,ENSMFAG00000039546
ENSMUSG00000055024,ENSMFAG00000039593
ENSMUSG00000035506,ENSMFAG00000036324
ENSMUSG00000015599,ENSMFAG00000034632
ENSMUSG00000021680,ENSMFAG00000041775
ENSMUSG00000032454,ENSMFAG00000039548
ENSMUSG00000026035,ENSMFAG00000038708
ENSMUSG00000025425,ENSMFAG00000035970
ENSMUSG00000078651,ENSMFAG00000038881
ENSMUSG00000021678,ENSMFAG00000037697
ENSMUSG00000019326,ENSMFAG00000048619
ENSMUSG00000048376,ENSMFAG00000044734
ENSMUSG00000074397,ENSMFAG00000041313
ENSMUSG00000040658,ENSMFAG00000038043
ENSMUSG00000039233,ENSMFAG00000003983
ENSMUSG00000028777,ENSMFAG00000001103
ENSMUSG00000040327,ENSMFAG00000001906
ENSMUSG00000025579,ENSMFAG00000043192
ENSMUSG00000035390,ENSMFAG00000003553
ENSMUSG00000054727,ENSMFAG00000037508
ENSMUSG00000041523,ENSMFAG00000003839
ENSMUSG00000032998,ENSMFAG00000034559
ENSMUSG00000057614,ENSMFAG00000001117
ENSMUSG00000032458,ENSMFAG00000030752
ENSMUSG00000054626,ENSMFAG00000037508
ENSMUSG00000022394,ENSMFAG00000037650
ENSMUSG00000022025,ENSMFAG00000043190
ENSMUSG00000029121,ENSMFAG00000000318
ENSMUSG00000021900,ENSMFAG00000033539
ENSMUSG00000088793,ENSMFAG00000017312
ENSMUSG00000088793,ENSMFAG00000005047
ENSMUSG00000032459,ENSMFAG00000035834
ENSMUSG00000006356,ENSMFAG00000035907
ENSMUSG00000026611,ENSMFAG00000030832
ENSMUSG00000022026,ENSMFAG00000045777
ENSMUSG00000021676,ENSMFAG00000032362
ENSMUSG00000017453,ENSMFAG00000027393
ENSMUSG00000091080,ENSMFAG00000064336
ENSMUSG00000063058,ENSMFAG00000064336
ENSMUSG00000090470,ENSMFAG00000064336
ENSMUSG00000025333,ENSMFAG00000001522
ENSMUSG00000074123,ENSMFAG00000064336
ENSMUSG00000065649,ENSMFAG00000014446
ENSMUSG00000031774,ENSMFAG00000001258
ENSMUSG00000037236,ENSMFAG00000000634
ENSMUSG00000032601,ENSMFAG00000045665
ENSMUSG00000006360,ENSMFAG00000039395
ENSMUSG00002075834,ENSMFAG00000014260
ENSMUSG00000075254,ENSMFAG00000002554
ENSMUSG00000035566,ENSMFAG00000044703
ENSMUSG00000078650,ENSMFAG00000000344
ENSMUSG00000067215,ENSMFAG00000033473
ENSMUSG00000047238,ENSMFAG00000051520
ENSMUSG00000064781,ENSMFAG00000038920
ENSMUSG00000046180,ENSMFAG00000003115
ENSMUSG00000046180,ENSMFAG00000051249
ENSMUSG00000046180,ENSMFAG00000052143
ENSMUSG00000046180,ENSMFAG00000055842
ENSMUSG00000024942,ENSMFAG00000051718
ENSMUSG00000064759,ENSMFAG00000034747
ENSMUSG00000064759,ENSMFAG00000021238
ENSMUSG00000064759,ENSMFAG00000040478
ENSMUSG00000064407,ENSMFAG00000004533
ENSMUSG00000064407,ENSMFAG00000050780
ENSMUSG00000025580,ENSMFAG00000043778
ENSMUSG00000070110,ENSMFAG00000004959
ENSMUSG00000087812,ENSMFAG00000018807
ENSMUSG00000087812,ENSMFAG00000018387
ENSMUSG00000014496,ENSMFAG00000045739
ENSMUSG00000045180,ENSMFAG00000031091
ENSMUSG00000037466,ENSMFAG00000043836
ENSMUSG00000065722,ENSMFAG00000005685
ENSMUSG00000038156,ENSMFAG00000045029
ENSMUSG00000079434,ENSMFAG00000036521
ENSMUSG00000029122,ENSMFAG00000035895
ENSMUSG00000033256,ENSMFAG00000045114
ENSMUSG00000077677,ENSMFAG00000012017
ENSMUSG00000077677,ENSMFAG00000010011
ENSMUSG00000087842,ENSMFAG00000004348
ENSMUSG00000065451,ENSMFAG00000012995
ENSMUSG00000023247,ENSMFAG00000031471
ENSMUSG00000052609,ENSMFAG00000035789
ENSMUSG00000015605,ENSMFAG00000043125
ENSMUSG00000006373,ENSMFAG00000043849
ENSMUSG00000046456,ENSMFAG00000032979
ENSMUSG00000075528,ENSMFAG00000034389
ENSMUSG00000032978,ENSMFAG00000038173
ENSMUSG00000063382,ENSMFAG00000045922
ENSMUSG00000027852,ENSMFAG00000036827
ENSMUSG00000040423,ENSMFAG00000033725
ENSMUSG00000023972,ENSMFAG00000044413
ENSMUSG00000028634,ENSMFAG00000041340
ENSMUSG00000022824,ENSMFAG00000038825
ENSMUSG00000088575,ENSMFAG00000050056
ENSMUSG00000055723,ENSMFAG00000003904
ENSMUSG00000097487,ENSMFAG00000057903
ENSMUSG00000037636,ENSMFAG00000041936
ENSMUSG00000003546,ENSMFAG00000038153
ENSMUSG00000021675,ENSMFAG00000045908
ENSMUSG00000064530,ENSMFAG00000006518
ENSMUSG00000016319,ENSMFAG00000042853
ENSMUSG00000053158,ENSMFAG00000045460
ENSMUSG00000065866,ENSMFAG00000008832
ENSMUSG00000021302,ENSMFAG00000033173
ENSMUSG00000118880,ENSMFAG00000050242
ENSMUSG00000016308,ENSMFAG00000000307
ENSMUSG00000061689,ENSMFAG00000032148
ENSMUSG00000022391,ENSMFAG00000040386
ENSMUSG00000039585,ENSMFAG00000023157
ENSMUSG00000022817,ENSMFAG00000008012
ENSMUSG00000035007,ENSMFAG00000004015
ENSMUSG00000028527,ENSMFAG00000038836
ENSMUSG00000028527,ENSMFAG00000052495
ENSMUSG00000028527,ENSMFAG00000029324
ENSMUSG00000074206,ENSMFAG00000003019
ENSMUSG00000002767,ENSMFAG00000037938
ENSMUSG00000000632,ENSMFAG00000038743
ENSMUSG00000087752,ENSMFAG00000023216
ENSMUSG00000027806,ENSMFAG00000056419
ENSMUSG00000021061,ENSMFAG00000038472
ENSMUSG00000051111,ENSMFAG00000036123
ENSMUSG00000027808,ENSMFAG00000054680
ENSMUSG00000020100,ENSMFAG00000000250
ENSMUSG00000036430,ENSMFAG00000003179
ENSMUSG00000023978,ENSMFAG00000037918
ENSMUSG00000050248,ENSMFAG00000037744
ENSMUSG00000037797,ENSMFAG00000003884
ENSMUSG00000026036,ENSMFAG00000003012
ENSMUSG00000023977,ENSMFAG00000041378
ENSMUSG00000093191,ENSMFAG00000023966
ENSMUSG00000021903,ENSMFAG00000040291
ENSMUSG00000090112,ENSMFAG00000039704
ENSMUSG00000046589,ENSMFAG00000038156
ENSMUSG00000070385,ENSMFAG00000038085
ENSMUSG00000050079,ENSMFAG00000037926
ENSMUSG00000028635,ENSMFAG00000036352
ENSMUSG00000021905,ENSMFAG00000043479
ENSMUSG00000021546,ENSMFAG00000042755
ENSMUSG00000052135,ENSMFAG00000032820
ENSMUSG00000006423,ENSMFAG00000040242
ENSMUSG00000000085,ENSMFAG00000036779
ENSMUSG00000029123,ENSMFAG00000046080
ENSMUSG00000026715,ENSMFAG00000031906
ENSMUSG00000078784,ENSMFAG00000034450
ENSMUSG00000078784,ENSMFAG00000053429
ENSMUSG00000030754,ENSMFAG00000041022
ENSMUSG00000022019,ENSMFAG00000007606
ENSMUSG00000062329,ENSMFAG00000002991
ENSMUSG00000063316,ENSMFAG00000037912
ENSMUSG00000058153,ENSMFAG00000035056
ENSMUSG00000028138,ENSMFAG00000042520
ENSMUSG00000028138,ENSMFAG00000044468
ENSMUSG00000022814,ENSMFAG00000002273
ENSMUSG00000022390,ENSMFAG00000037965
ENSMUSG00000037058,ENSMFAG00000032588
ENSMUSG00000010358,ENSMFAG00000041153
ENSMUSG00000044149,ENSMFAG00000031196
ENSMUSG00000030751,ENSMFAG00000036829
ENSMUSG00000061751,ENSMFAG00000043685
ENSMUSG00000043467,ENSMFAG00000000705
ENSMUSG00000050379,ENSMFAG00000003084
ENSMUSG00000034993,ENSMFAG00000003023
ENSMUSG00000027555,ENSMFAG00000058414
ENSMUSG00000050505,ENSMFAG00000001794
ENSMUSG00000088405,ENSMFAG00000013946
ENSMUSG00000027810,ENSMFAG00000045972
ENSMUSG00000030530,ENSMFAG00000042842
ENSMUSG00000021906,ENSMFAG00000043666
ENSMUSG00000001313,ENSMFAG00000047485
ENSMUSG00000022389,ENSMFAG00000033476
ENSMUSG00000024354,ENSMFAG00000042397
ENSMUSG00000026037,ENSMFAG00000040620
ENSMUSG00000037791,ENSMFAG00000036394
ENSMUSG00000090258,ENSMFAG00000065222
ENSMUSG00000048546,ENSMFAG00000019801
ENSMUSG00000061360,ENSMFAG00000003129
ENSMUSG00000033373,ENSMFAG00000046245
ENSMUSG00000031776,ENSMFAG00000002659
ENSMUSG00000047880,ENSMFAG00000038828
ENSMUSG00000047518,ENSMFAG00000041721
ENSMUSG00000022477,ENSMFAG00000043571
ENSMUSG00000028633,ENSMFAG00000039379
ENSMUSG00000032463,ENSMFAG00000038121
ENSMUSG00000067818,ENSMFAG00000000687
ENSMUSG00000005813,ENSMFAG00000041798
ENSMUSG00000047648,ENSMFAG00000042612
ENSMUSG00000030671,ENSMFAG00000043764
ENSMUSG00000027219,ENSMFAG00000019210
ENSMUSG00000020099,ENSMFAG00000043834
ENSMUSG00000042808,ENSMFAG00000039586
ENSMUSG00000021062,ENSMFAG00000045048
ENSMUSG00000059851,ENSMFAG00000040317
ENSMUSG00000021907,ENSMFAG00000034337
ENSMUSG00000044860,ENSMFAG00000035429
ENSMUSG00000024350,ENSMFAG00000033878
ENSMUSG00000055421,ENSMFAG00000042951
ENSMUSG00000075700,ENSMFAG00000037920
ENSMUSG00000017146,ENSMFAG00000043956
ENSMUSG00000032292,ENSMFAG00000035959
ENSMUSG00000022476,ENSMFAG00000001153
ENSMUSG00000028528,ENSMFAG00000044659
ENSMUSG00000087873,ENSMFAG00000034861
ENSMUSG00000087873,ENSMFAG00000065707
ENSMUSG00000093059,ENSMFAG00000054153
ENSMUSG00000093059,ENSMFAG00000057446
ENSMUSG00000093059,ENSMFAG00000053991
ENSMUSG00000093059,ENSMFAG00000057264
ENSMUSG00000093059,ENSMFAG00000049625
ENSMUSG00000093059,ENSMFAG00000053493
ENSMUSG00000093059,ENSMFAG00000049223
ENSMUSG00000093059,ENSMFAG00000051935
ENSMUSG00000093059,ENSMFAG00000059118
ENSMUSG00000093059,ENSMFAG00000065457
ENSMUSG00000093059,ENSMFAG00000050158
ENSMUSG00000093059,ENSMFAG00000051070
ENSMUSG00000093059,ENSMFAG00000052550
ENSMUSG00000093059,ENSMFAG00000052958
ENSMUSG00000093059,ENSMFAG00000054989
ENSMUSG00000093059,ENSMFAG00000054533
ENSMUSG00000093059,ENSMFAG00000054195
ENSMUSG00000093059,ENSMFAG00000052514
ENSMUSG00000093059,ENSMFAG00000051186
ENSMUSG00000093059,ENSMFAG00000060984
ENSMUSG00000093059,ENSMFAG00000055372
ENSMUSG00000093059,ENSMFAG00000055397
ENSMUSG00000093059,ENSMFAG00000054043
ENSMUSG00000093059,ENSMFAG00000048918
ENSMUSG00000093059,ENSMFAG00000061312
ENSMUSG00000093059,ENSMFAG00000054682
ENSMUSG00000093059,ENSMFAG00000052919
ENSMUSG00000093059,ENSMFAG00000063332
ENSMUSG00000093059,ENSMFAG00000058940
ENSMUSG00000093059,ENSMFAG00000063774
ENSMUSG00000093059,ENSMFAG00000062164
ENSMUSG00000093059,ENSMFAG00000065208
ENSMUSG00000093059,ENSMFAG00000053835
ENSMUSG00000093059,ENSMFAG00000064710
ENSMUSG00000093059,ENSMFAG00000047778
ENSMUSG00000093059,ENSMFAG00000060777
ENSMUSG00000093059,ENSMFAG00000057142
ENSMUSG00000093059,ENSMFAG00000056506
ENSMUSG00000093059,ENSMFAG00000048951
ENSMUSG00000093059,ENSMFAG00000064718
ENSMUSG00000093059,ENSMFAG00000057710
ENSMUSG00000093059,ENSMFAG00000058161
ENSMUSG00000093059,ENSMFAG00000054959
ENSMUSG00000093059,ENSMFAG00000060270
ENSMUSG00000093059,ENSMFAG00000056682
ENSMUSG00000093059,ENSMFAG00000058780
ENSMUSG00000093059,ENSMFAG00000060362
ENSMUSG00000039210,ENSMFAG00000000617
ENSMUSG00000031775,ENSMFAG00000036864
ENSMUSG00000031775,ENSMFAG00000032545
ENSMUSG00000027556,ENSMFAG00000005965
ENSMUSG00000073599,ENSMFAG00000045474
ENSMUSG00000022076,ENSMFAG00000045236
ENSMUSG00000031778,ENSMFAG00000056311
ENSMUSG00000042109,ENSMFAG00000060068
ENSMUSG00000070471,ENSMFAG00000032044
ENSMUSG00000059436,ENSMFAG00000037306
ENSMUSG00000032097,ENSMFAG00000042472
ENSMUSG00000064581,ENSMFAG00000022955
ENSMUSG00000056234,ENSMFAG00000041525
ENSMUSG00000031780,ENSMFAG00000062105
ENSMUSG00000022474,ENSMFAG00000034090
ENSMUSG00000027559,ENSMFAG00000000412
ENSMUSG00000031781,ENSMFAG00000002168
ENSMUSG00000031781,ENSMFAG00000000222
ENSMUSG00000024792,ENSMFAG00000052237
ENSMUSG00000021235,ENSMFAG00000046089
ENSMUSG00000036432,ENSMFAG00000039692
ENSMUSG00000055493,ENSMFAG00000064938
ENSMUSG00000055493,ENSMFAG00000036673
ENSMUSG00000079071,ENSMFAG00000019210
ENSMUSG00000007379,ENSMFAG00000035727
ENSMUSG00000064057,ENSMFAG00000040059
ENSMUSG00000020098,ENSMFAG00000000150
ENSMUSG00000020362,ENSMFAG00000030867
ENSMUSG00000024008,ENSMFAG00000039268
ENSMUSG00000030670,ENSMFAG00000002337
ENSMUSG00000065181,ENSMFAG00000062716
ENSMUSG00000020097,ENSMFAG00000000706
ENSMUSG00000024349,ENSMFAG00000001679
ENSMUSG00002075925,ENSMFAG00000054153
ENSMUSG00002075925,ENSMFAG00000057446
ENSMUSG00002075925,ENSMFAG00000053991
ENSMUSG00002075925,ENSMFAG00000057264
ENSMUSG00002075925,ENSMFAG00000049625
ENSMUSG00002075925,ENSMFAG00000053493
ENSMUSG00002075925,ENSMFAG00000049223
ENSMUSG00002075925,ENSMFAG00000051935
ENSMUSG00002075925,ENSMFAG00000059118
ENSMUSG00002075925,ENSMFAG00000065457
ENSMUSG00002075925,ENSMFAG00000050158
ENSMUSG00002075925,ENSMFAG00000051070
ENSMUSG00002075925,ENSMFAG00000052550
ENSMUSG00002075925,ENSMFAG00000052958
ENSMUSG00002075925,ENSMFAG00000054989
ENSMUSG00002075925,ENSMFAG00000054533
ENSMUSG00002075925,ENSMFAG00000054195
ENSMUSG00002075925,ENSMFAG00000052514
ENSMUSG00002075925,ENSMFAG00000051186
ENSMUSG00002075925,ENSMFAG00000060984
ENSMUSG00002075925,ENSMFAG00000055372
ENSMUSG00002075925,ENSMFAG00000055397
ENSMUSG00002075925,ENSMFAG00000054043
ENSMUSG00002075925,ENSMFAG00000048918
ENSMUSG00002075925,ENSMFAG00000061312
ENSMUSG00002075925,ENSMFAG00000054682
ENSMUSG00002075925,ENSMFAG00000052919
ENSMUSG00002075925,ENSMFAG00000063332
ENSMUSG00002075925,ENSMFAG00000058940
ENSMUSG00002075925,ENSMFAG00000063774
ENSMUSG00002075925,ENSMFAG00000062164
ENSMUSG00002075925,ENSMFAG00000065208
ENSMUSG00002075925,ENSMFAG00000053835
ENSMUSG00002075925,ENSMFAG00000064710
ENSMUSG00002075925,ENSMFAG00000047778
ENSMUSG00002075925,ENSMFAG00000060777
ENSMUSG00002075925,ENSMFAG00000057142
ENSMUSG00002075925,ENSMFAG00000056506
ENSMUSG00002075925,ENSMFAG00000048951
ENSMUSG00002075925,ENSMFAG00000064718
ENSMUSG00002075925,ENSMFAG00000057710
ENSMUSG00002075925,ENSMFAG00000058161
ENSMUSG00002075925,ENSMFAG00000054959
ENSMUSG00002075925,ENSMFAG00000060270
ENSMUSG00002075925,ENSMFAG00000056682
ENSMUSG00002075925,ENSMFAG00000058780
ENSMUSG00002075925,ENSMFAG00000060362
ENSMUSG00000032462,ENSMFAG00000002622
ENSMUSG00000061633,ENSMFAG00000017855
ENSMUSG00000061633,ENSMFAG00000000409
ENSMUSG00000040549,ENSMFAG00000001378
ENSMUSG00000022471,ENSMFAG00000003352
ENSMUSG00000022471,ENSMFAG00000032535
ENSMUSG00000022471,ENSMFAG00000001699
ENSMUSG00000024791,ENSMFAG00000045080
ENSMUSG00000031782,ENSMFAG00000014434
ENSMUSG00000031782,ENSMFAG00000045196
ENSMUSG00000051811,ENSMFAG00000002832
ENSMUSG00000072720,ENSMFAG00000002334
ENSMUSG00000026610,ENSMFAG00000004706
ENSMUSG00000020363,ENSMFAG00000045396
ENSMUSG00000054999,ENSMFAG00000035435
ENSMUSG00000032098,ENSMFAG00000043633
ENSMUSG00000024007,ENSMFAG00000046250
ENSMUSG00000092518,ENSMFAG00000044642
ENSMUSG00000018501,ENSMFAG00000034439
ENSMUSG00000024790,ENSMFAG00000000880
ENSMUSG00000031783,ENSMFAG00000016861
ENSMUSG00000024787,ENSMFAG00000041800
ENSMUSG00000030528,ENSMFAG00000042982
ENSMUSG00000038174,ENSMFAG00000032144
ENSMUSG00000052712,ENSMFAG00000042966
ENSMUSG00000027562,ENSMFAG00000027151
ENSMUSG00000101860,ENSMFAG00000038421
ENSMUSG00000046668,ENSMFAG00000042243
ENSMUSG00000024944,ENSMFAG00000041098
ENSMUSG00000021236,ENSMFAG00000001083
ENSMUSG00000043850,ENSMFAG00000045355
ENSMUSG00000032289,ENSMFAG00000004078
ENSMUSG00000024347,ENSMFAG00000035669
ENSMUSG00000013701,ENSMFAG00000036559
ENSMUSG00000019820,ENSMFAG00000033914
ENSMUSG00000039699,ENSMFAG00000039278
ENSMUSG00000063480,ENSMFAG00000031096
ENSMUSG00000037300,ENSMFAG00000038133
ENSMUSG00000005687,ENSMFAG00000043933
ENSMUSG00000035212,ENSMFAG00000033874
ENSMUSG00000022184,ENSMFAG00000043560
ENSMUSG00000047810,ENSMFAG00000030420
ENSMUSG00000062028,ENSMFAG00000023642
ENSMUSG00000041935,ENSMFAG00000053017
ENSMUSG00000041025,ENSMFAG00000003216
ENSMUSG00000088152,ENSMFAG00000053127
ENSMUSG00000030669,ENSMFAG00000041791
ENSMUSG00000077611,ENSMFAG00000030101
ENSMUSG00000028156,ENSMFAG00000041112
ENSMUSG00000022186,ENSMFAG00000003998
ENSMUSG00000022186,ENSMFAG00000038539
ENSMUSG00000063867,ENSMFAG00000026518
ENSMUSG00000026032,ENSMFAG00000030964
ENSMUSG00000063106,ENSMFAG00000026518
ENSMUSG00000035626,ENSMFAG00000022387
ENSMUSG00000026430,ENSMFAG00000042279
ENSMUSG00002075160,ENSMFAG00000040410
ENSMUSG00000057564,ENSMFAG00000028794
ENSMUSG00000047766,ENSMFAG00000035613
ENSMUSG00000025665,ENSMFAG00000045848
ENSMUSG00000021911,ENSMFAG00000043537
ENSMUSG00000028737,ENSMFAG00000036115
ENSMUSG00000030527,ENSMFAG00000043264
ENSMUSG00000028152,ENSMFAG00000002966
ENSMUSG00000028738,ENSMFAG00000033633
ENSMUSG00000026609,ENSMFAG00000043973
ENSMUSG00000068117,ENSMFAG00000035767
ENSMUSG00000057265,ENSMFAG00000037820
ENSMUSG00000032897,ENSMFAG00000033858
ENSMUSG00000024953,ENSMFAG00000033198
ENSMUSG00000098134,ENSMFAG00000018472
ENSMUSG00000021238,ENSMFAG00000039673
ENSMUSG00000030536,ENSMFAG00000044182
ENSMUSG00000074677,ENSMFAG00000040668
ENSMUSG00000074677,ENSMFAG00000041667
ENSMUSG00000074677,ENSMFAG00000042179
ENSMUSG00000021239,ENSMFAG00000050163
ENSMUSG00000031982,ENSMFAG00000030703
ENSMUSG00000038812,ENSMFAG00000044258
ENSMUSG00000043068,ENSMFAG00000039366
ENSMUSG00000021240,ENSMFAG00000031273
ENSMUSG00000002948,ENSMFAG00000031756
ENSMUSG00000033014,ENSMFAG00000041350
ENSMUSG00000024955,ENSMFAG00000035878
ENSMUSG00000065490,ENSMFAG00000017252
ENSMUSG00000028736,ENSMFAG00000040998
ENSMUSG00000047528,ENSMFAG00000003322
ENSMUSG00000088516,ENSMFAG00000060431
ENSMUSG00000039232,ENSMFAG00000009017
ENSMUSG00000044906,ENSMFAG00000038588
ENSMUSG00000050623,ENSMFAG00000002264
ENSMUSG00000032890,ENSMFAG00000036770
ENSMUSG00000022832,ENSMFAG00000041234
ENSMUSG00000022832,ENSMFAG00000040261
ENSMUSG00000020096,ENSMFAG00000039238
ENSMUSG00000059887,ENSMFAG00000028794
ENSMUSG00000085793,ENSMFAG00000062510
ENSMUSG00000022833,ENSMFAG00000031262
ENSMUSG00000024959,ENSMFAG00000035492
ENSMUSG00000039197,ENSMFAG00000043831
ENSMUSG00000038797,ENSMFAG00000037318
ENSMUSG00000041415,ENSMFAG00000002987
ENSMUSG00000028629,ENSMFAG00000008984
ENSMUSG00000034839,ENSMFAG00000035507
ENSMUSG00000084550,ENSMFAG00000007086
ENSMUSG00000084550,ENSMFAG00000005143
ENSMUSG00000084550,ENSMFAG00000065244
ENSMUSG00000042349,ENSMFAG00000042587
ENSMUSG00000064141,ENSMFAG00000038294
ENSMUSG00000034485,ENSMFAG00000035966
ENSMUSG00000025722,ENSMFAG00000003880
ENSMUSG00000024960,ENSMFAG00000044872
ENSMUSG00000032870,ENSMFAG00000044100
ENSMUSG00000022836,ENSMFAG00000040304
ENSMUSG00000049148,ENSMFAG00000040869
ENSMUSG00000088644,ENSMFAG00000058298
ENSMUSG00000022181,ENSMFAG00000036931
ENSMUSG00000028626,ENSMFAG00000028569
ENSMUSG00000039519,ENSMFAG00000013431
ENSMUSG00000076760,ENSMFAG00000053530
ENSMUSG00000076761,ENSMFAG00000053076
ENSMUSG00000034551,ENSMFAG00000003281
ENSMUSG00000076762,ENSMFAG00000048728
ENSMUSG00000104620,ENSMFAG00000049711
ENSMUSG00000104620,ENSMFAG00000018283
ENSMUSG00000104620,ENSMFAG00000018524
ENSMUSG00000105533,ENSMFAG00000049711
ENSMUSG00000105533,ENSMFAG00000018283
ENSMUSG00000105533,ENSMFAG00000018524
ENSMUSG00000096600,ENSMFAG00000048728
ENSMUSG00000096746,ENSMFAG00000049711
ENSMUSG00000096746,ENSMFAG00000018283
ENSMUSG00000096746,ENSMFAG00000018524
ENSMUSG00000021913,ENSMFAG00000031768
ENSMUSG00000028059,ENSMFAG00000034906
ENSMUSG00000024011,ENSMFAG00000043273
ENSMUSG00000036136,ENSMFAG00000048754
ENSMUSG00000002900,ENSMFAG00000002104
ENSMUSG00000026031,ENSMFAG00000042284
ENSMUSG00000043207,ENSMFAG00000044167
ENSMUSG00000048424,ENSMFAG00000014218
ENSMUSG00000043463,ENSMFAG00000010320
ENSMUSG00000099689,ENSMFAG00000039340
ENSMUSG00000059901,ENSMFAG00000002509
ENSMUSG00000022253,ENSMFAG00000039756
ENSMUSG00000078577,ENSMFAG00000038683
ENSMUSG00000048155,ENSMFAG00000059421
ENSMUSG00000048155,ENSMFAG00000008477
ENSMUSG00000048155,ENSMFAG00000059068
ENSMUSG00000048155,ENSMFAG00000041473
ENSMUSG00000059975,ENSMFAG00000003603
ENSMUSG00000049878,ENSMFAG00000001299
ENSMUSG00000094023,ENSMFAG00000049711
ENSMUSG00000094023,ENSMFAG00000018283
ENSMUSG00000094023,ENSMFAG00000018524
ENSMUSG00000054115,ENSMFAG00000030476
ENSMUSG00000076770,ENSMFAG00000005530
ENSMUSG00000096478,ENSMFAG00000051476
ENSMUSG00000089768,ENSMFAG00000041214
ENSMUSG00000072473,ENSMFAG00000044447
ENSMUSG00000025724,ENSMFAG00000036341
ENSMUSG00000042498,ENSMFAG00000031623
ENSMUSG00000095426,ENSMFAG00000053190
ENSMUSG00000094792,ENSMFAG00000053076
ENSMUSG00000094176,ENSMFAG00000048728
ENSMUSG00000024012,ENSMFAG00000042025
ENSMUSG00000095088,ENSMFAG00000018221
ENSMUSG00000026029,ENSMFAG00000034568
ENSMUSG00000105393,ENSMFAG00000049711
ENSMUSG00000105393,ENSMFAG00000018283
ENSMUSG00000105393,ENSMFAG00000018524
ENSMUSG00000076778,ENSMFAG00000050743
ENSMUSG00000076778,ENSMFAG00000000524
ENSMUSG00000094914,ENSMFAG00000051476
ENSMUSG00000024962,ENSMFAG00000044556
ENSMUSG00000028525,ENSMFAG00000000162
ENSMUSG00000035376,ENSMFAG00000037506
ENSMUSG00000077221,ENSMFAG00000015277
ENSMUSG00000095495,ENSMFAG00000051476
ENSMUSG00000020087,ENSMFAG00000040775
ENSMUSG00000074221,ENSMFAG00000030511
ENSMUSG00000094758,ENSMFAG00000050743
ENSMUSG00000094758,ENSMFAG00000000524
ENSMUSG00000022840,ENSMFAG00000003197
ENSMUSG00000020085,ENSMFAG00000004041
ENSMUSG00000105953,ENSMFAG00000051029
ENSMUSG00000105953,ENSMFAG00000057465
ENSMUSG00000093953,ENSMFAG00000053530
ENSMUSG00000029685,ENSMFAG00000042819
ENSMUSG00000090868,ENSMFAG00000051476
ENSMUSG00000064440,ENSMFAG00000019211
ENSMUSG00000024963,ENSMFAG00000036941
ENSMUSG00000064816,ENSMFAG00000012707
ENSMUSG00000084667,ENSMFAG00000065334
ENSMUSG00000077220,ENSMFAG00000051246
ENSMUSG00000065160,ENSMFAG00000016745
ENSMUSG00000065735,ENSMFAG00000013147
ENSMUSG00000096106,ENSMFAG00000053076
ENSMUSG00000064968,ENSMFAG00000051496
ENSMUSG00000065228,ENSMFAG00000020122
ENSMUSG00000065228,ENSMFAG00000020061
ENSMUSG00000065228,ENSMFAG00000050370
ENSMUSG00000065228,ENSMFAG00000020215
ENSMUSG00000095756,ENSMFAG00000048728
ENSMUSG00000026028,ENSMFAG00000046205
ENSMUSG00000105721,ENSMFAG00000049711
ENSMUSG00000105721,ENSMFAG00000018283
ENSMUSG00000105721,ENSMFAG00000018524
ENSMUSG00000021919,ENSMFAG00000045379
ENSMUSG00000053985,ENSMFAG00000037861
ENSMUSG00000029683,ENSMFAG00000001768
ENSMUSG00000005621,ENSMFAG00000033727
ENSMUSG00000029802,ENSMFAG00000042464
ENSMUSG00000027249,ENSMFAG00000031977
ENSMUSG00000037349,ENSMFAG00000000939
ENSMUSG00000050197,ENSMFAG00000037491
ENSMUSG00000042211,ENSMFAG00000045852
ENSMUSG00000048047,ENSMFAG00000026263
ENSMUSG00002075911,ENSMFAG00000007023
ENSMUSG00000034473,ENSMFAG00000038056
ENSMUSG00000025626,ENSMFAG00000003705
ENSMUSG00000038763,ENSMFAG00000035796
ENSMUSG00000038763,ENSMFAG00000063095
ENSMUSG00000039704,ENSMFAG00000003540
ENSMUSG00000019817,ENSMFAG00000041193
ENSMUSG00000047656,ENSMFAG00000036828
ENSMUSG00000044176,ENSMFAG00000044805
ENSMUSG00000022844,ENSMFAG00000030776
ENSMUSG00000026425,ENSMFAG00000003779
ENSMUSG00000098022,ENSMFAG00000022094
ENSMUSG00000005804,ENSMFAG00000034141
ENSMUSG00000024965,ENSMFAG00000001178
ENSMUSG00000052133,ENSMFAG00000002408
ENSMUSG00000075040,ENSMFAG00000036575
ENSMUSG00000030204,ENSMFAG00000042577
ENSMUSG00000095643,ENSMFAG00000050743
ENSMUSG00000095643,ENSMFAG00000000524
ENSMUSG00000100241,ENSMFAG00000008697
ENSMUSG00000076796,ENSMFAG00000050033
ENSMUSG00000060201,ENSMFAG00000053265
ENSMUSG00000024966,ENSMFAG00000045746
ENSMUSG00000096329,ENSMFAG00000050743
ENSMUSG00000096329,ENSMFAG00000000524
ENSMUSG00000025630,ENSMFAG00000042557
ENSMUSG00000095736,ENSMFAG00000049711
ENSMUSG00000095736,ENSMFAG00000018283
ENSMUSG00000095736,ENSMFAG00000018524
ENSMUSG00000005803,ENSMFAG00000039151
ENSMUSG00000024261,ENSMFAG00000043237
ENSMUSG00000076800,ENSMFAG00000053190
ENSMUSG00000095646,ENSMFAG00000053076
ENSMUSG00000064036,ENSMFAG00000050667
ENSMUSG00000020664,ENSMFAG00000002432
ENSMUSG00000076802,ENSMFAG00000048728
ENSMUSG00000076050,ENSMFAG00000013821
ENSMUSG00000065486,ENSMFAG00000009389
ENSMUSG00000076399,ENSMFAG00000007496
ENSMUSG00000076140,ENSMFAG00000013777
ENSMUSG00000076122,ENSMFAG00000013618
ENSMUSG00000065418,ENSMFAG00000004133
ENSMUSG00000105629,ENSMFAG00000049711
ENSMUSG00000105629,ENSMFAG00000018283
ENSMUSG00000105629,ENSMFAG00000018524
ENSMUSG00002075483,ENSMFAG00000004894
ENSMUSG00000036273,ENSMFAG00000035387
ENSMUSG00000054051,ENSMFAG00000035553
ENSMUSG00000051910,ENSMFAG00000026936
ENSMUSG00000118668,ENSMFAG00000036152
ENSMUSG00000024558,ENSMFAG00000036294
ENSMUSG00000076438,ENSMFAG00000031586
ENSMUSG00000039652,ENSMFAG00000025613
ENSMUSG00000071738,ENSMFAG00000049824
ENSMUSG00000040935,ENSMFAG00000002560
ENSMUSG00000001225,ENSMFAG00000041395
ENSMUSG00000065434,ENSMFAG00000040444
ENSMUSG00000035367,ENSMFAG00000013223
ENSMUSG00000040631,ENSMFAG00000002708
ENSMUSG00000022905,ENSMFAG00000046020
ENSMUSG00000014245,ENSMFAG00000016246
ENSMUSG00000073085,ENSMFAG00000049824
ENSMUSG00000079525,ENSMFAG00000049824
ENSMUSG00000036223,ENSMFAG00000000025
ENSMUSG00000076142,ENSMFAG00000012769
ENSMUSG00000049699,ENSMFAG00000054643
ENSMUSG00000021553,ENSMFAG00000003710
ENSMUSG00000104629,ENSMFAG00000050743
ENSMUSG00000104629,ENSMFAG00000000524
ENSMUSG00000037784,ENSMFAG00000041691
ENSMUSG00000020366,ENSMFAG00000042461
ENSMUSG00000093813,ENSMFAG00000051476
ENSMUSG00000029684,ENSMFAG00000043459
ENSMUSG00000024013,ENSMFAG00000031103
ENSMUSG00000028651,ENSMFAG00000002082
ENSMUSG00000024560,ENSMFAG00000040503
ENSMUSG00000096541,ENSMFAG00000051476
ENSMUSG00000079450,ENSMFAG00000049824
ENSMUSG00000094779,ENSMFAG00000050743
ENSMUSG00000094779,ENSMFAG00000000524
ENSMUSG00000036913,ENSMFAG00000035817
ENSMUSG00000104915,ENSMFAG00000051029
ENSMUSG00000104915,ENSMFAG00000057465
ENSMUSG00000041730,ENSMFAG00000031409
ENSMUSG00000118415,ENSMFAG00000049824
ENSMUSG00000095474,ENSMFAG00000049824
ENSMUSG00000118430,ENSMFAG00000049824
ENSMUSG00000118483,ENSMFAG00000049824
ENSMUSG00000050148,ENSMFAG00000041060
ENSMUSG00000119184,ENSMFAG00000014631
ENSMUSG00000046093,ENSMFAG00000033968
ENSMUSG00000024270,ENSMFAG00000034536
ENSMUSG00000039219,ENSMFAG00000044016
ENSMUSG00000031410,ENSMFAG00000044902
ENSMUSG00000031410,ENSMFAG00000064808
ENSMUSG00000003955,ENSMFAG00000031641
ENSMUSG00000063415,ENSMFAG00000039784
ENSMUSG00000054958,ENSMFAG00000056414
ENSMUSG00000051726,ENSMFAG00000041973
ENSMUSG00000007682,ENSMFAG00000032410
ENSMUSG00000064688,ENSMFAG00000005576
ENSMUSG00000063605,ENSMFAG00000031763
ENSMUSG00000055184,ENSMFAG00000043825
ENSMUSG00000075229,ENSMFAG00000028753
ENSMUSG00000032744,ENSMFAG00000045585
ENSMUSG00000020585,ENSMFAG00000036772
ENSMUSG00000091318,ENSMFAG00000002841
ENSMUSG00000024271,ENSMFAG00000001408
ENSMUSG00000026432,ENSMFAG00000040573
ENSMUSG00000031984,ENSMFAG00000004049
ENSMUSG00000088750,ENSMFAG00000010661
ENSMUSG00000029679,ENSMFAG00000060531
ENSMUSG00000071540,ENSMFAG00000061102
ENSMUSG00000028524,ENSMFAG00000045356
ENSMUSG00000065223,ENSMFAG00000014316
ENSMUSG00000065223,ENSMFAG00000004150
ENSMUSG00000065223,ENSMFAG00000015540
ENSMUSG00000065223,ENSMFAG00000005323
ENSMUSG00000065223,ENSMFAG00000004186
ENSMUSG00000065223,ENSMFAG00000019016
ENSMUSG00000065223,ENSMFAG00000010653
ENSMUSG00000065223,ENSMFAG00000011641
ENSMUSG00000011837,ENSMFAG00000034273
ENSMUSG00000065260,ENSMFAG00000036040
ENSMUSG00000065260,ENSMFAG00000058526
ENSMUSG00000026709,ENSMFAG00000003036
ENSMUSG00000034362,ENSMFAG00000044624
ENSMUSG00000029680,ENSMFAG00000042410
ENSMUSG00000090083,ENSMFAG00000045899
ENSMUSG00000094877,ENSMFAG00000053530
ENSMUSG00000088471,ENSMFAG00000036459
ENSMUSG00000059657,ENSMFAG00000044624
ENSMUSG00000094231,ENSMFAG00000051476
ENSMUSG00000029682,ENSMFAG00000033680
ENSMUSG00002076436,ENSMFAG00000036459
ENSMUSG00000079597,ENSMFAG00000044624
ENSMUSG00000040003,ENSMFAG00000000960
ENSMUSG00000118690,ENSMFAG00000036459
ENSMUSG00000094733,ENSMFAG00000044624
ENSMUSG00002075226,ENSMFAG00000036459
ENSMUSG00000095620,ENSMFAG00000044624
ENSMUSG00000036591,ENSMFAG00000041144
ENSMUSG00000096168,ENSMFAG00000053076
ENSMUSG00000061577,ENSMFAG00000044983
ENSMUSG00000041707,ENSMFAG00000002242
ENSMUSG00000029678,ENSMFAG00000033680
ENSMUSG00000118857,ENSMFAG00000036459
ENSMUSG00000071562,ENSMFAG00000044624
ENSMUSG00000020642,ENSMFAG00000040034
ENSMUSG00002075883,ENSMFAG00000036459
ENSMUSG00002075042,ENSMFAG00000036459
ENSMUSG00000088517,ENSMFAG00000036459
ENSMUSG00000079594,ENSMFAG00000044624
ENSMUSG00000029804,ENSMFAG00000031659
ENSMUSG00000095370,ENSMFAG00000048728
ENSMUSG00002075419,ENSMFAG00000036459
ENSMUSG00000071561,ENSMFAG00000044624
ENSMUSG00000105080,ENSMFAG00000049711
ENSMUSG00000105080,ENSMFAG00000018283
ENSMUSG00000105080,ENSMFAG00000018524
ENSMUSG00000078127,ENSMFAG00000003550
ENSMUSG00000024019,ENSMFAG00000002390
ENSMUSG00000096038,ENSMFAG00000050743
ENSMUSG00000096038,ENSMFAG00000000524
ENSMUSG00000119194,ENSMFAG00000036459
ENSMUSG00000048537,ENSMFAG00000007641
ENSMUSG00000076821,ENSMFAG00000005530
ENSMUSG00002075800,ENSMFAG00000036459
ENSMUSG00000022902,ENSMFAG00000044624
ENSMUSG00000076822,ENSMFAG00000050033
ENSMUSG00000050666,ENSMFAG00000041628
ENSMUSG00000119903,ENSMFAG00000036459
ENSMUSG00000089117,ENSMFAG00000036459
ENSMUSG00000054905,ENSMFAG00000044624
ENSMUSG00000051980,ENSMFAG00000039832
ENSMUSG00000020641,ENSMFAG00000055130
ENSMUSG00000076823,ENSMFAG00000050743
ENSMUSG00000076823,ENSMFAG00000000524
ENSMUSG00000020086,ENSMFAG00000035957
ENSMUSG00000096417,ENSMFAG00000049711
ENSMUSG00000096417,ENSMFAG00000018283
ENSMUSG00000096417,ENSMFAG00000018524
ENSMUSG00000094220,ENSMFAG00000048728
ENSMUSG00000096908,ENSMFAG00000049711
ENSMUSG00000096908,ENSMFAG00000018283
ENSMUSG00000096908,ENSMFAG00000018524
ENSMUSG00000002949,ENSMFAG00000037515
ENSMUSG00000094766,ENSMFAG00000049711
ENSMUSG00000094766,ENSMFAG00000018283
ENSMUSG00000094766,ENSMFAG00000018524
ENSMUSG00000023307,ENSMFAG00000041550
ENSMUSG00000019815,ENSMFAG00000003825
ENSMUSG00000076831,ENSMFAG00000005530
ENSMUSG00000058252,ENSMFAG00000035995
ENSMUSG00000058252,ENSMFAG00000034649
ENSMUSG00000096900,ENSMFAG00000051476
ENSMUSG00000096149,ENSMFAG00000053190
ENSMUSG00000022901,ENSMFAG00000001459
ENSMUSG00000096551,ENSMFAG00000053076
ENSMUSG00000095862,ENSMFAG00000048728
ENSMUSG00000096615,ENSMFAG00000018221
ENSMUSG00000039616,ENSMFAG00000031865
ENSMUSG00000106620,ENSMFAG00000049711
ENSMUSG00000106620,ENSMFAG00000018283
ENSMUSG00000106620,ENSMFAG00000018524
ENSMUSG00000019814,ENSMFAG00000041256
ENSMUSG00000076839,ENSMFAG00000050743
ENSMUSG00000076839,ENSMFAG00000000524
ENSMUSG00000094966,ENSMFAG00000051476
ENSMUSG00000004552,ENSMFAG00000024648
ENSMUSG00000009941,ENSMFAG00000044902
ENSMUSG00000009941,ENSMFAG00000064808
ENSMUSG00000056999,ENSMFAG00000001464
ENSMUSG00000062866,ENSMFAG00000015323
ENSMUSG00000076846,ENSMFAG00000050743
ENSMUSG00000076846,ENSMFAG00000000524
ENSMUSG00000076848,ENSMFAG00000051029
ENSMUSG00000076848,ENSMFAG00000057465
ENSMUSG00000031985,ENSMFAG00000033412
ENSMUSG00000051506,ENSMFAG00000003522
ENSMUSG00000056214,ENSMFAG00000062674
ENSMUSG00000039904,ENSMFAG00000036183
ENSMUSG00000022900,ENSMFAG00000039518
ENSMUSG00000025584,ENSMFAG00000043620
ENSMUSG00000033769,ENSMFAG00000032926
ENSMUSG00000024570,ENSMFAG00000045009
ENSMUSG00000026605,ENSMFAG00000038702
ENSMUSG00000022575,ENSMFAG00000002466
ENSMUSG00000012443,ENSMFAG00000036607
ENSMUSG00000024018,ENSMFAG00000053946
ENSMUSG00000057130,ENSMFAG00000045793
ENSMUSG00000067889,ENSMFAG00000033998
ENSMUSG00000026027,ENSMFAG00000040280
ENSMUSG00000022574,ENSMFAG00000040150
ENSMUSG00000018509,ENSMFAG00000000377
ENSMUSG00000078963,ENSMFAG00000001811
ENSMUSG00000066027,ENSMFAG00000037490
ENSMUSG00000066027,ENSMFAG00000037280
ENSMUSG00000066027,ENSMFAG00000003419
ENSMUSG00000066027,ENSMFAG00000039073
ENSMUSG00000066027,ENSMFAG00000031578
ENSMUSG00000066027,ENSMFAG00000064937
ENSMUSG00000066027,ENSMFAG00000042798
ENSMUSG00000066027,ENSMFAG00000032967
ENSMUSG00000066027,ENSMFAG00000051805
ENSMUSG00000030663,ENSMFAG00000041653
ENSMUSG00000074030,ENSMFAG00000039846
ENSMUSG00000031986,ENSMFAG00000002589
ENSMUSG00000034006,ENSMFAG00000013643
ENSMUSG00000031987,ENSMFAG00000039962
ENSMUSG00000019505,ENSMFAG00000007367
ENSMUSG00000019505,ENSMFAG00000041207
ENSMUSG00000022899,ENSMFAG00000032143
ENSMUSG00000029676,ENSMFAG00000001359
ENSMUSG00000094828,ENSMFAG00000053530
ENSMUSG00000043557,ENSMFAG00000042141
ENSMUSG00000096678,ENSMFAG00000051476
ENSMUSG00000017119,ENSMFAG00000001301
ENSMUSG00000019810,ENSMFAG00000044682
ENSMUSG00000021036,ENSMFAG00000040259
ENSMUSG00000061787,ENSMFAG00000027320
ENSMUSG00000031785,ENSMFAG00000002223
ENSMUSG00000095607,ENSMFAG00000053076
ENSMUSG00000095126,ENSMFAG00000048728
ENSMUSG00000096138,ENSMFAG00000049711
ENSMUSG00000096138,ENSMFAG00000018283
ENSMUSG00000096138,ENSMFAG00000018524
ENSMUSG00000076855,ENSMFAG00000050033
ENSMUSG00000052676,ENSMFAG00000061745
ENSMUSG00000022571,ENSMFAG00000030365
ENSMUSG00000094562,ENSMFAG00000050743
ENSMUSG00000094562,ENSMFAG00000000524
ENSMUSG00000021301,ENSMFAG00000003543
ENSMUSG00000041673,ENSMFAG00000030931
ENSMUSG00000019809,ENSMFAG00000041371
ENSMUSG00000022570,ENSMFAG00000045210
ENSMUSG00000011257,ENSMFAG00000041481
ENSMUSG00000031409,ENSMFAG00000028504
ENSMUSG00000031409,ENSMFAG00000056029
ENSMUSG00000033735,ENSMFAG00000041573
ENSMUSG00000079036,ENSMFAG00000001551
ENSMUSG00000076858,ENSMFAG00000053530
ENSMUSG00000072969,ENSMFAG00000030606
ENSMUSG00000087666,ENSMFAG00000050743
ENSMUSG00000087666,ENSMFAG00000000524
ENSMUSG00000076862,ENSMFAG00000005761
ENSMUSG00000037709,ENSMFAG00000033016
ENSMUSG00000076863,ENSMFAG00000053952
ENSMUSG00000076863,ENSMFAG00000048642
ENSMUSG00000076866,ENSMFAG00000009501
ENSMUSG00000106289,ENSMFAG00000057785
ENSMUSG00000023990,ENSMFAG00000040195
ENSMUSG00000052688,ENSMFAG00000059436
ENSMUSG00000094936,ENSMFAG00000052468
ENSMUSG00000072964,ENSMFAG00000030578
ENSMUSG00000063506,ENSMFAG00000000983
ENSMUSG00002076596,ENSMFAG00000007785
ENSMUSG00002076596,ENSMFAG00000007847
ENSMUSG00000021040,ENSMFAG00000042960
ENSMUSG00000109398,ENSMFAG00000002728
ENSMUSG00000050846,ENSMFAG00000054876
ENSMUSG00000055150,ENSMFAG00000037006
ENSMUSG00000055150,ENSMFAG00000065655
ENSMUSG00000055150,ENSMFAG00000058999
ENSMUSG00000055150,ENSMFAG00000059886
ENSMUSG00000055150,ENSMFAG00000053137
ENSMUSG00000055150,ENSMFAG00000062325
ENSMUSG00000055150,ENSMFAG00000039693
ENSMUSG00000055150,ENSMFAG00000041032
ENSMUSG00000055150,ENSMFAG00000036734
ENSMUSG00000055150,ENSMFAG00000031149
ENSMUSG00000055150,ENSMFAG00000056555
ENSMUSG00000055150,ENSMFAG00000061895
ENSMUSG00000055150,ENSMFAG00000056900
ENSMUSG00000055150,ENSMFAG00000003893
ENSMUSG00000055150,ENSMFAG00000003360
ENSMUSG00000055150,ENSMFAG00000056862
ENSMUSG00000055150,ENSMFAG00000056643
ENSMUSG00000055150,ENSMFAG00000053179
ENSMUSG00000055150,ENSMFAG00000047981
ENSMUSG00000055150,ENSMFAG00000064276
ENSMUSG00000055150,ENSMFAG00000058083
ENSMUSG00000055150,ENSMFAG00000064904
ENSMUSG00000055150,ENSMFAG00000058251
ENSMUSG00000055150,ENSMFAG00000048334
ENSMUSG00000055150,ENSMFAG00000049522
ENSMUSG00000055150,ENSMFAG00000003888
ENSMUSG00000055150,ENSMFAG00000048681
ENSMUSG00000055150,ENSMFAG00000036816
ENSMUSG00000055150,ENSMFAG00000044275
ENSMUSG00000055150,ENSMFAG00000039163
ENSMUSG00000055150,ENSMFAG00000032192
ENSMUSG00000055150,ENSMFAG00000045795
ENSMUSG00000035818,ENSMFAG00000001676
ENSMUSG00000021039,ENSMFAG00000039000
ENSMUSG00000072295,ENSMFAG00000037284
ENSMUSG00000062861,ENSMFAG00000038897
ENSMUSG00000019808,ENSMFAG00000003480
ENSMUSG00000063704,ENSMFAG00000040120
ENSMUSG00000072966,ENSMFAG00000030449
ENSMUSG00000033323,ENSMFAG00000031816
ENSMUSG00000042249,ENSMFAG00000042105
ENSMUSG00000019806,ENSMFAG00000015355
ENSMUSG00000015672,ENSMFAG00000041218
ENSMUSG00000113805,ENSMFAG00000041029
ENSMUSG00000113805,ENSMFAG00000052371
ENSMUSG00000055485,ENSMFAG00000032873
ENSMUSG00000079034,ENSMFAG00000041029
ENSMUSG00000079034,ENSMFAG00000052371
ENSMUSG00000092019,ENSMFAG00000041029
ENSMUSG00000092019,ENSMFAG00000052371
ENSMUSG00000049232,ENSMFAG00000023556
ENSMUSG00000113489,ENSMFAG00000001146
ENSMUSG00000095724,ENSMFAG00000041029
ENSMUSG00000095724,ENSMFAG00000052371
ENSMUSG00000015671,ENSMFAG00000032277
ENSMUSG00000045441,ENSMFAG00000049179
ENSMUSG00000113201,ENSMFAG00000041029
ENSMUSG00000113201,ENSMFAG00000052371
ENSMUSG00000046761,ENSMFAG00000031846
ENSMUSG00000079031,ENSMFAG00000041029
ENSMUSG00000079031,ENSMFAG00000052371
ENSMUSG00000104876,ENSMFAG00000060322
ENSMUSG00001118660,ENSMFAG00000004517
ENSMUSG00000113951,ENSMFAG00000001146
ENSMUSG00000072905,ENSMFAG00000041029
ENSMUSG00000072905,ENSMFAG00000052371
ENSMUSG00000076873,ENSMFAG00000009822
ENSMUSG00000113971,ENSMFAG00000041029
ENSMUSG00000113971,ENSMFAG00000052371
ENSMUSG00000096619,ENSMFAG00000041029
ENSMUSG00000096619,ENSMFAG00000052371
ENSMUSG00000096276,ENSMFAG00000037490
ENSMUSG00000096276,ENSMFAG00000037280
ENSMUSG00000096276,ENSMFAG00000003419
ENSMUSG00000096276,ENSMFAG00000039073
ENSMUSG00000096276,ENSMFAG00000031578
ENSMUSG00000096276,ENSMFAG00000064937
ENSMUSG00000096276,ENSMFAG00000042798
ENSMUSG00000096276,ENSMFAG00000032967
ENSMUSG00000096276,ENSMFAG00000051805
ENSMUSG00000119172,ENSMFAG00000004517
ENSMUSG00000024211,ENSMFAG00000000810
ENSMUSG00000074628,ENSMFAG00000038882
ENSMUSG00000026604,ENSMFAG00000001580
ENSMUSG00000102018,ENSMFAG00000058039
ENSMUSG00000027247,ENSMFAG00000036912
ENSMUSG00000024293,ENSMFAG00000037398
ENSMUSG00000093536,ENSMFAG00000054978
ENSMUSG00000015501,ENSMFAG00000001298
ENSMUSG00000022838,ENSMFAG00000046362
ENSMUSG00000008206,ENSMFAG00000044404
ENSMUSG00000063458,ENSMFAG00000032903
ENSMUSG00000039182,ENSMFAG00000027286
ENSMUSG00000076067,ENSMFAG00000007290
ENSMUSG00000033720,ENSMFAG00000000876
ENSMUSG00000025077,ENSMFAG00000040983
ENSMUSG00000064655,ENSMFAG00000027888
ENSMUSG00000065778,ENSMFAG00000027888
ENSMUSG00000055254,ENSMFAG00000045094
ENSMUSG00000029125,ENSMFAG00000043473
ENSMUSG00000096049,ENSMFAG00000041029
ENSMUSG00000096049,ENSMFAG00000052371
ENSMUSG00000096803,ENSMFAG00000041029
ENSMUSG00000096803,ENSMFAG00000052371
ENSMUSG00000095717,ENSMFAG00000041029
ENSMUSG00000095717,ENSMFAG00000052371
ENSMUSG00000114075,ENSMFAG00000041029
ENSMUSG00000114075,ENSMFAG00000052371
ENSMUSG00000046913,ENSMFAG00000002156
ENSMUSG00000095799,ENSMFAG00000041029
ENSMUSG00000095799,ENSMFAG00000052371
ENSMUSG00000079029,ENSMFAG00000041029
ENSMUSG00000079029,ENSMFAG00000052371
ENSMUSG00000093847,ENSMFAG00000041029
ENSMUSG00000093847,ENSMFAG00000052371
ENSMUSG00000021044,ENSMFAG00000003597
ENSMUSG00000045659,ENSMFAG00000000110
ENSMUSG00000076436,ENSMFAG00000031586
ENSMUSG00000028519,ENSMFAG00000044031
ENSMUSG00000119251,ENSMFAG00000060318
ENSMUSG00000030102,ENSMFAG00000044748
ENSMUSG00000039116,ENSMFAG00000001233
ENSMUSG00000042268,ENSMFAG00000034099
ENSMUSG00000022837,ENSMFAG00000025425
ENSMUSG00000044477,ENSMFAG00000031438
ENSMUSG00000018820,ENSMFAG00000031815
ENSMUSG00000020636,ENSMFAG00000000829
ENSMUSG00000060470,ENSMFAG00000030742
ENSMUSG00000062202,ENSMFAG00000042789
ENSMUSG00000026603,ENSMFAG00000022994
ENSMUSG00000032473,ENSMFAG00000041655
ENSMUSG00000022174,ENSMFAG00000029604
ENSMUSG00000002477,ENSMFAG00000042080
ENSMUSG00000021936,ENSMFAG00000038064
ENSMUSG00000034243,ENSMFAG00000031026
ENSMUSG00000019868,ENSMFAG00000032780
ENSMUSG00000031428,ENSMFAG00000030157
ENSMUSG00000031428,ENSMFAG00000045388
ENSMUSG00000006445,ENSMFAG00000045141
ENSMUSG00000002475,ENSMFAG00000045155
ENSMUSG00000022322,ENSMFAG00000036653
ENSMUSG00000045967,ENSMFAG00000042015
ENSMUSG00000042251,ENSMFAG00000039759
ENSMUSG00000035062,ENSMFAG00000031983
ENSMUSG00000042532,ENSMFAG00000002194
ENSMUSG00000061477,ENSMFAG00000042581
ENSMUSG00000084421,ENSMFAG00000020393
ENSMUSG00000119744,ENSMFAG00000004897
ENSMUSG00000096468,ENSMFAG00000037508
ENSMUSG00000064658,ENSMFAG00000009552
ENSMUSG00000053747,ENSMFAG00000029238
ENSMUSG00000094714,ENSMFAG00000037508
ENSMUSG00000039987,ENSMFAG00000033086
ENSMUSG00000018822,ENSMFAG00000037089
ENSMUSG00000071662,ENSMFAG00000033674
ENSMUSG00000044244,ENSMFAG00000045437
ENSMUSG00000006218,ENSMFAG00000003119
ENSMUSG00000020630,ENSMFAG00000000063
ENSMUSG00000019865,ENSMFAG00000003897
ENSMUSG00000005732,ENSMFAG00000045937
ENSMUSG00000033770,ENSMFAG00000033135
ENSMUSG00000026786,ENSMFAG00000044592
ENSMUSG00000031786,ENSMFAG00000038450
ENSMUSG00000071661,ENSMFAG00000003520
ENSMUSG00000032096,ENSMFAG00000029358
ENSMUSG00000071660,ENSMFAG00000036997
ENSMUSG00000020629,ENSMFAG00000040320
ENSMUSG00000013275,ENSMFAG00000041913
ENSMUSG00000031438,ENSMFAG00000003335
ENSMUSG00000019867,ENSMFAG00000000363
ENSMUSG00000071659,ENSMFAG00000041014
ENSMUSG00000020628,ENSMFAG00000045483
ENSMUSG00000080364,ENSMFAG00000009210
ENSMUSG00000080364,ENSMFAG00000009102
ENSMUSG00000022721,ENSMFAG00000038705
ENSMUSG00000093064,ENSMFAG00000054674
ENSMUSG00000026433,ENSMFAG00000039685
ENSMUSG00000024294,ENSMFAG00000044890
ENSMUSG00000036022,ENSMFAG00000002198
ENSMUSG00000027244,ENSMFAG00000038288
ENSMUSG00002076853,ENSMFAG00000050799
ENSMUSG00002076853,ENSMFAG00000047247
ENSMUSG00000071658,ENSMFAG00000039354
ENSMUSG00000039910,ENSMFAG00000064980
ENSMUSG00000039910,ENSMFAG00000059082
ENSMUSG00000023073,ENSMFAG00000040253
ENSMUSG00000071657,ENSMFAG00000031001
ENSMUSG00000045435,ENSMFAG00000051170
ENSMUSG00000039891,ENSMFAG00000049682
ENSMUSG00000039891,ENSMFAG00000040730
ENSMUSG00000039891,ENSMFAG00000056028
ENSMUSG00000089162,ENSMFAG00000004196
ENSMUSG00000089162,ENSMFAG00000057481
ENSMUSG00000039968,ENSMFAG00000038157
ENSMUSG00000025648,ENSMFAG00000001535
ENSMUSG00000049537,ENSMFAG00000038646
ENSMUSG00000031787,ENSMFAG00000043372
ENSMUSG00000018507,ENSMFAG00000030978
ENSMUSG00000006216,ENSMFAG00000033135
ENSMUSG00000038079,ENSMFAG00000039637
ENSMUSG00000039879,ENSMFAG00000060263
ENSMUSG00000037936,ENSMFAG00000000329
ENSMUSG00000078453,ENSMFAG00000058499
ENSMUSG00000078453,ENSMFAG00000061856
ENSMUSG00000078453,ENSMFAG00000046040
ENSMUSG00000078453,ENSMFAG00000059773
ENSMUSG00000024026,ENSMFAG00000046082
ENSMUSG00000019854,ENSMFAG00000059637
ENSMUSG00000019854,ENSMFAG00000038624
ENSMUSG00000036013,ENSMFAG00000003602
ENSMUSG00000036613,ENSMFAG00000045352
ENSMUSG00000027599,ENSMFAG00000020573
ENSMUSG00000064437,ENSMFAG00000023518
ENSMUSG00000065734,ENSMFAG00000023545
ENSMUSG00000077457,ENSMFAG00000007855
ENSMUSG00000087816,ENSMFAG00000014610
ENSMUSG00000087816,ENSMFAG00000017129
ENSMUSG00000001995,ENSMFAG00000039676
ENSMUSG00000065399,ENSMFAG00000013543
ENSMUSG00000065399,ENSMFAG00000006970
ENSMUSG00000106348,ENSMFAG00000006758
ENSMUSG00000028149,ENSMFAG00000000128
ENSMUSG00000023074,ENSMFAG00000062687
ENSMUSG00000023074,ENSMFAG00000039595
ENSMUSG00000021190,ENSMFAG00000044255
ENSMUSG00000045215,ENSMFAG00000032715
ENSMUSG00000108841,ENSMFAG00000026102
ENSMUSG00000006221,ENSMFAG00000008280
ENSMUSG00000070637,ENSMFAG00000045613
ENSMUSG00000071656,ENSMFAG00000049892
ENSMUSG00000040997,ENSMFAG00000001529
ENSMUSG00000006215,ENSMFAG00000037882
ENSMUSG00000071655,ENSMFAG00000045415
ENSMUSG00000024359,ENSMFAG00000045132
ENSMUSG00000033826,ENSMFAG00000036549
ENSMUSG00000021192,ENSMFAG00000001742
ENSMUSG00000060090,ENSMFAG00000039362
ENSMUSG00000027243,ENSMFAG00000002487
ENSMUSG00000046417,ENSMFAG00000056783
ENSMUSG00000028771,ENSMFAG00000030934
ENSMUSG00000002524,ENSMFAG00000043373
ENSMUSG00000027639,ENSMFAG00000036597
ENSMUSG00000070167,ENSMFAG00000020956
ENSMUSG00000070167,ENSMFAG00000020936
ENSMUSG00000071652,ENSMFAG00000031212
ENSMUSG00000026700,ENSMFAG00000001460
ENSMUSG00000021318,ENSMFAG00000057391
ENSMUSG00000071650,ENSMFAG00000045211
ENSMUSG00000020376,ENSMFAG00000019863
ENSMUSG00000089872,ENSMFAG00000034322
ENSMUSG00000091896,ENSMFAG00000003689
ENSMUSG00000032475,ENSMFAG00000044882
ENSMUSG00000040761,ENSMFAG00000041974
ENSMUSG00000021194,ENSMFAG00000032473
ENSMUSG00000021940,ENSMFAG00000032692
ENSMUSG00000087813,ENSMFAG00000004865
ENSMUSG00000070287,ENSMFAG00000016006
ENSMUSG00000057963,ENSMFAG00000040735
ENSMUSG00000002031,ENSMFAG00000044763
ENSMUSG00000029480,ENSMFAG00000037879
ENSMUSG00000034947,ENSMFAG00000031972
ENSMUSG00000023070,ENSMFAG00000040199
ENSMUSG00000051343,ENSMFAG00000026056
ENSMUSG00000050930,ENSMFAG00000035487
ENSMUSG00000031483,ENSMFAG00000030735
ENSMUSG00000066755,ENSMFAG00000065788
ENSMUSG00000049173,ENSMFAG00000035709
ENSMUSG00000064398,ENSMFAG00000058056
ENSMUSG00000064398,ENSMFAG00000021425
ENSMUSG00000021943,ENSMFAG00000038179
ENSMUSG00000025889,ENSMFAG00000041402
ENSMUSG00000031059,ENSMFAG00000017855
ENSMUSG00000031059,ENSMFAG00000000409
ENSMUSG00000041324,ENSMFAG00000054517
ENSMUSG00000072625,ENSMFAG00000032108
ENSMUSG00000043079,ENSMFAG00000031848
ENSMUSG00000000817,ENSMFAG00000053742
ENSMUSG00000031060,ENSMFAG00000032405
ENSMUSG00000110067,ENSMFAG00000053475
ENSMUSG00000057637,ENSMFAG00000037989
ENSMUSG00000041534,ENSMFAG00000038867
ENSMUSG00000075590,ENSMFAG00000002873
ENSMUSG00000096458,ENSMFAG00000050773
ENSMUSG00000119058,ENSMFAG00000004898
ENSMUSG00000000959,ENSMFAG00000015207
ENSMUSG00000068302,ENSMFAG00000054075
ENSMUSG00000055137,ENSMFAG00000043400
ENSMUSG00000022718,ENSMFAG00000033708
ENSMUSG00000056476,ENSMFAG00000044786
ENSMUSG00000028583,ENSMFAG00000001482
ENSMUSG00000026634,ENSMFAG00000039813
ENSMUSG00000054641,ENSMFAG00000001909
ENSMUSG00000091931,ENSMFAG00000039722
ENSMUSG00000071392,ENSMFAG00000037282
ENSMUSG00000071392,ENSMFAG00000062647
ENSMUSG00000041712,ENSMFAG00000018470
ENSMUSG00000037905,ENSMFAG00000041745
ENSMUSG00000118859,ENSMFAG00000064900
ENSMUSG00000118859,ENSMFAG00000049640
ENSMUSG00000118859,ENSMFAG00000054660
ENSMUSG00000118859,ENSMFAG00000048057
ENSMUSG00000118859,ENSMFAG00000062697
ENSMUSG00000118859,ENSMFAG00000053858
ENSMUSG00000118859,ENSMFAG00000052702
ENSMUSG00000118859,ENSMFAG00000054202
ENSMUSG00000118859,ENSMFAG00000065030
ENSMUSG00000118859,ENSMFAG00000058309
ENSMUSG00000118859,ENSMFAG00000054865
ENSMUSG00000010362,ENSMFAG00000032968
ENSMUSG00000012429,ENSMFAG00000045608
ENSMUSG00000044519,ENSMFAG00000037619
ENSMUSG00000041297,ENSMFAG00000000645
ENSMUSG00000029482,ENSMFAG00000028497
ENSMUSG00000000958,ENSMFAG00000045060
ENSMUSG00000041702,ENSMFAG00000040615
ENSMUSG00000030103,ENSMFAG00000040134
ENSMUSG00000078503,ENSMFAG00000042028
ENSMUSG00000059554,ENSMFAG00000032668
ENSMUSG00000034936,ENSMFAG00000029966
ENSMUSG00000024608,ENSMFAG00000039531
ENSMUSG00000058186,ENSMFAG00000042028
ENSMUSG00000033706,ENSMFAG00000000968
ENSMUSG00000047821,ENSMFAG00000044202
ENSMUSG00000080452,ENSMFAG00000036238
ENSMUSG00000093246,ENSMFAG00000035085
ENSMUSG00000013539,ENSMFAG00000004021
ENSMUSG00000002032,ENSMFAG00000041848
ENSMUSG00000066009,ENSMFAG00000042028
ENSMUSG00000039835,ENSMFAG00000034365
ENSMUSG00000021223,ENSMFAG00000021512
ENSMUSG00000001300,ENSMFAG00000034043
ENSMUSG00000034931,ENSMFAG00000044651
ENSMUSG00000024610,ENSMFAG00000042836
ENSMUSG00000070605,ENSMFAG00000042028
ENSMUSG00000040297,ENSMFAG00000046345
ENSMUSG00000030008,ENSMFAG00000043171
ENSMUSG00000056300,ENSMFAG00000042028
ENSMUSG00000070498,ENSMFAG00000006929
ENSMUSG00000071649,ENSMFAG00000037575
ENSMUSG00000063245,ENSMFAG00000042028
ENSMUSG00000029245,ENSMFAG00000002837
ENSMUSG00000041236,ENSMFAG00000041501
ENSMUSG00000040459,ENSMFAG00000033482
ENSMUSG00000071647,ENSMFAG00000037614
ENSMUSG00000078498,ENSMFAG00000042028
ENSMUSG00000030105,ENSMFAG00000035233
ENSMUSG00000078497,ENSMFAG00000042028
ENSMUSG00000019851,ENSMFAG00000054526
ENSMUSG00000031851,ENSMFAG00000037305
ENSMUSG00000025647,ENSMFAG00000033208
ENSMUSG00000019850,ENSMFAG00000000326
ENSMUSG00000024613,ENSMFAG00000041830
ENSMUSG00000065999,ENSMFAG00000042028
ENSMUSG00000026784,ENSMFAG00000042603
ENSMUSG00000048337,ENSMFAG00000030803
ENSMUSG00000000326,ENSMFAG00000030334
ENSMUSG00000010406,ENSMFAG00000000620
ENSMUSG00000066000,ENSMFAG00000042028
ENSMUSG00000090173,ENSMFAG00000039127
ENSMUSG00000079157,ENSMFAG00000030954
ENSMUSG00000028648,ENSMFAG00000027526
ENSMUSG00000039578,ENSMFAG00000032924
ENSMUSG00000071531,ENSMFAG00000034903
ENSMUSG00000060212,ENSMFAG00000034561
ENSMUSG00002074918,ENSMFAG00000065662
ENSMUSG00000024780,ENSMFAG00000000879
ENSMUSG00000028907,ENSMFAG00000030442
ENSMUSG00000000957,ENSMFAG00000038289
ENSMUSG00000037568,ENSMFAG00000041909
ENSMUSG00000021314,ENSMFAG00000000228
ENSMUSG00000032643,ENSMFAG00000000875
ENSMUSG00000075704,ENSMFAG00000039502
ENSMUSG00000045591,ENSMFAG00000027435
ENSMUSG00000027641,ENSMFAG00000030714
ENSMUSG00000020009,ENSMFAG00000003984
ENSMUSG00000028902,ENSMFAG00000043047
ENSMUSG00000086277,ENSMFAG00000000294
ENSMUSG00000021224,ENSMFAG00000046300
ENSMUSG00000030104,ENSMFAG00000038359
ENSMUSG00000014177,ENSMFAG00000036095
ENSMUSG00000014177,ENSMFAG00000062090
ENSMUSG00000041479,ENSMFAG00000003742
ENSMUSG00000026698,ENSMFAG00000021978
ENSMUSG00000001924,ENSMFAG00000001128
ENSMUSG00000027849,ENSMFAG00000041208
ENSMUSG00000066595,ENSMFAG00000032026
ENSMUSG00000042200,ENSMFAG00000041656
ENSMUSG00000090862,ENSMFAG00000032124
ENSMUSG00000042189,ENSMFAG00000041688
ENSMUSG00000071424,ENSMFAG00000043573
ENSMUSG00000039760,ENSMFAG00000030047
ENSMUSG00000028894,ENSMFAG00000034447
ENSMUSG00000079550,ENSMFAG00000038003
ENSMUSG00000017724,ENSMFAG00000042484
ENSMUSG00000031853,ENSMFAG00000014791
ENSMUSG00000041471,ENSMFAG00000003942
ENSMUSG00000041471,ENSMFAG00000000157
ENSMUSG00000020007,ENSMFAG00000030911
ENSMUSG00000071573,ENSMFAG00000034629
ENSMUSG00000064775,ENSMFAG00000051333
ENSMUSG00000119791,ENSMFAG00000051127
ENSMUSG00000050473,ENSMFAG00000036990
ENSMUSG00000021456,ENSMFAG00000025800
ENSMUSG00000030849,ENSMFAG00000045752
ENSMUSG00000030213,ENSMFAG00000045202
ENSMUSG00000020003,ENSMFAG00000036835
ENSMUSG00000036908,ENSMFAG00000043671
ENSMUSG00000034324,ENSMFAG00000034398
ENSMUSG00000021794,ENSMFAG00000043717
ENSMUSG00000021794,ENSMFAG00000003051
ENSMUSG00000039438,ENSMFAG00000031481
ENSMUSG00000027104,ENSMFAG00000002278
ENSMUSG00000069805,ENSMFAG00000033213
ENSMUSG00000029253,ENSMFAG00000017348
ENSMUSG00000049734,ENSMFAG00000041577
ENSMUSG00000025646,ENSMFAG00000040873
ENSMUSG00000043681,ENSMFAG00000041417
ENSMUSG00000043681,ENSMFAG00000043901
ENSMUSG00000050075,ENSMFAG00000030882
ENSMUSG00000021461,ENSMFAG00000034968
ENSMUSG00000023064,ENSMFAG00000034096
ENSMUSG00000087119,ENSMFAG00000039546
ENSMUSG00000047940,ENSMFAG00000003718
ENSMUSG00000039934,ENSMFAG00000007311
ENSMUSG00000071369,ENSMFAG00000040944
ENSMUSG00000024782,ENSMFAG00000041698
ENSMUSG00000036097,ENSMFAG00000042449
ENSMUSG00000024617,ENSMFAG00000004062
ENSMUSG00000030007,ENSMFAG00000039286
ENSMUSG00000028890,ENSMFAG00000002419
ENSMUSG00000021796,ENSMFAG00000040345
ENSMUSG00000036381,ENSMFAG00000030384
ENSMUSG00000091537,ENSMFAG00000006665
ENSMUSG00000020829,ENSMFAG00000039525
ENSMUSG00000025645,ENSMFAG00000035841
ENSMUSG00000065159,ENSMFAG00000051399
ENSMUSG00000078570,ENSMFAG00000003611
ENSMUSG00000025207,ENSMFAG00000038405
ENSMUSG00000051431,ENSMFAG00000003685
ENSMUSG00000002028,ENSMFAG00000052163
ENSMUSG00000033998,ENSMFAG00000041435
ENSMUSG00000001493,ENSMFAG00000036302
ENSMUSG00000036362,ENSMFAG00000043480
ENSMUSG00000018217,ENSMFAG00000045679
ENSMUSG00000057060,ENSMFAG00000045604
ENSMUSG00000047674,ENSMFAG00000028491
ENSMUSG00000090843,ENSMFAG00000043816
ENSMUSG00000036353,ENSMFAG00000036474
ENSMUSG00000028889,ENSMFAG00000003487
ENSMUSG00000021798,ENSMFAG00000026973
ENSMUSG00000051671,ENSMFAG00000034136
ENSMUSG00000027601,ENSMFAG00000042646
ENSMUSG00000042763,ENSMFAG00000003403
ENSMUSG00000001494,ENSMFAG00000064747
ENSMUSG00000031066,ENSMFAG00000043917
ENSMUSG00000028876,ENSMFAG00000039103
ENSMUSG00000028876,ENSMFAG00000050459
ENSMUSG00000028876,ENSMFAG00000041787
ENSMUSG00000070407,ENSMFAG00000059170
ENSMUSG00000056755,ENSMFAG00000027785
ENSMUSG00000050132,ENSMFAG00000000906
ENSMUSG00000028873,ENSMFAG00000001570
ENSMUSG00000043487,ENSMFAG00000031617
ENSMUSG00000019996,ENSMFAG00000042781
ENSMUSG00000042523,ENSMFAG00000035392
ENSMUSG00000030214,ENSMFAG00000037858
ENSMUSG00000025208,ENSMFAG00000036954
ENSMUSG00000051495,ENSMFAG00000041239
ENSMUSG00000031486,ENSMFAG00000042939
ENSMUSG00000025209,ENSMFAG00000032824
ENSMUSG00000028060,ENSMFAG00000003201
ENSMUSG00000042148,ENSMFAG00000042405
ENSMUSG00000035342,ENSMFAG00000048904
ENSMUSG00000024030,ENSMFAG00000035347
ENSMUSG00000037315,ENSMFAG00000001112
ENSMUSG00000057604,ENSMFAG00000033976
ENSMUSG00000026632,ENSMFAG00000041006
ENSMUSG00000052026,ENSMFAG00000039840
ENSMUSG00000054383,ENSMFAG00000007972
ENSMUSG00000020948,ENSMFAG00000033166
ENSMUSG00000047013,ENSMFAG00000042911
ENSMUSG00000044730,ENSMFAG00000063901
ENSMUSG00000020590,ENSMFAG00000039975
ENSMUSG00000074818,ENSMFAG00000037794
ENSMUSG00000037286,ENSMFAG00000033986
ENSMUSG00000073551,ENSMFAG00000001756
ENSMUSG00000028871,ENSMFAG00000043851
ENSMUSG00000031130,ENSMFAG00000000136
ENSMUSG00000067873,ENSMFAG00000044705
ENSMUSG00000071847,ENSMFAG00000003938
ENSMUSG00000017344,ENSMFAG00000033337
ENSMUSG00000024029,ENSMFAG00000045102
ENSMUSG00000028869,ENSMFAG00000039033
ENSMUSG00000024028,ENSMFAG00000057433
ENSMUSG00000024581,ENSMFAG00000046030
ENSMUSG00000024032,ENSMFAG00000030916
ENSMUSG00000029254,ENSMFAG00000000570
ENSMUSG00000093904,ENSMFAG00000003478
ENSMUSG00000047759,ENSMFAG00000062338
ENSMUSG00000024034,ENSMFAG00000003673
ENSMUSG00000071341,ENSMFAG00000051388
ENSMUSG00000010841,ENSMFAG00000056032
ENSMUSG00000065637,ENSMFAG00000023757
ENSMUSG00000065637,ENSMFAG00000054398
ENSMUSG00000065637,ENSMFAG00000023775
ENSMUSG00000031788,ENSMFAG00000000179
ENSMUSG00000034387,ENSMFAG00000035455
ENSMUSG00000037608,ENSMFAG00000039754
ENSMUSG00000042707,ENSMFAG00000038046
ENSMUSG00000025212,ENSMFAG00000035501
ENSMUSG00000105448,ENSMFAG00000006330
ENSMUSG00000036334,ENSMFAG00000002055
ENSMUSG00000001103,ENSMFAG00000060033
ENSMUSG00000050213,ENSMFAG00000040288
ENSMUSG00000051232,ENSMFAG00000027349
ENSMUSG00000118669,ENSMFAG00000038042
ENSMUSG00000021280,ENSMFAG00000002426
ENSMUSG00000029416,ENSMFAG00000039467
ENSMUSG00000022797,ENSMFAG00000000711
ENSMUSG00000031131,ENSMFAG00000035875
ENSMUSG00000062694,ENSMFAG00000037376
ENSMUSG00000040265,ENSMFAG00000035372
ENSMUSG00000049112,ENSMFAG00000037530
ENSMUSG00000065599,ENSMFAG00000015990
ENSMUSG00000065475,ENSMFAG00000006060
ENSMUSG00000105904,ENSMFAG00000014382
ENSMUSG00000119802,ENSMFAG00000059448
ENSMUSG00000028057,ENSMFAG00000054543
ENSMUSG00000025377,ENSMFAG00000045078
ENSMUSG00000021466,ENSMFAG00000031893
ENSMUSG00000029920,ENSMFAG00000042606
ENSMUSG00000042677,ENSMFAG00000032647
ENSMUSG00000031132,ENSMFAG00000041794
ENSMUSG00000064280,ENSMFAG00000000331
ENSMUSG00000001985,ENSMFAG00000002477
ENSMUSG00000025213,ENSMFAG00000063924
ENSMUSG00000031134,ENSMFAG00000032479
ENSMUSG00000025880,ENSMFAG00000042998
ENSMUSG00000042345,ENSMFAG00000031488
ENSMUSG00000028859,ENSMFAG00000032558
ENSMUSG00000118672,ENSMFAG00000001838
ENSMUSG00000071648,ENSMFAG00000002310
ENSMUSG00000067279,ENSMFAG00000000348
ENSMUSG00000035638,ENSMFAG00000033975
ENSMUSG00000025203,ENSMFAG00000053691
ENSMUSG00000025203,ENSMFAG00000040755
ENSMUSG00000068923,ENSMFAG00000039413
ENSMUSG00000021281,ENSMFAG00000040536
ENSMUSG00000039899,ENSMFAG00000037714
ENSMUSG00000047221,ENSMFAG00000042786
ENSMUSG00000050195,ENSMFAG00000053691
ENSMUSG00000050195,ENSMFAG00000040755
ENSMUSG00000022800,ENSMFAG00000033352
ENSMUSG00000059921,ENSMFAG00000026235
ENSMUSG00000033632,ENSMFAG00000003614
ENSMUSG00000078572,ENSMFAG00000045199
ENSMUSG00000049971,ENSMFAG00000033456
ENSMUSG00000036961,ENSMFAG00000035598
ENSMUSG00000001100,ENSMFAG00000033246
ENSMUSG00000051984,ENSMFAG00000043520
ENSMUSG00000024033,ENSMFAG00000043304
ENSMUSG00000028861,ENSMFAG00000038082
ENSMUSG00000034310,ENSMFAG00000001610
ENSMUSG00000042638,ENSMFAG00000002320
ENSMUSG00000054477,ENSMFAG00000034607
ENSMUSG00000042616,ENSMFAG00000043477
ENSMUSG00000021282,ENSMFAG00000033053
ENSMUSG00000063430,ENSMFAG00000042790
ENSMUSG00000017615,ENSMFAG00000033389
ENSMUSG00000074627,ENSMFAG00000041031
ENSMUSG00000035898,ENSMFAG00000001344
ENSMUSG00000032846,ENSMFAG00000044175
ENSMUSG00000071180,ENSMFAG00000051035
ENSMUSG00000050188,ENSMFAG00000061237
ENSMUSG00000062510,ENSMFAG00000042309
ENSMUSG00000019647,ENSMFAG00000041392
ENSMUSG00000042608,ENSMFAG00000000703
ENSMUSG00000025204,ENSMFAG00000020533
ENSMUSG00000025204,ENSMFAG00000024716
ENSMUSG00000025204,ENSMFAG00000002209
ENSMUSG00000025204,ENSMFAG00000040760
ENSMUSG00000024036,ENSMFAG00000036570
ENSMUSG00000039109,ENSMFAG00000001306
ENSMUSG00000069094,ENSMFAG00000034489
ENSMUSG00000018770,ENSMFAG00000056189
ENSMUSG00000070126,ENSMFAG00000012003
ENSMUSG00000065516,ENSMFAG00000020383
ENSMUSG00000059003,ENSMFAG00000037083
ENSMUSG00000026630,ENSMFAG00000031859
ENSMUSG00000019992,ENSMFAG00000038742
ENSMUSG00000021799,ENSMFAG00000045517
ENSMUSG00000052373,ENSMFAG00000038172
ENSMUSG00000063810,ENSMFAG00000063588
ENSMUSG00000063810,ENSMFAG00000038592
ENSMUSG00000053646,ENSMFAG00000035774
ENSMUSG00000091017,ENSMFAG00000001230
ENSMUSG00000065110,ENSMFAG00000015397
ENSMUSG00000026628,ENSMFAG00000033392
ENSMUSG00000036450,ENSMFAG00000043376
ENSMUSG00000019990,ENSMFAG00000032923
ENSMUSG00000027642,ENSMFAG00000030858
ENSMUSG00000036357,ENSMFAG00000030844
ENSMUSG00000026024,ENSMFAG00000039968
ENSMUSG00000024732,ENSMFAG00000036759
ENSMUSG00000052446,ENSMFAG00000040067
ENSMUSG00000052446,ENSMFAG00000043810
ENSMUSG00000052446,ENSMFAG00000020521
ENSMUSG00000052446,ENSMFAG00000034497
ENSMUSG00000052446,ENSMFAG00000039684
ENSMUSG00000031133,ENSMFAG00000040848
ENSMUSG00000024731,ENSMFAG00000050089
ENSMUSG00000041408,ENSMFAG00000036863
ENSMUSG00000050212,ENSMFAG00000053220
ENSMUSG00000073758,ENSMFAG00000036528
ENSMUSG00000035578,ENSMFAG00000034341
ENSMUSG00000021622,ENSMFAG00000000490
ENSMUSG00000029255,ENSMFAG00000034593
ENSMUSG00000029919,ENSMFAG00000044963
ENSMUSG00000048520,ENSMFAG00000000510
ENSMUSG00000021708,ENSMFAG00000003054
ENSMUSG00000060636,ENSMFAG00000024249
ENSMUSG00000060636,ENSMFAG00000050543
ENSMUSG00000060636,ENSMFAG00000052873
ENSMUSG00000060636,ENSMFAG00000060510
ENSMUSG00000060032,ENSMFAG00000060261
ENSMUSG00000047237,ENSMFAG00000037485
ENSMUSG00000089694,ENSMFAG00000052664
ENSMUSG00000067571,ENSMFAG00000036056
ENSMUSG00000051262,ENSMFAG00000052664
ENSMUSG00000114133,ENSMFAG00000046175
ENSMUSG00000087839,ENSMFAG00000053757
ENSMUSG00000049625,ENSMFAG00000054694
ENSMUSG00000094584,ENSMFAG00000030452
ENSMUSG00000064493,ENSMFAG00000015757
ENSMUSG00000007411,ENSMFAG00000001291
ENSMUSG00000039057,ENSMFAG00000043164
ENSMUSG00000024730,ENSMFAG00000002193
ENSMUSG00000079495,ENSMFAG00000052664
ENSMUSG00000048904,ENSMFAG00000018711
ENSMUSG00000021508,ENSMFAG00000049393
ENSMUSG00000019986,ENSMFAG00000033411
ENSMUSG00000027845,ENSMFAG00000042532
ENSMUSG00000088149,ENSMFAG00000051367
ENSMUSG00000021509,ENSMFAG00000037816
ENSMUSG00000029917,ENSMFAG00000039454
ENSMUSG00000026694,ENSMFAG00000045158
ENSMUSG00000027643,ENSMFAG00000044486
ENSMUSG00000032527,ENSMFAG00000000457
ENSMUSG00000001105,ENSMFAG00000032862
ENSMUSG00000041119,ENSMFAG00000036884
ENSMUSG00000022802,ENSMFAG00000031579
ENSMUSG00000043962,ENSMFAG00000040144
ENSMUSG00000021538,ENSMFAG00000051579
ENSMUSG00000000037,ENSMFAG00000042495
ENSMUSG00000063019,ENSMFAG00000029454
ENSMUSG00000035509,ENSMFAG00000050535
ENSMUSG00000009207,ENSMFAG00000002105
ENSMUSG00000024728,ENSMFAG00000030654
ENSMUSG00002076382,ENSMFAG00000056503
ENSMUSG00000041078,ENSMFAG00000038022
ENSMUSG00000022808,ENSMFAG00000040321
ENSMUSG00000052430,ENSMFAG00000037039
ENSMUSG00000021539,ENSMFAG00000032677
ENSMUSG00000037499,ENSMFAG00000061910
ENSMUSG00000065481,ENSMFAG00000034741
ENSMUSG00000039883,ENSMFAG00000006231
ENSMUSG00000057240,ENSMFAG00000042213
ENSMUSG00000057726,ENSMFAG00000042251
ENSMUSG00000036545,ENSMFAG00000002799
ENSMUSG00000026627,ENSMFAG00000042534
ENSMUSG00000040605,ENSMFAG00000032329
ENSMUSG00000047889,ENSMFAG00000043844
ENSMUSG00000058690,ENSMFAG00000042163
ENSMUSG00000061259,ENSMFAG00000035772
ENSMUSG00000026023,ENSMFAG00000002188
ENSMUSG00000101031,ENSMFAG00000002706
ENSMUSG00000024673,ENSMFAG00000043565
ENSMUSG00000069248,ENSMFAG00000043844
ENSMUSG00000049314,ENSMFAG00000037485
ENSMUSG00000052180,ENSMFAG00000043844
ENSMUSG00000065530,ENSMFAG00000005634
ENSMUSG00000065557,ENSMFAG00000040895
ENSMUSG00000054523,ENSMFAG00000043268
ENSMUSG00000062210,ENSMFAG00000042688
ENSMUSG00000000386,ENSMFAG00000044214
ENSMUSG00000001424,ENSMFAG00000038114
ENSMUSG00000059395,ENSMFAG00000049741
ENSMUSG00000037278,ENSMFAG00000031646
ENSMUSG00000019982,ENSMFAG00000036535
ENSMUSG00000078139,ENSMFAG00000057005
ENSMUSG00000078139,ENSMFAG00000038304
ENSMUSG00000063894,ENSMFAG00000002333
ENSMUSG00000099398,ENSMFAG00000039641
ENSMUSG00000038525,ENSMFAG00000033426
ENSMUSG00000024672,ENSMFAG00000042905
ENSMUSG00002076575,ENSMFAG00000064199
ENSMUSG00000066415,ENSMFAG00000030982
ENSMUSG00000061701,ENSMFAG00000037485
ENSMUSG00000024381,ENSMFAG00000031946
ENSMUSG00000017376,ENSMFAG00000041658
ENSMUSG00000032952,ENSMFAG00000020154
ENSMUSG00000026626,ENSMFAG00000034643
ENSMUSG00000023341,ENSMFAG00000044214
ENSMUSG00000043154,ENSMFAG00000022133
ENSMUSG00000072845,ENSMFAG00000039434
ENSMUSG00000044296,ENSMFAG00000039136
ENSMUSG00000119655,ENSMFAG00000040674
ENSMUSG00000019970,ENSMFAG00000037310
ENSMUSG00000044968,ENSMFAG00000044187
ENSMUSG00000001819,ENSMFAG00000033237
ENSMUSG00000058773,ENSMFAG00000005286
ENSMUSG00000101972,ENSMFAG00000054950
ENSMUSG00000049489,ENSMFAG00000044349
ENSMUSG00000000385,ENSMFAG00000044952
ENSMUSG00000026696,ENSMFAG00000031870
ENSMUSG00000001823,ENSMFAG00000051547
ENSMUSG00000072640,ENSMFAG00000062386
ENSMUSG00000040506,ENSMFAG00000002000
ENSMUSG00000076744,ENSMFAG00000052827
ENSMUSG00000076744,ENSMFAG00000058033
ENSMUSG00000076744,ENSMFAG00000048242
ENSMUSG00000025025,ENSMFAG00000030475
ENSMUSG00000060950,ENSMFAG00000063054
ENSMUSG00000076745,ENSMFAG00000030135
ENSMUSG00000000617,ENSMFAG00000002639
ENSMUSG00000076749,ENSMFAG00000058050
ENSMUSG00000108981,ENSMFAG00000052763
ENSMUSG00000108981,ENSMFAG00000043308
ENSMUSG00000108981,ENSMFAG00000051799
ENSMUSG00000108981,ENSMFAG00000050846
ENSMUSG00000108981,ENSMFAG00000065492
ENSMUSG00000108981,ENSMFAG00000057111
ENSMUSG00000108981,ENSMFAG00000048955
ENSMUSG00000108981,ENSMFAG00000047711
ENSMUSG00000108981,ENSMFAG00000048273
ENSMUSG00000108981,ENSMFAG00000059352
ENSMUSG00000108981,ENSMFAG00000039496
ENSMUSG00000108981,ENSMFAG00000051337
ENSMUSG00000108981,ENSMFAG00000049257
ENSMUSG00000108981,ENSMFAG00000060215
ENSMUSG00000108981,ENSMFAG00000057631
ENSMUSG00000108981,ENSMFAG00000053197
ENSMUSG00000108981,ENSMFAG00000057821
ENSMUSG00000108981,ENSMFAG00000056542
ENSMUSG00000108981,ENSMFAG00000059899
ENSMUSG00000108981,ENSMFAG00000064923
ENSMUSG00000108981,ENSMFAG00000051683
ENSMUSG00000108981,ENSMFAG00000053700
ENSMUSG00000108981,ENSMFAG00000064618
ENSMUSG00000108981,ENSMFAG00000062519
ENSMUSG00000108981,ENSMFAG00000058387
ENSMUSG00000108981,ENSMFAG00000049035
ENSMUSG00000108981,ENSMFAG00000049977
ENSMUSG00000108981,ENSMFAG00000053507
ENSMUSG00000108981,ENSMFAG00000061242
ENSMUSG00000108981,ENSMFAG00000065168
ENSMUSG00000108981,ENSMFAG00000064051
ENSMUSG00000108981,ENSMFAG00000052656
ENSMUSG00000108981,ENSMFAG00000059326
ENSMUSG00000108981,ENSMFAG00000061896
ENSMUSG00000108981,ENSMFAG00000061706
ENSMUSG00000108981,ENSMFAG00000049803
ENSMUSG00000108981,ENSMFAG00000054883
ENSMUSG00000108981,ENSMFAG00000055004
ENSMUSG00000108981,ENSMFAG00000065409
ENSMUSG00000108981,ENSMFAG00000059132
ENSMUSG00000108981,ENSMFAG00000059854
ENSMUSG00000108981,ENSMFAG00000053373
ENSMUSG00000108981,ENSMFAG00000055865
ENSMUSG00000108981,ENSMFAG00000052168
ENSMUSG00000108981,ENSMFAG00000062391
ENSMUSG00000108981,ENSMFAG00000054890
ENSMUSG00000108981,ENSMFAG00000058931
ENSMUSG00000108981,ENSMFAG00000051055
ENSMUSG00000108981,ENSMFAG00000049016
ENSMUSG00000108981,ENSMFAG00000047524
ENSMUSG00000108981,ENSMFAG00000058660
ENSMUSG00000108981,ENSMFAG00000012118
ENSMUSG00000108981,ENSMFAG00000059173
ENSMUSG00000108981,ENSMFAG00000064674
ENSMUSG00000108981,ENSMFAG00000063746
ENSMUSG00000108981,ENSMFAG00000052368
ENSMUSG00000108981,ENSMFAG00000062531
ENSMUSG00000108981,ENSMFAG00000062482
ENSMUSG00000108981,ENSMFAG00000051770
ENSMUSG00000108981,ENSMFAG00000057823
ENSMUSG00000108981,ENSMFAG00000061577
ENSMUSG00000108981,ENSMFAG00000047226
ENSMUSG00000108981,ENSMFAG00000062958
ENSMUSG00000108981,ENSMFAG00000056384
ENSMUSG00000108981,ENSMFAG00000049451
ENSMUSG00000108981,ENSMFAG00000056328
ENSMUSG00000108981,ENSMFAG00000048627
ENSMUSG00000108981,ENSMFAG00000058598
ENSMUSG00000108981,ENSMFAG00000053275
ENSMUSG00000108981,ENSMFAG00000053520
ENSMUSG00000108981,ENSMFAG00000062904
ENSMUSG00000108981,ENSMFAG00000055601
ENSMUSG00000108981,ENSMFAG00000058259
ENSMUSG00000108981,ENSMFAG00000060574
ENSMUSG00000108981,ENSMFAG00000061241
ENSMUSG00000108981,ENSMFAG00000057407
ENSMUSG00000108981,ENSMFAG00000065564
ENSMUSG00000108981,ENSMFAG00000061254
ENSMUSG00000108981,ENSMFAG00000056468
ENSMUSG00000108981,ENSMFAG00000054295
ENSMUSG00000108981,ENSMFAG00000060449
ENSMUSG00000108981,ENSMFAG00000050081
ENSMUSG00000108981,ENSMFAG00000056171
ENSMUSG00000108981,ENSMFAG00000058675
ENSMUSG00000108981,ENSMFAG00000064176
ENSMUSG00000108981,ENSMFAG00000061173
ENSMUSG00000108981,ENSMFAG00000058851
ENSMUSG00000108981,ENSMFAG00000060203
ENSMUSG00000108981,ENSMFAG00000056485
ENSMUSG00000108981,ENSMFAG00000052278
ENSMUSG00000108981,ENSMFAG00000058062
ENSMUSG00000108981,ENSMFAG00000057349
ENSMUSG00000108981,ENSMFAG00000060374
ENSMUSG00000108981,ENSMFAG00000057682
ENSMUSG00000108981,ENSMFAG00000063450
ENSMUSG00000108981,ENSMFAG00000055085
ENSMUSG00000108981,ENSMFAG00000060513
ENSMUSG00000108981,ENSMFAG00000055961
ENSMUSG00000108981,ENSMFAG00000053039
ENSMUSG00000108981,ENSMFAG00000064290
ENSMUSG00000108981,ENSMFAG00000058557
ENSMUSG00000108981,ENSMFAG00000062146
ENSMUSG00000108981,ENSMFAG00000065223
ENSMUSG00000108981,ENSMFAG00000055081
ENSMUSG00000108981,ENSMFAG00000055383
ENSMUSG00000108981,ENSMFAG00000053090
ENSMUSG00000108981,ENSMFAG00000059889
ENSMUSG00000108981,ENSMFAG00000060015
ENSMUSG00000108981,ENSMFAG00000058853
ENSMUSG00000108981,ENSMFAG00000055805
ENSMUSG00000108981,ENSMFAG00000055096
ENSMUSG00000108981,ENSMFAG00000062821
ENSMUSG00000108981,ENSMFAG00000060024
ENSMUSG00000108981,ENSMFAG00000049611
ENSMUSG00000108981,ENSMFAG00000063472
ENSMUSG00000108981,ENSMFAG00000060552
ENSMUSG00000108981,ENSMFAG00000049292
ENSMUSG00000108981,ENSMFAG00000064254
ENSMUSG00000108981,ENSMFAG00000065388
ENSMUSG00000108981,ENSMFAG00000060481
ENSMUSG00000108981,ENSMFAG00000054120
ENSMUSG00000108981,ENSMFAG00000055819
ENSMUSG00000108981,ENSMFAG00000065500
ENSMUSG00000108981,ENSMFAG00000051095
ENSMUSG00000108981,ENSMFAG00000048065
ENSMUSG00000108981,ENSMFAG00000048103
ENSMUSG00000108981,ENSMFAG00000062862
ENSMUSG00000108981,ENSMFAG00000052117
ENSMUSG00000108981,ENSMFAG00000049583
ENSMUSG00000108981,ENSMFAG00000057899
ENSMUSG00000108981,ENSMFAG00000062830
ENSMUSG00000108981,ENSMFAG00000054856
ENSMUSG00000108981,ENSMFAG00000054016
ENSMUSG00000108981,ENSMFAG00000050104
ENSMUSG00000108981,ENSMFAG00000065584
ENSMUSG00000108981,ENSMFAG00000063595
ENSMUSG00000108981,ENSMFAG00000056921
ENSMUSG00000108981,ENSMFAG00000054307
ENSMUSG00000108981,ENSMFAG00000060357
ENSMUSG00000108981,ENSMFAG00000057143
ENSMUSG00000108981,ENSMFAG00000064485
ENSMUSG00000108981,ENSMFAG00000036840
ENSMUSG00000118864,ENSMFAG00000051806
ENSMUSG00000118864,ENSMFAG00000054730
ENSMUSG00000118751,ENSMFAG00000051806
ENSMUSG00000118751,ENSMFAG00000054730
ENSMUSG00000076752,ENSMFAG00000058050
ENSMUSG00000119670,ENSMFAG00000051806
ENSMUSG00000119670,ENSMFAG00000054730
ENSMUSG00000044162,ENSMFAG00000044869
ENSMUSG00000119206,ENSMFAG00000051806
ENSMUSG00000119206,ENSMFAG00000054730
ENSMUSG00000005656,ENSMFAG00000040770
ENSMUSG00000076754,ENSMFAG00000058050
ENSMUSG00000105589,ENSMFAG00000037485
ENSMUSG00000043518,ENSMFAG00000001310
ENSMUSG00000028847,ENSMFAG00000038169
ENSMUSG00000076755,ENSMFAG00000058050
ENSMUSG00000017309,ENSMFAG00000030079
ENSMUSG00000048764,ENSMFAG00000001358
ENSMUSG00000039639,ENSMFAG00000060638
ENSMUSG00000056174,ENSMFAG00000048490
ENSMUSG00000076757,ENSMFAG00000058050
ENSMUSG00000017057,ENSMFAG00000045803
ENSMUSG00000003062,ENSMFAG00000043802
ENSMUSG00000042558,ENSMFAG00000034318
ENSMUSG00000022684,ENSMFAG00000039965
ENSMUSG00000021804,ENSMFAG00000043610
ENSMUSG00000029423,ENSMFAG00000042638
ENSMUSG00000043298,ENSMFAG00000038961
ENSMUSG00000049939,ENSMFAG00000040001
ENSMUSG00000049001,ENSMFAG00000003473
ENSMUSG00000062929,ENSMFAG00000001352
ENSMUSG00000054087,ENSMFAG00000037485
ENSMUSG00000028845,ENSMFAG00000003542
ENSMUSG00000030217,ENSMFAG00000045038
ENSMUSG00000036699,ENSMFAG00000030157
ENSMUSG00000036699,ENSMFAG00000045388
ENSMUSG00000041044,ENSMFAG00000000369
ENSMUSG00000059201,ENSMFAG00000044033
ENSMUSG00000043418,ENSMFAG00000000819
ENSMUSG00000044165,ENSMFAG00000035381
ENSMUSG00000021803,ENSMFAG00000001885
ENSMUSG00000022683,ENSMFAG00000037183
ENSMUSG00000064436,ENSMFAG00000013127
ENSMUSG00000030218,ENSMFAG00000003266
ENSMUSG00000073079,ENSMFAG00000044371
ENSMUSG00000026697,ENSMFAG00000041678
ENSMUSG00000027763,ENSMFAG00000001066
ENSMUSG00000016239,ENSMFAG00000043034
ENSMUSG00000030219,ENSMFAG00000000450
ENSMUSG00000022951,ENSMFAG00000000212
ENSMUSG00000096001,ENSMFAG00000043609
ENSMUSG00000069274,ENSMFAG00000060595
ENSMUSG00000052565,ENSMFAG00000049725
ENSMUSG00000041028,ENSMFAG00000043812
ENSMUSG00000058385,ENSMFAG00000053830
ENSMUSG00000058385,ENSMFAG00000057892
ENSMUSG00000037474,ENSMFAG00000045273
ENSMUSG00000030254,ENSMFAG00000028864
ENSMUSG00000039830,ENSMFAG00000048902
ENSMUSG00000071478,ENSMFAG00000063381
ENSMUSG00000047879,ENSMFAG00000001226
ENSMUSG00000090206,ENSMFAG00000040561
ENSMUSG00000065031,ENSMFAG00000015116
ENSMUSG00000000838,ENSMFAG00000000241
ENSMUSG00000065811,ENSMFAG00000009285
ENSMUSG00000025024,ENSMFAG00000048709
ENSMUSG00000025024,ENSMFAG00000002433
ENSMUSG00000051627,ENSMFAG00000030033
ENSMUSG00000095595,ENSMFAG00000062033
ENSMUSG00000032537,ENSMFAG00000002358
ENSMUSG00000018102,ENSMFAG00000057373
ENSMUSG00000048728,ENSMFAG00000043337
ENSMUSG00000041530,ENSMFAG00000002846
ENSMUSG00000024899,ENSMFAG00000041464
ENSMUSG00000041014,ENSMFAG00000039411
ENSMUSG00000049321,ENSMFAG00000014508
ENSMUSG00000037896,ENSMFAG00000038028
ENSMUSG00000005103,ENSMFAG00000003069
ENSMUSG00000058258,ENSMFAG00000026656
ENSMUSG00002075944,ENSMFAG00000014619
ENSMUSG00000119736,ENSMFAG00000051399
ENSMUSG00000046556,ENSMFAG00000052672
ENSMUSG00000037833,ENSMFAG00000003299
ENSMUSG00000024290,ENSMFAG00000003564
ENSMUSG00000013662,ENSMFAG00000033944
ENSMUSG00000021277,ENSMFAG00000045167
ENSMUSG00000017314,ENSMFAG00000037677
ENSMUSG00000031502,ENSMFAG00000003528
ENSMUSG00000021596,ENSMFAG00000039485
ENSMUSG00000037461,ENSMFAG00000034220
ENSMUSG00000070324,ENSMFAG00000037485
ENSMUSG00000037824,ENSMFAG00000045856
ENSMUSG00000029017,ENSMFAG00000040307
ENSMUSG00002075265,ENSMFAG00000037455
ENSMUSG00000074062,ENSMFAG00000037485
ENSMUSG00000021792,ENSMFAG00000043331
ENSMUSG00000042500,ENSMFAG00000035543
ENSMUSG00000042500,ENSMFAG00000050764
ENSMUSG00000074061,ENSMFAG00000037485
ENSMUSG00000022969,ENSMFAG00000039570
ENSMUSG00000021278,ENSMFAG00000058841
ENSMUSG00000020335,ENSMFAG00000029623
ENSMUSG00000030220,ENSMFAG00000040353
ENSMUSG00000035606,ENSMFAG00000040026
ENSMUSG00000021362,ENSMFAG00000001713
ENSMUSG00000020826,ENSMFAG00000032615
ENSMUSG00000038651,ENSMFAG00000045676
ENSMUSG00000021279,ENSMFAG00000044066
ENSMUSG00000074060,ENSMFAG00000037485
ENSMUSG00000119180,ENSMFAG00000064823
ENSMUSG00000065397,ENSMFAG00000005871
ENSMUSG00000022889,ENSMFAG00000032925
ENSMUSG00000046572,ENSMFAG00000030181
ENSMUSG00000029913,ENSMFAG00000045845
ENSMUSG00000042499,ENSMFAG00000043724
ENSMUSG00000021364,ENSMFAG00000041046
ENSMUSG00000042489,ENSMFAG00000021652
ENSMUSG00000054537,ENSMFAG00000044534
ENSMUSG00000026623,ENSMFAG00000001051
ENSMUSG00000050368,ENSMFAG00000031117
ENSMUSG00000027765,ENSMFAG00000005982
ENSMUSG00000043342,ENSMFAG00000000099
ENSMUSG00000062275,ENSMFAG00000037485
ENSMUSG00000027102,ENSMFAG00000065214
ENSMUSG00000051022,ENSMFAG00000034637
ENSMUSG00000027843,ENSMFAG00000041733
ENSMUSG00000079277,ENSMFAG00000034065
ENSMUSG00000053062,ENSMFAG00000042681
ENSMUSG00000021791,ENSMFAG00000031434
ENSMUSG00000094992,ENSMFAG00000037485
ENSMUSG00000034295,ENSMFAG00000041697
ENSMUSG00000029128,ENSMFAG00000037037
ENSMUSG00000021365,ENSMFAG00000042994
ENSMUSG00000027646,ENSMFAG00000032120
ENSMUSG00000021790,ENSMFAG00000036906
ENSMUSG00000074059,ENSMFAG00000037485
ENSMUSG00000022890,ENSMFAG00000044695
ENSMUSG00000069712,ENSMFAG00000002841
ENSMUSG00000073755,ENSMFAG00000005466
ENSMUSG00000053219,ENSMFAG00000001578
ENSMUSG00000053219,ENSMFAG00000042568
ENSMUSG00000031792,ENSMFAG00000003926
ENSMUSG00000064330,ENSMFAG00000039015
ENSMUSG00000119660,ENSMFAG00000048531
ENSMUSG00000026622,ENSMFAG00000041966
ENSMUSG00000028837,ENSMFAG00000002319
ENSMUSG00000037798,ENSMFAG00000038544
ENSMUSG00000071653,ENSMFAG00000003562
ENSMUSG00000049691,ENSMFAG00000061419
ENSMUSG00000096576,ENSMFAG00000037490
ENSMUSG00000096576,ENSMFAG00000037280
ENSMUSG00000096576,ENSMFAG00000003419
ENSMUSG00000096576,ENSMFAG00000039073
ENSMUSG00000096576,ENSMFAG00000031578
ENSMUSG00000096576,ENSMFAG00000064937
ENSMUSG00000096576,ENSMFAG00000042798
ENSMUSG00000096576,ENSMFAG00000032967
ENSMUSG00000096576,ENSMFAG00000051805
ENSMUSG00000059547,ENSMFAG00000037485
ENSMUSG00000017316,ENSMFAG00000038237
ENSMUSG00000035851,ENSMFAG00000031927
ENSMUSG00000021109,ENSMFAG00000032083
ENSMUSG00000029701,ENSMFAG00000031036
ENSMUSG00000031790,ENSMFAG00000034123
ENSMUSG00000008976,ENSMFAG00000041587
ENSMUSG00000044542,ENSMFAG00000048111
ENSMUSG00000042477,ENSMFAG00000036191
ENSMUSG00000032534,ENSMFAG00000037546
ENSMUSG00000014164,ENSMFAG00000034488
ENSMUSG00000036885,ENSMFAG00000031011
ENSMUSG00000072601,ENSMFAG00000050506
ENSMUSG00000072601,ENSMFAG00000055348
ENSMUSG00000072601,ENSMFAG00000059196
ENSMUSG00000045045,ENSMFAG00000051907
ENSMUSG00000037434,ENSMFAG00000039946
ENSMUSG00000024889,ENSMFAG00000001894
ENSMUSG00000017311,ENSMFAG00000000034
ENSMUSG00000017311,ENSMFAG00000063042
ENSMUSG00000022210,ENSMFAG00000000988
ENSMUSG00000022210,ENSMFAG00000035816
ENSMUSG00000040225,ENSMFAG00000000519
ENSMUSG00000087987,ENSMFAG00000005842
ENSMUSG00000050234,ENSMFAG00000041783
ENSMUSG00000031796,ENSMFAG00000007227
ENSMUSG00000077962,ENSMFAG00000014141
ENSMUSG00000042367,ENSMFAG00000033734
ENSMUSG00000050002,ENSMFAG00000025314
ENSMUSG00000046623,ENSMFAG00000004579
ENSMUSG00000078452,ENSMFAG00000001578
ENSMUSG00000078452,ENSMFAG00000042568
ENSMUSG00000044098,ENSMFAG00000000754
ENSMUSG00000042357,ENSMFAG00000004700
ENSMUSG00000024037,ENSMFAG00000045992
ENSMUSG00000048217,ENSMFAG00000033737
ENSMUSG00000028813,ENSMFAG00000000568
ENSMUSG00000022892,ENSMFAG00000002479
ENSMUSG00000028804,ENSMFAG00000043403
ENSMUSG00000005312,ENSMFAG00000038703
ENSMUSG00000037490,ENSMFAG00000002658
ENSMUSG00000020364,ENSMFAG00000013407
ENSMUSG00000031503,ENSMFAG00000001737
ENSMUSG00000064391,ENSMFAG00000055815
ENSMUSG00000079654,ENSMFAG00000046010
ENSMUSG00000003617,ENSMFAG00000044692
ENSMUSG00000071489,ENSMFAG00000031583
ENSMUSG00000071359,ENSMFAG00000040137
ENSMUSG00000020921,ENSMFAG00000033408
ENSMUSG00000071691,ENSMFAG00000033611
ENSMUSG00000037759,ENSMFAG00000001288
ENSMUSG00000030222,ENSMFAG00000041631
ENSMUSG00000022211,ENSMFAG00000040957
ENSMUSG00000061469,ENSMFAG00000055801
ENSMUSG00000020922,ENSMFAG00000031376
ENSMUSG00000104614,ENSMFAG00000037485
ENSMUSG00000045680,ENSMFAG00000060473
ENSMUSG00000048686,ENSMFAG00000009241
ENSMUSG00000061894,ENSMFAG00000042799
ENSMUSG00000101174,ENSMFAG00000052240
ENSMUSG00000045942,ENSMFAG00000055801
ENSMUSG00000006456,ENSMFAG00000003827
ENSMUSG00000050074,ENSMFAG00000040367
ENSMUSG00000019998,ENSMFAG00000003709
ENSMUSG00000001123,ENSMFAG00000018557
ENSMUSG00000001123,ENSMFAG00000043707
ENSMUSG00000001123,ENSMFAG00000045881
ENSMUSG00000029910,ENSMFAG00000043866
ENSMUSG00000029910,ENSMFAG00000025170
ENSMUSG00000029910,ENSMFAG00000029945
ENSMUSG00000034108,ENSMFAG00000037624
ENSMUSG00000065500,ENSMFAG00000008618
ENSMUSG00000067787,ENSMFAG00000050109
ENSMUSG00000035048,ENSMFAG00000035408
ENSMUSG00000024038,ENSMFAG00000044552
ENSMUSG00000021113,ENSMFAG00000043540
ENSMUSG00000042448,ENSMFAG00000046035
ENSMUSG00000027099,ENSMFAG00000026822
ENSMUSG00000032478,ENSMFAG00000039246
ENSMUSG00000028796,ENSMFAG00000035555
ENSMUSG00000031504,ENSMFAG00000031176
ENSMUSG00000020000,ENSMFAG00000037185
ENSMUSG00000030257,ENSMFAG00000033455
ENSMUSG00000063626,ENSMFAG00000039158
ENSMUSG00000006705,ENSMFAG00000039213
ENSMUSG00000021552,ENSMFAG00000002304
ENSMUSG00000020633,ENSMFAG00000042487
ENSMUSG00000119825,ENSMFAG00000065071
ENSMUSG00000042121,ENSMFAG00000002904
ENSMUSG00000062170,ENSMFAG00000036881
ENSMUSG00000067872,ENSMFAG00000031584
ENSMUSG00000118807,ENSMFAG00000065071
ENSMUSG00000083282,ENSMFAG00000033862
ENSMUSG00000084417,ENSMFAG00000004603
ENSMUSG00000019997,ENSMFAG00000033594
ENSMUSG00000027200,ENSMFAG00000046214
ENSMUSG00000061306,ENSMFAG00000040675
ENSMUSG00000038357,ENSMFAG00000032837
ENSMUSG00000037370,ENSMFAG00000036178
ENSMUSG00000021319,ENSMFAG00000039798
ENSMUSG00000071748,ENSMFAG00000038341
ENSMUSG00000032477,ENSMFAG00000044959
ENSMUSG00000021171,ENSMFAG00000033330
ENSMUSG00000031189,ENSMFAG00000044807
ENSMUSG00000006457,ENSMFAG00000043864
ENSMUSG00000024485,ENSMFAG00000033873
ENSMUSG00000035847,ENSMFAG00000037097
ENSMUSG00000006463,ENSMFAG00000033910
ENSMUSG00000039661,ENSMFAG00000041680
ENSMUSG00000030660,ENSMFAG00000033659
ENSMUSG00000039328,ENSMFAG00000025156
ENSMUSG00000006464,ENSMFAG00000032611
ENSMUSG00000032531,ENSMFAG00000036610
ENSMUSG00000030264,ENSMFAG00000044884
ENSMUSG00000028799,ENSMFAG00000045133
ENSMUSG00000071909,ENSMFAG00000065379
ENSMUSG00000071909,ENSMFAG00000037467
ENSMUSG00000071909,ENSMFAG00000048063
ENSMUSG00000071909,ENSMFAG00000059873
ENSMUSG00000071909,ENSMFAG00000035391
ENSMUSG00000058670,ENSMFAG00000001957
ENSMUSG00000089372,ENSMFAG00000024247
ENSMUSG00000043569,ENSMFAG00000049824
ENSMUSG00000024039,ENSMFAG00000038794
ENSMUSG00000021830,ENSMFAG00000001964
ENSMUSG00000046707,ENSMFAG00000043132
ENSMUSG00000052854,ENSMFAG00000037295
ENSMUSG00000021595,ENSMFAG00000045240
ENSMUSG00000073791,ENSMFAG00000001765
ENSMUSG00000075983,ENSMFAG00000050242
ENSMUSG00000084478,ENSMFAG00000005373
ENSMUSG00000084478,ENSMFAG00000005304
ENSMUSG00000084478,ENSMFAG00000007336
ENSMUSG00000027770,ENSMFAG00000032288
ENSMUSG00000003500,ENSMFAG00000035403
ENSMUSG00000003500,ENSMFAG00000003022
ENSMUSG00000061755,ENSMFAG00000036973
ENSMUSG00000044912,ENSMFAG00000042502
ENSMUSG00000040616,ENSMFAG00000031613
ENSMUSG00000040606,ENSMFAG00000050473
ENSMUSG00000020661,ENSMFAG00000031180
ENSMUSG00000063904,ENSMFAG00000038663
ENSMUSG00000043441,ENSMFAG00000030860
ENSMUSG00000027615,ENSMFAG00000040510
ENSMUSG00000019989,ENSMFAG00000040950
ENSMUSG00000042096,ENSMFAG00000000854
ENSMUSG00000031271,ENSMFAG00000046317
ENSMUSG00000026017,ENSMFAG00000042636
ENSMUSG00000007892,ENSMFAG00000000366
ENSMUSG00000031577,ENSMFAG00000039160
ENSMUSG00000032254,ENSMFAG00000041684
ENSMUSG00000042515,ENSMFAG00000057275
ENSMUSG00000030659,ENSMFAG00000038074
ENSMUSG00000028426,ENSMFAG00000031929
ENSMUSG00000029015,ENSMFAG00000002624
ENSMUSG00000036598,ENSMFAG00000030602
ENSMUSG00000054931,ENSMFAG00000030212
ENSMUSG00000031505,ENSMFAG00000031500
ENSMUSG00000079652,ENSMFAG00000045927
ENSMUSG00000002808,ENSMFAG00000001101
ENSMUSG00000003032,ENSMFAG00000035870
ENSMUSG00000021594,ENSMFAG00000002749
ENSMUSG00000032278,ENSMFAG00000040350
ENSMUSG00000039166,ENSMFAG00000044065
ENSMUSG00000030223,ENSMFAG00000034143
ENSMUSG00000024901,ENSMFAG00000040742
ENSMUSG00000040410,ENSMFAG00000046148
ENSMUSG00000034575,ENSMFAG00000038658
ENSMUSG00000055357,ENSMFAG00000035179
ENSMUSG00000065602,ENSMFAG00000012563
ENSMUSG00000065536,ENSMFAG00000013578
ENSMUSG00000020385,ENSMFAG00000040140
ENSMUSG00000019978,ENSMFAG00000025691
ENSMUSG00000025260,ENSMFAG00000033364
ENSMUSG00000032252,ENSMFAG00000045812
ENSMUSG00002075642,ENSMFAG00000047502
ENSMUSG00000027820,ENSMFAG00000039633
ENSMUSG00000024902,ENSMFAG00000042321
ENSMUSG00000026692,ENSMFAG00000032860
ENSMUSG00002076009,ENSMFAG00000004382
ENSMUSG00000022809,ENSMFAG00000041037
ENSMUSG00000119801,ENSMFAG00000065071
ENSMUSG00000022212,ENSMFAG00000045189
ENSMUSG00000046846,ENSMFAG00000043000
ENSMUSG00000003380,ENSMFAG00000030347
ENSMUSG00000045751,ENSMFAG00000003651
ENSMUSG00000024483,ENSMFAG00000041567
ENSMUSG00000052981,ENSMFAG00000050565
ENSMUSG00000032087,ENSMFAG00000031788
ENSMUSG00000021598,ENSMFAG00000036824
ENSMUSG00000061613,ENSMFAG00000053578
ENSMUSG00000061613,ENSMFAG00000032317
ENSMUSG00000045903,ENSMFAG00000002394
ENSMUSG00000022805,ENSMFAG00000024362
ENSMUSG00000042078,ENSMFAG00000033712
ENSMUSG00000030657,ENSMFAG00000042088
ENSMUSG00000025257,ENSMFAG00000002670
ENSMUSG00000037395,ENSMFAG00000000464
ENSMUSG00000024891,ENSMFAG00000039334
ENSMUSG00000041133,ENSMFAG00000003859
ENSMUSG00000046516,ENSMFAG00000039368
ENSMUSG00000022803,ENSMFAG00000039734
ENSMUSG00000029420,ENSMFAG00000041895
ENSMUSG00000033352,ENSMFAG00000046326
ENSMUSG00000002847,ENSMFAG00000044493
ENSMUSG00000031578,ENSMFAG00000031257
ENSMUSG00000002844,ENSMFAG00000039321
ENSMUSG00000075122,ENSMFAG00000032987
ENSMUSG00000078302,ENSMFAG00000049955
ENSMUSG00000008683,ENSMFAG00000039736
ENSMUSG00000046082,ENSMFAG00000002335
ENSMUSG00000024041,ENSMFAG00000036551
ENSMUSG00000048400,ENSMFAG00000045884
ENSMUSG00000052485,ENSMFAG00000032334
ENSMUSG00000076460,ENSMFAG00000011566
ENSMUSG00000018334,ENSMFAG00000030004
ENSMUSG00000119912,ENSMFAG00000006098
ENSMUSG00000021520,ENSMFAG00000025927
ENSMUSG00000021520,ENSMFAG00000022204
ENSMUSG00000032249,ENSMFAG00000043083
ENSMUSG00000006050,ENSMFAG00000007347
ENSMUSG00000002846,ENSMFAG00000037047
ENSMUSG00000074826,ENSMFAG00000039932
ENSMUSG00000103476,ENSMFAG00000039645
ENSMUSG00000021519,ENSMFAG00000042157
ENSMUSG00000058388,ENSMFAG00000030077
ENSMUSG00000024042,ENSMFAG00000032324
ENSMUSG00000056679,ENSMFAG00000030201
ENSMUSG00000080268,ENSMFAG00000033618
ENSMUSG00000034064,ENSMFAG00000014083
ENSMUSG00000041115,ENSMFAG00000037994
ENSMUSG00000049092,ENSMFAG00000033940
ENSMUSG00000046152,ENSMFAG00000000813
ENSMUSG00000040632,ENSMFAG00000044677
ENSMUSG00000117679,ENSMFAG00000001205
ENSMUSG00000002076,ENSMFAG00000041607
ENSMUSG00000030732,ENSMFAG00000042027
ENSMUSG00000004366,ENSMFAG00000043924
ENSMUSG00000041729,ENSMFAG00000030894
ENSMUSG00000021831,ENSMFAG00000000867
ENSMUSG00000021518,ENSMFAG00000034149
ENSMUSG00000047531,ENSMFAG00000043246
ENSMUSG00000022508,ENSMFAG00000001360
ENSMUSG00000055296,ENSMFAG00000026452
ENSMUSG00000056228,ENSMFAG00000033427
ENSMUSG00000058392,ENSMFAG00000039152
ENSMUSG00000061451,ENSMFAG00000065011
ENSMUSG00000020660,ENSMFAG00000000551
ENSMUSG00000023088,ENSMFAG00000039441
ENSMUSG00000024875,ENSMFAG00000032511
ENSMUSG00000033272,ENSMFAG00000041351
ENSMUSG00000030850,ENSMFAG00000043722
ENSMUSG00000063564,ENSMFAG00000040567
ENSMUSG00000090641,ENSMFAG00000057747
ENSMUSG00000090641,ENSMFAG00000065563
ENSMUSG00000090641,ENSMFAG00000047620
ENSMUSG00000020658,ENSMFAG00000035813
ENSMUSG00000040181,ENSMFAG00000045636
ENSMUSG00000058883,ENSMFAG00000003501
ENSMUSG00000058883,ENSMFAG00000041253
ENSMUSG00000021832,ENSMFAG00000036774
ENSMUSG00000045589,ENSMFAG00000013386
ENSMUSG00000051439,ENSMFAG00000025943
ENSMUSG00000032243,ENSMFAG00000001090
ENSMUSG00000006850,ENSMFAG00000034339
ENSMUSG00000028434,ENSMFAG00000039720
ENSMUSG00000018347,ENSMFAG00000035864
ENSMUSG00000024873,ENSMFAG00000036848
ENSMUSG00000041718,ENSMFAG00000043742
ENSMUSG00000074824,ENSMFAG00000003501
ENSMUSG00000074824,ENSMFAG00000041253
ENSMUSG00000057396,ENSMFAG00000057747
ENSMUSG00000057396,ENSMFAG00000065563
ENSMUSG00000057396,ENSMFAG00000047620
ENSMUSG00000014294,ENSMFAG00000049634
ENSMUSG00000024870,ENSMFAG00000040560
ENSMUSG00000045969,ENSMFAG00000043968
ENSMUSG00000017677,ENSMFAG00000042968
ENSMUSG00000058900,ENSMFAG00000003501
ENSMUSG00000058900,ENSMFAG00000041253
ENSMUSG00000031508,ENSMFAG00000042265
ENSMUSG00000037577,ENSMFAG00000001020
ENSMUSG00000051037,ENSMFAG00000003501
ENSMUSG00000051037,ENSMFAG00000041253
ENSMUSG00000032244,ENSMFAG00000064469
ENSMUSG00000040387,ENSMFAG00000041275
ENSMUSG00000027649,ENSMFAG00000045863
ENSMUSG00000026442,ENSMFAG00000033112
ENSMUSG00000055480,ENSMFAG00000057747
ENSMUSG00000055480,ENSMFAG00000065563
ENSMUSG00000055480,ENSMFAG00000047620
ENSMUSG00000020594,ENSMFAG00000000492
ENSMUSG00000024862,ENSMFAG00000044640
ENSMUSG00000042660,ENSMFAG00000001095
ENSMUSG00000040618,ENSMFAG00000003328
ENSMUSG00000074715,ENSMFAG00000038784
ENSMUSG00000042873,ENSMFAG00000033316
ENSMUSG00000095930,ENSMFAG00000000337
ENSMUSG00000044595,ENSMFAG00000003284
ENSMUSG00000056752,ENSMFAG00000002607
ENSMUSG00000015766,ENSMFAG00000001399
ENSMUSG00000094870,ENSMFAG00000046336
ENSMUSG00000037843,ENSMFAG00000031475
ENSMUSG00000001380,ENSMFAG00000002630
ENSMUSG00000035183,ENSMFAG00000033428
ENSMUSG00000106677,ENSMFAG00000001202
ENSMUSG00000028261,ENSMFAG00000030804
ENSMUSG00000093345,ENSMFAG00000054153
ENSMUSG00000093345,ENSMFAG00000057446
ENSMUSG00000093345,ENSMFAG00000053991
ENSMUSG00000093345,ENSMFAG00000057264
ENSMUSG00000093345,ENSMFAG00000049625
ENSMUSG00000093345,ENSMFAG00000053493
ENSMUSG00000093345,ENSMFAG00000049223
ENSMUSG00000093345,ENSMFAG00000051935
ENSMUSG00000093345,ENSMFAG00000059118
ENSMUSG00000093345,ENSMFAG00000065457
ENSMUSG00000093345,ENSMFAG00000050158
ENSMUSG00000093345,ENSMFAG00000051070
ENSMUSG00000093345,ENSMFAG00000052550
ENSMUSG00000093345,ENSMFAG00000052958
ENSMUSG00000093345,ENSMFAG00000054989
ENSMUSG00000093345,ENSMFAG00000054533
ENSMUSG00000093345,ENSMFAG00000054195
ENSMUSG00000093345,ENSMFAG00000052514
ENSMUSG00000093345,ENSMFAG00000051186
ENSMUSG00000093345,ENSMFAG00000060984
ENSMUSG00000093345,ENSMFAG00000055372
ENSMUSG00000093345,ENSMFAG00000055397
ENSMUSG00000093345,ENSMFAG00000054043
ENSMUSG00000093345,ENSMFAG00000048918
ENSMUSG00000093345,ENSMFAG00000061312
ENSMUSG00000093345,ENSMFAG00000054682
ENSMUSG00000093345,ENSMFAG00000052919
ENSMUSG00000093345,ENSMFAG00000063332
ENSMUSG00000093345,ENSMFAG00000058940
ENSMUSG00000093345,ENSMFAG00000063774
ENSMUSG00000093345,ENSMFAG00000062164
ENSMUSG00000093345,ENSMFAG00000065208
ENSMUSG00000093345,ENSMFAG00000053835
ENSMUSG00000093345,ENSMFAG00000064710
ENSMUSG00000093345,ENSMFAG00000047778
ENSMUSG00000093345,ENSMFAG00000060777
ENSMUSG00000093345,ENSMFAG00000057142
ENSMUSG00000093345,ENSMFAG00000056506
ENSMUSG00000093345,ENSMFAG00000048951
ENSMUSG00000093345,ENSMFAG00000064718
ENSMUSG00000093345,ENSMFAG00000057710
ENSMUSG00000093345,ENSMFAG00000058161
ENSMUSG00000093345,ENSMFAG00000054959
ENSMUSG00000093345,ENSMFAG00000060270
ENSMUSG00000093345,ENSMFAG00000056682
ENSMUSG00000093345,ENSMFAG00000058780
ENSMUSG00000093345,ENSMFAG00000060362
ENSMUSG00000048148,ENSMFAG00000003774
ENSMUSG00000029592,ENSMFAG00000040319
ENSMUSG00000027650,ENSMFAG00000030342
ENSMUSG00000022676,ENSMFAG00000065685
ENSMUSG00000000884,ENSMFAG00000045528
ENSMUSG00000038764,ENSMFAG00000035170
ENSMUSG00000031351,ENSMFAG00000036826
ENSMUSG00000053930,ENSMFAG00000031872
ENSMUSG00000024650,ENSMFAG00000003484
ENSMUSG00000044339,ENSMFAG00000003561
ENSMUSG00000019143,ENSMFAG00000003090
ENSMUSG00000010095,ENSMFAG00000032262
ENSMUSG00000118853,ENSMFAG00000054567
ENSMUSG00000041747,ENSMFAG00000031908
ENSMUSG00000053205,ENSMFAG00000038341
ENSMUSG00000024045,ENSMFAG00000042432
ENSMUSG00000039782,ENSMFAG00000006541
ENSMUSG00000032245,ENSMFAG00000042975
ENSMUSG00000040372,ENSMFAG00000007033
ENSMUSG00000030654,ENSMFAG00000052233
ENSMUSG00000030654,ENSMFAG00000038755
ENSMUSG00000002428,ENSMFAG00000033863
ENSMUSG00000028259,ENSMFAG00000038694
ENSMUSG00000050424,ENSMFAG00000050915
ENSMUSG00000046287,ENSMFAG00000043249
ENSMUSG00000079845,ENSMFAG00000030768
ENSMUSG00000079845,ENSMFAG00000031851
ENSMUSG00000079845,ENSMFAG00000003533
ENSMUSG00000030224,ENSMFAG00000000987
ENSMUSG00000015839,ENSMFAG00000041108
ENSMUSG00000030225,ENSMFAG00000000908
ENSMUSG00000021661,ENSMFAG00000043204
ENSMUSG00000044320,ENSMFAG00000033035
ENSMUSG00000001383,ENSMFAG00000037329
ENSMUSG00000057836,ENSMFAG00000030768
ENSMUSG00000057836,ENSMFAG00000031851
ENSMUSG00000057836,ENSMFAG00000003533
ENSMUSG00000037722,ENSMFAG00000062287
ENSMUSG00002074846,ENSMFAG00000059700
ENSMUSG00002074846,ENSMFAG00000004121
ENSMUSG00002074846,ENSMFAG00000036274
ENSMUSG00000024238,ENSMFAG00000042570
ENSMUSG00000065392,ENSMFAG00000018552
ENSMUSG00000065281,ENSMFAG00000035320
ENSMUSG00000065281,ENSMFAG00000030393
ENSMUSG00000025134,ENSMFAG00000001394
ENSMUSG00000065280,ENSMFAG00000030819
ENSMUSG00000065378,ENSMFAG00000064590
ENSMUSG00000065782,ENSMFAG00000014488
ENSMUSG00000065782,ENSMFAG00000014451
ENSMUSG00000065305,ENSMFAG00000020756
ENSMUSG00000065305,ENSMFAG00000020818
ENSMUSG00000065087,ENSMFAG00000005452
ENSMUSG00000065087,ENSMFAG00000005484
ENSMUSG00000042729,ENSMFAG00000034162
ENSMUSG00000096546,ENSMFAG00000003909
ENSMUSG00000049420,ENSMFAG00000030288
ENSMUSG00000040359,ENSMFAG00000038476
ENSMUSG00000036564,ENSMFAG00000044755
ENSMUSG00000040331,ENSMFAG00000000251
ENSMUSG00000051354,ENSMFAG00000038071
ENSMUSG00000029428,ENSMFAG00000044704
ENSMUSG00000002625,ENSMFAG00000045237
ENSMUSG00000044034,ENSMFAG00000061505
ENSMUSG00000051663,ENSMFAG00000021230
ENSMUSG00000009097,ENSMFAG00000045435
ENSMUSG00000035575,ENSMFAG00000038842
ENSMUSG00000072479,ENSMFAG00000030768
ENSMUSG00000072479,ENSMFAG00000031851
ENSMUSG00000072479,ENSMFAG00000003533
ENSMUSG00000045498,ENSMFAG00000003623
ENSMUSG00000010110,ENSMFAG00000003488
ENSMUSG00000063687,ENSMFAG00000003385
ENSMUSG00000030269,ENSMFAG00000038577
ENSMUSG00000045062,ENSMFAG00000003385
ENSMUSG00000051242,ENSMFAG00000003385
ENSMUSG00000040907,ENSMFAG00000000209
ENSMUSG00000050954,ENSMFAG00000000435
ENSMUSG00000044043,ENSMFAG00000047273
ENSMUSG00000039089,ENSMFAG00000036330
ENSMUSG00000037712,ENSMFAG00000038626
ENSMUSG00000000028,ENSMFAG00000045935
ENSMUSG00000073125,ENSMFAG00000030768
ENSMUSG00000073125,ENSMFAG00000031851
ENSMUSG00000073125,ENSMFAG00000003533
ENSMUSG00000046387,ENSMFAG00000026752
ENSMUSG00000048347,ENSMFAG00000055499
ENSMUSG00000046191,ENSMFAG00000005051
ENSMUSG00000050304,ENSMFAG00000027395
ENSMUSG00000051316,ENSMFAG00000032998
ENSMUSG00000029269,ENSMFAG00000042376
ENSMUSG00000067768,ENSMFAG00000030768
ENSMUSG00000067768,ENSMFAG00000031851
ENSMUSG00000067768,ENSMFAG00000003533
ENSMUSG00000065453,ENSMFAG00000011029
ENSMUSG00000065421,ENSMFAG00000010986
ENSMUSG00000026857,ENSMFAG00000058034
ENSMUSG00000038042,ENSMFAG00000001618
ENSMUSG00000025137,ENSMFAG00000000478
ENSMUSG00000038729,ENSMFAG00000004557
ENSMUSG00000037697,ENSMFAG00000036353
ENSMUSG00000039483,ENSMFAG00000007597
ENSMUSG00000024050,ENSMFAG00000039361
ENSMUSG00000073664,ENSMFAG00000032529
ENSMUSG00000021381,ENSMFAG00000050575
ENSMUSG00000050761,ENSMFAG00000061209
ENSMUSG00000072214,ENSMFAG00000038117
ENSMUSG00000078995,ENSMFAG00000003501
ENSMUSG00000078995,ENSMFAG00000041253
ENSMUSG00000052539,ENSMFAG00000040138
ENSMUSG00000039476,ENSMFAG00000061112
ENSMUSG00000017548,ENSMFAG00000040091
ENSMUSG00000009070,ENSMFAG00000044101
ENSMUSG00000031362,ENSMFAG00000030768
ENSMUSG00000031362,ENSMFAG00000031851
ENSMUSG00000031362,ENSMFAG00000003533
ENSMUSG00000044378,ENSMFAG00000000423
ENSMUSG00002076792,ENSMFAG00000006316
ENSMUSG00000052117,ENSMFAG00000048389
ENSMUSG00000103897,ENSMFAG00000033704
ENSMUSG00000078994,ENSMFAG00000003501
ENSMUSG00000078994,ENSMFAG00000041253
ENSMUSG00000055373,ENSMFAG00000006659
ENSMUSG00000029591,ENSMFAG00000039615
ENSMUSG00000042410,ENSMFAG00000038904
ENSMUSG00000031671,ENSMFAG00000003198
ENSMUSG00000040520,ENSMFAG00000035666
ENSMUSG00000055560,ENSMFAG00000057747
ENSMUSG00000055560,ENSMFAG00000065563
ENSMUSG00000055560,ENSMFAG00000047620
ENSMUSG00000030000,ENSMFAG00000037883
ENSMUSG00000095003,ENSMFAG00000065071
ENSMUSG00000058147,ENSMFAG00000030768
ENSMUSG00000058147,ENSMFAG00000031851
ENSMUSG00000058147,ENSMFAG00000003533
ENSMUSG00000069206,ENSMFAG00000003501
ENSMUSG00000069206,ENSMFAG00000041253
ENSMUSG00000028289,ENSMFAG00000033589
ENSMUSG00000031622,ENSMFAG00000001377
ENSMUSG00000040009,ENSMFAG00000045950
ENSMUSG00000047344,ENSMFAG00000038488
ENSMUSG00000022956,ENSMFAG00000036539
ENSMUSG00000020175,ENSMFAG00000003128
ENSMUSG00000010097,ENSMFAG00000045399
ENSMUSG00000015342,ENSMFAG00000047895
ENSMUSG00000017561,ENSMFAG00000044393
ENSMUSG00000065155,ENSMFAG00000036491
ENSMUSG00000015340,ENSMFAG00000040813
ENSMUSG00000026443,ENSMFAG00000010454
ENSMUSG00000059839,ENSMFAG00000003501
ENSMUSG00000059839,ENSMFAG00000041253
ENSMUSG00000040170,ENSMFAG00000045183
ENSMUSG00000071291,ENSMFAG00000003501
ENSMUSG00000071291,ENSMFAG00000041253
ENSMUSG00000039680,ENSMFAG00000054144
ENSMUSG00000029272,ENSMFAG00000046267
ENSMUSG00000042453,ENSMFAG00000033948
ENSMUSG00000039672,ENSMFAG00000053165
ENSMUSG00000030725,ENSMFAG00000038446
ENSMUSG00000002845,ENSMFAG00000046062
ENSMUSG00000049439,ENSMFAG00000036924
ENSMUSG00000097333,ENSMFAG00000003501
ENSMUSG00000097333,ENSMFAG00000041253
ENSMUSG00000031297,ENSMFAG00000002533
ENSMUSG00000035165,ENSMFAG00000028410
ENSMUSG00002076048,ENSMFAG00000058935
ENSMUSG00000009681,ENSMFAG00000044501
ENSMUSG00000049866,ENSMFAG00000045232
ENSMUSG00000095432,ENSMFAG00000057747
ENSMUSG00000095432,ENSMFAG00000065563
ENSMUSG00000095432,ENSMFAG00000047620
ENSMUSG00000004383,ENSMFAG00000043989
ENSMUSG00000102222,ENSMFAG00000057255
ENSMUSG00000058248,ENSMFAG00000000121
ENSMUSG00000058093,ENSMFAG00000057747
ENSMUSG00000058093,ENSMFAG00000065563
ENSMUSG00000058093,ENSMFAG00000047620
ENSMUSG00000021838,ENSMFAG00000041636
ENSMUSG00000075273,ENSMFAG00000057741
ENSMUSG00000075273,ENSMFAG00000053112
ENSMUSG00000050737,ENSMFAG00000038160
ENSMUSG00000021510,ENSMFAG00000057747
ENSMUSG00000021510,ENSMFAG00000065563
ENSMUSG00000021510,ENSMFAG00000047620
ENSMUSG00000003378,ENSMFAG00000039157
ENSMUSG00000048280,ENSMFAG00000065435
ENSMUSG00000075272,ENSMFAG00000057741
ENSMUSG00000075272,ENSMFAG00000053112
ENSMUSG00000075271,ENSMFAG00000057741
ENSMUSG00000075271,ENSMFAG00000053112
ENSMUSG00000026848,ENSMFAG00000046247
ENSMUSG00000032246,ENSMFAG00000036145
ENSMUSG00000046032,ENSMFAG00000033920
ENSMUSG00000117924,ENSMFAG00000030143
ENSMUSG00000118346,ENSMFAG00000037362
ENSMUSG00000033444,ENSMFAG00000031971
ENSMUSG00000071281,ENSMFAG00000043461
ENSMUSG00000071281,ENSMFAG00000038691
ENSMUSG00000003680,ENSMFAG00000030912
ENSMUSG00000051510,ENSMFAG00000050292
ENSMUSG00000031621,ENSMFAG00000002513
ENSMUSG00000075270,ENSMFAG00000042268
ENSMUSG00000058331,ENSMFAG00000003501
ENSMUSG00000058331,ENSMFAG00000041253
ENSMUSG00000032086,ENSMFAG00000031386
ENSMUSG00000095576,ENSMFAG00000033160
ENSMUSG00000034518,ENSMFAG00000045206
ENSMUSG00000090659,ENSMFAG00000003501
ENSMUSG00000090659,ENSMFAG00000041253
ENSMUSG00000088114,ENSMFAG00000035125
ENSMUSG00000088114,ENSMFAG00000034990
ENSMUSG00000042903,ENSMFAG00000043151
ENSMUSG00000017550,ENSMFAG00000039082
ENSMUSG00000022799,ENSMFAG00000041247
ENSMUSG00000036206,ENSMFAG00000038422
ENSMUSG00000030446,ENSMFAG00000003501
ENSMUSG00000030446,ENSMFAG00000041253
ENSMUSG00000032913,ENSMFAG00000000102
ENSMUSG00000026691,ENSMFAG00000039471
ENSMUSG00000031304,ENSMFAG00000043570
ENSMUSG00000026849,ENSMFAG00000038660
ENSMUSG00000065053,ENSMFAG00000005629
ENSMUSG00000028284,ENSMFAG00000035469
ENSMUSG00000030729,ENSMFAG00000031326
ENSMUSG00000022793,ENSMFAG00000003907
ENSMUSG00000071890,ENSMFAG00000004437
ENSMUSG00000079487,ENSMFAG00000032161
ENSMUSG00000079563,ENSMFAG00000024296
ENSMUSG00000042870,ENSMFAG00000002824
ENSMUSG00000020178,ENSMFAG00000031796
ENSMUSG00000029012,ENSMFAG00000002616
ENSMUSG00000042369,ENSMFAG00000042524
ENSMUSG00000089174,ENSMFAG00000004865
ENSMUSG00000032405,ENSMFAG00000038832
ENSMUSG00000037375,ENSMFAG00000003760
ENSMUSG00000033416,ENSMFAG00000034092
ENSMUSG00000020592,ENSMFAG00000064406
ENSMUSG00000094649,ENSMFAG00000045608
ENSMUSG00000059326,ENSMFAG00000004652
ENSMUSG00000020583,ENSMFAG00000043379
ENSMUSG00000049436,ENSMFAG00000001715
ENSMUSG00000030393,ENSMFAG00000000509
ENSMUSG00000058835,ENSMFAG00000031700
ENSMUSG00000066643,ENSMFAG00000034406
ENSMUSG00000032902,ENSMFAG00000035894
ENSMUSG00000022798,ENSMFAG00000047751
ENSMUSG00000022245,ENSMFAG00000001347
ENSMUSG00000030655,ENSMFAG00000043062
ENSMUSG00000089607,ENSMFAG00000009353
ENSMUSG00000005413,ENSMFAG00000042891
ENSMUSG00000040213,ENSMFAG00000026682
ENSMUSG00000043050,ENSMFAG00000036693
ENSMUSG00000038015,ENSMFAG00000039200
ENSMUSG00000005410,ENSMFAG00000037992
ENSMUSG00000044017,ENSMFAG00000031649
ENSMUSG00000061126,ENSMFAG00000043198
ENSMUSG00000024811,ENSMFAG00000001030
ENSMUSG00000037991,ENSMFAG00000031874
ENSMUSG00000055013,ENSMFAG00000050981
ENSMUSG00000055013,ENSMFAG00000038629
ENSMUSG00000022500,ENSMFAG00000044496
ENSMUSG00000021557,ENSMFAG00000039578
ENSMUSG00000033427,ENSMFAG00000045510
ENSMUSG00000037972,ENSMFAG00000065509
ENSMUSG00000005251,ENSMFAG00000044571
ENSMUSG00000058444,ENSMFAG00000030100
ENSMUSG00000014039,ENSMFAG00000042871
ENSMUSG00000020180,ENSMFAG00000033628
ENSMUSG00000037580,ENSMFAG00000000353
ENSMUSG00000034472,ENSMFAG00000048205
ENSMUSG00000055865,ENSMFAG00000064876
ENSMUSG00000046807,ENSMFAG00000037291
ENSMUSG00000110469,ENSMFAG00000043045
ENSMUSG00000110469,ENSMFAG00000001880
ENSMUSG00000026586,ENSMFAG00000050061
ENSMUSG00000006345,ENSMFAG00000029063
ENSMUSG00000031620,ENSMFAG00000045917
ENSMUSG00000040314,ENSMFAG00000033638
ENSMUSG00000028271,ENSMFAG00000000827
ENSMUSG00000032403,ENSMFAG00000053739
ENSMUSG00000022156,ENSMFAG00000043077
ENSMUSG00000008540,ENSMFAG00000033109
ENSMUSG00000059256,ENSMFAG00000043077
ENSMUSG00000042790,ENSMFAG00000034484
ENSMUSG00000065130,ENSMFAG00000065071
ENSMUSG00000002233,ENSMFAG00000001491
ENSMUSG00000042010,ENSMFAG00000060717
ENSMUSG00000042010,ENSMFAG00000041953
ENSMUSG00000024456,ENSMFAG00000042488
ENSMUSG00000040284,ENSMFAG00000043077
ENSMUSG00000034486,ENSMFAG00000031863
ENSMUSG00000020953,ENSMFAG00000043586
ENSMUSG00000015443,ENSMFAG00000043077
ENSMUSG00000016262,ENSMFAG00000056663
ENSMUSG00000040270,ENSMFAG00000040061
ENSMUSG00000119876,ENSMFAG00000059976
ENSMUSG00002075326,ENSMFAG00000064199
ENSMUSG00000036550,ENSMFAG00000035888
ENSMUSG00000033478,ENSMFAG00000045717
ENSMUSG00000015441,ENSMFAG00000043077
ENSMUSG00000030226,ENSMFAG00000029171
ENSMUSG00000045975,ENSMFAG00000032505
ENSMUSG00000079186,ENSMFAG00000043077
ENSMUSG00000040124,ENSMFAG00000001853
ENSMUSG00000102758,ENSMFAG00000000195
ENSMUSG00000051056,ENSMFAG00000035012
ENSMUSG00000028282,ENSMFAG00000036833
ENSMUSG00000015437,ENSMFAG00000043077
ENSMUSG00000020954,ENSMFAG00000030208
ENSMUSG00000063887,ENSMFAG00000036767
ENSMUSG00000040113,ENSMFAG00000038829
ENSMUSG00000090700,ENSMFAG00000052137
ENSMUSG00000022229,ENSMFAG00000009943
ENSMUSG00000067081,ENSMFAG00000042948
ENSMUSG00000087922,ENSMFAG00000019191
ENSMUSG00000087922,ENSMFAG00000005728
ENSMUSG00000092164,ENSMFAG00000025692
ENSMUSG00000039335,ENSMFAG00000035575
ENSMUSG00000073424,ENSMFAG00000052137
ENSMUSG00000004285,ENSMFAG00000049671
ENSMUSG00000004285,ENSMFAG00000059157
ENSMUSG00000046962,ENSMFAG00000000518
ENSMUSG00000090685,ENSMFAG00000038017
ENSMUSG00000000365,ENSMFAG00000032388
ENSMUSG00000030230,ENSMFAG00000001065
ENSMUSG00000050812,ENSMFAG00000042124
ENSMUSG00000026782,ENSMFAG00000031286
ENSMUSG00000020955,ENSMFAG00000031569
ENSMUSG00000025086,ENSMFAG00000062394
ENSMUSG00000030718,ENSMFAG00000031619
ENSMUSG00000024454,ENSMFAG00000002489
ENSMUSG00000022773,ENSMFAG00000032433
ENSMUSG00000089346,ENSMFAG00000053523
ENSMUSG00000089346,ENSMFAG00000062133
ENSMUSG00000035247,ENSMFAG00000038044
ENSMUSG00000002227,ENSMFAG00000002283
ENSMUSG00000042002,ENSMFAG00000031528
ENSMUSG00000041791,ENSMFAG00000025207
ENSMUSG00000077338,ENSMFAG00000029401
ENSMUSG00000059022,ENSMFAG00000035427
ENSMUSG00000034087,ENSMFAG00000042923
ENSMUSG00000106379,ENSMFAG00000001357
ENSMUSG00000024958,ENSMFAG00000041235
ENSMUSG00000070702,ENSMFAG00000034216
ENSMUSG00000024292,ENSMFAG00000052137
ENSMUSG00000058420,ENSMFAG00000031347
ENSMUSG00000035181,ENSMFAG00000031414
ENSMUSG00000022771,ENSMFAG00000054474
ENSMUSG00000064128,ENSMFAG00000036617
ENSMUSG00000044024,ENSMFAG00000033304
ENSMUSG00000006344,ENSMFAG00000001878
ENSMUSG00000095115,ENSMFAG00000015632
ENSMUSG00000031302,ENSMFAG00000002421
ENSMUSG00000087734,ENSMFAG00000038220
ENSMUSG00000087734,ENSMFAG00000024270
ENSMUSG00000087734,ENSMFAG00000047863
ENSMUSG00000032558,ENSMFAG00000045677
ENSMUSG00000054387,ENSMFAG00000033606
ENSMUSG00000025140,ENSMFAG00000040932
ENSMUSG00002075720,ENSMFAG00000022871
ENSMUSG00000054509,ENSMFAG00000058500
ENSMUSG00000030652,ENSMFAG00000065327
ENSMUSG00000036278,ENSMFAG00000000889
ENSMUSG00000047787,ENSMFAG00000025476
ENSMUSG00000047797,ENSMFAG00000063942
ENSMUSG00000024767,ENSMFAG00000033654
ENSMUSG00000031310,ENSMFAG00000043632
ENSMUSG00000079184,ENSMFAG00000033341
ENSMUSG00000020956,ENSMFAG00000044459
ENSMUSG00000046909,ENSMFAG00000001938
ENSMUSG00000038524,ENSMFAG00000033954
ENSMUSG00000035885,ENSMFAG00000001343
ENSMUSG00000004591,ENSMFAG00000030090
ENSMUSG00000035148,ENSMFAG00000038012
ENSMUSG00000066952,ENSMFAG00000046050
ENSMUSG00000024764,ENSMFAG00000034118
ENSMUSG00000006342,ENSMFAG00000010252
ENSMUSG00000025141,ENSMFAG00000053362
ENSMUSG00000030852,ENSMFAG00000037369
ENSMUSG00000044408,ENSMFAG00000048755
ENSMUSG00002076888,ENSMFAG00000065422
ENSMUSG00000054302,ENSMFAG00000002843
ENSMUSG00000020709,ENSMFAG00000059379
ENSMUSG00000029771,ENSMFAG00000043616
ENSMUSG00000024968,ENSMFAG00000039149
ENSMUSG00000035021,ENSMFAG00000043129
ENSMUSG00000058317,ENSMFAG00000039050
ENSMUSG00000035382,ENSMFAG00000044470
ENSMUSG00000067430,ENSMFAG00000032442
ENSMUSG00000042988,ENSMFAG00000033597
ENSMUSG00000048602,ENSMFAG00000043532
ENSMUSG00000024969,ENSMFAG00000032452
ENSMUSG00000094891,ENSMFAG00000054868
ENSMUSG00000021024,ENSMFAG00000043654
ENSMUSG00000021024,ENSMFAG00000026595
ENSMUSG00000024451,ENSMFAG00000002504
ENSMUSG00000030231,ENSMFAG00000043356
ENSMUSG00000093884,ENSMFAG00000054868
ENSMUSG00000096169,ENSMFAG00000054868
ENSMUSG00000021774,ENSMFAG00000046106
ENSMUSG00000020196,ENSMFAG00000045334
ENSMUSG00000054666,ENSMFAG00000018623
ENSMUSG00000016200,ENSMFAG00000036849
ENSMUSG00000021025,ENSMFAG00000017605
ENSMUSG00000065572,ENSMFAG00000007860
ENSMUSG00000065572,ENSMFAG00000006533
ENSMUSG00000076288,ENSMFAG00000007860
ENSMUSG00000076288,ENSMFAG00000006533
ENSMUSG00000022769,ENSMFAG00000033377
ENSMUSG00000021772,ENSMFAG00000002166
ENSMUSG00000036309,ENSMFAG00000052365
ENSMUSG00000022768,ENSMFAG00000003943
ENSMUSG00000063129,ENSMFAG00000031476
ENSMUSG00000063129,ENSMFAG00000044694
ENSMUSG00000045440,ENSMFAG00000009696
ENSMUSG00000021027,ENSMFAG00000043770
ENSMUSG00000001098,ENSMFAG00000001368
ENSMUSG00000012405,ENSMFAG00000043886
ENSMUSG00000092519,ENSMFAG00000051542
ENSMUSG00000037801,ENSMFAG00000001124
ENSMUSG00000117495,ENSMFAG00000065017
ENSMUSG00000024299,ENSMFAG00000040772
ENSMUSG00000041774,ENSMFAG00000041506
ENSMUSG00000026301,ENSMFAG00000046217
ENSMUSG00000021775,ENSMFAG00000038893
ENSMUSG00000062604,ENSMFAG00000045529
ENSMUSG00000001666,ENSMFAG00000043954
ENSMUSG00000001666,ENSMFAG00000064309
ENSMUSG00000021779,ENSMFAG00000008661
ENSMUSG00000038965,ENSMFAG00000065005
ENSMUSG00000020905,ENSMFAG00000038797
ENSMUSG00000044337,ENSMFAG00000029542
ENSMUSG00000026014,ENSMFAG00000003148
ENSMUSG00000118744,ENSMFAG00000010152
ENSMUSG00000057541,ENSMFAG00000046201
ENSMUSG00000070372,ENSMFAG00000035179
ENSMUSG00000050240,ENSMFAG00000052756
ENSMUSG00000001663,ENSMFAG00000041281
ENSMUSG00000058006,ENSMFAG00000041968
ENSMUSG00000055692,ENSMFAG00000044383
ENSMUSG00000017491,ENSMFAG00000046169
ENSMUSG00000088851,ENSMFAG00000019274
ENSMUSG00000088851,ENSMFAG00000023728
ENSMUSG00000020904,ENSMFAG00000037033
ENSMUSG00000009093,ENSMFAG00000035502
ENSMUSG00000009093,ENSMFAG00000033266
ENSMUSG00000026447,ENSMFAG00000003126
ENSMUSG00000064068,ENSMFAG00000043641
ENSMUSG00000033318,ENSMFAG00000055306
ENSMUSG00000042246,ENSMFAG00000045638
ENSMUSG00000031311,ENSMFAG00000041557
ENSMUSG00000027201,ENSMFAG00000046361
ENSMUSG00000033307,ENSMFAG00000003050
ENSMUSG00000020402,ENSMFAG00000041843
ENSMUSG00000009092,ENSMFAG00000033655
ENSMUSG00000017485,ENSMFAG00000043890
ENSMUSG00000046062,ENSMFAG00000039142
ENSMUSG00000026012,ENSMFAG00000003864
ENSMUSG00000012535,ENSMFAG00000032385
ENSMUSG00000041720,ENSMFAG00000001389
ENSMUSG00000000902,ENSMFAG00000040790
ENSMUSG00000026585,ENSMFAG00000030675
ENSMUSG00002075830,ENSMFAG00000061178
ENSMUSG00000063268,ENSMFAG00000044942
ENSMUSG00000028999,ENSMFAG00000032024
ENSMUSG00000047248,ENSMFAG00000027579
ENSMUSG00000032085,ENSMFAG00000036871
ENSMUSG00000032085,ENSMFAG00000003793
ENSMUSG00000031312,ENSMFAG00000037969
ENSMUSG00002075172,ENSMFAG00000015410
ENSMUSG00002075172,ENSMFAG00000048476
ENSMUSG00000048581,ENSMFAG00000004239
ENSMUSG00000037257,ENSMFAG00000040550
ENSMUSG00000045854,ENSMFAG00000055976
ENSMUSG00000065211,ENSMFAG00000017889
ENSMUSG00000028266,ENSMFAG00000050885
ENSMUSG00000105690,ENSMFAG00000023193
ENSMUSG00000038598,ENSMFAG00000039780
ENSMUSG00000061104,ENSMFAG00000004917
ENSMUSG00000031156,ENSMFAG00000046212
ENSMUSG00000036534,ENSMFAG00000045340
ENSMUSG00000032557,ENSMFAG00000041391
ENSMUSG00000022564,ENSMFAG00000032191
ENSMUSG00000028381,ENSMFAG00000045961
ENSMUSG00000021785,ENSMFAG00000046244
ENSMUSG00000021555,ENSMFAG00000041931
ENSMUSG00000036275,ENSMFAG00000058211
ENSMUSG00000049653,ENSMFAG00000041423
ENSMUSG00000020903,ENSMFAG00000032279
ENSMUSG00000032402,ENSMFAG00000001781
ENSMUSG00000024300,ENSMFAG00000050770
ENSMUSG00000038578,ENSMFAG00000035744
ENSMUSG00000065329,ENSMFAG00000014203
ENSMUSG00000028998,ENSMFAG00000035836
ENSMUSG00000027822,ENSMFAG00000057969
ENSMUSG00000118905,ENSMFAG00000010152
ENSMUSG00000031672,ENSMFAG00000000866
ENSMUSG00000028995,ENSMFAG00000027679
ENSMUSG00000000901,ENSMFAG00000036374
ENSMUSG00000034432,ENSMFAG00000043944
ENSMUSG00000021786,ENSMFAG00000044675
ENSMUSG00000001763,ENSMFAG00000038610
ENSMUSG00000090150,ENSMFAG00000034200
ENSMUSG00000040151,ENSMFAG00000041676
ENSMUSG00000028232,ENSMFAG00000019904
ENSMUSG00000028047,ENSMFAG00000038403
ENSMUSG00000045201,ENSMFAG00000011678
ENSMUSG00000026011,ENSMFAG00000004047
ENSMUSG00000062991,ENSMFAG00000002201
ENSMUSG00000031157,ENSMFAG00000029786
ENSMUSG00000022766,ENSMFAG00000031107
ENSMUSG00000042567,ENSMFAG00000039437
ENSMUSG00000065331,ENSMFAG00000059976
ENSMUSG00000020902,ENSMFAG00000037787
ENSMUSG00000045174,ENSMFAG00000056157
ENSMUSG00000001761,ENSMFAG00000045402
ENSMUSG00000026009,ENSMFAG00000053159
ENSMUSG00000020229,ENSMFAG00000034150
ENSMUSG00000028986,ENSMFAG00000038387
ENSMUSG00000028233,ENSMFAG00000029838
ENSMUSG00000020901,ENSMFAG00000045616
ENSMUSG00000079355,ENSMFAG00000030372
ENSMUSG00002076579,ENSMFAG00000024118
ENSMUSG00000022763,ENSMFAG00000009725
ENSMUSG00000032480,ENSMFAG00000033894
ENSMUSG00000064043,ENSMFAG00000045736
ENSMUSG00000020230,ENSMFAG00000003831
ENSMUSG00000040183,ENSMFAG00000034278
ENSMUSG00000026584,ENSMFAG00000002890
ENSMUSG00000037072,ENSMFAG00000064219
ENSMUSG00000046207,ENSMFAG00000000836
ENSMUSG00000021556,ENSMFAG00000043796
ENSMUSG00000119511,ENSMFAG00000063766
ENSMUSG00000042784,ENSMFAG00000026183
ENSMUSG00000048439,ENSMFAG00000002902
ENSMUSG00000032942,ENSMFAG00000001176
ENSMUSG00000031160,ENSMFAG00000018924
ENSMUSG00000031161,ENSMFAG00000044074
ENSMUSG00000027823,ENSMFAG00000039350
ENSMUSG00000041741,ENSMFAG00000035768
ENSMUSG00000022561,ENSMFAG00000024125
ENSMUSG00000021733,ENSMFAG00000000748
ENSMUSG00000070697,ENSMFAG00000013579
ENSMUSG00000034729,ENSMFAG00000046129
ENSMUSG00000057230,ENSMFAG00000032641
ENSMUSG00000074872,ENSMFAG00000065829
ENSMUSG00000042359,ENSMFAG00000003510
ENSMUSG00000033685,ENSMFAG00000003662
ENSMUSG00000044792,ENSMFAG00000057005
ENSMUSG00000044792,ENSMFAG00000038304
ENSMUSG00000029291,ENSMFAG00000039421
ENSMUSG00000022761,ENSMFAG00000002308
ENSMUSG00000048329,ENSMFAG00000050661
ENSMUSG00000045915,ENSMFAG00000031484
ENSMUSG00000035248,ENSMFAG00000000971
ENSMUSG00000089039,ENSMFAG00000033538
ENSMUSG00000052062,ENSMFAG00000043904
ENSMUSG00000045576,ENSMFAG00000037326
ENSMUSG00000022551,ENSMFAG00000038514
ENSMUSG00000020231,ENSMFAG00000034305
ENSMUSG00000017686,ENSMFAG00000034504
ENSMUSG00000023979,ENSMFAG00000031539
ENSMUSG00000023982,ENSMFAG00000035647
ENSMUSG00000022552,ENSMFAG00000038852
ENSMUSG00000040136,ENSMFAG00000035952
ENSMUSG00000012076,ENSMFAG00000037936
ENSMUSG00000047150,ENSMFAG00000003087
ENSMUSG00000023980,ENSMFAG00000037574
ENSMUSG00000035431,ENSMFAG00000009385
ENSMUSG00000048126,ENSMFAG00000043048
ENSMUSG00000029772,ENSMFAG00000039128
ENSMUSG00000045930,ENSMFAG00000057409
ENSMUSG00000021127,ENSMFAG00000050302
ENSMUSG00000015143,ENSMFAG00000003078
ENSMUSG00000022553,ENSMFAG00000030112
ENSMUSG00000042228,ENSMFAG00000043272
ENSMUSG00000002731,ENSMFAG00000040213
ENSMUSG00000024970,ENSMFAG00000002160
ENSMUSG00000075267,ENSMFAG00000001249
ENSMUSG00000002732,ENSMFAG00000034329
ENSMUSG00000034071,ENSMFAG00000038243
ENSMUSG00000034165,ENSMFAG00000039022
ENSMUSG00000002733,ENSMFAG00000031192
ENSMUSG00000030708,ENSMFAG00000035964
ENSMUSG00000024758,ENSMFAG00000030265
ENSMUSG00000098905,ENSMFAG00000065435
ENSMUSG00000026854,ENSMFAG00000001850
ENSMUSG00000021221,ENSMFAG00000033308
ENSMUSG00000022760,ENSMFAG00000002469
ENSMUSG00000025340,ENSMFAG00000000685
ENSMUSG00000004341,ENSMFAG00000002596
ENSMUSG00000036721,ENSMFAG00000046122
ENSMUSG00000030386,ENSMFAG00000034544
ENSMUSG00000021327,ENSMFAG00000030212
ENSMUSG00000001155,ENSMFAG00000039806
ENSMUSG00000041215,ENSMFAG00000045323
ENSMUSG00000042766,ENSMFAG00000038997
ENSMUSG00000101892,ENSMFAG00000003918
ENSMUSG00000088351,ENSMFAG00000051557
ENSMUSG00000078365,ENSMFAG00000012716
ENSMUSG00000003282,ENSMFAG00000030888
ENSMUSG00000037509,ENSMFAG00000045827
ENSMUSG00000030650,ENSMFAG00000045588
ENSMUSG00000044221,ENSMFAG00000037346
ENSMUSG00000022361,ENSMFAG00000023007
ENSMUSG00000028277,ENSMFAG00000046333
ENSMUSG00000055313,ENSMFAG00000042494
ENSMUSG00000022360,ENSMFAG00000017322
ENSMUSG00000021222,ENSMFAG00000025336
ENSMUSG00000021222,ENSMFAG00000037267
ENSMUSG00000022228,ENSMFAG00000045743
ENSMUSG00000023988,ENSMFAG00000033214
ENSMUSG00000079941,ENSMFAG00000053533
ENSMUSG00000060404,ENSMFAG00000017613
ENSMUSG00000031162,ENSMFAG00000031953
ENSMUSG00000042747,ENSMFAG00000037724
ENSMUSG00000071522,ENSMFAG00000017613
ENSMUSG00000023267,ENSMFAG00000043423
ENSMUSG00000021326,ENSMFAG00000034098
ENSMUSG00000092558,ENSMFAG00000057486
ENSMUSG00000042628,ENSMFAG00000037270
ENSMUSG00000024759,ENSMFAG00000035680
ENSMUSG00000031163,ENSMFAG00000042609
ENSMUSG00000090115,ENSMFAG00000040586
ENSMUSG00000031158,ENSMFAG00000000862
ENSMUSG00000029366,ENSMFAG00000041551
ENSMUSG00000042198,ENSMFAG00000040366
ENSMUSG00000037062,ENSMFAG00000061591
ENSMUSG00000032560,ENSMFAG00000032546
ENSMUSG00000060371,ENSMFAG00000032381
ENSMUSG00000022359,ENSMFAG00000045125
ENSMUSG00000033475,ENSMFAG00000028918
ENSMUSG00000065648,ENSMFAG00000008485
ENSMUSG00000010608,ENSMFAG00000040040
ENSMUSG00000041757,ENSMFAG00000042643
ENSMUSG00000096549,ENSMFAG00000034421
ENSMUSG00000080461,ENSMFAG00000021562
ENSMUSG00000022358,ENSMFAG00000036166
ENSMUSG00000023266,ENSMFAG00000037819
ENSMUSG00000034040,ENSMFAG00000044553
ENSMUSG00000068113,ENSMFAG00000005909
ENSMUSG00000042271,ENSMFAG00000004105
ENSMUSG00000022357,ENSMFAG00000036573
ENSMUSG00000055114,ENSMFAG00000008314
ENSMUSG00000037119,ENSMFAG00000000206
ENSMUSG00000023987,ENSMFAG00000038363
ENSMUSG00000050747,ENSMFAG00000035011
ENSMUSG00000030706,ENSMFAG00000003172
ENSMUSG00000026931,ENSMFAG00000031805
ENSMUSG00000027202,ENSMFAG00000031713
ENSMUSG00000039706,ENSMFAG00000038875
ENSMUSG00000073400,ENSMFAG00000039062
ENSMUSG00000017692,ENSMFAG00000041020
ENSMUSG00000001120,ENSMFAG00000034574
ENSMUSG00000025092,ENSMFAG00000034502
ENSMUSG00000031278,ENSMFAG00000036623
ENSMUSG00000022295,ENSMFAG00000045088
ENSMUSG00000068240,ENSMFAG00000049103
ENSMUSG00000073399,ENSMFAG00000047681
ENSMUSG00000025142,ENSMFAG00000032150
ENSMUSG00000040896,ENSMFAG00000002047
ENSMUSG00000034908,ENSMFAG00000032882
ENSMUSG00000030704,ENSMFAG00000041027
ENSMUSG00000028236,ENSMFAG00000002079
ENSMUSG00000054679,ENSMFAG00000048779
ENSMUSG00000048029,ENSMFAG00000038492
ENSMUSG00000036492,ENSMFAG00000040191
ENSMUSG00000056770,ENSMFAG00000003763
ENSMUSG00000041362,ENSMFAG00000042541
ENSMUSG00000040128,ENSMFAG00000046306
ENSMUSG00000022296,ENSMFAG00000033705
ENSMUSG00000071019,ENSMFAG00000059119
ENSMUSG00000022297,ENSMFAG00000001388
ENSMUSG00000036398,ENSMFAG00000001673
ENSMUSG00000041205,ENSMFAG00000064027
ENSMUSG00000033918,ENSMFAG00000036652
ENSMUSG00000027953,ENSMFAG00000001685
ENSMUSG00000028382,ENSMFAG00000041265
ENSMUSG00000038415,ENSMFAG00000062586
ENSMUSG00000001436,ENSMFAG00000041513
ENSMUSG00000038402,ENSMFAG00000036369
ENSMUSG00000036315,ENSMFAG00000039802
ENSMUSG00000015944,ENSMFAG00000064546
ENSMUSG00000065843,ENSMFAG00000061356
ENSMUSG00000054196,ENSMFAG00000044699
ENSMUSG00000025876,ENSMFAG00000043584
ENSMUSG00000022299,ENSMFAG00000039281
ENSMUSG00000040205,ENSMFAG00000033660
ENSMUSG00000027699,ENSMFAG00000041285
ENSMUSG00000038199,ENSMFAG00000028789
ENSMUSG00000041406,ENSMFAG00000039080
ENSMUSG00000024459,ENSMFAG00000046125
ENSMUSG00000006270,ENSMFAG00000044674
ENSMUSG00000030046,ENSMFAG00000038780
ENSMUSG00000056201,ENSMFAG00000003545
ENSMUSG00000056201,ENSMFAG00000022559
ENSMUSG00000021258,ENSMFAG00000031730
ENSMUSG00000030047,ENSMFAG00000001418
ENSMUSG00000040177,ENSMFAG00000062466
ENSMUSG00000024642,ENSMFAG00000031817
ENSMUSG00000036036,ENSMFAG00000033585
ENSMUSG00000022822,ENSMFAG00000038091
ENSMUSG00000084883,ENSMFAG00000031571
ENSMUSG00000025877,ENSMFAG00000000149
ENSMUSG00000063179,ENSMFAG00000036565
ENSMUSG00000116336,ENSMFAG00000037800
ENSMUSG00000060961,ENSMFAG00000000956
ENSMUSG00000044294,ENSMFAG00000034594
ENSMUSG00000043531,ENSMFAG00000042566
ENSMUSG00000049548,ENSMFAG00000033703
ENSMUSG00000021259,ENSMFAG00000002756
ENSMUSG00000040167,ENSMFAG00000046268
ENSMUSG00000058070,ENSMFAG00000043375
ENSMUSG00000003235,ENSMFAG00000045589
ENSMUSG00000016942,ENSMFAG00000035751
ENSMUSG00000030861,ENSMFAG00000034302
ENSMUSG00000037503,ENSMFAG00000054332
ENSMUSG00000027203,ENSMFAG00000037325
ENSMUSG00000089370,ENSMFAG00000004310
ENSMUSG00000036510,ENSMFAG00000031066
ENSMUSG00000076439,ENSMFAG00000037244
ENSMUSG00000030307,ENSMFAG00000034176
ENSMUSG00000024985,ENSMFAG00000043191
ENSMUSG00000032561,ENSMFAG00000037154
ENSMUSG00000003233,ENSMFAG00000035356
ENSMUSG00000027204,ENSMFAG00000041075
ENSMUSG00000050100,ENSMFAG00000041320
ENSMUSG00000053004,ENSMFAG00000030336
ENSMUSG00000024462,ENSMFAG00000040724
ENSMUSG00000089996,ENSMFAG00000041214
ENSMUSG00000008496,ENSMFAG00000030322
ENSMUSG00000079699,ENSMFAG00000061797
ENSMUSG00000079699,ENSMFAG00000000046
ENSMUSG00000079699,ENSMFAG00000044497
ENSMUSG00000079699,ENSMFAG00000035694
ENSMUSG00000079699,ENSMFAG00000045384
ENSMUSG00000079699,ENSMFAG00000033029
ENSMUSG00000079699,ENSMFAG00000055371
ENSMUSG00000065619,ENSMFAG00000007318
ENSMUSG00000039159,ENSMFAG00000059963
ENSMUSG00000068219,ENSMFAG00000061797
ENSMUSG00000068219,ENSMFAG00000000046
ENSMUSG00000068219,ENSMFAG00000044497
ENSMUSG00000068219,ENSMFAG00000035694
ENSMUSG00000068219,ENSMFAG00000045384
ENSMUSG00000068219,ENSMFAG00000033029
ENSMUSG00000068219,ENSMFAG00000055371
ENSMUSG00000079705,ENSMFAG00000061797
ENSMUSG00000079705,ENSMFAG00000000046
ENSMUSG00000079705,ENSMFAG00000044497
ENSMUSG00000079705,ENSMFAG00000035694
ENSMUSG00000079705,ENSMFAG00000045384
ENSMUSG00000079705,ENSMFAG00000033029
ENSMUSG00000079705,ENSMFAG00000055371
ENSMUSG00000022841,ENSMFAG00000024802
ENSMUSG00000026639,ENSMFAG00000002990
ENSMUSG00000079702,ENSMFAG00000061797
ENSMUSG00000079702,ENSMFAG00000000046
ENSMUSG00000079702,ENSMFAG00000044497
ENSMUSG00000079702,ENSMFAG00000035694
ENSMUSG00000079702,ENSMFAG00000045384
ENSMUSG00000079702,ENSMFAG00000033029
ENSMUSG00000079702,ENSMFAG00000055371
ENSMUSG00000039130,ENSMFAG00000030176
ENSMUSG00000079701,ENSMFAG00000061797
ENSMUSG00000079701,ENSMFAG00000000046
ENSMUSG00000079701,ENSMFAG00000044497
ENSMUSG00000079701,ENSMFAG00000035694
ENSMUSG00000079701,ENSMFAG00000045384
ENSMUSG00000079701,ENSMFAG00000033029
ENSMUSG00000079701,ENSMFAG00000055371
ENSMUSG00000003131,ENSMFAG00000043858
ENSMUSG00000079703,ENSMFAG00000061797
ENSMUSG00000079703,ENSMFAG00000000046
ENSMUSG00000079703,ENSMFAG00000044497
ENSMUSG00000079703,ENSMFAG00000035694
ENSMUSG00000079703,ENSMFAG00000045384
ENSMUSG00000079703,ENSMFAG00000033029
ENSMUSG00000079703,ENSMFAG00000055371
ENSMUSG00000035371,ENSMFAG00000061797
ENSMUSG00000035371,ENSMFAG00000000046
ENSMUSG00000035371,ENSMFAG00000044497
ENSMUSG00000035371,ENSMFAG00000035694
ENSMUSG00000035371,ENSMFAG00000045384
ENSMUSG00000035371,ENSMFAG00000033029
ENSMUSG00000035371,ENSMFAG00000055371
ENSMUSG00000068218,ENSMFAG00000061797
ENSMUSG00000068218,ENSMFAG00000000046
ENSMUSG00000068218,ENSMFAG00000044497
ENSMUSG00000068218,ENSMFAG00000035694
ENSMUSG00000068218,ENSMFAG00000045384
ENSMUSG00000068218,ENSMFAG00000033029
ENSMUSG00000068218,ENSMFAG00000055371
ENSMUSG00000031673,ENSMFAG00000040729
ENSMUSG00000023165,ENSMFAG00000061797
ENSMUSG00000023165,ENSMFAG00000000046
ENSMUSG00000023165,ENSMFAG00000044497
ENSMUSG00000023165,ENSMFAG00000035694
ENSMUSG00000023165,ENSMFAG00000045384
ENSMUSG00000023165,ENSMFAG00000033029
ENSMUSG00000023165,ENSMFAG00000055371
ENSMUSG00000068227,ENSMFAG00000048720
ENSMUSG00000045573,ENSMFAG00000031729
ENSMUSG00000068394,ENSMFAG00000040377
ENSMUSG00000079704,ENSMFAG00000061797
ENSMUSG00000079704,ENSMFAG00000000046
ENSMUSG00000079704,ENSMFAG00000044497
ENSMUSG00000079704,ENSMFAG00000035694
ENSMUSG00000079704,ENSMFAG00000045384
ENSMUSG00000079704,ENSMFAG00000033029
ENSMUSG00000079704,ENSMFAG00000055371
ENSMUSG00000066324,ENSMFAG00000034283
ENSMUSG00000031583,ENSMFAG00000043428
ENSMUSG00000025878,ENSMFAG00000038747
ENSMUSG00000071816,ENSMFAG00000061797
ENSMUSG00000071816,ENSMFAG00000000046
ENSMUSG00000071816,ENSMFAG00000044497
ENSMUSG00000071816,ENSMFAG00000035694
ENSMUSG00000071816,ENSMFAG00000045384
ENSMUSG00000071816,ENSMFAG00000033029
ENSMUSG00000071816,ENSMFAG00000055371
ENSMUSG00000079697,ENSMFAG00000061797
ENSMUSG00000079697,ENSMFAG00000000046
ENSMUSG00000079697,ENSMFAG00000044497
ENSMUSG00000079697,ENSMFAG00000035694
ENSMUSG00000079697,ENSMFAG00000045384
ENSMUSG00000079697,ENSMFAG00000033029
ENSMUSG00000079697,ENSMFAG00000055371
ENSMUSG00000032564,ENSMFAG00000031703
ENSMUSG00000061778,ENSMFAG00000003767
ENSMUSG00000028274,ENSMFAG00000030988
ENSMUSG00000056600,ENSMFAG00000033095
ENSMUSG00000027654,ENSMFAG00000001827
ENSMUSG00000026123,ENSMFAG00000057758
ENSMUSG00000026123,ENSMFAG00000035911
ENSMUSG00000026123,ENSMFAG00000046098
ENSMUSG00000095377,ENSMFAG00000033095
ENSMUSG00000096477,ENSMFAG00000033095
ENSMUSG00000091601,ENSMFAG00000033095
ENSMUSG00000035109,ENSMFAG00000038568
ENSMUSG00000033220,ENSMFAG00000000606
ENSMUSG00000035186,ENSMFAG00000036615
ENSMUSG00000043827,ENSMFAG00000063052
ENSMUSG00000003234,ENSMFAG00000000479
ENSMUSG00000030314,ENSMFAG00000040779
ENSMUSG00000064121,ENSMFAG00000058692
ENSMUSG00000056025,ENSMFAG00000045427
ENSMUSG00000033287,ENSMFAG00000003026
ENSMUSG00000062327,ENSMFAG00000030026
ENSMUSG00000049119,ENSMFAG00000038229
ENSMUSG00000026781,ENSMFAG00000042324
ENSMUSG00000016194,ENSMFAG00000036386
ENSMUSG00000032563,ENSMFAG00000003455
ENSMUSG00000020260,ENSMFAG00000003616
ENSMUSG00000027954,ENSMFAG00000041110
ENSMUSG00000044288,ENSMFAG00000040164
ENSMUSG00000028383,ENSMFAG00000039178
ENSMUSG00000047757,ENSMFAG00000037836
ENSMUSG00000027698,ENSMFAG00000043084
ENSMUSG00000021481,ENSMFAG00000003577
ENSMUSG00000028264,ENSMFAG00000046308
ENSMUSG00000049184,ENSMFAG00000033747
ENSMUSG00000009633,ENSMFAG00000024733
ENSMUSG00000042225,ENSMFAG00000057591
ENSMUSG00000068391,ENSMFAG00000029360
ENSMUSG00000020262,ENSMFAG00000011312
ENSMUSG00000028039,ENSMFAG00000042326
ENSMUSG00000009628,ENSMFAG00000032809
ENSMUSG00000045216,ENSMFAG00000051499
ENSMUSG00000047921,ENSMFAG00000044625
ENSMUSG00000016179,ENSMFAG00000002653
ENSMUSG00000085584,ENSMFAG00000042372
ENSMUSG00000024177,ENSMFAG00000031790
ENSMUSG00000028262,ENSMFAG00000045427
ENSMUSG00000001127,ENSMFAG00000031035
ENSMUSG00000032481,ENSMFAG00000043050
ENSMUSG00000045071,ENSMFAG00000042169
ENSMUSG00000031871,ENSMFAG00000038308
ENSMUSG00000028040,ENSMFAG00000042861
ENSMUSG00000028240,ENSMFAG00000041863
ENSMUSG00000046613,ENSMFAG00000033707
ENSMUSG00000025145,ENSMFAG00000046218
ENSMUSG00000024180,ENSMFAG00000001752
ENSMUSG00000009630,ENSMFAG00000038369
ENSMUSG00000039304,ENSMFAG00000002428
ENSMUSG00000052906,ENSMFAG00000038759
ENSMUSG00000038544,ENSMFAG00000043846
ENSMUSG00000065533,ENSMFAG00000006695
ENSMUSG00000020659,ENSMFAG00000045966
ENSMUSG00000026579,ENSMFAG00000045747
ENSMUSG00000031872,ENSMFAG00000031444
ENSMUSG00000005320,ENSMFAG00000065820
ENSMUSG00000028385,ENSMFAG00000063439
ENSMUSG00000037033,ENSMFAG00000045427
ENSMUSG00000018012,ENSMFAG00000007057
ENSMUSG00000051136,ENSMFAG00000049961
ENSMUSG00000074195,ENSMFAG00000030973
ENSMUSG00000028953,ENSMFAG00000034542
ENSMUSG00000040918,ENSMFAG00000039988
ENSMUSG00000028386,ENSMFAG00000043389
ENSMUSG00000039450,ENSMFAG00000030901
ENSMUSG00000021488,ENSMFAG00000032625
ENSMUSG00002076201,ENSMFAG00000010438
ENSMUSG00000041333,ENSMFAG00000059458
ENSMUSG00000027827,ENSMFAG00000032077
ENSMUSG00000031584,ENSMFAG00000003439
ENSMUSG00000038181,ENSMFAG00000045967
ENSMUSG00000078689,ENSMFAG00000059458
ENSMUSG00000037470,ENSMFAG00000034333
ENSMUSG00000034761,ENSMFAG00000001082
ENSMUSG00000024181,ENSMFAG00000006698
ENSMUSG00000035540,ENSMFAG00000032395
ENSMUSG00000028291,ENSMFAG00000023644
ENSMUSG00000073842,ENSMFAG00000059458
ENSMUSG00000024184,ENSMFAG00000003199
ENSMUSG00000035528,ENSMFAG00000042560
ENSMUSG00000028949,ENSMFAG00000032295
ENSMUSG00000028249,ENSMFAG00000037999
ENSMUSG00000025812,ENSMFAG00000002675
ENSMUSG00000020900,ENSMFAG00000039316
ENSMUSG00000073433,ENSMFAG00000038549
ENSMUSG00000034789,ENSMFAG00000045651
ENSMUSG00000080669,ENSMFAG00000012751
ENSMUSG00000033809,ENSMFAG00000001621
ENSMUSG00000032977,ENSMFAG00000037615
ENSMUSG00000024186,ENSMFAG00000034218
ENSMUSG00000001131,ENSMFAG00000038764
ENSMUSG00000021486,ENSMFAG00000003703
ENSMUSG00000068547,ENSMFAG00000030973
ENSMUSG00000000290,ENSMFAG00000036141
ENSMUSG00000076387,ENSMFAG00000004198
ENSMUSG00000043635,ENSMFAG00000043434
ENSMUSG00000021485,ENSMFAG00000033170
ENSMUSG00000001128,ENSMFAG00000032256
ENSMUSG00000001655,ENSMFAG00000062591
ENSMUSG00000050328,ENSMFAG00000002263
ENSMUSG00000017064,ENSMFAG00000000707
ENSMUSG00000001656,ENSMFAG00000039005
ENSMUSG00000026640,ENSMFAG00000003249
ENSMUSG00000009406,ENSMFAG00000039945
ENSMUSG00000039286,ENSMFAG00000033083
ENSMUSG00000022485,ENSMFAG00000058266
ENSMUSG00000001134,ENSMFAG00000002442
ENSMUSG00000056223,ENSMFAG00000065680
ENSMUSG00000056223,ENSMFAG00000043884
ENSMUSG00000056223,ENSMFAG00000030681
ENSMUSG00000056223,ENSMFAG00000002532
ENSMUSG00000065488,ENSMFAG00000004428
ENSMUSG00000036139,ENSMFAG00000042260
ENSMUSG00000001657,ENSMFAG00000002443
ENSMUSG00000090658,ENSMFAG00000055011
ENSMUSG00000001661,ENSMFAG00000033368
ENSMUSG00000038212,ENSMFAG00000040881
ENSMUSG00000009291,ENSMFAG00000033191
ENSMUSG00000076010,ENSMFAG00000014983
ENSMUSG00000024187,ENSMFAG00000001325
ENSMUSG00000022587,ENSMFAG00000061137
ENSMUSG00000022587,ENSMFAG00000044454
ENSMUSG00000028954,ENSMFAG00000033644
ENSMUSG00000054737,ENSMFAG00000036192
ENSMUSG00000021098,ENSMFAG00000040949
ENSMUSG00000037167,ENSMFAG00000039745
ENSMUSG00000020265,ENSMFAG00000009821
ENSMUSG00000043164,ENSMFAG00000001516
ENSMUSG00000049806,ENSMFAG00000062981
ENSMUSG00000032999,ENSMFAG00000042923
ENSMUSG00000088772,ENSMFAG00000014689
ENSMUSG00000027828,ENSMFAG00000065033
ENSMUSG00000068122,ENSMFAG00000008335
ENSMUSG00000026578,ENSMFAG00000041326
ENSMUSG00000055235,ENSMFAG00000000892
ENSMUSG00000031148,ENSMFAG00000035346
ENSMUSG00000047180,ENSMFAG00000040926
ENSMUSG00000038135,ENSMFAG00000049054
ENSMUSG00000026779,ENSMFAG00000031733
ENSMUSG00000026577,ENSMFAG00000042415
ENSMUSG00000035505,ENSMFAG00000035677
ENSMUSG00000115219,ENSMFAG00000061218
ENSMUSG00000020964,ENSMFAG00000036099
ENSMUSG00000078688,ENSMFAG00000059458
ENSMUSG00000105187,ENSMFAG00000015100
ENSMUSG00000034135,ENSMFAG00000041223
ENSMUSG00000087825,ENSMFAG00000051610
ENSMUSG00000087825,ENSMFAG00000024092
ENSMUSG00000087825,ENSMFAG00000057820
ENSMUSG00000087825,ENSMFAG00000058618
ENSMUSG00000087825,ENSMFAG00000056003
ENSMUSG00000087825,ENSMFAG00000055172
ENSMUSG00000087825,ENSMFAG00000065822
ENSMUSG00000087825,ENSMFAG00000056102
ENSMUSG00000034640,ENSMFAG00000040611
ENSMUSG00000021514,ENSMFAG00000034673
ENSMUSG00000039382,ENSMFAG00000032970
ENSMUSG00000009293,ENSMFAG00000057431
ENSMUSG00000029775,ENSMFAG00000041650
ENSMUSG00000074579,ENSMFAG00000032575
ENSMUSG00000026775,ENSMFAG00000041596
ENSMUSG00000078687,ENSMFAG00000059458
ENSMUSG00000040044,ENSMFAG00000041907
ENSMUSG00000084466,ENSMFAG00000006732
ENSMUSG00000084466,ENSMFAG00000035216
ENSMUSG00000036960,ENSMFAG00000001996
ENSMUSG00000021376,ENSMFAG00000032943
ENSMUSG00000024188,ENSMFAG00000003743
ENSMUSG00000069581,ENSMFAG00000001348
ENSMUSG00000015882,ENSMFAG00000043664
ENSMUSG00000026305,ENSMFAG00000035972
ENSMUSG00000027655,ENSMFAG00000031593
ENSMUSG00000095970,ENSMFAG00000053657
ENSMUSG00000095970,ENSMFAG00000031679
ENSMUSG00000024957,ENSMFAG00000053969
ENSMUSG00000112170,ENSMFAG00000053657
ENSMUSG00000112170,ENSMFAG00000031679
ENSMUSG00000069584,ENSMFAG00000053657
ENSMUSG00000069584,ENSMFAG00000031679
ENSMUSG00000094012,ENSMFAG00000053657
ENSMUSG00000094012,ENSMFAG00000031679
ENSMUSG00000094146,ENSMFAG00000053657
ENSMUSG00000094146,ENSMFAG00000031679
ENSMUSG00000069583,ENSMFAG00000053657
ENSMUSG00000069583,ENSMFAG00000031679
ENSMUSG00000096421,ENSMFAG00000053657
ENSMUSG00000096421,ENSMFAG00000031679
ENSMUSG00000112864,ENSMFAG00000053657
ENSMUSG00000112864,ENSMFAG00000031679
ENSMUSG00000112380,ENSMFAG00000053657
ENSMUSG00000112380,ENSMFAG00000031679
ENSMUSG00000046541,ENSMFAG00000044402
ENSMUSG00000094120,ENSMFAG00000053657
ENSMUSG00000094120,ENSMFAG00000031679
ENSMUSG00000095817,ENSMFAG00000053657
ENSMUSG00000095817,ENSMFAG00000031679
ENSMUSG00000096852,ENSMFAG00000042506
ENSMUSG00000095593,ENSMFAG00000053657
ENSMUSG00000095593,ENSMFAG00000031679
ENSMUSG00000066979,ENSMFAG00000044849
ENSMUSG00000096481,ENSMFAG00000053657
ENSMUSG00000096481,ENSMFAG00000031679
ENSMUSG00000004231,ENSMFAG00000041514
ENSMUSG00000095721,ENSMFAG00000053657
ENSMUSG00000095721,ENSMFAG00000031679
ENSMUSG00000096131,ENSMFAG00000053657
ENSMUSG00000096131,ENSMFAG00000031679
ENSMUSG00000096380,ENSMFAG00000053657
ENSMUSG00000096380,ENSMFAG00000031679
ENSMUSG00000094913,ENSMFAG00000053657
ENSMUSG00000094913,ENSMFAG00000031679
ENSMUSG00000069582,ENSMFAG00000053657
ENSMUSG00000069582,ENSMFAG00000031679
ENSMUSG00000119678,ENSMFAG00000005023
ENSMUSG00000112223,ENSMFAG00000053657
ENSMUSG00000112223,ENSMFAG00000031679
ENSMUSG00000112653,ENSMFAG00000053657
ENSMUSG00000112653,ENSMFAG00000031679
ENSMUSG00000027829,ENSMFAG00000030104
ENSMUSG00000111915,ENSMFAG00000053657
ENSMUSG00000111915,ENSMFAG00000031679
ENSMUSG00000051652,ENSMFAG00000028969
ENSMUSG00000009292,ENSMFAG00000001773
ENSMUSG00000047298,ENSMFAG00000055892
ENSMUSG00000038080,ENSMFAG00000037161
ENSMUSG00000041360,ENSMFAG00000001430
ENSMUSG00000094559,ENSMFAG00000042506
ENSMUSG00000040125,ENSMFAG00000056569
ENSMUSG00000023926,ENSMFAG00000042670
ENSMUSG00000118516,ENSMFAG00000042506
ENSMUSG00000030838,ENSMFAG00000000184
ENSMUSG00000025158,ENSMFAG00000038569
ENSMUSG00000068083,ENSMFAG00000042506
ENSMUSG00000051146,ENSMFAG00000062559
ENSMUSG00000054951,ENSMFAG00000063757
ENSMUSG00000022842,ENSMFAG00000045351
ENSMUSG00000091043,ENSMFAG00000000593
ENSMUSG00000032083,ENSMFAG00000042160
ENSMUSG00000030315,ENSMFAG00000009745
ENSMUSG00000017421,ENSMFAG00000001904
ENSMUSG00000023919,ENSMFAG00000045783
ENSMUSG00000022445,ENSMFAG00000042506
ENSMUSG00000032482,ENSMFAG00000000124
ENSMUSG00000021377,ENSMFAG00000043279
ENSMUSG00000069132,ENSMFAG00000039309
ENSMUSG00000002307,ENSMFAG00000038728
ENSMUSG00000026771,ENSMFAG00000033909
ENSMUSG00000076653,ENSMFAG00000048550
ENSMUSG00000076653,ENSMFAG00000052376
ENSMUSG00000076653,ENSMFAG00000048883
ENSMUSG00000076653,ENSMFAG00000057606
ENSMUSG00000076653,ENSMFAG00000056728
ENSMUSG00000030316,ENSMFAG00000033931
ENSMUSG00000027831,ENSMFAG00000043410
ENSMUSG00000076668,ENSMFAG00000048550
ENSMUSG00000076668,ENSMFAG00000052376
ENSMUSG00000076668,ENSMFAG00000048883
ENSMUSG00000076668,ENSMFAG00000057606
ENSMUSG00000076668,ENSMFAG00000056728
ENSMUSG00000029524,ENSMFAG00000038370
ENSMUSG00000076688,ENSMFAG00000059185
ENSMUSG00000076688,ENSMFAG00000054887
ENSMUSG00000076688,ENSMFAG00000048295
ENSMUSG00000076688,ENSMFAG00000064727
ENSMUSG00000076688,ENSMFAG00000063904
ENSMUSG00000076688,ENSMFAG00000050722
ENSMUSG00000076688,ENSMFAG00000064695
ENSMUSG00000076688,ENSMFAG00000054894
ENSMUSG00000076688,ENSMFAG00000053019
ENSMUSG00000076688,ENSMFAG00000060568
ENSMUSG00000076688,ENSMFAG00000003739
ENSMUSG00000076688,ENSMFAG00000056416
ENSMUSG00000076688,ENSMFAG00000064094
ENSMUSG00000076688,ENSMFAG00000050313
ENSMUSG00000076688,ENSMFAG00000063575
ENSMUSG00000076688,ENSMFAG00000050523
ENSMUSG00000076688,ENSMFAG00000064982
ENSMUSG00000076688,ENSMFAG00000047678
ENSMUSG00000094694,ENSMFAG00000059185
ENSMUSG00000094694,ENSMFAG00000054887
ENSMUSG00000094694,ENSMFAG00000048295
ENSMUSG00000094694,ENSMFAG00000064727
ENSMUSG00000094694,ENSMFAG00000063904
ENSMUSG00000094694,ENSMFAG00000050722
ENSMUSG00000094694,ENSMFAG00000064695
ENSMUSG00000094694,ENSMFAG00000054894
ENSMUSG00000094694,ENSMFAG00000053019
ENSMUSG00000094694,ENSMFAG00000060568
ENSMUSG00000094694,ENSMFAG00000003739
ENSMUSG00000094694,ENSMFAG00000056416
ENSMUSG00000094694,ENSMFAG00000064094
ENSMUSG00000094694,ENSMFAG00000050313
ENSMUSG00000094694,ENSMFAG00000063575
ENSMUSG00000094694,ENSMFAG00000050523
ENSMUSG00000094694,ENSMFAG00000064982
ENSMUSG00000094694,ENSMFAG00000047678
ENSMUSG00000076695,ENSMFAG00000059185
ENSMUSG00000076695,ENSMFAG00000054887
ENSMUSG00000076695,ENSMFAG00000048295
ENSMUSG00000076695,ENSMFAG00000064727
ENSMUSG00000076695,ENSMFAG00000063904
ENSMUSG00000076695,ENSMFAG00000050722
ENSMUSG00000076695,ENSMFAG00000064695
ENSMUSG00000076695,ENSMFAG00000054894
ENSMUSG00000076695,ENSMFAG00000053019
ENSMUSG00000076695,ENSMFAG00000060568
ENSMUSG00000076695,ENSMFAG00000003739
ENSMUSG00000076695,ENSMFAG00000056416
ENSMUSG00000076695,ENSMFAG00000064094
ENSMUSG00000076695,ENSMFAG00000050313
ENSMUSG00000076695,ENSMFAG00000063575
ENSMUSG00000076695,ENSMFAG00000050523
ENSMUSG00000076695,ENSMFAG00000064982
ENSMUSG00000076695,ENSMFAG00000047678
ENSMUSG00000028245,ENSMFAG00000003576
ENSMUSG00000096410,ENSMFAG00000059185
ENSMUSG00000096410,ENSMFAG00000054887
ENSMUSG00000096410,ENSMFAG00000048295
ENSMUSG00000096410,ENSMFAG00000064727
ENSMUSG00000096410,ENSMFAG00000063904
ENSMUSG00000096410,ENSMFAG00000050722
ENSMUSG00000096410,ENSMFAG00000064695
ENSMUSG00000096410,ENSMFAG00000054894
ENSMUSG00000096410,ENSMFAG00000053019
ENSMUSG00000096410,ENSMFAG00000060568
ENSMUSG00000096410,ENSMFAG00000003739
ENSMUSG00000096410,ENSMFAG00000056416
ENSMUSG00000096410,ENSMFAG00000064094
ENSMUSG00000096410,ENSMFAG00000050313
ENSMUSG00000096410,ENSMFAG00000063575
ENSMUSG00000096410,ENSMFAG00000050523
ENSMUSG00000096410,ENSMFAG00000064982
ENSMUSG00000096410,ENSMFAG00000047678
ENSMUSG00000095761,ENSMFAG00000059185
ENSMUSG00000095761,ENSMFAG00000054887
ENSMUSG00000095761,ENSMFAG00000048295
ENSMUSG00000095761,ENSMFAG00000064727
ENSMUSG00000095761,ENSMFAG00000063904
ENSMUSG00000095761,ENSMFAG00000050722
ENSMUSG00000095761,ENSMFAG00000064695
ENSMUSG00000095761,ENSMFAG00000054894
ENSMUSG00000095761,ENSMFAG00000053019
ENSMUSG00000095761,ENSMFAG00000060568
ENSMUSG00000095761,ENSMFAG00000003739
ENSMUSG00000095761,ENSMFAG00000056416
ENSMUSG00000095761,ENSMFAG00000064094
ENSMUSG00000095761,ENSMFAG00000050313
ENSMUSG00000095761,ENSMFAG00000063575
ENSMUSG00000095761,ENSMFAG00000050523
ENSMUSG00000095761,ENSMFAG00000064982
ENSMUSG00000095761,ENSMFAG00000047678
ENSMUSG00000022440,ENSMFAG00000047558
ENSMUSG00000119520,ENSMFAG00000057600
ENSMUSG00000094051,ENSMFAG00000059185
ENSMUSG00000094051,ENSMFAG00000054887
ENSMUSG00000094051,ENSMFAG00000048295
ENSMUSG00000094051,ENSMFAG00000064727
ENSMUSG00000094051,ENSMFAG00000063904
ENSMUSG00000094051,ENSMFAG00000050722
ENSMUSG00000094051,ENSMFAG00000064695
ENSMUSG00000094051,ENSMFAG00000054894
ENSMUSG00000094051,ENSMFAG00000053019
ENSMUSG00000094051,ENSMFAG00000060568
ENSMUSG00000094051,ENSMFAG00000003739
ENSMUSG00000094051,ENSMFAG00000056416
ENSMUSG00000094051,ENSMFAG00000064094
ENSMUSG00000094051,ENSMFAG00000050313
ENSMUSG00000094051,ENSMFAG00000063575
ENSMUSG00000094051,ENSMFAG00000050523
ENSMUSG00000094051,ENSMFAG00000064982
ENSMUSG00000094051,ENSMFAG00000047678
ENSMUSG00000119132,ENSMFAG00000064901
ENSMUSG00000028944,ENSMFAG00000000670
ENSMUSG00000095923,ENSMFAG00000059185
ENSMUSG00000095923,ENSMFAG00000054887
ENSMUSG00000095923,ENSMFAG00000048295
ENSMUSG00000095923,ENSMFAG00000064727
ENSMUSG00000095923,ENSMFAG00000063904
ENSMUSG00000095923,ENSMFAG00000050722
ENSMUSG00000095923,ENSMFAG00000064695
ENSMUSG00000095923,ENSMFAG00000054894
ENSMUSG00000095923,ENSMFAG00000053019
ENSMUSG00000095923,ENSMFAG00000060568
ENSMUSG00000095923,ENSMFAG00000003739
ENSMUSG00000095923,ENSMFAG00000056416
ENSMUSG00000095923,ENSMFAG00000064094
ENSMUSG00000095923,ENSMFAG00000050313
ENSMUSG00000095923,ENSMFAG00000063575
ENSMUSG00000095923,ENSMFAG00000050523
ENSMUSG00000095923,ENSMFAG00000064982
ENSMUSG00000095923,ENSMFAG00000047678
ENSMUSG00000000440,ENSMFAG00000034317
ENSMUSG00000095204,ENSMFAG00000059185
ENSMUSG00000095204,ENSMFAG00000054887
ENSMUSG00000095204,ENSMFAG00000048295
ENSMUSG00000095204,ENSMFAG00000064727
ENSMUSG00000095204,ENSMFAG00000063904
ENSMUSG00000095204,ENSMFAG00000050722
ENSMUSG00000095204,ENSMFAG00000064695
ENSMUSG00000095204,ENSMFAG00000054894
ENSMUSG00000095204,ENSMFAG00000053019
ENSMUSG00000095204,ENSMFAG00000060568
ENSMUSG00000095204,ENSMFAG00000003739
ENSMUSG00000095204,ENSMFAG00000056416
ENSMUSG00000095204,ENSMFAG00000064094
ENSMUSG00000095204,ENSMFAG00000050313
ENSMUSG00000095204,ENSMFAG00000063575
ENSMUSG00000095204,ENSMFAG00000050523
ENSMUSG00000095204,ENSMFAG00000064982
ENSMUSG00000095204,ENSMFAG00000047678
ENSMUSG00000095197,ENSMFAG00000059185
ENSMUSG00000095197,ENSMFAG00000054887
ENSMUSG00000095197,ENSMFAG00000048295
ENSMUSG00000095197,ENSMFAG00000064727
ENSMUSG00000095197,ENSMFAG00000063904
ENSMUSG00000095197,ENSMFAG00000050722
ENSMUSG00000095197,ENSMFAG00000064695
ENSMUSG00000095197,ENSMFAG00000054894
ENSMUSG00000095197,ENSMFAG00000053019
ENSMUSG00000095197,ENSMFAG00000060568
ENSMUSG00000095197,ENSMFAG00000003739
ENSMUSG00000095197,ENSMFAG00000056416
ENSMUSG00000095197,ENSMFAG00000064094
ENSMUSG00000095197,ENSMFAG00000050313
ENSMUSG00000095197,ENSMFAG00000063575
ENSMUSG00000095197,ENSMFAG00000050523
ENSMUSG00000095197,ENSMFAG00000064982
ENSMUSG00000095197,ENSMFAG00000047678
ENSMUSG00002076455,ENSMFAG00000052947
ENSMUSG00000087370,ENSMFAG00000040300
ENSMUSG00000094502,ENSMFAG00000059185
ENSMUSG00000094502,ENSMFAG00000054887
ENSMUSG00000094502,ENSMFAG00000048295
ENSMUSG00000094502,ENSMFAG00000064727
ENSMUSG00000094502,ENSMFAG00000063904
ENSMUSG00000094502,ENSMFAG00000050722
ENSMUSG00000094502,ENSMFAG00000064695
ENSMUSG00000094502,ENSMFAG00000054894
ENSMUSG00000094502,ENSMFAG00000053019
ENSMUSG00000094502,ENSMFAG00000060568
ENSMUSG00000094502,ENSMFAG00000003739
ENSMUSG00000094502,ENSMFAG00000056416
ENSMUSG00000094502,ENSMFAG00000064094
ENSMUSG00000094502,ENSMFAG00000050313
ENSMUSG00000094502,ENSMFAG00000063575
ENSMUSG00000094502,ENSMFAG00000050523
ENSMUSG00000094502,ENSMFAG00000064982
ENSMUSG00000094502,ENSMFAG00000047678
ENSMUSG00000076731,ENSMFAG00000057385
ENSMUSG00000076731,ENSMFAG00000050822
ENSMUSG00000076731,ENSMFAG00000065319
ENSMUSG00000076731,ENSMFAG00000056747
ENSMUSG00000076731,ENSMFAG00000065020
ENSMUSG00000076731,ENSMFAG00000063899
ENSMUSG00000094124,ENSMFAG00000059185
ENSMUSG00000094124,ENSMFAG00000054887
ENSMUSG00000094124,ENSMFAG00000048295
ENSMUSG00000094124,ENSMFAG00000064727
ENSMUSG00000094124,ENSMFAG00000063904
ENSMUSG00000094124,ENSMFAG00000050722
ENSMUSG00000094124,ENSMFAG00000064695
ENSMUSG00000094124,ENSMFAG00000054894
ENSMUSG00000094124,ENSMFAG00000053019
ENSMUSG00000094124,ENSMFAG00000060568
ENSMUSG00000094124,ENSMFAG00000003739
ENSMUSG00000094124,ENSMFAG00000056416
ENSMUSG00000094124,ENSMFAG00000064094
ENSMUSG00000094124,ENSMFAG00000050313
ENSMUSG00000094124,ENSMFAG00000063575
ENSMUSG00000094124,ENSMFAG00000050523
ENSMUSG00000094124,ENSMFAG00000064982
ENSMUSG00000094124,ENSMFAG00000047678
ENSMUSG00000064522,ENSMFAG00000019949
ENSMUSG00000058022,ENSMFAG00000038393
ENSMUSG00000035032,ENSMFAG00000041735
ENSMUSG00000062778,ENSMFAG00000003339
ENSMUSG00000093784,ENSMFAG00000005847
ENSMUSG00000093443,ENSMFAG00000005870
ENSMUSG00000070544,ENSMFAG00000042654
ENSMUSG00000020284,ENSMFAG00000049270
ENSMUSG00000024308,ENSMFAG00000000942
ENSMUSG00000024935,ENSMFAG00000038163
ENSMUSG00000033075,ENSMFAG00000046298
ENSMUSG00000033075,ENSMFAG00000001564
ENSMUSG00000052632,ENSMFAG00000037845
ENSMUSG00000026986,ENSMFAG00000040453
ENSMUSG00000026986,ENSMFAG00000035962
ENSMUSG00000020277,ENSMFAG00000037062
ENSMUSG00000089035,ENSMFAG00000007361
ENSMUSG00000048368,ENSMFAG00000042588
ENSMUSG00000032079,ENSMFAG00000038810
ENSMUSG00000021390,ENSMFAG00000042592
ENSMUSG00000064202,ENSMFAG00000032285
ENSMUSG00000021392,ENSMFAG00000034500
ENSMUSG00000021392,ENSMFAG00000057954
ENSMUSG00000051390,ENSMFAG00000011344
ENSMUSG00000027832,ENSMFAG00000040863
ENSMUSG00000042389,ENSMFAG00000038583
ENSMUSG00000041354,ENSMFAG00000039597
ENSMUSG00000032567,ENSMFAG00000043710
ENSMUSG00000027695,ENSMFAG00000002954
ENSMUSG00000028292,ENSMFAG00000039420
ENSMUSG00000061809,ENSMFAG00000031288
ENSMUSG00000033065,ENSMFAG00000037825
ENSMUSG00000016494,ENSMFAG00000006003
ENSMUSG00000068011,ENSMFAG00000031892
ENSMUSG00000000439,ENSMFAG00000035845
ENSMUSG00000000731,ENSMFAG00000001488
ENSMUSG00000016933,ENSMFAG00000000283
ENSMUSG00000029782,ENSMFAG00000046068
ENSMUSG00000032078,ENSMFAG00000030506
ENSMUSG00000024309,ENSMFAG00000041216
ENSMUSG00000024785,ENSMFAG00000037906
ENSMUSG00000041261,ENSMFAG00000033479
ENSMUSG00000018736,ENSMFAG00000038556
ENSMUSG00000006998,ENSMFAG00000037802
ENSMUSG00000070732,ENSMFAG00000002416
ENSMUSG00000048175,ENSMFAG00000002179
ENSMUSG00000047187,ENSMFAG00000037805
ENSMUSG00000058624,ENSMFAG00000033432
ENSMUSG00000024312,ENSMFAG00000000475
ENSMUSG00000029875,ENSMFAG00000058649
ENSMUSG00000034353,ENSMFAG00000032812
ENSMUSG00000028293,ENSMFAG00000001045
ENSMUSG00000032077,ENSMFAG00000036204
ENSMUSG00000026575,ENSMFAG00000037358
ENSMUSG00000048077,ENSMFAG00000053048
ENSMUSG00000022987,ENSMFAG00000042792
ENSMUSG00000028938,ENSMFAG00000044831
ENSMUSG00000037851,ENSMFAG00000033748
ENSMUSG00000041235,ENSMFAG00000041825
ENSMUSG00000060938,ENSMFAG00000037250
ENSMUSG00000067370,ENSMFAG00000041942
ENSMUSG00000062037,ENSMFAG00000043587
ENSMUSG00000008668,ENSMFAG00000024087
ENSMUSG00000008668,ENSMFAG00000032199
ENSMUSG00000022427,ENSMFAG00000044855
ENSMUSG00000035171,ENSMFAG00000000507
ENSMUSG00000062352,ENSMFAG00000045554
ENSMUSG00000024603,ENSMFAG00000037111
ENSMUSG00000025156,ENSMFAG00000035839
ENSMUSG00000035877,ENSMFAG00000038640
ENSMUSG00000029528,ENSMFAG00000031289
ENSMUSG00000022426,ENSMFAG00000038103
ENSMUSG00000042535,ENSMFAG00000037252
ENSMUSG00000016493,ENSMFAG00000003828
ENSMUSG00000047368,ENSMFAG00000001017
ENSMUSG00000036466,ENSMFAG00000038247
ENSMUSG00000091809,ENSMFAG00000056659
ENSMUSG00000091809,ENSMFAG00000055467
ENSMUSG00000027412,ENSMFAG00000038975
ENSMUSG00000045983,ENSMFAG00000034331
ENSMUSG00000028294,ENSMFAG00000035889
ENSMUSG00000030862,ENSMFAG00000002567
ENSMUSG00000054309,ENSMFAG00000001339
ENSMUSG00000065412,ENSMFAG00000013373
ENSMUSG00000065548,ENSMFAG00000012010
ENSMUSG00000026576,ENSMFAG00000039661
ENSMUSG00000087963,ENSMFAG00000019915
ENSMUSG00000040809,ENSMFAG00000003339
ENSMUSG00000052087,ENSMFAG00000038737
ENSMUSG00000042524,ENSMFAG00000021939
ENSMUSG00000057177,ENSMFAG00000001497
ENSMUSG00000025969,ENSMFAG00000038385
ENSMUSG00000021490,ENSMFAG00000031573
ENSMUSG00000027833,ENSMFAG00000029366
ENSMUSG00000072707,ENSMFAG00000047840
ENSMUSG00000075958,ENSMFAG00000033804
ENSMUSG00000071015,ENSMFAG00000045620
ENSMUSG00000050700,ENSMFAG00000045816
ENSMUSG00000052417,ENSMFAG00000054769
ENSMUSG00000041216,ENSMFAG00000035625
ENSMUSG00000021737,ENSMFAG00000040782
ENSMUSG00000057133,ENSMFAG00000032830
ENSMUSG00000024259,ENSMFAG00000046208
ENSMUSG00000052921,ENSMFAG00000041846
ENSMUSG00000062054,ENSMFAG00000039055
ENSMUSG00000063779,ENSMFAG00000003339
ENSMUSG00000061232,ENSMFAG00000046125
ENSMUSG00000024260,ENSMFAG00000034167
ENSMUSG00000030930,ENSMFAG00000032966
ENSMUSG00000021738,ENSMFAG00000037665
ENSMUSG00000047022,ENSMFAG00000034576
ENSMUSG00000028295,ENSMFAG00000000775
ENSMUSG00000027902,ENSMFAG00000003339
ENSMUSG00000029784,ENSMFAG00000031766
ENSMUSG00000028041,ENSMFAG00000043971
ENSMUSG00000021492,ENSMFAG00000032594
ENSMUSG00000031149,ENSMFAG00000059455
ENSMUSG00000040857,ENSMFAG00000035885
ENSMUSG00000018740,ENSMFAG00000044399
ENSMUSG00000038072,ENSMFAG00000044998
ENSMUSG00000071553,ENSMFAG00000042924
ENSMUSG00000030701,ENSMFAG00000041061
ENSMUSG00000032892,ENSMFAG00000043650
ENSMUSG00000039967,ENSMFAG00000045756
ENSMUSG00000075415,ENSMFAG00000042440
ENSMUSG00000004771,ENSMFAG00000000699
ENSMUSG00000053453,ENSMFAG00000032653
ENSMUSG00000074886,ENSMFAG00000037374
ENSMUSG00000017428,ENSMFAG00000039747
ENSMUSG00000075832,ENSMFAG00000004859
ENSMUSG00000021256,ENSMFAG00000032260
ENSMUSG00000041915,ENSMFAG00000044626
ENSMUSG00000039070,ENSMFAG00000033972
ENSMUSG00000000134,ENSMFAG00000000673
ENSMUSG00000001348,ENSMFAG00000045308
ENSMUSG00000028298,ENSMFAG00000037707
ENSMUSG00000021257,ENSMFAG00000045195
ENSMUSG00000000441,ENSMFAG00000038061
ENSMUSG00000024258,ENSMFAG00000031937
ENSMUSG00000073910,ENSMFAG00000041346
ENSMUSG00000042993,ENSMFAG00000052624
ENSMUSG00000059114,ENSMFAG00000046151
ENSMUSG00000053641,ENSMFAG00000030601
ENSMUSG00000022420,ENSMFAG00000051185
ENSMUSG00000028300,ENSMFAG00000001152
ENSMUSG00000024325,ENSMFAG00000002610
ENSMUSG00000034501,ENSMFAG00000032543
ENSMUSG00000029368,ENSMFAG00000000097
ENSMUSG00000057469,ENSMFAG00000044687
ENSMUSG00000065555,ENSMFAG00000016238
ENSMUSG00000073422,ENSMFAG00000037332
ENSMUSG00000079357,ENSMFAG00000014502
ENSMUSG00000034452,ENSMFAG00000000105
ENSMUSG00000020580,ENSMFAG00000043366
ENSMUSG00000021747,ENSMFAG00000002952
ENSMUSG00000034263,ENSMFAG00000031689
ENSMUSG00000054932,ENSMFAG00000001250
ENSMUSG00000089715,ENSMFAG00000062247
ENSMUSG00000021749,ENSMFAG00000063776
ENSMUSG00000029369,ENSMFAG00000041935
ENSMUSG00000088339,ENSMFAG00000049983
ENSMUSG00000048895,ENSMFAG00000048750
ENSMUSG00000028405,ENSMFAG00000001702
ENSMUSG00000021750,ENSMFAG00000057310
ENSMUSG00000020899,ENSMFAG00000002499
ENSMUSG00000029788,ENSMFAG00000045025
ENSMUSG00000033629,ENSMFAG00000032102
ENSMUSG00000024327,ENSMFAG00000038848
ENSMUSG00000021751,ENSMFAG00000033938
ENSMUSG00000032393,ENSMFAG00000043661
ENSMUSG00000009585,ENSMFAG00000031827
ENSMUSG00000041638,ENSMFAG00000003588
ENSMUSG00000040296,ENSMFAG00000045674
ENSMUSG00000039656,ENSMFAG00000003583
ENSMUSG00000025155,ENSMFAG00000001187
ENSMUSG00000021752,ENSMFAG00000040632
ENSMUSG00000021748,ENSMFAG00000032932
ENSMUSG00000059900,ENSMFAG00000039365
ENSMUSG00000045679,ENSMFAG00000034193
ENSMUSG00000032570,ENSMFAG00000039173
ENSMUSG00000033885,ENSMFAG00000031688
ENSMUSG00000030934,ENSMFAG00000038400
ENSMUSG00000030934,ENSMFAG00000055347
ENSMUSG00000031153,ENSMFAG00000002305
ENSMUSG00000026574,ENSMFAG00000045128
ENSMUSG00000026573,ENSMFAG00000062392
ENSMUSG00000026573,ENSMFAG00000045925
ENSMUSG00000048528,ENSMFAG00000061403
ENSMUSG00000034343,ENSMFAG00000035899
ENSMUSG00000034343,ENSMFAG00000064025
ENSMUSG00000020571,ENSMFAG00000037618
ENSMUSG00000009487,ENSMFAG00000001197
ENSMUSG00000029518,ENSMFAG00000038261
ENSMUSG00000028256,ENSMFAG00000017081
ENSMUSG00000024330,ENSMFAG00000017491
ENSMUSG00002075398,ENSMFAG00000009261
ENSMUSG00000030319,ENSMFAG00000044298
ENSMUSG00000036822,ENSMFAG00000000541
ENSMUSG00000031558,ENSMFAG00000000096
ENSMUSG00000020566,ENSMFAG00000032936
ENSMUSG00000057841,ENSMFAG00000045190
ENSMUSG00000057841,ENSMFAG00000011451
ENSMUSG00000035441,ENSMFAG00000033021
ENSMUSG00000034686,ENSMFAG00000004546
ENSMUSG00000034675,ENSMFAG00000036940
ENSMUSG00000064563,ENSMFAG00000009497
ENSMUSG00000029790,ENSMFAG00000002202
ENSMUSG00000028207,ENSMFAG00000031456
ENSMUSG00000026572,ENSMFAG00000038069
ENSMUSG00000053411,ENSMFAG00000034255
ENSMUSG00000037447,ENSMFAG00000041379
ENSMUSG00000030946,ENSMFAG00000039017
ENSMUSG00000009471,ENSMFAG00000039430
ENSMUSG00000058975,ENSMFAG00000002367
ENSMUSG00000030839,ENSMFAG00000000777
ENSMUSG00000035413,ENSMFAG00000000693
ENSMUSG00000000489,ENSMFAG00000031697
ENSMUSG00000053184,ENSMFAG00000001727
ENSMUSG00000119711,ENSMFAG00000005489
ENSMUSG00000066197,ENSMFAG00000047503
ENSMUSG00000024620,ENSMFAG00000001633
ENSMUSG00000030956,ENSMFAG00000030017
ENSMUSG00000022421,ENSMFAG00000000252
ENSMUSG00000020704,ENSMFAG00000007668
ENSMUSG00000031585,ENSMFAG00000031671
ENSMUSG00000060036,ENSMFAG00000031439
ENSMUSG00000021203,ENSMFAG00000044022
ENSMUSG00000051855,ENSMFAG00000035937
ENSMUSG00000051855,ENSMFAG00000057644
ENSMUSG00000051855,ENSMFAG00000058267
ENSMUSG00000051855,ENSMFAG00000002725
ENSMUSG00000025277,ENSMFAG00000022753
ENSMUSG00000025810,ENSMFAG00000032756
ENSMUSG00000077734,ENSMFAG00000022250
ENSMUSG00002075255,ENSMFAG00000025230
ENSMUSG00000022415,ENSMFAG00000034609
ENSMUSG00000021493,ENSMFAG00000039384
ENSMUSG00000009731,ENSMFAG00000032065
ENSMUSG00000031586,ENSMFAG00000036911
ENSMUSG00000009185,ENSMFAG00000041874
ENSMUSG00000029461,ENSMFAG00000037330
ENSMUSG00000041645,ENSMFAG00000033695
ENSMUSG00000042672,ENSMFAG00000032205
ENSMUSG00000025279,ENSMFAG00000042137
ENSMUSG00000031154,ENSMFAG00000039347
ENSMUSG00000016481,ENSMFAG00000003599
ENSMUSG00000022414,ENSMFAG00000032126
ENSMUSG00000025278,ENSMFAG00000003065
ENSMUSG00000000730,ENSMFAG00000046145
ENSMUSG00000038736,ENSMFAG00000043118
ENSMUSG00000024621,ENSMFAG00000034429
ENSMUSG00000109293,ENSMFAG00000043497
ENSMUSG00000028042,ENSMFAG00000042075
ENSMUSG00000020701,ENSMFAG00000002538
ENSMUSG00000027359,ENSMFAG00000038376
ENSMUSG00000034544,ENSMFAG00000006023
ENSMUSG00000022338,ENSMFAG00000044548
ENSMUSG00000119381,ENSMFAG00000054208
ENSMUSG00000119381,ENSMFAG00000005883
ENSMUSG00000119381,ENSMFAG00000055921
ENSMUSG00000119381,ENSMFAG00000055837
ENSMUSG00000119381,ENSMFAG00000055486
ENSMUSG00000119381,ENSMFAG00000008268
ENSMUSG00000068742,ENSMFAG00000045219
ENSMUSG00000038725,ENSMFAG00000035938
ENSMUSG00000000732,ENSMFAG00000040533
ENSMUSG00000040843,ENSMFAG00000045557
ENSMUSG00000024622,ENSMFAG00000041979
ENSMUSG00000030960,ENSMFAG00000002265
ENSMUSG00000031155,ENSMFAG00000032689
ENSMUSG00000046794,ENSMFAG00000042746
ENSMUSG00000040836,ENSMFAG00000037639
ENSMUSG00000053329,ENSMFAG00000046334
ENSMUSG00000031527,ENSMFAG00000032602
ENSMUSG00000093806,ENSMFAG00000047572
ENSMUSG00000065603,ENSMFAG00000009644
ENSMUSG00000029370,ENSMFAG00000036430
ENSMUSG00000026307,ENSMFAG00000040528
ENSMUSG00000040046,ENSMFAG00000065213
ENSMUSG00000070056,ENSMFAG00000035654
ENSMUSG00000032834,ENSMFAG00000044448
ENSMUSG00000062949,ENSMFAG00000043019
ENSMUSG00000065501,ENSMFAG00000017022
ENSMUSG00000030323,ENSMFAG00000030257
ENSMUSG00000049922,ENSMFAG00000052749
ENSMUSG00000055976,ENSMFAG00000048993
ENSMUSG00000041669,ENSMFAG00000060238
ENSMUSG00000089125,ENSMFAG00000005989
ENSMUSG00000089125,ENSMFAG00000006631
ENSMUSG00000050271,ENSMFAG00000035675
ENSMUSG00000034320,ENSMFAG00000042946
ENSMUSG00000032394,ENSMFAG00000041666
ENSMUSG00000027221,ENSMFAG00000033195
ENSMUSG00000039633,ENSMFAG00000033742
ENSMUSG00000024575,ENSMFAG00000039234
ENSMUSG00000000374,ENSMFAG00000041704
ENSMUSG00000027220,ENSMFAG00000056606
ENSMUSG00000096753,ENSMFAG00000032209
ENSMUSG00000021200,ENSMFAG00000042110
ENSMUSG00000029371,ENSMFAG00000044943
ENSMUSG00000029372,ENSMFAG00000031461
ENSMUSG00000030954,ENSMFAG00000041038
ENSMUSG00000039620,ENSMFAG00000048564
ENSMUSG00000000194,ENSMFAG00000045947
ENSMUSG00000041609,ENSMFAG00000003401
ENSMUSG00000040774,ENSMFAG00000044191
ENSMUSG00000001211,ENSMFAG00000053688
ENSMUSG00000021495,ENSMFAG00000052305
ENSMUSG00000026571,ENSMFAG00000043317
ENSMUSG00000031523,ENSMFAG00000041985
ENSMUSG00000021868,ENSMFAG00000041215
ENSMUSG00000035919,ENSMFAG00000045258
ENSMUSG00000055538,ENSMFAG00000063832
ENSMUSG00000021866,ENSMFAG00000045443
ENSMUSG00000029379,ENSMFAG00000065742
ENSMUSG00000030965,ENSMFAG00000035172
ENSMUSG00000048416,ENSMFAG00000032723
ENSMUSG00000026308,ENSMFAG00000041151
ENSMUSG00000005873,ENSMFAG00000032842
ENSMUSG00000058569,ENSMFAG00000062432
ENSMUSG00000029089,ENSMFAG00000029845
ENSMUSG00000075028,ENSMFAG00000045073
ENSMUSG00000070081,ENSMFAG00000006045
ENSMUSG00000079583,ENSMFAG00000042811
ENSMUSG00000014503,ENSMFAG00000034545
ENSMUSG00000026616,ENSMFAG00000030680
ENSMUSG00000021504,ENSMFAG00000040618
ENSMUSG00000031391,ENSMFAG00000030653
ENSMUSG00000042642,ENSMFAG00000027670
ENSMUSG00000072676,ENSMFAG00000033371
ENSMUSG00000020698,ENSMFAG00000038145
ENSMUSG00000062661,ENSMFAG00000037355
ENSMUSG00000008318,ENSMFAG00000032863
ENSMUSG00000095975,ENSMFAG00000045285
ENSMUSG00000029380,ENSMFAG00000065742
ENSMUSG00000048502,ENSMFAG00000048593
ENSMUSG00000058427,ENSMFAG00000065742
ENSMUSG00000053141,ENSMFAG00000002480
ENSMUSG00000038056,ENSMFAG00000046075
ENSMUSG00000036501,ENSMFAG00000000289
ENSMUSG00000061032,ENSMFAG00000003202
ENSMUSG00000028044,ENSMFAG00000035603
ENSMUSG00000046010,ENSMFAG00000025776
ENSMUSG00000006763,ENSMFAG00000037334
ENSMUSG00000048445,ENSMFAG00000036159
ENSMUSG00000021870,ENSMFAG00000038300
ENSMUSG00000042043,ENSMFAG00000034059
ENSMUSG00000022340,ENSMFAG00000037775
ENSMUSG00000027774,ENSMFAG00000035731
ENSMUSG00000074384,ENSMFAG00000038458
ENSMUSG00000026568,ENSMFAG00000046294
ENSMUSG00000021685,ENSMFAG00000056050
ENSMUSG00000065277,ENSMFAG00000065071
ENSMUSG00000039539,ENSMFAG00000035466
ENSMUSG00000047443,ENSMFAG00000003420
ENSMUSG00000025044,ENSMFAG00000031529
ENSMUSG00000047557,ENSMFAG00000038453
ENSMUSG00000010453,ENSMFAG00000036793
ENSMUSG00000049404,ENSMFAG00000023184
ENSMUSG00000012282,ENSMFAG00000045242
ENSMUSG00000074182,ENSMFAG00000001461
ENSMUSG00000035984,ENSMFAG00000038119
ENSMUSG00000025607,ENSMFAG00000001121
ENSMUSG00000040017,ENSMFAG00000038106
ENSMUSG00000005054,ENSMFAG00000061351
ENSMUSG00000031603,ENSMFAG00000042973
ENSMUSG00000030967,ENSMFAG00000031080
ENSMUSG00000032788,ENSMFAG00000042485
ENSMUSG00000039478,ENSMFAG00000044429
ENSMUSG00000003778,ENSMFAG00000039211
ENSMUSG00000031389,ENSMFAG00000038733
ENSMUSG00000005442,ENSMFAG00000042927
ENSMUSG00000032763,ENSMFAG00000030909
ENSMUSG00000021668,ENSMFAG00000043179
ENSMUSG00000022339,ENSMFAG00000000766
ENSMUSG00000032392,ENSMFAG00000051640
ENSMUSG00000068735,ENSMFAG00000035363
ENSMUSG00000027775,ENSMFAG00000041451
ENSMUSG00000022557,ENSMFAG00000031321
ENSMUSG00000118734,ENSMFAG00000005732
ENSMUSG00000119286,ENSMFAG00000009024
ENSMUSG00000042254,ENSMFAG00000039594
ENSMUSG00000030324,ENSMFAG00000004044
ENSMUSG00000028195,ENSMFAG00000000180
ENSMUSG00000022556,ENSMFAG00000030733
ENSMUSG00000031963,ENSMFAG00000040626
ENSMUSG00000016921,ENSMFAG00000036925
ENSMUSG00000029376,ENSMFAG00000036503
ENSMUSG00000031600,ENSMFAG00000003278
ENSMUSG00000077239,ENSMFAG00000011514
ENSMUSG00000077239,ENSMFAG00000025582
ENSMUSG00000039032,ENSMFAG00000043607
ENSMUSG00000050821,ENSMFAG00000028860
ENSMUSG00000026309,ENSMFAG00000042266
ENSMUSG00000046593,ENSMFAG00000024179
ENSMUSG00000064698,ENSMFAG00000014619
ENSMUSG00000038044,ENSMFAG00000048391
ENSMUSG00000028411,ENSMFAG00000043141
ENSMUSG00000055632,ENSMFAG00000036140
ENSMUSG00000035020,ENSMFAG00000033022
ENSMUSG00000020928,ENSMFAG00000045678
ENSMUSG00000032571,ENSMFAG00000030574
ENSMUSG00000029377,ENSMFAG00000052508
ENSMUSG00000020929,ENSMFAG00000042655
ENSMUSG00000028933,ENSMFAG00000045621
ENSMUSG00000035629,ENSMFAG00000001615
ENSMUSG00000029378,ENSMFAG00000039089
ENSMUSG00000030123,ENSMFAG00000000589
ENSMUSG00000051777,ENSMFAG00000045301
ENSMUSG00000082361,ENSMFAG00000041065
ENSMUSG00000028194,ENSMFAG00000037521
ENSMUSG00000034981,ENSMFAG00000042667
ENSMUSG00000029088,ENSMFAG00000042661
ENSMUSG00000051279,ENSMFAG00000039122
ENSMUSG00000028191,ENSMFAG00000040544
ENSMUSG00000067071,ENSMFAG00000031261
ENSMUSG00000059482,ENSMFAG00000044442
ENSMUSG00000056260,ENSMFAG00000045855
ENSMUSG00000001143,ENSMFAG00000042119
ENSMUSG00000028410,ENSMFAG00000032081
ENSMUSG00000027217,ENSMFAG00000054272
ENSMUSG00000030963,ENSMFAG00000045632
ENSMUSG00000030126,ENSMFAG00000045092
ENSMUSG00000036873,ENSMFAG00000051304
ENSMUSG00000003779,ENSMFAG00000039764
ENSMUSG00000022555,ENSMFAG00000003899
ENSMUSG00000040747,ENSMFAG00000002919
ENSMUSG00000032714,ENSMFAG00000037133
ENSMUSG00000015357,ENSMFAG00000032196
ENSMUSG00000039431,ENSMFAG00000006049
ENSMUSG00000035576,ENSMFAG00000032249
ENSMUSG00000071185,ENSMFAG00000049100
ENSMUSG00000055866,ENSMFAG00000042522
ENSMUSG00000036863,ENSMFAG00000001689
ENSMUSG00000056367,ENSMFAG00000034566
ENSMUSG00000005355,ENSMFAG00000045231
ENSMUSG00000043020,ENSMFAG00000007665
ENSMUSG00000028409,ENSMFAG00000042584
ENSMUSG00000025609,ENSMFAG00000039710
ENSMUSG00000043659,ENSMFAG00000040833
ENSMUSG00000022559,ENSMFAG00000043248
ENSMUSG00000030968,ENSMFAG00000042439
ENSMUSG00000042626,ENSMFAG00000045075
ENSMUSG00000076441,ENSMFAG00000003315
ENSMUSG00000034292,ENSMFAG00000002763
ENSMUSG00000078442,ENSMFAG00000039156
ENSMUSG00000024334,ENSMFAG00000058905
ENSMUSG00000021782,ENSMFAG00000032038
ENSMUSG00000005447,ENSMFAG00000031090
ENSMUSG00000005447,ENSMFAG00000031148
ENSMUSG00000041837,ENSMFAG00000031997
ENSMUSG00000022560,ENSMFAG00000046166
ENSMUSG00000022560,ENSMFAG00000043362
ENSMUSG00000028413,ENSMFAG00000003205
ENSMUSG00000005357,ENSMFAG00000003076
ENSMUSG00000021669,ENSMFAG00000030820
ENSMUSG00000024370,ENSMFAG00000002420
ENSMUSG00000029090,ENSMFAG00000030955
ENSMUSG00000086228,ENSMFAG00000042428
ENSMUSG00000024335,ENSMFAG00000037520
ENSMUSG00000071937,ENSMFAG00000056245
ENSMUSG00000046282,ENSMFAG00000056245
ENSMUSG00000021670,ENSMFAG00000036118
ENSMUSG00000017868,ENSMFAG00000032486
ENSMUSG00000026311,ENSMFAG00000038837
ENSMUSG00000054033,ENSMFAG00000056245
ENSMUSG00000041696,ENSMFAG00000040074
ENSMUSG00000031885,ENSMFAG00000001241
ENSMUSG00000051190,ENSMFAG00000034243
ENSMUSG00000058741,ENSMFAG00000036917
ENSMUSG00000028415,ENSMFAG00000038354
ENSMUSG00000062873,ENSMFAG00000047405
ENSMUSG00000032875,ENSMFAG00000053348
ENSMUSG00000032875,ENSMFAG00000036527
ENSMUSG00000025608,ENSMFAG00000035169
ENSMUSG00000094673,ENSMFAG00000058125
ENSMUSG00000094673,ENSMFAG00000057232
ENSMUSG00000053862,ENSMFAG00000003137
ENSMUSG00000028416,ENSMFAG00000044782
ENSMUSG00000059183,ENSMFAG00000000627
ENSMUSG00000094080,ENSMFAG00000058125
ENSMUSG00000094080,ENSMFAG00000057232
ENSMUSG00000042774,ENSMFAG00000047405
ENSMUSG00000046493,ENSMFAG00000058125
ENSMUSG00000046493,ENSMFAG00000057232
ENSMUSG00000060301,ENSMFAG00000032518
ENSMUSG00000029765,ENSMFAG00000041659
ENSMUSG00000043719,ENSMFAG00000034470
ENSMUSG00000026567,ENSMFAG00000032699
ENSMUSG00000022801,ENSMFAG00000045169
ENSMUSG00000020930,ENSMFAG00000001556
ENSMUSG00000064857,ENSMFAG00000059372
ENSMUSG00000038773,ENSMFAG00000042919
ENSMUSG00000017858,ENSMFAG00000044608
ENSMUSG00000028419,ENSMFAG00000045456
ENSMUSG00000075510,ENSMFAG00000006235
ENSMUSG00000109561,ENSMFAG00000044070
ENSMUSG00000029167,ENSMFAG00000000534
ENSMUSG00000020932,ENSMFAG00000042945
ENSMUSG00000028423,ENSMFAG00000038715
ENSMUSG00000031596,ENSMFAG00000030671
ENSMUSG00000091387,ENSMFAG00000005546
ENSMUSG00000052151,ENSMFAG00000044337
ENSMUSG00000048779,ENSMFAG00000028522
ENSMUSG00000026843,ENSMFAG00000038309
ENSMUSG00000034022,ENSMFAG00000064354
ENSMUSG00000024104,ENSMFAG00000001297
ENSMUSG00000027777,ENSMFAG00000002886
ENSMUSG00000043843,ENSMFAG00000037390
ENSMUSG00000051378,ENSMFAG00000003134
ENSMUSG00000043067,ENSMFAG00000041115
ENSMUSG00000025280,ENSMFAG00000032218
ENSMUSG00000020156,ENSMFAG00000039690
ENSMUSG00000045532,ENSMFAG00000062088
ENSMUSG00000020935,ENSMFAG00000059706
ENSMUSG00000045039,ENSMFAG00000043792
ENSMUSG00000038555,ENSMFAG00000042585
ENSMUSG00000029169,ENSMFAG00000003532
ENSMUSG00000020696,ENSMFAG00000036080
ENSMUSG00000038418,ENSMFAG00000027911
ENSMUSG00000021639,ENSMFAG00000035400
ENSMUSG00000023460,ENSMFAG00000043551
ENSMUSG00000024360,ENSMFAG00000039900
ENSMUSG00000031390,ENSMFAG00000043716
ENSMUSG00000071984,ENSMFAG00000000932
ENSMUSG00000024805,ENSMFAG00000036587
ENSMUSG00000031388,ENSMFAG00000044161
ENSMUSG00000079466,ENSMFAG00000040322
ENSMUSG00000089239,ENSMFAG00000009418
ENSMUSG00000065904,ENSMFAG00000009380
ENSMUSG00000085576,ENSMFAG00000034063
ENSMUSG00000085576,ENSMFAG00000034279
ENSMUSG00000047824,ENSMFAG00000045066
ENSMUSG00000031595,ENSMFAG00000032939
ENSMUSG00000017861,ENSMFAG00000032458
ENSMUSG00000063651,ENSMFAG00000035661
ENSMUSG00000028427,ENSMFAG00000031174
ENSMUSG00000036853,ENSMFAG00000033413
ENSMUSG00000031889,ENSMFAG00000031327
ENSMUSG00000030970,ENSMFAG00000045892
ENSMUSG00000032492,ENSMFAG00000033228
ENSMUSG00000028435,ENSMFAG00000043420
ENSMUSG00000044033,ENSMFAG00000000963
ENSMUSG00000004730,ENSMFAG00000039564
ENSMUSG00000063354,ENSMFAG00000031715
ENSMUSG00000020153,ENSMFAG00000002461
ENSMUSG00000045205,ENSMFAG00000001092
ENSMUSG00000058188,ENSMFAG00000059181
ENSMUSG00000057179,ENSMFAG00000048675
ENSMUSG00000060084,ENSMFAG00000059181
ENSMUSG00000059069,ENSMFAG00000048675
ENSMUSG00000006288,ENSMFAG00000001282
ENSMUSG00000027952,ENSMFAG00000032448
ENSMUSG00000026566,ENSMFAG00000045417
ENSMUSG00000115987,ENSMFAG00000040271
ENSMUSG00000032388,ENSMFAG00000034518
ENSMUSG00000020150,ENSMFAG00000041341
ENSMUSG00000021638,ENSMFAG00000034647
ENSMUSG00000022948,ENSMFAG00000017853
ENSMUSG00000069920,ENSMFAG00000051218
ENSMUSG00000071470,ENSMFAG00000037728
ENSMUSG00000000794,ENSMFAG00000040110
ENSMUSG00000039230,ENSMFAG00000034311
ENSMUSG00000036023,ENSMFAG00000013069
ENSMUSG00002075892,ENSMFAG00000034880
ENSMUSG00000072941,ENSMFAG00000020365
ENSMUSG00000069565,ENSMFAG00000000789
ENSMUSG00000045790,ENSMFAG00000042580
ENSMUSG00002076963,ENSMFAG00000014195
ENSMUSG00000011008,ENSMFAG00000031312
ENSMUSG00000041180,ENSMFAG00000012546
ENSMUSG00000074607,ENSMFAG00000036799
ENSMUSG00000033313,ENSMFAG00000001028
ENSMUSG00000053768,ENSMFAG00000024346
ENSMUSG00000039252,ENSMFAG00000036970
ENSMUSG00000071275,ENSMFAG00000048717
ENSMUSG00000045636,ENSMFAG00000043092
ENSMUSG00000039356,ENSMFAG00000000597
ENSMUSG00000066510,ENSMFAG00000041562
ENSMUSG00000026313,ENSMFAG00000033242
ENSMUSG00000031387,ENSMFAG00000044051
ENSMUSG00000021636,ENSMFAG00000044604
ENSMUSG00000028430,ENSMFAG00000040117
ENSMUSG00000031965,ENSMFAG00000046090
ENSMUSG00000006281,ENSMFAG00000001130
ENSMUSG00000004187,ENSMFAG00000002476
ENSMUSG00000030691,ENSMFAG00000004075
ENSMUSG00000061576,ENSMFAG00000000652
ENSMUSG00000017817,ENSMFAG00000002372
ENSMUSG00000051483,ENSMFAG00000045053
ENSMUSG00000035399,ENSMFAG00000000578
ENSMUSG00000082815,ENSMFAG00000045053
ENSMUSG00000041565,ENSMFAG00000041924
ENSMUSG00000021635,ENSMFAG00000031075
ENSMUSG00000022946,ENSMFAG00000002007
ENSMUSG00000042272,ENSMFAG00000013388
ENSMUSG00000087777,ENSMFAG00000037231
ENSMUSG00000059741,ENSMFAG00000033860
ENSMUSG00000033837,ENSMFAG00000040568
ENSMUSG00000071256,ENSMFAG00000032481
ENSMUSG00000040723,ENSMFAG00000039084
ENSMUSG00000036832,ENSMFAG00000038099
ENSMUSG00000062012,ENSMFAG00000031163
ENSMUSG00000088218,ENSMFAG00000006981
ENSMUSG00000036825,ENSMFAG00000036072
ENSMUSG00000027215,ENSMFAG00000035741
ENSMUSG00000078941,ENSMFAG00000043011
ENSMUSG00000036241,ENSMFAG00000032942
ENSMUSG00000026260,ENSMFAG00000001486
ENSMUSG00000052293,ENSMFAG00000043011
ENSMUSG00000040728,ENSMFAG00000031577
ENSMUSG00000047257,ENSMFAG00000032744
ENSMUSG00000048924,ENSMFAG00000039708
ENSMUSG00000022546,ENSMFAG00000041987
ENSMUSG00000031386,ENSMFAG00000035763
ENSMUSG00000090799,ENSMFAG00000042662
ENSMUSG00000006289,ENSMFAG00000045591
ENSMUSG00000049719,ENSMFAG00000001287
ENSMUSG00000040713,ENSMFAG00000045348
ENSMUSG00000063457,ENSMFAG00000034057
ENSMUSG00000048752,ENSMFAG00000042197
ENSMUSG00000003123,ENSMFAG00000030784
ENSMUSG00000069089,ENSMFAG00000001451
ENSMUSG00000049555,ENSMFAG00000002874
ENSMUSG00000067064,ENSMFAG00000054218
ENSMUSG00000057464,ENSMFAG00000054218
ENSMUSG00000042849,ENSMFAG00000054218
ENSMUSG00000031594,ENSMFAG00000000718
ENSMUSG00000036611,ENSMFAG00000044089
ENSMUSG00000019080,ENSMFAG00000032935
ENSMUSG00000060049,ENSMFAG00000035196
ENSMUSG00000039208,ENSMFAG00000061249
ENSMUSG00000095640,ENSMFAG00000035196
ENSMUSG00000043782,ENSMFAG00000001950
ENSMUSG00000067513,ENSMFAG00000035196
ENSMUSG00000033249,ENSMFAG00000032308
ENSMUSG00000041064,ENSMFAG00000042218
ENSMUSG00000096436,ENSMFAG00000035196
ENSMUSG00000025702,ENSMFAG00000002860
ENSMUSG00000109328,ENSMFAG00000030348
ENSMUSG00000044055,ENSMFAG00000038320
ENSMUSG00000039198,ENSMFAG00000035376
ENSMUSG00000028189,ENSMFAG00000043668
ENSMUSG00000040065,ENSMFAG00000007829
ENSMUSG00000035960,ENSMFAG00000002565
ENSMUSG00000046805,ENSMFAG00000007829
ENSMUSG00000061474,ENSMFAG00000049166
ENSMUSG00000061474,ENSMFAG00000058590
ENSMUSG00000061474,ENSMFAG00000034129
ENSMUSG00000061474,ENSMFAG00000057169
ENSMUSG00000039982,ENSMFAG00000041572
ENSMUSG00000034220,ENSMFAG00000032000
ENSMUSG00000078763,ENSMFAG00000050765
ENSMUSG00000078763,ENSMFAG00000001223
ENSMUSG00000028433,ENSMFAG00000060778
ENSMUSG00000028433,ENSMFAG00000057210
ENSMUSG00000028433,ENSMFAG00000051607
ENSMUSG00000020133,ENSMFAG00000027143
ENSMUSG00000030972,ENSMFAG00000003399
ENSMUSG00000041319,ENSMFAG00000049692
ENSMUSG00000028188,ENSMFAG00000038889
ENSMUSG00000045273,ENSMFAG00000003204
ENSMUSG00000034212,ENSMFAG00000014439
ENSMUSG00000035953,ENSMFAG00000039203
ENSMUSG00000033728,ENSMFAG00000035815
ENSMUSG00000041431,ENSMFAG00000041544
ENSMUSG00000031392,ENSMFAG00000042818
ENSMUSG00000039456,ENSMFAG00000042335
ENSMUSG00000045994,ENSMFAG00000040335
ENSMUSG00000005763,ENSMFAG00000000076
ENSMUSG00000017943,ENSMFAG00000031122
ENSMUSG00000068417,ENSMFAG00000000419
ENSMUSG00000068417,ENSMFAG00000024766
ENSMUSG00000068523,ENSMFAG00000002373
ENSMUSG00000023904,ENSMFAG00000037663
ENSMUSG00000028187,ENSMFAG00000003788
ENSMUSG00000029173,ENSMFAG00000003516
ENSMUSG00000116138,ENSMFAG00000057634
ENSMUSG00000021872,ENSMFAG00000051767
ENSMUSG00000021872,ENSMFAG00000052769
ENSMUSG00000023905,ENSMFAG00000038242
ENSMUSG00000052382,ENSMFAG00000058184
ENSMUSG00000052382,ENSMFAG00000064462
ENSMUSG00000089265,ENSMFAG00000015347
ENSMUSG00000089265,ENSMFAG00000064894
ENSMUSG00000089265,ENSMFAG00000047756
ENSMUSG00000089308,ENSMFAG00000058614
ENSMUSG00000089308,ENSMFAG00000053679
ENSMUSG00000089308,ENSMFAG00000056280
ENSMUSG00000089308,ENSMFAG00000054055
ENSMUSG00000040720,ENSMFAG00000041706
ENSMUSG00000068407,ENSMFAG00000023010
ENSMUSG00000048486,ENSMFAG00000044491
ENSMUSG00000078949,ENSMFAG00000038530
ENSMUSG00000025701,ENSMFAG00000021649
ENSMUSG00000032387,ENSMFAG00000045343
ENSMUSG00000022945,ENSMFAG00000040980
ENSMUSG00000002221,ENSMFAG00000035337
ENSMUSG00000040600,ENSMFAG00000041246
ENSMUSG00000021846,ENSMFAG00000040947
ENSMUSG00000026842,ENSMFAG00000000271
ENSMUSG00000021629,ENSMFAG00000036926
ENSMUSG00000067341,ENSMFAG00000000676
ENSMUSG00000073411,ENSMFAG00000046125
ENSMUSG00000028186,ENSMFAG00000000740
ENSMUSG00000029186,ENSMFAG00000033102
ENSMUSG00000044037,ENSMFAG00000034134
ENSMUSG00000047109,ENSMFAG00000029830
ENSMUSG00000043822,ENSMFAG00000036443
ENSMUSG00000028185,ENSMFAG00000039951
ENSMUSG00000021743,ENSMFAG00000039881
ENSMUSG00000030945,ENSMFAG00000043617
ENSMUSG00000033653,ENSMFAG00000044357
ENSMUSG00000025451,ENSMFAG00000043517
ENSMUSG00000014776,ENSMFAG00000043853
ENSMUSG00000033111,ENSMFAG00000058151
ENSMUSG00000014837,ENSMFAG00000038714
ENSMUSG00000048652,ENSMFAG00000058168
ENSMUSG00000093562,ENSMFAG00000058614
ENSMUSG00000093562,ENSMFAG00000053679
ENSMUSG00000093562,ENSMFAG00000056280
ENSMUSG00000093562,ENSMFAG00000054055
ENSMUSG00000043913,ENSMFAG00000003228
ENSMUSG00000028436,ENSMFAG00000036190
ENSMUSG00000079507,ENSMFAG00000046125
ENSMUSG00000043102,ENSMFAG00000056880
ENSMUSG00000004032,ENSMFAG00000035350
ENSMUSG00000027016,ENSMFAG00000043013
ENSMUSG00000035486,ENSMFAG00000002051
ENSMUSG00000091705,ENSMFAG00000046125
ENSMUSG00000022526,ENSMFAG00000010896
ENSMUSG00000088528,ENSMFAG00000040440
ENSMUSG00000078773,ENSMFAG00000031629
ENSMUSG00000107906,ENSMFAG00000043778
ENSMUSG00000029762,ENSMFAG00000002396
ENSMUSG00000029762,ENSMFAG00000045359
ENSMUSG00000043251,ENSMFAG00000002581
ENSMUSG00000003970,ENSMFAG00000043225
ENSMUSG00000026269,ENSMFAG00000038176
ENSMUSG00000035929,ENSMFAG00000046125
ENSMUSG00000029179,ENSMFAG00000033636
ENSMUSG00000055413,ENSMFAG00000051847
ENSMUSG00000054967,ENSMFAG00000055672
ENSMUSG00000063236,ENSMFAG00000031328
ENSMUSG00000073409,ENSMFAG00000046125
ENSMUSG00000096393,ENSMFAG00000040811
ENSMUSG00000059878,ENSMFAG00000060698
ENSMUSG00000028437,ENSMFAG00000032310
ENSMUSG00000032494,ENSMFAG00000002520
ENSMUSG00000032494,ENSMFAG00000044781
ENSMUSG00000079492,ENSMFAG00000046125
ENSMUSG00000026270,ENSMFAG00000031448
ENSMUSG00000061758,ENSMFAG00000002396
ENSMUSG00000061758,ENSMFAG00000045359
ENSMUSG00000026841,ENSMFAG00000003220
ENSMUSG00000014791,ENSMFAG00000038390
ENSMUSG00000035478,ENSMFAG00000044264
ENSMUSG00000040524,ENSMFAG00000002867
ENSMUSG00000121583,ENSMFAG00000034263
ENSMUSG00000073406,ENSMFAG00000046125
ENSMUSG00000017950,ENSMFAG00000035660
ENSMUSG00000062822,ENSMFAG00000044319
ENSMUSG00000032495,ENSMFAG00000042385
ENSMUSG00000016624,ENSMFAG00000041339
ENSMUSG00000028438,ENSMFAG00000041854
ENSMUSG00000041548,ENSMFAG00000007246
ENSMUSG00000048271,ENSMFAG00000030258
ENSMUSG00000066319,ENSMFAG00000031236
ENSMUSG00000052131,ENSMFAG00000002396
ENSMUSG00000052131,ENSMFAG00000045359
ENSMUSG00000036395,ENSMFAG00000044876
ENSMUSG00000097148,ENSMFAG00000043045
ENSMUSG00000097148,ENSMFAG00000001880
ENSMUSG00000026271,ENSMFAG00000048512
ENSMUSG00000014418,ENSMFAG00000044104
ENSMUSG00000090166,ENSMFAG00000050506
ENSMUSG00000090166,ENSMFAG00000055348
ENSMUSG00000090166,ENSMFAG00000059196
ENSMUSG00000026116,ENSMFAG00000041529
ENSMUSG00000042129,ENSMFAG00000031803
ENSMUSG00000072596,ENSMFAG00000050506
ENSMUSG00000072596,ENSMFAG00000055348
ENSMUSG00000072596,ENSMFAG00000059196
ENSMUSG00000017679,ENSMFAG00000036596
ENSMUSG00000041679,ENSMFAG00000041969
ENSMUSG00000028443,ENSMFAG00000037340
ENSMUSG00000016619,ENSMFAG00000035770
ENSMUSG00000046312,ENSMFAG00000038404
ENSMUSG00000014856,ENSMFAG00000042618
ENSMUSG00000028441,ENSMFAG00000046012
ENSMUSG00000026840,ENSMFAG00000042402
ENSMUSG00000020167,ENSMFAG00000032612
ENSMUSG00000035469,ENSMFAG00000045129
ENSMUSG00000036046,ENSMFAG00000041430
ENSMUSG00000002633,ENSMFAG00000064015
ENSMUSG00000063919,ENSMFAG00000041271
ENSMUSG00000076750,ENSMFAG00000058050
ENSMUSG00000091682,ENSMFAG00000058050
ENSMUSG00000021431,ENSMFAG00000045216
ENSMUSG00000003352,ENSMFAG00000041712
ENSMUSG00000028439,ENSMFAG00000043404
ENSMUSG00000014778,ENSMFAG00000046038
ENSMUSG00000048489,ENSMFAG00000061462
ENSMUSG00000066900,ENSMFAG00000031069
ENSMUSG00000048108,ENSMFAG00000041197
ENSMUSG00000045091,ENSMFAG00000036051
ENSMUSG00000057531,ENSMFAG00000042536
ENSMUSG00000025959,ENSMFAG00000039083
ENSMUSG00000061353,ENSMFAG00000052957
ENSMUSG00000005034,ENSMFAG00000044118
ENSMUSG00000121513,ENSMFAG00000044130
ENSMUSG00000032496,ENSMFAG00000035473
ENSMUSG00000017707,ENSMFAG00000045198
ENSMUSG00002076080,ENSMFAG00000059396
ENSMUSG00002076080,ENSMFAG00000059811
ENSMUSG00002076080,ENSMFAG00000065502
ENSMUSG00000014786,ENSMFAG00000030400
ENSMUSG00000092243,ENSMFAG00000046125
ENSMUSG00000115726,ENSMFAG00000002818
ENSMUSG00000115726,ENSMFAG00000029370
ENSMUSG00000003360,ENSMFAG00000038666
ENSMUSG00000029130,ENSMFAG00000002920
ENSMUSG00000042793,ENSMFAG00000035892
ENSMUSG00000079491,ENSMFAG00000046125
ENSMUSG00000061322,ENSMFAG00000042932
ENSMUSG00000059689,ENSMFAG00000032618
ENSMUSG00000073402,ENSMFAG00000046125
ENSMUSG00000014782,ENSMFAG00000014752
ENSMUSG00000047441,ENSMFAG00000002818
ENSMUSG00000047441,ENSMFAG00000029370
ENSMUSG00000054855,ENSMFAG00000052114
ENSMUSG00000042097,ENSMFAG00000054693
ENSMUSG00000035268,ENSMFAG00000003009
ENSMUSG00000054128,ENSMFAG00000046125
ENSMUSG00000003354,ENSMFAG00000000659
ENSMUSG00000025958,ENSMFAG00000039629
ENSMUSG00000072598,ENSMFAG00000047441
ENSMUSG00000072598,ENSMFAG00000062278
ENSMUSG00000006586,ENSMFAG00000032522
ENSMUSG00000031966,ENSMFAG00000000783
ENSMUSG00000053961,ENSMFAG00000047441
ENSMUSG00000053961,ENSMFAG00000062278
ENSMUSG00000042079,ENSMFAG00000021184
ENSMUSG00000021950,ENSMFAG00000001776
ENSMUSG00000051648,ENSMFAG00000019930
ENSMUSG00000029176,ENSMFAG00000037891
ENSMUSG00000051853,ENSMFAG00000036847
ENSMUSG00000017697,ENSMFAG00000039614
ENSMUSG00000017697,ENSMFAG00000042071
ENSMUSG00000022996,ENSMFAG00000043880
ENSMUSG00000043953,ENSMFAG00000037173
ENSMUSG00000004842,ENSMFAG00000031190
ENSMUSG00000027656,ENSMFAG00000036685
ENSMUSG00000021458,ENSMFAG00000003845
ENSMUSG00000041130,ENSMFAG00000001763
ENSMUSG00000028444,ENSMFAG00000037710
ENSMUSG00000032386,ENSMFAG00000036568
ENSMUSG00000032386,ENSMFAG00000063293
ENSMUSG00000029761,ENSMFAG00000042272
ENSMUSG00000035226,ENSMFAG00000052597
ENSMUSG00000022179,ENSMFAG00000001383
ENSMUSG00000022997,ENSMFAG00000034644
ENSMUSG00000018326,ENSMFAG00000043236
ENSMUSG00000054320,ENSMFAG00000002905
ENSMUSG00000059213,ENSMFAG00000025897
ENSMUSG00000022193,ENSMFAG00000040803
ENSMUSG00000067713,ENSMFAG00000040023
ENSMUSG00000022707,ENSMFAG00000042659
ENSMUSG00000072423,ENSMFAG00000010271
ENSMUSG00000059674,ENSMFAG00000002248
ENSMUSG00000054582,ENSMFAG00000040365
ENSMUSG00000019320,ENSMFAG00000037791
ENSMUSG00000022185,ENSMFAG00000044437
ENSMUSG00000018322,ENSMFAG00000042107
ENSMUSG00000040569,ENSMFAG00000000973
ENSMUSG00000022528,ENSMFAG00000050733
ENSMUSG00000048154,ENSMFAG00000038689
ENSMUSG00000048154,ENSMFAG00000052907
ENSMUSG00000031393,ENSMFAG00000033178
ENSMUSG00000023176,ENSMFAG00000065852
ENSMUSG00000040688,ENSMFAG00000030302
ENSMUSG00000052316,ENSMFAG00000026569
ENSMUSG00000043252,ENSMFAG00000032042
ENSMUSG00000068196,ENSMFAG00000051740
ENSMUSG00000073889,ENSMFAG00000044283
ENSMUSG00000027011,ENSMFAG00000042067
ENSMUSG00000025956,ENSMFAG00000041805
ENSMUSG00000035107,ENSMFAG00000045647
ENSMUSG00000029413,ENSMFAG00000041803
ENSMUSG00000033533,ENSMFAG00000002831
ENSMUSG00000014846,ENSMFAG00000030980
ENSMUSG00000070871,ENSMFAG00000001361
ENSMUSG00000018209,ENSMFAG00000030410
ENSMUSG00000031394,ENSMFAG00000043960
ENSMUSG00000036745,ENSMFAG00000042407
ENSMUSG00000039199,ENSMFAG00000037894
ENSMUSG00000008482,ENSMFAG00000035160
ENSMUSG00000040204,ENSMFAG00000064955
ENSMUSG00000040164,ENSMFAG00000053982
ENSMUSG00000062564,ENSMFAG00000059786
ENSMUSG00000062564,ENSMFAG00000039596
ENSMUSG00000044533,ENSMFAG00000017407
ENSMUSG00000044533,ENSMFAG00000032296
ENSMUSG00000044533,ENSMFAG00000040646
ENSMUSG00000044533,ENSMFAG00000002939
ENSMUSG00000040154,ENSMFAG00000043142
ENSMUSG00000022807,ENSMFAG00000044778
ENSMUSG00000031969,ENSMFAG00000038809
ENSMUSG00000051344,ENSMFAG00000033450
ENSMUSG00000031397,ENSMFAG00000031072
ENSMUSG00000031891,ENSMFAG00000041126
ENSMUSG00000042845,ENSMFAG00000002898
ENSMUSG00000013160,ENSMFAG00000000689
ENSMUSG00000008658,ENSMFAG00000036447
ENSMUSG00000031328,ENSMFAG00000035790
ENSMUSG00000089255,ENSMFAG00000015366
ENSMUSG00000089255,ENSMFAG00000019467
ENSMUSG00000077709,ENSMFAG00000016878
ENSMUSG00000040048,ENSMFAG00000000484
ENSMUSG00000023755,ENSMFAG00000035227
ENSMUSG00000035443,ENSMFAG00000039498
ENSMUSG00000040132,ENSMFAG00000003613
ENSMUSG00000040132,ENSMFAG00000042736
ENSMUSG00000006599,ENSMFAG00000032995
ENSMUSG00000014602,ENSMFAG00000038236
ENSMUSG00000002500,ENSMFAG00000039775
ENSMUSG00000029188,ENSMFAG00000020407
ENSMUSG00000003573,ENSMFAG00000031509
ENSMUSG00000027195,ENSMFAG00000030974
ENSMUSG00000031988,ENSMFAG00000038681
ENSMUSG00000027692,ENSMFAG00000039273
ENSMUSG00000029415,ENSMFAG00000038793
ENSMUSG00000032497,ENSMFAG00000032193
ENSMUSG00000000204,ENSMFAG00000050765
ENSMUSG00000000204,ENSMFAG00000001223
ENSMUSG00000047026,ENSMFAG00000032770
ENSMUSG00000050383,ENSMFAG00000003613
ENSMUSG00000050383,ENSMFAG00000042736
ENSMUSG00000028222,ENSMFAG00000000695
ENSMUSG00000039628,ENSMFAG00000054823
ENSMUSG00000023000,ENSMFAG00000051486
ENSMUSG00000042015,ENSMFAG00000002206
ENSMUSG00000022999,ENSMFAG00000031019
ENSMUSG00000106336,ENSMFAG00000033556
ENSMUSG00000017003,ENSMFAG00000003613
ENSMUSG00000017003,ENSMFAG00000042736
ENSMUSG00000030942,ENSMFAG00000049138
ENSMUSG00000027009,ENSMFAG00000038317
ENSMUSG00000057788,ENSMFAG00000044697
ENSMUSG00000056978,ENSMFAG00000034420
ENSMUSG00000028223,ENSMFAG00000032034
ENSMUSG00000018986,ENSMFAG00000050765
ENSMUSG00000018986,ENSMFAG00000001223
ENSMUSG00000090556,ENSMFAG00000033095
ENSMUSG00000005237,ENSMFAG00000003133
ENSMUSG00000050440,ENSMFAG00000034420
ENSMUSG00000065743,ENSMFAG00000005995
ENSMUSG00000004988,ENSMFAG00000001031
ENSMUSG00000055681,ENSMFAG00000038870
ENSMUSG00000028224,ENSMFAG00000030845
ENSMUSG00000054555,ENSMFAG00000039461
ENSMUSG00000041685,ENSMFAG00000030926
ENSMUSG00000036026,ENSMFAG00000041643
ENSMUSG00000041153,ENSMFAG00000024999
ENSMUSG00000023004,ENSMFAG00000035643
ENSMUSG00000029189,ENSMFAG00000002093
ENSMUSG00000041135,ENSMFAG00000020312
ENSMUSG00000058239,ENSMFAG00000038362
ENSMUSG00000058301,ENSMFAG00000065281
ENSMUSG00000058301,ENSMFAG00000037748
ENSMUSG00000030134,ENSMFAG00000044017
ENSMUSG00000072235,ENSMFAG00000056211
ENSMUSG00000043091,ENSMFAG00000058661
ENSMUSG00000096423,ENSMFAG00000062725
ENSMUSG00000064619,ENSMFAG00000006668
ENSMUSG00000017002,ENSMFAG00000040605
ENSMUSG00000028226,ENSMFAG00000040046
ENSMUSG00000023484,ENSMFAG00000050077
ENSMUSG00000075256,ENSMFAG00000031604
ENSMUSG00000035992,ENSMFAG00000040948
ENSMUSG00000042042,ENSMFAG00000019827
ENSMUSG00000029417,ENSMFAG00000039917
ENSMUSG00000061461,ENSMFAG00000033269
ENSMUSG00000038836,ENSMFAG00000029365
ENSMUSG00000010721,ENSMFAG00000031812
ENSMUSG00000054874,ENSMFAG00000044368
ENSMUSG00000032783,ENSMFAG00000021053
ENSMUSG00000023939,ENSMFAG00000041809
ENSMUSG00000034701,ENSMFAG00000034877
ENSMUSG00000088437,ENSMFAG00000050502
ENSMUSG00000078632,ENSMFAG00000063390
ENSMUSG00000078632,ENSMFAG00000054362
ENSMUSG00000078632,ENSMFAG00000031751
ENSMUSG00000095675,ENSMFAG00000000335
ENSMUSG00000034239,ENSMFAG00000063390
ENSMUSG00000034239,ENSMFAG00000054362
ENSMUSG00000034239,ENSMFAG00000031751
ENSMUSG00000025453,ENSMFAG00000045905
ENSMUSG00000027194,ENSMFAG00000033718
ENSMUSG00000032498,ENSMFAG00000000774
ENSMUSG00000094695,ENSMFAG00000003428
ENSMUSG00000036322,ENSMFAG00000032157
ENSMUSG00000031849,ENSMFAG00000004008
ENSMUSG00000040899,ENSMFAG00000062524
ENSMUSG00000093996,ENSMFAG00000043117
ENSMUSG00000093996,ENSMFAG00000020552
ENSMUSG00000095234,ENSMFAG00000003428
ENSMUSG00000020945,ENSMFAG00000044524
ENSMUSG00000022704,ENSMFAG00000039762
ENSMUSG00000094066,ENSMFAG00000043117
ENSMUSG00000094066,ENSMFAG00000020552
ENSMUSG00000030994,ENSMFAG00000041837
ENSMUSG00000001076,ENSMFAG00000002196
ENSMUSG00000096596,ENSMFAG00000000335
ENSMUSG00000038009,ENSMFAG00000026632
ENSMUSG00000020946,ENSMFAG00000003171
ENSMUSG00000073468,ENSMFAG00000039956
ENSMUSG00000033669,ENSMFAG00000033933
ENSMUSG00000028456,ENSMFAG00000003353
ENSMUSG00000003575,ENSMFAG00000045375
ENSMUSG00000055041,ENSMFAG00000029028
ENSMUSG00000018486,ENSMFAG00000040531
ENSMUSG00000018008,ENSMFAG00000001277
ENSMUSG00000000125,ENSMFAG00000030050
ENSMUSG00000046785,ENSMFAG00000025920
ENSMUSG00000032384,ENSMFAG00000002355
ENSMUSG00000055707,ENSMFAG00000062634
ENSMUSG00000119162,ENSMFAG00000019915
ENSMUSG00000030935,ENSMFAG00000029841
ENSMUSG00000022701,ENSMFAG00000034408
ENSMUSG00000034187,ENSMFAG00000032937
ENSMUSG00000055945,ENSMFAG00000059048
ENSMUSG00000116207,ENSMFAG00000045905
ENSMUSG00000067235,ENSMFAG00000046125
ENSMUSG00000035964,ENSMFAG00000045477
ENSMUSG00000008859,ENSMFAG00000001704
ENSMUSG00000024406,ENSMFAG00000004232
ENSMUSG00000016995,ENSMFAG00000042342
ENSMUSG00000007888,ENSMFAG00000001307
ENSMUSG00000075054,ENSMFAG00000030308
ENSMUSG00000058833,ENSMFAG00000044115
ENSMUSG00000030110,ENSMFAG00000033445
ENSMUSG00000001964,ENSMFAG00000045316
ENSMUSG00000039000,ENSMFAG00000001035
ENSMUSG00000009734,ENSMFAG00000035869
ENSMUSG00000050410,ENSMFAG00000037749
ENSMUSG00000077535,ENSMFAG00000051024
ENSMUSG00000061080,ENSMFAG00000037703
ENSMUSG00000040312,ENSMFAG00000046171
ENSMUSG00000008682,ENSMFAG00000032977
ENSMUSG00000041112,ENSMFAG00000002088
ENSMUSG00000043460,ENSMFAG00000026860
ENSMUSG00000061288,ENSMFAG00000017617
ENSMUSG00000018169,ENSMFAG00000000147
ENSMUSG00000047261,ENSMFAG00000041003
ENSMUSG00000062421,ENSMFAG00000048163
ENSMUSG00000027193,ENSMFAG00000037679
ENSMUSG00000026272,ENSMFAG00000041893
ENSMUSG00000033170,ENSMFAG00000044580
ENSMUSG00000019428,ENSMFAG00000034676
ENSMUSG00000114865,ENSMFAG00000039515
ENSMUSG00000044626,ENSMFAG00000002524
ENSMUSG00000052435,ENSMFAG00000065070
ENSMUSG00000018634,ENSMFAG00000038802
ENSMUSG00000022180,ENSMFAG00000001018
ENSMUSG00000034159,ENSMFAG00000041210
ENSMUSG00000017007,ENSMFAG00000041142
ENSMUSG00000019088,ENSMFAG00000038787
ENSMUSG00000049506,ENSMFAG00000064503
ENSMUSG00000112858,ENSMFAG00000041507
ENSMUSG00000024409,ENSMFAG00000053880
ENSMUSG00000039518,ENSMFAG00000002361
ENSMUSG00000037533,ENSMFAG00000033294
ENSMUSG00000049521,ENSMFAG00000031899
ENSMUSG00000039269,ENSMFAG00000032861
ENSMUSG00000043501,ENSMFAG00000001312
ENSMUSG00000038838,ENSMFAG00000042367
ENSMUSG00000017009,ENSMFAG00000051697
ENSMUSG00000057156,ENSMFAG00000032119
ENSMUSG00000093930,ENSMFAG00000035333
ENSMUSG00000004054,ENSMFAG00000000415
ENSMUSG00000033128,ENSMFAG00000044315
ENSMUSG00000030138,ENSMFAG00000027100
ENSMUSG00000030138,ENSMFAG00000025215
ENSMUSG00000072494,ENSMFAG00000041616
ENSMUSG00000050587,ENSMFAG00000030573
ENSMUSG00000070002,ENSMFAG00000044774
ENSMUSG00000003660,ENSMFAG00000040174
ENSMUSG00000038462,ENSMFAG00000010688
ENSMUSG00000038462,ENSMFAG00000060436
ENSMUSG00000019139,ENSMFAG00000044263
ENSMUSG00000009995,ENSMFAG00000028691
ENSMUSG00000024936,ENSMFAG00000000661
ENSMUSG00000025946,ENSMFAG00000000697
ENSMUSG00000069255,ENSMFAG00000034531
ENSMUSG00000030145,ENSMFAG00000000364
ENSMUSG00000022194,ENSMFAG00000031355
ENSMUSG00000001247,ENSMFAG00000038671
ENSMUSG00000022436,ENSMFAG00000042826
ENSMUSG00000022855,ENSMFAG00000002841
ENSMUSG00000070003,ENSMFAG00000041433
ENSMUSG00000072623,ENSMFAG00000031253
ENSMUSG00000072623,ENSMFAG00000043027
ENSMUSG00000060568,ENSMFAG00000032771
ENSMUSG00000021356,ENSMFAG00000045100
ENSMUSG00000032383,ENSMFAG00000000853
ENSMUSG00000062296,ENSMFAG00000001558
ENSMUSG00000026558,ENSMFAG00000032681
ENSMUSG00000045613,ENSMFAG00000029546
ENSMUSG00002076504,ENSMFAG00000054764
ENSMUSG00000070075,ENSMFAG00000012478
ENSMUSG00000021357,ENSMFAG00000045215
ENSMUSG00000029838,ENSMFAG00000045099
ENSMUSG00000003341,ENSMFAG00000030115
ENSMUSG00000049988,ENSMFAG00000034355
ENSMUSG00000038665,ENSMFAG00000002635
ENSMUSG00000039452,ENSMFAG00000042949
ENSMUSG00000038508,ENSMFAG00000050470
ENSMUSG00000056204,ENSMFAG00000009200
ENSMUSG00000116165,ENSMFAG00000036985
ENSMUSG00000033581,ENSMFAG00000039540
ENSMUSG00000001524,ENSMFAG00000022244
ENSMUSG00000032500,ENSMFAG00000043493
ENSMUSG00000068220,ENSMFAG00000030003
ENSMUSG00000022199,ENSMFAG00000039582
ENSMUSG00000052428,ENSMFAG00000002927
ENSMUSG00000017720,ENSMFAG00000043463
ENSMUSG00000023027,ENSMFAG00000000109
ENSMUSG00000003662,ENSMFAG00000031754
ENSMUSG00000032382,ENSMFAG00000040273
ENSMUSG00000031848,ENSMFAG00000031194
ENSMUSG00000030929,ENSMFAG00000033081
ENSMUSG00000034850,ENSMFAG00000035479
ENSMUSG00000110622,ENSMFAG00000042967
ENSMUSG00000095026,ENSMFAG00000049148
ENSMUSG00000026687,ENSMFAG00000033280
ENSMUSG00000032381,ENSMFAG00000035924
ENSMUSG00000031842,ENSMFAG00000041375
ENSMUSG00000045631,ENSMFAG00000015375
ENSMUSG00000066894,ENSMFAG00000023995
ENSMUSG00000032502,ENSMFAG00000054211
ENSMUSG00000054619,ENSMFAG00000031547
ENSMUSG00000047417,ENSMFAG00000000498
ENSMUSG00000058057,ENSMFAG00000031547
ENSMUSG00000034842,ENSMFAG00000040258
ENSMUSG00000032380,ENSMFAG00000028166
ENSMUSG00000032380,ENSMFAG00000028991
ENSMUSG00000022203,ENSMFAG00000037287
ENSMUSG00000026688,ENSMFAG00000040545
ENSMUSG00000056487,ENSMFAG00000031547
ENSMUSG00000052298,ENSMFAG00000050400
ENSMUSG00000093550,ENSMFAG00000004051
ENSMUSG00000040485,ENSMFAG00000002493
ENSMUSG00000022858,ENSMFAG00000042624
ENSMUSG00000015843,ENSMFAG00000002126
ENSMUSG00000027367,ENSMFAG00000045448
ENSMUSG00000040770,ENSMFAG00000002200
ENSMUSG00000003534,ENSMFAG00000033051
ENSMUSG00000023030,ENSMFAG00000003818
ENSMUSG00000046826,ENSMFAG00000034358
ENSMUSG00000040759,ENSMFAG00000030275
ENSMUSG00000019087,ENSMFAG00000003619
ENSMUSG00000058325,ENSMFAG00000045941
ENSMUSG00000020268,ENSMFAG00000040390
ENSMUSG00000038648,ENSMFAG00000035831
ENSMUSG00000040752,ENSMFAG00000000323
ENSMUSG00000038664,ENSMFAG00000042846
ENSMUSG00000038641,ENSMFAG00000045333
ENSMUSG00000035559,ENSMFAG00000041586
ENSMUSG00002075772,ENSMFAG00000014007
ENSMUSG00000020267,ENSMFAG00000036310
ENSMUSG00000029833,ENSMFAG00000045630
ENSMUSG00000022867,ENSMFAG00000039436
ENSMUSG00000027368,ENSMFAG00000044384
ENSMUSG00000018339,ENSMFAG00000061550
ENSMUSG00000031834,ENSMFAG00000034445
ENSMUSG00000028476,ENSMFAG00000043543
ENSMUSG00000017721,ENSMFAG00000043460
ENSMUSG00000026686,ENSMFAG00000041101
ENSMUSG00000035397,ENSMFAG00000051795
ENSMUSG00000024939,ENSMFAG00000062467
ENSMUSG00000018411,ENSMFAG00000003384
ENSMUSG00000038683,ENSMFAG00000049083
ENSMUSG00000079478,ENSMFAG00000042498
ENSMUSG00000031833,ENSMFAG00000040625
ENSMUSG00000113949,ENSMFAG00000047177
ENSMUSG00000026110,ENSMFAG00000044000
ENSMUSG00000024940,ENSMFAG00000003349
ENSMUSG00000022848,ENSMFAG00000063644
ENSMUSG00000037353,ENSMFAG00000035824
ENSMUSG00000084437,ENSMFAG00000065294
ENSMUSG00000027165,ENSMFAG00000001278
ENSMUSG00000050503,ENSMFAG00000000573
ENSMUSG00000021361,ENSMFAG00000044254
ENSMUSG00000032376,ENSMFAG00000016075
ENSMUSG00000015291,ENSMFAG00000037198
ENSMUSG00000022849,ENSMFAG00000045898
ENSMUSG00000021363,ENSMFAG00000041542
ENSMUSG00000065432,ENSMFAG00000005169
ENSMUSG00000053093,ENSMFAG00000000163
ENSMUSG00000034422,ENSMFAG00000038097
ENSMUSG00000070999,ENSMFAG00000033331
ENSMUSG00000028478,ENSMFAG00000034266
ENSMUSG00000001962,ENSMFAG00000021581
ENSMUSG00000029364,ENSMFAG00000036105
ENSMUSG00000029364,ENSMFAG00000003453
ENSMUSG00000029830,ENSMFAG00000040251
ENSMUSG00000044636,ENSMFAG00000061964
ENSMUSG00000049502,ENSMFAG00000031102
ENSMUSG00000073804,ENSMFAG00000050665
ENSMUSG00000009733,ENSMFAG00000002003
ENSMUSG00000000791,ENSMFAG00000041911
ENSMUSG00000048377,ENSMFAG00000057445
ENSMUSG00000031398,ENSMFAG00000040837
ENSMUSG00000050866,ENSMFAG00000003701
ENSMUSG00000024941,ENSMFAG00000030370
ENSMUSG00000032373,ENSMFAG00000040970
ENSMUSG00000034855,ENSMFAG00000064155
ENSMUSG00000030924,ENSMFAG00000036613
ENSMUSG00000038600,ENSMFAG00000044669
ENSMUSG00000022906,ENSMFAG00000030796
ENSMUSG00000032864,ENSMFAG00000029426
ENSMUSG00000034826,ENSMFAG00000031205
ENSMUSG00000061311,ENSMFAG00000011988
ENSMUSG00000061589,ENSMFAG00000049331
ENSMUSG00000017723,ENSMFAG00000030693
ENSMUSG00000002910,ENSMFAG00000003817
ENSMUSG00000052534,ENSMFAG00000002296
ENSMUSG00000032375,ENSMFAG00000050606
ENSMUSG00000074596,ENSMFAG00000042089
ENSMUSG00000007721,ENSMFAG00000042756
ENSMUSG00000027164,ENSMFAG00000040017
ENSMUSG00000000792,ENSMFAG00000000036
ENSMUSG00000039191,ENSMFAG00000001779
ENSMUSG00000028479,ENSMFAG00000039922
ENSMUSG00000029829,ENSMFAG00000052877
ENSMUSG00000048787,ENSMFAG00000047955
ENSMUSG00000063455,ENSMFAG00000046305
ENSMUSG00000015289,ENSMFAG00000012369
ENSMUSG00000015289,ENSMFAG00000004038
ENSMUSG00000045128,ENSMFAG00000064451
ENSMUSG00000015290,ENSMFAG00000000884
ENSMUSG00000030922,ENSMFAG00000003508
ENSMUSG00000053040,ENSMFAG00000050606
ENSMUSG00000017733,ENSMFAG00000000643
ENSMUSG00000070533,ENSMFAG00000030907
ENSMUSG00000077928,ENSMFAG00000014457
ENSMUSG00000021835,ENSMFAG00000040789
ENSMUSG00000000346,ENSMFAG00000031319
ENSMUSG00000000346,ENSMFAG00000001009
ENSMUSG00000049902,ENSMFAG00000002021
ENSMUSG00000032806,ENSMFAG00000035989
ENSMUSG00000077563,ENSMFAG00000009132
ENSMUSG00000036943,ENSMFAG00000054576
ENSMUSG00000019261,ENSMFAG00000039483
ENSMUSG00000053559,ENSMFAG00000053555
ENSMUSG00000036781,ENSMFAG00000055707
ENSMUSG00000084609,ENSMFAG00000040907
ENSMUSG00000021395,ENSMFAG00000002525
ENSMUSG00000015222,ENSMFAG00000037191
ENSMUSG00000031399,ENSMFAG00000041814
ENSMUSG00000065797,ENSMFAG00000033786
ENSMUSG00000050468,ENSMFAG00000054984
ENSMUSG00000018412,ENSMFAG00000030723
ENSMUSG00000035278,ENSMFAG00000034618
ENSMUSG00000046352,ENSMFAG00000064221
ENSMUSG00000029826,ENSMFAG00000001484
ENSMUSG00000040055,ENSMFAG00000013419
ENSMUSG00000021396,ENSMFAG00000045135
ENSMUSG00000032370,ENSMFAG00000001322
ENSMUSG00000035439,ENSMFAG00000033583
ENSMUSG00000021947,ENSMFAG00000034286
ENSMUSG00000098112,ENSMFAG00000046291
ENSMUSG00000065424,ENSMFAG00000015015
ENSMUSG00000024786,ENSMFAG00000001100
ENSMUSG00000020211,ENSMFAG00000002638
ENSMUSG00000041773,ENSMFAG00000030568
ENSMUSG00002076756,ENSMFAG00000034005
ENSMUSG00002076756,ENSMFAG00000014318
ENSMUSG00002076756,ENSMFAG00000011928
ENSMUSG00000032503,ENSMFAG00000041762
ENSMUSG00000024784,ENSMFAG00000040663
ENSMUSG00000024777,ENSMFAG00000041875
ENSMUSG00000021876,ENSMFAG00000023531
ENSMUSG00000072115,ENSMFAG00000047441
ENSMUSG00000072115,ENSMFAG00000062278
ENSMUSG00000002395,ENSMFAG00000039292
ENSMUSG00000072575,ENSMFAG00000053241
ENSMUSG00000072575,ENSMFAG00000062707
ENSMUSG00000021880,ENSMFAG00000005448
ENSMUSG00002076893,ENSMFAG00000013730
ENSMUSG00000044348,ENSMFAG00000043958
ENSMUSG00000044348,ENSMFAG00000054864
ENSMUSG00000020400,ENSMFAG00000030366
ENSMUSG00000035696,ENSMFAG00000003440
ENSMUSG00000023031,ENSMFAG00000044458
ENSMUSG00000035896,ENSMFAG00000055711
ENSMUSG00000027690,ENSMFAG00000038078
ENSMUSG00000059606,ENSMFAG00000050506
ENSMUSG00000059606,ENSMFAG00000055348
ENSMUSG00000059606,ENSMFAG00000059196
ENSMUSG00000056832,ENSMFAG00000044086
ENSMUSG00000047894,ENSMFAG00000047441
ENSMUSG00000047894,ENSMFAG00000062278
ENSMUSG00000058620,ENSMFAG00000035322
ENSMUSG00000050766,ENSMFAG00000050506
ENSMUSG00000050766,ENSMFAG00000055348
ENSMUSG00000050766,ENSMFAG00000059196
ENSMUSG00000035215,ENSMFAG00000044572
ENSMUSG00000022175,ENSMFAG00000040578
ENSMUSG00000074594,ENSMFAG00000036538
ENSMUSG00000024773,ENSMFAG00000002767
ENSMUSG00000070529,ENSMFAG00000045953
ENSMUSG00000078940,ENSMFAG00000040005
ENSMUSG00000067704,ENSMFAG00000001764
ENSMUSG00000027889,ENSMFAG00000040571
ENSMUSG00000017310,ENSMFAG00000055751
ENSMUSG00000037280,ENSMFAG00000031673
ENSMUSG00000035206,ENSMFAG00000039923
ENSMUSG00000042595,ENSMFAG00000000454
ENSMUSG00000046338,ENSMFAG00000042130
ENSMUSG00000022176,ENSMFAG00000032788
ENSMUSG00000038538,ENSMFAG00000037061
ENSMUSG00000023110,ENSMFAG00000001324
ENSMUSG00000022286,ENSMFAG00000032722
ENSMUSG00000076434,ENSMFAG00000042167
ENSMUSG00000031283,ENSMFAG00000036630
ENSMUSG00000002396,ENSMFAG00000044199
ENSMUSG00000032841,ENSMFAG00000059336
ENSMUSG00000029426,ENSMFAG00000039184
ENSMUSG00000052273,ENSMFAG00000041674
ENSMUSG00000022177,ENSMFAG00000042332
ENSMUSG00000034911,ENSMFAG00000037623
ENSMUSG00000065582,ENSMFAG00000012614
ENSMUSG00000065523,ENSMFAG00000011942
ENSMUSG00000029193,ENSMFAG00000003530
ENSMUSG00000024772,ENSMFAG00000032608
ENSMUSG00000022178,ENSMFAG00000055086
ENSMUSG00000051359,ENSMFAG00000036726
ENSMUSG00000050192,ENSMFAG00000040220
ENSMUSG00000050192,ENSMFAG00000032595
ENSMUSG00000059406,ENSMFAG00000038356
ENSMUSG00000031820,ENSMFAG00000044771
ENSMUSG00000019689,ENSMFAG00000062411
ENSMUSG00000057068,ENSMFAG00000041213
ENSMUSG00001118668,ENSMFAG00000055896
ENSMUSG00000039221,ENSMFAG00000041383
ENSMUSG00000029823,ENSMFAG00000041131
ENSMUSG00000022108,ENSMFAG00000036817
ENSMUSG00000035683,ENSMFAG00000039640
ENSMUSG00000046295,ENSMFAG00000045052
ENSMUSG00000024769,ENSMFAG00000046402
ENSMUSG00000035299,ENSMFAG00000037182
ENSMUSG00000050668,ENSMFAG00000043245
ENSMUSG00000047963,ENSMFAG00000053353
ENSMUSG00000050650,ENSMFAG00000058700
ENSMUSG00000050650,ENSMFAG00000061091
ENSMUSG00000050650,ENSMFAG00000056317
ENSMUSG00000050650,ENSMFAG00000052090
ENSMUSG00000050650,ENSMFAG00000053055
ENSMUSG00000022109,ENSMFAG00000036744
ENSMUSG00000093973,ENSMFAG00000058700
ENSMUSG00000093973,ENSMFAG00000061091
ENSMUSG00000093973,ENSMFAG00000056317
ENSMUSG00000093973,ENSMFAG00000052090
ENSMUSG00000093973,ENSMFAG00000053055
ENSMUSG00000039178,ENSMFAG00000000286
ENSMUSG00000096719,ENSMFAG00000058700
ENSMUSG00000096719,ENSMFAG00000061091
ENSMUSG00000096719,ENSMFAG00000056317
ENSMUSG00000096719,ENSMFAG00000052090
ENSMUSG00000096719,ENSMFAG00000053055
ENSMUSG00000009108,ENSMFAG00000039529
ENSMUSG00000007950,ENSMFAG00000028796
ENSMUSG00000024079,ENSMFAG00000030576
ENSMUSG00000078698,ENSMFAG00000058700
ENSMUSG00000078698,ENSMFAG00000061091
ENSMUSG00000078698,ENSMFAG00000056317
ENSMUSG00000078698,ENSMFAG00000052090
ENSMUSG00000078698,ENSMFAG00000053055
ENSMUSG00000033405,ENSMFAG00000042118
ENSMUSG00000034771,ENSMFAG00000033930
ENSMUSG00000034880,ENSMFAG00000044117
ENSMUSG00000036578,ENSMFAG00000044836
ENSMUSG00000017299,ENSMFAG00000044013
ENSMUSG00000014030,ENSMFAG00000044193
ENSMUSG00000022110,ENSMFAG00000043471
ENSMUSG00000024947,ENSMFAG00000037342
ENSMUSG00000038045,ENSMFAG00000034517
ENSMUSG00000000531,ENSMFAG00000041403
ENSMUSG00000030917,ENSMFAG00000031143
ENSMUSG00000027163,ENSMFAG00000060407
ENSMUSG00000023034,ENSMFAG00000045297
ENSMUSG00000062691,ENSMFAG00000063109
ENSMUSG00000026683,ENSMFAG00000012290
ENSMUSG00000050050,ENSMFAG00000040081
ENSMUSG00000033186,ENSMFAG00000044898
ENSMUSG00000001403,ENSMFAG00000063220
ENSMUSG00000001403,ENSMFAG00000028239
ENSMUSG00000022070,ENSMFAG00000045514
ENSMUSG00000024081,ENSMFAG00000042567
ENSMUSG00000037204,ENSMFAG00000032136
ENSMUSG00000067173,ENSMFAG00000058700
ENSMUSG00000067173,ENSMFAG00000061091
ENSMUSG00000067173,ENSMFAG00000056317
ENSMUSG00000067173,ENSMFAG00000052090
ENSMUSG00000067173,ENSMFAG00000053055
ENSMUSG00000079598,ENSMFAG00000064966
ENSMUSG00000070552,ENSMFAG00000058700
ENSMUSG00000070552,ENSMFAG00000061091
ENSMUSG00000070552,ENSMFAG00000056317
ENSMUSG00000070552,ENSMFAG00000052090
ENSMUSG00000070552,ENSMFAG00000053055
ENSMUSG00000034845,ENSMFAG00000040183
ENSMUSG00000017300,ENSMFAG00000037927
ENSMUSG00000037185,ENSMFAG00000001336
ENSMUSG00000061436,ENSMFAG00000001456
ENSMUSG00000070551,ENSMFAG00000058700
ENSMUSG00000070551,ENSMFAG00000061091
ENSMUSG00000070551,ENSMFAG00000056317
ENSMUSG00000070551,ENSMFAG00000052090
ENSMUSG00000070551,ENSMFAG00000053055
ENSMUSG00000046718,ENSMFAG00000002669
ENSMUSG00000070550,ENSMFAG00000058700
ENSMUSG00000070550,ENSMFAG00000061091
ENSMUSG00000070550,ENSMFAG00000056317
ENSMUSG00000070550,ENSMFAG00000052090
ENSMUSG00000070550,ENSMFAG00000053055
ENSMUSG00000048058,ENSMFAG00000043269
ENSMUSG00000025246,ENSMFAG00000005183
ENSMUSG00000025246,ENSMFAG00000050736
ENSMUSG00000031813,ENSMFAG00000056814
ENSMUSG00000000001,ENSMFAG00000037770
ENSMUSG00000050870,ENSMFAG00000058700
ENSMUSG00000050870,ENSMFAG00000061091
ENSMUSG00000050870,ENSMFAG00000056317
ENSMUSG00000050870,ENSMFAG00000052090
ENSMUSG00000050870,ENSMFAG00000053055
ENSMUSG00000070547,ENSMFAG00000058700
ENSMUSG00000070547,ENSMFAG00000061091
ENSMUSG00000070547,ENSMFAG00000056317
ENSMUSG00000070547,ENSMFAG00000052090
ENSMUSG00000070547,ENSMFAG00000053055
ENSMUSG00000033166,ENSMFAG00000027055
ENSMUSG00000074109,ENSMFAG00000058700
ENSMUSG00000074109,ENSMFAG00000061091
ENSMUSG00000074109,ENSMFAG00000056317
ENSMUSG00000074109,ENSMFAG00000052090
ENSMUSG00000074109,ENSMFAG00000053055
ENSMUSG00000024082,ENSMFAG00000031686
ENSMUSG00000023039,ENSMFAG00000032813
ENSMUSG00000050425,ENSMFAG00000058700
ENSMUSG00000050425,ENSMFAG00000061091
ENSMUSG00000050425,ENSMFAG00000056317
ENSMUSG00000050425,ENSMFAG00000052090
ENSMUSG00000050425,ENSMFAG00000053055
ENSMUSG00000043664,ENSMFAG00000032087
ENSMUSG00000070546,ENSMFAG00000058700
ENSMUSG00000070546,ENSMFAG00000061091
ENSMUSG00000070546,ENSMFAG00000056317
ENSMUSG00000070546,ENSMFAG00000052090
ENSMUSG00000070546,ENSMFAG00000053055
ENSMUSG00000030911,ENSMFAG00000034578
ENSMUSG00000035725,ENSMFAG00000052639
ENSMUSG00000027189,ENSMFAG00000045833
ENSMUSG00000026678,ENSMFAG00000042336
ENSMUSG00000039156,ENSMFAG00000034185
ENSMUSG00000044581,ENSMFAG00000042822
ENSMUSG00000073427,ENSMFAG00000048690
ENSMUSG00000017307,ENSMFAG00000031839
ENSMUSG00000024070,ENSMFAG00000037186
ENSMUSG00000050947,ENSMFAG00000030580
ENSMUSG00000038530,ENSMFAG00000048267
ENSMUSG00000034612,ENSMFAG00000040754
ENSMUSG00000035649,ENSMFAG00000006899
ENSMUSG00002075065,ENSMFAG00000007150
ENSMUSG00002075065,ENSMFAG00000006257
ENSMUSG00002075065,ENSMFAG00000006763
ENSMUSG00000034591,ENSMFAG00000045731
ENSMUSG00000048796,ENSMFAG00000040958
ENSMUSG00000070532,ENSMFAG00000002602
ENSMUSG00000045822,ENSMFAG00000037551
ENSMUSG00000049235,ENSMFAG00000049273
ENSMUSG00000027188,ENSMFAG00000042856
ENSMUSG00000026675,ENSMFAG00000062302
ENSMUSG00000020255,ENSMFAG00000039029
ENSMUSG00000048997,ENSMFAG00000041449
ENSMUSG00000020256,ENSMFAG00000040964
ENSMUSG00000022376,ENSMFAG00000000140
ENSMUSG00000001588,ENSMFAG00000039943
ENSMUSG00000035572,ENSMFAG00000045646
ENSMUSG00000017764,ENSMFAG00000044865
ENSMUSG00000017767,ENSMFAG00000043787
ENSMUSG00000030471,ENSMFAG00000044093
ENSMUSG00000021789,ENSMFAG00000039235
ENSMUSG00000021789,ENSMFAG00000051159
ENSMUSG00000060771,ENSMFAG00000042958
ENSMUSG00000024948,ENSMFAG00000033749
ENSMUSG00000039873,ENSMFAG00000045854
ENSMUSG00000026974,ENSMFAG00000039528
ENSMUSG00000037780,ENSMFAG00000001265
ENSMUSG00000034807,ENSMFAG00000034050
ENSMUSG00000023017,ENSMFAG00000035165
ENSMUSG00000045973,ENSMFAG00000020470
ENSMUSG00000045973,ENSMFAG00000049216
ENSMUSG00000021795,ENSMFAG00000045610
ENSMUSG00000018340,ENSMFAG00000037015
ENSMUSG00000030909,ENSMFAG00000042236
ENSMUSG00000029108,ENSMFAG00000040327
ENSMUSG00000119692,ENSMFAG00000005283
ENSMUSG00000029925,ENSMFAG00000016846
ENSMUSG00000027004,ENSMFAG00000035606
ENSMUSG00000031344,ENSMFAG00000041143
ENSMUSG00000044813,ENSMFAG00000014991
ENSMUSG00000030470,ENSMFAG00000020396
ENSMUSG00000034560,ENSMFAG00000044577
ENSMUSG00000034799,ENSMFAG00000002929
ENSMUSG00000029361,ENSMFAG00000000922
ENSMUSG00000030905,ENSMFAG00000000877
ENSMUSG00000005089,ENSMFAG00000043293
ENSMUSG00000027887,ENSMFAG00000047408
ENSMUSG00000031347,ENSMFAG00000044996
ENSMUSG00000065322,ENSMFAG00000006297
ENSMUSG00000035561,ENSMFAG00000018664
ENSMUSG00000023018,ENSMFAG00000000413
ENSMUSG00000068749,ENSMFAG00000000081
ENSMUSG00000046179,ENSMFAG00000046393
ENSMUSG00000035551,ENSMFAG00000038740
ENSMUSG00000038507,ENSMFAG00000034646
ENSMUSG00000031349,ENSMFAG00000008105
ENSMUSG00000028327,ENSMFAG00000042474
ENSMUSG00000024084,ENSMFAG00000038124
ENSMUSG00000042599,ENSMFAG00000002056
ENSMUSG00000027684,ENSMFAG00000033167
ENSMUSG00000024155,ENSMFAG00000000726
ENSMUSG00000034755,ENSMFAG00000030468
ENSMUSG00000020263,ENSMFAG00000043698
ENSMUSG00000041836,ENSMFAG00000003527
ENSMUSG00000023019,ENSMFAG00000031489
ENSMUSG00000024158,ENSMFAG00000004030
ENSMUSG00000041245,ENSMFAG00000031003
ENSMUSG00000023021,ENSMFAG00000043342
ENSMUSG00000035539,ENSMFAG00000032879
ENSMUSG00000027375,ENSMFAG00000025747
ENSMUSG00000035517,ENSMFAG00000003187
ENSMUSG00000031805,ENSMFAG00000034366
ENSMUSG00000017760,ENSMFAG00000045769
ENSMUSG00000049588,ENSMFAG00000029997
ENSMUSG00000026674,ENSMFAG00000036365
ENSMUSG00000057615,ENSMFAG00000036681
ENSMUSG00000031109,ENSMFAG00000003196
ENSMUSG00000010461,ENSMFAG00000037522
ENSMUSG00000029923,ENSMFAG00000003529
ENSMUSG00000029922,ENSMFAG00000000737
ENSMUSG00000046070,ENSMFAG00000042039
ENSMUSG00000000594,ENSMFAG00000032758
ENSMUSG00000039183,ENSMFAG00000037059
ENSMUSG00000037216,ENSMFAG00000008385
ENSMUSG00000026088,ENSMFAG00000000680
ENSMUSG00000035495,ENSMFAG00000002863
ENSMUSG00000055567,ENSMFAG00000038823
ENSMUSG00000022332,ENSMFAG00000041845
ENSMUSG00000089992,ENSMFAG00000043207
ENSMUSG00000029381,ENSMFAG00000002770
ENSMUSG00000038456,ENSMFAG00000043828
ENSMUSG00000028330,ENSMFAG00000030994
ENSMUSG00000024160,ENSMFAG00000031888
ENSMUSG00000015519,ENSMFAG00000032271
ENSMUSG00000049491,ENSMFAG00000003733
ENSMUSG00000024949,ENSMFAG00000033122
ENSMUSG00000038679,ENSMFAG00000036446
ENSMUSG00000037661,ENSMFAG00000028035
ENSMUSG00000020264,ENSMFAG00000046152
ENSMUSG00000028329,ENSMFAG00000001886
ENSMUSG00000017754,ENSMFAG00000036798
ENSMUSG00000075600,ENSMFAG00000036060
ENSMUSG00000046947,ENSMFAG00000007386
ENSMUSG00000040412,ENSMFAG00000064328
ENSMUSG00000040412,ENSMFAG00000029951
ENSMUSG00000048922,ENSMFAG00000044937
ENSMUSG00000019802,ENSMFAG00000034177
ENSMUSG00000020261,ENSMFAG00000010715
ENSMUSG00000055762,ENSMFAG00000034313
ENSMUSG00000055762,ENSMFAG00000060571
ENSMUSG00000055762,ENSMFAG00000031120
ENSMUSG00000028331,ENSMFAG00000045298
ENSMUSG00000002416,ENSMFAG00000048116
ENSMUSG00000073436,ENSMFAG00000026250
ENSMUSG00000070000,ENSMFAG00000041892
ENSMUSG00000002413,ENSMFAG00000001069
ENSMUSG00000032366,ENSMFAG00000030943
ENSMUSG00000044770,ENSMFAG00000000713
ENSMUSG00000028332,ENSMFAG00000031373
ENSMUSG00000055333,ENSMFAG00000039681
ENSMUSG00000038880,ENSMFAG00000046146
ENSMUSG00000028333,ENSMFAG00000032850
ENSMUSG00000029918,ENSMFAG00000032116
ENSMUSG00000031004,ENSMFAG00000037072
ENSMUSG00000045314,ENSMFAG00000053078
ENSMUSG00000027002,ENSMFAG00000001975
ENSMUSG00000024165,ENSMFAG00000033861
ENSMUSG00000032898,ENSMFAG00000031531
ENSMUSG00000027886,ENSMFAG00000030402
ENSMUSG00000057716,ENSMFAG00000043984
ENSMUSG00000028334,ENSMFAG00000030217
ENSMUSG00000020532,ENSMFAG00000045655
ENSMUSG00000048100,ENSMFAG00000036679
ENSMUSG00000029916,ENSMFAG00000039906
ENSMUSG00000038002,ENSMFAG00000002985
ENSMUSG00000026087,ENSMFAG00000001729
ENSMUSG00000039853,ENSMFAG00000040114
ENSMUSG00000040389,ENSMFAG00000043278
ENSMUSG00000034813,ENSMFAG00000034631
ENSMUSG00000026279,ENSMFAG00000042330
ENSMUSG00000027884,ENSMFAG00000000255
ENSMUSG00000034327,ENSMFAG00000000476
ENSMUSG00000028337,ENSMFAG00000026563
ENSMUSG00000037172,ENSMFAG00000002632
ENSMUSG00000037999,ENSMFAG00000041357
ENSMUSG00000024228,ENSMFAG00000034456
ENSMUSG00000061584,ENSMFAG00000031272
ENSMUSG00000026085,ENSMFAG00000031984
ENSMUSG00000037159,ENSMFAG00000038833
ENSMUSG00000118664,ENSMFAG00000039566
ENSMUSG00000036872,ENSMFAG00000039229
ENSMUSG00000026005,ENSMFAG00000001492
ENSMUSG00000027883,ENSMFAG00000041461
ENSMUSG00000039813,ENSMFAG00000041832
ENSMUSG00000045237,ENSMFAG00000047287
ENSMUSG00000045237,ENSMFAG00000062619
ENSMUSG00000015812,ENSMFAG00000052417
ENSMUSG00000056629,ENSMFAG00000002773
ENSMUSG00000029911,ENSMFAG00000032819
ENSMUSG00000090326,ENSMFAG00000003247
ENSMUSG00000073139,ENSMFAG00000040133
ENSMUSG00000044447,ENSMFAG00000001732
ENSMUSG00000029359,ENSMFAG00000046337
ENSMUSG00000039809,ENSMFAG00000042106
ENSMUSG00000049565,ENSMFAG00000043987
ENSMUSG00000058407,ENSMFAG00000032607
ENSMUSG00000073102,ENSMFAG00000043768
ENSMUSG00000052850,ENSMFAG00000063716
ENSMUSG00000037140,ENSMFAG00000061404
ENSMUSG00000029909,ENSMFAG00000033856
ENSMUSG00000020609,ENSMFAG00000037483
ENSMUSG00000031358,ENSMFAG00000031868
ENSMUSG00000037652,ENSMFAG00000034130
ENSMUSG00000045514,ENSMFAG00000042777
ENSMUSG00000066191,ENSMFAG00000031706
ENSMUSG00000029915,ENSMFAG00000036311
ENSMUSG00000090061,ENSMFAG00000003920
ENSMUSG00000018697,ENSMFAG00000003108
ENSMUSG00000048385,ENSMFAG00000035496
ENSMUSG00000032867,ENSMFAG00000035404
ENSMUSG00000018893,ENSMFAG00000042315
ENSMUSG00000039849,ENSMFAG00000039034
ENSMUSG00000026004,ENSMFAG00000031878
ENSMUSG00000022094,ENSMFAG00000003405
ENSMUSG00000040451,ENSMFAG00000002389
ENSMUSG00000039774,ENSMFAG00000037688
ENSMUSG00000054612,ENSMFAG00000051214
ENSMUSG00000033576,ENSMFAG00000048917
ENSMUSG00000058250,ENSMFAG00000059261
ENSMUSG00000068587,ENSMFAG00000000048
ENSMUSG00000036560,ENSMFAG00000042528
ENSMUSG00000031355,ENSMFAG00000037315
ENSMUSG00000018698,ENSMFAG00000001746
ENSMUSG00000060512,ENSMFAG00000035785
ENSMUSG00000033565,ENSMFAG00000031994
ENSMUSG00000018593,ENSMFAG00000038613
ENSMUSG00000027001,ENSMFAG00000034205
ENSMUSG00000047881,ENSMFAG00000029954
ENSMUSG00000028339,ENSMFAG00000038680
ENSMUSG00000045257,ENSMFAG00000010260
ENSMUSG00000054901,ENSMFAG00000041349
ENSMUSG00000057092,ENSMFAG00000003734
ENSMUSG00000039834,ENSMFAG00000035432
ENSMUSG00000026083,ENSMFAG00000038108
ENSMUSG00000029171,ENSMFAG00000033991
ENSMUSG00000033644,ENSMFAG00000038537
ENSMUSG00000062456,ENSMFAG00000003176
ENSMUSG00000024896,ENSMFAG00000000189
ENSMUSG00000030507,ENSMFAG00000032640
ENSMUSG00000029174,ENSMFAG00000002697
ENSMUSG00000074896,ENSMFAG00000045508
ENSMUSG00000062488,ENSMFAG00000045508
ENSMUSG00000018585,ENSMFAG00000050498
ENSMUSG00000026999,ENSMFAG00000000834
ENSMUSG00000024014,ENSMFAG00000036745
ENSMUSG00000009378,ENSMFAG00000002755
ENSMUSG00000046096,ENSMFAG00000039549
ENSMUSG00000025223,ENSMFAG00000041257
ENSMUSG00000061816,ENSMFAG00000031549
ENSMUSG00000018583,ENSMFAG00000036965
ENSMUSG00000007613,ENSMFAG00000044981
ENSMUSG00000022126,ENSMFAG00000043445
ENSMUSG00000030505,ENSMFAG00000038053
ENSMUSG00000079580,ENSMFAG00000032959
ENSMUSG00000031354,ENSMFAG00000057015
ENSMUSG00000031354,ENSMFAG00000035396
ENSMUSG00000022125,ENSMFAG00000044623
ENSMUSG00000102802,ENSMFAG00000040766
ENSMUSG00000022124,ENSMFAG00000044754
ENSMUSG00000070866,ENSMFAG00000042172
ENSMUSG00000042203,ENSMFAG00000000523
ENSMUSG00000000263,ENSMFAG00000033181
ENSMUSG00000051331,ENSMFAG00000039845
ENSMUSG00000017737,ENSMFAG00000031160
ENSMUSG00000026082,ENSMFAG00000043534
ENSMUSG00000047866,ENSMFAG00000029975
ENSMUSG00000093009,ENSMFAG00000038982
ENSMUSG00000092687,ENSMFAG00000023687
ENSMUSG00000090877,ENSMFAG00000039068
ENSMUSG00000091971,ENSMFAG00000039068
ENSMUSG00000028341,ENSMFAG00000001918
ENSMUSG00000027882,ENSMFAG00000000666
ENSMUSG00000007033,ENSMFAG00000000455
ENSMUSG00000021877,ENSMFAG00000000830
ENSMUSG00000021877,ENSMFAG00000045515
ENSMUSG00000007050,ENSMFAG00000059504
ENSMUSG00000001249,ENSMFAG00000041182
ENSMUSG00000037393,ENSMFAG00000043345
ENSMUSG00000031352,ENSMFAG00000030584
ENSMUSG00000061455,ENSMFAG00000042208
ENSMUSG00000065635,ENSMFAG00000030706
ENSMUSG00000020695,ENSMFAG00000039508
ENSMUSG00000075249,ENSMFAG00000045058
ENSMUSG00000038473,ENSMFAG00000042773
ENSMUSG00000027091,ENSMFAG00000001625
ENSMUSG00000043702,ENSMFAG00000030966
ENSMUSG00000028343,ENSMFAG00000036437
ENSMUSG00000021879,ENSMFAG00000031056
ENSMUSG00000121607,ENSMFAG00000038021
ENSMUSG00000028344,ENSMFAG00000041344
ENSMUSG00000121914,ENSMFAG00000003615
ENSMUSG00000031314,ENSMFAG00000001749
ENSMUSG00000031314,ENSMFAG00000044417
ENSMUSG00000062372,ENSMFAG00000043966
ENSMUSG00000037643,ENSMFAG00000042910
ENSMUSG00000027087,ENSMFAG00000003635
ENSMUSG00000055491,ENSMFAG00000038589
ENSMUSG00000007029,ENSMFAG00000001032
ENSMUSG00000021898,ENSMFAG00000036861
ENSMUSG00000047284,ENSMFAG00000026826
ENSMUSG00000064624,ENSMFAG00000038929
ENSMUSG00000036840,ENSMFAG00000045157
ENSMUSG00000031652,ENSMFAG00000025909
ENSMUSG00000038463,ENSMFAG00000040313
ENSMUSG00000019194,ENSMFAG00000032441
ENSMUSG00000037363,ENSMFAG00000043712
ENSMUSG00000028345,ENSMFAG00000003262
ENSMUSG00000026663,ENSMFAG00000059314
ENSMUSG00000040760,ENSMFAG00000000686
ENSMUSG00000039728,ENSMFAG00000040202
ENSMUSG00000045326,ENSMFAG00000003323
ENSMUSG00000026000,ENSMFAG00000041765
ENSMUSG00000054823,ENSMFAG00000034989
ENSMUSG00000028347,ENSMFAG00000007545
ENSMUSG00000015176,ENSMFAG00000044654
ENSMUSG00000048388,ENSMFAG00000045341
ENSMUSG00000040726,ENSMFAG00000003900
ENSMUSG00000040717,ENSMFAG00000034448
ENSMUSG00000034552,ENSMFAG00000001939
ENSMUSG00000028348,ENSMFAG00000057234
ENSMUSG00000094125,ENSMFAG00000000590
ENSMUSG00000017740,ENSMFAG00000040616
ENSMUSG00000063446,ENSMFAG00000036301
ENSMUSG00000057346,ENSMFAG00000063310
ENSMUSG00000057346,ENSMFAG00000031976
ENSMUSG00000057346,ENSMFAG00000052009
ENSMUSG00000026659,ENSMFAG00000043743
ENSMUSG00000026659,ENSMFAG00000048495
ENSMUSG00000027660,ENSMFAG00000029995
ENSMUSG00000018126,ENSMFAG00000056144
ENSMUSG00000007030,ENSMFAG00000039665
ENSMUSG00000030889,ENSMFAG00000033453
ENSMUSG00000037138,ENSMFAG00000031640
ENSMUSG00000055128,ENSMFAG00000043781
ENSMUSG00000084479,ENSMFAG00000014655
ENSMUSG00000039653,ENSMFAG00000000947
ENSMUSG00000042632,ENSMFAG00000046328
ENSMUSG00000044018,ENSMFAG00000060242
ENSMUSG00000038754,ENSMFAG00000036362
ENSMUSG00000039634,ENSMFAG00000045567
ENSMUSG00000036185,ENSMFAG00000054453
ENSMUSG00000025229,ENSMFAG00000045143
ENSMUSG00000115338,ENSMFAG00000000419
ENSMUSG00000115338,ENSMFAG00000024766
ENSMUSG00000028307,ENSMFAG00000031432
ENSMUSG00000037625,ENSMFAG00000040128
ENSMUSG00000031570,ENSMFAG00000003982
ENSMUSG00000025224,ENSMFAG00000002812
ENSMUSG00000042390,ENSMFAG00000042345
ENSMUSG00000007035,ENSMFAG00000033904
ENSMUSG00000057132,ENSMFAG00000004014
ENSMUSG00000039611,ENSMFAG00000063135
ENSMUSG00000028309,ENSMFAG00000041595
ENSMUSG00000040693,ENSMFAG00000046265
ENSMUSG00000031209,ENSMFAG00000039996
ENSMUSG00000070524,ENSMFAG00000040289
ENSMUSG00000109392,ENSMFAG00000001916
ENSMUSG00000029185,ENSMFAG00000001528
ENSMUSG00000091002,ENSMFAG00000043079
ENSMUSG00000069072,ENSMFAG00000032560
ENSMUSG00000025991,ENSMFAG00000044079
ENSMUSG00000037316,ENSMFAG00000032088
ENSMUSG00000037913,ENSMFAG00000043228
ENSMUSG00000031838,ENSMFAG00000034585
ENSMUSG00000031840,ENSMFAG00000030826
ENSMUSG00000045662,ENSMFAG00000002745
ENSMUSG00000054920,ENSMFAG00000042012
ENSMUSG00000055409,ENSMFAG00000035840
ENSMUSG00000007041,ENSMFAG00000042276
ENSMUSG00000061313,ENSMFAG00000032613
ENSMUSG00000038421,ENSMFAG00000048559
ENSMUSG00000038421,ENSMFAG00000038697
ENSMUSG00000038421,ENSMFAG00000061990
ENSMUSG00000078627,ENSMFAG00000037996
ENSMUSG00000094336,ENSMFAG00000000590
ENSMUSG00000039804,ENSMFAG00000043623
ENSMUSG00000029594,ENSMFAG00000046091
ENSMUSG00000007039,ENSMFAG00000035624
ENSMUSG00000041775,ENSMFAG00000044107
ENSMUSG00000025225,ENSMFAG00000031139
ENSMUSG00000041769,ENSMFAG00000001365
ENSMUSG00000040339,ENSMFAG00000039642
ENSMUSG00000039579,ENSMFAG00000044847
ENSMUSG00000026331,ENSMFAG00000039771
ENSMUSG00000023170,ENSMFAG00000035529
ENSMUSG00000073414,ENSMFAG00000036544
ENSMUSG00000027880,ENSMFAG00000040287
ENSMUSG00000096729,ENSMFAG00000000590
ENSMUSG00000096484,ENSMFAG00000000590
ENSMUSG00000017652,ENSMFAG00000032922
ENSMUSG00000092586,ENSMFAG00000062054
ENSMUSG00000073413,ENSMFAG00000053234
ENSMUSG00000001248,ENSMFAG00000033196
ENSMUSG00000040322,ENSMFAG00000045161
ENSMUSG00000028312,ENSMFAG00000035914
ENSMUSG00000013766,ENSMFAG00000032622
ENSMUSG00000031845,ENSMFAG00000035655
ENSMUSG00000044768,ENSMFAG00000030345
ENSMUSG00000029595,ENSMFAG00000036692
ENSMUSG00000034923,ENSMFAG00000042838
ENSMUSG00000023764,ENSMFAG00000039398
ENSMUSG00000029596,ENSMFAG00000045838
ENSMUSG00000026078,ENSMFAG00000026576
ENSMUSG00000026078,ENSMFAG00000002115
ENSMUSG00000033721,ENSMFAG00000030983
ENSMUSG00000007036,ENSMFAG00000000198
ENSMUSG00000062209,ENSMFAG00000042352
ENSMUSG00000035726,ENSMFAG00000035729
ENSMUSG00000035726,ENSMFAG00000058859
ENSMUSG00000088021,ENSMFAG00000013620
ENSMUSG00000031574,ENSMFAG00000031135
ENSMUSG00000032431,ENSMFAG00000017424
ENSMUSG00000029166,ENSMFAG00000000279
ENSMUSG00000034482,ENSMFAG00000056482
ENSMUSG00000071342,ENSMFAG00000046136
ENSMUSG00000037126,ENSMFAG00000000282
ENSMUSG00000045594,ENSMFAG00000005291
ENSMUSG00000024387,ENSMFAG00000030371
ENSMUSG00000001627,ENSMFAG00000045385
ENSMUSG00000031575,ENSMFAG00000001965
ENSMUSG00000042622,ENSMFAG00000000319
ENSMUSG00000029597,ENSMFAG00000041743
ENSMUSG00000053754,ENSMFAG00000035402
ENSMUSG00000096337,ENSMFAG00000000590
ENSMUSG00000053166,ENSMFAG00000039782
ENSMUSG00000026656,ENSMFAG00000052135
ENSMUSG00000026656,ENSMFAG00000059325
ENSMUSG00000026656,ENSMFAG00000038066
ENSMUSG00000079260,ENSMFAG00000061512
ENSMUSG00000047898,ENSMFAG00000016035
ENSMUSG00000029598,ENSMFAG00000040031
ENSMUSG00000095824,ENSMFAG00000000590
ENSMUSG00000079247,ENSMFAG00000000590
ENSMUSG00000005087,ENSMFAG00000043892
ENSMUSG00000056167,ENSMFAG00000041243
ENSMUSG00000022433,ENSMFAG00000003325
ENSMUSG00000028314,ENSMFAG00000016228
ENSMUSG00000089717,ENSMFAG00000055974
ENSMUSG00000015243,ENSMFAG00000002145
ENSMUSG00000025226,ENSMFAG00000033584
ENSMUSG00000037890,ENSMFAG00000001104
ENSMUSG00000036748,ENSMFAG00000035328
ENSMUSG00000092417,ENSMFAG00000037562
ENSMUSG00000059089,ENSMFAG00000043175
ENSMUSG00000059089,ENSMFAG00000053018
ENSMUSG00000035064,ENSMFAG00000003604
ENSMUSG00000020228,ENSMFAG00000034045
ENSMUSG00000061911,ENSMFAG00000052770
ENSMUSG00000061911,ENSMFAG00000000137
ENSMUSG00000026077,ENSMFAG00000001513
ENSMUSG00000027671,ENSMFAG00000030153
ENSMUSG00000010830,ENSMFAG00000042286
ENSMUSG00000024391,ENSMFAG00000043119
ENSMUSG00000055065,ENSMFAG00000046051
ENSMUSG00000020227,ENSMFAG00000039051
ENSMUSG00000093044,ENSMFAG00000053947
ENSMUSG00000093044,ENSMFAG00000060524
ENSMUSG00000022159,ENSMFAG00000027114
ENSMUSG00000028412,ENSMFAG00000044299
ENSMUSG00000024392,ENSMFAG00000000146
ENSMUSG00000059498,ENSMFAG00000052135
ENSMUSG00000059498,ENSMFAG00000059325
ENSMUSG00000059498,ENSMFAG00000038066
ENSMUSG00000032435,ENSMFAG00000031574
ENSMUSG00000032435,ENSMFAG00000055756
ENSMUSG00000020225,ENSMFAG00000030463
ENSMUSG00000031576,ENSMFAG00000014847
ENSMUSG00000032434,ENSMFAG00000003973
ENSMUSG00000025997,ENSMFAG00000049387
ENSMUSG00000032436,ENSMFAG00000031701
ENSMUSG00000016831,ENSMFAG00000044922
ENSMUSG00000016831,ENSMFAG00000002220
ENSMUSG00000044597,ENSMFAG00000032784
ENSMUSG00000020224,ENSMFAG00000002721
ENSMUSG00000025227,ENSMFAG00000041523
ENSMUSG00000041012,ENSMFAG00000031079
ENSMUSG00000034674,ENSMFAG00000000086
ENSMUSG00000079531,ENSMFAG00000060170
ENSMUSG00000079531,ENSMFAG00000053528
ENSMUSG00000050627,ENSMFAG00000032829
ENSMUSG00000056270,ENSMFAG00000012240
ENSMUSG00000107280,ENSMFAG00000048991
ENSMUSG00000107280,ENSMFAG00000049362
ENSMUSG00000107280,ENSMFAG00000055998
ENSMUSG00000107280,ENSMFAG00000062897
ENSMUSG00000107280,ENSMFAG00000057468
ENSMUSG00000107280,ENSMFAG00000053864
ENSMUSG00000107280,ENSMFAG00000052235
ENSMUSG00000107280,ENSMFAG00000047882
ENSMUSG00000022160,ENSMFAG00000043302
ENSMUSG00000106824,ENSMFAG00000048991
ENSMUSG00000106824,ENSMFAG00000049362
ENSMUSG00000106824,ENSMFAG00000055998
ENSMUSG00000106824,ENSMFAG00000062897
ENSMUSG00000106824,ENSMFAG00000057468
ENSMUSG00000106824,ENSMFAG00000053864
ENSMUSG00000106824,ENSMFAG00000052235
ENSMUSG00000106824,ENSMFAG00000047882
ENSMUSG00000047264,ENSMFAG00000048715
ENSMUSG00000027981,ENSMFAG00000002004
ENSMUSG00000027981,ENSMFAG00000050492
ENSMUSG00000004567,ENSMFAG00000001725
ENSMUSG00000031118,ENSMFAG00000057463
ENSMUSG00000028414,ENSMFAG00000035942
ENSMUSG00000070127,ENSMFAG00000011747
ENSMUSG00000025228,ENSMFAG00000041926
ENSMUSG00000055489,ENSMFAG00000001354
ENSMUSG00000022429,ENSMFAG00000045466
ENSMUSG00000073702,ENSMFAG00000034925
ENSMUSG00000035387,ENSMFAG00000052280
ENSMUSG00000121974,ENSMFAG00000031373
ENSMUSG00000016382,ENSMFAG00000031185
ENSMUSG00000040875,ENSMFAG00000046094
ENSMUSG00000025231,ENSMFAG00000038634
ENSMUSG00000020524,ENSMFAG00000043353
ENSMUSG00000049532,ENSMFAG00000002687
ENSMUSG00000093183,ENSMFAG00000022190
ENSMUSG00000020251,ENSMFAG00000045735
ENSMUSG00000004565,ENSMFAG00000001000
ENSMUSG00000004565,ENSMFAG00000053330
ENSMUSG00000022214,ENSMFAG00000015999
ENSMUSG00000022428,ENSMFAG00000041976
ENSMUSG00000060206,ENSMFAG00000037841
ENSMUSG00000051728,ENSMFAG00000027330
ENSMUSG00000116967,ENSMFAG00000063086
ENSMUSG00000040648,ENSMFAG00000031770
ENSMUSG00000018040,ENSMFAG00000058776
ENSMUSG00000032437,ENSMFAG00000041705
ENSMUSG00000041815,ENSMFAG00000044670
ENSMUSG00000040706,ENSMFAG00000055350
ENSMUSG00000052698,ENSMFAG00000003975
ENSMUSG00000025351,ENSMFAG00000045733
ENSMUSG00000040697,ENSMFAG00000036417
ENSMUSG00000029484,ENSMFAG00000003067
ENSMUSG00000030500,ENSMFAG00000040379
ENSMUSG00000018042,ENSMFAG00000031130
ENSMUSG00000020457,ENSMFAG00000038637
ENSMUSG00000028914,ENSMFAG00000044632
ENSMUSG00000025350,ENSMFAG00000002032
ENSMUSG00000027966,ENSMFAG00000002722
ENSMUSG00000092118,ENSMFAG00000055596
ENSMUSG00000090247,ENSMFAG00000057152
ENSMUSG00000025034,ENSMFAG00000046181
ENSMUSG00000032754,ENSMFAG00000037941
ENSMUSG00000031093,ENSMFAG00000000236
ENSMUSG00000053580,ENSMFAG00000032802
ENSMUSG00000025347,ENSMFAG00000041138
ENSMUSG00000025035,ENSMFAG00000057536
ENSMUSG00000056853,ENSMFAG00000056876
ENSMUSG00000025348,ENSMFAG00000022956
ENSMUSG00000058579,ENSMFAG00000043143
ENSMUSG00000058579,ENSMFAG00000034080
ENSMUSG00000058579,ENSMFAG00000014066
ENSMUSG00000030498,ENSMFAG00000039283
ENSMUSG00000020673,ENSMFAG00000060809
ENSMUSG00000020673,ENSMFAG00000040763
ENSMUSG00000025036,ENSMFAG00000045149
ENSMUSG00000040659,ENSMFAG00000044896
ENSMUSG00000040659,ENSMFAG00000058263
ENSMUSG00000047878,ENSMFAG00000030432
ENSMUSG00000051435,ENSMFAG00000030840
ENSMUSG00000054277,ENSMFAG00000043297
ENSMUSG00000020672,ENSMFAG00000002742
ENSMUSG00000047731,ENSMFAG00000042677
ENSMUSG00000026649,ENSMFAG00000000103
ENSMUSG00000074093,ENSMFAG00000058984
ENSMUSG00000064853,ENSMFAG00000015855
ENSMUSG00000024397,ENSMFAG00000038139
ENSMUSG00000022215,ENSMFAG00000035783
ENSMUSG00000016664,ENSMFAG00000041486
ENSMUSG00000022216,ENSMFAG00000043002
ENSMUSG00000053153,ENSMFAG00000036303
ENSMUSG00000027965,ENSMFAG00000032568
ENSMUSG00000003555,ENSMFAG00000002033
ENSMUSG00000078485,ENSMFAG00000039696
ENSMUSG00000034663,ENSMFAG00000044445
ENSMUSG00000043061,ENSMFAG00000060951
ENSMUSG00000063297,ENSMFAG00000042111
ENSMUSG00000022442,ENSMFAG00000031274
ENSMUSG00000024399,ENSMFAG00000001447
ENSMUSG00000019843,ENSMFAG00000000074
ENSMUSG00000062376,ENSMFAG00000044610
ENSMUSG00000034160,ENSMFAG00000001803
ENSMUSG00000044573,ENSMFAG00000030760
ENSMUSG00000044573,ENSMFAG00000026470
ENSMUSG00000077163,ENSMFAG00000005897
ENSMUSG00000003559,ENSMFAG00000039839
ENSMUSG00000024401,ENSMFAG00000040286
ENSMUSG00000058076,ENSMFAG00000042114
ENSMUSG00000050931,ENSMFAG00000041579
ENSMUSG00000055725,ENSMFAG00000000708
ENSMUSG00000024402,ENSMFAG00000031696
ENSMUSG00000027630,ENSMFAG00000007211
ENSMUSG00000042419,ENSMFAG00000038447
ENSMUSG00000045648,ENSMFAG00000004450
ENSMUSG00002076083,ENSMFAG00000037797
ENSMUSG00000050395,ENSMFAG00000000937
ENSMUSG00000024403,ENSMFAG00000032573
ENSMUSG00000024677,ENSMFAG00000051617
ENSMUSG00000024677,ENSMFAG00000001246
ENSMUSG00000016758,ENSMFAG00000041806
ENSMUSG00000020669,ENSMFAG00000037552
ENSMUSG00000026333,ENSMFAG00000033277
ENSMUSG00000043621,ENSMFAG00000038767
ENSMUSG00000032741,ENSMFAG00000035454
ENSMUSG00000019432,ENSMFAG00000034233
ENSMUSG00000028750,ENSMFAG00000045153
ENSMUSG00000048755,ENSMFAG00000034251
ENSMUSG00000022217,ENSMFAG00000042583
ENSMUSG00000041736,ENSMFAG00000033600
ENSMUSG00000024679,ENSMFAG00000051617
ENSMUSG00000024679,ENSMFAG00000001246
ENSMUSG00000079197,ENSMFAG00000039077
ENSMUSG00000028749,ENSMFAG00000047525
ENSMUSG00000016757,ENSMFAG00000041466
ENSMUSG00000003134,ENSMFAG00000004006
ENSMUSG00000024680,ENSMFAG00000003024
ENSMUSG00000041202,ENSMFAG00000055268
ENSMUSG00000030880,ENSMFAG00000035515
ENSMUSG00000041193,ENSMFAG00000033327
ENSMUSG00000055745,ENSMFAG00000029989
ENSMUSG00000010914,ENSMFAG00000042807
ENSMUSG00000075770,ENSMFAG00000021582
ENSMUSG00000065273,ENSMFAG00000028263
ENSMUSG00000050553,ENSMFAG00000013321
ENSMUSG00000049823,ENSMFAG00000010877
ENSMUSG00000029601,ENSMFAG00000001483
ENSMUSG00000050232,ENSMFAG00000031295
ENSMUSG00000020651,ENSMFAG00000041539
ENSMUSG00000045010,ENSMFAG00000000394
ENSMUSG00000045010,ENSMFAG00000031405
ENSMUSG00000045010,ENSMFAG00000044396
ENSMUSG00000024681,ENSMFAG00000039811
ENSMUSG00000013787,ENSMFAG00000032125
ENSMUSG00000046774,ENSMFAG00000000394
ENSMUSG00000046774,ENSMFAG00000031405
ENSMUSG00000046774,ENSMFAG00000044396
ENSMUSG00000029338,ENSMFAG00000045998
ENSMUSG00000078954,ENSMFAG00000031694
ENSMUSG00000045140,ENSMFAG00000036468
ENSMUSG00000087894,ENSMFAG00000023534
ENSMUSG00000087894,ENSMFAG00000030505
ENSMUSG00000087894,ENSMFAG00000013014
ENSMUSG00000087894,ENSMFAG00000054552
ENSMUSG00000118638,ENSMFAG00000000394
ENSMUSG00000118638,ENSMFAG00000031405
ENSMUSG00000118638,ENSMFAG00000044396
ENSMUSG00000090084,ENSMFAG00000032104
ENSMUSG00000028751,ENSMFAG00000063267
ENSMUSG00000041857,ENSMFAG00000060448
ENSMUSG00000020523,ENSMFAG00000043590
ENSMUSG00000010911,ENSMFAG00000031416
ENSMUSG00000047098,ENSMFAG00000002711
ENSMUSG00000041161,ENSMFAG00000049989
ENSMUSG00000017664,ENSMFAG00000042038
ENSMUSG00000036114,ENSMFAG00000014400
ENSMUSG00000036114,ENSMFAG00000029077
ENSMUSG00000020648,ENSMFAG00000035797
ENSMUSG00000037525,ENSMFAG00000038249
ENSMUSG00000028447,ENSMFAG00000003182
ENSMUSG00000023011,ENSMFAG00000043955
ENSMUSG00000024682,ENSMFAG00000039724
ENSMUSG00000026196,ENSMFAG00000032566
ENSMUSG00000029600,ENSMFAG00000043305
ENSMUSG00000035933,ENSMFAG00000041233
ENSMUSG00000024683,ENSMFAG00000002379
ENSMUSG00000076379,ENSMFAG00000009101
ENSMUSG00000041488,ENSMFAG00000033872
ENSMUSG00000065629,ENSMFAG00000021175
ENSMUSG00000031174,ENSMFAG00000024781
ENSMUSG00000003135,ENSMFAG00000044449
ENSMUSG00000035284,ENSMFAG00000001003
ENSMUSG00000019842,ENSMFAG00000002710
ENSMUSG00000044067,ENSMFAG00000017789
ENSMUSG00000029335,ENSMFAG00000062109
ENSMUSG00000078780,ENSMFAG00000040668
ENSMUSG00000078780,ENSMFAG00000041667
ENSMUSG00000078780,ENSMFAG00000042179
ENSMUSG00000036078,ENSMFAG00000044103
ENSMUSG00000047213,ENSMFAG00000043451
ENSMUSG00000029599,ENSMFAG00000043636
ENSMUSG00000002996,ENSMFAG00000030375
ENSMUSG00000056569,ENSMFAG00000001759
ENSMUSG00000002325,ENSMFAG00000001203
ENSMUSG00000020522,ENSMFAG00000002609
ENSMUSG00000096687,ENSMFAG00000041427
ENSMUSG00000019470,ENSMFAG00000029553
ENSMUSG00000003344,ENSMFAG00000003638
ENSMUSG00000020527,ENSMFAG00000033731
ENSMUSG00000023013,ENSMFAG00000042087
ENSMUSG00000044217,ENSMFAG00000032827
ENSMUSG00000068747,ENSMFAG00000043684
ENSMUSG00000043144,ENSMFAG00000003316
ENSMUSG00000020190,ENSMFAG00000037079
ENSMUSG00000050296,ENSMFAG00000041527
ENSMUSG00000023015,ENSMFAG00000022656
ENSMUSG00000087687,ENSMFAG00000039399
ENSMUSG00000002324,ENSMFAG00000044083
ENSMUSG00000094282,ENSMFAG00000032424
ENSMUSG00000004630,ENSMFAG00000039571
ENSMUSG00000029191,ENSMFAG00000041957
ENSMUSG00000046139,ENSMFAG00000040851
ENSMUSG00000030878,ENSMFAG00000036442
ENSMUSG00000020526,ENSMFAG00000001234
ENSMUSG00000003348,ENSMFAG00000003334
ENSMUSG00000027400,ENSMFAG00000059850
ENSMUSG00000002319,ENSMFAG00000000743
ENSMUSG00000055862,ENSMFAG00000044044
ENSMUSG00000024687,ENSMFAG00000043591
ENSMUSG00000025477,ENSMFAG00000003838
ENSMUSG00000037885,ENSMFAG00000017416
ENSMUSG00000020520,ENSMFAG00000035971
ENSMUSG00000004626,ENSMFAG00000044292
ENSMUSG00000027401,ENSMFAG00000001294
ENSMUSG00000067529,ENSMFAG00000063468
ENSMUSG00000026335,ENSMFAG00000033664
ENSMUSG00000067528,ENSMFAG00000065270
ENSMUSG00000032648,ENSMFAG00000039378
ENSMUSG00000017670,ENSMFAG00000042943
ENSMUSG00000020198,ENSMFAG00000033202
ENSMUSG00000020519,ENSMFAG00000059801
ENSMUSG00000037335,ENSMFAG00000000456
ENSMUSG00000002997,ENSMFAG00000041581
ENSMUSG00000078812,ENSMFAG00000038518
ENSMUSG00000068745,ENSMFAG00000056672
ENSMUSG00000032946,ENSMFAG00000019272
ENSMUSG00002075243,ENSMFAG00000052109
ENSMUSG00000032238,ENSMFAG00000043163
ENSMUSG00000068744,ENSMFAG00000030547
ENSMUSG00000067261,ENSMFAG00000052856
ENSMUSG00000073792,ENSMFAG00000041396
ENSMUSG00000088935,ENSMFAG00000054274
ENSMUSG00000041309,ENSMFAG00000045566
ENSMUSG00000019984,ENSMFAG00000008281
ENSMUSG00000026192,ENSMFAG00000044630
ENSMUSG00000032235,ENSMFAG00000036919
ENSMUSG00000030876,ENSMFAG00000035996
ENSMUSG00000007034,ENSMFAG00000041119
ENSMUSG00000066150,ENSMFAG00000041084
ENSMUSG00000013974,ENSMFAG00000035681
ENSMUSG00000066149,ENSMFAG00000007504
ENSMUSG00000040236,ENSMFAG00000004048
ENSMUSG00000005540,ENSMFAG00000046023
ENSMUSG00000066148,ENSMFAG00000039397
ENSMUSG00000035004,ENSMFAG00000000207
ENSMUSG00000005677,ENSMFAG00000044667
ENSMUSG00000032231,ENSMFAG00000030479
ENSMUSG00000007591,ENSMFAG00000035821
ENSMUSG00000020573,ENSMFAG00000033319
ENSMUSG00000028391,ENSMFAG00000038602
ENSMUSG00000022324,ENSMFAG00000042275
ENSMUSG00000049571,ENSMFAG00000055922
ENSMUSG00000049571,ENSMFAG00000054849
ENSMUSG00000007038,ENSMFAG00000046189
ENSMUSG00000033768,ENSMFAG00000037048
ENSMUSG00000068739,ENSMFAG00000049041
ENSMUSG00000068739,ENSMFAG00000043301
ENSMUSG00000059246,ENSMFAG00000013645
ENSMUSG00000067928,ENSMFAG00000042028
ENSMUSG00000011958,ENSMFAG00000033391
ENSMUSG00000026336,ENSMFAG00000039771
ENSMUSG00000069743,ENSMFAG00000042028
ENSMUSG00000002326,ENSMFAG00000030869
ENSMUSG00000078546,ENSMFAG00000042028
ENSMUSG00000029195,ENSMFAG00000003644
ENSMUSG00000020572,ENSMFAG00000028242
ENSMUSG00000089188,ENSMFAG00000021660
ENSMUSG00000054199,ENSMFAG00000050889
ENSMUSG00000054199,ENSMFAG00000035960
ENSMUSG00000054199,ENSMFAG00000044446
ENSMUSG00000045038,ENSMFAG00000003236
ENSMUSG00000029334,ENSMFAG00000037961
ENSMUSG00000028392,ENSMFAG00000002569
ENSMUSG00000007589,ENSMFAG00000032214
ENSMUSG00000005674,ENSMFAG00000013716
ENSMUSG00000022371,ENSMFAG00000043483
ENSMUSG00000033790,ENSMFAG00000031884
ENSMUSG00000020454,ENSMFAG00000037813
ENSMUSG00000038422,ENSMFAG00000028807
ENSMUSG00000028393,ENSMFAG00000039612
ENSMUSG00000068922,ENSMFAG00000031664
ENSMUSG00000033543,ENSMFAG00000034656
ENSMUSG00000031173,ENSMFAG00000040619
ENSMUSG00000024140,ENSMFAG00000004035
ENSMUSG00000022218,ENSMFAG00000030591
ENSMUSG00000029602,ENSMFAG00000016595
ENSMUSG00000057457,ENSMFAG00000045722
ENSMUSG00000094884,ENSMFAG00000008214
ENSMUSG00000094884,ENSMFAG00000025252
ENSMUSG00000019987,ENSMFAG00000045543
ENSMUSG00000020570,ENSMFAG00000042096
ENSMUSG00000032226,ENSMFAG00000038485
ENSMUSG00000039607,ENSMFAG00000033300
ENSMUSG00000029184,ENSMFAG00000009074
ENSMUSG00000036009,ENSMFAG00000036420
ENSMUSG00000059810,ENSMFAG00000046372
ENSMUSG00000016283,ENSMFAG00000046125
ENSMUSG00000068921,ENSMFAG00000031112
ENSMUSG00000029603,ENSMFAG00000003369
ENSMUSG00000035860,ENSMFAG00000063987
ENSMUSG00000090894,ENSMFAG00000064385
ENSMUSG00000040472,ENSMFAG00000004938
ENSMUSG00000095858,ENSMFAG00000008214
ENSMUSG00000095858,ENSMFAG00000025252
ENSMUSG00000019897,ENSMFAG00000034303
ENSMUSG00000071708,ENSMFAG00000039117
ENSMUSG00000095603,ENSMFAG00000008214
ENSMUSG00000095603,ENSMFAG00000025252
ENSMUSG00000002279,ENSMFAG00000031494
ENSMUSG00000047215,ENSMFAG00000003176
ENSMUSG00000061742,ENSMFAG00000001521
ENSMUSG00000046873,ENSMFAG00000042182
ENSMUSG00000034990,ENSMFAG00000034212
ENSMUSG00000019214,ENSMFAG00000033447
ENSMUSG00000031494,ENSMFAG00000046257
ENSMUSG00000046230,ENSMFAG00000001206
ENSMUSG00000050840,ENSMFAG00000034335
ENSMUSG00000042564,ENSMFAG00000000358
ENSMUSG00000029199,ENSMFAG00000040861
ENSMUSG00000040197,ENSMFAG00000046257
ENSMUSG00000047496,ENSMFAG00000033578
ENSMUSG00000056536,ENSMFAG00000043496
ENSMUSG00000031495,ENSMFAG00000046257
ENSMUSG00000013833,ENSMFAG00000002300
ENSMUSG00000029201,ENSMFAG00000038896
ENSMUSG00000020564,ENSMFAG00000033602
ENSMUSG00000022629,ENSMFAG00000017477
ENSMUSG00000022629,ENSMFAG00000057256
ENSMUSG00000046321,ENSMFAG00000000041
ENSMUSG00000058046,ENSMFAG00000032550
ENSMUSG00000041199,ENSMFAG00000003961
ENSMUSG00000052997,ENSMFAG00000036932
ENSMUSG00000002332,ENSMFAG00000034466
ENSMUSG00000018554,ENSMFAG00000039921
ENSMUSG00000089809,ENSMFAG00000045661
ENSMUSG00000019297,ENSMFAG00000043789
ENSMUSG00000017667,ENSMFAG00000037488
ENSMUSG00000019564,ENSMFAG00000045609
ENSMUSG00000033965,ENSMFAG00000034044
ENSMUSG00002075207,ENSMFAG00000013857
ENSMUSG00000018459,ENSMFAG00000037141
ENSMUSG00000028649,ENSMFAG00000036050
ENSMUSG00000022219,ENSMFAG00000032983
ENSMUSG00000031970,ENSMFAG00000038151
ENSMUSG00000020453,ENSMFAG00000040968
ENSMUSG00000045092,ENSMFAG00000020071
ENSMUSG00000063317,ENSMFAG00000036053
ENSMUSG00000033554,ENSMFAG00000003120
ENSMUSG00000026404,ENSMFAG00000035416
ENSMUSG00000022220,ENSMFAG00000040628
ENSMUSG00000020562,ENSMFAG00000039155
ENSMUSG00000031562,ENSMFAG00000034653
ENSMUSG00000020561,ENSMFAG00000045328
ENSMUSG00000002635,ENSMFAG00000041802
ENSMUSG00000041483,ENSMFAG00000001954
ENSMUSG00000002280,ENSMFAG00000041114
ENSMUSG00000039725,ENSMFAG00000042174
ENSMUSG00000092912,ENSMFAG00000051787
ENSMUSG00000092912,ENSMFAG00000036463
ENSMUSG00000092912,ENSMFAG00000035001
ENSMUSG00000027661,ENSMFAG00000034385
ENSMUSG00000013858,ENSMFAG00000038333
ENSMUSG00000026398,ENSMFAG00000036373
ENSMUSG00000000216,ENSMFAG00000037247
ENSMUSG00000017688,ENSMFAG00000033031
ENSMUSG00000017897,ENSMFAG00000039522
ENSMUSG00000018566,ENSMFAG00000030627
ENSMUSG00000043787,ENSMFAG00000030679
ENSMUSG00000043787,ENSMFAG00000056365
ENSMUSG00000044712,ENSMFAG00000000901
ENSMUSG00000052554,ENSMFAG00000064390
ENSMUSG00000059463,ENSMFAG00000039484
ENSMUSG00000059463,ENSMFAG00000065113
ENSMUSG00000030873,ENSMFAG00000037482
ENSMUSG00000046354,ENSMFAG00000001126
ENSMUSG00000046354,ENSMFAG00000065382
ENSMUSG00000079476,ENSMFAG00000054792
ENSMUSG00000079476,ENSMFAG00000051621
ENSMUSG00000079476,ENSMFAG00000034324
ENSMUSG00000034189,ENSMFAG00000041105
ENSMUSG00000027834,ENSMFAG00000032238
ENSMUSG00000037822,ENSMFAG00000045159
ENSMUSG00000031831,ENSMFAG00000039701
ENSMUSG00000088970,ENSMFAG00000052101
ENSMUSG00000026319,ENSMFAG00000044668
ENSMUSG00000056829,ENSMFAG00000017898
ENSMUSG00000018569,ENSMFAG00000041154
ENSMUSG00000034951,ENSMFAG00000033971
ENSMUSG00000031832,ENSMFAG00000003245
ENSMUSG00000004665,ENSMFAG00000026620
ENSMUSG00000053765,ENSMFAG00000015570
ENSMUSG00000084617,ENSMFAG00000047618
ENSMUSG00000084617,ENSMFAG00000009883
ENSMUSG00000027776,ENSMFAG00000032832
ENSMUSG00000071646,ENSMFAG00000041694
ENSMUSG00000022221,ENSMFAG00000034552
ENSMUSG00000001168,ENSMFAG00000015570
ENSMUSG00000034614,ENSMFAG00000036079
ENSMUSG00000034435,ENSMFAG00000050713
ENSMUSG00000068373,ENSMFAG00000037738
ENSMUSG00000021108,ENSMFAG00000030025
ENSMUSG00000066861,ENSMFAG00000015570
ENSMUSG00000024266,ENSMFAG00000044274
ENSMUSG00000036427,ENSMFAG00000044513
ENSMUSG00000036427,ENSMFAG00000036975
ENSMUSG00000046999,ENSMFAG00000063065
ENSMUSG00000028145,ENSMFAG00000032182
ENSMUSG00000023336,ENSMFAG00000059724
ENSMUSG00000029203,ENSMFAG00000030518
ENSMUSG00000019832,ENSMFAG00000052165
ENSMUSG00000071645,ENSMFAG00000000912
ENSMUSG00000060863,ENSMFAG00000001761
ENSMUSG00000023411,ENSMFAG00000000183
ENSMUSG00000071644,ENSMFAG00000007224
ENSMUSG00000018565,ENSMFAG00000038563
ENSMUSG00000020151,ENSMFAG00000032342
ENSMUSG00000028150,ENSMFAG00000000807
ENSMUSG00000034112,ENSMFAG00000041363
ENSMUSG00000066359,ENSMFAG00000001761
ENSMUSG00000027177,ENSMFAG00000045654
ENSMUSG00000000701,ENSMFAG00000001761
ENSMUSG00000068940,ENSMFAG00000001761
ENSMUSG00000079007,ENSMFAG00000001761
ENSMUSG00000041359,ENSMFAG00000054054
ENSMUSG00000052776,ENSMFAG00000015570
ENSMUSG00000034105,ENSMFAG00000040862
ENSMUSG00000071202,ENSMFAG00000039493
ENSMUSG00000032623,ENSMFAG00000015570
ENSMUSG00000024653,ENSMFAG00000043963
ENSMUSG00000031828,ENSMFAG00000045556
ENSMUSG00000024654,ENSMFAG00000036351
ENSMUSG00000057411,ENSMFAG00000042579
ENSMUSG00000018559,ENSMFAG00000002243
ENSMUSG00000029202,ENSMFAG00000043276
ENSMUSG00000094910,ENSMFAG00000061618
ENSMUSG00000031826,ENSMFAG00000003073
ENSMUSG00000044505,ENSMFAG00000029272
ENSMUSG00000041912,ENSMFAG00000041641
ENSMUSG00000075592,ENSMFAG00000042133
ENSMUSG00000021070,ENSMFAG00000025374
ENSMUSG00000025738,ENSMFAG00000003280
ENSMUSG00000096872,ENSMFAG00000002274
ENSMUSG00000018567,ENSMFAG00000003346
ENSMUSG00000018567,ENSMFAG00000042760
ENSMUSG00000034271,ENSMFAG00000033637
ENSMUSG00000040380,ENSMFAG00000055338
ENSMUSG00000024660,ENSMFAG00000031558
ENSMUSG00000047153,ENSMFAG00000001200
ENSMUSG00000030872,ENSMFAG00000032387
ENSMUSG00000025737,ENSMFAG00000031351
ENSMUSG00000032224,ENSMFAG00000044204
ENSMUSG00000039671,ENSMFAG00000033429
ENSMUSG00000018572,ENSMFAG00000032158
ENSMUSG00000034266,ENSMFAG00000031172
ENSMUSG00000022223,ENSMFAG00000035471
ENSMUSG00000025736,ENSMFAG00000042974
ENSMUSG00000119481,ENSMFAG00000004182
ENSMUSG00000032443,ENSMFAG00000043324
ENSMUSG00000034258,ENSMFAG00000039606
ENSMUSG00000032220,ENSMFAG00000032366
ENSMUSG00000026321,ENSMFAG00000035682
ENSMUSG00000009739,ENSMFAG00000044336
ENSMUSG00000021252,ENSMFAG00000000605
ENSMUSG00000088494,ENSMFAG00000038919
ENSMUSG00000088494,ENSMFAG00000005740
ENSMUSG00000029608,ENSMFAG00000042100
ENSMUSG00000028140,ENSMFAG00000000874
ENSMUSG00000020451,ENSMFAG00000042552
ENSMUSG00000051951,ENSMFAG00000039071
ENSMUSG00000031825,ENSMFAG00000012467
ENSMUSG00000028139,ENSMFAG00000042291
ENSMUSG00000039615,ENSMFAG00000031388
ENSMUSG00000025900,ENSMFAG00000038067
ENSMUSG00000022225,ENSMFAG00000002723
ENSMUSG00000028137,ENSMFAG00000040182
ENSMUSG00000030871,ENSMFAG00000045825
ENSMUSG00000025902,ENSMFAG00000056293
ENSMUSG00000032218,ENSMFAG00000042779
ENSMUSG00000025735,ENSMFAG00000032567
ENSMUSG00000066571,ENSMFAG00000045350
ENSMUSG00000020312,ENSMFAG00000046134
ENSMUSG00000038866,ENSMFAG00000033238
ENSMUSG00000039285,ENSMFAG00000032889
ENSMUSG00000024661,ENSMFAG00000039668
ENSMUSG00000024661,ENSMFAG00000043412
ENSMUSG00000024661,ENSMFAG00000048230
ENSMUSG00000024661,ENSMFAG00000007415
ENSMUSG00000045665,ENSMFAG00000045867
ENSMUSG00000043733,ENSMFAG00000039282
ENSMUSG00000043733,ENSMFAG00000046302
ENSMUSG00000058290,ENSMFAG00000031428
ENSMUSG00000037418,ENSMFAG00000033154
ENSMUSG00000019966,ENSMFAG00000054618
ENSMUSG00000031823,ENSMFAG00000042544
ENSMUSG00000025733,ENSMFAG00000045952
ENSMUSG00000024663,ENSMFAG00000045583
ENSMUSG00000040040,ENSMFAG00000042564
ENSMUSG00000031824,ENSMFAG00000024723
ENSMUSG00000027176,ENSMFAG00000029516
ENSMUSG00000030870,ENSMFAG00000044320
ENSMUSG00000044340,ENSMFAG00000010807
ENSMUSG00000030869,ENSMFAG00000014550
ENSMUSG00000030869,ENSMFAG00000038322
ENSMUSG00000036676,ENSMFAG00000046285
ENSMUSG00000006641,ENSMFAG00000031458
ENSMUSG00000057329,ENSMFAG00000056444
ENSMUSG00000039163,ENSMFAG00000035374
ENSMUSG00000039163,ENSMFAG00000012859
ENSMUSG00000021951,ENSMFAG00000042073
ENSMUSG00000001289,ENSMFAG00000003143
ENSMUSG00000027175,ENSMFAG00000036174
ENSMUSG00000033845,ENSMFAG00000000491
ENSMUSG00000032217,ENSMFAG00000031221
ENSMUSG00000027752,ENSMFAG00000027794
ENSMUSG00000066568,ENSMFAG00000006057
ENSMUSG00000024664,ENSMFAG00000040762
ENSMUSG00000021952,ENSMFAG00000030414
ENSMUSG00000073434,ENSMFAG00000038635
ENSMUSG00000074997,ENSMFAG00000039816
ENSMUSG00000059439,ENSMFAG00000041899
ENSMUSG00000027173,ENSMFAG00000030758
ENSMUSG00000001285,ENSMFAG00000031782
ENSMUSG00000074994,ENSMFAG00000042029
ENSMUSG00000009905,ENSMFAG00000042704
ENSMUSG00000019971,ENSMFAG00000038682
ENSMUSG00000042269,ENSMFAG00000040673
ENSMUSG00000009907,ENSMFAG00000042282
ENSMUSG00000024665,ENSMFAG00000042844
ENSMUSG00000031822,ENSMFAG00000041181
ENSMUSG00000036678,ENSMFAG00000039804
ENSMUSG00000036632,ENSMFAG00000019220
ENSMUSG00000027171,ENSMFAG00000001744
ENSMUSG00000059920,ENSMFAG00000045545
ENSMUSG00000047141,ENSMFAG00000041264
ENSMUSG00000045106,ENSMFAG00000043757
ENSMUSG00000060402,ENSMFAG00000031076
ENSMUSG00000065202,ENSMFAG00000006051
ENSMUSG00000065202,ENSMFAG00000006032
ENSMUSG00000054604,ENSMFAG00000052960
ENSMUSG00002076837,ENSMFAG00000056426
ENSMUSG00000064921,ENSMFAG00000005793
ENSMUSG00000064921,ENSMFAG00000005418
ENSMUSG00000064921,ENSMFAG00000048012
ENSMUSG00000064921,ENSMFAG00000008230
ENSMUSG00000038708,ENSMFAG00000043322
ENSMUSG00000010663,ENSMFAG00000037025
ENSMUSG00000036615,ENSMFAG00000043454
ENSMUSG00000021963,ENSMFAG00000004917
ENSMUSG00000056306,ENSMFAG00000040245
ENSMUSG00000067006,ENSMFAG00000045261
ENSMUSG00000044702,ENSMFAG00000003457
ENSMUSG00000055436,ENSMFAG00000043405
ENSMUSG00000022791,ENSMFAG00000046083
ENSMUSG00000029614,ENSMFAG00000030655
ENSMUSG00000029614,ENSMFAG00000002566
ENSMUSG00000029614,ENSMFAG00000007818
ENSMUSG00000029614,ENSMFAG00000041093
ENSMUSG00000029614,ENSMFAG00000062533
ENSMUSG00000021965,ENSMFAG00000034383
ENSMUSG00000059956,ENSMFAG00000045116
ENSMUSG00000021967,ENSMFAG00000062501
ENSMUSG00000024742,ENSMFAG00000009480
ENSMUSG00000021969,ENSMFAG00000042047
ENSMUSG00000027170,ENSMFAG00000040767
ENSMUSG00000013622,ENSMFAG00000021083
ENSMUSG00000036372,ENSMFAG00000035478
ENSMUSG00000032212,ENSMFAG00000033354
ENSMUSG00000060284,ENSMFAG00000048583
ENSMUSG00000048775,ENSMFAG00000049388
ENSMUSG00002075874,ENSMFAG00000049021
ENSMUSG00002075874,ENSMFAG00000036276
ENSMUSG00000001280,ENSMFAG00000045267
ENSMUSG00000036098,ENSMFAG00000039452
ENSMUSG00000044594,ENSMFAG00000043466
ENSMUSG00000044594,ENSMFAG00000044526
ENSMUSG00000023047,ENSMFAG00000040829
ENSMUSG00000031821,ENSMFAG00000002508
ENSMUSG00000046567,ENSMFAG00000032876
ENSMUSG00000039621,ENSMFAG00000000258
ENSMUSG00000058017,ENSMFAG00000043466
ENSMUSG00000058017,ENSMFAG00000044526
ENSMUSG00000025732,ENSMFAG00000037517
ENSMUSG00000000776,ENSMFAG00000029141
ENSMUSG00000026394,ENSMFAG00000038612
ENSMUSG00000089168,ENSMFAG00000005303
ENSMUSG00000031819,ENSMFAG00000034372
ENSMUSG00000025731,ENSMFAG00000031552
ENSMUSG00000003469,ENSMFAG00000044768
ENSMUSG00000039115,ENSMFAG00000040607
ENSMUSG00000056851,ENSMFAG00000044356
ENSMUSG00000056912,ENSMFAG00000039647
ENSMUSG00000022098,ENSMFAG00000040256
ENSMUSG00000063931,ENSMFAG00000034452
ENSMUSG00000031818,ENSMFAG00000034477
ENSMUSG00000025728,ENSMFAG00000034605
ENSMUSG00000022097,ENSMFAG00000003047
ENSMUSG00000056216,ENSMFAG00000054581
ENSMUSG00000041515,ENSMFAG00000031542
ENSMUSG00000035735,ENSMFAG00000065195
ENSMUSG00000063052,ENSMFAG00000028307
ENSMUSG00000033595,ENSMFAG00000031993
ENSMUSG00000030868,ENSMFAG00000064024
ENSMUSG00000042744,ENSMFAG00000002306
ENSMUSG00000042444,ENSMFAG00000033162
ENSMUSG00000020888,ENSMFAG00000040838
ENSMUSG00000033589,ENSMFAG00000036428
ENSMUSG00000030867,ENSMFAG00000046112
ENSMUSG00000091779,ENSMFAG00000001394
ENSMUSG00000022096,ENSMFAG00000040324
ENSMUSG00000097427,ENSMFAG00000001394
ENSMUSG00000097878,ENSMFAG00000001394
ENSMUSG00000097550,ENSMFAG00000001394
ENSMUSG00000094144,ENSMFAG00000001394
ENSMUSG00000030447,ENSMFAG00000038397
ENSMUSG00000095022,ENSMFAG00000001394
ENSMUSG00000073602,ENSMFAG00000043466
ENSMUSG00000073602,ENSMFAG00000044526
ENSMUSG00000021253,ENSMFAG00000024879
ENSMUSG00000090854,ENSMFAG00000001394
ENSMUSG00000042812,ENSMFAG00000039933
ENSMUSG00000027309,ENSMFAG00000037080
ENSMUSG00000054693,ENSMFAG00000003773
ENSMUSG00000091101,ENSMFAG00000001394
ENSMUSG00000028176,ENSMFAG00000031304
ENSMUSG00000112931,ENSMFAG00000001394
ENSMUSG00000112856,ENSMFAG00000001394
ENSMUSG00000096744,ENSMFAG00000001394
ENSMUSG00000031816,ENSMFAG00000044698
ENSMUSG00000095673,ENSMFAG00000001394
ENSMUSG00000096640,ENSMFAG00000001394
ENSMUSG00000007867,ENSMFAG00000033645
ENSMUSG00000074780,ENSMFAG00000050519
ENSMUSG00000020310,ENSMFAG00000035953
ENSMUSG00000073601,ENSMFAG00000043466
ENSMUSG00000073601,ENSMFAG00000044526
ENSMUSG00000090113,ENSMFAG00000050511
ENSMUSG00000025727,ENSMFAG00000042806
ENSMUSG00000032207,ENSMFAG00000034000
ENSMUSG00000062075,ENSMFAG00000044219
ENSMUSG00000026393,ENSMFAG00000042183
ENSMUSG00000042726,ENSMFAG00000001263
ENSMUSG00000020715,ENSMFAG00000040147
ENSMUSG00000045211,ENSMFAG00000001150
ENSMUSG00000022095,ENSMFAG00000041716
ENSMUSG00000032204,ENSMFAG00000039733
ENSMUSG00000026327,ENSMFAG00000043383
ENSMUSG00000021254,ENSMFAG00000039835
ENSMUSG00000022099,ENSMFAG00000036684
ENSMUSG00000015312,ENSMFAG00000042254
ENSMUSG00000079588,ENSMFAG00000036897
ENSMUSG00000065126,ENSMFAG00000023712
ENSMUSG00000080540,ENSMFAG00000053504
ENSMUSG00000080540,ENSMFAG00000007651
ENSMUSG00000034329,ENSMFAG00000044136
ENSMUSG00000013584,ENSMFAG00000037327
ENSMUSG00000088225,ENSMFAG00000004865
ENSMUSG00000051003,ENSMFAG00000052944
ENSMUSG00000003541,ENSMFAG00000035656
ENSMUSG00000033813,ENSMFAG00000041675
ENSMUSG00000044442,ENSMFAG00000032851
ENSMUSG00000059714,ENSMFAG00000002025
ENSMUSG00000046714,ENSMFAG00000063598
ENSMUSG00000047415,ENSMFAG00000004536
ENSMUSG00000031809,ENSMFAG00000044620
ENSMUSG00000042719,ENSMFAG00000039818
ENSMUSG00000018574,ENSMFAG00000040305
ENSMUSG00000032232,ENSMFAG00000036711
ENSMUSG00000052299,ENSMFAG00000043574
ENSMUSG00000037111,ENSMFAG00000002176
ENSMUSG00000052934,ENSMFAG00000060056
ENSMUSG00000021182,ENSMFAG00000063547
ENSMUSG00000021182,ENSMFAG00000051772
ENSMUSG00000021182,ENSMFAG00000046363
ENSMUSG00000004937,ENSMFAG00000034409
ENSMUSG00000067001,ENSMFAG00000035961
ENSMUSG00000041477,ENSMFAG00000028687
ENSMUSG00000026193,ENSMFAG00000032168
ENSMUSG00000064952,ENSMFAG00000061951
ENSMUSG00000042854,ENSMFAG00000042174
ENSMUSG00000074582,ENSMFAG00000001750
ENSMUSG00000041460,ENSMFAG00000008215
ENSMUSG00000065647,ENSMFAG00000009552
ENSMUSG00000025318,ENSMFAG00000042205
ENSMUSG00000041079,ENSMFAG00000034639
ENSMUSG00000025616,ENSMFAG00000044627
ENSMUSG00000040263,ENSMFAG00000000253
ENSMUSG00000004929,ENSMFAG00000036742
ENSMUSG00000022101,ENSMFAG00000032610
ENSMUSG00000040548,ENSMFAG00000033866
ENSMUSG00000035041,ENSMFAG00000040065
ENSMUSG00000005973,ENSMFAG00000029569
ENSMUSG00000013629,ENSMFAG00000036356
ENSMUSG00000042787,ENSMFAG00000040794
ENSMUSG00000057777,ENSMFAG00000015102
ENSMUSG00000040010,ENSMFAG00000041887
ENSMUSG00000036646,ENSMFAG00000042595
ENSMUSG00000028069,ENSMFAG00000030965
ENSMUSG00000022100,ENSMFAG00000030886
ENSMUSG00000001525,ENSMFAG00000044340
ENSMUSG00000035027,ENSMFAG00000039192
ENSMUSG00000041846,ENSMFAG00000037442
ENSMUSG00000018068,ENSMFAG00000017924
ENSMUSG00000025613,ENSMFAG00000035602
ENSMUSG00000025317,ENSMFAG00000054520
ENSMUSG00000061607,ENSMFAG00000034367
ENSMUSG00000025316,ENSMFAG00000037628
ENSMUSG00000032511,ENSMFAG00000041381
ENSMUSG00000026958,ENSMFAG00000042206
ENSMUSG00000059791,ENSMFAG00000061761
ENSMUSG00000034595,ENSMFAG00000002399
ENSMUSG00000028070,ENSMFAG00000043673
ENSMUSG00000028068,ENSMFAG00000035349
ENSMUSG00000027312,ENSMFAG00000036611
ENSMUSG00000024422,ENSMFAG00000003575
ENSMUSG00000034297,ENSMFAG00000013972
ENSMUSG00000055003,ENSMFAG00000045784
ENSMUSG00000092054,ENSMFAG00000004610
ENSMUSG00000004934,ENSMFAG00000046119
ENSMUSG00000030168,ENSMFAG00000035361
ENSMUSG00000079015,ENSMFAG00000042928
ENSMUSG00000072849,ENSMFAG00000042928
ENSMUSG00000020521,ENSMFAG00000045024
ENSMUSG00000063232,ENSMFAG00000045424
ENSMUSG00000025612,ENSMFAG00000041148
ENSMUSG00000020516,ENSMFAG00000043523
ENSMUSG00000034994,ENSMFAG00000040276
ENSMUSG00000034994,ENSMFAG00000040640
ENSMUSG00000052516,ENSMFAG00000000082
ENSMUSG00000001419,ENSMFAG00000030808
ENSMUSG00000058260,ENSMFAG00000039680
ENSMUSG00000030170,ENSMFAG00000033973
ENSMUSG00000050705,ENSMFAG00000000438
ENSMUSG00000041567,ENSMFAG00000061257
ENSMUSG00000032228,ENSMFAG00000031115
ENSMUSG00000030019,ENSMFAG00000003113
ENSMUSG00000078123,ENSMFAG00000036878
ENSMUSG00000030172,ENSMFAG00000032999
ENSMUSG00000041550,ENSMFAG00000038025
ENSMUSG00000062162,ENSMFAG00000036878
ENSMUSG00000041536,ENSMFAG00000045243
ENSMUSG00000064441,ENSMFAG00000018601
ENSMUSG00000002718,ENSMFAG00000034230
ENSMUSG00000066364,ENSMFAG00000045243
ENSMUSG00000030866,ENSMFAG00000038350
ENSMUSG00000119833,ENSMFAG00000056187
ENSMUSG00000066361,ENSMFAG00000045243
ENSMUSG00000078593,ENSMFAG00000036616
ENSMUSG00000028698,ENSMFAG00000033868
ENSMUSG00000093073,ENSMFAG00000021673
ENSMUSG00000066363,ENSMFAG00000045243
ENSMUSG00000037737,ENSMFAG00000039587
ENSMUSG00000037730,ENSMFAG00000034575
ENSMUSG00000020513,ENSMFAG00000045455
ENSMUSG00000030865,ENSMFAG00000045880
ENSMUSG00000022013,ENSMFAG00000011195
ENSMUSG00000041481,ENSMFAG00000045243
ENSMUSG00000004939,ENSMFAG00000033332
ENSMUSG00000030452,ENSMFAG00000000201
ENSMUSG00000022014,ENSMFAG00000040540
ENSMUSG00000028696,ENSMFAG00000043099
ENSMUSG00000034958,ENSMFAG00000002982
ENSMUSG00000026956,ENSMFAG00000031392
ENSMUSG00000049577,ENSMFAG00000036335
ENSMUSG00000079014,ENSMFAG00000045243
ENSMUSG00000034042,ENSMFAG00000038278
ENSMUSG00000029151,ENSMFAG00000000328
ENSMUSG00000027702,ENSMFAG00000002615
ENSMUSG00000034949,ENSMFAG00000031215
ENSMUSG00000045655,ENSMFAG00000045377
ENSMUSG00000017478,ENSMFAG00000002975
ENSMUSG00000047037,ENSMFAG00000048936
ENSMUSG00000027316,ENSMFAG00000040842
ENSMUSG00000027703,ENSMFAG00000033658
ENSMUSG00000052889,ENSMFAG00000031022
ENSMUSG00000023050,ENSMFAG00000043896
ENSMUSG00000018171,ENSMFAG00000032772
ENSMUSG00000004933,ENSMFAG00000030470
ENSMUSG00000074653,ENSMFAG00000003366
ENSMUSG00000051860,ENSMFAG00000044546
ENSMUSG00000003810,ENSMFAG00000032736
ENSMUSG00000065455,ENSMFAG00000007699
ENSMUSG00000072582,ENSMFAG00000036307
ENSMUSG00000062077,ENSMFAG00000002734
ENSMUSG00000026955,ENSMFAG00000063818
ENSMUSG00000090121,ENSMFAG00000035570
ENSMUSG00000027706,ENSMFAG00000017749
ENSMUSG00000047126,ENSMFAG00000040097
ENSMUSG00000024436,ENSMFAG00000003966
ENSMUSG00000027901,ENSMFAG00000036546
ENSMUSG00000021069,ENSMFAG00000006403
ENSMUSG00000038676,ENSMFAG00000050637
ENSMUSG00000107283,ENSMFAG00000003139
ENSMUSG00000015085,ENSMFAG00000043619
ENSMUSG00000066189,ENSMFAG00000038460
ENSMUSG00000030779,ENSMFAG00000038627
ENSMUSG00000021071,ENSMFAG00000032650
ENSMUSG00000023051,ENSMFAG00000013567
ENSMUSG00000039220,ENSMFAG00000035544
ENSMUSG00000039536,ENSMFAG00000040931
ENSMUSG00000032948,ENSMFAG00000002370
ENSMUSG00000048455,ENSMFAG00000027605
ENSMUSG00000045539,ENSMFAG00000057524
ENSMUSG00000050359,ENSMFAG00000027605
ENSMUSG00000030166,ENSMFAG00000000966
ENSMUSG00000046108,ENSMFAG00000036423
ENSMUSG00000006519,ENSMFAG00000048014
ENSMUSG00000032940,ENSMFAG00000039455
ENSMUSG00000042165,ENSMFAG00000042099
ENSMUSG00000027996,ENSMFAG00000038655
ENSMUSG00000040289,ENSMFAG00000039491
ENSMUSG00000006517,ENSMFAG00000000591
ENSMUSG00000020435,ENSMFAG00000044544
ENSMUSG00000093865,ENSMFAG00000033675
ENSMUSG00000052707,ENSMFAG00000003824
ENSMUSG00000028012,ENSMFAG00000006731
ENSMUSG00000038762,ENSMFAG00000001346
ENSMUSG00000023052,ENSMFAG00000007389
ENSMUSG00000032932,ENSMFAG00000045279
ENSMUSG00000006587,ENSMFAG00000063008
ENSMUSG00000021767,ENSMFAG00000032437
ENSMUSG00000099083,ENSMFAG00000002429
ENSMUSG00000014470,ENSMFAG00000039545
ENSMUSG00000106864,ENSMFAG00000038159
ENSMUSG00000067771,ENSMFAG00000060170
ENSMUSG00000067771,ENSMFAG00000053528
ENSMUSG00000071745,ENSMFAG00000060170
ENSMUSG00000071745,ENSMFAG00000053528
ENSMUSG00000034932,ENSMFAG00000003311
ENSMUSG00000004931,ENSMFAG00000044015
ENSMUSG00000028010,ENSMFAG00000024592
ENSMUSG00000022831,ENSMFAG00000039904
ENSMUSG00000045962,ENSMFAG00000038865
ENSMUSG00000028833,ENSMFAG00000038902
ENSMUSG00000077931,ENSMFAG00000011622
ENSMUSG00000038500,ENSMFAG00000045525
ENSMUSG00000058952,ENSMFAG00000032258
ENSMUSG00000020108,ENSMFAG00000033307
ENSMUSG00000047205,ENSMFAG00000053589
ENSMUSG00000020107,ENSMFAG00000034172
ENSMUSG00000047746,ENSMFAG00000043265
ENSMUSG00000048807,ENSMFAG00000060065
ENSMUSG00000018425,ENSMFAG00000041526
ENSMUSG00000034206,ENSMFAG00000001627
ENSMUSG00000024429,ENSMFAG00000001167
ENSMUSG00000030769,ENSMFAG00000044773
ENSMUSG00000028830,ENSMFAG00000003546
ENSMUSG00000015094,ENSMFAG00000003246
ENSMUSG00000044475,ENSMFAG00000042558
ENSMUSG00000006585,ENSMFAG00000030941
ENSMUSG00000027997,ENSMFAG00000034038
ENSMUSG00000058297,ENSMFAG00000038445
ENSMUSG00000053835,ENSMFAG00000046125
ENSMUSG00000027994,ENSMFAG00000031082
ENSMUSG00000067212,ENSMFAG00000046125
ENSMUSG00000006589,ENSMFAG00000003499
ENSMUSG00000054672,ENSMFAG00000060639
ENSMUSG00000018427,ENSMFAG00000058561
ENSMUSG00000001052,ENSMFAG00000038799
ENSMUSG00000015937,ENSMFAG00000003059
ENSMUSG00000020101,ENSMFAG00000031339
ENSMUSG00000061666,ENSMFAG00000036599
ENSMUSG00000015027,ENSMFAG00000041824
ENSMUSG00000065111,ENSMFAG00000014858
ENSMUSG00000056116,ENSMFAG00000046125
ENSMUSG00000036587,ENSMFAG00000031638
ENSMUSG00000116376,ENSMFAG00000061728
ENSMUSG00000055737,ENSMFAG00000034540
ENSMUSG00000020495,ENSMFAG00000024874
ENSMUSG00000063142,ENSMFAG00000035904
ENSMUSG00000017999,ENSMFAG00000045749
ENSMUSG00000020493,ENSMFAG00000000572
ENSMUSG00000002459,ENSMFAG00000031333
ENSMUSG00000015013,ENSMFAG00000030382
ENSMUSG00000022829,ENSMFAG00000002402
ENSMUSG00000069867,ENSMFAG00000002924
ENSMUSG00000021072,ENSMFAG00000042769
ENSMUSG00000057337,ENSMFAG00000063998
ENSMUSG00000020492,ENSMFAG00000040585
ENSMUSG00000019796,ENSMFAG00000058722
ENSMUSG00000034875,ENSMFAG00000042477
ENSMUSG00000020432,ENSMFAG00000046209
ENSMUSG00000030987,ENSMFAG00000033963
ENSMUSG00000006362,ENSMFAG00000003781
ENSMUSG00000119756,ENSMFAG00000062725
ENSMUSG00000027739,ENSMFAG00000003290
ENSMUSG00000015697,ENSMFAG00000042328
ENSMUSG00000019230,ENSMFAG00000037285
ENSMUSG00000024446,ENSMFAG00000055462
ENSMUSG00000040034,ENSMFAG00000043069
ENSMUSG00000040034,ENSMFAG00000008983
ENSMUSG00000045409,ENSMFAG00000046182
ENSMUSG00000089530,ENSMFAG00000060431
ENSMUSG00000038535,ENSMFAG00000036502
ENSMUSG00000026796,ENSMFAG00000003870
ENSMUSG00000019794,ENSMFAG00000044145
ENSMUSG00000108728,ENSMFAG00000060517
ENSMUSG00000022991,ENSMFAG00000003340
ENSMUSG00000030451,ENSMFAG00000063611
ENSMUSG00000030451,ENSMFAG00000041087
ENSMUSG00000030451,ENSMFAG00000050049
ENSMUSG00000015016,ENSMFAG00000044180
ENSMUSG00000039501,ENSMFAG00000040759
ENSMUSG00000022992,ENSMFAG00000039042
ENSMUSG00000023083,ENSMFAG00000046125
ENSMUSG00000042446,ENSMFAG00000032709
ENSMUSG00000079283,ENSMFAG00000058672
ENSMUSG00000024448,ENSMFAG00000046125
ENSMUSG00000040006,ENSMFAG00000060091
ENSMUSG00000026315,ENSMFAG00000033271
ENSMUSG00000031962,ENSMFAG00000024502
ENSMUSG00000020430,ENSMFAG00000044708
ENSMUSG00000000738,ENSMFAG00000001315
ENSMUSG00000060679,ENSMFAG00000039793
ENSMUSG00000015757,ENSMFAG00000032721
ENSMUSG00000027318,ENSMFAG00000043134
ENSMUSG00000026189,ENSMFAG00000003448
ENSMUSG00000059208,ENSMFAG00000037617
ENSMUSG00000018548,ENSMFAG00000038070
ENSMUSG00000019795,ENSMFAG00000040746
ENSMUSG00002076288,ENSMFAG00000009592
ENSMUSG00000065939,ENSMFAG00000009675
ENSMUSG00000011960,ENSMFAG00000042457
ENSMUSG00000033122,ENSMFAG00000033598
ENSMUSG00000041907,ENSMFAG00000016339
ENSMUSG00000026188,ENSMFAG00000055690
ENSMUSG00000033114,ENSMFAG00000000700
ENSMUSG00000026187,ENSMFAG00000039293
ENSMUSG00000022993,ENSMFAG00000041881
ENSMUSG00000049721,ENSMFAG00000030355
ENSMUSG00000028111,ENSMFAG00000000402
ENSMUSG00000022994,ENSMFAG00000039058
ENSMUSG00000038642,ENSMFAG00000035464
ENSMUSG00000039372,ENSMFAG00000045960
ENSMUSG00000046442,ENSMFAG00000034316
ENSMUSG00000033793,ENSMFAG00000032985
ENSMUSG00000064181,ENSMFAG00000032638
ENSMUSG00000088001,ENSMFAG00000047533
ENSMUSG00000019368,ENSMFAG00000036440
ENSMUSG00000028109,ENSMFAG00000000795
ENSMUSG00000000740,ENSMFAG00000027717
ENSMUSG00000020169,ENSMFAG00000041620
ENSMUSG00000034634,ENSMFAG00000049230
ENSMUSG00000034634,ENSMFAG00000052369
ENSMUSG00000064450,ENSMFAG00000005985
ENSMUSG00000034796,ENSMFAG00000038027
ENSMUSG00000034024,ENSMFAG00000035905
ENSMUSG00000044934,ENSMFAG00000056608
ENSMUSG00000044678,ENSMFAG00000061014
ENSMUSG00000088982,ENSMFAG00000004348
ENSMUSG00000007646,ENSMFAG00000002129
ENSMUSG00000042388,ENSMFAG00000038442
ENSMUSG00000068349,ENSMFAG00000055937
ENSMUSG00000068349,ENSMFAG00000001480
ENSMUSG00000068600,ENSMFAG00000055937
ENSMUSG00000068600,ENSMFAG00000001480
ENSMUSG00000021476,ENSMFAG00000034124
ENSMUSG00000000739,ENSMFAG00000045870
ENSMUSG00000070939,ENSMFAG00000000996
ENSMUSG00000038619,ENSMFAG00000001523
ENSMUSG00000041377,ENSMFAG00000007179
ENSMUSG00000038612,ENSMFAG00000042545
ENSMUSG00000054986,ENSMFAG00000043655
ENSMUSG00000019278,ENSMFAG00000031442
ENSMUSG00000033102,ENSMFAG00000041085
ENSMUSG00000033102,ENSMFAG00000001266
ENSMUSG00000020170,ENSMFAG00000035837
ENSMUSG00000041372,ENSMFAG00000001510
ENSMUSG00000015850,ENSMFAG00000002869
ENSMUSG00000032221,ENSMFAG00000027011
ENSMUSG00000022382,ENSMFAG00000043981
ENSMUSG00000079557,ENSMFAG00000064335
ENSMUSG00000037720,ENSMFAG00000043209
ENSMUSG00000004748,ENSMFAG00000033640
ENSMUSG00000000743,ENSMFAG00000038083
ENSMUSG00000062981,ENSMFAG00000032330
ENSMUSG00000065608,ENSMFAG00000012119
ENSMUSG00000065564,ENSMFAG00000005150
ENSMUSG00000022383,ENSMFAG00000031738
ENSMUSG00000010342,ENSMFAG00000032431
ENSMUSG00000028108,ENSMFAG00000040115
ENSMUSG00000051593,ENSMFAG00000051711
ENSMUSG00000006932,ENSMFAG00000034131
ENSMUSG00000010290,ENSMFAG00000003155
ENSMUSG00000051586,ENSMFAG00000039683
ENSMUSG00000074781,ENSMFAG00000030083
ENSMUSG00000074781,ENSMFAG00000030134
ENSMUSG00000025905,ENSMFAG00000041857
ENSMUSG00000015242,ENSMFAG00000033171
ENSMUSG00000033862,ENSMFAG00000039303
ENSMUSG00000020029,ENSMFAG00000059302
ENSMUSG00000064284,ENSMFAG00000030588
ENSMUSG00000008136,ENSMFAG00000038427
ENSMUSG00000036499,ENSMFAG00000000038
ENSMUSG00000015247,ENSMFAG00000033171
ENSMUSG00002076706,ENSMFAG00000037414
ENSMUSG00002076706,ENSMFAG00000014101
ENSMUSG00000029145,ENSMFAG00000044359
ENSMUSG00000044801,ENSMFAG00000030215
ENSMUSG00000044801,ENSMFAG00000049149
ENSMUSG00000056268,ENSMFAG00000040708
ENSMUSG00000111338,ENSMFAG00000030215
ENSMUSG00000111338,ENSMFAG00000049149
ENSMUSG00000119262,ENSMFAG00000015992
ENSMUSG00000119648,ENSMFAG00000015992
ENSMUSG00000020886,ENSMFAG00000032206
ENSMUSG00000052496,ENSMFAG00000033036
ENSMUSG00000071000,ENSMFAG00000030215
ENSMUSG00000071000,ENSMFAG00000049149
ENSMUSG00000028631,ENSMFAG00000034264
ENSMUSG00000033594,ENSMFAG00000041067
ENSMUSG00000096486,ENSMFAG00000004430
ENSMUSG00000096486,ENSMFAG00000027811
ENSMUSG00000096486,ENSMFAG00000003981
ENSMUSG00000094314,ENSMFAG00000001394
ENSMUSG00000005897,ENSMFAG00000035305
ENSMUSG00000001062,ENSMFAG00000032869
ENSMUSG00000057722,ENSMFAG00000001122
ENSMUSG00000002289,ENSMFAG00000003517
ENSMUSG00000028107,ENSMFAG00000030387
ENSMUSG00000077515,ENSMFAG00000018688
ENSMUSG00000077565,ENSMFAG00000018730
ENSMUSG00000077698,ENSMFAG00000018651
ENSMUSG00000050556,ENSMFAG00000003724
ENSMUSG00000047617,ENSMFAG00000029287
ENSMUSG00000030450,ENSMFAG00000030481
ENSMUSG00000022828,ENSMFAG00000002539
ENSMUSG00000022827,ENSMFAG00000031923
ENSMUSG00000021482,ENSMFAG00000053521
ENSMUSG00000065296,ENSMFAG00000014535
ENSMUSG00000020022,ENSMFAG00000037509
ENSMUSG00000090626,ENSMFAG00000037934
ENSMUSG00000027322,ENSMFAG00000041387
ENSMUSG00000066877,ENSMFAG00000038909
ENSMUSG00000022821,ENSMFAG00000041993
ENSMUSG00000067288,ENSMFAG00000042430
ENSMUSG00000055026,ENSMFAG00000046358
ENSMUSG00000026051,ENSMFAG00000036757
ENSMUSG00000019944,ENSMFAG00000041306
ENSMUSG00000029221,ENSMFAG00000003491
ENSMUSG00000035246,ENSMFAG00000002678
ENSMUSG00002076820,ENSMFAG00000024447
ENSMUSG00000039354,ENSMFAG00000034369
ENSMUSG00000001065,ENSMFAG00000037319
ENSMUSG00000073971,ENSMFAG00000057619
ENSMUSG00000022534,ENSMFAG00000041452
ENSMUSG00000055078,ENSMFAG00000000781
ENSMUSG00000002308,ENSMFAG00000013824
ENSMUSG00000121951,ENSMFAG00000023565
ENSMUSG00000121951,ENSMFAG00000031941
ENSMUSG00000121952,ENSMFAG00000023565
ENSMUSG00000121952,ENSMFAG00000031941
ENSMUSG00000073968,ENSMFAG00000037511
ENSMUSG00000025656,ENSMFAG00000001080
ENSMUSG00000026792,ENSMFAG00000027428
ENSMUSG00000022529,ENSMFAG00000031121
ENSMUSG00000073967,ENSMFAG00000036158
ENSMUSG00000067201,ENSMFAG00000046125
ENSMUSG00000070423,ENSMFAG00000060276
ENSMUSG00000033676,ENSMFAG00000033421
ENSMUSG00000037334,ENSMFAG00000046125
ENSMUSG00000054939,ENSMFAG00000025850
ENSMUSG00000028106,ENSMFAG00000002559
ENSMUSG00000067825,ENSMFAG00000000218
ENSMUSG00000039789,ENSMFAG00000052188
ENSMUSG00000021483,ENSMFAG00000043443
ENSMUSG00000005982,ENSMFAG00000038482
ENSMUSG00000019942,ENSMFAG00000039345
ENSMUSG00000037246,ENSMFAG00000046125
ENSMUSG00000037130,ENSMFAG00000046125
ENSMUSG00000045394,ENSMFAG00000003661
ENSMUSG00000063681,ENSMFAG00000037248
ENSMUSG00000030137,ENSMFAG00000001466
ENSMUSG00000035201,ENSMFAG00000037490
ENSMUSG00000035201,ENSMFAG00000037280
ENSMUSG00000035201,ENSMFAG00000003419
ENSMUSG00000035201,ENSMFAG00000039073
ENSMUSG00000035201,ENSMFAG00000031578
ENSMUSG00000035201,ENSMFAG00000064937
ENSMUSG00000035201,ENSMFAG00000042798
ENSMUSG00000035201,ENSMFAG00000032967
ENSMUSG00000035201,ENSMFAG00000051805
ENSMUSG00000030107,ENSMFAG00000002467
ENSMUSG00000046133,ENSMFAG00000037490
ENSMUSG00000046133,ENSMFAG00000037280
ENSMUSG00000046133,ENSMFAG00000003419
ENSMUSG00000046133,ENSMFAG00000039073
ENSMUSG00000046133,ENSMFAG00000031578
ENSMUSG00000046133,ENSMFAG00000064937
ENSMUSG00000046133,ENSMFAG00000042798
ENSMUSG00000046133,ENSMFAG00000032967
ENSMUSG00000046133,ENSMFAG00000051805
ENSMUSG00000015748,ENSMFAG00000039791
ENSMUSG00000024151,ENSMFAG00000001635
ENSMUSG00000042605,ENSMFAG00000000374
ENSMUSG00000038900,ENSMFAG00000055667
ENSMUSG00000038900,ENSMFAG00000029464
ENSMUSG00000038900,ENSMFAG00000000909
ENSMUSG00000038900,ENSMFAG00000058953
ENSMUSG00000038900,ENSMFAG00000051140
ENSMUSG00000038900,ENSMFAG00000049174
ENSMUSG00000038900,ENSMFAG00000033495
ENSMUSG00000037028,ENSMFAG00000037490
ENSMUSG00000037028,ENSMFAG00000037280
ENSMUSG00000037028,ENSMFAG00000003419
ENSMUSG00000037028,ENSMFAG00000039073
ENSMUSG00000037028,ENSMFAG00000031578
ENSMUSG00000037028,ENSMFAG00000064937
ENSMUSG00000037028,ENSMFAG00000042798
ENSMUSG00000037028,ENSMFAG00000032967
ENSMUSG00000037028,ENSMFAG00000051805
ENSMUSG00000070890,ENSMFAG00000037490
ENSMUSG00000070890,ENSMFAG00000037280
ENSMUSG00000070890,ENSMFAG00000003419
ENSMUSG00000070890,ENSMFAG00000039073
ENSMUSG00000070890,ENSMFAG00000031578
ENSMUSG00000070890,ENSMFAG00000064937
ENSMUSG00000070890,ENSMFAG00000042798
ENSMUSG00000070890,ENSMFAG00000032967
ENSMUSG00000070890,ENSMFAG00000051805
ENSMUSG00000096537,ENSMFAG00000060866
ENSMUSG00000078626,ENSMFAG00000037490
ENSMUSG00000078626,ENSMFAG00000037280
ENSMUSG00000078626,ENSMFAG00000003419
ENSMUSG00000078626,ENSMFAG00000039073
ENSMUSG00000078626,ENSMFAG00000031578
ENSMUSG00000078626,ENSMFAG00000064937
ENSMUSG00000078626,ENSMFAG00000042798
ENSMUSG00000078626,ENSMFAG00000032967
ENSMUSG00000078626,ENSMFAG00000051805
ENSMUSG00000078625,ENSMFAG00000037490
ENSMUSG00000078625,ENSMFAG00000037280
ENSMUSG00000078625,ENSMFAG00000003419
ENSMUSG00000078625,ENSMFAG00000039073
ENSMUSG00000078625,ENSMFAG00000031578
ENSMUSG00000078625,ENSMFAG00000064937
ENSMUSG00000078625,ENSMFAG00000042798
ENSMUSG00000078625,ENSMFAG00000032967
ENSMUSG00000078625,ENSMFAG00000051805
ENSMUSG00000034867,ENSMFAG00000030329
ENSMUSG00000034758,ENSMFAG00000003537
ENSMUSG00000030108,ENSMFAG00000038990
ENSMUSG00000065124,ENSMFAG00000015274
ENSMUSG00000015093,ENSMFAG00000063525
ENSMUSG00000028221,ENSMFAG00000044582
ENSMUSG00000021559,ENSMFAG00000037117
ENSMUSG00000025907,ENSMFAG00000001661
ENSMUSG00000005983,ENSMFAG00000042292
ENSMUSG00000056494,ENSMFAG00000032006
ENSMUSG00000030109,ENSMFAG00000044650
ENSMUSG00000040936,ENSMFAG00000029259
ENSMUSG00000026791,ENSMFAG00000000131
ENSMUSG00000050138,ENSMFAG00000060684
ENSMUSG00000014232,ENSMFAG00000037147
ENSMUSG00000046519,ENSMFAG00000042364
ENSMUSG00000005370,ENSMFAG00000041012
ENSMUSG00000028228,ENSMFAG00000031433
ENSMUSG00000001472,ENSMFAG00000041200
ENSMUSG00000084428,ENSMFAG00000058790
ENSMUSG00000074862,ENSMFAG00000045401
ENSMUSG00000054640,ENSMFAG00000038538
ENSMUSG00000034748,ENSMFAG00000001546
ENSMUSG00000028229,ENSMFAG00000044540
ENSMUSG00002076447,ENSMFAG00000037208
ENSMUSG00002076447,ENSMFAG00000016190
ENSMUSG00000091512,ENSMFAG00000051523
ENSMUSG00000027168,ENSMFAG00000019311
ENSMUSG00000073991,ENSMFAG00000031603
ENSMUSG00000028589,ENSMFAG00000041405
ENSMUSG00000023861,ENSMFAG00000003954
ENSMUSG00000054708,ENSMFAG00000038641
ENSMUSG00000022914,ENSMFAG00000039942
ENSMUSG00000028159,ENSMFAG00000003925
ENSMUSG00000078507,ENSMFAG00000038244
ENSMUSG00000078511,ENSMFAG00000037490
ENSMUSG00000078511,ENSMFAG00000037280
ENSMUSG00000078511,ENSMFAG00000003419
ENSMUSG00000078511,ENSMFAG00000039073
ENSMUSG00000078511,ENSMFAG00000031578
ENSMUSG00000078511,ENSMFAG00000064937
ENSMUSG00000078511,ENSMFAG00000042798
ENSMUSG00000078511,ENSMFAG00000032967
ENSMUSG00000078511,ENSMFAG00000051805
ENSMUSG00000078509,ENSMFAG00000037490
ENSMUSG00000078509,ENSMFAG00000037280
ENSMUSG00000078509,ENSMFAG00000003419
ENSMUSG00000078509,ENSMFAG00000039073
ENSMUSG00000078509,ENSMFAG00000031578
ENSMUSG00000078509,ENSMFAG00000064937
ENSMUSG00000078509,ENSMFAG00000042798
ENSMUSG00000078509,ENSMFAG00000032967
ENSMUSG00000078509,ENSMFAG00000051805
ENSMUSG00000028591,ENSMFAG00000037490
ENSMUSG00000028591,ENSMFAG00000037280
ENSMUSG00000028591,ENSMFAG00000003419
ENSMUSG00000028591,ENSMFAG00000039073
ENSMUSG00000028591,ENSMFAG00000031578
ENSMUSG00000028591,ENSMFAG00000064937
ENSMUSG00000028591,ENSMFAG00000042798
ENSMUSG00000028591,ENSMFAG00000032967
ENSMUSG00000028591,ENSMFAG00000051805
ENSMUSG00000040797,ENSMFAG00000030095
ENSMUSG00000046435,ENSMFAG00000037490
ENSMUSG00000046435,ENSMFAG00000037280
ENSMUSG00000046435,ENSMFAG00000003419
ENSMUSG00000046435,ENSMFAG00000039073
ENSMUSG00000046435,ENSMFAG00000031578
ENSMUSG00000046435,ENSMFAG00000064937
ENSMUSG00000046435,ENSMFAG00000042798
ENSMUSG00000046435,ENSMFAG00000032967
ENSMUSG00000046435,ENSMFAG00000051805
ENSMUSG00000041805,ENSMFAG00000037490
ENSMUSG00000041805,ENSMFAG00000037280
ENSMUSG00000041805,ENSMFAG00000003419
ENSMUSG00000041805,ENSMFAG00000039073
ENSMUSG00000041805,ENSMFAG00000031578
ENSMUSG00000041805,ENSMFAG00000064937
ENSMUSG00000041805,ENSMFAG00000042798
ENSMUSG00000041805,ENSMFAG00000032967
ENSMUSG00000041805,ENSMFAG00000051805
ENSMUSG00000046862,ENSMFAG00000037490
ENSMUSG00000046862,ENSMFAG00000037280
ENSMUSG00000046862,ENSMFAG00000003419
ENSMUSG00000046862,ENSMFAG00000039073
ENSMUSG00000046862,ENSMFAG00000031578
ENSMUSG00000046862,ENSMFAG00000064937
ENSMUSG00000046862,ENSMFAG00000042798
ENSMUSG00000046862,ENSMFAG00000032967
ENSMUSG00000046862,ENSMFAG00000051805
ENSMUSG00000023885,ENSMFAG00000038327
ENSMUSG00000090066,ENSMFAG00000025522
ENSMUSG00000033964,ENSMFAG00000042390
ENSMUSG00000028158,ENSMFAG00000003116
ENSMUSG00000029146,ENSMFAG00000040180
ENSMUSG00000047799,ENSMFAG00000037490
ENSMUSG00000047799,ENSMFAG00000037280
ENSMUSG00000047799,ENSMFAG00000003419
ENSMUSG00000047799,ENSMFAG00000039073
ENSMUSG00000047799,ENSMFAG00000031578
ENSMUSG00000047799,ENSMFAG00000064937
ENSMUSG00000047799,ENSMFAG00000042798
ENSMUSG00000047799,ENSMFAG00000032967
ENSMUSG00000047799,ENSMFAG00000051805
ENSMUSG00000095409,ENSMFAG00000037490
ENSMUSG00000095409,ENSMFAG00000037280
ENSMUSG00000095409,ENSMFAG00000003419
ENSMUSG00000095409,ENSMFAG00000039073
ENSMUSG00000095409,ENSMFAG00000031578
ENSMUSG00000095409,ENSMFAG00000064937
ENSMUSG00000095409,ENSMFAG00000042798
ENSMUSG00000095409,ENSMFAG00000032967
ENSMUSG00000095409,ENSMFAG00000051805
ENSMUSG00000070616,ENSMFAG00000037490
ENSMUSG00000070616,ENSMFAG00000037280
ENSMUSG00000070616,ENSMFAG00000003419
ENSMUSG00000070616,ENSMFAG00000039073
ENSMUSG00000070616,ENSMFAG00000031578
ENSMUSG00000070616,ENSMFAG00000064937
ENSMUSG00000070616,ENSMFAG00000042798
ENSMUSG00000070616,ENSMFAG00000032967
ENSMUSG00000070616,ENSMFAG00000051805
ENSMUSG00000096154,ENSMFAG00000037490
ENSMUSG00000096154,ENSMFAG00000037280
ENSMUSG00000096154,ENSMFAG00000003419
ENSMUSG00000096154,ENSMFAG00000039073
ENSMUSG00000096154,ENSMFAG00000031578
ENSMUSG00000096154,ENSMFAG00000064937
ENSMUSG00000096154,ENSMFAG00000042798
ENSMUSG00000096154,ENSMFAG00000032967
ENSMUSG00000096154,ENSMFAG00000051805
ENSMUSG00000046991,ENSMFAG00000031361
ENSMUSG00000070618,ENSMFAG00000037490
ENSMUSG00000070618,ENSMFAG00000037280
ENSMUSG00000070618,ENSMFAG00000003419
ENSMUSG00000070618,ENSMFAG00000039073
ENSMUSG00000070618,ENSMFAG00000031578
ENSMUSG00000070618,ENSMFAG00000064937
ENSMUSG00000070618,ENSMFAG00000042798
ENSMUSG00000070618,ENSMFAG00000032967
ENSMUSG00000070618,ENSMFAG00000051805
ENSMUSG00000039342,ENSMFAG00000000427
ENSMUSG00000094622,ENSMFAG00000017090
ENSMUSG00000066688,ENSMFAG00000037490
ENSMUSG00000066688,ENSMFAG00000037280
ENSMUSG00000066688,ENSMFAG00000003419
ENSMUSG00000066688,ENSMFAG00000039073
ENSMUSG00000066688,ENSMFAG00000031578
ENSMUSG00000066688,ENSMFAG00000064937
ENSMUSG00000066688,ENSMFAG00000042798
ENSMUSG00000066688,ENSMFAG00000032967
ENSMUSG00000066688,ENSMFAG00000051805
ENSMUSG00000078513,ENSMFAG00000037490
ENSMUSG00000078513,ENSMFAG00000037280
ENSMUSG00000078513,ENSMFAG00000003419
ENSMUSG00000078513,ENSMFAG00000039073
ENSMUSG00000078513,ENSMFAG00000031578
ENSMUSG00000078513,ENSMFAG00000064937
ENSMUSG00000078513,ENSMFAG00000042798
ENSMUSG00000078513,ENSMFAG00000032967
ENSMUSG00000078513,ENSMFAG00000051805
ENSMUSG00000096718,ENSMFAG00000017090
ENSMUSG00000070617,ENSMFAG00000037490
ENSMUSG00000070617,ENSMFAG00000037280
ENSMUSG00000070617,ENSMFAG00000003419
ENSMUSG00000070617,ENSMFAG00000039073
ENSMUSG00000070617,ENSMFAG00000031578
ENSMUSG00000070617,ENSMFAG00000064937
ENSMUSG00000070617,ENSMFAG00000042798
ENSMUSG00000070617,ENSMFAG00000032967
ENSMUSG00000070617,ENSMFAG00000051805
ENSMUSG00000032216,ENSMFAG00000035679
ENSMUSG00000019952,ENSMFAG00000043490
ENSMUSG00000066031,ENSMFAG00000037490
ENSMUSG00000066031,ENSMFAG00000037280
ENSMUSG00000066031,ENSMFAG00000003419
ENSMUSG00000066031,ENSMFAG00000039073
ENSMUSG00000066031,ENSMFAG00000031578
ENSMUSG00000066031,ENSMFAG00000064937
ENSMUSG00000066031,ENSMFAG00000042798
ENSMUSG00000066031,ENSMFAG00000032967
ENSMUSG00000066031,ENSMFAG00000051805
ENSMUSG00000108022,ENSMFAG00000039543
ENSMUSG00000108022,ENSMFAG00000036700
ENSMUSG00000059218,ENSMFAG00000037490
ENSMUSG00000059218,ENSMFAG00000037280
ENSMUSG00000059218,ENSMFAG00000003419
ENSMUSG00000059218,ENSMFAG00000039073
ENSMUSG00000059218,ENSMFAG00000031578
ENSMUSG00000059218,ENSMFAG00000064937
ENSMUSG00000059218,ENSMFAG00000042798
ENSMUSG00000059218,ENSMFAG00000032967
ENSMUSG00000059218,ENSMFAG00000051805
ENSMUSG00000029451,ENSMFAG00000037490
ENSMUSG00000029451,ENSMFAG00000037280
ENSMUSG00000029451,ENSMFAG00000003419
ENSMUSG00000029451,ENSMFAG00000039073
ENSMUSG00000029451,ENSMFAG00000031578
ENSMUSG00000029451,ENSMFAG00000064937
ENSMUSG00000029451,ENSMFAG00000042798
ENSMUSG00000029451,ENSMFAG00000032967
ENSMUSG00000029451,ENSMFAG00000051805
ENSMUSG00000059908,ENSMFAG00000039543
ENSMUSG00000059908,ENSMFAG00000036700
ENSMUSG00000078512,ENSMFAG00000037490
ENSMUSG00000078512,ENSMFAG00000037280
ENSMUSG00000078512,ENSMFAG00000003419
ENSMUSG00000078512,ENSMFAG00000039073
ENSMUSG00000078512,ENSMFAG00000031578
ENSMUSG00000078512,ENSMFAG00000064937
ENSMUSG00000078512,ENSMFAG00000042798
ENSMUSG00000078512,ENSMFAG00000032967
ENSMUSG00000078512,ENSMFAG00000051805
ENSMUSG00000004127,ENSMFAG00000006620
ENSMUSG00000050088,ENSMFAG00000052899
ENSMUSG00000078510,ENSMFAG00000037490
ENSMUSG00000078510,ENSMFAG00000037280
ENSMUSG00000078510,ENSMFAG00000003419
ENSMUSG00000078510,ENSMFAG00000039073
ENSMUSG00000078510,ENSMFAG00000031578
ENSMUSG00000078510,ENSMFAG00000064937
ENSMUSG00000078510,ENSMFAG00000042798
ENSMUSG00000078510,ENSMFAG00000032967
ENSMUSG00000078510,ENSMFAG00000051805
ENSMUSG00000073724,ENSMFAG00000037490
ENSMUSG00000073724,ENSMFAG00000037280
ENSMUSG00000073724,ENSMFAG00000003419
ENSMUSG00000073724,ENSMFAG00000039073
ENSMUSG00000073724,ENSMFAG00000031578
ENSMUSG00000073724,ENSMFAG00000064937
ENSMUSG00000073724,ENSMFAG00000042798
ENSMUSG00000073724,ENSMFAG00000032967
ENSMUSG00000073724,ENSMFAG00000051805
ENSMUSG00000025324,ENSMFAG00000041606
ENSMUSG00000023883,ENSMFAG00000044678
ENSMUSG00000087247,ENSMFAG00000044072
ENSMUSG00000073723,ENSMFAG00000037490
ENSMUSG00000073723,ENSMFAG00000037280
ENSMUSG00000073723,ENSMFAG00000003419
ENSMUSG00000073723,ENSMFAG00000039073
ENSMUSG00000073723,ENSMFAG00000031578
ENSMUSG00000073723,ENSMFAG00000064937
ENSMUSG00000073723,ENSMFAG00000042798
ENSMUSG00000073723,ENSMFAG00000032967
ENSMUSG00000073723,ENSMFAG00000051805
ENSMUSG00000050810,ENSMFAG00000037490
ENSMUSG00000050810,ENSMFAG00000037280
ENSMUSG00000050810,ENSMFAG00000003419
ENSMUSG00000050810,ENSMFAG00000039073
ENSMUSG00000050810,ENSMFAG00000031578
ENSMUSG00000050810,ENSMFAG00000064937
ENSMUSG00000050810,ENSMFAG00000042798
ENSMUSG00000050810,ENSMFAG00000032967
ENSMUSG00000050810,ENSMFAG00000051805
ENSMUSG00000066030,ENSMFAG00000037490
ENSMUSG00000066030,ENSMFAG00000037280
ENSMUSG00000066030,ENSMFAG00000003419
ENSMUSG00000066030,ENSMFAG00000039073
ENSMUSG00000066030,ENSMFAG00000031578
ENSMUSG00000066030,ENSMFAG00000064937
ENSMUSG00000066030,ENSMFAG00000042798
ENSMUSG00000066030,ENSMFAG00000032967
ENSMUSG00000066030,ENSMFAG00000051805
ENSMUSG00000092060,ENSMFAG00000031463
ENSMUSG00000039323,ENSMFAG00000040045
ENSMUSG00000046262,ENSMFAG00000037490
ENSMUSG00000046262,ENSMFAG00000037280
ENSMUSG00000046262,ENSMFAG00000003419
ENSMUSG00000046262,ENSMFAG00000039073
ENSMUSG00000046262,ENSMFAG00000031578
ENSMUSG00000046262,ENSMFAG00000064937
ENSMUSG00000046262,ENSMFAG00000042798
ENSMUSG00000046262,ENSMFAG00000032967
ENSMUSG00000046262,ENSMFAG00000051805
ENSMUSG00000060256,ENSMFAG00000000752
ENSMUSG00000058005,ENSMFAG00000000752
ENSMUSG00000019828,ENSMFAG00000039075
ENSMUSG00000043059,ENSMFAG00000040801
ENSMUSG00000116780,ENSMFAG00000000092
ENSMUSG00000026185,ENSMFAG00000040116
ENSMUSG00000094163,ENSMFAG00000000752
ENSMUSG00000036749,ENSMFAG00000037490
ENSMUSG00000036749,ENSMFAG00000037280
ENSMUSG00000036749,ENSMFAG00000003419
ENSMUSG00000036749,ENSMFAG00000039073
ENSMUSG00000036749,ENSMFAG00000031578
ENSMUSG00000036749,ENSMFAG00000064937
ENSMUSG00000036749,ENSMFAG00000042798
ENSMUSG00000036749,ENSMFAG00000032967
ENSMUSG00000036749,ENSMFAG00000051805
ENSMUSG00000094328,ENSMFAG00000000752
ENSMUSG00000078508,ENSMFAG00000037490
ENSMUSG00000078508,ENSMFAG00000037280
ENSMUSG00000078508,ENSMFAG00000003419
ENSMUSG00000078508,ENSMFAG00000039073
ENSMUSG00000078508,ENSMFAG00000031578
ENSMUSG00000078508,ENSMFAG00000064937
ENSMUSG00000078508,ENSMFAG00000042798
ENSMUSG00000078508,ENSMFAG00000032967
ENSMUSG00000078508,ENSMFAG00000051805
ENSMUSG00000116953,ENSMFAG00000040535
ENSMUSG00000030417,ENSMFAG00000044379
ENSMUSG00000095251,ENSMFAG00000000752
ENSMUSG00000070619,ENSMFAG00000037490
ENSMUSG00000070619,ENSMFAG00000037280
ENSMUSG00000070619,ENSMFAG00000003419
ENSMUSG00000070619,ENSMFAG00000039073
ENSMUSG00000070619,ENSMFAG00000031578
ENSMUSG00000070619,ENSMFAG00000064937
ENSMUSG00000070619,ENSMFAG00000042798
ENSMUSG00000070619,ENSMFAG00000032967
ENSMUSG00000070619,ENSMFAG00000051805
ENSMUSG00000032536,ENSMFAG00000033301
ENSMUSG00000073721,ENSMFAG00000037490
ENSMUSG00000073721,ENSMFAG00000037280
ENSMUSG00000073721,ENSMFAG00000003419
ENSMUSG00000073721,ENSMFAG00000039073
ENSMUSG00000073721,ENSMFAG00000031578
ENSMUSG00000073721,ENSMFAG00000064937
ENSMUSG00000073721,ENSMFAG00000042798
ENSMUSG00000073721,ENSMFAG00000032967
ENSMUSG00000073721,ENSMFAG00000051805
ENSMUSG00000074424,ENSMFAG00000000752
ENSMUSG00000000693,ENSMFAG00000039237
ENSMUSG00000029147,ENSMFAG00000035526
ENSMUSG00000033952,ENSMFAG00000044554
ENSMUSG00000027840,ENSMFAG00000002295
ENSMUSG00000078735,ENSMFAG00000044283
ENSMUSG00000079710,ENSMFAG00000000092
ENSMUSG00000116895,ENSMFAG00000040535
ENSMUSG00000062127,ENSMFAG00000054875
ENSMUSG00000068329,ENSMFAG00000035578
ENSMUSG00000079707,ENSMFAG00000000092
ENSMUSG00000042594,ENSMFAG00000052483
ENSMUSG00000071005,ENSMFAG00000041422
ENSMUSG00000043671,ENSMFAG00000043628
ENSMUSG00000036552,ENSMFAG00000040535
ENSMUSG00000000766,ENSMFAG00000002542
ENSMUSG00000094686,ENSMFAG00000000335
ENSMUSG00000074037,ENSMFAG00000037098
ENSMUSG00000047959,ENSMFAG00000007623
ENSMUSG00000040724,ENSMFAG00000000561
ENSMUSG00000062380,ENSMFAG00000033629
ENSMUSG00000046876,ENSMFAG00000032779
ENSMUSG00000042861,ENSMFAG00000016078
ENSMUSG00000078722,ENSMFAG00000043117
ENSMUSG00000078722,ENSMFAG00000020552
ENSMUSG00000078721,ENSMFAG00000043117
ENSMUSG00000078721,ENSMFAG00000020552
ENSMUSG00000050141,ENSMFAG00000035600
ENSMUSG00000001482,ENSMFAG00000031002
ENSMUSG00000070368,ENSMFAG00000029321
ENSMUSG00000036062,ENSMFAG00000032045
ENSMUSG00000050332,ENSMFAG00000042356
ENSMUSG00000087260,ENSMFAG00000042380
ENSMUSG00000026368,ENSMFAG00000038280
ENSMUSG00000009145,ENSMFAG00000001892
ENSMUSG00000002274,ENSMFAG00000030206
ENSMUSG00000027896,ENSMFAG00000041455
ENSMUSG00000046159,ENSMFAG00000034701
ENSMUSG00000030766,ENSMFAG00000039049
ENSMUSG00000068327,ENSMFAG00000062580
ENSMUSG00000025730,ENSMFAG00000038800
ENSMUSG00000069678,ENSMFAG00000003993
ENSMUSG00000119797,ENSMFAG00000065057
ENSMUSG00000119797,ENSMFAG00000050909
ENSMUSG00000119797,ENSMFAG00000051456
ENSMUSG00000119797,ENSMFAG00000062114
ENSMUSG00000048109,ENSMFAG00000029929
ENSMUSG00000027895,ENSMFAG00000002458
ENSMUSG00000065422,ENSMFAG00000005619
ENSMUSG00000065422,ENSMFAG00000047414
ENSMUSG00000065471,ENSMFAG00000051083
ENSMUSG00000065471,ENSMFAG00000010366
ENSMUSG00000021313,ENSMFAG00000039417
ENSMUSG00000029148,ENSMFAG00000031403
ENSMUSG00000003585,ENSMFAG00000034428
ENSMUSG00000027894,ENSMFAG00000044649
ENSMUSG00000031007,ENSMFAG00000038545
ENSMUSG00000036052,ENSMFAG00000032427
ENSMUSG00000037098,ENSMFAG00000034645
ENSMUSG00000107499,ENSMFAG00000002637
ENSMUSG00000040681,ENSMFAG00000031440
ENSMUSG00000040681,ENSMFAG00000002474
ENSMUSG00000040681,ENSMFAG00000023617
ENSMUSG00000119851,ENSMFAG00000015992
ENSMUSG00000119761,ENSMFAG00000015992
ENSMUSG00000003581,ENSMFAG00000036853
ENSMUSG00000030037,ENSMFAG00000055310
ENSMUSG00000032532,ENSMFAG00000002130
ENSMUSG00000030036,ENSMFAG00000042316
ENSMUSG00000030035,ENSMFAG00000015518
ENSMUSG00000119360,ENSMFAG00000065057
ENSMUSG00000119360,ENSMFAG00000050909
ENSMUSG00000119360,ENSMFAG00000051456
ENSMUSG00000119360,ENSMFAG00000062114
ENSMUSG00000032530,ENSMFAG00000041826
ENSMUSG00000028451,ENSMFAG00000044201
ENSMUSG00000064127,ENSMFAG00000000690
ENSMUSG00000028452,ENSMFAG00000029974
ENSMUSG00000045275,ENSMFAG00000008201
ENSMUSG00000015947,ENSMFAG00000001064
ENSMUSG00000087930,ENSMFAG00000027888
ENSMUSG00000030034,ENSMFAG00000036904
ENSMUSG00000032528,ENSMFAG00000044690
ENSMUSG00000034930,ENSMFAG00000045464
ENSMUSG00000051427,ENSMFAG00000002009
ENSMUSG00000040666,ENSMFAG00000031582
ENSMUSG00000061536,ENSMFAG00000033005
ENSMUSG00000015090,ENSMFAG00000003811
ENSMUSG00000028453,ENSMFAG00000042847
ENSMUSG00000038403,ENSMFAG00000045741
ENSMUSG00000042589,ENSMFAG00000045750
ENSMUSG00000074892,ENSMFAG00000000800
ENSMUSG00000038393,ENSMFAG00000046327
ENSMUSG00000032526,ENSMFAG00000047385
ENSMUSG00000024182,ENSMFAG00000002216
ENSMUSG00000020884,ENSMFAG00000035586
ENSMUSG00000032525,ENSMFAG00000000414
ENSMUSG00000028455,ENSMFAG00000039141
ENSMUSG00000040220,ENSMFAG00000029755
ENSMUSG00000030032,ENSMFAG00000045305
ENSMUSG00000027167,ENSMFAG00000001333
ENSMUSG00000055746,ENSMFAG00000057463
ENSMUSG00000079349,ENSMFAG00000057463
ENSMUSG00000096644,ENSMFAG00000057463
ENSMUSG00000057402,ENSMFAG00000049824
ENSMUSG00000031865,ENSMFAG00000037251
ENSMUSG00000029149,ENSMFAG00000001722
ENSMUSG00000118945,ENSMFAG00000050933
ENSMUSG00000118945,ENSMFAG00000053772
ENSMUSG00000049097,ENSMFAG00000050371
ENSMUSG00000118870,ENSMFAG00000063593
ENSMUSG00000049288,ENSMFAG00000031809
ENSMUSG00000119808,ENSMFAG00000058334
ENSMUSG00000021464,ENSMFAG00000031014
ENSMUSG00000039960,ENSMFAG00000061700
ENSMUSG00000063239,ENSMFAG00000043495
ENSMUSG00000052726,ENSMFAG00000030817
ENSMUSG00000038374,ENSMFAG00000045376
ENSMUSG00000036002,ENSMFAG00000043531
ENSMUSG00000019478,ENSMFAG00000038822
ENSMUSG00000002129,ENSMFAG00000031979
ENSMUSG00000021468,ENSMFAG00000029180
ENSMUSG00000062151,ENSMFAG00000003096
ENSMUSG00000027330,ENSMFAG00000001545
ENSMUSG00000028102,ENSMFAG00000052735
ENSMUSG00000031971,ENSMFAG00000033596
ENSMUSG00000034480,ENSMFAG00000044794
ENSMUSG00000038564,ENSMFAG00000041565
ENSMUSG00000031972,ENSMFAG00000002280
ENSMUSG00000039509,ENSMFAG00000044341
ENSMUSG00000022750,ENSMFAG00000000285
ENSMUSG00000020720,ENSMFAG00000032701
ENSMUSG00000027905,ENSMFAG00000031755
ENSMUSG00000033740,ENSMFAG00000000316
ENSMUSG00000046711,ENSMFAG00000059689
ENSMUSG00000044976,ENSMFAG00000046332
ENSMUSG00000048458,ENSMFAG00000038293
ENSMUSG00000012017,ENSMFAG00000045605
ENSMUSG00000068798,ENSMFAG00000034202
ENSMUSG00000094035,ENSMFAG00000043285
ENSMUSG00000031974,ENSMFAG00000002787
ENSMUSG00000084725,ENSMFAG00000061023
ENSMUSG00000043411,ENSMFAG00000039193
ENSMUSG00000043013,ENSMFAG00000005880
ENSMUSG00000037949,ENSMFAG00000042189
ENSMUSG00000038697,ENSMFAG00000037566
ENSMUSG00000059493,ENSMFAG00000033586
ENSMUSG00000074344,ENSMFAG00000002528
ENSMUSG00000031976,ENSMFAG00000039905
ENSMUSG00000040963,ENSMFAG00000051211
ENSMUSG00000119452,ENSMFAG00000063353
ENSMUSG00000057439,ENSMFAG00000030701
ENSMUSG00000057439,ENSMFAG00000052541
ENSMUSG00000057439,ENSMFAG00000037875
ENSMUSG00000057439,ENSMFAG00000030792
ENSMUSG00000057439,ENSMFAG00000047905
ENSMUSG00000057439,ENSMFAG00000049832
ENSMUSG00000057439,ENSMFAG00000042271
ENSMUSG00000044452,ENSMFAG00000031054
ENSMUSG00000074342,ENSMFAG00000034319
ENSMUSG00000089704,ENSMFAG00000043385
ENSMUSG00000038552,ENSMFAG00000000221
ENSMUSG00000000563,ENSMFAG00000062598
ENSMUSG00000031424,ENSMFAG00000030701
ENSMUSG00000031424,ENSMFAG00000052541
ENSMUSG00000031424,ENSMFAG00000037875
ENSMUSG00000031424,ENSMFAG00000030792
ENSMUSG00000031424,ENSMFAG00000047905
ENSMUSG00000031424,ENSMFAG00000049832
ENSMUSG00000031424,ENSMFAG00000042271
ENSMUSG00000034412,ENSMFAG00000036982
ENSMUSG00000064065,ENSMFAG00000045011
ENSMUSG00000059434,ENSMFAG00000000607
ENSMUSG00000038860,ENSMFAG00000002870
ENSMUSG00000021217,ENSMFAG00000033604
ENSMUSG00000031979,ENSMFAG00000036591
ENSMUSG00000030763,ENSMFAG00000041023
ENSMUSG00000000561,ENSMFAG00000030055
ENSMUSG00000044550,ENSMFAG00000028504
ENSMUSG00000044550,ENSMFAG00000056029
ENSMUSG00000021469,ENSMFAG00000056450
ENSMUSG00000040950,ENSMFAG00000043516
ENSMUSG00000004455,ENSMFAG00000050377
ENSMUSG00000030762,ENSMFAG00000038519
ENSMUSG00000049536,ENSMFAG00000027598
ENSMUSG00000031422,ENSMFAG00000044438
ENSMUSG00000031422,ENSMFAG00000043729
ENSMUSG00000031980,ENSMFAG00000008235
ENSMUSG00000032540,ENSMFAG00000038665
ENSMUSG00000031610,ENSMFAG00000038499
ENSMUSG00000031609,ENSMFAG00000037966
ENSMUSG00000058755,ENSMFAG00000044743
ENSMUSG00000074340,ENSMFAG00000034315
ENSMUSG00000030757,ENSMFAG00000037378
ENSMUSG00000054717,ENSMFAG00000031652
ENSMUSG00000054717,ENSMFAG00000002605
ENSMUSG00000041351,ENSMFAG00000001962
ENSMUSG00000054206,ENSMFAG00000063121
ENSMUSG00000021149,ENSMFAG00000046251
ENSMUSG00000034394,ENSMFAG00000004963
ENSMUSG00000068323,ENSMFAG00000044843
ENSMUSG00000031608,ENSMFAG00000041069
ENSMUSG00000025326,ENSMFAG00000037265
ENSMUSG00000119807,ENSMFAG00000048658
ENSMUSG00000020419,ENSMFAG00000041766
ENSMUSG00000032191,ENSMFAG00000040530
ENSMUSG00000058587,ENSMFAG00000045173
ENSMUSG00000003528,ENSMFAG00000035928
ENSMUSG00000010136,ENSMFAG00000038084
ENSMUSG00000062761,ENSMFAG00000032585
ENSMUSG00000005667,ENSMFAG00000044926
ENSMUSG00000043873,ENSMFAG00000003339
ENSMUSG00000020329,ENSMFAG00000031466
ENSMUSG00000059280,ENSMFAG00000002578
ENSMUSG00000003531,ENSMFAG00000042526
ENSMUSG00000003531,ENSMFAG00000053543
ENSMUSG00000043131,ENSMFAG00000064324
ENSMUSG00000027950,ENSMFAG00000048751
ENSMUSG00000031767,ENSMFAG00000000905
ENSMUSG00000042572,ENSMFAG00000064720
ENSMUSG00000045160,ENSMFAG00000031144
ENSMUSG00000064267,ENSMFAG00000035491
ENSMUSG00000018595,ENSMFAG00000045299
ENSMUSG00000024213,ENSMFAG00000042647
ENSMUSG00000033499,ENSMFAG00000001766
ENSMUSG00000003526,ENSMFAG00000036801
ENSMUSG00000003526,ENSMFAG00000064359
ENSMUSG00000057234,ENSMFAG00000043868
ENSMUSG00000004677,ENSMFAG00000046135
ENSMUSG00000031425,ENSMFAG00000036633
ENSMUSG00000000942,ENSMFAG00000038265
ENSMUSG00000038253,ENSMFAG00000061184
ENSMUSG00000027540,ENSMFAG00000033177
ENSMUSG00000043219,ENSMFAG00000030075
ENSMUSG00000038236,ENSMFAG00000058004
ENSMUSG00000038227,ENSMFAG00000041407
ENSMUSG00000046280,ENSMFAG00000032320
ENSMUSG00000052146,ENSMFAG00000008386
ENSMUSG00000032184,ENSMFAG00000001285
ENSMUSG00000064037,ENSMFAG00000035863
ENSMUSG00000065266,ENSMFAG00000021796
ENSMUSG00000027947,ENSMFAG00000038621
ENSMUSG00000065443,ENSMFAG00000013812
ENSMUSG00000000938,ENSMFAG00000000953
ENSMUSG00000032181,ENSMFAG00000031824
ENSMUSG00000057530,ENSMFAG00000043294
ENSMUSG00000084484,ENSMFAG00000051996
ENSMUSG00000038210,ENSMFAG00000044467
ENSMUSG00000060671,ENSMFAG00000025147
ENSMUSG00002075391,ENSMFAG00000016775
ENSMUSG00000027115,ENSMFAG00000002311
ENSMUSG00000007107,ENSMFAG00000031296
ENSMUSG00000056370,ENSMFAG00000040839
ENSMUSG00000043456,ENSMFAG00000042864
ENSMUSG00000040276,ENSMFAG00000036381
ENSMUSG00000056305,ENSMFAG00000041090
ENSMUSG00000038593,ENSMFAG00000046273
ENSMUSG00000035890,ENSMFAG00000001372
ENSMUSG00000026361,ENSMFAG00000042168
ENSMUSG00000064061,ENSMFAG00000046238
ENSMUSG00000020325,ENSMFAG00000039093
ENSMUSG00000058706,ENSMFAG00000063159
ENSMUSG00000074577,ENSMFAG00000034413
ENSMUSG00000028766,ENSMFAG00000039118
ENSMUSG00000055912,ENSMFAG00000003805
ENSMUSG00000020323,ENSMFAG00000031218
ENSMUSG00000064591,ENSMFAG00000017649
ENSMUSG00000035202,ENSMFAG00000003225
ENSMUSG00000077681,ENSMFAG00000061027
ENSMUSG00000035863,ENSMFAG00000033092
ENSMUSG00000048482,ENSMFAG00000003789
ENSMUSG00000033849,ENSMFAG00000030327
ENSMUSG00000058662,ENSMFAG00000030182
ENSMUSG00000061626,ENSMFAG00000030182
ENSMUSG00000038034,ENSMFAG00000036621
ENSMUSG00000030421,ENSMFAG00000044813
ENSMUSG00000032727,ENSMFAG00000042794
ENSMUSG00000053134,ENSMFAG00000043271
ENSMUSG00000041058,ENSMFAG00000045719
ENSMUSG00000027162,ENSMFAG00000065010
ENSMUSG00000029141,ENSMFAG00000034281
ENSMUSG00000000318,ENSMFAG00000043516
ENSMUSG00000073002,ENSMFAG00000009769
ENSMUSG00000038831,ENSMFAG00000035476
ENSMUSG00000050732,ENSMFAG00000034493
ENSMUSG00000053460,ENSMFAG00000045991
ENSMUSG00000024215,ENSMFAG00000031435
ENSMUSG00000035852,ENSMFAG00000020327
ENSMUSG00000025241,ENSMFAG00000036598
ENSMUSG00000027944,ENSMFAG00000036731
ENSMUSG00000038677,ENSMFAG00000035997
ENSMUSG00000060565,ENSMFAG00000033227
ENSMUSG00000035722,ENSMFAG00000003292
ENSMUSG00000053907,ENSMFAG00000002027
ENSMUSG00000062814,ENSMFAG00000061797
ENSMUSG00000062814,ENSMFAG00000000046
ENSMUSG00000062814,ENSMFAG00000044497
ENSMUSG00000062814,ENSMFAG00000035694
ENSMUSG00000062814,ENSMFAG00000045384
ENSMUSG00000062814,ENSMFAG00000033029
ENSMUSG00000062814,ENSMFAG00000055371
ENSMUSG00000018199,ENSMFAG00000016020
ENSMUSG00000053742,ENSMFAG00000033227
ENSMUSG00000021754,ENSMFAG00000014401
ENSMUSG00000068959,ENSMFAG00000037940
ENSMUSG00000068959,ENSMFAG00000034226
ENSMUSG00000031010,ENSMFAG00000025475
ENSMUSG00000065667,ENSMFAG00000004415
ENSMUSG00000025495,ENSMFAG00000000791
ENSMUSG00000028550,ENSMFAG00000038279
ENSMUSG00000033031,ENSMFAG00000039772
ENSMUSG00000029844,ENSMFAG00000034381
ENSMUSG00000020721,ENSMFAG00000045166
ENSMUSG00000060509,ENSMFAG00000006941
ENSMUSG00000031529,ENSMFAG00000029976
ENSMUSG00000042520,ENSMFAG00000033622
ENSMUSG00000106918,ENSMFAG00000002856
ENSMUSG00000025804,ENSMFAG00000051272
ENSMUSG00000014704,ENSMFAG00000040635
ENSMUSG00000064039,ENSMFAG00000051272
ENSMUSG00000079560,ENSMFAG00000053957
ENSMUSG00000035448,ENSMFAG00000037157
ENSMUSG00000049103,ENSMFAG00000033884
ENSMUSG00000028719,ENSMFAG00000035854
ENSMUSG00000079227,ENSMFAG00000002809
ENSMUSG00000005503,ENSMFAG00000056940
ENSMUSG00000047735,ENSMFAG00000002155
ENSMUSG00000029136,ENSMFAG00000042165
ENSMUSG00000044156,ENSMFAG00000002249
ENSMUSG00000046603,ENSMFAG00000034051
ENSMUSG00000076758,ENSMFAG00000026947
ENSMUSG00000076759,ENSMFAG00000057951
ENSMUSG00000076764,ENSMFAG00000048728
ENSMUSG00000095387,ENSMFAG00000048728
ENSMUSG00000065047,ENSMFAG00000051253
ENSMUSG00000065047,ENSMFAG00000064149
ENSMUSG00000028718,ENSMFAG00000024408
ENSMUSG00000096653,ENSMFAG00000051029
ENSMUSG00000096653,ENSMFAG00000057465
ENSMUSG00000076795,ENSMFAG00000005530
ENSMUSG00000092009,ENSMFAG00000040806
ENSMUSG00000063146,ENSMFAG00000030296
ENSMUSG00000094413,ENSMFAG00000051029
ENSMUSG00000094413,ENSMFAG00000057465
ENSMUSG00000050199,ENSMFAG00000034294
ENSMUSG00000094468,ENSMFAG00000048728
ENSMUSG00000094016,ENSMFAG00000051029
ENSMUSG00000094016,ENSMFAG00000057465
ENSMUSG00000001376,ENSMFAG00000044129
ENSMUSG00000076864,ENSMFAG00000018603
ENSMUSG00000022021,ENSMFAG00000045809
ENSMUSG00000047036,ENSMFAG00000043177
ENSMUSG00000121742,ENSMFAG00000064193
ENSMUSG00000040586,ENSMFAG00000042608
ENSMUSG00000040586,ENSMFAG00000061363
ENSMUSG00000031862,ENSMFAG00000045331
ENSMUSG00000032743,ENSMFAG00000040082
ENSMUSG00000063488,ENSMFAG00000042274
ENSMUSG00000038026,ENSMFAG00000030757
ENSMUSG00000057895,ENSMFAG00000041661
ENSMUSG00000044708,ENSMFAG00000052965
ENSMUSG00000050229,ENSMFAG00000055275
ENSMUSG00000026548,ENSMFAG00000044181
ENSMUSG00000079317,ENSMFAG00000031757
ENSMUSG00000025239,ENSMFAG00000030180
ENSMUSG00000064961,ENSMFAG00000009675
ENSMUSG00000004105,ENSMFAG00000038065
ENSMUSG00000018189,ENSMFAG00000038349
ENSMUSG00000032965,ENSMFAG00000034173
ENSMUSG00000035697,ENSMFAG00000037188
ENSMUSG00000063821,ENSMFAG00000040257
ENSMUSG00000068966,ENSMFAG00000014178
ENSMUSG00000021609,ENSMFAG00000003977
ENSMUSG00000027160,ENSMFAG00000031912
ENSMUSG00000021768,ENSMFAG00000029353
ENSMUSG00000079316,ENSMFAG00000023380
ENSMUSG00000025240,ENSMFAG00000033911
ENSMUSG00000085957,ENSMFAG00000059971
ENSMUSG00000085957,ENSMFAG00000024472
ENSMUSG00000023104,ENSMFAG00000038578
ENSMUSG00000024220,ENSMFAG00000036518
ENSMUSG00000085880,ENSMFAG00000000158
ENSMUSG00000051224,ENSMFAG00000046343
ENSMUSG00000000402,ENSMFAG00000041779
ENSMUSG00000020722,ENSMFAG00000040283
ENSMUSG00000026788,ENSMFAG00000030607
ENSMUSG00000040938,ENSMFAG00000045121
ENSMUSG00000094443,ENSMFAG00000041855
ENSMUSG00000118908,ENSMFAG00000008557
ENSMUSG00000041660,ENSMFAG00000044005
ENSMUSG00000021610,ENSMFAG00000039815
ENSMUSG00000031530,ENSMFAG00000003869
ENSMUSG00000028717,ENSMFAG00000047639
ENSMUSG00000031138,ENSMFAG00000045107
ENSMUSG00000074971,ENSMFAG00000056675
ENSMUSG00000052139,ENSMFAG00000042120
ENSMUSG00000021770,ENSMFAG00000033013
ENSMUSG00000038765,ENSMFAG00000045773
ENSMUSG00000084610,ENSMFAG00000020993
ENSMUSG00000142832,ENSMFAG00000046299
ENSMUSG00000028967,ENSMFAG00000044602
ENSMUSG00000020723,ENSMFAG00000043089
ENSMUSG00000119085,ENSMFAG00000035093
ENSMUSG00002075969,ENSMFAG00000048459
ENSMUSG00000022657,ENSMFAG00000001986
ENSMUSG00000035232,ENSMFAG00000043413
ENSMUSG00000031799,ENSMFAG00000001012
ENSMUSG00000031799,ENSMFAG00000059252
ENSMUSG00000044367,ENSMFAG00000009701
ENSMUSG00000021611,ENSMFAG00000033142
ENSMUSG00000028964,ENSMFAG00000042042
ENSMUSG00000021771,ENSMFAG00000038869
ENSMUSG00000025243,ENSMFAG00000001640
ENSMUSG00000040373,ENSMFAG00000002102
ENSMUSG00000003037,ENSMFAG00000035674
ENSMUSG00000038740,ENSMFAG00000034269
ENSMUSG00000088323,ENSMFAG00000005319
ENSMUSG00000026360,ENSMFAG00000033433
ENSMUSG00000081044,ENSMFAG00000065147
ENSMUSG00000081044,ENSMFAG00000044351
ENSMUSG00000048087,ENSMFAG00000031669
ENSMUSG00000048087,ENSMFAG00000030000
ENSMUSG00000025139,ENSMFAG00000031200
ENSMUSG00000084842,ENSMFAG00000062898
ENSMUSG00000084842,ENSMFAG00000062023
ENSMUSG00000086524,ENSMFAG00000062898
ENSMUSG00000086524,ENSMFAG00000062023
ENSMUSG00000062007,ENSMFAG00000039402
ENSMUSG00000022656,ENSMFAG00000001084
ENSMUSG00000000317,ENSMFAG00000042774
ENSMUSG00000036814,ENSMFAG00000001640
ENSMUSG00000051079,ENSMFAG00000033037
ENSMUSG00000074240,ENSMFAG00000034250
ENSMUSG00000021612,ENSMFAG00000029794
ENSMUSG00000082229,ENSMFAG00000003271
ENSMUSG00000041644,ENSMFAG00000037034
ENSMUSG00000003039,ENSMFAG00000002882
ENSMUSG00000031326,ENSMFAG00000053268
ENSMUSG00000105220,ENSMFAG00000006193
ENSMUSG00000065411,ENSMFAG00000033811
ENSMUSG00000003033,ENSMFAG00000035693
ENSMUSG00000031327,ENSMFAG00000011399
ENSMUSG00000053046,ENSMFAG00000045568
ENSMUSG00000037995,ENSMFAG00000000704
ENSMUSG00000050965,ENSMFAG00000027291
ENSMUSG00000029530,ENSMFAG00000053344
ENSMUSG00000028965,ENSMFAG00000036504
ENSMUSG00000025245,ENSMFAG00000003826
ENSMUSG00000055148,ENSMFAG00000053753
ENSMUSG00000019732,ENSMFAG00000049437
ENSMUSG00000023964,ENSMFAG00000002796
ENSMUSG00000047222,ENSMFAG00000050506
ENSMUSG00000047222,ENSMFAG00000055348
ENSMUSG00000047222,ENSMFAG00000059196
ENSMUSG00000000049,ENSMFAG00000032782
ENSMUSG00000000049,ENSMFAG00000044321
ENSMUSG00000027544,ENSMFAG00000044962
ENSMUSG00000022652,ENSMFAG00000003460
ENSMUSG00000052794,ENSMFAG00000035820
ENSMUSG00000004667,ENSMFAG00000002884
ENSMUSG00000060615,ENSMFAG00000047441
ENSMUSG00000060615,ENSMFAG00000062278
ENSMUSG00000018401,ENSMFAG00000036523
ENSMUSG00000052488,ENSMFAG00000033267
ENSMUSG00000053253,ENSMFAG00000003559
ENSMUSG00000030775,ENSMFAG00000002057
ENSMUSG00000070107,ENSMFAG00000010802
ENSMUSG00000029664,ENSMFAG00000035861
ENSMUSG00000075706,ENSMFAG00000036778
ENSMUSG00000022515,ENSMFAG00000033670
ENSMUSG00000029663,ENSMFAG00000052651
ENSMUSG00000002250,ENSMFAG00000036921
ENSMUSG00000026358,ENSMFAG00000036716
ENSMUSG00000075486,ENSMFAG00000045742
ENSMUSG00000048521,ENSMFAG00000000349
ENSMUSG00000022111,ENSMFAG00000002583
ENSMUSG00000064476,ENSMFAG00000014392
ENSMUSG00000028963,ENSMFAG00000046025
ENSMUSG00000028957,ENSMFAG00000034511
ENSMUSG00000029135,ENSMFAG00000043522
ENSMUSG00000015189,ENSMFAG00000002018
ENSMUSG00000005800,ENSMFAG00000032735
ENSMUSG00000033060,ENSMFAG00000008703
ENSMUSG00000040751,ENSMFAG00000028880
ENSMUSG00000019731,ENSMFAG00000034490
ENSMUSG00000098509,ENSMFAG00000060899
ENSMUSG00000077569,ENSMFAG00000007881
ENSMUSG00000027942,ENSMFAG00000033673
ENSMUSG00000026547,ENSMFAG00000040025
ENSMUSG00000070323,ENSMFAG00000043441
ENSMUSG00000007570,ENSMFAG00000029851
ENSMUSG00000074968,ENSMFAG00000032443
ENSMUSG00000045248,ENSMFAG00000047757
ENSMUSG00000022543,ENSMFAG00000000387
ENSMUSG00000044600,ENSMFAG00000045938
ENSMUSG00000043089,ENSMFAG00000035922
ENSMUSG00000026357,ENSMFAG00000059808
ENSMUSG00000079083,ENSMFAG00000030353
ENSMUSG00000022542,ENSMFAG00000043961
ENSMUSG00000119149,ENSMFAG00000063861
ENSMUSG00000028955,ENSMFAG00000048362
ENSMUSG00000079084,ENSMFAG00000036325
ENSMUSG00000031791,ENSMFAG00000035712
ENSMUSG00000039740,ENSMFAG00000002997
ENSMUSG00000035131,ENSMFAG00000045708
ENSMUSG00000053317,ENSMFAG00000002167
ENSMUSG00000061410,ENSMFAG00000044504
ENSMUSG00000004631,ENSMFAG00000000448
ENSMUSG00000032599,ENSMFAG00000031559
ENSMUSG00000096215,ENSMFAG00000036739
ENSMUSG00000121585,ENSMFAG00000055801
ENSMUSG00000094116,ENSMFAG00000055801
ENSMUSG00000096700,ENSMFAG00000055801
ENSMUSG00000095935,ENSMFAG00000055801
ENSMUSG00000095048,ENSMFAG00000055801
ENSMUSG00000095341,ENSMFAG00000055801
ENSMUSG00000043003,ENSMFAG00000046414
ENSMUSG00000050808,ENSMFAG00000037974
ENSMUSG00000022540,ENSMFAG00000003647
ENSMUSG00000032598,ENSMFAG00000031042
ENSMUSG00000038718,ENSMFAG00000027078
ENSMUSG00000026546,ENSMFAG00000041889
ENSMUSG00000023473,ENSMFAG00000045461
ENSMUSG00000020831,ENSMFAG00000031742
ENSMUSG00000037805,ENSMFAG00000040600
ENSMUSG00000027939,ENSMFAG00000036694
ENSMUSG00000037234,ENSMFAG00000035527
ENSMUSG00000022536,ENSMFAG00000032460
ENSMUSG00000021565,ENSMFAG00000031540
ENSMUSG00000049598,ENSMFAG00000003273
ENSMUSG00000066137,ENSMFAG00000055801
ENSMUSG00000003068,ENSMFAG00000043693
ENSMUSG00000079037,ENSMFAG00000033814
ENSMUSG00000038630,ENSMFAG00000031397
ENSMUSG00000053318,ENSMFAG00000044324
ENSMUSG00000028378,ENSMFAG00000036279
ENSMUSG00000064930,ENSMFAG00000013481
ENSMUSG00000090733,ENSMFAG00000013529
ENSMUSG00000027338,ENSMFAG00000053267
ENSMUSG00000039473,ENSMFAG00000036657
ENSMUSG00000027935,ENSMFAG00000041018
ENSMUSG00000026544,ENSMFAG00000043752
ENSMUSG00000040731,ENSMFAG00000031975
ENSMUSG00000040731,ENSMFAG00000034503
ENSMUSG00000038696,ENSMFAG00000032616
ENSMUSG00000037942,ENSMFAG00000041764
ENSMUSG00000002249,ENSMFAG00000032267
ENSMUSG00000025652,ENSMFAG00000041206
ENSMUSG00000013878,ENSMFAG00000050861
ENSMUSG00000026542,ENSMFAG00000057662
ENSMUSG00000070972,ENSMFAG00000037632
ENSMUSG00000025651,ENSMFAG00000041533
ENSMUSG00000017756,ENSMFAG00000027549
ENSMUSG00000027937,ENSMFAG00000042455
ENSMUSG00000022048,ENSMFAG00000005287
ENSMUSG00000038607,ENSMFAG00000002672
ENSMUSG00000038607,ENSMFAG00000039837
ENSMUSG00000027938,ENSMFAG00000030893
ENSMUSG00000032827,ENSMFAG00000034343
ENSMUSG00000005339,ENSMFAG00000059830
ENSMUSG00000045699,ENSMFAG00000042028
ENSMUSG00000086147,ENSMFAG00000042028
ENSMUSG00000067919,ENSMFAG00000042028
ENSMUSG00000046204,ENSMFAG00000000029
ENSMUSG00000037872,ENSMFAG00000050751
ENSMUSG00000093989,ENSMFAG00000057972
ENSMUSG00000025899,ENSMFAG00000003178
ENSMUSG00000005338,ENSMFAG00000024756
ENSMUSG00000067916,ENSMFAG00000042028
ENSMUSG00000022051,ENSMFAG00000003324
ENSMUSG00000029674,ENSMFAG00000042014
ENSMUSG00000000320,ENSMFAG00000039492
ENSMUSG00000029063,ENSMFAG00000001320
ENSMUSG00000052310,ENSMFAG00000056067
ENSMUSG00000052310,ENSMFAG00000036171
ENSMUSG00000037446,ENSMFAG00000002441
ENSMUSG00000076269,ENSMFAG00000011421
ENSMUSG00000106465,ENSMFAG00000006079
ENSMUSG00000022052,ENSMFAG00000045160
ENSMUSG00000003072,ENSMFAG00000039140
ENSMUSG00000027936,ENSMFAG00000046150
ENSMUSG00000031330,ENSMFAG00000039978
ENSMUSG00000071723,ENSMFAG00000036045
ENSMUSG00000027339,ENSMFAG00000042354
ENSMUSG00000091712,ENSMFAG00000002127
ENSMUSG00000035621,ENSMFAG00000043242
ENSMUSG00000037860,ENSMFAG00000031835
ENSMUSG00000071722,ENSMFAG00000017980
ENSMUSG00000018907,ENSMFAG00000003030
ENSMUSG00000079509,ENSMFAG00000031301
ENSMUSG00000033004,ENSMFAG00000031053
ENSMUSG00000023143,ENSMFAG00000021013
ENSMUSG00000002588,ENSMFAG00000035691
ENSMUSG00000034177,ENSMFAG00000044879
ENSMUSG00000042202,ENSMFAG00000038259
ENSMUSG00000037214,ENSMFAG00000031016
ENSMUSG00000029759,ENSMFAG00000038783
ENSMUSG00000025898,ENSMFAG00000038804
ENSMUSG00000042404,ENSMFAG00000037492
ENSMUSG00000035150,ENSMFAG00000031284
ENSMUSG00000035150,ENSMFAG00000037821
ENSMUSG00000051669,ENSMFAG00000032488
ENSMUSG00000045193,ENSMFAG00000034048
ENSMUSG00000029134,ENSMFAG00000036595
ENSMUSG00000093804,ENSMFAG00000060991
ENSMUSG00000024222,ENSMFAG00000030158
ENSMUSG00000039427,ENSMFAG00000032954
ENSMUSG00000027340,ENSMFAG00000002700
ENSMUSG00000032667,ENSMFAG00000001162
ENSMUSG00000029062,ENSMFAG00000044220
ENSMUSG00000021567,ENSMFAG00000046329
ENSMUSG00000042607,ENSMFAG00000041748
ENSMUSG00000043929,ENSMFAG00000063807
ENSMUSG00000019577,ENSMFAG00000035180
ENSMUSG00000041624,ENSMFAG00000034683
ENSMUSG00000020485,ENSMFAG00000003856
ENSMUSG00000035595,ENSMFAG00000043438
ENSMUSG00000025887,ENSMFAG00000019805
ENSMUSG00000003070,ENSMFAG00000036658
ENSMUSG00000022544,ENSMFAG00000044561
ENSMUSG00000029757,ENSMFAG00000000094
ENSMUSG00000052557,ENSMFAG00000033724
ENSMUSG00000019891,ENSMFAG00000033065
ENSMUSG00000105196,ENSMFAG00000015527
ENSMUSG00000109528,ENSMFAG00000050806
ENSMUSG00000020728,ENSMFAG00000038512
ENSMUSG00000108827,ENSMFAG00000056063
ENSMUSG00000021569,ENSMFAG00000003891
ENSMUSG00000027341,ENSMFAG00000058913
ENSMUSG00000025271,ENSMFAG00000031227
ENSMUSG00000024223,ENSMFAG00000038125
ENSMUSG00000019861,ENSMFAG00000032714
ENSMUSG00000032006,ENSMFAG00000035368
ENSMUSG00000027342,ENSMFAG00000036845
ENSMUSG00000057649,ENSMFAG00000040715
ENSMUSG00000058793,ENSMFAG00000000273
ENSMUSG00000062252,ENSMFAG00000003905
ENSMUSG00000029061,ENSMFAG00000039418
ENSMUSG00000047193,ENSMFAG00000039001
ENSMUSG00000004865,ENSMFAG00000033486
ENSMUSG00000122072,ENSMFAG00000062319
ENSMUSG00000025147,ENSMFAG00000033274
ENSMUSG00000029060,ENSMFAG00000001398
ENSMUSG00000023068,ENSMFAG00000051605
ENSMUSG00000051509,ENSMFAG00000020370
ENSMUSG00000003226,ENSMFAG00000029029
ENSMUSG00000025272,ENSMFAG00000000246
ENSMUSG00000077409,ENSMFAG00000047626
ENSMUSG00000077409,ENSMFAG00000007247
ENSMUSG00000037887,ENSMFAG00000002727
ENSMUSG00000027606,ENSMFAG00000001799
ENSMUSG00000069189,ENSMFAG00000053545
ENSMUSG00000069189,ENSMFAG00000039221
ENSMUSG00000109859,ENSMFAG00000053657
ENSMUSG00000109859,ENSMFAG00000028572
ENSMUSG00000109859,ENSMFAG00000051497
ENSMUSG00000109859,ENSMFAG00000031679
ENSMUSG00000110091,ENSMFAG00000039972
ENSMUSG00000110061,ENSMFAG00000039972
ENSMUSG00000088784,ENSMFAG00000027888
ENSMUSG00000050069,ENSMFAG00000052821
ENSMUSG00000027546,ENSMFAG00000001634
ENSMUSG00000073786,ENSMFAG00000039972
ENSMUSG00000026527,ENSMFAG00000031055
ENSMUSG00000110324,ENSMFAG00000053657
ENSMUSG00000110324,ENSMFAG00000028572
ENSMUSG00000110324,ENSMFAG00000051497
ENSMUSG00000110324,ENSMFAG00000031679
ENSMUSG00000056885,ENSMFAG00000053657
ENSMUSG00000056885,ENSMFAG00000028572
ENSMUSG00000056885,ENSMFAG00000051497
ENSMUSG00000056885,ENSMFAG00000031679
ENSMUSG00000119106,ENSMFAG00000030692
ENSMUSG00000119106,ENSMFAG00000014364
ENSMUSG00000119106,ENSMFAG00000013905
ENSMUSG00000049796,ENSMFAG00000036285
ENSMUSG00000053931,ENSMFAG00000043860
ENSMUSG00000038010,ENSMFAG00000041842
ENSMUSG00000021573,ENSMFAG00000003548
ENSMUSG00000007891,ENSMFAG00000002481
ENSMUSG00000021572,ENSMFAG00000032507
ENSMUSG00000003227,ENSMFAG00000042084
ENSMUSG00000022123,ENSMFAG00000030524
ENSMUSG00000014956,ENSMFAG00000043156
ENSMUSG00000029038,ENSMFAG00000039373
ENSMUSG00000039865,ENSMFAG00000030266
ENSMUSG00002075731,ENSMFAG00000053024
ENSMUSG00000024027,ENSMFAG00000038906
ENSMUSG00000059762,ENSMFAG00000056876
ENSMUSG00002076380,ENSMFAG00000013796
ENSMUSG00000042505,ENSMFAG00000030531
ENSMUSG00000061762,ENSMFAG00000000287
ENSMUSG00000064916,ENSMFAG00000047302
ENSMUSG00000029036,ENSMFAG00000040177
ENSMUSG00000029036,ENSMFAG00000037339
ENSMUSG00000029675,ENSMFAG00000046693
ENSMUSG00000019977,ENSMFAG00000003766
ENSMUSG00000028128,ENSMFAG00000041937
ENSMUSG00000026526,ENSMFAG00000045537
ENSMUSG00000029752,ENSMFAG00000041092
ENSMUSG00000028127,ENSMFAG00000044222
ENSMUSG00000005470,ENSMFAG00000044347
ENSMUSG00000069307,ENSMFAG00000051455
ENSMUSG00000025268,ENSMFAG00000038463
ENSMUSG00000079003,ENSMFAG00000001195
ENSMUSG00000069306,ENSMFAG00000055044
ENSMUSG00000055717,ENSMFAG00000002894
ENSMUSG00000039783,ENSMFAG00000044420
ENSMUSG00000059119,ENSMFAG00000002601
ENSMUSG00000059119,ENSMFAG00000000314
ENSMUSG00000074217,ENSMFAG00000030676
ENSMUSG00000069303,ENSMFAG00000051455
ENSMUSG00000034156,ENSMFAG00000032128
ENSMUSG00000005465,ENSMFAG00000038013
ENSMUSG00000042460,ENSMFAG00000031532
ENSMUSG00000034959,ENSMFAG00000030648
ENSMUSG00000040576,ENSMFAG00000045782
ENSMUSG00002075238,ENSMFAG00000035017
ENSMUSG00000042447,ENSMFAG00000034560
ENSMUSG00000016982,ENSMFAG00000060411
ENSMUSG00000006179,ENSMFAG00000004036
ENSMUSG00000054134,ENSMFAG00000039195
ENSMUSG00000045232,ENSMFAG00000000848
ENSMUSG00000008843,ENSMFAG00000024997
ENSMUSG00000012483,ENSMFAG00000030842
ENSMUSG00000012483,ENSMFAG00000042056
ENSMUSG00000089862,ENSMFAG00000052878
ENSMUSG00000021930,ENSMFAG00000041859
ENSMUSG00000035235,ENSMFAG00000042055
ENSMUSG00000046168,ENSMFAG00000042387
ENSMUSG00000029638,ENSMFAG00000038435
ENSMUSG00000026525,ENSMFAG00000042077
ENSMUSG00000093007,ENSMFAG00000010595
ENSMUSG00000022204,ENSMFAG00000033387
ENSMUSG00000026523,ENSMFAG00000032673
ENSMUSG00000080582,ENSMFAG00000021473
ENSMUSG00000087149,ENSMFAG00000044176
ENSMUSG00000037542,ENSMFAG00000037548
ENSMUSG00000039831,ENSMFAG00000043826
ENSMUSG00000040721,ENSMFAG00000024524
ENSMUSG00000065118,ENSMFAG00000015721
ENSMUSG00000010755,ENSMFAG00000000778
ENSMUSG00000037868,ENSMFAG00000043070
ENSMUSG00000045691,ENSMFAG00000043354
ENSMUSG00000070473,ENSMFAG00000027523
ENSMUSG00000062995,ENSMFAG00000046093
ENSMUSG00000023132,ENSMFAG00000057990
ENSMUSG00000040532,ENSMFAG00000041965
ENSMUSG00000057134,ENSMFAG00000013749
ENSMUSG00000020154,ENSMFAG00000001175
ENSMUSG00000042385,ENSMFAG00000033984
ENSMUSG00000036686,ENSMFAG00000043969
ENSMUSG00000042379,ENSMFAG00000045186
ENSMUSG00000000142,ENSMFAG00000000055
ENSMUSG00000021763,ENSMFAG00000060394
ENSMUSG00000025265,ENSMFAG00000035269
ENSMUSG00000007207,ENSMFAG00000036390
ENSMUSG00000079553,ENSMFAG00000036107
ENSMUSG00000026385,ENSMFAG00000051758
ENSMUSG00000026385,ENSMFAG00000059794
ENSMUSG00000119031,ENSMFAG00000061356
ENSMUSG00000009073,ENSMFAG00000003803
ENSMUSG00000026389,ENSMFAG00000002842
ENSMUSG00000022208,ENSMFAG00000038059
ENSMUSG00000022208,ENSMFAG00000051924
ENSMUSG00000054934,ENSMFAG00000059465
ENSMUSG00000020166,ENSMFAG00000034373
ENSMUSG00000095822,ENSMFAG00000000752
ENSMUSG00000028053,ENSMFAG00000004660
ENSMUSG00000051456,ENSMFAG00000030683
ENSMUSG00000032915,ENSMFAG00000064065
ENSMUSG00000025264,ENSMFAG00000001364
ENSMUSG00000025264,ENSMFAG00000055935
ENSMUSG00000022209,ENSMFAG00000036594
ENSMUSG00000005378,ENSMFAG00000036962
ENSMUSG00000036907,ENSMFAG00000034573
ENSMUSG00000008129,ENSMFAG00000036981
ENSMUSG00000026390,ENSMFAG00000037627
ENSMUSG00000031125,ENSMFAG00000037508
ENSMUSG00000037628,ENSMFAG00000045970
ENSMUSG00000003206,ENSMFAG00000038770
ENSMUSG00000073177,ENSMFAG00000037508
ENSMUSG00000003208,ENSMFAG00000059349
ENSMUSG00000046178,ENSMFAG00000032515
ENSMUSG00000050558,ENSMFAG00000053526
ENSMUSG00000038147,ENSMFAG00000032304
ENSMUSG00000038025,ENSMFAG00000001396
ENSMUSG00000041263,ENSMFAG00000042892
ENSMUSG00000071337,ENSMFAG00000045951
ENSMUSG00000056155,ENSMFAG00000040009
ENSMUSG00000039154,ENSMFAG00000033388
ENSMUSG00000065483,ENSMFAG00000007490
ENSMUSG00000065611,ENSMFAG00000015800
ENSMUSG00000065444,ENSMFAG00000034830
ENSMUSG00000005469,ENSMFAG00000004590
ENSMUSG00000027547,ENSMFAG00000027169
ENSMUSG00000073176,ENSMFAG00000033980
ENSMUSG00000045362,ENSMFAG00000002092
ENSMUSG00000045362,ENSMFAG00000065248
ENSMUSG00000015314,ENSMFAG00000032557
ENSMUSG00000015759,ENSMFAG00000042370
ENSMUSG00000011589,ENSMFAG00000041951
ENSMUSG00000038014,ENSMFAG00000043116
ENSMUSG00000010751,ENSMFAG00000002092
ENSMUSG00000010751,ENSMFAG00000065248
ENSMUSG00000058328,ENSMFAG00000030768
ENSMUSG00000058328,ENSMFAG00000031851
ENSMUSG00000058328,ENSMFAG00000003533
ENSMUSG00000050751,ENSMFAG00000001236
ENSMUSG00000027551,ENSMFAG00000034598
ENSMUSG00000062014,ENSMFAG00000036199
ENSMUSG00000038781,ENSMFAG00000030521
ENSMUSG00000032002,ENSMFAG00000033871
ENSMUSG00000031981,ENSMFAG00000042957
ENSMUSG00000037613,ENSMFAG00000002092
ENSMUSG00000037613,ENSMFAG00000065248
ENSMUSG00000037989,ENSMFAG00000031335
ENSMUSG00000052423,ENSMFAG00000043338
ENSMUSG00000067764,ENSMFAG00000030768
ENSMUSG00000067764,ENSMFAG00000031851
ENSMUSG00000067764,ENSMFAG00000003533
ENSMUSG00000050578,ENSMFAG00000001049
ENSMUSG00000003199,ENSMFAG00000033303
ENSMUSG00000027130,ENSMFAG00000014792
ENSMUSG00000037606,ENSMFAG00000033431
ENSMUSG00000109368,ENSMFAG00000036391
ENSMUSG00000043614,ENSMFAG00000038378
ENSMUSG00000031983,ENSMFAG00000039985
ENSMUSG00000049723,ENSMFAG00000037971
ENSMUSG00000049717,ENSMFAG00000037235
ENSMUSG00000005373,ENSMFAG00000032074
ENSMUSG00000040396,ENSMFAG00000049251
ENSMUSG00000096966,ENSMFAG00000036391
ENSMUSG00000031497,ENSMFAG00000032565
ENSMUSG00000059743,ENSMFAG00000003238
ENSMUSG00000059743,ENSMFAG00000002573
ENSMUSG00000059743,ENSMFAG00000044606
ENSMUSG00000062729,ENSMFAG00000039953
ENSMUSG00000031371,ENSMFAG00000041248
ENSMUSG00000025809,ENSMFAG00000034612
ENSMUSG00000048965,ENSMFAG00000056396
ENSMUSG00000031090,ENSMFAG00000040085
ENSMUSG00000062963,ENSMFAG00000033451
ENSMUSG00000031375,ENSMFAG00000001443
ENSMUSG00000041237,ENSMFAG00000034196
ENSMUSG00000013973,ENSMFAG00000040064
ENSMUSG00000003200,ENSMFAG00000044037
ENSMUSG00000058454,ENSMFAG00000003021
ENSMUSG00000028051,ENSMFAG00000036135
ENSMUSG00000002835,ENSMFAG00000035792
ENSMUSG00000041620,ENSMFAG00000035922
ENSMUSG00000028049,ENSMFAG00000032474
ENSMUSG00000052056,ENSMFAG00000041447
ENSMUSG00000019578,ENSMFAG00000058448
ENSMUSG00000046679,ENSMFAG00000046692
ENSMUSG00000031937,ENSMFAG00000054321
ENSMUSG00000031085,ENSMFAG00000052327
ENSMUSG00000001910,ENSMFAG00000036952
ENSMUSG00000034057,ENSMFAG00000002455
ENSMUSG00000031935,ENSMFAG00000003118
ENSMUSG00000009350,ENSMFAG00000030407
ENSMUSG00000005374,ENSMFAG00000063804
ENSMUSG00000027131,ENSMFAG00000038451
ENSMUSG00000013997,ENSMFAG00000037273
ENSMUSG00000001909,ENSMFAG00000033143
ENSMUSG00000019082,ENSMFAG00000039130
ENSMUSG00000032657,ENSMFAG00000044886
ENSMUSG00000027132,ENSMFAG00000038142
ENSMUSG00000031938,ENSMFAG00000039634
ENSMUSG00000002012,ENSMFAG00000039202
ENSMUSG00000040021,ENSMFAG00000040176
ENSMUSG00000002833,ENSMFAG00000000309
ENSMUSG00000029681,ENSMFAG00000038630
ENSMUSG00000039981,ENSMFAG00000034693
ENSMUSG00000055943,ENSMFAG00000038054
ENSMUSG00000015755,ENSMFAG00000036867
ENSMUSG00000074939,ENSMFAG00000012509
ENSMUSG00000028048,ENSMFAG00000019252
ENSMUSG00000013523,ENSMFAG00000033646
ENSMUSG00000006412,ENSMFAG00000035670
ENSMUSG00000031939,ENSMFAG00000039236
ENSMUSG00000051695,ENSMFAG00000055458
ENSMUSG00000019841,ENSMFAG00000040266
ENSMUSG00000033508,ENSMFAG00000027875
ENSMUSG00000101355,ENSMFAG00000063421
ENSMUSG00000001156,ENSMFAG00000043046
ENSMUSG00000114279,ENSMFAG00000064358
ENSMUSG00000002748,ENSMFAG00000030535
ENSMUSG00000045259,ENSMFAG00000032354
ENSMUSG00000020599,ENSMFAG00000035462
ENSMUSG00000006411,ENSMFAG00000037387
ENSMUSG00000000339,ENSMFAG00000034132
ENSMUSG00000029076,ENSMFAG00000039169
ENSMUSG00000003604,ENSMFAG00000037922
ENSMUSG00000001157,ENSMFAG00000018167
ENSMUSG00000001157,ENSMFAG00000003922
ENSMUSG00000019558,ENSMFAG00000032070
ENSMUSG00000000340,ENSMFAG00000045317
ENSMUSG00000040013,ENSMFAG00000002859
ENSMUSG00000002831,ENSMFAG00000000239
ENSMUSG00000080622,ENSMFAG00000009290
ENSMUSG00000027067,ENSMFAG00000040630
ENSMUSG00000011305,ENSMFAG00000000248
ENSMUSG00000027961,ENSMFAG00000038430
ENSMUSG00000038528,ENSMFAG00000041427
ENSMUSG00000048865,ENSMFAG00000000715
ENSMUSG00000029994,ENSMFAG00000033651
ENSMUSG00000033439,ENSMFAG00000034681
ENSMUSG00000065282,ENSMFAG00000008669
ENSMUSG00000088929,ENSMFAG00000015491
ENSMUSG00000088929,ENSMFAG00000015521
ENSMUSG00000065226,ENSMFAG00000049940
ENSMUSG00000065226,ENSMFAG00000034774
ENSMUSG00000065226,ENSMFAG00000030044
ENSMUSG00000064634,ENSMFAG00000050174
ENSMUSG00000064634,ENSMFAG00000006749
ENSMUSG00000064797,ENSMFAG00000028420
ENSMUSG00000046111,ENSMFAG00000041174
ENSMUSG00000026641,ENSMFAG00000039980
ENSMUSG00000037095,ENSMFAG00000041654
ENSMUSG00000034285,ENSMFAG00000051751
ENSMUSG00000029075,ENSMFAG00000036331
ENSMUSG00000001227,ENSMFAG00000031298
ENSMUSG00000038522,ENSMFAG00000041427
ENSMUSG00000041954,ENSMFAG00000038779
ENSMUSG00000019826,ENSMFAG00000000893
ENSMUSG00000053388,ENSMFAG00000030567
ENSMUSG00000044469,ENSMFAG00000060730
ENSMUSG00000019579,ENSMFAG00000000405
ENSMUSG00000000916,ENSMFAG00000037773
ENSMUSG00000019823,ENSMFAG00000042065
ENSMUSG00000001229,ENSMFAG00000040299
ENSMUSG00000027959,ENSMFAG00000039091
ENSMUSG00000018919,ENSMFAG00000038141
ENSMUSG00000009356,ENSMFAG00000037685
ENSMUSG00000103711,ENSMFAG00000040041
ENSMUSG00000029074,ENSMFAG00000003014
ENSMUSG00000038235,ENSMFAG00000046174
ENSMUSG00000053293,ENSMFAG00000038324
ENSMUSG00000020611,ENSMFAG00000001747
ENSMUSG00000043683,ENSMFAG00000063251
ENSMUSG00000053483,ENSMFAG00000036783
ENSMUSG00000047123,ENSMFAG00000036705
ENSMUSG00000020830,ENSMFAG00000001718
ENSMUSG00000024197,ENSMFAG00000038754
ENSMUSG00000039959,ENSMFAG00000038127
ENSMUSG00000018286,ENSMFAG00000045002
ENSMUSG00000027560,ENSMFAG00000032194
ENSMUSG00000073380,ENSMFAG00000044169
ENSMUSG00000001228,ENSMFAG00000037780
ENSMUSG00000001911,ENSMFAG00000038849
ENSMUSG00000089911,ENSMFAG00000039865
ENSMUSG00000002015,ENSMFAG00000039860
ENSMUSG00000109833,ENSMFAG00000002553
ENSMUSG00000020610,ENSMFAG00000041682
ENSMUSG00000020610,ENSMFAG00000038772
ENSMUSG00000067578,ENSMFAG00000058053
ENSMUSG00000038537,ENSMFAG00000062266
ENSMUSG00000027495,ENSMFAG00000056763
ENSMUSG00000065400,ENSMFAG00000010731
ENSMUSG00000033955,ENSMFAG00000040584
ENSMUSG00000033423,ENSMFAG00000044436
ENSMUSG00000027957,ENSMFAG00000057900
ENSMUSG00000038599,ENSMFAG00000042857
ENSMUSG00000034121,ENSMFAG00000002254
ENSMUSG00000077506,ENSMFAG00000022526
ENSMUSG00000077394,ENSMFAG00000012420
ENSMUSG00000077394,ENSMFAG00000012356
ENSMUSG00000077394,ENSMFAG00000012386
ENSMUSG00000032440,ENSMFAG00000003965
ENSMUSG00000025507,ENSMFAG00000031250
ENSMUSG00000039742,ENSMFAG00000000842
ENSMUSG00000009640,ENSMFAG00000030571
ENSMUSG00000033400,ENSMFAG00000043703
ENSMUSG00000052234,ENSMFAG00000045806
ENSMUSG00000029767,ENSMFAG00000033268
ENSMUSG00000044338,ENSMFAG00000030255
ENSMUSG00000034041,ENSMFAG00000032986
ENSMUSG00000048626,ENSMFAG00000041380
ENSMUSG00000075224,ENSMFAG00000044251
ENSMUSG00000035047,ENSMFAG00000046360
ENSMUSG00000028542,ENSMFAG00000000702
ENSMUSG00000053226,ENSMFAG00000033697
ENSMUSG00000033751,ENSMFAG00000048260
ENSMUSG00000093839,ENSMFAG00000052698
ENSMUSG00000003813,ENSMFAG00000003404
ENSMUSG00000041920,ENSMFAG00000039686
ENSMUSG00000027496,ENSMFAG00000001851
ENSMUSG00000043429,ENSMFAG00000045104
ENSMUSG00000038576,ENSMFAG00000043811
ENSMUSG00000003814,ENSMFAG00000062512
ENSMUSG00000096472,ENSMFAG00000032475
ENSMUSG00000002007,ENSMFAG00000035943
ENSMUSG00000093920,ENSMFAG00000052698
ENSMUSG00000003309,ENSMFAG00000002157
ENSMUSG00000053965,ENSMFAG00000041058
ENSMUSG00000034274,ENSMFAG00000001276
ENSMUSG00000025508,ENSMFAG00000040006
ENSMUSG00000025508,ENSMFAG00000017248
ENSMUSG00000025508,ENSMFAG00000007994
ENSMUSG00000039917,ENSMFAG00000003041
ENSMUSG00000058831,ENSMFAG00000036697
ENSMUSG00000079164,ENSMFAG00000029363
ENSMUSG00000003808,ENSMFAG00000030595
ENSMUSG00000030768,ENSMFAG00000033892
ENSMUSG00000002010,ENSMFAG00000036641
ENSMUSG00000068699,ENSMFAG00000001934
ENSMUSG00000027346,ENSMFAG00000002777
ENSMUSG00000064666,ENSMFAG00000047677
ENSMUSG00000025509,ENSMFAG00000045142
ENSMUSG00000005514,ENSMFAG00000045209
ENSMUSG00000024201,ENSMFAG00000002814
ENSMUSG00000023057,ENSMFAG00000038050
ENSMUSG00000019822,ENSMFAG00000033236
ENSMUSG00000057193,ENSMFAG00000035994
ENSMUSG00000039701,ENSMFAG00000045201
ENSMUSG00000046836,ENSMFAG00000000410
ENSMUSG00000002014,ENSMFAG00000041921
ENSMUSG00000003809,ENSMFAG00000003761
ENSMUSG00000078451,ENSMFAG00000041361
ENSMUSG00000060787,ENSMFAG00000027046
ENSMUSG00000019818,ENSMFAG00000033671
ENSMUSG00000020396,ENSMFAG00000043930
ENSMUSG00000002006,ENSMFAG00000031705
ENSMUSG00000020483,ENSMFAG00000045478
ENSMUSG00000078588,ENSMFAG00000026265
ENSMUSG00000054191,ENSMFAG00000044883
ENSMUSG00000019813,ENSMFAG00000038962
ENSMUSG00000003812,ENSMFAG00000003665
ENSMUSG00000064536,ENSMFAG00000062018
ENSMUSG00000020604,ENSMFAG00000018643
ENSMUSG00000028116,ENSMFAG00000000291
ENSMUSG00000059811,ENSMFAG00000037890
ENSMUSG00000048200,ENSMFAG00000040336
ENSMUSG00000028541,ENSMFAG00000042908
ENSMUSG00000053693,ENSMFAG00000041128
ENSMUSG00000014603,ENSMFAG00000000542
ENSMUSG00000042901,ENSMFAG00000033247
ENSMUSG00000042901,ENSMFAG00000002217
ENSMUSG00000014601,ENSMFAG00000031880
ENSMUSG00000019178,ENSMFAG00000031917
ENSMUSG00000088106,ENSMFAG00000037447
ENSMUSG00000020828,ENSMFAG00000003242
ENSMUSG00000025510,ENSMFAG00000003612
ENSMUSG00000024095,ENSMFAG00000036807
ENSMUSG00000032178,ENSMFAG00000039557
ENSMUSG00000053461,ENSMFAG00000036732
ENSMUSG00000027893,ENSMFAG00000044517
ENSMUSG00000029769,ENSMFAG00000001602
ENSMUSG00000019179,ENSMFAG00000012605
ENSMUSG00000056050,ENSMFAG00000002094
ENSMUSG00000074300,ENSMFAG00000031722
ENSMUSG00000077549,ENSMFAG00000014557
ENSMUSG00000031732,ENSMFAG00000037146
ENSMUSG00000035473,ENSMFAG00000041315
ENSMUSG00000055197,ENSMFAG00000000657
ENSMUSG00000028540,ENSMFAG00000050902
ENSMUSG00000006546,ENSMFAG00000030380
ENSMUSG00000025511,ENSMFAG00000045086
ENSMUSG00000033365,ENSMFAG00000032846
ENSMUSG00000038240,ENSMFAG00000031137
ENSMUSG00000065616,ENSMFAG00000011607
ENSMUSG00000047021,ENSMFAG00000045713
ENSMUSG00000038805,ENSMFAG00000059333
ENSMUSG00000014599,ENSMFAG00000040515
ENSMUSG00000024134,ENSMFAG00000056852
ENSMUSG00000001670,ENSMFAG00000040591
ENSMUSG00000035930,ENSMFAG00000062514
ENSMUSG00000018379,ENSMFAG00000040003
ENSMUSG00000044676,ENSMFAG00000028694
ENSMUSG00000024176,ENSMFAG00000063189
ENSMUSG00000025512,ENSMFAG00000044543
ENSMUSG00000028539,ENSMFAG00000037537
ENSMUSG00000095941,ENSMFAG00000030917
ENSMUSG00000118770,ENSMFAG00000055254
ENSMUSG00000023826,ENSMFAG00000002107
ENSMUSG00000038214,ENSMFAG00000043850
ENSMUSG00000004951,ENSMFAG00000051972
ENSMUSG00000006538,ENSMFAG00000059126
ENSMUSG00000003657,ENSMFAG00000045637
ENSMUSG00000026162,ENSMFAG00000037501
ENSMUSG00000051391,ENSMFAG00000038574
ENSMUSG00000034926,ENSMFAG00000031598
ENSMUSG00000019797,ENSMFAG00000026508
ENSMUSG00000019797,ENSMFAG00000034144
ENSMUSG00000026205,ENSMFAG00000043251
ENSMUSG00000029699,ENSMFAG00000031343
ENSMUSG00000018377,ENSMFAG00000002811
ENSMUSG00000047139,ENSMFAG00000047409
ENSMUSG00000047139,ENSMFAG00000051116
ENSMUSG00000047139,ENSMFAG00000064133
ENSMUSG00000009646,ENSMFAG00000035830
ENSMUSG00000046441,ENSMFAG00000001058
ENSMUSG00000031487,ENSMFAG00000044757
ENSMUSG00000018378,ENSMFAG00000034135
ENSMUSG00000009654,ENSMFAG00000032910
ENSMUSG00000024163,ENSMFAG00000037276
ENSMUSG00000033159,ENSMFAG00000045097
ENSMUSG00000033933,ENSMFAG00000061328
ENSMUSG00000031488,ENSMFAG00000059688
ENSMUSG00000054362,ENSMFAG00000034660
ENSMUSG00000060477,ENSMFAG00000002038
ENSMUSG00000009647,ENSMFAG00000035611
ENSMUSG00000004948,ENSMFAG00000037043
ENSMUSG00000034919,ENSMFAG00000053593
ENSMUSG00000009090,ENSMFAG00000039960
ENSMUSG00000027498,ENSMFAG00000003531
ENSMUSG00000039720,ENSMFAG00000003470
ENSMUSG00000004947,ENSMFAG00000037159
ENSMUSG00000008730,ENSMFAG00000001201
ENSMUSG00000020111,ENSMFAG00000000891
ENSMUSG00000043572,ENSMFAG00000064410
ENSMUSG00000075217,ENSMFAG00000001825
ENSMUSG00000025413,ENSMFAG00000041685
ENSMUSG00000031489,ENSMFAG00000039383
ENSMUSG00000049339,ENSMFAG00000001474
ENSMUSG00000031490,ENSMFAG00000000356
ENSMUSG00000044991,ENSMFAG00000064833
ENSMUSG00000031492,ENSMFAG00000033169
ENSMUSG00000064413,ENSMFAG00000015591
ENSMUSG00000027350,ENSMFAG00000033610
ENSMUSG00000074570,ENSMFAG00000045759
ENSMUSG00000002825,ENSMFAG00000044529
ENSMUSG00000002957,ENSMFAG00000031260
ENSMUSG00000064177,ENSMFAG00000043669
ENSMUSG00000031491,ENSMFAG00000025645
ENSMUSG00000042985,ENSMFAG00000001010
ENSMUSG00000047502,ENSMFAG00000038001
ENSMUSG00000065547,ENSMFAG00000007823
ENSMUSG00000032180,ENSMFAG00000045362
ENSMUSG00000118763,ENSMFAG00000020133
ENSMUSG00000006143,ENSMFAG00000045321
ENSMUSG00000072258,ENSMFAG00000039364
ENSMUSG00000002068,ENSMFAG00000041278
ENSMUSG00000037376,ENSMFAG00000044360
ENSMUSG00000049353,ENSMFAG00000062628
ENSMUSG00000030298,ENSMFAG00000037200
ENSMUSG00000032182,ENSMFAG00000039576
ENSMUSG00000088634,ENSMFAG00000006377
ENSMUSG00000041895,ENSMFAG00000039344
ENSMUSG00000026637,ENSMFAG00000040124
ENSMUSG00000031512,ENSMFAG00000031161
ENSMUSG00000030302,ENSMFAG00000034151
ENSMUSG00000004952,ENSMFAG00000031907
ENSMUSG00000032997,ENSMFAG00000041505
ENSMUSG00000027848,ENSMFAG00000041763
ENSMUSG00000034871,ENSMFAG00000035370
ENSMUSG00000020109,ENSMFAG00000043414
ENSMUSG00000036894,ENSMFAG00000006078
ENSMUSG00000048429,ENSMFAG00000032190
ENSMUSG00000027907,ENSMFAG00000015955
ENSMUSG00000027907,ENSMFAG00000029021
ENSMUSG00000027907,ENSMFAG00000035736
ENSMUSG00000027907,ENSMFAG00000051097
ENSMUSG00000027907,ENSMFAG00000027126
ENSMUSG00000010435,ENSMFAG00000023319
ENSMUSG00000032193,ENSMFAG00000042102
ENSMUSG00000026211,ENSMFAG00000034443
ENSMUSG00000041959,ENSMFAG00000044914
ENSMUSG00000103362,ENSMFAG00000000752
ENSMUSG00000094084,ENSMFAG00000000752
ENSMUSG00000027502,ENSMFAG00000002272
ENSMUSG00000000759,ENSMFAG00000033216
ENSMUSG00000068879,ENSMFAG00000000752
ENSMUSG00000028089,ENSMFAG00000043562
ENSMUSG00000054676,ENSMFAG00000037046
ENSMUSG00000023723,ENSMFAG00000031639
ENSMUSG00000037202,ENSMFAG00000033010
ENSMUSG00000074569,ENSMFAG00000042446
ENSMUSG00000020092,ENSMFAG00000039573
ENSMUSG00000027505,ENSMFAG00000046392
ENSMUSG00000027505,ENSMFAG00000035848
ENSMUSG00000030423,ENSMFAG00000029606
ENSMUSG00000027353,ENSMFAG00000044476
ENSMUSG00000020612,ENSMFAG00000033068
ENSMUSG00000020612,ENSMFAG00000031285
ENSMUSG00000037171,ENSMFAG00000041504
ENSMUSG00000028088,ENSMFAG00000002744
ENSMUSG00000020091,ENSMFAG00000000143
ENSMUSG00000020091,ENSMFAG00000000272
ENSMUSG00000034201,ENSMFAG00000038791
ENSMUSG00000037151,ENSMFAG00000041994
ENSMUSG00000048351,ENSMFAG00000050200
ENSMUSG00000032194,ENSMFAG00000048880
ENSMUSG00000051703,ENSMFAG00000037512
ENSMUSG00000059816,ENSMFAG00000044482
ENSMUSG00000028597,ENSMFAG00000041996
ENSMUSG00000020090,ENSMFAG00000043253
ENSMUSG00000038205,ENSMFAG00000040178
ENSMUSG00000020089,ENSMFAG00000043098
ENSMUSG00000034610,ENSMFAG00000011842
ENSMUSG00000033847,ENSMFAG00000045458
ENSMUSG00000032968,ENSMFAG00000002594
ENSMUSG00000026213,ENSMFAG00000038550
ENSMUSG00002075408,ENSMFAG00000004723
ENSMUSG00000042796,ENSMFAG00000063362
ENSMUSG00000039771,ENSMFAG00000039168
ENSMUSG00000038170,ENSMFAG00000047720
ENSMUSG00000045392,ENSMFAG00000063362
ENSMUSG00000031441,ENSMFAG00000032147
ENSMUSG00000057191,ENSMFAG00000003956
ENSMUSG00000034209,ENSMFAG00000036387
ENSMUSG00000020088,ENSMFAG00000039894
ENSMUSG00000020088,ENSMFAG00000040479
ENSMUSG00000028640,ENSMFAG00000004040
ENSMUSG00000020614,ENSMFAG00000033263
ENSMUSG00000029703,ENSMFAG00000032265
ENSMUSG00000056880,ENSMFAG00000034178
ENSMUSG00000087714,ENSMFAG00000037452
ENSMUSG00000084593,ENSMFAG00000012203
ENSMUSG00000084593,ENSMFAG00000004235
ENSMUSG00000084593,ENSMFAG00000014915
ENSMUSG00000084593,ENSMFAG00000012316
ENSMUSG00000063800,ENSMFAG00000039449
ENSMUSG00000058806,ENSMFAG00000038649
ENSMUSG00000102091,ENSMFAG00000065412
ENSMUSG00000099820,ENSMFAG00000065412
ENSMUSG00000076548,ENSMFAG00000048121
ENSMUSG00000076549,ENSMFAG00000048121
ENSMUSG00000009079,ENSMFAG00000038861
ENSMUSG00000028587,ENSMFAG00000040756
ENSMUSG00000038203,ENSMFAG00000039716
ENSMUSG00000027357,ENSMFAG00000032394
ENSMUSG00000039754,ENSMFAG00000001499
ENSMUSG00000006576,ENSMFAG00000002002
ENSMUSG00000055069,ENSMFAG00000043510
ENSMUSG00000032030,ENSMFAG00000038493
ENSMUSG00000039747,ENSMFAG00000052103
ENSMUSG00000035824,ENSMFAG00000035489
ENSMUSG00000028582,ENSMFAG00000030523
ENSMUSG00000039737,ENSMFAG00000018168
ENSMUSG00000034275,ENSMFAG00000000967
ENSMUSG00000075200,ENSMFAG00000058906
ENSMUSG00000025475,ENSMFAG00000059950
ENSMUSG00000075198,ENSMFAG00000058758
ENSMUSG00000075198,ENSMFAG00000030651
ENSMUSG00000043110,ENSMFAG00000034464
ENSMUSG00000075197,ENSMFAG00000025715
ENSMUSG00000031991,ENSMFAG00000002338
ENSMUSG00000054400,ENSMFAG00000032896
ENSMUSG00000041670,ENSMFAG00000038905
ENSMUSG00000034557,ENSMFAG00000040167
ENSMUSG00000027356,ENSMFAG00000002752
ENSMUSG00000032310,ENSMFAG00000001260
ENSMUSG00000001642,ENSMFAG00000041770
ENSMUSG00000001642,ENSMFAG00000060735
ENSMUSG00000025473,ENSMFAG00000043182
ENSMUSG00000032315,ENSMFAG00000035791
ENSMUSG00000074127,ENSMFAG00000038509
ENSMUSG00000020083,ENSMFAG00000032357
ENSMUSG00000027879,ENSMFAG00000043165
ENSMUSG00000049093,ENSMFAG00000003679
ENSMUSG00000028568,ENSMFAG00000046175
ENSMUSG00000038957,ENSMFAG00000043074
ENSMUSG00000035785,ENSMFAG00000038509
ENSMUSG00000046818,ENSMFAG00000046154
ENSMUSG00000027358,ENSMFAG00000044057
ENSMUSG00000031875,ENSMFAG00000039621
ENSMUSG00000076501,ENSMFAG00000049936
ENSMUSG00000076501,ENSMFAG00000060618
ENSMUSG00000076501,ENSMFAG00000040100
ENSMUSG00000065012,ENSMFAG00000006633
ENSMUSG00000000278,ENSMFAG00000040982
ENSMUSG00000037031,ENSMFAG00000043589
ENSMUSG00000119228,ENSMFAG00000047418
ENSMUSG00000096336,ENSMFAG00000065383
ENSMUSG00000096336,ENSMFAG00000052277
ENSMUSG00000096336,ENSMFAG00000065352
ENSMUSG00000096336,ENSMFAG00000039544
ENSMUSG00000027261,ENSMFAG00000031518
ENSMUSG00000032316,ENSMFAG00000045503
ENSMUSG00000030330,ENSMFAG00000001174
ENSMUSG00000020081,ENSMFAG00000045771
ENSMUSG00000034723,ENSMFAG00000043422
ENSMUSG00000033983,ENSMFAG00000032397
ENSMUSG00000073775,ENSMFAG00000036728
ENSMUSG00000037012,ENSMFAG00000036059
ENSMUSG00000003411,ENSMFAG00000056941
ENSMUSG00000096188,ENSMFAG00000043754
ENSMUSG00000035770,ENSMFAG00000045659
ENSMUSG00000034175,ENSMFAG00000043705
ENSMUSG00002076737,ENSMFAG00000007150
ENSMUSG00002076737,ENSMFAG00000006257
ENSMUSG00002076737,ENSMFAG00000006763
ENSMUSG00000119828,ENSMFAG00000048800
ENSMUSG00000053510,ENSMFAG00000036148
ENSMUSG00000090268,ENSMFAG00000000752
ENSMUSG00000068877,ENSMFAG00000033465
ENSMUSG00000072770,ENSMFAG00000005997
ENSMUSG00000047969,ENSMFAG00000064004
ENSMUSG00000047969,ENSMFAG00000040938
ENSMUSG00000044213,ENSMFAG00000064004
ENSMUSG00000044213,ENSMFAG00000040938
ENSMUSG00000025993,ENSMFAG00000032210
ENSMUSG00000086338,ENSMFAG00000055635
ENSMUSG00000086338,ENSMFAG00000064926
ENSMUSG00000075170,ENSMFAG00000055635
ENSMUSG00000075170,ENSMFAG00000064926
ENSMUSG00000075169,ENSMFAG00000055635
ENSMUSG00000075169,ENSMFAG00000064926
ENSMUSG00000075168,ENSMFAG00000055635
ENSMUSG00000075168,ENSMFAG00000064926
ENSMUSG00000070875,ENSMFAG00000055635
ENSMUSG00000070875,ENSMFAG00000064926
ENSMUSG00000049843,ENSMFAG00000064004
ENSMUSG00000049843,ENSMFAG00000040938
ENSMUSG00000052616,ENSMFAG00000025461
ENSMUSG00000032606,ENSMFAG00000044679
ENSMUSG00000075166,ENSMFAG00000036605
ENSMUSG00000067714,ENSMFAG00000064722
ENSMUSG00000075165,ENSMFAG00000060780
ENSMUSG00000075165,ENSMFAG00000059860
ENSMUSG00000030364,ENSMFAG00000045824
ENSMUSG00000062345,ENSMFAG00000035794
ENSMUSG00000032607,ENSMFAG00000003688
ENSMUSG00000079299,ENSMFAG00000050480
ENSMUSG00000051177,ENSMFAG00000043247
ENSMUSG00000000275,ENSMFAG00000040872
ENSMUSG00000060985,ENSMFAG00000045587
ENSMUSG00000039461,ENSMFAG00000003146
ENSMUSG00000030361,ENSMFAG00000050480
ENSMUSG00000007815,ENSMFAG00000036093
ENSMUSG00000031878,ENSMFAG00000030456
ENSMUSG00000025474,ENSMFAG00000036721
ENSMUSG00000000276,ENSMFAG00000042785
ENSMUSG00000063856,ENSMFAG00000035887
ENSMUSG00000032612,ENSMFAG00000043326
ENSMUSG00000046733,ENSMFAG00000033480
ENSMUSG00000026602,ENSMFAG00000034904
ENSMUSG00000030205,ENSMFAG00000002909
ENSMUSG00000005779,ENSMFAG00000033442
ENSMUSG00000034164,ENSMFAG00000028913
ENSMUSG00000076444,ENSMFAG00000013904
ENSMUSG00000029656,ENSMFAG00000037279
ENSMUSG00000042770,ENSMFAG00000031854
ENSMUSG00000068874,ENSMFAG00000033465
ENSMUSG00000026601,ENSMFAG00000042963
ENSMUSG00000030207,ENSMFAG00000000118
ENSMUSG00000025470,ENSMFAG00000044733
ENSMUSG00000035031,ENSMFAG00000036139
ENSMUSG00000005774,ENSMFAG00000033452
ENSMUSG00000031883,ENSMFAG00000042876
ENSMUSG00000025468,ENSMFAG00000034695
ENSMUSG00000078193,ENSMFAG00000044075
ENSMUSG00000026600,ENSMFAG00000037136
ENSMUSG00000078612,ENSMFAG00000003618
ENSMUSG00000025467,ENSMFAG00000045796
ENSMUSG00000048371,ENSMFAG00000028076
ENSMUSG00000072553,ENSMFAG00000044148
ENSMUSG00000031881,ENSMFAG00000036946
ENSMUSG00000025466,ENSMFAG00000061970
ENSMUSG00000020080,ENSMFAG00000044430
ENSMUSG00000020827,ENSMFAG00000035913
ENSMUSG00000028518,ENSMFAG00000031683
ENSMUSG00000032611,ENSMFAG00000053457
ENSMUSG00000047104,ENSMFAG00000032635
ENSMUSG00000028497,ENSMFAG00000059691
ENSMUSG00000030208,ENSMFAG00000043316
ENSMUSG00000047220,ENSMFAG00000043646
ENSMUSG00000020079,ENSMFAG00000003566
ENSMUSG00000050641,ENSMFAG00000053517
ENSMUSG00000032609,ENSMFAG00000044788
ENSMUSG00000065255,ENSMFAG00000027888
ENSMUSG00000025995,ENSMFAG00000039326
ENSMUSG00000025465,ENSMFAG00000042550
ENSMUSG00000025839,ENSMFAG00000037490
ENSMUSG00000025839,ENSMFAG00000037280
ENSMUSG00000025839,ENSMFAG00000003419
ENSMUSG00000025839,ENSMFAG00000039073
ENSMUSG00000025839,ENSMFAG00000031578
ENSMUSG00000025839,ENSMFAG00000064937
ENSMUSG00000025839,ENSMFAG00000042798
ENSMUSG00000025839,ENSMFAG00000032967
ENSMUSG00000025839,ENSMFAG00000051805
ENSMUSG00000030325,ENSMFAG00000050480
ENSMUSG00000025838,ENSMFAG00000037490
ENSMUSG00000025838,ENSMFAG00000037280
ENSMUSG00000025838,ENSMFAG00000003419
ENSMUSG00000025838,ENSMFAG00000039073
ENSMUSG00000025838,ENSMFAG00000031578
ENSMUSG00000025838,ENSMFAG00000064937
ENSMUSG00000025838,ENSMFAG00000042798
ENSMUSG00000025838,ENSMFAG00000032967
ENSMUSG00000025838,ENSMFAG00000051805
ENSMUSG00000038861,ENSMFAG00000004350
ENSMUSG00000020078,ENSMFAG00000042937
ENSMUSG00000048806,ENSMFAG00000029241
ENSMUSG00000096011,ENSMFAG00000017071
ENSMUSG00000096011,ENSMFAG00000055488
ENSMUSG00000096011,ENSMFAG00000049642
ENSMUSG00000096011,ENSMFAG00000047167
ENSMUSG00000096011,ENSMFAG00000053442
ENSMUSG00000096011,ENSMFAG00000061198
ENSMUSG00000096011,ENSMFAG00000050022
ENSMUSG00000096011,ENSMFAG00000063486
ENSMUSG00000096011,ENSMFAG00000048461
ENSMUSG00000095896,ENSMFAG00000017071
ENSMUSG00000095896,ENSMFAG00000055488
ENSMUSG00000095896,ENSMFAG00000049642
ENSMUSG00000095896,ENSMFAG00000047167
ENSMUSG00000095896,ENSMFAG00000053442
ENSMUSG00000095896,ENSMFAG00000061198
ENSMUSG00000095896,ENSMFAG00000050022
ENSMUSG00000095896,ENSMFAG00000063486
ENSMUSG00000095896,ENSMFAG00000048461
ENSMUSG00000025464,ENSMFAG00000043355
ENSMUSG00000095270,ENSMFAG00000017071
ENSMUSG00000095270,ENSMFAG00000055488
ENSMUSG00000095270,ENSMFAG00000049642
ENSMUSG00000095270,ENSMFAG00000047167
ENSMUSG00000095270,ENSMFAG00000053442
ENSMUSG00000095270,ENSMFAG00000061198
ENSMUSG00000095270,ENSMFAG00000050022
ENSMUSG00000095270,ENSMFAG00000063486
ENSMUSG00000095270,ENSMFAG00000048461
ENSMUSG00000073811,ENSMFAG00000017071
ENSMUSG00000073811,ENSMFAG00000055488
ENSMUSG00000073811,ENSMFAG00000049642
ENSMUSG00000073811,ENSMFAG00000047167
ENSMUSG00000073811,ENSMFAG00000053442
ENSMUSG00000073811,ENSMFAG00000061198
ENSMUSG00000073811,ENSMFAG00000050022
ENSMUSG00000073811,ENSMFAG00000063486
ENSMUSG00000073811,ENSMFAG00000048461
ENSMUSG00000038330,ENSMFAG00000037490
ENSMUSG00000038330,ENSMFAG00000037280
ENSMUSG00000038330,ENSMFAG00000003419
ENSMUSG00000038330,ENSMFAG00000039073
ENSMUSG00000038330,ENSMFAG00000031578
ENSMUSG00000038330,ENSMFAG00000064937
ENSMUSG00000038330,ENSMFAG00000042798
ENSMUSG00000038330,ENSMFAG00000032967
ENSMUSG00000038330,ENSMFAG00000051805
ENSMUSG00000049305,ENSMFAG00000056130
ENSMUSG00000052911,ENSMFAG00000030537
ENSMUSG00000079298,ENSMFAG00000050480
ENSMUSG00000068818,ENSMFAG00000061494
ENSMUSG00000031880,ENSMFAG00000032485
ENSMUSG00000063376,ENSMFAG00000017071
ENSMUSG00000063376,ENSMFAG00000055488
ENSMUSG00000063376,ENSMFAG00000049642
ENSMUSG00000063376,ENSMFAG00000047167
ENSMUSG00000063376,ENSMFAG00000053442
ENSMUSG00000063376,ENSMFAG00000061198
ENSMUSG00000063376,ENSMFAG00000050022
ENSMUSG00000063376,ENSMFAG00000063486
ENSMUSG00000063376,ENSMFAG00000048461
ENSMUSG00000078355,ENSMFAG00000017071
ENSMUSG00000078355,ENSMFAG00000055488
ENSMUSG00000078355,ENSMFAG00000049642
ENSMUSG00000078355,ENSMFAG00000047167
ENSMUSG00000078355,ENSMFAG00000053442
ENSMUSG00000078355,ENSMFAG00000061198
ENSMUSG00000078355,ENSMFAG00000050022
ENSMUSG00000078355,ENSMFAG00000063486
ENSMUSG00000078355,ENSMFAG00000048461
ENSMUSG00000078354,ENSMFAG00000017071
ENSMUSG00000078354,ENSMFAG00000055488
ENSMUSG00000078354,ENSMFAG00000049642
ENSMUSG00000078354,ENSMFAG00000047167
ENSMUSG00000078354,ENSMFAG00000053442
ENSMUSG00000078354,ENSMFAG00000061198
ENSMUSG00000078354,ENSMFAG00000050022
ENSMUSG00000078354,ENSMFAG00000063486
ENSMUSG00000078354,ENSMFAG00000048461
ENSMUSG00000020077,ENSMFAG00000040348
ENSMUSG00000100079,ENSMFAG00000017071
ENSMUSG00000100079,ENSMFAG00000055488
ENSMUSG00000100079,ENSMFAG00000049642
ENSMUSG00000100079,ENSMFAG00000047167
ENSMUSG00000100079,ENSMFAG00000053442
ENSMUSG00000100079,ENSMFAG00000061198
ENSMUSG00000100079,ENSMFAG00000050022
ENSMUSG00000100079,ENSMFAG00000063486
ENSMUSG00000100079,ENSMFAG00000048461
ENSMUSG00000039018,ENSMFAG00000042851
ENSMUSG00000070923,ENSMFAG00000061614
ENSMUSG00000031879,ENSMFAG00000001820
ENSMUSG00000020307,ENSMFAG00000062474
ENSMUSG00000100713,ENSMFAG00000017071
ENSMUSG00000100713,ENSMFAG00000055488
ENSMUSG00000100713,ENSMFAG00000049642
ENSMUSG00000100713,ENSMFAG00000047167
ENSMUSG00000100713,ENSMFAG00000053442
ENSMUSG00000100713,ENSMFAG00000061198
ENSMUSG00000100713,ENSMFAG00000050022
ENSMUSG00000100713,ENSMFAG00000063486
ENSMUSG00000100713,ENSMFAG00000048461
ENSMUSG00000057378,ENSMFAG00000036819
ENSMUSG00000100549,ENSMFAG00000017071
ENSMUSG00000100549,ENSMFAG00000055488
ENSMUSG00000100549,ENSMFAG00000049642
ENSMUSG00000100549,ENSMFAG00000047167
ENSMUSG00000100549,ENSMFAG00000053442
ENSMUSG00000100549,ENSMFAG00000061198
ENSMUSG00000100549,ENSMFAG00000050022
ENSMUSG00000100549,ENSMFAG00000063486
ENSMUSG00000100549,ENSMFAG00000048461
ENSMUSG00000101252,ENSMFAG00000017071
ENSMUSG00000101252,ENSMFAG00000055488
ENSMUSG00000101252,ENSMFAG00000049642
ENSMUSG00000101252,ENSMFAG00000047167
ENSMUSG00000101252,ENSMFAG00000053442
ENSMUSG00000101252,ENSMFAG00000061198
ENSMUSG00000101252,ENSMFAG00000050022
ENSMUSG00000101252,ENSMFAG00000063486
ENSMUSG00000101252,ENSMFAG00000048461
ENSMUSG00000096682,ENSMFAG00000017071
ENSMUSG00000096682,ENSMFAG00000055488
ENSMUSG00000096682,ENSMFAG00000049642
ENSMUSG00000096682,ENSMFAG00000047167
ENSMUSG00000096682,ENSMFAG00000053442
ENSMUSG00000096682,ENSMFAG00000061198
ENSMUSG00000096682,ENSMFAG00000050022
ENSMUSG00000096682,ENSMFAG00000063486
ENSMUSG00000096682,ENSMFAG00000048461
ENSMUSG00000045733,ENSMFAG00000029744
ENSMUSG00000070904,ENSMFAG00000017071
ENSMUSG00000070904,ENSMFAG00000055488
ENSMUSG00000070904,ENSMFAG00000049642
ENSMUSG00000070904,ENSMFAG00000047167
ENSMUSG00000070904,ENSMFAG00000053442
ENSMUSG00000070904,ENSMFAG00000061198
ENSMUSG00000070904,ENSMFAG00000050022
ENSMUSG00000070904,ENSMFAG00000063486
ENSMUSG00000070904,ENSMFAG00000048461
ENSMUSG00000036968,ENSMFAG00000002468
ENSMUSG00000095498,ENSMFAG00000017071
ENSMUSG00000095498,ENSMFAG00000055488
ENSMUSG00000095498,ENSMFAG00000049642
ENSMUSG00000095498,ENSMFAG00000047167
ENSMUSG00000095498,ENSMFAG00000053442
ENSMUSG00000095498,ENSMFAG00000061198
ENSMUSG00000095498,ENSMFAG00000050022
ENSMUSG00000095498,ENSMFAG00000063486
ENSMUSG00000095498,ENSMFAG00000048461
ENSMUSG00000030365,ENSMFAG00000045824
ENSMUSG00000065408,ENSMFAG00000017080
ENSMUSG00000070980,ENSMFAG00000006984
ENSMUSG00000115958,ENSMFAG00000046289
ENSMUSG00000070979,ENSMFAG00000006946
ENSMUSG00000032604,ENSMFAG00000033478
ENSMUSG00000028431,ENSMFAG00000043210
ENSMUSG00000066129,ENSMFAG00000042149
ENSMUSG00000055730,ENSMFAG00000032416
ENSMUSG00000084469,ENSMFAG00000005373
ENSMUSG00000084469,ENSMFAG00000005304
ENSMUSG00000084469,ENSMFAG00000007336
ENSMUSG00000070645,ENSMFAG00000000992
ENSMUSG00000035781,ENSMFAG00000044131
ENSMUSG00000050552,ENSMFAG00000041345
ENSMUSG00000070644,ENSMFAG00000000571
ENSMUSG00000036948,ENSMFAG00000031413
ENSMUSG00000047720,ENSMFAG00000002098
ENSMUSG00000047720,ENSMFAG00000039052
ENSMUSG00000019338,ENSMFAG00000034438
ENSMUSG00000053063,ENSMFAG00000039803
ENSMUSG00000070643,ENSMFAG00000032765
ENSMUSG00000030158,ENSMFAG00000001448
ENSMUSG00000050097,ENSMFAG00000032416
ENSMUSG00000005625,ENSMFAG00000000623
ENSMUSG00000075593,ENSMFAG00000003150
ENSMUSG00000078566,ENSMFAG00000036887
ENSMUSG00000026226,ENSMFAG00000027180
ENSMUSG00000030159,ENSMFAG00000034215
ENSMUSG00000061825,ENSMFAG00000032416
ENSMUSG00000060550,ENSMFAG00000046125
ENSMUSG00000029510,ENSMFAG00000038373
ENSMUSG00000025478,ENSMFAG00000033070
ENSMUSG00000038827,ENSMFAG00000036713
ENSMUSG00000038827,ENSMFAG00000037947
ENSMUSG00000046080,ENSMFAG00000004005
ENSMUSG00000031886,ENSMFAG00000032416
ENSMUSG00000024457,ENSMFAG00000029818
ENSMUSG00000038816,ENSMFAG00000017883
ENSMUSG00000026227,ENSMFAG00000003270
ENSMUSG00000036928,ENSMFAG00000036085
ENSMUSG00000026229,ENSMFAG00000002397
ENSMUSG00000062826,ENSMFAG00000032416
ENSMUSG00000033082,ENSMFAG00000053761
ENSMUSG00000028126,ENSMFAG00000031399
ENSMUSG00000028126,ENSMFAG00000004381
ENSMUSG00000079293,ENSMFAG00000031774
ENSMUSG00000015981,ENSMFAG00000004135
ENSMUSG00000037458,ENSMFAG00000040038
ENSMUSG00000031877,ENSMFAG00000032416
ENSMUSG00000035521,ENSMFAG00000031980
ENSMUSG00000065544,ENSMFAG00000012867
ENSMUSG00000094065,ENSMFAG00000000335
ENSMUSG00000089997,ENSMFAG00000043199
ENSMUSG00000078747,ENSMFAG00000003428
ENSMUSG00000026228,ENSMFAG00000003469
ENSMUSG00000068263,ENSMFAG00000046117
ENSMUSG00000062590,ENSMFAG00000036933
ENSMUSG00000024112,ENSMFAG00000049126
ENSMUSG00000078746,ENSMFAG00000043117
ENSMUSG00000078746,ENSMFAG00000020552
ENSMUSG00000015980,ENSMFAG00000044506
ENSMUSG00000073878,ENSMFAG00000000335
ENSMUSG00000030055,ENSMFAG00000040013
ENSMUSG00000095294,ENSMFAG00000048991
ENSMUSG00000095294,ENSMFAG00000049362
ENSMUSG00000095294,ENSMFAG00000055998
ENSMUSG00000095294,ENSMFAG00000062897
ENSMUSG00000095294,ENSMFAG00000057468
ENSMUSG00000095294,ENSMFAG00000053864
ENSMUSG00000095294,ENSMFAG00000052235
ENSMUSG00000095294,ENSMFAG00000047882
ENSMUSG00000073876,ENSMFAG00000044283
ENSMUSG00000071165,ENSMFAG00000035365
ENSMUSG00000030056,ENSMFAG00000061497
ENSMUSG00000079120,ENSMFAG00000000362
ENSMUSG00000079120,ENSMFAG00000033218
ENSMUSG00000079120,ENSMFAG00000036101
ENSMUSG00000079120,ENSMFAG00000064932
ENSMUSG00000079120,ENSMFAG00000052668
ENSMUSG00000079120,ENSMFAG00000000322
ENSMUSG00000079120,ENSMFAG00000055367
ENSMUSG00000079120,ENSMFAG00000003666
ENSMUSG00000079120,ENSMFAG00000038048
ENSMUSG00000079120,ENSMFAG00000061697
ENSMUSG00000079120,ENSMFAG00000046139
ENSMUSG00000079120,ENSMFAG00000043176
ENSMUSG00000074447,ENSMFAG00000000362
ENSMUSG00000074447,ENSMFAG00000033218
ENSMUSG00000074447,ENSMFAG00000036101
ENSMUSG00000074447,ENSMFAG00000064932
ENSMUSG00000074447,ENSMFAG00000052668
ENSMUSG00000074447,ENSMFAG00000000322
ENSMUSG00000074447,ENSMFAG00000055367
ENSMUSG00000074447,ENSMFAG00000003666
ENSMUSG00000074447,ENSMFAG00000038048
ENSMUSG00000074447,ENSMFAG00000061697
ENSMUSG00000074447,ENSMFAG00000046139
ENSMUSG00000074447,ENSMFAG00000043176
ENSMUSG00000036898,ENSMFAG00000032518
ENSMUSG00000118967,ENSMFAG00000004533
ENSMUSG00000118967,ENSMFAG00000050780
ENSMUSG00000074446,ENSMFAG00000000362
ENSMUSG00000074446,ENSMFAG00000033218
ENSMUSG00000074446,ENSMFAG00000036101
ENSMUSG00000074446,ENSMFAG00000064932
ENSMUSG00000074446,ENSMFAG00000052668
ENSMUSG00000074446,ENSMFAG00000000322
ENSMUSG00000074446,ENSMFAG00000055367
ENSMUSG00000074446,ENSMFAG00000003666
ENSMUSG00000074446,ENSMFAG00000038048
ENSMUSG00000074446,ENSMFAG00000061697
ENSMUSG00000074446,ENSMFAG00000046139
ENSMUSG00000074446,ENSMFAG00000043176
ENSMUSG00000061845,ENSMFAG00000000362
ENSMUSG00000061845,ENSMFAG00000033218
ENSMUSG00000061845,ENSMFAG00000036101
ENSMUSG00000061845,ENSMFAG00000064932
ENSMUSG00000061845,ENSMFAG00000052668
ENSMUSG00000061845,ENSMFAG00000000322
ENSMUSG00000061845,ENSMFAG00000055367
ENSMUSG00000061845,ENSMFAG00000003666
ENSMUSG00000061845,ENSMFAG00000038048
ENSMUSG00000061845,ENSMFAG00000061697
ENSMUSG00000061845,ENSMFAG00000046139
ENSMUSG00000061845,ENSMFAG00000043176
ENSMUSG00000037437,ENSMFAG00000043270
ENSMUSG00000068105,ENSMFAG00000048896
ENSMUSG00000056856,ENSMFAG00000032603
ENSMUSG00000068101,ENSMFAG00000042414
ENSMUSG00000058291,ENSMFAG00000032518
ENSMUSG00000028575,ENSMFAG00000043911
ENSMUSG00000038902,ENSMFAG00000043596
ENSMUSG00000025515,ENSMFAG00000054645
ENSMUSG00000030058,ENSMFAG00000031940
ENSMUSG00000033961,ENSMFAG00000020536
ENSMUSG00000062627,ENSMFAG00000002666
ENSMUSG00000025854,ENSMFAG00000042977
ENSMUSG00000068099,ENSMFAG00000064531
ENSMUSG00000022456,ENSMFAG00000039306
ENSMUSG00002076653,ENSMFAG00000006477
ENSMUSG00000039470,ENSMFAG00000036891
ENSMUSG00000030382,ENSMFAG00000029058
ENSMUSG00000047773,ENSMFAG00000032096
ENSMUSG00000025856,ENSMFAG00000044686
ENSMUSG00000031601,ENSMFAG00000037908
ENSMUSG00000052684,ENSMFAG00000050244
ENSMUSG00000005566,ENSMFAG00000046170
ENSMUSG00000014609,ENSMFAG00000000833
ENSMUSG00000030060,ENSMFAG00000032291
ENSMUSG00000058908,ENSMFAG00000046389
ENSMUSG00000041000,ENSMFAG00000030374
ENSMUSG00000028789,ENSMFAG00000032478
ENSMUSG00000079477,ENSMFAG00000050771
ENSMUSG00000036437,ENSMFAG00000001038
ENSMUSG00000014606,ENSMFAG00000038676
ENSMUSG00000014907,ENSMFAG00000040952
ENSMUSG00000025855,ENSMFAG00000003127
ENSMUSG00000022455,ENSMFAG00000034650
ENSMUSG00000023084,ENSMFAG00000036097
ENSMUSG00000022453,ENSMFAG00000002492
ENSMUSG00000006673,ENSMFAG00000030312
ENSMUSG00000025588,ENSMFAG00000050025
ENSMUSG00000025588,ENSMFAG00000044503
ENSMUSG00000051147,ENSMFAG00000050025
ENSMUSG00000051147,ENSMFAG00000044503
ENSMUSG00000024175,ENSMFAG00000045548
ENSMUSG00000056426,ENSMFAG00000050025
ENSMUSG00000056426,ENSMFAG00000044503
ENSMUSG00000030465,ENSMFAG00000001770
ENSMUSG00000040746,ENSMFAG00000039590
ENSMUSG00000033916,ENSMFAG00000040822
ENSMUSG00000050824,ENSMFAG00000042162
ENSMUSG00000028792,ENSMFAG00000045877
ENSMUSG00000028072,ENSMFAG00000030600
ENSMUSG00000079445,ENSMFAG00000033039
ENSMUSG00000015126,ENSMFAG00000031171
ENSMUSG00000048814,ENSMFAG00000041273
ENSMUSG00000047507,ENSMFAG00000001912
ENSMUSG00000034854,ENSMFAG00000039649
ENSMUSG00000005575,ENSMFAG00000048600
ENSMUSG00000028071,ENSMFAG00000001858
ENSMUSG00000025857,ENSMFAG00000037660
ENSMUSG00000025857,ENSMFAG00000052755
ENSMUSG00000062867,ENSMFAG00000044947
ENSMUSG00000018293,ENSMFAG00000050068
ENSMUSG00000018293,ENSMFAG00000045520
ENSMUSG00000026080,ENSMFAG00000043113
ENSMUSG00000049687,ENSMFAG00000057151
ENSMUSG00000020234,ENSMFAG00000036699
ENSMUSG00000030062,ENSMFAG00000003642
ENSMUSG00000028793,ENSMFAG00000044944
ENSMUSG00000022452,ENSMFAG00000044573
ENSMUSG00000020235,ENSMFAG00000003458
ENSMUSG00000015120,ENSMFAG00000044410
ENSMUSG00000004895,ENSMFAG00000031058
ENSMUSG00000004895,ENSMFAG00000059890
ENSMUSG00000022450,ENSMFAG00000039783
ENSMUSG00000067604,ENSMFAG00000035510
ENSMUSG00000030310,ENSMFAG00000007438
ENSMUSG00000019710,ENSMFAG00000038168
ENSMUSG00000070283,ENSMFAG00000046307
ENSMUSG00000036817,ENSMFAG00000003239
ENSMUSG00000061740,ENSMFAG00000042506
ENSMUSG00000016181,ENSMFAG00000001353
ENSMUSG00002076293,ENSMFAG00000011109
ENSMUSG00000065579,ENSMFAG00000011810
ENSMUSG00000019039,ENSMFAG00000009642
ENSMUSG00000028786,ENSMFAG00000001257
ENSMUSG00000004896,ENSMFAG00000044021
ENSMUSG00000068085,ENSMFAG00000042506
ENSMUSG00000079144,ENSMFAG00000030051
ENSMUSG00000094806,ENSMFAG00000042506
ENSMUSG00000056394,ENSMFAG00000010948
ENSMUSG00000037318,ENSMFAG00000003810
ENSMUSG00000018287,ENSMFAG00000032008
ENSMUSG00000031555,ENSMFAG00000039520
ENSMUSG00000028785,ENSMFAG00000034246
ENSMUSG00000066357,ENSMFAG00000037294
ENSMUSG00000031556,ENSMFAG00000038805
ENSMUSG00000048039,ENSMFAG00000044153
ENSMUSG00000006675,ENSMFAG00000037567
ENSMUSG00000037406,ENSMFAG00000041865
ENSMUSG00000004885,ENSMFAG00000036656
ENSMUSG00000020623,ENSMFAG00000040095
ENSMUSG00000004891,ENSMFAG00000025686
ENSMUSG00000068086,ENSMFAG00000042506
ENSMUSG00000001334,ENSMFAG00000033251
ENSMUSG00000078439,ENSMFAG00000037612
ENSMUSG00000004892,ENSMFAG00000000828
ENSMUSG00000031557,ENSMFAG00000042373
ENSMUSG00000040928,ENSMFAG00000040750
ENSMUSG00000064145,ENSMFAG00000000139
ENSMUSG00000055053,ENSMFAG00000000744
ENSMUSG00000004894,ENSMFAG00000036444
ENSMUSG00000047039,ENSMFAG00000061494
ENSMUSG00000004897,ENSMFAG00000033983
ENSMUSG00000049168,ENSMFAG00000007946
ENSMUSG00000051497,ENSMFAG00000037585
ENSMUSG00000050439,ENSMFAG00000040666
ENSMUSG00000056197,ENSMFAG00000001385
ENSMUSG00000027932,ENSMFAG00000042386
ENSMUSG00000034968,ENSMFAG00000043381
ENSMUSG00002076687,ENSMFAG00000059856
ENSMUSG00000038279,ENSMFAG00000004333
ENSMUSG00000023150,ENSMFAG00000039625
ENSMUSG00000042351,ENSMFAG00000059094
ENSMUSG00000041695,ENSMFAG00000010019
ENSMUSG00000075144,ENSMFAG00000063088
ENSMUSG00000065954,ENSMFAG00000031600
ENSMUSG00000075143,ENSMFAG00000063088
ENSMUSG00000000567,ENSMFAG00000039651
ENSMUSG00000039943,ENSMFAG00000034037
ENSMUSG00000032602,ENSMFAG00000037674
ENSMUSG00000038271,ENSMFAG00000045145
ENSMUSG00000056158,ENSMFAG00000021148
ENSMUSG00000022408,ENSMFAG00000002020
ENSMUSG00000078799,ENSMFAG00000046325
ENSMUSG00000006676,ENSMFAG00000040355
ENSMUSG00000027933,ENSMFAG00000008338
ENSMUSG00000062116,ENSMFAG00000042935
ENSMUSG00000058914,ENSMFAG00000047380
ENSMUSG00000063535,ENSMFAG00000042935
ENSMUSG00000028811,ENSMFAG00000040933
ENSMUSG00000022244,ENSMFAG00000032307
ENSMUSG00000041654,ENSMFAG00000031162
ENSMUSG00000041420,ENSMFAG00000034069
ENSMUSG00000022243,ENSMFAG00000003969
ENSMUSG00000047497,ENSMFAG00000042081
ENSMUSG00000050390,ENSMFAG00000033441
ENSMUSG00000057666,ENSMFAG00000043045
ENSMUSG00000057666,ENSMFAG00000001880
ENSMUSG00000011306,ENSMFAG00000031157
ENSMUSG00000056399,ENSMFAG00000054924
ENSMUSG00000056399,ENSMFAG00000065039
ENSMUSG00000024171,ENSMFAG00000056548
ENSMUSG00000038252,ENSMFAG00000036998
ENSMUSG00000036151,ENSMFAG00000006917
ENSMUSG00000022241,ENSMFAG00000043658
ENSMUSG00000001333,ENSMFAG00000042467
ENSMUSG00000024173,ENSMFAG00000043035
ENSMUSG00000033825,ENSMFAG00000043035
ENSMUSG00000057236,ENSMFAG00000039274
ENSMUSG00000007594,ENSMFAG00000029816
ENSMUSG00000052748,ENSMFAG00000031793
ENSMUSG00000002341,ENSMFAG00000043588
ENSMUSG00000040712,ENSMFAG00000031758
ENSMUSG00000059895,ENSMFAG00000045266
ENSMUSG00000020238,ENSMFAG00000061107
ENSMUSG00000057572,ENSMFAG00000033163
ENSMUSG00000033200,ENSMFAG00000035519
ENSMUSG00000027931,ENSMFAG00000033058
ENSMUSG00000036120,ENSMFAG00000003753
ENSMUSG00000027270,ENSMFAG00000046105
ENSMUSG00000040888,ENSMFAG00000039787
ENSMUSG00000039913,ENSMFAG00000046069
ENSMUSG00000028807,ENSMFAG00000033145
ENSMUSG00000072487,ENSMFAG00000031443
ENSMUSG00000053286,ENSMFAG00000037592
ENSMUSG00000028214,ENSMFAG00000028496
ENSMUSG00000019528,ENSMFAG00000039971
ENSMUSG00000028217,ENSMFAG00000000602
ENSMUSG00000071078,ENSMFAG00000042311
ENSMUSG00000015468,ENSMFAG00000059430
ENSMUSG00000074771,ENSMFAG00000002941
ENSMUSG00000074361,ENSMFAG00000064310
ENSMUSG00000049130,ENSMFAG00000064601
ENSMUSG00000041375,ENSMFAG00000002381
ENSMUSG00000001865,ENSMFAG00000003955
ENSMUSG00000044199,ENSMFAG00000049861
ENSMUSG00000034792,ENSMFAG00000056599
ENSMUSG00000079033,ENSMFAG00000032755
ENSMUSG00000089617,ENSMFAG00000017400
ENSMUSG00000046667,ENSMFAG00000045430
ENSMUSG00000011463,ENSMFAG00000002015
ENSMUSG00000034781,ENSMFAG00000049282
ENSMUSG00000030337,ENSMFAG00000035441
ENSMUSG00000028218,ENSMFAG00000032627
ENSMUSG00000026484,ENSMFAG00000036583
ENSMUSG00000054452,ENSMFAG00000057458
ENSMUSG00000054988,ENSMFAG00000041746
ENSMUSG00000037610,ENSMFAG00000037847
ENSMUSG00000027273,ENSMFAG00000001652
ENSMUSG00000042474,ENSMFAG00000033129
ENSMUSG00000038213,ENSMFAG00000035334
ENSMUSG00000002083,ENSMFAG00000033464
ENSMUSG00000027663,ENSMFAG00000021292
ENSMUSG00000034786,ENSMFAG00000044173
ENSMUSG00000020032,ENSMFAG00000000816
ENSMUSG00000025439,ENSMFAG00000043186
ENSMUSG00000028760,ENSMFAG00000033446
ENSMUSG00000026420,ENSMFAG00000035168
ENSMUSG00000027665,ENSMFAG00000045156
ENSMUSG00000046841,ENSMFAG00000036560
ENSMUSG00000034730,ENSMFAG00000032171
ENSMUSG00000034673,ENSMFAG00000045367
ENSMUSG00000067702,ENSMFAG00000033917
ENSMUSG00000020034,ENSMFAG00000042033
ENSMUSG00000026416,ENSMFAG00000031534
ENSMUSG00000031654,ENSMFAG00000003677
ENSMUSG00000030339,ENSMFAG00000043569
ENSMUSG00000027274,ENSMFAG00000037991
ENSMUSG00000069971,ENSMFAG00000001439
ENSMUSG00000016524,ENSMFAG00000036818
ENSMUSG00000042797,ENSMFAG00000001663
ENSMUSG00000034453,ENSMFAG00000038425
ENSMUSG00000056973,ENSMFAG00000043869
ENSMUSG00000056973,ENSMFAG00000031843
ENSMUSG00000030340,ENSMFAG00000035743
ENSMUSG00000030666,ENSMFAG00000054288
ENSMUSG00000026930,ENSMFAG00000040736
ENSMUSG00000025968,ENSMFAG00000039201
ENSMUSG00000034837,ENSMFAG00000032223
ENSMUSG00000048782,ENSMFAG00000036736
ENSMUSG00000025858,ENSMFAG00000042875
ENSMUSG00000015452,ENSMFAG00000038314
ENSMUSG00000019888,ENSMFAG00000044473
ENSMUSG00000091091,ENSMFAG00000000185
ENSMUSG00000027667,ENSMFAG00000002403
ENSMUSG00000073805,ENSMFAG00000036937
ENSMUSG00000010064,ENSMFAG00000042657
ENSMUSG00000030341,ENSMFAG00000042238
ENSMUSG00000056413,ENSMFAG00000030586
ENSMUSG00000027668,ENSMFAG00000003857
ENSMUSG00000063229,ENSMFAG00000041856
ENSMUSG00000063229,ENSMFAG00000054002
ENSMUSG00000063229,ENSMFAG00000039800
ENSMUSG00000063229,ENSMFAG00000037633
ENSMUSG00000063229,ENSMFAG00000038843
ENSMUSG00000057074,ENSMFAG00000043869
ENSMUSG00000057074,ENSMFAG00000031843
ENSMUSG00000038167,ENSMFAG00000032181
ENSMUSG00000019890,ENSMFAG00000024858
ENSMUSG00000030342,ENSMFAG00000034485
ENSMUSG00002076025,ENSMFAG00000054153
ENSMUSG00002076025,ENSMFAG00000057446
ENSMUSG00002076025,ENSMFAG00000053991
ENSMUSG00002076025,ENSMFAG00000057264
ENSMUSG00002076025,ENSMFAG00000049625
ENSMUSG00002076025,ENSMFAG00000053493
ENSMUSG00002076025,ENSMFAG00000049223
ENSMUSG00002076025,ENSMFAG00000051935
ENSMUSG00002076025,ENSMFAG00000059118
ENSMUSG00002076025,ENSMFAG00000065457
ENSMUSG00002076025,ENSMFAG00000050158
ENSMUSG00002076025,ENSMFAG00000051070
ENSMUSG00002076025,ENSMFAG00000052550
ENSMUSG00002076025,ENSMFAG00000052958
ENSMUSG00002076025,ENSMFAG00000054989
ENSMUSG00002076025,ENSMFAG00000054533
ENSMUSG00002076025,ENSMFAG00000054195
ENSMUSG00002076025,ENSMFAG00000052514
ENSMUSG00002076025,ENSMFAG00000051186
ENSMUSG00002076025,ENSMFAG00000060984
ENSMUSG00002076025,ENSMFAG00000055372
ENSMUSG00002076025,ENSMFAG00000055397
ENSMUSG00002076025,ENSMFAG00000054043
ENSMUSG00002076025,ENSMFAG00000048918
ENSMUSG00002076025,ENSMFAG00000061312
ENSMUSG00002076025,ENSMFAG00000054682
ENSMUSG00002076025,ENSMFAG00000052919
ENSMUSG00002076025,ENSMFAG00000063332
ENSMUSG00002076025,ENSMFAG00000058940
ENSMUSG00002076025,ENSMFAG00000063774
ENSMUSG00002076025,ENSMFAG00000062164
ENSMUSG00002076025,ENSMFAG00000065208
ENSMUSG00002076025,ENSMFAG00000053835
ENSMUSG00002076025,ENSMFAG00000064710
ENSMUSG00002076025,ENSMFAG00000047778
ENSMUSG00002076025,ENSMFAG00000060777
ENSMUSG00002076025,ENSMFAG00000057142
ENSMUSG00002076025,ENSMFAG00000056506
ENSMUSG00002076025,ENSMFAG00000048951
ENSMUSG00002076025,ENSMFAG00000064718
ENSMUSG00002076025,ENSMFAG00000057710
ENSMUSG00002076025,ENSMFAG00000058161
ENSMUSG00002076025,ENSMFAG00000054959
ENSMUSG00002076025,ENSMFAG00000060270
ENSMUSG00002076025,ENSMFAG00000056682
ENSMUSG00002076025,ENSMFAG00000058780
ENSMUSG00002076025,ENSMFAG00000060362
ENSMUSG00000074156,ENSMFAG00000043869
ENSMUSG00000074156,ENSMFAG00000031843
ENSMUSG00000044921,ENSMFAG00000039584
ENSMUSG00000058019,ENSMFAG00000032808
ENSMUSG00000058019,ENSMFAG00000003402
ENSMUSG00000029541,ENSMFAG00000032364
ENSMUSG00000033963,ENSMFAG00000038232
ENSMUSG00000033940,ENSMFAG00000062122
ENSMUSG00000015478,ENSMFAG00000033282
ENSMUSG00000053553,ENSMFAG00000031113
ENSMUSG00000027669,ENSMFAG00000041470
ENSMUSG00000056952,ENSMFAG00000044226
ENSMUSG00000044042,ENSMFAG00000036844
ENSMUSG00000031907,ENSMFAG00000026158
ENSMUSG00000034254,ENSMFAG00000042426
ENSMUSG00000065593,ENSMFAG00000011108
ENSMUSG00000044197,ENSMFAG00000030098
ENSMUSG00000044350,ENSMFAG00000032425
ENSMUSG00000050994,ENSMFAG00000035662
ENSMUSG00000061048,ENSMFAG00000038880
ENSMUSG00000053647,ENSMFAG00000039908
ENSMUSG00000029993,ENSMFAG00000033270
ENSMUSG00000034795,ENSMFAG00000032197
ENSMUSG00000025967,ENSMFAG00000063764
ENSMUSG00000025967,ENSMFAG00000038364
ENSMUSG00000049098,ENSMFAG00000053164
ENSMUSG00000032566,ENSMFAG00000042187
ENSMUSG00000052584,ENSMFAG00000032491
ENSMUSG00000015467,ENSMFAG00000062553
ENSMUSG00000000303,ENSMFAG00000032434
ENSMUSG00000029546,ENSMFAG00000060920
ENSMUSG00000046150,ENSMFAG00000053164
ENSMUSG00000025757,ENSMFAG00000003170
ENSMUSG00000023186,ENSMFAG00000034402
ENSMUSG00000064612,ENSMFAG00000010705
ENSMUSG00000064602,ENSMFAG00000013481
ENSMUSG00000046856,ENSMFAG00000013528
ENSMUSG00000029554,ENSMFAG00000045936
ENSMUSG00000040865,ENSMFAG00000001629
ENSMUSG00000041949,ENSMFAG00000041170
ENSMUSG00000069670,ENSMFAG00000034602
ENSMUSG00000046380,ENSMFAG00000004225
ENSMUSG00000029992,ENSMFAG00000003721
ENSMUSG00000022598,ENSMFAG00000061175
ENSMUSG00000041592,ENSMFAG00000043895
ENSMUSG00000030851,ENSMFAG00000003940
ENSMUSG00000056665,ENSMFAG00000057966
ENSMUSG00000022596,ENSMFAG00000042555
ENSMUSG00000022596,ENSMFAG00000059192
ENSMUSG00000022595,ENSMFAG00000056724
ENSMUSG00000015474,ENSMFAG00000018625
ENSMUSG00000075605,ENSMFAG00000051056
ENSMUSG00000087230,ENSMFAG00000057843
ENSMUSG00000036639,ENSMFAG00000039575
ENSMUSG00000031910,ENSMFAG00000032682
ENSMUSG00000004207,ENSMFAG00000031057
ENSMUSG00000014402,ENSMFAG00000032321
ENSMUSG00000041642,ENSMFAG00000039907
ENSMUSG00000023033,ENSMFAG00000005480
ENSMUSG00000075467,ENSMFAG00000045519
ENSMUSG00000117748,ENSMFAG00000042156
ENSMUSG00000063380,ENSMFAG00000055358
ENSMUSG00000041438,ENSMFAG00000044575
ENSMUSG00000057322,ENSMFAG00000039785
ENSMUSG00000057349,ENSMFAG00000055358
ENSMUSG00000026928,ENSMFAG00000040508
ENSMUSG00000029557,ENSMFAG00000052552
ENSMUSG00000094269,ENSMFAG00000055358
ENSMUSG00000033420,ENSMFAG00000044025
ENSMUSG00000029560,ENSMFAG00000029647
ENSMUSG00000094745,ENSMFAG00000055358
ENSMUSG00000025758,ENSMFAG00000003312
ENSMUSG00000062649,ENSMFAG00000055358
ENSMUSG00000027281,ENSMFAG00000056917
ENSMUSG00000050853,ENSMFAG00000025203
ENSMUSG00000038112,ENSMFAG00000034402
ENSMUSG00000057054,ENSMFAG00000041330
ENSMUSG00000045246,ENSMFAG00000044144
ENSMUSG00000031839,ENSMFAG00000000302
ENSMUSG00000026177,ENSMFAG00000044291
ENSMUSG00000074063,ENSMFAG00000000406
ENSMUSG00000027276,ENSMFAG00000033249
ENSMUSG00000049516,ENSMFAG00000044194
ENSMUSG00000056076,ENSMFAG00000046100
ENSMUSG00000010307,ENSMFAG00000060167
ENSMUSG00000030854,ENSMFAG00000034300
ENSMUSG00000031837,ENSMFAG00000041548
ENSMUSG00000062098,ENSMFAG00000043605
ENSMUSG00000065513,ENSMFAG00000004405
ENSMUSG00000038775,ENSMFAG00000002052
ENSMUSG00000028759,ENSMFAG00000039770
ENSMUSG00000034224,ENSMFAG00000002345
ENSMUSG00000026176,ENSMFAG00000032883
ENSMUSG00000034714,ENSMFAG00000038894
ENSMUSG00000030050,ENSMFAG00000032957
ENSMUSG00000039092,ENSMFAG00000044897
ENSMUSG00000036586,ENSMFAG00000032493
ENSMUSG00000031835,ENSMFAG00000032326
ENSMUSG00000065468,ENSMFAG00000010059
ENSMUSG00000026175,ENSMFAG00000043203
ENSMUSG00000029570,ENSMFAG00000039730
ENSMUSG00000025759,ENSMFAG00000035668
ENSMUSG00000020821,ENSMFAG00000038587
ENSMUSG00000015476,ENSMFAG00000032011
ENSMUSG00000030049,ENSMFAG00000044673
ENSMUSG00000033739,ENSMFAG00000006509
ENSMUSG00000015461,ENSMFAG00000041028
ENSMUSG00000030022,ENSMFAG00000036382
ENSMUSG00000031077,ENSMFAG00000041718
ENSMUSG00000036281,ENSMFAG00000003913
ENSMUSG00000031075,ENSMFAG00000000653
ENSMUSG00000037818,ENSMFAG00000039882
ENSMUSG00000031827,ENSMFAG00000063714
ENSMUSG00000073650,ENSMFAG00000046057
ENSMUSG00000026435,ENSMFAG00000045958
ENSMUSG00000074491,ENSMFAG00000036659
ENSMUSG00000026436,ENSMFAG00000033410
ENSMUSG00000033327,ENSMFAG00000053747
ENSMUSG00000033327,ENSMFAG00000059643
ENSMUSG00000033327,ENSMFAG00000002351
ENSMUSG00000059149,ENSMFAG00000039412
ENSMUSG00000039985,ENSMFAG00000003695
ENSMUSG00000008892,ENSMFAG00000041877
ENSMUSG00000031565,ENSMFAG00000034537
ENSMUSG00000010660,ENSMFAG00000042898
ENSMUSG00000074619,ENSMFAG00000038031
ENSMUSG00000080536,ENSMFAG00000035017
ENSMUSG00000030313,ENSMFAG00000044002
ENSMUSG00000023087,ENSMFAG00000002713
ENSMUSG00000074766,ENSMFAG00000003715
ENSMUSG00000038060,ENSMFAG00000043783
ENSMUSG00000037174,ENSMFAG00000042627
ENSMUSG00000045349,ENSMFAG00000051643
ENSMUSG00000065664,ENSMFAG00000005154
ENSMUSG00000065198,ENSMFAG00000059531
ENSMUSG00000039958,ENSMFAG00000039974
ENSMUSG00000000148,ENSMFAG00000000395
ENSMUSG00000039033,ENSMFAG00000036407
ENSMUSG00000073418,ENSMFAG00000003345
ENSMUSG00000028758,ENSMFAG00000043993
ENSMUSG00000042115,ENSMFAG00000037118
ENSMUSG00000010651,ENSMFAG00000044207
ENSMUSG00000030031,ENSMFAG00000003507
ENSMUSG00000042066,ENSMFAG00000038713
ENSMUSG00000031074,ENSMFAG00000036070
ENSMUSG00000074028,ENSMFAG00000035918
ENSMUSG00000043602,ENSMFAG00000047727
ENSMUSG00000061838,ENSMFAG00000041500
ENSMUSG00000028757,ENSMFAG00000046185
ENSMUSG00000058729,ENSMFAG00000001110
ENSMUSG00000057135,ENSMFAG00000063582
ENSMUSG00000092212,ENSMFAG00000035918
ENSMUSG00000020817,ENSMFAG00000037357
ENSMUSG00000036737,ENSMFAG00000041036
ENSMUSG00000054054,ENSMFAG00000026603
ENSMUSG00000028756,ENSMFAG00000025542
ENSMUSG00000054498,ENSMFAG00000054925
ENSMUSG00000055610,ENSMFAG00000052980
ENSMUSG00000045624,ENSMFAG00000036841
ENSMUSG00000028755,ENSMFAG00000000090
ENSMUSG00000047034,ENSMFAG00000043847
ENSMUSG00000024365,ENSMFAG00000063910
ENSMUSG00000024365,ENSMFAG00000002347
ENSMUSG00000074764,ENSMFAG00000040207
ENSMUSG00000078235,ENSMFAG00000053106
ENSMUSG00000041241,ENSMFAG00000034509
ENSMUSG00000030051,ENSMFAG00000045051
ENSMUSG00000032508,ENSMFAG00000041701
ENSMUSG00000000530,ENSMFAG00000039766
ENSMUSG00000015451,ENSMFAG00000003345
ENSMUSG00000050022,ENSMFAG00000045552
ENSMUSG00000046447,ENSMFAG00000041772
ENSMUSG00000028367,ENSMFAG00000049080
ENSMUSG00000028367,ENSMFAG00000033306
ENSMUSG00000028367,ENSMFAG00000034748
ENSMUSG00000028367,ENSMFAG00000027241
ENSMUSG00000028367,ENSMFAG00000024380
ENSMUSG00000061207,ENSMFAG00000038817
ENSMUSG00000026927,ENSMFAG00000040249
ENSMUSG00000038709,ENSMFAG00000031905
ENSMUSG00000000149,ENSMFAG00000046194
ENSMUSG00000036138,ENSMFAG00000044207
ENSMUSG00000036526,ENSMFAG00000036800
ENSMUSG00000043366,ENSMFAG00000014303
ENSMUSG00000040482,ENSMFAG00000042173
ENSMUSG00000030270,ENSMFAG00000035676
ENSMUSG00000037161,ENSMFAG00000044238
ENSMUSG00000028369,ENSMFAG00000043533
ENSMUSG00000110008,ENSMFAG00000062036
ENSMUSG00000026499,ENSMFAG00000045670
ENSMUSG00000060888,ENSMFAG00000055623
ENSMUSG00000073965,ENSMFAG00000029884
ENSMUSG00000043310,ENSMFAG00000058653
ENSMUSG00000041396,ENSMFAG00000022253
ENSMUSG00000040356,ENSMFAG00000034235
ENSMUSG00000039683,ENSMFAG00000032698
ENSMUSG00000026582,ENSMFAG00000001279
ENSMUSG00000000532,ENSMFAG00000031949
ENSMUSG00000000605,ENSMFAG00000041385
ENSMUSG00000026581,ENSMFAG00000042617
ENSMUSG00000001632,ENSMFAG00000045669
ENSMUSG00000093626,ENSMFAG00000062319
ENSMUSG00000034109,ENSMFAG00000057001
ENSMUSG00000022577,ENSMFAG00000036176
ENSMUSG00000036030,ENSMFAG00000038722
ENSMUSG00000038668,ENSMFAG00000002071
ENSMUSG00000038668,ENSMFAG00000034461
ENSMUSG00000096914,ENSMFAG00000003378
ENSMUSG00000022579,ENSMFAG00000062976
ENSMUSG00000026580,ENSMFAG00000036068
ENSMUSG00000027778,ENSMFAG00000044919
ENSMUSG00000068205,ENSMFAG00000044094
ENSMUSG00000034910,ENSMFAG00000033302
ENSMUSG00000000934,ENSMFAG00000035550
ENSMUSG00000031858,ENSMFAG00000041829
ENSMUSG00000092192,ENSMFAG00000042616
ENSMUSG00000078674,ENSMFAG00000059458
ENSMUSG00000041559,ENSMFAG00000033719
ENSMUSG00000078673,ENSMFAG00000059458
ENSMUSG00000026450,ENSMFAG00000045615
ENSMUSG00000045948,ENSMFAG00000044563
ENSMUSG00000024369,ENSMFAG00000036108
ENSMUSG00000070699,ENSMFAG00000035652
ENSMUSG00000022580,ENSMFAG00000032737
ENSMUSG00000118977,ENSMFAG00000006313
ENSMUSG00000058523,ENSMFAG00000059458
ENSMUSG00000034563,ENSMFAG00000031325
ENSMUSG00000096257,ENSMFAG00000009500
ENSMUSG00000064246,ENSMFAG00000003587
ENSMUSG00000030595,ENSMFAG00000036991
ENSMUSG00000078672,ENSMFAG00000059458
ENSMUSG00000066154,ENSMFAG00000059458
ENSMUSG00000119045,ENSMFAG00000049500
ENSMUSG00000051379,ENSMFAG00000029772
ENSMUSG00000089164,ENSMFAG00000037406
ENSMUSG00000089164,ENSMFAG00000059596
ENSMUSG00000089164,ENSMFAG00000062499
ENSMUSG00000056493,ENSMFAG00000041125
ENSMUSG00000066153,ENSMFAG00000059458
ENSMUSG00000028389,ENSMFAG00000000885
ENSMUSG00000030271,ENSMFAG00000041077
ENSMUSG00000034349,ENSMFAG00000003430
ENSMUSG00000040667,ENSMFAG00000036967
ENSMUSG00000026926,ENSMFAG00000001884
ENSMUSG00000039623,ENSMFAG00000032526
ENSMUSG00000066152,ENSMFAG00000047286
ENSMUSG00000030272,ENSMFAG00000040953
ENSMUSG00000042451,ENSMFAG00000038338
ENSMUSG00000028523,ENSMFAG00000044785
ENSMUSG00000036061,ENSMFAG00000052720
ENSMUSG00000036061,ENSMFAG00000038455
ENSMUSG00002075273,ENSMFAG00000017202
ENSMUSG00000048930,ENSMFAG00000044750
ENSMUSG00000051251,ENSMFAG00000064079
ENSMUSG00000009575,ENSMFAG00000003762
ENSMUSG00000032202,ENSMFAG00000003317
ENSMUSG00000003458,ENSMFAG00000003392
ENSMUSG00000066090,ENSMFAG00000003313
ENSMUSG00000035126,ENSMFAG00000033193
ENSMUSG00000002908,ENSMFAG00000040924
ENSMUSG00000057147,ENSMFAG00000002826
ENSMUSG00000065580,ENSMFAG00000014176
ENSMUSG00000065606,ENSMFAG00000015053
ENSMUSG00000034317,ENSMFAG00000045911
ENSMUSG00000027782,ENSMFAG00000041583
ENSMUSG00000090231,ENSMFAG00000059371
ENSMUSG00000046434,ENSMFAG00000031324
ENSMUSG00000092622,ENSMFAG00000041622
ENSMUSG00000029576,ENSMFAG00000000208
ENSMUSG00000079426,ENSMFAG00000038887
ENSMUSG00000032215,ENSMFAG00000051300
ENSMUSG00000026553,ENSMFAG00000031873
ENSMUSG00000030276,ENSMFAG00000033928
ENSMUSG00000028073,ENSMFAG00000013682
ENSMUSG00000086158,ENSMFAG00000043286
ENSMUSG00000040282,ENSMFAG00000000782
ENSMUSG00000032565,ENSMFAG00000042187
ENSMUSG00000052613,ENSMFAG00000041043
ENSMUSG00000028522,ENSMFAG00000043942
ENSMUSG00000053716,ENSMFAG00000041079
ENSMUSG00000007610,ENSMFAG00000004345
ENSMUSG00000048758,ENSMFAG00000029018
ENSMUSG00000048758,ENSMFAG00000065377
ENSMUSG00000048758,ENSMFAG00000030357
ENSMUSG00000048758,ENSMFAG00000063290
ENSMUSG00000048758,ENSMFAG00000033540
ENSMUSG00000048758,ENSMFAG00000030460
ENSMUSG00000023262,ENSMFAG00000065828
ENSMUSG00000023262,ENSMFAG00000033676
ENSMUSG00000058794,ENSMFAG00000044203
ENSMUSG00000026925,ENSMFAG00000002592
ENSMUSG00000036712,ENSMFAG00000043501
ENSMUSG00000051735,ENSMFAG00000044323
ENSMUSG00000051169,ENSMFAG00000032407
ENSMUSG00000060992,ENSMFAG00000045686
ENSMUSG00000003464,ENSMFAG00000041851
ENSMUSG00000074817,ENSMFAG00000031074
ENSMUSG00000065560,ENSMFAG00000008944
ENSMUSG00000039533,ENSMFAG00000045932
ENSMUSG00000000552,ENSMFAG00000042192
ENSMUSG00000038844,ENSMFAG00000034145
ENSMUSG00000029578,ENSMFAG00000044800
ENSMUSG00000000555,ENSMFAG00000036877
ENSMUSG00000018858,ENSMFAG00000023313
ENSMUSG00000018858,ENSMFAG00000019961
ENSMUSG00000026554,ENSMFAG00000040517
ENSMUSG00000030278,ENSMFAG00000031714
ENSMUSG00000050822,ENSMFAG00000039217
ENSMUSG00000024371,ENSMFAG00000002495
ENSMUSG00000051256,ENSMFAG00000038434
ENSMUSG00000043088,ENSMFAG00000034533
ENSMUSG00000034566,ENSMFAG00000033691
ENSMUSG00000034566,ENSMFAG00000051743
ENSMUSG00000028521,ENSMFAG00000025789
ENSMUSG00000022487,ENSMFAG00000041178
ENSMUSG00000023495,ENSMFAG00000001431
ENSMUSG00000016940,ENSMFAG00000040581
ENSMUSG00000008333,ENSMFAG00000031283
ENSMUSG00000028520,ENSMFAG00000044140
ENSMUSG00000052031,ENSMFAG00000032965
ENSMUSG00000013698,ENSMFAG00000033624
ENSMUSG00000027416,ENSMFAG00000052842
ENSMUSG00000029580,ENSMFAG00000031981
ENSMUSG00000094724,ENSMFAG00000039774
ENSMUSG00000053898,ENSMFAG00000043091
ENSMUSG00000027419,ENSMFAG00000037979
ENSMUSG00000035069,ENSMFAG00000033064
ENSMUSG00000053964,ENSMFAG00000000473
ENSMUSG00000007122,ENSMFAG00000036087
ENSMUSG00000023809,ENSMFAG00000032453
ENSMUSG00000027420,ENSMFAG00000035524
ENSMUSG00000028613,ENSMFAG00000031018
ENSMUSG00000045775,ENSMFAG00000000622
ENSMUSG00000005640,ENSMFAG00000038864
ENSMUSG00000029581,ENSMFAG00000001015
ENSMUSG00000022488,ENSMFAG00000001155
ENSMUSG00000026556,ENSMFAG00000033897
ENSMUSG00000110430,ENSMFAG00000039438
ENSMUSG00000018442,ENSMFAG00000042300
ENSMUSG00000015932,ENSMFAG00000001053
ENSMUSG00000015932,ENSMFAG00000060835
ENSMUSG00000028883,ENSMFAG00000043549
ENSMUSG00000043051,ENSMFAG00000042435
ENSMUSG00000071322,ENSMFAG00000032754
ENSMUSG00000071322,ENSMFAG00000045781
ENSMUSG00000053522,ENSMFAG00000039064
ENSMUSG00000053522,ENSMFAG00000044549
ENSMUSG00000026924,ENSMFAG00000031567
ENSMUSG00000070348,ENSMFAG00000039013
ENSMUSG00000030281,ENSMFAG00000031400
ENSMUSG00000031072,ENSMFAG00000063304
ENSMUSG00000022489,ENSMFAG00000033293
ENSMUSG00000020736,ENSMFAG00000030011
ENSMUSG00000023249,ENSMFAG00000032908
ENSMUSG00000065446,ENSMFAG00000035049
ENSMUSG00000047635,ENSMFAG00000052414
ENSMUSG00000036879,ENSMFAG00000043545
ENSMUSG00000040364,ENSMFAG00000049242
ENSMUSG00000029394,ENSMFAG00000030853
ENSMUSG00000040599,ENSMFAG00000056878
ENSMUSG00000045009,ENSMFAG00000037735
ENSMUSG00000079722,ENSMFAG00000041604
ENSMUSG00000003273,ENSMFAG00000003432
ENSMUSG00000056133,ENSMFAG00000035470
ENSMUSG00000030286,ENSMFAG00000001896
ENSMUSG00000034023,ENSMFAG00000032527
ENSMUSG00002076013,ENSMFAG00000014619
ENSMUSG00000038095,ENSMFAG00000031429
ENSMUSG00000033450,ENSMFAG00000032965
ENSMUSG00000031506,ENSMFAG00000039305
ENSMUSG00000069830,ENSMFAG00000059959
ENSMUSG00000073471,ENSMFAG00000041726
ENSMUSG00000022490,ENSMFAG00000037982
ENSMUSG00000057342,ENSMFAG00000036114
ENSMUSG00000027422,ENSMFAG00000008658
ENSMUSG00000026426,ENSMFAG00000000767
ENSMUSG00000070390,ENSMFAG00000059959
ENSMUSG00000095687,ENSMFAG00000039774
ENSMUSG00000041506,ENSMFAG00000000887
ENSMUSG00000026424,ENSMFAG00000045614
ENSMUSG00000022558,ENSMFAG00000032393
ENSMUSG00000026062,ENSMFAG00000045336
ENSMUSG00000031715,ENSMFAG00000043649
ENSMUSG00000069135,ENSMFAG00000040151
ENSMUSG00000020811,ENSMFAG00000003388
ENSMUSG00000092572,ENSMFAG00000035673
ENSMUSG00000066383,ENSMFAG00000039453
ENSMUSG00000026303,ENSMFAG00000040090
ENSMUSG00000066382,ENSMFAG00000033403
ENSMUSG00000070563,ENSMFAG00000063798
ENSMUSG00000003271,ENSMFAG00000042452
ENSMUSG00000037307,ENSMFAG00000034171
ENSMUSG00000091129,ENSMFAG00000035127
ENSMUSG00000023192,ENSMFAG00000045888
ENSMUSG00000027423,ENSMFAG00000039729
ENSMUSG00000090550,ENSMFAG00000043339
ENSMUSG00000026304,ENSMFAG00000036950
ENSMUSG00000040554,ENSMFAG00000031819
ENSMUSG00000048874,ENSMFAG00000046395
ENSMUSG00000062044,ENSMFAG00000053931
ENSMUSG00000031714,ENSMFAG00000044011
ENSMUSG00000020808,ENSMFAG00000040994
ENSMUSG00000096316,ENSMFAG00000038121
ENSMUSG00000026923,ENSMFAG00000000688
ENSMUSG00000056267,ENSMFAG00000038255
ENSMUSG00000000627,ENSMFAG00000027141
ENSMUSG00000000378,ENSMFAG00000001936
ENSMUSG00000006276,ENSMFAG00000000444
ENSMUSG00000038545,ENSMFAG00000046269
ENSMUSG00000117091,ENSMFAG00000001394
ENSMUSG00000026063,ENSMFAG00000033661
ENSMUSG00000119640,ENSMFAG00000019802
ENSMUSG00000058743,ENSMFAG00000045491
ENSMUSG00000060244,ENSMFAG00000001394
ENSMUSG00000038209,ENSMFAG00000034188
ENSMUSG00000053801,ENSMFAG00000030565
ENSMUSG00000002771,ENSMFAG00000031618
ENSMUSG00000004709,ENSMFAG00000045814
ENSMUSG00000030041,ENSMFAG00000033744
ENSMUSG00000002778,ENSMFAG00000000858
ENSMUSG00000041073,ENSMFAG00000034360
ENSMUSG00000004707,ENSMFAG00000051575
ENSMUSG00000004707,ENSMFAG00000042399
ENSMUSG00000068335,ENSMFAG00000042078
ENSMUSG00000037681,ENSMFAG00000038263
ENSMUSG00000029999,ENSMFAG00000044940
ENSMUSG00000027210,ENSMFAG00000024718
ENSMUSG00002075324,ENSMFAG00000007435
ENSMUSG00002075324,ENSMFAG00000006891
ENSMUSG00000040231,ENSMFAG00000034386
ENSMUSG00000002781,ENSMFAG00000000160
ENSMUSG00000022351,ENSMFAG00000043907
ENSMUSG00000057497,ENSMFAG00000065624
ENSMUSG00000057497,ENSMFAG00000042972
ENSMUSG00000057497,ENSMFAG00000058742
ENSMUSG00000034210,ENSMFAG00000038571
ENSMUSG00000034210,ENSMFAG00000000071
ENSMUSG00000023971,ENSMFAG00000003547
ENSMUSG00000057278,ENSMFAG00000041083
ENSMUSG00000057278,ENSMFAG00000013877
ENSMUSG00000057278,ENSMFAG00000027665
ENSMUSG00000031657,ENSMFAG00000002184
ENSMUSG00000032470,ENSMFAG00000040143
ENSMUSG00000022350,ENSMFAG00000031164
ENSMUSG00000063576,ENSMFAG00000039386
ENSMUSG00000086727,ENSMFAG00000001394
ENSMUSG00000029998,ENSMFAG00000045914
ENSMUSG00000040212,ENSMFAG00000032947
ENSMUSG00000046242,ENSMFAG00000032445
ENSMUSG00000094215,ENSMFAG00000001394
ENSMUSG00000020423,ENSMFAG00000025652
ENSMUSG00000020807,ENSMFAG00000039868
ENSMUSG00000032468,ENSMFAG00000036859
ENSMUSG00000009772,ENSMFAG00000038432
ENSMUSG00000071158,ENSMFAG00000002098
ENSMUSG00000071158,ENSMFAG00000039052
ENSMUSG00000041945,ENSMFAG00000042016
ENSMUSG00000049327,ENSMFAG00000002095
ENSMUSG00000014543,ENSMFAG00000037849
ENSMUSG00000015714,ENSMFAG00000038604
ENSMUSG00000002768,ENSMFAG00000027007
ENSMUSG00000116158,ENSMFAG00000046289
ENSMUSG00000026638,ENSMFAG00000033961
ENSMUSG00000036779,ENSMFAG00000002315
ENSMUSG00000030834,ENSMFAG00000001420
ENSMUSG00000119056,ENSMFAG00000016783
ENSMUSG00000030173,ENSMFAG00000037849
ENSMUSG00000020803,ENSMFAG00000029520
ENSMUSG00000026407,ENSMFAG00000037274
ENSMUSG00000059409,ENSMFAG00000040153
ENSMUSG00000020801,ENSMFAG00000000088
ENSMUSG00000031659,ENSMFAG00000037814
ENSMUSG00002075615,ENSMFAG00000004907
ENSMUSG00002075615,ENSMFAG00000005872
ENSMUSG00000061769,ENSMFAG00000037849
ENSMUSG00000044556,ENSMFAG00000039763
ENSMUSG00000000384,ENSMFAG00000032141
ENSMUSG00000032469,ENSMFAG00000043642
ENSMUSG00000029401,ENSMFAG00000034620
ENSMUSG00000079852,ENSMFAG00000037849
ENSMUSG00000015522,ENSMFAG00000038379
ENSMUSG00000119609,ENSMFAG00000047781
ENSMUSG00000119502,ENSMFAG00000016783
ENSMUSG00000030835,ENSMFAG00000044866
ENSMUSG00000089727,ENSMFAG00000037849
ENSMUSG00000029402,ENSMFAG00000008986
ENSMUSG00000002763,ENSMFAG00000034586
ENSMUSG00000029392,ENSMFAG00000041844
ENSMUSG00000028709,ENSMFAG00000032003
ENSMUSG00000118694,ENSMFAG00000016783
ENSMUSG00000119829,ENSMFAG00000016783
ENSMUSG00000028708,ENSMFAG00000026976
ENSMUSG00002075645,ENSMFAG00000040721
ENSMUSG00000033024,ENSMFAG00000037849
ENSMUSG00000002769,ENSMFAG00000045063
ENSMUSG00000008429,ENSMFAG00000045309
ENSMUSG00000029390,ENSMFAG00000039002
ENSMUSG00000023973,ENSMFAG00000030669
ENSMUSG00000001833,ENSMFAG00000045134
ENSMUSG00000009394,ENSMFAG00000041997
ENSMUSG00000029389,ENSMFAG00000038165
ENSMUSG00000063888,ENSMFAG00000053469
ENSMUSG00000036568,ENSMFAG00000001446
ENSMUSG00000041794,ENSMFAG00000027633
ENSMUSG00000096146,ENSMFAG00000010384
ENSMUSG00000019370,ENSMFAG00000036156
ENSMUSG00000030317,ENSMFAG00000052548
ENSMUSG00000064495,ENSMFAG00000006907
ENSMUSG00000065686,ENSMFAG00000006865
ENSMUSG00000030232,ENSMFAG00000032231
ENSMUSG00000070802,ENSMFAG00000035539
ENSMUSG00000041141,ENSMFAG00000006014
ENSMUSG00000045316,ENSMFAG00000037024
ENSMUSG00000029388,ENSMFAG00000000483
ENSMUSG00000024169,ENSMFAG00000038575
ENSMUSG00000020805,ENSMFAG00000043319
ENSMUSG00000108348,ENSMFAG00000029984
ENSMUSG00000003099,ENSMFAG00000034179
ENSMUSG00000073774,ENSMFAG00000045471
ENSMUSG00000028707,ENSMFAG00000058375
ENSMUSG00000041608,ENSMFAG00000004057
ENSMUSG00000026883,ENSMFAG00000042287
ENSMUSG00000034171,ENSMFAG00000046153
ENSMUSG00000029387,ENSMFAG00000035951
ENSMUSG00000025794,ENSMFAG00000032338
ENSMUSG00000025794,ENSMFAG00000058181
ENSMUSG00000025794,ENSMFAG00000055324
ENSMUSG00000031660,ENSMFAG00000035566
ENSMUSG00000004328,ENSMFAG00000025583
ENSMUSG00000006941,ENSMFAG00000037264
ENSMUSG00000043468,ENSMFAG00000036625
ENSMUSG00000027876,ENSMFAG00000005388
ENSMUSG00000041046,ENSMFAG00000045498
ENSMUSG00000027875,ENSMFAG00000043696
ENSMUSG00000118662,ENSMFAG00000031900
ENSMUSG00000032401,ENSMFAG00000000458
ENSMUSG00000040483,ENSMFAG00000059411
ENSMUSG00000029439,ENSMFAG00000037352
ENSMUSG00000053398,ENSMFAG00000032226
ENSMUSG00000041570,ENSMFAG00000041258
ENSMUSG00000043004,ENSMFAG00000053414
ENSMUSG00000024168,ENSMFAG00000032333
ENSMUSG00000070388,ENSMFAG00000035935
ENSMUSG00000024170,ENSMFAG00000037116
ENSMUSG00000020431,ENSMFAG00000038024
ENSMUSG00000020431,ENSMFAG00000061282
ENSMUSG00000032400,ENSMFAG00000036529
ENSMUSG00000090817,ENSMFAG00000061533
ENSMUSG00000090817,ENSMFAG00000039795
ENSMUSG00000090817,ENSMFAG00000000449
ENSMUSG00000090817,ENSMFAG00000037292
ENSMUSG00000090817,ENSMFAG00000045839
ENSMUSG00000063882,ENSMFAG00000044444
ENSMUSG00000095143,ENSMFAG00000061533
ENSMUSG00000095143,ENSMFAG00000039795
ENSMUSG00000095143,ENSMFAG00000000449
ENSMUSG00000095143,ENSMFAG00000037292
ENSMUSG00000095143,ENSMFAG00000045839
ENSMUSG00000041117,ENSMFAG00000041847
ENSMUSG00000095388,ENSMFAG00000061533
ENSMUSG00000095388,ENSMFAG00000039795
ENSMUSG00000095388,ENSMFAG00000000449
ENSMUSG00000095388,ENSMFAG00000037292
ENSMUSG00000095388,ENSMFAG00000045839
ENSMUSG00000028703,ENSMFAG00000039635
ENSMUSG00000045107,ENSMFAG00000045847
ENSMUSG00000020429,ENSMFAG00000048847
ENSMUSG00000023243,ENSMFAG00000043138
ENSMUSG00000038092,ENSMFAG00000061533
ENSMUSG00000038092,ENSMFAG00000039795
ENSMUSG00000038092,ENSMFAG00000000449
ENSMUSG00000038092,ENSMFAG00000037292
ENSMUSG00000038092,ENSMFAG00000045839
ENSMUSG00000020427,ENSMFAG00000048572
ENSMUSG00000063730,ENSMFAG00000061533
ENSMUSG00000063730,ENSMFAG00000039795
ENSMUSG00000063730,ENSMFAG00000000449
ENSMUSG00000063730,ENSMFAG00000037292
ENSMUSG00000063730,ENSMFAG00000045839
ENSMUSG00000029436,ENSMFAG00000031345
ENSMUSG00000062410,ENSMFAG00000061533
ENSMUSG00000062410,ENSMFAG00000039795
ENSMUSG00000062410,ENSMFAG00000000449
ENSMUSG00000062410,ENSMFAG00000037292
ENSMUSG00000062410,ENSMFAG00000045839
ENSMUSG00000079343,ENSMFAG00000044978
ENSMUSG00000023387,ENSMFAG00000002849
ENSMUSG00000027869,ENSMFAG00000061533
ENSMUSG00000027869,ENSMFAG00000039795
ENSMUSG00000027869,ENSMFAG00000000449
ENSMUSG00000027869,ENSMFAG00000037292
ENSMUSG00000027869,ENSMFAG00000045839
ENSMUSG00000041605,ENSMFAG00000000317
ENSMUSG00000051034,ENSMFAG00000064152
ENSMUSG00000020799,ENSMFAG00000041601
ENSMUSG00000021809,ENSMFAG00000037900
ENSMUSG00000004270,ENSMFAG00000038298
ENSMUSG00000028702,ENSMFAG00000031241
ENSMUSG00000034211,ENSMFAG00000060617
ENSMUSG00000034211,ENSMFAG00000061060
ENSMUSG00000028124,ENSMFAG00000036066
ENSMUSG00000004268,ENSMFAG00000037142
ENSMUSG00000119402,ENSMFAG00000065071
ENSMUSG00000058761,ENSMFAG00000031265
ENSMUSG00000047388,ENSMFAG00000035738
ENSMUSG00000034088,ENSMFAG00000033641
ENSMUSG00000035211,ENSMFAG00000002984
ENSMUSG00002076646,ENSMFAG00000008514
ENSMUSG00000031847,ENSMFAG00000041497
ENSMUSG00000004264,ENSMFAG00000042277
ENSMUSG00000045667,ENSMFAG00000032547
ENSMUSG00000029432,ENSMFAG00000044760
ENSMUSG00000032399,ENSMFAG00000036412
ENSMUSG00000034424,ENSMFAG00000030429
ENSMUSG00000034424,ENSMFAG00000041821
ENSMUSG00000039756,ENSMFAG00000025743
ENSMUSG00000039756,ENSMFAG00000003472
ENSMUSG00000044172,ENSMFAG00000031460
ENSMUSG00000028700,ENSMFAG00000000070
ENSMUSG00000034416,ENSMFAG00000044240
ENSMUSG00000040471,ENSMFAG00000047923
ENSMUSG00000036636,ENSMFAG00000031886
ENSMUSG00000028121,ENSMFAG00000045481
ENSMUSG00000020422,ENSMFAG00000039404
ENSMUSG00000029446,ENSMFAG00000047517
ENSMUSG00000029446,ENSMFAG00000046356
ENSMUSG00000088835,ENSMFAG00000012059
ENSMUSG00000065474,ENSMFAG00000011394
ENSMUSG00000060759,ENSMFAG00000040722
ENSMUSG00000004266,ENSMFAG00000033356
ENSMUSG00000110092,ENSMFAG00000060780
ENSMUSG00000110092,ENSMFAG00000059860
ENSMUSG00000065752,ENSMFAG00000005890
ENSMUSG00000119388,ENSMFAG00000014521
ENSMUSG00000064514,ENSMFAG00000011946
ENSMUSG00000032398,ENSMFAG00000046383
ENSMUSG00000065512,ENSMFAG00000011774
ENSMUSG00000021810,ENSMFAG00000039372
ENSMUSG00000031766,ENSMFAG00000045325
ENSMUSG00000004936,ENSMFAG00000036522
ENSMUSG00000065304,ENSMFAG00000004373
ENSMUSG00000065304,ENSMFAG00000004446
ENSMUSG00000093413,ENSMFAG00000059566
ENSMUSG00000093413,ENSMFAG00000057263
ENSMUSG00000028184,ENSMFAG00000035421
ENSMUSG00000039599,ENSMFAG00000003987
ENSMUSG00000035337,ENSMFAG00000002583
ENSMUSG00000032397,ENSMFAG00000031924
ENSMUSG00000040463,ENSMFAG00000041860
ENSMUSG00000073960,ENSMFAG00000055623
ENSMUSG00000078080,ENSMFAG00000055623
ENSMUSG00000025537,ENSMFAG00000045222
ENSMUSG00000031770,ENSMFAG00000034370
ENSMUSG00000088254,ENSMFAG00000021629
ENSMUSG00000032396,ENSMFAG00000035628
ENSMUSG00000042219,ENSMFAG00000041329
ENSMUSG00000070493,ENSMFAG00000063510
ENSMUSG00000070493,ENSMFAG00000012886
ENSMUSG00000070493,ENSMFAG00000056343
ENSMUSG00000070493,ENSMFAG00000030830
ENSMUSG00000026276,ENSMFAG00000039700
ENSMUSG00000074151,ENSMFAG00000032845
ENSMUSG00000059562,ENSMFAG00000000761
ENSMUSG00000073914,ENSMFAG00000063216
ENSMUSG00000034173,ENSMFAG00000045200
ENSMUSG00000066735,ENSMFAG00000037750
ENSMUSG00000025534,ENSMFAG00000048686
ENSMUSG00000025534,ENSMFAG00000039768
ENSMUSG00000067722,ENSMFAG00000059912
ENSMUSG00000015127,ENSMFAG00000064676
ENSMUSG00000072772,ENSMFAG00000054549
ENSMUSG00000118723,ENSMFAG00000053420
ENSMUSG00000028179,ENSMFAG00000040329
ENSMUSG00000004263,ENSMFAG00000001982
ENSMUSG00000040852,ENSMFAG00000037120
ENSMUSG00000025533,ENSMFAG00000046143
ENSMUSG00000020798,ENSMFAG00000029607
ENSMUSG00000004267,ENSMFAG00000003928
ENSMUSG00000032024,ENSMFAG00000042143
ENSMUSG00000039988,ENSMFAG00000042830
ENSMUSG00000015656,ENSMFAG00000036316
ENSMUSG00000015656,ENSMFAG00000038633
ENSMUSG00000026885,ENSMFAG00000030346
ENSMUSG00000026098,ENSMFAG00000036903
ENSMUSG00000031516,ENSMFAG00000041261
ENSMUSG00000020794,ENSMFAG00000002210
ENSMUSG00000040505,ENSMFAG00000003442
ENSMUSG00000119805,ENSMFAG00000005139
ENSMUSG00000118706,ENSMFAG00000005223
ENSMUSG00000054360,ENSMFAG00000049055
ENSMUSG00000021811,ENSMFAG00000050309
ENSMUSG00000020790,ENSMFAG00000030993
ENSMUSG00000094985,ENSMFAG00000040339
ENSMUSG00000049960,ENSMFAG00000042542
ENSMUSG00000028701,ENSMFAG00000036741
ENSMUSG00000030125,ENSMFAG00000040201
ENSMUSG00000028699,ENSMFAG00000042909
ENSMUSG00000039543,ENSMFAG00000042575
ENSMUSG00000026097,ENSMFAG00000002914
ENSMUSG00000063412,ENSMFAG00000042874
ENSMUSG00000036768,ENSMFAG00000039831
ENSMUSG00000026894,ENSMFAG00000035428
ENSMUSG00000024254,ENSMFAG00000045442
ENSMUSG00000071113,ENSMFAG00000039870
ENSMUSG00000121905,ENSMFAG00000045130
ENSMUSG00000030074,ENSMFAG00000044294
ENSMUSG00000042244,ENSMFAG00000040293
ENSMUSG00000031513,ENSMFAG00000032781
ENSMUSG00000026096,ENSMFAG00000031772
ENSMUSG00000055900,ENSMFAG00000011600
ENSMUSG00000055900,ENSMFAG00000000895
ENSMUSG00000028693,ENSMFAG00000043112
ENSMUSG00000031532,ENSMFAG00000046215
ENSMUSG00000077359,ENSMFAG00000013937
ENSMUSG00000040152,ENSMFAG00000033011
ENSMUSG00000056054,ENSMFAG00000039568
ENSMUSG00000056071,ENSMFAG00000045130
ENSMUSG00000031734,ENSMFAG00000032048
ENSMUSG00000042250,ENSMFAG00000002961
ENSMUSG00000057778,ENSMFAG00000041671
ENSMUSG00000035325,ENSMFAG00000001213
ENSMUSG00000038193,ENSMFAG00000046008
ENSMUSG00000026095,ENSMFAG00000039228
ENSMUSG00000096621,ENSMFAG00000045130
ENSMUSG00000038451,ENSMFAG00000036312
ENSMUSG00000121904,ENSMFAG00000045130
ENSMUSG00000027552,ENSMFAG00000056123
ENSMUSG00000052974,ENSMFAG00000048408
ENSMUSG00000020407,ENSMFAG00000003183
ENSMUSG00000023456,ENSMFAG00000032800
ENSMUSG00000023456,ENSMFAG00000003871
ENSMUSG00000027751,ENSMFAG00000031911
ENSMUSG00000026890,ENSMFAG00000044342
ENSMUSG00000024120,ENSMFAG00000041560
ENSMUSG00000058709,ENSMFAG00000046019
ENSMUSG00000117809,ENSMFAG00000049774
ENSMUSG00000028692,ENSMFAG00000036808
ENSMUSG00000053291,ENSMFAG00000033349
ENSMUSG00000038429,ENSMFAG00000000814
ENSMUSG00000004668,ENSMFAG00000002061
ENSMUSG00000025787,ENSMFAG00000040342
ENSMUSG00000021814,ENSMFAG00000043677
ENSMUSG00000065185,ENSMFAG00000050260
ENSMUSG00000028691,ENSMFAG00000062110
ENSMUSG00000025952,ENSMFAG00000047676
ENSMUSG00000061479,ENSMFAG00000041710
ENSMUSG00000073658,ENSMFAG00000052040
ENSMUSG00000023505,ENSMFAG00000042353
ENSMUSG00000032267,ENSMFAG00000042145
ENSMUSG00000044816,ENSMFAG00000003892
ENSMUSG00000119631,ENSMFAG00000024137
ENSMUSG00000027344,ENSMFAG00000031510
ENSMUSG00000037306,ENSMFAG00000034191
ENSMUSG00000078786,ENSMFAG00000003269
ENSMUSG00000025950,ENSMFAG00000037839
ENSMUSG00000023439,ENSMFAG00000029449
ENSMUSG00000121976,ENSMFAG00000001686
ENSMUSG00000121976,ENSMFAG00000029793
ENSMUSG00000096255,ENSMFAG00000033424
ENSMUSG00000003752,ENSMFAG00000002124
ENSMUSG00000118665,ENSMFAG00000031061
ENSMUSG00000050830,ENSMFAG00000051675
ENSMUSG00000035297,ENSMFAG00000045246
ENSMUSG00000000579,ENSMFAG00000033424
ENSMUSG00000003762,ENSMFAG00000038490
ENSMUSG00000095677,ENSMFAG00000033424
ENSMUSG00000037295,ENSMFAG00000065124
ENSMUSG00000036834,ENSMFAG00000042166
ENSMUSG00000027430,ENSMFAG00000044812
ENSMUSG00000027430,ENSMFAG00000034375
ENSMUSG00000088244,ENSMFAG00000004865
ENSMUSG00000025949,ENSMFAG00000041669
ENSMUSG00000046201,ENSMFAG00000032738
ENSMUSG00000070661,ENSMFAG00000030210
ENSMUSG00000040133,ENSMFAG00000039488
ENSMUSG00000041143,ENSMFAG00000032313
ENSMUSG00000027431,ENSMFAG00000050245
ENSMUSG00000062148,ENSMFAG00000050506
ENSMUSG00000062148,ENSMFAG00000055348
ENSMUSG00000062148,ENSMFAG00000059196
ENSMUSG00000026889,ENSMFAG00000000443
ENSMUSG00000004561,ENSMFAG00000043736
ENSMUSG00000038390,ENSMFAG00000037690
ENSMUSG00000023800,ENSMFAG00000000660
ENSMUSG00000023274,ENSMFAG00000041228
ENSMUSG00000029322,ENSMFAG00000001332
ENSMUSG00000063160,ENSMFAG00000024673
ENSMUSG00000032264,ENSMFAG00000005588
ENSMUSG00000026887,ENSMFAG00000044303
ENSMUSG00000089832,ENSMFAG00000041593
ENSMUSG00000063873,ENSMFAG00000037051
ENSMUSG00000029319,ENSMFAG00000033468
ENSMUSG00000028747,ENSMFAG00000032215
ENSMUSG00000030120,ENSMFAG00000060388
ENSMUSG00000041120,ENSMFAG00000037763
ENSMUSG00000035273,ENSMFAG00000030543
ENSMUSG00000050608,ENSMFAG00000037518
ENSMUSG00000028745,ENSMFAG00000037255
ENSMUSG00000047250,ENSMFAG00000046283
ENSMUSG00000035266,ENSMFAG00000040731
ENSMUSG00000030127,ENSMFAG00000038467
ENSMUSG00000040466,ENSMFAG00000040130
ENSMUSG00000025964,ENSMFAG00000030094
ENSMUSG00000072572,ENSMFAG00000046045
ENSMUSG00000026921,ENSMFAG00000043021
ENSMUSG00000004558,ENSMFAG00000032399
ENSMUSG00000055200,ENSMFAG00000034796
ENSMUSG00000008384,ENSMFAG00000030367
ENSMUSG00000053198,ENSMFAG00000044290
ENSMUSG00000030329,ENSMFAG00000001518
ENSMUSG00000036983,ENSMFAG00000031968
ENSMUSG00000020193,ENSMFAG00000042535
ENSMUSG00000032259,ENSMFAG00000043416
ENSMUSG00000091530,ENSMFAG00000024948
ENSMUSG00000023802,ENSMFAG00000032154
ENSMUSG00000040424,ENSMFAG00000043018
ENSMUSG00000016833,ENSMFAG00000036317
ENSMUSG00000016833,ENSMFAG00000003991
ENSMUSG00000040219,ENSMFAG00000001067
ENSMUSG00000020191,ENSMFAG00000045999
ENSMUSG00000003363,ENSMFAG00000031315
ENSMUSG00000043705,ENSMFAG00000004701
ENSMUSG00000038346,ENSMFAG00000037538
ENSMUSG00000065298,ENSMFAG00000014619
ENSMUSG00000020182,ENSMFAG00000025021
ENSMUSG00000035234,ENSMFAG00000000267
ENSMUSG00000028744,ENSMFAG00000038284
ENSMUSG00000024064,ENSMFAG00000002970
ENSMUSG00000006311,ENSMFAG00000042076
ENSMUSG00000036733,ENSMFAG00000002758
ENSMUSG00000098590,ENSMFAG00000038033
ENSMUSG00000032101,ENSMFAG00000040048
ENSMUSG00000029314,ENSMFAG00000056266
ENSMUSG00000028743,ENSMFAG00000059587
ENSMUSG00000028743,ENSMFAG00000056177
ENSMUSG00000020788,ENSMFAG00000001154
ENSMUSG00000032103,ENSMFAG00000041002
ENSMUSG00000028741,ENSMFAG00000033225
ENSMUSG00000078762,ENSMFAG00000001988
ENSMUSG00000050555,ENSMFAG00000010478
ENSMUSG00000024065,ENSMFAG00000033132
ENSMUSG00000074452,ENSMFAG00000003094
ENSMUSG00000061979,ENSMFAG00000021544
ENSMUSG00000052469,ENSMFAG00000032754
ENSMUSG00000052469,ENSMFAG00000045781
ENSMUSG00000078517,ENSMFAG00000000226
ENSMUSG00000008813,ENSMFAG00000001424
ENSMUSG00000032099,ENSMFAG00000045027
ENSMUSG00000068392,ENSMFAG00000055569
ENSMUSG00000063870,ENSMFAG00000003188
ENSMUSG00000004562,ENSMFAG00000023588
ENSMUSG00000094995,ENSMFAG00000052555
ENSMUSG00000091215,ENSMFAG00000000989
ENSMUSG00000091174,ENSMFAG00000052402
ENSMUSG00002075210,ENSMFAG00000014619
ENSMUSG00000119272,ENSMFAG00000051127
ENSMUSG00000005553,ENSMFAG00000038036
ENSMUSG00000028141,ENSMFAG00000000682
ENSMUSG00000074472,ENSMFAG00000044907
ENSMUSG00000015950,ENSMFAG00000038102
ENSMUSG00000057982,ENSMFAG00000032518
ENSMUSG00000027860,ENSMFAG00000000860
ENSMUSG00000087823,ENSMFAG00000055333
ENSMUSG00000115378,ENSMFAG00000031105
ENSMUSG00000069085,ENSMFAG00000044098
ENSMUSG00000062794,ENSMFAG00000032518
ENSMUSG00000066829,ENSMFAG00000032518
ENSMUSG00000025963,ENSMFAG00000035811
ENSMUSG00000066036,ENSMFAG00000035375
ENSMUSG00000036777,ENSMFAG00000045618
ENSMUSG00000059857,ENSMFAG00000036547
ENSMUSG00000025962,ENSMFAG00000033471
ENSMUSG00000001768,ENSMFAG00000002995
ENSMUSG00000006315,ENSMFAG00000038699
ENSMUSG00000060261,ENSMFAG00000031566
ENSMUSG00000077704,ENSMFAG00000012213
ENSMUSG00000048234,ENSMFAG00000038019
ENSMUSG00000032239,ENSMFAG00000051384
ENSMUSG00000032239,ENSMFAG00000001526
ENSMUSG00000036411,ENSMFAG00000029368
ENSMUSG00000050967,ENSMFAG00000043737
ENSMUSG00000061099,ENSMFAG00000037754
ENSMUSG00000040969,ENSMFAG00000041172
ENSMUSG00000057173,ENSMFAG00000034469
ENSMUSG00000065540,ENSMFAG00000014892
ENSMUSG00000028273,ENSMFAG00000030301
ENSMUSG00000026074,ENSMFAG00000030642
ENSMUSG00000026922,ENSMFAG00000034214
ENSMUSG00000032265,ENSMFAG00000063328
ENSMUSG00000031073,ENSMFAG00000043051
ENSMUSG00000032185,ENSMFAG00000036898
ENSMUSG00000040613,ENSMFAG00000000277
ENSMUSG00000020787,ENSMFAG00000038677
ENSMUSG00000041578,ENSMFAG00000039279
ENSMUSG00000030117,ENSMFAG00000038386
ENSMUSG00000065721,ENSMFAG00000017101
ENSMUSG00000046323,ENSMFAG00000061354
ENSMUSG00000046323,ENSMFAG00000035407
ENSMUSG00000041571,ENSMFAG00000057852
ENSMUSG00000030114,ENSMFAG00000003591
ENSMUSG00000020176,ENSMFAG00000002619
ENSMUSG00000041560,ENSMFAG00000045103
ENSMUSG00002075919,ENSMFAG00000054153
ENSMUSG00002075919,ENSMFAG00000057446
ENSMUSG00002075919,ENSMFAG00000053991
ENSMUSG00002075919,ENSMFAG00000057264
ENSMUSG00002075919,ENSMFAG00000049625
ENSMUSG00002075919,ENSMFAG00000053493
ENSMUSG00002075919,ENSMFAG00000049223
ENSMUSG00002075919,ENSMFAG00000051935
ENSMUSG00002075919,ENSMFAG00000059118
ENSMUSG00002075919,ENSMFAG00000065457
ENSMUSG00002075919,ENSMFAG00000050158
ENSMUSG00002075919,ENSMFAG00000051070
ENSMUSG00002075919,ENSMFAG00000052550
ENSMUSG00002075919,ENSMFAG00000052958
ENSMUSG00002075919,ENSMFAG00000054989
ENSMUSG00002075919,ENSMFAG00000054533
ENSMUSG00002075919,ENSMFAG00000054195
ENSMUSG00002075919,ENSMFAG00000052514
ENSMUSG00002075919,ENSMFAG00000051186
ENSMUSG00002075919,ENSMFAG00000060984
ENSMUSG00002075919,ENSMFAG00000055372
ENSMUSG00002075919,ENSMFAG00000055397
ENSMUSG00002075919,ENSMFAG00000054043
ENSMUSG00002075919,ENSMFAG00000048918
ENSMUSG00002075919,ENSMFAG00000061312
ENSMUSG00002075919,ENSMFAG00000054682
ENSMUSG00002075919,ENSMFAG00000052919
ENSMUSG00002075919,ENSMFAG00000063332
ENSMUSG00002075919,ENSMFAG00000058940
ENSMUSG00002075919,ENSMFAG00000063774
ENSMUSG00002075919,ENSMFAG00000062164
ENSMUSG00002075919,ENSMFAG00000065208
ENSMUSG00002075919,ENSMFAG00000053835
ENSMUSG00002075919,ENSMFAG00000064710
ENSMUSG00002075919,ENSMFAG00000047778
ENSMUSG00002075919,ENSMFAG00000060777
ENSMUSG00002075919,ENSMFAG00000057142
ENSMUSG00002075919,ENSMFAG00000056506
ENSMUSG00002075919,ENSMFAG00000048951
ENSMUSG00002075919,ENSMFAG00000064718
ENSMUSG00002075919,ENSMFAG00000057710
ENSMUSG00002075919,ENSMFAG00000058161
ENSMUSG00002075919,ENSMFAG00000054959
ENSMUSG00002075919,ENSMFAG00000060270
ENSMUSG00002075919,ENSMFAG00000056682
ENSMUSG00002075919,ENSMFAG00000058780
ENSMUSG00002075919,ENSMFAG00000060362
ENSMUSG00000007458,ENSMFAG00000003259
ENSMUSG00000075384,ENSMFAG00000043292
ENSMUSG00000036186,ENSMFAG00000045811
ENSMUSG00000040669,ENSMFAG00000007626
ENSMUSG00000064858,ENSMFAG00000027019
ENSMUSG00000064858,ENSMFAG00000026051
ENSMUSG00000050015,ENSMFAG00000043044
ENSMUSG00000080478,ENSMFAG00000021414
ENSMUSG00000093249,ENSMFAG00000054153
ENSMUSG00000093249,ENSMFAG00000057446
ENSMUSG00000093249,ENSMFAG00000053991
ENSMUSG00000093249,ENSMFAG00000057264
ENSMUSG00000093249,ENSMFAG00000049625
ENSMUSG00000093249,ENSMFAG00000053493
ENSMUSG00000093249,ENSMFAG00000049223
ENSMUSG00000093249,ENSMFAG00000051935
ENSMUSG00000093249,ENSMFAG00000059118
ENSMUSG00000093249,ENSMFAG00000065457
ENSMUSG00000093249,ENSMFAG00000050158
ENSMUSG00000093249,ENSMFAG00000051070
ENSMUSG00000093249,ENSMFAG00000052550
ENSMUSG00000093249,ENSMFAG00000052958
ENSMUSG00000093249,ENSMFAG00000054989
ENSMUSG00000093249,ENSMFAG00000054533
ENSMUSG00000093249,ENSMFAG00000054195
ENSMUSG00000093249,ENSMFAG00000052514
ENSMUSG00000093249,ENSMFAG00000051186
ENSMUSG00000093249,ENSMFAG00000060984
ENSMUSG00000093249,ENSMFAG00000055372
ENSMUSG00000093249,ENSMFAG00000055397
ENSMUSG00000093249,ENSMFAG00000054043
ENSMUSG00000093249,ENSMFAG00000048918
ENSMUSG00000093249,ENSMFAG00000061312
ENSMUSG00000093249,ENSMFAG00000054682
ENSMUSG00000093249,ENSMFAG00000052919
ENSMUSG00000093249,ENSMFAG00000063332
ENSMUSG00000093249,ENSMFAG00000058940
ENSMUSG00000093249,ENSMFAG00000063774
ENSMUSG00000093249,ENSMFAG00000062164
ENSMUSG00000093249,ENSMFAG00000065208
ENSMUSG00000093249,ENSMFAG00000053835
ENSMUSG00000093249,ENSMFAG00000064710
ENSMUSG00000093249,ENSMFAG00000047778
ENSMUSG00000093249,ENSMFAG00000060777
ENSMUSG00000093249,ENSMFAG00000057142
ENSMUSG00000093249,ENSMFAG00000056506
ENSMUSG00000093249,ENSMFAG00000048951
ENSMUSG00000093249,ENSMFAG00000064718
ENSMUSG00000093249,ENSMFAG00000057710
ENSMUSG00000093249,ENSMFAG00000058161
ENSMUSG00000093249,ENSMFAG00000054959
ENSMUSG00000093249,ENSMFAG00000060270
ENSMUSG00000093249,ENSMFAG00000056682
ENSMUSG00000093249,ENSMFAG00000058780
ENSMUSG00000093249,ENSMFAG00000060362
ENSMUSG00000074364,ENSMFAG00000045476
ENSMUSG00000001767,ENSMFAG00000039893
ENSMUSG00000032420,ENSMFAG00000033027
ENSMUSG00000078796,ENSMFAG00000008705
ENSMUSG00000032422,ENSMFAG00000010669
ENSMUSG00000006024,ENSMFAG00000000053
ENSMUSG00000036160,ENSMFAG00000047763
ENSMUSG00000020785,ENSMFAG00000030883
ENSMUSG00000006021,ENSMFAG00000039746
ENSMUSG00000015776,ENSMFAG00000042665
ENSMUSG00000039838,ENSMFAG00000037500
ENSMUSG00000075377,ENSMFAG00000049737
ENSMUSG00000072571,ENSMFAG00000000773
ENSMUSG00000030376,ENSMFAG00000037527
ENSMUSG00000037143,ENSMFAG00000040250
ENSMUSG00000014592,ENSMFAG00000035577
ENSMUSG00000044286,ENSMFAG00000040284
ENSMUSG00000065853,ENSMFAG00000006728
ENSMUSG00000040649,ENSMFAG00000030512
ENSMUSG00000040649,ENSMFAG00000060428
ENSMUSG00000060373,ENSMFAG00000065750
ENSMUSG00000020783,ENSMFAG00000024176
ENSMUSG00000025103,ENSMFAG00000000809
ENSMUSG00000030116,ENSMFAG00000064192
ENSMUSG00000060913,ENSMFAG00000004059
ENSMUSG00000038623,ENSMFAG00000036327
ENSMUSG00000005947,ENSMFAG00000035926
ENSMUSG00000068917,ENSMFAG00000050341
ENSMUSG00000040627,ENSMFAG00000064606
ENSMUSG00000025104,ENSMFAG00000063380
ENSMUSG00000032423,ENSMFAG00000036355
ENSMUSG00000118972,ENSMFAG00000063766
ENSMUSG00000030284,ENSMFAG00000001014
ENSMUSG00000062647,ENSMFAG00000047324
ENSMUSG00000062647,ENSMFAG00000049923
ENSMUSG00000039768,ENSMFAG00000034630
ENSMUSG00000032737,ENSMFAG00000037937
ENSMUSG00000009030,ENSMFAG00000049180
ENSMUSG00000051936,ENSMFAG00000040057
ENSMUSG00000029883,ENSMFAG00000039259
ENSMUSG00000001016,ENSMFAG00000030239
ENSMUSG00000001016,ENSMFAG00000037304
ENSMUSG00000026073,ENSMFAG00000046196
ENSMUSG00000065258,ENSMFAG00000012668
ENSMUSG00000064829,ENSMFAG00000007481
ENSMUSG00000065295,ENSMFAG00000007368
ENSMUSG00000065295,ENSMFAG00000007572
ENSMUSG00000005102,ENSMFAG00000035646
ENSMUSG00000101303,ENSMFAG00000056716
ENSMUSG00000050107,ENSMFAG00000050121
ENSMUSG00000005950,ENSMFAG00000038002
ENSMUSG00000001018,ENSMFAG00000059526
ENSMUSG00000076463,ENSMFAG00000058032
ENSMUSG00000076463,ENSMFAG00000056428
ENSMUSG00000076463,ENSMFAG00000059294
ENSMUSG00000107486,ENSMFAG00000059431
ENSMUSG00000107486,ENSMFAG00000061924
ENSMUSG00000107486,ENSMFAG00000048982
ENSMUSG00000022102,ENSMFAG00000026923
ENSMUSG00000039759,ENSMFAG00000000408
ENSMUSG00000076465,ENSMFAG00000055769
ENSMUSG00000076465,ENSMFAG00000054752
ENSMUSG00000076465,ENSMFAG00000065633
ENSMUSG00000001017,ENSMFAG00000045452
ENSMUSG00000095574,ENSMFAG00000060031
ENSMUSG00000047777,ENSMFAG00000046366
ENSMUSG00000076467,ENSMFAG00000030276
ENSMUSG00000076467,ENSMFAG00000030243
ENSMUSG00000094525,ENSMFAG00000060031
ENSMUSG00000076469,ENSMFAG00000030276
ENSMUSG00000076469,ENSMFAG00000030243
ENSMUSG00000076470,ENSMFAG00000030276
ENSMUSG00000076470,ENSMFAG00000030243
ENSMUSG00000073700,ENSMFAG00000044736
ENSMUSG00000076471,ENSMFAG00000060410
ENSMUSG00000076471,ENSMFAG00000051785
ENSMUSG00000076472,ENSMFAG00000040021
ENSMUSG00000076472,ENSMFAG00000060177
ENSMUSG00000047260,ENSMFAG00000056015
ENSMUSG00000028952,ENSMFAG00000001787
ENSMUSG00000076474,ENSMFAG00000065709
ENSMUSG00000040158,ENSMFAG00000036540
ENSMUSG00000076475,ENSMFAG00000018942
ENSMUSG00000022103,ENSMFAG00000023628
ENSMUSG00000076477,ENSMFAG00000039877
ENSMUSG00000051998,ENSMFAG00000046296
ENSMUSG00000076478,ENSMFAG00000060792
ENSMUSG00000076479,ENSMFAG00000060792
ENSMUSG00000026463,ENSMFAG00000010073
ENSMUSG00000032725,ENSMFAG00000002506
ENSMUSG00000076480,ENSMFAG00000024503
ENSMUSG00000020173,ENSMFAG00000035434
ENSMUSG00000076481,ENSMFAG00000065833
ENSMUSG00000054106,ENSMFAG00000065438
ENSMUSG00000054106,ENSMFAG00000054484
ENSMUSG00000054106,ENSMFAG00000057615
ENSMUSG00000054106,ENSMFAG00000031921
ENSMUSG00000054106,ENSMFAG00000064890
ENSMUSG00000054106,ENSMFAG00000000779
ENSMUSG00000036938,ENSMFAG00000065438
ENSMUSG00000036938,ENSMFAG00000054484
ENSMUSG00000036938,ENSMFAG00000057615
ENSMUSG00000036938,ENSMFAG00000031921
ENSMUSG00000036938,ENSMFAG00000064890
ENSMUSG00000036938,ENSMFAG00000000779
ENSMUSG00000028950,ENSMFAG00000046256
ENSMUSG00000071521,ENSMFAG00000065438
ENSMUSG00000071521,ENSMFAG00000054484
ENSMUSG00000071521,ENSMFAG00000057615
ENSMUSG00000071521,ENSMFAG00000031921
ENSMUSG00000071521,ENSMFAG00000064890
ENSMUSG00000071521,ENSMFAG00000000779
ENSMUSG00000028948,ENSMFAG00000001587
ENSMUSG00000044080,ENSMFAG00000041335
ENSMUSG00000071519,ENSMFAG00000065438
ENSMUSG00000071519,ENSMFAG00000054484
ENSMUSG00000071519,ENSMFAG00000057615
ENSMUSG00000071519,ENSMFAG00000031921
ENSMUSG00000071519,ENSMFAG00000064890
ENSMUSG00000071519,ENSMFAG00000000779
ENSMUSG00000058119,ENSMFAG00000065438
ENSMUSG00000058119,ENSMFAG00000054484
ENSMUSG00000058119,ENSMFAG00000057615
ENSMUSG00000058119,ENSMFAG00000031921
ENSMUSG00000058119,ENSMFAG00000064890
ENSMUSG00000058119,ENSMFAG00000000779
ENSMUSG00000071517,ENSMFAG00000065438
ENSMUSG00000071517,ENSMFAG00000054484
ENSMUSG00000071517,ENSMFAG00000057615
ENSMUSG00000071517,ENSMFAG00000031921
ENSMUSG00000071517,ENSMFAG00000064890
ENSMUSG00000071517,ENSMFAG00000000779
ENSMUSG00000074457,ENSMFAG00000032020
ENSMUSG00000084456,ENSMFAG00000037414
ENSMUSG00000084456,ENSMFAG00000014101
ENSMUSG00000094018,ENSMFAG00000003648
ENSMUSG00000001021,ENSMFAG00000042703
ENSMUSG00000001020,ENSMFAG00000063124
ENSMUSG00000078630,ENSMFAG00000046386
ENSMUSG00000001023,ENSMFAG00000046115
ENSMUSG00000001025,ENSMFAG00000032857
ENSMUSG00000030842,ENSMFAG00000040752
ENSMUSG00000051276,ENSMFAG00000008800
ENSMUSG00000027680,ENSMFAG00000040264
ENSMUSG00000042333,ENSMFAG00000042470
ENSMUSG00000036390,ENSMFAG00000043026
ENSMUSG00000036371,ENSMFAG00000036635
ENSMUSG00000064485,ENSMFAG00000005822
ENSMUSG00000048001,ENSMFAG00000044681
ENSMUSG00000033487,ENSMFAG00000032790
ENSMUSG00000029056,ENSMFAG00000001007
ENSMUSG00000119666,ENSMFAG00000058270
ENSMUSG00000119432,ENSMFAG00000058270
ENSMUSG00000084703,ENSMFAG00000063561
ENSMUSG00000032425,ENSMFAG00000032518
ENSMUSG00000066306,ENSMFAG00000042621
ENSMUSG00000089034,ENSMFAG00000015301
ENSMUSG00000090693,ENSMFAG00000051720
ENSMUSG00000090693,ENSMFAG00000048989
ENSMUSG00000119754,ENSMFAG00000057139
ENSMUSG00000005949,ENSMFAG00000041055
ENSMUSG00000119485,ENSMFAG00000058270
ENSMUSG00000025925,ENSMFAG00000000674
ENSMUSG00000032719,ENSMFAG00000046053
ENSMUSG00000084845,ENSMFAG00000001305
ENSMUSG00000048834,ENSMFAG00000038380
ENSMUSG00000028403,ENSMFAG00000038466
ENSMUSG00000023156,ENSMFAG00000054440
ENSMUSG00000144287,ENSMFAG00000003971
ENSMUSG00000018341,ENSMFAG00000044595
ENSMUSG00000070427,ENSMFAG00000007235
ENSMUSG00000015790,ENSMFAG00000032426
ENSMUSG00000038192,ENSMFAG00000037928
ENSMUSG00000030662,ENSMFAG00000002597
ENSMUSG00000025921,ENSMFAG00000031473
ENSMUSG00000079543,ENSMFAG00000038656
ENSMUSG00000070426,ENSMFAG00000043086
ENSMUSG00000076538,ENSMFAG00000038656
ENSMUSG00000044254,ENSMFAG00000000310
ENSMUSG00000064512,ENSMFAG00000021870
ENSMUSG00000078974,ENSMFAG00000039470
ENSMUSG00000076539,ENSMFAG00000048121
ENSMUSG00000076540,ENSMFAG00000048121
ENSMUSG00000025920,ENSMFAG00000044834
ENSMUSG00000027679,ENSMFAG00000045407
ENSMUSG00000027679,ENSMFAG00000034041
ENSMUSG00000076541,ENSMFAG00000048121
ENSMUSG00000094315,ENSMFAG00000048121
ENSMUSG00000076543,ENSMFAG00000048121
ENSMUSG00000085933,ENSMFAG00000045765
ENSMUSG00000076545,ENSMFAG00000048121
ENSMUSG00000073028,ENSMFAG00000048121
ENSMUSG00000028609,ENSMFAG00000032145
ENSMUSG00000076547,ENSMFAG00000048121
ENSMUSG00000001506,ENSMFAG00000033990
ENSMUSG00000074637,ENSMFAG00000027781
ENSMUSG00000076550,ENSMFAG00000048121
ENSMUSG00000094262,ENSMFAG00000048121
ENSMUSG00000025764,ENSMFAG00000038238
ENSMUSG00000075376,ENSMFAG00000035621
ENSMUSG00000076552,ENSMFAG00000048121
ENSMUSG00000094006,ENSMFAG00000048121
ENSMUSG00000030649,ENSMFAG00000050519
ENSMUSG00000095633,ENSMFAG00000048121
ENSMUSG00000092746,ENSMFAG00000054674
ENSMUSG00000062751,ENSMFAG00000065438
ENSMUSG00000062751,ENSMFAG00000054484
ENSMUSG00000062751,ENSMFAG00000057615
ENSMUSG00000062751,ENSMFAG00000031921
ENSMUSG00000062751,ENSMFAG00000064890
ENSMUSG00000062751,ENSMFAG00000000779
ENSMUSG00000028608,ENSMFAG00000034166
ENSMUSG00000057163,ENSMFAG00000065438
ENSMUSG00000057163,ENSMFAG00000054484
ENSMUSG00000057163,ENSMFAG00000057615
ENSMUSG00000057163,ENSMFAG00000031921
ENSMUSG00000057163,ENSMFAG00000064890
ENSMUSG00000057163,ENSMFAG00000000779
ENSMUSG00000025555,ENSMFAG00000040631
ENSMUSG00000033917,ENSMFAG00000031962
ENSMUSG00000076490,ENSMFAG00000049950
ENSMUSG00000076490,ENSMFAG00000057101
ENSMUSG00000076490,ENSMFAG00000057985
ENSMUSG00000033904,ENSMFAG00000036768
ENSMUSG00000063410,ENSMFAG00000001501
ENSMUSG00000076498,ENSMFAG00000049950
ENSMUSG00000076498,ENSMFAG00000057101
ENSMUSG00000076498,ENSMFAG00000057985
ENSMUSG00000065569,ENSMFAG00000018004
ENSMUSG00000009549,ENSMFAG00000034410
ENSMUSG00000009549,ENSMFAG00000031746
ENSMUSG00000009549,ENSMFAG00000050488
ENSMUSG00000029869,ENSMFAG00000039585
ENSMUSG00000029869,ENSMFAG00000063789
ENSMUSG00000025557,ENSMFAG00000006289
ENSMUSG00000038717,ENSMFAG00000004430
ENSMUSG00000038717,ENSMFAG00000027811
ENSMUSG00000038717,ENSMFAG00000003981
ENSMUSG00000077756,ENSMFAG00000059206
ENSMUSG00000077756,ENSMFAG00000064588
ENSMUSG00000066798,ENSMFAG00000009223
ENSMUSG00000005952,ENSMFAG00000040334
ENSMUSG00000050714,ENSMFAG00000009076
ENSMUSG00000059890,ENSMFAG00000041947
ENSMUSG00000040093,ENSMFAG00000055720
ENSMUSG00000030982,ENSMFAG00000002864
ENSMUSG00000037110,ENSMFAG00000039275
ENSMUSG00000029868,ENSMFAG00000039755
ENSMUSG00000029868,ENSMFAG00000060464
ENSMUSG00000039376,ENSMFAG00000044178
ENSMUSG00000036899,ENSMFAG00000050982
ENSMUSG00000036899,ENSMFAG00000042765
ENSMUSG00000028607,ENSMFAG00000040882
ENSMUSG00000008932,ENSMFAG00000041399
ENSMUSG00000029867,ENSMFAG00000059319
ENSMUSG00000029867,ENSMFAG00000032025
ENSMUSG00000020122,ENSMFAG00000034444
ENSMUSG00000029866,ENSMFAG00000042436
ENSMUSG00000029866,ENSMFAG00000049022
ENSMUSG00000028600,ENSMFAG00000002251
ENSMUSG00000030177,ENSMFAG00000045459
ENSMUSG00000002033,ENSMFAG00000040063
ENSMUSG00000032094,ENSMFAG00000045644
ENSMUSG00000089051,ENSMFAG00000013748
ENSMUSG00000089051,ENSMFAG00000012117
ENSMUSG00000028603,ENSMFAG00000039858
ENSMUSG00000039357,ENSMFAG00000034437
ENSMUSG00000055980,ENSMFAG00000039993
ENSMUSG00000063787,ENSMFAG00000041879
ENSMUSG00000032093,ENSMFAG00000040556
ENSMUSG00000026142,ENSMFAG00000030915
ENSMUSG00000043029,ENSMFAG00000041934
ENSMUSG00000021819,ENSMFAG00000041406
ENSMUSG00000030180,ENSMFAG00000001863
ENSMUSG00000044966,ENSMFAG00000038551
ENSMUSG00000032092,ENSMFAG00000037859
ENSMUSG00000020120,ENSMFAG00000054603
ENSMUSG00000040084,ENSMFAG00000032047
ENSMUSG00000044629,ENSMFAG00000035167
ENSMUSG00000033953,ENSMFAG00000031560
ENSMUSG00000023079,ENSMFAG00000030668
ENSMUSG00000077667,ENSMFAG00000004835
ENSMUSG00000030980,ENSMFAG00000040796
ENSMUSG00000074749,ENSMFAG00000036086
ENSMUSG00000078970,ENSMFAG00000042360
ENSMUSG00000070304,ENSMFAG00000042952
ENSMUSG00000046480,ENSMFAG00000064668
ENSMUSG00000037025,ENSMFAG00000047214
ENSMUSG00000073856,ENSMFAG00000033259
ENSMUSG00000071226,ENSMFAG00000033120
ENSMUSG00000028601,ENSMFAG00000042423
ENSMUSG00000037014,ENSMFAG00000017458
ENSMUSG00000020116,ENSMFAG00000032969
ENSMUSG00000020116,ENSMFAG00000043544
ENSMUSG00000027435,ENSMFAG00000043644
ENSMUSG00000035437,ENSMFAG00000043446
ENSMUSG00000008734,ENSMFAG00000043980
ENSMUSG00000000581,ENSMFAG00000028681
ENSMUSG00000000581,ENSMFAG00000034034
ENSMUSG00000000581,ENSMFAG00000034261
ENSMUSG00000091996,ENSMFAG00000000547
ENSMUSG00000030976,ENSMFAG00000000897
ENSMUSG00000016984,ENSMFAG00000039723
ENSMUSG00000039990,ENSMFAG00000003945
ENSMUSG00000032089,ENSMFAG00000037844
ENSMUSG00000004902,ENSMFAG00000039209
ENSMUSG00000089390,ENSMFAG00000014007
ENSMUSG00000019210,ENSMFAG00000032946
ENSMUSG00000037129,ENSMFAG00000035915
ENSMUSG00000070380,ENSMFAG00000030570
ENSMUSG00000020160,ENSMFAG00000042877
ENSMUSG00000009112,ENSMFAG00000042022
ENSMUSG00000066705,ENSMFAG00000039113
ENSMUSG00000004446,ENSMFAG00000045106
ENSMUSG00000034645,ENSMFAG00000046237
ENSMUSG00000030303,ENSMFAG00000032325
ENSMUSG00000039308,ENSMFAG00000036636
ENSMUSG00000030981,ENSMFAG00000001603
ENSMUSG00000030979,ENSMFAG00000043500
ENSMUSG00000038807,ENSMFAG00000002321
ENSMUSG00000039555,ENSMFAG00000031246
ENSMUSG00000030304,ENSMFAG00000041736
ENSMUSG00000054752,ENSMFAG00000000831
ENSMUSG00000026915,ENSMFAG00000001745
ENSMUSG00000021820,ENSMFAG00000029191
ENSMUSG00000079469,ENSMFAG00000038174
ENSMUSG00000030983,ENSMFAG00000041850
ENSMUSG00000030983,ENSMFAG00000036436
ENSMUSG00000057280,ENSMFAG00000030822
ENSMUSG00000053111,ENSMFAG00000032085
ENSMUSG00000032418,ENSMFAG00000038582
ENSMUSG00002076252,ENSMFAG00000054153
ENSMUSG00002076252,ENSMFAG00000057446
ENSMUSG00002076252,ENSMFAG00000053991
ENSMUSG00002076252,ENSMFAG00000057264
ENSMUSG00002076252,ENSMFAG00000049625
ENSMUSG00002076252,ENSMFAG00000053493
ENSMUSG00002076252,ENSMFAG00000049223
ENSMUSG00002076252,ENSMFAG00000051935
ENSMUSG00002076252,ENSMFAG00000059118
ENSMUSG00002076252,ENSMFAG00000065457
ENSMUSG00002076252,ENSMFAG00000050158
ENSMUSG00002076252,ENSMFAG00000051070
ENSMUSG00002076252,ENSMFAG00000052550
ENSMUSG00002076252,ENSMFAG00000052958
ENSMUSG00002076252,ENSMFAG00000054989
ENSMUSG00002076252,ENSMFAG00000054533
ENSMUSG00002076252,ENSMFAG00000054195
ENSMUSG00002076252,ENSMFAG00000052514
ENSMUSG00002076252,ENSMFAG00000051186
ENSMUSG00002076252,ENSMFAG00000060984
ENSMUSG00002076252,ENSMFAG00000055372
ENSMUSG00002076252,ENSMFAG00000055397
ENSMUSG00002076252,ENSMFAG00000054043
ENSMUSG00002076252,ENSMFAG00000048918
ENSMUSG00002076252,ENSMFAG00000061312
ENSMUSG00002076252,ENSMFAG00000054682
ENSMUSG00002076252,ENSMFAG00000052919
ENSMUSG00002076252,ENSMFAG00000063332
ENSMUSG00002076252,ENSMFAG00000058940
ENSMUSG00002076252,ENSMFAG00000063774
ENSMUSG00002076252,ENSMFAG00000062164
ENSMUSG00002076252,ENSMFAG00000065208
ENSMUSG00002076252,ENSMFAG00000053835
ENSMUSG00002076252,ENSMFAG00000064710
ENSMUSG00002076252,ENSMFAG00000047778
ENSMUSG00002076252,ENSMFAG00000060777
ENSMUSG00002076252,ENSMFAG00000057142
ENSMUSG00002076252,ENSMFAG00000056506
ENSMUSG00002076252,ENSMFAG00000048951
ENSMUSG00002076252,ENSMFAG00000064718
ENSMUSG00002076252,ENSMFAG00000057710
ENSMUSG00002076252,ENSMFAG00000058161
ENSMUSG00002076252,ENSMFAG00000054959
ENSMUSG00002076252,ENSMFAG00000060270
ENSMUSG00002076252,ENSMFAG00000056682
ENSMUSG00002076252,ENSMFAG00000058780
ENSMUSG00002076252,ENSMFAG00000060362
ENSMUSG00000020152,ENSMFAG00000044097
ENSMUSG00000020152,ENSMFAG00000059927
ENSMUSG00000030986,ENSMFAG00000045315
ENSMUSG00000033491,ENSMFAG00000030491
ENSMUSG00000033419,ENSMFAG00000045148
ENSMUSG00000033156,ENSMFAG00000062094
ENSMUSG00000020149,ENSMFAG00000055089
ENSMUSG00000020149,ENSMFAG00000046246
ENSMUSG00000035403,ENSMFAG00000042297
ENSMUSG00000008305,ENSMFAG00000042116
ENSMUSG00000020741,ENSMFAG00000044980
ENSMUSG00000035392,ENSMFAG00000031585
ENSMUSG00000030603,ENSMFAG00000034580
ENSMUSG00000030306,ENSMFAG00000033192
ENSMUSG00000039983,ENSMFAG00000032377
ENSMUSG00000027324,ENSMFAG00000045062
ENSMUSG00000000247,ENSMFAG00000028670
ENSMUSG00000027326,ENSMFAG00000045223
ENSMUSG00000046865,ENSMFAG00000043908
ENSMUSG00000063171,ENSMFAG00000031430
ENSMUSG00000063171,ENSMFAG00000001668
ENSMUSG00000063171,ENSMFAG00000038135
ENSMUSG00002075669,ENSMFAG00000015596
ENSMUSG00000039841,ENSMFAG00000000453
ENSMUSG00000044066,ENSMFAG00000041409
ENSMUSG00000002409,ENSMFAG00000040358
ENSMUSG00000029708,ENSMFAG00000038295
ENSMUSG00000095654,ENSMFAG00000031251
ENSMUSG00000028402,ENSMFAG00000032679
ENSMUSG00000020440,ENSMFAG00000019772
ENSMUSG00000033059,ENSMFAG00000033575
ENSMUSG00000020142,ENSMFAG00000003847
ENSMUSG00000029707,ENSMFAG00000036958
ENSMUSG00000021822,ENSMFAG00000038650
ENSMUSG00000029706,ENSMFAG00000040823
ENSMUSG00000020745,ENSMFAG00000056725
ENSMUSG00000020745,ENSMFAG00000025892
ENSMUSG00000046058,ENSMFAG00000049664
ENSMUSG00000070705,ENSMFAG00000053959
ENSMUSG00000021823,ENSMFAG00000047574
ENSMUSG00000003436,ENSMFAG00000046282
ENSMUSG00000032377,ENSMFAG00000003167
ENSMUSG00000003438,ENSMFAG00000044967
ENSMUSG00000003438,ENSMFAG00000032482
ENSMUSG00000027323,ENSMFAG00000044559
ENSMUSG00000049800,ENSMFAG00000037664
ENSMUSG00000021824,ENSMFAG00000045360
ENSMUSG00000032374,ENSMFAG00000038516
ENSMUSG00000010554,ENSMFAG00000038724
ENSMUSG00000003435,ENSMFAG00000038707
ENSMUSG00000032046,ENSMFAG00000002681
ENSMUSG00000057137,ENSMFAG00000053923
ENSMUSG00000046806,ENSMFAG00000003713
ENSMUSG00000038893,ENSMFAG00000039391
ENSMUSG00000042111,ENSMFAG00000055687
ENSMUSG00000032584,ENSMFAG00000045229
ENSMUSG00000058486,ENSMFAG00000003112
ENSMUSG00000026127,ENSMFAG00000060745
ENSMUSG00000070730,ENSMFAG00000032137
ENSMUSG00000066368,ENSMFAG00000058240
ENSMUSG00000032936,ENSMFAG00000030868
ENSMUSG00000049659,ENSMFAG00000041331
ENSMUSG00000046814,ENSMFAG00000000386
ENSMUSG00000029848,ENSMFAG00000031256
ENSMUSG00000034278,ENSMFAG00000010836
ENSMUSG00000034278,ENSMFAG00000032241
ENSMUSG00000026126,ENSMFAG00000003200
ENSMUSG00000032586,ENSMFAG00000033393
ENSMUSG00000055926,ENSMFAG00000018717
ENSMUSG00000068580,ENSMFAG00000043261
ENSMUSG00000025479,ENSMFAG00000044389
ENSMUSG00000038784,ENSMFAG00000046349
ENSMUSG00000026125,ENSMFAG00000035224
ENSMUSG00000032596,ENSMFAG00000043227
ENSMUSG00000042363,ENSMFAG00000031922
ENSMUSG00000026124,ENSMFAG00000044484
ENSMUSG00000025480,ENSMFAG00000032521
ENSMUSG00000027317,ENSMFAG00000063935
ENSMUSG00000037529,ENSMFAG00000035224
ENSMUSG00000038351,ENSMFAG00000000154
ENSMUSG00000027315,ENSMFAG00000052722
ENSMUSG00000027315,ENSMFAG00000034636
ENSMUSG00000025481,ENSMFAG00000043442
ENSMUSG00000050122,ENSMFAG00000042363
ENSMUSG00000038801,ENSMFAG00000033650
ENSMUSG00000038801,ENSMFAG00000065671
ENSMUSG00000025482,ENSMFAG00000037642
ENSMUSG00000025482,ENSMFAG00000051005
ENSMUSG00000034226,ENSMFAG00000000850
ENSMUSG00000025484,ENSMFAG00000056294
ENSMUSG00000034216,ENSMFAG00000001262
ENSMUSG00000026114,ENSMFAG00000003258
ENSMUSG00000025485,ENSMFAG00000033454
ENSMUSG00000063972,ENSMFAG00000045408
ENSMUSG00000020134,ENSMFAG00000045683
ENSMUSG00000026113,ENSMFAG00000032305
ENSMUSG00000038759,ENSMFAG00000037733
ENSMUSG00000025486,ENSMFAG00000041754
ENSMUSG00000038335,ENSMFAG00000021330
ENSMUSG00000027314,ENSMFAG00000036797
ENSMUSG00000042106,ENSMFAG00000036646
ENSMUSG00000027313,ENSMFAG00000043687
ENSMUSG00000025487,ENSMFAG00000032216
ENSMUSG00000027455,ENSMFAG00000043986
ENSMUSG00000077493,ENSMFAG00000004436
ENSMUSG00000077637,ENSMFAG00000004542
ENSMUSG00000020128,ENSMFAG00000042525
ENSMUSG00000032594,ENSMFAG00000040757
ENSMUSG00000065578,ENSMFAG00000009072
ENSMUSG00000046618,ENSMFAG00000002383
ENSMUSG00000029843,ENSMFAG00000000951
ENSMUSG00000032966,ENSMFAG00000042021
ENSMUSG00000032966,ENSMFAG00000029622
ENSMUSG00000047420,ENSMFAG00000060779
ENSMUSG00000029840,ENSMFAG00000042511
ENSMUSG00000092888,ENSMFAG00000009359
ENSMUSG00000042810,ENSMFAG00000036727
ENSMUSG00000035295,ENSMFAG00000038461
ENSMUSG00000038745,ENSMFAG00000035345
ENSMUSG00000041528,ENSMFAG00000028385
ENSMUSG00000027456,ENSMFAG00000031687
ENSMUSG00000062031,ENSMFAG00000041070
ENSMUSG00000062997,ENSMFAG00000044075
ENSMUSG00000001323,ENSMFAG00000042683
ENSMUSG00000034154,ENSMFAG00000044488
ENSMUSG00000059049,ENSMFAG00000002956
ENSMUSG00000025489,ENSMFAG00000044560
ENSMUSG00000060591,ENSMFAG00000039100
ENSMUSG00000060591,ENSMFAG00000061962
ENSMUSG00000060591,ENSMFAG00000028816
ENSMUSG00000060591,ENSMFAG00000011493
ENSMUSG00000060591,ENSMFAG00000056628
ENSMUSG00000025491,ENSMFAG00000039100
ENSMUSG00000025491,ENSMFAG00000061962
ENSMUSG00000025491,ENSMFAG00000028816
ENSMUSG00000025491,ENSMFAG00000011493
ENSMUSG00000025491,ENSMFAG00000056628
ENSMUSG00000025492,ENSMFAG00000039100
ENSMUSG00000025492,ENSMFAG00000061962
ENSMUSG00000025492,ENSMFAG00000028816
ENSMUSG00000025492,ENSMFAG00000011493
ENSMUSG00000025492,ENSMFAG00000056628
ENSMUSG00000055629,ENSMFAG00000039389
ENSMUSG00000026755,ENSMFAG00000033396
ENSMUSG00000001891,ENSMFAG00000035944
ENSMUSG00000048647,ENSMFAG00000034670
ENSMUSG00000028514,ENSMFAG00000004054
ENSMUSG00000026112,ENSMFAG00000002795
ENSMUSG00000026111,ENSMFAG00000037959
ENSMUSG00000038290,ENSMFAG00000003394
ENSMUSG00000025494,ENSMFAG00000041564
ENSMUSG00000026072,ENSMFAG00000034258
ENSMUSG00000001089,ENSMFAG00000038318
ENSMUSG00000074704,ENSMFAG00000032243
ENSMUSG00000070942,ENSMFAG00000046248
ENSMUSG00000088719,ENSMFAG00000065057
ENSMUSG00000088719,ENSMFAG00000050909
ENSMUSG00000088719,ENSMFAG00000051456
ENSMUSG00000088719,ENSMFAG00000062114
ENSMUSG00000036940,ENSMFAG00000037505
ENSMUSG00000020321,ENSMFAG00000042090
ENSMUSG00000014077,ENSMFAG00000063219
ENSMUSG00000026069,ENSMFAG00000007059
ENSMUSG00000020319,ENSMFAG00000033390
ENSMUSG00000087035,ENSMFAG00000031425
ENSMUSG00000044364,ENSMFAG00000037644
ENSMUSG00002076275,ENSMFAG00000006198
ENSMUSG00000032593,ENSMFAG00000029250
ENSMUSG00000072980,ENSMFAG00000041896
ENSMUSG00000032591,ENSMFAG00000003952
ENSMUSG00000039347,ENSMFAG00000045573
ENSMUSG00000032869,ENSMFAG00000002683
ENSMUSG00000073096,ENSMFAG00000052396
ENSMUSG00000026070,ENSMFAG00000032671
ENSMUSG00000009281,ENSMFAG00000043390
ENSMUSG00000092416,ENSMFAG00000056716
ENSMUSG00000027306,ENSMFAG00000039976
ENSMUSG00000026068,ENSMFAG00000043038
ENSMUSG00000005917,ENSMFAG00000031554
ENSMUSG00000032590,ENSMFAG00000043600
ENSMUSG00000036921,ENSMFAG00000041849
ENSMUSG00000070683,ENSMFAG00000032421
ENSMUSG00000042302,ENSMFAG00000043351
ENSMUSG00000049225,ENSMFAG00000030624
ENSMUSG00000026065,ENSMFAG00000044816
ENSMUSG00000112600,ENSMFAG00000053657
ENSMUSG00000112600,ENSMFAG00000031679
ENSMUSG00000071195,ENSMFAG00000053657
ENSMUSG00000071195,ENSMFAG00000031679
ENSMUSG00000027305,ENSMFAG00000041431
ENSMUSG00000064262,ENSMFAG00000002026
ENSMUSG00000042570,ENSMFAG00000001210
ENSMUSG00000049488,ENSMFAG00000002808
ENSMUSG00000055322,ENSMFAG00000041004
ENSMUSG00000055027,ENSMFAG00000032918
ENSMUSG00000026754,ENSMFAG00000031129
ENSMUSG00000030378,ENSMFAG00000046325
ENSMUSG00000032589,ENSMFAG00000042413
ENSMUSG00000049904,ENSMFAG00000063543
ENSMUSG00000035640,ENSMFAG00000040214
ENSMUSG00000052137,ENSMFAG00000045430
ENSMUSG00000057058,ENSMFAG00000038763
ENSMUSG00000039952,ENSMFAG00000044374
ENSMUSG00000046637,ENSMFAG00000030925
ENSMUSG00000053012,ENSMFAG00000007883
ENSMUSG00000058183,ENSMFAG00000041432
ENSMUSG00000053044,ENSMFAG00000000257
ENSMUSG00000033392,ENSMFAG00000001444
ENSMUSG00000073940,ENSMFAG00000037799
ENSMUSG00000035242,ENSMFAG00000006874
ENSMUSG00000052305,ENSMFAG00000037799
ENSMUSG00000053977,ENSMFAG00000028439
ENSMUSG00000020014,ENSMFAG00000037916
ENSMUSG00000119899,ENSMFAG00000058577
ENSMUSG00000035236,ENSMFAG00000002648
ENSMUSG00000078621,ENSMFAG00000037799
ENSMUSG00000002222,ENSMFAG00000065825
ENSMUSG00000001444,ENSMFAG00000042504
ENSMUSG00000073932,ENSMFAG00000029933
ENSMUSG00000052656,ENSMFAG00000044056
ENSMUSG00000038517,ENSMFAG00000001252
ENSMUSG00000053119,ENSMFAG00000043771
ENSMUSG00000051618,ENSMFAG00000023673
ENSMUSG00000051437,ENSMFAG00000035890
ENSMUSG00000061815,ENSMFAG00000032847
ENSMUSG00000053470,ENSMFAG00000046149
ENSMUSG00000001440,ENSMFAG00000030197
ENSMUSG00000052798,ENSMFAG00000032446
ENSMUSG00000081859,ENSMFAG00000050893
ENSMUSG00000072244,ENSMFAG00000045179
ENSMUSG00000026753,ENSMFAG00000030045
ENSMUSG00000026180,ENSMFAG00000054938
ENSMUSG00000029059,ENSMFAG00000065681
ENSMUSG00000048480,ENSMFAG00000047431
ENSMUSG00000118939,ENSMFAG00000047591
ENSMUSG00000118939,ENSMFAG00000014272
ENSMUSG00000006304,ENSMFAG00000030106
ENSMUSG00000056144,ENSMFAG00000019545
ENSMUSG00000028763,ENSMFAG00000030725
ENSMUSG00000049252,ENSMFAG00000036929
ENSMUSG00000088658,ENSMFAG00000006442
ENSMUSG00000001441,ENSMFAG00000003608
ENSMUSG00000066258,ENSMFAG00000044304
ENSMUSG00000030057,ENSMFAG00000030262
ENSMUSG00000057143,ENSMFAG00000044304
ENSMUSG00000025395,ENSMFAG00000036445
ENSMUSG00000006299,ENSMFAG00000034415
ENSMUSG00002074911,ENSMFAG00000006442
ENSMUSG00000078616,ENSMFAG00000044304
ENSMUSG00000030921,ENSMFAG00000044304
ENSMUSG00000119845,ENSMFAG00000059135
ENSMUSG00000057596,ENSMFAG00000044304
ENSMUSG00000040033,ENSMFAG00000037100
ENSMUSG00000026179,ENSMFAG00000038281
ENSMUSG00000030084,ENSMFAG00000037368
ENSMUSG00000028454,ENSMFAG00000002858
ENSMUSG00000049422,ENSMFAG00000040582
ENSMUSG00000050157,ENSMFAG00000033915
ENSMUSG00000047721,ENSMFAG00000046351
ENSMUSG00000018882,ENSMFAG00000043718
ENSMUSG00000000903,ENSMFAG00000037312
ENSMUSG00000030707,ENSMFAG00000030805
ENSMUSG00000049744,ENSMFAG00000016740
ENSMUSG00000073408,ENSMFAG00000036057
ENSMUSG00000009741,ENSMFAG00000035445
ENSMUSG00000030086,ENSMFAG00000006791
ENSMUSG00000006301,ENSMFAG00000022782
ENSMUSG00000034543,ENSMFAG00000043532
ENSMUSG00000049764,ENSMFAG00000052433
ENSMUSG00000028614,ENSMFAG00000036304
ENSMUSG00000000811,ENSMFAG00000001280
ENSMUSG00000015659,ENSMFAG00000042904
ENSMUSG00002075923,ENSMFAG00000006484
ENSMUSG00000036890,ENSMFAG00000032520
ENSMUSG00000033364,ENSMFAG00000003758
ENSMUSG00000063065,ENSMFAG00000042040
ENSMUSG00000034762,ENSMFAG00000041049
ENSMUSG00000032507,ENSMFAG00000032187
ENSMUSG00000030096,ENSMFAG00000038570
ENSMUSG00000026872,ENSMFAG00000030381
ENSMUSG00000034345,ENSMFAG00000037102
ENSMUSG00000034377,ENSMFAG00000002792
ENSMUSG00000030703,ENSMFAG00000031264
ENSMUSG00000028610,ENSMFAG00000040855
ENSMUSG00000042675,ENSMFAG00000003117
ENSMUSG00000030098,ENSMFAG00000035973
ENSMUSG00000086596,ENSMFAG00000033317
ENSMUSG00000049969,ENSMFAG00000050051
ENSMUSG00000053820,ENSMFAG00000042767
ENSMUSG00000040610,ENSMFAG00000048247
ENSMUSG00000047409,ENSMFAG00000054847
ENSMUSG00000018925,ENSMFAG00000001762
ENSMUSG00000050323,ENSMFAG00000001562
ENSMUSG00000026174,ENSMFAG00000036064
ENSMUSG00000009114,ENSMFAG00000041495
ENSMUSG00000095869,ENSMFAG00000001686
ENSMUSG00000095869,ENSMFAG00000029793
ENSMUSG00000038141,ENSMFAG00000003593
ENSMUSG00000030699,ENSMFAG00000001085
ENSMUSG00000035042,ENSMFAG00000031627
ENSMUSG00000070280,ENSMFAG00000034664
ENSMUSG00000026173,ENSMFAG00000031094
ENSMUSG00000019122,ENSMFAG00000033315
ENSMUSG00000033126,ENSMFAG00000014564
ENSMUSG00000028211,ENSMFAG00000059313
ENSMUSG00000030697,ENSMFAG00000041016
ENSMUSG00000001150,ENSMFAG00000041104
ENSMUSG00000018927,ENSMFAG00000033315
ENSMUSG00000035769,ENSMFAG00000001309
ENSMUSG00000000982,ENSMFAG00000036319
ENSMUSG00000000982,ENSMFAG00000053936
ENSMUSG00000000982,ENSMFAG00000062468
ENSMUSG00000000982,ENSMFAG00000000159
ENSMUSG00000000982,ENSMFAG00000051168
ENSMUSG00000028212,ENSMFAG00000036525
ENSMUSG00000092074,ENSMFAG00000033424
ENSMUSG00000018930,ENSMFAG00000047776
ENSMUSG00000018930,ENSMFAG00000028229
ENSMUSG00000018930,ENSMFAG00000032719
ENSMUSG00000018930,ENSMFAG00000033846
ENSMUSG00000034083,ENSMFAG00000042348
ENSMUSG00000058966,ENSMFAG00000064979
ENSMUSG00000094843,ENSMFAG00000001686
ENSMUSG00000094843,ENSMFAG00000029793
ENSMUSG00000020936,ENSMFAG00000043205
ENSMUSG00002076031,ENSMFAG00000015514
ENSMUSG00000029126,ENSMFAG00000043521
ENSMUSG00000033105,ENSMFAG00000034060
ENSMUSG00000020937,ENSMFAG00000044688
ENSMUSG00000052155,ENSMFAG00000003464
ENSMUSG00000034063,ENSMFAG00000029993
ENSMUSG00000045989,ENSMFAG00000034119
ENSMUSG00000029127,ENSMFAG00000043670
ENSMUSG00000052301,ENSMFAG00000031217
ENSMUSG00000061393,ENSMFAG00000041141
ENSMUSG00000034037,ENSMFAG00000045664
ENSMUSG00000040738,ENSMFAG00000036370
ENSMUSG00000048878,ENSMFAG00000030480
ENSMUSG00000026761,ENSMFAG00000031595
ENSMUSG00000043372,ENSMFAG00000032794
ENSMUSG00000055805,ENSMFAG00000033275
ENSMUSG00000030689,ENSMFAG00000037830
ENSMUSG00000034533,ENSMFAG00000002008
ENSMUSG00000067367,ENSMFAG00000032542
ENSMUSG00000009115,ENSMFAG00000031624
ENSMUSG00000020246,ENSMFAG00000036071
ENSMUSG00000020248,ENSMFAG00000037272
ENSMUSG00000026135,ENSMFAG00000043994
ENSMUSG00000005893,ENSMFAG00000045119
ENSMUSG00000059981,ENSMFAG00000030440
ENSMUSG00000020250,ENSMFAG00000043513
ENSMUSG00000067365,ENSMFAG00000043258
ENSMUSG00000014551,ENSMFAG00000035383
ENSMUSG00000036792,ENSMFAG00000035493
ENSMUSG00000026172,ENSMFAG00000044997
ENSMUSG00000014550,ENSMFAG00000052478
ENSMUSG00000060538,ENSMFAG00000000244
ENSMUSG00000039358,ENSMFAG00000011075
ENSMUSG00000005107,ENSMFAG00000042334
ENSMUSG00000078234,ENSMFAG00000038781
ENSMUSG00000040972,ENSMFAG00000040850
ENSMUSG00000044787,ENSMFAG00000044892
ENSMUSG00000026171,ENSMFAG00000000075
ENSMUSG00000005892,ENSMFAG00000042203
ENSMUSG00000020941,ENSMFAG00000034101
ENSMUSG00000040964,ENSMFAG00000040019
ENSMUSG00000012396,ENSMFAG00000033399
ENSMUSG00000012396,ENSMFAG00000048913
ENSMUSG00000034115,ENSMFAG00000041137
ENSMUSG00000030685,ENSMFAG00000041130
ENSMUSG00000034247,ENSMFAG00000032118
ENSMUSG00000046378,ENSMFAG00000042406
ENSMUSG00000030683,ENSMFAG00000043800
ENSMUSG00000069495,ENSMFAG00000002751
ENSMUSG00000032512,ENSMFAG00000041723
ENSMUSG00000034255,ENSMFAG00000001149
ENSMUSG00000033276,ENSMFAG00000003769
ENSMUSG00000006498,ENSMFAG00000038325
ENSMUSG00000003154,ENSMFAG00000035860
ENSMUSG00000040552,ENSMFAG00000062507
ENSMUSG00000030327,ENSMFAG00000031784
ENSMUSG00000026764,ENSMFAG00000038774
ENSMUSG00000051596,ENSMFAG00000044512
ENSMUSG00000049037,ENSMFAG00000036426
ENSMUSG00000043832,ENSMFAG00000031601
ENSMUSG00000036964,ENSMFAG00000001716
ENSMUSG00000029447,ENSMFAG00000033952
ENSMUSG00000059639,ENSMFAG00000031601
ENSMUSG00000020455,ENSMFAG00000042805
ENSMUSG00000029673,ENSMFAG00000035871
ENSMUSG00000097075,ENSMFAG00000055855
ENSMUSG00000080712,ENSMFAG00000049429
ENSMUSG00000078851,ENSMFAG00000048092
ENSMUSG00000049928,ENSMFAG00000038487
ENSMUSG00000030682,ENSMFAG00000004028
ENSMUSG00000004415,ENSMFAG00000038331
ENSMUSG00000092035,ENSMFAG00000045560
ENSMUSG00000092035,ENSMFAG00000030724
ENSMUSG00000017978,ENSMFAG00000040292
ENSMUSG00000097886,ENSMFAG00000038596
ENSMUSG00000033044,ENSMFAG00000044197
ENSMUSG00000033066,ENSMFAG00000003917
ENSMUSG00000030680,ENSMFAG00000057632
ENSMUSG00000050447,ENSMFAG00000002977
ENSMUSG00000107068,ENSMFAG00000057632
ENSMUSG00000052336,ENSMFAG00000044029
ENSMUSG00000045114,ENSMFAG00000032833
ENSMUSG00000033257,ENSMFAG00000000211
ENSMUSG00000032513,ENSMFAG00000000701
ENSMUSG00000026766,ENSMFAG00000001801
ENSMUSG00000030678,ENSMFAG00000040127
ENSMUSG00000040945,ENSMFAG00000036601
ENSMUSG00000032514,ENSMFAG00000045979
ENSMUSG00000007987,ENSMFAG00000044026
ENSMUSG00000030677,ENSMFAG00000034567
ENSMUSG00000065537,ENSMFAG00000010410
ENSMUSG00000078789,ENSMFAG00000046413
ENSMUSG00000017144,ENSMFAG00000045221
ENSMUSG00000026170,ENSMFAG00000036102
ENSMUSG00000036249,ENSMFAG00000031648
ENSMUSG00000001739,ENSMFAG00000039638
ENSMUSG00000051457,ENSMFAG00000042820
ENSMUSG00000006542,ENSMFAG00000044297
ENSMUSG00000006542,ENSMFAG00000061914
ENSMUSG00000092905,ENSMFAG00000054153
ENSMUSG00000092905,ENSMFAG00000057446
ENSMUSG00000092905,ENSMFAG00000053991
ENSMUSG00000092905,ENSMFAG00000057264
ENSMUSG00000092905,ENSMFAG00000049625
ENSMUSG00000092905,ENSMFAG00000053493
ENSMUSG00000092905,ENSMFAG00000049223
ENSMUSG00000092905,ENSMFAG00000051935
ENSMUSG00000092905,ENSMFAG00000059118
ENSMUSG00000092905,ENSMFAG00000065457
ENSMUSG00000092905,ENSMFAG00000050158
ENSMUSG00000092905,ENSMFAG00000051070
ENSMUSG00000092905,ENSMFAG00000052550
ENSMUSG00000092905,ENSMFAG00000052958
ENSMUSG00000092905,ENSMFAG00000054989
ENSMUSG00000092905,ENSMFAG00000054533
ENSMUSG00000092905,ENSMFAG00000054195
ENSMUSG00000092905,ENSMFAG00000052514
ENSMUSG00000092905,ENSMFAG00000051186
ENSMUSG00000092905,ENSMFAG00000060984
ENSMUSG00000092905,ENSMFAG00000055372
ENSMUSG00000092905,ENSMFAG00000055397
ENSMUSG00000092905,ENSMFAG00000054043
ENSMUSG00000092905,ENSMFAG00000048918
ENSMUSG00000092905,ENSMFAG00000061312
ENSMUSG00000092905,ENSMFAG00000054682
ENSMUSG00000092905,ENSMFAG00000052919
ENSMUSG00000092905,ENSMFAG00000063332
ENSMUSG00000092905,ENSMFAG00000058940
ENSMUSG00000092905,ENSMFAG00000063774
ENSMUSG00000092905,ENSMFAG00000062164
ENSMUSG00000092905,ENSMFAG00000065208
ENSMUSG00000092905,ENSMFAG00000053835
ENSMUSG00000092905,ENSMFAG00000064710
ENSMUSG00000092905,ENSMFAG00000047778
ENSMUSG00000092905,ENSMFAG00000060777
ENSMUSG00000092905,ENSMFAG00000057142
ENSMUSG00000092905,ENSMFAG00000056506
ENSMUSG00000092905,ENSMFAG00000048951
ENSMUSG00000092905,ENSMFAG00000064718
ENSMUSG00000092905,ENSMFAG00000057710
ENSMUSG00000092905,ENSMFAG00000058161
ENSMUSG00000092905,ENSMFAG00000054959
ENSMUSG00000092905,ENSMFAG00000060270
ENSMUSG00000092905,ENSMFAG00000056682
ENSMUSG00000092905,ENSMFAG00000058780
ENSMUSG00000092905,ENSMFAG00000060362
ENSMUSG00000042502,ENSMFAG00000038725
ENSMUSG00000059518,ENSMFAG00000034086
ENSMUSG00000045287,ENSMFAG00000042091
ENSMUSG00000026946,ENSMFAG00000045501
ENSMUSG00000028681,ENSMFAG00000035339
ENSMUSG00000035455,ENSMFAG00000063787
ENSMUSG00000042492,ENSMFAG00000053026
ENSMUSG00000032515,ENSMFAG00000001132
ENSMUSG00000018654,ENSMFAG00000063963
ENSMUSG00000004846,ENSMFAG00000033241
ENSMUSG00000079243,ENSMFAG00000047665
ENSMUSG00000073771,ENSMFAG00000033183
ENSMUSG00000042262,ENSMFAG00000056610
ENSMUSG00000030672,ENSMFAG00000039997
ENSMUSG00000032519,ENSMFAG00000003708
ENSMUSG00000033227,ENSMFAG00000056385
ENSMUSG00000033227,ENSMFAG00000048149
ENSMUSG00000053475,ENSMFAG00000000925
ENSMUSG00000026167,ENSMFAG00000040659
ENSMUSG00000037428,ENSMFAG00000040047
ENSMUSG00000036202,ENSMFAG00000032233
ENSMUSG00000026197,ENSMFAG00000032980
ENSMUSG00000030515,ENSMFAG00000001902
ENSMUSG00000028680,ENSMFAG00000039359
ENSMUSG00000004849,ENSMFAG00000030473
ENSMUSG00000054027,ENSMFAG00000039210
ENSMUSG00000032518,ENSMFAG00000001626
ENSMUSG00000043279,ENSMFAG00000030488
ENSMUSG00000063320,ENSMFAG00000053075
ENSMUSG00000046095,ENSMFAG00000041780
ENSMUSG00000048013,ENSMFAG00000000514
ENSMUSG00000078681,ENSMFAG00000021961
ENSMUSG00000023328,ENSMFAG00000037867
ENSMUSG00000020048,ENSMFAG00000036813
ENSMUSG00000065041,ENSMFAG00000015596
ENSMUSG00000064925,ENSMFAG00000015641
ENSMUSG00000049287,ENSMFAG00000002470
ENSMUSG00000032517,ENSMFAG00000041121
ENSMUSG00000020444,ENSMFAG00000039838
ENSMUSG00000047675,ENSMFAG00000018632
ENSMUSG00000047675,ENSMFAG00000038063
ENSMUSG00000047675,ENSMFAG00000036789
ENSMUSG00000023348,ENSMFAG00000035576
ENSMUSG00000026198,ENSMFAG00000044424
ENSMUSG00000030513,ENSMFAG00000032907
ENSMUSG00000064542,ENSMFAG00000005529
ENSMUSG00000064542,ENSMFAG00000005570
ENSMUSG00000064542,ENSMFAG00000005601
ENSMUSG00000064542,ENSMFAG00000005631
ENSMUSG00000065680,ENSMFAG00000061616
ENSMUSG00000064751,ENSMFAG00000006503
ENSMUSG00000092680,ENSMFAG00000049194
ENSMUSG00000028678,ENSMFAG00000043842
ENSMUSG00000037344,ENSMFAG00000035511
ENSMUSG00000026950,ENSMFAG00000000188
ENSMUSG00000050912,ENSMFAG00000057826
ENSMUSG00000036860,ENSMFAG00000064574
ENSMUSG00000057367,ENSMFAG00000033018
ENSMUSG00000029710,ENSMFAG00000035528
ENSMUSG00000020441,ENSMFAG00000045378
ENSMUSG00000033124,ENSMFAG00000037064
ENSMUSG00000048076,ENSMFAG00000034073
ENSMUSG00000048076,ENSMFAG00000016818
ENSMUSG00000020549,ENSMFAG00000041840
ENSMUSG00000053110,ENSMFAG00000037027
ENSMUSG00000119227,ENSMFAG00000010285
ENSMUSG00000030512,ENSMFAG00000021023
ENSMUSG00000119142,ENSMFAG00000010285
ENSMUSG00000119459,ENSMFAG00000010285
ENSMUSG00000060268,ENSMFAG00000040974
ENSMUSG00000048772,ENSMFAG00000036823
ENSMUSG00000029019,ENSMFAG00000032207
ENSMUSG00000030792,ENSMFAG00000019376
ENSMUSG00000030792,ENSMFAG00000033720
ENSMUSG00000041616,ENSMFAG00000035965
ENSMUSG00000029016,ENSMFAG00000001048
ENSMUSG00000030796,ENSMFAG00000035667
ENSMUSG00000026199,ENSMFAG00000002912
ENSMUSG00000040729,ENSMFAG00000030828
ENSMUSG00000033389,ENSMFAG00000033484
ENSMUSG00000079173,ENSMFAG00000039018
ENSMUSG00000031997,ENSMFAG00000002181
ENSMUSG00000065524,ENSMFAG00000013275
ENSMUSG00000026200,ENSMFAG00000003895
ENSMUSG00000093227,ENSMFAG00000014204
ENSMUSG00000030798,ENSMFAG00000032972
ENSMUSG00000029009,ENSMFAG00000043284
ENSMUSG00000019853,ENSMFAG00000041106
ENSMUSG00000019852,ENSMFAG00000040356
ENSMUSG00000033335,ENSMFAG00000045986
ENSMUSG00000076499,ENSMFAG00000051412
ENSMUSG00000076499,ENSMFAG00000065367
ENSMUSG00000096461,ENSMFAG00000038656
ENSMUSG00000093906,ENSMFAG00000038656
ENSMUSG00000029007,ENSMFAG00000041232
ENSMUSG00000096515,ENSMFAG00000038656
ENSMUSG00000076525,ENSMFAG00000065383
ENSMUSG00000076525,ENSMFAG00000052277
ENSMUSG00000076525,ENSMFAG00000065352
ENSMUSG00000076525,ENSMFAG00000039544
ENSMUSG00000076526,ENSMFAG00000038656
ENSMUSG00000098814,ENSMFAG00000038656
ENSMUSG00000094152,ENSMFAG00000017537
ENSMUSG00000029005,ENSMFAG00000002703
ENSMUSG00000076534,ENSMFAG00000038656
ENSMUSG00000076536,ENSMFAG00000048121
ENSMUSG00000020542,ENSMFAG00000036055
ENSMUSG00000076570,ENSMFAG00000038656
ENSMUSG00000076572,ENSMFAG00000060426
ENSMUSG00000076572,ENSMFAG00000015496
ENSMUSG00000076572,ENSMFAG00000047297
ENSMUSG00000076572,ENSMFAG00000038941
ENSMUSG00000076572,ENSMFAG00000053703
ENSMUSG00000076572,ENSMFAG00000034394
ENSMUSG00000076572,ENSMFAG00000011568
ENSMUSG00000076572,ENSMFAG00000062916
ENSMUSG00000029003,ENSMFAG00000046225
ENSMUSG00000076573,ENSMFAG00000065383
ENSMUSG00000076573,ENSMFAG00000052277
ENSMUSG00000076573,ENSMFAG00000065352
ENSMUSG00000076573,ENSMFAG00000039544
ENSMUSG00000076575,ENSMFAG00000051684
ENSMUSG00000076591,ENSMFAG00000051684
ENSMUSG00000052631,ENSMFAG00000002993
ENSMUSG00000029711,ENSMFAG00000044414
ENSMUSG00000026201,ENSMFAG00000037581
ENSMUSG00000029715,ENSMFAG00000027783
ENSMUSG00000055401,ENSMFAG00000043439
ENSMUSG00000029714,ENSMFAG00000033735
ENSMUSG00002075548,ENSMFAG00000047597
ENSMUSG00002075548,ENSMFAG00000054820
ENSMUSG00002075548,ENSMFAG00000062945
ENSMUSG00002075548,ENSMFAG00000064511
ENSMUSG00000001508,ENSMFAG00000029765
ENSMUSG00000026202,ENSMFAG00000007541
ENSMUSG00000029713,ENSMFAG00000039171
ENSMUSG00000030016,ENSMFAG00000034359
ENSMUSG00000038976,ENSMFAG00000041494
ENSMUSG00000036093,ENSMFAG00000056377
ENSMUSG00000026203,ENSMFAG00000041287
ENSMUSG00000029001,ENSMFAG00000039191
ENSMUSG00000055371,ENSMFAG00000039480
ENSMUSG00000047181,ENSMFAG00000045601
ENSMUSG00000038967,ENSMFAG00000042437
ENSMUSG00000024393,ENSMFAG00000000720
ENSMUSG00000026204,ENSMFAG00000029064
ENSMUSG00000001507,ENSMFAG00000043382
ENSMUSG00000029712,ENSMFAG00000038744
ENSMUSG00000061136,ENSMFAG00000038480
ENSMUSG00000041556,ENSMFAG00000030052
ENSMUSG00000035024,ENSMFAG00000039895
ENSMUSG00000086587,ENSMFAG00000051204
ENSMUSG00000040536,ENSMFAG00000033460
ENSMUSG00000033061,ENSMFAG00000059836
ENSMUSG00000029716,ENSMFAG00000000760
ENSMUSG00000026209,ENSMFAG00000036683
ENSMUSG00000028488,ENSMFAG00000043791
ENSMUSG00000043747,ENSMFAG00000003184
ENSMUSG00000061298,ENSMFAG00000032630
ENSMUSG00000023908,ENSMFAG00000039317
ENSMUSG00000001510,ENSMFAG00000032276
ENSMUSG00000023909,ENSMFAG00000046043
ENSMUSG00000041986,ENSMFAG00000039699
ENSMUSG00000030321,ENSMFAG00000040136
ENSMUSG00000026960,ENSMFAG00000046021
ENSMUSG00000042213,ENSMFAG00000037929
ENSMUSG00000088928,ENSMFAG00000020276
ENSMUSG00000032336,ENSMFAG00000037091
ENSMUSG00000040097,ENSMFAG00000035776
ENSMUSG00000075334,ENSMFAG00000023756
ENSMUSG00000060988,ENSMFAG00000043213
ENSMUSG00000026208,ENSMFAG00000036498
ENSMUSG00000037221,ENSMFAG00000044802
ENSMUSG00000023911,ENSMFAG00000032680
ENSMUSG00000015869,ENSMFAG00000039106
ENSMUSG00000030165,ENSMFAG00000001286
ENSMUSG00000039218,ENSMFAG00000003406
ENSMUSG00000030228,ENSMFAG00000016489
ENSMUSG00000013936,ENSMFAG00000036782
ENSMUSG00000026824,ENSMFAG00000043008
ENSMUSG00000061878,ENSMFAG00000032563
ENSMUSG00000026826,ENSMFAG00000036654
ENSMUSG00000070034,ENSMFAG00000034455
ENSMUSG00000032280,ENSMFAG00000003282
ENSMUSG00000055839,ENSMFAG00000024597
ENSMUSG00000049620,ENSMFAG00000002503
ENSMUSG00000024114,ENSMFAG00000041310
ENSMUSG00000026827,ENSMFAG00000031606
ENSMUSG00000028544,ENSMFAG00000035463
ENSMUSG00000076555,ENSMFAG00000048121
ENSMUSG00000026222,ENSMFAG00000046412
ENSMUSG00000038828,ENSMFAG00000031179
ENSMUSG00000038828,ENSMFAG00000045975
ENSMUSG00000076556,ENSMFAG00000048121
ENSMUSG00000024116,ENSMFAG00000044877
ENSMUSG00000096833,ENSMFAG00000048121
ENSMUSG00000094319,ENSMFAG00000048121
ENSMUSG00000095753,ENSMFAG00000048121
ENSMUSG00000094993,ENSMFAG00000048121
ENSMUSG00000076562,ENSMFAG00000048121
ENSMUSG00000076563,ENSMFAG00000058944
ENSMUSG00000076563,ENSMFAG00000011337
ENSMUSG00000092300,ENSMFAG00000032132
ENSMUSG00000076564,ENSMFAG00000038656
ENSMUSG00000094094,ENSMFAG00000058944
ENSMUSG00000094094,ENSMFAG00000011337
ENSMUSG00000034282,ENSMFAG00000039301
ENSMUSG00000096422,ENSMFAG00000038656
ENSMUSG00000094433,ENSMFAG00000058944
ENSMUSG00000094433,ENSMFAG00000011337
ENSMUSG00000026828,ENSMFAG00000036566
ENSMUSG00000041346,ENSMFAG00000033679
ENSMUSG00000095007,ENSMFAG00000038656
ENSMUSG00000076569,ENSMFAG00000058944
ENSMUSG00000076569,ENSMFAG00000011337
ENSMUSG00000026830,ENSMFAG00000045944
ENSMUSG00000030209,ENSMFAG00000007024
ENSMUSG00000059552,ENSMFAG00000038506
ENSMUSG00000026832,ENSMFAG00000043861
ENSMUSG00000089773,ENSMFAG00000049065
ENSMUSG00000023467,ENSMFAG00000000586
ENSMUSG00000029165,ENSMFAG00000000522
ENSMUSG00000024124,ENSMFAG00000038673
ENSMUSG00000055960,ENSMFAG00000049065
ENSMUSG00000045027,ENSMFAG00000034056
ENSMUSG00000087878,ENSMFAG00000040456
ENSMUSG00000094973,ENSMFAG00000043778
ENSMUSG00002076779,ENSMFAG00000005373
ENSMUSG00002076779,ENSMFAG00000005304
ENSMUSG00002076779,ENSMFAG00000007336
ENSMUSG00000050762,ENSMFAG00000032776
ENSMUSG00000050762,ENSMFAG00000063488
ENSMUSG00000026834,ENSMFAG00000042281
ENSMUSG00000016946,ENSMFAG00000054420
ENSMUSG00000071150,ENSMFAG00000058356
ENSMUSG00000029832,ENSMFAG00000031568
ENSMUSG00000024122,ENSMFAG00000030857
ENSMUSG00000070868,ENSMFAG00000049065
ENSMUSG00000004980,ENSMFAG00000002536
ENSMUSG00000028399,ENSMFAG00000031323
ENSMUSG00000026836,ENSMFAG00000042305
ENSMUSG00000041329,ENSMFAG00000039656
ENSMUSG00000052760,ENSMFAG00000064608
ENSMUSG00000005202,ENSMFAG00000000521
ENSMUSG00000030824,ENSMFAG00000003135
ENSMUSG00000069835,ENSMFAG00000001081
ENSMUSG00002075989,ENSMFAG00000054153
ENSMUSG00002075989,ENSMFAG00000057446
ENSMUSG00002075989,ENSMFAG00000053991
ENSMUSG00002075989,ENSMFAG00000057264
ENSMUSG00002075989,ENSMFAG00000049625
ENSMUSG00002075989,ENSMFAG00000053493
ENSMUSG00002075989,ENSMFAG00000049223
ENSMUSG00002075989,ENSMFAG00000051935
ENSMUSG00002075989,ENSMFAG00000059118
ENSMUSG00002075989,ENSMFAG00000065457
ENSMUSG00002075989,ENSMFAG00000050158
ENSMUSG00002075989,ENSMFAG00000051070
ENSMUSG00002075989,ENSMFAG00000052550
ENSMUSG00002075989,ENSMFAG00000052958
ENSMUSG00002075989,ENSMFAG00000054989
ENSMUSG00002075989,ENSMFAG00000054533
ENSMUSG00002075989,ENSMFAG00000054195
ENSMUSG00002075989,ENSMFAG00000052514
ENSMUSG00002075989,ENSMFAG00000051186
ENSMUSG00002075989,ENSMFAG00000060984
ENSMUSG00002075989,ENSMFAG00000055372
ENSMUSG00002075989,ENSMFAG00000055397
ENSMUSG00002075989,ENSMFAG00000054043
ENSMUSG00002075989,ENSMFAG00000048918
ENSMUSG00002075989,ENSMFAG00000061312
ENSMUSG00002075989,ENSMFAG00000054682
ENSMUSG00002075989,ENSMFAG00000052919
ENSMUSG00002075989,ENSMFAG00000063332
ENSMUSG00002075989,ENSMFAG00000058940
ENSMUSG00002075989,ENSMFAG00000063774
ENSMUSG00002075989,ENSMFAG00000062164
ENSMUSG00002075989,ENSMFAG00000065208
ENSMUSG00002075989,ENSMFAG00000053835
ENSMUSG00002075989,ENSMFAG00000064710
ENSMUSG00002075989,ENSMFAG00000047778
ENSMUSG00002075989,ENSMFAG00000060777
ENSMUSG00002075989,ENSMFAG00000057142
ENSMUSG00002075989,ENSMFAG00000056506
ENSMUSG00002075989,ENSMFAG00000048951
ENSMUSG00002075989,ENSMFAG00000064718
ENSMUSG00002075989,ENSMFAG00000057710
ENSMUSG00002075989,ENSMFAG00000058161
ENSMUSG00002075989,ENSMFAG00000054959
ENSMUSG00002075989,ENSMFAG00000060270
ENSMUSG00002075989,ENSMFAG00000056682
ENSMUSG00002075989,ENSMFAG00000058780
ENSMUSG00002075989,ENSMFAG00000060362
ENSMUSG00000026288,ENSMFAG00000032897
ENSMUSG00000018761,ENSMFAG00000041864
ENSMUSG00000026839,ENSMFAG00000003209
ENSMUSG00000029836,ENSMFAG00000000399
ENSMUSG00000026991,ENSMFAG00000008546
ENSMUSG00000036820,ENSMFAG00000002099
ENSMUSG00000059796,ENSMFAG00000031996
ENSMUSG00000038301,ENSMFAG00000000672
ENSMUSG00000040435,ENSMFAG00000041869
ENSMUSG00000029163,ENSMFAG00000029007
ENSMUSG00000024121,ENSMFAG00000044125
ENSMUSG00000002897,ENSMFAG00000034481
ENSMUSG00000065862,ENSMFAG00000030013
ENSMUSG00000089542,ENSMFAG00000015176
ENSMUSG00000005204,ENSMFAG00000039010
ENSMUSG00000030826,ENSMFAG00000001784
ENSMUSG00000036196,ENSMFAG00000031229
ENSMUSG00000029162,ENSMFAG00000032386
ENSMUSG00000094626,ENSMFAG00000064527
ENSMUSG00000058979,ENSMFAG00000044272
ENSMUSG00002075013,ENSMFAG00000006517
ENSMUSG00000039419,ENSMFAG00000046348
ENSMUSG00000030827,ENSMFAG00000031896
ENSMUSG00000008461,ENSMFAG00000064726
ENSMUSG00000053436,ENSMFAG00000037865
ENSMUSG00000064158,ENSMFAG00000016667
ENSMUSG00000045302,ENSMFAG00000003070
ENSMUSG00000045302,ENSMFAG00000040163
ENSMUSG00000032816,ENSMFAG00000031165
ENSMUSG00000044562,ENSMFAG00000002655
ENSMUSG00000089669,ENSMFAG00000039025
ENSMUSG00000055553,ENSMFAG00000044925
ENSMUSG00000042918,ENSMFAG00000045502
ENSMUSG00000026989,ENSMFAG00000029280
ENSMUSG00000029686,ENSMFAG00000046081
ENSMUSG00000035168,ENSMFAG00000042358
ENSMUSG00000006642,ENSMFAG00000058810
ENSMUSG00000097328,ENSMFAG00000002034
ENSMUSG00000029538,ENSMFAG00000039423
ENSMUSG00000029536,ENSMFAG00000034197
ENSMUSG00000005198,ENSMFAG00000007042
ENSMUSG00000052749,ENSMFAG00000044304
ENSMUSG00000041697,ENSMFAG00000064730
ENSMUSG00000041697,ENSMFAG00000058702
ENSMUSG00000040652,ENSMFAG00000000861
ENSMUSG00000073928,ENSMFAG00000056389
ENSMUSG00000054256,ENSMFAG00000001798
ENSMUSG00000029687,ENSMFAG00000040192
ENSMUSG00000073925,ENSMFAG00000037134
ENSMUSG00000031954,ENSMFAG00000031867
ENSMUSG00000031953,ENSMFAG00000051686
ENSMUSG00000037674,ENSMFAG00000033176
ENSMUSG00002075786,ENSMFAG00000011812
ENSMUSG00000070421,ENSMFAG00000040722
ENSMUSG00000031951,ENSMFAG00000041367
ENSMUSG00000086784,ENSMFAG00000009165
ENSMUSG00000031950,ENSMFAG00000041724
ENSMUSG00000110221,ENSMFAG00000030392
ENSMUSG00000031949,ENSMFAG00000026786
ENSMUSG00000091345,ENSMFAG00000001186
ENSMUSG00000035279,ENSMFAG00000031455
ENSMUSG00000029522,ENSMFAG00000052529
ENSMUSG00000026988,ENSMFAG00000023412
ENSMUSG00000030433,ENSMFAG00000044159
ENSMUSG00000010066,ENSMFAG00000001656
ENSMUSG00000018776,ENSMFAG00000034282
ENSMUSG00000068082,ENSMFAG00000037806
ENSMUSG00000031948,ENSMFAG00000040024
ENSMUSG00000018750,ENSMFAG00000000576
ENSMUSG00000051550,ENSMFAG00000055885
ENSMUSG00000029422,ENSMFAG00000036398
ENSMUSG00000041189,ENSMFAG00000042053
ENSMUSG00000026987,ENSMFAG00000037367
ENSMUSG00000026289,ENSMFAG00000037545
ENSMUSG00000033430,ENSMFAG00000034117
ENSMUSG00000051184,ENSMFAG00000023561
ENSMUSG00000019433,ENSMFAG00000042501
ENSMUSG00000042826,ENSMFAG00000003329
ENSMUSG00000035228,ENSMFAG00000032895
ENSMUSG00000057672,ENSMFAG00000003990
ENSMUSG00000089876,ENSMFAG00000032693
ENSMUSG00000041165,ENSMFAG00000041099
ENSMUSG00000051790,ENSMFAG00000042656
ENSMUSG00000004864,ENSMFAG00000045766
ENSMUSG00000055633,ENSMFAG00000051292
ENSMUSG00000026977,ENSMFAG00000032793
ENSMUSG00000070394,ENSMFAG00000039608
ENSMUSG00000019461,ENSMFAG00000040179
ENSMUSG00000087897,ENSMFAG00000011509
ENSMUSG00000015053,ENSMFAG00000038603
ENSMUSG00000060703,ENSMFAG00000038264
ENSMUSG00000048206,ENSMFAG00000030291
ENSMUSG00000033216,ENSMFAG00000042128
ENSMUSG00000035191,ENSMFAG00000044047
ENSMUSG00000035191,ENSMFAG00000038706
ENSMUSG00000001583,ENSMFAG00000031134
ENSMUSG00000026980,ENSMFAG00000033999
ENSMUSG00000029064,ENSMFAG00000040106
ENSMUSG00000063952,ENSMFAG00000000567
ENSMUSG00000063952,ENSMFAG00000059871
ENSMUSG00000035177,ENSMFAG00000029871
ENSMUSG00000029414,ENSMFAG00000045398
ENSMUSG00000073209,ENSMFAG00000053753
ENSMUSG00000065610,ENSMFAG00000011892
ENSMUSG00000065604,ENSMFAG00000008324
ENSMUSG00000019464,ENSMFAG00000059444
ENSMUSG00000059891,ENSMFAG00000046167
ENSMUSG00000094845,ENSMFAG00000028065
ENSMUSG00000054580,ENSMFAG00000041834
ENSMUSG00000005481,ENSMFAG00000044174
ENSMUSG00000018765,ENSMFAG00000043282
ENSMUSG00000007783,ENSMFAG00000039271
ENSMUSG00000056055,ENSMFAG00000045450
ENSMUSG00000002885,ENSMFAG00000000614
ENSMUSG00000045502,ENSMFAG00000036514
ENSMUSG00000049241,ENSMFAG00000028540
ENSMUSG00000023106,ENSMFAG00000038312
ENSMUSG00000013483,ENSMFAG00000034440
ENSMUSG00000043286,ENSMFAG00000040598
ENSMUSG00000026971,ENSMFAG00000002303
ENSMUSG00000000915,ENSMFAG00000046309
ENSMUSG00000070738,ENSMFAG00000002861
ENSMUSG00000048905,ENSMFAG00000046079
ENSMUSG00000006219,ENSMFAG00000044716
ENSMUSG00000109324,ENSMFAG00000044489
ENSMUSG00000005043,ENSMFAG00000024178
ENSMUSG00000005936,ENSMFAG00000033116
ENSMUSG00000005501,ENSMFAG00000036495
ENSMUSG00000039908,ENSMFAG00000032450
ENSMUSG00000026970,ENSMFAG00000000274
ENSMUSG00000066278,ENSMFAG00000040044
ENSMUSG00000043085,ENSMFAG00000044352
ENSMUSG00000061898,ENSMFAG00000062799
ENSMUSG00000040740,ENSMFAG00000060774
ENSMUSG00000029586,ENSMFAG00000042064
ENSMUSG00000029586,ENSMFAG00000040732
ENSMUSG00000039850,ENSMFAG00000044601
ENSMUSG00000028917,ENSMFAG00000044082
ENSMUSG00000046408,ENSMFAG00000042255
ENSMUSG00000039296,ENSMFAG00000042064
ENSMUSG00000039296,ENSMFAG00000040732
ENSMUSG00000029587,ENSMFAG00000006390
ENSMUSG00000031688,ENSMFAG00000041516
ENSMUSG00000025582,ENSMFAG00000040743
ENSMUSG00000078515,ENSMFAG00000040011
ENSMUSG00002076802,ENSMFAG00000005475
ENSMUSG00002076802,ENSMFAG00000005542
ENSMUSG00000025371,ENSMFAG00000003684
ENSMUSG00000037070,ENSMFAG00000049273
ENSMUSG00000039244,ENSMFAG00000037040
ENSMUSG00000031684,ENSMFAG00000005395
ENSMUSG00000024006,ENSMFAG00000000825
ENSMUSG00000001844,ENSMFAG00000002456
ENSMUSG00000006442,ENSMFAG00000033887
ENSMUSG00000006442,ENSMFAG00000003974
ENSMUSG00000003190,ENSMFAG00000042931
ENSMUSG00000025372,ENSMFAG00000043088
ENSMUSG00002076594,ENSMFAG00000029958
ENSMUSG00000064289,ENSMFAG00000037351
ENSMUSG00000028979,ENSMFAG00000025849
ENSMUSG00000003184,ENSMFAG00000033004
ENSMUSG00000060594,ENSMFAG00000032480
ENSMUSG00000041459,ENSMFAG00000002750
ENSMUSG00000041459,ENSMFAG00000000832
ENSMUSG00000032056,ENSMFAG00000036753
ENSMUSG00000032057,ENSMFAG00000036781
ENSMUSG00000038406,ENSMFAG00000048188
ENSMUSG00000065587,ENSMFAG00000016072
ENSMUSG00000031683,ENSMFAG00000033073
ENSMUSG00000032053,ENSMFAG00000042921
ENSMUSG00000079559,ENSMFAG00000043291
ENSMUSG00000036027,ENSMFAG00000034174
ENSMUSG00000026914,ENSMFAG00000002257
ENSMUSG00000002342,ENSMFAG00000043553
ENSMUSG00000071172,ENSMFAG00000057460
ENSMUSG00000043613,ENSMFAG00000037925
ENSMUSG00000038387,ENSMFAG00000029942
ENSMUSG00000018620,ENSMFAG00000035397
ENSMUSG00000018623,ENSMFAG00000037818
ENSMUSG00000007837,ENSMFAG00000034285
ENSMUSG00000081984,ENSMFAG00000039060
ENSMUSG00000089960,ENSMFAG00000042349
ENSMUSG00000079111,ENSMFAG00000038055
ENSMUSG00000026904,ENSMFAG00000034426
ENSMUSG00000039206,ENSMFAG00000040592
ENSMUSG00000023067,ENSMFAG00000001604
ENSMUSG00000079429,ENSMFAG00000045490
ENSMUSG00000064147,ENSMFAG00000000117
ENSMUSG00000041361,ENSMFAG00000035568
ENSMUSG00000044783,ENSMFAG00000000886
ENSMUSG00000001847,ENSMFAG00000045457
ENSMUSG00000003421,ENSMFAG00000031153
ENSMUSG00000002346,ENSMFAG00000039473
ENSMUSG00000036251,ENSMFAG00000043208
ENSMUSG00000002343,ENSMFAG00000000505
ENSMUSG00000083012,ENSMFAG00000039457
ENSMUSG00000080316,ENSMFAG00000030685
ENSMUSG00000034858,ENSMFAG00000042817
ENSMUSG00000029249,ENSMFAG00000038786
ENSMUSG00000025583,ENSMFAG00000000138
ENSMUSG00000036285,ENSMFAG00000035534
ENSMUSG00000036054,ENSMFAG00000040352
ENSMUSG00000029250,ENSMFAG00000042250
ENSMUSG00000065396,ENSMFAG00000012251
ENSMUSG00000105758,ENSMFAG00000013751
ENSMUSG00000065479,ENSMFAG00000013179
ENSMUSG00000003665,ENSMFAG00000044509
ENSMUSG00000045551,ENSMFAG00000050900
ENSMUSG00000052270,ENSMFAG00000048717
ENSMUSG00000079700,ENSMFAG00000048717
ENSMUSG00000048062,ENSMFAG00000048717
ENSMUSG00000070577,ENSMFAG00000045174
ENSMUSG00000087408,ENSMFAG00000044990
ENSMUSG00000036256,ENSMFAG00000032578
ENSMUSG00000007656,ENSMFAG00000049942
ENSMUSG00000026295,ENSMFAG00000044433
ENSMUSG00000036718,ENSMFAG00000031555
ENSMUSG00000034593,ENSMFAG00000044339
ENSMUSG00000026374,ENSMFAG00000044217
ENSMUSG00000109523,ENSMFAG00000064570
ENSMUSG00000032717,ENSMFAG00000004961
ENSMUSG00000026377,ENSMFAG00000031270
ENSMUSG00000074129,ENSMFAG00000002765
ENSMUSG00000064302,ENSMFAG00000032753
ENSMUSG00000035569,ENSMFAG00000040263
ENSMUSG00000028975,ENSMFAG00000032533
ENSMUSG00000064748,ENSMFAG00000051659
ENSMUSG00000023991,ENSMFAG00000033620
ENSMUSG00000028974,ENSMFAG00000033729
ENSMUSG00000033938,ENSMFAG00000043529
ENSMUSG00000020774,ENSMFAG00000000304
ENSMUSG00000035000,ENSMFAG00000041945
ENSMUSG00000028466,ENSMFAG00000044871
ENSMUSG00000112920,ENSMFAG00000033957
ENSMUSG00000065219,ENSMFAG00000004649
ENSMUSG00000028467,ENSMFAG00000045671
ENSMUSG00000027199,ENSMFAG00000003046
ENSMUSG00000033590,ENSMFAG00000033683
ENSMUSG00000118663,ENSMFAG00000003414
ENSMUSG00000033213,ENSMFAG00000030902
ENSMUSG00000028468,ENSMFAG00000042193
ENSMUSG00000076309,ENSMFAG00000017740
ENSMUSG00000005802,ENSMFAG00000034326
ENSMUSG00000032192,ENSMFAG00000003513
ENSMUSG00000018143,ENSMFAG00000045790
ENSMUSG00000005483,ENSMFAG00000042314
ENSMUSG00000005483,ENSMFAG00000053515
ENSMUSG00000005510,ENSMFAG00000031067
ENSMUSG00000036687,ENSMFAG00000039277
ENSMUSG00000040028,ENSMFAG00000040787
ENSMUSG00000005505,ENSMFAG00000032928
ENSMUSG00000078719,ENSMFAG00000038299
ENSMUSG00000070379,ENSMFAG00000030570
ENSMUSG00000028469,ENSMFAG00000038876
ENSMUSG00000070378,ENSMFAG00000029960
ENSMUSG00000063235,ENSMFAG00000042995
ENSMUSG00000070377,ENSMFAG00000029960
ENSMUSG00000042265,ENSMFAG00000043690
ENSMUSG00000005506,ENSMFAG00000003505
ENSMUSG00000029551,ENSMFAG00000043635
ENSMUSG00000029213,ENSMFAG00000041161
ENSMUSG00000063116,ENSMFAG00000030570
ENSMUSG00000058275,ENSMFAG00000015962
ENSMUSG00000058275,ENSMFAG00000032236
ENSMUSG00000018924,ENSMFAG00000045049
ENSMUSG00000003299,ENSMFAG00000003526
ENSMUSG00000032690,ENSMFAG00000000924
ENSMUSG00000048617,ENSMFAG00000038313
ENSMUSG00000018921,ENSMFAG00000042883
ENSMUSG00000032661,ENSMFAG00000039534
ENSMUSG00000052926,ENSMFAG00000002011
ENSMUSG00000071068,ENSMFAG00000049428
ENSMUSG00000037405,ENSMFAG00000026825
ENSMUSG00000066196,ENSMFAG00000031141
ENSMUSG00000060216,ENSMFAG00000001220
ENSMUSG00000066867,ENSMFAG00000015570
ENSMUSG00000023992,ENSMFAG00000031820
ENSMUSG00000028470,ENSMFAG00000034091
ENSMUSG00000001166,ENSMFAG00000015570
ENSMUSG00000001014,ENSMFAG00000003379
ENSMUSG00000043633,ENSMFAG00000002144
ENSMUSG00000032174,ENSMFAG00000002910
ENSMUSG00000023993,ENSMFAG00000000750
ENSMUSG00000005161,ENSMFAG00000051695
ENSMUSG00000005161,ENSMFAG00000031614
ENSMUSG00000029605,ENSMFAG00000015570
ENSMUSG00000078716,ENSMFAG00000002135
ENSMUSG00000079681,ENSMFAG00000059142
ENSMUSG00000038292,ENSMFAG00000008806
ENSMUSG00000023994,ENSMFAG00000045942
ENSMUSG00000079677,ENSMFAG00000043889
ENSMUSG00000006095,ENSMFAG00000041556
ENSMUSG00000052837,ENSMFAG00000052456
ENSMUSG00000010205,ENSMFAG00000037977
ENSMUSG00000019738,ENSMFAG00000039443
ENSMUSG00000046450,ENSMFAG00000058117
ENSMUSG00000029657,ENSMFAG00000018638
ENSMUSG00000032175,ENSMFAG00000044770
ENSMUSG00000100512,ENSMFAG00000038638
ENSMUSG00000037020,ENSMFAG00000045599
ENSMUSG00000018923,ENSMFAG00000044987
ENSMUSG00000040829,ENSMFAG00000038901
ENSMUSG00000002104,ENSMFAG00000037957
ENSMUSG00000035969,ENSMFAG00000003074
ENSMUSG00000068264,ENSMFAG00000042735
ENSMUSG00000040771,ENSMFAG00000039928
ENSMUSG00000062825,ENSMFAG00000030086
ENSMUSG00000040694,ENSMFAG00000044645
ENSMUSG00000037523,ENSMFAG00000046041
ENSMUSG00000023995,ENSMFAG00000001664
ENSMUSG00000043592,ENSMFAG00000032643
ENSMUSG00000013921,ENSMFAG00000058987
ENSMUSG00000013921,ENSMFAG00000044096
ENSMUSG00000019471,ENSMFAG00000063064
ENSMUSG00000019471,ENSMFAG00000037601
ENSMUSG00000025380,ENSMFAG00000053754
ENSMUSG00000051950,ENSMFAG00000041822
ENSMUSG00000025384,ENSMFAG00000042241
ENSMUSG00000042831,ENSMFAG00000042361
ENSMUSG00000032177,ENSMFAG00000004722
ENSMUSG00000037514,ENSMFAG00000044495
ENSMUSG00000029279,ENSMFAG00000044939
ENSMUSG00000039691,ENSMFAG00000030900
ENSMUSG00000025386,ENSMFAG00000049013
ENSMUSG00000019737,ENSMFAG00000040369
ENSMUSG00000039670,ENSMFAG00000043539
ENSMUSG00000049957,ENSMFAG00000036416
ENSMUSG00000064554,ENSMFAG00000057225
ENSMUSG00000033805,ENSMFAG00000035355
ENSMUSG00000065563,ENSMFAG00000020468
ENSMUSG00000048911,ENSMFAG00000062635
ENSMUSG00000042788,ENSMFAG00000002888
ENSMUSG00000111375,ENSMFAG00000003189
ENSMUSG00000003308,ENSMFAG00000054809
ENSMUSG00000074211,ENSMFAG00000015193
ENSMUSG00000064982,ENSMFAG00000040464
ENSMUSG00000030579,ENSMFAG00000039856
ENSMUSG00000028458,ENSMFAG00000034790
ENSMUSG00000077527,ENSMFAG00000021835
ENSMUSG00000027403,ENSMFAG00000028501
ENSMUSG00000064109,ENSMFAG00000037963
ENSMUSG00000036931,ENSMFAG00000036666
ENSMUSG00000002820,ENSMFAG00000036604
ENSMUSG00000028459,ENSMFAG00000032921
ENSMUSG00000027404,ENSMFAG00000042411
ENSMUSG00000006651,ENSMFAG00000038687
ENSMUSG00000060332,ENSMFAG00000044034
ENSMUSG00000032023,ENSMFAG00000036541
ENSMUSG00000032021,ENSMFAG00000039012
ENSMUSG00000027405,ENSMFAG00000041293
ENSMUSG00000036915,ENSMFAG00000032870
ENSMUSG00000032020,ENSMFAG00000032807
ENSMUSG00000029363,ENSMFAG00000044172
ENSMUSG00000028460,ENSMFAG00000033286
ENSMUSG00000028461,ENSMFAG00000039469
ENSMUSG00000005142,ENSMFAG00000042986
ENSMUSG00000061578,ENSMFAG00000042933
ENSMUSG00000006649,ENSMFAG00000042644
ENSMUSG00000027951,ENSMFAG00000003217
ENSMUSG00000051517,ENSMFAG00000046013
ENSMUSG00000049313,ENSMFAG00000031352
ENSMUSG00000006638,ENSMFAG00000041476
ENSMUSG00000046808,ENSMFAG00000032751
ENSMUSG00000039703,ENSMFAG00000033200
ENSMUSG00000119586,ENSMFAG00000024447
ENSMUSG00000080610,ENSMFAG00000015316
ENSMUSG00000120992,ENSMFAG00000064862
ENSMUSG00000120992,ENSMFAG00000055201
ENSMUSG00000093645,ENSMFAG00000023584
ENSMUSG00000065289,ENSMFAG00000047383
ENSMUSG00000065272,ENSMFAG00000064394
ENSMUSG00000027406,ENSMFAG00000031070
ENSMUSG00000028463,ENSMFAG00000044908
ENSMUSG00000032018,ENSMFAG00000001405
ENSMUSG00000052525,ENSMFAG00000037499
ENSMUSG00000037373,ENSMFAG00000000176
ENSMUSG00000074194,ENSMFAG00000036181
ENSMUSG00001074846,ENSMFAG00000043782
ENSMUSG00000027593,ENSMFAG00000033131
ENSMUSG00000028464,ENSMFAG00000002090
ENSMUSG00000054836,ENSMFAG00000042895
ENSMUSG00000036892,ENSMFAG00000045422
ENSMUSG00000041057,ENSMFAG00000031243
ENSMUSG00000047798,ENSMFAG00000030780
ENSMUSG00000032485,ENSMFAG00000031375
ENSMUSG00000028465,ENSMFAG00000043244
ENSMUSG00000053094,ENSMFAG00000041238
ENSMUSG00000020733,ENSMFAG00000043867
ENSMUSG00000093289,ENSMFAG00000007969
ENSMUSG00000036057,ENSMFAG00000058311
ENSMUSG00000092887,ENSMFAG00000008003
ENSMUSG00000092713,ENSMFAG00000007932
ENSMUSG00000090509,ENSMFAG00000058402
ENSMUSG00000015542,ENSMFAG00000044362
ENSMUSG00000025337,ENSMFAG00000032620
ENSMUSG00000056310,ENSMFAG00000035457
ENSMUSG00000040061,ENSMFAG00000053192
ENSMUSG00000054792,ENSMFAG00000002292
ENSMUSG00000054792,ENSMFAG00000064753
ENSMUSG00000036214,ENSMFAG00000052346
ENSMUSG00000056938,ENSMFAG00000045120
ENSMUSG00000026380,ENSMFAG00000013698
ENSMUSG00000032489,ENSMFAG00000043979
ENSMUSG00000034118,ENSMFAG00000003213
ENSMUSG00000026437,ENSMFAG00000003017
ENSMUSG00000065417,ENSMFAG00000012727
ENSMUSG00000036644,ENSMFAG00000000062
ENSMUSG00000041453,ENSMFAG00000053875
ENSMUSG00000028971,ENSMFAG00000035608
ENSMUSG00000073705,ENSMFAG00000055564
ENSMUSG00000042429,ENSMFAG00000035176
ENSMUSG00000025739,ENSMFAG00000001969
ENSMUSG00000077185,ENSMFAG00000052477
ENSMUSG00000077564,ENSMFAG00000009526
ENSMUSG00000028961,ENSMFAG00000003686
ENSMUSG00000016503,ENSMFAG00000044837
ENSMUSG00000068889,ENSMFAG00000030064
ENSMUSG00000003051,ENSMFAG00000037333
ENSMUSG00000013236,ENSMFAG00000047403
ENSMUSG00000027919,ENSMFAG00000030064
ENSMUSG00000045838,ENSMFAG00000043689
ENSMUSG00000059832,ENSMFAG00000065755
ENSMUSG00000040035,ENSMFAG00000031712
ENSMUSG00000063077,ENSMFAG00000033591
ENSMUSG00000041926,ENSMFAG00000001997
ENSMUSG00000020381,ENSMFAG00000040511
ENSMUSG00000044791,ENSMFAG00000001601
ENSMUSG00000065373,ENSMFAG00000049932
ENSMUSG00000042240,ENSMFAG00000032777
ENSMUSG00000096879,ENSMFAG00000000752
ENSMUSG00000015837,ENSMFAG00000032992
ENSMUSG00000078657,ENSMFAG00000039664
ENSMUSG00000029352,ENSMFAG00000037000
ENSMUSG00000049133,ENSMFAG00000037107
ENSMUSG00000102439,ENSMFAG00000052909
ENSMUSG00000027331,ENSMFAG00000040597
ENSMUSG00000062580,ENSMFAG00000000231
ENSMUSG00000041991,ENSMFAG00000047345
ENSMUSG00000036620,ENSMFAG00000029205
ENSMUSG00000041984,ENSMFAG00000054571
ENSMUSG00000048096,ENSMFAG00000039790
ENSMUSG00000027908,ENSMFAG00000065203
ENSMUSG00000041889,ENSMFAG00000061611
ENSMUSG00000051339,ENSMFAG00000044139
ENSMUSG00000041879,ENSMFAG00000035917
ENSMUSG00000028093,ENSMFAG00000046287
ENSMUSG00000020377,ENSMFAG00000043066
ENSMUSG00000066964,ENSMFAG00000042211
ENSMUSG00000050567,ENSMFAG00000044212
ENSMUSG00000042216,ENSMFAG00000020092
ENSMUSG00000038256,ENSMFAG00000043762
ENSMUSG00000027332,ENSMFAG00000045329
ENSMUSG00000056724,ENSMFAG00000000234
ENSMUSG00000020368,ENSMFAG00000031934
ENSMUSG00000089264,ENSMFAG00000027888
ENSMUSG00000009418,ENSMFAG00000029861
ENSMUSG00000027377,ENSMFAG00000032501
ENSMUSG00000027379,ENSMFAG00000002933
ENSMUSG00000050087,ENSMFAG00000042944
ENSMUSG00000007850,ENSMFAG00000028267
ENSMUSG00000027995,ENSMFAG00000012822
ENSMUSG00000028078,ENSMFAG00000001654
ENSMUSG00000028960,ENSMFAG00000042381
ENSMUSG00000027333,ENSMFAG00000031692
ENSMUSG00000020375,ENSMFAG00000033376
ENSMUSG00000026421,ENSMFAG00000033632
ENSMUSG00000020716,ENSMFAG00000033978
ENSMUSG00000026418,ENSMFAG00000037331
ENSMUSG00000044526,ENSMFAG00000050092
ENSMUSG00000058013,ENSMFAG00000042066
ENSMUSG00000110218,ENSMFAG00000032284
ENSMUSG00000042625,ENSMFAG00000039706
ENSMUSG00000028996,ENSMFAG00000036052
ENSMUSG00000041782,ENSMFAG00000044742
ENSMUSG00000006313,ENSMFAG00000037616
ENSMUSG00000028992,ENSMFAG00000001659
ENSMUSG00000036751,ENSMFAG00000039862
ENSMUSG00000019659,ENSMFAG00000002976
ENSMUSG00000026414,ENSMFAG00000003567
ENSMUSG00000030978,ENSMFAG00000034349
ENSMUSG00000028990,ENSMFAG00000037708
ENSMUSG00000063015,ENSMFAG00000036157
ENSMUSG00000084690,ENSMFAG00000021848
ENSMUSG00000084690,ENSMFAG00000021914
ENSMUSG00000025888,ENSMFAG00000001158
ENSMUSG00000025888,ENSMFAG00000039181
ENSMUSG00000025888,ENSMFAG00000043576
ENSMUSG00000029385,ENSMFAG00000003008
ENSMUSG00000041750,ENSMFAG00000044229
ENSMUSG00000027335,ENSMFAG00000003889
ENSMUSG00000027122,ENSMFAG00000001165
ENSMUSG00000028076,ENSMFAG00000044229
ENSMUSG00000073973,ENSMFAG00000042711
ENSMUSG00000027120,ENSMFAG00000039808
ENSMUSG00000023259,ENSMFAG00000034657
ENSMUSG00000045824,ENSMFAG00000042787
ENSMUSG00000064405,ENSMFAG00000048816
ENSMUSG00000065840,ENSMFAG00000030225
ENSMUSG00000064585,ENSMFAG00000054035
ENSMUSG00000027652,ENSMFAG00000039697
ENSMUSG00000041734,ENSMFAG00000034013
ENSMUSG00000043354,ENSMFAG00000053260
ENSMUSG00000032446,ENSMFAG00000002012
ENSMUSG00000049760,ENSMFAG00000034498
ENSMUSG00000057863,ENSMFAG00000053066
ENSMUSG00000045132,ENSMFAG00000029284
ENSMUSG00000041168,ENSMFAG00000043447
ENSMUSG00000045780,ENSMFAG00000029284
ENSMUSG00000064909,ENSMFAG00000055509
ENSMUSG00000093011,ENSMFAG00000014651
ENSMUSG00000093354,ENSMFAG00000016481
ENSMUSG00000023078,ENSMFAG00000032774
ENSMUSG00000073901,ENSMFAG00000056698
ENSMUSG00000038884,ENSMFAG00000041268
ENSMUSG00000073900,ENSMFAG00000056698
ENSMUSG00000109058,ENSMFAG00000056698
ENSMUSG00000109354,ENSMFAG00000056698
ENSMUSG00000034724,ENSMFAG00000044296
ENSMUSG00000040828,ENSMFAG00000045623
ENSMUSG00000038742,ENSMFAG00000038494
ENSMUSG00000004100,ENSMFAG00000042854
ENSMUSG00000059994,ENSMFAG00000038388
ENSMUSG00000002372,ENSMFAG00000031395
ENSMUSG00000077702,ENSMFAG00000010764
ENSMUSG00000089571,ENSMFAG00000027773
ENSMUSG00000044405,ENSMFAG00000043148
ENSMUSG00000070319,ENSMFAG00000003465
ENSMUSG00000037771,ENSMFAG00000004019
ENSMUSG00000049612,ENSMFAG00000029409
ENSMUSG00000037761,ENSMFAG00000001911
ENSMUSG00000093938,ENSMFAG00000053252
ENSMUSG00000004099,ENSMFAG00000023786
ENSMUSG00000078771,ENSMFAG00000003552
ENSMUSG00000000244,ENSMFAG00000031437
ENSMUSG00000017639,ENSMFAG00000036401
ENSMUSG00000070686,ENSMFAG00000037490
ENSMUSG00000070686,ENSMFAG00000037280
ENSMUSG00000070686,ENSMFAG00000003419
ENSMUSG00000070686,ENSMFAG00000039073
ENSMUSG00000070686,ENSMFAG00000031578
ENSMUSG00000070686,ENSMFAG00000064937
ENSMUSG00000070686,ENSMFAG00000042798
ENSMUSG00000070686,ENSMFAG00000032967
ENSMUSG00000070686,ENSMFAG00000051805
ENSMUSG00000107392,ENSMFAG00000037490
ENSMUSG00000107392,ENSMFAG00000037280
ENSMUSG00000107392,ENSMFAG00000003419
ENSMUSG00000107392,ENSMFAG00000039073
ENSMUSG00000107392,ENSMFAG00000031578
ENSMUSG00000107392,ENSMFAG00000064937
ENSMUSG00000107392,ENSMFAG00000042798
ENSMUSG00000107392,ENSMFAG00000032967
ENSMUSG00000107392,ENSMFAG00000051805
ENSMUSG00000096230,ENSMFAG00000037490
ENSMUSG00000096230,ENSMFAG00000037280
ENSMUSG00000096230,ENSMFAG00000003419
ENSMUSG00000096230,ENSMFAG00000039073
ENSMUSG00000096230,ENSMFAG00000031578
ENSMUSG00000096230,ENSMFAG00000064937
ENSMUSG00000096230,ENSMFAG00000042798
ENSMUSG00000096230,ENSMFAG00000032967
ENSMUSG00000096230,ENSMFAG00000051805
ENSMUSG00000088879,ENSMFAG00000042697
ENSMUSG00000077574,ENSMFAG00000053523
ENSMUSG00000077574,ENSMFAG00000062133
ENSMUSG00000065395,ENSMFAG00000007199
ENSMUSG00000018920,ENSMFAG00000031064
ENSMUSG00000096259,ENSMFAG00000037490
ENSMUSG00000096259,ENSMFAG00000037280
ENSMUSG00000096259,ENSMFAG00000003419
ENSMUSG00000096259,ENSMFAG00000039073
ENSMUSG00000096259,ENSMFAG00000031578
ENSMUSG00000096259,ENSMFAG00000064937
ENSMUSG00000096259,ENSMFAG00000042798
ENSMUSG00000096259,ENSMFAG00000032967
ENSMUSG00000096259,ENSMFAG00000051805
ENSMUSG00000002379,ENSMFAG00000017334
ENSMUSG00000002379,ENSMFAG00000003802
ENSMUSG00000095718,ENSMFAG00000037490
ENSMUSG00000095718,ENSMFAG00000037280
ENSMUSG00000095718,ENSMFAG00000003419
ENSMUSG00000095718,ENSMFAG00000039073
ENSMUSG00000095718,ENSMFAG00000031578
ENSMUSG00000095718,ENSMFAG00000064937
ENSMUSG00000095718,ENSMFAG00000042798
ENSMUSG00000095718,ENSMFAG00000032967
ENSMUSG00000095718,ENSMFAG00000051805
ENSMUSG00000033909,ENSMFAG00000003093
ENSMUSG00000074011,ENSMFAG00000037490
ENSMUSG00000074011,ENSMFAG00000037280
ENSMUSG00000074011,ENSMFAG00000003419
ENSMUSG00000074011,ENSMFAG00000039073
ENSMUSG00000074011,ENSMFAG00000031578
ENSMUSG00000074011,ENSMFAG00000064937
ENSMUSG00000074011,ENSMFAG00000042798
ENSMUSG00000074011,ENSMFAG00000032967
ENSMUSG00000074011,ENSMFAG00000051805
ENSMUSG00000094195,ENSMFAG00000037490
ENSMUSG00000094195,ENSMFAG00000037280
ENSMUSG00000094195,ENSMFAG00000003419
ENSMUSG00000094195,ENSMFAG00000039073
ENSMUSG00000094195,ENSMFAG00000031578
ENSMUSG00000094195,ENSMFAG00000064937
ENSMUSG00000094195,ENSMFAG00000042798
ENSMUSG00000094195,ENSMFAG00000032967
ENSMUSG00000094195,ENSMFAG00000051805
ENSMUSG00000039481,ENSMFAG00000038415
ENSMUSG00000094043,ENSMFAG00000037490
ENSMUSG00000094043,ENSMFAG00000037280
ENSMUSG00000094043,ENSMFAG00000003419
ENSMUSG00000094043,ENSMFAG00000039073
ENSMUSG00000094043,ENSMFAG00000031578
ENSMUSG00000094043,ENSMFAG00000064937
ENSMUSG00000094043,ENSMFAG00000042798
ENSMUSG00000094043,ENSMFAG00000032967
ENSMUSG00000094043,ENSMFAG00000051805
ENSMUSG00000072814,ENSMFAG00000037490
ENSMUSG00000072814,ENSMFAG00000037280
ENSMUSG00000072814,ENSMFAG00000003419
ENSMUSG00000072814,ENSMFAG00000039073
ENSMUSG00000072814,ENSMFAG00000031578
ENSMUSG00000072814,ENSMFAG00000064937
ENSMUSG00000072814,ENSMFAG00000042798
ENSMUSG00000072814,ENSMFAG00000032967
ENSMUSG00000072814,ENSMFAG00000051805
ENSMUSG00000096044,ENSMFAG00000037490
ENSMUSG00000096044,ENSMFAG00000037280
ENSMUSG00000096044,ENSMFAG00000003419
ENSMUSG00000096044,ENSMFAG00000039073
ENSMUSG00000096044,ENSMFAG00000031578
ENSMUSG00000096044,ENSMFAG00000064937
ENSMUSG00000096044,ENSMFAG00000042798
ENSMUSG00000096044,ENSMFAG00000032967
ENSMUSG00000096044,ENSMFAG00000051805
ENSMUSG00000072822,ENSMFAG00000037490
ENSMUSG00000072822,ENSMFAG00000037280
ENSMUSG00000072822,ENSMFAG00000003419
ENSMUSG00000072822,ENSMFAG00000039073
ENSMUSG00000072822,ENSMFAG00000031578
ENSMUSG00000072822,ENSMFAG00000064937
ENSMUSG00000072822,ENSMFAG00000042798
ENSMUSG00000072822,ENSMFAG00000032967
ENSMUSG00000072822,ENSMFAG00000051805
ENSMUSG00000072821,ENSMFAG00000037490
ENSMUSG00000072821,ENSMFAG00000037280
ENSMUSG00000072821,ENSMFAG00000003419
ENSMUSG00000072821,ENSMFAG00000039073
ENSMUSG00000072821,ENSMFAG00000031578
ENSMUSG00000072821,ENSMFAG00000064937
ENSMUSG00000072821,ENSMFAG00000042798
ENSMUSG00000072821,ENSMFAG00000032967
ENSMUSG00000072821,ENSMFAG00000051805
ENSMUSG00000095074,ENSMFAG00000037490
ENSMUSG00000095074,ENSMFAG00000037280
ENSMUSG00000095074,ENSMFAG00000003419
ENSMUSG00000095074,ENSMFAG00000039073
ENSMUSG00000095074,ENSMFAG00000031578
ENSMUSG00000095074,ENSMFAG00000064937
ENSMUSG00000095074,ENSMFAG00000042798
ENSMUSG00000095074,ENSMFAG00000032967
ENSMUSG00000095074,ENSMFAG00000051805
ENSMUSG00000095503,ENSMFAG00000037490
ENSMUSG00000095503,ENSMFAG00000037280
ENSMUSG00000095503,ENSMFAG00000003419
ENSMUSG00000095503,ENSMFAG00000039073
ENSMUSG00000095503,ENSMFAG00000031578
ENSMUSG00000095503,ENSMFAG00000064937
ENSMUSG00000095503,ENSMFAG00000042798
ENSMUSG00000095503,ENSMFAG00000032967
ENSMUSG00000095503,ENSMFAG00000051805
ENSMUSG00000090273,ENSMFAG00000031910
ENSMUSG00000024206,ENSMFAG00000036589
ENSMUSG00000095954,ENSMFAG00000037490
ENSMUSG00000095954,ENSMFAG00000037280
ENSMUSG00000095954,ENSMFAG00000003419
ENSMUSG00000095954,ENSMFAG00000039073
ENSMUSG00000095954,ENSMFAG00000031578
ENSMUSG00000095954,ENSMFAG00000064937
ENSMUSG00000095954,ENSMFAG00000042798
ENSMUSG00000095954,ENSMFAG00000032967
ENSMUSG00000095954,ENSMFAG00000051805
ENSMUSG00000074647,ENSMFAG00000038878
ENSMUSG00000092166,ENSMFAG00000037490
ENSMUSG00000092166,ENSMFAG00000037280
ENSMUSG00000092166,ENSMFAG00000003419
ENSMUSG00000092166,ENSMFAG00000039073
ENSMUSG00000092166,ENSMFAG00000031578
ENSMUSG00000092166,ENSMFAG00000064937
ENSMUSG00000092166,ENSMFAG00000042798
ENSMUSG00000092166,ENSMFAG00000032967
ENSMUSG00000092166,ENSMFAG00000051805
ENSMUSG00000026413,ENSMFAG00000003596
ENSMUSG00000095996,ENSMFAG00000037490
ENSMUSG00000095996,ENSMFAG00000037280
ENSMUSG00000095996,ENSMFAG00000003419
ENSMUSG00000095996,ENSMFAG00000039073
ENSMUSG00000095996,ENSMFAG00000031578
ENSMUSG00000095996,ENSMFAG00000064937
ENSMUSG00000095996,ENSMFAG00000042798
ENSMUSG00000095996,ENSMFAG00000032967
ENSMUSG00000095996,ENSMFAG00000051805
ENSMUSG00000096066,ENSMFAG00000037490
ENSMUSG00000096066,ENSMFAG00000037280
ENSMUSG00000096066,ENSMFAG00000003419
ENSMUSG00000096066,ENSMFAG00000039073
ENSMUSG00000096066,ENSMFAG00000031578
ENSMUSG00000096066,ENSMFAG00000064937
ENSMUSG00000096066,ENSMFAG00000042798
ENSMUSG00000096066,ENSMFAG00000032967
ENSMUSG00000096066,ENSMFAG00000051805
ENSMUSG00000033880,ENSMFAG00000031173
ENSMUSG00000005882,ENSMFAG00000034648
ENSMUSG00000079424,ENSMFAG00000037490
ENSMUSG00000079424,ENSMFAG00000037280
ENSMUSG00000079424,ENSMFAG00000003419
ENSMUSG00000079424,ENSMFAG00000039073
ENSMUSG00000079424,ENSMFAG00000031578
ENSMUSG00000079424,ENSMFAG00000064937
ENSMUSG00000079424,ENSMFAG00000042798
ENSMUSG00000079424,ENSMFAG00000032967
ENSMUSG00000079424,ENSMFAG00000051805
ENSMUSG00000070677,ENSMFAG00000037490
ENSMUSG00000070677,ENSMFAG00000037280
ENSMUSG00000070677,ENSMFAG00000003419
ENSMUSG00000070677,ENSMFAG00000039073
ENSMUSG00000070677,ENSMFAG00000031578
ENSMUSG00000070677,ENSMFAG00000064937
ENSMUSG00000070677,ENSMFAG00000042798
ENSMUSG00000070677,ENSMFAG00000032967
ENSMUSG00000070677,ENSMFAG00000051805
ENSMUSG00000025575,ENSMFAG00000043780
ENSMUSG00000096139,ENSMFAG00000037490
ENSMUSG00000096139,ENSMFAG00000037280
ENSMUSG00000096139,ENSMFAG00000003419
ENSMUSG00000096139,ENSMFAG00000039073
ENSMUSG00000096139,ENSMFAG00000031578
ENSMUSG00000096139,ENSMFAG00000064937
ENSMUSG00000096139,ENSMFAG00000042798
ENSMUSG00000096139,ENSMFAG00000032967
ENSMUSG00000096139,ENSMFAG00000051805
ENSMUSG00000072813,ENSMFAG00000037490
ENSMUSG00000072813,ENSMFAG00000037280
ENSMUSG00000072813,ENSMFAG00000003419
ENSMUSG00000072813,ENSMFAG00000039073
ENSMUSG00000072813,ENSMFAG00000031578
ENSMUSG00000072813,ENSMFAG00000064937
ENSMUSG00000072813,ENSMFAG00000042798
ENSMUSG00000072813,ENSMFAG00000032967
ENSMUSG00000072813,ENSMFAG00000051805
ENSMUSG00000003382,ENSMFAG00000001609
ENSMUSG00000051985,ENSMFAG00000045449
ENSMUSG00000118505,ENSMFAG00000036344
ENSMUSG00000024207,ENSMFAG00000033353
ENSMUSG00000017446,ENSMFAG00000065157
ENSMUSG00000037706,ENSMFAG00000007233
ENSMUSG00000041977,ENSMFAG00000037817
ENSMUSG00000029641,ENSMFAG00000044628
ENSMUSG00000033857,ENSMFAG00000002759
ENSMUSG00000037379,ENSMFAG00000050124
ENSMUSG00000019295,ENSMFAG00000000493
ENSMUSG00000009246,ENSMFAG00000042635
ENSMUSG00000024212,ENSMFAG00000039501
ENSMUSG00000037313,ENSMFAG00000043154
ENSMUSG00000026411,ENSMFAG00000041944
ENSMUSG00000045019,ENSMFAG00000043465
ENSMUSG00000002660,ENSMFAG00000063171
ENSMUSG00000038259,ENSMFAG00000037058
ENSMUSG00000002661,ENSMFAG00000045978
ENSMUSG00000026565,ENSMFAG00000002865
ENSMUSG00000017466,ENSMFAG00000059988
ENSMUSG00000002658,ENSMFAG00000003355
ENSMUSG00000076433,ENSMFAG00000038853
ENSMUSG00000007670,ENSMFAG00000057421
ENSMUSG00000007670,ENSMFAG00000000292
ENSMUSG00000034706,ENSMFAG00000035401
ENSMUSG00000010021,ENSMFAG00000005945
ENSMUSG00000045752,ENSMFAG00000038372
ENSMUSG00000011486,ENSMFAG00000063742
ENSMUSG00000009545,ENSMFAG00000044043
ENSMUSG00000046329,ENSMFAG00000039503
ENSMUSG00000043895,ENSMFAG00000030545
ENSMUSG00000054252,ENSMFAG00000032292
ENSMUSG00000044279,ENSMFAG00000040330
ENSMUSG00000034677,ENSMFAG00000000361
ENSMUSG00000051043,ENSMFAG00000044390
ENSMUSG00000037664,ENSMFAG00000037524
ENSMUSG00000034652,ENSMFAG00000032843
ENSMUSG00000034652,ENSMFAG00000000921
ENSMUSG00000002668,ENSMFAG00000031978
ENSMUSG00000000154,ENSMFAG00000038599
ENSMUSG00000063193,ENSMFAG00000043746
ENSMUSG00000074646,ENSMFAG00000040638
ENSMUSG00000058728,ENSMFAG00000057201
ENSMUSG00000034641,ENSMFAG00000030780
ENSMUSG00000005881,ENSMFAG00000037850
ENSMUSG00000026564,ENSMFAG00000005792
ENSMUSG00000044811,ENSMFAG00000057201
ENSMUSG00000000544,ENSMFAG00000001951
ENSMUSG00000010760,ENSMFAG00000040835
ENSMUSG00000062591,ENSMFAG00000059050
ENSMUSG00000075719,ENSMFAG00000014007
ENSMUSG00000030428,ENSMFAG00000031208
ENSMUSG00000089753,ENSMFAG00000030780
ENSMUSG00000069609,ENSMFAG00000030780
ENSMUSG00000089722,ENSMFAG00000030780
ENSMUSG00000069607,ENSMFAG00000030780
ENSMUSG00000040629,ENSMFAG00000040593
ENSMUSG00000048498,ENSMFAG00000060090
ENSMUSG00000019489,ENSMFAG00000041094
ENSMUSG00000045980,ENSMFAG00000043806
ENSMUSG00000005824,ENSMFAG00000003750
ENSMUSG00000024164,ENSMFAG00000044731
ENSMUSG00000040612,ENSMFAG00000002585
ENSMUSG00000020734,ENSMFAG00000045163
ENSMUSG00002075840,ENSMFAG00000022179
ENSMUSG00000104445,ENSMFAG00000040010
ENSMUSG00000010538,ENSMFAG00000036557
ENSMUSG00000038180,ENSMFAG00000033014
ENSMUSG00000001416,ENSMFAG00000033146
ENSMUSG00000050201,ENSMFAG00000045008
ENSMUSG00000047369,ENSMFAG00000036618
ENSMUSG00000045288,ENSMFAG00000033616
ENSMUSG00000018862,ENSMFAG00000003251
ENSMUSG00000005823,ENSMFAG00000038700
ENSMUSG00000005299,ENSMFAG00000039886
ENSMUSG00000034586,ENSMFAG00000032179
ENSMUSG00000057406,ENSMFAG00000031384
ENSMUSG00000038633,ENSMFAG00000039054
ENSMUSG00000047539,ENSMFAG00000000604
ENSMUSG00000035545,ENSMFAG00000031963
ENSMUSG00000019487,ENSMFAG00000039732
ENSMUSG00000026608,ENSMFAG00000042976
ENSMUSG00000078783,ENSMFAG00000040668
ENSMUSG00000078783,ENSMFAG00000041667
ENSMUSG00000078783,ENSMFAG00000042179
ENSMUSG00000095788,ENSMFAG00000040668
ENSMUSG00000095788,ENSMFAG00000041667
ENSMUSG00000095788,ENSMFAG00000042179
ENSMUSG00000050910,ENSMFAG00000041166
ENSMUSG00000095028,ENSMFAG00000040668
ENSMUSG00000095028,ENSMFAG00000041667
ENSMUSG00000095028,ENSMFAG00000042179
ENSMUSG00000020732,ENSMFAG00000038600
ENSMUSG00000078161,ENSMFAG00000036577
ENSMUSG00000001829,ENSMFAG00000039603
ENSMUSG00000037624,ENSMFAG00000037275
ENSMUSG00000020871,ENSMFAG00000013144
ENSMUSG00000019590,ENSMFAG00000030469
ENSMUSG00000040086,ENSMFAG00000001777
ENSMUSG00000034116,ENSMFAG00000039752
ENSMUSG00000004880,ENSMFAG00000034066
ENSMUSG00000020681,ENSMFAG00000041823
ENSMUSG00000022995,ENSMFAG00000019058
ENSMUSG00000070810,ENSMFAG00000046325
ENSMUSG00000094156,ENSMFAG00000046325
ENSMUSG00000064765,ENSMFAG00000051253
ENSMUSG00000064765,ENSMFAG00000064149
ENSMUSG00000028182,ENSMFAG00000042954
ENSMUSG00000029111,ENSMFAG00000035742
ENSMUSG00000001901,ENSMFAG00000000684
ENSMUSG00000027618,ENSMFAG00000045105
ENSMUSG00000048142,ENSMFAG00000059887
ENSMUSG00000077194,ENSMFAG00000035237
ENSMUSG00000070858,ENSMFAG00000001046
ENSMUSG00000049354,ENSMFAG00000041397
ENSMUSG00000070527,ENSMFAG00000043430
ENSMUSG00000057894,ENSMFAG00000026995
ENSMUSG00000090527,ENSMFAG00000040086
ENSMUSG00000049600,ENSMFAG00000062089
ENSMUSG00000049600,ENSMFAG00000042776
ENSMUSG00000001983,ENSMFAG00000033066
ENSMUSG00000036951,ENSMFAG00000040086
ENSMUSG00000020700,ENSMFAG00000033252
ENSMUSG00000097392,ENSMFAG00000042215
ENSMUSG00000091376,ENSMFAG00000042922
ENSMUSG00000067847,ENSMFAG00000045983
ENSMUSG00000027761,ENSMFAG00000031479
ENSMUSG00000027762,ENSMFAG00000064553
ENSMUSG00000040699,ENSMFAG00000063413
ENSMUSG00000026985,ENSMFAG00000031320
ENSMUSG00000058503,ENSMFAG00000046323
ENSMUSG00000058503,ENSMFAG00000000112
ENSMUSG00000058503,ENSMFAG00000003699
ENSMUSG00000044103,ENSMFAG00000042196
ENSMUSG00000015854,ENSMFAG00000037129
ENSMUSG00000069631,ENSMFAG00000000859
ENSMUSG00000026511,ENSMFAG00000002641
ENSMUSG00000026984,ENSMFAG00000031039
ENSMUSG00000026983,ENSMFAG00000056041
ENSMUSG00002075884,ENSMFAG00000048484
ENSMUSG00002075884,ENSMFAG00000048826
ENSMUSG00000026596,ENSMFAG00000036564
ENSMUSG00000005907,ENSMFAG00000045505
ENSMUSG00000078622,ENSMFAG00000036655
ENSMUSG00000046845,ENSMFAG00000050256
ENSMUSG00000060519,ENSMFAG00000041376
ENSMUSG00000119159,ENSMFAG00000058198
ENSMUSG00000052833,ENSMFAG00000046126
ENSMUSG00000023845,ENSMFAG00000038731
ENSMUSG00000020705,ENSMFAG00000031356
ENSMUSG00000027157,ENSMFAG00000048991
ENSMUSG00000027157,ENSMFAG00000049362
ENSMUSG00000027157,ENSMFAG00000055998
ENSMUSG00000027157,ENSMFAG00000062897
ENSMUSG00000027157,ENSMFAG00000057468
ENSMUSG00000027157,ENSMFAG00000053864
ENSMUSG00000027157,ENSMFAG00000052235
ENSMUSG00000027157,ENSMFAG00000047882
ENSMUSG00000033557,ENSMFAG00000051981
ENSMUSG00000058230,ENSMFAG00000041192
ENSMUSG00000020706,ENSMFAG00000003764
ENSMUSG00000007415,ENSMFAG00000062009
ENSMUSG00000078795,ENSMFAG00000048741
ENSMUSG00000078795,ENSMFAG00000040142
ENSMUSG00000026594,ENSMFAG00000001541
ENSMUSG00000007209,ENSMFAG00000048741
ENSMUSG00000007209,ENSMFAG00000040142
ENSMUSG00000025781,ENSMFAG00000030332
ENSMUSG00000008036,ENSMFAG00000022670
ENSMUSG00000014529,ENSMFAG00000057487
ENSMUSG00000020708,ENSMFAG00000061116
ENSMUSG00000020708,ENSMFAG00000044054
ENSMUSG00000001918,ENSMFAG00000044927
ENSMUSG00000068036,ENSMFAG00000044776
ENSMUSG00000040351,ENSMFAG00000040224
ENSMUSG00000078619,ENSMFAG00000038469
ENSMUSG00000078619,ENSMFAG00000056288
ENSMUSG00000030374,ENSMFAG00000035843
ENSMUSG00000037262,ENSMFAG00000002686
ENSMUSG00000037254,ENSMFAG00000045946
ENSMUSG00000020712,ENSMFAG00000062069
ENSMUSG00000000600,ENSMFAG00000033257
ENSMUSG00000020713,ENSMFAG00000059743
ENSMUSG00000020713,ENSMFAG00000032672
ENSMUSG00000020713,ENSMFAG00000011106
ENSMUSG00000020713,ENSMFAG00000054969
ENSMUSG00000020713,ENSMFAG00000034224
ENSMUSG00000020713,ENSMFAG00000052890
ENSMUSG00000020713,ENSMFAG00000059355
ENSMUSG00000020713,ENSMFAG00000058845
ENSMUSG00000020713,ENSMFAG00000052266
ENSMUSG00000020713,ENSMFAG00000063234
ENSMUSG00000020713,ENSMFAG00000060708
ENSMUSG00000020713,ENSMFAG00000063858
ENSMUSG00000040592,ENSMFAG00000046403
ENSMUSG00000027014,ENSMFAG00000000590
ENSMUSG00000001027,ENSMFAG00000035414
ENSMUSG00000009210,ENSMFAG00000038365
ENSMUSG00000041187,ENSMFAG00000045883
ENSMUSG00000001029,ENSMFAG00000033733
ENSMUSG00000048826,ENSMFAG00000054920
ENSMUSG00000061981,ENSMFAG00000039682
ENSMUSG00000078794,ENSMFAG00000030779
ENSMUSG00000063594,ENSMFAG00000044510
ENSMUSG00000043017,ENSMFAG00000002915
ENSMUSG00000030400,ENSMFAG00000037898
ENSMUSG00000026765,ENSMFAG00000046204
ENSMUSG00000065401,ENSMFAG00000007126
ENSMUSG00000020832,ENSMFAG00000000501
ENSMUSG00000029718,ENSMFAG00000038601
ENSMUSG00002075205,ENSMFAG00000051253
ENSMUSG00002075205,ENSMFAG00000064149
ENSMUSG00000082980,ENSMFAG00000038224
ENSMUSG00000026866,ENSMFAG00000041160
ENSMUSG00000037750,ENSMFAG00000002313
ENSMUSG00000017386,ENSMFAG00000036809
ENSMUSG00000017405,ENSMFAG00000046314
ENSMUSG00000089984,ENSMFAG00000034514
ENSMUSG00000093445,ENSMFAG00000034297
ENSMUSG00000019437,ENSMFAG00000037103
ENSMUSG00000040714,ENSMFAG00000041224
ENSMUSG00000075211,ENSMFAG00000018318
ENSMUSG00000033544,ENSMFAG00000031474
ENSMUSG00000058546,ENSMFAG00000023169
ENSMUSG00000058546,ENSMFAG00000032173
ENSMUSG00000075209,ENSMFAG00000055730
ENSMUSG00000064540,ENSMFAG00000004451
ENSMUSG00000075208,ENSMFAG00000050442
ENSMUSG00000075208,ENSMFAG00000052107
ENSMUSG00000077625,ENSMFAG00000017927
ENSMUSG00000065676,ENSMFAG00000004474
ENSMUSG00000002059,ENSMFAG00000045768
ENSMUSG00000046975,ENSMFAG00000048285
ENSMUSG00000057761,ENSMFAG00000056262
ENSMUSG00000041498,ENSMFAG00000045576
ENSMUSG00000064805,ENSMFAG00000009479
ENSMUSG00000050128,ENSMFAG00000056262
ENSMUSG00000030397,ENSMFAG00000062481
ENSMUSG00000079165,ENSMFAG00000042005
ENSMUSG00000075139,ENSMFAG00000048347
ENSMUSG00000075137,ENSMFAG00000048347
ENSMUSG00000029722,ENSMFAG00000035777
ENSMUSG00000004110,ENSMFAG00000039476
ENSMUSG00000044122,ENSMFAG00000038426
ENSMUSG00000002052,ENSMFAG00000040784
ENSMUSG00000059910,ENSMFAG00000038224
ENSMUSG00000075067,ENSMFAG00000038224
ENSMUSG00000060621,ENSMFAG00000024767
ENSMUSG00000084336,ENSMFAG00000038224
ENSMUSG00000045348,ENSMFAG00000039580
ENSMUSG00000075066,ENSMFAG00000059771
ENSMUSG00000051403,ENSMFAG00000032067
ENSMUSG00000075065,ENSMFAG00000059771
ENSMUSG00000044709,ENSMFAG00000051374
ENSMUSG00000010277,ENSMFAG00000001375
ENSMUSG00000029725,ENSMFAG00000040018
ENSMUSG00000075064,ENSMFAG00000038224
ENSMUSG00000011267,ENSMFAG00000040337
ENSMUSG00000075063,ENSMFAG00000059771
ENSMUSG00000075062,ENSMFAG00000059771
ENSMUSG00000029726,ENSMFAG00000003007
ENSMUSG00000075061,ENSMFAG00000059771
ENSMUSG00000061028,ENSMFAG00000032121
ENSMUSG00000080809,ENSMFAG00000059771
ENSMUSG00000026466,ENSMFAG00000031398
ENSMUSG00000037108,ENSMFAG00000044114
ENSMUSG00000081948,ENSMFAG00000029620
ENSMUSG00000019785,ENSMFAG00000003285
ENSMUSG00000037593,ENSMFAG00000034550
ENSMUSG00000060827,ENSMFAG00000029620
ENSMUSG00000040310,ENSMFAG00000002075
ENSMUSG00000027198,ENSMFAG00000043519
ENSMUSG00000050565,ENSMFAG00000042897
ENSMUSG00000002055,ENSMFAG00000040650
ENSMUSG00000039552,ENSMFAG00000038872
ENSMUSG00000029727,ENSMFAG00000053006
ENSMUSG00000029727,ENSMFAG00000039406
ENSMUSG00000029727,ENSMFAG00000047569
ENSMUSG00000029727,ENSMFAG00000062917
ENSMUSG00000039531,ENSMFAG00000001086
ENSMUSG00000037408,ENSMFAG00000032592
ENSMUSG00000056966,ENSMFAG00000044817
ENSMUSG00000017390,ENSMFAG00000031336
ENSMUSG00000037053,ENSMFAG00000001547
ENSMUSG00000002983,ENSMFAG00000032344
ENSMUSG00000029516,ENSMFAG00000002139
ENSMUSG00000041958,ENSMFAG00000043947
ENSMUSG00000067653,ENSMFAG00000057958
ENSMUSG00000019782,ENSMFAG00000042598
ENSMUSG00000002981,ENSMFAG00000030269
ENSMUSG00000002058,ENSMFAG00000041737
ENSMUSG00000071340,ENSMFAG00000055248
ENSMUSG00000079610,ENSMFAG00000001711
ENSMUSG00000039508,ENSMFAG00000033309
ENSMUSG00000049872,ENSMFAG00000052041
ENSMUSG00000002057,ENSMFAG00000041725
ENSMUSG00000046031,ENSMFAG00000041853
ENSMUSG00000026121,ENSMFAG00000045666
ENSMUSG00000039497,ENSMFAG00000033289
ENSMUSG00000075023,ENSMFAG00000041332
ENSMUSG00000002992,ENSMFAG00000024498
ENSMUSG00000074336,ENSMFAG00000044777
ENSMUSG00000002064,ENSMFAG00000037309
ENSMUSG00000040564,ENSMFAG00000038912
ENSMUSG00000025169,ENSMFAG00000040871
ENSMUSG00000039480,ENSMFAG00000038038
ENSMUSG00000002985,ENSMFAG00000042185
ENSMUSG00000039307,ENSMFAG00000041634
ENSMUSG00000087006,ENSMFAG00000030397
ENSMUSG00000040174,ENSMFAG00000031334
ENSMUSG00000046337,ENSMFAG00000001533
ENSMUSG00000002984,ENSMFAG00000002407
ENSMUSG00000062300,ENSMFAG00000002540
ENSMUSG00000039294,ENSMFAG00000037540
ENSMUSG00000039059,ENSMFAG00000040768
ENSMUSG00000045559,ENSMFAG00000065221
ENSMUSG00000048015,ENSMFAG00000030073
ENSMUSG00000039050,ENSMFAG00000030160
ENSMUSG00000034833,ENSMFAG00000040218
ENSMUSG00000002980,ENSMFAG00000001855
ENSMUSG00000061518,ENSMFAG00000053533
ENSMUSG00000037351,ENSMFAG00000028601
ENSMUSG00000000056,ENSMFAG00000003174
ENSMUSG00000102416,ENSMFAG00000042666
ENSMUSG00000040525,ENSMFAG00000033278
ENSMUSG00000026117,ENSMFAG00000038123
ENSMUSG00000039275,ENSMFAG00000044739
ENSMUSG00000074802,ENSMFAG00000003398
ENSMUSG00000025173,ENSMFAG00000032561
ENSMUSG00000030780,ENSMFAG00000032375
ENSMUSG00000039001,ENSMFAG00000002515
ENSMUSG00000010311,ENSMFAG00000045413
ENSMUSG00000038990,ENSMFAG00000016607
ENSMUSG00000039253,ENSMFAG00000063540
ENSMUSG00000047638,ENSMFAG00000002236
ENSMUSG00000029513,ENSMFAG00000002388
ENSMUSG00000025175,ENSMFAG00000063540
ENSMUSG00000042046,ENSMFAG00000040203
ENSMUSG00000038980,ENSMFAG00000037646
ENSMUSG00000048170,ENSMFAG00000000064
ENSMUSG00000039238,ENSMFAG00000003154
ENSMUSG00000015627,ENSMFAG00000041967
ENSMUSG00000070144,ENSMFAG00000006221
ENSMUSG00000039041,ENSMFAG00000042099
ENSMUSG00000079278,ENSMFAG00000064866
ENSMUSG00000051650,ENSMFAG00000029481
ENSMUSG00000019935,ENSMFAG00000002114
ENSMUSG00000055319,ENSMFAG00000042549
ENSMUSG00000051355,ENSMFAG00000043104
ENSMUSG00000027518,ENSMFAG00000032352
ENSMUSG00000026439,ENSMFAG00000038790
ENSMUSG00000069539,ENSMFAG00000028879
ENSMUSG00000027519,ENSMFAG00000044247
ENSMUSG00000007739,ENSMFAG00000031348
ENSMUSG00000054455,ENSMFAG00000034610
ENSMUSG00000060747,ENSMFAG00000061225
ENSMUSG00000060747,ENSMFAG00000051454
ENSMUSG00000084174,ENSMFAG00000032892
ENSMUSG00000047030,ENSMFAG00000041088
ENSMUSG00000030602,ENSMFAG00000026283
ENSMUSG00000003934,ENSMFAG00000052831
ENSMUSG00000006418,ENSMFAG00000001669
ENSMUSG00000029607,ENSMFAG00000045423
ENSMUSG00000020857,ENSMFAG00000007607
ENSMUSG00000037469,ENSMFAG00000042916
ENSMUSG00000029610,ENSMFAG00000045123
ENSMUSG00000053024,ENSMFAG00000038396
ENSMUSG00000020067,ENSMFAG00000001619
ENSMUSG00000079109,ENSMFAG00000046359
ENSMUSG00000042821,ENSMFAG00000048456
ENSMUSG00000037601,ENSMFAG00000058207
ENSMUSG00000037573,ENSMFAG00000025713
ENSMUSG00000044177,ENSMFAG00000041670
ENSMUSG00000020064,ENSMFAG00000041959
ENSMUSG00000094091,ENSMFAG00000049218
ENSMUSG00000020863,ENSMFAG00000031780
ENSMUSG00000090213,ENSMFAG00000044984
ENSMUSG00000037463,ENSMFAG00000038590
ENSMUSG00000056501,ENSMFAG00000058174
ENSMUSG00002075309,ENSMFAG00000008580
ENSMUSG00000068040,ENSMFAG00000038035
ENSMUSG00000034957,ENSMFAG00000059502
ENSMUSG00000030495,ENSMFAG00000041307
ENSMUSG00000030495,ENSMFAG00000047429
ENSMUSG00000067780,ENSMFAG00000031904
ENSMUSG00000026563,ENSMFAG00000032577
ENSMUSG00000040596,ENSMFAG00000037391
ENSMUSG00000020063,ENSMFAG00000046160
ENSMUSG00000051413,ENSMFAG00000018533
ENSMUSG00000075569,ENSMFAG00000030711
ENSMUSG00000047793,ENSMFAG00000001771
ENSMUSG00000046020,ENSMFAG00000046316
ENSMUSG00000118454,ENSMFAG00000063532
ENSMUSG00000118454,ENSMFAG00000014467
ENSMUSG00000063808,ENSMFAG00000034418
ENSMUSG00000020864,ENSMFAG00000003914
ENSMUSG00000029617,ENSMFAG00000035825
ENSMUSG00000029617,ENSMFAG00000062555
ENSMUSG00000029617,ENSMFAG00000003003
ENSMUSG00000027475,ENSMFAG00000034183
ENSMUSG00000036764,ENSMFAG00000041356
ENSMUSG00000020865,ENSMFAG00000040341
ENSMUSG00000029618,ENSMFAG00000047484
ENSMUSG00000042548,ENSMFAG00000029400
ENSMUSG00000048185,ENSMFAG00000051836
ENSMUSG00000060843,ENSMFAG00000036669
ENSMUSG00000061882,ENSMFAG00000043307
ENSMUSG00000061411,ENSMFAG00000038591
ENSMUSG00000030494,ENSMFAG00000043323
ENSMUSG00000026273,ENSMFAG00000026775
ENSMUSG00000029408,ENSMFAG00000002483
ENSMUSG00000042846,ENSMFAG00000002037
ENSMUSG00000030493,ENSMFAG00000054473
ENSMUSG00000026274,ENSMFAG00000037737
ENSMUSG00000056941,ENSMFAG00000041599
ENSMUSG00000023072,ENSMFAG00000001684
ENSMUSG00000027478,ENSMFAG00000040834
ENSMUSG00000023707,ENSMFAG00000030315
ENSMUSG00002076971,ENSMFAG00000056209
ENSMUSG00000077440,ENSMFAG00000057522
ENSMUSG00000037455,ENSMFAG00000040844
ENSMUSG00000026275,ENSMFAG00000038150
ENSMUSG00000020010,ENSMFAG00000038860
ENSMUSG00000030492,ENSMFAG00000002286
ENSMUSG00000064389,ENSMFAG00000005598
ENSMUSG00000020866,ENSMFAG00000055574
ENSMUSG00000034107,ENSMFAG00000001859
ENSMUSG00000029404,ENSMFAG00000034524
ENSMUSG00000037440,ENSMFAG00000044253
ENSMUSG00000056379,ENSMFAG00000030250
ENSMUSG00000059763,ENSMFAG00000044568
ENSMUSG00000069706,ENSMFAG00000030700
ENSMUSG00000121803,ENSMFAG00000046005
ENSMUSG00000043859,ENSMFAG00000033861
ENSMUSG00000041827,ENSMFAG00000043280
ENSMUSG00000034066,ENSMFAG00000044112
ENSMUSG00000030491,ENSMFAG00000044756
ENSMUSG00000029559,ENSMFAG00000039888
ENSMUSG00000026277,ENSMFAG00000044279
ENSMUSG00000029556,ENSMFAG00000042762
ENSMUSG00000026278,ENSMFAG00000000539
ENSMUSG00000029550,ENSMFAG00000037069
ENSMUSG00000066500,ENSMFAG00000007395
ENSMUSG00000026670,ENSMFAG00000042529
ENSMUSG00000048012,ENSMFAG00000002877
ENSMUSG00000029545,ENSMFAG00000001168
ENSMUSG00000046562,ENSMFAG00000039526
ENSMUSG00000002205,ENSMFAG00000003806
ENSMUSG00000033434,ENSMFAG00000062073
ENSMUSG00000033434,ENSMFAG00000041568
ENSMUSG00000026667,ENSMFAG00000041742
ENSMUSG00000023284,ENSMFAG00000003678
ENSMUSG00000038539,ENSMFAG00000047390
ENSMUSG00000073494,ENSMFAG00000040797
ENSMUSG00000102418,ENSMFAG00000040797
ENSMUSG00000037355,ENSMFAG00000045124
ENSMUSG00000109511,ENSMFAG00000060788
ENSMUSG00000042800,ENSMFAG00000039214
ENSMUSG00000026388,ENSMFAG00000002195
ENSMUSG00000074141,ENSMFAG00000001696
ENSMUSG00000026399,ENSMFAG00000039131
ENSMUSG00000029112,ENSMFAG00000002277
ENSMUSG00000037339,ENSMFAG00000052796
ENSMUSG00000038520,ENSMFAG00000038826
ENSMUSG00000042554,ENSMFAG00000004655
ENSMUSG00000004642,ENSMFAG00000030130
ENSMUSG00000042190,ENSMFAG00000014872
ENSMUSG00000036478,ENSMFAG00000030219
ENSMUSG00000026417,ENSMFAG00000038611
ENSMUSG00000053334,ENSMFAG00000037681
ENSMUSG00000018974,ENSMFAG00000039887
ENSMUSG00000002963,ENSMFAG00000039622
ENSMUSG00000016529,ENSMFAG00000002918
ENSMUSG00000019948,ENSMFAG00000040575
ENSMUSG00000016528,ENSMFAG00000033489
ENSMUSG00000025825,ENSMFAG00000045386
ENSMUSG00000019951,ENSMFAG00000010028
ENSMUSG00000088705,ENSMFAG00000047701
ENSMUSG00000088705,ENSMFAG00000037402
ENSMUSG00000016526,ENSMFAG00000041236
ENSMUSG00000026427,ENSMFAG00000033925
ENSMUSG00000054675,ENSMFAG00000063201
ENSMUSG00000048163,ENSMFAG00000030190
ENSMUSG00000004530,ENSMFAG00000044006
ENSMUSG00000093147,ENSMFAG00000037429
ENSMUSG00000026811,ENSMFAG00000053975
ENSMUSG00000058589,ENSMFAG00000032660
ENSMUSG00000054079,ENSMFAG00000034325
ENSMUSG00000059474,ENSMFAG00000042808
ENSMUSG00000065320,ENSMFAG00000054310
ENSMUSG00000041298,ENSMFAG00000053013
ENSMUSG00000026817,ENSMFAG00000032155
ENSMUSG00000038502,ENSMFAG00000003953
ENSMUSG00000014932,ENSMFAG00000003203
ENSMUSG00000026814,ENSMFAG00000034473
ENSMUSG00000034793,ENSMFAG00000001134
ENSMUSG00000002968,ENSMFAG00000034435
ENSMUSG00000079330,ENSMFAG00000036675
ENSMUSG00000008855,ENSMFAG00000043137
ENSMUSG00000023452,ENSMFAG00000001274
ENSMUSG00000093277,ENSMFAG00000049940
ENSMUSG00000093277,ENSMFAG00000034774
ENSMUSG00000093277,ENSMFAG00000030044
ENSMUSG00000009566,ENSMFAG00000030927
ENSMUSG00000026409,ENSMFAG00000041915
ENSMUSG00000054280,ENSMFAG00000042505
ENSMUSG00000009555,ENSMFAG00000033992
ENSMUSG00000037426,ENSMFAG00000031441
ENSMUSG00002075767,ENSMFAG00000058454
ENSMUSG00000019979,ENSMFAG00000039197
ENSMUSG00000059013,ENSMFAG00000000671
ENSMUSG00000011658,ENSMFAG00000003351
ENSMUSG00000039021,ENSMFAG00000042412
ENSMUSG00000046404,ENSMFAG00000030569
ENSMUSG00000042510,ENSMFAG00000050967
ENSMUSG00000026415,ENSMFAG00000000945
ENSMUSG00000019975,ENSMFAG00000051788
ENSMUSG00000026708,ENSMFAG00000045526
ENSMUSG00000061904,ENSMFAG00000000145
ENSMUSG00000034773,ENSMFAG00000001047
ENSMUSG00000060279,ENSMFAG00000042161
ENSMUSG00000034768,ENSMFAG00000032286
ENSMUSG00000053746,ENSMFAG00000001700
ENSMUSG00000026705,ENSMFAG00000033900
ENSMUSG00000077167,ENSMFAG00000014540
ENSMUSG00000034757,ENSMFAG00000043169
ENSMUSG00000038987,ENSMFAG00000027410
ENSMUSG00000026797,ENSMFAG00000003958
ENSMUSG00000059995,ENSMFAG00000001591
ENSMUSG00000036602,ENSMFAG00000030471
ENSMUSG00000044835,ENSMFAG00000003535
ENSMUSG00000019892,ENSMFAG00000044599
ENSMUSG00000049160,ENSMFAG00000065567
ENSMUSG00000121369,ENSMFAG00000043508
ENSMUSG00000026701,ENSMFAG00000030455
ENSMUSG00000003269,ENSMFAG00000043432
ENSMUSG00000019894,ENSMFAG00000003556
ENSMUSG00000026592,ENSMFAG00000046254
ENSMUSG00000020923,ENSMFAG00000041241
ENSMUSG00000011034,ENSMFAG00000042201
ENSMUSG00000064652,ENSMFAG00000005768
ENSMUSG00000015619,ENSMFAG00000042633
ENSMUSG00000109713,ENSMFAG00000041336
ENSMUSG00000025782,ENSMFAG00000041323
ENSMUSG00000041577,ENSMFAG00000040633
ENSMUSG00000119207,ENSMFAG00000035027
ENSMUSG00000121605,ENSMFAG00000044875
ENSMUSG00000047767,ENSMFAG00000041534
ENSMUSG00000010175,ENSMFAG00000042228
ENSMUSG00000029131,ENSMFAG00000036682
ENSMUSG00000069601,ENSMFAG00000033458
ENSMUSG00000069601,ENSMFAG00000047239
ENSMUSG00000027520,ENSMFAG00000044616
ENSMUSG00000026743,ENSMFAG00000031775
ENSMUSG00000119074,ENSMFAG00000034882
ENSMUSG00000065565,ENSMFAG00000007250
ENSMUSG00000065458,ENSMFAG00000016170
ENSMUSG00000026395,ENSMFAG00000044827
ENSMUSG00000064964,ENSMFAG00000009587
ENSMUSG00000086598,ENSMFAG00000030539
ENSMUSG00000025746,ENSMFAG00000000229
ENSMUSG00000050043,ENSMFAG00000003159
ENSMUSG00000030688,ENSMFAG00000018716
ENSMUSG00000025747,ENSMFAG00000039357
ENSMUSG00000027080,ENSMFAG00000034262
ENSMUSG00000025745,ENSMFAG00000039817
ENSMUSG00000034075,ENSMFAG00000031545
ENSMUSG00000032812,ENSMFAG00000039424
ENSMUSG00000059447,ENSMFAG00000031252
ENSMUSG00002076284,ENSMFAG00000037452
ENSMUSG00000034059,ENSMFAG00000029685
ENSMUSG00000065484,ENSMFAG00000012991
ENSMUSG00000023224,ENSMFAG00000033907
ENSMUSG00000027078,ENSMFAG00000002288
ENSMUSG00000027077,ENSMFAG00000044730
ENSMUSG00000027075,ENSMFAG00000041225
ENSMUSG00000006574,ENSMFAG00000036520
ENSMUSG00000067642,ENSMFAG00000040027
ENSMUSG00000079423,ENSMFAG00000037490
ENSMUSG00000079423,ENSMFAG00000037280
ENSMUSG00000079423,ENSMFAG00000003419
ENSMUSG00000079423,ENSMFAG00000039073
ENSMUSG00000079423,ENSMFAG00000031578
ENSMUSG00000079423,ENSMFAG00000064937
ENSMUSG00000079423,ENSMFAG00000042798
ENSMUSG00000079423,ENSMFAG00000032967
ENSMUSG00000079423,ENSMFAG00000051805
ENSMUSG00000049606,ENSMFAG00000033902
ENSMUSG00000050896,ENSMFAG00000038644
ENSMUSG00000027074,ENSMFAG00000033094
ENSMUSG00000006575,ENSMFAG00000039008
ENSMUSG00000045078,ENSMFAG00000033988
ENSMUSG00000027073,ENSMFAG00000042008
ENSMUSG00000027072,ENSMFAG00000039521
ENSMUSG00000018677,ENSMFAG00000036322
ENSMUSG00000110195,ENSMFAG00000044960
ENSMUSG00000057816,ENSMFAG00000036519
ENSMUSG00000039678,ENSMFAG00000033076
ENSMUSG00000029282,ENSMFAG00000036874
ENSMUSG00000029288,ENSMFAG00000038007
ENSMUSG00000039660,ENSMFAG00000016739
ENSMUSG00000029286,ENSMFAG00000030956
ENSMUSG00000067149,ENSMFAG00000065046
ENSMUSG00000034708,ENSMFAG00000038260
ENSMUSG00000039648,ENSMFAG00000001847
ENSMUSG00000034685,ENSMFAG00000061181
ENSMUSG00000034664,ENSMFAG00000039636
ENSMUSG00000052303,ENSMFAG00000058700
ENSMUSG00000052303,ENSMFAG00000061091
ENSMUSG00000052303,ENSMFAG00000056317
ENSMUSG00000052303,ENSMFAG00000052090
ENSMUSG00000052303,ENSMFAG00000053055
ENSMUSG00000074111,ENSMFAG00000058700
ENSMUSG00000074111,ENSMFAG00000061091
ENSMUSG00000074111,ENSMFAG00000056317
ENSMUSG00000074111,ENSMFAG00000052090
ENSMUSG00000074111,ENSMFAG00000053055
ENSMUSG00000029616,ENSMFAG00000007433
ENSMUSG00000029616,ENSMFAG00000052177
ENSMUSG00000029452,ENSMFAG00000043255
ENSMUSG00002076051,ENSMFAG00000054153
ENSMUSG00002076051,ENSMFAG00000057446
ENSMUSG00002076051,ENSMFAG00000053991
ENSMUSG00002076051,ENSMFAG00000057264
ENSMUSG00002076051,ENSMFAG00000049625
ENSMUSG00002076051,ENSMFAG00000053493
ENSMUSG00002076051,ENSMFAG00000049223
ENSMUSG00002076051,ENSMFAG00000051935
ENSMUSG00002076051,ENSMFAG00000059118
ENSMUSG00002076051,ENSMFAG00000065457
ENSMUSG00002076051,ENSMFAG00000050158
ENSMUSG00002076051,ENSMFAG00000051070
ENSMUSG00002076051,ENSMFAG00000052550
ENSMUSG00002076051,ENSMFAG00000052958
ENSMUSG00002076051,ENSMFAG00000054989
ENSMUSG00002076051,ENSMFAG00000054533
ENSMUSG00002076051,ENSMFAG00000054195
ENSMUSG00002076051,ENSMFAG00000052514
ENSMUSG00002076051,ENSMFAG00000051186
ENSMUSG00002076051,ENSMFAG00000060984
ENSMUSG00002076051,ENSMFAG00000055372
ENSMUSG00002076051,ENSMFAG00000055397
ENSMUSG00002076051,ENSMFAG00000054043
ENSMUSG00002076051,ENSMFAG00000048918
ENSMUSG00002076051,ENSMFAG00000061312
ENSMUSG00002076051,ENSMFAG00000054682
ENSMUSG00002076051,ENSMFAG00000052919
ENSMUSG00002076051,ENSMFAG00000063332
ENSMUSG00002076051,ENSMFAG00000058940
ENSMUSG00002076051,ENSMFAG00000063774
ENSMUSG00002076051,ENSMFAG00000062164
ENSMUSG00002076051,ENSMFAG00000065208
ENSMUSG00002076051,ENSMFAG00000053835
ENSMUSG00002076051,ENSMFAG00000064710
ENSMUSG00002076051,ENSMFAG00000047778
ENSMUSG00002076051,ENSMFAG00000060777
ENSMUSG00002076051,ENSMFAG00000057142
ENSMUSG00002076051,ENSMFAG00000056506
ENSMUSG00002076051,ENSMFAG00000048951
ENSMUSG00002076051,ENSMFAG00000064718
ENSMUSG00002076051,ENSMFAG00000057710
ENSMUSG00002076051,ENSMFAG00000058161
ENSMUSG00002076051,ENSMFAG00000054959
ENSMUSG00002076051,ENSMFAG00000060270
ENSMUSG00002076051,ENSMFAG00000056682
ENSMUSG00002076051,ENSMFAG00000058780
ENSMUSG00002076051,ENSMFAG00000060362
ENSMUSG00000034621,ENSMFAG00000039126
ENSMUSG00000065657,ENSMFAG00000005793
ENSMUSG00000065657,ENSMFAG00000005418
ENSMUSG00000065657,ENSMFAG00000048012
ENSMUSG00000065657,ENSMFAG00000008230
ENSMUSG00000050288,ENSMFAG00000037380
ENSMUSG00000051455,ENSMFAG00000030785
ENSMUSG00000020926,ENSMFAG00000035588
ENSMUSG00000026858,ENSMFAG00000034348
ENSMUSG00000062438,ENSMFAG00000034085
ENSMUSG00000072647,ENSMFAG00000034085
ENSMUSG00000029454,ENSMFAG00000037746
ENSMUSG00000064788,ENSMFAG00000009552
ENSMUSG00000070337,ENSMFAG00000002774
ENSMUSG00000026856,ENSMFAG00000038391
ENSMUSG00000038485,ENSMFAG00000044702
ENSMUSG00000026853,ENSMFAG00000002439
ENSMUSG00000038453,ENSMFAG00000031842
ENSMUSG00000030895,ENSMFAG00000041337
ENSMUSG00000039629,ENSMFAG00000041411
ENSMUSG00000039515,ENSMFAG00000036348
ENSMUSG00000036989,ENSMFAG00000019633
ENSMUSG00000042647,ENSMFAG00000022844
ENSMUSG00000029456,ENSMFAG00000022844
ENSMUSG00000038437,ENSMFAG00000039477
ENSMUSG00000030881,ENSMFAG00000025246
ENSMUSG00000078695,ENSMFAG00000045774
ENSMUSG00000018537,ENSMFAG00000038330
ENSMUSG00000029458,ENSMFAG00000036173
ENSMUSG00000089847,ENSMFAG00000035385
ENSMUSG00000069744,ENSMFAG00000038360
ENSMUSG00000058440,ENSMFAG00000004077
ENSMUSG00000048701,ENSMFAG00000045197
ENSMUSG00000042709,ENSMFAG00000037964
ENSMUSG00000037762,ENSMFAG00000032423
ENSMUSG00000064897,ENSMFAG00000015100
ENSMUSG00000030882,ENSMFAG00000036429
ENSMUSG00000035456,ENSMFAG00000062412
ENSMUSG00000018415,ENSMFAG00000036720
ENSMUSG00000029337,ENSMFAG00000034249
ENSMUSG00000030888,ENSMFAG00000046084
ENSMUSG00000029182,ENSMFAG00000042764
ENSMUSG00000020537,ENSMFAG00000044273
ENSMUSG00000053194,ENSMFAG00000036825
ENSMUSG00000030890,ENSMFAG00000034446
ENSMUSG00000049265,ENSMFAG00000060076
ENSMUSG00000029175,ENSMFAG00000029510
ENSMUSG00000053552,ENSMFAG00000032117
ENSMUSG00000029177,ENSMFAG00000045875
ENSMUSG00000043866,ENSMFAG00000051101
ENSMUSG00000030894,ENSMFAG00000033375
ENSMUSG00000029168,ENSMFAG00000029591
ENSMUSG00000043385,ENSMFAG00000014044
ENSMUSG00000077851,ENSMFAG00000010445
ENSMUSG00000106425,ENSMFAG00000014922
ENSMUSG00000076361,ENSMFAG00000015391
ENSMUSG00000065586,ENSMFAG00000021877
ENSMUSG00000001566,ENSMFAG00000043162
ENSMUSG00000027408,ENSMFAG00000003356
ENSMUSG00000118780,ENSMFAG00000007361
ENSMUSG00000056666,ENSMFAG00000035638
ENSMUSG00000056666,ENSMFAG00000001631
ENSMUSG00000036862,ENSMFAG00000043464
ENSMUSG00000029236,ENSMFAG00000040660
ENSMUSG00000049692,ENSMFAG00000034564
ENSMUSG00000037773,ENSMFAG00000032941
ENSMUSG00000091204,ENSMFAG00000056471
ENSMUSG00000036435,ENSMFAG00000040087
ENSMUSG00000030879,ENSMFAG00000062298
ENSMUSG00000027411,ENSMFAG00000033888
ENSMUSG00000000486,ENSMFAG00000031504
ENSMUSG00000056429,ENSMFAG00000002786
ENSMUSG00000055799,ENSMFAG00000043006
ENSMUSG00000055799,ENSMFAG00000057476
ENSMUSG00000020359,ENSMFAG00000004010
ENSMUSG00000030844,ENSMFAG00000035933
ENSMUSG00000030846,ENSMFAG00000002789
ENSMUSG00000036403,ENSMFAG00000032993
ENSMUSG00000020358,ENSMFAG00000035188
ENSMUSG00000027303,ENSMFAG00000033743
ENSMUSG00000001056,ENSMFAG00000032376
ENSMUSG00000055239,ENSMFAG00000044887
ENSMUSG00000001054,ENSMFAG00000044663
ENSMUSG00000001053,ENSMFAG00000060893
ENSMUSG00000036377,ENSMFAG00000001807
ENSMUSG00000052861,ENSMFAG00000038507
ENSMUSG00000030847,ENSMFAG00000035851
ENSMUSG00000042105,ENSMFAG00000042323
ENSMUSG00000055923,ENSMFAG00000033449
ENSMUSG00000037740,ENSMFAG00000029490
ENSMUSG00000027301,ENSMFAG00000039947
ENSMUSG00000037727,ENSMFAG00000038251
ENSMUSG00000027300,ENSMFAG00000041627
ENSMUSG00000079043,ENSMFAG00000059621
ENSMUSG00000037703,ENSMFAG00000041543
ENSMUSG00000010476,ENSMFAG00000041034
ENSMUSG00000052738,ENSMFAG00000043267
ENSMUSG00000032698,ENSMFAG00000038993
ENSMUSG00000029246,ENSMFAG00000041933
ENSMUSG00000029247,ENSMFAG00000033255
ENSMUSG00000027180,ENSMFAG00000044515
ENSMUSG00000093325,ENSMFAG00000048009
ENSMUSG00000032625,ENSMFAG00000042978
ENSMUSG00000000093,ENSMFAG00000038998
ENSMUSG00000036323,ENSMFAG00000031065
ENSMUSG00000000094,ENSMFAG00000048469
ENSMUSG00000010080,ENSMFAG00000044525
ENSMUSG00000040139,ENSMFAG00000031525
ENSMUSG00000031068,ENSMFAG00000001366
ENSMUSG00000039110,ENSMFAG00000045294
ENSMUSG00000029571,ENSMFAG00000037023
ENSMUSG00000063820,ENSMFAG00000039451
ENSMUSG00000029248,ENSMFAG00000041767
ENSMUSG00000059325,ENSMFAG00000006576
ENSMUSG00000038650,ENSMFAG00000035761
ENSMUSG00000087739,ENSMFAG00000016605
ENSMUSG00000028278,ENSMFAG00000038149
ENSMUSG00000039096,ENSMFAG00000035805
ENSMUSG00000053030,ENSMFAG00000042202
ENSMUSG00000032671,ENSMFAG00000032872
ENSMUSG00000014668,ENSMFAG00000039138
ENSMUSG00000025499,ENSMFAG00000039003
ENSMUSG00000039844,ENSMFAG00000038154
ENSMUSG00000076435,ENSMFAG00000042230
ENSMUSG00000119288,ENSMFAG00000062725
ENSMUSG00000029569,ENSMFAG00000022462
ENSMUSG00000039084,ENSMFAG00000031869
ENSMUSG00000038637,ENSMFAG00000035420
ENSMUSG00000098470,ENSMFAG00000040641
ENSMUSG00000098470,ENSMFAG00000035975
ENSMUSG00000039055,ENSMFAG00000040987
ENSMUSG00000024414,ENSMFAG00000031691
ENSMUSG00000024414,ENSMFAG00000008788
ENSMUSG00000020868,ENSMFAG00000043415
ENSMUSG00000025500,ENSMFAG00000033590
ENSMUSG00000038618,ENSMFAG00000019478
ENSMUSG00000020870,ENSMFAG00000062474
ENSMUSG00000075610,ENSMFAG00000040318
ENSMUSG00000029502,ENSMFAG00000015229
ENSMUSG00000038611,ENSMFAG00000003939
ENSMUSG00000030359,ENSMFAG00000043777
ENSMUSG00000035385,ENSMFAG00000053406
ENSMUSG00000035373,ENSMFAG00000031903
ENSMUSG00000020676,ENSMFAG00000060137
ENSMUSG00000035352,ENSMFAG00000041874
ENSMUSG00000005267,ENSMFAG00000059146
ENSMUSG00000047228,ENSMFAG00000031798
ENSMUSG00000047342,ENSMFAG00000037564
ENSMUSG00000029501,ENSMFAG00000041129
ENSMUSG00000079497,ENSMFAG00000058024
ENSMUSG00000031098,ENSMFAG00000003669
ENSMUSG00000039826,ENSMFAG00000000881
ENSMUSG00000020469,ENSMFAG00000038137
ENSMUSG00000041798,ENSMFAG00000043774
ENSMUSG00000029500,ENSMFAG00000003060
ENSMUSG00000008845,ENSMFAG00000030782
ENSMUSG00000031097,ENSMFAG00000039833
ENSMUSG00000026798,ENSMFAG00000039955
ENSMUSG00000002741,ENSMFAG00000041251
ENSMUSG00000002741,ENSMFAG00000036001
ENSMUSG00000029499,ENSMFAG00000001706
ENSMUSG00000053838,ENSMFAG00000037323
ENSMUSG00000018819,ENSMFAG00000037652
ENSMUSG00000007080,ENSMFAG00000039401
ENSMUSG00000059316,ENSMFAG00000032514
ENSMUSG00000020447,ENSMFAG00000043097
ENSMUSG00000004393,ENSMFAG00000041001
ENSMUSG00000005069,ENSMFAG00000037602
ENSMUSG00000037772,ENSMFAG00000034529
ENSMUSG00000004394,ENSMFAG00000035764
ENSMUSG00000076275,ENSMFAG00000013146
ENSMUSG00000029503,ENSMFAG00000031037
ENSMUSG00000048583,ENSMFAG00000044613
ENSMUSG00000020456,ENSMFAG00000042097
ENSMUSG00000000215,ENSMFAG00000000997
ENSMUSG00000074736,ENSMFAG00000052498
ENSMUSG00000008153,ENSMFAG00000042634
ENSMUSG00000068129,ENSMFAG00000003193
ENSMUSG00000000214,ENSMFAG00000042448
ENSMUSG00000033096,ENSMFAG00000033103
ENSMUSG00000033316,ENSMFAG00000001630
ENSMUSG00000027452,ENSMFAG00000003063
ENSMUSG00000038527,ENSMFAG00000000168
ENSMUSG00000055172,ENSMFAG00000040641
ENSMUSG00000055172,ENSMFAG00000035975
ENSMUSG00000074419,ENSMFAG00000044522
ENSMUSG00000074419,ENSMFAG00000041610
ENSMUSG00000074419,ENSMFAG00000040912
ENSMUSG00000074419,ENSMFAG00000043859
ENSMUSG00000074419,ENSMFAG00000003194
ENSMUSG00000033080,ENSMFAG00000043885
ENSMUSG00000038521,ENSMFAG00000044978
ENSMUSG00000033068,ENSMFAG00000000133
ENSMUSG00000029504,ENSMFAG00000031189
ENSMUSG00000038567,ENSMFAG00000046397
ENSMUSG00000029505,ENSMFAG00000060196
ENSMUSG00000029505,ENSMFAG00000062600
ENSMUSG00000041164,ENSMFAG00000003941
ENSMUSG00000052033,ENSMFAG00000002174
ENSMUSG00000030435,ENSMFAG00000038383
ENSMUSG00000047976,ENSMFAG00000027484
ENSMUSG00000038077,ENSMFAG00000050690
ENSMUSG00000000399,ENSMFAG00000043122
ENSMUSG00000011263,ENSMFAG00000028171
ENSMUSG00000061195,ENSMFAG00000056105
ENSMUSG00000060188,ENSMFAG00000050563
ENSMUSG00000040488,ENSMFAG00000031222
ENSMUSG00000108891,ENSMFAG00000056105
ENSMUSG00000030344,ENSMFAG00000043224
ENSMUSG00000071866,ENSMFAG00000057327
ENSMUSG00000071866,ENSMFAG00000056653
ENSMUSG00000071866,ENSMFAG00000050777
ENSMUSG00000030345,ENSMFAG00000003032
ENSMUSG00000027134,ENSMFAG00000032383
ENSMUSG00000041126,ENSMFAG00000064288
ENSMUSG00000041126,ENSMFAG00000040562
ENSMUSG00000094483,ENSMFAG00000002908
ENSMUSG00000041358,ENSMFAG00000040518
ENSMUSG00000020437,ENSMFAG00000042307
ENSMUSG00000027133,ENSMFAG00000057750
ENSMUSG00000119880,ENSMFAG00000004533
ENSMUSG00000119880,ENSMFAG00000050780
ENSMUSG00000077254,ENSMFAG00000005912
ENSMUSG00000118827,ENSMFAG00000008332
ENSMUSG00000118827,ENSMFAG00000063958
ENSMUSG00000029507,ENSMFAG00000041194
ENSMUSG00000027597,ENSMFAG00000031669
ENSMUSG00000027597,ENSMFAG00000030000
ENSMUSG00000030347,ENSMFAG00000004013
ENSMUSG00000027454,ENSMFAG00000002736
ENSMUSG00000068115,ENSMFAG00000036364
ENSMUSG00000054226,ENSMFAG00000043761
ENSMUSG00000011751,ENSMFAG00000034571
ENSMUSG00000053916,ENSMFAG00000036787
ENSMUSG00000027603,ENSMFAG00000046311
ENSMUSG00000027605,ENSMFAG00000037662
ENSMUSG00000030002,ENSMFAG00000035803
ENSMUSG00000038909,ENSMFAG00000036338
ENSMUSG00000029470,ENSMFAG00000041150
ENSMUSG00000030001,ENSMFAG00000043252
ENSMUSG00000027610,ENSMFAG00000042365
ENSMUSG00000029471,ENSMFAG00000045272
ENSMUSG00000076312,ENSMFAG00000053372
ENSMUSG00000038324,ENSMFAG00000036701
ENSMUSG00000020297,ENSMFAG00000033258
ENSMUSG00000020279,ENSMFAG00000000235
ENSMUSG00000030739,ENSMFAG00000059913
ENSMUSG00000030739,ENSMFAG00000041729
ENSMUSG00000029472,ENSMFAG00000038352
ENSMUSG00000038312,ENSMFAG00000002746
ENSMUSG00000020287,ENSMFAG00000058255
ENSMUSG00000020287,ENSMFAG00000045056
ENSMUSG00000027611,ENSMFAG00000003141
ENSMUSG00000119033,ENSMFAG00000006732
ENSMUSG00000119033,ENSMFAG00000035216
ENSMUSG00000020898,ENSMFAG00000001148
ENSMUSG00000027612,ENSMFAG00000043972
ENSMUSG00000047907,ENSMFAG00000044946
ENSMUSG00000016253,ENSMFAG00000002141
ENSMUSG00000016256,ENSMFAG00000001397
ENSMUSG00000016255,ENSMFAG00000038605
ENSMUSG00000074793,ENSMFAG00000042113
ENSMUSG00000052512,ENSMFAG00000001739
ENSMUSG00000027327,ENSMFAG00000025079
ENSMUSG00000027329,ENSMFAG00000003795
ENSMUSG00000020897,ENSMFAG00000038167
ENSMUSG00000027384,ENSMFAG00000044840
ENSMUSG00000060441,ENSMFAG00000044304
ENSMUSG00000020895,ENSMFAG00000033067
ENSMUSG00000090215,ENSMFAG00000019545
ENSMUSG00000027022,ENSMFAG00000000943
ENSMUSG00000064899,ENSMFAG00000016462
ENSMUSG00000020894,ENSMFAG00000031462
ENSMUSG00000020893,ENSMFAG00000043997
ENSMUSG00000054759,ENSMFAG00000053657
ENSMUSG00000054759,ENSMFAG00000028572
ENSMUSG00000054759,ENSMFAG00000051497
ENSMUSG00000054759,ENSMFAG00000031679
ENSMUSG00000066101,ENSMFAG00000057334
ENSMUSG00000061723,ENSMFAG00000038686
ENSMUSG00000026773,ENSMFAG00000035497
ENSMUSG00000029474,ENSMFAG00000037026
ENSMUSG00000029475,ENSMFAG00000037613
ENSMUSG00000029475,ENSMFAG00000058549
ENSMUSG00000023781,ENSMFAG00000034203
ENSMUSG00000020892,ENSMFAG00000042832
ENSMUSG00000032807,ENSMFAG00000001379
ENSMUSG00000020891,ENSMFAG00000002960
ENSMUSG00000025330,ENSMFAG00000030906
ENSMUSG00000032009,ENSMFAG00000040069
ENSMUSG00000025328,ENSMFAG00000042527
ENSMUSG00000020890,ENSMFAG00000031931
ENSMUSG00000025329,ENSMFAG00000046258
ENSMUSG00000037419,ENSMFAG00000055848
ENSMUSG00000053914,ENSMFAG00000024894
ENSMUSG00000004096,ENSMFAG00000044052
ENSMUSG00000032782,ENSMFAG00000009931
ENSMUSG00000028927,ENSMFAG00000040306
ENSMUSG00000013076,ENSMFAG00000032749
ENSMUSG00000049686,ENSMFAG00000036297
ENSMUSG00000029477,ENSMFAG00000045300
ENSMUSG00000064443,ENSMFAG00000020336
ENSMUSG00000009863,ENSMFAG00000001840
ENSMUSG00000009863,ENSMFAG00000039070
ENSMUSG00000054434,ENSMFAG00000003634
ENSMUSG00000049299,ENSMFAG00000036509
ENSMUSG00000036912,ENSMFAG00000042631
ENSMUSG00000036622,ENSMFAG00000035826
ENSMUSG00000018470,ENSMFAG00000040577
ENSMUSG00000031927,ENSMFAG00000044586
ENSMUSG00000018474,ENSMFAG00000020113
ENSMUSG00000031931,ENSMFAG00000038557
ENSMUSG00000029449,ENSMFAG00000032227
ENSMUSG00000037197,ENSMFAG00000035521
ENSMUSG00000031928,ENSMFAG00000035446
ENSMUSG00000031928,ENSMFAG00000039328
ENSMUSG00000026770,ENSMFAG00000031840
ENSMUSG00000029437,ENSMFAG00000040210
ENSMUSG00000063409,ENSMFAG00000038285
ENSMUSG00000023206,ENSMFAG00000045254
ENSMUSG00000060572,ENSMFAG00000045968
ENSMUSG00000040860,ENSMFAG00000036747
ENSMUSG00000029433,ENSMFAG00000002957
ENSMUSG00000031933,ENSMFAG00000030684
ENSMUSG00000087881,ENSMFAG00000016641
ENSMUSG00000029431,ENSMFAG00000032438
ENSMUSG00000059278,ENSMFAG00000037580
ENSMUSG00000029434,ENSMFAG00000019477
ENSMUSG00000031934,ENSMFAG00000002464
ENSMUSG00000045377,ENSMFAG00000002896
ENSMUSG00000031936,ENSMFAG00000046086
ENSMUSG00000049550,ENSMFAG00000043612
ENSMUSG00000058594,ENSMFAG00000035795
ENSMUSG00000000805,ENSMFAG00000032685
ENSMUSG00000042688,ENSMFAG00000037559
ENSMUSG00000000804,ENSMFAG00000042248
ENSMUSG00000047909,ENSMFAG00000042322
ENSMUSG00000119257,ENSMFAG00000006508
ENSMUSG00000018479,ENSMFAG00000001841
ENSMUSG00000042487,ENSMFAG00000032135
ENSMUSG00000018481,ENSMFAG00000031643
ENSMUSG00000045004,ENSMFAG00000035419
ENSMUSG00000016458,ENSMFAG00000030746
ENSMUSG00000040842,ENSMFAG00000000197
ENSMUSG00000028920,ENSMFAG00000003747
ENSMUSG00000073733,ENSMFAG00000003471
ENSMUSG00000020477,ENSMFAG00000003446
ENSMUSG00000028919,ENSMFAG00000039124
ENSMUSG00000027524,ENSMFAG00000039249
ENSMUSG00000049680,ENSMFAG00000034049
ENSMUSG00000019158,ENSMFAG00000001653
ENSMUSG00000001988,ENSMFAG00000018045
ENSMUSG00000020476,ENSMFAG00000032367
ENSMUSG00000084552,ENSMFAG00000054012
ENSMUSG00000029427,ENSMFAG00000045203
ENSMUSG00000030681,ENSMFAG00000032090
ENSMUSG00000058638,ENSMFAG00000034673
ENSMUSG00000034219,ENSMFAG00000033685
ENSMUSG00000027109,ENSMFAG00000001253
ENSMUSG00000060397,ENSMFAG00000001075
ENSMUSG00000037411,ENSMFAG00000041064
ENSMUSG00000054715,ENSMFAG00000038510
ENSMUSG00000012848,ENSMFAG00000002766
ENSMUSG00000037364,ENSMFAG00000033745
ENSMUSG00000040428,ENSMFAG00000040559
ENSMUSG00000020475,ENSMFAG00000048956
ENSMUSG00000060461,ENSMFAG00000045714
ENSMUSG00000020474,ENSMFAG00000043995
ENSMUSG00000032346,ENSMFAG00000044288
ENSMUSG00000036641,ENSMFAG00000038269
ENSMUSG00000020473,ENSMFAG00000046276
ENSMUSG00000066043,ENSMFAG00000040093
ENSMUSG00000054746,ENSMFAG00000043938
ENSMUSG00000063275,ENSMFAG00000040973
ENSMUSG00000029407,ENSMFAG00000037889
ENSMUSG00000044292,ENSMFAG00000051527
ENSMUSG00000044292,ENSMFAG00000052457
ENSMUSG00000044292,ENSMFAG00000054147
ENSMUSG00000059473,ENSMFAG00000051527
ENSMUSG00000059473,ENSMFAG00000052457
ENSMUSG00000059473,ENSMFAG00000054147
ENSMUSG00000026718,ENSMFAG00000045137
ENSMUSG00000060254,ENSMFAG00000051527
ENSMUSG00000060254,ENSMFAG00000052457
ENSMUSG00000060254,ENSMFAG00000054147
ENSMUSG00000121668,ENSMFAG00000044073
ENSMUSG00000020471,ENSMFAG00000042401
ENSMUSG00000045812,ENSMFAG00000054371
ENSMUSG00000049073,ENSMFAG00000007207
ENSMUSG00000040541,ENSMFAG00000045976
ENSMUSG00000051095,ENSMFAG00000065461
ENSMUSG00000057897,ENSMFAG00000003145
ENSMUSG00000064739,ENSMFAG00000004498
ENSMUSG00000032076,ENSMFAG00000040148
ENSMUSG00000028893,ENSMFAG00000043063
ENSMUSG00000029410,ENSMFAG00000045101
ENSMUSG00000026712,ENSMFAG00000036299
ENSMUSG00000030884,ENSMFAG00000003072
ENSMUSG00000030884,ENSMFAG00000039986
ENSMUSG00000054428,ENSMFAG00000037657
ENSMUSG00000077897,ENSMFAG00000060470
ENSMUSG00000040118,ENSMFAG00000045083
ENSMUSG00000030887,ENSMFAG00000038132
ENSMUSG00000054074,ENSMFAG00000032803
ENSMUSG00000030752,ENSMFAG00000045292
ENSMUSG00000039128,ENSMFAG00000036128
ENSMUSG00000030750,ENSMFAG00000041758
ENSMUSG00000030748,ENSMFAG00000032930
ENSMUSG00000025817,ENSMFAG00000045740
ENSMUSG00000065623,ENSMFAG00000012146
ENSMUSG00000056529,ENSMFAG00000063827
ENSMUSG00000028886,ENSMFAG00000045224
ENSMUSG00000044229,ENSMFAG00000026064
ENSMUSG00000032028,ENSMFAG00000038999
ENSMUSG00000030745,ENSMFAG00000001191
ENSMUSG00000025815,ENSMFAG00000032814
ENSMUSG00000032777,ENSMFAG00000043052
ENSMUSG00000043241,ENSMFAG00000043865
ENSMUSG00000032026,ENSMFAG00000041155
ENSMUSG00000045319,ENSMFAG00000030660
ENSMUSG00000051154,ENSMFAG00000043982
ENSMUSG00000042396,ENSMFAG00000000965
ENSMUSG00000049811,ENSMFAG00000028707
ENSMUSG00000042293,ENSMFAG00000056584
ENSMUSG00000032271,ENSMFAG00000036328
ENSMUSG00000026739,ENSMFAG00000038107
ENSMUSG00000020290,ENSMFAG00000038679
ENSMUSG00000066687,ENSMFAG00000008415
ENSMUSG00000037752,ENSMFAG00000037317
ENSMUSG00000028885,ENSMFAG00000044059
ENSMUSG00000020288,ENSMFAG00000042177
ENSMUSG00000032269,ENSMFAG00000044451
ENSMUSG00000028884,ENSMFAG00000022522
ENSMUSG00000030966,ENSMFAG00000003887
ENSMUSG00000037708,ENSMFAG00000001145
ENSMUSG00000037731,ENSMFAG00000030730
ENSMUSG00000026737,ENSMFAG00000003288
ENSMUSG00000013419,ENSMFAG00000058230
ENSMUSG00000040298,ENSMFAG00000002237
ENSMUSG00000028882,ENSMFAG00000001557
ENSMUSG00000020286,ENSMFAG00000034596
ENSMUSG00000074001,ENSMFAG00000046404
ENSMUSG00000026981,ENSMFAG00000031381
ENSMUSG00000032523,ENSMFAG00000002497
ENSMUSG00000042208,ENSMFAG00000007392
ENSMUSG00000040268,ENSMFAG00000041484
ENSMUSG00000028879,ENSMFAG00000003645
ENSMUSG00000079235,ENSMFAG00000042613
ENSMUSG00000026979,ENSMFAG00000040672
ENSMUSG00000006205,ENSMFAG00000044439
ENSMUSG00000028878,ENSMFAG00000051312
ENSMUSG00000038412,ENSMFAG00000003936
ENSMUSG00000047517,ENSMFAG00000003903
ENSMUSG00000026976,ENSMFAG00000000442
ENSMUSG00002076011,ENSMFAG00000004372
ENSMUSG00000028874,ENSMFAG00000037860
ENSMUSG00000044534,ENSMFAG00000012586
ENSMUSG00000020283,ENSMFAG00000042959
ENSMUSG00000050445,ENSMFAG00000039176
ENSMUSG00000020280,ENSMFAG00000000611
ENSMUSG00000037692,ENSMFAG00000004617
ENSMUSG00000004113,ENSMFAG00000006760
ENSMUSG00000004113,ENSMFAG00000049975
ENSMUSG00000013668,ENSMFAG00000041530
ENSMUSG00000006204,ENSMFAG00000046495
ENSMUSG00000020275,ENSMFAG00000038696
ENSMUSG00000046694,ENSMFAG00000003756
ENSMUSG00000039315,ENSMFAG00000046379
ENSMUSG00000020372,ENSMFAG00000043231
ENSMUSG00000037600,ENSMFAG00000042338
ENSMUSG00000038233,ENSMFAG00000031483
ENSMUSG00000064500,ENSMFAG00000015699
ENSMUSG00000064725,ENSMFAG00000029114
ENSMUSG00000064780,ENSMFAG00000015699
ENSMUSG00000040365,ENSMFAG00000045108
ENSMUSG00000037563,ENSMFAG00000001184
ENSMUSG00000028851,ENSMFAG00000035581
ENSMUSG00000066235,ENSMFAG00000014340
ENSMUSG00000037552,ENSMFAG00000045412
ENSMUSG00000078154,ENSMFAG00000030853
ENSMUSG00000040350,ENSMFAG00000035461
ENSMUSG00000038145,ENSMFAG00000041226
ENSMUSG00000037583,ENSMFAG00000042880
ENSMUSG00000028850,ENSMFAG00000030918
ENSMUSG00000028848,ENSMFAG00000036999
ENSMUSG00000078153,ENSMFAG00000039077
ENSMUSG00000047281,ENSMFAG00000017885
ENSMUSG00000032547,ENSMFAG00000044870
ENSMUSG00000040328,ENSMFAG00000041872
ENSMUSG00002075175,ENSMFAG00000054153
ENSMUSG00002075175,ENSMFAG00000057446
ENSMUSG00002075175,ENSMFAG00000053991
ENSMUSG00002075175,ENSMFAG00000057264
ENSMUSG00002075175,ENSMFAG00000049625
ENSMUSG00002075175,ENSMFAG00000053493
ENSMUSG00002075175,ENSMFAG00000049223
ENSMUSG00002075175,ENSMFAG00000051935
ENSMUSG00002075175,ENSMFAG00000059118
ENSMUSG00002075175,ENSMFAG00000065457
ENSMUSG00002075175,ENSMFAG00000050158
ENSMUSG00002075175,ENSMFAG00000051070
ENSMUSG00002075175,ENSMFAG00000052550
ENSMUSG00002075175,ENSMFAG00000052958
ENSMUSG00002075175,ENSMFAG00000054989
ENSMUSG00002075175,ENSMFAG00000054533
ENSMUSG00002075175,ENSMFAG00000054195
ENSMUSG00002075175,ENSMFAG00000052514
ENSMUSG00002075175,ENSMFAG00000051186
ENSMUSG00002075175,ENSMFAG00000060984
ENSMUSG00002075175,ENSMFAG00000055372
ENSMUSG00002075175,ENSMFAG00000055397
ENSMUSG00002075175,ENSMFAG00000054043
ENSMUSG00002075175,ENSMFAG00000048918
ENSMUSG00002075175,ENSMFAG00000061312
ENSMUSG00002075175,ENSMFAG00000054682
ENSMUSG00002075175,ENSMFAG00000052919
ENSMUSG00002075175,ENSMFAG00000063332
ENSMUSG00002075175,ENSMFAG00000058940
ENSMUSG00002075175,ENSMFAG00000063774
ENSMUSG00002075175,ENSMFAG00000062164
ENSMUSG00002075175,ENSMFAG00000065208
ENSMUSG00002075175,ENSMFAG00000053835
ENSMUSG00002075175,ENSMFAG00000064710
ENSMUSG00002075175,ENSMFAG00000047778
ENSMUSG00002075175,ENSMFAG00000060777
ENSMUSG00002075175,ENSMFAG00000057142
ENSMUSG00002075175,ENSMFAG00000056506
ENSMUSG00002075175,ENSMFAG00000048951
ENSMUSG00002075175,ENSMFAG00000064718
ENSMUSG00002075175,ENSMFAG00000057710
ENSMUSG00002075175,ENSMFAG00000058161
ENSMUSG00002075175,ENSMFAG00000054959
ENSMUSG00002075175,ENSMFAG00000060270
ENSMUSG00002075175,ENSMFAG00000056682
ENSMUSG00002075175,ENSMFAG00000058780
ENSMUSG00002075175,ENSMFAG00000060362
ENSMUSG00000043257,ENSMFAG00000003929
ENSMUSG00000007880,ENSMFAG00000032392
ENSMUSG00000040283,ENSMFAG00000008203
ENSMUSG00000040283,ENSMFAG00000060950
ENSMUSG00000044786,ENSMFAG00000000900
ENSMUSG00000032548,ENSMFAG00000043043
ENSMUSG00000003444,ENSMFAG00000044241
ENSMUSG00000003437,ENSMFAG00000046024
ENSMUSG00000046311,ENSMFAG00000033634
ENSMUSG00000026972,ENSMFAG00000058483
ENSMUSG00000032549,ENSMFAG00000057696
ENSMUSG00000109336,ENSMFAG00000035753
ENSMUSG00000020346,ENSMFAG00000050835
ENSMUSG00000029155,ENSMFAG00000043327
ENSMUSG00000032553,ENSMFAG00000039758
ENSMUSG00000060791,ENSMFAG00000036870
ENSMUSG00000035637,ENSMFAG00000033340
ENSMUSG00000032554,ENSMFAG00000031779
ENSMUSG00000037605,ENSMFAG00000039672
ENSMUSG00000030600,ENSMFAG00000059464
ENSMUSG00000107573,ENSMFAG00000030133
ENSMUSG00000047702,ENSMFAG00000030133
ENSMUSG00000063386,ENSMFAG00000030133
ENSMUSG00000049657,ENSMFAG00000026468
ENSMUSG00000059128,ENSMFAG00000061225
ENSMUSG00000059128,ENSMFAG00000051454
ENSMUSG00000062773,ENSMFAG00000036434
ENSMUSG00000028318,ENSMFAG00000045465
ENSMUSG00000020357,ENSMFAG00000033698
ENSMUSG00000015092,ENSMFAG00000058559
ENSMUSG00000052212,ENSMFAG00000052509
ENSMUSG00000052212,ENSMFAG00000042985
ENSMUSG00000048070,ENSMFAG00000030222
ENSMUSG00000050270,ENSMFAG00000041492
ENSMUSG00000026941,ENSMFAG00000000794
ENSMUSG00000054169,ENSMFAG00000048741
ENSMUSG00000054169,ENSMFAG00000040142
ENSMUSG00000020910,ENSMFAG00000042103
ENSMUSG00000011350,ENSMFAG00000048741
ENSMUSG00000011350,ENSMFAG00000040142
ENSMUSG00000032555,ENSMFAG00000001441
ENSMUSG00000091955,ENSMFAG00000041894
ENSMUSG00000062732,ENSMFAG00000039631
ENSMUSG00000048232,ENSMFAG00000002374
ENSMUSG00000069844,ENSMFAG00000002459
ENSMUSG00000011349,ENSMFAG00000045593
ENSMUSG00000020908,ENSMFAG00000065517
ENSMUSG00000040952,ENSMFAG00000045611
ENSMUSG00000036504,ENSMFAG00000000240
ENSMUSG00000078713,ENSMFAG00000045021
ENSMUSG00000015087,ENSMFAG00000043136
ENSMUSG00000035615,ENSMFAG00000002068
ENSMUSG00000003379,ENSMFAG00000001013
ENSMUSG00000040940,ENSMFAG00000032261
ENSMUSG00000032803,ENSMFAG00000043287
ENSMUSG00000035601,ENSMFAG00000032455
ENSMUSG00000026939,ENSMFAG00000030006
ENSMUSG00000032556,ENSMFAG00000038407
ENSMUSG00000028322,ENSMFAG00000001758
ENSMUSG00000042757,ENSMFAG00000031966
ENSMUSG00000134847,ENSMFAG00000029038
ENSMUSG00000036449,ENSMFAG00000039801
ENSMUSG00000028657,ENSMFAG00000029038
ENSMUSG00000032412,ENSMFAG00000040649
ENSMUSG00000032412,ENSMFAG00000044508
ENSMUSG00000028656,ENSMFAG00000036663
ENSMUSG00000047356,ENSMFAG00000000089
ENSMUSG00000051234,ENSMFAG00000051836
ENSMUSG00000085484,ENSMFAG00000041629
ENSMUSG00000036401,ENSMFAG00000040988
ENSMUSG00000023210,ENSMFAG00000045861
ENSMUSG00000059625,ENSMFAG00000045081
ENSMUSG00000028655,ENSMFAG00000003330
ENSMUSG00000058740,ENSMFAG00000043740
ENSMUSG00000058740,ENSMFAG00000048033
ENSMUSG00000040661,ENSMFAG00000041836
ENSMUSG00000028654,ENSMFAG00000029625
ENSMUSG00000060180,ENSMFAG00000001638
ENSMUSG00000028653,ENSMFAG00000001316
ENSMUSG00000040325,ENSMFAG00000036421
ENSMUSG00000028246,ENSMFAG00000041545
ENSMUSG00000013415,ENSMFAG00000001613
ENSMUSG00000041052,ENSMFAG00000038420
ENSMUSG00000028238,ENSMFAG00000035571
ENSMUSG00000032575,ENSMFAG00000044353
ENSMUSG00000073988,ENSMFAG00000035514
ENSMUSG00000049604,ENSMFAG00000039799
ENSMUSG00000020875,ENSMFAG00000062545
ENSMUSG00000056648,ENSMFAG00000033418
ENSMUSG00000074102,ENSMFAG00000029773
ENSMUSG00000073987,ENSMFAG00000020821
ENSMUSG00000038721,ENSMFAG00000039298
ENSMUSG00000000690,ENSMFAG00000002294
ENSMUSG00000038700,ENSMFAG00000042418
ENSMUSG00000032198,ENSMFAG00000024613
ENSMUSG00000032198,ENSMFAG00000060640
ENSMUSG00000065519,ENSMFAG00000014237
ENSMUSG00000038692,ENSMFAG00000041000
ENSMUSG00000055761,ENSMFAG00000002073
ENSMUSG00000075588,ENSMFAG00000034146
ENSMUSG00000040478,ENSMFAG00000064719
ENSMUSG00000018973,ENSMFAG00000052359
ENSMUSG00000020717,ENSMFAG00000036717
ENSMUSG00000028252,ENSMFAG00000030903
ENSMUSG00000035227,ENSMFAG00000001582
ENSMUSG00000035227,ENSMFAG00000060540
ENSMUSG00000035227,ENSMFAG00000040665
ENSMUSG00000046056,ENSMFAG00000001196
ENSMUSG00000040455,ENSMFAG00000038745
ENSMUSG00000047822,ENSMFAG00000041570
ENSMUSG00000047822,ENSMFAG00000064496
ENSMUSG00000060962,ENSMFAG00000045312
ENSMUSG00000019066,ENSMFAG00000002065
ENSMUSG00000040528,ENSMFAG00000034093
ENSMUSG00000040883,ENSMFAG00000035635
ENSMUSG00000006241,ENSMFAG00000059475
ENSMUSG00000028248,ENSMFAG00000001373
ENSMUSG00000040563,ENSMFAG00000034622
ENSMUSG00000020718,ENSMFAG00000002805
ENSMUSG00000026933,ENSMFAG00000001245
ENSMUSG00000020719,ENSMFAG00000026858
ENSMUSG00000051238,ENSMFAG00000040323
ENSMUSG00000028247,ENSMFAG00000034338
ENSMUSG00000006235,ENSMFAG00000038076
ENSMUSG00000074199,ENSMFAG00000033686
ENSMUSG00000096351,ENSMFAG00000042117
ENSMUSG00000040146,ENSMFAG00000004966
ENSMUSG00000093273,ENSMFAG00000016272
ENSMUSG00000018372,ENSMFAG00000037980
ENSMUSG00000051314,ENSMFAG00000022604
ENSMUSG00000055204,ENSMFAG00000033592
ENSMUSG00000049648,ENSMFAG00000052214
ENSMUSG00000018363,ENSMFAG00000045822
ENSMUSG00000048485,ENSMFAG00000037573
ENSMUSG00000019429,ENSMFAG00000056645
ENSMUSG00000039632,ENSMFAG00000039037
ENSMUSG00000044453,ENSMFAG00000014904
ENSMUSG00000030577,ENSMFAG00000003950
ENSMUSG00000040859,ENSMFAG00000042990
ENSMUSG00000026932,ENSMFAG00000052501
ENSMUSG00000018362,ENSMFAG00000007530
ENSMUSG00000018362,ENSMFAG00000037262
ENSMUSG00000047945,ENSMFAG00000019212
ENSMUSG00000028800,ENSMFAG00000001093
ENSMUSG00000028800,ENSMFAG00000005442
ENSMUSG00000026934,ENSMFAG00000042900
ENSMUSG00000078607,ENSMFAG00000033777
ENSMUSG00000000409,ENSMFAG00000031502
ENSMUSG00000040481,ENSMFAG00000041639
ENSMUSG00000036327,ENSMFAG00000000173
ENSMUSG00000003410,ENSMFAG00000003692
ENSMUSG00000050493,ENSMFAG00000036350
ENSMUSG00000028798,ENSMFAG00000043566
ENSMUSG00000048038,ENSMFAG00000043161
ENSMUSG00000038895,ENSMFAG00000041927
ENSMUSG00000018433,ENSMFAG00000030117
ENSMUSG00000029442,ENSMFAG00000025564
ENSMUSG00000026918,ENSMFAG00000040205
ENSMUSG00000066839,ENSMFAG00000036660
ENSMUSG00000056014,ENSMFAG00000038594
ENSMUSG00000046709,ENSMFAG00000001537
ENSMUSG00000036634,ENSMFAG00000043926
ENSMUSG00000001349,ENSMFAG00000044196
ENSMUSG00000020620,ENSMFAG00000046401
ENSMUSG00000078552,ENSMFAG00000045797
ENSMUSG00000013822,ENSMFAG00000043998
ENSMUSG00000040795,ENSMFAG00000041971
ENSMUSG00000028795,ENSMFAG00000031708
ENSMUSG00000025894,ENSMFAG00000046243
ENSMUSG00000026917,ENSMFAG00000039367
ENSMUSG00000025498,ENSMFAG00000039781
ENSMUSG00000053841,ENSMFAG00000041015
ENSMUSG00000025893,ENSMFAG00000031041
ENSMUSG00000041124,ENSMFAG00000034061
ENSMUSG00000025892,ENSMFAG00000001913
ENSMUSG00000080538,ENSMFAG00000022544
ENSMUSG00000015846,ENSMFAG00000044609
ENSMUSG00000003731,ENSMFAG00000000429
ENSMUSG00000025497,ENSMFAG00000028350
ENSMUSG00000026867,ENSMFAG00000003434
ENSMUSG00000053730,ENSMFAG00000036558
ENSMUSG00000028790,ENSMFAG00000001194
ENSMUSG00000038580,ENSMFAG00000054245
ENSMUSG00000028788,ENSMFAG00000038041
ENSMUSG00000025496,ENSMFAG00000060183
ENSMUSG00000058886,ENSMFAG00000001308
ENSMUSG00000041797,ENSMFAG00000042813
ENSMUSG00000032551,ENSMFAG00000058857
ENSMUSG00000001467,ENSMFAG00000041456
ENSMUSG00000028784,ENSMFAG00000030849
ENSMUSG00000025786,ENSMFAG00000045789
ENSMUSG00000053178,ENSMFAG00000038723
ENSMUSG00000028782,ENSMFAG00000028460
ENSMUSG00000044749,ENSMFAG00000003737
ENSMUSG00000025505,ENSMFAG00000045314
ENSMUSG00000029014,ENSMFAG00000044726
ENSMUSG00000025785,ENSMFAG00000038326
ENSMUSG00000025504,ENSMFAG00000043728
ENSMUSG00000018800,ENSMFAG00000041992
ENSMUSG00000025784,ENSMFAG00000036856
ENSMUSG00000035498,ENSMFAG00000044280
ENSMUSG00000026864,ENSMFAG00000039748
ENSMUSG00000025503,ENSMFAG00000003033
ENSMUSG00000054871,ENSMFAG00000050477
ENSMUSG00000028932,ENSMFAG00000042533
ENSMUSG00000051007,ENSMFAG00000021199
ENSMUSG00000070953,ENSMFAG00000042018
ENSMUSG00000035949,ENSMFAG00000039416
ENSMUSG00000025572,ENSMFAG00000033740
ENSMUSG00000040464,ENSMFAG00000020045
ENSMUSG00000073234,ENSMFAG00000030670
ENSMUSG00000040473,ENSMFAG00000034046
ENSMUSG00000107167,ENSMFAG00000062661
ENSMUSG00000026869,ENSMFAG00000003663
ENSMUSG00000050106,ENSMFAG00000000368
ENSMUSG00000026873,ENSMFAG00000033849
ENSMUSG00000088754,ENSMFAG00000038220
ENSMUSG00000088754,ENSMFAG00000024270
ENSMUSG00000088754,ENSMFAG00000047863
ENSMUSG00000026875,ENSMFAG00000031255
ENSMUSG00000025573,ENSMFAG00000032914
ENSMUSG00000048277,ENSMFAG00000037184
ENSMUSG00000015653,ENSMFAG00000045411
ENSMUSG00000026874,ENSMFAG00000033951
ENSMUSG00000040690,ENSMFAG00000042878
ENSMUSG00000025574,ENSMFAG00000005352
ENSMUSG00000015652,ENSMFAG00000035452
ENSMUSG00000017718,ENSMFAG00000026977
ENSMUSG00000040302,ENSMFAG00000029561
ENSMUSG00000035875,ENSMFAG00000033951
ENSMUSG00000017716,ENSMFAG00000030129
ENSMUSG00000017716,ENSMFAG00000040328
ENSMUSG00000029577,ENSMFAG00000032022
ENSMUSG00000070330,ENSMFAG00000052430
ENSMUSG00000057110,ENSMFAG00000001166
ENSMUSG00000053113,ENSMFAG00000004354
ENSMUSG00000017715,ENSMFAG00000033111
ENSMUSG00000017132,ENSMFAG00000037544
ENSMUSG00000029575,ENSMFAG00000036377
ENSMUSG00000041939,ENSMFAG00000003068
ENSMUSG00000043282,ENSMFAG00000013912
ENSMUSG00000043282,ENSMFAG00000052904
ENSMUSG00000047053,ENSMFAG00000013912
ENSMUSG00000047053,ENSMFAG00000052904
ENSMUSG00000026473,ENSMFAG00000040506
ENSMUSG00000056598,ENSMFAG00000030717
ENSMUSG00000028779,ENSMFAG00000030472
ENSMUSG00000014158,ENSMFAG00000032093
ENSMUSG00000028778,ENSMFAG00000044224
ENSMUSG00000017781,ENSMFAG00000045283
ENSMUSG00000028776,ENSMFAG00000001721
ENSMUSG00000057181,ENSMFAG00000048628
ENSMUSG00000057181,ENSMFAG00000000431
ENSMUSG00000011884,ENSMFAG00000007238
ENSMUSG00000020697,ENSMFAG00000036202
ENSMUSG00000026878,ENSMFAG00000047714
ENSMUSG00000023232,ENSMFAG00000042146
ENSMUSG00000041890,ENSMFAG00000038129
ENSMUSG00000026879,ENSMFAG00000045940
ENSMUSG00000028773,ENSMFAG00000031211
ENSMUSG00000028772,ENSMFAG00000039045
ENSMUSG00000023075,ENSMFAG00000038417
ENSMUSG00000043333,ENSMFAG00000033099
ENSMUSG00000026880,ENSMFAG00000034207
ENSMUSG00000041870,ENSMFAG00000036762
ENSMUSG00000028647,ENSMFAG00000062200
ENSMUSG00000028647,ENSMFAG00000021300
ENSMUSG00000061171,ENSMFAG00000003277
ENSMUSG00000020859,ENSMFAG00000035882
ENSMUSG00000028646,ENSMFAG00000032228
ENSMUSG00000003644,ENSMFAG00000044982
ENSMUSG00000057182,ENSMFAG00000045084
ENSMUSG00000039106,ENSMFAG00000046388
ENSMUSG00000075318,ENSMFAG00000033946
ENSMUSG00000118586,ENSMFAG00000042822
ENSMUSG00000045294,ENSMFAG00000038429
ENSMUSG00000039095,ENSMFAG00000049184
ENSMUSG00000044681,ENSMFAG00000040636
ENSMUSG00000018604,ENSMFAG00000039129
ENSMUSG00000034848,ENSMFAG00000044970
ENSMUSG00000018263,ENSMFAG00000044723
ENSMUSG00000054814,ENSMFAG00000041158
ENSMUSG00000049907,ENSMFAG00000037233
ENSMUSG00000064329,ENSMFAG00000031169
ENSMUSG00000012117,ENSMFAG00000033901
ENSMUSG00000034810,ENSMFAG00000012357
ENSMUSG00000027007,ENSMFAG00000035906
ENSMUSG00000019302,ENSMFAG00000009940
ENSMUSG00000050966,ENSMFAG00000048773
ENSMUSG00000012123,ENSMFAG00000039671
ENSMUSG00000000682,ENSMFAG00000041646
ENSMUSG00000050114,ENSMFAG00000030455
ENSMUSG00000027006,ENSMFAG00000033148
ENSMUSG00000012126,ENSMFAG00000002490
ENSMUSG00000028843,ENSMFAG00000031063
ENSMUSG00000037443,ENSMFAG00000045288
ENSMUSG00000059588,ENSMFAG00000044850
ENSMUSG00000020925,ENSMFAG00000059939
ENSMUSG00000027082,ENSMFAG00000016490
ENSMUSG00000075410,ENSMFAG00000028934
ENSMUSG00000033987,ENSMFAG00000002118
ENSMUSG00000048003,ENSMFAG00000037726
ENSMUSG00000034101,ENSMFAG00000031493
ENSMUSG00000028840,ENSMFAG00000044001
ENSMUSG00000086322,ENSMFAG00000036124
ENSMUSG00000070327,ENSMFAG00000002289
ENSMUSG00000108398,ENSMFAG00000023073
ENSMUSG00000050105,ENSMFAG00000053623
ENSMUSG00000050890,ENSMFAG00000056115
ENSMUSG00000039781,ENSMFAG00000041952
ENSMUSG00000028834,ENSMFAG00000031920
ENSMUSG00000028836,ENSMFAG00000003156
ENSMUSG00000028838,ENSMFAG00000031631
ENSMUSG00000045671,ENSMFAG00000031151
ENSMUSG00000037366,ENSMFAG00000037812
ENSMUSG00000034354,ENSMFAG00000003908
ENSMUSG00000028832,ENSMFAG00000041588
ENSMUSG00000037348,ENSMFAG00000029286
ENSMUSG00000078521,ENSMFAG00000041647
ENSMUSG00000046671,ENSMFAG00000037554
ENSMUSG00002075829,ENSMFAG00000016115
ENSMUSG00002075829,ENSMFAG00000015895
ENSMUSG00000034579,ENSMFAG00000030936
ENSMUSG00000034570,ENSMFAG00000032773
ENSMUSG00000050989,ENSMFAG00000036435
ENSMUSG00000075702,ENSMFAG00000038047
ENSMUSG00000020439,ENSMFAG00000040512
ENSMUSG00000066026,ENSMFAG00000044134
ENSMUSG00000020220,ENSMFAG00000044460
ENSMUSG00000014351,ENSMFAG00000045846
ENSMUSG00000028599,ENSMFAG00000043313
ENSMUSG00000006058,ENSMFAG00000000584
ENSMUSG00000028602,ENSMFAG00000041782
ENSMUSG00000014349,ENSMFAG00000045564
ENSMUSG00000006057,ENSMFAG00000035377
ENSMUSG00000028868,ENSMFAG00000001141
ENSMUSG00000064795,ENSMFAG00000058870
ENSMUSG00000064795,ENSMFAG00000021262
ENSMUSG00000006056,ENSMFAG00000000840
ENSMUSG00000038756,ENSMFAG00000035518
ENSMUSG00000049649,ENSMFAG00000026566
ENSMUSG00000028865,ENSMFAG00000032742
ENSMUSG00000028862,ENSMFAG00000039505
ENSMUSG00000046634,ENSMFAG00000031282
ENSMUSG00000020413,ENSMFAG00000000144
ENSMUSG00000028860,ENSMFAG00000002518
ENSMUSG00000027079,ENSMFAG00000046074
ENSMUSG00000040495,ENSMFAG00000021204
ENSMUSG00000027239,ENSMFAG00000000818
ENSMUSG00000040985,ENSMFAG00000031387
ENSMUSG00000028857,ENSMFAG00000003393
ENSMUSG00000040978,ENSMFAG00000033047
ENSMUSG00000040479,ENSMFAG00000032211
ENSMUSG00000037622,ENSMFAG00000040733
ENSMUSG00000028854,ENSMFAG00000037876
ENSMUSG00000020694,ENSMFAG00000036106
ENSMUSG00000027230,ENSMFAG00000031047
ENSMUSG00000058318,ENSMFAG00000043688
ENSMUSG00000020690,ENSMFAG00000040945
ENSMUSG00000040434,ENSMFAG00000002253
ENSMUSG00000020691,ENSMFAG00000007048
ENSMUSG00000020917,ENSMFAG00000001561
ENSMUSG00000006784,ENSMFAG00000003792
ENSMUSG00000006782,ENSMFAG00000000621
ENSMUSG00000027222,ENSMFAG00000002349
ENSMUSG00000014195,ENSMFAG00000031935
ENSMUSG00000044916,ENSMFAG00000056527
ENSMUSG00000027223,ENSMFAG00000045393
ENSMUSG00000012350,ENSMFAG00000029447
ENSMUSG00000017837,ENSMFAG00000031841
ENSMUSG00000014198,ENSMFAG00000044338
ENSMUSG00000027186,ENSMFAG00000046400
ENSMUSG00000017830,ENSMFAG00000034530
ENSMUSG00000027187,ENSMFAG00000000437
ENSMUSG00000020918,ENSMFAG00000040507
ENSMUSG00000032724,ENSMFAG00000001208
ENSMUSG00000019173,ENSMFAG00000039627
ENSMUSG00000074934,ENSMFAG00000065206
ENSMUSG00000023236,ENSMFAG00000032414
ENSMUSG00000023236,ENSMFAG00000003158
ENSMUSG00000035355,ENSMFAG00000003215
ENSMUSG00000041219,ENSMFAG00000032131
ENSMUSG00000045471,ENSMFAG00000052935
ENSMUSG00000017747,ENSMFAG00000001371
ENSMUSG00000027355,ENSMFAG00000045218
ENSMUSG00000020919,ENSMFAG00000032361
ENSMUSG00000027351,ENSMFAG00000051558
ENSMUSG00000027349,ENSMFAG00000016144
ENSMUSG00000004043,ENSMFAG00000020904
ENSMUSG00000027347,ENSMFAG00000030248
ENSMUSG00000027287,ENSMFAG00000039867
ENSMUSG00000004040,ENSMFAG00000040992
ENSMUSG00000027286,ENSMFAG00000043133
ENSMUSG00000027285,ENSMFAG00000043734
ENSMUSG00002075096,ENSMFAG00000012525
ENSMUSG00000027284,ENSMFAG00000045780
ENSMUSG00000004044,ENSMFAG00000052768
ENSMUSG00000020393,ENSMFAG00000035109
ENSMUSG00000041961,ENSMFAG00000059357
ENSMUSG00000090100,ENSMFAG00000001520
ENSMUSG00000020484,ENSMFAG00000035326
ENSMUSG00000020482,ENSMFAG00000053874
ENSMUSG00000020155,ENSMFAG00000002422
ENSMUSG00000002699,ENSMFAG00000040627
ENSMUSG00000027272,ENSMFAG00000046369
ENSMUSG00000047861,ENSMFAG00000013114
ENSMUSG00000020143,ENSMFAG00000000447
ENSMUSG00000054484,ENSMFAG00000044596
ENSMUSG00000069911,ENSMFAG00000043426
ENSMUSG00000069910,ENSMFAG00000026820
ENSMUSG00000037935,ENSMFAG00000042285
ENSMUSG00000037935,ENSMFAG00000044725
ENSMUSG00000023572,ENSMFAG00000031199
ENSMUSG00000035849,ENSMFAG00000035858
ENSMUSG00000020913,ENSMFAG00000039579
ENSMUSG00000035831,ENSMFAG00000037286
ENSMUSG00000075570,ENSMFAG00000001350
ENSMUSG00000017588,ENSMFAG00000039079
ENSMUSG00000055937,ENSMFAG00000040928
ENSMUSG00000023216,ENSMFAG00000043159
ENSMUSG00000019761,ENSMFAG00000038850
ENSMUSG00000020912,ENSMFAG00000003650
ENSMUSG00000035775,ENSMFAG00000003933
ENSMUSG00000006777,ENSMFAG00000038526
ENSMUSG00000053675,ENSMFAG00000041459
ENSMUSG00000064165,ENSMFAG00000033201
ENSMUSG00000059169,ENSMFAG00000044976
ENSMUSG00000079103,ENSMFAG00000038051
ENSMUSG00000047253,ENSMFAG00000056804
ENSMUSG00000047253,ENSMFAG00000046213
ENSMUSG00000047253,ENSMFAG00000036831
ENSMUSG00000047253,ENSMFAG00000001642
ENSMUSG00000075567,ENSMFAG00000031679
ENSMUSG00000078131,ENSMFAG00000031679
ENSMUSG00000049809,ENSMFAG00000031679
ENSMUSG00000089009,ENSMFAG00000016640
ENSMUSG00000057674,ENSMFAG00000031679
ENSMUSG00000027259,ENSMFAG00000026391
ENSMUSG00000058725,ENSMFAG00000031679
ENSMUSG00000060756,ENSMFAG00000031679
ENSMUSG00000088167,ENSMFAG00000005473
ENSMUSG00000088167,ENSMFAG00000005171
ENSMUSG00000062278,ENSMFAG00000031679
ENSMUSG00000056220,ENSMFAG00000043784
ENSMUSG00000045109,ENSMFAG00000000596
ENSMUSG00000045109,ENSMFAG00000002460
ENSMUSG00000078130,ENSMFAG00000000596
ENSMUSG00000078130,ENSMFAG00000002460
ENSMUSG00000119936,ENSMFAG00000065071
ENSMUSG00000078255,ENSMFAG00000031679
ENSMUSG00000078254,ENSMFAG00000057334
ENSMUSG00000078253,ENSMFAG00000055186
ENSMUSG00000035592,ENSMFAG00000008150
ENSMUSG00000035592,ENSMFAG00000022725
ENSMUSG00002076362,ENSMFAG00000064199
ENSMUSG00000050619,ENSMFAG00000000216
ENSMUSG00000032487,ENSMFAG00000029066
ENSMUSG00000057723,ENSMFAG00000008150
ENSMUSG00000057723,ENSMFAG00000022725
ENSMUSG00000043485,ENSMFAG00000038441
ENSMUSG00000027263,ENSMFAG00000033642
ENSMUSG00000048981,ENSMFAG00000008150
ENSMUSG00000048981,ENSMFAG00000022725
ENSMUSG00000020916,ENSMFAG00000038005
ENSMUSG00000044041,ENSMFAG00000032417
ENSMUSG00000006007,ENSMFAG00000001382
ENSMUSG00000006010,ENSMFAG00000033358
ENSMUSG00000020911,ENSMFAG00000003391
ENSMUSG00000051617,ENSMFAG00000044683
ENSMUSG00000053797,ENSMFAG00000039227
ENSMUSG00000043909,ENSMFAG00000002945
ENSMUSG00000035530,ENSMFAG00000046072
ENSMUSG00000035530,ENSMFAG00000039233
ENSMUSG00000017165,ENSMFAG00000054356
ENSMUSG00000006005,ENSMFAG00000032525
ENSMUSG00000001552,ENSMFAG00000034238
ENSMUSG00000006931,ENSMFAG00000004585
ENSMUSG00000035093,ENSMFAG00000001802
ENSMUSG00000001555,ENSMFAG00000044293
ENSMUSG00000017176,ENSMFAG00000001374
ENSMUSG00000027206,ENSMFAG00000003309
ENSMUSG00000027206,ENSMFAG00000003660
ENSMUSG00000006014,ENSMFAG00000045020
ENSMUSG00000001558,ENSMFAG00000036160
ENSMUSG00000048732,ENSMFAG00000002946
ENSMUSG00000020873,ENSMFAG00000025107
ENSMUSG00000027207,ENSMFAG00000000451
ENSMUSG00000066842,ENSMFAG00000037495
ENSMUSG00000057522,ENSMFAG00000000752
ENSMUSG00000046719,ENSMFAG00000041457
ENSMUSG00000027209,ENSMFAG00000035254
ENSMUSG00000000120,ENSMFAG00000044019
ENSMUSG00000038845,ENSMFAG00000032353
ENSMUSG00000038845,ENSMFAG00000042554
ENSMUSG00000027208,ENSMFAG00000064609
ENSMUSG00000118995,ENSMFAG00000059135
ENSMUSG00000023330,ENSMFAG00000058237
ENSMUSG00000075595,ENSMFAG00000039085
ENSMUSG00000060131,ENSMFAG00000034721
ENSMUSG00000050860,ENSMFAG00000041672
ENSMUSG00000018381,ENSMFAG00000062119
ENSMUSG00000038811,ENSMFAG00000001055
ENSMUSG00000027380,ENSMFAG00000036885
ENSMUSG00000013418,ENSMFAG00000003631
ENSMUSG00000032878,ENSMFAG00000044378
ENSMUSG00000068290,ENSMFAG00000037803
ENSMUSG00000119695,ENSMFAG00000004972
ENSMUSG00000076318,ENSMFAG00000015718
ENSMUSG00000065539,ENSMFAG00000005178
ENSMUSG00000020467,ENSMFAG00000044235
ENSMUSG00000074797,ENSMFAG00000047949
ENSMUSG00000074796,ENSMFAG00000044132
ENSMUSG00002075209,ENSMFAG00000051253
ENSMUSG00002075209,ENSMFAG00000064149
ENSMUSG00000065485,ENSMFAG00000018189
ENSMUSG00000039787,ENSMFAG00000001783
ENSMUSG00000026790,ENSMFAG00000001606
ENSMUSG00000102976,ENSMFAG00000003997
ENSMUSG00000073725,ENSMFAG00000028262
ENSMUSG00000033569,ENSMFAG00000003819
ENSMUSG00000004056,ENSMFAG00000003243
ENSMUSG00000084740,ENSMFAG00000004419
ENSMUSG00000019715,ENSMFAG00000036995
ENSMUSG00000004872,ENSMFAG00000032244
ENSMUSG00000057738,ENSMFAG00000044099
ENSMUSG00000007944,ENSMFAG00000035633
ENSMUSG00000032908,ENSMFAG00000063724
ENSMUSG00000026064,ENSMFAG00000046284
ENSMUSG00000026064,ENSMFAG00000029702
ENSMUSG00000026064,ENSMFAG00000011968
ENSMUSG00000117310,ENSMFAG00000046284
ENSMUSG00000117310,ENSMFAG00000029702
ENSMUSG00000117310,ENSMFAG00000011968
ENSMUSG00000047361,ENSMFAG00000043184
ENSMUSG00000026021,ENSMFAG00000045335
ENSMUSG00000026021,ENSMFAG00000025867
ENSMUSG00000026021,ENSMFAG00000037648
ENSMUSG00000026021,ENSMFAG00000038258
ENSMUSG00000026021,ENSMFAG00000030831
ENSMUSG00000026020,ENSMFAG00000036935
ENSMUSG00000077345,ENSMFAG00000021059
ENSMUSG00000077358,ENSMFAG00000062685
ENSMUSG00000089512,ENSMFAG00000028866
ENSMUSG00000089093,ENSMFAG00000006419
ENSMUSG00000089093,ENSMFAG00000006398
ENSMUSG00000067336,ENSMFAG00000032075
ENSMUSG00000041040,ENSMFAG00000045349
ENSMUSG00000026018,ENSMFAG00000046002
ENSMUSG00000026019,ENSMFAG00000044326
ENSMUSG00000026280,ENSMFAG00000039952
ENSMUSG00000026281,ENSMFAG00000040279
ENSMUSG00000026283,ENSMFAG00000035525
ENSMUSG00000073609,ENSMFAG00000041453
ENSMUSG00000094651,ENSMFAG00000049116
ENSMUSG00000093805,ENSMFAG00000049116
ENSMUSG00000073608,ENSMFAG00000049116
ENSMUSG00000034000,ENSMFAG00000001183
ENSMUSG00000051185,ENSMFAG00000032676
ENSMUSG00000040710,ENSMFAG00000033174
ENSMUSG00000039715,ENSMFAG00000042393
ENSMUSG00000054766,ENSMFAG00000002535
ENSMUSG00000054766,ENSMFAG00000045055
ENSMUSG00000045336,ENSMFAG00000052765
ENSMUSG00000045336,ENSMFAG00000065739
ENSMUSG00000045336,ENSMFAG00000048008
ENSMUSG00000045336,ENSMFAG00000059356
ENSMUSG00000038331,ENSMFAG00000035983
ENSMUSG00000038305,ENSMFAG00000003450
ENSMUSG00000015335,ENSMFAG00000002386
ENSMUSG00000039686,ENSMFAG00000040364
ENSMUSG00000036992,ENSMFAG00000065310
ENSMUSG00000027439,ENSMFAG00000042408
ENSMUSG00000027438,ENSMFAG00000012865
ENSMUSG00000054770,ENSMFAG00000037300
ENSMUSG00000055177,ENSMFAG00000057818
ENSMUSG00000036958,ENSMFAG00000038093
ENSMUSG00000027443,ENSMFAG00000032810
ENSMUSG00000026039,ENSMFAG00000041855
ENSMUSG00000027442,ENSMFAG00000033001
ENSMUSG00000036924,ENSMFAG00000061186
ENSMUSG00000027445,ENSMFAG00000045303
ENSMUSG00000027446,ENSMFAG00000045303
ENSMUSG00000027447,ENSMFAG00000062094
ENSMUSG00000068079,ENSMFAG00000044282
ENSMUSG00000074698,ENSMFAG00000039007
ENSMUSG00000038496,ENSMFAG00000003208
ENSMUSG00000026166,ENSMFAG00000044412
ENSMUSG00000027465,ENSMFAG00000012722
ENSMUSG00000053161,ENSMFAG00000030165
ENSMUSG00000027466,ENSMFAG00000042138
ENSMUSG00000032715,ENSMFAG00000040519
ENSMUSG00000059361,ENSMFAG00000035222
ENSMUSG00000051285,ENSMFAG00000005557
ENSMUSG00000074682,ENSMFAG00000044780
ENSMUSG00000032680,ENSMFAG00000034139
ENSMUSG00000074681,ENSMFAG00000029355
ENSMUSG00000049560,ENSMFAG00000003500
ENSMUSG00000027468,ENSMFAG00000034512
ENSMUSG00000027468,ENSMFAG00000044109
ENSMUSG00000027468,ENSMFAG00000059245
ENSMUSG00000027468,ENSMFAG00000055496
ENSMUSG00000027468,ENSMFAG00000064390
ENSMUSG00000027468,ENSMFAG00000061211
ENSMUSG00000027468,ENSMFAG00000002852
ENSMUSG00000074680,ENSMFAG00000055994
ENSMUSG00000074679,ENSMFAG00000029528
ENSMUSG00000044249,ENSMFAG00000018776
ENSMUSG00000056544,ENSMFAG00000051301
ENSMUSG00000050645,ENSMFAG00000043509
ENSMUSG00000062124,ENSMFAG00000060511
ENSMUSG00000044863,ENSMFAG00000031230
ENSMUSG00000074678,ENSMFAG00000030937
ENSMUSG00000000359,ENSMFAG00000042556
ENSMUSG00000025909,ENSMFAG00000034236
ENSMUSG00000019188,ENSMFAG00000038606
ENSMUSG00000026502,ENSMFAG00000032549
ENSMUSG00000059842,ENSMFAG00000045920
ENSMUSG00000038467,ENSMFAG00000040050
ENSMUSG00000038467,ENSMFAG00000031625
ENSMUSG00000074656,ENSMFAG00000037155
ENSMUSG00000026500,ENSMFAG00000039162
ENSMUSG00000039630,ENSMFAG00000037308
ENSMUSG00000017969,ENSMFAG00000033233
ENSMUSG00000017929,ENSMFAG00000037307
ENSMUSG00000039463,ENSMFAG00000002040
ENSMUSG00000026207,ENSMFAG00000037480
ENSMUSG00000008999,ENSMFAG00000032242
ENSMUSG00000005883,ENSMFAG00000031364
ENSMUSG00000027509,ENSMFAG00000043344
ENSMUSG00000027510,ENSMFAG00000043808
ENSMUSG00000070495,ENSMFAG00000037641
ENSMUSG00000033021,ENSMFAG00000041906
ENSMUSG00000002107,ENSMFAG00000033084
ENSMUSG00000033007,ENSMFAG00000045990
ENSMUSG00000005681,ENSMFAG00000031068
ENSMUSG00000058715,ENSMFAG00000043727
ENSMUSG00000013593,ENSMFAG00000008768
ENSMUSG00000013593,ENSMFAG00000033623
ENSMUSG00000006403,ENSMFAG00000000375
ENSMUSG00000038179,ENSMFAG00000005215
ENSMUSG00000015355,ENSMFAG00000042043
ENSMUSG00002075752,ENSMFAG00000014893
ENSMUSG00000002102,ENSMFAG00000003854
ENSMUSG00000119062,ENSMFAG00000057329
ENSMUSG00000015316,ENSMFAG00000035353
ENSMUSG00000002105,ENSMFAG00000003412
ENSMUSG00000050134,ENSMFAG00000064046
ENSMUSG00000049528,ENSMFAG00000064922
ENSMUSG00000046486,ENSMFAG00000050577
ENSMUSG00000051528,ENSMFAG00000054001
ENSMUSG00000026532,ENSMFAG00000029972
ENSMUSG00000027257,ENSMFAG00000039377
ENSMUSG00000050788,ENSMFAG00000052036
ENSMUSG00000079465,ENSMFAG00000040617
ENSMUSG00000027255,ENSMFAG00000030043
ENSMUSG00000026150,ENSMFAG00000000220
ENSMUSG00000040591,ENSMFAG00000038437
ENSMUSG00000026149,ENSMFAG00000034425
ENSMUSG00000036893,ENSMFAG00000030770
ENSMUSG00000026159,ENSMFAG00000042041
ENSMUSG00000026459,ENSMFAG00000043657
ENSMUSG00000026458,ENSMFAG00000000167
ENSMUSG00000035513,ENSMFAG00000045866
ENSMUSG00000042305,ENSMFAG00000034100
ENSMUSG00000050526,ENSMFAG00000059204
ENSMUSG00000026456,ENSMFAG00000000852
ENSMUSG00000017412,ENSMFAG00000044631
ENSMUSG00000036053,ENSMFAG00000000995
ENSMUSG00000026457,ENSMFAG00000007141
ENSMUSG00000026455,ENSMFAG00000031203
ENSMUSG00000042229,ENSMFAG00000037667
ENSMUSG00000046367,ENSMFAG00000054088
ENSMUSG00000042207,ENSMFAG00000017880
ENSMUSG00000075316,ENSMFAG00000034634
ENSMUSG00000027048,ENSMFAG00000037604
ENSMUSG00000026452,ENSMFAG00000042825
ENSMUSG00000073557,ENSMFAG00000003726
ENSMUSG00000030720,ENSMFAG00000039969
ENSMUSG00000026429,ENSMFAG00000042839
ENSMUSG00000039384,ENSMFAG00000035766
ENSMUSG00000044701,ENSMFAG00000033566
ENSMUSG00000038323,ENSMFAG00000032268
ENSMUSG00000030714,ENSMFAG00000038040
ENSMUSG00000048495,ENSMFAG00000004016
ENSMUSG00000030695,ENSMFAG00000031476
ENSMUSG00000030695,ENSMFAG00000044694
ENSMUSG00000025971,ENSMFAG00000045074
ENSMUSG00002076848,ENSMFAG00000014619
ENSMUSG00000045598,ENSMFAG00000033648
ENSMUSG00000054716,ENSMFAG00000036200
ENSMUSG00000042462,ENSMFAG00000002505
ENSMUSG00000049091,ENSMFAG00000045673
ENSMUSG00000030830,ENSMFAG00000003265
ENSMUSG00000056531,ENSMFAG00000033283
ENSMUSG00000047371,ENSMFAG00000000769
ENSMUSG00000078580,ENSMFAG00000001946
ENSMUSG00000078580,ENSMFAG00000003192
ENSMUSG00000027371,ENSMFAG00000033416
ENSMUSG00000029265,ENSMFAG00000036672
ENSMUSG00000029263,ENSMFAG00000033335
ENSMUSG00000079056,ENSMFAG00000042264
ENSMUSG00000099481,ENSMFAG00000049163
ENSMUSG00000029491,ENSMFAG00000039102
ENSMUSG00000027376,ENSMFAG00000043216
ENSMUSG00000050856,ENSMFAG00000052778
ENSMUSG00000029490,ENSMFAG00000044152
ENSMUSG00000034800,ENSMFAG00000039940
ENSMUSG00000070424,ENSMFAG00000038891
ENSMUSG00000027374,ENSMFAG00000043526
ENSMUSG00000030996,ENSMFAG00000003890
ENSMUSG00000025716,ENSMFAG00000040667
ENSMUSG00000063550,ENSMFAG00000045069
ENSMUSG00000026787,ENSMFAG00000042664
ENSMUSG00000002100,ENSMFAG00000041621
ENSMUSG00000030990,ENSMFAG00000036676
ENSMUSG00000040687,ENSMFAG00000039619
ENSMUSG00000073982,ENSMFAG00000006033
ENSMUSG00000038540,ENSMFAG00000034546
ENSMUSG00000046027,ENSMFAG00000031346
ENSMUSG00000001741,ENSMFAG00000032017
ENSMUSG00000011154,ENSMFAG00000039949
ENSMUSG00000038503,ENSMFAG00000060179
ENSMUSG00000052353,ENSMFAG00000031330
ENSMUSG00000038459,ENSMFAG00000053092
ENSMUSG00000049421,ENSMFAG00000056037
ENSMUSG00000074220,ENSMFAG00000043559
ENSMUSG00000037029,ENSMFAG00000063538
ENSMUSG00000074218,ENSMFAG00000037973
ENSMUSG00000001794,ENSMFAG00000036042
ENSMUSG00000001794,ENSMFAG00000007624
ENSMUSG00000045757,ENSMFAG00000001946
ENSMUSG00000045757,ENSMFAG00000003192
ENSMUSG00000048921,ENSMFAG00000033034
ENSMUSG00000030822,ENSMFAG00000037718
ENSMUSG00000042423,ENSMFAG00000002731
ENSMUSG00000053877,ENSMFAG00000032884
ENSMUSG00000002108,ENSMFAG00000002014
ENSMUSG00000065259,ENSMFAG00000022955
ENSMUSG00000030815,ENSMFAG00000004011
ENSMUSG00000002103,ENSMFAG00000000393
ENSMUSG00000057176,ENSMFAG00000035701
ENSMUSG00000030816,ENSMFAG00000032834
ENSMUSG00000002109,ENSMFAG00000031723
ENSMUSG00000045639,ENSMFAG00000038348
ENSMUSG00000027381,ENSMFAG00000039143
ENSMUSG00000030814,ENSMFAG00000032311
ENSMUSG00000027378,ENSMFAG00000043563
ENSMUSG00000042340,ENSMFAG00000064623
ENSMUSG00000035582,ENSMFAG00000003264
ENSMUSG00000030761,ENSMFAG00000044666
ENSMUSG00000034683,ENSMFAG00000037755
ENSMUSG00000059173,ENSMFAG00000034433
ENSMUSG00000027513,ENSMFAG00000043755
ENSMUSG00000027514,ENSMFAG00000030920
ENSMUSG00000038400,ENSMFAG00000049340
ENSMUSG00000025314,ENSMFAG00000003968
ENSMUSG00000026749,ENSMFAG00000043882
ENSMUSG00000026750,ENSMFAG00000002588
ENSMUSG00000027522,ENSMFAG00000034376
ENSMUSG00000039263,ENSMFAG00000041186
ENSMUSG00000035547,ENSMFAG00000043060
ENSMUSG00000027523,ENSMFAG00000056056
ENSMUSG00000144222,ENSMFAG00000040847
ENSMUSG00000144223,ENSMFAG00000040847
ENSMUSG00000074006,ENSMFAG00000049511
ENSMUSG00000030760,ENSMFAG00000041221
ENSMUSG00000049580,ENSMFAG00000024120
ENSMUSG00000038319,ENSMFAG00000036134
ENSMUSG00000028978,ENSMFAG00000001883
ENSMUSG00000074003,ENSMFAG00000049800
ENSMUSG00000090958,ENSMFAG00000039295
ENSMUSG00000028973,ENSMFAG00000037503
ENSMUSG00000035401,ENSMFAG00000041695
ENSMUSG00000038276,ENSMFAG00000001829
ENSMUSG00000028969,ENSMFAG00000002154
ENSMUSG00000028962,ENSMFAG00000002821
ENSMUSG00000030753,ENSMFAG00000033682
ENSMUSG00000015957,ENSMFAG00000043196
ENSMUSG00000035354,ENSMFAG00000001657
ENSMUSG00000028959,ENSMFAG00000041547
ENSMUSG00000030747,ENSMFAG00000042930
ENSMUSG00000026751,ENSMFAG00000044244
ENSMUSG00000052396,ENSMFAG00000032272
ENSMUSG00000055407,ENSMFAG00000064715
ENSMUSG00000027433,ENSMFAG00000038122
ENSMUSG00000028958,ENSMFAG00000045212
ENSMUSG00000070436,ENSMFAG00000043814
ENSMUSG00000023353,ENSMFAG00000034582
ENSMUSG00000035314,ENSMFAG00000043053
ENSMUSG00000067724,ENSMFAG00000036695
ENSMUSG00000027434,ENSMFAG00000044462
ENSMUSG00000037034,ENSMFAG00000044435
ENSMUSG00000035298,ENSMFAG00000031078
ENSMUSG00000027678,ENSMFAG00000037078
ENSMUSG00000030744,ENSMFAG00000001955
ENSMUSG00000029544,ENSMFAG00000031052
ENSMUSG00000064966,ENSMFAG00000029316
ENSMUSG00000065822,ENSMFAG00000019624
ENSMUSG00002076757,ENSMFAG00000059396
ENSMUSG00002076757,ENSMFAG00000059811
ENSMUSG00002076757,ENSMFAG00000065502
ENSMUSG00000060152,ENSMFAG00000045933
ENSMUSG00000041740,ENSMFAG00000041159
ENSMUSG00000018909,ENSMFAG00000042650
ENSMUSG00000006800,ENSMFAG00000035867
ENSMUSG00000027185,ENSMFAG00000041013
ENSMUSG00000065571,ENSMFAG00000035211
ENSMUSG00000041733,ENSMFAG00000038162
ENSMUSG00000020793,ENSMFAG00000041508
ENSMUSG00000065698,ENSMFAG00000013522
ENSMUSG00000020792,ENSMFAG00000000583
ENSMUSG00000030737,ENSMFAG00000042845
ENSMUSG00000009013,ENSMFAG00000030961
ENSMUSG00000027184,ENSMFAG00000038273
ENSMUSG00000073998,ENSMFAG00000015937
ENSMUSG00000073997,ENSMFAG00000035199
ENSMUSG00000035239,ENSMFAG00000034589
ENSMUSG00000030795,ENSMFAG00000031794
ENSMUSG00000029004,ENSMFAG00000045390
ENSMUSG00000037902,ENSMFAG00000040668
ENSMUSG00000037902,ENSMFAG00000041667
ENSMUSG00000037902,ENSMFAG00000042179
ENSMUSG00000052949,ENSMFAG00000000868
ENSMUSG00000030793,ENSMFAG00000033296
ENSMUSG00000042828,ENSMFAG00000035762
ENSMUSG00000030786,ENSMFAG00000031182
ENSMUSG00000105096,ENSMFAG00000032176
ENSMUSG00000050628,ENSMFAG00000056614
ENSMUSG00000027107,ENSMFAG00000042992
ENSMUSG00000104713,ENSMFAG00000032176
ENSMUSG00000056486,ENSMFAG00000002404
ENSMUSG00000092021,ENSMFAG00000032176
ENSMUSG00000070639,ENSMFAG00000026599
ENSMUSG00000054720,ENSMFAG00000031732
ENSMUSG00000005474,ENSMFAG00000040942
ENSMUSG00000030789,ENSMFAG00000032646
ENSMUSG00000068615,ENSMFAG00000036155
ENSMUSG00000068614,ENSMFAG00000039604
ENSMUSG00000040383,ENSMFAG00000030453
ENSMUSG00000040321,ENSMFAG00000030007
ENSMUSG00000075304,ENSMFAG00000053753
ENSMUSG00000030785,ENSMFAG00000042019
ENSMUSG00000075302,ENSMFAG00000045253
ENSMUSG00000042178,ENSMFAG00000043898
ENSMUSG00000030782,ENSMFAG00000041546
ENSMUSG00000070880,ENSMFAG00000045590
ENSMUSG00000029397,ENSMFAG00000036832
ENSMUSG00000014959,ENSMFAG00000045440
ENSMUSG00000029403,ENSMFAG00000043830
ENSMUSG00000030781,ENSMFAG00000002366
ENSMUSG00000029405,ENSMFAG00000044717
ENSMUSG00000070873,ENSMFAG00000044522
ENSMUSG00000070873,ENSMFAG00000041610
ENSMUSG00000070873,ENSMFAG00000040912
ENSMUSG00000070873,ENSMFAG00000043859
ENSMUSG00000070873,ENSMFAG00000003194
ENSMUSG00000040007,ENSMFAG00000031150
ENSMUSG00000062524,ENSMFAG00000044133
ENSMUSG00000078810,ENSMFAG00000042036
ENSMUSG00000020876,ENSMFAG00000001845
ENSMUSG00000008435,ENSMFAG00000032822
ENSMUSG00000018666,ENSMFAG00000036790
ENSMUSG00000006154,ENSMFAG00000000977
ENSMUSG00000038615,ENSMFAG00000035583
ENSMUSG00000018672,ENSMFAG00000045896
ENSMUSG00000037390,ENSMFAG00000052734
ENSMUSG00000065515,ENSMFAG00000020432
ENSMUSG00000018669,ENSMFAG00000046364
ENSMUSG00000032850,ENSMFAG00000033209
ENSMUSG00000047040,ENSMFAG00000030161
ENSMUSG00000018659,ENSMFAG00000039285
ENSMUSG00000018678,ENSMFAG00000038712
ENSMUSG00000032840,ENSMFAG00000055297
ENSMUSG00000038560,ENSMFAG00000030247
ENSMUSG00000020877,ENSMFAG00000030335
ENSMUSG00000020878,ENSMFAG00000031915
ENSMUSG00000001445,ENSMFAG00000002111
ENSMUSG00000035458,ENSMFAG00000042843
ENSMUSG00000038534,ENSMFAG00000001330
ENSMUSG00000018076,ENSMFAG00000035438
ENSMUSG00000055809,ENSMFAG00000043604
ENSMUSG00000004961,ENSMFAG00000002989
ENSMUSG00000048398,ENSMFAG00000031922
ENSMUSG00000015806,ENSMFAG00000039731
ENSMUSG00000034690,ENSMFAG00000042923
ENSMUSG00000049530,ENSMFAG00000031177
ENSMUSG00000039682,ENSMFAG00000000500
ENSMUSG00000034660,ENSMFAG00000036569
ENSMUSG00000058028,ENSMFAG00000044815
ENSMUSG00000015804,ENSMFAG00000058102
ENSMUSG00000053367,ENSMFAG00000043238
ENSMUSG00000015879,ENSMFAG00000002820
ENSMUSG00000054893,ENSMFAG00000037010
ENSMUSG00000030443,ENSMFAG00000025865
ENSMUSG00000015880,ENSMFAG00000000798
ENSMUSG00000029178,ENSMFAG00000040858
ENSMUSG00000002265,ENSMFAG00000062745
ENSMUSG00000051527,ENSMFAG00000041910
ENSMUSG00000044827,ENSMFAG00000029809
ENSMUSG00000051498,ENSMFAG00000002517
ENSMUSG00000092875,ENSMFAG00000014261
ENSMUSG00000066838,ENSMFAG00000042935
ENSMUSG00000061535,ENSMFAG00000025264
ENSMUSG00000039765,ENSMFAG00000035103
ENSMUSG00000078817,ENSMFAG00000044474
ENSMUSG00000039753,ENSMFAG00000043321
ENSMUSG00000068566,ENSMFAG00000030028
ENSMUSG00000078816,ENSMFAG00000042553
ENSMUSG00000069806,ENSMFAG00000000801
ENSMUSG00000029082,ENSMFAG00000043527
ENSMUSG00000053338,ENSMFAG00000045044
ENSMUSG00000029084,ENSMFAG00000034115
ENSMUSG00000060177,ENSMFAG00000002606
ENSMUSG00000060177,ENSMFAG00000039853
ENSMUSG00000060177,ENSMFAG00000042178
ENSMUSG00000038968,ENSMFAG00000002606
ENSMUSG00000038968,ENSMFAG00000039853
ENSMUSG00000038968,ENSMFAG00000042178
ENSMUSG00000063713,ENSMFAG00000002606
ENSMUSG00000063713,ENSMFAG00000039853
ENSMUSG00000063713,ENSMFAG00000042178
ENSMUSG00000066515,ENSMFAG00000002606
ENSMUSG00000066515,ENSMFAG00000039853
ENSMUSG00000066515,ENSMFAG00000042178
ENSMUSG00000048373,ENSMFAG00000056719
ENSMUSG00000066513,ENSMFAG00000002606
ENSMUSG00000066513,ENSMFAG00000039853
ENSMUSG00000066513,ENSMFAG00000042178
ENSMUSG00000029086,ENSMFAG00000043852
ENSMUSG00000066512,ENSMFAG00000002606
ENSMUSG00000066512,ENSMFAG00000039853
ENSMUSG00000066512,ENSMFAG00000042178
ENSMUSG00000063903,ENSMFAG00000002606
ENSMUSG00000063903,ENSMFAG00000039853
ENSMUSG00000063903,ENSMFAG00000042178
ENSMUSG00000020553,ENSMFAG00000000618
ENSMUSG00000069763,ENSMFAG00000049474
ENSMUSG00002076440,ENSMFAG00000007824
ENSMUSG00000003948,ENSMFAG00000000970
ENSMUSG00000003949,ENSMFAG00000032996
ENSMUSG00000020546,ENSMFAG00000001400
ENSMUSG00000080352,ENSMFAG00000058610
ENSMUSG00000118729,ENSMFAG00000055494
ENSMUSG00000118729,ENSMFAG00000065553
ENSMUSG00000119643,ENSMFAG00000055494
ENSMUSG00000119643,ENSMFAG00000065553
ENSMUSG00000080683,ENSMFAG00000055494
ENSMUSG00000080683,ENSMFAG00000065553
ENSMUSG00000004473,ENSMFAG00000038820
ENSMUSG00000020544,ENSMFAG00000003883
ENSMUSG00000020541,ENSMFAG00000044267
ENSMUSG00000046985,ENSMFAG00000033652
ENSMUSG00000030731,ENSMFAG00000045001
ENSMUSG00000029621,ENSMFAG00000003138
ENSMUSG00000038704,ENSMFAG00000040099
ENSMUSG00000029622,ENSMFAG00000046299
ENSMUSG00000038695,ENSMFAG00000044859
ENSMUSG00000018547,ENSMFAG00000035417
ENSMUSG00000018541,ENSMFAG00000002357
ENSMUSG00000029623,ENSMFAG00000003092
ENSMUSG00000038722,ENSMFAG00000035579
ENSMUSG00000018543,ENSMFAG00000032835
ENSMUSG00000071415,ENSMFAG00000065358
ENSMUSG00000071415,ENSMFAG00000043033
ENSMUSG00000008140,ENSMFAG00000000496
ENSMUSG00000064901,ENSMFAG00000010380
ENSMUSG00000038366,ENSMFAG00000040277
ENSMUSG00000029624,ENSMFAG00000041324
ENSMUSG00000051113,ENSMFAG00000037017
ENSMUSG00000029625,ENSMFAG00000001462
ENSMUSG00000038670,ENSMFAG00000001470
ENSMUSG00000070336,ENSMFAG00000037526
ENSMUSG00000017417,ENSMFAG00000032401
ENSMUSG00000008193,ENSMFAG00000065718
ENSMUSG00000038690,ENSMFAG00000036062
ENSMUSG00000038690,ENSMFAG00000058281
ENSMUSG00000038690,ENSMFAG00000013019
ENSMUSG00000029627,ENSMFAG00000045342
ENSMUSG00000020882,ENSMFAG00000002054
ENSMUSG00000055991,ENSMFAG00000037519
ENSMUSG00000007812,ENSMFAG00000037712
ENSMUSG00000070420,ENSMFAG00000046015
ENSMUSG00000004371,ENSMFAG00000029706
ENSMUSG00000070419,ENSMFAG00000053006
ENSMUSG00000070419,ENSMFAG00000039406
ENSMUSG00000070419,ENSMFAG00000047569
ENSMUSG00000070419,ENSMFAG00000062917
ENSMUSG00000013091,ENSMFAG00000031628
ENSMUSG00000038656,ENSMFAG00000053006
ENSMUSG00000038656,ENSMFAG00000039406
ENSMUSG00000038656,ENSMFAG00000047569
ENSMUSG00000038656,ENSMFAG00000062917
ENSMUSG00000030432,ENSMFAG00000043131
ENSMUSG00000017404,ENSMFAG00000035226
ENSMUSG00000060860,ENSMFAG00000001052
ENSMUSG00000036596,ENSMFAG00000045903
ENSMUSG00000017400,ENSMFAG00000045995
ENSMUSG00000029097,ENSMFAG00000025459
ENSMUSG00000052605,ENSMFAG00000009165
ENSMUSG00000029098,ENSMFAG00000037622
ENSMUSG00000085272,ENSMFAG00000063518
ENSMUSG00000025162,ENSMFAG00000041414
ENSMUSG00000030589,ENSMFAG00000040225
ENSMUSG00000025163,ENSMFAG00000035707
ENSMUSG00000029096,ENSMFAG00000033668
ENSMUSG00000039364,ENSMFAG00000046114
ENSMUSG00000025165,ENSMFAG00000046114
ENSMUSG00000036553,ENSMFAG00000049979
ENSMUSG00000039337,ENSMFAG00000051146
ENSMUSG00000039329,ENSMFAG00000051146
ENSMUSG00000047904,ENSMFAG00000030140
ENSMUSG00000018661,ENSMFAG00000018901
ENSMUSG00000041629,ENSMFAG00000052840
ENSMUSG00000041623,ENSMFAG00000046042
ENSMUSG00000030590,ENSMFAG00000031808
ENSMUSG00002076497,ENSMFAG00000011132
ENSMUSG00000000568,ENSMFAG00000031674
ENSMUSG00000041598,ENSMFAG00000056650
ENSMUSG00000037239,ENSMFAG00000031637
ENSMUSG00000042529,ENSMFAG00000030169
ENSMUSG00000010142,ENSMFAG00000052118
ENSMUSG00000010142,ENSMFAG00000044665
ENSMUSG00000030591,ENSMFAG00000032204
ENSMUSG00000042506,ENSMFAG00000000538
ENSMUSG00000049676,ENSMFAG00000046059
ENSMUSG00000019102,ENSMFAG00000043076
ENSMUSG00000010025,ENSMFAG00000032076
ENSMUSG00000029326,ENSMFAG00000032318
ENSMUSG00000029326,ENSMFAG00000000230
ENSMUSG00000029326,ENSMFAG00000062369
ENSMUSG00000050640,ENSMFAG00000047550
ENSMUSG00000046410,ENSMFAG00000032940
ENSMUSG00000010122,ENSMFAG00000002968
ENSMUSG00000029729,ENSMFAG00000030614
ENSMUSG00000030588,ENSMFAG00000034102
ENSMUSG00000037017,ENSMFAG00000042653
ENSMUSG00000030587,ENSMFAG00000042648
ENSMUSG00000074227,ENSMFAG00000044848
ENSMUSG00000037007,ENSMFAG00000001600
ENSMUSG00000010086,ENSMFAG00000042863
ENSMUSG00000019494,ENSMFAG00000041812
ENSMUSG00000037166,ENSMFAG00000040188
ENSMUSG00000030584,ENSMFAG00000042304
ENSMUSG00000029730,ENSMFAG00000043988
ENSMUSG00000042436,ENSMFAG00000040986
ENSMUSG00000001034,ENSMFAG00000041807
ENSMUSG00000030583,ENSMFAG00000037792
ENSMUSG00000065394,ENSMFAG00000036032
ENSMUSG00000065527,ENSMFAG00000007375
ENSMUSG00000065514,ENSMFAG00000010324
ENSMUSG00000019518,ENSMFAG00000040792
ENSMUSG00000036980,ENSMFAG00000004067
ENSMUSG00000001036,ENSMFAG00000046054
ENSMUSG00000049123,ENSMFAG00000046059
ENSMUSG00000063157,ENSMFAG00000040612
ENSMUSG00000004837,ENSMFAG00000033298
ENSMUSG00000042371,ENSMFAG00000003061
ENSMUSG00000047473,ENSMFAG00000041187
ENSMUSG00000042377,ENSMFAG00000044301
ENSMUSG00000020528,ENSMFAG00000038101
ENSMUSG00000121808,ENSMFAG00000062750
ENSMUSG00000121808,ENSMFAG00000039674
ENSMUSG00000037331,ENSMFAG00000031651
ENSMUSG00000038973,ENSMFAG00000039792
ENSMUSG00000004610,ENSMFAG00000000979
ENSMUSG00000086962,ENSMFAG00000031322
ENSMUSG00000013367,ENSMFAG00000036756
ENSMUSG00000020515,ENSMFAG00000002829
ENSMUSG00000037275,ENSMFAG00000032027
ENSMUSG00000002240,ENSMFAG00000045284
ENSMUSG00000009580,ENSMFAG00000044753
ENSMUSG00000108695,ENSMFAG00000000200
ENSMUSG00000105888,ENSMFAG00000057683
ENSMUSG00000001622,ENSMFAG00000032472
ENSMUSG00000007907,ENSMFAG00000053305
ENSMUSG00000030469,ENSMFAG00000056716
ENSMUSG00000020514,ENSMFAG00000001423
ENSMUSG00000055102,ENSMFAG00000012154
ENSMUSG00000030472,ENSMFAG00000032097
ENSMUSG00000030474,ENSMFAG00000047614
ENSMUSG00000030474,ENSMFAG00000045010
ENSMUSG00000044737,ENSMFAG00000038438
ENSMUSG00000037243,ENSMFAG00000039056
ENSMUSG00000054046,ENSMFAG00000000268
ENSMUSG00000054046,ENSMFAG00000042780
ENSMUSG00000044430,ENSMFAG00000039970
ENSMUSG00000013646,ENSMFAG00000002737
ENSMUSG00000067616,ENSMFAG00000032540
ENSMUSG00000013643,ENSMFAG00000000508
ENSMUSG00000030693,ENSMFAG00000044030
ENSMUSG00000013653,ENSMFAG00000040572
ENSMUSG00000047884,ENSMFAG00000033130
ENSMUSG00000058287,ENSMFAG00000040572
ENSMUSG00000052642,ENSMFAG00000047552
ENSMUSG00000064023,ENSMFAG00000007242
ENSMUSG00000050813,ENSMFAG00000057058
ENSMUSG00000058807,ENSMFAG00000031836
ENSMUSG00000050818,ENSMFAG00000031836
ENSMUSG00000064252,ENSMFAG00000031836
ENSMUSG00000057654,ENSMFAG00000031836
ENSMUSG00000059279,ENSMFAG00000031836
ENSMUSG00000060765,ENSMFAG00000031836
ENSMUSG00000037145,ENSMFAG00000040572
ENSMUSG00000074155,ENSMFAG00000004023
ENSMUSG00000043880,ENSMFAG00000044331
ENSMUSG00000006948,ENSMFAG00000002473
ENSMUSG00000037124,ENSMFAG00000061989
ENSMUSG00000063549,ENSMFAG00000020196
ENSMUSG00000055193,ENSMFAG00000043311
ENSMUSG00000107711,ENSMFAG00000002322
ENSMUSG00000064044,ENSMFAG00000002322
ENSMUSG00000108265,ENSMFAG00000002322
ENSMUSG00000063089,ENSMFAG00000002606
ENSMUSG00000063089,ENSMFAG00000039853
ENSMUSG00000063089,ENSMFAG00000042178
ENSMUSG00000060030,ENSMFAG00000020196
ENSMUSG00000107677,ENSMFAG00000002322
ENSMUSG00000063133,ENSMFAG00000002606
ENSMUSG00000063133,ENSMFAG00000039853
ENSMUSG00000063133,ENSMFAG00000042178
ENSMUSG00000059504,ENSMFAG00000064050
ENSMUSG00000059504,ENSMFAG00000063001
ENSMUSG00000049154,ENSMFAG00000032517
ENSMUSG00000059042,ENSMFAG00000002606
ENSMUSG00000059042,ENSMFAG00000039853
ENSMUSG00000059042,ENSMFAG00000042178
ENSMUSG00000044485,ENSMFAG00000002606
ENSMUSG00000044485,ENSMFAG00000039853
ENSMUSG00000044485,ENSMFAG00000042178
ENSMUSG00000053719,ENSMFAG00000002606
ENSMUSG00000053719,ENSMFAG00000039853
ENSMUSG00000053719,ENSMFAG00000042178
ENSMUSG00000037001,ENSMFAG00000043350
ENSMUSG00000082101,ENSMFAG00000037905
ENSMUSG00000065715,ENSMFAG00000029348
ENSMUSG00000018733,ENSMFAG00000039486
ENSMUSG00000030468,ENSMFAG00000036627
ENSMUSG00000030468,ENSMFAG00000003757
ENSMUSG00000030468,ENSMFAG00000047263
ENSMUSG00000035152,ENSMFAG00000032866
ENSMUSG00000118553,ENSMFAG00000040645
ENSMUSG00000118560,ENSMFAG00000032134
ENSMUSG00000004612,ENSMFAG00000035342
ENSMUSG00000052675,ENSMFAG00000035923
ENSMUSG00000050605,ENSMFAG00000029891
ENSMUSG00000020684,ENSMFAG00000059499
ENSMUSG00000074282,ENSMFAG00000050265
ENSMUSG00000020686,ENSMFAG00000046155
ENSMUSG00000035085,ENSMFAG00000055962
ENSMUSG00000055826,ENSMFAG00000046337
ENSMUSG00000030484,ENSMFAG00000042979
ENSMUSG00000020682,ENSMFAG00000003523
ENSMUSG00000054342,ENSMFAG00000038433
ENSMUSG00000002210,ENSMFAG00000040840
ENSMUSG00000020680,ENSMFAG00000041941
ENSMUSG00000046223,ENSMFAG00000044138
ENSMUSG00000054793,ENSMFAG00000030356
ENSMUSG00000064264,ENSMFAG00000034659
ENSMUSG00000051748,ENSMFAG00000057148
ENSMUSG00000000976,ENSMFAG00000060965
ENSMUSG00000000976,ENSMFAG00000029679
ENSMUSG00000011632,ENSMFAG00000030734
ENSMUSG00000051768,ENSMFAG00000040166
ENSMUSG00000040919,ENSMFAG00000002665
ENSMUSG00000066721,ENSMFAG00000061397
ENSMUSG00000060923,ENSMFAG00000045208
ENSMUSG00000074277,ENSMFAG00000033373
ENSMUSG00000040850,ENSMFAG00000003418
ENSMUSG00000057454,ENSMFAG00000049368
ENSMUSG00000043999,ENSMFAG00000064656
ENSMUSG00000020311,ENSMFAG00000032604
ENSMUSG00000020309,ENSMFAG00000040381
ENSMUSG00000020415,ENSMFAG00000036180
ENSMUSG00000020409,ENSMFAG00000002001
ENSMUSG00000044707,ENSMFAG00000002131
ENSMUSG00000020405,ENSMFAG00000002028
ENSMUSG00000034031,ENSMFAG00000011417
ENSMUSG00000018428,ENSMFAG00000042936
ENSMUSG00000020679,ENSMFAG00000030603
ENSMUSG00000020677,ENSMFAG00000000640
ENSMUSG00000034940,ENSMFAG00000044562
ENSMUSG00000018648,ENSMFAG00000010455
ENSMUSG00000018651,ENSMFAG00000046352
ENSMUSG00000018844,ENSMFAG00000000308
ENSMUSG00000020692,ENSMFAG00000037776
ENSMUSG00000018845,ENSMFAG00000036065
ENSMUSG00000054404,ENSMFAG00000034231
ENSMUSG00000069793,ENSMFAG00000000114
ENSMUSG00000035208,ENSMFAG00000000114
ENSMUSG00000072621,ENSMFAG00000000114
ENSMUSG00000072620,ENSMFAG00000050765
ENSMUSG00000072620,ENSMFAG00000001223
ENSMUSG00000108908,ENSMFAG00000056105
ENSMUSG00000026679,ENSMFAG00000003027
ENSMUSG00000048550,ENSMFAG00000064275
ENSMUSG00000027575,ENSMFAG00000045918
ENSMUSG00000016356,ENSMFAG00000001425
ENSMUSG00000038705,ENSMFAG00000053299
ENSMUSG00000027360,ENSMFAG00000000845
ENSMUSG00000027361,ENSMFAG00000004070
ENSMUSG00002075206,ENSMFAG00000014619
ENSMUSG00000027363,ENSMFAG00000033355
ENSMUSG00000027364,ENSMFAG00000043824
ENSMUSG00000027365,ENSMFAG00000031753
ENSMUSG00000027366,ENSMFAG00000036983
ENSMUSG00000001998,ENSMFAG00000045764
ENSMUSG00000001999,ENSMFAG00000036162
ENSMUSG00000034906,ENSMFAG00000045004
ENSMUSG00000042670,ENSMFAG00000030415
ENSMUSG00000016386,ENSMFAG00000045441
ENSMUSG00000001864,ENSMFAG00000000641
ENSMUSG00000001855,ENSMFAG00000042823
ENSMUSG00000050592,ENSMFAG00000038474
ENSMUSG00000051373,ENSMFAG00000042509
ENSMUSG00000039262,ENSMFAG00000002662
ENSMUSG00000119688,ENSMFAG00000061304
ENSMUSG00000119688,ENSMFAG00000057027
ENSMUSG00000119104,ENSMFAG00000061951
ENSMUSG00000039254,ENSMFAG00000038316
ENSMUSG00000002550,ENSMFAG00000005947
ENSMUSG00000044627,ENSMFAG00000031210
ENSMUSG00000044627,ENSMFAG00000023811
ENSMUSG00000002546,ENSMFAG00000031279
ENSMUSG00000002546,ENSMFAG00000045338
ENSMUSG00000002546,ENSMFAG00000046972
ENSMUSG00000002546,ENSMFAG00000065589
ENSMUSG00000002546,ENSMFAG00000057223
ENSMUSG00000002546,ENSMFAG00000059608
ENSMUSG00000002546,ENSMFAG00000049853
ENSMUSG00000002546,ENSMFAG00000055169
ENSMUSG00000002546,ENSMFAG00000053567
ENSMUSG00000002546,ENSMFAG00000050734
ENSMUSG00000002546,ENSMFAG00000053730
ENSMUSG00000002546,ENSMFAG00000049087
ENSMUSG00000002546,ENSMFAG00000003039
ENSMUSG00000002546,ENSMFAG00000048878
ENSMUSG00000002546,ENSMFAG00000041107
ENSMUSG00000002546,ENSMFAG00000058401
ENSMUSG00000002546,ENSMFAG00000044527
ENSMUSG00000002546,ENSMFAG00000063929
ENSMUSG00000002546,ENSMFAG00000058646
ENSMUSG00000002546,ENSMFAG00000049061
ENSMUSG00000002546,ENSMFAG00000062273
ENSMUSG00000002546,ENSMFAG00000031744
ENSMUSG00000002546,ENSMFAG00000048114
ENSMUSG00000026825,ENSMFAG00000030581
ENSMUSG00000092807,ENSMFAG00000013677
ENSMUSG00000026975,ENSMFAG00000002348
ENSMUSG00000036833,ENSMFAG00000034327
ENSMUSG00000118741,ENSMFAG00000054141
ENSMUSG00000089513,ENSMFAG00000035307
ENSMUSG00000036813,ENSMFAG00000002502
ENSMUSG00000036805,ENSMFAG00000030739
ENSMUSG00000078202,ENSMFAG00000054684
ENSMUSG00000078202,ENSMFAG00000064583
ENSMUSG00000078202,ENSMFAG00000065429
ENSMUSG00000013465,ENSMFAG00000057397
ENSMUSG00000013465,ENSMFAG00000001437
ENSMUSG00000036770,ENSMFAG00000042849
ENSMUSG00000026969,ENSMFAG00000033692
ENSMUSG00000036752,ENSMFAG00000021762
ENSMUSG00000006469,ENSMFAG00000040546
ENSMUSG00000089953,ENSMFAG00000001161
ENSMUSG00000036731,ENSMFAG00000040805
ENSMUSG00000006471,ENSMFAG00000039422
ENSMUSG00000078201,ENSMFAG00000060923
ENSMUSG00000026966,ENSMFAG00000003411
ENSMUSG00000026965,ENSMFAG00000039218
ENSMUSG00000026963,ENSMFAG00000037356
ENSMUSG00000026961,ENSMFAG00000059441
ENSMUSG00000026959,ENSMFAG00000030914
ENSMUSG00000089917,ENSMFAG00000001463
ENSMUSG00000000823,ENSMFAG00000003486
ENSMUSG00000002455,ENSMFAG00000037542
ENSMUSG00000038605,ENSMFAG00000035616
ENSMUSG00000108976,ENSMFAG00000055670
ENSMUSG00000046470,ENSMFAG00000061230
ENSMUSG00000059540,ENSMFAG00000039288
ENSMUSG00000002458,ENSMFAG00000032913
ENSMUSG00000045794,ENSMFAG00000064944
ENSMUSG00000027584,ENSMFAG00000001971
ENSMUSG00000010505,ENSMFAG00000041891
ENSMUSG00000027589,ENSMFAG00000064777
ENSMUSG00000038685,ENSMFAG00000043680
ENSMUSG00000038671,ENSMFAG00000001321
ENSMUSG00000027582,ENSMFAG00000001467
ENSMUSG00000090077,ENSMFAG00000038089
ENSMUSG00000027583,ENSMFAG00000042680
ENSMUSG00000000827,ENSMFAG00000032949
ENSMUSG00000000826,ENSMFAG00000001665
ENSMUSG00000027577,ENSMFAG00000000312
ENSMUSG00000016346,ENSMFAG00000042590
ENSMUSG00000016349,ENSMFAG00000041810
ENSMUSG00000084696,ENSMFAG00000014163
ENSMUSG00000016344,ENSMFAG00000039551
ENSMUSG00000038751,ENSMFAG00000042934
ENSMUSG00000027579,ENSMFAG00000039048
ENSMUSG00000027460,ENSMFAG00000041964
ENSMUSG00000027459,ENSMFAG00000060881
ENSMUSG00000027463,ENSMFAG00000042037
ENSMUSG00000032802,ENSMFAG00000055717
ENSMUSG00000027398,ENSMFAG00000043064
ENSMUSG00000043727,ENSMFAG00000000677
ENSMUSG00000044641,ENSMFAG00000007135
ENSMUSG00000051149,ENSMFAG00000042512
ENSMUSG00000078919,ENSMFAG00000036839
ENSMUSG00000074576,ENSMFAG00000060225
ENSMUSG00000055838,ENSMFAG00000058086
ENSMUSG00000027517,ENSMFAG00000003716
ENSMUSG00000014355,ENSMFAG00000037630
ENSMUSG00000014361,ENSMFAG00000032328
ENSMUSG00000014353,ENSMFAG00000000849
ENSMUSG00000027386,ENSMFAG00000015043
ENSMUSG00000027387,ENSMFAG00000031522
ENSMUSG00000042851,ENSMFAG00000036963
ENSMUSG00000079051,ENSMFAG00000056985
ENSMUSG00000027395,ENSMFAG00000032912
ENSMUSG00000037938,ENSMFAG00000044931
ENSMUSG00000027397,ENSMFAG00000006822
ENSMUSG00000048327,ENSMFAG00000028477
ENSMUSG00000027399,ENSMFAG00000004069
ENSMUSG00000077714,ENSMFAG00000030037
ENSMUSG00000027424,ENSMFAG00000002938
ENSMUSG00000037279,ENSMFAG00000021726
ENSMUSG00000027425,ENSMFAG00000049867
ENSMUSG00000098387,ENSMFAG00000058214
ENSMUSG00000037259,ENSMFAG00000041179
ENSMUSG00000027427,ENSMFAG00000002227
ENSMUSG00000027428,ENSMFAG00000058087
ENSMUSG00000027429,ENSMFAG00000041652
ENSMUSG00000074754,ENSMFAG00000052911
ENSMUSG00000027651,ENSMFAG00000033175
ENSMUSG00000037820,ENSMFAG00000042017
ENSMUSG00000037813,ENSMFAG00000043256
ENSMUSG00000052922,ENSMFAG00000035752
ENSMUSG00000016024,ENSMFAG00000033400
ENSMUSG00000064995,ENSMFAG00000040721
ENSMUSG00000082079,ENSMFAG00000040834
ENSMUSG00000027479,ENSMFAG00000007474
ENSMUSG00000044083,ENSMFAG00000006242
ENSMUSG00000027480,ENSMFAG00000035909
ENSMUSG00000027481,ENSMFAG00000040564
ENSMUSG00000068009,ENSMFAG00000036761
ENSMUSG00000068008,ENSMFAG00000042929
ENSMUSG00000074665,ENSMFAG00000030797
ENSMUSG00000042459,ENSMFAG00000032051
ENSMUSG00000027482,ENSMFAG00000002677
ENSMUSG00000027483,ENSMFAG00000041209
ENSMUSG00000027484,ENSMFAG00000041209
ENSMUSG00000027485,ENSMFAG00000036542
ENSMUSG00000026837,ENSMFAG00000035998
ENSMUSG00000026835,ENSMFAG00000002778
ENSMUSG00000026835,ENSMFAG00000001917
ENSMUSG00000026833,ENSMFAG00000000981
